ISO-10303-21;
HEADER;
/* Generated by software containing ST-Developer
 * from STEP Tools, Inc. (www.steptools.com) 
 */

FILE_DESCRIPTION(
/* description */ ('KiCad electronic assembly'),
/* implementation_level */ '2;1');

FILE_NAME(
/* name */ 'buddy-mcu-din-mount.step',
/* time_stamp */ '2026-04-24T18:16:40+02:00',
/* author */ (''),
/* organization */ (''),
/* preprocessor_version */ 'ST-DEVELOPER v20.1',
/* originating_system */ 'Autodesk Translation Framework v15.8.0.0',
/* authorisation */ '');

FILE_SCHEMA (('AUTOMOTIVE_DESIGN { 1 0 10303 214 3 1 1 }'));
ENDSEC;

DATA;
#10=MECHANICAL_DESIGN_GEOMETRIC_PRESENTATION_REPRESENTATION('',(#32,#33,
#34),#16511);
#11=SHAPE_REPRESENTATION_RELATIONSHIP('SRR','None',#16518,#12);
#12=ADVANCED_BREP_SHAPE_REPRESENTATION('',(#35,#36,#37),#16510);
#13=TOROIDAL_SURFACE('',#10275,8.75,5.);
#14=TOROIDAL_SURFACE('',#10296,8.75,5.);
#15=TOROIDAL_SURFACE('',#10302,6.,5.);
#16=TOROIDAL_SURFACE('',#10305,6.,5.);
#17=TOROIDAL_SURFACE('',#10311,6.,5.);
#18=TOROIDAL_SURFACE('',#10327,6.,5.);
#19=TOROIDAL_SURFACE('',#10330,6.,5.);
#20=TOROIDAL_SURFACE('',#10333,6.,5.);
#21=TOROIDAL_SURFACE('',#10336,6.,5.);
#22=ELLIPSE('',#10237,1.41421356237309,1.);
#23=ELLIPSE('',#10239,1.4142135623731,1.);
#24=ELLIPSE('',#10240,1.4142135623731,1.);
#25=ELLIPSE('',#10244,1.4142135623731,1.);
#26=ELLIPSE('',#10246,1.4142135623731,1.);
#27=ELLIPSE('',#10248,1.41421356237309,1.);
#28=ELLIPSE('',#10316,5.1503319793131,5.);
#29=ELLIPSE('',#10317,18.0054447584669,5.);
#30=ELLIPSE('',#10340,7.21378486011151,5.);
#31=ELLIPSE('',#10341,18.0054447584669,5.);
#32=STYLED_ITEM('',(#16527),#35);
#33=STYLED_ITEM('',(#16527),#36);
#34=STYLED_ITEM('',(#16527),#37);
#35=MANIFOLD_SOLID_BREP('Buddy board DIN mount (2)',#9495);
#36=MANIFOLD_SOLID_BREP('Buddy board DIN mount',#9496);
#37=MANIFOLD_SOLID_BREP('Buddy board fan mount 40mm',#9497);
#38=B_SPLINE_CURVE_WITH_KNOTS('',3,(#14256,#14257,#14258,#14259),
 .UNSPECIFIED.,.F.,.F.,(4,4),(-0.0715431729725688,0.),.UNSPECIFIED.);
#39=B_SPLINE_CURVE_WITH_KNOTS('',3,(#14271,#14272,#14273,#14274),
 .UNSPECIFIED.,.F.,.F.,(4,4),(-0.0715431729726843,0.),.UNSPECIFIED.);
#40=B_SPLINE_CURVE_WITH_KNOTS('',3,(#14538,#14539,#14540,#14541),
 .UNSPECIFIED.,.F.,.F.,(4,4),(-0.0808549339021309,0.),.UNSPECIFIED.);
#41=B_SPLINE_CURVE_WITH_KNOTS('',3,(#14602,#14603,#14604,#14605),
 .UNSPECIFIED.,.F.,.F.,(4,4),(0.432816721598622,0.499944834367165),
 .UNSPECIFIED.);
#42=B_SPLINE_CURVE_WITH_KNOTS('',3,(#14610,#14611,#14612,#14613,#14614,
#14615),.UNSPECIFIED.,.F.,.F.,(4,2,4),(1.80428586240253,1.87468768244949,
1.87524004091172),.UNSPECIFIED.);
#43=B_SPLINE_CURVE_WITH_KNOTS('',3,(#14618,#14619,#14620,#14621,#14622,
#14623),.UNSPECIFIED.,.F.,.F.,(4,2,4),(0.404054168471169,0.477867863053187,
0.542602790493614),.UNSPECIFIED.);
#44=B_SPLINE_CURVE_WITH_KNOTS('',3,(#14628,#14629,#14630,#14631,#14632,
#14633),.UNSPECIFIED.,.F.,.F.,(4,2,4),(0.257063238604275,0.321798166044706,
0.395611860626725),.UNSPECIFIED.);
#45=B_SPLINE_CURVE_WITH_KNOTS('',3,(#14634,#14635,#14636,#14637,#14638,
#14639),.UNSPECIFIED.,.F.,.F.,(4,2,4),(0.395611860626722,0.399833014548946,
0.40405416847117),.UNSPECIFIED.);
#46=B_SPLINE_CURVE_WITH_KNOTS('',3,(#15050,#15051,#15052,#15053),
 .UNSPECIFIED.,.F.,.F.,(4,4),(-0.0808549339021289,0.),.UNSPECIFIED.);
#47=B_SPLINE_CURVE_WITH_KNOTS('',3,(#15178,#15179,#15180,#15181),
 .UNSPECIFIED.,.F.,.F.,(4,4),(-0.0715431729730065,0.),.UNSPECIFIED.);
#48=B_SPLINE_CURVE_WITH_KNOTS('',3,(#15185,#15186,#15187,#15188),
 .UNSPECIFIED.,.F.,.F.,(4,4),(-0.0715431729727466,0.),.UNSPECIFIED.);
#49=B_SPLINE_CURVE_WITH_KNOTS('',3,(#15200,#15201,#15202,#15203),
 .UNSPECIFIED.,.F.,.F.,(4,4),(-0.0815243235564556,0.),.UNSPECIFIED.);
#50=B_SPLINE_CURVE_WITH_KNOTS('',3,(#15204,#15205,#15206,#15207),
 .UNSPECIFIED.,.F.,.F.,(4,4),(-0.0815243235564754,0.),.UNSPECIFIED.);
#51=B_SPLINE_CURVE_WITH_KNOTS('',3,(#15209,#15210,#15211,#15212),
 .UNSPECIFIED.,.F.,.F.,(4,4),(-0.0815243235566128,0.),.UNSPECIFIED.);
#52=B_SPLINE_CURVE_WITH_KNOTS('',3,(#15214,#15215,#15216,#15217),
 .UNSPECIFIED.,.F.,.F.,(4,4),(-0.0815243235567476,0.),.UNSPECIFIED.);
#53=B_SPLINE_CURVE_WITH_KNOTS('',3,(#15219,#15220,#15221,#15222),
 .UNSPECIFIED.,.F.,.F.,(4,4),(-0.0815243235564182,0.),.UNSPECIFIED.);
#54=B_SPLINE_CURVE_WITH_KNOTS('',3,(#15224,#15225,#15226,#15227),
 .UNSPECIFIED.,.F.,.F.,(4,4),(-0.081524323556437,0.),.UNSPECIFIED.);
#55=B_SPLINE_CURVE_WITH_KNOTS('',3,(#15229,#15230,#15231,#15232),
 .UNSPECIFIED.,.F.,.F.,(4,4),(-0.0815243235563668,0.),.UNSPECIFIED.);
#56=B_SPLINE_CURVE_WITH_KNOTS('',3,(#15236,#15237,#15238,#15239),
 .UNSPECIFIED.,.F.,.F.,(4,4),(-0.0764909547801543,0.),.UNSPECIFIED.);
#57=B_SPLINE_CURVE_WITH_KNOTS('',3,(#15243,#15244,#15245,#15246),
 .UNSPECIFIED.,.F.,.F.,(4,4),(-0.0764909547803524,0.),.UNSPECIFIED.);
#58=B_SPLINE_CURVE_WITH_KNOTS('',3,(#15249,#15250,#15251,#15252),
 .UNSPECIFIED.,.F.,.F.,(4,4),(-0.0815243235565101,0.),.UNSPECIFIED.);
#59=B_SPLINE_CURVE_WITH_KNOTS('',3,(#15576,#15577,#15578,#15579,#15580,
#15581),.UNSPECIFIED.,.F.,.F.,(4,2,4),(2.8594800229757,3.08109359583585,
3.35436705959797),.UNSPECIFIED.);
#60=B_SPLINE_CURVE_WITH_KNOTS('',3,(#15585,#15586,#15587,#15588,#15589,
#15590,#15591,#15592),.UNSPECIFIED.,.F.,.F.,(4,2,2,4),(0.,0.273273463762122,
0.546546927524243,0.662141315104152),.UNSPECIFIED.);
#61=B_SPLINE_CURVE_WITH_KNOTS('',3,(#15594,#15595,#15596,#15597,#15598,
#15599),.UNSPECIFIED.,.F.,.F.,(4,2,4),(4.14719100807858,4.26360768937492,
4.37071598071103),.UNSPECIFIED.);
#62=B_SPLINE_CURVE_WITH_KNOTS('',3,(#15602,#15603,#15604,#15605,#15606,
#15607,#15608,#15609,#15610,#15611),.UNSPECIFIED.,.F.,.F.,(4,2,2,2,4),(3.5099956022137,
3.5673733935872,3.70257894156373,3.86003787766125,3.89481366045536),
 .UNSPECIFIED.);
#63=B_SPLINE_CURVE_WITH_KNOTS('',3,(#15692,#15693,#15694,#15695,#15696,
#15697),.UNSPECIFIED.,.F.,.F.,(4,2,4),(2.3153858783949,2.3514644468236,
2.36243199513287),.UNSPECIFIED.);
#64=B_SPLINE_CURVE_WITH_KNOTS('',3,(#15699,#15700,#15701,#15702,#15703,
#15704),.UNSPECIFIED.,.F.,.F.,(4,2,4),(2.32840808564378,2.48609657632267,
2.50672597990567),.UNSPECIFIED.);
#65=B_SPLINE_CURVE_WITH_KNOTS('',3,(#15706,#15707,#15708,#15709,#15710,
#15711,#15712,#15713,#15714,#15715,#15716,#15717),.UNSPECIFIED.,.F.,.F.,
(4,2,2,2,2,4),(0.226965000382095,0.270470510640665,0.336527613484254,0.411817663491986,
0.519746480591044,0.577024003081052),.UNSPECIFIED.);
#66=B_SPLINE_CURVE_WITH_KNOTS('',3,(#15719,#15720,#15721,#15722,#15723,
#15724),.UNSPECIFIED.,.F.,.F.,(4,2,4),(3.03853576158627,3.08109359583585,
3.35436705959797),.UNSPECIFIED.);
#67=B_SPLINE_CURVE_WITH_KNOTS('',3,(#15727,#15728,#15729,#15730,#15731,
#15732,#15733,#15734,#15735,#15736),.UNSPECIFIED.,.F.,.F.,(4,2,2,2,4),(0.,
0.273273463762122,0.546546927524243,0.73908426777543,0.862725147330065),
 .UNSPECIFIED.);
#68=B_SPLINE_CURVE_WITH_KNOTS('',3,(#15750,#15751,#15752,#15753,#15754,
#15755),.UNSPECIFIED.,.F.,.F.,(4,2,4),(0.231947606338033,0.28546258443409,
0.325403642775977),.UNSPECIFIED.);
#69=B_SPLINE_CURVE_WITH_KNOTS('',3,(#15760,#15761,#15762,#15763,#15764,
#15765,#15766,#15767,#15768,#15769,#15770,#15771,#15772,#15773),
 .UNSPECIFIED.,.F.,.F.,(4,2,2,2,2,2,4),(-0.000969981425315847,0.,0.166119999594319,
0.251697459575942,0.340961154712365,0.433568027234037,0.452644418840639),
 .UNSPECIFIED.);
#70=B_SPLINE_CURVE_WITH_KNOTS('',3,(#15777,#15778,#15779,#15780,#15781,
#15782,#15783,#15784,#15785),.UNSPECIFIED.,.F.,.F.,(4,2,3,4),(4.69774647709439,
4.74144034976761,4.87802490534903,4.99143146159839),.UNSPECIFIED.);
#71=B_SPLINE_CURVE_WITH_KNOTS('',3,(#15789,#15790,#15791,#15792,#15793,
#15794),.UNSPECIFIED.,.F.,.F.,(4,2,4),(0.740978013865253,0.833993718172305,
0.877300581588553),.UNSPECIFIED.);
#72=B_SPLINE_CURVE_WITH_KNOTS('',3,(#15807,#15808,#15809,#15810,#15811,
#15812,#15813,#15814),.UNSPECIFIED.,.F.,.F.,(4,2,2,4),(3.50317274237722,
3.59721686422845,3.70071508869985,3.79198953220567),.UNSPECIFIED.);
#73=B_SPLINE_CURVE_WITH_KNOTS('',3,(#15818,#15819,#15820,#15821,#15822,
#15823,#15824,#15825,#15826,#15827,#15828,#15829,#15830,#15831,#15832,#15833),
 .UNSPECIFIED.,.F.,.F.,(4,2,2,2,2,2,2,4),(1.14114582538521,1.29105587059483,
1.43663957545473,1.57925798804013,1.71053961169625,1.85446945374109,1.85843489368552,
1.85880265530959),.UNSPECIFIED.);
#74=B_SPLINE_CURVE_WITH_KNOTS('',3,(#15869,#15870,#15871,#15872),
 .UNSPECIFIED.,.F.,.F.,(4,4),(0.492755331026321,0.512521536296444),
 .UNSPECIFIED.);
#75=B_SPLINE_CURVE_WITH_KNOTS('',3,(#15874,#15875,#15876,#15877,#15878,
#15879),.UNSPECIFIED.,.F.,.F.,(4,2,4),(1.75321626149887,1.77550212149718,
1.86228764889648),.UNSPECIFIED.);
#76=B_SPLINE_CURVE_WITH_KNOTS('',3,(#15881,#15882,#15883,#15884,#15885,
#15886,#15887,#15888,#15889,#15890),.UNSPECIFIED.,.F.,.F.,(4,2,2,2,4),(4.20687439625409,
4.22920835266967,4.32762968108716,4.41203413073911,4.45194541398474),
 .UNSPECIFIED.);
#77=B_SPLINE_CURVE_WITH_KNOTS('',3,(#15892,#15893,#15894,#15895,#15896,
#15897),.UNSPECIFIED.,.F.,.F.,(4,2,4),(2.74737737354338,2.82934619392133,
3.04861832086579),.UNSPECIFIED.);
#78=B_SPLINE_CURVE_WITH_KNOTS('',3,(#15902,#15903,#15904,#15905),
 .UNSPECIFIED.,.F.,.F.,(4,4),(0.463527480730672,0.480408517877185),
 .UNSPECIFIED.);
#79=B_SPLINE_CURVE_WITH_KNOTS('',3,(#15908,#15909,#15910,#15911,#15912,
#15913),.UNSPECIFIED.,.F.,.F.,(4,2,4),(0.281141860264473,0.315918468341145,
0.463527480730672),.UNSPECIFIED.);
#80=B_SPLINE_CURVE_WITH_KNOTS('',3,(#15920,#15921,#15922,#15923,#15924,
#15925),.UNSPECIFIED.,.F.,.F.,(4,2,4),(4.67086718588768,4.6945164691396,
4.70035355666869),.UNSPECIFIED.);
#81=B_SPLINE_CURVE_WITH_KNOTS('',3,(#15930,#15931,#15932,#15933,#15934,
#15935,#15936,#15937,#15938,#15939,#15940,#15941,#15942,#15943,#15944,#15945),
 .UNSPECIFIED.,.F.,.F.,(4,2,2,2,2,2,2,4),(-0.000969981389325988,0.,0.0104589574436042,
0.390077896896457,0.736336810380925,1.11249681822819,1.49647786646585,1.89186975703731),
 .UNSPECIFIED.);
#82=B_SPLINE_CURVE_WITH_KNOTS('',3,(#15946,#15947,#15948,#15949),
 .UNSPECIFIED.,.F.,.F.,(4,4),(5.02244998690234,5.13058142285484),
 .UNSPECIFIED.);
#83=B_SPLINE_CURVE_WITH_KNOTS('',3,(#15952,#15953,#15954,#15955,#15956,
#15957),.UNSPECIFIED.,.F.,.F.,(4,2,4),(4.70035355666869,4.84444168970688,
4.89662341332102),.UNSPECIFIED.);
#84=(
BOUNDED_CURVE()
B_SPLINE_CURVE(2,(#13561,#13562,#13563),.UNSPECIFIED.,.F.,.F.)
B_SPLINE_CURVE_WITH_KNOTS((3,3),(0.,0.0825993148057947),.UNSPECIFIED.)
CURVE()
GEOMETRIC_REPRESENTATION_ITEM()
RATIONAL_B_SPLINE_CURVE((1.,1.,1.))
REPRESENTATION_ITEM('')
);
#85=(
BOUNDED_CURVE()
B_SPLINE_CURVE(2,(#13567,#13568,#13569),.UNSPECIFIED.,.F.,.F.)
B_SPLINE_CURVE_WITH_KNOTS((3,3),(0.,0.0825993148057985),.UNSPECIFIED.)
CURVE()
GEOMETRIC_REPRESENTATION_ITEM()
RATIONAL_B_SPLINE_CURVE((1.,1.,1.))
REPRESENTATION_ITEM('')
);
#86=(
BOUNDED_CURVE()
B_SPLINE_CURVE(2,(#13573,#13574,#13575),.UNSPECIFIED.,.F.,.F.)
B_SPLINE_CURVE_WITH_KNOTS((3,3),(0.515996614611443,0.60915419453694),
 .UNSPECIFIED.)
CURVE()
GEOMETRIC_REPRESENTATION_ITEM()
RATIONAL_B_SPLINE_CURVE((1.03434547776562,1.02929088707402,1.02129172410234))
REPRESENTATION_ITEM('')
);
#87=(
BOUNDED_CURVE()
B_SPLINE_CURVE(2,(#13577,#13578,#13579),.UNSPECIFIED.,.F.,.F.)
B_SPLINE_CURVE_WITH_KNOTS((3,3),(0.103014359621887,0.196171939544945),
 .UNSPECIFIED.)
CURVE()
GEOMETRIC_REPRESENTATION_ITEM()
RATIONAL_B_SPLINE_CURVE((1.0212917241029,1.02929088707437,1.03434547776589))
REPRESENTATION_ITEM('')
);
#88=(
BOUNDED_CURVE()
B_SPLINE_CURVE(2,(#13580,#13581,#13582),.UNSPECIFIED.,.F.,.F.)
B_SPLINE_CURVE_WITH_KNOTS((3,3),(0.,0.0717432540483356),.UNSPECIFIED.)
CURVE()
GEOMETRIC_REPRESENTATION_ITEM()
RATIONAL_B_SPLINE_CURVE((1.,1.00183694586737,1.))
REPRESENTATION_ITEM('')
);
#89=(
BOUNDED_CURVE()
B_SPLINE_CURVE(2,(#13584,#13585,#13586),.UNSPECIFIED.,.F.,.F.)
B_SPLINE_CURVE_WITH_KNOTS((3,3),(0.,0.0717432540483401),.UNSPECIFIED.)
CURVE()
GEOMETRIC_REPRESENTATION_ITEM()
RATIONAL_B_SPLINE_CURVE((1.,1.00183694586095,1.))
REPRESENTATION_ITEM('')
);
#90=(
BOUNDED_CURVE()
B_SPLINE_CURVE(2,(#13590,#13591,#13592),.UNSPECIFIED.,.F.,.F.)
B_SPLINE_CURVE_WITH_KNOTS((3,3),(0.,0.0825993148057954),.UNSPECIFIED.)
CURVE()
GEOMETRIC_REPRESENTATION_ITEM()
RATIONAL_B_SPLINE_CURVE((1.,1.,1.))
REPRESENTATION_ITEM('')
);
#91=(
BOUNDED_CURVE()
B_SPLINE_CURVE(2,(#13596,#13597,#13598),.UNSPECIFIED.,.F.,.F.)
B_SPLINE_CURVE_WITH_KNOTS((3,3),(0.,0.0766264449399779),.UNSPECIFIED.)
CURVE()
GEOMETRIC_REPRESENTATION_ITEM()
RATIONAL_B_SPLINE_CURVE((1.,1.,1.))
REPRESENTATION_ITEM('')
);
#92=(
BOUNDED_CURVE()
B_SPLINE_CURVE(2,(#13841,#13842,#13843),.UNSPECIFIED.,.F.,.F.)
B_SPLINE_CURVE_WITH_KNOTS((3,3),(0.,0.0766264449399776),.UNSPECIFIED.)
CURVE()
GEOMETRIC_REPRESENTATION_ITEM()
RATIONAL_B_SPLINE_CURVE((1.,1.,1.))
REPRESENTATION_ITEM('')
);
#93=(
BOUNDED_CURVE()
B_SPLINE_CURVE(2,(#13845,#13846,#13847),.UNSPECIFIED.,.F.,.F.)
B_SPLINE_CURVE_WITH_KNOTS((3,3),(0.,0.0825993148042662),.UNSPECIFIED.)
CURVE()
GEOMETRIC_REPRESENTATION_ITEM()
RATIONAL_B_SPLINE_CURVE((1.,1.,1.))
REPRESENTATION_ITEM('')
);
#94=(
BOUNDED_CURVE()
B_SPLINE_CURVE(2,(#13851,#13852,#13853),.UNSPECIFIED.,.F.,.F.)
B_SPLINE_CURVE_WITH_KNOTS((3,3),(0.,0.0825993148058375),.UNSPECIFIED.)
CURVE()
GEOMETRIC_REPRESENTATION_ITEM()
RATIONAL_B_SPLINE_CURVE((1.,1.,1.))
REPRESENTATION_ITEM('')
);
#95=(
BOUNDED_CURVE()
B_SPLINE_CURVE(2,(#13856,#13857,#13858),.UNSPECIFIED.,.F.,.F.)
B_SPLINE_CURVE_WITH_KNOTS((3,3),(0.,0.0825993148042697),.UNSPECIFIED.)
CURVE()
GEOMETRIC_REPRESENTATION_ITEM()
RATIONAL_B_SPLINE_CURVE((1.,1.,1.))
REPRESENTATION_ITEM('')
);
#96=(
BOUNDED_CURVE()
B_SPLINE_CURVE(2,(#13861,#13862,#13863),.UNSPECIFIED.,.F.,.F.)
B_SPLINE_CURVE_WITH_KNOTS((3,3),(0.515996614598818,0.609154194520789),
 .UNSPECIFIED.)
CURVE()
GEOMETRIC_REPRESENTATION_ITEM()
RATIONAL_B_SPLINE_CURVE((1.03434547776267,1.02929088707144,1.02129172410042))
REPRESENTATION_ITEM('')
);
#97=(
BOUNDED_CURVE()
B_SPLINE_CURVE(2,(#13865,#13866,#13867),.UNSPECIFIED.,.F.,.F.)
B_SPLINE_CURVE_WITH_KNOTS((3,3),(0.103014359622059,0.196171939545311),
 .UNSPECIFIED.)
CURVE()
GEOMETRIC_REPRESENTATION_ITEM()
RATIONAL_B_SPLINE_CURVE((1.0212917241035,1.02929088707519,1.03434547776684))
REPRESENTATION_ITEM('')
);
#98=(
BOUNDED_CURVE()
B_SPLINE_CURVE(2,(#13868,#13869,#13870),.UNSPECIFIED.,.F.,.F.)
B_SPLINE_CURVE_WITH_KNOTS((3,3),(0.,0.071743254048392),.UNSPECIFIED.)
CURVE()
GEOMETRIC_REPRESENTATION_ITEM()
RATIONAL_B_SPLINE_CURVE((1.,1.00183694579996,1.))
REPRESENTATION_ITEM('')
);
#99=(
BOUNDED_CURVE()
B_SPLINE_CURVE(2,(#13872,#13873,#13874),.UNSPECIFIED.,.F.,.F.)
B_SPLINE_CURVE_WITH_KNOTS((3,3),(0.,0.0717432540462351),.UNSPECIFIED.)
CURVE()
GEOMETRIC_REPRESENTATION_ITEM()
RATIONAL_B_SPLINE_CURVE((1.,1.00183694581392,1.))
REPRESENTATION_ITEM('')
);
#100=(
BOUNDED_CURVE()
B_SPLINE_CURVE(2,(#13877,#13878,#13879),.UNSPECIFIED.,.F.,.F.)
B_SPLINE_CURVE_WITH_KNOTS((3,3),(0.,0.0825993148057966),.UNSPECIFIED.)
CURVE()
GEOMETRIC_REPRESENTATION_ITEM()
RATIONAL_B_SPLINE_CURVE((1.,1.,1.))
REPRESENTATION_ITEM('')
);
#101=(
BOUNDED_CURVE()
B_SPLINE_CURVE(2,(#13882,#13883,#13884),.UNSPECIFIED.,.F.,.F.)
B_SPLINE_CURVE_WITH_KNOTS((3,3),(0.,0.0825993148058324),.UNSPECIFIED.)
CURVE()
GEOMETRIC_REPRESENTATION_ITEM()
RATIONAL_B_SPLINE_CURVE((1.,1.,1.))
REPRESENTATION_ITEM('')
);
#102=(
BOUNDED_CURVE()
B_SPLINE_CURVE(2,(#13887,#13888,#13889),.UNSPECIFIED.,.F.,.F.)
B_SPLINE_CURVE_WITH_KNOTS((3,3),(0.515996614611596,0.609154194537084),
 .UNSPECIFIED.)
CURVE()
GEOMETRIC_REPRESENTATION_ITEM()
RATIONAL_B_SPLINE_CURVE((1.03434547776324,1.02929088707201,1.0212917241009))
REPRESENTATION_ITEM('')
);
#103=(
BOUNDED_CURVE()
B_SPLINE_CURVE(2,(#13891,#13892,#13893),.UNSPECIFIED.,.F.,.F.)
B_SPLINE_CURVE_WITH_KNOTS((3,3),(0.103014359622157,0.196171939545207),
 .UNSPECIFIED.)
CURVE()
GEOMETRIC_REPRESENTATION_ITEM()
RATIONAL_B_SPLINE_CURVE((1.02129172410199,1.02929088707309,1.03434547776437))
REPRESENTATION_ITEM('')
);
#104=(
BOUNDED_CURVE()
B_SPLINE_CURVE(2,(#13894,#13895,#13896),.UNSPECIFIED.,.F.,.F.)
B_SPLINE_CURVE_WITH_KNOTS((3,3),(0.,0.071743254048341),.UNSPECIFIED.)
CURVE()
GEOMETRIC_REPRESENTATION_ITEM()
RATIONAL_B_SPLINE_CURVE((1.,1.00183694578119,1.))
REPRESENTATION_ITEM('')
);
#105=(
BOUNDED_CURVE()
B_SPLINE_CURVE(2,(#13898,#13899,#13900),.UNSPECIFIED.,.F.,.F.)
B_SPLINE_CURVE_WITH_KNOTS((3,3),(0.,0.0717432540483892),.UNSPECIFIED.)
CURVE()
GEOMETRIC_REPRESENTATION_ITEM()
RATIONAL_B_SPLINE_CURVE((1.,1.00183694591371,1.))
REPRESENTATION_ITEM('')
);
#106=(
BOUNDED_CURVE()
B_SPLINE_CURVE(2,(#14652,#14653,#14654),.UNSPECIFIED.,.F.,.F.)
B_SPLINE_CURVE_WITH_KNOTS((3,3),(0.,0.0717432540483337),.UNSPECIFIED.)
CURVE()
GEOMETRIC_REPRESENTATION_ITEM()
RATIONAL_B_SPLINE_CURVE((1.,1.00183694579613,1.))
REPRESENTATION_ITEM('')
);
#107=(
BOUNDED_CURVE()
B_SPLINE_CURVE(2,(#14655,#14656,#14657),.UNSPECIFIED.,.F.,.F.)
B_SPLINE_CURVE_WITH_KNOTS((3,3),(0.515996614611311,0.60915419453681),
 .UNSPECIFIED.)
CURVE()
GEOMETRIC_REPRESENTATION_ITEM()
RATIONAL_B_SPLINE_CURVE((1.03434547776516,1.02929088707363,1.02129172410206))
REPRESENTATION_ITEM('')
);
#108=(
BOUNDED_CURVE()
B_SPLINE_CURVE(2,(#14662,#14663,#14664),.UNSPECIFIED.,.F.,.F.)
B_SPLINE_CURVE_WITH_KNOTS((3,3),(0.,0.0717432540462346),.UNSPECIFIED.)
CURVE()
GEOMETRIC_REPRESENTATION_ITEM()
RATIONAL_B_SPLINE_CURVE((1.,1.00183694562365,1.))
REPRESENTATION_ITEM('')
);
#109=(
BOUNDED_CURVE()
B_SPLINE_CURVE(2,(#14665,#14666,#14667),.UNSPECIFIED.,.F.,.F.)
B_SPLINE_CURVE_WITH_KNOTS((3,3),(0.103014359617604,0.19617193953727),
 .UNSPECIFIED.)
CURVE()
GEOMETRIC_REPRESENTATION_ITEM()
RATIONAL_B_SPLINE_CURVE((1.02129172410174,1.02929088707283,1.03434547776415))
REPRESENTATION_ITEM('')
);
#110=(
BOUNDED_CURVE()
B_SPLINE_CURVE(2,(#15548,#15549,#15550),.UNSPECIFIED.,.F.,.F.)
B_SPLINE_CURVE_WITH_KNOTS((3,3),(0.331571184145999,0.663142368291994),
 .UNSPECIFIED.)
CURVE()
GEOMETRIC_REPRESENTATION_ITEM()
RATIONAL_B_SPLINE_CURVE((1.,1.05475115548648,1.))
REPRESENTATION_ITEM('')
);
#111=(
BOUNDED_CURVE()
B_SPLINE_CURVE(2,(#15555,#15556,#15557),.UNSPECIFIED.,.F.,.F.)
B_SPLINE_CURVE_WITH_KNOTS((3,3),(0.,0.331571184145997),.UNSPECIFIED.)
CURVE()
GEOMETRIC_REPRESENTATION_ITEM()
RATIONAL_B_SPLINE_CURVE((1.,1.05475115548618,1.))
REPRESENTATION_ITEM('')
);
#112=FACE_BOUND('',#1107,.T.);
#113=FACE_BOUND('',#1111,.T.);
#114=FACE_BOUND('',#1115,.T.);
#115=FACE_BOUND('',#1119,.T.);
#116=FACE_BOUND('',#1121,.T.);
#117=FACE_BOUND('',#1126,.T.);
#118=FACE_BOUND('',#1127,.T.);
#119=FACE_BOUND('',#1128,.T.);
#120=FACE_BOUND('',#1129,.T.);
#121=FACE_BOUND('',#1130,.T.);
#122=FACE_BOUND('',#1131,.T.);
#123=FACE_BOUND('',#1132,.T.);
#124=FACE_BOUND('',#1133,.T.);
#125=FACE_BOUND('',#1134,.T.);
#126=FACE_BOUND('',#1135,.T.);
#127=FACE_BOUND('',#1136,.T.);
#128=FACE_BOUND('',#1137,.T.);
#129=FACE_BOUND('',#1138,.T.);
#130=FACE_BOUND('',#1139,.T.);
#131=FACE_BOUND('',#1140,.T.);
#132=FACE_BOUND('',#1141,.T.);
#133=FACE_BOUND('',#1142,.T.);
#134=FACE_BOUND('',#1143,.T.);
#135=FACE_BOUND('',#1335,.T.);
#136=FACE_BOUND('',#1336,.T.);
#137=FACE_BOUND('',#1337,.T.);
#138=FACE_BOUND('',#1338,.T.);
#139=FACE_BOUND('',#1339,.T.);
#140=FACE_BOUND('',#1340,.T.);
#141=FACE_BOUND('',#1341,.T.);
#142=FACE_BOUND('',#1342,.T.);
#143=FACE_BOUND('',#1343,.T.);
#144=FACE_BOUND('',#1344,.T.);
#145=FACE_BOUND('',#1345,.T.);
#146=FACE_BOUND('',#1346,.T.);
#147=FACE_BOUND('',#1347,.T.);
#148=FACE_BOUND('',#1348,.T.);
#149=FACE_BOUND('',#1349,.T.);
#150=FACE_BOUND('',#1350,.T.);
#151=FACE_BOUND('',#1351,.T.);
#152=FACE_BOUND('',#1352,.T.);
#153=FACE_BOUND('',#1353,.T.);
#154=FACE_BOUND('',#1354,.T.);
#155=FACE_BOUND('',#1355,.T.);
#156=FACE_BOUND('',#1356,.T.);
#157=FACE_BOUND('',#1357,.T.);
#158=FACE_BOUND('',#1539,.T.);
#159=FACE_BOUND('',#1541,.T.);
#160=FACE_BOUND('',#1543,.T.);
#161=FACE_BOUND('',#1545,.T.);
#162=FACE_BOUND('',#1563,.T.);
#163=FACE_BOUND('',#1566,.T.);
#164=FACE_BOUND('',#1572,.T.);
#165=FACE_BOUND('',#1593,.T.);
#166=FACE_BOUND('',#1596,.T.);
#167=FACE_BOUND('',#1625,.T.);
#168=FACE_BOUND('',#1626,.T.);
#169=FACE_BOUND('',#1627,.T.);
#170=FACE_BOUND('',#1628,.T.);
#171=FACE_BOUND('',#1629,.T.);
#172=FACE_BOUND('',#1630,.T.);
#173=FACE_BOUND('',#1631,.T.);
#174=FACE_BOUND('',#1693,.T.);
#175=FACE_BOUND('',#1700,.T.);
#176=FACE_BOUND('',#1707,.T.);
#177=FACE_BOUND('',#1714,.T.);
#178=PLANE('',#9518);
#179=PLANE('',#9528);
#180=PLANE('',#9537);
#181=PLANE('',#9546);
#182=PLANE('',#9548);
#183=PLANE('',#9551);
#184=PLANE('',#9552);
#185=PLANE('',#9553);
#186=PLANE('',#9554);
#187=PLANE('',#9628);
#188=PLANE('',#9629);
#189=PLANE('',#9630);
#190=PLANE('',#9631);
#191=PLANE('',#9632);
#192=PLANE('',#9635);
#193=PLANE('',#9638);
#194=PLANE('',#9641);
#195=PLANE('',#9646);
#196=PLANE('',#9649);
#197=PLANE('',#9652);
#198=PLANE('',#9655);
#199=PLANE('',#9662);
#200=PLANE('',#9667);
#201=PLANE('',#9670);
#202=PLANE('',#9671);
#203=PLANE('',#9678);
#204=PLANE('',#9685);
#205=PLANE('',#9688);
#206=PLANE('',#9695);
#207=PLANE('',#9696);
#208=PLANE('',#9699);
#209=PLANE('',#9702);
#210=PLANE('',#9705);
#211=PLANE('',#9708);
#212=PLANE('',#9711);
#213=PLANE('',#9714);
#214=PLANE('',#9717);
#215=PLANE('',#9720);
#216=PLANE('',#9723);
#217=PLANE('',#9730);
#218=PLANE('',#9735);
#219=PLANE('',#9740);
#220=PLANE('',#9743);
#221=PLANE('',#9746);
#222=PLANE('',#9749);
#223=PLANE('',#9752);
#224=PLANE('',#9755);
#225=PLANE('',#9758);
#226=PLANE('',#9761);
#227=PLANE('',#9764);
#228=PLANE('',#9769);
#229=PLANE('',#9772);
#230=PLANE('',#9777);
#231=PLANE('',#9780);
#232=PLANE('',#9783);
#233=PLANE('',#9786);
#234=PLANE('',#9795);
#235=PLANE('',#9798);
#236=PLANE('',#9799);
#237=PLANE('',#9802);
#238=PLANE('',#9805);
#239=PLANE('',#9808);
#240=PLANE('',#9811);
#241=PLANE('',#9812);
#242=PLANE('',#9815);
#243=PLANE('',#9818);
#244=PLANE('',#9821);
#245=PLANE('',#9824);
#246=PLANE('',#9825);
#247=PLANE('',#9828);
#248=PLANE('',#9831);
#249=PLANE('',#9834);
#250=PLANE('',#9839);
#251=PLANE('',#9842);
#252=PLANE('',#9843);
#253=PLANE('',#9846);
#254=PLANE('',#9849);
#255=PLANE('',#9852);
#256=PLANE('',#9859);
#257=PLANE('',#9862);
#258=PLANE('',#9865);
#259=PLANE('',#9868);
#260=PLANE('',#9871);
#261=PLANE('',#9911);
#262=PLANE('',#9920);
#263=PLANE('',#9923);
#264=PLANE('',#9929);
#265=PLANE('',#9930);
#266=PLANE('',#10004);
#267=PLANE('',#10008);
#268=PLANE('',#10015);
#269=PLANE('',#10019);
#270=PLANE('',#10023);
#271=PLANE('',#10025);
#272=PLANE('',#10028);
#273=PLANE('',#10030);
#274=PLANE('',#10034);
#275=PLANE('',#10036);
#276=PLANE('',#10038);
#277=PLANE('',#10041);
#278=PLANE('',#10044);
#279=PLANE('',#10046);
#280=PLANE('',#10048);
#281=PLANE('',#10051);
#282=PLANE('',#10054);
#283=PLANE('',#10058);
#284=PLANE('',#10059);
#285=PLANE('',#10062);
#286=PLANE('',#10064);
#287=PLANE('',#10066);
#288=PLANE('',#10069);
#289=PLANE('',#10071);
#290=PLANE('',#10072);
#291=PLANE('',#10074);
#292=PLANE('',#10077);
#293=PLANE('',#10080);
#294=PLANE('',#10083);
#295=PLANE('',#10085);
#296=PLANE('',#10089);
#297=PLANE('',#10094);
#298=PLANE('',#10097);
#299=PLANE('',#10099);
#300=PLANE('',#10101);
#301=PLANE('',#10105);
#302=PLANE('',#10109);
#303=PLANE('',#10113);
#304=PLANE('',#10116);
#305=PLANE('',#10118);
#306=PLANE('',#10120);
#307=PLANE('',#10122);
#308=PLANE('',#10125);
#309=PLANE('',#10127);
#310=PLANE('',#10129);
#311=PLANE('',#10163);
#312=PLANE('',#10165);
#313=PLANE('',#10167);
#314=PLANE('',#10174);
#315=PLANE('',#10175);
#316=PLANE('',#10178);
#317=PLANE('',#10180);
#318=PLANE('',#10182);
#319=PLANE('',#10184);
#320=PLANE('',#10185);
#321=PLANE('',#10188);
#322=PLANE('',#10193);
#323=PLANE('',#10196);
#324=PLANE('',#10198);
#325=PLANE('',#10199);
#326=PLANE('',#10205);
#327=PLANE('',#10208);
#328=PLANE('',#10213);
#329=PLANE('',#10220);
#330=PLANE('',#10230);
#331=PLANE('',#10231);
#332=PLANE('',#10232);
#333=PLANE('',#10233);
#334=PLANE('',#10234);
#335=PLANE('',#10235);
#336=PLANE('',#10241);
#337=PLANE('',#10242);
#338=PLANE('',#10243);
#339=PLANE('',#10249);
#340=PLANE('',#10250);
#341=PLANE('',#10252);
#342=PLANE('',#10253);
#343=PLANE('',#10254);
#344=PLANE('',#10258);
#345=PLANE('',#10261);
#346=PLANE('',#10262);
#347=PLANE('',#10266);
#348=PLANE('',#10272);
#349=PLANE('',#10273);
#350=PLANE('',#10274);
#351=PLANE('',#10278);
#352=PLANE('',#10318);
#353=PLANE('',#10322);
#354=PLANE('',#10326);
#355=PLANE('',#10344);
#356=PLANE('',#10349);
#357=PLANE('',#10353);
#358=PLANE('',#10371);
#359=PLANE('',#10376);
#360=PLANE('',#10377);
#361=PLANE('',#10378);
#362=PLANE('',#10388);
#363=PLANE('',#10395);
#364=PLANE('',#10401);
#365=PLANE('',#10402);
#366=PLANE('',#10406);
#367=PLANE('',#10455);
#368=PLANE('',#10462);
#369=PLANE('',#10463);
#370=PLANE('',#10468);
#371=PLANE('',#10473);
#372=PLANE('',#10478);
#373=PLANE('',#10479);
#374=PLANE('',#10483);
#375=PLANE('',#10484);
#376=PLANE('',#10489);
#377=PLANE('',#10493);
#378=PLANE('',#10494);
#379=PLANE('',#10497);
#380=PLANE('',#10498);
#381=PLANE('',#10500);
#382=PLANE('',#10502);
#383=PLANE('',#10505);
#384=PLANE('',#10507);
#385=PLANE('',#10510);
#386=PLANE('',#10511);
#387=PLANE('',#10512);
#388=PLANE('',#10513);
#389=PLANE('',#10514);
#390=PLANE('',#10515);
#391=PLANE('',#10516);
#392=PLANE('',#10518);
#393=PLANE('',#10519);
#394=PLANE('',#10520);
#395=PLANE('',#10521);
#396=PLANE('',#10522);
#397=PLANE('',#10523);
#398=PLANE('',#10525);
#399=PLANE('',#10526);
#400=PLANE('',#10527);
#401=PLANE('',#10528);
#402=PLANE('',#10529);
#403=PLANE('',#10530);
#404=PLANE('',#10532);
#405=PLANE('',#10533);
#406=PLANE('',#10534);
#407=PLANE('',#10535);
#408=PLANE('',#10536);
#409=PLANE('',#10537);
#410=PLANE('',#10539);
#411=PLANE('',#10541);
#412=PLANE('',#10543);
#413=PLANE('',#10545);
#414=PLANE('',#10549);
#415=PLANE('',#10551);
#416=PLANE('',#10552);
#417=PLANE('',#10555);
#418=CYLINDRICAL_SURFACE('',#9514,3.99999999999999);
#419=CYLINDRICAL_SURFACE('',#9524,3.99999999999999);
#420=CYLINDRICAL_SURFACE('',#9533,4.);
#421=CYLINDRICAL_SURFACE('',#9542,4.);
#422=CYLINDRICAL_SURFACE('',#9647,1.99999999999999);
#423=CYLINDRICAL_SURFACE('',#9650,1.99999999999999);
#424=CYLINDRICAL_SURFACE('',#9665,2.);
#425=CYLINDRICAL_SURFACE('',#9668,1.);
#426=CYLINDRICAL_SURFACE('',#9689,2.);
#427=CYLINDRICAL_SURFACE('',#9691,3.99999999999999);
#428=CYLINDRICAL_SURFACE('',#9693,2.);
#429=CYLINDRICAL_SURFACE('',#9712,2.);
#430=CYLINDRICAL_SURFACE('',#9715,2.);
#431=CYLINDRICAL_SURFACE('',#9731,3.99999999999999);
#432=CYLINDRICAL_SURFACE('',#9733,2.);
#433=CYLINDRICAL_SURFACE('',#9736,2.);
#434=CYLINDRICAL_SURFACE('',#9747,2.);
#435=CYLINDRICAL_SURFACE('',#9750,1.99999999999999);
#436=CYLINDRICAL_SURFACE('',#9762,2.);
#437=CYLINDRICAL_SURFACE('',#9775,2.00000000000001);
#438=CYLINDRICAL_SURFACE('',#9778,2.);
#439=CYLINDRICAL_SURFACE('',#9793,2.);
#440=CYLINDRICAL_SURFACE('',#9796,2.);
#441=CYLINDRICAL_SURFACE('',#9809,2.);
#442=CYLINDRICAL_SURFACE('',#9822,1.);
#443=CYLINDRICAL_SURFACE('',#9837,2.);
#444=CYLINDRICAL_SURFACE('',#9840,2.);
#445=CYLINDRICAL_SURFACE('',#9860,2.);
#446=CYLINDRICAL_SURFACE('',#9863,2.);
#447=CYLINDRICAL_SURFACE('',#9876,2.);
#448=CYLINDRICAL_SURFACE('',#9878,3.99999999999999);
#449=CYLINDRICAL_SURFACE('',#9880,2.);
#450=CYLINDRICAL_SURFACE('',#9884,3.00000000000001);
#451=CYLINDRICAL_SURFACE('',#9888,2.9);
#452=CYLINDRICAL_SURFACE('',#9893,2.9);
#453=CYLINDRICAL_SURFACE('',#9898,2.9);
#454=CYLINDRICAL_SURFACE('',#9903,2.9);
#455=CYLINDRICAL_SURFACE('',#9927,5.);
#456=CYLINDRICAL_SURFACE('',#9928,2.);
#457=CYLINDRICAL_SURFACE('',#10016,2.);
#458=CYLINDRICAL_SURFACE('',#10017,5.);
#459=CYLINDRICAL_SURFACE('',#10018,2.);
#460=CYLINDRICAL_SURFACE('',#10020,2.);
#461=CYLINDRICAL_SURFACE('',#10029,2.);
#462=CYLINDRICAL_SURFACE('',#10031,1.99999999999999);
#463=CYLINDRICAL_SURFACE('',#10045,2.);
#464=CYLINDRICAL_SURFACE('',#10047,2.);
#465=CYLINDRICAL_SURFACE('',#10049,2.);
#466=CYLINDRICAL_SURFACE('',#10057,1.);
#467=CYLINDRICAL_SURFACE('',#10070,2.);
#468=CYLINDRICAL_SURFACE('',#10088,1.);
#469=CYLINDRICAL_SURFACE('',#10104,2.);
#470=CYLINDRICAL_SURFACE('',#10106,2.);
#471=CYLINDRICAL_SURFACE('',#10107,4.);
#472=CYLINDRICAL_SURFACE('',#10128,4.);
#473=CYLINDRICAL_SURFACE('',#10133,1.6);
#474=CYLINDRICAL_SURFACE('',#10137,1.6);
#475=CYLINDRICAL_SURFACE('',#10141,1.6);
#476=CYLINDRICAL_SURFACE('',#10145,1.6);
#477=CYLINDRICAL_SURFACE('',#10149,2.);
#478=CYLINDRICAL_SURFACE('',#10153,2.);
#479=CYLINDRICAL_SURFACE('',#10157,2.);
#480=CYLINDRICAL_SURFACE('',#10161,2.);
#481=CYLINDRICAL_SURFACE('',#10183,1.99999999999999);
#482=CYLINDRICAL_SURFACE('',#10195,2.);
#483=CYLINDRICAL_SURFACE('',#10197,1.);
#484=CYLINDRICAL_SURFACE('',#10210,2.);
#485=CYLINDRICAL_SURFACE('',#10211,4.);
#486=CYLINDRICAL_SURFACE('',#10212,1.);
#487=CYLINDRICAL_SURFACE('',#10214,2.);
#488=CYLINDRICAL_SURFACE('',#10215,2.);
#489=CYLINDRICAL_SURFACE('',#10216,2.);
#490=CYLINDRICAL_SURFACE('',#10217,1.99999999999999);
#491=CYLINDRICAL_SURFACE('',#10218,2.);
#492=CYLINDRICAL_SURFACE('',#10219,2.);
#493=CYLINDRICAL_SURFACE('',#10221,2.);
#494=CYLINDRICAL_SURFACE('',#10222,2.);
#495=CYLINDRICAL_SURFACE('',#10223,3.99999999999999);
#496=CYLINDRICAL_SURFACE('',#10224,1.99999999999999);
#497=CYLINDRICAL_SURFACE('',#10225,2.);
#498=CYLINDRICAL_SURFACE('',#10236,1.);
#499=CYLINDRICAL_SURFACE('',#10245,1.);
#500=CYLINDRICAL_SURFACE('',#10259,3.99999999999999);
#501=CYLINDRICAL_SURFACE('',#10269,2.9);
#502=CYLINDRICAL_SURFACE('',#10270,1.6);
#503=CYLINDRICAL_SURFACE('',#10298,3.75);
#504=CYLINDRICAL_SURFACE('',#10308,5.);
#505=CYLINDRICAL_SURFACE('',#10315,5.);
#506=CYLINDRICAL_SURFACE('',#10324,1.);
#507=CYLINDRICAL_SURFACE('',#10339,5.);
#508=CYLINDRICAL_SURFACE('',#10351,3.75);
#509=CYLINDRICAL_SURFACE('',#10372,5.);
#510=CYLINDRICAL_SURFACE('',#10374,0.999999999999996);
#511=CYLINDRICAL_SURFACE('',#10396,1.);
#512=CYLINDRICAL_SURFACE('',#10397,5.);
#513=CYLINDRICAL_SURFACE('',#10399,1.);
#514=CYLINDRICAL_SURFACE('',#10435,1.6);
#515=CYLINDRICAL_SURFACE('',#10438,1.6);
#516=CYLINDRICAL_SURFACE('',#10441,1.5);
#517=CYLINDRICAL_SURFACE('',#10445,1.5);
#518=CYLINDRICAL_SURFACE('',#10449,1.5);
#519=CYLINDRICAL_SURFACE('',#10453,1.5);
#520=CYLINDRICAL_SURFACE('',#10499,10.);
#521=CYLINDRICAL_SURFACE('',#10501,20.);
#522=CYLINDRICAL_SURFACE('',#10503,4.00000000000002);
#523=CYLINDRICAL_SURFACE('',#10504,5.);
#524=CYLINDRICAL_SURFACE('',#10506,1.);
#525=CYLINDRICAL_SURFACE('',#10508,1.);
#526=CYLINDRICAL_SURFACE('',#10509,1.);
#527=CYLINDRICAL_SURFACE('',#10540,20.);
#528=CYLINDRICAL_SURFACE('',#10542,20.);
#529=CYLINDRICAL_SURFACE('',#10544,20.);
#530=CYLINDRICAL_SURFACE('',#10546,5.69331177550665);
#531=CYLINDRICAL_SURFACE('',#10547,20.);
#532=CYLINDRICAL_SURFACE('',#10548,4.00000000000002);
#533=CYLINDRICAL_SURFACE('',#10550,5.);
#534=CYLINDRICAL_SURFACE('',#10553,5.);
#535=CYLINDRICAL_SURFACE('',#10554,4.00000000000002);
#536=CYLINDRICAL_SURFACE('',#10556,2.);
#537=CYLINDRICAL_SURFACE('',#10557,5.);
#538=CYLINDRICAL_SURFACE('',#10558,1.);
#539=FACE_OUTER_BOUND('',#1104,.T.);
#540=FACE_OUTER_BOUND('',#1105,.T.);
#541=FACE_OUTER_BOUND('',#1106,.T.);
#542=FACE_OUTER_BOUND('',#1108,.T.);
#543=FACE_OUTER_BOUND('',#1109,.T.);
#544=FACE_OUTER_BOUND('',#1110,.T.);
#545=FACE_OUTER_BOUND('',#1112,.T.);
#546=FACE_OUTER_BOUND('',#1113,.T.);
#547=FACE_OUTER_BOUND('',#1114,.T.);
#548=FACE_OUTER_BOUND('',#1116,.T.);
#549=FACE_OUTER_BOUND('',#1117,.T.);
#550=FACE_OUTER_BOUND('',#1118,.T.);
#551=FACE_OUTER_BOUND('',#1120,.T.);
#552=FACE_OUTER_BOUND('',#1122,.T.);
#553=FACE_OUTER_BOUND('',#1123,.T.);
#554=FACE_OUTER_BOUND('',#1124,.T.);
#555=FACE_OUTER_BOUND('',#1125,.T.);
#556=FACE_OUTER_BOUND('',#1144,.T.);
#557=FACE_OUTER_BOUND('',#1145,.T.);
#558=FACE_OUTER_BOUND('',#1146,.T.);
#559=FACE_OUTER_BOUND('',#1147,.T.);
#560=FACE_OUTER_BOUND('',#1148,.T.);
#561=FACE_OUTER_BOUND('',#1149,.T.);
#562=FACE_OUTER_BOUND('',#1150,.T.);
#563=FACE_OUTER_BOUND('',#1151,.T.);
#564=FACE_OUTER_BOUND('',#1152,.T.);
#565=FACE_OUTER_BOUND('',#1153,.T.);
#566=FACE_OUTER_BOUND('',#1154,.T.);
#567=FACE_OUTER_BOUND('',#1155,.T.);
#568=FACE_OUTER_BOUND('',#1156,.T.);
#569=FACE_OUTER_BOUND('',#1157,.T.);
#570=FACE_OUTER_BOUND('',#1158,.T.);
#571=FACE_OUTER_BOUND('',#1159,.T.);
#572=FACE_OUTER_BOUND('',#1160,.T.);
#573=FACE_OUTER_BOUND('',#1161,.T.);
#574=FACE_OUTER_BOUND('',#1162,.T.);
#575=FACE_OUTER_BOUND('',#1163,.T.);
#576=FACE_OUTER_BOUND('',#1164,.T.);
#577=FACE_OUTER_BOUND('',#1165,.T.);
#578=FACE_OUTER_BOUND('',#1166,.T.);
#579=FACE_OUTER_BOUND('',#1167,.T.);
#580=FACE_OUTER_BOUND('',#1168,.T.);
#581=FACE_OUTER_BOUND('',#1169,.T.);
#582=FACE_OUTER_BOUND('',#1170,.T.);
#583=FACE_OUTER_BOUND('',#1171,.T.);
#584=FACE_OUTER_BOUND('',#1172,.T.);
#585=FACE_OUTER_BOUND('',#1173,.T.);
#586=FACE_OUTER_BOUND('',#1174,.T.);
#587=FACE_OUTER_BOUND('',#1175,.T.);
#588=FACE_OUTER_BOUND('',#1176,.T.);
#589=FACE_OUTER_BOUND('',#1177,.T.);
#590=FACE_OUTER_BOUND('',#1178,.T.);
#591=FACE_OUTER_BOUND('',#1179,.T.);
#592=FACE_OUTER_BOUND('',#1180,.T.);
#593=FACE_OUTER_BOUND('',#1181,.T.);
#594=FACE_OUTER_BOUND('',#1182,.T.);
#595=FACE_OUTER_BOUND('',#1183,.T.);
#596=FACE_OUTER_BOUND('',#1184,.T.);
#597=FACE_OUTER_BOUND('',#1185,.T.);
#598=FACE_OUTER_BOUND('',#1186,.T.);
#599=FACE_OUTER_BOUND('',#1187,.T.);
#600=FACE_OUTER_BOUND('',#1188,.T.);
#601=FACE_OUTER_BOUND('',#1189,.T.);
#602=FACE_OUTER_BOUND('',#1190,.T.);
#603=FACE_OUTER_BOUND('',#1191,.T.);
#604=FACE_OUTER_BOUND('',#1192,.T.);
#605=FACE_OUTER_BOUND('',#1193,.T.);
#606=FACE_OUTER_BOUND('',#1194,.T.);
#607=FACE_OUTER_BOUND('',#1195,.T.);
#608=FACE_OUTER_BOUND('',#1196,.T.);
#609=FACE_OUTER_BOUND('',#1197,.T.);
#610=FACE_OUTER_BOUND('',#1198,.T.);
#611=FACE_OUTER_BOUND('',#1199,.T.);
#612=FACE_OUTER_BOUND('',#1200,.T.);
#613=FACE_OUTER_BOUND('',#1201,.T.);
#614=FACE_OUTER_BOUND('',#1202,.T.);
#615=FACE_OUTER_BOUND('',#1203,.T.);
#616=FACE_OUTER_BOUND('',#1204,.T.);
#617=FACE_OUTER_BOUND('',#1205,.T.);
#618=FACE_OUTER_BOUND('',#1206,.T.);
#619=FACE_OUTER_BOUND('',#1207,.T.);
#620=FACE_OUTER_BOUND('',#1208,.T.);
#621=FACE_OUTER_BOUND('',#1209,.T.);
#622=FACE_OUTER_BOUND('',#1210,.T.);
#623=FACE_OUTER_BOUND('',#1211,.T.);
#624=FACE_OUTER_BOUND('',#1212,.T.);
#625=FACE_OUTER_BOUND('',#1213,.T.);
#626=FACE_OUTER_BOUND('',#1214,.T.);
#627=FACE_OUTER_BOUND('',#1215,.T.);
#628=FACE_OUTER_BOUND('',#1216,.T.);
#629=FACE_OUTER_BOUND('',#1217,.T.);
#630=FACE_OUTER_BOUND('',#1218,.T.);
#631=FACE_OUTER_BOUND('',#1219,.T.);
#632=FACE_OUTER_BOUND('',#1220,.T.);
#633=FACE_OUTER_BOUND('',#1221,.T.);
#634=FACE_OUTER_BOUND('',#1222,.T.);
#635=FACE_OUTER_BOUND('',#1223,.T.);
#636=FACE_OUTER_BOUND('',#1224,.T.);
#637=FACE_OUTER_BOUND('',#1225,.T.);
#638=FACE_OUTER_BOUND('',#1226,.T.);
#639=FACE_OUTER_BOUND('',#1227,.T.);
#640=FACE_OUTER_BOUND('',#1228,.T.);
#641=FACE_OUTER_BOUND('',#1229,.T.);
#642=FACE_OUTER_BOUND('',#1230,.T.);
#643=FACE_OUTER_BOUND('',#1231,.T.);
#644=FACE_OUTER_BOUND('',#1232,.T.);
#645=FACE_OUTER_BOUND('',#1233,.T.);
#646=FACE_OUTER_BOUND('',#1234,.T.);
#647=FACE_OUTER_BOUND('',#1235,.T.);
#648=FACE_OUTER_BOUND('',#1236,.T.);
#649=FACE_OUTER_BOUND('',#1237,.T.);
#650=FACE_OUTER_BOUND('',#1238,.T.);
#651=FACE_OUTER_BOUND('',#1239,.T.);
#652=FACE_OUTER_BOUND('',#1240,.T.);
#653=FACE_OUTER_BOUND('',#1241,.T.);
#654=FACE_OUTER_BOUND('',#1242,.T.);
#655=FACE_OUTER_BOUND('',#1243,.T.);
#656=FACE_OUTER_BOUND('',#1244,.T.);
#657=FACE_OUTER_BOUND('',#1245,.T.);
#658=FACE_OUTER_BOUND('',#1246,.T.);
#659=FACE_OUTER_BOUND('',#1247,.T.);
#660=FACE_OUTER_BOUND('',#1248,.T.);
#661=FACE_OUTER_BOUND('',#1249,.T.);
#662=FACE_OUTER_BOUND('',#1250,.T.);
#663=FACE_OUTER_BOUND('',#1251,.T.);
#664=FACE_OUTER_BOUND('',#1252,.T.);
#665=FACE_OUTER_BOUND('',#1253,.T.);
#666=FACE_OUTER_BOUND('',#1254,.T.);
#667=FACE_OUTER_BOUND('',#1255,.T.);
#668=FACE_OUTER_BOUND('',#1256,.T.);
#669=FACE_OUTER_BOUND('',#1257,.T.);
#670=FACE_OUTER_BOUND('',#1258,.T.);
#671=FACE_OUTER_BOUND('',#1259,.T.);
#672=FACE_OUTER_BOUND('',#1260,.T.);
#673=FACE_OUTER_BOUND('',#1261,.T.);
#674=FACE_OUTER_BOUND('',#1262,.T.);
#675=FACE_OUTER_BOUND('',#1263,.T.);
#676=FACE_OUTER_BOUND('',#1264,.T.);
#677=FACE_OUTER_BOUND('',#1265,.T.);
#678=FACE_OUTER_BOUND('',#1266,.T.);
#679=FACE_OUTER_BOUND('',#1267,.T.);
#680=FACE_OUTER_BOUND('',#1268,.T.);
#681=FACE_OUTER_BOUND('',#1269,.T.);
#682=FACE_OUTER_BOUND('',#1270,.T.);
#683=FACE_OUTER_BOUND('',#1271,.T.);
#684=FACE_OUTER_BOUND('',#1272,.T.);
#685=FACE_OUTER_BOUND('',#1273,.T.);
#686=FACE_OUTER_BOUND('',#1274,.T.);
#687=FACE_OUTER_BOUND('',#1275,.T.);
#688=FACE_OUTER_BOUND('',#1276,.T.);
#689=FACE_OUTER_BOUND('',#1277,.T.);
#690=FACE_OUTER_BOUND('',#1278,.T.);
#691=FACE_OUTER_BOUND('',#1279,.T.);
#692=FACE_OUTER_BOUND('',#1280,.T.);
#693=FACE_OUTER_BOUND('',#1281,.T.);
#694=FACE_OUTER_BOUND('',#1282,.T.);
#695=FACE_OUTER_BOUND('',#1283,.T.);
#696=FACE_OUTER_BOUND('',#1284,.T.);
#697=FACE_OUTER_BOUND('',#1285,.T.);
#698=FACE_OUTER_BOUND('',#1286,.T.);
#699=FACE_OUTER_BOUND('',#1287,.T.);
#700=FACE_OUTER_BOUND('',#1288,.T.);
#701=FACE_OUTER_BOUND('',#1289,.T.);
#702=FACE_OUTER_BOUND('',#1290,.T.);
#703=FACE_OUTER_BOUND('',#1291,.T.);
#704=FACE_OUTER_BOUND('',#1292,.T.);
#705=FACE_OUTER_BOUND('',#1293,.T.);
#706=FACE_OUTER_BOUND('',#1294,.T.);
#707=FACE_OUTER_BOUND('',#1295,.T.);
#708=FACE_OUTER_BOUND('',#1296,.T.);
#709=FACE_OUTER_BOUND('',#1297,.T.);
#710=FACE_OUTER_BOUND('',#1298,.T.);
#711=FACE_OUTER_BOUND('',#1299,.T.);
#712=FACE_OUTER_BOUND('',#1300,.T.);
#713=FACE_OUTER_BOUND('',#1301,.T.);
#714=FACE_OUTER_BOUND('',#1302,.T.);
#715=FACE_OUTER_BOUND('',#1303,.T.);
#716=FACE_OUTER_BOUND('',#1304,.T.);
#717=FACE_OUTER_BOUND('',#1305,.T.);
#718=FACE_OUTER_BOUND('',#1306,.T.);
#719=FACE_OUTER_BOUND('',#1307,.T.);
#720=FACE_OUTER_BOUND('',#1308,.T.);
#721=FACE_OUTER_BOUND('',#1309,.T.);
#722=FACE_OUTER_BOUND('',#1310,.T.);
#723=FACE_OUTER_BOUND('',#1311,.T.);
#724=FACE_OUTER_BOUND('',#1312,.T.);
#725=FACE_OUTER_BOUND('',#1313,.T.);
#726=FACE_OUTER_BOUND('',#1314,.T.);
#727=FACE_OUTER_BOUND('',#1315,.T.);
#728=FACE_OUTER_BOUND('',#1316,.T.);
#729=FACE_OUTER_BOUND('',#1317,.T.);
#730=FACE_OUTER_BOUND('',#1318,.T.);
#731=FACE_OUTER_BOUND('',#1319,.T.);
#732=FACE_OUTER_BOUND('',#1320,.T.);
#733=FACE_OUTER_BOUND('',#1321,.T.);
#734=FACE_OUTER_BOUND('',#1322,.T.);
#735=FACE_OUTER_BOUND('',#1323,.T.);
#736=FACE_OUTER_BOUND('',#1324,.T.);
#737=FACE_OUTER_BOUND('',#1325,.T.);
#738=FACE_OUTER_BOUND('',#1326,.T.);
#739=FACE_OUTER_BOUND('',#1327,.T.);
#740=FACE_OUTER_BOUND('',#1328,.T.);
#741=FACE_OUTER_BOUND('',#1329,.T.);
#742=FACE_OUTER_BOUND('',#1330,.T.);
#743=FACE_OUTER_BOUND('',#1331,.T.);
#744=FACE_OUTER_BOUND('',#1332,.T.);
#745=FACE_OUTER_BOUND('',#1333,.T.);
#746=FACE_OUTER_BOUND('',#1334,.T.);
#747=FACE_OUTER_BOUND('',#1358,.T.);
#748=FACE_OUTER_BOUND('',#1359,.T.);
#749=FACE_OUTER_BOUND('',#1360,.T.);
#750=FACE_OUTER_BOUND('',#1361,.T.);
#751=FACE_OUTER_BOUND('',#1362,.T.);
#752=FACE_OUTER_BOUND('',#1363,.T.);
#753=FACE_OUTER_BOUND('',#1364,.T.);
#754=FACE_OUTER_BOUND('',#1365,.T.);
#755=FACE_OUTER_BOUND('',#1366,.T.);
#756=FACE_OUTER_BOUND('',#1367,.T.);
#757=FACE_OUTER_BOUND('',#1368,.T.);
#758=FACE_OUTER_BOUND('',#1369,.T.);
#759=FACE_OUTER_BOUND('',#1370,.T.);
#760=FACE_OUTER_BOUND('',#1371,.T.);
#761=FACE_OUTER_BOUND('',#1372,.T.);
#762=FACE_OUTER_BOUND('',#1373,.T.);
#763=FACE_OUTER_BOUND('',#1374,.T.);
#764=FACE_OUTER_BOUND('',#1375,.T.);
#765=FACE_OUTER_BOUND('',#1376,.T.);
#766=FACE_OUTER_BOUND('',#1377,.T.);
#767=FACE_OUTER_BOUND('',#1378,.T.);
#768=FACE_OUTER_BOUND('',#1379,.T.);
#769=FACE_OUTER_BOUND('',#1380,.T.);
#770=FACE_OUTER_BOUND('',#1381,.T.);
#771=FACE_OUTER_BOUND('',#1382,.T.);
#772=FACE_OUTER_BOUND('',#1383,.T.);
#773=FACE_OUTER_BOUND('',#1384,.T.);
#774=FACE_OUTER_BOUND('',#1385,.T.);
#775=FACE_OUTER_BOUND('',#1386,.T.);
#776=FACE_OUTER_BOUND('',#1387,.T.);
#777=FACE_OUTER_BOUND('',#1388,.T.);
#778=FACE_OUTER_BOUND('',#1389,.T.);
#779=FACE_OUTER_BOUND('',#1390,.T.);
#780=FACE_OUTER_BOUND('',#1391,.T.);
#781=FACE_OUTER_BOUND('',#1392,.T.);
#782=FACE_OUTER_BOUND('',#1393,.T.);
#783=FACE_OUTER_BOUND('',#1394,.T.);
#784=FACE_OUTER_BOUND('',#1395,.T.);
#785=FACE_OUTER_BOUND('',#1396,.T.);
#786=FACE_OUTER_BOUND('',#1397,.T.);
#787=FACE_OUTER_BOUND('',#1398,.T.);
#788=FACE_OUTER_BOUND('',#1399,.T.);
#789=FACE_OUTER_BOUND('',#1400,.T.);
#790=FACE_OUTER_BOUND('',#1401,.T.);
#791=FACE_OUTER_BOUND('',#1402,.T.);
#792=FACE_OUTER_BOUND('',#1403,.T.);
#793=FACE_OUTER_BOUND('',#1404,.T.);
#794=FACE_OUTER_BOUND('',#1405,.T.);
#795=FACE_OUTER_BOUND('',#1406,.T.);
#796=FACE_OUTER_BOUND('',#1407,.T.);
#797=FACE_OUTER_BOUND('',#1408,.T.);
#798=FACE_OUTER_BOUND('',#1409,.T.);
#799=FACE_OUTER_BOUND('',#1410,.T.);
#800=FACE_OUTER_BOUND('',#1411,.T.);
#801=FACE_OUTER_BOUND('',#1412,.T.);
#802=FACE_OUTER_BOUND('',#1413,.T.);
#803=FACE_OUTER_BOUND('',#1414,.T.);
#804=FACE_OUTER_BOUND('',#1415,.T.);
#805=FACE_OUTER_BOUND('',#1416,.T.);
#806=FACE_OUTER_BOUND('',#1417,.T.);
#807=FACE_OUTER_BOUND('',#1418,.T.);
#808=FACE_OUTER_BOUND('',#1419,.T.);
#809=FACE_OUTER_BOUND('',#1420,.T.);
#810=FACE_OUTER_BOUND('',#1421,.T.);
#811=FACE_OUTER_BOUND('',#1422,.T.);
#812=FACE_OUTER_BOUND('',#1423,.T.);
#813=FACE_OUTER_BOUND('',#1424,.T.);
#814=FACE_OUTER_BOUND('',#1425,.T.);
#815=FACE_OUTER_BOUND('',#1426,.T.);
#816=FACE_OUTER_BOUND('',#1427,.T.);
#817=FACE_OUTER_BOUND('',#1428,.T.);
#818=FACE_OUTER_BOUND('',#1429,.T.);
#819=FACE_OUTER_BOUND('',#1430,.T.);
#820=FACE_OUTER_BOUND('',#1431,.T.);
#821=FACE_OUTER_BOUND('',#1432,.T.);
#822=FACE_OUTER_BOUND('',#1433,.T.);
#823=FACE_OUTER_BOUND('',#1434,.T.);
#824=FACE_OUTER_BOUND('',#1435,.T.);
#825=FACE_OUTER_BOUND('',#1436,.T.);
#826=FACE_OUTER_BOUND('',#1437,.T.);
#827=FACE_OUTER_BOUND('',#1438,.T.);
#828=FACE_OUTER_BOUND('',#1439,.T.);
#829=FACE_OUTER_BOUND('',#1440,.T.);
#830=FACE_OUTER_BOUND('',#1441,.T.);
#831=FACE_OUTER_BOUND('',#1442,.T.);
#832=FACE_OUTER_BOUND('',#1443,.T.);
#833=FACE_OUTER_BOUND('',#1444,.T.);
#834=FACE_OUTER_BOUND('',#1445,.T.);
#835=FACE_OUTER_BOUND('',#1446,.T.);
#836=FACE_OUTER_BOUND('',#1447,.T.);
#837=FACE_OUTER_BOUND('',#1448,.T.);
#838=FACE_OUTER_BOUND('',#1449,.T.);
#839=FACE_OUTER_BOUND('',#1450,.T.);
#840=FACE_OUTER_BOUND('',#1451,.T.);
#841=FACE_OUTER_BOUND('',#1452,.T.);
#842=FACE_OUTER_BOUND('',#1453,.T.);
#843=FACE_OUTER_BOUND('',#1454,.T.);
#844=FACE_OUTER_BOUND('',#1455,.T.);
#845=FACE_OUTER_BOUND('',#1456,.T.);
#846=FACE_OUTER_BOUND('',#1457,.T.);
#847=FACE_OUTER_BOUND('',#1458,.T.);
#848=FACE_OUTER_BOUND('',#1459,.T.);
#849=FACE_OUTER_BOUND('',#1460,.T.);
#850=FACE_OUTER_BOUND('',#1461,.T.);
#851=FACE_OUTER_BOUND('',#1462,.T.);
#852=FACE_OUTER_BOUND('',#1463,.T.);
#853=FACE_OUTER_BOUND('',#1464,.T.);
#854=FACE_OUTER_BOUND('',#1465,.T.);
#855=FACE_OUTER_BOUND('',#1466,.T.);
#856=FACE_OUTER_BOUND('',#1467,.T.);
#857=FACE_OUTER_BOUND('',#1468,.T.);
#858=FACE_OUTER_BOUND('',#1469,.T.);
#859=FACE_OUTER_BOUND('',#1470,.T.);
#860=FACE_OUTER_BOUND('',#1471,.T.);
#861=FACE_OUTER_BOUND('',#1472,.T.);
#862=FACE_OUTER_BOUND('',#1473,.T.);
#863=FACE_OUTER_BOUND('',#1474,.T.);
#864=FACE_OUTER_BOUND('',#1475,.T.);
#865=FACE_OUTER_BOUND('',#1476,.T.);
#866=FACE_OUTER_BOUND('',#1477,.T.);
#867=FACE_OUTER_BOUND('',#1478,.T.);
#868=FACE_OUTER_BOUND('',#1479,.T.);
#869=FACE_OUTER_BOUND('',#1480,.T.);
#870=FACE_OUTER_BOUND('',#1481,.T.);
#871=FACE_OUTER_BOUND('',#1482,.T.);
#872=FACE_OUTER_BOUND('',#1483,.T.);
#873=FACE_OUTER_BOUND('',#1484,.T.);
#874=FACE_OUTER_BOUND('',#1485,.T.);
#875=FACE_OUTER_BOUND('',#1486,.T.);
#876=FACE_OUTER_BOUND('',#1487,.T.);
#877=FACE_OUTER_BOUND('',#1488,.T.);
#878=FACE_OUTER_BOUND('',#1489,.T.);
#879=FACE_OUTER_BOUND('',#1490,.T.);
#880=FACE_OUTER_BOUND('',#1491,.T.);
#881=FACE_OUTER_BOUND('',#1492,.T.);
#882=FACE_OUTER_BOUND('',#1493,.T.);
#883=FACE_OUTER_BOUND('',#1494,.T.);
#884=FACE_OUTER_BOUND('',#1495,.T.);
#885=FACE_OUTER_BOUND('',#1496,.T.);
#886=FACE_OUTER_BOUND('',#1497,.T.);
#887=FACE_OUTER_BOUND('',#1498,.T.);
#888=FACE_OUTER_BOUND('',#1499,.T.);
#889=FACE_OUTER_BOUND('',#1500,.T.);
#890=FACE_OUTER_BOUND('',#1501,.T.);
#891=FACE_OUTER_BOUND('',#1502,.T.);
#892=FACE_OUTER_BOUND('',#1503,.T.);
#893=FACE_OUTER_BOUND('',#1504,.T.);
#894=FACE_OUTER_BOUND('',#1505,.T.);
#895=FACE_OUTER_BOUND('',#1506,.T.);
#896=FACE_OUTER_BOUND('',#1507,.T.);
#897=FACE_OUTER_BOUND('',#1508,.T.);
#898=FACE_OUTER_BOUND('',#1509,.T.);
#899=FACE_OUTER_BOUND('',#1510,.T.);
#900=FACE_OUTER_BOUND('',#1511,.T.);
#901=FACE_OUTER_BOUND('',#1512,.T.);
#902=FACE_OUTER_BOUND('',#1513,.T.);
#903=FACE_OUTER_BOUND('',#1514,.T.);
#904=FACE_OUTER_BOUND('',#1515,.T.);
#905=FACE_OUTER_BOUND('',#1516,.T.);
#906=FACE_OUTER_BOUND('',#1517,.T.);
#907=FACE_OUTER_BOUND('',#1518,.T.);
#908=FACE_OUTER_BOUND('',#1519,.T.);
#909=FACE_OUTER_BOUND('',#1520,.T.);
#910=FACE_OUTER_BOUND('',#1521,.T.);
#911=FACE_OUTER_BOUND('',#1522,.T.);
#912=FACE_OUTER_BOUND('',#1523,.T.);
#913=FACE_OUTER_BOUND('',#1524,.T.);
#914=FACE_OUTER_BOUND('',#1525,.T.);
#915=FACE_OUTER_BOUND('',#1526,.T.);
#916=FACE_OUTER_BOUND('',#1527,.T.);
#917=FACE_OUTER_BOUND('',#1528,.T.);
#918=FACE_OUTER_BOUND('',#1529,.T.);
#919=FACE_OUTER_BOUND('',#1530,.T.);
#920=FACE_OUTER_BOUND('',#1531,.T.);
#921=FACE_OUTER_BOUND('',#1532,.T.);
#922=FACE_OUTER_BOUND('',#1533,.T.);
#923=FACE_OUTER_BOUND('',#1534,.T.);
#924=FACE_OUTER_BOUND('',#1535,.T.);
#925=FACE_OUTER_BOUND('',#1536,.T.);
#926=FACE_OUTER_BOUND('',#1537,.T.);
#927=FACE_OUTER_BOUND('',#1538,.T.);
#928=FACE_OUTER_BOUND('',#1540,.T.);
#929=FACE_OUTER_BOUND('',#1542,.T.);
#930=FACE_OUTER_BOUND('',#1544,.T.);
#931=FACE_OUTER_BOUND('',#1546,.T.);
#932=FACE_OUTER_BOUND('',#1547,.T.);
#933=FACE_OUTER_BOUND('',#1548,.T.);
#934=FACE_OUTER_BOUND('',#1549,.T.);
#935=FACE_OUTER_BOUND('',#1550,.T.);
#936=FACE_OUTER_BOUND('',#1551,.T.);
#937=FACE_OUTER_BOUND('',#1552,.T.);
#938=FACE_OUTER_BOUND('',#1553,.T.);
#939=FACE_OUTER_BOUND('',#1554,.T.);
#940=FACE_OUTER_BOUND('',#1555,.T.);
#941=FACE_OUTER_BOUND('',#1556,.T.);
#942=FACE_OUTER_BOUND('',#1557,.T.);
#943=FACE_OUTER_BOUND('',#1558,.T.);
#944=FACE_OUTER_BOUND('',#1559,.T.);
#945=FACE_OUTER_BOUND('',#1560,.T.);
#946=FACE_OUTER_BOUND('',#1561,.T.);
#947=FACE_OUTER_BOUND('',#1562,.T.);
#948=FACE_OUTER_BOUND('',#1564,.T.);
#949=FACE_OUTER_BOUND('',#1565,.T.);
#950=FACE_OUTER_BOUND('',#1567,.T.);
#951=FACE_OUTER_BOUND('',#1568,.T.);
#952=FACE_OUTER_BOUND('',#1569,.T.);
#953=FACE_OUTER_BOUND('',#1570,.T.);
#954=FACE_OUTER_BOUND('',#1571,.T.);
#955=FACE_OUTER_BOUND('',#1573,.T.);
#956=FACE_OUTER_BOUND('',#1574,.T.);
#957=FACE_OUTER_BOUND('',#1575,.T.);
#958=FACE_OUTER_BOUND('',#1576,.T.);
#959=FACE_OUTER_BOUND('',#1577,.T.);
#960=FACE_OUTER_BOUND('',#1578,.T.);
#961=FACE_OUTER_BOUND('',#1579,.T.);
#962=FACE_OUTER_BOUND('',#1580,.T.);
#963=FACE_OUTER_BOUND('',#1581,.T.);
#964=FACE_OUTER_BOUND('',#1582,.T.);
#965=FACE_OUTER_BOUND('',#1583,.T.);
#966=FACE_OUTER_BOUND('',#1584,.T.);
#967=FACE_OUTER_BOUND('',#1585,.T.);
#968=FACE_OUTER_BOUND('',#1586,.T.);
#969=FACE_OUTER_BOUND('',#1587,.T.);
#970=FACE_OUTER_BOUND('',#1588,.T.);
#971=FACE_OUTER_BOUND('',#1589,.T.);
#972=FACE_OUTER_BOUND('',#1590,.T.);
#973=FACE_OUTER_BOUND('',#1591,.T.);
#974=FACE_OUTER_BOUND('',#1592,.T.);
#975=FACE_OUTER_BOUND('',#1594,.T.);
#976=FACE_OUTER_BOUND('',#1595,.T.);
#977=FACE_OUTER_BOUND('',#1597,.T.);
#978=FACE_OUTER_BOUND('',#1598,.T.);
#979=FACE_OUTER_BOUND('',#1599,.T.);
#980=FACE_OUTER_BOUND('',#1600,.T.);
#981=FACE_OUTER_BOUND('',#1601,.T.);
#982=FACE_OUTER_BOUND('',#1602,.T.);
#983=FACE_OUTER_BOUND('',#1603,.T.);
#984=FACE_OUTER_BOUND('',#1604,.T.);
#985=FACE_OUTER_BOUND('',#1605,.T.);
#986=FACE_OUTER_BOUND('',#1606,.T.);
#987=FACE_OUTER_BOUND('',#1607,.T.);
#988=FACE_OUTER_BOUND('',#1608,.T.);
#989=FACE_OUTER_BOUND('',#1609,.T.);
#990=FACE_OUTER_BOUND('',#1610,.T.);
#991=FACE_OUTER_BOUND('',#1611,.T.);
#992=FACE_OUTER_BOUND('',#1612,.T.);
#993=FACE_OUTER_BOUND('',#1613,.T.);
#994=FACE_OUTER_BOUND('',#1614,.T.);
#995=FACE_OUTER_BOUND('',#1615,.T.);
#996=FACE_OUTER_BOUND('',#1616,.T.);
#997=FACE_OUTER_BOUND('',#1617,.T.);
#998=FACE_OUTER_BOUND('',#1618,.T.);
#999=FACE_OUTER_BOUND('',#1619,.T.);
#1000=FACE_OUTER_BOUND('',#1620,.T.);
#1001=FACE_OUTER_BOUND('',#1621,.T.);
#1002=FACE_OUTER_BOUND('',#1622,.T.);
#1003=FACE_OUTER_BOUND('',#1623,.T.);
#1004=FACE_OUTER_BOUND('',#1624,.T.);
#1005=FACE_OUTER_BOUND('',#1632,.T.);
#1006=FACE_OUTER_BOUND('',#1633,.T.);
#1007=FACE_OUTER_BOUND('',#1634,.T.);
#1008=FACE_OUTER_BOUND('',#1635,.T.);
#1009=FACE_OUTER_BOUND('',#1636,.T.);
#1010=FACE_OUTER_BOUND('',#1637,.T.);
#1011=FACE_OUTER_BOUND('',#1638,.T.);
#1012=FACE_OUTER_BOUND('',#1639,.T.);
#1013=FACE_OUTER_BOUND('',#1640,.T.);
#1014=FACE_OUTER_BOUND('',#1641,.T.);
#1015=FACE_OUTER_BOUND('',#1642,.T.);
#1016=FACE_OUTER_BOUND('',#1643,.T.);
#1017=FACE_OUTER_BOUND('',#1644,.T.);
#1018=FACE_OUTER_BOUND('',#1645,.T.);
#1019=FACE_OUTER_BOUND('',#1646,.T.);
#1020=FACE_OUTER_BOUND('',#1647,.T.);
#1021=FACE_OUTER_BOUND('',#1648,.T.);
#1022=FACE_OUTER_BOUND('',#1649,.T.);
#1023=FACE_OUTER_BOUND('',#1650,.T.);
#1024=FACE_OUTER_BOUND('',#1651,.T.);
#1025=FACE_OUTER_BOUND('',#1652,.T.);
#1026=FACE_OUTER_BOUND('',#1653,.T.);
#1027=FACE_OUTER_BOUND('',#1654,.T.);
#1028=FACE_OUTER_BOUND('',#1655,.T.);
#1029=FACE_OUTER_BOUND('',#1656,.T.);
#1030=FACE_OUTER_BOUND('',#1657,.T.);
#1031=FACE_OUTER_BOUND('',#1658,.T.);
#1032=FACE_OUTER_BOUND('',#1659,.T.);
#1033=FACE_OUTER_BOUND('',#1660,.T.);
#1034=FACE_OUTER_BOUND('',#1661,.T.);
#1035=FACE_OUTER_BOUND('',#1662,.T.);
#1036=FACE_OUTER_BOUND('',#1663,.T.);
#1037=FACE_OUTER_BOUND('',#1664,.T.);
#1038=FACE_OUTER_BOUND('',#1665,.T.);
#1039=FACE_OUTER_BOUND('',#1666,.T.);
#1040=FACE_OUTER_BOUND('',#1667,.T.);
#1041=FACE_OUTER_BOUND('',#1668,.T.);
#1042=FACE_OUTER_BOUND('',#1669,.T.);
#1043=FACE_OUTER_BOUND('',#1670,.T.);
#1044=FACE_OUTER_BOUND('',#1671,.T.);
#1045=FACE_OUTER_BOUND('',#1672,.T.);
#1046=FACE_OUTER_BOUND('',#1673,.T.);
#1047=FACE_OUTER_BOUND('',#1674,.T.);
#1048=FACE_OUTER_BOUND('',#1675,.T.);
#1049=FACE_OUTER_BOUND('',#1676,.T.);
#1050=FACE_OUTER_BOUND('',#1677,.T.);
#1051=FACE_OUTER_BOUND('',#1678,.T.);
#1052=FACE_OUTER_BOUND('',#1679,.T.);
#1053=FACE_OUTER_BOUND('',#1680,.T.);
#1054=FACE_OUTER_BOUND('',#1681,.T.);
#1055=FACE_OUTER_BOUND('',#1682,.T.);
#1056=FACE_OUTER_BOUND('',#1683,.T.);
#1057=FACE_OUTER_BOUND('',#1684,.T.);
#1058=FACE_OUTER_BOUND('',#1685,.T.);
#1059=FACE_OUTER_BOUND('',#1686,.T.);
#1060=FACE_OUTER_BOUND('',#1687,.T.);
#1061=FACE_OUTER_BOUND('',#1688,.T.);
#1062=FACE_OUTER_BOUND('',#1689,.T.);
#1063=FACE_OUTER_BOUND('',#1690,.T.);
#1064=FACE_OUTER_BOUND('',#1691,.T.);
#1065=FACE_OUTER_BOUND('',#1692,.T.);
#1066=FACE_OUTER_BOUND('',#1694,.T.);
#1067=FACE_OUTER_BOUND('',#1695,.T.);
#1068=FACE_OUTER_BOUND('',#1696,.T.);
#1069=FACE_OUTER_BOUND('',#1697,.T.);
#1070=FACE_OUTER_BOUND('',#1698,.T.);
#1071=FACE_OUTER_BOUND('',#1699,.T.);
#1072=FACE_OUTER_BOUND('',#1701,.T.);
#1073=FACE_OUTER_BOUND('',#1702,.T.);
#1074=FACE_OUTER_BOUND('',#1703,.T.);
#1075=FACE_OUTER_BOUND('',#1704,.T.);
#1076=FACE_OUTER_BOUND('',#1705,.T.);
#1077=FACE_OUTER_BOUND('',#1706,.T.);
#1078=FACE_OUTER_BOUND('',#1708,.T.);
#1079=FACE_OUTER_BOUND('',#1709,.T.);
#1080=FACE_OUTER_BOUND('',#1710,.T.);
#1081=FACE_OUTER_BOUND('',#1711,.T.);
#1082=FACE_OUTER_BOUND('',#1712,.T.);
#1083=FACE_OUTER_BOUND('',#1713,.T.);
#1084=FACE_OUTER_BOUND('',#1715,.T.);
#1085=FACE_OUTER_BOUND('',#1716,.T.);
#1086=FACE_OUTER_BOUND('',#1717,.T.);
#1087=FACE_OUTER_BOUND('',#1718,.T.);
#1088=FACE_OUTER_BOUND('',#1719,.T.);
#1089=FACE_OUTER_BOUND('',#1720,.T.);
#1090=FACE_OUTER_BOUND('',#1721,.T.);
#1091=FACE_OUTER_BOUND('',#1722,.T.);
#1092=FACE_OUTER_BOUND('',#1723,.T.);
#1093=FACE_OUTER_BOUND('',#1724,.T.);
#1094=FACE_OUTER_BOUND('',#1725,.T.);
#1095=FACE_OUTER_BOUND('',#1726,.T.);
#1096=FACE_OUTER_BOUND('',#1727,.T.);
#1097=FACE_OUTER_BOUND('',#1728,.T.);
#1098=FACE_OUTER_BOUND('',#1729,.T.);
#1099=FACE_OUTER_BOUND('',#1730,.T.);
#1100=FACE_OUTER_BOUND('',#1731,.T.);
#1101=FACE_OUTER_BOUND('',#1732,.T.);
#1102=FACE_OUTER_BOUND('',#1733,.T.);
#1103=FACE_OUTER_BOUND('',#1734,.T.);
#1104=EDGE_LOOP('',(#6003,#6004,#6005,#6006));
#1105=EDGE_LOOP('',(#6007,#6008,#6009,#6010,#6011,#6012,#6013,#6014));
#1106=EDGE_LOOP('',(#6015));
#1107=EDGE_LOOP('',(#6016));
#1108=EDGE_LOOP('',(#6017,#6018,#6019,#6020,#6021));
#1109=EDGE_LOOP('',(#6022,#6023,#6024,#6025,#6026,#6027,#6028,#6029,#6030));
#1110=EDGE_LOOP('',(#6031));
#1111=EDGE_LOOP('',(#6032));
#1112=EDGE_LOOP('',(#6033,#6034,#6035,#6036));
#1113=EDGE_LOOP('',(#6037,#6038,#6039,#6040,#6041,#6042,#6043,#6044));
#1114=EDGE_LOOP('',(#6045));
#1115=EDGE_LOOP('',(#6046));
#1116=EDGE_LOOP('',(#6047,#6048,#6049,#6050));
#1117=EDGE_LOOP('',(#6051,#6052,#6053,#6054,#6055,#6056,#6057,#6058));
#1118=EDGE_LOOP('',(#6059));
#1119=EDGE_LOOP('',(#6060));
#1120=EDGE_LOOP('',(#6061));
#1121=EDGE_LOOP('',(#6062));
#1122=EDGE_LOOP('',(#6063,#6064,#6065,#6066));
#1123=EDGE_LOOP('',(#6067,#6068,#6069,#6070,#6071,#6072,#6073,#6074));
#1124=EDGE_LOOP('',(#6075,#6076,#6077,#6078));
#1125=EDGE_LOOP('',(#6079,#6080,#6081,#6082,#6083,#6084,#6085,#6086,#6087,
#6088,#6089,#6090));
#1126=EDGE_LOOP('',(#6091,#6092,#6093,#6094,#6095,#6096,#6097,#6098));
#1127=EDGE_LOOP('',(#6099,#6100,#6101,#6102,#6103,#6104,#6105,#6106,#6107,
#6108));
#1128=EDGE_LOOP('',(#6109,#6110,#6111,#6112,#6113,#6114));
#1129=EDGE_LOOP('',(#6115,#6116,#6117,#6118,#6119,#6120));
#1130=EDGE_LOOP('',(#6121,#6122,#6123,#6124,#6125,#6126));
#1131=EDGE_LOOP('',(#6127,#6128,#6129,#6130,#6131,#6132,#6133,#6134));
#1132=EDGE_LOOP('',(#6135,#6136,#6137,#6138,#6139,#6140));
#1133=EDGE_LOOP('',(#6141));
#1134=EDGE_LOOP('',(#6142));
#1135=EDGE_LOOP('',(#6143));
#1136=EDGE_LOOP('',(#6144));
#1137=EDGE_LOOP('',(#6145,#6146,#6147,#6148,#6149,#6150,#6151,#6152,#6153,
#6154));
#1138=EDGE_LOOP('',(#6155,#6156,#6157,#6158,#6159,#6160));
#1139=EDGE_LOOP('',(#6161,#6162,#6163,#6164,#6165,#6166,#6167,#6168));
#1140=EDGE_LOOP('',(#6169,#6170,#6171,#6172,#6173,#6174));
#1141=EDGE_LOOP('',(#6175,#6176,#6177,#6178,#6179,#6180,#6181,#6182));
#1142=EDGE_LOOP('',(#6183,#6184,#6185,#6186,#6187,#6188,#6189,#6190,#6191,
#6192));
#1143=EDGE_LOOP('',(#6193,#6194,#6195,#6196,#6197,#6198,#6199,#6200));
#1144=EDGE_LOOP('',(#6201,#6202,#6203,#6204));
#1145=EDGE_LOOP('',(#6205,#6206,#6207,#6208));
#1146=EDGE_LOOP('',(#6209,#6210,#6211,#6212,#6213,#6214,#6215,#6216));
#1147=EDGE_LOOP('',(#6217,#6218,#6219,#6220));
#1148=EDGE_LOOP('',(#6221,#6222,#6223,#6224,#6225,#6226,#6227,#6228));
#1149=EDGE_LOOP('',(#6229,#6230,#6231,#6232));
#1150=EDGE_LOOP('',(#6233,#6234,#6235,#6236));
#1151=EDGE_LOOP('',(#6237,#6238,#6239,#6240));
#1152=EDGE_LOOP('',(#6241,#6242,#6243,#6244));
#1153=EDGE_LOOP('',(#6245,#6246,#6247,#6248));
#1154=EDGE_LOOP('',(#6249,#6250,#6251,#6252));
#1155=EDGE_LOOP('',(#6253,#6254,#6255,#6256));
#1156=EDGE_LOOP('',(#6257,#6258,#6259,#6260));
#1157=EDGE_LOOP('',(#6261,#6262,#6263,#6264));
#1158=EDGE_LOOP('',(#6265,#6266,#6267,#6268));
#1159=EDGE_LOOP('',(#6269,#6270,#6271,#6272));
#1160=EDGE_LOOP('',(#6273,#6274,#6275,#6276));
#1161=EDGE_LOOP('',(#6277,#6278,#6279,#6280));
#1162=EDGE_LOOP('',(#6281,#6282,#6283,#6284));
#1163=EDGE_LOOP('',(#6285,#6286,#6287,#6288));
#1164=EDGE_LOOP('',(#6289,#6290,#6291,#6292));
#1165=EDGE_LOOP('',(#6293,#6294,#6295,#6296));
#1166=EDGE_LOOP('',(#6297,#6298,#6299,#6300));
#1167=EDGE_LOOP('',(#6301,#6302,#6303,#6304));
#1168=EDGE_LOOP('',(#6305,#6306,#6307,#6308));
#1169=EDGE_LOOP('',(#6309,#6310,#6311,#6312));
#1170=EDGE_LOOP('',(#6313,#6314,#6315,#6316));
#1171=EDGE_LOOP('',(#6317,#6318,#6319,#6320));
#1172=EDGE_LOOP('',(#6321,#6322,#6323,#6324));
#1173=EDGE_LOOP('',(#6325,#6326,#6327,#6328));
#1174=EDGE_LOOP('',(#6329,#6330,#6331,#6332));
#1175=EDGE_LOOP('',(#6333,#6334,#6335,#6336));
#1176=EDGE_LOOP('',(#6337,#6338,#6339,#6340));
#1177=EDGE_LOOP('',(#6341,#6342,#6343,#6344));
#1178=EDGE_LOOP('',(#6345,#6346,#6347,#6348));
#1179=EDGE_LOOP('',(#6349,#6350,#6351,#6352));
#1180=EDGE_LOOP('',(#6353,#6354,#6355,#6356));
#1181=EDGE_LOOP('',(#6357,#6358,#6359,#6360));
#1182=EDGE_LOOP('',(#6361,#6362,#6363,#6364));
#1183=EDGE_LOOP('',(#6365,#6366,#6367,#6368));
#1184=EDGE_LOOP('',(#6369,#6370,#6371,#6372));
#1185=EDGE_LOOP('',(#6373,#6374,#6375,#6376));
#1186=EDGE_LOOP('',(#6377,#6378,#6379,#6380));
#1187=EDGE_LOOP('',(#6381,#6382,#6383,#6384));
#1188=EDGE_LOOP('',(#6385,#6386,#6387,#6388));
#1189=EDGE_LOOP('',(#6389,#6390,#6391,#6392));
#1190=EDGE_LOOP('',(#6393,#6394,#6395,#6396));
#1191=EDGE_LOOP('',(#6397,#6398,#6399,#6400));
#1192=EDGE_LOOP('',(#6401,#6402,#6403,#6404));
#1193=EDGE_LOOP('',(#6405,#6406,#6407,#6408));
#1194=EDGE_LOOP('',(#6409,#6410,#6411,#6412));
#1195=EDGE_LOOP('',(#6413,#6414,#6415,#6416));
#1196=EDGE_LOOP('',(#6417,#6418,#6419,#6420));
#1197=EDGE_LOOP('',(#6421,#6422,#6423,#6424));
#1198=EDGE_LOOP('',(#6425,#6426,#6427,#6428));
#1199=EDGE_LOOP('',(#6429,#6430,#6431,#6432));
#1200=EDGE_LOOP('',(#6433,#6434,#6435,#6436));
#1201=EDGE_LOOP('',(#6437,#6438,#6439,#6440));
#1202=EDGE_LOOP('',(#6441,#6442,#6443,#6444));
#1203=EDGE_LOOP('',(#6445,#6446,#6447,#6448));
#1204=EDGE_LOOP('',(#6449,#6450,#6451,#6452));
#1205=EDGE_LOOP('',(#6453,#6454,#6455,#6456));
#1206=EDGE_LOOP('',(#6457,#6458,#6459,#6460));
#1207=EDGE_LOOP('',(#6461,#6462,#6463,#6464));
#1208=EDGE_LOOP('',(#6465,#6466,#6467,#6468));
#1209=EDGE_LOOP('',(#6469,#6470,#6471,#6472));
#1210=EDGE_LOOP('',(#6473,#6474,#6475,#6476));
#1211=EDGE_LOOP('',(#6477,#6478,#6479,#6480));
#1212=EDGE_LOOP('',(#6481,#6482,#6483,#6484));
#1213=EDGE_LOOP('',(#6485,#6486,#6487,#6488));
#1214=EDGE_LOOP('',(#6489,#6490,#6491,#6492));
#1215=EDGE_LOOP('',(#6493,#6494,#6495,#6496));
#1216=EDGE_LOOP('',(#6497,#6498,#6499,#6500));
#1217=EDGE_LOOP('',(#6501,#6502,#6503,#6504));
#1218=EDGE_LOOP('',(#6505,#6506,#6507,#6508));
#1219=EDGE_LOOP('',(#6509,#6510,#6511,#6512));
#1220=EDGE_LOOP('',(#6513,#6514,#6515,#6516));
#1221=EDGE_LOOP('',(#6517,#6518,#6519,#6520));
#1222=EDGE_LOOP('',(#6521,#6522,#6523,#6524));
#1223=EDGE_LOOP('',(#6525,#6526,#6527,#6528));
#1224=EDGE_LOOP('',(#6529,#6530,#6531,#6532));
#1225=EDGE_LOOP('',(#6533,#6534,#6535,#6536));
#1226=EDGE_LOOP('',(#6537,#6538,#6539,#6540));
#1227=EDGE_LOOP('',(#6541,#6542,#6543,#6544));
#1228=EDGE_LOOP('',(#6545,#6546,#6547,#6548));
#1229=EDGE_LOOP('',(#6549,#6550,#6551,#6552));
#1230=EDGE_LOOP('',(#6553,#6554,#6555,#6556));
#1231=EDGE_LOOP('',(#6557,#6558,#6559,#6560));
#1232=EDGE_LOOP('',(#6561,#6562,#6563,#6564));
#1233=EDGE_LOOP('',(#6565,#6566,#6567,#6568));
#1234=EDGE_LOOP('',(#6569,#6570,#6571,#6572));
#1235=EDGE_LOOP('',(#6573,#6574,#6575,#6576));
#1236=EDGE_LOOP('',(#6577,#6578,#6579,#6580));
#1237=EDGE_LOOP('',(#6581,#6582,#6583,#6584));
#1238=EDGE_LOOP('',(#6585,#6586,#6587,#6588));
#1239=EDGE_LOOP('',(#6589,#6590,#6591,#6592));
#1240=EDGE_LOOP('',(#6593,#6594,#6595,#6596));
#1241=EDGE_LOOP('',(#6597,#6598,#6599,#6600));
#1242=EDGE_LOOP('',(#6601,#6602,#6603,#6604));
#1243=EDGE_LOOP('',(#6605,#6606,#6607,#6608));
#1244=EDGE_LOOP('',(#6609,#6610,#6611,#6612));
#1245=EDGE_LOOP('',(#6613,#6614,#6615,#6616));
#1246=EDGE_LOOP('',(#6617,#6618,#6619,#6620));
#1247=EDGE_LOOP('',(#6621,#6622,#6623,#6624));
#1248=EDGE_LOOP('',(#6625,#6626,#6627,#6628));
#1249=EDGE_LOOP('',(#6629,#6630,#6631,#6632));
#1250=EDGE_LOOP('',(#6633,#6634,#6635,#6636));
#1251=EDGE_LOOP('',(#6637,#6638,#6639,#6640));
#1252=EDGE_LOOP('',(#6641,#6642,#6643,#6644));
#1253=EDGE_LOOP('',(#6645,#6646,#6647,#6648));
#1254=EDGE_LOOP('',(#6649,#6650,#6651,#6652));
#1255=EDGE_LOOP('',(#6653,#6654,#6655,#6656));
#1256=EDGE_LOOP('',(#6657,#6658,#6659,#6660));
#1257=EDGE_LOOP('',(#6661,#6662,#6663,#6664));
#1258=EDGE_LOOP('',(#6665,#6666,#6667,#6668));
#1259=EDGE_LOOP('',(#6669,#6670,#6671,#6672));
#1260=EDGE_LOOP('',(#6673,#6674,#6675,#6676));
#1261=EDGE_LOOP('',(#6677,#6678,#6679,#6680));
#1262=EDGE_LOOP('',(#6681,#6682,#6683,#6684));
#1263=EDGE_LOOP('',(#6685,#6686,#6687,#6688));
#1264=EDGE_LOOP('',(#6689,#6690,#6691,#6692));
#1265=EDGE_LOOP('',(#6693,#6694,#6695,#6696));
#1266=EDGE_LOOP('',(#6697,#6698,#6699,#6700));
#1267=EDGE_LOOP('',(#6701,#6702,#6703,#6704));
#1268=EDGE_LOOP('',(#6705,#6706,#6707,#6708));
#1269=EDGE_LOOP('',(#6709,#6710,#6711,#6712));
#1270=EDGE_LOOP('',(#6713,#6714,#6715,#6716));
#1271=EDGE_LOOP('',(#6717,#6718,#6719,#6720));
#1272=EDGE_LOOP('',(#6721,#6722,#6723,#6724));
#1273=EDGE_LOOP('',(#6725,#6726,#6727,#6728));
#1274=EDGE_LOOP('',(#6729,#6730,#6731,#6732));
#1275=EDGE_LOOP('',(#6733,#6734,#6735,#6736));
#1276=EDGE_LOOP('',(#6737,#6738,#6739,#6740));
#1277=EDGE_LOOP('',(#6741,#6742,#6743,#6744));
#1278=EDGE_LOOP('',(#6745,#6746,#6747,#6748));
#1279=EDGE_LOOP('',(#6749,#6750,#6751,#6752));
#1280=EDGE_LOOP('',(#6753,#6754,#6755,#6756));
#1281=EDGE_LOOP('',(#6757,#6758,#6759,#6760));
#1282=EDGE_LOOP('',(#6761,#6762,#6763,#6764));
#1283=EDGE_LOOP('',(#6765,#6766,#6767,#6768));
#1284=EDGE_LOOP('',(#6769,#6770,#6771,#6772));
#1285=EDGE_LOOP('',(#6773,#6774,#6775,#6776));
#1286=EDGE_LOOP('',(#6777,#6778,#6779,#6780));
#1287=EDGE_LOOP('',(#6781,#6782,#6783,#6784));
#1288=EDGE_LOOP('',(#6785,#6786,#6787,#6788));
#1289=EDGE_LOOP('',(#6789,#6790,#6791,#6792));
#1290=EDGE_LOOP('',(#6793,#6794,#6795,#6796));
#1291=EDGE_LOOP('',(#6797,#6798,#6799,#6800));
#1292=EDGE_LOOP('',(#6801,#6802,#6803,#6804));
#1293=EDGE_LOOP('',(#6805,#6806,#6807,#6808));
#1294=EDGE_LOOP('',(#6809,#6810,#6811,#6812));
#1295=EDGE_LOOP('',(#6813,#6814,#6815,#6816));
#1296=EDGE_LOOP('',(#6817,#6818,#6819,#6820));
#1297=EDGE_LOOP('',(#6821,#6822,#6823,#6824));
#1298=EDGE_LOOP('',(#6825,#6826,#6827,#6828));
#1299=EDGE_LOOP('',(#6829,#6830,#6831,#6832));
#1300=EDGE_LOOP('',(#6833,#6834,#6835,#6836));
#1301=EDGE_LOOP('',(#6837,#6838,#6839,#6840));
#1302=EDGE_LOOP('',(#6841,#6842,#6843,#6844));
#1303=EDGE_LOOP('',(#6845,#6846,#6847,#6848));
#1304=EDGE_LOOP('',(#6849,#6850,#6851,#6852));
#1305=EDGE_LOOP('',(#6853,#6854,#6855,#6856));
#1306=EDGE_LOOP('',(#6857,#6858,#6859,#6860));
#1307=EDGE_LOOP('',(#6861,#6862,#6863,#6864));
#1308=EDGE_LOOP('',(#6865,#6866,#6867,#6868));
#1309=EDGE_LOOP('',(#6869,#6870,#6871,#6872));
#1310=EDGE_LOOP('',(#6873,#6874,#6875,#6876,#6877));
#1311=EDGE_LOOP('',(#6878,#6879,#6880,#6881,#6882));
#1312=EDGE_LOOP('',(#6883,#6884,#6885,#6886,#6887));
#1313=EDGE_LOOP('',(#6888,#6889,#6890,#6891,#6892));
#1314=EDGE_LOOP('',(#6893,#6894,#6895,#6896,#6897));
#1315=EDGE_LOOP('',(#6898,#6899,#6900,#6901,#6902,#6903,#6904,#6905));
#1316=EDGE_LOOP('',(#6906,#6907,#6908,#6909,#6910));
#1317=EDGE_LOOP('',(#6911,#6912,#6913,#6914,#6915));
#1318=EDGE_LOOP('',(#6916,#6917,#6918,#6919,#6920,#6921,#6922,#6923,#6924));
#1319=EDGE_LOOP('',(#6925,#6926,#6927,#6928));
#1320=EDGE_LOOP('',(#6929,#6930,#6931,#6932,#6933,#6934,#6935,#6936));
#1321=EDGE_LOOP('',(#6937,#6938,#6939,#6940,#6941,#6942,#6943,#6944));
#1322=EDGE_LOOP('',(#6945,#6946,#6947,#6948,#6949,#6950,#6951,#6952,#6953,
#6954,#6955,#6956,#6957,#6958,#6959));
#1323=EDGE_LOOP('',(#6960,#6961,#6962,#6963));
#1324=EDGE_LOOP('',(#6964,#6965,#6966,#6967));
#1325=EDGE_LOOP('',(#6968,#6969,#6970,#6971));
#1326=EDGE_LOOP('',(#6972,#6973,#6974,#6975));
#1327=EDGE_LOOP('',(#6976,#6977,#6978,#6979));
#1328=EDGE_LOOP('',(#6980,#6981,#6982,#6983));
#1329=EDGE_LOOP('',(#6984,#6985,#6986,#6987));
#1330=EDGE_LOOP('',(#6988,#6989,#6990,#6991));
#1331=EDGE_LOOP('',(#6992,#6993,#6994,#6995));
#1332=EDGE_LOOP('',(#6996,#6997,#6998,#6999));
#1333=EDGE_LOOP('',(#7000,#7001,#7002,#7003));
#1334=EDGE_LOOP('',(#7004,#7005,#7006,#7007,#7008,#7009,#7010,#7011,#7012,
#7013));
#1335=EDGE_LOOP('',(#7014,#7015,#7016,#7017,#7018,#7019,#7020,#7021,#7022,
#7023));
#1336=EDGE_LOOP('',(#7024,#7025,#7026,#7027,#7028,#7029,#7030,#7031,#7032,
#7033));
#1337=EDGE_LOOP('',(#7034,#7035,#7036,#7037,#7038,#7039,#7040,#7041));
#1338=EDGE_LOOP('',(#7042,#7043,#7044,#7045,#7046,#7047));
#1339=EDGE_LOOP('',(#7048,#7049,#7050,#7051,#7052,#7053));
#1340=EDGE_LOOP('',(#7054));
#1341=EDGE_LOOP('',(#7055));
#1342=EDGE_LOOP('',(#7056));
#1343=EDGE_LOOP('',(#7057));
#1344=EDGE_LOOP('',(#7058));
#1345=EDGE_LOOP('',(#7059,#7060,#7061,#7062,#7063,#7064));
#1346=EDGE_LOOP('',(#7065,#7066,#7067,#7068,#7069,#7070,#7071,#7072));
#1347=EDGE_LOOP('',(#7073,#7074,#7075,#7076,#7077,#7078,#7079,#7080));
#1348=EDGE_LOOP('',(#7081,#7082,#7083,#7084,#7085,#7086,#7087,#7088));
#1349=EDGE_LOOP('',(#7089));
#1350=EDGE_LOOP('',(#7090));
#1351=EDGE_LOOP('',(#7091));
#1352=EDGE_LOOP('',(#7092));
#1353=EDGE_LOOP('',(#7093,#7094,#7095,#7096,#7097,#7098,#7099,#7100,#7101,
#7102));
#1354=EDGE_LOOP('',(#7103,#7104,#7105,#7106,#7107,#7108));
#1355=EDGE_LOOP('',(#7109,#7110,#7111,#7112,#7113,#7114));
#1356=EDGE_LOOP('',(#7115,#7116,#7117,#7118,#7119,#7120));
#1357=EDGE_LOOP('',(#7121,#7122,#7123,#7124,#7125,#7126,#7127,#7128));
#1358=EDGE_LOOP('',(#7129,#7130,#7131,#7132));
#1359=EDGE_LOOP('',(#7133,#7134,#7135,#7136));
#1360=EDGE_LOOP('',(#7137,#7138,#7139,#7140));
#1361=EDGE_LOOP('',(#7141,#7142,#7143,#7144));
#1362=EDGE_LOOP('',(#7145,#7146,#7147,#7148));
#1363=EDGE_LOOP('',(#7149,#7150,#7151,#7152));
#1364=EDGE_LOOP('',(#7153,#7154,#7155,#7156));
#1365=EDGE_LOOP('',(#7157,#7158,#7159,#7160));
#1366=EDGE_LOOP('',(#7161,#7162,#7163,#7164));
#1367=EDGE_LOOP('',(#7165,#7166,#7167,#7168));
#1368=EDGE_LOOP('',(#7169,#7170,#7171,#7172));
#1369=EDGE_LOOP('',(#7173,#7174,#7175,#7176));
#1370=EDGE_LOOP('',(#7177,#7178,#7179,#7180));
#1371=EDGE_LOOP('',(#7181,#7182,#7183,#7184));
#1372=EDGE_LOOP('',(#7185,#7186,#7187,#7188));
#1373=EDGE_LOOP('',(#7189,#7190,#7191,#7192));
#1374=EDGE_LOOP('',(#7193,#7194,#7195,#7196));
#1375=EDGE_LOOP('',(#7197,#7198,#7199,#7200));
#1376=EDGE_LOOP('',(#7201,#7202,#7203,#7204));
#1377=EDGE_LOOP('',(#7205,#7206,#7207,#7208));
#1378=EDGE_LOOP('',(#7209,#7210,#7211,#7212));
#1379=EDGE_LOOP('',(#7213,#7214,#7215,#7216));
#1380=EDGE_LOOP('',(#7217,#7218,#7219,#7220));
#1381=EDGE_LOOP('',(#7221,#7222,#7223,#7224));
#1382=EDGE_LOOP('',(#7225,#7226,#7227,#7228));
#1383=EDGE_LOOP('',(#7229,#7230,#7231,#7232));
#1384=EDGE_LOOP('',(#7233,#7234,#7235,#7236));
#1385=EDGE_LOOP('',(#7237,#7238,#7239,#7240));
#1386=EDGE_LOOP('',(#7241,#7242,#7243,#7244));
#1387=EDGE_LOOP('',(#7245,#7246,#7247,#7248));
#1388=EDGE_LOOP('',(#7249,#7250,#7251,#7252));
#1389=EDGE_LOOP('',(#7253,#7254,#7255,#7256));
#1390=EDGE_LOOP('',(#7257,#7258,#7259,#7260));
#1391=EDGE_LOOP('',(#7261,#7262,#7263,#7264));
#1392=EDGE_LOOP('',(#7265,#7266,#7267,#7268));
#1393=EDGE_LOOP('',(#7269,#7270,#7271,#7272));
#1394=EDGE_LOOP('',(#7273,#7274,#7275,#7276));
#1395=EDGE_LOOP('',(#7277,#7278,#7279,#7280));
#1396=EDGE_LOOP('',(#7281,#7282,#7283,#7284));
#1397=EDGE_LOOP('',(#7285,#7286,#7287,#7288));
#1398=EDGE_LOOP('',(#7289,#7290,#7291,#7292));
#1399=EDGE_LOOP('',(#7293,#7294,#7295,#7296));
#1400=EDGE_LOOP('',(#7297,#7298,#7299,#7300));
#1401=EDGE_LOOP('',(#7301,#7302,#7303,#7304));
#1402=EDGE_LOOP('',(#7305,#7306,#7307,#7308));
#1403=EDGE_LOOP('',(#7309,#7310,#7311,#7312));
#1404=EDGE_LOOP('',(#7313,#7314,#7315,#7316));
#1405=EDGE_LOOP('',(#7317,#7318,#7319,#7320));
#1406=EDGE_LOOP('',(#7321,#7322,#7323,#7324));
#1407=EDGE_LOOP('',(#7325,#7326,#7327,#7328));
#1408=EDGE_LOOP('',(#7329,#7330,#7331,#7332));
#1409=EDGE_LOOP('',(#7333,#7334,#7335,#7336));
#1410=EDGE_LOOP('',(#7337,#7338,#7339,#7340));
#1411=EDGE_LOOP('',(#7341,#7342,#7343,#7344));
#1412=EDGE_LOOP('',(#7345,#7346,#7347,#7348));
#1413=EDGE_LOOP('',(#7349,#7350,#7351,#7352));
#1414=EDGE_LOOP('',(#7353,#7354,#7355,#7356));
#1415=EDGE_LOOP('',(#7357,#7358,#7359,#7360));
#1416=EDGE_LOOP('',(#7361,#7362,#7363,#7364));
#1417=EDGE_LOOP('',(#7365,#7366,#7367,#7368));
#1418=EDGE_LOOP('',(#7369,#7370,#7371,#7372));
#1419=EDGE_LOOP('',(#7373,#7374,#7375,#7376));
#1420=EDGE_LOOP('',(#7377,#7378,#7379,#7380));
#1421=EDGE_LOOP('',(#7381,#7382,#7383,#7384));
#1422=EDGE_LOOP('',(#7385,#7386,#7387,#7388));
#1423=EDGE_LOOP('',(#7389,#7390,#7391,#7392));
#1424=EDGE_LOOP('',(#7393,#7394,#7395,#7396));
#1425=EDGE_LOOP('',(#7397,#7398,#7399,#7400));
#1426=EDGE_LOOP('',(#7401,#7402,#7403,#7404));
#1427=EDGE_LOOP('',(#7405,#7406,#7407,#7408));
#1428=EDGE_LOOP('',(#7409,#7410,#7411,#7412));
#1429=EDGE_LOOP('',(#7413,#7414,#7415,#7416));
#1430=EDGE_LOOP('',(#7417,#7418,#7419,#7420));
#1431=EDGE_LOOP('',(#7421,#7422,#7423,#7424));
#1432=EDGE_LOOP('',(#7425,#7426,#7427,#7428));
#1433=EDGE_LOOP('',(#7429,#7430,#7431,#7432));
#1434=EDGE_LOOP('',(#7433,#7434,#7435,#7436));
#1435=EDGE_LOOP('',(#7437,#7438,#7439,#7440));
#1436=EDGE_LOOP('',(#7441,#7442,#7443,#7444));
#1437=EDGE_LOOP('',(#7445,#7446,#7447,#7448));
#1438=EDGE_LOOP('',(#7449,#7450,#7451,#7452));
#1439=EDGE_LOOP('',(#7453,#7454,#7455,#7456));
#1440=EDGE_LOOP('',(#7457,#7458,#7459,#7460));
#1441=EDGE_LOOP('',(#7461,#7462,#7463,#7464));
#1442=EDGE_LOOP('',(#7465,#7466,#7467,#7468));
#1443=EDGE_LOOP('',(#7469,#7470,#7471,#7472));
#1444=EDGE_LOOP('',(#7473,#7474,#7475,#7476));
#1445=EDGE_LOOP('',(#7477,#7478,#7479,#7480));
#1446=EDGE_LOOP('',(#7481,#7482,#7483,#7484));
#1447=EDGE_LOOP('',(#7485,#7486,#7487,#7488));
#1448=EDGE_LOOP('',(#7489,#7490,#7491,#7492));
#1449=EDGE_LOOP('',(#7493,#7494,#7495,#7496));
#1450=EDGE_LOOP('',(#7497,#7498,#7499,#7500));
#1451=EDGE_LOOP('',(#7501,#7502,#7503,#7504));
#1452=EDGE_LOOP('',(#7505,#7506,#7507,#7508));
#1453=EDGE_LOOP('',(#7509,#7510,#7511,#7512,#7513));
#1454=EDGE_LOOP('',(#7514,#7515,#7516,#7517));
#1455=EDGE_LOOP('',(#7518,#7519,#7520,#7521,#7522));
#1456=EDGE_LOOP('',(#7523,#7524,#7525,#7526));
#1457=EDGE_LOOP('',(#7527,#7528,#7529,#7530));
#1458=EDGE_LOOP('',(#7531,#7532,#7533,#7534));
#1459=EDGE_LOOP('',(#7535,#7536,#7537,#7538));
#1460=EDGE_LOOP('',(#7539,#7540,#7541,#7542,#7543,#7544));
#1461=EDGE_LOOP('',(#7545,#7546,#7547,#7548));
#1462=EDGE_LOOP('',(#7549,#7550,#7551,#7552,#7553,#7554));
#1463=EDGE_LOOP('',(#7555,#7556,#7557,#7558));
#1464=EDGE_LOOP('',(#7559,#7560,#7561,#7562));
#1465=EDGE_LOOP('',(#7563,#7564,#7565,#7566));
#1466=EDGE_LOOP('',(#7567,#7568,#7569,#7570));
#1467=EDGE_LOOP('',(#7571,#7572,#7573,#7574));
#1468=EDGE_LOOP('',(#7575,#7576,#7577,#7578));
#1469=EDGE_LOOP('',(#7579,#7580,#7581,#7582));
#1470=EDGE_LOOP('',(#7583,#7584,#7585,#7586));
#1471=EDGE_LOOP('',(#7587,#7588,#7589,#7590));
#1472=EDGE_LOOP('',(#7591,#7592,#7593,#7594));
#1473=EDGE_LOOP('',(#7595,#7596,#7597,#7598));
#1474=EDGE_LOOP('',(#7599,#7600,#7601,#7602));
#1475=EDGE_LOOP('',(#7603,#7604,#7605,#7606));
#1476=EDGE_LOOP('',(#7607,#7608,#7609,#7610));
#1477=EDGE_LOOP('',(#7611,#7612,#7613,#7614));
#1478=EDGE_LOOP('',(#7615,#7616,#7617,#7618));
#1479=EDGE_LOOP('',(#7619,#7620,#7621,#7622));
#1480=EDGE_LOOP('',(#7623,#7624,#7625,#7626));
#1481=EDGE_LOOP('',(#7627,#7628,#7629,#7630));
#1482=EDGE_LOOP('',(#7631,#7632,#7633,#7634));
#1483=EDGE_LOOP('',(#7635,#7636,#7637,#7638));
#1484=EDGE_LOOP('',(#7639,#7640,#7641,#7642));
#1485=EDGE_LOOP('',(#7643,#7644,#7645,#7646));
#1486=EDGE_LOOP('',(#7647,#7648,#7649,#7650));
#1487=EDGE_LOOP('',(#7651,#7652,#7653,#7654));
#1488=EDGE_LOOP('',(#7655,#7656,#7657,#7658));
#1489=EDGE_LOOP('',(#7659,#7660,#7661,#7662));
#1490=EDGE_LOOP('',(#7663,#7664,#7665,#7666));
#1491=EDGE_LOOP('',(#7667,#7668,#7669,#7670));
#1492=EDGE_LOOP('',(#7671,#7672,#7673,#7674));
#1493=EDGE_LOOP('',(#7675,#7676,#7677,#7678));
#1494=EDGE_LOOP('',(#7679,#7680,#7681,#7682));
#1495=EDGE_LOOP('',(#7683,#7684,#7685,#7686));
#1496=EDGE_LOOP('',(#7687,#7688,#7689,#7690));
#1497=EDGE_LOOP('',(#7691,#7692,#7693,#7694));
#1498=EDGE_LOOP('',(#7695,#7696,#7697,#7698));
#1499=EDGE_LOOP('',(#7699,#7700,#7701,#7702));
#1500=EDGE_LOOP('',(#7703,#7704,#7705,#7706));
#1501=EDGE_LOOP('',(#7707,#7708,#7709,#7710));
#1502=EDGE_LOOP('',(#7711,#7712,#7713,#7714));
#1503=EDGE_LOOP('',(#7715,#7716,#7717,#7718));
#1504=EDGE_LOOP('',(#7719,#7720,#7721,#7722));
#1505=EDGE_LOOP('',(#7723,#7724,#7725,#7726));
#1506=EDGE_LOOP('',(#7727,#7728,#7729,#7730));
#1507=EDGE_LOOP('',(#7731,#7732,#7733,#7734));
#1508=EDGE_LOOP('',(#7735,#7736,#7737,#7738));
#1509=EDGE_LOOP('',(#7739,#7740,#7741,#7742));
#1510=EDGE_LOOP('',(#7743,#7744,#7745,#7746));
#1511=EDGE_LOOP('',(#7747,#7748,#7749,#7750));
#1512=EDGE_LOOP('',(#7751,#7752,#7753,#7754));
#1513=EDGE_LOOP('',(#7755,#7756,#7757,#7758));
#1514=EDGE_LOOP('',(#7759,#7760,#7761,#7762));
#1515=EDGE_LOOP('',(#7763,#7764,#7765,#7766));
#1516=EDGE_LOOP('',(#7767,#7768,#7769,#7770));
#1517=EDGE_LOOP('',(#7771,#7772,#7773,#7774));
#1518=EDGE_LOOP('',(#7775,#7776,#7777,#7778));
#1519=EDGE_LOOP('',(#7779,#7780,#7781,#7782));
#1520=EDGE_LOOP('',(#7783,#7784,#7785,#7786));
#1521=EDGE_LOOP('',(#7787,#7788,#7789,#7790));
#1522=EDGE_LOOP('',(#7791,#7792,#7793,#7794));
#1523=EDGE_LOOP('',(#7795,#7796,#7797,#7798));
#1524=EDGE_LOOP('',(#7799,#7800,#7801,#7802));
#1525=EDGE_LOOP('',(#7803,#7804,#7805,#7806));
#1526=EDGE_LOOP('',(#7807,#7808,#7809,#7810));
#1527=EDGE_LOOP('',(#7811,#7812,#7813,#7814));
#1528=EDGE_LOOP('',(#7815,#7816,#7817,#7818));
#1529=EDGE_LOOP('',(#7819,#7820,#7821,#7822));
#1530=EDGE_LOOP('',(#7823,#7824,#7825,#7826));
#1531=EDGE_LOOP('',(#7827,#7828,#7829,#7830));
#1532=EDGE_LOOP('',(#7831,#7832,#7833,#7834));
#1533=EDGE_LOOP('',(#7835,#7836,#7837,#7838));
#1534=EDGE_LOOP('',(#7839,#7840,#7841,#7842));
#1535=EDGE_LOOP('',(#7843,#7844,#7845,#7846));
#1536=EDGE_LOOP('',(#7847,#7848,#7849,#7850));
#1537=EDGE_LOOP('',(#7851,#7852,#7853,#7854));
#1538=EDGE_LOOP('',(#7855));
#1539=EDGE_LOOP('',(#7856));
#1540=EDGE_LOOP('',(#7857));
#1541=EDGE_LOOP('',(#7858));
#1542=EDGE_LOOP('',(#7859));
#1543=EDGE_LOOP('',(#7860));
#1544=EDGE_LOOP('',(#7861));
#1545=EDGE_LOOP('',(#7862));
#1546=EDGE_LOOP('',(#7863,#7864,#7865,#7866));
#1547=EDGE_LOOP('',(#7867,#7868,#7869,#7870));
#1548=EDGE_LOOP('',(#7871,#7872,#7873,#7874,#7875,#7876));
#1549=EDGE_LOOP('',(#7877,#7878,#7879,#7880));
#1550=EDGE_LOOP('',(#7881,#7882,#7883,#7884,#7885));
#1551=EDGE_LOOP('',(#7886,#7887,#7888,#7889,#7890,#7891));
#1552=EDGE_LOOP('',(#7892,#7893,#7894,#7895,#7896,#7897));
#1553=EDGE_LOOP('',(#7898,#7899,#7900,#7901));
#1554=EDGE_LOOP('',(#7902,#7903,#7904,#7905,#7906,#7907,#7908,#7909));
#1555=EDGE_LOOP('',(#7910,#7911,#7912,#7913));
#1556=EDGE_LOOP('',(#7914,#7915,#7916,#7917,#7918));
#1557=EDGE_LOOP('',(#7919,#7920,#7921,#7922));
#1558=EDGE_LOOP('',(#7923,#7924,#7925,#7926));
#1559=EDGE_LOOP('',(#7927,#7928,#7929,#7930));
#1560=EDGE_LOOP('',(#7931,#7932,#7933,#7934));
#1561=EDGE_LOOP('',(#7935,#7936,#7937,#7938,#7939));
#1562=EDGE_LOOP('',(#7940,#7941,#7942,#7943,#7944,#7945));
#1563=EDGE_LOOP('',(#7946));
#1564=EDGE_LOOP('',(#7947,#7948,#7949,#7950));
#1565=EDGE_LOOP('',(#7951));
#1566=EDGE_LOOP('',(#7952));
#1567=EDGE_LOOP('',(#7953,#7954,#7955,#7956));
#1568=EDGE_LOOP('',(#7957,#7958,#7959,#7960));
#1569=EDGE_LOOP('',(#7961,#7962,#7963,#7964));
#1570=EDGE_LOOP('',(#7965,#7966,#7967,#7968,#7969));
#1571=EDGE_LOOP('',(#7970,#7971));
#1572=EDGE_LOOP('',(#7972));
#1573=EDGE_LOOP('',(#7973,#7974,#7975,#7976,#7977,#7978));
#1574=EDGE_LOOP('',(#7979,#7980,#7981,#7982,#7983,#7984,#7985,#7986,#7987,
#7988,#7989,#7990,#7991,#7992,#7993,#7994,#7995,#7996,#7997,#7998,#7999,
#8000,#8001,#8002,#8003,#8004,#8005,#8006,#8007,#8008,#8009,#8010,#8011,
#8012,#8013,#8014,#8015,#8016,#8017,#8018));
#1575=EDGE_LOOP('',(#8019,#8020,#8021,#8022,#8023,#8024,#8025));
#1576=EDGE_LOOP('',(#8026,#8027,#8028,#8029,#8030,#8031,#8032,#8033));
#1577=EDGE_LOOP('',(#8034,#8035,#8036,#8037,#8038));
#1578=EDGE_LOOP('',(#8039,#8040,#8041,#8042,#8043));
#1579=EDGE_LOOP('',(#8044,#8045,#8046,#8047));
#1580=EDGE_LOOP('',(#8048,#8049,#8050,#8051,#8052,#8053));
#1581=EDGE_LOOP('',(#8054,#8055,#8056,#8057,#8058));
#1582=EDGE_LOOP('',(#8059,#8060,#8061,#8062,#8063,#8064,#8065));
#1583=EDGE_LOOP('',(#8066,#8067,#8068,#8069));
#1584=EDGE_LOOP('',(#8070,#8071,#8072,#8073,#8074));
#1585=EDGE_LOOP('',(#8075,#8076,#8077,#8078,#8079));
#1586=EDGE_LOOP('',(#8080,#8081,#8082,#8083,#8084,#8085,#8086,#8087));
#1587=EDGE_LOOP('',(#8088,#8089,#8090,#8091));
#1588=EDGE_LOOP('',(#8092,#8093,#8094,#8095,#8096,#8097));
#1589=EDGE_LOOP('',(#8098,#8099,#8100,#8101));
#1590=EDGE_LOOP('',(#8102,#8103,#8104,#8105,#8106));
#1591=EDGE_LOOP('',(#8107,#8108,#8109,#8110));
#1592=EDGE_LOOP('',(#8111));
#1593=EDGE_LOOP('',(#8112));
#1594=EDGE_LOOP('',(#8113,#8114,#8115,#8116));
#1595=EDGE_LOOP('',(#8117));
#1596=EDGE_LOOP('',(#8118));
#1597=EDGE_LOOP('',(#8119,#8120,#8121,#8122,#8123,#8124,#8125));
#1598=EDGE_LOOP('',(#8126,#8127,#8128,#8129));
#1599=EDGE_LOOP('',(#8130,#8131,#8132,#8133));
#1600=EDGE_LOOP('',(#8134,#8135,#8136,#8137));
#1601=EDGE_LOOP('',(#8138,#8139,#8140,#8141));
#1602=EDGE_LOOP('',(#8142,#8143,#8144,#8145));
#1603=EDGE_LOOP('',(#8146,#8147,#8148,#8149));
#1604=EDGE_LOOP('',(#8150,#8151,#8152,#8153));
#1605=EDGE_LOOP('',(#8154,#8155,#8156,#8157));
#1606=EDGE_LOOP('',(#8158,#8159,#8160,#8161,#8162,#8163));
#1607=EDGE_LOOP('',(#8164,#8165,#8166,#8167));
#1608=EDGE_LOOP('',(#8168,#8169,#8170,#8171));
#1609=EDGE_LOOP('',(#8172,#8173,#8174,#8175,#8176,#8177,#8178,#8179));
#1610=EDGE_LOOP('',(#8180,#8181,#8182,#8183));
#1611=EDGE_LOOP('',(#8184,#8185,#8186,#8187));
#1612=EDGE_LOOP('',(#8188,#8189,#8190,#8191));
#1613=EDGE_LOOP('',(#8192,#8193,#8194,#8195));
#1614=EDGE_LOOP('',(#8196,#8197,#8198,#8199));
#1615=EDGE_LOOP('',(#8200,#8201,#8202,#8203));
#1616=EDGE_LOOP('',(#8204,#8205,#8206,#8207));
#1617=EDGE_LOOP('',(#8208,#8209,#8210,#8211));
#1618=EDGE_LOOP('',(#8212,#8213,#8214,#8215,#8216));
#1619=EDGE_LOOP('',(#8217,#8218,#8219,#8220,#8221,#8222));
#1620=EDGE_LOOP('',(#8223,#8224,#8225,#8226));
#1621=EDGE_LOOP('',(#8227,#8228,#8229,#8230));
#1622=EDGE_LOOP('',(#8231,#8232,#8233,#8234,#8235,#8236,#8237,#8238));
#1623=EDGE_LOOP('',(#8239,#8240,#8241,#8242));
#1624=EDGE_LOOP('',(#8243,#8244,#8245,#8246,#8247,#8248,#8249,#8250,#8251,
#8252,#8253,#8254,#8255,#8256,#8257,#8258,#8259,#8260,#8261,#8262,#8263,
#8264,#8265,#8266,#8267,#8268,#8269,#8270,#8271,#8272));
#1625=EDGE_LOOP('',(#8273));
#1626=EDGE_LOOP('',(#8274));
#1627=EDGE_LOOP('',(#8275));
#1628=EDGE_LOOP('',(#8276,#8277,#8278,#8279,#8280,#8281,#8282,#8283,#8284));
#1629=EDGE_LOOP('',(#8285));
#1630=EDGE_LOOP('',(#8286));
#1631=EDGE_LOOP('',(#8287));
#1632=EDGE_LOOP('',(#8288,#8289,#8290,#8291));
#1633=EDGE_LOOP('',(#8292,#8293,#8294,#8295));
#1634=EDGE_LOOP('',(#8296,#8297,#8298,#8299));
#1635=EDGE_LOOP('',(#8300,#8301,#8302,#8303));
#1636=EDGE_LOOP('',(#8304,#8305,#8306,#8307));
#1637=EDGE_LOOP('',(#8308,#8309,#8310,#8311));
#1638=EDGE_LOOP('',(#8312,#8313,#8314,#8315));
#1639=EDGE_LOOP('',(#8316,#8317,#8318,#8319));
#1640=EDGE_LOOP('',(#8320,#8321,#8322,#8323));
#1641=EDGE_LOOP('',(#8324,#8325,#8326,#8327));
#1642=EDGE_LOOP('',(#8328,#8329,#8330,#8331));
#1643=EDGE_LOOP('',(#8332,#8333,#8334,#8335));
#1644=EDGE_LOOP('',(#8336,#8337,#8338,#8339));
#1645=EDGE_LOOP('',(#8340,#8341,#8342,#8343));
#1646=EDGE_LOOP('',(#8344,#8345,#8346,#8347));
#1647=EDGE_LOOP('',(#8348,#8349,#8350,#8351));
#1648=EDGE_LOOP('',(#8352,#8353,#8354,#8355));
#1649=EDGE_LOOP('',(#8356,#8357,#8358,#8359));
#1650=EDGE_LOOP('',(#8360,#8361,#8362,#8363));
#1651=EDGE_LOOP('',(#8364,#8365,#8366,#8367));
#1652=EDGE_LOOP('',(#8368,#8369,#8370,#8371));
#1653=EDGE_LOOP('',(#8372,#8373,#8374,#8375));
#1654=EDGE_LOOP('',(#8376,#8377,#8378,#8379));
#1655=EDGE_LOOP('',(#8380,#8381,#8382,#8383));
#1656=EDGE_LOOP('',(#8384,#8385,#8386,#8387));
#1657=EDGE_LOOP('',(#8388,#8389,#8390,#8391));
#1658=EDGE_LOOP('',(#8392,#8393,#8394,#8395));
#1659=EDGE_LOOP('',(#8396,#8397,#8398,#8399));
#1660=EDGE_LOOP('',(#8400,#8401,#8402,#8403));
#1661=EDGE_LOOP('',(#8404,#8405,#8406,#8407));
#1662=EDGE_LOOP('',(#8408,#8409,#8410,#8411));
#1663=EDGE_LOOP('',(#8412,#8413,#8414,#8415));
#1664=EDGE_LOOP('',(#8416,#8417,#8418,#8419));
#1665=EDGE_LOOP('',(#8420,#8421,#8422,#8423));
#1666=EDGE_LOOP('',(#8424,#8425,#8426,#8427));
#1667=EDGE_LOOP('',(#8428,#8429,#8430,#8431));
#1668=EDGE_LOOP('',(#8432,#8433,#8434,#8435));
#1669=EDGE_LOOP('',(#8436,#8437,#8438,#8439,#8440));
#1670=EDGE_LOOP('',(#8441,#8442,#8443,#8444));
#1671=EDGE_LOOP('',(#8445,#8446,#8447,#8448));
#1672=EDGE_LOOP('',(#8449,#8450,#8451,#8452));
#1673=EDGE_LOOP('',(#8453,#8454,#8455,#8456));
#1674=EDGE_LOOP('',(#8457,#8458,#8459,#8460));
#1675=EDGE_LOOP('',(#8461,#8462,#8463,#8464,#8465));
#1676=EDGE_LOOP('',(#8466,#8467,#8468,#8469));
#1677=EDGE_LOOP('',(#8470,#8471,#8472,#8473));
#1678=EDGE_LOOP('',(#8474,#8475,#8476,#8477));
#1679=EDGE_LOOP('',(#8478,#8479,#8480,#8481,#8482));
#1680=EDGE_LOOP('',(#8483,#8484,#8485,#8486));
#1681=EDGE_LOOP('',(#8487,#8488,#8489,#8490,#8491,#8492));
#1682=EDGE_LOOP('',(#8493,#8494,#8495,#8496));
#1683=EDGE_LOOP('',(#8497,#8498,#8499,#8500));
#1684=EDGE_LOOP('',(#8501,#8502,#8503,#8504,#8505));
#1685=EDGE_LOOP('',(#8506,#8507,#8508,#8509));
#1686=EDGE_LOOP('',(#8510,#8511,#8512,#8513));
#1687=EDGE_LOOP('',(#8514,#8515,#8516,#8517,#8518));
#1688=EDGE_LOOP('',(#8519,#8520,#8521,#8522,#8523));
#1689=EDGE_LOOP('',(#8524,#8525,#8526,#8527));
#1690=EDGE_LOOP('',(#8528,#8529,#8530,#8531));
#1691=EDGE_LOOP('',(#8532,#8533,#8534,#8535,#8536));
#1692=EDGE_LOOP('',(#8537,#8538,#8539,#8540,#8541,#8542));
#1693=EDGE_LOOP('',(#8543));
#1694=EDGE_LOOP('',(#8544,#8545,#8546,#8547,#8548,#8549));
#1695=EDGE_LOOP('',(#8550,#8551,#8552,#8553,#8554,#8555));
#1696=EDGE_LOOP('',(#8556,#8557,#8558,#8559,#8560));
#1697=EDGE_LOOP('',(#8561,#8562,#8563,#8564));
#1698=EDGE_LOOP('',(#8565,#8566,#8567,#8568,#8569));
#1699=EDGE_LOOP('',(#8570,#8571,#8572,#8573,#8574,#8575));
#1700=EDGE_LOOP('',(#8576));
#1701=EDGE_LOOP('',(#8577,#8578,#8579,#8580));
#1702=EDGE_LOOP('',(#8581,#8582,#8583,#8584));
#1703=EDGE_LOOP('',(#8585,#8586,#8587,#8588));
#1704=EDGE_LOOP('',(#8589,#8590,#8591,#8592));
#1705=EDGE_LOOP('',(#8593,#8594,#8595,#8596));
#1706=EDGE_LOOP('',(#8597,#8598,#8599,#8600,#8601,#8602));
#1707=EDGE_LOOP('',(#8603));
#1708=EDGE_LOOP('',(#8604,#8605,#8606,#8607));
#1709=EDGE_LOOP('',(#8608,#8609,#8610,#8611));
#1710=EDGE_LOOP('',(#8612,#8613,#8614,#8615));
#1711=EDGE_LOOP('',(#8616,#8617,#8618,#8619));
#1712=EDGE_LOOP('',(#8620,#8621,#8622,#8623));
#1713=EDGE_LOOP('',(#8624,#8625,#8626,#8627,#8628,#8629));
#1714=EDGE_LOOP('',(#8630));
#1715=EDGE_LOOP('',(#8631,#8632,#8633,#8634));
#1716=EDGE_LOOP('',(#8635,#8636,#8637,#8638,#8639,#8640,#8641,#8642));
#1717=EDGE_LOOP('',(#8643,#8644,#8645,#8646));
#1718=EDGE_LOOP('',(#8647,#8648,#8649,#8650,#8651,#8652,#8653,#8654));
#1719=EDGE_LOOP('',(#8655,#8656,#8657,#8658));
#1720=EDGE_LOOP('',(#8659,#8660,#8661,#8662,#8663,#8664,#8665,#8666));
#1721=EDGE_LOOP('',(#8667,#8668,#8669,#8670));
#1722=EDGE_LOOP('',(#8671,#8672,#8673,#8674));
#1723=EDGE_LOOP('',(#8675,#8676,#8677,#8678,#8679,#8680,#8681,#8682,#8683,
#8684));
#1724=EDGE_LOOP('',(#8685,#8686,#8687,#8688,#8689));
#1725=EDGE_LOOP('',(#8690,#8691,#8692,#8693));
#1726=EDGE_LOOP('',(#8694,#8695,#8696,#8697,#8698));
#1727=EDGE_LOOP('',(#8699,#8700,#8701,#8702));
#1728=EDGE_LOOP('',(#8703,#8704,#8705,#8706));
#1729=EDGE_LOOP('',(#8707,#8708,#8709,#8710,#8711));
#1730=EDGE_LOOP('',(#8712,#8713,#8714,#8715));
#1731=EDGE_LOOP('',(#8716,#8717,#8718,#8719,#8720));
#1732=EDGE_LOOP('',(#8721,#8722,#8723,#8724));
#1733=EDGE_LOOP('',(#8725,#8726,#8727,#8728,#8729,#8730));
#1734=EDGE_LOOP('',(#8731,#8732,#8733,#8734));
#1735=LINE('',#13471,#2544);
#1736=LINE('',#13476,#2545);
#1737=LINE('',#13480,#2546);
#1738=LINE('',#13483,#2547);
#1739=LINE('',#13492,#2548);
#1740=LINE('',#13499,#2549);
#1741=LINE('',#13503,#2550);
#1742=LINE('',#13506,#2551);
#1743=LINE('',#13515,#2552);
#1744=LINE('',#13520,#2553);
#1745=LINE('',#13523,#2554);
#1746=LINE('',#13527,#2555);
#1747=LINE('',#13536,#2556);
#1748=LINE('',#13541,#2557);
#1749=LINE('',#13544,#2558);
#1750=LINE('',#13548,#2559);
#1751=LINE('',#13565,#2560);
#1752=LINE('',#13570,#2561);
#1753=LINE('',#13583,#2562);
#1754=LINE('',#13594,#2563);
#1755=LINE('',#13599,#2564);
#1756=LINE('',#13608,#2565);
#1757=LINE('',#13612,#2566);
#1758=LINE('',#13616,#2567);
#1759=LINE('',#13621,#2568);
#1760=LINE('',#13625,#2569);
#1761=LINE('',#13633,#2570);
#1762=LINE('',#13637,#2571);
#1763=LINE('',#13641,#2572);
#1764=LINE('',#13645,#2573);
#1765=LINE('',#13649,#2574);
#1766=LINE('',#13653,#2575);
#1767=LINE('',#13659,#2576);
#1768=LINE('',#13663,#2577);
#1769=LINE('',#13666,#2578);
#1770=LINE('',#13671,#2579);
#1771=LINE('',#13677,#2580);
#1772=LINE('',#13681,#2581);
#1773=LINE('',#13685,#2582);
#1774=LINE('',#13689,#2583);
#1775=LINE('',#13693,#2584);
#1776=LINE('',#13697,#2585);
#1777=LINE('',#13701,#2586);
#1778=LINE('',#13705,#2587);
#1779=LINE('',#13715,#2588);
#1780=LINE('',#13718,#2589);
#1781=LINE('',#13729,#2590);
#1782=LINE('',#13733,#2591);
#1783=LINE('',#13737,#2592);
#1784=LINE('',#13741,#2593);
#1785=LINE('',#13749,#2594);
#1786=LINE('',#13753,#2595);
#1787=LINE('',#13757,#2596);
#1788=LINE('',#13761,#2597);
#1789=LINE('',#13765,#2598);
#1790=LINE('',#13769,#2599);
#1791=LINE('',#13777,#2600);
#1792=LINE('',#13781,#2601);
#1793=LINE('',#13785,#2602);
#1794=LINE('',#13791,#2603);
#1795=LINE('',#13799,#2604);
#1796=LINE('',#13802,#2605);
#1797=LINE('',#13805,#2606);
#1798=LINE('',#13813,#2607);
#1799=LINE('',#13821,#2608);
#1800=LINE('',#13827,#2609);
#1801=LINE('',#13831,#2610);
#1802=LINE('',#13835,#2611);
#1803=LINE('',#13848,#2612);
#1804=LINE('',#13855,#2613);
#1805=LINE('',#13871,#2614);
#1806=LINE('',#13881,#2615);
#1807=LINE('',#13897,#2616);
#1808=LINE('',#13903,#2617);
#1809=LINE('',#13905,#2618);
#1810=LINE('',#13909,#2619);
#1811=LINE('',#13910,#2620);
#1812=LINE('',#13914,#2621);
#1813=LINE('',#13917,#2622);
#1814=LINE('',#13918,#2623);
#1815=LINE('',#13922,#2624);
#1816=LINE('',#13925,#2625);
#1817=LINE('',#13926,#2626);
#1818=LINE('',#13930,#2627);
#1819=LINE('',#13935,#2628);
#1820=LINE('',#13937,#2629);
#1821=LINE('',#13938,#2630);
#1822=LINE('',#13941,#2631);
#1823=LINE('',#13945,#2632);
#1824=LINE('',#13946,#2633);
#1825=LINE('',#13949,#2634);
#1826=LINE('',#13953,#2635);
#1827=LINE('',#13955,#2636);
#1828=LINE('',#13956,#2637);
#1829=LINE('',#13960,#2638);
#1830=LINE('',#13963,#2639);
#1831=LINE('',#13964,#2640);
#1832=LINE('',#13968,#2641);
#1833=LINE('',#13972,#2642);
#1834=LINE('',#13976,#2643);
#1835=LINE('',#13979,#2644);
#1836=LINE('',#13980,#2645);
#1837=LINE('',#13985,#2646);
#1838=LINE('',#13988,#2647);
#1839=LINE('',#13991,#2648);
#1840=LINE('',#13992,#2649);
#1841=LINE('',#13995,#2650);
#1842=LINE('',#13999,#2651);
#1843=LINE('',#14000,#2652);
#1844=LINE('',#14003,#2653);
#1845=LINE('',#14005,#2654);
#1846=LINE('',#14006,#2655);
#1847=LINE('',#14010,#2656);
#1848=LINE('',#14014,#2657);
#1849=LINE('',#14018,#2658);
#1850=LINE('',#14021,#2659);
#1851=LINE('',#14022,#2660);
#1852=LINE('',#14026,#2661);
#1853=LINE('',#14030,#2662);
#1854=LINE('',#14034,#2663);
#1855=LINE('',#14037,#2664);
#1856=LINE('',#14038,#2665);
#1857=LINE('',#14043,#2666);
#1858=LINE('',#14045,#2667);
#1859=LINE('',#14046,#2668);
#1860=LINE('',#14049,#2669);
#1861=LINE('',#14053,#2670);
#1862=LINE('',#14057,#2671);
#1863=LINE('',#14061,#2672);
#1864=LINE('',#14062,#2673);
#1865=LINE('',#14065,#2674);
#1866=LINE('',#14067,#2675);
#1867=LINE('',#14068,#2676);
#1868=LINE('',#14072,#2677);
#1869=LINE('',#14075,#2678);
#1870=LINE('',#14076,#2679);
#1871=LINE('',#14080,#2680);
#1872=LINE('',#14083,#2681);
#1873=LINE('',#14084,#2682);
#1874=LINE('',#14088,#2683);
#1875=LINE('',#14091,#2684);
#1876=LINE('',#14092,#2685);
#1877=LINE('',#14096,#2686);
#1878=LINE('',#14099,#2687);
#1879=LINE('',#14100,#2688);
#1880=LINE('',#14105,#2689);
#1881=LINE('',#14107,#2690);
#1882=LINE('',#14108,#2691);
#1883=LINE('',#14111,#2692);
#1884=LINE('',#14115,#2693);
#1885=LINE('',#14116,#2694);
#1886=LINE('',#14119,#2695);
#1887=LINE('',#14123,#2696);
#1888=LINE('',#14124,#2697);
#1889=LINE('',#14127,#2698);
#1890=LINE('',#14130,#2699);
#1891=LINE('',#14133,#2700);
#1892=LINE('',#14134,#2701);
#1893=LINE('',#14137,#2702);
#1894=LINE('',#14141,#2703);
#1895=LINE('',#14142,#2704);
#1896=LINE('',#14145,#2705);
#1897=LINE('',#14149,#2706);
#1898=LINE('',#14153,#2707);
#1899=LINE('',#14156,#2708);
#1900=LINE('',#14159,#2709);
#1901=LINE('',#14162,#2710);
#1902=LINE('',#14165,#2711);
#1903=LINE('',#14169,#2712);
#1904=LINE('',#14170,#2713);
#1905=LINE('',#14173,#2714);
#1906=LINE('',#14177,#2715);
#1907=LINE('',#14180,#2716);
#1908=LINE('',#14183,#2717);
#1909=LINE('',#14184,#2718);
#1910=LINE('',#14187,#2719);
#1911=LINE('',#14191,#2720);
#1912=LINE('',#14192,#2721);
#1913=LINE('',#14195,#2722);
#1914=LINE('',#14198,#2723);
#1915=LINE('',#14201,#2724);
#1916=LINE('',#14204,#2725);
#1917=LINE('',#14207,#2726);
#1918=LINE('',#14208,#2727);
#1919=LINE('',#14211,#2728);
#1920=LINE('',#14215,#2729);
#1921=LINE('',#14217,#2730);
#1922=LINE('',#14218,#2731);
#1923=LINE('',#14222,#2732);
#1924=LINE('',#14225,#2733);
#1925=LINE('',#14226,#2734);
#1926=LINE('',#14230,#2735);
#1927=LINE('',#14233,#2736);
#1928=LINE('',#14234,#2737);
#1929=LINE('',#14239,#2738);
#1930=LINE('',#14241,#2739);
#1931=LINE('',#14242,#2740);
#1932=LINE('',#14245,#2741);
#1933=LINE('',#14249,#2742);
#1934=LINE('',#14250,#2743);
#1935=LINE('',#14255,#2744);
#1936=LINE('',#14262,#2745);
#1937=LINE('',#14266,#2746);
#1938=LINE('',#14267,#2747);
#1939=LINE('',#14277,#2748);
#1940=LINE('',#14278,#2749);
#1941=LINE('',#14283,#2750);
#1942=LINE('',#14286,#2751);
#1943=LINE('',#14289,#2752);
#1944=LINE('',#14290,#2753);
#1945=LINE('',#14293,#2754);
#1946=LINE('',#14297,#2755);
#1947=LINE('',#14299,#2756);
#1948=LINE('',#14300,#2757);
#1949=LINE('',#14304,#2758);
#1950=LINE('',#14307,#2759);
#1951=LINE('',#14308,#2760);
#1952=LINE('',#14312,#2761);
#1953=LINE('',#14315,#2762);
#1954=LINE('',#14316,#2763);
#1955=LINE('',#14320,#2764);
#1956=LINE('',#14324,#2765);
#1957=LINE('',#14329,#2766);
#1958=LINE('',#14332,#2767);
#1959=LINE('',#14335,#2768);
#1960=LINE('',#14336,#2769);
#1961=LINE('',#14339,#2770);
#1962=LINE('',#14343,#2771);
#1963=LINE('',#14344,#2772);
#1964=LINE('',#14347,#2773);
#1965=LINE('',#14349,#2774);
#1966=LINE('',#14350,#2775);
#1967=LINE('',#14354,#2776);
#1968=LINE('',#14357,#2777);
#1969=LINE('',#14358,#2778);
#1970=LINE('',#14362,#2779);
#1971=LINE('',#14365,#2780);
#1972=LINE('',#14366,#2781);
#1973=LINE('',#14371,#2782);
#1974=LINE('',#14373,#2783);
#1975=LINE('',#14374,#2784);
#1976=LINE('',#14377,#2785);
#1977=LINE('',#14381,#2786);
#1978=LINE('',#14382,#2787);
#1979=LINE('',#14385,#2788);
#1980=LINE('',#14387,#2789);
#1981=LINE('',#14388,#2790);
#1982=LINE('',#14392,#2791);
#1983=LINE('',#14395,#2792);
#1984=LINE('',#14396,#2793);
#1985=LINE('',#14400,#2794);
#1986=LINE('',#14403,#2795);
#1987=LINE('',#14404,#2796);
#1988=LINE('',#14409,#2797);
#1989=LINE('',#14411,#2798);
#1990=LINE('',#14412,#2799);
#1991=LINE('',#14415,#2800);
#1992=LINE('',#14419,#2801);
#1993=LINE('',#14420,#2802);
#1994=LINE('',#14423,#2803);
#1995=LINE('',#14425,#2804);
#1996=LINE('',#14426,#2805);
#1997=LINE('',#14430,#2806);
#1998=LINE('',#14433,#2807);
#1999=LINE('',#14434,#2808);
#2000=LINE('',#14438,#2809);
#2001=LINE('',#14441,#2810);
#2002=LINE('',#14442,#2811);
#2003=LINE('',#14446,#2812);
#2004=LINE('',#14449,#2813);
#2005=LINE('',#14450,#2814);
#2006=LINE('',#14455,#2815);
#2007=LINE('',#14458,#2816);
#2008=LINE('',#14461,#2817);
#2009=LINE('',#14462,#2818);
#2010=LINE('',#14465,#2819);
#2011=LINE('',#14469,#2820);
#2012=LINE('',#14470,#2821);
#2013=LINE('',#14473,#2822);
#2014=LINE('',#14475,#2823);
#2015=LINE('',#14476,#2824);
#2016=LINE('',#14480,#2825);
#2017=LINE('',#14483,#2826);
#2018=LINE('',#14484,#2827);
#2019=LINE('',#14488,#2828);
#2020=LINE('',#14491,#2829);
#2021=LINE('',#14492,#2830);
#2022=LINE('',#14496,#2831);
#2023=LINE('',#14499,#2832);
#2024=LINE('',#14500,#2833);
#2025=LINE('',#14504,#2834);
#2026=LINE('',#14508,#2835);
#2027=LINE('',#14513,#2836);
#2028=LINE('',#14515,#2837);
#2029=LINE('',#14516,#2838);
#2030=LINE('',#14519,#2839);
#2031=LINE('',#14523,#2840);
#2032=LINE('',#14524,#2841);
#2033=LINE('',#14527,#2842);
#2034=LINE('',#14531,#2843);
#2035=LINE('',#14532,#2844);
#2036=LINE('',#14535,#2845);
#2037=LINE('',#14544,#2846);
#2038=LINE('',#14545,#2847);
#2039=LINE('',#14548,#2848);
#2040=LINE('',#14552,#2849);
#2041=LINE('',#14553,#2850);
#2042=LINE('',#14556,#2851);
#2043=LINE('',#14562,#2852);
#2044=LINE('',#14565,#2853);
#2045=LINE('',#14568,#2854);
#2046=LINE('',#14572,#2855);
#2047=LINE('',#14576,#2856);
#2048=LINE('',#14579,#2857);
#2049=LINE('',#14582,#2858);
#2050=LINE('',#14588,#2859);
#2051=LINE('',#14592,#2860);
#2052=LINE('',#14598,#2861);
#2053=LINE('',#14625,#2862);
#2054=LINE('',#14642,#2863);
#2055=LINE('',#14648,#2864);
#2056=LINE('',#14673,#2865);
#2057=LINE('',#14675,#2866);
#2058=LINE('',#14677,#2867);
#2059=LINE('',#14678,#2868);
#2060=LINE('',#14683,#2869);
#2061=LINE('',#14687,#2870);
#2062=LINE('',#14692,#2871);
#2063=LINE('',#14696,#2872);
#2064=LINE('',#14697,#2873);
#2065=LINE('',#14700,#2874);
#2066=LINE('',#14704,#2875);
#2067=LINE('',#14705,#2876);
#2068=LINE('',#14710,#2877);
#2069=LINE('',#14712,#2878);
#2070=LINE('',#14714,#2879);
#2071=LINE('',#14720,#2880);
#2072=LINE('',#14724,#2881);
#2073=LINE('',#14728,#2882);
#2074=LINE('',#14732,#2883);
#2075=LINE('',#14735,#2884);
#2076=LINE('',#14740,#2885);
#2077=LINE('',#14748,#2886);
#2078=LINE('',#14755,#2887);
#2079=LINE('',#14760,#2888);
#2080=LINE('',#14764,#2889);
#2081=LINE('',#14768,#2890);
#2082=LINE('',#14772,#2891);
#2083=LINE('',#14775,#2892);
#2084=LINE('',#14778,#2893);
#2085=LINE('',#14782,#2894);
#2086=LINE('',#14786,#2895);
#2087=LINE('',#14790,#2896);
#2088=LINE('',#14794,#2897);
#2089=LINE('',#14798,#2898);
#2090=LINE('',#14802,#2899);
#2091=LINE('',#14808,#2900);
#2092=LINE('',#14814,#2901);
#2093=LINE('',#14828,#2902);
#2094=LINE('',#14832,#2903);
#2095=LINE('',#14836,#2904);
#2096=LINE('',#14840,#2905);
#2097=LINE('',#14848,#2906);
#2098=LINE('',#14852,#2907);
#2099=LINE('',#14856,#2908);
#2100=LINE('',#14860,#2909);
#2101=LINE('',#14868,#2910);
#2102=LINE('',#14872,#2911);
#2103=LINE('',#14876,#2912);
#2104=LINE('',#14880,#2913);
#2105=LINE('',#14900,#2914);
#2106=LINE('',#14904,#2915);
#2107=LINE('',#14908,#2916);
#2108=LINE('',#14912,#2917);
#2109=LINE('',#14916,#2918);
#2110=LINE('',#14920,#2919);
#2111=LINE('',#14924,#2920);
#2112=LINE('',#14930,#2921);
#2113=LINE('',#14934,#2922);
#2114=LINE('',#14942,#2923);
#2115=LINE('',#14946,#2924);
#2116=LINE('',#14949,#2925);
#2117=LINE('',#14951,#2926);
#2118=LINE('',#14954,#2927);
#2119=LINE('',#14956,#2928);
#2120=LINE('',#14958,#2929);
#2121=LINE('',#14960,#2930);
#2122=LINE('',#14962,#2931);
#2123=LINE('',#14964,#2932);
#2124=LINE('',#14967,#2933);
#2125=LINE('',#14971,#2934);
#2126=LINE('',#14975,#2935);
#2127=LINE('',#14978,#2936);
#2128=LINE('',#14980,#2937);
#2129=LINE('',#14982,#2938);
#2130=LINE('',#14984,#2939);
#2131=LINE('',#14986,#2940);
#2132=LINE('',#14989,#2941);
#2133=LINE('',#14992,#2942);
#2134=LINE('',#14994,#2943);
#2135=LINE('',#14996,#2944);
#2136=LINE('',#14998,#2945);
#2137=LINE('',#15001,#2946);
#2138=LINE('',#15004,#2947);
#2139=LINE('',#15006,#2948);
#2140=LINE('',#15008,#2949);
#2141=LINE('',#15011,#2950);
#2142=LINE('',#15014,#2951);
#2143=LINE('',#15016,#2952);
#2144=LINE('',#15018,#2953);
#2145=LINE('',#15020,#2954);
#2146=LINE('',#15022,#2955);
#2147=LINE('',#15024,#2956);
#2148=LINE('',#15027,#2957);
#2149=LINE('',#15031,#2958);
#2150=LINE('',#15032,#2959);
#2151=LINE('',#15035,#2960);
#2152=LINE('',#15038,#2961);
#2153=LINE('',#15040,#2962);
#2154=LINE('',#15042,#2963);
#2155=LINE('',#15044,#2964);
#2156=LINE('',#15046,#2965);
#2157=LINE('',#15049,#2966);
#2158=LINE('',#15056,#2967);
#2159=LINE('',#15057,#2968);
#2160=LINE('',#15061,#2969);
#2161=LINE('',#15063,#2970);
#2162=LINE('',#15064,#2971);
#2163=LINE('',#15066,#2972);
#2164=LINE('',#15069,#2973);
#2165=LINE('',#15070,#2974);
#2166=LINE('',#15074,#2975);
#2167=LINE('',#15076,#2976);
#2168=LINE('',#15077,#2977);
#2169=LINE('',#15081,#2978);
#2170=LINE('',#15083,#2979);
#2171=LINE('',#15084,#2980);
#2172=LINE('',#15086,#2981);
#2173=LINE('',#15088,#2982);
#2174=LINE('',#15090,#2983);
#2175=LINE('',#15092,#2984);
#2176=LINE('',#15096,#2985);
#2177=LINE('',#15098,#2986);
#2178=LINE('',#15100,#2987);
#2179=LINE('',#15102,#2988);
#2180=LINE('',#15103,#2989);
#2181=LINE('',#15105,#2990);
#2182=LINE('',#15107,#2991);
#2183=LINE('',#15111,#2992);
#2184=LINE('',#15114,#2993);
#2185=LINE('',#15115,#2994);
#2186=LINE('',#15120,#2995);
#2187=LINE('',#15122,#2996);
#2188=LINE('',#15123,#2997);
#2189=LINE('',#15126,#2998);
#2190=LINE('',#15128,#2999);
#2191=LINE('',#15130,#3000);
#2192=LINE('',#15132,#3001);
#2193=LINE('',#15136,#3002);
#2194=LINE('',#15138,#3003);
#2195=LINE('',#15141,#3004);
#2196=LINE('',#15143,#3005);
#2197=LINE('',#15148,#3006);
#2198=LINE('',#15151,#3007);
#2199=LINE('',#15152,#3008);
#2200=LINE('',#15155,#3009);
#2201=LINE('',#15157,#3010);
#2202=LINE('',#15159,#3011);
#2203=LINE('',#15161,#3012);
#2204=LINE('',#15163,#3013);
#2205=LINE('',#15165,#3014);
#2206=LINE('',#15169,#3015);
#2207=LINE('',#15171,#3016);
#2208=LINE('',#15173,#3017);
#2209=LINE('',#15175,#3018);
#2210=LINE('',#15177,#3019);
#2211=LINE('',#15183,#3020);
#2212=LINE('',#15191,#3021);
#2213=LINE('',#15195,#3022);
#2214=LINE('',#15196,#3023);
#2215=LINE('',#15235,#3024);
#2216=LINE('',#15248,#3025);
#2217=LINE('',#15255,#3026);
#2218=LINE('',#15257,#3027);
#2219=LINE('',#15260,#3028);
#2220=LINE('',#15263,#3029);
#2221=LINE('',#15268,#3030);
#2222=LINE('',#15271,#3031);
#2223=LINE('',#15276,#3032);
#2224=LINE('',#15279,#3033);
#2225=LINE('',#15284,#3034);
#2226=LINE('',#15287,#3035);
#2227=LINE('',#15292,#3036);
#2228=LINE('',#15295,#3037);
#2229=LINE('',#15300,#3038);
#2230=LINE('',#15303,#3039);
#2231=LINE('',#15308,#3040);
#2232=LINE('',#15311,#3041);
#2233=LINE('',#15316,#3042);
#2234=LINE('',#15319,#3043);
#2235=LINE('',#15324,#3044);
#2236=LINE('',#15326,#3045);
#2237=LINE('',#15328,#3046);
#2238=LINE('',#15329,#3047);
#2239=LINE('',#15331,#3048);
#2240=LINE('',#15333,#3049);
#2241=LINE('',#15335,#3050);
#2242=LINE('',#15337,#3051);
#2243=LINE('',#15341,#3052);
#2244=LINE('',#15344,#3053);
#2245=LINE('',#15349,#3054);
#2246=LINE('',#15352,#3055);
#2247=LINE('',#15353,#3056);
#2248=LINE('',#15354,#3057);
#2249=LINE('',#15358,#3058);
#2250=LINE('',#15360,#3059);
#2251=LINE('',#15361,#3060);
#2252=LINE('',#15363,#3061);
#2253=LINE('',#15365,#3062);
#2254=LINE('',#15368,#3063);
#2255=LINE('',#15370,#3064);
#2256=LINE('',#15374,#3065);
#2257=LINE('',#15375,#3066);
#2258=LINE('',#15376,#3067);
#2259=LINE('',#15380,#3068);
#2260=LINE('',#15383,#3069);
#2261=LINE('',#15384,#3070);
#2262=LINE('',#15387,#3071);
#2263=LINE('',#15389,#3072);
#2264=LINE('',#15391,#3073);
#2265=LINE('',#15393,#3074);
#2266=LINE('',#15396,#3075);
#2267=LINE('',#15398,#3076);
#2268=LINE('',#15400,#3077);
#2269=LINE('',#15403,#3078);
#2270=LINE('',#15404,#3079);
#2271=LINE('',#15406,#3080);
#2272=LINE('',#15409,#3081);
#2273=LINE('',#15414,#3082);
#2274=LINE('',#15417,#3083);
#2275=LINE('',#15418,#3084);
#2276=LINE('',#15421,#3085);
#2277=LINE('',#15423,#3086);
#2278=LINE('',#15426,#3087);
#2279=LINE('',#15427,#3088);
#2280=LINE('',#15432,#3089);
#2281=LINE('',#15434,#3090);
#2282=LINE('',#15436,#3091);
#2283=LINE('',#15439,#3092);
#2284=LINE('',#15441,#3093);
#2285=LINE('',#15445,#3094);
#2286=LINE('',#15447,#3095);
#2287=LINE('',#15451,#3096);
#2288=LINE('',#15453,#3097);
#2289=LINE('',#15455,#3098);
#2290=LINE('',#15457,#3099);
#2291=LINE('',#15469,#3100);
#2292=LINE('',#15475,#3101);
#2293=LINE('',#15479,#3102);
#2294=LINE('',#15481,#3103);
#2295=LINE('',#15482,#3104);
#2296=LINE('',#15485,#3105);
#2297=LINE('',#15487,#3106);
#2298=LINE('',#15488,#3107);
#2299=LINE('',#15491,#3108);
#2300=LINE('',#15495,#3109);
#2301=LINE('',#15496,#3110);
#2302=LINE('',#15499,#3111);
#2303=LINE('',#15505,#3112);
#2304=LINE('',#15509,#3113);
#2305=LINE('',#15511,#3114);
#2306=LINE('',#15512,#3115);
#2307=LINE('',#15515,#3116);
#2308=LINE('',#15518,#3117);
#2309=LINE('',#15519,#3118);
#2310=LINE('',#15521,#3119);
#2311=LINE('',#15524,#3120);
#2312=LINE('',#15525,#3121);
#2313=LINE('',#15528,#3122);
#2314=LINE('',#15530,#3123);
#2315=LINE('',#15531,#3124);
#2316=LINE('',#15536,#3125);
#2317=LINE('',#15539,#3126);
#2318=LINE('',#15540,#3127);
#2319=LINE('',#15543,#3128);
#2320=LINE('',#15546,#3129);
#2321=LINE('',#15565,#3130);
#2322=LINE('',#15568,#3131);
#2323=LINE('',#15618,#3132);
#2324=LINE('',#15624,#3133);
#2325=LINE('',#15628,#3134);
#2326=LINE('',#15634,#3135);
#2327=LINE('',#15636,#3136);
#2328=LINE('',#15640,#3137);
#2329=LINE('',#15644,#3138);
#2330=LINE('',#15646,#3139);
#2331=LINE('',#15648,#3140);
#2332=LINE('',#15650,#3141);
#2333=LINE('',#15652,#3142);
#2334=LINE('',#15656,#3143);
#2335=LINE('',#15660,#3144);
#2336=LINE('',#15662,#3145);
#2337=LINE('',#15664,#3146);
#2338=LINE('',#15666,#3147);
#2339=LINE('',#15668,#3148);
#2340=LINE('',#15672,#3149);
#2341=LINE('',#15678,#3150);
#2342=LINE('',#15680,#3151);
#2343=LINE('',#15682,#3152);
#2344=LINE('',#15688,#3153);
#2345=LINE('',#15739,#3154);
#2346=LINE('',#15741,#3155);
#2347=LINE('',#15745,#3156);
#2348=LINE('',#15800,#3157);
#2349=LINE('',#15803,#3158);
#2350=LINE('',#15839,#3159);
#2351=LINE('',#15845,#3160);
#2352=LINE('',#15849,#3161);
#2353=LINE('',#15852,#3162);
#2354=LINE('',#15855,#3163);
#2355=LINE('',#15859,#3164);
#2356=LINE('',#15862,#3165);
#2357=LINE('',#15865,#3166);
#2358=LINE('',#15866,#3167);
#2359=LINE('',#15964,#3168);
#2360=LINE('',#15968,#3169);
#2361=LINE('',#15977,#3170);
#2362=LINE('',#15984,#3171);
#2363=LINE('',#15987,#3172);
#2364=LINE('',#15988,#3173);
#2365=LINE('',#15992,#3174);
#2366=LINE('',#15994,#3175);
#2367=LINE('',#15996,#3176);
#2368=LINE('',#15997,#3177);
#2369=LINE('',#16002,#3178);
#2370=LINE('',#16007,#3179);
#2371=LINE('',#16012,#3180);
#2372=LINE('',#16018,#3181);
#2373=LINE('',#16023,#3182);
#2374=LINE('',#16027,#3183);
#2375=LINE('',#16031,#3184);
#2376=LINE('',#16034,#3185);
#2377=LINE('',#16037,#3186);
#2378=LINE('',#16040,#3187);
#2379=LINE('',#16044,#3188);
#2380=LINE('',#16045,#3189);
#2381=LINE('',#16050,#3190);
#2382=LINE('',#16052,#3191);
#2383=LINE('',#16054,#3192);
#2384=LINE('',#16055,#3193);
#2385=LINE('',#16060,#3194);
#2386=LINE('',#16065,#3195);
#2387=LINE('',#16071,#3196);
#2388=LINE('',#16077,#3197);
#2389=LINE('',#16078,#3198);
#2390=LINE('',#16079,#3199);
#2391=LINE('',#16084,#3200);
#2392=LINE('',#16089,#3201);
#2393=LINE('',#16093,#3202);
#2394=LINE('',#16094,#3203);
#2395=LINE('',#16096,#3204);
#2396=LINE('',#16097,#3205);
#2397=LINE('',#16100,#3206);
#2398=LINE('',#16103,#3207);
#2399=LINE('',#16106,#3208);
#2400=LINE('',#16110,#3209);
#2401=LINE('',#16111,#3210);
#2402=LINE('',#16117,#3211);
#2403=LINE('',#16122,#3212);
#2404=LINE('',#16128,#3213);
#2405=LINE('',#16132,#3214);
#2406=LINE('',#16138,#3215);
#2407=LINE('',#16142,#3216);
#2408=LINE('',#16146,#3217);
#2409=LINE('',#16150,#3218);
#2410=LINE('',#16154,#3219);
#2411=LINE('',#16160,#3220);
#2412=LINE('',#16164,#3221);
#2413=LINE('',#16168,#3222);
#2414=LINE('',#16176,#3223);
#2415=LINE('',#16192,#3224);
#2416=LINE('',#16196,#3225);
#2417=LINE('',#16200,#3226);
#2418=LINE('',#16203,#3227);
#2419=LINE('',#16209,#3228);
#2420=LINE('',#16212,#3229);
#2421=LINE('',#16215,#3230);
#2422=LINE('',#16218,#3231);
#2423=LINE('',#16222,#3232);
#2424=LINE('',#16226,#3233);
#2425=LINE('',#16230,#3234);
#2426=LINE('',#16234,#3235);
#2427=LINE('',#16238,#3236);
#2428=LINE('',#16242,#3237);
#2429=LINE('',#16246,#3238);
#2430=LINE('',#16249,#3239);
#2431=LINE('',#16251,#3240);
#2432=LINE('',#16252,#3241);
#2433=LINE('',#16255,#3242);
#2434=LINE('',#16258,#3243);
#2435=LINE('',#16260,#3244);
#2436=LINE('',#16263,#3245);
#2437=LINE('',#16265,#3246);
#2438=LINE('',#16267,#3247);
#2439=LINE('',#16269,#3248);
#2440=LINE('',#16272,#3249);
#2441=LINE('',#16275,#3250);
#2442=LINE('',#16278,#3251);
#2443=LINE('',#16279,#3252);
#2444=LINE('',#16282,#3253);
#2445=LINE('',#16286,#3254);
#2446=LINE('',#16290,#3255);
#2447=LINE('',#16291,#3256);
#2448=LINE('',#16294,#3257);
#2449=LINE('',#16298,#3258);
#2450=LINE('',#16302,#3259);
#2451=LINE('',#16303,#3260);
#2452=LINE('',#16305,#3261);
#2453=LINE('',#16306,#3262);
#2454=LINE('',#16309,#3263);
#2455=LINE('',#16312,#3264);
#2456=LINE('',#16315,#3265);
#2457=LINE('',#16316,#3266);
#2458=LINE('',#16319,#3267);
#2459=LINE('',#16320,#3268);
#2460=LINE('',#16323,#3269);
#2461=LINE('',#16327,#3270);
#2462=LINE('',#16330,#3271);
#2463=LINE('',#16331,#3272);
#2464=LINE('',#16334,#3273);
#2465=LINE('',#16337,#3274);
#2466=LINE('',#16340,#3275);
#2467=LINE('',#16341,#3276);
#2468=LINE('',#16344,#3277);
#2469=LINE('',#16345,#3278);
#2470=LINE('',#16349,#3279);
#2471=LINE('',#16351,#3280);
#2472=LINE('',#16353,#3281);
#2473=LINE('',#16355,#3282);
#2474=LINE('',#16357,#3283);
#2475=LINE('',#16359,#3284);
#2476=LINE('',#16361,#3285);
#2477=LINE('',#16363,#3286);
#2478=LINE('',#16365,#3287);
#2479=LINE('',#16366,#3288);
#2480=LINE('',#16369,#3289);
#2481=LINE('',#16371,#3290);
#2482=LINE('',#16373,#3291);
#2483=LINE('',#16377,#3292);
#2484=LINE('',#16379,#3293);
#2485=LINE('',#16380,#3294);
#2486=LINE('',#16383,#3295);
#2487=LINE('',#16384,#3296);
#2488=LINE('',#16387,#3297);
#2489=LINE('',#16388,#3298);
#2490=LINE('',#16391,#3299);
#2491=LINE('',#16392,#3300);
#2492=LINE('',#16395,#3301);
#2493=LINE('',#16396,#3302);
#2494=LINE('',#16401,#3303);
#2495=LINE('',#16403,#3304);
#2496=LINE('',#16404,#3305);
#2497=LINE('',#16407,#3306);
#2498=LINE('',#16408,#3307);
#2499=LINE('',#16411,#3308);
#2500=LINE('',#16412,#3309);
#2501=LINE('',#16415,#3310);
#2502=LINE('',#16417,#3311);
#2503=LINE('',#16418,#3312);
#2504=LINE('',#16420,#3313);
#2505=LINE('',#16425,#3314);
#2506=LINE('',#16427,#3315);
#2507=LINE('',#16428,#3316);
#2508=LINE('',#16431,#3317);
#2509=LINE('',#16432,#3318);
#2510=LINE('',#16435,#3319);
#2511=LINE('',#16436,#3320);
#2512=LINE('',#16439,#3321);
#2513=LINE('',#16440,#3322);
#2514=LINE('',#16443,#3323);
#2515=LINE('',#16444,#3324);
#2516=LINE('',#16449,#3325);
#2517=LINE('',#16451,#3326);
#2518=LINE('',#16452,#3327);
#2519=LINE('',#16455,#3328);
#2520=LINE('',#16456,#3329);
#2521=LINE('',#16459,#3330);
#2522=LINE('',#16461,#3331);
#2523=LINE('',#16462,#3332);
#2524=LINE('',#16465,#3333);
#2525=LINE('',#16466,#3334);
#2526=LINE('',#16468,#3335);
#2527=LINE('',#16472,#3336);
#2528=LINE('',#16473,#3337);
#2529=LINE('',#16475,#3338);
#2530=LINE('',#16477,#3339);
#2531=LINE('',#16479,#3340);
#2532=LINE('',#16481,#3341);
#2533=LINE('',#16483,#3342);
#2534=LINE('',#16485,#3343);
#2535=LINE('',#16487,#3344);
#2536=LINE('',#16490,#3345);
#2537=LINE('',#16492,#3346);
#2538=LINE('',#16494,#3347);
#2539=LINE('',#16497,#3348);
#2540=LINE('',#16499,#3349);
#2541=LINE('',#16501,#3350);
#2542=LINE('',#16503,#3351);
#2543=LINE('',#16506,#3352);
#2544=VECTOR('',#10565,3.7500000000075);
#2545=VECTOR('',#10570,10.);
#2546=VECTOR('',#10573,10.);
#2547=VECTOR('',#10576,3.99999999999999);
#2548=VECTOR('',#10587,3.74999999999918);
#2549=VECTOR('',#10594,10.);
#2550=VECTOR('',#10597,10.);
#2551=VECTOR('',#10600,3.99999999999999);
#2552=VECTOR('',#10611,3.75000000000004);
#2553=VECTOR('',#10616,10.);
#2554=VECTOR('',#10619,4.);
#2555=VECTOR('',#10622,10.);
#2556=VECTOR('',#10633,3.75000000000009);
#2557=VECTOR('',#10638,10.);
#2558=VECTOR('',#10641,4.);
#2559=VECTOR('',#10644,10.);
#2560=VECTOR('',#10659,10.);
#2561=VECTOR('',#10660,10.);
#2562=VECTOR('',#10663,10.);
#2563=VECTOR('',#10666,10.);
#2564=VECTOR('',#10667,10.);
#2565=VECTOR('',#10676,10.);
#2566=VECTOR('',#10679,10.);
#2567=VECTOR('',#10682,10.);
#2568=VECTOR('',#10687,10.);
#2569=VECTOR('',#10690,10.);
#2570=VECTOR('',#10697,10.);
#2571=VECTOR('',#10700,10.);
#2572=VECTOR('',#10703,10.);
#2573=VECTOR('',#10706,10.);
#2574=VECTOR('',#10709,10.);
#2575=VECTOR('',#10712,10.);
#2576=VECTOR('',#10717,10.);
#2577=VECTOR('',#10720,10.);
#2578=VECTOR('',#10723,10.);
#2579=VECTOR('',#10726,10.);
#2580=VECTOR('',#10731,10.);
#2581=VECTOR('',#10734,10.);
#2582=VECTOR('',#10737,10.);
#2583=VECTOR('',#10740,10.);
#2584=VECTOR('',#10743,10.);
#2585=VECTOR('',#10746,10.);
#2586=VECTOR('',#10749,10.);
#2587=VECTOR('',#10752,10.);
#2588=VECTOR('',#10761,10.);
#2589=VECTOR('',#10764,10.);
#2590=VECTOR('',#10773,10.);
#2591=VECTOR('',#10776,10.);
#2592=VECTOR('',#10779,10.);
#2593=VECTOR('',#10782,10.);
#2594=VECTOR('',#10789,10.);
#2595=VECTOR('',#10792,10.);
#2596=VECTOR('',#10795,10.);
#2597=VECTOR('',#10798,10.);
#2598=VECTOR('',#10801,10.);
#2599=VECTOR('',#10804,10.);
#2600=VECTOR('',#10811,10.);
#2601=VECTOR('',#10814,10.);
#2602=VECTOR('',#10817,10.);
#2603=VECTOR('',#10822,10.);
#2604=VECTOR('',#10829,10.);
#2605=VECTOR('',#10832,10.);
#2606=VECTOR('',#10833,10.);
#2607=VECTOR('',#10840,10.);
#2608=VECTOR('',#10847,10.);
#2609=VECTOR('',#10852,10.);
#2610=VECTOR('',#10855,10.);
#2611=VECTOR('',#10858,10.);
#2612=VECTOR('',#10865,10.);
#2613=VECTOR('',#10868,10.);
#2614=VECTOR('',#10871,10.);
#2615=VECTOR('',#10874,10.);
#2616=VECTOR('',#10877,10.);
#2617=VECTOR('',#10880,10.);
#2618=VECTOR('',#10881,10.);
#2619=VECTOR('',#10886,10.);
#2620=VECTOR('',#10887,10.);
#2621=VECTOR('',#10892,10.);
#2622=VECTOR('',#10895,10.);
#2623=VECTOR('',#10896,10.);
#2624=VECTOR('',#10901,10.);
#2625=VECTOR('',#10904,10.);
#2626=VECTOR('',#10905,10.);
#2627=VECTOR('',#10910,10.);
#2628=VECTOR('',#10917,2.);
#2629=VECTOR('',#10918,10.);
#2630=VECTOR('',#10919,10.);
#2631=VECTOR('',#10922,2.);
#2632=VECTOR('',#10927,1.99999999999999);
#2633=VECTOR('',#10928,10.);
#2634=VECTOR('',#10931,1.99999999999999);
#2635=VECTOR('',#10936,10.);
#2636=VECTOR('',#10937,10.);
#2637=VECTOR('',#10938,10.);
#2638=VECTOR('',#10943,10.);
#2639=VECTOR('',#10946,10.);
#2640=VECTOR('',#10947,10.);
#2641=VECTOR('',#10952,10.);
#2642=VECTOR('',#10957,10.);
#2643=VECTOR('',#10962,10.);
#2644=VECTOR('',#10965,10.);
#2645=VECTOR('',#10966,10.);
#2646=VECTOR('',#10973,10.);
#2647=VECTOR('',#10976,10.);
#2648=VECTOR('',#10979,10.);
#2649=VECTOR('',#10980,10.);
#2650=VECTOR('',#10983,10.);
#2651=VECTOR('',#10988,2.);
#2652=VECTOR('',#10989,10.);
#2653=VECTOR('',#10992,10.);
#2654=VECTOR('',#10993,10.);
#2655=VECTOR('',#10994,10.);
#2656=VECTOR('',#10999,10.);
#2657=VECTOR('',#11004,10.);
#2658=VECTOR('',#11009,10.);
#2659=VECTOR('',#11012,10.);
#2660=VECTOR('',#11013,10.);
#2661=VECTOR('',#11018,10.);
#2662=VECTOR('',#11023,10.);
#2663=VECTOR('',#11028,10.);
#2664=VECTOR('',#11031,10.);
#2665=VECTOR('',#11032,10.);
#2666=VECTOR('',#11039,10.);
#2667=VECTOR('',#11040,10.);
#2668=VECTOR('',#11041,10.);
#2669=VECTOR('',#11044,10.);
#2670=VECTOR('',#11049,10.);
#2671=VECTOR('',#11054,10.);
#2672=VECTOR('',#11059,2.);
#2673=VECTOR('',#11060,10.);
#2674=VECTOR('',#11063,10.);
#2675=VECTOR('',#11064,10.);
#2676=VECTOR('',#11065,10.);
#2677=VECTOR('',#11070,10.);
#2678=VECTOR('',#11073,10.);
#2679=VECTOR('',#11074,10.);
#2680=VECTOR('',#11079,10.);
#2681=VECTOR('',#11082,10.);
#2682=VECTOR('',#11083,10.);
#2683=VECTOR('',#11088,10.);
#2684=VECTOR('',#11091,10.);
#2685=VECTOR('',#11092,10.);
#2686=VECTOR('',#11097,10.);
#2687=VECTOR('',#11100,10.);
#2688=VECTOR('',#11101,10.);
#2689=VECTOR('',#11108,10.);
#2690=VECTOR('',#11109,10.);
#2691=VECTOR('',#11110,10.);
#2692=VECTOR('',#11113,10.);
#2693=VECTOR('',#11118,10.);
#2694=VECTOR('',#11119,10.);
#2695=VECTOR('',#11122,10.);
#2696=VECTOR('',#11127,2.);
#2697=VECTOR('',#11128,10.);
#2698=VECTOR('',#11131,10.);
#2699=VECTOR('',#11134,10.);
#2700=VECTOR('',#11137,10.);
#2701=VECTOR('',#11138,10.);
#2702=VECTOR('',#11141,10.);
#2703=VECTOR('',#11146,10.);
#2704=VECTOR('',#11147,10.);
#2705=VECTOR('',#11150,10.);
#2706=VECTOR('',#11155,10.);
#2707=VECTOR('',#11160,10.);
#2708=VECTOR('',#11165,10.);
#2709=VECTOR('',#11168,10.);
#2710=VECTOR('',#11171,10.);
#2711=VECTOR('',#11174,10.);
#2712=VECTOR('',#11179,2.);
#2713=VECTOR('',#11180,10.);
#2714=VECTOR('',#11183,2.);
#2715=VECTOR('',#11188,10.);
#2716=VECTOR('',#11191,10.);
#2717=VECTOR('',#11194,10.);
#2718=VECTOR('',#11195,10.);
#2719=VECTOR('',#11198,10.);
#2720=VECTOR('',#11203,10.);
#2721=VECTOR('',#11204,10.);
#2722=VECTOR('',#11207,10.);
#2723=VECTOR('',#11212,10.);
#2724=VECTOR('',#11215,10.);
#2725=VECTOR('',#11218,10.);
#2726=VECTOR('',#11221,2.);
#2727=VECTOR('',#11222,10.);
#2728=VECTOR('',#11225,2.);
#2729=VECTOR('',#11230,10.);
#2730=VECTOR('',#11231,10.);
#2731=VECTOR('',#11232,10.);
#2732=VECTOR('',#11237,10.);
#2733=VECTOR('',#11240,10.);
#2734=VECTOR('',#11241,10.);
#2735=VECTOR('',#11246,10.);
#2736=VECTOR('',#11249,10.);
#2737=VECTOR('',#11250,10.);
#2738=VECTOR('',#11257,10.);
#2739=VECTOR('',#11258,10.);
#2740=VECTOR('',#11259,10.);
#2741=VECTOR('',#11262,10.);
#2742=VECTOR('',#11267,2.);
#2743=VECTOR('',#11268,10.);
#2744=VECTOR('',#11273,10.);
#2745=VECTOR('',#11276,10.);
#2746=VECTOR('',#11281,10.);
#2747=VECTOR('',#11282,10.);
#2748=VECTOR('',#11289,10.);
#2749=VECTOR('',#11290,10.);
#2750=VECTOR('',#11297,2.);
#2751=VECTOR('',#11300,10.);
#2752=VECTOR('',#11303,2.);
#2753=VECTOR('',#11304,10.);
#2754=VECTOR('',#11307,10.);
#2755=VECTOR('',#11312,10.);
#2756=VECTOR('',#11313,10.);
#2757=VECTOR('',#11314,10.);
#2758=VECTOR('',#11319,10.);
#2759=VECTOR('',#11322,10.);
#2760=VECTOR('',#11323,10.);
#2761=VECTOR('',#11328,10.);
#2762=VECTOR('',#11331,10.);
#2763=VECTOR('',#11332,10.);
#2764=VECTOR('',#11337,10.);
#2765=VECTOR('',#11342,10.);
#2766=VECTOR('',#11349,10.);
#2767=VECTOR('',#11352,10.);
#2768=VECTOR('',#11355,10.);
#2769=VECTOR('',#11356,10.);
#2770=VECTOR('',#11359,10.);
#2771=VECTOR('',#11364,10.);
#2772=VECTOR('',#11365,10.);
#2773=VECTOR('',#11368,10.);
#2774=VECTOR('',#11369,10.);
#2775=VECTOR('',#11370,10.);
#2776=VECTOR('',#11375,10.);
#2777=VECTOR('',#11378,10.);
#2778=VECTOR('',#11379,10.);
#2779=VECTOR('',#11384,10.);
#2780=VECTOR('',#11387,10.);
#2781=VECTOR('',#11388,10.);
#2782=VECTOR('',#11395,10.);
#2783=VECTOR('',#11396,10.);
#2784=VECTOR('',#11397,10.);
#2785=VECTOR('',#11400,10.);
#2786=VECTOR('',#11405,10.);
#2787=VECTOR('',#11406,10.);
#2788=VECTOR('',#11409,10.);
#2789=VECTOR('',#11410,10.);
#2790=VECTOR('',#11411,10.);
#2791=VECTOR('',#11416,10.);
#2792=VECTOR('',#11419,10.);
#2793=VECTOR('',#11420,10.);
#2794=VECTOR('',#11425,10.);
#2795=VECTOR('',#11428,10.);
#2796=VECTOR('',#11429,10.);
#2797=VECTOR('',#11436,10.);
#2798=VECTOR('',#11437,10.);
#2799=VECTOR('',#11438,10.);
#2800=VECTOR('',#11441,10.);
#2801=VECTOR('',#11446,10.);
#2802=VECTOR('',#11447,10.);
#2803=VECTOR('',#11450,10.);
#2804=VECTOR('',#11451,10.);
#2805=VECTOR('',#11452,10.);
#2806=VECTOR('',#11457,10.);
#2807=VECTOR('',#11460,10.);
#2808=VECTOR('',#11461,10.);
#2809=VECTOR('',#11466,10.);
#2810=VECTOR('',#11469,10.);
#2811=VECTOR('',#11470,10.);
#2812=VECTOR('',#11475,10.);
#2813=VECTOR('',#11478,10.);
#2814=VECTOR('',#11479,10.);
#2815=VECTOR('',#11486,10.);
#2816=VECTOR('',#11489,10.);
#2817=VECTOR('',#11492,10.);
#2818=VECTOR('',#11493,10.);
#2819=VECTOR('',#11496,10.);
#2820=VECTOR('',#11501,10.);
#2821=VECTOR('',#11502,10.);
#2822=VECTOR('',#11505,10.);
#2823=VECTOR('',#11506,10.);
#2824=VECTOR('',#11507,10.);
#2825=VECTOR('',#11512,10.);
#2826=VECTOR('',#11515,10.);
#2827=VECTOR('',#11516,10.);
#2828=VECTOR('',#11521,10.);
#2829=VECTOR('',#11524,10.);
#2830=VECTOR('',#11525,10.);
#2831=VECTOR('',#11530,10.);
#2832=VECTOR('',#11533,10.);
#2833=VECTOR('',#11534,10.);
#2834=VECTOR('',#11539,10.);
#2835=VECTOR('',#11544,10.);
#2836=VECTOR('',#11551,10.);
#2837=VECTOR('',#11552,10.);
#2838=VECTOR('',#11553,10.);
#2839=VECTOR('',#11556,10.);
#2840=VECTOR('',#11561,10.);
#2841=VECTOR('',#11562,10.);
#2842=VECTOR('',#11565,10.);
#2843=VECTOR('',#11570,10.);
#2844=VECTOR('',#11571,10.);
#2845=VECTOR('',#11574,10.);
#2846=VECTOR('',#11579,10.);
#2847=VECTOR('',#11580,10.);
#2848=VECTOR('',#11583,10.);
#2849=VECTOR('',#11588,10.);
#2850=VECTOR('',#11589,10.);
#2851=VECTOR('',#11592,10.);
#2852=VECTOR('',#11601,10.);
#2853=VECTOR('',#11604,10.);
#2854=VECTOR('',#11607,10.);
#2855=VECTOR('',#11612,2.);
#2856=VECTOR('',#11617,3.25000000000001);
#2857=VECTOR('',#11622,3.00000000000001);
#2858=VECTOR('',#11625,3.15);
#2859=VECTOR('',#11632,2.9);
#2860=VECTOR('',#11637,3.15);
#2861=VECTOR('',#11644,2.9);
#2862=VECTOR('',#11655,2.9);
#2863=VECTOR('',#11660,3.15);
#2864=VECTOR('',#11667,2.9);
#2865=VECTOR('',#11684,10.);
#2866=VECTOR('',#11685,10.);
#2867=VECTOR('',#11686,10.);
#2868=VECTOR('',#11687,10.);
#2869=VECTOR('',#11692,10.);
#2870=VECTOR('',#11697,10.);
#2871=VECTOR('',#11704,10.);
#2872=VECTOR('',#11709,10.);
#2873=VECTOR('',#11710,10.);
#2874=VECTOR('',#11713,10.);
#2875=VECTOR('',#11718,10.);
#2876=VECTOR('',#11719,10.);
#2877=VECTOR('',#11728,10.);
#2878=VECTOR('',#11731,10.);
#2879=VECTOR('',#11734,2.);
#2880=VECTOR('',#11739,10.);
#2881=VECTOR('',#11742,10.);
#2882=VECTOR('',#11745,10.);
#2883=VECTOR('',#11748,10.);
#2884=VECTOR('',#11751,10.);
#2885=VECTOR('',#11754,10.);
#2886=VECTOR('',#11761,10.);
#2887=VECTOR('',#11768,10.);
#2888=VECTOR('',#11771,10.);
#2889=VECTOR('',#11774,10.);
#2890=VECTOR('',#11777,10.);
#2891=VECTOR('',#11780,10.);
#2892=VECTOR('',#11783,10.);
#2893=VECTOR('',#11784,10.);
#2894=VECTOR('',#11787,10.);
#2895=VECTOR('',#11790,10.);
#2896=VECTOR('',#11793,10.);
#2897=VECTOR('',#11796,10.);
#2898=VECTOR('',#11799,10.);
#2899=VECTOR('',#11802,10.);
#2900=VECTOR('',#11807,10.);
#2901=VECTOR('',#11812,10.);
#2902=VECTOR('',#11825,10.);
#2903=VECTOR('',#11828,10.);
#2904=VECTOR('',#11831,10.);
#2905=VECTOR('',#11834,10.);
#2906=VECTOR('',#11841,10.);
#2907=VECTOR('',#11844,10.);
#2908=VECTOR('',#11847,10.);
#2909=VECTOR('',#11850,10.);
#2910=VECTOR('',#11857,10.);
#2911=VECTOR('',#11860,10.);
#2912=VECTOR('',#11863,10.);
#2913=VECTOR('',#11866,10.);
#2914=VECTOR('',#11885,10.);
#2915=VECTOR('',#11888,10.);
#2916=VECTOR('',#11891,10.);
#2917=VECTOR('',#11894,10.);
#2918=VECTOR('',#11897,10.);
#2919=VECTOR('',#11900,10.);
#2920=VECTOR('',#11903,10.);
#2921=VECTOR('',#11908,10.);
#2922=VECTOR('',#11911,10.);
#2923=VECTOR('',#11918,10.);
#2924=VECTOR('',#11921,10.);
#2925=VECTOR('',#11924,10.);
#2926=VECTOR('',#11927,10.);
#2927=VECTOR('',#11930,10.);
#2928=VECTOR('',#11933,10.);
#2929=VECTOR('',#11936,10.);
#2930=VECTOR('',#11939,10.);
#2931=VECTOR('',#11942,10.);
#2932=VECTOR('',#11945,10.);
#2933=VECTOR('',#11948,10.);
#2934=VECTOR('',#11953,10.);
#2935=VECTOR('',#11958,10.);
#2936=VECTOR('',#11963,10.);
#2937=VECTOR('',#11966,10.);
#2938=VECTOR('',#11969,10.);
#2939=VECTOR('',#11972,10.);
#2940=VECTOR('',#11975,2.);
#2941=VECTOR('',#11980,10.);
#2942=VECTOR('',#11983,10.);
#2943=VECTOR('',#11986,10.);
#2944=VECTOR('',#11989,10.);
#2945=VECTOR('',#11992,10.);
#2946=VECTOR('',#11995,10.);
#2947=VECTOR('',#12000,10.);
#2948=VECTOR('',#12003,10.);
#2949=VECTOR('',#12006,2.);
#2950=VECTOR('',#12011,10.);
#2951=VECTOR('',#12014,10.);
#2952=VECTOR('',#12017,10.);
#2953=VECTOR('',#12020,10.);
#2954=VECTOR('',#12023,10.);
#2955=VECTOR('',#12026,10.);
#2956=VECTOR('',#12029,10.);
#2957=VECTOR('',#12032,10.);
#2958=VECTOR('',#12037,10.);
#2959=VECTOR('',#12038,10.);
#2960=VECTOR('',#12041,10.);
#2961=VECTOR('',#12046,10.);
#2962=VECTOR('',#12049,10.);
#2963=VECTOR('',#12052,10.);
#2964=VECTOR('',#12055,10.);
#2965=VECTOR('',#12058,2.);
#2966=VECTOR('',#12063,10.);
#2967=VECTOR('',#12066,10.);
#2968=VECTOR('',#12067,10.);
#2969=VECTOR('',#12072,10.);
#2970=VECTOR('',#12075,10.);
#2971=VECTOR('',#12076,10.);
#2972=VECTOR('',#12079,10.);
#2973=VECTOR('',#12084,10.);
#2974=VECTOR('',#12085,10.);
#2975=VECTOR('',#12090,10.);
#2976=VECTOR('',#12091,10.);
#2977=VECTOR('',#12092,10.);
#2978=VECTOR('',#12097,10.);
#2979=VECTOR('',#12100,10.);
#2980=VECTOR('',#12101,10.);
#2981=VECTOR('',#12104,10.);
#2982=VECTOR('',#12107,10.);
#2983=VECTOR('',#12110,10.);
#2984=VECTOR('',#12113,10.);
#2985=VECTOR('',#12120,10.);
#2986=VECTOR('',#12123,10.);
#2987=VECTOR('',#12126,10.);
#2988=VECTOR('',#12129,10.);
#2989=VECTOR('',#12130,10.);
#2990=VECTOR('',#12133,10.);
#2991=VECTOR('',#12136,10.);
#2992=VECTOR('',#12141,10.);
#2993=VECTOR('',#12144,10.);
#2994=VECTOR('',#12145,10.);
#2995=VECTOR('',#12152,10.);
#2996=VECTOR('',#12153,10.);
#2997=VECTOR('',#12154,10.);
#2998=VECTOR('',#12159,10.);
#2999=VECTOR('',#12162,10.);
#3000=VECTOR('',#12165,10.);
#3001=VECTOR('',#12168,10.);
#3002=VECTOR('',#12175,10.);
#3003=VECTOR('',#12178,10.);
#3004=VECTOR('',#12181,10.);
#3005=VECTOR('',#12182,10.);
#3006=VECTOR('',#12189,10.);
#3007=VECTOR('',#12192,10.);
#3008=VECTOR('',#12193,10.);
#3009=VECTOR('',#12198,10.);
#3010=VECTOR('',#12201,10.);
#3011=VECTOR('',#12204,10.);
#3012=VECTOR('',#12207,10.);
#3013=VECTOR('',#12210,10.);
#3014=VECTOR('',#12213,10.);
#3015=VECTOR('',#12220,10.);
#3016=VECTOR('',#12223,10.);
#3017=VECTOR('',#12226,10.);
#3018=VECTOR('',#12229,10.);
#3019=VECTOR('',#12232,10.);
#3020=VECTOR('',#12235,10.);
#3021=VECTOR('',#12240,10.);
#3022=VECTOR('',#12245,10.);
#3023=VECTOR('',#12246,10.);
#3024=VECTOR('',#12265,10.);
#3025=VECTOR('',#12272,10.);
#3026=VECTOR('',#12277,10.);
#3027=VECTOR('',#12280,10.);
#3028=VECTOR('',#12285,1.65000000000001);
#3029=VECTOR('',#12288,1.85);
#3030=VECTOR('',#12295,1.6);
#3031=VECTOR('',#12298,1.85);
#3032=VECTOR('',#12305,1.6);
#3033=VECTOR('',#12308,1.85);
#3034=VECTOR('',#12315,1.6);
#3035=VECTOR('',#12318,1.85);
#3036=VECTOR('',#12325,1.6);
#3037=VECTOR('',#12328,2.25);
#3038=VECTOR('',#12335,2.);
#3039=VECTOR('',#12338,2.25);
#3040=VECTOR('',#12345,2.);
#3041=VECTOR('',#12348,2.25);
#3042=VECTOR('',#12355,2.);
#3043=VECTOR('',#12358,2.25);
#3044=VECTOR('',#12365,2.);
#3045=VECTOR('',#12368,10.);
#3046=VECTOR('',#12369,10.);
#3047=VECTOR('',#12370,10.);
#3048=VECTOR('',#12373,10.);
#3049=VECTOR('',#12376,10.);
#3050=VECTOR('',#12379,10.);
#3051=VECTOR('',#12382,10.);
#3052=VECTOR('',#12387,10.);
#3053=VECTOR('',#12390,10.);
#3054=VECTOR('',#12399,1.99999999999999);
#3055=VECTOR('',#12402,10.);
#3056=VECTOR('',#12403,10.);
#3057=VECTOR('',#12404,10.);
#3058=VECTOR('',#12409,10.);
#3059=VECTOR('',#12412,10.);
#3060=VECTOR('',#12413,10.);
#3061=VECTOR('',#12416,10.);
#3062=VECTOR('',#12419,10.);
#3063=VECTOR('',#12424,2.);
#3064=VECTOR('',#12427,2.);
#3065=VECTOR('',#12432,10.);
#3066=VECTOR('',#12433,10.);
#3067=VECTOR('',#12434,10.);
#3068=VECTOR('',#12439,10.);
#3069=VECTOR('',#12442,10.);
#3070=VECTOR('',#12443,10.);
#3071=VECTOR('',#12448,10.);
#3072=VECTOR('',#12451,10.);
#3073=VECTOR('',#12454,10.);
#3074=VECTOR('',#12457,10.);
#3075=VECTOR('',#12462,10.);
#3076=VECTOR('',#12465,10.);
#3077=VECTOR('',#12468,10.);
#3078=VECTOR('',#12473,10.);
#3079=VECTOR('',#12474,10.);
#3080=VECTOR('',#12477,10.);
#3081=VECTOR('',#12480,10.);
#3082=VECTOR('',#12487,10.);
#3083=VECTOR('',#12490,10.);
#3084=VECTOR('',#12491,10.);
#3085=VECTOR('',#12496,10.);
#3086=VECTOR('',#12499,10.);
#3087=VECTOR('',#12504,10.);
#3088=VECTOR('',#12505,10.);
#3089=VECTOR('',#12514,10.);
#3090=VECTOR('',#12517,10.);
#3091=VECTOR('',#12520,10.);
#3092=VECTOR('',#12525,10.);
#3093=VECTOR('',#12528,10.);
#3094=VECTOR('',#12535,10.);
#3095=VECTOR('',#12538,1.99999999999999);
#3096=VECTOR('',#12545,2.125);
#3097=VECTOR('',#12548,2.125);
#3098=VECTOR('',#12551,2.125);
#3099=VECTOR('',#12554,2.125);
#3100=VECTOR('',#12571,10.);
#3101=VECTOR('',#12576,10.);
#3102=VECTOR('',#12581,10.);
#3103=VECTOR('',#12582,10.);
#3104=VECTOR('',#12583,10.);
#3105=VECTOR('',#12586,10.);
#3106=VECTOR('',#12587,10.);
#3107=VECTOR('',#12588,10.);
#3108=VECTOR('',#12591,10.);
#3109=VECTOR('',#12594,10.);
#3110=VECTOR('',#12595,10.);
#3111=VECTOR('',#12598,10.);
#3112=VECTOR('',#12603,10.);
#3113=VECTOR('',#12608,10.);
#3114=VECTOR('',#12609,10.);
#3115=VECTOR('',#12610,10.);
#3116=VECTOR('',#12613,10.);
#3117=VECTOR('',#12616,10.);
#3118=VECTOR('',#12617,10.);
#3119=VECTOR('',#12620,10.);
#3120=VECTOR('',#12623,10.);
#3121=VECTOR('',#12624,10.);
#3122=VECTOR('',#12627,10.);
#3123=VECTOR('',#12628,10.);
#3124=VECTOR('',#12629,10.);
#3125=VECTOR('',#12634,10.);
#3126=VECTOR('',#12639,10.);
#3127=VECTOR('',#12640,10.);
#3128=VECTOR('',#12643,10.);
#3129=VECTOR('',#12646,10.);
#3130=VECTOR('',#12665,2.9);
#3131=VECTOR('',#12668,1.6);
#3132=VECTOR('',#12689,10.);
#3133=VECTOR('',#12694,10.);
#3134=VECTOR('',#12697,10.);
#3135=VECTOR('',#12702,10.);
#3136=VECTOR('',#12703,10.);
#3137=VECTOR('',#12706,10.);
#3138=VECTOR('',#12709,10.);
#3139=VECTOR('',#12710,10.);
#3140=VECTOR('',#12711,10.);
#3141=VECTOR('',#12712,10.);
#3142=VECTOR('',#12713,10.);
#3143=VECTOR('',#12716,10.);
#3144=VECTOR('',#12719,10.);
#3145=VECTOR('',#12720,10.);
#3146=VECTOR('',#12721,10.);
#3147=VECTOR('',#12722,10.);
#3148=VECTOR('',#12723,10.);
#3149=VECTOR('',#12726,10.);
#3150=VECTOR('',#12731,10.);
#3151=VECTOR('',#12732,10.);
#3152=VECTOR('',#12733,10.);
#3153=VECTOR('',#12738,10.);
#3154=VECTOR('',#12747,10.);
#3155=VECTOR('',#12748,10.);
#3156=VECTOR('',#12751,3.75);
#3157=VECTOR('',#12772,10.);
#3158=VECTOR('',#12775,10.);
#3159=VECTOR('',#12788,10.);
#3160=VECTOR('',#12795,10.);
#3161=VECTOR('',#12798,10.);
#3162=VECTOR('',#12801,10.);
#3163=VECTOR('',#12804,10.);
#3164=VECTOR('',#12809,10.);
#3165=VECTOR('',#12812,10.);
#3166=VECTOR('',#12815,10.);
#3167=VECTOR('',#12816,10.);
#3168=VECTOR('',#12845,10.);
#3169=VECTOR('',#12850,3.25);
#3170=VECTOR('',#12861,3.25);
#3171=VECTOR('',#12870,10.);
#3172=VECTOR('',#12873,10.);
#3173=VECTOR('',#12874,3.75);
#3174=VECTOR('',#12877,10.);
#3175=VECTOR('',#12878,10.);
#3176=VECTOR('',#12879,10.);
#3177=VECTOR('',#12880,10.);
#3178=VECTOR('',#12885,10.);
#3179=VECTOR('',#12890,10.);
#3180=VECTOR('',#12897,10.);
#3181=VECTOR('',#12904,10.);
#3182=VECTOR('',#12911,10.);
#3183=VECTOR('',#12916,10.);
#3184=VECTOR('',#12923,10.);
#3185=VECTOR('',#12926,0.999999999999996);
#3186=VECTOR('',#12929,10.);
#3187=VECTOR('',#12932,10.);
#3188=VECTOR('',#12937,10.);
#3189=VECTOR('',#12938,10.);
#3190=VECTOR('',#12943,10.);
#3191=VECTOR('',#12944,10.);
#3192=VECTOR('',#12945,10.);
#3193=VECTOR('',#12946,10.);
#3194=VECTOR('',#12951,10.);
#3195=VECTOR('',#12956,10.);
#3196=VECTOR('',#12963,10.);
#3197=VECTOR('',#12970,10.);
#3198=VECTOR('',#12971,10.);
#3199=VECTOR('',#12972,10.);
#3200=VECTOR('',#12977,10.);
#3201=VECTOR('',#12982,10.);
#3202=VECTOR('',#12989,10.);
#3203=VECTOR('',#12990,10.);
#3204=VECTOR('',#12993,10.);
#3205=VECTOR('',#12994,10.);
#3206=VECTOR('',#12997,10.);
#3207=VECTOR('',#13000,10.);
#3208=VECTOR('',#13003,10.);
#3209=VECTOR('',#13008,10.);
#3210=VECTOR('',#13009,10.);
#3211=VECTOR('',#13016,1.85000000000001);
#3212=VECTOR('',#13021,10.);
#3213=VECTOR('',#13026,10.);
#3214=VECTOR('',#13029,10.);
#3215=VECTOR('',#13034,10.);
#3216=VECTOR('',#13037,10.);
#3217=VECTOR('',#13040,10.);
#3218=VECTOR('',#13043,10.);
#3219=VECTOR('',#13046,10.);
#3220=VECTOR('',#13051,10.);
#3221=VECTOR('',#13054,10.);
#3222=VECTOR('',#13057,10.);
#3223=VECTOR('',#13064,10.);
#3224=VECTOR('',#13079,10.);
#3225=VECTOR('',#13082,10.);
#3226=VECTOR('',#13085,10.);
#3227=VECTOR('',#13088,10.);
#3228=VECTOR('',#13095,1.6);
#3229=VECTOR('',#13098,1.85000000000001);
#3230=VECTOR('',#13103,1.6);
#3231=VECTOR('',#13106,1.75000000000001);
#3232=VECTOR('',#13111,1.5);
#3233=VECTOR('',#13116,1.75000000000001);
#3234=VECTOR('',#13121,1.5);
#3235=VECTOR('',#13126,1.75000000000001);
#3236=VECTOR('',#13131,1.5);
#3237=VECTOR('',#13136,1.75000000000001);
#3238=VECTOR('',#13141,1.5);
#3239=VECTOR('',#13146,10.);
#3240=VECTOR('',#13147,10.);
#3241=VECTOR('',#13148,10.);
#3242=VECTOR('',#13151,10.);
#3243=VECTOR('',#13156,10.);
#3244=VECTOR('',#13159,10.);
#3245=VECTOR('',#13164,10.);
#3246=VECTOR('',#13167,10.);
#3247=VECTOR('',#13170,10.);
#3248=VECTOR('',#13173,10.);
#3249=VECTOR('',#13176,10.);
#3250=VECTOR('',#13181,10.);
#3251=VECTOR('',#13184,10.);
#3252=VECTOR('',#13185,10.);
#3253=VECTOR('',#13188,10.);
#3254=VECTOR('',#13193,10.);
#3255=VECTOR('',#13198,10.);
#3256=VECTOR('',#13199,10.);
#3257=VECTOR('',#13202,10.);
#3258=VECTOR('',#13207,10.);
#3259=VECTOR('',#13212,10.);
#3260=VECTOR('',#13213,10.);
#3261=VECTOR('',#13216,10.);
#3262=VECTOR('',#13217,10.);
#3263=VECTOR('',#13220,10.);
#3264=VECTOR('',#13225,10.);
#3265=VECTOR('',#13228,10.);
#3266=VECTOR('',#13229,10.);
#3267=VECTOR('',#13232,10.);
#3268=VECTOR('',#13233,10.);
#3269=VECTOR('',#13236,10.);
#3270=VECTOR('',#13241,10.);
#3271=VECTOR('',#13246,10.);
#3272=VECTOR('',#13247,10.);
#3273=VECTOR('',#13250,10.);
#3274=VECTOR('',#13255,10.);
#3275=VECTOR('',#13258,10.);
#3276=VECTOR('',#13259,10.);
#3277=VECTOR('',#13262,10.);
#3278=VECTOR('',#13263,10.);
#3279=VECTOR('',#13270,10.);
#3280=VECTOR('',#13273,10.);
#3281=VECTOR('',#13276,10.);
#3282=VECTOR('',#13279,10.);
#3283=VECTOR('',#13282,10.);
#3284=VECTOR('',#13285,10.);
#3285=VECTOR('',#13288,10.);
#3286=VECTOR('',#13291,10.);
#3287=VECTOR('',#13294,10.);
#3288=VECTOR('',#13295,10.);
#3289=VECTOR('',#13300,10.);
#3290=VECTOR('',#13303,10.);
#3291=VECTOR('',#13306,10.);
#3292=VECTOR('',#13311,10.);
#3293=VECTOR('',#13312,10.);
#3294=VECTOR('',#13313,10.);
#3295=VECTOR('',#13316,10.);
#3296=VECTOR('',#13317,10.);
#3297=VECTOR('',#13320,10.);
#3298=VECTOR('',#13321,10.);
#3299=VECTOR('',#13324,10.);
#3300=VECTOR('',#13325,10.);
#3301=VECTOR('',#13328,10.);
#3302=VECTOR('',#13329,10.);
#3303=VECTOR('',#13336,10.);
#3304=VECTOR('',#13337,10.);
#3305=VECTOR('',#13338,10.);
#3306=VECTOR('',#13341,10.);
#3307=VECTOR('',#13342,10.);
#3308=VECTOR('',#13345,10.);
#3309=VECTOR('',#13346,10.);
#3310=VECTOR('',#13349,10.);
#3311=VECTOR('',#13350,10.);
#3312=VECTOR('',#13351,10.);
#3313=VECTOR('',#13354,10.);
#3314=VECTOR('',#13361,10.);
#3315=VECTOR('',#13362,10.);
#3316=VECTOR('',#13363,10.);
#3317=VECTOR('',#13366,10.);
#3318=VECTOR('',#13367,10.);
#3319=VECTOR('',#13370,10.);
#3320=VECTOR('',#13371,10.);
#3321=VECTOR('',#13374,10.);
#3322=VECTOR('',#13375,10.);
#3323=VECTOR('',#13378,10.);
#3324=VECTOR('',#13379,10.);
#3325=VECTOR('',#13386,10.);
#3326=VECTOR('',#13387,10.);
#3327=VECTOR('',#13388,10.);
#3328=VECTOR('',#13391,10.);
#3329=VECTOR('',#13392,10.);
#3330=VECTOR('',#13395,10.);
#3331=VECTOR('',#13396,10.);
#3332=VECTOR('',#13397,10.);
#3333=VECTOR('',#13400,10.);
#3334=VECTOR('',#13401,10.);
#3335=VECTOR('',#13404,10.);
#3336=VECTOR('',#13411,10.);
#3337=VECTOR('',#13412,10.);
#3338=VECTOR('',#13415,10.);
#3339=VECTOR('',#13418,10.);
#3340=VECTOR('',#13421,10.);
#3341=VECTOR('',#13424,10.);
#3342=VECTOR('',#13427,10.);
#3343=VECTOR('',#13430,10.);
#3344=VECTOR('',#13433,10.);
#3345=VECTOR('',#13438,10.);
#3346=VECTOR('',#13441,10.);
#3347=VECTOR('',#13444,10.);
#3348=VECTOR('',#13449,10.);
#3349=VECTOR('',#13452,10.);
#3350=VECTOR('',#13455,10.);
#3351=VECTOR('',#13458,10.);
#3352=VECTOR('',#13463,10.);
#3353=CIRCLE('',#9512,3.50000000001502);
#3354=CIRCLE('',#9513,3.99999999999999);
#3355=CIRCLE('',#9515,3.99999999999999);
#3356=CIRCLE('',#9516,3.99999999999999);
#3357=CIRCLE('',#9517,3.99999999999999);
#3358=CIRCLE('',#9519,2.25);
#3359=CIRCLE('',#9521,3.49999999999837);
#3360=CIRCLE('',#9522,3.99999999999999);
#3361=CIRCLE('',#9523,3.99999999999999);
#3362=CIRCLE('',#9525,3.99999999999999);
#3363=CIRCLE('',#9526,3.99999999999999);
#3364=CIRCLE('',#9527,3.99999999999999);
#3365=CIRCLE('',#9529,2.25);
#3366=CIRCLE('',#9531,3.50000000000007);
#3367=CIRCLE('',#9532,4.);
#3368=CIRCLE('',#9534,4.);
#3369=CIRCLE('',#9535,4.);
#3370=CIRCLE('',#9536,4.);
#3371=CIRCLE('',#9538,2.25);
#3372=CIRCLE('',#9540,3.50000000000017);
#3373=CIRCLE('',#9541,4.);
#3374=CIRCLE('',#9543,4.);
#3375=CIRCLE('',#9544,4.);
#3376=CIRCLE('',#9545,4.);
#3377=CIRCLE('',#9547,2.25);
#3378=CIRCLE('',#9549,3.00000000000001);
#3379=CIRCLE('',#9550,1.50000000000001);
#3380=CIRCLE('',#9555,4.5);
#3381=CIRCLE('',#9556,3.4);
#3382=CIRCLE('',#9557,4.5);
#3383=CIRCLE('',#9558,4.50000000000068);
#3384=CIRCLE('',#9559,4.49999999997137);
#3385=CIRCLE('',#9560,3.5);
#3386=CIRCLE('',#9561,4.49999999999994);
#3387=CIRCLE('',#9562,1.5);
#3388=CIRCLE('',#9563,2.49999999999999);
#3389=CIRCLE('',#9564,4.50000000000001);
#3390=CIRCLE('',#9565,2.5);
#3391=CIRCLE('',#9566,2.49999999999999);
#3392=CIRCLE('',#9567,2.5);
#3393=CIRCLE('',#9568,2.5);
#3394=CIRCLE('',#9569,2.50000000000001);
#3395=CIRCLE('',#9570,2.50000000000001);
#3396=CIRCLE('',#9571,2.50000000000001);
#3397=CIRCLE('',#9572,2.5);
#3398=CIRCLE('',#9573,2.50000000000001);
#3399=CIRCLE('',#9574,2.49999999999999);
#3400=CIRCLE('',#9575,2.5);
#3401=CIRCLE('',#9576,2.5);
#3402=CIRCLE('',#9577,2.49999999999999);
#3403=CIRCLE('',#9578,2.50000000000003);
#3404=CIRCLE('',#9579,2.50000000000002);
#3405=CIRCLE('',#9580,2.50000000000001);
#3406=CIRCLE('',#9581,2.5);
#3407=CIRCLE('',#9582,2.50000000000001);
#3408=CIRCLE('',#9583,2.5);
#3409=CIRCLE('',#9584,2.50000000000001);
#3410=CIRCLE('',#9585,2.50000000000001);
#3411=CIRCLE('',#9586,2.5);
#3412=CIRCLE('',#9587,3.49999999999997);
#3413=CIRCLE('',#9588,2.49999999999998);
#3414=CIRCLE('',#9589,1.50000000000003);
#3415=CIRCLE('',#9590,3.40000000000001);
#3416=CIRCLE('',#9591,3.40000000000001);
#3417=CIRCLE('',#9592,3.40000000000001);
#3418=CIRCLE('',#9593,3.50000000000001);
#3419=CIRCLE('',#9594,2.5);
#3420=CIRCLE('',#9595,2.5);
#3421=CIRCLE('',#9596,2.50000000000001);
#3422=CIRCLE('',#9597,2.50000000000001);
#3423=CIRCLE('',#9598,3.50000000000001);
#3424=CIRCLE('',#9599,2.5);
#3425=CIRCLE('',#9600,1.5);
#3426=CIRCLE('',#9601,1.50000000000001);
#3427=CIRCLE('',#9602,1.5);
#3428=CIRCLE('',#9603,2.5);
#3429=CIRCLE('',#9604,2.50000000000001);
#3430=CIRCLE('',#9605,2.49999999999996);
#3431=CIRCLE('',#9606,3.49999999999998);
#3432=CIRCLE('',#9607,2.49999999999999);
#3433=CIRCLE('',#9608,2.50000000000001);
#3434=CIRCLE('',#9609,2.50000000000002);
#3435=CIRCLE('',#9610,2.49999999999998);
#3436=CIRCLE('',#9611,2.50000000000001);
#3437=CIRCLE('',#9612,2.5);
#3438=CIRCLE('',#9613,3.49999999999999);
#3439=CIRCLE('',#9614,2.49999999999999);
#3440=CIRCLE('',#9615,1.49999999999999);
#3441=CIRCLE('',#9616,2.49999999999999);
#3442=CIRCLE('',#9617,3.50000000000001);
#3443=CIRCLE('',#9618,2.5);
#3444=CIRCLE('',#9619,2.49999999999998);
#3445=CIRCLE('',#9620,4.5);
#3446=CIRCLE('',#9621,2.5);
#3447=CIRCLE('',#9622,2.5);
#3448=CIRCLE('',#9623,2.49999999999999);
#3449=CIRCLE('',#9624,2.5);
#3450=CIRCLE('',#9625,2.50000000000001);
#3451=CIRCLE('',#9626,2.5);
#3452=CIRCLE('',#9627,3.50000000000001);
#3453=CIRCLE('',#9634,1.99999999999999);
#3454=CIRCLE('',#9637,1.99999999999999);
#3455=CIRCLE('',#9640,2.);
#3456=CIRCLE('',#9643,2.);
#3457=CIRCLE('',#9645,4.);
#3458=CIRCLE('',#9648,1.99999999999999);
#3459=CIRCLE('',#9651,1.99999999999999);
#3460=CIRCLE('',#9654,1.);
#3461=CIRCLE('',#9657,2.);
#3462=CIRCLE('',#9659,5.);
#3463=CIRCLE('',#9661,2.);
#3464=CIRCLE('',#9664,1.99999999999999);
#3465=CIRCLE('',#9666,2.);
#3466=CIRCLE('',#9669,1.);
#3467=CIRCLE('',#9673,2.);
#3468=CIRCLE('',#9675,3.99999999999999);
#3469=CIRCLE('',#9677,2.);
#3470=CIRCLE('',#9680,2.);
#3471=CIRCLE('',#9682,5.);
#3472=CIRCLE('',#9684,2.);
#3473=CIRCLE('',#9687,2.);
#3474=CIRCLE('',#9690,2.);
#3475=CIRCLE('',#9692,3.99999999999999);
#3476=CIRCLE('',#9694,2.);
#3477=CIRCLE('',#9698,2.);
#3478=CIRCLE('',#9701,2.);
#3479=CIRCLE('',#9704,2.);
#3480=CIRCLE('',#9707,2.);
#3481=CIRCLE('',#9710,2.);
#3482=CIRCLE('',#9713,2.);
#3483=CIRCLE('',#9716,2.);
#3484=CIRCLE('',#9719,2.);
#3485=CIRCLE('',#9722,1.);
#3486=CIRCLE('',#9725,2.);
#3487=CIRCLE('',#9727,3.99999999999999);
#3488=CIRCLE('',#9729,2.);
#3489=CIRCLE('',#9732,3.99999999999999);
#3490=CIRCLE('',#9734,2.);
#3491=CIRCLE('',#9737,2.);
#3492=CIRCLE('',#9739,1.99999999999999);
#3493=CIRCLE('',#9742,1.99999999999999);
#3494=CIRCLE('',#9745,2.);
#3495=CIRCLE('',#9748,2.);
#3496=CIRCLE('',#9751,1.99999999999999);
#3497=CIRCLE('',#9754,2.);
#3498=CIRCLE('',#9757,2.);
#3499=CIRCLE('',#9760,1.99999999999999);
#3500=CIRCLE('',#9763,2.);
#3501=CIRCLE('',#9766,2.);
#3502=CIRCLE('',#9768,2.);
#3503=CIRCLE('',#9771,2.);
#3504=CIRCLE('',#9774,2.00000000000001);
#3505=CIRCLE('',#9776,2.00000000000001);
#3506=CIRCLE('',#9779,2.);
#3507=CIRCLE('',#9782,2.);
#3508=CIRCLE('',#9785,2.);
#3509=CIRCLE('',#9788,1.99999999999999);
#3510=CIRCLE('',#9790,3.99999999999999);
#3511=CIRCLE('',#9792,2.);
#3512=CIRCLE('',#9794,2.);
#3513=CIRCLE('',#9797,2.);
#3514=CIRCLE('',#9801,2.);
#3515=CIRCLE('',#9804,2.);
#3516=CIRCLE('',#9807,2.);
#3517=CIRCLE('',#9810,2.);
#3518=CIRCLE('',#9814,1.);
#3519=CIRCLE('',#9817,1.);
#3520=CIRCLE('',#9820,1.);
#3521=CIRCLE('',#9823,1.);
#3522=CIRCLE('',#9827,2.);
#3523=CIRCLE('',#9830,2.);
#3524=CIRCLE('',#9833,2.);
#3525=CIRCLE('',#9836,2.);
#3526=CIRCLE('',#9838,2.);
#3527=CIRCLE('',#9841,2.);
#3528=CIRCLE('',#9845,2.);
#3529=CIRCLE('',#9848,2.);
#3530=CIRCLE('',#9851,2.);
#3531=CIRCLE('',#9854,2.);
#3532=CIRCLE('',#9856,4.);
#3533=CIRCLE('',#9858,2.);
#3534=CIRCLE('',#9861,2.);
#3535=CIRCLE('',#9864,2.);
#3536=CIRCLE('',#9867,2.);
#3537=CIRCLE('',#9870,1.);
#3538=CIRCLE('',#9873,2.);
#3539=CIRCLE('',#9875,3.99999999999999);
#3540=CIRCLE('',#9877,2.);
#3541=CIRCLE('',#9879,3.99999999999999);
#3542=CIRCLE('',#9881,2.);
#3543=CIRCLE('',#9883,3.00000000000001);
#3544=CIRCLE('',#9886,2.9);
#3545=CIRCLE('',#9887,2.9);
#3546=CIRCLE('',#9889,2.9);
#3547=CIRCLE('',#9891,2.9);
#3548=CIRCLE('',#9892,2.9);
#3549=CIRCLE('',#9894,2.9);
#3550=CIRCLE('',#9896,2.9);
#3551=CIRCLE('',#9897,2.9);
#3552=CIRCLE('',#9899,2.9);
#3553=CIRCLE('',#9901,2.9);
#3554=CIRCLE('',#9902,2.9);
#3555=CIRCLE('',#9904,2.9);
#3556=CIRCLE('',#9907,4.);
#3557=CIRCLE('',#9913,2.);
#3558=CIRCLE('',#9914,2.5);
#3559=CIRCLE('',#9916,4.50000000000001);
#3560=CIRCLE('',#9917,5.);
#3561=CIRCLE('',#9919,2.49999999999999);
#3562=CIRCLE('',#9922,1.5);
#3563=CIRCLE('',#9925,1.99999999999999);
#3564=CIRCLE('',#9926,2.49999999999999);
#3565=CIRCLE('',#9931,3.49999999999999);
#3566=CIRCLE('',#9932,3.49999999999996);
#3567=CIRCLE('',#9933,3.50000000000001);
#3568=CIRCLE('',#9934,3.5);
#3569=CIRCLE('',#9935,3.5);
#3570=CIRCLE('',#9936,2.5);
#3571=CIRCLE('',#9937,2.5);
#3572=CIRCLE('',#9938,4.5);
#3573=CIRCLE('',#9939,2.49999999999998);
#3574=CIRCLE('',#9940,2.5);
#3575=CIRCLE('',#9941,3.50000000000001);
#3576=CIRCLE('',#9942,2.49999999999999);
#3577=CIRCLE('',#9943,2.50000000000001);
#3578=CIRCLE('',#9944,2.50000000000001);
#3579=CIRCLE('',#9945,2.50000000000001);
#3580=CIRCLE('',#9946,2.5);
#3581=CIRCLE('',#9947,2.5);
#3582=CIRCLE('',#9948,2.50000000000001);
#3583=CIRCLE('',#9949,2.5);
#3584=CIRCLE('',#9950,2.50000000000001);
#3585=CIRCLE('',#9951,2.50000000000001);
#3586=CIRCLE('',#9952,1.50000000000001);
#3587=CIRCLE('',#9953,1.5);
#3588=CIRCLE('',#9954,1.5);
#3589=CIRCLE('',#9955,2.5);
#3590=CIRCLE('',#9956,2.5);
#3591=CIRCLE('',#9957,2.50000000000003);
#3592=CIRCLE('',#9958,2.49999999999999);
#3593=CIRCLE('',#9959,1.90000000000001);
#3594=CIRCLE('',#9960,2.10000000000001);
#3595=CIRCLE('',#9961,2.10000000000001);
#3596=CIRCLE('',#9962,2.50000000000001);
#3597=CIRCLE('',#9963,2.50000000000001);
#3598=CIRCLE('',#9964,2.49999999999999);
#3599=CIRCLE('',#9965,2.50000000000001);
#3600=CIRCLE('',#9966,2.5);
#3601=CIRCLE('',#9967,2.49999999999999);
#3602=CIRCLE('',#9968,3.50000000000001);
#3603=CIRCLE('',#9969,2.5);
#3604=CIRCLE('',#9970,2.50000000000001);
#3605=CIRCLE('',#9971,2.5);
#3606=CIRCLE('',#9972,1.49999999999999);
#3607=CIRCLE('',#9973,2.49999999999999);
#3608=CIRCLE('',#9974,3.49999999999999);
#3609=CIRCLE('',#9975,2.5);
#3610=CIRCLE('',#9976,2.50000000000001);
#3611=CIRCLE('',#9977,2.50000000000001);
#3612=CIRCLE('',#9978,2.5);
#3613=CIRCLE('',#9979,2.49999999999999);
#3614=CIRCLE('',#9980,3.49999999999998);
#3615=CIRCLE('',#9981,2.49999999999996);
#3616=CIRCLE('',#9982,2.50000000000001);
#3617=CIRCLE('',#9983,2.50000000000001);
#3618=CIRCLE('',#9984,2.10000000000001);
#3619=CIRCLE('',#9985,2.10000000000001);
#3620=CIRCLE('',#9986,3.50000000000001);
#3621=CIRCLE('',#9987,2.50000000000001);
#3622=CIRCLE('',#9988,2.50000000000001);
#3623=CIRCLE('',#9989,2.5);
#3624=CIRCLE('',#9990,2.5);
#3625=CIRCLE('',#9991,2.5);
#3626=CIRCLE('',#9992,2.50000000000002);
#3627=CIRCLE('',#9993,2.5);
#3628=CIRCLE('',#9994,2.50000000000001);
#3629=CIRCLE('',#9995,2.5);
#3630=CIRCLE('',#9996,1.50000000000003);
#3631=CIRCLE('',#9997,2.49999999999998);
#3632=CIRCLE('',#9998,3.49999999999997);
#3633=CIRCLE('',#9999,2.49999999999998);
#3634=CIRCLE('',#10000,2.50000000000002);
#3635=CIRCLE('',#10001,2.50000000000001);
#3636=CIRCLE('',#10003,2.);
#3637=CIRCLE('',#10010,2.);
#3638=CIRCLE('',#10012,5.);
#3639=CIRCLE('',#10014,2.);
#3640=CIRCLE('',#10022,1.99999999999999);
#3641=CIRCLE('',#10027,2.);
#3642=CIRCLE('',#10033,2.);
#3643=CIRCLE('',#10040,2.);
#3644=CIRCLE('',#10043,2.);
#3645=CIRCLE('',#10053,1.);
#3646=CIRCLE('',#10061,2.);
#3647=CIRCLE('',#10068,2.);
#3648=CIRCLE('',#10076,2.);
#3649=CIRCLE('',#10079,2.);
#3650=CIRCLE('',#10082,1.);
#3651=CIRCLE('',#10087,1.);
#3652=CIRCLE('',#10091,4.);
#3653=CIRCLE('',#10093,2.);
#3654=CIRCLE('',#10096,2.);
#3655=CIRCLE('',#10103,2.);
#3656=CIRCLE('',#10112,2.);
#3657=CIRCLE('',#10115,2.);
#3658=CIRCLE('',#10124,4.);
#3659=CIRCLE('',#10132,1.6);
#3660=CIRCLE('',#10134,1.6);
#3661=CIRCLE('',#10136,1.6);
#3662=CIRCLE('',#10138,1.6);
#3663=CIRCLE('',#10140,1.6);
#3664=CIRCLE('',#10142,1.6);
#3665=CIRCLE('',#10144,1.6);
#3666=CIRCLE('',#10146,1.6);
#3667=CIRCLE('',#10148,2.);
#3668=CIRCLE('',#10150,2.);
#3669=CIRCLE('',#10152,2.);
#3670=CIRCLE('',#10154,2.);
#3671=CIRCLE('',#10156,2.);
#3672=CIRCLE('',#10158,2.);
#3673=CIRCLE('',#10160,2.);
#3674=CIRCLE('',#10162,2.);
#3675=CIRCLE('',#10169,2.);
#3676=CIRCLE('',#10171,3.99999999999999);
#3677=CIRCLE('',#10173,1.99999999999999);
#3678=CIRCLE('',#10177,1.99999999999999);
#3679=CIRCLE('',#10187,1.);
#3680=CIRCLE('',#10190,2.);
#3681=CIRCLE('',#10202,4.);
#3682=CIRCLE('',#10204,2.);
#3683=CIRCLE('',#10207,2.);
#3684=CIRCLE('',#10238,1.);
#3685=CIRCLE('',#10247,1.);
#3686=CIRCLE('',#10251,4.89999999999998);
#3687=CIRCLE('',#10256,3.49999999999999);
#3688=CIRCLE('',#10257,3.99999999999999);
#3689=CIRCLE('',#10260,3.99999999999999);
#3690=CIRCLE('',#10263,2.9);
#3691=CIRCLE('',#10265,3.99999999999999);
#3692=CIRCLE('',#10267,2.9);
#3693=CIRCLE('',#10268,1.6);
#3694=CIRCLE('',#10271,1.6);
#3695=CIRCLE('',#10276,3.75);
#3696=CIRCLE('',#10277,8.75);
#3697=CIRCLE('',#10279,5.);
#3698=CIRCLE('',#10280,4.00000000000002);
#3699=CIRCLE('',#10281,8.75);
#3700=CIRCLE('',#10282,10.);
#3701=CIRCLE('',#10283,20.);
#3702=CIRCLE('',#10284,4.00000000000002);
#3703=CIRCLE('',#10285,6.);
#3704=CIRCLE('',#10286,20.);
#3705=CIRCLE('',#10287,20.);
#3706=CIRCLE('',#10288,20.);
#3707=CIRCLE('',#10289,20.);
#3708=CIRCLE('',#10290,20.);
#3709=CIRCLE('',#10291,5.69331177550665);
#3710=CIRCLE('',#10292,20.);
#3711=CIRCLE('',#10293,6.);
#3712=CIRCLE('',#10294,4.00000000000002);
#3713=CIRCLE('',#10295,5.);
#3714=CIRCLE('',#10297,3.75);
#3715=CIRCLE('',#10299,3.75);
#3716=CIRCLE('',#10300,3.75);
#3717=CIRCLE('',#10301,3.75);
#3718=CIRCLE('',#10303,5.);
#3719=CIRCLE('',#10304,1.);
#3720=CIRCLE('',#10306,5.);
#3721=CIRCLE('',#10307,1.);
#3722=CIRCLE('',#10309,5.);
#3723=CIRCLE('',#10310,5.);
#3724=CIRCLE('',#10312,6.);
#3725=CIRCLE('',#10313,1.);
#3726=CIRCLE('',#10314,6.);
#3727=CIRCLE('',#10319,20.);
#3728=CIRCLE('',#10320,20.);
#3729=CIRCLE('',#10321,6.);
#3730=CIRCLE('',#10323,20.);
#3731=CIRCLE('',#10325,1.);
#3732=CIRCLE('',#10328,1.);
#3733=CIRCLE('',#10329,5.00000000000001);
#3734=CIRCLE('',#10331,1.);
#3735=CIRCLE('',#10332,5.);
#3736=CIRCLE('',#10334,5.);
#3737=CIRCLE('',#10335,1.);
#3738=CIRCLE('',#10337,5.);
#3739=CIRCLE('',#10338,1.);
#3740=CIRCLE('',#10343,2.75);
#3741=CIRCLE('',#10345,1.6);
#3742=CIRCLE('',#10347,3.75);
#3743=CIRCLE('',#10348,2.75);
#3744=CIRCLE('',#10350,1.6);
#3745=CIRCLE('',#10352,3.75);
#3746=CIRCLE('',#10355,0.999999999999996);
#3747=CIRCLE('',#10356,0.499999999999993);
#3748=CIRCLE('',#10358,1.);
#3749=CIRCLE('',#10359,0.500000000000002);
#3750=CIRCLE('',#10361,5.49999999999999);
#3751=CIRCLE('',#10362,5.);
#3752=CIRCLE('',#10364,5.);
#3753=CIRCLE('',#10365,5.49999999999998);
#3754=CIRCLE('',#10367,0.499999999999999);
#3755=CIRCLE('',#10369,1.);
#3756=CIRCLE('',#10370,0.499999999999999);
#3757=CIRCLE('',#10373,5.);
#3758=CIRCLE('',#10375,0.999999999999996);
#3759=CIRCLE('',#10380,1.);
#3760=CIRCLE('',#10381,0.500000000000002);
#3761=CIRCLE('',#10383,1.);
#3762=CIRCLE('',#10384,0.500000000000001);
#3763=CIRCLE('',#10386,5.5);
#3764=CIRCLE('',#10387,5.);
#3765=CIRCLE('',#10390,1.);
#3766=CIRCLE('',#10391,0.499999999999999);
#3767=CIRCLE('',#10393,1.);
#3768=CIRCLE('',#10394,0.500000000000001);
#3769=CIRCLE('',#10398,5.);
#3770=CIRCLE('',#10400,1.);
#3771=CIRCLE('',#10404,2.10000000000001);
#3772=CIRCLE('',#10405,1.6);
#3773=CIRCLE('',#10407,5.5);
#3774=CIRCLE('',#10408,0.500000000000002);
#3775=CIRCLE('',#10409,0.500000000000001);
#3776=CIRCLE('',#10410,5.5);
#3777=CIRCLE('',#10411,3.50000000000002);
#3778=CIRCLE('',#10412,20.5);
#3779=CIRCLE('',#10413,9.50000000000001);
#3780=CIRCLE('',#10414,3.24999999999999);
#3781=CIRCLE('',#10415,2.5);
#3782=CIRCLE('',#10416,3.50000000000002);
#3783=CIRCLE('',#10417,5.50000000000002);
#3784=CIRCLE('',#10418,3.24999999999999);
#3785=CIRCLE('',#10419,5.5);
#3786=CIRCLE('',#10420,3.50000000000002);
#3787=CIRCLE('',#10421,5.5);
#3788=CIRCLE('',#10422,0.499999999999993);
#3789=CIRCLE('',#10423,0.500000000000002);
#3790=CIRCLE('',#10424,5.49999999999999);
#3791=CIRCLE('',#10425,2.10000000000001);
#3792=CIRCLE('',#10426,2.00000000000001);
#3793=CIRCLE('',#10427,2.00000000000001);
#3794=CIRCLE('',#10428,20.);
#3795=CIRCLE('',#10429,5.69331177550665);
#3796=CIRCLE('',#10430,20.);
#3797=CIRCLE('',#10431,20.);
#3798=CIRCLE('',#10432,20.);
#3799=CIRCLE('',#10433,2.00000000000001);
#3800=CIRCLE('',#10434,2.00000000000001);
#3801=CIRCLE('',#10437,1.6);
#3802=CIRCLE('',#10440,1.5);
#3803=CIRCLE('',#10442,1.5);
#3804=CIRCLE('',#10444,1.5);
#3805=CIRCLE('',#10446,1.5);
#3806=CIRCLE('',#10448,1.5);
#3807=CIRCLE('',#10450,1.5);
#3808=CIRCLE('',#10452,1.5);
#3809=CIRCLE('',#10454,1.5);
#3810=CIRCLE('',#10457,5.);
#3811=CIRCLE('',#10460,1.);
#3812=CIRCLE('',#10466,1.);
#3813=CIRCLE('',#10470,4.00000000000002);
#3814=CIRCLE('',#10472,5.);
#3815=CIRCLE('',#10475,4.00000000000002);
#3816=CIRCLE('',#10477,5.);
#3817=CIRCLE('',#10481,20.);
#3818=CIRCLE('',#10486,10.);
#3819=CIRCLE('',#10488,5.);
#3820=CIRCLE('',#10491,4.00000000000002);
#3821=CIRCLE('',#10496,2.);
#3822=CIRCLE('',#10517,20.);
#3823=CIRCLE('',#10524,20.);
#3824=CIRCLE('',#10531,20.);
#3825=CIRCLE('',#10538,20.);
#3826=VERTEX_POINT('',#13468);
#3827=VERTEX_POINT('',#13470);
#3828=VERTEX_POINT('',#13474);
#3829=VERTEX_POINT('',#13475);
#3830=VERTEX_POINT('',#13477);
#3831=VERTEX_POINT('',#13479);
#3832=VERTEX_POINT('',#13481);
#3833=VERTEX_POINT('',#13486);
#3834=VERTEX_POINT('',#13489);
#3835=VERTEX_POINT('',#13491);
#3836=VERTEX_POINT('',#13493);
#3837=VERTEX_POINT('',#13497);
#3838=VERTEX_POINT('',#13498);
#3839=VERTEX_POINT('',#13500);
#3840=VERTEX_POINT('',#13502);
#3841=VERTEX_POINT('',#13504);
#3842=VERTEX_POINT('',#13509);
#3843=VERTEX_POINT('',#13512);
#3844=VERTEX_POINT('',#13514);
#3845=VERTEX_POINT('',#13518);
#3846=VERTEX_POINT('',#13519);
#3847=VERTEX_POINT('',#13521);
#3848=VERTEX_POINT('',#13524);
#3849=VERTEX_POINT('',#13526);
#3850=VERTEX_POINT('',#13530);
#3851=VERTEX_POINT('',#13533);
#3852=VERTEX_POINT('',#13535);
#3853=VERTEX_POINT('',#13539);
#3854=VERTEX_POINT('',#13540);
#3855=VERTEX_POINT('',#13542);
#3856=VERTEX_POINT('',#13545);
#3857=VERTEX_POINT('',#13547);
#3858=VERTEX_POINT('',#13551);
#3859=VERTEX_POINT('',#13554);
#3860=VERTEX_POINT('',#13556);
#3861=VERTEX_POINT('',#13559);
#3862=VERTEX_POINT('',#13560);
#3863=VERTEX_POINT('',#13564);
#3864=VERTEX_POINT('',#13566);
#3865=VERTEX_POINT('',#13572);
#3866=VERTEX_POINT('',#13576);
#3867=VERTEX_POINT('',#13588);
#3868=VERTEX_POINT('',#13589);
#3869=VERTEX_POINT('',#13593);
#3870=VERTEX_POINT('',#13595);
#3871=VERTEX_POINT('',#13601);
#3872=VERTEX_POINT('',#13603);
#3873=VERTEX_POINT('',#13605);
#3874=VERTEX_POINT('',#13607);
#3875=VERTEX_POINT('',#13609);
#3876=VERTEX_POINT('',#13611);
#3877=VERTEX_POINT('',#13613);
#3878=VERTEX_POINT('',#13615);
#3879=VERTEX_POINT('',#13619);
#3880=VERTEX_POINT('',#13620);
#3881=VERTEX_POINT('',#13622);
#3882=VERTEX_POINT('',#13624);
#3883=VERTEX_POINT('',#13626);
#3884=VERTEX_POINT('',#13628);
#3885=VERTEX_POINT('',#13630);
#3886=VERTEX_POINT('',#13632);
#3887=VERTEX_POINT('',#13635);
#3888=VERTEX_POINT('',#13636);
#3889=VERTEX_POINT('',#13638);
#3890=VERTEX_POINT('',#13640);
#3891=VERTEX_POINT('',#13642);
#3892=VERTEX_POINT('',#13644);
#3893=VERTEX_POINT('',#13646);
#3894=VERTEX_POINT('',#13648);
#3895=VERTEX_POINT('',#13650);
#3896=VERTEX_POINT('',#13652);
#3897=VERTEX_POINT('',#13655);
#3898=VERTEX_POINT('',#13656);
#3899=VERTEX_POINT('',#13658);
#3900=VERTEX_POINT('',#13660);
#3901=VERTEX_POINT('',#13662);
#3902=VERTEX_POINT('',#13664);
#3903=VERTEX_POINT('',#13667);
#3904=VERTEX_POINT('',#13668);
#3905=VERTEX_POINT('',#13670);
#3906=VERTEX_POINT('',#13672);
#3907=VERTEX_POINT('',#13674);
#3908=VERTEX_POINT('',#13676);
#3909=VERTEX_POINT('',#13679);
#3910=VERTEX_POINT('',#13680);
#3911=VERTEX_POINT('',#13682);
#3912=VERTEX_POINT('',#13684);
#3913=VERTEX_POINT('',#13686);
#3914=VERTEX_POINT('',#13688);
#3915=VERTEX_POINT('',#13691);
#3916=VERTEX_POINT('',#13692);
#3917=VERTEX_POINT('',#13694);
#3918=VERTEX_POINT('',#13696);
#3919=VERTEX_POINT('',#13698);
#3920=VERTEX_POINT('',#13700);
#3921=VERTEX_POINT('',#13702);
#3922=VERTEX_POINT('',#13704);
#3923=VERTEX_POINT('',#13707);
#3924=VERTEX_POINT('',#13708);
#3925=VERTEX_POINT('',#13710);
#3926=VERTEX_POINT('',#13712);
#3927=VERTEX_POINT('',#13714);
#3928=VERTEX_POINT('',#13716);
#3929=VERTEX_POINT('',#13719);
#3930=VERTEX_POINT('',#13721);
#3931=VERTEX_POINT('',#13723);
#3932=VERTEX_POINT('',#13725);
#3933=VERTEX_POINT('',#13727);
#3934=VERTEX_POINT('',#13728);
#3935=VERTEX_POINT('',#13730);
#3936=VERTEX_POINT('',#13732);
#3937=VERTEX_POINT('',#13734);
#3938=VERTEX_POINT('',#13736);
#3939=VERTEX_POINT('',#13738);
#3940=VERTEX_POINT('',#13740);
#3941=VERTEX_POINT('',#13742);
#3942=VERTEX_POINT('',#13744);
#3943=VERTEX_POINT('',#13747);
#3944=VERTEX_POINT('',#13748);
#3945=VERTEX_POINT('',#13750);
#3946=VERTEX_POINT('',#13752);
#3947=VERTEX_POINT('',#13754);
#3948=VERTEX_POINT('',#13756);
#3949=VERTEX_POINT('',#13759);
#3950=VERTEX_POINT('',#13760);
#3951=VERTEX_POINT('',#13762);
#3952=VERTEX_POINT('',#13764);
#3953=VERTEX_POINT('',#13766);
#3954=VERTEX_POINT('',#13768);
#3955=VERTEX_POINT('',#13770);
#3956=VERTEX_POINT('',#13772);
#3957=VERTEX_POINT('',#13775);
#3958=VERTEX_POINT('',#13776);
#3959=VERTEX_POINT('',#13778);
#3960=VERTEX_POINT('',#13780);
#3961=VERTEX_POINT('',#13782);
#3962=VERTEX_POINT('',#13784);
#3963=VERTEX_POINT('',#13787);
#3964=VERTEX_POINT('',#13788);
#3965=VERTEX_POINT('',#13790);
#3966=VERTEX_POINT('',#13792);
#3967=VERTEX_POINT('',#13794);
#3968=VERTEX_POINT('',#13796);
#3969=VERTEX_POINT('',#13798);
#3970=VERTEX_POINT('',#13800);
#3971=VERTEX_POINT('',#13803);
#3972=VERTEX_POINT('',#13804);
#3973=VERTEX_POINT('',#13806);
#3974=VERTEX_POINT('',#13808);
#3975=VERTEX_POINT('',#13810);
#3976=VERTEX_POINT('',#13812);
#3977=VERTEX_POINT('',#13814);
#3978=VERTEX_POINT('',#13816);
#3979=VERTEX_POINT('',#13818);
#3980=VERTEX_POINT('',#13820);
#3981=VERTEX_POINT('',#13823);
#3982=VERTEX_POINT('',#13824);
#3983=VERTEX_POINT('',#13826);
#3984=VERTEX_POINT('',#13828);
#3985=VERTEX_POINT('',#13830);
#3986=VERTEX_POINT('',#13832);
#3987=VERTEX_POINT('',#13834);
#3988=VERTEX_POINT('',#13836);
#3989=VERTEX_POINT('',#13840);
#3990=VERTEX_POINT('',#13844);
#3991=VERTEX_POINT('',#13850);
#3992=VERTEX_POINT('',#13854);
#3993=VERTEX_POINT('',#13860);
#3994=VERTEX_POINT('',#13864);
#3995=VERTEX_POINT('',#13876);
#3996=VERTEX_POINT('',#13880);
#3997=VERTEX_POINT('',#13886);
#3998=VERTEX_POINT('',#13890);
#3999=VERTEX_POINT('',#13902);
#4000=VERTEX_POINT('',#13904);
#4001=VERTEX_POINT('',#13908);
#4002=VERTEX_POINT('',#13912);
#4003=VERTEX_POINT('',#13916);
#4004=VERTEX_POINT('',#13920);
#4005=VERTEX_POINT('',#13924);
#4006=VERTEX_POINT('',#13928);
#4007=VERTEX_POINT('',#13934);
#4008=VERTEX_POINT('',#13936);
#4009=VERTEX_POINT('',#13940);
#4010=VERTEX_POINT('',#13944);
#4011=VERTEX_POINT('',#13948);
#4012=VERTEX_POINT('',#13952);
#4013=VERTEX_POINT('',#13954);
#4014=VERTEX_POINT('',#13958);
#4015=VERTEX_POINT('',#13962);
#4016=VERTEX_POINT('',#13966);
#4017=VERTEX_POINT('',#13970);
#4018=VERTEX_POINT('',#13974);
#4019=VERTEX_POINT('',#13978);
#4020=VERTEX_POINT('',#13984);
#4021=VERTEX_POINT('',#13986);
#4022=VERTEX_POINT('',#13990);
#4023=VERTEX_POINT('',#13994);
#4024=VERTEX_POINT('',#13998);
#4025=VERTEX_POINT('',#14002);
#4026=VERTEX_POINT('',#14004);
#4027=VERTEX_POINT('',#14008);
#4028=VERTEX_POINT('',#14012);
#4029=VERTEX_POINT('',#14016);
#4030=VERTEX_POINT('',#14020);
#4031=VERTEX_POINT('',#14024);
#4032=VERTEX_POINT('',#14028);
#4033=VERTEX_POINT('',#14032);
#4034=VERTEX_POINT('',#14036);
#4035=VERTEX_POINT('',#14042);
#4036=VERTEX_POINT('',#14044);
#4037=VERTEX_POINT('',#14048);
#4038=VERTEX_POINT('',#14052);
#4039=VERTEX_POINT('',#14056);
#4040=VERTEX_POINT('',#14060);
#4041=VERTEX_POINT('',#14064);
#4042=VERTEX_POINT('',#14066);
#4043=VERTEX_POINT('',#14070);
#4044=VERTEX_POINT('',#14074);
#4045=VERTEX_POINT('',#14078);
#4046=VERTEX_POINT('',#14082);
#4047=VERTEX_POINT('',#14086);
#4048=VERTEX_POINT('',#14090);
#4049=VERTEX_POINT('',#14094);
#4050=VERTEX_POINT('',#14098);
#4051=VERTEX_POINT('',#14104);
#4052=VERTEX_POINT('',#14106);
#4053=VERTEX_POINT('',#14110);
#4054=VERTEX_POINT('',#14114);
#4055=VERTEX_POINT('',#14118);
#4056=VERTEX_POINT('',#14122);
#4057=VERTEX_POINT('',#14126);
#4058=VERTEX_POINT('',#14128);
#4059=VERTEX_POINT('',#14132);
#4060=VERTEX_POINT('',#14136);
#4061=VERTEX_POINT('',#14140);
#4062=VERTEX_POINT('',#14144);
#4063=VERTEX_POINT('',#14148);
#4064=VERTEX_POINT('',#14152);
#4065=VERTEX_POINT('',#14158);
#4066=VERTEX_POINT('',#14160);
#4067=VERTEX_POINT('',#14164);
#4068=VERTEX_POINT('',#14168);
#4069=VERTEX_POINT('',#14172);
#4070=VERTEX_POINT('',#14176);
#4071=VERTEX_POINT('',#14178);
#4072=VERTEX_POINT('',#14182);
#4073=VERTEX_POINT('',#14186);
#4074=VERTEX_POINT('',#14190);
#4075=VERTEX_POINT('',#14194);
#4076=VERTEX_POINT('',#14200);
#4077=VERTEX_POINT('',#14202);
#4078=VERTEX_POINT('',#14206);
#4079=VERTEX_POINT('',#14210);
#4080=VERTEX_POINT('',#14214);
#4081=VERTEX_POINT('',#14216);
#4082=VERTEX_POINT('',#14220);
#4083=VERTEX_POINT('',#14224);
#4084=VERTEX_POINT('',#14228);
#4085=VERTEX_POINT('',#14232);
#4086=VERTEX_POINT('',#14238);
#4087=VERTEX_POINT('',#14240);
#4088=VERTEX_POINT('',#14244);
#4089=VERTEX_POINT('',#14248);
#4090=VERTEX_POINT('',#14252);
#4091=VERTEX_POINT('',#14253);
#4092=VERTEX_POINT('',#14261);
#4093=VERTEX_POINT('',#14265);
#4094=VERTEX_POINT('',#14269);
#4095=VERTEX_POINT('',#14276);
#4096=VERTEX_POINT('',#14282);
#4097=VERTEX_POINT('',#14284);
#4098=VERTEX_POINT('',#14288);
#4099=VERTEX_POINT('',#14292);
#4100=VERTEX_POINT('',#14296);
#4101=VERTEX_POINT('',#14298);
#4102=VERTEX_POINT('',#14302);
#4103=VERTEX_POINT('',#14306);
#4104=VERTEX_POINT('',#14310);
#4105=VERTEX_POINT('',#14314);
#4106=VERTEX_POINT('',#14318);
#4107=VERTEX_POINT('',#14322);
#4108=VERTEX_POINT('',#14328);
#4109=VERTEX_POINT('',#14330);
#4110=VERTEX_POINT('',#14334);
#4111=VERTEX_POINT('',#14338);
#4112=VERTEX_POINT('',#14342);
#4113=VERTEX_POINT('',#14346);
#4114=VERTEX_POINT('',#14348);
#4115=VERTEX_POINT('',#14352);
#4116=VERTEX_POINT('',#14356);
#4117=VERTEX_POINT('',#14360);
#4118=VERTEX_POINT('',#14364);
#4119=VERTEX_POINT('',#14370);
#4120=VERTEX_POINT('',#14372);
#4121=VERTEX_POINT('',#14376);
#4122=VERTEX_POINT('',#14380);
#4123=VERTEX_POINT('',#14384);
#4124=VERTEX_POINT('',#14386);
#4125=VERTEX_POINT('',#14390);
#4126=VERTEX_POINT('',#14394);
#4127=VERTEX_POINT('',#14398);
#4128=VERTEX_POINT('',#14402);
#4129=VERTEX_POINT('',#14408);
#4130=VERTEX_POINT('',#14410);
#4131=VERTEX_POINT('',#14414);
#4132=VERTEX_POINT('',#14418);
#4133=VERTEX_POINT('',#14422);
#4134=VERTEX_POINT('',#14424);
#4135=VERTEX_POINT('',#14428);
#4136=VERTEX_POINT('',#14432);
#4137=VERTEX_POINT('',#14436);
#4138=VERTEX_POINT('',#14440);
#4139=VERTEX_POINT('',#14444);
#4140=VERTEX_POINT('',#14448);
#4141=VERTEX_POINT('',#14454);
#4142=VERTEX_POINT('',#14456);
#4143=VERTEX_POINT('',#14460);
#4144=VERTEX_POINT('',#14464);
#4145=VERTEX_POINT('',#14468);
#4146=VERTEX_POINT('',#14472);
#4147=VERTEX_POINT('',#14474);
#4148=VERTEX_POINT('',#14478);
#4149=VERTEX_POINT('',#14482);
#4150=VERTEX_POINT('',#14486);
#4151=VERTEX_POINT('',#14490);
#4152=VERTEX_POINT('',#14494);
#4153=VERTEX_POINT('',#14498);
#4154=VERTEX_POINT('',#14502);
#4155=VERTEX_POINT('',#14506);
#4156=VERTEX_POINT('',#14512);
#4157=VERTEX_POINT('',#14514);
#4158=VERTEX_POINT('',#14518);
#4159=VERTEX_POINT('',#14522);
#4160=VERTEX_POINT('',#14526);
#4161=VERTEX_POINT('',#14530);
#4162=VERTEX_POINT('',#14534);
#4163=VERTEX_POINT('',#14536);
#4164=VERTEX_POINT('',#14543);
#4165=VERTEX_POINT('',#14547);
#4166=VERTEX_POINT('',#14551);
#4167=VERTEX_POINT('',#14555);
#4168=VERTEX_POINT('',#14561);
#4169=VERTEX_POINT('',#14563);
#4170=VERTEX_POINT('',#14567);
#4171=VERTEX_POINT('',#14571);
#4172=VERTEX_POINT('',#14575);
#4173=VERTEX_POINT('',#14581);
#4174=VERTEX_POINT('',#14583);
#4175=VERTEX_POINT('',#14587);
#4176=VERTEX_POINT('',#14591);
#4177=VERTEX_POINT('',#14593);
#4178=VERTEX_POINT('',#14597);
#4179=VERTEX_POINT('',#14601);
#4180=VERTEX_POINT('',#14606);
#4181=VERTEX_POINT('',#14608);
#4182=VERTEX_POINT('',#14617);
#4183=VERTEX_POINT('',#14624);
#4184=VERTEX_POINT('',#14627);
#4185=VERTEX_POINT('',#14641);
#4186=VERTEX_POINT('',#14643);
#4187=VERTEX_POINT('',#14647);
#4188=VERTEX_POINT('',#14651);
#4189=VERTEX_POINT('',#14661);
#4190=VERTEX_POINT('',#14671);
#4191=VERTEX_POINT('',#14672);
#4192=VERTEX_POINT('',#14674);
#4193=VERTEX_POINT('',#14676);
#4194=VERTEX_POINT('',#14680);
#4195=VERTEX_POINT('',#14682);
#4196=VERTEX_POINT('',#14686);
#4197=VERTEX_POINT('',#14691);
#4198=VERTEX_POINT('',#14695);
#4199=VERTEX_POINT('',#14699);
#4200=VERTEX_POINT('',#14703);
#4201=VERTEX_POINT('',#14716);
#4202=VERTEX_POINT('',#14717);
#4203=VERTEX_POINT('',#14719);
#4204=VERTEX_POINT('',#14721);
#4205=VERTEX_POINT('',#14723);
#4206=VERTEX_POINT('',#14725);
#4207=VERTEX_POINT('',#14727);
#4208=VERTEX_POINT('',#14729);
#4209=VERTEX_POINT('',#14731);
#4210=VERTEX_POINT('',#14733);
#4211=VERTEX_POINT('',#14736);
#4212=VERTEX_POINT('',#14737);
#4213=VERTEX_POINT('',#14739);
#4214=VERTEX_POINT('',#14741);
#4215=VERTEX_POINT('',#14743);
#4216=VERTEX_POINT('',#14745);
#4217=VERTEX_POINT('',#14747);
#4218=VERTEX_POINT('',#14749);
#4219=VERTEX_POINT('',#14751);
#4220=VERTEX_POINT('',#14753);
#4221=VERTEX_POINT('',#14756);
#4222=VERTEX_POINT('',#14757);
#4223=VERTEX_POINT('',#14759);
#4224=VERTEX_POINT('',#14761);
#4225=VERTEX_POINT('',#14763);
#4226=VERTEX_POINT('',#14765);
#4227=VERTEX_POINT('',#14767);
#4228=VERTEX_POINT('',#14769);
#4229=VERTEX_POINT('',#14771);
#4230=VERTEX_POINT('',#14773);
#4231=VERTEX_POINT('',#14776);
#4232=VERTEX_POINT('',#14777);
#4233=VERTEX_POINT('',#14779);
#4234=VERTEX_POINT('',#14781);
#4235=VERTEX_POINT('',#14783);
#4236=VERTEX_POINT('',#14785);
#4237=VERTEX_POINT('',#14787);
#4238=VERTEX_POINT('',#14789);
#4239=VERTEX_POINT('',#14792);
#4240=VERTEX_POINT('',#14793);
#4241=VERTEX_POINT('',#14795);
#4242=VERTEX_POINT('',#14797);
#4243=VERTEX_POINT('',#14799);
#4244=VERTEX_POINT('',#14801);
#4245=VERTEX_POINT('',#14804);
#4246=VERTEX_POINT('',#14805);
#4247=VERTEX_POINT('',#14807);
#4248=VERTEX_POINT('',#14809);
#4249=VERTEX_POINT('',#14811);
#4250=VERTEX_POINT('',#14813);
#4251=VERTEX_POINT('',#14816);
#4252=VERTEX_POINT('',#14818);
#4253=VERTEX_POINT('',#14820);
#4254=VERTEX_POINT('',#14822);
#4255=VERTEX_POINT('',#14824);
#4256=VERTEX_POINT('',#14826);
#4257=VERTEX_POINT('',#14827);
#4258=VERTEX_POINT('',#14829);
#4259=VERTEX_POINT('',#14831);
#4260=VERTEX_POINT('',#14833);
#4261=VERTEX_POINT('',#14835);
#4262=VERTEX_POINT('',#14838);
#4263=VERTEX_POINT('',#14839);
#4264=VERTEX_POINT('',#14841);
#4265=VERTEX_POINT('',#14843);
#4266=VERTEX_POINT('',#14845);
#4267=VERTEX_POINT('',#14847);
#4268=VERTEX_POINT('',#14849);
#4269=VERTEX_POINT('',#14851);
#4270=VERTEX_POINT('',#14854);
#4271=VERTEX_POINT('',#14855);
#4272=VERTEX_POINT('',#14857);
#4273=VERTEX_POINT('',#14859);
#4274=VERTEX_POINT('',#14861);
#4275=VERTEX_POINT('',#14863);
#4276=VERTEX_POINT('',#14865);
#4277=VERTEX_POINT('',#14867);
#4278=VERTEX_POINT('',#14870);
#4279=VERTEX_POINT('',#14871);
#4280=VERTEX_POINT('',#14873);
#4281=VERTEX_POINT('',#14875);
#4282=VERTEX_POINT('',#14877);
#4283=VERTEX_POINT('',#14879);
#4284=VERTEX_POINT('',#14881);
#4285=VERTEX_POINT('',#14883);
#4286=VERTEX_POINT('',#14886);
#4287=VERTEX_POINT('',#14888);
#4288=VERTEX_POINT('',#14890);
#4289=VERTEX_POINT('',#14892);
#4290=VERTEX_POINT('',#14894);
#4291=VERTEX_POINT('',#14895);
#4292=VERTEX_POINT('',#14897);
#4293=VERTEX_POINT('',#14899);
#4294=VERTEX_POINT('',#14901);
#4295=VERTEX_POINT('',#14903);
#4296=VERTEX_POINT('',#14905);
#4297=VERTEX_POINT('',#14907);
#4298=VERTEX_POINT('',#14909);
#4299=VERTEX_POINT('',#14911);
#4300=VERTEX_POINT('',#14914);
#4301=VERTEX_POINT('',#14915);
#4302=VERTEX_POINT('',#14917);
#4303=VERTEX_POINT('',#14919);
#4304=VERTEX_POINT('',#14921);
#4305=VERTEX_POINT('',#14923);
#4306=VERTEX_POINT('',#14926);
#4307=VERTEX_POINT('',#14927);
#4308=VERTEX_POINT('',#14929);
#4309=VERTEX_POINT('',#14931);
#4310=VERTEX_POINT('',#14933);
#4311=VERTEX_POINT('',#14935);
#4312=VERTEX_POINT('',#14938);
#4313=VERTEX_POINT('',#14939);
#4314=VERTEX_POINT('',#14941);
#4315=VERTEX_POINT('',#14943);
#4316=VERTEX_POINT('',#14945);
#4317=VERTEX_POINT('',#14947);
#4318=VERTEX_POINT('',#14952);
#4319=VERTEX_POINT('',#14966);
#4320=VERTEX_POINT('',#14970);
#4321=VERTEX_POINT('',#14974);
#4322=VERTEX_POINT('',#14990);
#4323=VERTEX_POINT('',#15000);
#4324=VERTEX_POINT('',#15012);
#4325=VERTEX_POINT('',#15026);
#4326=VERTEX_POINT('',#15030);
#4327=VERTEX_POINT('',#15034);
#4328=VERTEX_POINT('',#15055);
#4329=VERTEX_POINT('',#15059);
#4330=VERTEX_POINT('',#15073);
#4331=VERTEX_POINT('',#15075);
#4332=VERTEX_POINT('',#15079);
#4333=VERTEX_POINT('',#15109);
#4334=VERTEX_POINT('',#15113);
#4335=VERTEX_POINT('',#15119);
#4336=VERTEX_POINT('',#15121);
#4337=VERTEX_POINT('',#15140);
#4338=VERTEX_POINT('',#15142);
#4339=VERTEX_POINT('',#15146);
#4340=VERTEX_POINT('',#15150);
#4341=VERTEX_POINT('',#15190);
#4342=VERTEX_POINT('',#15194);
#4343=VERTEX_POINT('',#15234);
#4344=VERTEX_POINT('',#15241);
#4345=VERTEX_POINT('',#15262);
#4346=VERTEX_POINT('',#15266);
#4347=VERTEX_POINT('',#15270);
#4348=VERTEX_POINT('',#15274);
#4349=VERTEX_POINT('',#15278);
#4350=VERTEX_POINT('',#15282);
#4351=VERTEX_POINT('',#15286);
#4352=VERTEX_POINT('',#15290);
#4353=VERTEX_POINT('',#15294);
#4354=VERTEX_POINT('',#15298);
#4355=VERTEX_POINT('',#15302);
#4356=VERTEX_POINT('',#15306);
#4357=VERTEX_POINT('',#15310);
#4358=VERTEX_POINT('',#15314);
#4359=VERTEX_POINT('',#15318);
#4360=VERTEX_POINT('',#15322);
#4361=VERTEX_POINT('',#15327);
#4362=VERTEX_POINT('',#15339);
#4363=VERTEX_POINT('',#15343);
#4364=VERTEX_POINT('',#15351);
#4365=VERTEX_POINT('',#15356);
#4366=VERTEX_POINT('',#15373);
#4367=VERTEX_POINT('',#15378);
#4368=VERTEX_POINT('',#15382);
#4369=VERTEX_POINT('',#15408);
#4370=VERTEX_POINT('',#15412);
#4371=VERTEX_POINT('',#15416);
#4372=VERTEX_POINT('',#15465);
#4373=VERTEX_POINT('',#15466);
#4374=VERTEX_POINT('',#15468);
#4375=VERTEX_POINT('',#15470);
#4376=VERTEX_POINT('',#15472);
#4377=VERTEX_POINT('',#15474);
#4378=VERTEX_POINT('',#15478);
#4379=VERTEX_POINT('',#15480);
#4380=VERTEX_POINT('',#15484);
#4381=VERTEX_POINT('',#15486);
#4382=VERTEX_POINT('',#15490);
#4383=VERTEX_POINT('',#15492);
#4384=VERTEX_POINT('',#15494);
#4385=VERTEX_POINT('',#15498);
#4386=VERTEX_POINT('',#15500);
#4387=VERTEX_POINT('',#15502);
#4388=VERTEX_POINT('',#15504);
#4389=VERTEX_POINT('',#15508);
#4390=VERTEX_POINT('',#15510);
#4391=VERTEX_POINT('',#15514);
#4392=VERTEX_POINT('',#15516);
#4393=VERTEX_POINT('',#15523);
#4394=VERTEX_POINT('',#15527);
#4395=VERTEX_POINT('',#15529);
#4396=VERTEX_POINT('',#15533);
#4397=VERTEX_POINT('',#15535);
#4398=VERTEX_POINT('',#15542);
#4399=VERTEX_POINT('',#15544);
#4400=VERTEX_POINT('',#15552);
#4401=VERTEX_POINT('',#15560);
#4402=VERTEX_POINT('',#15562);
#4403=VERTEX_POINT('',#15567);
#4404=VERTEX_POINT('',#15574);
#4405=VERTEX_POINT('',#15575);
#4406=VERTEX_POINT('',#15582);
#4407=VERTEX_POINT('',#15584);
#4408=VERTEX_POINT('',#15593);
#4409=VERTEX_POINT('',#15600);
#4410=VERTEX_POINT('',#15613);
#4411=VERTEX_POINT('',#15615);
#4412=VERTEX_POINT('',#15617);
#4413=VERTEX_POINT('',#15619);
#4414=VERTEX_POINT('',#15621);
#4415=VERTEX_POINT('',#15623);
#4416=VERTEX_POINT('',#15625);
#4417=VERTEX_POINT('',#15627);
#4418=VERTEX_POINT('',#15629);
#4419=VERTEX_POINT('',#15631);
#4420=VERTEX_POINT('',#15633);
#4421=VERTEX_POINT('',#15635);
#4422=VERTEX_POINT('',#15637);
#4423=VERTEX_POINT('',#15639);
#4424=VERTEX_POINT('',#15641);
#4425=VERTEX_POINT('',#15643);
#4426=VERTEX_POINT('',#15645);
#4427=VERTEX_POINT('',#15647);
#4428=VERTEX_POINT('',#15649);
#4429=VERTEX_POINT('',#15651);
#4430=VERTEX_POINT('',#15653);
#4431=VERTEX_POINT('',#15655);
#4432=VERTEX_POINT('',#15657);
#4433=VERTEX_POINT('',#15659);
#4434=VERTEX_POINT('',#15661);
#4435=VERTEX_POINT('',#15663);
#4436=VERTEX_POINT('',#15665);
#4437=VERTEX_POINT('',#15667);
#4438=VERTEX_POINT('',#15669);
#4439=VERTEX_POINT('',#15671);
#4440=VERTEX_POINT('',#15673);
#4441=VERTEX_POINT('',#15675);
#4442=VERTEX_POINT('',#15677);
#4443=VERTEX_POINT('',#15679);
#4444=VERTEX_POINT('',#15681);
#4445=VERTEX_POINT('',#15683);
#4446=VERTEX_POINT('',#15685);
#4447=VERTEX_POINT('',#15687);
#4448=VERTEX_POINT('',#15691);
#4449=VERTEX_POINT('',#15698);
#4450=VERTEX_POINT('',#15705);
#4451=VERTEX_POINT('',#15718);
#4452=VERTEX_POINT('',#15725);
#4453=VERTEX_POINT('',#15738);
#4454=VERTEX_POINT('',#15740);
#4455=VERTEX_POINT('',#15742);
#4456=VERTEX_POINT('',#15744);
#4457=VERTEX_POINT('',#15749);
#4458=VERTEX_POINT('',#15756);
#4459=VERTEX_POINT('',#15758);
#4460=VERTEX_POINT('',#15775);
#4461=VERTEX_POINT('',#15776);
#4462=VERTEX_POINT('',#15786);
#4463=VERTEX_POINT('',#15796);
#4464=VERTEX_POINT('',#15797);
#4465=VERTEX_POINT('',#15799);
#4466=VERTEX_POINT('',#15801);
#4467=VERTEX_POINT('',#15805);
#4468=VERTEX_POINT('',#15806);
#4469=VERTEX_POINT('',#15815);
#4470=VERTEX_POINT('',#15817);
#4471=VERTEX_POINT('',#15837);
#4472=VERTEX_POINT('',#15842);
#4473=VERTEX_POINT('',#15844);
#4474=VERTEX_POINT('',#15846);
#4475=VERTEX_POINT('',#15848);
#4476=VERTEX_POINT('',#15850);
#4477=VERTEX_POINT('',#15854);
#4478=VERTEX_POINT('',#15858);
#4479=VERTEX_POINT('',#15860);
#4480=VERTEX_POINT('',#15864);
#4481=VERTEX_POINT('',#15868);
#4482=VERTEX_POINT('',#15873);
#4483=VERTEX_POINT('',#15880);
#4484=VERTEX_POINT('',#15891);
#4485=VERTEX_POINT('',#15898);
#4486=VERTEX_POINT('',#15900);
#4487=VERTEX_POINT('',#15907);
#4488=VERTEX_POINT('',#15914);
#4489=VERTEX_POINT('',#15918);
#4490=VERTEX_POINT('',#15919);
#4491=VERTEX_POINT('',#15926);
#4492=VERTEX_POINT('',#15928);
#4493=VERTEX_POINT('',#15951);
#4494=VERTEX_POINT('',#15958);
#4495=VERTEX_POINT('',#15962);
#4496=VERTEX_POINT('',#15967);
#4497=VERTEX_POINT('',#15971);
#4498=VERTEX_POINT('',#15974);
#4499=VERTEX_POINT('',#15976);
#4500=VERTEX_POINT('',#15980);
#4501=VERTEX_POINT('',#15983);
#4502=VERTEX_POINT('',#15985);
#4503=VERTEX_POINT('',#15990);
#4504=VERTEX_POINT('',#15991);
#4505=VERTEX_POINT('',#15993);
#4506=VERTEX_POINT('',#15995);
#4507=VERTEX_POINT('',#15999);
#4508=VERTEX_POINT('',#16001);
#4509=VERTEX_POINT('',#16005);
#4510=VERTEX_POINT('',#16006);
#4511=VERTEX_POINT('',#16011);
#4512=VERTEX_POINT('',#16016);
#4513=VERTEX_POINT('',#16017);
#4514=VERTEX_POINT('',#16022);
#4515=VERTEX_POINT('',#16026);
#4516=VERTEX_POINT('',#16033);
#4517=VERTEX_POINT('',#16035);
#4518=VERTEX_POINT('',#16039);
#4519=VERTEX_POINT('',#16043);
#4520=VERTEX_POINT('',#16048);
#4521=VERTEX_POINT('',#16049);
#4522=VERTEX_POINT('',#16051);
#4523=VERTEX_POINT('',#16053);
#4524=VERTEX_POINT('',#16057);
#4525=VERTEX_POINT('',#16059);
#4526=VERTEX_POINT('',#16063);
#4527=VERTEX_POINT('',#16064);
#4528=VERTEX_POINT('',#16069);
#4529=VERTEX_POINT('',#16070);
#4530=VERTEX_POINT('',#16075);
#4531=VERTEX_POINT('',#16076);
#4532=VERTEX_POINT('',#16081);
#4533=VERTEX_POINT('',#16083);
#4534=VERTEX_POINT('',#16087);
#4535=VERTEX_POINT('',#16088);
#4536=VERTEX_POINT('',#16099);
#4537=VERTEX_POINT('',#16101);
#4538=VERTEX_POINT('',#16105);
#4539=VERTEX_POINT('',#16109);
#4540=VERTEX_POINT('',#16114);
#4541=VERTEX_POINT('',#16116);
#4542=VERTEX_POINT('',#16120);
#4543=VERTEX_POINT('',#16121);
#4544=VERTEX_POINT('',#16123);
#4545=VERTEX_POINT('',#16125);
#4546=VERTEX_POINT('',#16127);
#4547=VERTEX_POINT('',#16129);
#4548=VERTEX_POINT('',#16131);
#4549=VERTEX_POINT('',#16133);
#4550=VERTEX_POINT('',#16135);
#4551=VERTEX_POINT('',#16137);
#4552=VERTEX_POINT('',#16139);
#4553=VERTEX_POINT('',#16141);
#4554=VERTEX_POINT('',#16143);
#4555=VERTEX_POINT('',#16145);
#4556=VERTEX_POINT('',#16147);
#4557=VERTEX_POINT('',#16149);
#4558=VERTEX_POINT('',#16151);
#4559=VERTEX_POINT('',#16153);
#4560=VERTEX_POINT('',#16155);
#4561=VERTEX_POINT('',#16157);
#4562=VERTEX_POINT('',#16159);
#4563=VERTEX_POINT('',#16161);
#4564=VERTEX_POINT('',#16163);
#4565=VERTEX_POINT('',#16165);
#4566=VERTEX_POINT('',#16167);
#4567=VERTEX_POINT('',#16169);
#4568=VERTEX_POINT('',#16171);
#4569=VERTEX_POINT('',#16173);
#4570=VERTEX_POINT('',#16175);
#4571=VERTEX_POINT('',#16177);
#4572=VERTEX_POINT('',#16180);
#4573=VERTEX_POINT('',#16182);
#4574=VERTEX_POINT('',#16184);
#4575=VERTEX_POINT('',#16186);
#4576=VERTEX_POINT('',#16187);
#4577=VERTEX_POINT('',#16189);
#4578=VERTEX_POINT('',#16191);
#4579=VERTEX_POINT('',#16193);
#4580=VERTEX_POINT('',#16195);
#4581=VERTEX_POINT('',#16197);
#4582=VERTEX_POINT('',#16199);
#4583=VERTEX_POINT('',#16201);
#4584=VERTEX_POINT('',#16204);
#4585=VERTEX_POINT('',#16206);
#4586=VERTEX_POINT('',#16211);
#4587=VERTEX_POINT('',#16217);
#4588=VERTEX_POINT('',#16221);
#4589=VERTEX_POINT('',#16225);
#4590=VERTEX_POINT('',#16229);
#4591=VERTEX_POINT('',#16233);
#4592=VERTEX_POINT('',#16237);
#4593=VERTEX_POINT('',#16241);
#4594=VERTEX_POINT('',#16245);
#4595=VERTEX_POINT('',#16250);
#4596=VERTEX_POINT('',#16254);
#4597=VERTEX_POINT('',#16271);
#4598=VERTEX_POINT('',#16277);
#4599=VERTEX_POINT('',#16281);
#4600=VERTEX_POINT('',#16285);
#4601=VERTEX_POINT('',#16289);
#4602=VERTEX_POINT('',#16293);
#4603=VERTEX_POINT('',#16297);
#4604=VERTEX_POINT('',#16301);
#4605=VERTEX_POINT('',#16308);
#4606=VERTEX_POINT('',#16314);
#4607=VERTEX_POINT('',#16318);
#4608=VERTEX_POINT('',#16322);
#4609=VERTEX_POINT('',#16326);
#4610=VERTEX_POINT('',#16333);
#4611=VERTEX_POINT('',#16339);
#4612=VERTEX_POINT('',#16343);
#4613=VERTEX_POINT('',#16376);
#4614=VERTEX_POINT('',#16378);
#4615=VERTEX_POINT('',#16382);
#4616=VERTEX_POINT('',#16386);
#4617=VERTEX_POINT('',#16390);
#4618=VERTEX_POINT('',#16394);
#4619=VERTEX_POINT('',#16400);
#4620=VERTEX_POINT('',#16402);
#4621=VERTEX_POINT('',#16406);
#4622=VERTEX_POINT('',#16410);
#4623=VERTEX_POINT('',#16414);
#4624=VERTEX_POINT('',#16416);
#4625=VERTEX_POINT('',#16424);
#4626=VERTEX_POINT('',#16426);
#4627=VERTEX_POINT('',#16430);
#4628=VERTEX_POINT('',#16434);
#4629=VERTEX_POINT('',#16438);
#4630=VERTEX_POINT('',#16442);
#4631=VERTEX_POINT('',#16448);
#4632=VERTEX_POINT('',#16450);
#4633=VERTEX_POINT('',#16454);
#4634=VERTEX_POINT('',#16458);
#4635=VERTEX_POINT('',#16460);
#4636=VERTEX_POINT('',#16464);
#4637=EDGE_CURVE('',#3826,#3826,#3353,.T.);
#4638=EDGE_CURVE('',#3826,#3827,#1735,.T.);
#4639=EDGE_CURVE('',#3827,#3827,#3354,.T.);
#4640=EDGE_CURVE('',#3828,#3829,#1736,.T.);
#4641=EDGE_CURVE('',#3830,#3828,#3355,.T.);
#4642=EDGE_CURVE('',#3831,#3830,#1737,.T.);
#4643=EDGE_CURVE('',#3832,#3831,#3356,.T.);
#4644=EDGE_CURVE('',#3832,#3827,#1738,.T.);
#4645=EDGE_CURVE('',#3829,#3832,#3357,.T.);
#4646=EDGE_CURVE('',#3833,#3833,#3358,.T.);
#4647=EDGE_CURVE('',#3834,#3834,#3359,.T.);
#4648=EDGE_CURVE('',#3834,#3835,#1739,.T.);
#4649=EDGE_CURVE('',#3835,#3836,#3360,.T.);
#4650=EDGE_CURVE('',#3836,#3835,#3361,.T.);
#4651=EDGE_CURVE('',#3837,#3838,#1740,.T.);
#4652=EDGE_CURVE('',#3839,#3837,#3362,.T.);
#4653=EDGE_CURVE('',#3840,#3839,#1741,.T.);
#4654=EDGE_CURVE('',#3841,#3840,#3363,.T.);
#4655=EDGE_CURVE('',#3841,#3836,#1742,.T.);
#4656=EDGE_CURVE('',#3838,#3841,#3364,.T.);
#4657=EDGE_CURVE('',#3842,#3842,#3365,.T.);
#4658=EDGE_CURVE('',#3843,#3843,#3366,.T.);
#4659=EDGE_CURVE('',#3843,#3844,#1743,.T.);
#4660=EDGE_CURVE('',#3844,#3844,#3367,.T.);
#4661=EDGE_CURVE('',#3845,#3846,#1744,.T.);
#4662=EDGE_CURVE('',#3847,#3845,#3368,.T.);
#4663=EDGE_CURVE('',#3847,#3844,#1745,.T.);
#4664=EDGE_CURVE('',#3848,#3847,#3369,.T.);
#4665=EDGE_CURVE('',#3849,#3848,#1746,.T.);
#4666=EDGE_CURVE('',#3846,#3849,#3370,.T.);
#4667=EDGE_CURVE('',#3850,#3850,#3371,.T.);
#4668=EDGE_CURVE('',#3851,#3851,#3372,.T.);
#4669=EDGE_CURVE('',#3851,#3852,#1747,.T.);
#4670=EDGE_CURVE('',#3852,#3852,#3373,.T.);
#4671=EDGE_CURVE('',#3853,#3854,#1748,.T.);
#4672=EDGE_CURVE('',#3855,#3853,#3374,.T.);
#4673=EDGE_CURVE('',#3855,#3852,#1749,.T.);
#4674=EDGE_CURVE('',#3856,#3855,#3375,.T.);
#4675=EDGE_CURVE('',#3857,#3856,#1750,.T.);
#4676=EDGE_CURVE('',#3854,#3857,#3376,.T.);
#4677=EDGE_CURVE('',#3858,#3858,#3377,.T.);
#4678=EDGE_CURVE('',#3859,#3859,#3378,.T.);
#4679=EDGE_CURVE('',#3860,#3860,#3379,.T.);
#4680=EDGE_CURVE('',#3861,#3862,#84,.F.);
#4681=EDGE_CURVE('',#3862,#3863,#1751,.T.);
#4682=EDGE_CURVE('',#3863,#3864,#85,.F.);
#4683=EDGE_CURVE('',#3864,#3861,#1752,.T.);
#4684=EDGE_CURVE('',#3863,#3865,#86,.T.);
#4685=EDGE_CURVE('',#3866,#3862,#87,.T.);
#4686=EDGE_CURVE('',#3853,#3866,#88,.T.);
#4687=EDGE_CURVE('',#3849,#3854,#1753,.T.);
#4688=EDGE_CURVE('',#3865,#3848,#89,.T.);
#4689=EDGE_CURVE('',#3867,#3868,#90,.F.);
#4690=EDGE_CURVE('',#3868,#3869,#1754,.T.);
#4691=EDGE_CURVE('',#3869,#3870,#91,.F.);
#4692=EDGE_CURVE('',#3870,#3867,#1755,.T.);
#4693=EDGE_CURVE('',#3871,#3864,#3380,.T.);
#4694=EDGE_CURVE('',#3872,#3871,#3381,.T.);
#4695=EDGE_CURVE('',#3873,#3872,#3382,.T.);
#4696=EDGE_CURVE('',#3874,#3873,#1756,.T.);
#4697=EDGE_CURVE('',#3875,#3874,#3383,.T.);
#4698=EDGE_CURVE('',#3876,#3875,#1757,.T.);
#4699=EDGE_CURVE('',#3877,#3876,#3384,.T.);
#4700=EDGE_CURVE('',#3878,#3877,#1758,.T.);
#4701=EDGE_CURVE('',#3869,#3878,#3385,.T.);
#4702=EDGE_CURVE('',#3861,#3868,#3386,.T.);
#4703=EDGE_CURVE('',#3879,#3880,#1759,.T.);
#4704=EDGE_CURVE('',#3881,#3879,#3387,.T.);
#4705=EDGE_CURVE('',#3882,#3881,#1760,.T.);
#4706=EDGE_CURVE('',#3883,#3882,#3388,.T.);
#4707=EDGE_CURVE('',#3884,#3883,#3389,.T.);
#4708=EDGE_CURVE('',#3885,#3884,#3390,.T.);
#4709=EDGE_CURVE('',#3886,#3885,#1761,.T.);
#4710=EDGE_CURVE('',#3880,#3886,#3391,.T.);
#4711=EDGE_CURVE('',#3887,#3888,#1762,.T.);
#4712=EDGE_CURVE('',#3889,#3887,#3392,.T.);
#4713=EDGE_CURVE('',#3890,#3889,#1763,.T.);
#4714=EDGE_CURVE('',#3891,#3890,#3393,.T.);
#4715=EDGE_CURVE('',#3892,#3891,#1764,.T.);
#4716=EDGE_CURVE('',#3893,#3892,#3394,.T.);
#4717=EDGE_CURVE('',#3894,#3893,#1765,.T.);
#4718=EDGE_CURVE('',#3895,#3894,#3395,.T.);
#4719=EDGE_CURVE('',#3896,#3895,#1766,.T.);
#4720=EDGE_CURVE('',#3888,#3896,#3396,.T.);
#4721=EDGE_CURVE('',#3897,#3898,#3397,.T.);
#4722=EDGE_CURVE('',#3899,#3897,#1767,.T.);
#4723=EDGE_CURVE('',#3900,#3899,#3398,.T.);
#4724=EDGE_CURVE('',#3901,#3900,#1768,.T.);
#4725=EDGE_CURVE('',#3902,#3901,#3399,.T.);
#4726=EDGE_CURVE('',#3898,#3902,#1769,.T.);
#4727=EDGE_CURVE('',#3903,#3904,#3400,.T.);
#4728=EDGE_CURVE('',#3905,#3903,#1770,.T.);
#4729=EDGE_CURVE('',#3906,#3905,#3401,.T.);
#4730=EDGE_CURVE('',#3907,#3906,#3402,.T.);
#4731=EDGE_CURVE('',#3908,#3907,#1771,.T.);
#4732=EDGE_CURVE('',#3904,#3908,#3403,.T.);
#4733=EDGE_CURVE('',#3909,#3910,#1772,.T.);
#4734=EDGE_CURVE('',#3911,#3909,#3404,.T.);
#4735=EDGE_CURVE('',#3912,#3911,#1773,.T.);
#4736=EDGE_CURVE('',#3913,#3912,#3405,.T.);
#4737=EDGE_CURVE('',#3914,#3913,#1774,.T.);
#4738=EDGE_CURVE('',#3910,#3914,#3406,.T.);
#4739=EDGE_CURVE('',#3915,#3916,#1775,.T.);
#4740=EDGE_CURVE('',#3917,#3915,#3407,.T.);
#4741=EDGE_CURVE('',#3918,#3917,#1776,.T.);
#4742=EDGE_CURVE('',#3919,#3918,#3408,.T.);
#4743=EDGE_CURVE('',#3920,#3919,#1777,.T.);
#4744=EDGE_CURVE('',#3921,#3920,#3409,.T.);
#4745=EDGE_CURVE('',#3922,#3921,#1778,.T.);
#4746=EDGE_CURVE('',#3916,#3922,#3410,.T.);
#4747=EDGE_CURVE('',#3923,#3924,#3411,.T.);
#4748=EDGE_CURVE('',#3925,#3923,#3412,.T.);
#4749=EDGE_CURVE('',#3926,#3925,#3413,.T.);
#4750=EDGE_CURVE('',#3927,#3926,#1779,.T.);
#4751=EDGE_CURVE('',#3928,#3927,#3414,.T.);
#4752=EDGE_CURVE('',#3924,#3928,#1780,.T.);
#4753=EDGE_CURVE('',#3929,#3929,#3415,.T.);
#4754=EDGE_CURVE('',#3930,#3930,#3416,.T.);
#4755=EDGE_CURVE('',#3931,#3931,#3417,.T.);
#4756=EDGE_CURVE('',#3932,#3932,#3418,.T.);
#4757=EDGE_CURVE('',#3933,#3934,#1781,.T.);
#4758=EDGE_CURVE('',#3935,#3933,#3419,.T.);
#4759=EDGE_CURVE('',#3936,#3935,#1782,.T.);
#4760=EDGE_CURVE('',#3937,#3936,#3420,.T.);
#4761=EDGE_CURVE('',#3938,#3937,#1783,.T.);
#4762=EDGE_CURVE('',#3939,#3938,#3421,.T.);
#4763=EDGE_CURVE('',#3940,#3939,#1784,.T.);
#4764=EDGE_CURVE('',#3941,#3940,#3422,.T.);
#4765=EDGE_CURVE('',#3942,#3941,#3423,.T.);
#4766=EDGE_CURVE('',#3934,#3942,#3424,.T.);
#4767=EDGE_CURVE('',#3943,#3944,#1785,.T.);
#4768=EDGE_CURVE('',#3945,#3943,#3425,.T.);
#4769=EDGE_CURVE('',#3946,#3945,#1786,.T.);
#4770=EDGE_CURVE('',#3947,#3946,#3426,.T.);
#4771=EDGE_CURVE('',#3948,#3947,#1787,.T.);
#4772=EDGE_CURVE('',#3944,#3948,#3427,.T.);
#4773=EDGE_CURVE('',#3949,#3950,#1788,.T.);
#4774=EDGE_CURVE('',#3951,#3949,#3428,.T.);
#4775=EDGE_CURVE('',#3952,#3951,#1789,.T.);
#4776=EDGE_CURVE('',#3953,#3952,#3429,.T.);
#4777=EDGE_CURVE('',#3954,#3953,#1790,.T.);
#4778=EDGE_CURVE('',#3955,#3954,#3430,.T.);
#4779=EDGE_CURVE('',#3956,#3955,#3431,.T.);
#4780=EDGE_CURVE('',#3950,#3956,#3432,.T.);
#4781=EDGE_CURVE('',#3957,#3958,#1791,.T.);
#4782=EDGE_CURVE('',#3959,#3957,#3433,.T.);
#4783=EDGE_CURVE('',#3960,#3959,#1792,.T.);
#4784=EDGE_CURVE('',#3961,#3960,#3434,.T.);
#4785=EDGE_CURVE('',#3962,#3961,#1793,.T.);
#4786=EDGE_CURVE('',#3958,#3962,#3435,.T.);
#4787=EDGE_CURVE('',#3963,#3964,#3436,.T.);
#4788=EDGE_CURVE('',#3965,#3963,#1794,.T.);
#4789=EDGE_CURVE('',#3966,#3965,#3437,.T.);
#4790=EDGE_CURVE('',#3967,#3966,#3438,.T.);
#4791=EDGE_CURVE('',#3968,#3967,#3439,.T.);
#4792=EDGE_CURVE('',#3969,#3968,#1795,.T.);
#4793=EDGE_CURVE('',#3970,#3969,#3440,.T.);
#4794=EDGE_CURVE('',#3964,#3970,#1796,.T.);
#4795=EDGE_CURVE('',#3971,#3972,#1797,.T.);
#4796=EDGE_CURVE('',#3973,#3971,#3441,.T.);
#4797=EDGE_CURVE('',#3974,#3973,#3442,.T.);
#4798=EDGE_CURVE('',#3975,#3974,#3443,.T.);
#4799=EDGE_CURVE('',#3976,#3975,#1798,.T.);
#4800=EDGE_CURVE('',#3977,#3976,#3444,.T.);
#4801=EDGE_CURVE('',#3978,#3977,#3445,.T.);
#4802=EDGE_CURVE('',#3979,#3978,#3446,.T.);
#4803=EDGE_CURVE('',#3980,#3979,#1799,.T.);
#4804=EDGE_CURVE('',#3972,#3980,#3447,.T.);
#4805=EDGE_CURVE('',#3981,#3982,#3448,.T.);
#4806=EDGE_CURVE('',#3983,#3981,#1800,.T.);
#4807=EDGE_CURVE('',#3984,#3983,#3449,.T.);
#4808=EDGE_CURVE('',#3985,#3984,#1801,.T.);
#4809=EDGE_CURVE('',#3986,#3985,#3450,.T.);
#4810=EDGE_CURVE('',#3987,#3986,#1802,.T.);
#4811=EDGE_CURVE('',#3988,#3987,#3451,.T.);
#4812=EDGE_CURVE('',#3982,#3988,#3452,.T.);
#4813=EDGE_CURVE('',#3989,#3878,#92,.F.);
#4814=EDGE_CURVE('',#3877,#3990,#93,.F.);
#4815=EDGE_CURVE('',#3990,#3989,#1803,.T.);
#4816=EDGE_CURVE('',#3875,#3991,#94,.F.);
#4817=EDGE_CURVE('',#3991,#3992,#1804,.T.);
#4818=EDGE_CURVE('',#3992,#3876,#95,.F.);
#4819=EDGE_CURVE('',#3992,#3993,#96,.T.);
#4820=EDGE_CURVE('',#3994,#3991,#97,.T.);
#4821=EDGE_CURVE('',#3837,#3994,#98,.T.);
#4822=EDGE_CURVE('',#3831,#3838,#1805,.T.);
#4823=EDGE_CURVE('',#3993,#3830,#99,.T.);
#4824=EDGE_CURVE('',#3873,#3995,#100,.F.);
#4825=EDGE_CURVE('',#3995,#3996,#1806,.T.);
#4826=EDGE_CURVE('',#3996,#3874,#101,.F.);
#4827=EDGE_CURVE('',#3996,#3997,#102,.T.);
#4828=EDGE_CURVE('',#3998,#3995,#103,.T.);
#4829=EDGE_CURVE('',#3845,#3998,#104,.T.);
#4830=EDGE_CURVE('',#3840,#3846,#1807,.T.);
#4831=EDGE_CURVE('',#3997,#3839,#105,.T.);
#4832=EDGE_CURVE('',#3999,#3981,#1808,.T.);
#4833=EDGE_CURVE('',#3982,#4000,#1809,.T.);
#4834=EDGE_CURVE('',#4000,#3999,#3453,.T.);
#4835=EDGE_CURVE('',#4001,#3983,#1810,.T.);
#4836=EDGE_CURVE('',#3999,#4001,#1811,.T.);
#4837=EDGE_CURVE('',#4001,#4002,#3454,.T.);
#4838=EDGE_CURVE('',#4002,#3984,#1812,.T.);
#4839=EDGE_CURVE('',#4003,#3985,#1813,.T.);
#4840=EDGE_CURVE('',#4002,#4003,#1814,.T.);
#4841=EDGE_CURVE('',#4003,#4004,#3455,.T.);
#4842=EDGE_CURVE('',#4004,#3986,#1815,.T.);
#4843=EDGE_CURVE('',#4004,#4005,#1816,.T.);
#4844=EDGE_CURVE('',#4005,#3987,#1817,.T.);
#4845=EDGE_CURVE('',#4005,#4006,#3456,.T.);
#4846=EDGE_CURVE('',#4006,#3988,#1818,.T.);
#4847=EDGE_CURVE('',#4006,#4000,#3457,.T.);
#4848=EDGE_CURVE('',#4007,#4002,#1819,.T.);
#4849=EDGE_CURVE('',#4008,#4007,#1820,.T.);
#4850=EDGE_CURVE('',#4003,#4008,#1821,.T.);
#4851=EDGE_CURVE('',#4001,#4009,#1822,.T.);
#4852=EDGE_CURVE('',#4007,#4009,#3458,.T.);
#4853=EDGE_CURVE('',#4010,#3999,#1823,.T.);
#4854=EDGE_CURVE('',#4009,#4010,#1824,.T.);
#4855=EDGE_CURVE('',#4000,#4011,#1825,.T.);
#4856=EDGE_CURVE('',#4010,#4011,#3459,.T.);
#4857=EDGE_CURVE('',#4012,#3879,#1826,.T.);
#4858=EDGE_CURVE('',#3880,#4013,#1827,.T.);
#4859=EDGE_CURVE('',#4013,#4012,#1828,.T.);
#4860=EDGE_CURVE('',#4012,#4014,#3460,.T.);
#4861=EDGE_CURVE('',#4014,#3881,#1829,.T.);
#4862=EDGE_CURVE('',#4015,#3882,#1830,.T.);
#4863=EDGE_CURVE('',#4014,#4015,#1831,.T.);
#4864=EDGE_CURVE('',#4015,#4016,#3461,.T.);
#4865=EDGE_CURVE('',#4016,#3883,#1832,.T.);
#4866=EDGE_CURVE('',#4016,#4017,#3462,.T.);
#4867=EDGE_CURVE('',#4017,#3884,#1833,.T.);
#4868=EDGE_CURVE('',#4017,#4018,#3463,.T.);
#4869=EDGE_CURVE('',#4018,#3885,#1834,.T.);
#4870=EDGE_CURVE('',#4018,#4019,#1835,.T.);
#4871=EDGE_CURVE('',#4019,#3886,#1836,.T.);
#4872=EDGE_CURVE('',#4019,#4013,#3464,.T.);
#4873=EDGE_CURVE('',#4015,#4020,#1837,.T.);
#4874=EDGE_CURVE('',#4021,#4020,#3465,.T.);
#4875=EDGE_CURVE('',#4021,#4016,#1838,.T.);
#4876=EDGE_CURVE('',#4022,#4014,#1839,.T.);
#4877=EDGE_CURVE('',#4020,#4022,#1840,.T.);
#4878=EDGE_CURVE('',#4012,#4023,#1841,.T.);
#4879=EDGE_CURVE('',#4022,#4023,#3466,.T.);
#4880=EDGE_CURVE('',#4024,#4013,#1842,.T.);
#4881=EDGE_CURVE('',#4023,#4024,#1843,.T.);
#4882=EDGE_CURVE('',#4025,#3971,#1844,.T.);
#4883=EDGE_CURVE('',#3972,#4026,#1845,.T.);
#4884=EDGE_CURVE('',#4026,#4025,#1846,.T.);
#4885=EDGE_CURVE('',#4025,#4027,#3467,.T.);
#4886=EDGE_CURVE('',#4027,#3973,#1847,.T.);
#4887=EDGE_CURVE('',#4027,#4028,#3468,.T.);
#4888=EDGE_CURVE('',#4028,#3974,#1848,.T.);
#4889=EDGE_CURVE('',#4028,#4029,#3469,.T.);
#4890=EDGE_CURVE('',#4029,#3975,#1849,.T.);
#4891=EDGE_CURVE('',#4030,#3976,#1850,.T.);
#4892=EDGE_CURVE('',#4029,#4030,#1851,.T.);
#4893=EDGE_CURVE('',#4030,#4031,#3470,.T.);
#4894=EDGE_CURVE('',#4031,#3977,#1852,.T.);
#4895=EDGE_CURVE('',#4031,#4032,#3471,.T.);
#4896=EDGE_CURVE('',#4032,#3978,#1853,.T.);
#4897=EDGE_CURVE('',#4032,#4033,#3472,.T.);
#4898=EDGE_CURVE('',#4033,#3979,#1854,.T.);
#4899=EDGE_CURVE('',#4034,#3980,#1855,.T.);
#4900=EDGE_CURVE('',#4033,#4034,#1856,.T.);
#4901=EDGE_CURVE('',#4034,#4026,#3473,.T.);
#4902=EDGE_CURVE('',#4035,#4029,#1857,.T.);
#4903=EDGE_CURVE('',#4036,#4035,#1858,.T.);
#4904=EDGE_CURVE('',#4030,#4036,#1859,.T.);
#4905=EDGE_CURVE('',#4028,#4037,#1860,.T.);
#4906=EDGE_CURVE('',#4035,#4037,#3474,.T.);
#4907=EDGE_CURVE('',#4038,#4027,#1861,.T.);
#4908=EDGE_CURVE('',#4037,#4038,#3475,.T.);
#4909=EDGE_CURVE('',#4025,#4039,#1862,.T.);
#4910=EDGE_CURVE('',#4038,#4039,#3476,.T.);
#4911=EDGE_CURVE('',#4040,#4026,#1863,.T.);
#4912=EDGE_CURVE('',#4039,#4040,#1864,.T.);
#4913=EDGE_CURVE('',#4041,#3887,#1865,.T.);
#4914=EDGE_CURVE('',#3888,#4042,#1866,.T.);
#4915=EDGE_CURVE('',#4042,#4041,#1867,.T.);
#4916=EDGE_CURVE('',#4041,#4043,#3477,.T.);
#4917=EDGE_CURVE('',#4043,#3889,#1868,.T.);
#4918=EDGE_CURVE('',#4043,#4044,#1869,.T.);
#4919=EDGE_CURVE('',#4044,#3890,#1870,.T.);
#4920=EDGE_CURVE('',#4044,#4045,#3478,.T.);
#4921=EDGE_CURVE('',#4045,#3891,#1871,.T.);
#4922=EDGE_CURVE('',#4046,#3892,#1872,.T.);
#4923=EDGE_CURVE('',#4045,#4046,#1873,.T.);
#4924=EDGE_CURVE('',#4046,#4047,#3479,.T.);
#4925=EDGE_CURVE('',#4047,#3893,#1874,.T.);
#4926=EDGE_CURVE('',#4048,#3894,#1875,.T.);
#4927=EDGE_CURVE('',#4047,#4048,#1876,.T.);
#4928=EDGE_CURVE('',#4048,#4049,#3480,.T.);
#4929=EDGE_CURVE('',#4049,#3895,#1877,.T.);
#4930=EDGE_CURVE('',#4050,#3896,#1878,.T.);
#4931=EDGE_CURVE('',#4049,#4050,#1879,.T.);
#4932=EDGE_CURVE('',#4050,#4042,#3481,.T.);
#4933=EDGE_CURVE('',#4051,#4045,#1880,.T.);
#4934=EDGE_CURVE('',#4052,#4051,#1881,.T.);
#4935=EDGE_CURVE('',#4046,#4052,#1882,.T.);
#4936=EDGE_CURVE('',#4044,#4053,#1883,.T.);
#4937=EDGE_CURVE('',#4051,#4053,#3482,.T.);
#4938=EDGE_CURVE('',#4054,#4043,#1884,.T.);
#4939=EDGE_CURVE('',#4053,#4054,#1885,.T.);
#4940=EDGE_CURVE('',#4041,#4055,#1886,.T.);
#4941=EDGE_CURVE('',#4054,#4055,#3483,.T.);
#4942=EDGE_CURVE('',#4056,#4042,#1887,.T.);
#4943=EDGE_CURVE('',#4055,#4056,#1888,.T.);
#4944=EDGE_CURVE('',#3964,#4057,#1889,.T.);
#4945=EDGE_CURVE('',#4057,#4058,#3484,.T.);
#4946=EDGE_CURVE('',#4058,#3963,#1890,.T.);
#4947=EDGE_CURVE('',#3970,#4059,#1891,.T.);
#4948=EDGE_CURVE('',#4059,#4057,#1892,.T.);
#4949=EDGE_CURVE('',#3969,#4060,#1893,.T.);
#4950=EDGE_CURVE('',#4060,#4059,#3485,.T.);
#4951=EDGE_CURVE('',#3968,#4061,#1894,.T.);
#4952=EDGE_CURVE('',#4061,#4060,#1895,.T.);
#4953=EDGE_CURVE('',#3967,#4062,#1896,.T.);
#4954=EDGE_CURVE('',#4062,#4061,#3486,.T.);
#4955=EDGE_CURVE('',#3966,#4063,#1897,.T.);
#4956=EDGE_CURVE('',#4063,#4062,#3487,.T.);
#4957=EDGE_CURVE('',#3965,#4064,#1898,.T.);
#4958=EDGE_CURVE('',#4064,#4063,#3488,.T.);
#4959=EDGE_CURVE('',#4058,#4064,#1899,.T.);
#4960=EDGE_CURVE('',#4065,#4063,#1900,.T.);
#4961=EDGE_CURVE('',#4066,#4065,#3489,.T.);
#4962=EDGE_CURVE('',#4062,#4066,#1901,.T.);
#4963=EDGE_CURVE('',#4064,#4067,#1902,.T.);
#4964=EDGE_CURVE('',#4065,#4067,#3490,.T.);
#4965=EDGE_CURVE('',#4068,#4058,#1903,.T.);
#4966=EDGE_CURVE('',#4067,#4068,#1904,.T.);
#4967=EDGE_CURVE('',#4057,#4069,#1905,.T.);
#4968=EDGE_CURVE('',#4068,#4069,#3491,.T.);
#4969=EDGE_CURVE('',#3898,#4070,#1906,.T.);
#4970=EDGE_CURVE('',#4070,#4071,#3492,.T.);
#4971=EDGE_CURVE('',#4071,#3897,#1907,.T.);
#4972=EDGE_CURVE('',#3902,#4072,#1908,.T.);
#4973=EDGE_CURVE('',#4072,#4070,#1909,.T.);
#4974=EDGE_CURVE('',#3901,#4073,#1910,.T.);
#4975=EDGE_CURVE('',#4073,#4072,#3493,.T.);
#4976=EDGE_CURVE('',#3900,#4074,#1911,.T.);
#4977=EDGE_CURVE('',#4074,#4073,#1912,.T.);
#4978=EDGE_CURVE('',#3899,#4075,#1913,.T.);
#4979=EDGE_CURVE('',#4075,#4074,#3494,.T.);
#4980=EDGE_CURVE('',#4071,#4075,#1914,.T.);
#4981=EDGE_CURVE('',#4075,#4076,#1915,.T.);
#4982=EDGE_CURVE('',#4077,#4076,#3495,.T.);
#4983=EDGE_CURVE('',#4077,#4074,#1916,.T.);
#4984=EDGE_CURVE('',#4078,#4071,#1917,.T.);
#4985=EDGE_CURVE('',#4076,#4078,#1918,.T.);
#4986=EDGE_CURVE('',#4070,#4079,#1919,.T.);
#4987=EDGE_CURVE('',#4078,#4079,#3496,.T.);
#4988=EDGE_CURVE('',#4080,#3957,#1920,.T.);
#4989=EDGE_CURVE('',#3958,#4081,#1921,.T.);
#4990=EDGE_CURVE('',#4081,#4080,#1922,.T.);
#4991=EDGE_CURVE('',#4080,#4082,#3497,.T.);
#4992=EDGE_CURVE('',#4082,#3959,#1923,.T.);
#4993=EDGE_CURVE('',#4082,#4083,#1924,.T.);
#4994=EDGE_CURVE('',#4083,#3960,#1925,.T.);
#4995=EDGE_CURVE('',#4083,#4084,#3498,.T.);
#4996=EDGE_CURVE('',#4084,#3961,#1926,.T.);
#4997=EDGE_CURVE('',#4084,#4085,#1927,.T.);
#4998=EDGE_CURVE('',#4085,#3962,#1928,.T.);
#4999=EDGE_CURVE('',#4085,#4081,#3499,.T.);
#5000=EDGE_CURVE('',#4086,#4082,#1929,.T.);
#5001=EDGE_CURVE('',#4087,#4086,#1930,.T.);
#5002=EDGE_CURVE('',#4083,#4087,#1931,.T.);
#5003=EDGE_CURVE('',#4080,#4088,#1932,.T.);
#5004=EDGE_CURVE('',#4086,#4088,#3500,.T.);
#5005=EDGE_CURVE('',#4089,#4081,#1933,.T.);
#5006=EDGE_CURVE('',#4088,#4089,#1934,.T.);
#5007=EDGE_CURVE('',#4090,#4091,#3501,.T.);
#5008=EDGE_CURVE('',#4091,#3903,#1935,.T.);
#5009=EDGE_CURVE('',#3904,#4090,#38,.T.);
#5010=EDGE_CURVE('',#3908,#4092,#1936,.T.);
#5011=EDGE_CURVE('',#4092,#4090,#3502,.T.);
#5012=EDGE_CURVE('',#3907,#4093,#1937,.T.);
#5013=EDGE_CURVE('',#4093,#4092,#1938,.T.);
#5014=EDGE_CURVE('',#4094,#4093,#3503,.T.);
#5015=EDGE_CURVE('',#3906,#4094,#39,.T.);
#5016=EDGE_CURVE('',#4091,#4095,#1939,.T.);
#5017=EDGE_CURVE('',#4095,#3905,#1940,.T.);
#5018=EDGE_CURVE('',#4095,#4094,#3504,.T.);
#5019=EDGE_CURVE('',#4095,#4096,#1941,.T.);
#5020=EDGE_CURVE('',#4097,#4096,#3505,.T.);
#5021=EDGE_CURVE('',#4094,#4097,#1942,.T.);
#5022=EDGE_CURVE('',#4098,#4091,#1943,.T.);
#5023=EDGE_CURVE('',#4096,#4098,#1944,.T.);
#5024=EDGE_CURVE('',#4099,#4090,#1945,.T.);
#5025=EDGE_CURVE('',#4098,#4099,#3506,.T.);
#5026=EDGE_CURVE('',#4100,#3949,#1946,.T.);
#5027=EDGE_CURVE('',#3950,#4101,#1947,.T.);
#5028=EDGE_CURVE('',#4101,#4100,#1948,.T.);
#5029=EDGE_CURVE('',#4100,#4102,#3507,.T.);
#5030=EDGE_CURVE('',#4102,#3951,#1949,.T.);
#5031=EDGE_CURVE('',#4102,#4103,#1950,.T.);
#5032=EDGE_CURVE('',#4103,#3952,#1951,.T.);
#5033=EDGE_CURVE('',#4103,#4104,#3508,.T.);
#5034=EDGE_CURVE('',#4104,#3953,#1952,.T.);
#5035=EDGE_CURVE('',#4105,#3954,#1953,.T.);
#5036=EDGE_CURVE('',#4104,#4105,#1954,.T.);
#5037=EDGE_CURVE('',#4105,#4106,#3509,.T.);
#5038=EDGE_CURVE('',#4106,#3955,#1955,.T.);
#5039=EDGE_CURVE('',#4106,#4107,#3510,.T.);
#5040=EDGE_CURVE('',#4107,#3956,#1956,.T.);
#5041=EDGE_CURVE('',#4107,#4101,#3511,.T.);
#5042=EDGE_CURVE('',#4103,#4108,#1957,.T.);
#5043=EDGE_CURVE('',#4109,#4108,#3512,.T.);
#5044=EDGE_CURVE('',#4109,#4104,#1958,.T.);
#5045=EDGE_CURVE('',#4110,#4102,#1959,.T.);
#5046=EDGE_CURVE('',#4108,#4110,#1960,.T.);
#5047=EDGE_CURVE('',#4100,#4111,#1961,.T.);
#5048=EDGE_CURVE('',#4110,#4111,#3513,.T.);
#5049=EDGE_CURVE('',#4112,#4101,#1962,.T.);
#5050=EDGE_CURVE('',#4111,#4112,#1963,.T.);
#5051=EDGE_CURVE('',#4113,#3909,#1964,.T.);
#5052=EDGE_CURVE('',#3910,#4114,#1965,.T.);
#5053=EDGE_CURVE('',#4114,#4113,#1966,.T.);
#5054=EDGE_CURVE('',#4113,#4115,#3514,.T.);
#5055=EDGE_CURVE('',#4115,#3911,#1967,.T.);
#5056=EDGE_CURVE('',#4116,#3912,#1968,.T.);
#5057=EDGE_CURVE('',#4115,#4116,#1969,.T.);
#5058=EDGE_CURVE('',#4116,#4117,#3515,.T.);
#5059=EDGE_CURVE('',#4117,#3913,#1970,.T.);
#5060=EDGE_CURVE('',#4117,#4118,#1971,.T.);
#5061=EDGE_CURVE('',#4118,#3914,#1972,.T.);
#5062=EDGE_CURVE('',#4118,#4114,#3516,.T.);
#5063=EDGE_CURVE('',#4119,#4115,#1973,.T.);
#5064=EDGE_CURVE('',#4120,#4119,#1974,.T.);
#5065=EDGE_CURVE('',#4116,#4120,#1975,.T.);
#5066=EDGE_CURVE('',#4113,#4121,#1976,.T.);
#5067=EDGE_CURVE('',#4119,#4121,#3517,.T.);
#5068=EDGE_CURVE('',#4122,#4114,#1977,.T.);
#5069=EDGE_CURVE('',#4121,#4122,#1978,.T.);
#5070=EDGE_CURVE('',#4123,#3943,#1979,.T.);
#5071=EDGE_CURVE('',#3944,#4124,#1980,.T.);
#5072=EDGE_CURVE('',#4124,#4123,#1981,.T.);
#5073=EDGE_CURVE('',#4123,#4125,#3518,.T.);
#5074=EDGE_CURVE('',#4125,#3945,#1982,.T.);
#5075=EDGE_CURVE('',#4126,#3946,#1983,.T.);
#5076=EDGE_CURVE('',#4125,#4126,#1984,.T.);
#5077=EDGE_CURVE('',#4126,#4127,#3519,.T.);
#5078=EDGE_CURVE('',#4127,#3947,#1985,.T.);
#5079=EDGE_CURVE('',#4128,#3948,#1986,.T.);
#5080=EDGE_CURVE('',#4127,#4128,#1987,.T.);
#5081=EDGE_CURVE('',#4128,#4124,#3520,.T.);
#5082=EDGE_CURVE('',#4129,#4125,#1988,.T.);
#5083=EDGE_CURVE('',#4130,#4129,#1989,.T.);
#5084=EDGE_CURVE('',#4126,#4130,#1990,.T.);
#5085=EDGE_CURVE('',#4123,#4131,#1991,.T.);
#5086=EDGE_CURVE('',#4129,#4131,#3521,.T.);
#5087=EDGE_CURVE('',#4132,#4124,#1992,.T.);
#5088=EDGE_CURVE('',#4131,#4132,#1993,.T.);
#5089=EDGE_CURVE('',#4133,#3915,#1994,.T.);
#5090=EDGE_CURVE('',#3916,#4134,#1995,.T.);
#5091=EDGE_CURVE('',#4134,#4133,#1996,.T.);
#5092=EDGE_CURVE('',#4133,#4135,#3522,.T.);
#5093=EDGE_CURVE('',#4135,#3917,#1997,.T.);
#5094=EDGE_CURVE('',#4135,#4136,#1998,.T.);
#5095=EDGE_CURVE('',#4136,#3918,#1999,.T.);
#5096=EDGE_CURVE('',#4136,#4137,#3523,.T.);
#5097=EDGE_CURVE('',#4137,#3919,#2000,.T.);
#5098=EDGE_CURVE('',#4138,#3920,#2001,.T.);
#5099=EDGE_CURVE('',#4137,#4138,#2002,.T.);
#5100=EDGE_CURVE('',#4138,#4139,#3524,.T.);
#5101=EDGE_CURVE('',#4139,#3921,#2003,.T.);
#5102=EDGE_CURVE('',#4140,#3922,#2004,.T.);
#5103=EDGE_CURVE('',#4139,#4140,#2005,.T.);
#5104=EDGE_CURVE('',#4140,#4134,#3525,.T.);
#5105=EDGE_CURVE('',#4136,#4141,#2006,.T.);
#5106=EDGE_CURVE('',#4142,#4141,#3526,.T.);
#5107=EDGE_CURVE('',#4142,#4137,#2007,.T.);
#5108=EDGE_CURVE('',#4143,#4135,#2008,.T.);
#5109=EDGE_CURVE('',#4141,#4143,#2009,.T.);
#5110=EDGE_CURVE('',#4133,#4144,#2010,.T.);
#5111=EDGE_CURVE('',#4143,#4144,#3527,.T.);
#5112=EDGE_CURVE('',#4145,#4134,#2011,.T.);
#5113=EDGE_CURVE('',#4144,#4145,#2012,.T.);
#5114=EDGE_CURVE('',#4146,#3933,#2013,.T.);
#5115=EDGE_CURVE('',#3934,#4147,#2014,.T.);
#5116=EDGE_CURVE('',#4147,#4146,#2015,.T.);
#5117=EDGE_CURVE('',#4146,#4148,#3528,.T.);
#5118=EDGE_CURVE('',#4148,#3935,#2016,.T.);
#5119=EDGE_CURVE('',#4149,#3936,#2017,.T.);
#5120=EDGE_CURVE('',#4148,#4149,#2018,.T.);
#5121=EDGE_CURVE('',#4149,#4150,#3529,.T.);
#5122=EDGE_CURVE('',#4150,#3937,#2019,.T.);
#5123=EDGE_CURVE('',#4151,#3938,#2020,.T.);
#5124=EDGE_CURVE('',#4150,#4151,#2021,.T.);
#5125=EDGE_CURVE('',#4151,#4152,#3530,.T.);
#5126=EDGE_CURVE('',#4152,#3939,#2022,.T.);
#5127=EDGE_CURVE('',#4153,#3940,#2023,.T.);
#5128=EDGE_CURVE('',#4152,#4153,#2024,.T.);
#5129=EDGE_CURVE('',#4153,#4154,#3531,.T.);
#5130=EDGE_CURVE('',#4154,#3941,#2025,.T.);
#5131=EDGE_CURVE('',#4154,#4155,#3532,.T.);
#5132=EDGE_CURVE('',#4155,#3942,#2026,.T.);
#5133=EDGE_CURVE('',#4155,#4147,#3533,.T.);
#5134=EDGE_CURVE('',#4156,#4150,#2027,.T.);
#5135=EDGE_CURVE('',#4157,#4156,#2028,.T.);
#5136=EDGE_CURVE('',#4151,#4157,#2029,.T.);
#5137=EDGE_CURVE('',#4149,#4158,#2030,.T.);
#5138=EDGE_CURVE('',#4156,#4158,#3534,.T.);
#5139=EDGE_CURVE('',#4159,#4148,#2031,.T.);
#5140=EDGE_CURVE('',#4158,#4159,#2032,.T.);
#5141=EDGE_CURVE('',#4146,#4160,#2033,.T.);
#5142=EDGE_CURVE('',#4159,#4160,#3535,.T.);
#5143=EDGE_CURVE('',#4161,#4147,#2034,.T.);
#5144=EDGE_CURVE('',#4160,#4161,#2035,.T.);
#5145=EDGE_CURVE('',#3924,#4162,#2036,.T.);
#5146=EDGE_CURVE('',#4162,#4163,#3536,.T.);
#5147=EDGE_CURVE('',#3923,#4163,#40,.T.);
#5148=EDGE_CURVE('',#3928,#4164,#2037,.T.);
#5149=EDGE_CURVE('',#4164,#4162,#2038,.T.);
#5150=EDGE_CURVE('',#3927,#4165,#2039,.T.);
#5151=EDGE_CURVE('',#4165,#4164,#3537,.T.);
#5152=EDGE_CURVE('',#3926,#4166,#2040,.T.);
#5153=EDGE_CURVE('',#4166,#4165,#2041,.T.);
#5154=EDGE_CURVE('',#3925,#4167,#2042,.T.);
#5155=EDGE_CURVE('',#4167,#4166,#3538,.T.);
#5156=EDGE_CURVE('',#4163,#4167,#3539,.T.);
#5157=EDGE_CURVE('',#4167,#4168,#2043,.T.);
#5158=EDGE_CURVE('',#4169,#4168,#3540,.T.);
#5159=EDGE_CURVE('',#4169,#4166,#2044,.T.);
#5160=EDGE_CURVE('',#4170,#4163,#2045,.T.);
#5161=EDGE_CURVE('',#4168,#4170,#3541,.T.);
#5162=EDGE_CURVE('',#4162,#4171,#2046,.T.);
#5163=EDGE_CURVE('',#4170,#4171,#3542,.T.);
#5164=EDGE_CURVE('',#3932,#4172,#2047,.T.);
#5165=EDGE_CURVE('',#4172,#4172,#3543,.T.);
#5166=EDGE_CURVE('',#4172,#3859,#2048,.T.);
#5167=EDGE_CURVE('',#3929,#4173,#2049,.T.);
#5168=EDGE_CURVE('',#4173,#4174,#3544,.T.);
#5169=EDGE_CURVE('',#4174,#4173,#3545,.T.);
#5170=EDGE_CURVE('',#4174,#4175,#2050,.T.);
#5171=EDGE_CURVE('',#4175,#4175,#3546,.T.);
#5172=EDGE_CURVE('',#3931,#4176,#2051,.T.);
#5173=EDGE_CURVE('',#4176,#4177,#3547,.T.);
#5174=EDGE_CURVE('',#4177,#4176,#3548,.T.);
#5175=EDGE_CURVE('',#4177,#4178,#2052,.T.);
#5176=EDGE_CURVE('',#4178,#4178,#3549,.T.);
#5177=EDGE_CURVE('',#3871,#4179,#41,.F.);
#5178=EDGE_CURVE('',#4179,#4180,#3550,.T.);
#5179=EDGE_CURVE('',#4180,#4181,#3551,.T.);
#5180=EDGE_CURVE('',#4181,#3872,#42,.F.);
#5181=EDGE_CURVE('',#4182,#4181,#43,.T.);
#5182=EDGE_CURVE('',#4180,#4183,#2053,.T.);
#5183=EDGE_CURVE('',#4183,#4183,#3552,.T.);
#5184=EDGE_CURVE('',#4179,#4184,#44,.T.);
#5185=EDGE_CURVE('',#4184,#4182,#45,.T.);
#5186=EDGE_CURVE('',#3930,#4185,#2054,.T.);
#5187=EDGE_CURVE('',#4185,#4186,#3553,.T.);
#5188=EDGE_CURVE('',#4186,#4185,#3554,.T.);
#5189=EDGE_CURVE('',#4186,#4187,#2055,.T.);
#5190=EDGE_CURVE('',#4187,#4187,#3555,.T.);
#5191=EDGE_CURVE('',#4188,#3856,#106,.T.);
#5192=EDGE_CURVE('',#3867,#4188,#107,.T.);
#5193=EDGE_CURVE('',#3989,#3870,#3556,.T.);
#5194=EDGE_CURVE('',#3828,#4189,#108,.T.);
#5195=EDGE_CURVE('',#4189,#3990,#109,.T.);
#5196=EDGE_CURVE('',#4190,#4191,#2056,.T.);
#5197=EDGE_CURVE('',#4191,#4192,#2057,.T.);
#5198=EDGE_CURVE('',#4192,#4193,#2058,.T.);
#5199=EDGE_CURVE('',#4193,#4190,#2059,.T.);
#5200=EDGE_CURVE('',#4190,#4194,#3557,.T.);
#5201=EDGE_CURVE('',#4194,#4195,#2060,.T.);
#5202=EDGE_CURVE('',#4195,#4191,#3558,.T.);
#5203=EDGE_CURVE('',#4021,#4196,#2061,.T.);
#5204=EDGE_CURVE('',#4196,#4195,#3559,.T.);
#5205=EDGE_CURVE('',#4194,#4021,#3560,.T.);
#5206=EDGE_CURVE('',#4020,#4197,#2062,.T.);
#5207=EDGE_CURVE('',#4197,#4196,#3561,.T.);
#5208=EDGE_CURVE('',#4022,#4198,#2063,.T.);
#5209=EDGE_CURVE('',#4198,#4197,#2064,.T.);
#5210=EDGE_CURVE('',#4023,#4199,#2065,.T.);
#5211=EDGE_CURVE('',#4199,#4198,#3562,.T.);
#5212=EDGE_CURVE('',#4024,#4200,#2066,.T.);
#5213=EDGE_CURVE('',#4200,#4199,#2067,.T.);
#5214=EDGE_CURVE('',#4024,#4193,#3563,.T.);
#5215=EDGE_CURVE('',#4192,#4200,#3564,.T.);
#5216=EDGE_CURVE('',#4017,#4194,#2068,.T.);
#5217=EDGE_CURVE('',#4190,#4018,#2069,.T.);
#5218=EDGE_CURVE('',#4019,#4193,#2070,.T.);
#5219=EDGE_CURVE('',#4201,#4202,#3565,.T.);
#5220=EDGE_CURVE('',#4203,#4201,#2071,.T.);
#5221=EDGE_CURVE('',#4204,#4203,#3566,.T.);
#5222=EDGE_CURVE('',#4205,#4204,#2072,.T.);
#5223=EDGE_CURVE('',#4206,#4205,#3567,.T.);
#5224=EDGE_CURVE('',#4207,#4206,#2073,.T.);
#5225=EDGE_CURVE('',#4208,#4207,#3568,.T.);
#5226=EDGE_CURVE('',#4209,#4208,#2074,.T.);
#5227=EDGE_CURVE('',#4210,#4209,#3569,.T.);
#5228=EDGE_CURVE('',#4202,#4210,#2075,.T.);
#5229=EDGE_CURVE('',#4211,#4212,#3570,.T.);
#5230=EDGE_CURVE('',#4213,#4211,#2076,.T.);
#5231=EDGE_CURVE('',#4214,#4213,#3571,.T.);
#5232=EDGE_CURVE('',#4215,#4214,#3572,.T.);
#5233=EDGE_CURVE('',#4216,#4215,#3573,.T.);
#5234=EDGE_CURVE('',#4217,#4216,#2077,.T.);
#5235=EDGE_CURVE('',#4218,#4217,#3574,.T.);
#5236=EDGE_CURVE('',#4219,#4218,#3575,.T.);
#5237=EDGE_CURVE('',#4220,#4219,#3576,.T.);
#5238=EDGE_CURVE('',#4212,#4220,#2078,.T.);
#5239=EDGE_CURVE('',#4221,#4222,#3577,.T.);
#5240=EDGE_CURVE('',#4223,#4221,#2079,.T.);
#5241=EDGE_CURVE('',#4224,#4223,#3578,.T.);
#5242=EDGE_CURVE('',#4225,#4224,#2080,.T.);
#5243=EDGE_CURVE('',#4226,#4225,#3579,.T.);
#5244=EDGE_CURVE('',#4227,#4226,#2081,.T.);
#5245=EDGE_CURVE('',#4228,#4227,#3580,.T.);
#5246=EDGE_CURVE('',#4229,#4228,#2082,.T.);
#5247=EDGE_CURVE('',#4230,#4229,#3581,.T.);
#5248=EDGE_CURVE('',#4222,#4230,#2083,.T.);
#5249=EDGE_CURVE('',#4231,#4232,#2084,.T.);
#5250=EDGE_CURVE('',#4233,#4231,#3582,.T.);
#5251=EDGE_CURVE('',#4234,#4233,#2085,.T.);
#5252=EDGE_CURVE('',#4235,#4234,#3583,.T.);
#5253=EDGE_CURVE('',#4236,#4235,#2086,.T.);
#5254=EDGE_CURVE('',#4237,#4236,#3584,.T.);
#5255=EDGE_CURVE('',#4238,#4237,#2087,.T.);
#5256=EDGE_CURVE('',#4232,#4238,#3585,.T.);
#5257=EDGE_CURVE('',#4239,#4240,#2088,.T.);
#5258=EDGE_CURVE('',#4241,#4239,#3586,.T.);
#5259=EDGE_CURVE('',#4242,#4241,#2089,.T.);
#5260=EDGE_CURVE('',#4243,#4242,#3587,.T.);
#5261=EDGE_CURVE('',#4244,#4243,#2090,.T.);
#5262=EDGE_CURVE('',#4240,#4244,#3588,.T.);
#5263=EDGE_CURVE('',#4245,#4246,#3589,.T.);
#5264=EDGE_CURVE('',#4247,#4245,#2091,.T.);
#5265=EDGE_CURVE('',#4248,#4247,#3590,.T.);
#5266=EDGE_CURVE('',#4249,#4248,#3591,.T.);
#5267=EDGE_CURVE('',#4250,#4249,#2092,.T.);
#5268=EDGE_CURVE('',#4246,#4250,#3592,.T.);
#5269=EDGE_CURVE('',#4251,#4251,#3593,.T.);
#5270=EDGE_CURVE('',#4252,#4252,#3594,.T.);
#5271=EDGE_CURVE('',#4253,#4253,#3595,.T.);
#5272=EDGE_CURVE('',#4254,#4254,#3596,.T.);
#5273=EDGE_CURVE('',#4255,#4255,#3597,.T.);
#5274=EDGE_CURVE('',#4256,#4257,#2093,.T.);
#5275=EDGE_CURVE('',#4258,#4256,#3598,.T.);
#5276=EDGE_CURVE('',#4259,#4258,#2094,.T.);
#5277=EDGE_CURVE('',#4260,#4259,#3599,.T.);
#5278=EDGE_CURVE('',#4261,#4260,#2095,.T.);
#5279=EDGE_CURVE('',#4257,#4261,#3600,.T.);
#5280=EDGE_CURVE('',#4262,#4263,#2096,.T.);
#5281=EDGE_CURVE('',#4264,#4262,#3601,.T.);
#5282=EDGE_CURVE('',#4265,#4264,#3602,.T.);
#5283=EDGE_CURVE('',#4266,#4265,#3603,.T.);
#5284=EDGE_CURVE('',#4267,#4266,#2097,.T.);
#5285=EDGE_CURVE('',#4268,#4267,#3604,.T.);
#5286=EDGE_CURVE('',#4269,#4268,#2098,.T.);
#5287=EDGE_CURVE('',#4263,#4269,#3605,.T.);
#5288=EDGE_CURVE('',#4270,#4271,#2099,.T.);
#5289=EDGE_CURVE('',#4272,#4270,#3606,.T.);
#5290=EDGE_CURVE('',#4273,#4272,#2100,.T.);
#5291=EDGE_CURVE('',#4274,#4273,#3607,.T.);
#5292=EDGE_CURVE('',#4275,#4274,#3608,.T.);
#5293=EDGE_CURVE('',#4276,#4275,#3609,.T.);
#5294=EDGE_CURVE('',#4277,#4276,#2101,.T.);
#5295=EDGE_CURVE('',#4271,#4277,#3610,.T.);
#5296=EDGE_CURVE('',#4278,#4279,#2102,.T.);
#5297=EDGE_CURVE('',#4280,#4278,#3611,.T.);
#5298=EDGE_CURVE('',#4281,#4280,#2103,.T.);
#5299=EDGE_CURVE('',#4282,#4281,#3612,.T.);
#5300=EDGE_CURVE('',#4283,#4282,#2104,.T.);
#5301=EDGE_CURVE('',#4284,#4283,#3613,.T.);
#5302=EDGE_CURVE('',#4285,#4284,#3614,.T.);
#5303=EDGE_CURVE('',#4279,#4285,#3615,.T.);
#5304=EDGE_CURVE('',#4286,#4286,#3616,.T.);
#5305=EDGE_CURVE('',#4287,#4287,#3617,.T.);
#5306=EDGE_CURVE('',#4288,#4288,#3618,.T.);
#5307=EDGE_CURVE('',#4289,#4289,#3619,.T.);
#5308=EDGE_CURVE('',#4290,#4291,#3620,.T.);
#5309=EDGE_CURVE('',#4292,#4290,#3621,.T.);
#5310=EDGE_CURVE('',#4293,#4292,#2105,.T.);
#5311=EDGE_CURVE('',#4294,#4293,#3622,.T.);
#5312=EDGE_CURVE('',#4295,#4294,#2106,.T.);
#5313=EDGE_CURVE('',#4296,#4295,#3623,.T.);
#5314=EDGE_CURVE('',#4297,#4296,#2107,.T.);
#5315=EDGE_CURVE('',#4298,#4297,#3624,.T.);
#5316=EDGE_CURVE('',#4299,#4298,#2108,.T.);
#5317=EDGE_CURVE('',#4291,#4299,#3625,.T.);
#5318=EDGE_CURVE('',#4300,#4301,#2109,.T.);
#5319=EDGE_CURVE('',#4302,#4300,#3626,.T.);
#5320=EDGE_CURVE('',#4303,#4302,#2110,.T.);
#5321=EDGE_CURVE('',#4304,#4303,#3627,.T.);
#5322=EDGE_CURVE('',#4305,#4304,#2111,.T.);
#5323=EDGE_CURVE('',#4301,#4305,#3628,.T.);
#5324=EDGE_CURVE('',#4306,#4307,#3629,.T.);
#5325=EDGE_CURVE('',#4308,#4306,#2112,.T.);
#5326=EDGE_CURVE('',#4309,#4308,#3630,.T.);
#5327=EDGE_CURVE('',#4310,#4309,#2113,.T.);
#5328=EDGE_CURVE('',#4311,#4310,#3631,.T.);
#5329=EDGE_CURVE('',#4307,#4311,#3632,.T.);
#5330=EDGE_CURVE('',#4312,#4313,#3633,.T.);
#5331=EDGE_CURVE('',#4314,#4312,#2114,.T.);
#5332=EDGE_CURVE('',#4315,#4314,#3634,.T.);
#5333=EDGE_CURVE('',#4316,#4315,#2115,.T.);
#5334=EDGE_CURVE('',#4317,#4316,#3635,.T.);
#5335=EDGE_CURVE('',#4313,#4317,#2116,.T.);
#5336=EDGE_CURVE('',#4212,#4040,#2117,.T.);
#5337=EDGE_CURVE('',#4040,#4318,#3636,.T.);
#5338=EDGE_CURVE('',#4318,#4211,#2118,.T.);
#5339=EDGE_CURVE('',#4220,#4039,#2119,.T.);
#5340=EDGE_CURVE('',#4219,#4038,#2120,.T.);
#5341=EDGE_CURVE('',#4218,#4037,#2121,.T.);
#5342=EDGE_CURVE('',#4217,#4035,#2122,.T.);
#5343=EDGE_CURVE('',#4216,#4036,#2123,.T.);
#5344=EDGE_CURVE('',#4215,#4319,#2124,.T.);
#5345=EDGE_CURVE('',#4319,#4036,#3637,.T.);
#5346=EDGE_CURVE('',#4214,#4320,#2125,.T.);
#5347=EDGE_CURVE('',#4320,#4319,#3638,.T.);
#5348=EDGE_CURVE('',#4213,#4321,#2126,.T.);
#5349=EDGE_CURVE('',#4321,#4320,#3639,.T.);
#5350=EDGE_CURVE('',#4318,#4321,#2127,.T.);
#5351=EDGE_CURVE('',#4319,#4031,#2128,.T.);
#5352=EDGE_CURVE('',#4032,#4320,#2129,.T.);
#5353=EDGE_CURVE('',#4321,#4033,#2130,.T.);
#5354=EDGE_CURVE('',#4034,#4318,#2131,.T.);
#5355=EDGE_CURVE('',#4313,#4089,#2132,.T.);
#5356=EDGE_CURVE('',#4089,#4322,#3640,.T.);
#5357=EDGE_CURVE('',#4322,#4312,#2133,.T.);
#5358=EDGE_CURVE('',#4317,#4088,#2134,.T.);
#5359=EDGE_CURVE('',#4316,#4086,#2135,.T.);
#5360=EDGE_CURVE('',#4315,#4087,#2136,.T.);
#5361=EDGE_CURVE('',#4314,#4323,#2137,.T.);
#5362=EDGE_CURVE('',#4323,#4087,#3641,.T.);
#5363=EDGE_CURVE('',#4322,#4323,#2138,.T.);
#5364=EDGE_CURVE('',#4323,#4084,#2139,.T.);
#5365=EDGE_CURVE('',#4085,#4322,#2140,.T.);
#5366=EDGE_CURVE('',#4222,#4056,#2141,.T.);
#5367=EDGE_CURVE('',#4056,#4324,#3642,.T.);
#5368=EDGE_CURVE('',#4324,#4221,#2142,.T.);
#5369=EDGE_CURVE('',#4230,#4055,#2143,.T.);
#5370=EDGE_CURVE('',#4229,#4054,#2144,.T.);
#5371=EDGE_CURVE('',#4228,#4053,#2145,.T.);
#5372=EDGE_CURVE('',#4227,#4051,#2146,.T.);
#5373=EDGE_CURVE('',#4226,#4052,#2147,.T.);
#5374=EDGE_CURVE('',#4225,#4325,#2148,.T.);
#5375=EDGE_CURVE('',#4325,#4052,#3643,.T.);
#5376=EDGE_CURVE('',#4224,#4326,#2149,.T.);
#5377=EDGE_CURVE('',#4326,#4325,#2150,.T.);
#5378=EDGE_CURVE('',#4223,#4327,#2151,.T.);
#5379=EDGE_CURVE('',#4327,#4326,#3644,.T.);
#5380=EDGE_CURVE('',#4324,#4327,#2152,.T.);
#5381=EDGE_CURVE('',#4325,#4047,#2153,.T.);
#5382=EDGE_CURVE('',#4048,#4326,#2154,.T.);
#5383=EDGE_CURVE('',#4327,#4049,#2155,.T.);
#5384=EDGE_CURVE('',#4050,#4324,#2156,.T.);
#5385=EDGE_CURVE('',#4171,#4306,#2157,.T.);
#5386=EDGE_CURVE('',#4307,#4170,#46,.T.);
#5387=EDGE_CURVE('',#4171,#4328,#2158,.T.);
#5388=EDGE_CURVE('',#4328,#4308,#2159,.T.);
#5389=EDGE_CURVE('',#4328,#4329,#3645,.T.);
#5390=EDGE_CURVE('',#4329,#4309,#2160,.T.);
#5391=EDGE_CURVE('',#4329,#4169,#2161,.T.);
#5392=EDGE_CURVE('',#4169,#4310,#2162,.T.);
#5393=EDGE_CURVE('',#4168,#4311,#2163,.T.);
#5394=EDGE_CURVE('',#4165,#4329,#2164,.T.);
#5395=EDGE_CURVE('',#4328,#4164,#2165,.T.);
#5396=EDGE_CURVE('',#4330,#4231,#2166,.T.);
#5397=EDGE_CURVE('',#4232,#4331,#2167,.T.);
#5398=EDGE_CURVE('',#4331,#4330,#2168,.T.);
#5399=EDGE_CURVE('',#4330,#4332,#3646,.T.);
#5400=EDGE_CURVE('',#4332,#4233,#2169,.T.);
#5401=EDGE_CURVE('',#4332,#4142,#2170,.T.);
#5402=EDGE_CURVE('',#4142,#4234,#2171,.T.);
#5403=EDGE_CURVE('',#4141,#4235,#2172,.T.);
#5404=EDGE_CURVE('',#4143,#4236,#2173,.T.);
#5405=EDGE_CURVE('',#4144,#4237,#2174,.T.);
#5406=EDGE_CURVE('',#4145,#4238,#2175,.T.);
#5407=EDGE_CURVE('',#4145,#4331,#3647,.T.);
#5408=EDGE_CURVE('',#4138,#4332,#2176,.T.);
#5409=EDGE_CURVE('',#4330,#4139,#2177,.T.);
#5410=EDGE_CURVE('',#4140,#4331,#2178,.T.);
#5411=EDGE_CURVE('',#4119,#4300,#2179,.T.);
#5412=EDGE_CURVE('',#4301,#4120,#2180,.T.);
#5413=EDGE_CURVE('',#4121,#4302,#2181,.T.);
#5414=EDGE_CURVE('',#4122,#4303,#2182,.T.);
#5415=EDGE_CURVE('',#4122,#4333,#3648,.T.);
#5416=EDGE_CURVE('',#4333,#4304,#2183,.T.);
#5417=EDGE_CURVE('',#4334,#4305,#2184,.T.);
#5418=EDGE_CURVE('',#4333,#4334,#2185,.T.);
#5419=EDGE_CURVE('',#4334,#4120,#3649,.T.);
#5420=EDGE_CURVE('',#4335,#4239,#2186,.T.);
#5421=EDGE_CURVE('',#4240,#4336,#2187,.T.);
#5422=EDGE_CURVE('',#4336,#4335,#2188,.T.);
#5423=EDGE_CURVE('',#4335,#4130,#3650,.T.);
#5424=EDGE_CURVE('',#4130,#4241,#2189,.T.);
#5425=EDGE_CURVE('',#4129,#4242,#2190,.T.);
#5426=EDGE_CURVE('',#4131,#4243,#2191,.T.);
#5427=EDGE_CURVE('',#4132,#4244,#2192,.T.);
#5428=EDGE_CURVE('',#4132,#4336,#3651,.T.);
#5429=EDGE_CURVE('',#4335,#4127,#2193,.T.);
#5430=EDGE_CURVE('',#4128,#4336,#2194,.T.);
#5431=EDGE_CURVE('',#4337,#4290,#2195,.T.);
#5432=EDGE_CURVE('',#4291,#4338,#2196,.T.);
#5433=EDGE_CURVE('',#4338,#4337,#3652,.T.);
#5434=EDGE_CURVE('',#4337,#4339,#3653,.T.);
#5435=EDGE_CURVE('',#4339,#4292,#2197,.T.);
#5436=EDGE_CURVE('',#4339,#4340,#2198,.T.);
#5437=EDGE_CURVE('',#4340,#4293,#2199,.T.);
#5438=EDGE_CURVE('',#4340,#4157,#3654,.T.);
#5439=EDGE_CURVE('',#4157,#4294,#2200,.T.);
#5440=EDGE_CURVE('',#4156,#4295,#2201,.T.);
#5441=EDGE_CURVE('',#4158,#4296,#2202,.T.);
#5442=EDGE_CURVE('',#4159,#4297,#2203,.T.);
#5443=EDGE_CURVE('',#4160,#4298,#2204,.T.);
#5444=EDGE_CURVE('',#4161,#4299,#2205,.T.);
#5445=EDGE_CURVE('',#4161,#4338,#3655,.T.);
#5446=EDGE_CURVE('',#4340,#4152,#2206,.T.);
#5447=EDGE_CURVE('',#4153,#4339,#2207,.T.);
#5448=EDGE_CURVE('',#4337,#4154,#2208,.T.);
#5449=EDGE_CURVE('',#4155,#4338,#2209,.T.);
#5450=EDGE_CURVE('',#4096,#4245,#2210,.T.);
#5451=EDGE_CURVE('',#4246,#4097,#47,.T.);
#5452=EDGE_CURVE('',#4098,#4247,#2211,.T.);
#5453=EDGE_CURVE('',#4248,#4099,#48,.T.);
#5454=EDGE_CURVE('',#4250,#4341,#2212,.T.);
#5455=EDGE_CURVE('',#4341,#4097,#3656,.T.);
#5456=EDGE_CURVE('',#4249,#4342,#2213,.T.);
#5457=EDGE_CURVE('',#4342,#4341,#2214,.T.);
#5458=EDGE_CURVE('',#4099,#4342,#3657,.T.);
#5459=EDGE_CURVE('',#4206,#3849,#49,.T.);
#5460=EDGE_CURVE('',#4207,#3854,#50,.T.);
#5461=EDGE_CURVE('',#4205,#3846,#51,.T.);
#5462=EDGE_CURVE('',#4204,#3840,#52,.T.);
#5463=EDGE_CURVE('',#4203,#3838,#53,.T.);
#5464=EDGE_CURVE('',#4201,#3831,#54,.T.);
#5465=EDGE_CURVE('',#4202,#3829,#55,.T.);
#5466=EDGE_CURVE('',#4343,#3829,#2215,.T.);
#5467=EDGE_CURVE('',#4210,#4343,#56,.T.);
#5468=EDGE_CURVE('',#4344,#4343,#3658,.T.);
#5469=EDGE_CURVE('',#4209,#4344,#57,.T.);
#5470=EDGE_CURVE('',#3857,#4344,#2216,.T.);
#5471=EDGE_CURVE('',#4208,#3857,#58,.T.);
#5472=EDGE_CURVE('',#4343,#3989,#2217,.T.);
#5473=EDGE_CURVE('',#3870,#4344,#2218,.T.);
#5474=EDGE_CURVE('',#4251,#3860,#2219,.T.);
#5475=EDGE_CURVE('',#4289,#4345,#2220,.T.);
#5476=EDGE_CURVE('',#4345,#4345,#3659,.T.);
#5477=EDGE_CURVE('',#4346,#4346,#3660,.T.);
#5478=EDGE_CURVE('',#4346,#4345,#2221,.T.);
#5479=EDGE_CURVE('',#4252,#4347,#2222,.T.);
#5480=EDGE_CURVE('',#4347,#4347,#3661,.T.);
#5481=EDGE_CURVE('',#4348,#4348,#3662,.T.);
#5482=EDGE_CURVE('',#4348,#4347,#2223,.T.);
#5483=EDGE_CURVE('',#4288,#4349,#2224,.T.);
#5484=EDGE_CURVE('',#4349,#4349,#3663,.T.);
#5485=EDGE_CURVE('',#4350,#4350,#3664,.T.);
#5486=EDGE_CURVE('',#4350,#4349,#2225,.T.);
#5487=EDGE_CURVE('',#4253,#4351,#2226,.T.);
#5488=EDGE_CURVE('',#4351,#4351,#3665,.T.);
#5489=EDGE_CURVE('',#4352,#4352,#3666,.T.);
#5490=EDGE_CURVE('',#4352,#4351,#2227,.T.);
#5491=EDGE_CURVE('',#4287,#4353,#2228,.T.);
#5492=EDGE_CURVE('',#4353,#4353,#3667,.T.);
#5493=EDGE_CURVE('',#4354,#4354,#3668,.T.);
#5494=EDGE_CURVE('',#4354,#4353,#2229,.T.);
#5495=EDGE_CURVE('',#4254,#4355,#2230,.T.);
#5496=EDGE_CURVE('',#4355,#4355,#3669,.T.);
#5497=EDGE_CURVE('',#4356,#4356,#3670,.T.);
#5498=EDGE_CURVE('',#4356,#4355,#2231,.T.);
#5499=EDGE_CURVE('',#4286,#4357,#2232,.T.);
#5500=EDGE_CURVE('',#4357,#4357,#3671,.T.);
#5501=EDGE_CURVE('',#4358,#4358,#3672,.T.);
#5502=EDGE_CURVE('',#4358,#4357,#2233,.T.);
#5503=EDGE_CURVE('',#4255,#4359,#2234,.T.);
#5504=EDGE_CURVE('',#4359,#4359,#3673,.T.);
#5505=EDGE_CURVE('',#4360,#4360,#3674,.T.);
#5506=EDGE_CURVE('',#4360,#4359,#2235,.T.);
#5507=EDGE_CURVE('',#4109,#4278,#2236,.T.);
#5508=EDGE_CURVE('',#4279,#4361,#2237,.T.);
#5509=EDGE_CURVE('',#4361,#4109,#2238,.T.);
#5510=EDGE_CURVE('',#4108,#4280,#2239,.T.);
#5511=EDGE_CURVE('',#4110,#4281,#2240,.T.);
#5512=EDGE_CURVE('',#4111,#4282,#2241,.T.);
#5513=EDGE_CURVE('',#4112,#4283,#2242,.T.);
#5514=EDGE_CURVE('',#4112,#4362,#3675,.T.);
#5515=EDGE_CURVE('',#4362,#4284,#2243,.T.);
#5516=EDGE_CURVE('',#4363,#4285,#2244,.T.);
#5517=EDGE_CURVE('',#4362,#4363,#3676,.T.);
#5518=EDGE_CURVE('',#4363,#4361,#3677,.T.);
#5519=EDGE_CURVE('',#4105,#4361,#2245,.T.);
#5520=EDGE_CURVE('',#4364,#4256,#2246,.T.);
#5521=EDGE_CURVE('',#4257,#4079,#2247,.T.);
#5522=EDGE_CURVE('',#4079,#4364,#2248,.T.);
#5523=EDGE_CURVE('',#4364,#4365,#3678,.T.);
#5524=EDGE_CURVE('',#4365,#4258,#2249,.T.);
#5525=EDGE_CURVE('',#4077,#4259,#2250,.T.);
#5526=EDGE_CURVE('',#4365,#4077,#2251,.T.);
#5527=EDGE_CURVE('',#4076,#4260,#2252,.T.);
#5528=EDGE_CURVE('',#4078,#4261,#2253,.T.);
#5529=EDGE_CURVE('',#4073,#4365,#2254,.T.);
#5530=EDGE_CURVE('',#4364,#4072,#2255,.T.);
#5531=EDGE_CURVE('',#4366,#4270,#2256,.T.);
#5532=EDGE_CURVE('',#4271,#4069,#2257,.T.);
#5533=EDGE_CURVE('',#4069,#4366,#2258,.T.);
#5534=EDGE_CURVE('',#4366,#4367,#3679,.T.);
#5535=EDGE_CURVE('',#4367,#4272,#2259,.T.);
#5536=EDGE_CURVE('',#4368,#4273,#2260,.T.);
#5537=EDGE_CURVE('',#4367,#4368,#2261,.T.);
#5538=EDGE_CURVE('',#4368,#4066,#3680,.T.);
#5539=EDGE_CURVE('',#4066,#4274,#2262,.T.);
#5540=EDGE_CURVE('',#4065,#4275,#2263,.T.);
#5541=EDGE_CURVE('',#4067,#4276,#2264,.T.);
#5542=EDGE_CURVE('',#4068,#4277,#2265,.T.);
#5543=EDGE_CURVE('',#4368,#4061,#2266,.T.);
#5544=EDGE_CURVE('',#4060,#4367,#2267,.T.);
#5545=EDGE_CURVE('',#4366,#4059,#2268,.T.);
#5546=EDGE_CURVE('',#4010,#4262,#2269,.T.);
#5547=EDGE_CURVE('',#4263,#4009,#2270,.T.);
#5548=EDGE_CURVE('',#4011,#4264,#2271,.T.);
#5549=EDGE_CURVE('',#4369,#4265,#2272,.T.);
#5550=EDGE_CURVE('',#4011,#4369,#3681,.T.);
#5551=EDGE_CURVE('',#4369,#4370,#3682,.T.);
#5552=EDGE_CURVE('',#4370,#4266,#2273,.T.);
#5553=EDGE_CURVE('',#4371,#4267,#2274,.T.);
#5554=EDGE_CURVE('',#4370,#4371,#2275,.T.);
#5555=EDGE_CURVE('',#4371,#4008,#3683,.T.);
#5556=EDGE_CURVE('',#4008,#4268,#2276,.T.);
#5557=EDGE_CURVE('',#4007,#4269,#2277,.T.);
#5558=EDGE_CURVE('',#4005,#4370,#2278,.T.);
#5559=EDGE_CURVE('',#4369,#4006,#2279,.T.);
#5560=EDGE_CURVE('',#4341,#4093,#2280,.T.);
#5561=EDGE_CURVE('',#4092,#4342,#2281,.T.);
#5562=EDGE_CURVE('',#4371,#4004,#2282,.T.);
#5563=EDGE_CURVE('',#4334,#4117,#2283,.T.);
#5564=EDGE_CURVE('',#4118,#4333,#2284,.T.);
#5565=EDGE_CURVE('',#4107,#4362,#2285,.T.);
#5566=EDGE_CURVE('',#4363,#4106,#2286,.T.);
#5567=EDGE_CURVE('',#3842,#4360,#2287,.T.);
#5568=EDGE_CURVE('',#3858,#4358,#2288,.T.);
#5569=EDGE_CURVE('',#3850,#4356,#2289,.T.);
#5570=EDGE_CURVE('',#3833,#4354,#2290,.T.);
#5571=EDGE_CURVE('',#4372,#4373,#22,.T.);
#5572=EDGE_CURVE('',#4373,#4374,#2291,.T.);
#5573=EDGE_CURVE('',#4374,#4375,#3684,.T.);
#5574=EDGE_CURVE('',#4375,#4376,#23,.T.);
#5575=EDGE_CURVE('',#4376,#4377,#2292,.T.);
#5576=EDGE_CURVE('',#4377,#4372,#24,.T.);
#5577=EDGE_CURVE('',#4378,#4373,#2293,.T.);
#5578=EDGE_CURVE('',#4379,#4378,#2294,.T.);
#5579=EDGE_CURVE('',#4374,#4379,#2295,.T.);
#5580=EDGE_CURVE('',#4380,#4372,#2296,.T.);
#5581=EDGE_CURVE('',#4380,#4381,#2297,.T.);
#5582=EDGE_CURVE('',#4381,#4378,#2298,.T.);
#5583=EDGE_CURVE('',#4377,#4382,#2299,.T.);
#5584=EDGE_CURVE('',#4383,#4382,#25,.T.);
#5585=EDGE_CURVE('',#4384,#4383,#2300,.T.);
#5586=EDGE_CURVE('',#4384,#4380,#2301,.T.);
#5587=EDGE_CURVE('',#4382,#4385,#2302,.T.);
#5588=EDGE_CURVE('',#4385,#4386,#26,.T.);
#5589=EDGE_CURVE('',#4386,#4387,#3685,.T.);
#5590=EDGE_CURVE('',#4387,#4388,#2303,.T.);
#5591=EDGE_CURVE('',#4388,#4383,#27,.T.);
#5592=EDGE_CURVE('',#4387,#4389,#2304,.T.);
#5593=EDGE_CURVE('',#4389,#4390,#2305,.T.);
#5594=EDGE_CURVE('',#4388,#4390,#2306,.T.);
#5595=EDGE_CURVE('',#4379,#4391,#2307,.T.);
#5596=EDGE_CURVE('',#4392,#4391,#3686,.T.);
#5597=EDGE_CURVE('',#4389,#4392,#2308,.T.);
#5598=EDGE_CURVE('',#4375,#4386,#2309,.T.);
#5599=EDGE_CURVE('',#4385,#4376,#2310,.T.);
#5600=EDGE_CURVE('',#4393,#4390,#2311,.T.);
#5601=EDGE_CURVE('',#4393,#4384,#2312,.T.);
#5602=EDGE_CURVE('',#4381,#4394,#2313,.T.);
#5603=EDGE_CURVE('',#4394,#4395,#2314,.T.);
#5604=EDGE_CURVE('',#4395,#4378,#2315,.T.);
#5605=EDGE_CURVE('',#4394,#4396,#3687,.T.);
#5606=EDGE_CURVE('',#4396,#4397,#2316,.T.);
#5607=EDGE_CURVE('',#4397,#4395,#3688,.T.);
#5608=EDGE_CURVE('',#4390,#4397,#2317,.T.);
#5609=EDGE_CURVE('',#4396,#4393,#2318,.T.);
#5610=EDGE_CURVE('',#4398,#4397,#2319,.T.);
#5611=EDGE_CURVE('',#4399,#4398,#3689,.T.);
#5612=EDGE_CURVE('',#4399,#4395,#2320,.T.);
#5613=EDGE_CURVE('',#4398,#4392,#110,.T.);
#5614=EDGE_CURVE('',#4400,#4400,#3690,.T.);
#5615=EDGE_CURVE('',#4391,#4399,#111,.T.);
#5616=EDGE_CURVE('',#4398,#4399,#3691,.T.);
#5617=EDGE_CURVE('',#4401,#4401,#3692,.T.);
#5618=EDGE_CURVE('',#4402,#4402,#3693,.T.);
#5619=EDGE_CURVE('',#4400,#4401,#2321,.T.);
#5620=EDGE_CURVE('',#4402,#4403,#2322,.T.);
#5621=EDGE_CURVE('',#4403,#4403,#3694,.T.);
#5622=EDGE_CURVE('',#4404,#4405,#59,.F.);
#5623=EDGE_CURVE('',#4404,#4406,#3695,.T.);
#5624=EDGE_CURVE('',#4406,#4407,#60,.T.);
#5625=EDGE_CURVE('',#4408,#4407,#61,.F.);
#5626=EDGE_CURVE('',#4408,#4409,#3696,.T.);
#5627=EDGE_CURVE('',#4409,#4405,#62,.T.);
#5628=EDGE_CURVE('',#4410,#4408,#3697,.T.);
#5629=EDGE_CURVE('',#4410,#4411,#3698,.T.);
#5630=EDGE_CURVE('',#4411,#4412,#2323,.T.);
#5631=EDGE_CURVE('',#4413,#4412,#3699,.T.);
#5632=EDGE_CURVE('',#4414,#4413,#3700,.T.);
#5633=EDGE_CURVE('',#4414,#4415,#2324,.T.);
#5634=EDGE_CURVE('',#4416,#4415,#3701,.T.);
#5635=EDGE_CURVE('',#4416,#4417,#2325,.T.);
#5636=EDGE_CURVE('',#4417,#4418,#3702,.T.);
#5637=EDGE_CURVE('',#4419,#4418,#3703,.T.);
#5638=EDGE_CURVE('',#4419,#4420,#2326,.T.);
#5639=EDGE_CURVE('',#4420,#4421,#2327,.T.);
#5640=EDGE_CURVE('',#4421,#4422,#3704,.T.);
#5641=EDGE_CURVE('',#4422,#4423,#2328,.T.);
#5642=EDGE_CURVE('',#4423,#4424,#3705,.T.);
#5643=EDGE_CURVE('',#4424,#4425,#2329,.T.);
#5644=EDGE_CURVE('',#4425,#4426,#2330,.T.);
#5645=EDGE_CURVE('',#4426,#4427,#2331,.T.);
#5646=EDGE_CURVE('',#4427,#4428,#2332,.T.);
#5647=EDGE_CURVE('',#4428,#4429,#2333,.T.);
#5648=EDGE_CURVE('',#4429,#4430,#3706,.T.);
#5649=EDGE_CURVE('',#4430,#4431,#2334,.T.);
#5650=EDGE_CURVE('',#4431,#4432,#3707,.T.);
#5651=EDGE_CURVE('',#4432,#4433,#2335,.T.);
#5652=EDGE_CURVE('',#4433,#4434,#2336,.T.);
#5653=EDGE_CURVE('',#4434,#4435,#2337,.T.);
#5654=EDGE_CURVE('',#4435,#4436,#2338,.T.);
#5655=EDGE_CURVE('',#4436,#4437,#2339,.T.);
#5656=EDGE_CURVE('',#4437,#4438,#3708,.T.);
#5657=EDGE_CURVE('',#4438,#4439,#2340,.T.);
#5658=EDGE_CURVE('',#4439,#4440,#3709,.T.);
#5659=EDGE_CURVE('',#4440,#4441,#3710,.T.);
#5660=EDGE_CURVE('',#4441,#4442,#2341,.T.);
#5661=EDGE_CURVE('',#4442,#4443,#2342,.T.);
#5662=EDGE_CURVE('',#4443,#4444,#2343,.T.);
#5663=EDGE_CURVE('',#4445,#4444,#3711,.T.);
#5664=EDGE_CURVE('',#4445,#4446,#3712,.T.);
#5665=EDGE_CURVE('',#4446,#4447,#2344,.T.);
#5666=EDGE_CURVE('',#4409,#4447,#3713,.T.);
#5667=EDGE_CURVE('',#4448,#4413,#63,.T.);
#5668=EDGE_CURVE('',#4412,#4449,#64,.T.);
#5669=EDGE_CURVE('',#4449,#4450,#65,.T.);
#5670=EDGE_CURVE('',#4451,#4450,#66,.F.);
#5671=EDGE_CURVE('',#4451,#4452,#3714,.T.);
#5672=EDGE_CURVE('',#4452,#4448,#67,.T.);
#5673=EDGE_CURVE('',#4452,#4453,#2345,.T.);
#5674=EDGE_CURVE('',#4451,#4454,#2346,.T.);
#5675=EDGE_CURVE('',#4455,#4454,#3715,.T.);
#5676=EDGE_CURVE('',#4455,#4456,#2347,.T.);
#5677=EDGE_CURVE('',#4456,#4456,#3716,.T.);
#5678=EDGE_CURVE('',#4453,#4455,#3717,.T.);
#5679=EDGE_CURVE('',#4445,#4457,#68,.F.);
#5680=EDGE_CURVE('',#4444,#4458,#3718,.T.);
#5681=EDGE_CURVE('',#4458,#4459,#3719,.T.);
#5682=EDGE_CURVE('',#4459,#4457,#69,.T.);
#5683=EDGE_CURVE('',#4460,#4461,#70,.T.);
#5684=EDGE_CURVE('',#4461,#4462,#3720,.T.);
#5685=EDGE_CURVE('',#4462,#4458,#3721,.T.);
#5686=EDGE_CURVE('',#4444,#4460,#71,.T.);
#5687=EDGE_CURVE('',#4463,#4464,#3722,.T.);
#5688=EDGE_CURVE('',#4464,#4465,#2348,.T.);
#5689=EDGE_CURVE('',#4465,#4466,#3723,.T.);
#5690=EDGE_CURVE('',#4466,#4463,#2349,.T.);
#5691=EDGE_CURVE('',#4467,#4468,#72,.F.);
#5692=EDGE_CURVE('',#4467,#4469,#3724,.T.);
#5693=EDGE_CURVE('',#4469,#4470,#73,.T.);
#5694=EDGE_CURVE('',#4470,#4464,#3725,.T.);
#5695=EDGE_CURVE('',#4463,#4468,#3726,.T.);
#5696=EDGE_CURVE('',#4471,#4466,#28,.T.);
#5697=EDGE_CURVE('',#4465,#4462,#2350,.T.);
#5698=EDGE_CURVE('',#4461,#4471,#29,.T.);
#5699=EDGE_CURVE('',#4467,#4472,#3727,.T.);
#5700=EDGE_CURVE('',#4472,#4473,#2351,.T.);
#5701=EDGE_CURVE('',#4473,#4474,#3728,.T.);
#5702=EDGE_CURVE('',#4474,#4475,#2352,.T.);
#5703=EDGE_CURVE('',#4476,#4475,#3729,.T.);
#5704=EDGE_CURVE('',#4476,#4469,#2353,.T.);
#5705=EDGE_CURVE('',#4466,#4477,#2354,.T.);
#5706=EDGE_CURVE('',#4477,#4468,#3730,.T.);
#5707=EDGE_CURVE('',#4462,#4478,#2355,.T.);
#5708=EDGE_CURVE('',#4479,#4478,#3731,.T.);
#5709=EDGE_CURVE('',#4479,#4459,#2356,.T.);
#5710=EDGE_CURVE('',#4480,#4464,#2357,.T.);
#5711=EDGE_CURVE('',#4478,#4480,#2358,.T.);
#5712=EDGE_CURVE('',#4481,#4419,#74,.T.);
#5713=EDGE_CURVE('',#4418,#4482,#75,.T.);
#5714=EDGE_CURVE('',#4483,#4482,#76,.F.);
#5715=EDGE_CURVE('',#4484,#4483,#77,.F.);
#5716=EDGE_CURVE('',#4484,#4485,#3732,.T.);
#5717=EDGE_CURVE('',#4485,#4486,#3733,.T.);
#5718=EDGE_CURVE('',#4486,#4481,#78,.T.);
#5719=EDGE_CURVE('',#4487,#4486,#79,.T.);
#5720=EDGE_CURVE('',#4485,#4488,#3734,.T.);
#5721=EDGE_CURVE('',#4488,#4487,#3735,.T.);
#5722=EDGE_CURVE('',#4489,#4490,#80,.T.);
#5723=EDGE_CURVE('',#4490,#4491,#3736,.T.);
#5724=EDGE_CURVE('',#4491,#4492,#3737,.T.);
#5725=EDGE_CURVE('',#4492,#4476,#81,.T.);
#5726=EDGE_CURVE('',#4475,#4489,#82,.T.);
#5727=EDGE_CURVE('',#4490,#4493,#83,.T.);
#5728=EDGE_CURVE('',#4493,#4494,#3738,.T.);
#5729=EDGE_CURVE('',#4494,#4491,#3739,.T.);
#5730=EDGE_CURVE('',#4495,#4487,#30,.T.);
#5731=EDGE_CURVE('',#4488,#4494,#2359,.T.);
#5732=EDGE_CURVE('',#4493,#4495,#31,.T.);
#5733=EDGE_CURVE('',#4456,#4496,#2360,.T.);
#5734=EDGE_CURVE('',#4496,#4496,#3740,.T.);
#5735=EDGE_CURVE('',#4497,#4497,#3741,.T.);
#5736=EDGE_CURVE('',#4498,#4498,#3742,.T.);
#5737=EDGE_CURVE('',#4498,#4499,#2361,.T.);
#5738=EDGE_CURVE('',#4499,#4499,#3743,.T.);
#5739=EDGE_CURVE('',#4500,#4500,#3744,.T.);
#5740=EDGE_CURVE('',#4404,#4501,#2362,.T.);
#5741=EDGE_CURVE('',#4502,#4501,#3745,.T.);
#5742=EDGE_CURVE('',#4406,#4502,#2363,.T.);
#5743=EDGE_CURVE('',#4406,#4498,#2364,.T.);
#5744=EDGE_CURVE('',#4503,#4504,#2365,.T.);
#5745=EDGE_CURVE('',#4504,#4505,#2366,.T.);
#5746=EDGE_CURVE('',#4505,#4506,#2367,.T.);
#5747=EDGE_CURVE('',#4506,#4503,#2368,.T.);
#5748=EDGE_CURVE('',#4505,#4507,#3746,.T.);
#5749=EDGE_CURVE('',#4507,#4508,#2369,.T.);
#5750=EDGE_CURVE('',#4508,#4506,#3747,.T.);
#5751=EDGE_CURVE('',#4509,#4510,#2370,.T.);
#5752=EDGE_CURVE('',#4510,#4504,#3748,.T.);
#5753=EDGE_CURVE('',#4503,#4509,#3749,.T.);
#5754=EDGE_CURVE('',#4479,#4511,#2371,.T.);
#5755=EDGE_CURVE('',#4511,#4508,#3750,.T.);
#5756=EDGE_CURVE('',#4507,#4479,#3751,.T.);
#5757=EDGE_CURVE('',#4512,#4513,#2372,.T.);
#5758=EDGE_CURVE('',#4513,#4510,#3752,.T.);
#5759=EDGE_CURVE('',#4509,#4512,#3753,.T.);
#5760=EDGE_CURVE('',#4478,#4514,#2373,.T.);
#5761=EDGE_CURVE('',#4514,#4511,#3754,.T.);
#5762=EDGE_CURVE('',#4515,#4480,#2374,.T.);
#5763=EDGE_CURVE('',#4480,#4513,#3755,.T.);
#5764=EDGE_CURVE('',#4512,#4515,#3756,.T.);
#5765=EDGE_CURVE('',#4515,#4514,#2375,.T.);
#5766=EDGE_CURVE('',#4516,#4507,#2376,.T.);
#5767=EDGE_CURVE('',#4517,#4516,#3757,.T.);
#5768=EDGE_CURVE('',#4457,#4517,#2377,.T.);
#5769=EDGE_CURVE('',#4505,#4518,#2378,.T.);
#5770=EDGE_CURVE('',#4516,#4518,#3758,.T.);
#5771=EDGE_CURVE('',#4504,#4519,#2379,.T.);
#5772=EDGE_CURVE('',#4518,#4519,#2380,.T.);
#5773=EDGE_CURVE('',#4520,#4521,#2381,.T.);
#5774=EDGE_CURVE('',#4521,#4522,#2382,.T.);
#5775=EDGE_CURVE('',#4522,#4523,#2383,.T.);
#5776=EDGE_CURVE('',#4523,#4520,#2384,.T.);
#5777=EDGE_CURVE('',#4522,#4524,#3759,.T.);
#5778=EDGE_CURVE('',#4524,#4525,#2385,.T.);
#5779=EDGE_CURVE('',#4525,#4523,#3760,.T.);
#5780=EDGE_CURVE('',#4526,#4527,#2386,.T.);
#5781=EDGE_CURVE('',#4527,#4521,#3761,.T.);
#5782=EDGE_CURVE('',#4520,#4526,#3762,.T.);
#5783=EDGE_CURVE('',#4528,#4529,#2387,.T.);
#5784=EDGE_CURVE('',#4529,#4525,#3763,.T.);
#5785=EDGE_CURVE('',#4524,#4528,#3764,.T.);
#5786=EDGE_CURVE('',#4530,#4531,#2388,.T.);
#5787=EDGE_CURVE('',#4531,#4527,#2389,.T.);
#5788=EDGE_CURVE('',#4526,#4530,#2390,.T.);
#5789=EDGE_CURVE('',#4528,#4532,#3765,.T.);
#5790=EDGE_CURVE('',#4532,#4533,#2391,.T.);
#5791=EDGE_CURVE('',#4533,#4529,#3766,.T.);
#5792=EDGE_CURVE('',#4534,#4535,#2392,.T.);
#5793=EDGE_CURVE('',#4535,#4531,#3767,.T.);
#5794=EDGE_CURVE('',#4530,#4534,#3768,.T.);
#5795=EDGE_CURVE('',#4532,#4535,#2393,.T.);
#5796=EDGE_CURVE('',#4534,#4533,#2394,.T.);
#5797=EDGE_CURVE('',#4494,#4532,#2395,.T.);
#5798=EDGE_CURVE('',#4528,#4492,#2396,.T.);
#5799=EDGE_CURVE('',#4524,#4536,#2397,.T.);
#5800=EDGE_CURVE('',#4537,#4536,#3769,.T.);
#5801=EDGE_CURVE('',#4476,#4537,#2398,.T.);
#5802=EDGE_CURVE('',#4522,#4538,#2399,.T.);
#5803=EDGE_CURVE('',#4536,#4538,#3770,.T.);
#5804=EDGE_CURVE('',#4521,#4539,#2400,.T.);
#5805=EDGE_CURVE('',#4538,#4539,#2401,.T.);
#5806=EDGE_CURVE('',#4540,#4540,#3771,.T.);
#5807=EDGE_CURVE('',#4540,#4541,#2402,.T.);
#5808=EDGE_CURVE('',#4541,#4541,#3772,.T.);
#5809=EDGE_CURVE('',#4542,#4543,#2403,.T.);
#5810=EDGE_CURVE('',#4544,#4542,#3773,.T.);
#5811=EDGE_CURVE('',#4545,#4544,#3774,.T.);
#5812=EDGE_CURVE('',#4546,#4545,#2404,.T.);
#5813=EDGE_CURVE('',#4547,#4546,#3775,.T.);
#5814=EDGE_CURVE('',#4548,#4547,#2405,.T.);
#5815=EDGE_CURVE('',#4549,#4548,#3776,.T.);
#5816=EDGE_CURVE('',#4550,#4549,#3777,.T.);
#5817=EDGE_CURVE('',#4551,#4550,#2406,.T.);
#5818=EDGE_CURVE('',#4552,#4551,#3778,.T.);
#5819=EDGE_CURVE('',#4553,#4552,#2407,.T.);
#5820=EDGE_CURVE('',#4554,#4553,#3779,.T.);
#5821=EDGE_CURVE('',#4555,#4554,#2408,.T.);
#5822=EDGE_CURVE('',#4556,#4555,#3780,.T.);
#5823=EDGE_CURVE('',#4557,#4556,#2409,.T.);
#5824=EDGE_CURVE('',#4558,#4557,#3781,.T.);
#5825=EDGE_CURVE('',#4559,#4558,#2410,.T.);
#5826=EDGE_CURVE('',#4560,#4559,#3782,.T.);
#5827=EDGE_CURVE('',#4561,#4560,#3783,.T.);
#5828=EDGE_CURVE('',#4562,#4561,#2411,.T.);
#5829=EDGE_CURVE('',#4563,#4562,#3784,.T.);
#5830=EDGE_CURVE('',#4564,#4563,#2412,.T.);
#5831=EDGE_CURVE('',#4565,#4564,#3785,.T.);
#5832=EDGE_CURVE('',#4566,#4565,#2413,.T.);
#5833=EDGE_CURVE('',#4567,#4566,#3786,.T.);
#5834=EDGE_CURVE('',#4568,#4567,#3787,.T.);
#5835=EDGE_CURVE('',#4569,#4568,#3788,.T.);
#5836=EDGE_CURVE('',#4570,#4569,#2414,.T.);
#5837=EDGE_CURVE('',#4571,#4570,#3789,.T.);
#5838=EDGE_CURVE('',#4543,#4571,#3790,.T.);
#5839=EDGE_CURVE('',#4572,#4572,#3791,.T.);
#5840=EDGE_CURVE('',#4573,#4573,#3792,.T.);
#5841=EDGE_CURVE('',#4574,#4574,#3793,.T.);
#5842=EDGE_CURVE('',#4575,#4576,#3794,.T.);
#5843=EDGE_CURVE('',#4576,#4577,#3795,.T.);
#5844=EDGE_CURVE('',#4577,#4578,#2415,.T.);
#5845=EDGE_CURVE('',#4578,#4579,#3796,.T.);
#5846=EDGE_CURVE('',#4579,#4580,#2416,.T.);
#5847=EDGE_CURVE('',#4580,#4581,#3797,.T.);
#5848=EDGE_CURVE('',#4581,#4582,#2417,.T.);
#5849=EDGE_CURVE('',#4582,#4583,#3798,.T.);
#5850=EDGE_CURVE('',#4583,#4575,#2418,.T.);
#5851=EDGE_CURVE('',#4584,#4584,#3799,.T.);
#5852=EDGE_CURVE('',#4585,#4585,#3800,.T.);
#5853=EDGE_CURVE('',#4541,#4500,#2419,.T.);
#5854=EDGE_CURVE('',#4572,#4586,#2420,.T.);
#5855=EDGE_CURVE('',#4586,#4586,#3801,.T.);
#5856=EDGE_CURVE('',#4586,#4497,#2421,.T.);
#5857=EDGE_CURVE('',#4585,#4587,#2422,.T.);
#5858=EDGE_CURVE('',#4587,#4587,#3802,.T.);
#5859=EDGE_CURVE('',#4587,#4588,#2423,.T.);
#5860=EDGE_CURVE('',#4588,#4588,#3803,.T.);
#5861=EDGE_CURVE('',#4573,#4589,#2424,.T.);
#5862=EDGE_CURVE('',#4589,#4589,#3804,.T.);
#5863=EDGE_CURVE('',#4589,#4590,#2425,.T.);
#5864=EDGE_CURVE('',#4590,#4590,#3805,.T.);
#5865=EDGE_CURVE('',#4584,#4591,#2426,.T.);
#5866=EDGE_CURVE('',#4591,#4591,#3806,.T.);
#5867=EDGE_CURVE('',#4591,#4592,#2427,.T.);
#5868=EDGE_CURVE('',#4592,#4592,#3807,.T.);
#5869=EDGE_CURVE('',#4574,#4593,#2428,.T.);
#5870=EDGE_CURVE('',#4593,#4593,#3808,.T.);
#5871=EDGE_CURVE('',#4593,#4594,#2429,.T.);
#5872=EDGE_CURVE('',#4594,#4594,#3809,.T.);
#5873=EDGE_CURVE('',#4537,#4542,#2430,.T.);
#5874=EDGE_CURVE('',#4543,#4595,#2431,.T.);
#5875=EDGE_CURVE('',#4595,#4537,#2432,.T.);
#5876=EDGE_CURVE('',#4571,#4596,#2433,.T.);
#5877=EDGE_CURVE('',#4596,#4595,#3810,.T.);
#5878=EDGE_CURVE('',#4536,#4544,#2434,.T.);
#5879=EDGE_CURVE('',#4570,#4519,#2435,.T.);
#5880=EDGE_CURVE('',#4519,#4596,#3811,.T.);
#5881=EDGE_CURVE('',#4538,#4545,#2436,.T.);
#5882=EDGE_CURVE('',#4569,#4518,#2437,.T.);
#5883=EDGE_CURVE('',#4539,#4546,#2438,.T.);
#5884=EDGE_CURVE('',#4568,#4516,#2439,.T.);
#5885=EDGE_CURVE('',#4597,#4547,#2440,.T.);
#5886=EDGE_CURVE('',#4539,#4597,#3812,.T.);
#5887=EDGE_CURVE('',#4567,#4517,#2441,.T.);
#5888=EDGE_CURVE('',#4598,#4548,#2442,.T.);
#5889=EDGE_CURVE('',#4597,#4598,#2443,.T.);
#5890=EDGE_CURVE('',#4566,#4599,#2444,.T.);
#5891=EDGE_CURVE('',#4599,#4517,#3813,.T.);
#5892=EDGE_CURVE('',#4600,#4549,#2445,.T.);
#5893=EDGE_CURVE('',#4598,#4600,#3814,.T.);
#5894=EDGE_CURVE('',#4565,#4601,#2446,.T.);
#5895=EDGE_CURVE('',#4601,#4599,#2447,.T.);
#5896=EDGE_CURVE('',#4602,#4550,#2448,.T.);
#5897=EDGE_CURVE('',#4600,#4602,#3815,.T.);
#5898=EDGE_CURVE('',#4564,#4603,#2449,.T.);
#5899=EDGE_CURVE('',#4603,#4601,#3816,.T.);
#5900=EDGE_CURVE('',#4604,#4551,#2450,.T.);
#5901=EDGE_CURVE('',#4602,#4604,#2451,.T.);
#5902=EDGE_CURVE('',#4563,#4501,#2452,.T.);
#5903=EDGE_CURVE('',#4501,#4603,#2453,.T.);
#5904=EDGE_CURVE('',#4605,#4552,#2454,.T.);
#5905=EDGE_CURVE('',#4604,#4605,#3817,.T.);
#5906=EDGE_CURVE('',#4562,#4502,#2455,.T.);
#5907=EDGE_CURVE('',#4606,#4553,#2456,.T.);
#5908=EDGE_CURVE('',#4605,#4606,#2457,.T.);
#5909=EDGE_CURVE('',#4561,#4607,#2458,.T.);
#5910=EDGE_CURVE('',#4607,#4502,#2459,.T.);
#5911=EDGE_CURVE('',#4608,#4554,#2460,.T.);
#5912=EDGE_CURVE('',#4606,#4608,#3818,.T.);
#5913=EDGE_CURVE('',#4560,#4609,#2461,.T.);
#5914=EDGE_CURVE('',#4609,#4607,#3819,.T.);
#5915=EDGE_CURVE('',#4453,#4555,#2462,.T.);
#5916=EDGE_CURVE('',#4608,#4453,#2463,.T.);
#5917=EDGE_CURVE('',#4559,#4610,#2464,.T.);
#5918=EDGE_CURVE('',#4610,#4609,#3820,.T.);
#5919=EDGE_CURVE('',#4454,#4556,#2465,.T.);
#5920=EDGE_CURVE('',#4558,#4611,#2466,.T.);
#5921=EDGE_CURVE('',#4611,#4610,#2467,.T.);
#5922=EDGE_CURVE('',#4612,#4557,#2468,.T.);
#5923=EDGE_CURVE('',#4454,#4612,#2469,.T.);
#5924=EDGE_CURVE('',#4612,#4611,#3821,.T.);
#5925=EDGE_CURVE('',#4450,#4612,#2470,.T.);
#5926=EDGE_CURVE('',#4448,#4608,#2471,.T.);
#5927=EDGE_CURVE('',#4414,#4606,#2472,.T.);
#5928=EDGE_CURVE('',#4415,#4605,#2473,.T.);
#5929=EDGE_CURVE('',#4416,#4604,#2474,.T.);
#5930=EDGE_CURVE('',#4417,#4602,#2475,.T.);
#5931=EDGE_CURVE('',#4482,#4600,#2476,.T.);
#5932=EDGE_CURVE('',#4483,#4598,#2477,.T.);
#5933=EDGE_CURVE('',#4484,#4531,#2478,.T.);
#5934=EDGE_CURVE('',#4527,#4597,#2479,.T.);
#5935=EDGE_CURVE('',#4469,#4595,#2480,.T.);
#5936=EDGE_CURVE('',#4535,#4488,#2481,.T.);
#5937=EDGE_CURVE('',#4470,#4513,#2482,.T.);
#5938=EDGE_CURVE('',#4460,#4613,#2483,.T.);
#5939=EDGE_CURVE('',#4613,#4614,#2484,.T.);
#5940=EDGE_CURVE('',#4471,#4614,#2485,.F.);
#5941=EDGE_CURVE('',#4443,#4615,#2486,.T.);
#5942=EDGE_CURVE('',#4615,#4613,#2487,.T.);
#5943=EDGE_CURVE('',#4442,#4616,#2488,.T.);
#5944=EDGE_CURVE('',#4616,#4615,#2489,.T.);
#5945=EDGE_CURVE('',#4617,#4441,#2490,.T.);
#5946=EDGE_CURVE('',#4617,#4616,#2491,.T.);
#5947=EDGE_CURVE('',#4614,#4618,#2492,.T.);
#5948=EDGE_CURVE('',#4477,#4618,#2493,.T.);
#5949=EDGE_CURVE('',#4618,#4617,#3822,.T.);
#5950=EDGE_CURVE('',#4495,#4619,#2494,.T.);
#5951=EDGE_CURVE('',#4619,#4620,#2495,.T.);
#5952=EDGE_CURVE('',#4481,#4620,#2496,.F.);
#5953=EDGE_CURVE('',#4489,#4621,#2497,.T.);
#5954=EDGE_CURVE('',#4621,#4619,#2498,.T.);
#5955=EDGE_CURVE('',#4622,#4474,#2499,.T.);
#5956=EDGE_CURVE('',#4622,#4621,#2500,.T.);
#5957=EDGE_CURVE('',#4420,#4623,#2501,.T.);
#5958=EDGE_CURVE('',#4623,#4624,#2502,.T.);
#5959=EDGE_CURVE('',#4421,#4624,#2503,.T.);
#5960=EDGE_CURVE('',#4620,#4623,#2504,.T.);
#5961=EDGE_CURVE('',#4624,#4622,#3823,.T.);
#5962=EDGE_CURVE('',#4435,#4625,#2505,.T.);
#5963=EDGE_CURVE('',#4625,#4626,#2506,.T.);
#5964=EDGE_CURVE('',#4436,#4626,#2507,.T.);
#5965=EDGE_CURVE('',#4434,#4627,#2508,.T.);
#5966=EDGE_CURVE('',#4627,#4625,#2509,.T.);
#5967=EDGE_CURVE('',#4433,#4628,#2510,.T.);
#5968=EDGE_CURVE('',#4628,#4627,#2511,.T.);
#5969=EDGE_CURVE('',#4629,#4432,#2512,.T.);
#5970=EDGE_CURVE('',#4629,#4628,#2513,.T.);
#5971=EDGE_CURVE('',#4626,#4630,#2514,.T.);
#5972=EDGE_CURVE('',#4437,#4630,#2515,.T.);
#5973=EDGE_CURVE('',#4630,#4629,#3824,.T.);
#5974=EDGE_CURVE('',#4425,#4631,#2516,.T.);
#5975=EDGE_CURVE('',#4631,#4632,#2517,.T.);
#5976=EDGE_CURVE('',#4426,#4632,#2518,.T.);
#5977=EDGE_CURVE('',#4633,#4424,#2519,.T.);
#5978=EDGE_CURVE('',#4633,#4631,#2520,.T.);
#5979=EDGE_CURVE('',#4428,#4634,#2521,.T.);
#5980=EDGE_CURVE('',#4634,#4635,#2522,.T.);
#5981=EDGE_CURVE('',#4429,#4635,#2523,.T.);
#5982=EDGE_CURVE('',#4427,#4636,#2524,.T.);
#5983=EDGE_CURVE('',#4636,#4634,#2525,.T.);
#5984=EDGE_CURVE('',#4632,#4636,#2526,.T.);
#5985=EDGE_CURVE('',#4635,#4633,#3825,.T.);
#5986=EDGE_CURVE('',#4575,#4472,#2527,.T.);
#5987=EDGE_CURVE('',#4473,#4583,#2528,.T.);
#5988=EDGE_CURVE('',#4422,#4582,#2529,.T.);
#5989=EDGE_CURVE('',#4423,#4581,#2530,.T.);
#5990=EDGE_CURVE('',#4430,#4580,#2531,.T.);
#5991=EDGE_CURVE('',#4431,#4579,#2532,.T.);
#5992=EDGE_CURVE('',#4438,#4578,#2533,.T.);
#5993=EDGE_CURVE('',#4439,#4577,#2534,.T.);
#5994=EDGE_CURVE('',#4440,#4576,#2535,.T.);
#5995=EDGE_CURVE('',#4446,#4599,#2536,.T.);
#5996=EDGE_CURVE('',#4447,#4601,#2537,.T.);
#5997=EDGE_CURVE('',#4405,#4603,#2538,.T.);
#5998=EDGE_CURVE('',#4407,#4607,#2539,.T.);
#5999=EDGE_CURVE('',#4410,#4609,#2540,.T.);
#6000=EDGE_CURVE('',#4411,#4610,#2541,.T.);
#6001=EDGE_CURVE('',#4449,#4611,#2542,.T.);
#6002=EDGE_CURVE('',#4510,#4596,#2543,.T.);
#6003=ORIENTED_EDGE('',*,*,#4637,.T.);
#6004=ORIENTED_EDGE('',*,*,#4638,.T.);
#6005=ORIENTED_EDGE('',*,*,#4639,.T.);
#6006=ORIENTED_EDGE('',*,*,#4638,.F.);
#6007=ORIENTED_EDGE('',*,*,#4640,.F.);
#6008=ORIENTED_EDGE('',*,*,#4641,.F.);
#6009=ORIENTED_EDGE('',*,*,#4642,.F.);
#6010=ORIENTED_EDGE('',*,*,#4643,.F.);
#6011=ORIENTED_EDGE('',*,*,#4644,.T.);
#6012=ORIENTED_EDGE('',*,*,#4639,.F.);
#6013=ORIENTED_EDGE('',*,*,#4644,.F.);
#6014=ORIENTED_EDGE('',*,*,#4645,.F.);
#6015=ORIENTED_EDGE('',*,*,#4637,.F.);
#6016=ORIENTED_EDGE('',*,*,#4646,.T.);
#6017=ORIENTED_EDGE('',*,*,#4647,.T.);
#6018=ORIENTED_EDGE('',*,*,#4648,.T.);
#6019=ORIENTED_EDGE('',*,*,#4649,.T.);
#6020=ORIENTED_EDGE('',*,*,#4650,.T.);
#6021=ORIENTED_EDGE('',*,*,#4648,.F.);
#6022=ORIENTED_EDGE('',*,*,#4651,.F.);
#6023=ORIENTED_EDGE('',*,*,#4652,.F.);
#6024=ORIENTED_EDGE('',*,*,#4653,.F.);
#6025=ORIENTED_EDGE('',*,*,#4654,.F.);
#6026=ORIENTED_EDGE('',*,*,#4655,.T.);
#6027=ORIENTED_EDGE('',*,*,#4649,.F.);
#6028=ORIENTED_EDGE('',*,*,#4650,.F.);
#6029=ORIENTED_EDGE('',*,*,#4655,.F.);
#6030=ORIENTED_EDGE('',*,*,#4656,.F.);
#6031=ORIENTED_EDGE('',*,*,#4647,.F.);
#6032=ORIENTED_EDGE('',*,*,#4657,.T.);
#6033=ORIENTED_EDGE('',*,*,#4658,.T.);
#6034=ORIENTED_EDGE('',*,*,#4659,.T.);
#6035=ORIENTED_EDGE('',*,*,#4660,.T.);
#6036=ORIENTED_EDGE('',*,*,#4659,.F.);
#6037=ORIENTED_EDGE('',*,*,#4661,.F.);
#6038=ORIENTED_EDGE('',*,*,#4662,.F.);
#6039=ORIENTED_EDGE('',*,*,#4663,.T.);
#6040=ORIENTED_EDGE('',*,*,#4660,.F.);
#6041=ORIENTED_EDGE('',*,*,#4663,.F.);
#6042=ORIENTED_EDGE('',*,*,#4664,.F.);
#6043=ORIENTED_EDGE('',*,*,#4665,.F.);
#6044=ORIENTED_EDGE('',*,*,#4666,.F.);
#6045=ORIENTED_EDGE('',*,*,#4658,.F.);
#6046=ORIENTED_EDGE('',*,*,#4667,.T.);
#6047=ORIENTED_EDGE('',*,*,#4668,.T.);
#6048=ORIENTED_EDGE('',*,*,#4669,.T.);
#6049=ORIENTED_EDGE('',*,*,#4670,.T.);
#6050=ORIENTED_EDGE('',*,*,#4669,.F.);
#6051=ORIENTED_EDGE('',*,*,#4671,.F.);
#6052=ORIENTED_EDGE('',*,*,#4672,.F.);
#6053=ORIENTED_EDGE('',*,*,#4673,.T.);
#6054=ORIENTED_EDGE('',*,*,#4670,.F.);
#6055=ORIENTED_EDGE('',*,*,#4673,.F.);
#6056=ORIENTED_EDGE('',*,*,#4674,.F.);
#6057=ORIENTED_EDGE('',*,*,#4675,.F.);
#6058=ORIENTED_EDGE('',*,*,#4676,.F.);
#6059=ORIENTED_EDGE('',*,*,#4668,.F.);
#6060=ORIENTED_EDGE('',*,*,#4677,.T.);
#6061=ORIENTED_EDGE('',*,*,#4678,.F.);
#6062=ORIENTED_EDGE('',*,*,#4679,.F.);
#6063=ORIENTED_EDGE('',*,*,#4680,.T.);
#6064=ORIENTED_EDGE('',*,*,#4681,.T.);
#6065=ORIENTED_EDGE('',*,*,#4682,.T.);
#6066=ORIENTED_EDGE('',*,*,#4683,.T.);
#6067=ORIENTED_EDGE('',*,*,#4684,.F.);
#6068=ORIENTED_EDGE('',*,*,#4681,.F.);
#6069=ORIENTED_EDGE('',*,*,#4685,.F.);
#6070=ORIENTED_EDGE('',*,*,#4686,.F.);
#6071=ORIENTED_EDGE('',*,*,#4671,.T.);
#6072=ORIENTED_EDGE('',*,*,#4687,.F.);
#6073=ORIENTED_EDGE('',*,*,#4665,.T.);
#6074=ORIENTED_EDGE('',*,*,#4688,.F.);
#6075=ORIENTED_EDGE('',*,*,#4689,.T.);
#6076=ORIENTED_EDGE('',*,*,#4690,.T.);
#6077=ORIENTED_EDGE('',*,*,#4691,.T.);
#6078=ORIENTED_EDGE('',*,*,#4692,.T.);
#6079=ORIENTED_EDGE('',*,*,#4683,.F.);
#6080=ORIENTED_EDGE('',*,*,#4693,.F.);
#6081=ORIENTED_EDGE('',*,*,#4694,.F.);
#6082=ORIENTED_EDGE('',*,*,#4695,.F.);
#6083=ORIENTED_EDGE('',*,*,#4696,.F.);
#6084=ORIENTED_EDGE('',*,*,#4697,.F.);
#6085=ORIENTED_EDGE('',*,*,#4698,.F.);
#6086=ORIENTED_EDGE('',*,*,#4699,.F.);
#6087=ORIENTED_EDGE('',*,*,#4700,.F.);
#6088=ORIENTED_EDGE('',*,*,#4701,.F.);
#6089=ORIENTED_EDGE('',*,*,#4690,.F.);
#6090=ORIENTED_EDGE('',*,*,#4702,.F.);
#6091=ORIENTED_EDGE('',*,*,#4703,.F.);
#6092=ORIENTED_EDGE('',*,*,#4704,.F.);
#6093=ORIENTED_EDGE('',*,*,#4705,.F.);
#6094=ORIENTED_EDGE('',*,*,#4706,.F.);
#6095=ORIENTED_EDGE('',*,*,#4707,.F.);
#6096=ORIENTED_EDGE('',*,*,#4708,.F.);
#6097=ORIENTED_EDGE('',*,*,#4709,.F.);
#6098=ORIENTED_EDGE('',*,*,#4710,.F.);
#6099=ORIENTED_EDGE('',*,*,#4711,.F.);
#6100=ORIENTED_EDGE('',*,*,#4712,.F.);
#6101=ORIENTED_EDGE('',*,*,#4713,.F.);
#6102=ORIENTED_EDGE('',*,*,#4714,.F.);
#6103=ORIENTED_EDGE('',*,*,#4715,.F.);
#6104=ORIENTED_EDGE('',*,*,#4716,.F.);
#6105=ORIENTED_EDGE('',*,*,#4717,.F.);
#6106=ORIENTED_EDGE('',*,*,#4718,.F.);
#6107=ORIENTED_EDGE('',*,*,#4719,.F.);
#6108=ORIENTED_EDGE('',*,*,#4720,.F.);
#6109=ORIENTED_EDGE('',*,*,#4721,.F.);
#6110=ORIENTED_EDGE('',*,*,#4722,.F.);
#6111=ORIENTED_EDGE('',*,*,#4723,.F.);
#6112=ORIENTED_EDGE('',*,*,#4724,.F.);
#6113=ORIENTED_EDGE('',*,*,#4725,.F.);
#6114=ORIENTED_EDGE('',*,*,#4726,.F.);
#6115=ORIENTED_EDGE('',*,*,#4727,.F.);
#6116=ORIENTED_EDGE('',*,*,#4728,.F.);
#6117=ORIENTED_EDGE('',*,*,#4729,.F.);
#6118=ORIENTED_EDGE('',*,*,#4730,.F.);
#6119=ORIENTED_EDGE('',*,*,#4731,.F.);
#6120=ORIENTED_EDGE('',*,*,#4732,.F.);
#6121=ORIENTED_EDGE('',*,*,#4733,.F.);
#6122=ORIENTED_EDGE('',*,*,#4734,.F.);
#6123=ORIENTED_EDGE('',*,*,#4735,.F.);
#6124=ORIENTED_EDGE('',*,*,#4736,.F.);
#6125=ORIENTED_EDGE('',*,*,#4737,.F.);
#6126=ORIENTED_EDGE('',*,*,#4738,.F.);
#6127=ORIENTED_EDGE('',*,*,#4739,.F.);
#6128=ORIENTED_EDGE('',*,*,#4740,.F.);
#6129=ORIENTED_EDGE('',*,*,#4741,.F.);
#6130=ORIENTED_EDGE('',*,*,#4742,.F.);
#6131=ORIENTED_EDGE('',*,*,#4743,.F.);
#6132=ORIENTED_EDGE('',*,*,#4744,.F.);
#6133=ORIENTED_EDGE('',*,*,#4745,.F.);
#6134=ORIENTED_EDGE('',*,*,#4746,.F.);
#6135=ORIENTED_EDGE('',*,*,#4747,.F.);
#6136=ORIENTED_EDGE('',*,*,#4748,.F.);
#6137=ORIENTED_EDGE('',*,*,#4749,.F.);
#6138=ORIENTED_EDGE('',*,*,#4750,.F.);
#6139=ORIENTED_EDGE('',*,*,#4751,.F.);
#6140=ORIENTED_EDGE('',*,*,#4752,.F.);
#6141=ORIENTED_EDGE('',*,*,#4753,.F.);
#6142=ORIENTED_EDGE('',*,*,#4754,.F.);
#6143=ORIENTED_EDGE('',*,*,#4755,.F.);
#6144=ORIENTED_EDGE('',*,*,#4756,.F.);
#6145=ORIENTED_EDGE('',*,*,#4757,.F.);
#6146=ORIENTED_EDGE('',*,*,#4758,.F.);
#6147=ORIENTED_EDGE('',*,*,#4759,.F.);
#6148=ORIENTED_EDGE('',*,*,#4760,.F.);
#6149=ORIENTED_EDGE('',*,*,#4761,.F.);
#6150=ORIENTED_EDGE('',*,*,#4762,.F.);
#6151=ORIENTED_EDGE('',*,*,#4763,.F.);
#6152=ORIENTED_EDGE('',*,*,#4764,.F.);
#6153=ORIENTED_EDGE('',*,*,#4765,.F.);
#6154=ORIENTED_EDGE('',*,*,#4766,.F.);
#6155=ORIENTED_EDGE('',*,*,#4767,.F.);
#6156=ORIENTED_EDGE('',*,*,#4768,.F.);
#6157=ORIENTED_EDGE('',*,*,#4769,.F.);
#6158=ORIENTED_EDGE('',*,*,#4770,.F.);
#6159=ORIENTED_EDGE('',*,*,#4771,.F.);
#6160=ORIENTED_EDGE('',*,*,#4772,.F.);
#6161=ORIENTED_EDGE('',*,*,#4773,.F.);
#6162=ORIENTED_EDGE('',*,*,#4774,.F.);
#6163=ORIENTED_EDGE('',*,*,#4775,.F.);
#6164=ORIENTED_EDGE('',*,*,#4776,.F.);
#6165=ORIENTED_EDGE('',*,*,#4777,.F.);
#6166=ORIENTED_EDGE('',*,*,#4778,.F.);
#6167=ORIENTED_EDGE('',*,*,#4779,.F.);
#6168=ORIENTED_EDGE('',*,*,#4780,.F.);
#6169=ORIENTED_EDGE('',*,*,#4781,.F.);
#6170=ORIENTED_EDGE('',*,*,#4782,.F.);
#6171=ORIENTED_EDGE('',*,*,#4783,.F.);
#6172=ORIENTED_EDGE('',*,*,#4784,.F.);
#6173=ORIENTED_EDGE('',*,*,#4785,.F.);
#6174=ORIENTED_EDGE('',*,*,#4786,.F.);
#6175=ORIENTED_EDGE('',*,*,#4787,.F.);
#6176=ORIENTED_EDGE('',*,*,#4788,.F.);
#6177=ORIENTED_EDGE('',*,*,#4789,.F.);
#6178=ORIENTED_EDGE('',*,*,#4790,.F.);
#6179=ORIENTED_EDGE('',*,*,#4791,.F.);
#6180=ORIENTED_EDGE('',*,*,#4792,.F.);
#6181=ORIENTED_EDGE('',*,*,#4793,.F.);
#6182=ORIENTED_EDGE('',*,*,#4794,.F.);
#6183=ORIENTED_EDGE('',*,*,#4795,.F.);
#6184=ORIENTED_EDGE('',*,*,#4796,.F.);
#6185=ORIENTED_EDGE('',*,*,#4797,.F.);
#6186=ORIENTED_EDGE('',*,*,#4798,.F.);
#6187=ORIENTED_EDGE('',*,*,#4799,.F.);
#6188=ORIENTED_EDGE('',*,*,#4800,.F.);
#6189=ORIENTED_EDGE('',*,*,#4801,.F.);
#6190=ORIENTED_EDGE('',*,*,#4802,.F.);
#6191=ORIENTED_EDGE('',*,*,#4803,.F.);
#6192=ORIENTED_EDGE('',*,*,#4804,.F.);
#6193=ORIENTED_EDGE('',*,*,#4805,.F.);
#6194=ORIENTED_EDGE('',*,*,#4806,.F.);
#6195=ORIENTED_EDGE('',*,*,#4807,.F.);
#6196=ORIENTED_EDGE('',*,*,#4808,.F.);
#6197=ORIENTED_EDGE('',*,*,#4809,.F.);
#6198=ORIENTED_EDGE('',*,*,#4810,.F.);
#6199=ORIENTED_EDGE('',*,*,#4811,.F.);
#6200=ORIENTED_EDGE('',*,*,#4812,.F.);
#6201=ORIENTED_EDGE('',*,*,#4813,.T.);
#6202=ORIENTED_EDGE('',*,*,#4700,.T.);
#6203=ORIENTED_EDGE('',*,*,#4814,.T.);
#6204=ORIENTED_EDGE('',*,*,#4815,.T.);
#6205=ORIENTED_EDGE('',*,*,#4816,.T.);
#6206=ORIENTED_EDGE('',*,*,#4817,.T.);
#6207=ORIENTED_EDGE('',*,*,#4818,.T.);
#6208=ORIENTED_EDGE('',*,*,#4698,.T.);
#6209=ORIENTED_EDGE('',*,*,#4819,.F.);
#6210=ORIENTED_EDGE('',*,*,#4817,.F.);
#6211=ORIENTED_EDGE('',*,*,#4820,.F.);
#6212=ORIENTED_EDGE('',*,*,#4821,.F.);
#6213=ORIENTED_EDGE('',*,*,#4651,.T.);
#6214=ORIENTED_EDGE('',*,*,#4822,.F.);
#6215=ORIENTED_EDGE('',*,*,#4642,.T.);
#6216=ORIENTED_EDGE('',*,*,#4823,.F.);
#6217=ORIENTED_EDGE('',*,*,#4824,.T.);
#6218=ORIENTED_EDGE('',*,*,#4825,.T.);
#6219=ORIENTED_EDGE('',*,*,#4826,.T.);
#6220=ORIENTED_EDGE('',*,*,#4696,.T.);
#6221=ORIENTED_EDGE('',*,*,#4827,.F.);
#6222=ORIENTED_EDGE('',*,*,#4825,.F.);
#6223=ORIENTED_EDGE('',*,*,#4828,.F.);
#6224=ORIENTED_EDGE('',*,*,#4829,.F.);
#6225=ORIENTED_EDGE('',*,*,#4661,.T.);
#6226=ORIENTED_EDGE('',*,*,#4830,.F.);
#6227=ORIENTED_EDGE('',*,*,#4653,.T.);
#6228=ORIENTED_EDGE('',*,*,#4831,.F.);
#6229=ORIENTED_EDGE('',*,*,#4832,.T.);
#6230=ORIENTED_EDGE('',*,*,#4805,.T.);
#6231=ORIENTED_EDGE('',*,*,#4833,.T.);
#6232=ORIENTED_EDGE('',*,*,#4834,.T.);
#6233=ORIENTED_EDGE('',*,*,#4835,.T.);
#6234=ORIENTED_EDGE('',*,*,#4806,.T.);
#6235=ORIENTED_EDGE('',*,*,#4832,.F.);
#6236=ORIENTED_EDGE('',*,*,#4836,.T.);
#6237=ORIENTED_EDGE('',*,*,#4835,.F.);
#6238=ORIENTED_EDGE('',*,*,#4837,.T.);
#6239=ORIENTED_EDGE('',*,*,#4838,.T.);
#6240=ORIENTED_EDGE('',*,*,#4807,.T.);
#6241=ORIENTED_EDGE('',*,*,#4839,.T.);
#6242=ORIENTED_EDGE('',*,*,#4808,.T.);
#6243=ORIENTED_EDGE('',*,*,#4838,.F.);
#6244=ORIENTED_EDGE('',*,*,#4840,.T.);
#6245=ORIENTED_EDGE('',*,*,#4839,.F.);
#6246=ORIENTED_EDGE('',*,*,#4841,.T.);
#6247=ORIENTED_EDGE('',*,*,#4842,.T.);
#6248=ORIENTED_EDGE('',*,*,#4809,.T.);
#6249=ORIENTED_EDGE('',*,*,#4842,.F.);
#6250=ORIENTED_EDGE('',*,*,#4843,.T.);
#6251=ORIENTED_EDGE('',*,*,#4844,.T.);
#6252=ORIENTED_EDGE('',*,*,#4810,.T.);
#6253=ORIENTED_EDGE('',*,*,#4844,.F.);
#6254=ORIENTED_EDGE('',*,*,#4845,.T.);
#6255=ORIENTED_EDGE('',*,*,#4846,.T.);
#6256=ORIENTED_EDGE('',*,*,#4811,.T.);
#6257=ORIENTED_EDGE('',*,*,#4846,.F.);
#6258=ORIENTED_EDGE('',*,*,#4847,.T.);
#6259=ORIENTED_EDGE('',*,*,#4833,.F.);
#6260=ORIENTED_EDGE('',*,*,#4812,.T.);
#6261=ORIENTED_EDGE('',*,*,#4840,.F.);
#6262=ORIENTED_EDGE('',*,*,#4848,.F.);
#6263=ORIENTED_EDGE('',*,*,#4849,.F.);
#6264=ORIENTED_EDGE('',*,*,#4850,.F.);
#6265=ORIENTED_EDGE('',*,*,#4837,.F.);
#6266=ORIENTED_EDGE('',*,*,#4851,.T.);
#6267=ORIENTED_EDGE('',*,*,#4852,.F.);
#6268=ORIENTED_EDGE('',*,*,#4848,.T.);
#6269=ORIENTED_EDGE('',*,*,#4836,.F.);
#6270=ORIENTED_EDGE('',*,*,#4853,.F.);
#6271=ORIENTED_EDGE('',*,*,#4854,.F.);
#6272=ORIENTED_EDGE('',*,*,#4851,.F.);
#6273=ORIENTED_EDGE('',*,*,#4834,.F.);
#6274=ORIENTED_EDGE('',*,*,#4855,.T.);
#6275=ORIENTED_EDGE('',*,*,#4856,.F.);
#6276=ORIENTED_EDGE('',*,*,#4853,.T.);
#6277=ORIENTED_EDGE('',*,*,#4857,.T.);
#6278=ORIENTED_EDGE('',*,*,#4703,.T.);
#6279=ORIENTED_EDGE('',*,*,#4858,.T.);
#6280=ORIENTED_EDGE('',*,*,#4859,.T.);
#6281=ORIENTED_EDGE('',*,*,#4857,.F.);
#6282=ORIENTED_EDGE('',*,*,#4860,.T.);
#6283=ORIENTED_EDGE('',*,*,#4861,.T.);
#6284=ORIENTED_EDGE('',*,*,#4704,.T.);
#6285=ORIENTED_EDGE('',*,*,#4862,.T.);
#6286=ORIENTED_EDGE('',*,*,#4705,.T.);
#6287=ORIENTED_EDGE('',*,*,#4861,.F.);
#6288=ORIENTED_EDGE('',*,*,#4863,.T.);
#6289=ORIENTED_EDGE('',*,*,#4862,.F.);
#6290=ORIENTED_EDGE('',*,*,#4864,.T.);
#6291=ORIENTED_EDGE('',*,*,#4865,.T.);
#6292=ORIENTED_EDGE('',*,*,#4706,.T.);
#6293=ORIENTED_EDGE('',*,*,#4865,.F.);
#6294=ORIENTED_EDGE('',*,*,#4866,.T.);
#6295=ORIENTED_EDGE('',*,*,#4867,.T.);
#6296=ORIENTED_EDGE('',*,*,#4707,.T.);
#6297=ORIENTED_EDGE('',*,*,#4867,.F.);
#6298=ORIENTED_EDGE('',*,*,#4868,.T.);
#6299=ORIENTED_EDGE('',*,*,#4869,.T.);
#6300=ORIENTED_EDGE('',*,*,#4708,.T.);
#6301=ORIENTED_EDGE('',*,*,#4869,.F.);
#6302=ORIENTED_EDGE('',*,*,#4870,.T.);
#6303=ORIENTED_EDGE('',*,*,#4871,.T.);
#6304=ORIENTED_EDGE('',*,*,#4709,.T.);
#6305=ORIENTED_EDGE('',*,*,#4858,.F.);
#6306=ORIENTED_EDGE('',*,*,#4710,.T.);
#6307=ORIENTED_EDGE('',*,*,#4871,.F.);
#6308=ORIENTED_EDGE('',*,*,#4872,.T.);
#6309=ORIENTED_EDGE('',*,*,#4864,.F.);
#6310=ORIENTED_EDGE('',*,*,#4873,.T.);
#6311=ORIENTED_EDGE('',*,*,#4874,.F.);
#6312=ORIENTED_EDGE('',*,*,#4875,.T.);
#6313=ORIENTED_EDGE('',*,*,#4863,.F.);
#6314=ORIENTED_EDGE('',*,*,#4876,.F.);
#6315=ORIENTED_EDGE('',*,*,#4877,.F.);
#6316=ORIENTED_EDGE('',*,*,#4873,.F.);
#6317=ORIENTED_EDGE('',*,*,#4860,.F.);
#6318=ORIENTED_EDGE('',*,*,#4878,.T.);
#6319=ORIENTED_EDGE('',*,*,#4879,.F.);
#6320=ORIENTED_EDGE('',*,*,#4876,.T.);
#6321=ORIENTED_EDGE('',*,*,#4859,.F.);
#6322=ORIENTED_EDGE('',*,*,#4880,.F.);
#6323=ORIENTED_EDGE('',*,*,#4881,.F.);
#6324=ORIENTED_EDGE('',*,*,#4878,.F.);
#6325=ORIENTED_EDGE('',*,*,#4882,.T.);
#6326=ORIENTED_EDGE('',*,*,#4795,.T.);
#6327=ORIENTED_EDGE('',*,*,#4883,.T.);
#6328=ORIENTED_EDGE('',*,*,#4884,.T.);
#6329=ORIENTED_EDGE('',*,*,#4882,.F.);
#6330=ORIENTED_EDGE('',*,*,#4885,.T.);
#6331=ORIENTED_EDGE('',*,*,#4886,.T.);
#6332=ORIENTED_EDGE('',*,*,#4796,.T.);
#6333=ORIENTED_EDGE('',*,*,#4886,.F.);
#6334=ORIENTED_EDGE('',*,*,#4887,.T.);
#6335=ORIENTED_EDGE('',*,*,#4888,.T.);
#6336=ORIENTED_EDGE('',*,*,#4797,.T.);
#6337=ORIENTED_EDGE('',*,*,#4888,.F.);
#6338=ORIENTED_EDGE('',*,*,#4889,.T.);
#6339=ORIENTED_EDGE('',*,*,#4890,.T.);
#6340=ORIENTED_EDGE('',*,*,#4798,.T.);
#6341=ORIENTED_EDGE('',*,*,#4891,.T.);
#6342=ORIENTED_EDGE('',*,*,#4799,.T.);
#6343=ORIENTED_EDGE('',*,*,#4890,.F.);
#6344=ORIENTED_EDGE('',*,*,#4892,.T.);
#6345=ORIENTED_EDGE('',*,*,#4891,.F.);
#6346=ORIENTED_EDGE('',*,*,#4893,.T.);
#6347=ORIENTED_EDGE('',*,*,#4894,.T.);
#6348=ORIENTED_EDGE('',*,*,#4800,.T.);
#6349=ORIENTED_EDGE('',*,*,#4894,.F.);
#6350=ORIENTED_EDGE('',*,*,#4895,.T.);
#6351=ORIENTED_EDGE('',*,*,#4896,.T.);
#6352=ORIENTED_EDGE('',*,*,#4801,.T.);
#6353=ORIENTED_EDGE('',*,*,#4896,.F.);
#6354=ORIENTED_EDGE('',*,*,#4897,.T.);
#6355=ORIENTED_EDGE('',*,*,#4898,.T.);
#6356=ORIENTED_EDGE('',*,*,#4802,.T.);
#6357=ORIENTED_EDGE('',*,*,#4899,.T.);
#6358=ORIENTED_EDGE('',*,*,#4803,.T.);
#6359=ORIENTED_EDGE('',*,*,#4898,.F.);
#6360=ORIENTED_EDGE('',*,*,#4900,.T.);
#6361=ORIENTED_EDGE('',*,*,#4883,.F.);
#6362=ORIENTED_EDGE('',*,*,#4804,.T.);
#6363=ORIENTED_EDGE('',*,*,#4899,.F.);
#6364=ORIENTED_EDGE('',*,*,#4901,.T.);
#6365=ORIENTED_EDGE('',*,*,#4892,.F.);
#6366=ORIENTED_EDGE('',*,*,#4902,.F.);
#6367=ORIENTED_EDGE('',*,*,#4903,.F.);
#6368=ORIENTED_EDGE('',*,*,#4904,.F.);
#6369=ORIENTED_EDGE('',*,*,#4889,.F.);
#6370=ORIENTED_EDGE('',*,*,#4905,.T.);
#6371=ORIENTED_EDGE('',*,*,#4906,.F.);
#6372=ORIENTED_EDGE('',*,*,#4902,.T.);
#6373=ORIENTED_EDGE('',*,*,#4887,.F.);
#6374=ORIENTED_EDGE('',*,*,#4907,.F.);
#6375=ORIENTED_EDGE('',*,*,#4908,.F.);
#6376=ORIENTED_EDGE('',*,*,#4905,.F.);
#6377=ORIENTED_EDGE('',*,*,#4885,.F.);
#6378=ORIENTED_EDGE('',*,*,#4909,.T.);
#6379=ORIENTED_EDGE('',*,*,#4910,.F.);
#6380=ORIENTED_EDGE('',*,*,#4907,.T.);
#6381=ORIENTED_EDGE('',*,*,#4884,.F.);
#6382=ORIENTED_EDGE('',*,*,#4911,.F.);
#6383=ORIENTED_EDGE('',*,*,#4912,.F.);
#6384=ORIENTED_EDGE('',*,*,#4909,.F.);
#6385=ORIENTED_EDGE('',*,*,#4913,.T.);
#6386=ORIENTED_EDGE('',*,*,#4711,.T.);
#6387=ORIENTED_EDGE('',*,*,#4914,.T.);
#6388=ORIENTED_EDGE('',*,*,#4915,.T.);
#6389=ORIENTED_EDGE('',*,*,#4913,.F.);
#6390=ORIENTED_EDGE('',*,*,#4916,.T.);
#6391=ORIENTED_EDGE('',*,*,#4917,.T.);
#6392=ORIENTED_EDGE('',*,*,#4712,.T.);
#6393=ORIENTED_EDGE('',*,*,#4917,.F.);
#6394=ORIENTED_EDGE('',*,*,#4918,.T.);
#6395=ORIENTED_EDGE('',*,*,#4919,.T.);
#6396=ORIENTED_EDGE('',*,*,#4713,.T.);
#6397=ORIENTED_EDGE('',*,*,#4919,.F.);
#6398=ORIENTED_EDGE('',*,*,#4920,.T.);
#6399=ORIENTED_EDGE('',*,*,#4921,.T.);
#6400=ORIENTED_EDGE('',*,*,#4714,.T.);
#6401=ORIENTED_EDGE('',*,*,#4922,.T.);
#6402=ORIENTED_EDGE('',*,*,#4715,.T.);
#6403=ORIENTED_EDGE('',*,*,#4921,.F.);
#6404=ORIENTED_EDGE('',*,*,#4923,.T.);
#6405=ORIENTED_EDGE('',*,*,#4922,.F.);
#6406=ORIENTED_EDGE('',*,*,#4924,.T.);
#6407=ORIENTED_EDGE('',*,*,#4925,.T.);
#6408=ORIENTED_EDGE('',*,*,#4716,.T.);
#6409=ORIENTED_EDGE('',*,*,#4926,.T.);
#6410=ORIENTED_EDGE('',*,*,#4717,.T.);
#6411=ORIENTED_EDGE('',*,*,#4925,.F.);
#6412=ORIENTED_EDGE('',*,*,#4927,.T.);
#6413=ORIENTED_EDGE('',*,*,#4926,.F.);
#6414=ORIENTED_EDGE('',*,*,#4928,.T.);
#6415=ORIENTED_EDGE('',*,*,#4929,.T.);
#6416=ORIENTED_EDGE('',*,*,#4718,.T.);
#6417=ORIENTED_EDGE('',*,*,#4930,.T.);
#6418=ORIENTED_EDGE('',*,*,#4719,.T.);
#6419=ORIENTED_EDGE('',*,*,#4929,.F.);
#6420=ORIENTED_EDGE('',*,*,#4931,.T.);
#6421=ORIENTED_EDGE('',*,*,#4914,.F.);
#6422=ORIENTED_EDGE('',*,*,#4720,.T.);
#6423=ORIENTED_EDGE('',*,*,#4930,.F.);
#6424=ORIENTED_EDGE('',*,*,#4932,.T.);
#6425=ORIENTED_EDGE('',*,*,#4923,.F.);
#6426=ORIENTED_EDGE('',*,*,#4933,.F.);
#6427=ORIENTED_EDGE('',*,*,#4934,.F.);
#6428=ORIENTED_EDGE('',*,*,#4935,.F.);
#6429=ORIENTED_EDGE('',*,*,#4920,.F.);
#6430=ORIENTED_EDGE('',*,*,#4936,.T.);
#6431=ORIENTED_EDGE('',*,*,#4937,.F.);
#6432=ORIENTED_EDGE('',*,*,#4933,.T.);
#6433=ORIENTED_EDGE('',*,*,#4918,.F.);
#6434=ORIENTED_EDGE('',*,*,#4938,.F.);
#6435=ORIENTED_EDGE('',*,*,#4939,.F.);
#6436=ORIENTED_EDGE('',*,*,#4936,.F.);
#6437=ORIENTED_EDGE('',*,*,#4916,.F.);
#6438=ORIENTED_EDGE('',*,*,#4940,.T.);
#6439=ORIENTED_EDGE('',*,*,#4941,.F.);
#6440=ORIENTED_EDGE('',*,*,#4938,.T.);
#6441=ORIENTED_EDGE('',*,*,#4915,.F.);
#6442=ORIENTED_EDGE('',*,*,#4942,.F.);
#6443=ORIENTED_EDGE('',*,*,#4943,.F.);
#6444=ORIENTED_EDGE('',*,*,#4940,.F.);
#6445=ORIENTED_EDGE('',*,*,#4944,.T.);
#6446=ORIENTED_EDGE('',*,*,#4945,.T.);
#6447=ORIENTED_EDGE('',*,*,#4946,.T.);
#6448=ORIENTED_EDGE('',*,*,#4787,.T.);
#6449=ORIENTED_EDGE('',*,*,#4944,.F.);
#6450=ORIENTED_EDGE('',*,*,#4794,.T.);
#6451=ORIENTED_EDGE('',*,*,#4947,.T.);
#6452=ORIENTED_EDGE('',*,*,#4948,.T.);
#6453=ORIENTED_EDGE('',*,*,#4949,.T.);
#6454=ORIENTED_EDGE('',*,*,#4950,.T.);
#6455=ORIENTED_EDGE('',*,*,#4947,.F.);
#6456=ORIENTED_EDGE('',*,*,#4793,.T.);
#6457=ORIENTED_EDGE('',*,*,#4951,.T.);
#6458=ORIENTED_EDGE('',*,*,#4952,.T.);
#6459=ORIENTED_EDGE('',*,*,#4949,.F.);
#6460=ORIENTED_EDGE('',*,*,#4792,.T.);
#6461=ORIENTED_EDGE('',*,*,#4953,.T.);
#6462=ORIENTED_EDGE('',*,*,#4954,.T.);
#6463=ORIENTED_EDGE('',*,*,#4951,.F.);
#6464=ORIENTED_EDGE('',*,*,#4791,.T.);
#6465=ORIENTED_EDGE('',*,*,#4955,.T.);
#6466=ORIENTED_EDGE('',*,*,#4956,.T.);
#6467=ORIENTED_EDGE('',*,*,#4953,.F.);
#6468=ORIENTED_EDGE('',*,*,#4790,.T.);
#6469=ORIENTED_EDGE('',*,*,#4957,.T.);
#6470=ORIENTED_EDGE('',*,*,#4958,.T.);
#6471=ORIENTED_EDGE('',*,*,#4955,.F.);
#6472=ORIENTED_EDGE('',*,*,#4789,.T.);
#6473=ORIENTED_EDGE('',*,*,#4946,.F.);
#6474=ORIENTED_EDGE('',*,*,#4959,.T.);
#6475=ORIENTED_EDGE('',*,*,#4957,.F.);
#6476=ORIENTED_EDGE('',*,*,#4788,.T.);
#6477=ORIENTED_EDGE('',*,*,#4956,.F.);
#6478=ORIENTED_EDGE('',*,*,#4960,.F.);
#6479=ORIENTED_EDGE('',*,*,#4961,.F.);
#6480=ORIENTED_EDGE('',*,*,#4962,.F.);
#6481=ORIENTED_EDGE('',*,*,#4958,.F.);
#6482=ORIENTED_EDGE('',*,*,#4963,.T.);
#6483=ORIENTED_EDGE('',*,*,#4964,.F.);
#6484=ORIENTED_EDGE('',*,*,#4960,.T.);
#6485=ORIENTED_EDGE('',*,*,#4959,.F.);
#6486=ORIENTED_EDGE('',*,*,#4965,.F.);
#6487=ORIENTED_EDGE('',*,*,#4966,.F.);
#6488=ORIENTED_EDGE('',*,*,#4963,.F.);
#6489=ORIENTED_EDGE('',*,*,#4945,.F.);
#6490=ORIENTED_EDGE('',*,*,#4967,.T.);
#6491=ORIENTED_EDGE('',*,*,#4968,.F.);
#6492=ORIENTED_EDGE('',*,*,#4965,.T.);
#6493=ORIENTED_EDGE('',*,*,#4969,.T.);
#6494=ORIENTED_EDGE('',*,*,#4970,.T.);
#6495=ORIENTED_EDGE('',*,*,#4971,.T.);
#6496=ORIENTED_EDGE('',*,*,#4721,.T.);
#6497=ORIENTED_EDGE('',*,*,#4969,.F.);
#6498=ORIENTED_EDGE('',*,*,#4726,.T.);
#6499=ORIENTED_EDGE('',*,*,#4972,.T.);
#6500=ORIENTED_EDGE('',*,*,#4973,.T.);
#6501=ORIENTED_EDGE('',*,*,#4972,.F.);
#6502=ORIENTED_EDGE('',*,*,#4725,.T.);
#6503=ORIENTED_EDGE('',*,*,#4974,.T.);
#6504=ORIENTED_EDGE('',*,*,#4975,.T.);
#6505=ORIENTED_EDGE('',*,*,#4974,.F.);
#6506=ORIENTED_EDGE('',*,*,#4724,.T.);
#6507=ORIENTED_EDGE('',*,*,#4976,.T.);
#6508=ORIENTED_EDGE('',*,*,#4977,.T.);
#6509=ORIENTED_EDGE('',*,*,#4978,.T.);
#6510=ORIENTED_EDGE('',*,*,#4979,.T.);
#6511=ORIENTED_EDGE('',*,*,#4976,.F.);
#6512=ORIENTED_EDGE('',*,*,#4723,.T.);
#6513=ORIENTED_EDGE('',*,*,#4978,.F.);
#6514=ORIENTED_EDGE('',*,*,#4722,.T.);
#6515=ORIENTED_EDGE('',*,*,#4971,.F.);
#6516=ORIENTED_EDGE('',*,*,#4980,.T.);
#6517=ORIENTED_EDGE('',*,*,#4979,.F.);
#6518=ORIENTED_EDGE('',*,*,#4981,.T.);
#6519=ORIENTED_EDGE('',*,*,#4982,.F.);
#6520=ORIENTED_EDGE('',*,*,#4983,.T.);
#6521=ORIENTED_EDGE('',*,*,#4980,.F.);
#6522=ORIENTED_EDGE('',*,*,#4984,.F.);
#6523=ORIENTED_EDGE('',*,*,#4985,.F.);
#6524=ORIENTED_EDGE('',*,*,#4981,.F.);
#6525=ORIENTED_EDGE('',*,*,#4970,.F.);
#6526=ORIENTED_EDGE('',*,*,#4986,.T.);
#6527=ORIENTED_EDGE('',*,*,#4987,.F.);
#6528=ORIENTED_EDGE('',*,*,#4984,.T.);
#6529=ORIENTED_EDGE('',*,*,#4988,.T.);
#6530=ORIENTED_EDGE('',*,*,#4781,.T.);
#6531=ORIENTED_EDGE('',*,*,#4989,.T.);
#6532=ORIENTED_EDGE('',*,*,#4990,.T.);
#6533=ORIENTED_EDGE('',*,*,#4988,.F.);
#6534=ORIENTED_EDGE('',*,*,#4991,.T.);
#6535=ORIENTED_EDGE('',*,*,#4992,.T.);
#6536=ORIENTED_EDGE('',*,*,#4782,.T.);
#6537=ORIENTED_EDGE('',*,*,#4992,.F.);
#6538=ORIENTED_EDGE('',*,*,#4993,.T.);
#6539=ORIENTED_EDGE('',*,*,#4994,.T.);
#6540=ORIENTED_EDGE('',*,*,#4783,.T.);
#6541=ORIENTED_EDGE('',*,*,#4994,.F.);
#6542=ORIENTED_EDGE('',*,*,#4995,.T.);
#6543=ORIENTED_EDGE('',*,*,#4996,.T.);
#6544=ORIENTED_EDGE('',*,*,#4784,.T.);
#6545=ORIENTED_EDGE('',*,*,#4996,.F.);
#6546=ORIENTED_EDGE('',*,*,#4997,.T.);
#6547=ORIENTED_EDGE('',*,*,#4998,.T.);
#6548=ORIENTED_EDGE('',*,*,#4785,.T.);
#6549=ORIENTED_EDGE('',*,*,#4989,.F.);
#6550=ORIENTED_EDGE('',*,*,#4786,.T.);
#6551=ORIENTED_EDGE('',*,*,#4998,.F.);
#6552=ORIENTED_EDGE('',*,*,#4999,.T.);
#6553=ORIENTED_EDGE('',*,*,#4993,.F.);
#6554=ORIENTED_EDGE('',*,*,#5000,.F.);
#6555=ORIENTED_EDGE('',*,*,#5001,.F.);
#6556=ORIENTED_EDGE('',*,*,#5002,.F.);
#6557=ORIENTED_EDGE('',*,*,#4991,.F.);
#6558=ORIENTED_EDGE('',*,*,#5003,.T.);
#6559=ORIENTED_EDGE('',*,*,#5004,.F.);
#6560=ORIENTED_EDGE('',*,*,#5000,.T.);
#6561=ORIENTED_EDGE('',*,*,#4990,.F.);
#6562=ORIENTED_EDGE('',*,*,#5005,.F.);
#6563=ORIENTED_EDGE('',*,*,#5006,.F.);
#6564=ORIENTED_EDGE('',*,*,#5003,.F.);
#6565=ORIENTED_EDGE('',*,*,#5007,.T.);
#6566=ORIENTED_EDGE('',*,*,#5008,.T.);
#6567=ORIENTED_EDGE('',*,*,#4727,.T.);
#6568=ORIENTED_EDGE('',*,*,#5009,.T.);
#6569=ORIENTED_EDGE('',*,*,#4732,.T.);
#6570=ORIENTED_EDGE('',*,*,#5010,.T.);
#6571=ORIENTED_EDGE('',*,*,#5011,.T.);
#6572=ORIENTED_EDGE('',*,*,#5009,.F.);
#6573=ORIENTED_EDGE('',*,*,#5010,.F.);
#6574=ORIENTED_EDGE('',*,*,#4731,.T.);
#6575=ORIENTED_EDGE('',*,*,#5012,.T.);
#6576=ORIENTED_EDGE('',*,*,#5013,.T.);
#6577=ORIENTED_EDGE('',*,*,#5014,.T.);
#6578=ORIENTED_EDGE('',*,*,#5012,.F.);
#6579=ORIENTED_EDGE('',*,*,#4730,.T.);
#6580=ORIENTED_EDGE('',*,*,#5015,.T.);
#6581=ORIENTED_EDGE('',*,*,#5008,.F.);
#6582=ORIENTED_EDGE('',*,*,#5016,.T.);
#6583=ORIENTED_EDGE('',*,*,#5017,.T.);
#6584=ORIENTED_EDGE('',*,*,#4728,.T.);
#6585=ORIENTED_EDGE('',*,*,#4729,.T.);
#6586=ORIENTED_EDGE('',*,*,#5017,.F.);
#6587=ORIENTED_EDGE('',*,*,#5018,.T.);
#6588=ORIENTED_EDGE('',*,*,#5015,.F.);
#6589=ORIENTED_EDGE('',*,*,#5018,.F.);
#6590=ORIENTED_EDGE('',*,*,#5019,.T.);
#6591=ORIENTED_EDGE('',*,*,#5020,.F.);
#6592=ORIENTED_EDGE('',*,*,#5021,.F.);
#6593=ORIENTED_EDGE('',*,*,#5016,.F.);
#6594=ORIENTED_EDGE('',*,*,#5022,.F.);
#6595=ORIENTED_EDGE('',*,*,#5023,.F.);
#6596=ORIENTED_EDGE('',*,*,#5019,.F.);
#6597=ORIENTED_EDGE('',*,*,#5007,.F.);
#6598=ORIENTED_EDGE('',*,*,#5024,.F.);
#6599=ORIENTED_EDGE('',*,*,#5025,.F.);
#6600=ORIENTED_EDGE('',*,*,#5022,.T.);
#6601=ORIENTED_EDGE('',*,*,#5026,.T.);
#6602=ORIENTED_EDGE('',*,*,#4773,.T.);
#6603=ORIENTED_EDGE('',*,*,#5027,.T.);
#6604=ORIENTED_EDGE('',*,*,#5028,.T.);
#6605=ORIENTED_EDGE('',*,*,#5026,.F.);
#6606=ORIENTED_EDGE('',*,*,#5029,.T.);
#6607=ORIENTED_EDGE('',*,*,#5030,.T.);
#6608=ORIENTED_EDGE('',*,*,#4774,.T.);
#6609=ORIENTED_EDGE('',*,*,#5030,.F.);
#6610=ORIENTED_EDGE('',*,*,#5031,.T.);
#6611=ORIENTED_EDGE('',*,*,#5032,.T.);
#6612=ORIENTED_EDGE('',*,*,#4775,.T.);
#6613=ORIENTED_EDGE('',*,*,#5032,.F.);
#6614=ORIENTED_EDGE('',*,*,#5033,.T.);
#6615=ORIENTED_EDGE('',*,*,#5034,.T.);
#6616=ORIENTED_EDGE('',*,*,#4776,.T.);
#6617=ORIENTED_EDGE('',*,*,#5035,.T.);
#6618=ORIENTED_EDGE('',*,*,#4777,.T.);
#6619=ORIENTED_EDGE('',*,*,#5034,.F.);
#6620=ORIENTED_EDGE('',*,*,#5036,.T.);
#6621=ORIENTED_EDGE('',*,*,#5035,.F.);
#6622=ORIENTED_EDGE('',*,*,#5037,.T.);
#6623=ORIENTED_EDGE('',*,*,#5038,.T.);
#6624=ORIENTED_EDGE('',*,*,#4778,.T.);
#6625=ORIENTED_EDGE('',*,*,#5038,.F.);
#6626=ORIENTED_EDGE('',*,*,#5039,.T.);
#6627=ORIENTED_EDGE('',*,*,#5040,.T.);
#6628=ORIENTED_EDGE('',*,*,#4779,.T.);
#6629=ORIENTED_EDGE('',*,*,#5040,.F.);
#6630=ORIENTED_EDGE('',*,*,#5041,.T.);
#6631=ORIENTED_EDGE('',*,*,#5027,.F.);
#6632=ORIENTED_EDGE('',*,*,#4780,.T.);
#6633=ORIENTED_EDGE('',*,*,#5033,.F.);
#6634=ORIENTED_EDGE('',*,*,#5042,.T.);
#6635=ORIENTED_EDGE('',*,*,#5043,.F.);
#6636=ORIENTED_EDGE('',*,*,#5044,.T.);
#6637=ORIENTED_EDGE('',*,*,#5031,.F.);
#6638=ORIENTED_EDGE('',*,*,#5045,.F.);
#6639=ORIENTED_EDGE('',*,*,#5046,.F.);
#6640=ORIENTED_EDGE('',*,*,#5042,.F.);
#6641=ORIENTED_EDGE('',*,*,#5029,.F.);
#6642=ORIENTED_EDGE('',*,*,#5047,.T.);
#6643=ORIENTED_EDGE('',*,*,#5048,.F.);
#6644=ORIENTED_EDGE('',*,*,#5045,.T.);
#6645=ORIENTED_EDGE('',*,*,#5028,.F.);
#6646=ORIENTED_EDGE('',*,*,#5049,.F.);
#6647=ORIENTED_EDGE('',*,*,#5050,.F.);
#6648=ORIENTED_EDGE('',*,*,#5047,.F.);
#6649=ORIENTED_EDGE('',*,*,#5051,.T.);
#6650=ORIENTED_EDGE('',*,*,#4733,.T.);
#6651=ORIENTED_EDGE('',*,*,#5052,.T.);
#6652=ORIENTED_EDGE('',*,*,#5053,.T.);
#6653=ORIENTED_EDGE('',*,*,#5051,.F.);
#6654=ORIENTED_EDGE('',*,*,#5054,.T.);
#6655=ORIENTED_EDGE('',*,*,#5055,.T.);
#6656=ORIENTED_EDGE('',*,*,#4734,.T.);
#6657=ORIENTED_EDGE('',*,*,#5056,.T.);
#6658=ORIENTED_EDGE('',*,*,#4735,.T.);
#6659=ORIENTED_EDGE('',*,*,#5055,.F.);
#6660=ORIENTED_EDGE('',*,*,#5057,.T.);
#6661=ORIENTED_EDGE('',*,*,#5056,.F.);
#6662=ORIENTED_EDGE('',*,*,#5058,.T.);
#6663=ORIENTED_EDGE('',*,*,#5059,.T.);
#6664=ORIENTED_EDGE('',*,*,#4736,.T.);
#6665=ORIENTED_EDGE('',*,*,#5059,.F.);
#6666=ORIENTED_EDGE('',*,*,#5060,.T.);
#6667=ORIENTED_EDGE('',*,*,#5061,.T.);
#6668=ORIENTED_EDGE('',*,*,#4737,.T.);
#6669=ORIENTED_EDGE('',*,*,#5061,.F.);
#6670=ORIENTED_EDGE('',*,*,#5062,.T.);
#6671=ORIENTED_EDGE('',*,*,#5052,.F.);
#6672=ORIENTED_EDGE('',*,*,#4738,.T.);
#6673=ORIENTED_EDGE('',*,*,#5057,.F.);
#6674=ORIENTED_EDGE('',*,*,#5063,.F.);
#6675=ORIENTED_EDGE('',*,*,#5064,.F.);
#6676=ORIENTED_EDGE('',*,*,#5065,.F.);
#6677=ORIENTED_EDGE('',*,*,#5054,.F.);
#6678=ORIENTED_EDGE('',*,*,#5066,.T.);
#6679=ORIENTED_EDGE('',*,*,#5067,.F.);
#6680=ORIENTED_EDGE('',*,*,#5063,.T.);
#6681=ORIENTED_EDGE('',*,*,#5053,.F.);
#6682=ORIENTED_EDGE('',*,*,#5068,.F.);
#6683=ORIENTED_EDGE('',*,*,#5069,.F.);
#6684=ORIENTED_EDGE('',*,*,#5066,.F.);
#6685=ORIENTED_EDGE('',*,*,#5070,.T.);
#6686=ORIENTED_EDGE('',*,*,#4767,.T.);
#6687=ORIENTED_EDGE('',*,*,#5071,.T.);
#6688=ORIENTED_EDGE('',*,*,#5072,.T.);
#6689=ORIENTED_EDGE('',*,*,#5070,.F.);
#6690=ORIENTED_EDGE('',*,*,#5073,.T.);
#6691=ORIENTED_EDGE('',*,*,#5074,.T.);
#6692=ORIENTED_EDGE('',*,*,#4768,.T.);
#6693=ORIENTED_EDGE('',*,*,#5075,.T.);
#6694=ORIENTED_EDGE('',*,*,#4769,.T.);
#6695=ORIENTED_EDGE('',*,*,#5074,.F.);
#6696=ORIENTED_EDGE('',*,*,#5076,.T.);
#6697=ORIENTED_EDGE('',*,*,#5075,.F.);
#6698=ORIENTED_EDGE('',*,*,#5077,.T.);
#6699=ORIENTED_EDGE('',*,*,#5078,.T.);
#6700=ORIENTED_EDGE('',*,*,#4770,.T.);
#6701=ORIENTED_EDGE('',*,*,#5079,.T.);
#6702=ORIENTED_EDGE('',*,*,#4771,.T.);
#6703=ORIENTED_EDGE('',*,*,#5078,.F.);
#6704=ORIENTED_EDGE('',*,*,#5080,.T.);
#6705=ORIENTED_EDGE('',*,*,#5079,.F.);
#6706=ORIENTED_EDGE('',*,*,#5081,.T.);
#6707=ORIENTED_EDGE('',*,*,#5071,.F.);
#6708=ORIENTED_EDGE('',*,*,#4772,.T.);
#6709=ORIENTED_EDGE('',*,*,#5076,.F.);
#6710=ORIENTED_EDGE('',*,*,#5082,.F.);
#6711=ORIENTED_EDGE('',*,*,#5083,.F.);
#6712=ORIENTED_EDGE('',*,*,#5084,.F.);
#6713=ORIENTED_EDGE('',*,*,#5073,.F.);
#6714=ORIENTED_EDGE('',*,*,#5085,.T.);
#6715=ORIENTED_EDGE('',*,*,#5086,.F.);
#6716=ORIENTED_EDGE('',*,*,#5082,.T.);
#6717=ORIENTED_EDGE('',*,*,#5072,.F.);
#6718=ORIENTED_EDGE('',*,*,#5087,.F.);
#6719=ORIENTED_EDGE('',*,*,#5088,.F.);
#6720=ORIENTED_EDGE('',*,*,#5085,.F.);
#6721=ORIENTED_EDGE('',*,*,#5089,.T.);
#6722=ORIENTED_EDGE('',*,*,#4739,.T.);
#6723=ORIENTED_EDGE('',*,*,#5090,.T.);
#6724=ORIENTED_EDGE('',*,*,#5091,.T.);
#6725=ORIENTED_EDGE('',*,*,#5089,.F.);
#6726=ORIENTED_EDGE('',*,*,#5092,.T.);
#6727=ORIENTED_EDGE('',*,*,#5093,.T.);
#6728=ORIENTED_EDGE('',*,*,#4740,.T.);
#6729=ORIENTED_EDGE('',*,*,#5093,.F.);
#6730=ORIENTED_EDGE('',*,*,#5094,.T.);
#6731=ORIENTED_EDGE('',*,*,#5095,.T.);
#6732=ORIENTED_EDGE('',*,*,#4741,.T.);
#6733=ORIENTED_EDGE('',*,*,#5095,.F.);
#6734=ORIENTED_EDGE('',*,*,#5096,.T.);
#6735=ORIENTED_EDGE('',*,*,#5097,.T.);
#6736=ORIENTED_EDGE('',*,*,#4742,.T.);
#6737=ORIENTED_EDGE('',*,*,#5098,.T.);
#6738=ORIENTED_EDGE('',*,*,#4743,.T.);
#6739=ORIENTED_EDGE('',*,*,#5097,.F.);
#6740=ORIENTED_EDGE('',*,*,#5099,.T.);
#6741=ORIENTED_EDGE('',*,*,#5098,.F.);
#6742=ORIENTED_EDGE('',*,*,#5100,.T.);
#6743=ORIENTED_EDGE('',*,*,#5101,.T.);
#6744=ORIENTED_EDGE('',*,*,#4744,.T.);
#6745=ORIENTED_EDGE('',*,*,#5102,.T.);
#6746=ORIENTED_EDGE('',*,*,#4745,.T.);
#6747=ORIENTED_EDGE('',*,*,#5101,.F.);
#6748=ORIENTED_EDGE('',*,*,#5103,.T.);
#6749=ORIENTED_EDGE('',*,*,#5102,.F.);
#6750=ORIENTED_EDGE('',*,*,#5104,.T.);
#6751=ORIENTED_EDGE('',*,*,#5090,.F.);
#6752=ORIENTED_EDGE('',*,*,#4746,.T.);
#6753=ORIENTED_EDGE('',*,*,#5096,.F.);
#6754=ORIENTED_EDGE('',*,*,#5105,.T.);
#6755=ORIENTED_EDGE('',*,*,#5106,.F.);
#6756=ORIENTED_EDGE('',*,*,#5107,.T.);
#6757=ORIENTED_EDGE('',*,*,#5094,.F.);
#6758=ORIENTED_EDGE('',*,*,#5108,.F.);
#6759=ORIENTED_EDGE('',*,*,#5109,.F.);
#6760=ORIENTED_EDGE('',*,*,#5105,.F.);
#6761=ORIENTED_EDGE('',*,*,#5092,.F.);
#6762=ORIENTED_EDGE('',*,*,#5110,.T.);
#6763=ORIENTED_EDGE('',*,*,#5111,.F.);
#6764=ORIENTED_EDGE('',*,*,#5108,.T.);
#6765=ORIENTED_EDGE('',*,*,#5091,.F.);
#6766=ORIENTED_EDGE('',*,*,#5112,.F.);
#6767=ORIENTED_EDGE('',*,*,#5113,.F.);
#6768=ORIENTED_EDGE('',*,*,#5110,.F.);
#6769=ORIENTED_EDGE('',*,*,#5114,.T.);
#6770=ORIENTED_EDGE('',*,*,#4757,.T.);
#6771=ORIENTED_EDGE('',*,*,#5115,.T.);
#6772=ORIENTED_EDGE('',*,*,#5116,.T.);
#6773=ORIENTED_EDGE('',*,*,#5114,.F.);
#6774=ORIENTED_EDGE('',*,*,#5117,.T.);
#6775=ORIENTED_EDGE('',*,*,#5118,.T.);
#6776=ORIENTED_EDGE('',*,*,#4758,.T.);
#6777=ORIENTED_EDGE('',*,*,#5119,.T.);
#6778=ORIENTED_EDGE('',*,*,#4759,.T.);
#6779=ORIENTED_EDGE('',*,*,#5118,.F.);
#6780=ORIENTED_EDGE('',*,*,#5120,.T.);
#6781=ORIENTED_EDGE('',*,*,#5119,.F.);
#6782=ORIENTED_EDGE('',*,*,#5121,.T.);
#6783=ORIENTED_EDGE('',*,*,#5122,.T.);
#6784=ORIENTED_EDGE('',*,*,#4760,.T.);
#6785=ORIENTED_EDGE('',*,*,#5123,.T.);
#6786=ORIENTED_EDGE('',*,*,#4761,.T.);
#6787=ORIENTED_EDGE('',*,*,#5122,.F.);
#6788=ORIENTED_EDGE('',*,*,#5124,.T.);
#6789=ORIENTED_EDGE('',*,*,#5123,.F.);
#6790=ORIENTED_EDGE('',*,*,#5125,.T.);
#6791=ORIENTED_EDGE('',*,*,#5126,.T.);
#6792=ORIENTED_EDGE('',*,*,#4762,.T.);
#6793=ORIENTED_EDGE('',*,*,#5127,.T.);
#6794=ORIENTED_EDGE('',*,*,#4763,.T.);
#6795=ORIENTED_EDGE('',*,*,#5126,.F.);
#6796=ORIENTED_EDGE('',*,*,#5128,.T.);
#6797=ORIENTED_EDGE('',*,*,#5127,.F.);
#6798=ORIENTED_EDGE('',*,*,#5129,.T.);
#6799=ORIENTED_EDGE('',*,*,#5130,.T.);
#6800=ORIENTED_EDGE('',*,*,#4764,.T.);
#6801=ORIENTED_EDGE('',*,*,#5130,.F.);
#6802=ORIENTED_EDGE('',*,*,#5131,.T.);
#6803=ORIENTED_EDGE('',*,*,#5132,.T.);
#6804=ORIENTED_EDGE('',*,*,#4765,.T.);
#6805=ORIENTED_EDGE('',*,*,#5132,.F.);
#6806=ORIENTED_EDGE('',*,*,#5133,.T.);
#6807=ORIENTED_EDGE('',*,*,#5115,.F.);
#6808=ORIENTED_EDGE('',*,*,#4766,.T.);
#6809=ORIENTED_EDGE('',*,*,#5124,.F.);
#6810=ORIENTED_EDGE('',*,*,#5134,.F.);
#6811=ORIENTED_EDGE('',*,*,#5135,.F.);
#6812=ORIENTED_EDGE('',*,*,#5136,.F.);
#6813=ORIENTED_EDGE('',*,*,#5121,.F.);
#6814=ORIENTED_EDGE('',*,*,#5137,.T.);
#6815=ORIENTED_EDGE('',*,*,#5138,.F.);
#6816=ORIENTED_EDGE('',*,*,#5134,.T.);
#6817=ORIENTED_EDGE('',*,*,#5120,.F.);
#6818=ORIENTED_EDGE('',*,*,#5139,.F.);
#6819=ORIENTED_EDGE('',*,*,#5140,.F.);
#6820=ORIENTED_EDGE('',*,*,#5137,.F.);
#6821=ORIENTED_EDGE('',*,*,#5117,.F.);
#6822=ORIENTED_EDGE('',*,*,#5141,.T.);
#6823=ORIENTED_EDGE('',*,*,#5142,.F.);
#6824=ORIENTED_EDGE('',*,*,#5139,.T.);
#6825=ORIENTED_EDGE('',*,*,#5116,.F.);
#6826=ORIENTED_EDGE('',*,*,#5143,.F.);
#6827=ORIENTED_EDGE('',*,*,#5144,.F.);
#6828=ORIENTED_EDGE('',*,*,#5141,.F.);
#6829=ORIENTED_EDGE('',*,*,#4747,.T.);
#6830=ORIENTED_EDGE('',*,*,#5145,.T.);
#6831=ORIENTED_EDGE('',*,*,#5146,.T.);
#6832=ORIENTED_EDGE('',*,*,#5147,.F.);
#6833=ORIENTED_EDGE('',*,*,#5145,.F.);
#6834=ORIENTED_EDGE('',*,*,#4752,.T.);
#6835=ORIENTED_EDGE('',*,*,#5148,.T.);
#6836=ORIENTED_EDGE('',*,*,#5149,.T.);
#6837=ORIENTED_EDGE('',*,*,#5150,.T.);
#6838=ORIENTED_EDGE('',*,*,#5151,.T.);
#6839=ORIENTED_EDGE('',*,*,#5148,.F.);
#6840=ORIENTED_EDGE('',*,*,#4751,.T.);
#6841=ORIENTED_EDGE('',*,*,#5150,.F.);
#6842=ORIENTED_EDGE('',*,*,#4750,.T.);
#6843=ORIENTED_EDGE('',*,*,#5152,.T.);
#6844=ORIENTED_EDGE('',*,*,#5153,.T.);
#6845=ORIENTED_EDGE('',*,*,#5154,.T.);
#6846=ORIENTED_EDGE('',*,*,#5155,.T.);
#6847=ORIENTED_EDGE('',*,*,#5152,.F.);
#6848=ORIENTED_EDGE('',*,*,#4749,.T.);
#6849=ORIENTED_EDGE('',*,*,#5156,.T.);
#6850=ORIENTED_EDGE('',*,*,#5154,.F.);
#6851=ORIENTED_EDGE('',*,*,#4748,.T.);
#6852=ORIENTED_EDGE('',*,*,#5147,.T.);
#6853=ORIENTED_EDGE('',*,*,#5155,.F.);
#6854=ORIENTED_EDGE('',*,*,#5157,.T.);
#6855=ORIENTED_EDGE('',*,*,#5158,.F.);
#6856=ORIENTED_EDGE('',*,*,#5159,.T.);
#6857=ORIENTED_EDGE('',*,*,#5156,.F.);
#6858=ORIENTED_EDGE('',*,*,#5160,.F.);
#6859=ORIENTED_EDGE('',*,*,#5161,.F.);
#6860=ORIENTED_EDGE('',*,*,#5157,.F.);
#6861=ORIENTED_EDGE('',*,*,#5146,.F.);
#6862=ORIENTED_EDGE('',*,*,#5162,.T.);
#6863=ORIENTED_EDGE('',*,*,#5163,.F.);
#6864=ORIENTED_EDGE('',*,*,#5160,.T.);
#6865=ORIENTED_EDGE('',*,*,#4756,.T.);
#6866=ORIENTED_EDGE('',*,*,#5164,.T.);
#6867=ORIENTED_EDGE('',*,*,#5165,.T.);
#6868=ORIENTED_EDGE('',*,*,#5164,.F.);
#6869=ORIENTED_EDGE('',*,*,#5165,.F.);
#6870=ORIENTED_EDGE('',*,*,#5166,.T.);
#6871=ORIENTED_EDGE('',*,*,#4678,.T.);
#6872=ORIENTED_EDGE('',*,*,#5166,.F.);
#6873=ORIENTED_EDGE('',*,*,#4753,.T.);
#6874=ORIENTED_EDGE('',*,*,#5167,.T.);
#6875=ORIENTED_EDGE('',*,*,#5168,.T.);
#6876=ORIENTED_EDGE('',*,*,#5169,.T.);
#6877=ORIENTED_EDGE('',*,*,#5167,.F.);
#6878=ORIENTED_EDGE('',*,*,#5168,.F.);
#6879=ORIENTED_EDGE('',*,*,#5169,.F.);
#6880=ORIENTED_EDGE('',*,*,#5170,.T.);
#6881=ORIENTED_EDGE('',*,*,#5171,.T.);
#6882=ORIENTED_EDGE('',*,*,#5170,.F.);
#6883=ORIENTED_EDGE('',*,*,#4755,.T.);
#6884=ORIENTED_EDGE('',*,*,#5172,.T.);
#6885=ORIENTED_EDGE('',*,*,#5173,.T.);
#6886=ORIENTED_EDGE('',*,*,#5174,.T.);
#6887=ORIENTED_EDGE('',*,*,#5172,.F.);
#6888=ORIENTED_EDGE('',*,*,#5173,.F.);
#6889=ORIENTED_EDGE('',*,*,#5174,.F.);
#6890=ORIENTED_EDGE('',*,*,#5175,.T.);
#6891=ORIENTED_EDGE('',*,*,#5176,.T.);
#6892=ORIENTED_EDGE('',*,*,#5175,.F.);
#6893=ORIENTED_EDGE('',*,*,#5177,.T.);
#6894=ORIENTED_EDGE('',*,*,#5178,.T.);
#6895=ORIENTED_EDGE('',*,*,#5179,.T.);
#6896=ORIENTED_EDGE('',*,*,#5180,.T.);
#6897=ORIENTED_EDGE('',*,*,#4694,.T.);
#6898=ORIENTED_EDGE('',*,*,#5181,.T.);
#6899=ORIENTED_EDGE('',*,*,#5179,.F.);
#6900=ORIENTED_EDGE('',*,*,#5182,.T.);
#6901=ORIENTED_EDGE('',*,*,#5183,.T.);
#6902=ORIENTED_EDGE('',*,*,#5182,.F.);
#6903=ORIENTED_EDGE('',*,*,#5178,.F.);
#6904=ORIENTED_EDGE('',*,*,#5184,.T.);
#6905=ORIENTED_EDGE('',*,*,#5185,.T.);
#6906=ORIENTED_EDGE('',*,*,#4754,.T.);
#6907=ORIENTED_EDGE('',*,*,#5186,.T.);
#6908=ORIENTED_EDGE('',*,*,#5187,.T.);
#6909=ORIENTED_EDGE('',*,*,#5188,.T.);
#6910=ORIENTED_EDGE('',*,*,#5186,.F.);
#6911=ORIENTED_EDGE('',*,*,#5187,.F.);
#6912=ORIENTED_EDGE('',*,*,#5188,.F.);
#6913=ORIENTED_EDGE('',*,*,#5189,.T.);
#6914=ORIENTED_EDGE('',*,*,#5190,.T.);
#6915=ORIENTED_EDGE('',*,*,#5189,.F.);
#6916=ORIENTED_EDGE('',*,*,#5191,.T.);
#6917=ORIENTED_EDGE('',*,*,#4674,.T.);
#6918=ORIENTED_EDGE('',*,*,#4672,.T.);
#6919=ORIENTED_EDGE('',*,*,#4686,.T.);
#6920=ORIENTED_EDGE('',*,*,#4685,.T.);
#6921=ORIENTED_EDGE('',*,*,#4680,.F.);
#6922=ORIENTED_EDGE('',*,*,#4702,.T.);
#6923=ORIENTED_EDGE('',*,*,#4689,.F.);
#6924=ORIENTED_EDGE('',*,*,#5192,.T.);
#6925=ORIENTED_EDGE('',*,*,#4701,.T.);
#6926=ORIENTED_EDGE('',*,*,#4813,.F.);
#6927=ORIENTED_EDGE('',*,*,#5193,.T.);
#6928=ORIENTED_EDGE('',*,*,#4691,.F.);
#6929=ORIENTED_EDGE('',*,*,#4823,.T.);
#6930=ORIENTED_EDGE('',*,*,#4641,.T.);
#6931=ORIENTED_EDGE('',*,*,#5194,.T.);
#6932=ORIENTED_EDGE('',*,*,#5195,.T.);
#6933=ORIENTED_EDGE('',*,*,#4814,.F.);
#6934=ORIENTED_EDGE('',*,*,#4699,.T.);
#6935=ORIENTED_EDGE('',*,*,#4818,.F.);
#6936=ORIENTED_EDGE('',*,*,#4819,.T.);
#6937=ORIENTED_EDGE('',*,*,#4831,.T.);
#6938=ORIENTED_EDGE('',*,*,#4652,.T.);
#6939=ORIENTED_EDGE('',*,*,#4821,.T.);
#6940=ORIENTED_EDGE('',*,*,#4820,.T.);
#6941=ORIENTED_EDGE('',*,*,#4816,.F.);
#6942=ORIENTED_EDGE('',*,*,#4697,.T.);
#6943=ORIENTED_EDGE('',*,*,#4826,.F.);
#6944=ORIENTED_EDGE('',*,*,#4827,.T.);
#6945=ORIENTED_EDGE('',*,*,#5185,.F.);
#6946=ORIENTED_EDGE('',*,*,#5184,.F.);
#6947=ORIENTED_EDGE('',*,*,#5177,.F.);
#6948=ORIENTED_EDGE('',*,*,#4693,.T.);
#6949=ORIENTED_EDGE('',*,*,#4682,.F.);
#6950=ORIENTED_EDGE('',*,*,#4684,.T.);
#6951=ORIENTED_EDGE('',*,*,#4688,.T.);
#6952=ORIENTED_EDGE('',*,*,#4664,.T.);
#6953=ORIENTED_EDGE('',*,*,#4662,.T.);
#6954=ORIENTED_EDGE('',*,*,#4829,.T.);
#6955=ORIENTED_EDGE('',*,*,#4828,.T.);
#6956=ORIENTED_EDGE('',*,*,#4824,.F.);
#6957=ORIENTED_EDGE('',*,*,#4695,.T.);
#6958=ORIENTED_EDGE('',*,*,#5180,.F.);
#6959=ORIENTED_EDGE('',*,*,#5181,.F.);
#6960=ORIENTED_EDGE('',*,*,#5196,.T.);
#6961=ORIENTED_EDGE('',*,*,#5197,.T.);
#6962=ORIENTED_EDGE('',*,*,#5198,.T.);
#6963=ORIENTED_EDGE('',*,*,#5199,.T.);
#6964=ORIENTED_EDGE('',*,*,#5196,.F.);
#6965=ORIENTED_EDGE('',*,*,#5200,.T.);
#6966=ORIENTED_EDGE('',*,*,#5201,.T.);
#6967=ORIENTED_EDGE('',*,*,#5202,.T.);
#6968=ORIENTED_EDGE('',*,*,#5203,.T.);
#6969=ORIENTED_EDGE('',*,*,#5204,.T.);
#6970=ORIENTED_EDGE('',*,*,#5201,.F.);
#6971=ORIENTED_EDGE('',*,*,#5205,.T.);
#6972=ORIENTED_EDGE('',*,*,#5203,.F.);
#6973=ORIENTED_EDGE('',*,*,#4874,.T.);
#6974=ORIENTED_EDGE('',*,*,#5206,.T.);
#6975=ORIENTED_EDGE('',*,*,#5207,.T.);
#6976=ORIENTED_EDGE('',*,*,#5208,.T.);
#6977=ORIENTED_EDGE('',*,*,#5209,.T.);
#6978=ORIENTED_EDGE('',*,*,#5206,.F.);
#6979=ORIENTED_EDGE('',*,*,#4877,.T.);
#6980=ORIENTED_EDGE('',*,*,#5208,.F.);
#6981=ORIENTED_EDGE('',*,*,#4879,.T.);
#6982=ORIENTED_EDGE('',*,*,#5210,.T.);
#6983=ORIENTED_EDGE('',*,*,#5211,.T.);
#6984=ORIENTED_EDGE('',*,*,#5212,.T.);
#6985=ORIENTED_EDGE('',*,*,#5213,.T.);
#6986=ORIENTED_EDGE('',*,*,#5210,.F.);
#6987=ORIENTED_EDGE('',*,*,#4881,.T.);
#6988=ORIENTED_EDGE('',*,*,#5212,.F.);
#6989=ORIENTED_EDGE('',*,*,#5214,.T.);
#6990=ORIENTED_EDGE('',*,*,#5198,.F.);
#6991=ORIENTED_EDGE('',*,*,#5215,.T.);
#6992=ORIENTED_EDGE('',*,*,#4866,.F.);
#6993=ORIENTED_EDGE('',*,*,#4875,.F.);
#6994=ORIENTED_EDGE('',*,*,#5205,.F.);
#6995=ORIENTED_EDGE('',*,*,#5216,.F.);
#6996=ORIENTED_EDGE('',*,*,#4868,.F.);
#6997=ORIENTED_EDGE('',*,*,#5216,.T.);
#6998=ORIENTED_EDGE('',*,*,#5200,.F.);
#6999=ORIENTED_EDGE('',*,*,#5217,.T.);
#7000=ORIENTED_EDGE('',*,*,#4870,.F.);
#7001=ORIENTED_EDGE('',*,*,#5217,.F.);
#7002=ORIENTED_EDGE('',*,*,#5199,.F.);
#7003=ORIENTED_EDGE('',*,*,#5218,.F.);
#7004=ORIENTED_EDGE('',*,*,#5219,.F.);
#7005=ORIENTED_EDGE('',*,*,#5220,.F.);
#7006=ORIENTED_EDGE('',*,*,#5221,.F.);
#7007=ORIENTED_EDGE('',*,*,#5222,.F.);
#7008=ORIENTED_EDGE('',*,*,#5223,.F.);
#7009=ORIENTED_EDGE('',*,*,#5224,.F.);
#7010=ORIENTED_EDGE('',*,*,#5225,.F.);
#7011=ORIENTED_EDGE('',*,*,#5226,.F.);
#7012=ORIENTED_EDGE('',*,*,#5227,.F.);
#7013=ORIENTED_EDGE('',*,*,#5228,.F.);
#7014=ORIENTED_EDGE('',*,*,#5229,.F.);
#7015=ORIENTED_EDGE('',*,*,#5230,.F.);
#7016=ORIENTED_EDGE('',*,*,#5231,.F.);
#7017=ORIENTED_EDGE('',*,*,#5232,.F.);
#7018=ORIENTED_EDGE('',*,*,#5233,.F.);
#7019=ORIENTED_EDGE('',*,*,#5234,.F.);
#7020=ORIENTED_EDGE('',*,*,#5235,.F.);
#7021=ORIENTED_EDGE('',*,*,#5236,.F.);
#7022=ORIENTED_EDGE('',*,*,#5237,.F.);
#7023=ORIENTED_EDGE('',*,*,#5238,.F.);
#7024=ORIENTED_EDGE('',*,*,#5239,.F.);
#7025=ORIENTED_EDGE('',*,*,#5240,.F.);
#7026=ORIENTED_EDGE('',*,*,#5241,.F.);
#7027=ORIENTED_EDGE('',*,*,#5242,.F.);
#7028=ORIENTED_EDGE('',*,*,#5243,.F.);
#7029=ORIENTED_EDGE('',*,*,#5244,.F.);
#7030=ORIENTED_EDGE('',*,*,#5245,.F.);
#7031=ORIENTED_EDGE('',*,*,#5246,.F.);
#7032=ORIENTED_EDGE('',*,*,#5247,.F.);
#7033=ORIENTED_EDGE('',*,*,#5248,.F.);
#7034=ORIENTED_EDGE('',*,*,#5249,.F.);
#7035=ORIENTED_EDGE('',*,*,#5250,.F.);
#7036=ORIENTED_EDGE('',*,*,#5251,.F.);
#7037=ORIENTED_EDGE('',*,*,#5252,.F.);
#7038=ORIENTED_EDGE('',*,*,#5253,.F.);
#7039=ORIENTED_EDGE('',*,*,#5254,.F.);
#7040=ORIENTED_EDGE('',*,*,#5255,.F.);
#7041=ORIENTED_EDGE('',*,*,#5256,.F.);
#7042=ORIENTED_EDGE('',*,*,#5257,.F.);
#7043=ORIENTED_EDGE('',*,*,#5258,.F.);
#7044=ORIENTED_EDGE('',*,*,#5259,.F.);
#7045=ORIENTED_EDGE('',*,*,#5260,.F.);
#7046=ORIENTED_EDGE('',*,*,#5261,.F.);
#7047=ORIENTED_EDGE('',*,*,#5262,.F.);
#7048=ORIENTED_EDGE('',*,*,#5263,.F.);
#7049=ORIENTED_EDGE('',*,*,#5264,.F.);
#7050=ORIENTED_EDGE('',*,*,#5265,.F.);
#7051=ORIENTED_EDGE('',*,*,#5266,.F.);
#7052=ORIENTED_EDGE('',*,*,#5267,.F.);
#7053=ORIENTED_EDGE('',*,*,#5268,.F.);
#7054=ORIENTED_EDGE('',*,*,#5269,.F.);
#7055=ORIENTED_EDGE('',*,*,#5270,.F.);
#7056=ORIENTED_EDGE('',*,*,#5271,.F.);
#7057=ORIENTED_EDGE('',*,*,#5272,.F.);
#7058=ORIENTED_EDGE('',*,*,#5273,.F.);
#7059=ORIENTED_EDGE('',*,*,#5274,.F.);
#7060=ORIENTED_EDGE('',*,*,#5275,.F.);
#7061=ORIENTED_EDGE('',*,*,#5276,.F.);
#7062=ORIENTED_EDGE('',*,*,#5277,.F.);
#7063=ORIENTED_EDGE('',*,*,#5278,.F.);
#7064=ORIENTED_EDGE('',*,*,#5279,.F.);
#7065=ORIENTED_EDGE('',*,*,#5280,.F.);
#7066=ORIENTED_EDGE('',*,*,#5281,.F.);
#7067=ORIENTED_EDGE('',*,*,#5282,.F.);
#7068=ORIENTED_EDGE('',*,*,#5283,.F.);
#7069=ORIENTED_EDGE('',*,*,#5284,.F.);
#7070=ORIENTED_EDGE('',*,*,#5285,.F.);
#7071=ORIENTED_EDGE('',*,*,#5286,.F.);
#7072=ORIENTED_EDGE('',*,*,#5287,.F.);
#7073=ORIENTED_EDGE('',*,*,#5288,.F.);
#7074=ORIENTED_EDGE('',*,*,#5289,.F.);
#7075=ORIENTED_EDGE('',*,*,#5290,.F.);
#7076=ORIENTED_EDGE('',*,*,#5291,.F.);
#7077=ORIENTED_EDGE('',*,*,#5292,.F.);
#7078=ORIENTED_EDGE('',*,*,#5293,.F.);
#7079=ORIENTED_EDGE('',*,*,#5294,.F.);
#7080=ORIENTED_EDGE('',*,*,#5295,.F.);
#7081=ORIENTED_EDGE('',*,*,#5296,.F.);
#7082=ORIENTED_EDGE('',*,*,#5297,.F.);
#7083=ORIENTED_EDGE('',*,*,#5298,.F.);
#7084=ORIENTED_EDGE('',*,*,#5299,.F.);
#7085=ORIENTED_EDGE('',*,*,#5300,.F.);
#7086=ORIENTED_EDGE('',*,*,#5301,.F.);
#7087=ORIENTED_EDGE('',*,*,#5302,.F.);
#7088=ORIENTED_EDGE('',*,*,#5303,.F.);
#7089=ORIENTED_EDGE('',*,*,#5304,.F.);
#7090=ORIENTED_EDGE('',*,*,#5305,.F.);
#7091=ORIENTED_EDGE('',*,*,#5306,.F.);
#7092=ORIENTED_EDGE('',*,*,#5307,.F.);
#7093=ORIENTED_EDGE('',*,*,#5308,.F.);
#7094=ORIENTED_EDGE('',*,*,#5309,.F.);
#7095=ORIENTED_EDGE('',*,*,#5310,.F.);
#7096=ORIENTED_EDGE('',*,*,#5311,.F.);
#7097=ORIENTED_EDGE('',*,*,#5312,.F.);
#7098=ORIENTED_EDGE('',*,*,#5313,.F.);
#7099=ORIENTED_EDGE('',*,*,#5314,.F.);
#7100=ORIENTED_EDGE('',*,*,#5315,.F.);
#7101=ORIENTED_EDGE('',*,*,#5316,.F.);
#7102=ORIENTED_EDGE('',*,*,#5317,.F.);
#7103=ORIENTED_EDGE('',*,*,#5318,.F.);
#7104=ORIENTED_EDGE('',*,*,#5319,.F.);
#7105=ORIENTED_EDGE('',*,*,#5320,.F.);
#7106=ORIENTED_EDGE('',*,*,#5321,.F.);
#7107=ORIENTED_EDGE('',*,*,#5322,.F.);
#7108=ORIENTED_EDGE('',*,*,#5323,.F.);
#7109=ORIENTED_EDGE('',*,*,#5324,.F.);
#7110=ORIENTED_EDGE('',*,*,#5325,.F.);
#7111=ORIENTED_EDGE('',*,*,#5326,.F.);
#7112=ORIENTED_EDGE('',*,*,#5327,.F.);
#7113=ORIENTED_EDGE('',*,*,#5328,.F.);
#7114=ORIENTED_EDGE('',*,*,#5329,.F.);
#7115=ORIENTED_EDGE('',*,*,#5330,.F.);
#7116=ORIENTED_EDGE('',*,*,#5331,.F.);
#7117=ORIENTED_EDGE('',*,*,#5332,.F.);
#7118=ORIENTED_EDGE('',*,*,#5333,.F.);
#7119=ORIENTED_EDGE('',*,*,#5334,.F.);
#7120=ORIENTED_EDGE('',*,*,#5335,.F.);
#7121=ORIENTED_EDGE('',*,*,#5197,.F.);
#7122=ORIENTED_EDGE('',*,*,#5202,.F.);
#7123=ORIENTED_EDGE('',*,*,#5204,.F.);
#7124=ORIENTED_EDGE('',*,*,#5207,.F.);
#7125=ORIENTED_EDGE('',*,*,#5209,.F.);
#7126=ORIENTED_EDGE('',*,*,#5211,.F.);
#7127=ORIENTED_EDGE('',*,*,#5213,.F.);
#7128=ORIENTED_EDGE('',*,*,#5215,.F.);
#7129=ORIENTED_EDGE('',*,*,#5336,.T.);
#7130=ORIENTED_EDGE('',*,*,#5337,.T.);
#7131=ORIENTED_EDGE('',*,*,#5338,.T.);
#7132=ORIENTED_EDGE('',*,*,#5229,.T.);
#7133=ORIENTED_EDGE('',*,*,#5336,.F.);
#7134=ORIENTED_EDGE('',*,*,#5238,.T.);
#7135=ORIENTED_EDGE('',*,*,#5339,.T.);
#7136=ORIENTED_EDGE('',*,*,#4912,.T.);
#7137=ORIENTED_EDGE('',*,*,#5340,.T.);
#7138=ORIENTED_EDGE('',*,*,#4910,.T.);
#7139=ORIENTED_EDGE('',*,*,#5339,.F.);
#7140=ORIENTED_EDGE('',*,*,#5237,.T.);
#7141=ORIENTED_EDGE('',*,*,#5340,.F.);
#7142=ORIENTED_EDGE('',*,*,#5236,.T.);
#7143=ORIENTED_EDGE('',*,*,#5341,.T.);
#7144=ORIENTED_EDGE('',*,*,#4908,.T.);
#7145=ORIENTED_EDGE('',*,*,#5342,.T.);
#7146=ORIENTED_EDGE('',*,*,#4906,.T.);
#7147=ORIENTED_EDGE('',*,*,#5341,.F.);
#7148=ORIENTED_EDGE('',*,*,#5235,.T.);
#7149=ORIENTED_EDGE('',*,*,#5342,.F.);
#7150=ORIENTED_EDGE('',*,*,#5234,.T.);
#7151=ORIENTED_EDGE('',*,*,#5343,.T.);
#7152=ORIENTED_EDGE('',*,*,#4903,.T.);
#7153=ORIENTED_EDGE('',*,*,#5344,.T.);
#7154=ORIENTED_EDGE('',*,*,#5345,.T.);
#7155=ORIENTED_EDGE('',*,*,#5343,.F.);
#7156=ORIENTED_EDGE('',*,*,#5233,.T.);
#7157=ORIENTED_EDGE('',*,*,#5344,.F.);
#7158=ORIENTED_EDGE('',*,*,#5232,.T.);
#7159=ORIENTED_EDGE('',*,*,#5346,.T.);
#7160=ORIENTED_EDGE('',*,*,#5347,.T.);
#7161=ORIENTED_EDGE('',*,*,#5348,.T.);
#7162=ORIENTED_EDGE('',*,*,#5349,.T.);
#7163=ORIENTED_EDGE('',*,*,#5346,.F.);
#7164=ORIENTED_EDGE('',*,*,#5231,.T.);
#7165=ORIENTED_EDGE('',*,*,#5348,.F.);
#7166=ORIENTED_EDGE('',*,*,#5230,.T.);
#7167=ORIENTED_EDGE('',*,*,#5338,.F.);
#7168=ORIENTED_EDGE('',*,*,#5350,.T.);
#7169=ORIENTED_EDGE('',*,*,#4893,.F.);
#7170=ORIENTED_EDGE('',*,*,#4904,.T.);
#7171=ORIENTED_EDGE('',*,*,#5345,.F.);
#7172=ORIENTED_EDGE('',*,*,#5351,.T.);
#7173=ORIENTED_EDGE('',*,*,#4895,.F.);
#7174=ORIENTED_EDGE('',*,*,#5351,.F.);
#7175=ORIENTED_EDGE('',*,*,#5347,.F.);
#7176=ORIENTED_EDGE('',*,*,#5352,.F.);
#7177=ORIENTED_EDGE('',*,*,#4897,.F.);
#7178=ORIENTED_EDGE('',*,*,#5352,.T.);
#7179=ORIENTED_EDGE('',*,*,#5349,.F.);
#7180=ORIENTED_EDGE('',*,*,#5353,.T.);
#7181=ORIENTED_EDGE('',*,*,#4900,.F.);
#7182=ORIENTED_EDGE('',*,*,#5353,.F.);
#7183=ORIENTED_EDGE('',*,*,#5350,.F.);
#7184=ORIENTED_EDGE('',*,*,#5354,.F.);
#7185=ORIENTED_EDGE('',*,*,#4901,.F.);
#7186=ORIENTED_EDGE('',*,*,#5354,.T.);
#7187=ORIENTED_EDGE('',*,*,#5337,.F.);
#7188=ORIENTED_EDGE('',*,*,#4911,.T.);
#7189=ORIENTED_EDGE('',*,*,#5355,.T.);
#7190=ORIENTED_EDGE('',*,*,#5356,.T.);
#7191=ORIENTED_EDGE('',*,*,#5357,.T.);
#7192=ORIENTED_EDGE('',*,*,#5330,.T.);
#7193=ORIENTED_EDGE('',*,*,#5355,.F.);
#7194=ORIENTED_EDGE('',*,*,#5335,.T.);
#7195=ORIENTED_EDGE('',*,*,#5358,.T.);
#7196=ORIENTED_EDGE('',*,*,#5006,.T.);
#7197=ORIENTED_EDGE('',*,*,#5359,.T.);
#7198=ORIENTED_EDGE('',*,*,#5004,.T.);
#7199=ORIENTED_EDGE('',*,*,#5358,.F.);
#7200=ORIENTED_EDGE('',*,*,#5334,.T.);
#7201=ORIENTED_EDGE('',*,*,#5359,.F.);
#7202=ORIENTED_EDGE('',*,*,#5333,.T.);
#7203=ORIENTED_EDGE('',*,*,#5360,.T.);
#7204=ORIENTED_EDGE('',*,*,#5001,.T.);
#7205=ORIENTED_EDGE('',*,*,#5361,.T.);
#7206=ORIENTED_EDGE('',*,*,#5362,.T.);
#7207=ORIENTED_EDGE('',*,*,#5360,.F.);
#7208=ORIENTED_EDGE('',*,*,#5332,.T.);
#7209=ORIENTED_EDGE('',*,*,#5361,.F.);
#7210=ORIENTED_EDGE('',*,*,#5331,.T.);
#7211=ORIENTED_EDGE('',*,*,#5357,.F.);
#7212=ORIENTED_EDGE('',*,*,#5363,.T.);
#7213=ORIENTED_EDGE('',*,*,#4995,.F.);
#7214=ORIENTED_EDGE('',*,*,#5002,.T.);
#7215=ORIENTED_EDGE('',*,*,#5362,.F.);
#7216=ORIENTED_EDGE('',*,*,#5364,.T.);
#7217=ORIENTED_EDGE('',*,*,#4997,.F.);
#7218=ORIENTED_EDGE('',*,*,#5364,.F.);
#7219=ORIENTED_EDGE('',*,*,#5363,.F.);
#7220=ORIENTED_EDGE('',*,*,#5365,.F.);
#7221=ORIENTED_EDGE('',*,*,#4999,.F.);
#7222=ORIENTED_EDGE('',*,*,#5365,.T.);
#7223=ORIENTED_EDGE('',*,*,#5356,.F.);
#7224=ORIENTED_EDGE('',*,*,#5005,.T.);
#7225=ORIENTED_EDGE('',*,*,#5366,.T.);
#7226=ORIENTED_EDGE('',*,*,#5367,.T.);
#7227=ORIENTED_EDGE('',*,*,#5368,.T.);
#7228=ORIENTED_EDGE('',*,*,#5239,.T.);
#7229=ORIENTED_EDGE('',*,*,#5369,.T.);
#7230=ORIENTED_EDGE('',*,*,#4943,.T.);
#7231=ORIENTED_EDGE('',*,*,#5366,.F.);
#7232=ORIENTED_EDGE('',*,*,#5248,.T.);
#7233=ORIENTED_EDGE('',*,*,#5370,.T.);
#7234=ORIENTED_EDGE('',*,*,#4941,.T.);
#7235=ORIENTED_EDGE('',*,*,#5369,.F.);
#7236=ORIENTED_EDGE('',*,*,#5247,.T.);
#7237=ORIENTED_EDGE('',*,*,#5370,.F.);
#7238=ORIENTED_EDGE('',*,*,#5246,.T.);
#7239=ORIENTED_EDGE('',*,*,#5371,.T.);
#7240=ORIENTED_EDGE('',*,*,#4939,.T.);
#7241=ORIENTED_EDGE('',*,*,#5372,.T.);
#7242=ORIENTED_EDGE('',*,*,#4937,.T.);
#7243=ORIENTED_EDGE('',*,*,#5371,.F.);
#7244=ORIENTED_EDGE('',*,*,#5245,.T.);
#7245=ORIENTED_EDGE('',*,*,#5372,.F.);
#7246=ORIENTED_EDGE('',*,*,#5244,.T.);
#7247=ORIENTED_EDGE('',*,*,#5373,.T.);
#7248=ORIENTED_EDGE('',*,*,#4934,.T.);
#7249=ORIENTED_EDGE('',*,*,#5374,.T.);
#7250=ORIENTED_EDGE('',*,*,#5375,.T.);
#7251=ORIENTED_EDGE('',*,*,#5373,.F.);
#7252=ORIENTED_EDGE('',*,*,#5243,.T.);
#7253=ORIENTED_EDGE('',*,*,#5374,.F.);
#7254=ORIENTED_EDGE('',*,*,#5242,.T.);
#7255=ORIENTED_EDGE('',*,*,#5376,.T.);
#7256=ORIENTED_EDGE('',*,*,#5377,.T.);
#7257=ORIENTED_EDGE('',*,*,#5378,.T.);
#7258=ORIENTED_EDGE('',*,*,#5379,.T.);
#7259=ORIENTED_EDGE('',*,*,#5376,.F.);
#7260=ORIENTED_EDGE('',*,*,#5241,.T.);
#7261=ORIENTED_EDGE('',*,*,#5378,.F.);
#7262=ORIENTED_EDGE('',*,*,#5240,.T.);
#7263=ORIENTED_EDGE('',*,*,#5368,.F.);
#7264=ORIENTED_EDGE('',*,*,#5380,.T.);
#7265=ORIENTED_EDGE('',*,*,#4924,.F.);
#7266=ORIENTED_EDGE('',*,*,#4935,.T.);
#7267=ORIENTED_EDGE('',*,*,#5375,.F.);
#7268=ORIENTED_EDGE('',*,*,#5381,.T.);
#7269=ORIENTED_EDGE('',*,*,#4927,.F.);
#7270=ORIENTED_EDGE('',*,*,#5381,.F.);
#7271=ORIENTED_EDGE('',*,*,#5377,.F.);
#7272=ORIENTED_EDGE('',*,*,#5382,.F.);
#7273=ORIENTED_EDGE('',*,*,#4928,.F.);
#7274=ORIENTED_EDGE('',*,*,#5382,.T.);
#7275=ORIENTED_EDGE('',*,*,#5379,.F.);
#7276=ORIENTED_EDGE('',*,*,#5383,.T.);
#7277=ORIENTED_EDGE('',*,*,#4931,.F.);
#7278=ORIENTED_EDGE('',*,*,#5383,.F.);
#7279=ORIENTED_EDGE('',*,*,#5380,.F.);
#7280=ORIENTED_EDGE('',*,*,#5384,.F.);
#7281=ORIENTED_EDGE('',*,*,#4932,.F.);
#7282=ORIENTED_EDGE('',*,*,#5384,.T.);
#7283=ORIENTED_EDGE('',*,*,#5367,.F.);
#7284=ORIENTED_EDGE('',*,*,#4942,.T.);
#7285=ORIENTED_EDGE('',*,*,#5163,.T.);
#7286=ORIENTED_EDGE('',*,*,#5385,.T.);
#7287=ORIENTED_EDGE('',*,*,#5324,.T.);
#7288=ORIENTED_EDGE('',*,*,#5386,.T.);
#7289=ORIENTED_EDGE('',*,*,#5385,.F.);
#7290=ORIENTED_EDGE('',*,*,#5387,.T.);
#7291=ORIENTED_EDGE('',*,*,#5388,.T.);
#7292=ORIENTED_EDGE('',*,*,#5325,.T.);
#7293=ORIENTED_EDGE('',*,*,#5388,.F.);
#7294=ORIENTED_EDGE('',*,*,#5389,.T.);
#7295=ORIENTED_EDGE('',*,*,#5390,.T.);
#7296=ORIENTED_EDGE('',*,*,#5326,.T.);
#7297=ORIENTED_EDGE('',*,*,#5390,.F.);
#7298=ORIENTED_EDGE('',*,*,#5391,.T.);
#7299=ORIENTED_EDGE('',*,*,#5392,.T.);
#7300=ORIENTED_EDGE('',*,*,#5327,.T.);
#7301=ORIENTED_EDGE('',*,*,#5392,.F.);
#7302=ORIENTED_EDGE('',*,*,#5158,.T.);
#7303=ORIENTED_EDGE('',*,*,#5393,.T.);
#7304=ORIENTED_EDGE('',*,*,#5328,.T.);
#7305=ORIENTED_EDGE('',*,*,#5329,.T.);
#7306=ORIENTED_EDGE('',*,*,#5393,.F.);
#7307=ORIENTED_EDGE('',*,*,#5161,.T.);
#7308=ORIENTED_EDGE('',*,*,#5386,.F.);
#7309=ORIENTED_EDGE('',*,*,#5151,.F.);
#7310=ORIENTED_EDGE('',*,*,#5394,.T.);
#7311=ORIENTED_EDGE('',*,*,#5389,.F.);
#7312=ORIENTED_EDGE('',*,*,#5395,.T.);
#7313=ORIENTED_EDGE('',*,*,#5149,.F.);
#7314=ORIENTED_EDGE('',*,*,#5395,.F.);
#7315=ORIENTED_EDGE('',*,*,#5387,.F.);
#7316=ORIENTED_EDGE('',*,*,#5162,.F.);
#7317=ORIENTED_EDGE('',*,*,#5396,.T.);
#7318=ORIENTED_EDGE('',*,*,#5249,.T.);
#7319=ORIENTED_EDGE('',*,*,#5397,.T.);
#7320=ORIENTED_EDGE('',*,*,#5398,.T.);
#7321=ORIENTED_EDGE('',*,*,#5396,.F.);
#7322=ORIENTED_EDGE('',*,*,#5399,.T.);
#7323=ORIENTED_EDGE('',*,*,#5400,.T.);
#7324=ORIENTED_EDGE('',*,*,#5250,.T.);
#7325=ORIENTED_EDGE('',*,*,#5400,.F.);
#7326=ORIENTED_EDGE('',*,*,#5401,.T.);
#7327=ORIENTED_EDGE('',*,*,#5402,.T.);
#7328=ORIENTED_EDGE('',*,*,#5251,.T.);
#7329=ORIENTED_EDGE('',*,*,#5402,.F.);
#7330=ORIENTED_EDGE('',*,*,#5106,.T.);
#7331=ORIENTED_EDGE('',*,*,#5403,.T.);
#7332=ORIENTED_EDGE('',*,*,#5252,.T.);
#7333=ORIENTED_EDGE('',*,*,#5404,.T.);
#7334=ORIENTED_EDGE('',*,*,#5253,.T.);
#7335=ORIENTED_EDGE('',*,*,#5403,.F.);
#7336=ORIENTED_EDGE('',*,*,#5109,.T.);
#7337=ORIENTED_EDGE('',*,*,#5404,.F.);
#7338=ORIENTED_EDGE('',*,*,#5111,.T.);
#7339=ORIENTED_EDGE('',*,*,#5405,.T.);
#7340=ORIENTED_EDGE('',*,*,#5254,.T.);
#7341=ORIENTED_EDGE('',*,*,#5406,.T.);
#7342=ORIENTED_EDGE('',*,*,#5255,.T.);
#7343=ORIENTED_EDGE('',*,*,#5405,.F.);
#7344=ORIENTED_EDGE('',*,*,#5113,.T.);
#7345=ORIENTED_EDGE('',*,*,#5406,.F.);
#7346=ORIENTED_EDGE('',*,*,#5407,.T.);
#7347=ORIENTED_EDGE('',*,*,#5397,.F.);
#7348=ORIENTED_EDGE('',*,*,#5256,.T.);
#7349=ORIENTED_EDGE('',*,*,#5099,.F.);
#7350=ORIENTED_EDGE('',*,*,#5107,.F.);
#7351=ORIENTED_EDGE('',*,*,#5401,.F.);
#7352=ORIENTED_EDGE('',*,*,#5408,.F.);
#7353=ORIENTED_EDGE('',*,*,#5100,.F.);
#7354=ORIENTED_EDGE('',*,*,#5408,.T.);
#7355=ORIENTED_EDGE('',*,*,#5399,.F.);
#7356=ORIENTED_EDGE('',*,*,#5409,.T.);
#7357=ORIENTED_EDGE('',*,*,#5103,.F.);
#7358=ORIENTED_EDGE('',*,*,#5409,.F.);
#7359=ORIENTED_EDGE('',*,*,#5398,.F.);
#7360=ORIENTED_EDGE('',*,*,#5410,.F.);
#7361=ORIENTED_EDGE('',*,*,#5411,.T.);
#7362=ORIENTED_EDGE('',*,*,#5318,.T.);
#7363=ORIENTED_EDGE('',*,*,#5412,.T.);
#7364=ORIENTED_EDGE('',*,*,#5064,.T.);
#7365=ORIENTED_EDGE('',*,*,#5411,.F.);
#7366=ORIENTED_EDGE('',*,*,#5067,.T.);
#7367=ORIENTED_EDGE('',*,*,#5413,.T.);
#7368=ORIENTED_EDGE('',*,*,#5319,.T.);
#7369=ORIENTED_EDGE('',*,*,#5414,.T.);
#7370=ORIENTED_EDGE('',*,*,#5320,.T.);
#7371=ORIENTED_EDGE('',*,*,#5413,.F.);
#7372=ORIENTED_EDGE('',*,*,#5069,.T.);
#7373=ORIENTED_EDGE('',*,*,#5414,.F.);
#7374=ORIENTED_EDGE('',*,*,#5415,.T.);
#7375=ORIENTED_EDGE('',*,*,#5416,.T.);
#7376=ORIENTED_EDGE('',*,*,#5321,.T.);
#7377=ORIENTED_EDGE('',*,*,#5417,.T.);
#7378=ORIENTED_EDGE('',*,*,#5322,.T.);
#7379=ORIENTED_EDGE('',*,*,#5416,.F.);
#7380=ORIENTED_EDGE('',*,*,#5418,.T.);
#7381=ORIENTED_EDGE('',*,*,#5417,.F.);
#7382=ORIENTED_EDGE('',*,*,#5419,.T.);
#7383=ORIENTED_EDGE('',*,*,#5412,.F.);
#7384=ORIENTED_EDGE('',*,*,#5323,.T.);
#7385=ORIENTED_EDGE('',*,*,#5420,.T.);
#7386=ORIENTED_EDGE('',*,*,#5257,.T.);
#7387=ORIENTED_EDGE('',*,*,#5421,.T.);
#7388=ORIENTED_EDGE('',*,*,#5422,.T.);
#7389=ORIENTED_EDGE('',*,*,#5420,.F.);
#7390=ORIENTED_EDGE('',*,*,#5423,.T.);
#7391=ORIENTED_EDGE('',*,*,#5424,.T.);
#7392=ORIENTED_EDGE('',*,*,#5258,.T.);
#7393=ORIENTED_EDGE('',*,*,#5424,.F.);
#7394=ORIENTED_EDGE('',*,*,#5083,.T.);
#7395=ORIENTED_EDGE('',*,*,#5425,.T.);
#7396=ORIENTED_EDGE('',*,*,#5259,.T.);
#7397=ORIENTED_EDGE('',*,*,#5425,.F.);
#7398=ORIENTED_EDGE('',*,*,#5086,.T.);
#7399=ORIENTED_EDGE('',*,*,#5426,.T.);
#7400=ORIENTED_EDGE('',*,*,#5260,.T.);
#7401=ORIENTED_EDGE('',*,*,#5426,.F.);
#7402=ORIENTED_EDGE('',*,*,#5088,.T.);
#7403=ORIENTED_EDGE('',*,*,#5427,.T.);
#7404=ORIENTED_EDGE('',*,*,#5261,.T.);
#7405=ORIENTED_EDGE('',*,*,#5427,.F.);
#7406=ORIENTED_EDGE('',*,*,#5428,.T.);
#7407=ORIENTED_EDGE('',*,*,#5421,.F.);
#7408=ORIENTED_EDGE('',*,*,#5262,.T.);
#7409=ORIENTED_EDGE('',*,*,#5077,.F.);
#7410=ORIENTED_EDGE('',*,*,#5084,.T.);
#7411=ORIENTED_EDGE('',*,*,#5423,.F.);
#7412=ORIENTED_EDGE('',*,*,#5429,.T.);
#7413=ORIENTED_EDGE('',*,*,#5080,.F.);
#7414=ORIENTED_EDGE('',*,*,#5429,.F.);
#7415=ORIENTED_EDGE('',*,*,#5422,.F.);
#7416=ORIENTED_EDGE('',*,*,#5430,.F.);
#7417=ORIENTED_EDGE('',*,*,#5431,.T.);
#7418=ORIENTED_EDGE('',*,*,#5308,.T.);
#7419=ORIENTED_EDGE('',*,*,#5432,.T.);
#7420=ORIENTED_EDGE('',*,*,#5433,.T.);
#7421=ORIENTED_EDGE('',*,*,#5431,.F.);
#7422=ORIENTED_EDGE('',*,*,#5434,.T.);
#7423=ORIENTED_EDGE('',*,*,#5435,.T.);
#7424=ORIENTED_EDGE('',*,*,#5309,.T.);
#7425=ORIENTED_EDGE('',*,*,#5435,.F.);
#7426=ORIENTED_EDGE('',*,*,#5436,.T.);
#7427=ORIENTED_EDGE('',*,*,#5437,.T.);
#7428=ORIENTED_EDGE('',*,*,#5310,.T.);
#7429=ORIENTED_EDGE('',*,*,#5437,.F.);
#7430=ORIENTED_EDGE('',*,*,#5438,.T.);
#7431=ORIENTED_EDGE('',*,*,#5439,.T.);
#7432=ORIENTED_EDGE('',*,*,#5311,.T.);
#7433=ORIENTED_EDGE('',*,*,#5440,.T.);
#7434=ORIENTED_EDGE('',*,*,#5312,.T.);
#7435=ORIENTED_EDGE('',*,*,#5439,.F.);
#7436=ORIENTED_EDGE('',*,*,#5135,.T.);
#7437=ORIENTED_EDGE('',*,*,#5440,.F.);
#7438=ORIENTED_EDGE('',*,*,#5138,.T.);
#7439=ORIENTED_EDGE('',*,*,#5441,.T.);
#7440=ORIENTED_EDGE('',*,*,#5313,.T.);
#7441=ORIENTED_EDGE('',*,*,#5441,.F.);
#7442=ORIENTED_EDGE('',*,*,#5140,.T.);
#7443=ORIENTED_EDGE('',*,*,#5442,.T.);
#7444=ORIENTED_EDGE('',*,*,#5314,.T.);
#7445=ORIENTED_EDGE('',*,*,#5442,.F.);
#7446=ORIENTED_EDGE('',*,*,#5142,.T.);
#7447=ORIENTED_EDGE('',*,*,#5443,.T.);
#7448=ORIENTED_EDGE('',*,*,#5315,.T.);
#7449=ORIENTED_EDGE('',*,*,#5444,.T.);
#7450=ORIENTED_EDGE('',*,*,#5316,.T.);
#7451=ORIENTED_EDGE('',*,*,#5443,.F.);
#7452=ORIENTED_EDGE('',*,*,#5144,.T.);
#7453=ORIENTED_EDGE('',*,*,#5444,.F.);
#7454=ORIENTED_EDGE('',*,*,#5445,.T.);
#7455=ORIENTED_EDGE('',*,*,#5432,.F.);
#7456=ORIENTED_EDGE('',*,*,#5317,.T.);
#7457=ORIENTED_EDGE('',*,*,#5125,.F.);
#7458=ORIENTED_EDGE('',*,*,#5136,.T.);
#7459=ORIENTED_EDGE('',*,*,#5438,.F.);
#7460=ORIENTED_EDGE('',*,*,#5446,.T.);
#7461=ORIENTED_EDGE('',*,*,#5128,.F.);
#7462=ORIENTED_EDGE('',*,*,#5446,.F.);
#7463=ORIENTED_EDGE('',*,*,#5436,.F.);
#7464=ORIENTED_EDGE('',*,*,#5447,.F.);
#7465=ORIENTED_EDGE('',*,*,#5129,.F.);
#7466=ORIENTED_EDGE('',*,*,#5447,.T.);
#7467=ORIENTED_EDGE('',*,*,#5434,.F.);
#7468=ORIENTED_EDGE('',*,*,#5448,.T.);
#7469=ORIENTED_EDGE('',*,*,#5131,.F.);
#7470=ORIENTED_EDGE('',*,*,#5448,.F.);
#7471=ORIENTED_EDGE('',*,*,#5433,.F.);
#7472=ORIENTED_EDGE('',*,*,#5449,.F.);
#7473=ORIENTED_EDGE('',*,*,#5020,.T.);
#7474=ORIENTED_EDGE('',*,*,#5450,.T.);
#7475=ORIENTED_EDGE('',*,*,#5263,.T.);
#7476=ORIENTED_EDGE('',*,*,#5451,.T.);
#7477=ORIENTED_EDGE('',*,*,#5452,.T.);
#7478=ORIENTED_EDGE('',*,*,#5264,.T.);
#7479=ORIENTED_EDGE('',*,*,#5450,.F.);
#7480=ORIENTED_EDGE('',*,*,#5023,.T.);
#7481=ORIENTED_EDGE('',*,*,#5265,.T.);
#7482=ORIENTED_EDGE('',*,*,#5452,.F.);
#7483=ORIENTED_EDGE('',*,*,#5025,.T.);
#7484=ORIENTED_EDGE('',*,*,#5453,.F.);
#7485=ORIENTED_EDGE('',*,*,#5268,.T.);
#7486=ORIENTED_EDGE('',*,*,#5454,.T.);
#7487=ORIENTED_EDGE('',*,*,#5455,.T.);
#7488=ORIENTED_EDGE('',*,*,#5451,.F.);
#7489=ORIENTED_EDGE('',*,*,#5454,.F.);
#7490=ORIENTED_EDGE('',*,*,#5267,.T.);
#7491=ORIENTED_EDGE('',*,*,#5456,.T.);
#7492=ORIENTED_EDGE('',*,*,#5457,.T.);
#7493=ORIENTED_EDGE('',*,*,#5458,.T.);
#7494=ORIENTED_EDGE('',*,*,#5456,.F.);
#7495=ORIENTED_EDGE('',*,*,#5266,.T.);
#7496=ORIENTED_EDGE('',*,*,#5453,.T.);
#7497=ORIENTED_EDGE('',*,*,#5224,.T.);
#7498=ORIENTED_EDGE('',*,*,#5459,.T.);
#7499=ORIENTED_EDGE('',*,*,#4687,.T.);
#7500=ORIENTED_EDGE('',*,*,#5460,.F.);
#7501=ORIENTED_EDGE('',*,*,#5223,.T.);
#7502=ORIENTED_EDGE('',*,*,#5461,.T.);
#7503=ORIENTED_EDGE('',*,*,#4666,.T.);
#7504=ORIENTED_EDGE('',*,*,#5459,.F.);
#7505=ORIENTED_EDGE('',*,*,#5222,.T.);
#7506=ORIENTED_EDGE('',*,*,#5462,.T.);
#7507=ORIENTED_EDGE('',*,*,#4830,.T.);
#7508=ORIENTED_EDGE('',*,*,#5461,.F.);
#7509=ORIENTED_EDGE('',*,*,#5221,.T.);
#7510=ORIENTED_EDGE('',*,*,#5463,.T.);
#7511=ORIENTED_EDGE('',*,*,#4656,.T.);
#7512=ORIENTED_EDGE('',*,*,#4654,.T.);
#7513=ORIENTED_EDGE('',*,*,#5462,.F.);
#7514=ORIENTED_EDGE('',*,*,#5220,.T.);
#7515=ORIENTED_EDGE('',*,*,#5464,.T.);
#7516=ORIENTED_EDGE('',*,*,#4822,.T.);
#7517=ORIENTED_EDGE('',*,*,#5463,.F.);
#7518=ORIENTED_EDGE('',*,*,#5219,.T.);
#7519=ORIENTED_EDGE('',*,*,#5465,.T.);
#7520=ORIENTED_EDGE('',*,*,#4645,.T.);
#7521=ORIENTED_EDGE('',*,*,#4643,.T.);
#7522=ORIENTED_EDGE('',*,*,#5464,.F.);
#7523=ORIENTED_EDGE('',*,*,#5466,.T.);
#7524=ORIENTED_EDGE('',*,*,#5465,.F.);
#7525=ORIENTED_EDGE('',*,*,#5228,.T.);
#7526=ORIENTED_EDGE('',*,*,#5467,.T.);
#7527=ORIENTED_EDGE('',*,*,#5468,.T.);
#7528=ORIENTED_EDGE('',*,*,#5467,.F.);
#7529=ORIENTED_EDGE('',*,*,#5227,.T.);
#7530=ORIENTED_EDGE('',*,*,#5469,.T.);
#7531=ORIENTED_EDGE('',*,*,#5470,.T.);
#7532=ORIENTED_EDGE('',*,*,#5469,.F.);
#7533=ORIENTED_EDGE('',*,*,#5226,.T.);
#7534=ORIENTED_EDGE('',*,*,#5471,.T.);
#7535=ORIENTED_EDGE('',*,*,#4676,.T.);
#7536=ORIENTED_EDGE('',*,*,#5471,.F.);
#7537=ORIENTED_EDGE('',*,*,#5225,.T.);
#7538=ORIENTED_EDGE('',*,*,#5460,.T.);
#7539=ORIENTED_EDGE('',*,*,#5195,.F.);
#7540=ORIENTED_EDGE('',*,*,#5194,.F.);
#7541=ORIENTED_EDGE('',*,*,#4640,.T.);
#7542=ORIENTED_EDGE('',*,*,#5466,.F.);
#7543=ORIENTED_EDGE('',*,*,#5472,.T.);
#7544=ORIENTED_EDGE('',*,*,#4815,.F.);
#7545=ORIENTED_EDGE('',*,*,#5193,.F.);
#7546=ORIENTED_EDGE('',*,*,#5472,.F.);
#7547=ORIENTED_EDGE('',*,*,#5468,.F.);
#7548=ORIENTED_EDGE('',*,*,#5473,.F.);
#7549=ORIENTED_EDGE('',*,*,#4692,.F.);
#7550=ORIENTED_EDGE('',*,*,#5473,.T.);
#7551=ORIENTED_EDGE('',*,*,#5470,.F.);
#7552=ORIENTED_EDGE('',*,*,#4675,.T.);
#7553=ORIENTED_EDGE('',*,*,#5191,.F.);
#7554=ORIENTED_EDGE('',*,*,#5192,.F.);
#7555=ORIENTED_EDGE('',*,*,#5269,.T.);
#7556=ORIENTED_EDGE('',*,*,#5474,.T.);
#7557=ORIENTED_EDGE('',*,*,#4679,.T.);
#7558=ORIENTED_EDGE('',*,*,#5474,.F.);
#7559=ORIENTED_EDGE('',*,*,#5307,.T.);
#7560=ORIENTED_EDGE('',*,*,#5475,.T.);
#7561=ORIENTED_EDGE('',*,*,#5476,.T.);
#7562=ORIENTED_EDGE('',*,*,#5475,.F.);
#7563=ORIENTED_EDGE('',*,*,#5477,.F.);
#7564=ORIENTED_EDGE('',*,*,#5478,.T.);
#7565=ORIENTED_EDGE('',*,*,#5476,.F.);
#7566=ORIENTED_EDGE('',*,*,#5478,.F.);
#7567=ORIENTED_EDGE('',*,*,#5270,.T.);
#7568=ORIENTED_EDGE('',*,*,#5479,.T.);
#7569=ORIENTED_EDGE('',*,*,#5480,.T.);
#7570=ORIENTED_EDGE('',*,*,#5479,.F.);
#7571=ORIENTED_EDGE('',*,*,#5481,.F.);
#7572=ORIENTED_EDGE('',*,*,#5482,.T.);
#7573=ORIENTED_EDGE('',*,*,#5480,.F.);
#7574=ORIENTED_EDGE('',*,*,#5482,.F.);
#7575=ORIENTED_EDGE('',*,*,#5306,.T.);
#7576=ORIENTED_EDGE('',*,*,#5483,.T.);
#7577=ORIENTED_EDGE('',*,*,#5484,.T.);
#7578=ORIENTED_EDGE('',*,*,#5483,.F.);
#7579=ORIENTED_EDGE('',*,*,#5485,.F.);
#7580=ORIENTED_EDGE('',*,*,#5486,.T.);
#7581=ORIENTED_EDGE('',*,*,#5484,.F.);
#7582=ORIENTED_EDGE('',*,*,#5486,.F.);
#7583=ORIENTED_EDGE('',*,*,#5271,.T.);
#7584=ORIENTED_EDGE('',*,*,#5487,.T.);
#7585=ORIENTED_EDGE('',*,*,#5488,.T.);
#7586=ORIENTED_EDGE('',*,*,#5487,.F.);
#7587=ORIENTED_EDGE('',*,*,#5489,.F.);
#7588=ORIENTED_EDGE('',*,*,#5490,.T.);
#7589=ORIENTED_EDGE('',*,*,#5488,.F.);
#7590=ORIENTED_EDGE('',*,*,#5490,.F.);
#7591=ORIENTED_EDGE('',*,*,#5305,.T.);
#7592=ORIENTED_EDGE('',*,*,#5491,.T.);
#7593=ORIENTED_EDGE('',*,*,#5492,.T.);
#7594=ORIENTED_EDGE('',*,*,#5491,.F.);
#7595=ORIENTED_EDGE('',*,*,#5493,.F.);
#7596=ORIENTED_EDGE('',*,*,#5494,.T.);
#7597=ORIENTED_EDGE('',*,*,#5492,.F.);
#7598=ORIENTED_EDGE('',*,*,#5494,.F.);
#7599=ORIENTED_EDGE('',*,*,#5272,.T.);
#7600=ORIENTED_EDGE('',*,*,#5495,.T.);
#7601=ORIENTED_EDGE('',*,*,#5496,.T.);
#7602=ORIENTED_EDGE('',*,*,#5495,.F.);
#7603=ORIENTED_EDGE('',*,*,#5497,.F.);
#7604=ORIENTED_EDGE('',*,*,#5498,.T.);
#7605=ORIENTED_EDGE('',*,*,#5496,.F.);
#7606=ORIENTED_EDGE('',*,*,#5498,.F.);
#7607=ORIENTED_EDGE('',*,*,#5304,.T.);
#7608=ORIENTED_EDGE('',*,*,#5499,.T.);
#7609=ORIENTED_EDGE('',*,*,#5500,.T.);
#7610=ORIENTED_EDGE('',*,*,#5499,.F.);
#7611=ORIENTED_EDGE('',*,*,#5501,.F.);
#7612=ORIENTED_EDGE('',*,*,#5502,.T.);
#7613=ORIENTED_EDGE('',*,*,#5500,.F.);
#7614=ORIENTED_EDGE('',*,*,#5502,.F.);
#7615=ORIENTED_EDGE('',*,*,#5273,.T.);
#7616=ORIENTED_EDGE('',*,*,#5503,.T.);
#7617=ORIENTED_EDGE('',*,*,#5504,.T.);
#7618=ORIENTED_EDGE('',*,*,#5503,.F.);
#7619=ORIENTED_EDGE('',*,*,#5505,.F.);
#7620=ORIENTED_EDGE('',*,*,#5506,.T.);
#7621=ORIENTED_EDGE('',*,*,#5504,.F.);
#7622=ORIENTED_EDGE('',*,*,#5506,.F.);
#7623=ORIENTED_EDGE('',*,*,#5507,.T.);
#7624=ORIENTED_EDGE('',*,*,#5296,.T.);
#7625=ORIENTED_EDGE('',*,*,#5508,.T.);
#7626=ORIENTED_EDGE('',*,*,#5509,.T.);
#7627=ORIENTED_EDGE('',*,*,#5507,.F.);
#7628=ORIENTED_EDGE('',*,*,#5043,.T.);
#7629=ORIENTED_EDGE('',*,*,#5510,.T.);
#7630=ORIENTED_EDGE('',*,*,#5297,.T.);
#7631=ORIENTED_EDGE('',*,*,#5511,.T.);
#7632=ORIENTED_EDGE('',*,*,#5298,.T.);
#7633=ORIENTED_EDGE('',*,*,#5510,.F.);
#7634=ORIENTED_EDGE('',*,*,#5046,.T.);
#7635=ORIENTED_EDGE('',*,*,#5511,.F.);
#7636=ORIENTED_EDGE('',*,*,#5048,.T.);
#7637=ORIENTED_EDGE('',*,*,#5512,.T.);
#7638=ORIENTED_EDGE('',*,*,#5299,.T.);
#7639=ORIENTED_EDGE('',*,*,#5513,.T.);
#7640=ORIENTED_EDGE('',*,*,#5300,.T.);
#7641=ORIENTED_EDGE('',*,*,#5512,.F.);
#7642=ORIENTED_EDGE('',*,*,#5050,.T.);
#7643=ORIENTED_EDGE('',*,*,#5513,.F.);
#7644=ORIENTED_EDGE('',*,*,#5514,.T.);
#7645=ORIENTED_EDGE('',*,*,#5515,.T.);
#7646=ORIENTED_EDGE('',*,*,#5301,.T.);
#7647=ORIENTED_EDGE('',*,*,#5516,.T.);
#7648=ORIENTED_EDGE('',*,*,#5302,.T.);
#7649=ORIENTED_EDGE('',*,*,#5515,.F.);
#7650=ORIENTED_EDGE('',*,*,#5517,.T.);
#7651=ORIENTED_EDGE('',*,*,#5508,.F.);
#7652=ORIENTED_EDGE('',*,*,#5303,.T.);
#7653=ORIENTED_EDGE('',*,*,#5516,.F.);
#7654=ORIENTED_EDGE('',*,*,#5518,.T.);
#7655=ORIENTED_EDGE('',*,*,#5036,.F.);
#7656=ORIENTED_EDGE('',*,*,#5044,.F.);
#7657=ORIENTED_EDGE('',*,*,#5509,.F.);
#7658=ORIENTED_EDGE('',*,*,#5519,.F.);
#7659=ORIENTED_EDGE('',*,*,#5520,.T.);
#7660=ORIENTED_EDGE('',*,*,#5274,.T.);
#7661=ORIENTED_EDGE('',*,*,#5521,.T.);
#7662=ORIENTED_EDGE('',*,*,#5522,.T.);
#7663=ORIENTED_EDGE('',*,*,#5520,.F.);
#7664=ORIENTED_EDGE('',*,*,#5523,.T.);
#7665=ORIENTED_EDGE('',*,*,#5524,.T.);
#7666=ORIENTED_EDGE('',*,*,#5275,.T.);
#7667=ORIENTED_EDGE('',*,*,#5525,.T.);
#7668=ORIENTED_EDGE('',*,*,#5276,.T.);
#7669=ORIENTED_EDGE('',*,*,#5524,.F.);
#7670=ORIENTED_EDGE('',*,*,#5526,.T.);
#7671=ORIENTED_EDGE('',*,*,#5525,.F.);
#7672=ORIENTED_EDGE('',*,*,#4982,.T.);
#7673=ORIENTED_EDGE('',*,*,#5527,.T.);
#7674=ORIENTED_EDGE('',*,*,#5277,.T.);
#7675=ORIENTED_EDGE('',*,*,#5528,.T.);
#7676=ORIENTED_EDGE('',*,*,#5278,.T.);
#7677=ORIENTED_EDGE('',*,*,#5527,.F.);
#7678=ORIENTED_EDGE('',*,*,#4985,.T.);
#7679=ORIENTED_EDGE('',*,*,#5521,.F.);
#7680=ORIENTED_EDGE('',*,*,#5279,.T.);
#7681=ORIENTED_EDGE('',*,*,#5528,.F.);
#7682=ORIENTED_EDGE('',*,*,#4987,.T.);
#7683=ORIENTED_EDGE('',*,*,#4977,.F.);
#7684=ORIENTED_EDGE('',*,*,#4983,.F.);
#7685=ORIENTED_EDGE('',*,*,#5526,.F.);
#7686=ORIENTED_EDGE('',*,*,#5529,.F.);
#7687=ORIENTED_EDGE('',*,*,#4975,.F.);
#7688=ORIENTED_EDGE('',*,*,#5529,.T.);
#7689=ORIENTED_EDGE('',*,*,#5523,.F.);
#7690=ORIENTED_EDGE('',*,*,#5530,.T.);
#7691=ORIENTED_EDGE('',*,*,#4973,.F.);
#7692=ORIENTED_EDGE('',*,*,#5530,.F.);
#7693=ORIENTED_EDGE('',*,*,#5522,.F.);
#7694=ORIENTED_EDGE('',*,*,#4986,.F.);
#7695=ORIENTED_EDGE('',*,*,#5531,.T.);
#7696=ORIENTED_EDGE('',*,*,#5288,.T.);
#7697=ORIENTED_EDGE('',*,*,#5532,.T.);
#7698=ORIENTED_EDGE('',*,*,#5533,.T.);
#7699=ORIENTED_EDGE('',*,*,#5531,.F.);
#7700=ORIENTED_EDGE('',*,*,#5534,.T.);
#7701=ORIENTED_EDGE('',*,*,#5535,.T.);
#7702=ORIENTED_EDGE('',*,*,#5289,.T.);
#7703=ORIENTED_EDGE('',*,*,#5536,.T.);
#7704=ORIENTED_EDGE('',*,*,#5290,.T.);
#7705=ORIENTED_EDGE('',*,*,#5535,.F.);
#7706=ORIENTED_EDGE('',*,*,#5537,.T.);
#7707=ORIENTED_EDGE('',*,*,#5536,.F.);
#7708=ORIENTED_EDGE('',*,*,#5538,.T.);
#7709=ORIENTED_EDGE('',*,*,#5539,.T.);
#7710=ORIENTED_EDGE('',*,*,#5291,.T.);
#7711=ORIENTED_EDGE('',*,*,#5540,.T.);
#7712=ORIENTED_EDGE('',*,*,#5292,.T.);
#7713=ORIENTED_EDGE('',*,*,#5539,.F.);
#7714=ORIENTED_EDGE('',*,*,#4961,.T.);
#7715=ORIENTED_EDGE('',*,*,#5540,.F.);
#7716=ORIENTED_EDGE('',*,*,#4964,.T.);
#7717=ORIENTED_EDGE('',*,*,#5541,.T.);
#7718=ORIENTED_EDGE('',*,*,#5293,.T.);
#7719=ORIENTED_EDGE('',*,*,#5542,.T.);
#7720=ORIENTED_EDGE('',*,*,#5294,.T.);
#7721=ORIENTED_EDGE('',*,*,#5541,.F.);
#7722=ORIENTED_EDGE('',*,*,#4966,.T.);
#7723=ORIENTED_EDGE('',*,*,#5532,.F.);
#7724=ORIENTED_EDGE('',*,*,#5295,.T.);
#7725=ORIENTED_EDGE('',*,*,#5542,.F.);
#7726=ORIENTED_EDGE('',*,*,#4968,.T.);
#7727=ORIENTED_EDGE('',*,*,#4954,.F.);
#7728=ORIENTED_EDGE('',*,*,#4962,.T.);
#7729=ORIENTED_EDGE('',*,*,#5538,.F.);
#7730=ORIENTED_EDGE('',*,*,#5543,.T.);
#7731=ORIENTED_EDGE('',*,*,#4952,.F.);
#7732=ORIENTED_EDGE('',*,*,#5543,.F.);
#7733=ORIENTED_EDGE('',*,*,#5537,.F.);
#7734=ORIENTED_EDGE('',*,*,#5544,.F.);
#7735=ORIENTED_EDGE('',*,*,#4950,.F.);
#7736=ORIENTED_EDGE('',*,*,#5544,.T.);
#7737=ORIENTED_EDGE('',*,*,#5534,.F.);
#7738=ORIENTED_EDGE('',*,*,#5545,.T.);
#7739=ORIENTED_EDGE('',*,*,#4948,.F.);
#7740=ORIENTED_EDGE('',*,*,#5545,.F.);
#7741=ORIENTED_EDGE('',*,*,#5533,.F.);
#7742=ORIENTED_EDGE('',*,*,#4967,.F.);
#7743=ORIENTED_EDGE('',*,*,#5546,.T.);
#7744=ORIENTED_EDGE('',*,*,#5280,.T.);
#7745=ORIENTED_EDGE('',*,*,#5547,.T.);
#7746=ORIENTED_EDGE('',*,*,#4854,.T.);
#7747=ORIENTED_EDGE('',*,*,#5546,.F.);
#7748=ORIENTED_EDGE('',*,*,#4856,.T.);
#7749=ORIENTED_EDGE('',*,*,#5548,.T.);
#7750=ORIENTED_EDGE('',*,*,#5281,.T.);
#7751=ORIENTED_EDGE('',*,*,#5549,.T.);
#7752=ORIENTED_EDGE('',*,*,#5282,.T.);
#7753=ORIENTED_EDGE('',*,*,#5548,.F.);
#7754=ORIENTED_EDGE('',*,*,#5550,.T.);
#7755=ORIENTED_EDGE('',*,*,#5549,.F.);
#7756=ORIENTED_EDGE('',*,*,#5551,.T.);
#7757=ORIENTED_EDGE('',*,*,#5552,.T.);
#7758=ORIENTED_EDGE('',*,*,#5283,.T.);
#7759=ORIENTED_EDGE('',*,*,#5553,.T.);
#7760=ORIENTED_EDGE('',*,*,#5284,.T.);
#7761=ORIENTED_EDGE('',*,*,#5552,.F.);
#7762=ORIENTED_EDGE('',*,*,#5554,.T.);
#7763=ORIENTED_EDGE('',*,*,#5553,.F.);
#7764=ORIENTED_EDGE('',*,*,#5555,.T.);
#7765=ORIENTED_EDGE('',*,*,#5556,.T.);
#7766=ORIENTED_EDGE('',*,*,#5285,.T.);
#7767=ORIENTED_EDGE('',*,*,#5557,.T.);
#7768=ORIENTED_EDGE('',*,*,#5286,.T.);
#7769=ORIENTED_EDGE('',*,*,#5556,.F.);
#7770=ORIENTED_EDGE('',*,*,#4849,.T.);
#7771=ORIENTED_EDGE('',*,*,#5547,.F.);
#7772=ORIENTED_EDGE('',*,*,#5287,.T.);
#7773=ORIENTED_EDGE('',*,*,#5557,.F.);
#7774=ORIENTED_EDGE('',*,*,#4852,.T.);
#7775=ORIENTED_EDGE('',*,*,#4845,.F.);
#7776=ORIENTED_EDGE('',*,*,#5558,.T.);
#7777=ORIENTED_EDGE('',*,*,#5551,.F.);
#7778=ORIENTED_EDGE('',*,*,#5559,.T.);
#7779=ORIENTED_EDGE('',*,*,#4847,.F.);
#7780=ORIENTED_EDGE('',*,*,#5559,.F.);
#7781=ORIENTED_EDGE('',*,*,#5550,.F.);
#7782=ORIENTED_EDGE('',*,*,#4855,.F.);
#7783=ORIENTED_EDGE('',*,*,#5081,.F.);
#7784=ORIENTED_EDGE('',*,*,#5430,.T.);
#7785=ORIENTED_EDGE('',*,*,#5428,.F.);
#7786=ORIENTED_EDGE('',*,*,#5087,.T.);
#7787=ORIENTED_EDGE('',*,*,#5153,.F.);
#7788=ORIENTED_EDGE('',*,*,#5159,.F.);
#7789=ORIENTED_EDGE('',*,*,#5391,.F.);
#7790=ORIENTED_EDGE('',*,*,#5394,.F.);
#7791=ORIENTED_EDGE('',*,*,#5014,.F.);
#7792=ORIENTED_EDGE('',*,*,#5021,.T.);
#7793=ORIENTED_EDGE('',*,*,#5455,.F.);
#7794=ORIENTED_EDGE('',*,*,#5560,.T.);
#7795=ORIENTED_EDGE('',*,*,#5011,.F.);
#7796=ORIENTED_EDGE('',*,*,#5561,.T.);
#7797=ORIENTED_EDGE('',*,*,#5458,.F.);
#7798=ORIENTED_EDGE('',*,*,#5024,.T.);
#7799=ORIENTED_EDGE('',*,*,#4841,.F.);
#7800=ORIENTED_EDGE('',*,*,#4850,.T.);
#7801=ORIENTED_EDGE('',*,*,#5555,.F.);
#7802=ORIENTED_EDGE('',*,*,#5562,.T.);
#7803=ORIENTED_EDGE('',*,*,#4872,.F.);
#7804=ORIENTED_EDGE('',*,*,#5218,.T.);
#7805=ORIENTED_EDGE('',*,*,#5214,.F.);
#7806=ORIENTED_EDGE('',*,*,#4880,.T.);
#7807=ORIENTED_EDGE('',*,*,#5058,.F.);
#7808=ORIENTED_EDGE('',*,*,#5065,.T.);
#7809=ORIENTED_EDGE('',*,*,#5419,.F.);
#7810=ORIENTED_EDGE('',*,*,#5563,.T.);
#7811=ORIENTED_EDGE('',*,*,#5062,.F.);
#7812=ORIENTED_EDGE('',*,*,#5564,.T.);
#7813=ORIENTED_EDGE('',*,*,#5415,.F.);
#7814=ORIENTED_EDGE('',*,*,#5068,.T.);
#7815=ORIENTED_EDGE('',*,*,#5060,.F.);
#7816=ORIENTED_EDGE('',*,*,#5563,.F.);
#7817=ORIENTED_EDGE('',*,*,#5418,.F.);
#7818=ORIENTED_EDGE('',*,*,#5564,.F.);
#7819=ORIENTED_EDGE('',*,*,#5104,.F.);
#7820=ORIENTED_EDGE('',*,*,#5410,.T.);
#7821=ORIENTED_EDGE('',*,*,#5407,.F.);
#7822=ORIENTED_EDGE('',*,*,#5112,.T.);
#7823=ORIENTED_EDGE('',*,*,#5041,.F.);
#7824=ORIENTED_EDGE('',*,*,#5565,.T.);
#7825=ORIENTED_EDGE('',*,*,#5514,.F.);
#7826=ORIENTED_EDGE('',*,*,#5049,.T.);
#7827=ORIENTED_EDGE('',*,*,#5039,.F.);
#7828=ORIENTED_EDGE('',*,*,#5566,.F.);
#7829=ORIENTED_EDGE('',*,*,#5517,.F.);
#7830=ORIENTED_EDGE('',*,*,#5565,.F.);
#7831=ORIENTED_EDGE('',*,*,#5037,.F.);
#7832=ORIENTED_EDGE('',*,*,#5519,.T.);
#7833=ORIENTED_EDGE('',*,*,#5518,.F.);
#7834=ORIENTED_EDGE('',*,*,#5566,.T.);
#7835=ORIENTED_EDGE('',*,*,#5133,.F.);
#7836=ORIENTED_EDGE('',*,*,#5449,.T.);
#7837=ORIENTED_EDGE('',*,*,#5445,.F.);
#7838=ORIENTED_EDGE('',*,*,#5143,.T.);
#7839=ORIENTED_EDGE('',*,*,#4657,.F.);
#7840=ORIENTED_EDGE('',*,*,#5567,.T.);
#7841=ORIENTED_EDGE('',*,*,#5505,.T.);
#7842=ORIENTED_EDGE('',*,*,#5567,.F.);
#7843=ORIENTED_EDGE('',*,*,#4677,.F.);
#7844=ORIENTED_EDGE('',*,*,#5568,.T.);
#7845=ORIENTED_EDGE('',*,*,#5501,.T.);
#7846=ORIENTED_EDGE('',*,*,#5568,.F.);
#7847=ORIENTED_EDGE('',*,*,#4667,.F.);
#7848=ORIENTED_EDGE('',*,*,#5569,.T.);
#7849=ORIENTED_EDGE('',*,*,#5497,.T.);
#7850=ORIENTED_EDGE('',*,*,#5569,.F.);
#7851=ORIENTED_EDGE('',*,*,#4646,.F.);
#7852=ORIENTED_EDGE('',*,*,#5570,.T.);
#7853=ORIENTED_EDGE('',*,*,#5493,.T.);
#7854=ORIENTED_EDGE('',*,*,#5570,.F.);
#7855=ORIENTED_EDGE('',*,*,#5190,.F.);
#7856=ORIENTED_EDGE('',*,*,#5489,.T.);
#7857=ORIENTED_EDGE('',*,*,#5183,.F.);
#7858=ORIENTED_EDGE('',*,*,#5485,.T.);
#7859=ORIENTED_EDGE('',*,*,#5176,.F.);
#7860=ORIENTED_EDGE('',*,*,#5481,.T.);
#7861=ORIENTED_EDGE('',*,*,#5171,.F.);
#7862=ORIENTED_EDGE('',*,*,#5477,.T.);
#7863=ORIENTED_EDGE('',*,*,#5013,.F.);
#7864=ORIENTED_EDGE('',*,*,#5560,.F.);
#7865=ORIENTED_EDGE('',*,*,#5457,.F.);
#7866=ORIENTED_EDGE('',*,*,#5561,.F.);
#7867=ORIENTED_EDGE('',*,*,#4843,.F.);
#7868=ORIENTED_EDGE('',*,*,#5562,.F.);
#7869=ORIENTED_EDGE('',*,*,#5554,.F.);
#7870=ORIENTED_EDGE('',*,*,#5558,.F.);
#7871=ORIENTED_EDGE('',*,*,#5571,.T.);
#7872=ORIENTED_EDGE('',*,*,#5572,.T.);
#7873=ORIENTED_EDGE('',*,*,#5573,.T.);
#7874=ORIENTED_EDGE('',*,*,#5574,.T.);
#7875=ORIENTED_EDGE('',*,*,#5575,.T.);
#7876=ORIENTED_EDGE('',*,*,#5576,.T.);
#7877=ORIENTED_EDGE('',*,*,#5572,.F.);
#7878=ORIENTED_EDGE('',*,*,#5577,.F.);
#7879=ORIENTED_EDGE('',*,*,#5578,.F.);
#7880=ORIENTED_EDGE('',*,*,#5579,.F.);
#7881=ORIENTED_EDGE('',*,*,#5571,.F.);
#7882=ORIENTED_EDGE('',*,*,#5580,.F.);
#7883=ORIENTED_EDGE('',*,*,#5581,.T.);
#7884=ORIENTED_EDGE('',*,*,#5582,.T.);
#7885=ORIENTED_EDGE('',*,*,#5577,.T.);
#7886=ORIENTED_EDGE('',*,*,#5576,.F.);
#7887=ORIENTED_EDGE('',*,*,#5583,.T.);
#7888=ORIENTED_EDGE('',*,*,#5584,.F.);
#7889=ORIENTED_EDGE('',*,*,#5585,.F.);
#7890=ORIENTED_EDGE('',*,*,#5586,.T.);
#7891=ORIENTED_EDGE('',*,*,#5580,.T.);
#7892=ORIENTED_EDGE('',*,*,#5584,.T.);
#7893=ORIENTED_EDGE('',*,*,#5587,.T.);
#7894=ORIENTED_EDGE('',*,*,#5588,.T.);
#7895=ORIENTED_EDGE('',*,*,#5589,.T.);
#7896=ORIENTED_EDGE('',*,*,#5590,.T.);
#7897=ORIENTED_EDGE('',*,*,#5591,.T.);
#7898=ORIENTED_EDGE('',*,*,#5590,.F.);
#7899=ORIENTED_EDGE('',*,*,#5592,.T.);
#7900=ORIENTED_EDGE('',*,*,#5593,.T.);
#7901=ORIENTED_EDGE('',*,*,#5594,.F.);
#7902=ORIENTED_EDGE('',*,*,#5573,.F.);
#7903=ORIENTED_EDGE('',*,*,#5579,.T.);
#7904=ORIENTED_EDGE('',*,*,#5595,.T.);
#7905=ORIENTED_EDGE('',*,*,#5596,.F.);
#7906=ORIENTED_EDGE('',*,*,#5597,.F.);
#7907=ORIENTED_EDGE('',*,*,#5592,.F.);
#7908=ORIENTED_EDGE('',*,*,#5589,.F.);
#7909=ORIENTED_EDGE('',*,*,#5598,.F.);
#7910=ORIENTED_EDGE('',*,*,#5574,.F.);
#7911=ORIENTED_EDGE('',*,*,#5598,.T.);
#7912=ORIENTED_EDGE('',*,*,#5588,.F.);
#7913=ORIENTED_EDGE('',*,*,#5599,.T.);
#7914=ORIENTED_EDGE('',*,*,#5591,.F.);
#7915=ORIENTED_EDGE('',*,*,#5594,.T.);
#7916=ORIENTED_EDGE('',*,*,#5600,.F.);
#7917=ORIENTED_EDGE('',*,*,#5601,.T.);
#7918=ORIENTED_EDGE('',*,*,#5585,.T.);
#7919=ORIENTED_EDGE('',*,*,#5602,.T.);
#7920=ORIENTED_EDGE('',*,*,#5603,.T.);
#7921=ORIENTED_EDGE('',*,*,#5604,.T.);
#7922=ORIENTED_EDGE('',*,*,#5582,.F.);
#7923=ORIENTED_EDGE('',*,*,#5603,.F.);
#7924=ORIENTED_EDGE('',*,*,#5605,.T.);
#7925=ORIENTED_EDGE('',*,*,#5606,.T.);
#7926=ORIENTED_EDGE('',*,*,#5607,.T.);
#7927=ORIENTED_EDGE('',*,*,#5608,.T.);
#7928=ORIENTED_EDGE('',*,*,#5606,.F.);
#7929=ORIENTED_EDGE('',*,*,#5609,.T.);
#7930=ORIENTED_EDGE('',*,*,#5600,.T.);
#7931=ORIENTED_EDGE('',*,*,#5607,.F.);
#7932=ORIENTED_EDGE('',*,*,#5610,.F.);
#7933=ORIENTED_EDGE('',*,*,#5611,.F.);
#7934=ORIENTED_EDGE('',*,*,#5612,.T.);
#7935=ORIENTED_EDGE('',*,*,#5608,.F.);
#7936=ORIENTED_EDGE('',*,*,#5593,.F.);
#7937=ORIENTED_EDGE('',*,*,#5597,.T.);
#7938=ORIENTED_EDGE('',*,*,#5613,.F.);
#7939=ORIENTED_EDGE('',*,*,#5610,.T.);
#7940=ORIENTED_EDGE('',*,*,#5601,.F.);
#7941=ORIENTED_EDGE('',*,*,#5609,.F.);
#7942=ORIENTED_EDGE('',*,*,#5605,.F.);
#7943=ORIENTED_EDGE('',*,*,#5602,.F.);
#7944=ORIENTED_EDGE('',*,*,#5581,.F.);
#7945=ORIENTED_EDGE('',*,*,#5586,.F.);
#7946=ORIENTED_EDGE('',*,*,#5614,.T.);
#7947=ORIENTED_EDGE('',*,*,#5615,.T.);
#7948=ORIENTED_EDGE('',*,*,#5616,.F.);
#7949=ORIENTED_EDGE('',*,*,#5613,.T.);
#7950=ORIENTED_EDGE('',*,*,#5596,.T.);
#7951=ORIENTED_EDGE('',*,*,#5617,.F.);
#7952=ORIENTED_EDGE('',*,*,#5618,.T.);
#7953=ORIENTED_EDGE('',*,*,#5614,.F.);
#7954=ORIENTED_EDGE('',*,*,#5619,.T.);
#7955=ORIENTED_EDGE('',*,*,#5617,.T.);
#7956=ORIENTED_EDGE('',*,*,#5619,.F.);
#7957=ORIENTED_EDGE('',*,*,#5618,.F.);
#7958=ORIENTED_EDGE('',*,*,#5620,.T.);
#7959=ORIENTED_EDGE('',*,*,#5621,.F.);
#7960=ORIENTED_EDGE('',*,*,#5620,.F.);
#7961=ORIENTED_EDGE('',*,*,#5575,.F.);
#7962=ORIENTED_EDGE('',*,*,#5599,.F.);
#7963=ORIENTED_EDGE('',*,*,#5587,.F.);
#7964=ORIENTED_EDGE('',*,*,#5583,.F.);
#7965=ORIENTED_EDGE('',*,*,#5604,.F.);
#7966=ORIENTED_EDGE('',*,*,#5612,.F.);
#7967=ORIENTED_EDGE('',*,*,#5615,.F.);
#7968=ORIENTED_EDGE('',*,*,#5595,.F.);
#7969=ORIENTED_EDGE('',*,*,#5578,.T.);
#7970=ORIENTED_EDGE('',*,*,#5616,.T.);
#7971=ORIENTED_EDGE('',*,*,#5611,.T.);
#7972=ORIENTED_EDGE('',*,*,#5621,.T.);
#7973=ORIENTED_EDGE('',*,*,#5622,.F.);
#7974=ORIENTED_EDGE('',*,*,#5623,.T.);
#7975=ORIENTED_EDGE('',*,*,#5624,.T.);
#7976=ORIENTED_EDGE('',*,*,#5625,.F.);
#7977=ORIENTED_EDGE('',*,*,#5626,.T.);
#7978=ORIENTED_EDGE('',*,*,#5627,.T.);
#7979=ORIENTED_EDGE('',*,*,#5626,.F.);
#7980=ORIENTED_EDGE('',*,*,#5628,.F.);
#7981=ORIENTED_EDGE('',*,*,#5629,.T.);
#7982=ORIENTED_EDGE('',*,*,#5630,.T.);
#7983=ORIENTED_EDGE('',*,*,#5631,.F.);
#7984=ORIENTED_EDGE('',*,*,#5632,.F.);
#7985=ORIENTED_EDGE('',*,*,#5633,.T.);
#7986=ORIENTED_EDGE('',*,*,#5634,.F.);
#7987=ORIENTED_EDGE('',*,*,#5635,.T.);
#7988=ORIENTED_EDGE('',*,*,#5636,.T.);
#7989=ORIENTED_EDGE('',*,*,#5637,.F.);
#7990=ORIENTED_EDGE('',*,*,#5638,.T.);
#7991=ORIENTED_EDGE('',*,*,#5639,.T.);
#7992=ORIENTED_EDGE('',*,*,#5640,.T.);
#7993=ORIENTED_EDGE('',*,*,#5641,.T.);
#7994=ORIENTED_EDGE('',*,*,#5642,.T.);
#7995=ORIENTED_EDGE('',*,*,#5643,.T.);
#7996=ORIENTED_EDGE('',*,*,#5644,.T.);
#7997=ORIENTED_EDGE('',*,*,#5645,.T.);
#7998=ORIENTED_EDGE('',*,*,#5646,.T.);
#7999=ORIENTED_EDGE('',*,*,#5647,.T.);
#8000=ORIENTED_EDGE('',*,*,#5648,.T.);
#8001=ORIENTED_EDGE('',*,*,#5649,.T.);
#8002=ORIENTED_EDGE('',*,*,#5650,.T.);
#8003=ORIENTED_EDGE('',*,*,#5651,.T.);
#8004=ORIENTED_EDGE('',*,*,#5652,.T.);
#8005=ORIENTED_EDGE('',*,*,#5653,.T.);
#8006=ORIENTED_EDGE('',*,*,#5654,.T.);
#8007=ORIENTED_EDGE('',*,*,#5655,.T.);
#8008=ORIENTED_EDGE('',*,*,#5656,.T.);
#8009=ORIENTED_EDGE('',*,*,#5657,.T.);
#8010=ORIENTED_EDGE('',*,*,#5658,.T.);
#8011=ORIENTED_EDGE('',*,*,#5659,.T.);
#8012=ORIENTED_EDGE('',*,*,#5660,.T.);
#8013=ORIENTED_EDGE('',*,*,#5661,.T.);
#8014=ORIENTED_EDGE('',*,*,#5662,.T.);
#8015=ORIENTED_EDGE('',*,*,#5663,.F.);
#8016=ORIENTED_EDGE('',*,*,#5664,.T.);
#8017=ORIENTED_EDGE('',*,*,#5665,.T.);
#8018=ORIENTED_EDGE('',*,*,#5666,.F.);
#8019=ORIENTED_EDGE('',*,*,#5667,.T.);
#8020=ORIENTED_EDGE('',*,*,#5631,.T.);
#8021=ORIENTED_EDGE('',*,*,#5668,.T.);
#8022=ORIENTED_EDGE('',*,*,#5669,.T.);
#8023=ORIENTED_EDGE('',*,*,#5670,.F.);
#8024=ORIENTED_EDGE('',*,*,#5671,.T.);
#8025=ORIENTED_EDGE('',*,*,#5672,.T.);
#8026=ORIENTED_EDGE('',*,*,#5673,.F.);
#8027=ORIENTED_EDGE('',*,*,#5671,.F.);
#8028=ORIENTED_EDGE('',*,*,#5674,.T.);
#8029=ORIENTED_EDGE('',*,*,#5675,.F.);
#8030=ORIENTED_EDGE('',*,*,#5676,.T.);
#8031=ORIENTED_EDGE('',*,*,#5677,.F.);
#8032=ORIENTED_EDGE('',*,*,#5676,.F.);
#8033=ORIENTED_EDGE('',*,*,#5678,.F.);
#8034=ORIENTED_EDGE('',*,*,#5679,.F.);
#8035=ORIENTED_EDGE('',*,*,#5663,.T.);
#8036=ORIENTED_EDGE('',*,*,#5680,.T.);
#8037=ORIENTED_EDGE('',*,*,#5681,.T.);
#8038=ORIENTED_EDGE('',*,*,#5682,.T.);
#8039=ORIENTED_EDGE('',*,*,#5683,.T.);
#8040=ORIENTED_EDGE('',*,*,#5684,.T.);
#8041=ORIENTED_EDGE('',*,*,#5685,.T.);
#8042=ORIENTED_EDGE('',*,*,#5680,.F.);
#8043=ORIENTED_EDGE('',*,*,#5686,.T.);
#8044=ORIENTED_EDGE('',*,*,#5687,.T.);
#8045=ORIENTED_EDGE('',*,*,#5688,.T.);
#8046=ORIENTED_EDGE('',*,*,#5689,.T.);
#8047=ORIENTED_EDGE('',*,*,#5690,.T.);
#8048=ORIENTED_EDGE('',*,*,#5691,.F.);
#8049=ORIENTED_EDGE('',*,*,#5692,.T.);
#8050=ORIENTED_EDGE('',*,*,#5693,.T.);
#8051=ORIENTED_EDGE('',*,*,#5694,.T.);
#8052=ORIENTED_EDGE('',*,*,#5687,.F.);
#8053=ORIENTED_EDGE('',*,*,#5695,.T.);
#8054=ORIENTED_EDGE('',*,*,#5696,.T.);
#8055=ORIENTED_EDGE('',*,*,#5689,.F.);
#8056=ORIENTED_EDGE('',*,*,#5697,.T.);
#8057=ORIENTED_EDGE('',*,*,#5684,.F.);
#8058=ORIENTED_EDGE('',*,*,#5698,.T.);
#8059=ORIENTED_EDGE('',*,*,#5692,.F.);
#8060=ORIENTED_EDGE('',*,*,#5699,.T.);
#8061=ORIENTED_EDGE('',*,*,#5700,.T.);
#8062=ORIENTED_EDGE('',*,*,#5701,.T.);
#8063=ORIENTED_EDGE('',*,*,#5702,.T.);
#8064=ORIENTED_EDGE('',*,*,#5703,.F.);
#8065=ORIENTED_EDGE('',*,*,#5704,.T.);
#8066=ORIENTED_EDGE('',*,*,#5690,.F.);
#8067=ORIENTED_EDGE('',*,*,#5705,.T.);
#8068=ORIENTED_EDGE('',*,*,#5706,.T.);
#8069=ORIENTED_EDGE('',*,*,#5695,.F.);
#8070=ORIENTED_EDGE('',*,*,#5681,.F.);
#8071=ORIENTED_EDGE('',*,*,#5685,.F.);
#8072=ORIENTED_EDGE('',*,*,#5707,.T.);
#8073=ORIENTED_EDGE('',*,*,#5708,.F.);
#8074=ORIENTED_EDGE('',*,*,#5709,.T.);
#8075=ORIENTED_EDGE('',*,*,#5697,.F.);
#8076=ORIENTED_EDGE('',*,*,#5688,.F.);
#8077=ORIENTED_EDGE('',*,*,#5710,.F.);
#8078=ORIENTED_EDGE('',*,*,#5711,.F.);
#8079=ORIENTED_EDGE('',*,*,#5707,.F.);
#8080=ORIENTED_EDGE('',*,*,#5712,.T.);
#8081=ORIENTED_EDGE('',*,*,#5637,.T.);
#8082=ORIENTED_EDGE('',*,*,#5713,.T.);
#8083=ORIENTED_EDGE('',*,*,#5714,.F.);
#8084=ORIENTED_EDGE('',*,*,#5715,.F.);
#8085=ORIENTED_EDGE('',*,*,#5716,.T.);
#8086=ORIENTED_EDGE('',*,*,#5717,.T.);
#8087=ORIENTED_EDGE('',*,*,#5718,.T.);
#8088=ORIENTED_EDGE('',*,*,#5719,.T.);
#8089=ORIENTED_EDGE('',*,*,#5717,.F.);
#8090=ORIENTED_EDGE('',*,*,#5720,.T.);
#8091=ORIENTED_EDGE('',*,*,#5721,.T.);
#8092=ORIENTED_EDGE('',*,*,#5722,.T.);
#8093=ORIENTED_EDGE('',*,*,#5723,.T.);
#8094=ORIENTED_EDGE('',*,*,#5724,.T.);
#8095=ORIENTED_EDGE('',*,*,#5725,.T.);
#8096=ORIENTED_EDGE('',*,*,#5703,.T.);
#8097=ORIENTED_EDGE('',*,*,#5726,.T.);
#8098=ORIENTED_EDGE('',*,*,#5727,.T.);
#8099=ORIENTED_EDGE('',*,*,#5728,.T.);
#8100=ORIENTED_EDGE('',*,*,#5729,.T.);
#8101=ORIENTED_EDGE('',*,*,#5723,.F.);
#8102=ORIENTED_EDGE('',*,*,#5730,.T.);
#8103=ORIENTED_EDGE('',*,*,#5721,.F.);
#8104=ORIENTED_EDGE('',*,*,#5731,.T.);
#8105=ORIENTED_EDGE('',*,*,#5728,.F.);
#8106=ORIENTED_EDGE('',*,*,#5732,.T.);
#8107=ORIENTED_EDGE('',*,*,#5677,.T.);
#8108=ORIENTED_EDGE('',*,*,#5733,.T.);
#8109=ORIENTED_EDGE('',*,*,#5734,.T.);
#8110=ORIENTED_EDGE('',*,*,#5733,.F.);
#8111=ORIENTED_EDGE('',*,*,#5734,.F.);
#8112=ORIENTED_EDGE('',*,*,#5735,.F.);
#8113=ORIENTED_EDGE('',*,*,#5736,.T.);
#8114=ORIENTED_EDGE('',*,*,#5737,.T.);
#8115=ORIENTED_EDGE('',*,*,#5738,.T.);
#8116=ORIENTED_EDGE('',*,*,#5737,.F.);
#8117=ORIENTED_EDGE('',*,*,#5738,.F.);
#8118=ORIENTED_EDGE('',*,*,#5739,.F.);
#8119=ORIENTED_EDGE('',*,*,#5740,.T.);
#8120=ORIENTED_EDGE('',*,*,#5741,.F.);
#8121=ORIENTED_EDGE('',*,*,#5742,.F.);
#8122=ORIENTED_EDGE('',*,*,#5743,.T.);
#8123=ORIENTED_EDGE('',*,*,#5736,.F.);
#8124=ORIENTED_EDGE('',*,*,#5743,.F.);
#8125=ORIENTED_EDGE('',*,*,#5623,.F.);
#8126=ORIENTED_EDGE('',*,*,#5744,.T.);
#8127=ORIENTED_EDGE('',*,*,#5745,.T.);
#8128=ORIENTED_EDGE('',*,*,#5746,.T.);
#8129=ORIENTED_EDGE('',*,*,#5747,.T.);
#8130=ORIENTED_EDGE('',*,*,#5746,.F.);
#8131=ORIENTED_EDGE('',*,*,#5748,.T.);
#8132=ORIENTED_EDGE('',*,*,#5749,.T.);
#8133=ORIENTED_EDGE('',*,*,#5750,.T.);
#8134=ORIENTED_EDGE('',*,*,#5751,.T.);
#8135=ORIENTED_EDGE('',*,*,#5752,.T.);
#8136=ORIENTED_EDGE('',*,*,#5744,.F.);
#8137=ORIENTED_EDGE('',*,*,#5753,.T.);
#8138=ORIENTED_EDGE('',*,*,#5754,.T.);
#8139=ORIENTED_EDGE('',*,*,#5755,.T.);
#8140=ORIENTED_EDGE('',*,*,#5749,.F.);
#8141=ORIENTED_EDGE('',*,*,#5756,.T.);
#8142=ORIENTED_EDGE('',*,*,#5757,.T.);
#8143=ORIENTED_EDGE('',*,*,#5758,.T.);
#8144=ORIENTED_EDGE('',*,*,#5751,.F.);
#8145=ORIENTED_EDGE('',*,*,#5759,.T.);
#8146=ORIENTED_EDGE('',*,*,#5754,.F.);
#8147=ORIENTED_EDGE('',*,*,#5708,.T.);
#8148=ORIENTED_EDGE('',*,*,#5760,.T.);
#8149=ORIENTED_EDGE('',*,*,#5761,.T.);
#8150=ORIENTED_EDGE('',*,*,#5762,.T.);
#8151=ORIENTED_EDGE('',*,*,#5763,.T.);
#8152=ORIENTED_EDGE('',*,*,#5757,.F.);
#8153=ORIENTED_EDGE('',*,*,#5764,.T.);
#8154=ORIENTED_EDGE('',*,*,#5760,.F.);
#8155=ORIENTED_EDGE('',*,*,#5711,.T.);
#8156=ORIENTED_EDGE('',*,*,#5762,.F.);
#8157=ORIENTED_EDGE('',*,*,#5765,.T.);
#8158=ORIENTED_EDGE('',*,*,#5756,.F.);
#8159=ORIENTED_EDGE('',*,*,#5766,.F.);
#8160=ORIENTED_EDGE('',*,*,#5767,.F.);
#8161=ORIENTED_EDGE('',*,*,#5768,.F.);
#8162=ORIENTED_EDGE('',*,*,#5682,.F.);
#8163=ORIENTED_EDGE('',*,*,#5709,.F.);
#8164=ORIENTED_EDGE('',*,*,#5748,.F.);
#8165=ORIENTED_EDGE('',*,*,#5769,.T.);
#8166=ORIENTED_EDGE('',*,*,#5770,.F.);
#8167=ORIENTED_EDGE('',*,*,#5766,.T.);
#8168=ORIENTED_EDGE('',*,*,#5745,.F.);
#8169=ORIENTED_EDGE('',*,*,#5771,.T.);
#8170=ORIENTED_EDGE('',*,*,#5772,.F.);
#8171=ORIENTED_EDGE('',*,*,#5769,.F.);
#8172=ORIENTED_EDGE('',*,*,#5747,.F.);
#8173=ORIENTED_EDGE('',*,*,#5750,.F.);
#8174=ORIENTED_EDGE('',*,*,#5755,.F.);
#8175=ORIENTED_EDGE('',*,*,#5761,.F.);
#8176=ORIENTED_EDGE('',*,*,#5765,.F.);
#8177=ORIENTED_EDGE('',*,*,#5764,.F.);
#8178=ORIENTED_EDGE('',*,*,#5759,.F.);
#8179=ORIENTED_EDGE('',*,*,#5753,.F.);
#8180=ORIENTED_EDGE('',*,*,#5773,.T.);
#8181=ORIENTED_EDGE('',*,*,#5774,.T.);
#8182=ORIENTED_EDGE('',*,*,#5775,.T.);
#8183=ORIENTED_EDGE('',*,*,#5776,.T.);
#8184=ORIENTED_EDGE('',*,*,#5775,.F.);
#8185=ORIENTED_EDGE('',*,*,#5777,.T.);
#8186=ORIENTED_EDGE('',*,*,#5778,.T.);
#8187=ORIENTED_EDGE('',*,*,#5779,.T.);
#8188=ORIENTED_EDGE('',*,*,#5780,.T.);
#8189=ORIENTED_EDGE('',*,*,#5781,.T.);
#8190=ORIENTED_EDGE('',*,*,#5773,.F.);
#8191=ORIENTED_EDGE('',*,*,#5782,.T.);
#8192=ORIENTED_EDGE('',*,*,#5783,.T.);
#8193=ORIENTED_EDGE('',*,*,#5784,.T.);
#8194=ORIENTED_EDGE('',*,*,#5778,.F.);
#8195=ORIENTED_EDGE('',*,*,#5785,.T.);
#8196=ORIENTED_EDGE('',*,*,#5786,.T.);
#8197=ORIENTED_EDGE('',*,*,#5787,.T.);
#8198=ORIENTED_EDGE('',*,*,#5780,.F.);
#8199=ORIENTED_EDGE('',*,*,#5788,.T.);
#8200=ORIENTED_EDGE('',*,*,#5783,.F.);
#8201=ORIENTED_EDGE('',*,*,#5789,.T.);
#8202=ORIENTED_EDGE('',*,*,#5790,.T.);
#8203=ORIENTED_EDGE('',*,*,#5791,.T.);
#8204=ORIENTED_EDGE('',*,*,#5792,.T.);
#8205=ORIENTED_EDGE('',*,*,#5793,.T.);
#8206=ORIENTED_EDGE('',*,*,#5786,.F.);
#8207=ORIENTED_EDGE('',*,*,#5794,.T.);
#8208=ORIENTED_EDGE('',*,*,#5790,.F.);
#8209=ORIENTED_EDGE('',*,*,#5795,.T.);
#8210=ORIENTED_EDGE('',*,*,#5792,.F.);
#8211=ORIENTED_EDGE('',*,*,#5796,.T.);
#8212=ORIENTED_EDGE('',*,*,#5729,.F.);
#8213=ORIENTED_EDGE('',*,*,#5797,.T.);
#8214=ORIENTED_EDGE('',*,*,#5789,.F.);
#8215=ORIENTED_EDGE('',*,*,#5798,.T.);
#8216=ORIENTED_EDGE('',*,*,#5724,.F.);
#8217=ORIENTED_EDGE('',*,*,#5785,.F.);
#8218=ORIENTED_EDGE('',*,*,#5799,.T.);
#8219=ORIENTED_EDGE('',*,*,#5800,.F.);
#8220=ORIENTED_EDGE('',*,*,#5801,.F.);
#8221=ORIENTED_EDGE('',*,*,#5725,.F.);
#8222=ORIENTED_EDGE('',*,*,#5798,.F.);
#8223=ORIENTED_EDGE('',*,*,#5777,.F.);
#8224=ORIENTED_EDGE('',*,*,#5802,.T.);
#8225=ORIENTED_EDGE('',*,*,#5803,.F.);
#8226=ORIENTED_EDGE('',*,*,#5799,.F.);
#8227=ORIENTED_EDGE('',*,*,#5774,.F.);
#8228=ORIENTED_EDGE('',*,*,#5804,.T.);
#8229=ORIENTED_EDGE('',*,*,#5805,.F.);
#8230=ORIENTED_EDGE('',*,*,#5802,.F.);
#8231=ORIENTED_EDGE('',*,*,#5776,.F.);
#8232=ORIENTED_EDGE('',*,*,#5779,.F.);
#8233=ORIENTED_EDGE('',*,*,#5784,.F.);
#8234=ORIENTED_EDGE('',*,*,#5791,.F.);
#8235=ORIENTED_EDGE('',*,*,#5796,.F.);
#8236=ORIENTED_EDGE('',*,*,#5794,.F.);
#8237=ORIENTED_EDGE('',*,*,#5788,.F.);
#8238=ORIENTED_EDGE('',*,*,#5782,.F.);
#8239=ORIENTED_EDGE('',*,*,#5806,.T.);
#8240=ORIENTED_EDGE('',*,*,#5807,.T.);
#8241=ORIENTED_EDGE('',*,*,#5808,.T.);
#8242=ORIENTED_EDGE('',*,*,#5807,.F.);
#8243=ORIENTED_EDGE('',*,*,#5809,.F.);
#8244=ORIENTED_EDGE('',*,*,#5810,.F.);
#8245=ORIENTED_EDGE('',*,*,#5811,.F.);
#8246=ORIENTED_EDGE('',*,*,#5812,.F.);
#8247=ORIENTED_EDGE('',*,*,#5813,.F.);
#8248=ORIENTED_EDGE('',*,*,#5814,.F.);
#8249=ORIENTED_EDGE('',*,*,#5815,.F.);
#8250=ORIENTED_EDGE('',*,*,#5816,.F.);
#8251=ORIENTED_EDGE('',*,*,#5817,.F.);
#8252=ORIENTED_EDGE('',*,*,#5818,.F.);
#8253=ORIENTED_EDGE('',*,*,#5819,.F.);
#8254=ORIENTED_EDGE('',*,*,#5820,.F.);
#8255=ORIENTED_EDGE('',*,*,#5821,.F.);
#8256=ORIENTED_EDGE('',*,*,#5822,.F.);
#8257=ORIENTED_EDGE('',*,*,#5823,.F.);
#8258=ORIENTED_EDGE('',*,*,#5824,.F.);
#8259=ORIENTED_EDGE('',*,*,#5825,.F.);
#8260=ORIENTED_EDGE('',*,*,#5826,.F.);
#8261=ORIENTED_EDGE('',*,*,#5827,.F.);
#8262=ORIENTED_EDGE('',*,*,#5828,.F.);
#8263=ORIENTED_EDGE('',*,*,#5829,.F.);
#8264=ORIENTED_EDGE('',*,*,#5830,.F.);
#8265=ORIENTED_EDGE('',*,*,#5831,.F.);
#8266=ORIENTED_EDGE('',*,*,#5832,.F.);
#8267=ORIENTED_EDGE('',*,*,#5833,.F.);
#8268=ORIENTED_EDGE('',*,*,#5834,.F.);
#8269=ORIENTED_EDGE('',*,*,#5835,.F.);
#8270=ORIENTED_EDGE('',*,*,#5836,.F.);
#8271=ORIENTED_EDGE('',*,*,#5837,.F.);
#8272=ORIENTED_EDGE('',*,*,#5838,.F.);
#8273=ORIENTED_EDGE('',*,*,#5839,.F.);
#8274=ORIENTED_EDGE('',*,*,#5840,.F.);
#8275=ORIENTED_EDGE('',*,*,#5841,.F.);
#8276=ORIENTED_EDGE('',*,*,#5842,.T.);
#8277=ORIENTED_EDGE('',*,*,#5843,.T.);
#8278=ORIENTED_EDGE('',*,*,#5844,.T.);
#8279=ORIENTED_EDGE('',*,*,#5845,.T.);
#8280=ORIENTED_EDGE('',*,*,#5846,.T.);
#8281=ORIENTED_EDGE('',*,*,#5847,.T.);
#8282=ORIENTED_EDGE('',*,*,#5848,.T.);
#8283=ORIENTED_EDGE('',*,*,#5849,.T.);
#8284=ORIENTED_EDGE('',*,*,#5850,.T.);
#8285=ORIENTED_EDGE('',*,*,#5851,.F.);
#8286=ORIENTED_EDGE('',*,*,#5852,.F.);
#8287=ORIENTED_EDGE('',*,*,#5806,.F.);
#8288=ORIENTED_EDGE('',*,*,#5808,.F.);
#8289=ORIENTED_EDGE('',*,*,#5853,.T.);
#8290=ORIENTED_EDGE('',*,*,#5739,.T.);
#8291=ORIENTED_EDGE('',*,*,#5853,.F.);
#8292=ORIENTED_EDGE('',*,*,#5839,.T.);
#8293=ORIENTED_EDGE('',*,*,#5854,.T.);
#8294=ORIENTED_EDGE('',*,*,#5855,.T.);
#8295=ORIENTED_EDGE('',*,*,#5854,.F.);
#8296=ORIENTED_EDGE('',*,*,#5855,.F.);
#8297=ORIENTED_EDGE('',*,*,#5856,.T.);
#8298=ORIENTED_EDGE('',*,*,#5735,.T.);
#8299=ORIENTED_EDGE('',*,*,#5856,.F.);
#8300=ORIENTED_EDGE('',*,*,#5852,.T.);
#8301=ORIENTED_EDGE('',*,*,#5857,.T.);
#8302=ORIENTED_EDGE('',*,*,#5858,.T.);
#8303=ORIENTED_EDGE('',*,*,#5857,.F.);
#8304=ORIENTED_EDGE('',*,*,#5858,.F.);
#8305=ORIENTED_EDGE('',*,*,#5859,.T.);
#8306=ORIENTED_EDGE('',*,*,#5860,.F.);
#8307=ORIENTED_EDGE('',*,*,#5859,.F.);
#8308=ORIENTED_EDGE('',*,*,#5840,.T.);
#8309=ORIENTED_EDGE('',*,*,#5861,.T.);
#8310=ORIENTED_EDGE('',*,*,#5862,.T.);
#8311=ORIENTED_EDGE('',*,*,#5861,.F.);
#8312=ORIENTED_EDGE('',*,*,#5862,.F.);
#8313=ORIENTED_EDGE('',*,*,#5863,.T.);
#8314=ORIENTED_EDGE('',*,*,#5864,.F.);
#8315=ORIENTED_EDGE('',*,*,#5863,.F.);
#8316=ORIENTED_EDGE('',*,*,#5851,.T.);
#8317=ORIENTED_EDGE('',*,*,#5865,.T.);
#8318=ORIENTED_EDGE('',*,*,#5866,.T.);
#8319=ORIENTED_EDGE('',*,*,#5865,.F.);
#8320=ORIENTED_EDGE('',*,*,#5866,.F.);
#8321=ORIENTED_EDGE('',*,*,#5867,.T.);
#8322=ORIENTED_EDGE('',*,*,#5868,.F.);
#8323=ORIENTED_EDGE('',*,*,#5867,.F.);
#8324=ORIENTED_EDGE('',*,*,#5841,.T.);
#8325=ORIENTED_EDGE('',*,*,#5869,.T.);
#8326=ORIENTED_EDGE('',*,*,#5870,.T.);
#8327=ORIENTED_EDGE('',*,*,#5869,.F.);
#8328=ORIENTED_EDGE('',*,*,#5870,.F.);
#8329=ORIENTED_EDGE('',*,*,#5871,.T.);
#8330=ORIENTED_EDGE('',*,*,#5872,.F.);
#8331=ORIENTED_EDGE('',*,*,#5871,.F.);
#8332=ORIENTED_EDGE('',*,*,#5873,.T.);
#8333=ORIENTED_EDGE('',*,*,#5809,.T.);
#8334=ORIENTED_EDGE('',*,*,#5874,.T.);
#8335=ORIENTED_EDGE('',*,*,#5875,.T.);
#8336=ORIENTED_EDGE('',*,*,#5874,.F.);
#8337=ORIENTED_EDGE('',*,*,#5838,.T.);
#8338=ORIENTED_EDGE('',*,*,#5876,.T.);
#8339=ORIENTED_EDGE('',*,*,#5877,.T.);
#8340=ORIENTED_EDGE('',*,*,#5878,.T.);
#8341=ORIENTED_EDGE('',*,*,#5810,.T.);
#8342=ORIENTED_EDGE('',*,*,#5873,.F.);
#8343=ORIENTED_EDGE('',*,*,#5800,.T.);
#8344=ORIENTED_EDGE('',*,*,#5876,.F.);
#8345=ORIENTED_EDGE('',*,*,#5837,.T.);
#8346=ORIENTED_EDGE('',*,*,#5879,.T.);
#8347=ORIENTED_EDGE('',*,*,#5880,.T.);
#8348=ORIENTED_EDGE('',*,*,#5881,.T.);
#8349=ORIENTED_EDGE('',*,*,#5811,.T.);
#8350=ORIENTED_EDGE('',*,*,#5878,.F.);
#8351=ORIENTED_EDGE('',*,*,#5803,.T.);
#8352=ORIENTED_EDGE('',*,*,#5879,.F.);
#8353=ORIENTED_EDGE('',*,*,#5836,.T.);
#8354=ORIENTED_EDGE('',*,*,#5882,.T.);
#8355=ORIENTED_EDGE('',*,*,#5772,.T.);
#8356=ORIENTED_EDGE('',*,*,#5883,.T.);
#8357=ORIENTED_EDGE('',*,*,#5812,.T.);
#8358=ORIENTED_EDGE('',*,*,#5881,.F.);
#8359=ORIENTED_EDGE('',*,*,#5805,.T.);
#8360=ORIENTED_EDGE('',*,*,#5882,.F.);
#8361=ORIENTED_EDGE('',*,*,#5835,.T.);
#8362=ORIENTED_EDGE('',*,*,#5884,.T.);
#8363=ORIENTED_EDGE('',*,*,#5770,.T.);
#8364=ORIENTED_EDGE('',*,*,#5885,.T.);
#8365=ORIENTED_EDGE('',*,*,#5813,.T.);
#8366=ORIENTED_EDGE('',*,*,#5883,.F.);
#8367=ORIENTED_EDGE('',*,*,#5886,.T.);
#8368=ORIENTED_EDGE('',*,*,#5884,.F.);
#8369=ORIENTED_EDGE('',*,*,#5834,.T.);
#8370=ORIENTED_EDGE('',*,*,#5887,.T.);
#8371=ORIENTED_EDGE('',*,*,#5767,.T.);
#8372=ORIENTED_EDGE('',*,*,#5888,.T.);
#8373=ORIENTED_EDGE('',*,*,#5814,.T.);
#8374=ORIENTED_EDGE('',*,*,#5885,.F.);
#8375=ORIENTED_EDGE('',*,*,#5889,.T.);
#8376=ORIENTED_EDGE('',*,*,#5887,.F.);
#8377=ORIENTED_EDGE('',*,*,#5833,.T.);
#8378=ORIENTED_EDGE('',*,*,#5890,.T.);
#8379=ORIENTED_EDGE('',*,*,#5891,.T.);
#8380=ORIENTED_EDGE('',*,*,#5892,.T.);
#8381=ORIENTED_EDGE('',*,*,#5815,.T.);
#8382=ORIENTED_EDGE('',*,*,#5888,.F.);
#8383=ORIENTED_EDGE('',*,*,#5893,.T.);
#8384=ORIENTED_EDGE('',*,*,#5890,.F.);
#8385=ORIENTED_EDGE('',*,*,#5832,.T.);
#8386=ORIENTED_EDGE('',*,*,#5894,.T.);
#8387=ORIENTED_EDGE('',*,*,#5895,.T.);
#8388=ORIENTED_EDGE('',*,*,#5896,.T.);
#8389=ORIENTED_EDGE('',*,*,#5816,.T.);
#8390=ORIENTED_EDGE('',*,*,#5892,.F.);
#8391=ORIENTED_EDGE('',*,*,#5897,.T.);
#8392=ORIENTED_EDGE('',*,*,#5894,.F.);
#8393=ORIENTED_EDGE('',*,*,#5831,.T.);
#8394=ORIENTED_EDGE('',*,*,#5898,.T.);
#8395=ORIENTED_EDGE('',*,*,#5899,.T.);
#8396=ORIENTED_EDGE('',*,*,#5900,.T.);
#8397=ORIENTED_EDGE('',*,*,#5817,.T.);
#8398=ORIENTED_EDGE('',*,*,#5896,.F.);
#8399=ORIENTED_EDGE('',*,*,#5901,.T.);
#8400=ORIENTED_EDGE('',*,*,#5898,.F.);
#8401=ORIENTED_EDGE('',*,*,#5830,.T.);
#8402=ORIENTED_EDGE('',*,*,#5902,.T.);
#8403=ORIENTED_EDGE('',*,*,#5903,.T.);
#8404=ORIENTED_EDGE('',*,*,#5904,.T.);
#8405=ORIENTED_EDGE('',*,*,#5818,.T.);
#8406=ORIENTED_EDGE('',*,*,#5900,.F.);
#8407=ORIENTED_EDGE('',*,*,#5905,.T.);
#8408=ORIENTED_EDGE('',*,*,#5902,.F.);
#8409=ORIENTED_EDGE('',*,*,#5829,.T.);
#8410=ORIENTED_EDGE('',*,*,#5906,.T.);
#8411=ORIENTED_EDGE('',*,*,#5741,.T.);
#8412=ORIENTED_EDGE('',*,*,#5907,.T.);
#8413=ORIENTED_EDGE('',*,*,#5819,.T.);
#8414=ORIENTED_EDGE('',*,*,#5904,.F.);
#8415=ORIENTED_EDGE('',*,*,#5908,.T.);
#8416=ORIENTED_EDGE('',*,*,#5906,.F.);
#8417=ORIENTED_EDGE('',*,*,#5828,.T.);
#8418=ORIENTED_EDGE('',*,*,#5909,.T.);
#8419=ORIENTED_EDGE('',*,*,#5910,.T.);
#8420=ORIENTED_EDGE('',*,*,#5911,.T.);
#8421=ORIENTED_EDGE('',*,*,#5820,.T.);
#8422=ORIENTED_EDGE('',*,*,#5907,.F.);
#8423=ORIENTED_EDGE('',*,*,#5912,.T.);
#8424=ORIENTED_EDGE('',*,*,#5909,.F.);
#8425=ORIENTED_EDGE('',*,*,#5827,.T.);
#8426=ORIENTED_EDGE('',*,*,#5913,.T.);
#8427=ORIENTED_EDGE('',*,*,#5914,.T.);
#8428=ORIENTED_EDGE('',*,*,#5915,.T.);
#8429=ORIENTED_EDGE('',*,*,#5821,.T.);
#8430=ORIENTED_EDGE('',*,*,#5911,.F.);
#8431=ORIENTED_EDGE('',*,*,#5916,.T.);
#8432=ORIENTED_EDGE('',*,*,#5913,.F.);
#8433=ORIENTED_EDGE('',*,*,#5826,.T.);
#8434=ORIENTED_EDGE('',*,*,#5917,.T.);
#8435=ORIENTED_EDGE('',*,*,#5918,.T.);
#8436=ORIENTED_EDGE('',*,*,#5919,.T.);
#8437=ORIENTED_EDGE('',*,*,#5822,.T.);
#8438=ORIENTED_EDGE('',*,*,#5915,.F.);
#8439=ORIENTED_EDGE('',*,*,#5678,.T.);
#8440=ORIENTED_EDGE('',*,*,#5675,.T.);
#8441=ORIENTED_EDGE('',*,*,#5917,.F.);
#8442=ORIENTED_EDGE('',*,*,#5825,.T.);
#8443=ORIENTED_EDGE('',*,*,#5920,.T.);
#8444=ORIENTED_EDGE('',*,*,#5921,.T.);
#8445=ORIENTED_EDGE('',*,*,#5922,.T.);
#8446=ORIENTED_EDGE('',*,*,#5823,.T.);
#8447=ORIENTED_EDGE('',*,*,#5919,.F.);
#8448=ORIENTED_EDGE('',*,*,#5923,.T.);
#8449=ORIENTED_EDGE('',*,*,#5920,.F.);
#8450=ORIENTED_EDGE('',*,*,#5824,.T.);
#8451=ORIENTED_EDGE('',*,*,#5922,.F.);
#8452=ORIENTED_EDGE('',*,*,#5924,.T.);
#8453=ORIENTED_EDGE('',*,*,#5923,.F.);
#8454=ORIENTED_EDGE('',*,*,#5674,.F.);
#8455=ORIENTED_EDGE('',*,*,#5670,.T.);
#8456=ORIENTED_EDGE('',*,*,#5925,.T.);
#8457=ORIENTED_EDGE('',*,*,#5916,.F.);
#8458=ORIENTED_EDGE('',*,*,#5926,.F.);
#8459=ORIENTED_EDGE('',*,*,#5672,.F.);
#8460=ORIENTED_EDGE('',*,*,#5673,.T.);
#8461=ORIENTED_EDGE('',*,*,#5912,.F.);
#8462=ORIENTED_EDGE('',*,*,#5927,.F.);
#8463=ORIENTED_EDGE('',*,*,#5632,.T.);
#8464=ORIENTED_EDGE('',*,*,#5667,.F.);
#8465=ORIENTED_EDGE('',*,*,#5926,.T.);
#8466=ORIENTED_EDGE('',*,*,#5908,.F.);
#8467=ORIENTED_EDGE('',*,*,#5928,.F.);
#8468=ORIENTED_EDGE('',*,*,#5633,.F.);
#8469=ORIENTED_EDGE('',*,*,#5927,.T.);
#8470=ORIENTED_EDGE('',*,*,#5905,.F.);
#8471=ORIENTED_EDGE('',*,*,#5929,.F.);
#8472=ORIENTED_EDGE('',*,*,#5634,.T.);
#8473=ORIENTED_EDGE('',*,*,#5928,.T.);
#8474=ORIENTED_EDGE('',*,*,#5901,.F.);
#8475=ORIENTED_EDGE('',*,*,#5930,.F.);
#8476=ORIENTED_EDGE('',*,*,#5635,.F.);
#8477=ORIENTED_EDGE('',*,*,#5929,.T.);
#8478=ORIENTED_EDGE('',*,*,#5897,.F.);
#8479=ORIENTED_EDGE('',*,*,#5931,.F.);
#8480=ORIENTED_EDGE('',*,*,#5713,.F.);
#8481=ORIENTED_EDGE('',*,*,#5636,.F.);
#8482=ORIENTED_EDGE('',*,*,#5930,.T.);
#8483=ORIENTED_EDGE('',*,*,#5893,.F.);
#8484=ORIENTED_EDGE('',*,*,#5932,.F.);
#8485=ORIENTED_EDGE('',*,*,#5714,.T.);
#8486=ORIENTED_EDGE('',*,*,#5931,.T.);
#8487=ORIENTED_EDGE('',*,*,#5787,.F.);
#8488=ORIENTED_EDGE('',*,*,#5933,.F.);
#8489=ORIENTED_EDGE('',*,*,#5715,.T.);
#8490=ORIENTED_EDGE('',*,*,#5932,.T.);
#8491=ORIENTED_EDGE('',*,*,#5889,.F.);
#8492=ORIENTED_EDGE('',*,*,#5934,.F.);
#8493=ORIENTED_EDGE('',*,*,#5781,.F.);
#8494=ORIENTED_EDGE('',*,*,#5934,.T.);
#8495=ORIENTED_EDGE('',*,*,#5886,.F.);
#8496=ORIENTED_EDGE('',*,*,#5804,.F.);
#8497=ORIENTED_EDGE('',*,*,#5875,.F.);
#8498=ORIENTED_EDGE('',*,*,#5935,.F.);
#8499=ORIENTED_EDGE('',*,*,#5704,.F.);
#8500=ORIENTED_EDGE('',*,*,#5801,.T.);
#8501=ORIENTED_EDGE('',*,*,#5716,.F.);
#8502=ORIENTED_EDGE('',*,*,#5933,.T.);
#8503=ORIENTED_EDGE('',*,*,#5793,.F.);
#8504=ORIENTED_EDGE('',*,*,#5936,.T.);
#8505=ORIENTED_EDGE('',*,*,#5720,.F.);
#8506=ORIENTED_EDGE('',*,*,#5694,.F.);
#8507=ORIENTED_EDGE('',*,*,#5937,.T.);
#8508=ORIENTED_EDGE('',*,*,#5763,.F.);
#8509=ORIENTED_EDGE('',*,*,#5710,.T.);
#8510=ORIENTED_EDGE('',*,*,#5731,.F.);
#8511=ORIENTED_EDGE('',*,*,#5936,.F.);
#8512=ORIENTED_EDGE('',*,*,#5795,.F.);
#8513=ORIENTED_EDGE('',*,*,#5797,.F.);
#8514=ORIENTED_EDGE('',*,*,#5938,.T.);
#8515=ORIENTED_EDGE('',*,*,#5939,.T.);
#8516=ORIENTED_EDGE('',*,*,#5940,.F.);
#8517=ORIENTED_EDGE('',*,*,#5698,.F.);
#8518=ORIENTED_EDGE('',*,*,#5683,.F.);
#8519=ORIENTED_EDGE('',*,*,#5662,.F.);
#8520=ORIENTED_EDGE('',*,*,#5941,.T.);
#8521=ORIENTED_EDGE('',*,*,#5942,.T.);
#8522=ORIENTED_EDGE('',*,*,#5938,.F.);
#8523=ORIENTED_EDGE('',*,*,#5686,.F.);
#8524=ORIENTED_EDGE('',*,*,#5661,.F.);
#8525=ORIENTED_EDGE('',*,*,#5943,.T.);
#8526=ORIENTED_EDGE('',*,*,#5944,.T.);
#8527=ORIENTED_EDGE('',*,*,#5941,.F.);
#8528=ORIENTED_EDGE('',*,*,#5660,.F.);
#8529=ORIENTED_EDGE('',*,*,#5945,.F.);
#8530=ORIENTED_EDGE('',*,*,#5946,.T.);
#8531=ORIENTED_EDGE('',*,*,#5943,.F.);
#8532=ORIENTED_EDGE('',*,*,#5940,.T.);
#8533=ORIENTED_EDGE('',*,*,#5947,.T.);
#8534=ORIENTED_EDGE('',*,*,#5948,.F.);
#8535=ORIENTED_EDGE('',*,*,#5705,.F.);
#8536=ORIENTED_EDGE('',*,*,#5696,.F.);
#8537=ORIENTED_EDGE('',*,*,#5947,.F.);
#8538=ORIENTED_EDGE('',*,*,#5939,.F.);
#8539=ORIENTED_EDGE('',*,*,#5942,.F.);
#8540=ORIENTED_EDGE('',*,*,#5944,.F.);
#8541=ORIENTED_EDGE('',*,*,#5946,.F.);
#8542=ORIENTED_EDGE('',*,*,#5949,.F.);
#8543=ORIENTED_EDGE('',*,*,#5864,.T.);
#8544=ORIENTED_EDGE('',*,*,#5950,.T.);
#8545=ORIENTED_EDGE('',*,*,#5951,.T.);
#8546=ORIENTED_EDGE('',*,*,#5952,.F.);
#8547=ORIENTED_EDGE('',*,*,#5718,.F.);
#8548=ORIENTED_EDGE('',*,*,#5719,.F.);
#8549=ORIENTED_EDGE('',*,*,#5730,.F.);
#8550=ORIENTED_EDGE('',*,*,#5953,.T.);
#8551=ORIENTED_EDGE('',*,*,#5954,.T.);
#8552=ORIENTED_EDGE('',*,*,#5950,.F.);
#8553=ORIENTED_EDGE('',*,*,#5732,.F.);
#8554=ORIENTED_EDGE('',*,*,#5727,.F.);
#8555=ORIENTED_EDGE('',*,*,#5722,.F.);
#8556=ORIENTED_EDGE('',*,*,#5702,.F.);
#8557=ORIENTED_EDGE('',*,*,#5955,.F.);
#8558=ORIENTED_EDGE('',*,*,#5956,.T.);
#8559=ORIENTED_EDGE('',*,*,#5953,.F.);
#8560=ORIENTED_EDGE('',*,*,#5726,.F.);
#8561=ORIENTED_EDGE('',*,*,#5639,.F.);
#8562=ORIENTED_EDGE('',*,*,#5957,.T.);
#8563=ORIENTED_EDGE('',*,*,#5958,.T.);
#8564=ORIENTED_EDGE('',*,*,#5959,.F.);
#8565=ORIENTED_EDGE('',*,*,#5952,.T.);
#8566=ORIENTED_EDGE('',*,*,#5960,.T.);
#8567=ORIENTED_EDGE('',*,*,#5957,.F.);
#8568=ORIENTED_EDGE('',*,*,#5638,.F.);
#8569=ORIENTED_EDGE('',*,*,#5712,.F.);
#8570=ORIENTED_EDGE('',*,*,#5960,.F.);
#8571=ORIENTED_EDGE('',*,*,#5951,.F.);
#8572=ORIENTED_EDGE('',*,*,#5954,.F.);
#8573=ORIENTED_EDGE('',*,*,#5956,.F.);
#8574=ORIENTED_EDGE('',*,*,#5961,.F.);
#8575=ORIENTED_EDGE('',*,*,#5958,.F.);
#8576=ORIENTED_EDGE('',*,*,#5860,.T.);
#8577=ORIENTED_EDGE('',*,*,#5654,.F.);
#8578=ORIENTED_EDGE('',*,*,#5962,.T.);
#8579=ORIENTED_EDGE('',*,*,#5963,.T.);
#8580=ORIENTED_EDGE('',*,*,#5964,.F.);
#8581=ORIENTED_EDGE('',*,*,#5653,.F.);
#8582=ORIENTED_EDGE('',*,*,#5965,.T.);
#8583=ORIENTED_EDGE('',*,*,#5966,.T.);
#8584=ORIENTED_EDGE('',*,*,#5962,.F.);
#8585=ORIENTED_EDGE('',*,*,#5652,.F.);
#8586=ORIENTED_EDGE('',*,*,#5967,.T.);
#8587=ORIENTED_EDGE('',*,*,#5968,.T.);
#8588=ORIENTED_EDGE('',*,*,#5965,.F.);
#8589=ORIENTED_EDGE('',*,*,#5651,.F.);
#8590=ORIENTED_EDGE('',*,*,#5969,.F.);
#8591=ORIENTED_EDGE('',*,*,#5970,.T.);
#8592=ORIENTED_EDGE('',*,*,#5967,.F.);
#8593=ORIENTED_EDGE('',*,*,#5655,.F.);
#8594=ORIENTED_EDGE('',*,*,#5964,.T.);
#8595=ORIENTED_EDGE('',*,*,#5971,.T.);
#8596=ORIENTED_EDGE('',*,*,#5972,.F.);
#8597=ORIENTED_EDGE('',*,*,#5971,.F.);
#8598=ORIENTED_EDGE('',*,*,#5963,.F.);
#8599=ORIENTED_EDGE('',*,*,#5966,.F.);
#8600=ORIENTED_EDGE('',*,*,#5968,.F.);
#8601=ORIENTED_EDGE('',*,*,#5970,.F.);
#8602=ORIENTED_EDGE('',*,*,#5973,.F.);
#8603=ORIENTED_EDGE('',*,*,#5872,.T.);
#8604=ORIENTED_EDGE('',*,*,#5644,.F.);
#8605=ORIENTED_EDGE('',*,*,#5974,.T.);
#8606=ORIENTED_EDGE('',*,*,#5975,.T.);
#8607=ORIENTED_EDGE('',*,*,#5976,.F.);
#8608=ORIENTED_EDGE('',*,*,#5643,.F.);
#8609=ORIENTED_EDGE('',*,*,#5977,.F.);
#8610=ORIENTED_EDGE('',*,*,#5978,.T.);
#8611=ORIENTED_EDGE('',*,*,#5974,.F.);
#8612=ORIENTED_EDGE('',*,*,#5647,.F.);
#8613=ORIENTED_EDGE('',*,*,#5979,.T.);
#8614=ORIENTED_EDGE('',*,*,#5980,.T.);
#8615=ORIENTED_EDGE('',*,*,#5981,.F.);
#8616=ORIENTED_EDGE('',*,*,#5646,.F.);
#8617=ORIENTED_EDGE('',*,*,#5982,.T.);
#8618=ORIENTED_EDGE('',*,*,#5983,.T.);
#8619=ORIENTED_EDGE('',*,*,#5979,.F.);
#8620=ORIENTED_EDGE('',*,*,#5645,.F.);
#8621=ORIENTED_EDGE('',*,*,#5976,.T.);
#8622=ORIENTED_EDGE('',*,*,#5984,.T.);
#8623=ORIENTED_EDGE('',*,*,#5982,.F.);
#8624=ORIENTED_EDGE('',*,*,#5984,.F.);
#8625=ORIENTED_EDGE('',*,*,#5975,.F.);
#8626=ORIENTED_EDGE('',*,*,#5978,.F.);
#8627=ORIENTED_EDGE('',*,*,#5985,.F.);
#8628=ORIENTED_EDGE('',*,*,#5980,.F.);
#8629=ORIENTED_EDGE('',*,*,#5983,.F.);
#8630=ORIENTED_EDGE('',*,*,#5868,.T.);
#8631=ORIENTED_EDGE('',*,*,#5986,.F.);
#8632=ORIENTED_EDGE('',*,*,#5850,.F.);
#8633=ORIENTED_EDGE('',*,*,#5987,.F.);
#8634=ORIENTED_EDGE('',*,*,#5700,.F.);
#8635=ORIENTED_EDGE('',*,*,#5987,.T.);
#8636=ORIENTED_EDGE('',*,*,#5849,.F.);
#8637=ORIENTED_EDGE('',*,*,#5988,.F.);
#8638=ORIENTED_EDGE('',*,*,#5640,.F.);
#8639=ORIENTED_EDGE('',*,*,#5959,.T.);
#8640=ORIENTED_EDGE('',*,*,#5961,.T.);
#8641=ORIENTED_EDGE('',*,*,#5955,.T.);
#8642=ORIENTED_EDGE('',*,*,#5701,.F.);
#8643=ORIENTED_EDGE('',*,*,#5988,.T.);
#8644=ORIENTED_EDGE('',*,*,#5848,.F.);
#8645=ORIENTED_EDGE('',*,*,#5989,.F.);
#8646=ORIENTED_EDGE('',*,*,#5641,.F.);
#8647=ORIENTED_EDGE('',*,*,#5989,.T.);
#8648=ORIENTED_EDGE('',*,*,#5847,.F.);
#8649=ORIENTED_EDGE('',*,*,#5990,.F.);
#8650=ORIENTED_EDGE('',*,*,#5648,.F.);
#8651=ORIENTED_EDGE('',*,*,#5981,.T.);
#8652=ORIENTED_EDGE('',*,*,#5985,.T.);
#8653=ORIENTED_EDGE('',*,*,#5977,.T.);
#8654=ORIENTED_EDGE('',*,*,#5642,.F.);
#8655=ORIENTED_EDGE('',*,*,#5990,.T.);
#8656=ORIENTED_EDGE('',*,*,#5846,.F.);
#8657=ORIENTED_EDGE('',*,*,#5991,.F.);
#8658=ORIENTED_EDGE('',*,*,#5649,.F.);
#8659=ORIENTED_EDGE('',*,*,#5991,.T.);
#8660=ORIENTED_EDGE('',*,*,#5845,.F.);
#8661=ORIENTED_EDGE('',*,*,#5992,.F.);
#8662=ORIENTED_EDGE('',*,*,#5656,.F.);
#8663=ORIENTED_EDGE('',*,*,#5972,.T.);
#8664=ORIENTED_EDGE('',*,*,#5973,.T.);
#8665=ORIENTED_EDGE('',*,*,#5969,.T.);
#8666=ORIENTED_EDGE('',*,*,#5650,.F.);
#8667=ORIENTED_EDGE('',*,*,#5992,.T.);
#8668=ORIENTED_EDGE('',*,*,#5844,.F.);
#8669=ORIENTED_EDGE('',*,*,#5993,.F.);
#8670=ORIENTED_EDGE('',*,*,#5657,.F.);
#8671=ORIENTED_EDGE('',*,*,#5993,.T.);
#8672=ORIENTED_EDGE('',*,*,#5843,.F.);
#8673=ORIENTED_EDGE('',*,*,#5994,.F.);
#8674=ORIENTED_EDGE('',*,*,#5658,.F.);
#8675=ORIENTED_EDGE('',*,*,#5994,.T.);
#8676=ORIENTED_EDGE('',*,*,#5842,.F.);
#8677=ORIENTED_EDGE('',*,*,#5986,.T.);
#8678=ORIENTED_EDGE('',*,*,#5699,.F.);
#8679=ORIENTED_EDGE('',*,*,#5691,.T.);
#8680=ORIENTED_EDGE('',*,*,#5706,.F.);
#8681=ORIENTED_EDGE('',*,*,#5948,.T.);
#8682=ORIENTED_EDGE('',*,*,#5949,.T.);
#8683=ORIENTED_EDGE('',*,*,#5945,.T.);
#8684=ORIENTED_EDGE('',*,*,#5659,.F.);
#8685=ORIENTED_EDGE('',*,*,#5891,.F.);
#8686=ORIENTED_EDGE('',*,*,#5995,.F.);
#8687=ORIENTED_EDGE('',*,*,#5664,.F.);
#8688=ORIENTED_EDGE('',*,*,#5679,.T.);
#8689=ORIENTED_EDGE('',*,*,#5768,.T.);
#8690=ORIENTED_EDGE('',*,*,#5895,.F.);
#8691=ORIENTED_EDGE('',*,*,#5996,.F.);
#8692=ORIENTED_EDGE('',*,*,#5665,.F.);
#8693=ORIENTED_EDGE('',*,*,#5995,.T.);
#8694=ORIENTED_EDGE('',*,*,#5899,.F.);
#8695=ORIENTED_EDGE('',*,*,#5997,.F.);
#8696=ORIENTED_EDGE('',*,*,#5627,.F.);
#8697=ORIENTED_EDGE('',*,*,#5666,.T.);
#8698=ORIENTED_EDGE('',*,*,#5996,.T.);
#8699=ORIENTED_EDGE('',*,*,#5903,.F.);
#8700=ORIENTED_EDGE('',*,*,#5740,.F.);
#8701=ORIENTED_EDGE('',*,*,#5622,.T.);
#8702=ORIENTED_EDGE('',*,*,#5997,.T.);
#8703=ORIENTED_EDGE('',*,*,#5910,.F.);
#8704=ORIENTED_EDGE('',*,*,#5998,.F.);
#8705=ORIENTED_EDGE('',*,*,#5624,.F.);
#8706=ORIENTED_EDGE('',*,*,#5742,.T.);
#8707=ORIENTED_EDGE('',*,*,#5914,.F.);
#8708=ORIENTED_EDGE('',*,*,#5999,.F.);
#8709=ORIENTED_EDGE('',*,*,#5628,.T.);
#8710=ORIENTED_EDGE('',*,*,#5625,.T.);
#8711=ORIENTED_EDGE('',*,*,#5998,.T.);
#8712=ORIENTED_EDGE('',*,*,#5918,.F.);
#8713=ORIENTED_EDGE('',*,*,#6000,.F.);
#8714=ORIENTED_EDGE('',*,*,#5629,.F.);
#8715=ORIENTED_EDGE('',*,*,#5999,.T.);
#8716=ORIENTED_EDGE('',*,*,#5921,.F.);
#8717=ORIENTED_EDGE('',*,*,#6001,.F.);
#8718=ORIENTED_EDGE('',*,*,#5668,.F.);
#8719=ORIENTED_EDGE('',*,*,#5630,.F.);
#8720=ORIENTED_EDGE('',*,*,#6000,.T.);
#8721=ORIENTED_EDGE('',*,*,#5924,.F.);
#8722=ORIENTED_EDGE('',*,*,#5925,.F.);
#8723=ORIENTED_EDGE('',*,*,#5669,.F.);
#8724=ORIENTED_EDGE('',*,*,#6001,.T.);
#8725=ORIENTED_EDGE('',*,*,#5758,.F.);
#8726=ORIENTED_EDGE('',*,*,#5937,.F.);
#8727=ORIENTED_EDGE('',*,*,#5693,.F.);
#8728=ORIENTED_EDGE('',*,*,#5935,.T.);
#8729=ORIENTED_EDGE('',*,*,#5877,.F.);
#8730=ORIENTED_EDGE('',*,*,#6002,.F.);
#8731=ORIENTED_EDGE('',*,*,#5752,.F.);
#8732=ORIENTED_EDGE('',*,*,#6002,.T.);
#8733=ORIENTED_EDGE('',*,*,#5880,.F.);
#8734=ORIENTED_EDGE('',*,*,#5771,.F.);
#8735=CONICAL_SURFACE('',#9511,3.7500000000075,0.785398163382411);
#8736=CONICAL_SURFACE('',#9520,3.74999999999918,0.785398163399066);
#8737=CONICAL_SURFACE('',#9530,3.75000000000003,0.785398163397386);
#8738=CONICAL_SURFACE('',#9539,3.75000000000009,0.785398163397281);
#8739=CONICAL_SURFACE('',#9633,2.24999999999999,0.785398163397446);
#8740=CONICAL_SURFACE('',#9636,2.25,0.785398163397453);
#8741=CONICAL_SURFACE('',#9639,2.25,0.785398163397454);
#8742=CONICAL_SURFACE('',#9642,2.25,0.785398163397448);
#8743=CONICAL_SURFACE('',#9644,3.75000000000001,0.785398163397441);
#8744=CONICAL_SURFACE('',#9653,1.25,0.785398163397448);
#8745=CONICAL_SURFACE('',#9656,2.25,0.785398163397443);
#8746=CONICAL_SURFACE('',#9658,4.75,0.785398163397442);
#8747=CONICAL_SURFACE('',#9660,2.25,0.785398163397444);
#8748=CONICAL_SURFACE('',#9663,2.24999999999999,0.785398163397448);
#8749=CONICAL_SURFACE('',#9672,2.25,0.785398163397439);
#8750=CONICAL_SURFACE('',#9674,3.75,0.785398163397429);
#8751=CONICAL_SURFACE('',#9676,2.25,0.785398163397444);
#8752=CONICAL_SURFACE('',#9679,2.24999999999999,0.785398163397431);
#8753=CONICAL_SURFACE('',#9681,4.75,0.785398163397448);
#8754=CONICAL_SURFACE('',#9683,2.25,0.785398163397453);
#8755=CONICAL_SURFACE('',#9686,2.25,0.785398163397451);
#8756=CONICAL_SURFACE('',#9697,2.25,0.785398163397445);
#8757=CONICAL_SURFACE('',#9700,2.25,0.785398163397445);
#8758=CONICAL_SURFACE('',#9703,2.25,0.785398163397454);
#8759=CONICAL_SURFACE('',#9706,2.25,0.785398163397454);
#8760=CONICAL_SURFACE('',#9709,2.25000000000001,0.785398163397463);
#8761=CONICAL_SURFACE('',#9718,2.25000000000001,0.785398163397462);
#8762=CONICAL_SURFACE('',#9721,1.25,0.785398163397441);
#8763=CONICAL_SURFACE('',#9724,2.25,0.785398163397439);
#8764=CONICAL_SURFACE('',#9726,3.74999999999999,0.785398163397442);
#8765=CONICAL_SURFACE('',#9728,2.25,0.785398163397451);
#8766=CONICAL_SURFACE('',#9738,2.24999999999999,0.785398163397457);
#8767=CONICAL_SURFACE('',#9741,2.24999999999999,0.785398163397448);
#8768=CONICAL_SURFACE('',#9744,2.25,0.785398163397454);
#8769=CONICAL_SURFACE('',#9753,2.25000000000001,0.78539816339746);
#8770=CONICAL_SURFACE('',#9756,2.25000000000001,0.785398163397468);
#8771=CONICAL_SURFACE('',#9759,2.24999999999999,0.785398163397438);
#8772=CONICAL_SURFACE('',#9765,2.25,0.785398163397446);
#8773=CONICAL_SURFACE('',#9767,2.25000000000001,0.785398163397476);
#8774=CONICAL_SURFACE('',#9770,2.24999999999999,0.785398163397437);
#8775=CONICAL_SURFACE('',#9773,2.25000000000001,0.785398163397446);
#8776=CONICAL_SURFACE('',#9781,2.25,0.785398163397446);
#8777=CONICAL_SURFACE('',#9784,2.25,0.785398163397454);
#8778=CONICAL_SURFACE('',#9787,2.24999999999997,0.785398163397414);
#8779=CONICAL_SURFACE('',#9789,3.74999999999998,0.785398163397459);
#8780=CONICAL_SURFACE('',#9791,2.25,0.785398163397439);
#8781=CONICAL_SURFACE('',#9800,2.25000000000001,0.785398163397469);
#8782=CONICAL_SURFACE('',#9803,2.25000000000001,0.785398163397462);
#8783=CONICAL_SURFACE('',#9806,2.25,0.785398163397447);
#8784=CONICAL_SURFACE('',#9813,1.25,0.785398163397446);
#8785=CONICAL_SURFACE('',#9816,1.25,0.785398163397454);
#8786=CONICAL_SURFACE('',#9819,1.25,0.785398163397445);
#8787=CONICAL_SURFACE('',#9826,2.25,0.785398163397454);
#8788=CONICAL_SURFACE('',#9829,2.25,0.785398163397451);
#8789=CONICAL_SURFACE('',#9832,2.25000000000001,0.78539816339746);
#8790=CONICAL_SURFACE('',#9835,2.25,0.785398163397454);
#8791=CONICAL_SURFACE('',#9844,2.25,0.785398163397447);
#8792=CONICAL_SURFACE('',#9847,2.25,0.785398163397445);
#8793=CONICAL_SURFACE('',#9850,2.25,0.785398163397454);
#8794=CONICAL_SURFACE('',#9853,2.25,0.785398163397456);
#8795=CONICAL_SURFACE('',#9855,3.75,0.785398163397447);
#8796=CONICAL_SURFACE('',#9857,2.25,0.785398163397448);
#8797=CONICAL_SURFACE('',#9866,2.25,0.785398163397449);
#8798=CONICAL_SURFACE('',#9869,1.25000000000002,0.785398163397481);
#8799=CONICAL_SURFACE('',#9872,2.24999999999999,0.785398163397432);
#8800=CONICAL_SURFACE('',#9874,3.74999999999998,0.78539816339746);
#8801=CONICAL_SURFACE('',#9882,3.25000000000001,0.785398163397455);
#8802=CONICAL_SURFACE('',#9885,3.15,0.785398163397455);
#8803=CONICAL_SURFACE('',#9890,3.15,0.785398163397455);
#8804=CONICAL_SURFACE('',#9895,3.15,0.785398163397452);
#8805=CONICAL_SURFACE('',#9900,3.15,0.785398163397455);
#8806=CONICAL_SURFACE('',#9905,4.24999999999997,0.785398163397383);
#8807=CONICAL_SURFACE('',#9906,3.75,0.785398163397451);
#8808=CONICAL_SURFACE('',#9908,4.24999999998568,0.785398163368834);
#8809=CONICAL_SURFACE('',#9909,4.25000000000033,0.785398163398138);
#8810=CONICAL_SURFACE('',#9910,4.25,0.785398163397446);
#8811=CONICAL_SURFACE('',#9912,2.25,0.785398163397444);
#8812=CONICAL_SURFACE('',#9915,4.75,0.785398163397441);
#8813=CONICAL_SURFACE('',#9918,2.25,0.785398163397443);
#8814=CONICAL_SURFACE('',#9921,1.25,0.785398163397447);
#8815=CONICAL_SURFACE('',#9924,2.24999999999999,0.785398163397448);
#8816=CONICAL_SURFACE('',#10002,2.25,0.785398163397451);
#8817=CONICAL_SURFACE('',#10005,2.25,0.785398163397439);
#8818=CONICAL_SURFACE('',#10006,3.75,0.785398163397428);
#8819=CONICAL_SURFACE('',#10007,2.25,0.785398163397443);
#8820=CONICAL_SURFACE('',#10009,2.24999999999999,0.785398163397431);
#8821=CONICAL_SURFACE('',#10011,4.75,0.785398163397448);
#8822=CONICAL_SURFACE('',#10013,2.25,0.785398163397452);
#8823=CONICAL_SURFACE('',#10021,2.24999999999999,0.785398163397438);
#8824=CONICAL_SURFACE('',#10024,2.25000000000001,0.785398163397459);
#8825=CONICAL_SURFACE('',#10026,2.25000000000001,0.785398163397467);
#8826=CONICAL_SURFACE('',#10032,2.25000000000001,0.785398163397463);
#8827=CONICAL_SURFACE('',#10035,2.25,0.785398163397445);
#8828=CONICAL_SURFACE('',#10037,2.25,0.785398163397444);
#8829=CONICAL_SURFACE('',#10039,2.25,0.785398163397454);
#8830=CONICAL_SURFACE('',#10042,2.25,0.785398163397454);
#8831=CONICAL_SURFACE('',#10050,2.25,0.785398163397449);
#8832=CONICAL_SURFACE('',#10052,1.25000000000002,0.785398163397481);
#8833=CONICAL_SURFACE('',#10055,2.24999999999999,0.785398163397432);
#8834=CONICAL_SURFACE('',#10056,3.74999999999998,0.785398163397459);
#8835=CONICAL_SURFACE('',#10060,2.25000000000001,0.785398163397459);
#8836=CONICAL_SURFACE('',#10063,2.25,0.78539816339745);
#8837=CONICAL_SURFACE('',#10065,2.25,0.785398163397453);
#8838=CONICAL_SURFACE('',#10067,2.25,0.785398163397454);
#8839=CONICAL_SURFACE('',#10073,2.25000000000001,0.785398163397469);
#8840=CONICAL_SURFACE('',#10075,2.25,0.785398163397446);
#8841=CONICAL_SURFACE('',#10078,2.25000000000001,0.785398163397462);
#8842=CONICAL_SURFACE('',#10081,1.25,0.785398163397453);
#8843=CONICAL_SURFACE('',#10084,1.25,0.785398163397445);
#8844=CONICAL_SURFACE('',#10086,1.25,0.785398163397445);
#8845=CONICAL_SURFACE('',#10090,3.75,0.785398163397446);
#8846=CONICAL_SURFACE('',#10092,2.25,0.785398163397456);
#8847=CONICAL_SURFACE('',#10095,2.25,0.785398163397453);
#8848=CONICAL_SURFACE('',#10098,2.25,0.785398163397444);
#8849=CONICAL_SURFACE('',#10100,2.25,0.785398163397446);
#8850=CONICAL_SURFACE('',#10102,2.25,0.785398163397448);
#8851=CONICAL_SURFACE('',#10108,2.25000000000001,0.785398163397445);
#8852=CONICAL_SURFACE('',#10110,2.25,0.785398163397446);
#8853=CONICAL_SURFACE('',#10111,2.24999999999999,0.785398163397436);
#8854=CONICAL_SURFACE('',#10114,2.25000000000001,0.785398163397476);
#8855=CONICAL_SURFACE('',#10117,3.75,0.785398163397446);
#8856=CONICAL_SURFACE('',#10119,3.74999999999997,0.785398163397472);
#8857=CONICAL_SURFACE('',#10121,3.74999999999999,0.785398163397443);
#8858=CONICAL_SURFACE('',#10123,3.75,0.785398163397451);
#8859=CONICAL_SURFACE('',#10126,3.75,0.785398163397447);
#8860=CONICAL_SURFACE('',#10130,1.65000000000001,0.785398163397455);
#8861=CONICAL_SURFACE('',#10131,1.85,0.785398163397455);
#8862=CONICAL_SURFACE('',#10135,1.85,0.785398163397455);
#8863=CONICAL_SURFACE('',#10139,1.85,0.785398163397455);
#8864=CONICAL_SURFACE('',#10143,1.85,0.785398163397455);
#8865=CONICAL_SURFACE('',#10147,2.25,0.785398163397455);
#8866=CONICAL_SURFACE('',#10151,2.25,0.785398163397455);
#8867=CONICAL_SURFACE('',#10155,2.25,0.785398163397455);
#8868=CONICAL_SURFACE('',#10159,2.25,0.785398163397455);
#8869=CONICAL_SURFACE('',#10164,2.25,0.785398163397454);
#8870=CONICAL_SURFACE('',#10166,2.25,0.785398163397445);
#8871=CONICAL_SURFACE('',#10168,2.25,0.785398163397439);
#8872=CONICAL_SURFACE('',#10170,3.74999999999998,0.785398163397458);
#8873=CONICAL_SURFACE('',#10172,2.24999999999997,0.785398163397413);
#8874=CONICAL_SURFACE('',#10176,2.24999999999999,0.785398163397447);
#8875=CONICAL_SURFACE('',#10179,2.25,0.785398163397454);
#8876=CONICAL_SURFACE('',#10181,2.24999999999999,0.785398163397456);
#8877=CONICAL_SURFACE('',#10186,1.25,0.785398163397441);
#8878=CONICAL_SURFACE('',#10189,2.25,0.785398163397439);
#8879=CONICAL_SURFACE('',#10191,3.74999999999999,0.785398163397441);
#8880=CONICAL_SURFACE('',#10192,2.25,0.785398163397451);
#8881=CONICAL_SURFACE('',#10194,2.25000000000001,0.785398163397462);
#8882=CONICAL_SURFACE('',#10200,2.24999999999999,0.785398163397445);
#8883=CONICAL_SURFACE('',#10201,3.75000000000001,0.785398163397441);
#8884=CONICAL_SURFACE('',#10203,2.25,0.785398163397448);
#8885=CONICAL_SURFACE('',#10206,2.25,0.785398163397454);
#8886=CONICAL_SURFACE('',#10209,2.25,0.785398163397453);
#8887=CONICAL_SURFACE('',#10226,2.125,0.785398163397448);
#8888=CONICAL_SURFACE('',#10227,2.125,0.785398163397448);
#8889=CONICAL_SURFACE('',#10228,2.125,0.785398163397448);
#8890=CONICAL_SURFACE('',#10229,2.125,0.785398163397448);
#8891=CONICAL_SURFACE('',#10255,3.74999999999999,0.785398163397446);
#8892=CONICAL_SURFACE('',#10264,4.44999999999999,0.512389460310737);
#8893=CONICAL_SURFACE('',#10342,3.25,0.785398163397447);
#8894=CONICAL_SURFACE('',#10346,3.25,0.785398163397447);
#8895=CONICAL_SURFACE('',#10354,0.749999999999995,0.785398163397453);
#8896=CONICAL_SURFACE('',#10357,0.750000000000001,0.785398163397446);
#8897=CONICAL_SURFACE('',#10360,5.25,0.785398163397442);
#8898=CONICAL_SURFACE('',#10363,5.24999999999999,0.785398163397438);
#8899=CONICAL_SURFACE('',#10366,0.75,0.78539816339745);
#8900=CONICAL_SURFACE('',#10368,0.75,0.78539816339745);
#8901=CONICAL_SURFACE('',#10379,0.750000000000001,0.785398163397446);
#8902=CONICAL_SURFACE('',#10382,0.750000000000001,0.785398163397448);
#8903=CONICAL_SURFACE('',#10385,5.25,0.785398163397446);
#8904=CONICAL_SURFACE('',#10389,0.749999999999999,0.78539816339745);
#8905=CONICAL_SURFACE('',#10392,0.750000000000001,0.785398163397448);
#8906=CONICAL_SURFACE('',#10403,1.85,0.785398163397457);
#8907=CONICAL_SURFACE('',#10436,1.85,0.785398163397457);
#8908=CONICAL_SURFACE('',#10439,1.75000000000001,0.785398163397455);
#8909=CONICAL_SURFACE('',#10443,1.75000000000001,0.785398163397455);
#8910=CONICAL_SURFACE('',#10447,1.75000000000001,0.785398163397455);
#8911=CONICAL_SURFACE('',#10451,1.75000000000001,0.785398163397455);
#8912=CONICAL_SURFACE('',#10456,5.24999999999999,0.785398163397449);
#8913=CONICAL_SURFACE('',#10458,5.25,0.785398163397448);
#8914=CONICAL_SURFACE('',#10459,0.750000000000001,0.785398163397448);
#8915=CONICAL_SURFACE('',#10461,0.750000000000001,0.785398163397448);
#8916=CONICAL_SURFACE('',#10464,0.749999999999995,0.785398163397452);
#8917=CONICAL_SURFACE('',#10465,0.750000000000001,0.785398163397447);
#8918=CONICAL_SURFACE('',#10467,5.25,0.78539816339745);
#8919=CONICAL_SURFACE('',#10469,3.75000000000002,0.785398163397446);
#8920=CONICAL_SURFACE('',#10471,5.25,0.785398163397446);
#8921=CONICAL_SURFACE('',#10474,3.75000000000002,0.785398163397454);
#8922=CONICAL_SURFACE('',#10476,5.25,0.785398163397447);
#8923=CONICAL_SURFACE('',#10480,20.25,0.78539816339745);
#8924=CONICAL_SURFACE('',#10482,3.5,0.785398163397457);
#8925=CONICAL_SURFACE('',#10485,9.75,0.785398163397441);
#8926=CONICAL_SURFACE('',#10487,5.25000000000001,0.785398163397466);
#8927=CONICAL_SURFACE('',#10490,3.75000000000002,0.785398163397448);
#8928=CONICAL_SURFACE('',#10492,3.5,0.785398163397457);
#8929=CONICAL_SURFACE('',#10495,2.25,0.785398163397447);
#8930=ADVANCED_FACE('',(#539),#8735,.T.);
#8931=ADVANCED_FACE('',(#540),#418,.T.);
#8932=ADVANCED_FACE('',(#541,#112),#178,.T.);
#8933=ADVANCED_FACE('',(#542),#8736,.T.);
#8934=ADVANCED_FACE('',(#543),#419,.T.);
#8935=ADVANCED_FACE('',(#544,#113),#179,.T.);
#8936=ADVANCED_FACE('',(#545),#8737,.T.);
#8937=ADVANCED_FACE('',(#546),#420,.T.);
#8938=ADVANCED_FACE('',(#547,#114),#180,.T.);
#8939=ADVANCED_FACE('',(#548),#8738,.T.);
#8940=ADVANCED_FACE('',(#549),#421,.T.);
#8941=ADVANCED_FACE('',(#550,#115),#181,.T.);
#8942=ADVANCED_FACE('',(#551,#116),#182,.T.);
#8943=ADVANCED_FACE('',(#552),#183,.T.);
#8944=ADVANCED_FACE('',(#553),#184,.T.);
#8945=ADVANCED_FACE('',(#554),#185,.T.);
#8946=ADVANCED_FACE('',(#555,#117,#118,#119,#120,#121,#122,#123,#124,#125,
#126,#127,#128,#129,#130,#131,#132,#133,#134),#186,.F.);
#8947=ADVANCED_FACE('',(#556),#187,.T.);
#8948=ADVANCED_FACE('',(#557),#188,.T.);
#8949=ADVANCED_FACE('',(#558),#189,.T.);
#8950=ADVANCED_FACE('',(#559),#190,.T.);
#8951=ADVANCED_FACE('',(#560),#191,.T.);
#8952=ADVANCED_FACE('',(#561),#8739,.F.);
#8953=ADVANCED_FACE('',(#562),#192,.T.);
#8954=ADVANCED_FACE('',(#563),#8740,.F.);
#8955=ADVANCED_FACE('',(#564),#193,.T.);
#8956=ADVANCED_FACE('',(#565),#8741,.F.);
#8957=ADVANCED_FACE('',(#566),#194,.T.);
#8958=ADVANCED_FACE('',(#567),#8742,.F.);
#8959=ADVANCED_FACE('',(#568),#8743,.T.);
#8960=ADVANCED_FACE('',(#569),#195,.T.);
#8961=ADVANCED_FACE('',(#570),#422,.F.);
#8962=ADVANCED_FACE('',(#571),#196,.F.);
#8963=ADVANCED_FACE('',(#572),#423,.F.);
#8964=ADVANCED_FACE('',(#573),#197,.T.);
#8965=ADVANCED_FACE('',(#574),#8744,.F.);
#8966=ADVANCED_FACE('',(#575),#198,.T.);
#8967=ADVANCED_FACE('',(#576),#8745,.F.);
#8968=ADVANCED_FACE('',(#577),#8746,.T.);
#8969=ADVANCED_FACE('',(#578),#8747,.F.);
#8970=ADVANCED_FACE('',(#579),#199,.T.);
#8971=ADVANCED_FACE('',(#580),#8748,.F.);
#8972=ADVANCED_FACE('',(#581),#424,.F.);
#8973=ADVANCED_FACE('',(#582),#200,.T.);
#8974=ADVANCED_FACE('',(#583),#425,.F.);
#8975=ADVANCED_FACE('',(#584),#201,.F.);
#8976=ADVANCED_FACE('',(#585),#202,.T.);
#8977=ADVANCED_FACE('',(#586),#8749,.F.);
#8978=ADVANCED_FACE('',(#587),#8750,.T.);
#8979=ADVANCED_FACE('',(#588),#8751,.F.);
#8980=ADVANCED_FACE('',(#589),#203,.T.);
#8981=ADVANCED_FACE('',(#590),#8752,.F.);
#8982=ADVANCED_FACE('',(#591),#8753,.T.);
#8983=ADVANCED_FACE('',(#592),#8754,.F.);
#8984=ADVANCED_FACE('',(#593),#204,.T.);
#8985=ADVANCED_FACE('',(#594),#8755,.F.);
#8986=ADVANCED_FACE('',(#595),#205,.F.);
#8987=ADVANCED_FACE('',(#596),#426,.F.);
#8988=ADVANCED_FACE('',(#597),#427,.T.);
#8989=ADVANCED_FACE('',(#598),#428,.F.);
#8990=ADVANCED_FACE('',(#599),#206,.F.);
#8991=ADVANCED_FACE('',(#600),#207,.T.);
#8992=ADVANCED_FACE('',(#601),#8756,.F.);
#8993=ADVANCED_FACE('',(#602),#208,.T.);
#8994=ADVANCED_FACE('',(#603),#8757,.F.);
#8995=ADVANCED_FACE('',(#604),#209,.T.);
#8996=ADVANCED_FACE('',(#605),#8758,.F.);
#8997=ADVANCED_FACE('',(#606),#210,.T.);
#8998=ADVANCED_FACE('',(#607),#8759,.F.);
#8999=ADVANCED_FACE('',(#608),#211,.T.);
#9000=ADVANCED_FACE('',(#609),#8760,.F.);
#9001=ADVANCED_FACE('',(#610),#212,.F.);
#9002=ADVANCED_FACE('',(#611),#429,.F.);
#9003=ADVANCED_FACE('',(#612),#213,.T.);
#9004=ADVANCED_FACE('',(#613),#430,.F.);
#9005=ADVANCED_FACE('',(#614),#214,.F.);
#9006=ADVANCED_FACE('',(#615),#8761,.F.);
#9007=ADVANCED_FACE('',(#616),#215,.T.);
#9008=ADVANCED_FACE('',(#617),#8762,.F.);
#9009=ADVANCED_FACE('',(#618),#216,.T.);
#9010=ADVANCED_FACE('',(#619),#8763,.F.);
#9011=ADVANCED_FACE('',(#620),#8764,.T.);
#9012=ADVANCED_FACE('',(#621),#8765,.F.);
#9013=ADVANCED_FACE('',(#622),#217,.T.);
#9014=ADVANCED_FACE('',(#623),#431,.T.);
#9015=ADVANCED_FACE('',(#624),#432,.F.);
#9016=ADVANCED_FACE('',(#625),#218,.T.);
#9017=ADVANCED_FACE('',(#626),#433,.F.);
#9018=ADVANCED_FACE('',(#627),#8766,.F.);
#9019=ADVANCED_FACE('',(#628),#219,.T.);
#9020=ADVANCED_FACE('',(#629),#8767,.F.);
#9021=ADVANCED_FACE('',(#630),#220,.T.);
#9022=ADVANCED_FACE('',(#631),#8768,.F.);
#9023=ADVANCED_FACE('',(#632),#221,.T.);
#9024=ADVANCED_FACE('',(#633),#434,.F.);
#9025=ADVANCED_FACE('',(#634),#222,.F.);
#9026=ADVANCED_FACE('',(#635),#435,.F.);
#9027=ADVANCED_FACE('',(#636),#223,.T.);
#9028=ADVANCED_FACE('',(#637),#8769,.F.);
#9029=ADVANCED_FACE('',(#638),#224,.T.);
#9030=ADVANCED_FACE('',(#639),#8770,.F.);
#9031=ADVANCED_FACE('',(#640),#225,.T.);
#9032=ADVANCED_FACE('',(#641),#8771,.F.);
#9033=ADVANCED_FACE('',(#642),#226,.T.);
#9034=ADVANCED_FACE('',(#643),#436,.F.);
#9035=ADVANCED_FACE('',(#644),#227,.F.);
#9036=ADVANCED_FACE('',(#645),#8772,.F.);
#9037=ADVANCED_FACE('',(#646),#8773,.F.);
#9038=ADVANCED_FACE('',(#647),#228,.T.);
#9039=ADVANCED_FACE('',(#648),#8774,.F.);
#9040=ADVANCED_FACE('',(#649),#229,.T.);
#9041=ADVANCED_FACE('',(#650),#8775,.F.);
#9042=ADVANCED_FACE('',(#651),#437,.F.);
#9043=ADVANCED_FACE('',(#652),#230,.T.);
#9044=ADVANCED_FACE('',(#653),#438,.F.);
#9045=ADVANCED_FACE('',(#654),#231,.T.);
#9046=ADVANCED_FACE('',(#655),#8776,.F.);
#9047=ADVANCED_FACE('',(#656),#232,.T.);
#9048=ADVANCED_FACE('',(#657),#8777,.F.);
#9049=ADVANCED_FACE('',(#658),#233,.T.);
#9050=ADVANCED_FACE('',(#659),#8778,.F.);
#9051=ADVANCED_FACE('',(#660),#8779,.T.);
#9052=ADVANCED_FACE('',(#661),#8780,.F.);
#9053=ADVANCED_FACE('',(#662),#439,.F.);
#9054=ADVANCED_FACE('',(#663),#234,.T.);
#9055=ADVANCED_FACE('',(#664),#440,.F.);
#9056=ADVANCED_FACE('',(#665),#235,.F.);
#9057=ADVANCED_FACE('',(#666),#236,.T.);
#9058=ADVANCED_FACE('',(#667),#8781,.F.);
#9059=ADVANCED_FACE('',(#668),#237,.T.);
#9060=ADVANCED_FACE('',(#669),#8782,.F.);
#9061=ADVANCED_FACE('',(#670),#238,.T.);
#9062=ADVANCED_FACE('',(#671),#8783,.F.);
#9063=ADVANCED_FACE('',(#672),#239,.T.);
#9064=ADVANCED_FACE('',(#673),#441,.F.);
#9065=ADVANCED_FACE('',(#674),#240,.F.);
#9066=ADVANCED_FACE('',(#675),#241,.T.);
#9067=ADVANCED_FACE('',(#676),#8784,.F.);
#9068=ADVANCED_FACE('',(#677),#242,.T.);
#9069=ADVANCED_FACE('',(#678),#8785,.F.);
#9070=ADVANCED_FACE('',(#679),#243,.T.);
#9071=ADVANCED_FACE('',(#680),#8786,.F.);
#9072=ADVANCED_FACE('',(#681),#244,.F.);
#9073=ADVANCED_FACE('',(#682),#442,.F.);
#9074=ADVANCED_FACE('',(#683),#245,.F.);
#9075=ADVANCED_FACE('',(#684),#246,.T.);
#9076=ADVANCED_FACE('',(#685),#8787,.F.);
#9077=ADVANCED_FACE('',(#686),#247,.T.);
#9078=ADVANCED_FACE('',(#687),#8788,.F.);
#9079=ADVANCED_FACE('',(#688),#248,.T.);
#9080=ADVANCED_FACE('',(#689),#8789,.F.);
#9081=ADVANCED_FACE('',(#690),#249,.T.);
#9082=ADVANCED_FACE('',(#691),#8790,.F.);
#9083=ADVANCED_FACE('',(#692),#443,.F.);
#9084=ADVANCED_FACE('',(#693),#250,.T.);
#9085=ADVANCED_FACE('',(#694),#444,.F.);
#9086=ADVANCED_FACE('',(#695),#251,.F.);
#9087=ADVANCED_FACE('',(#696),#252,.T.);
#9088=ADVANCED_FACE('',(#697),#8791,.F.);
#9089=ADVANCED_FACE('',(#698),#253,.T.);
#9090=ADVANCED_FACE('',(#699),#8792,.F.);
#9091=ADVANCED_FACE('',(#700),#254,.T.);
#9092=ADVANCED_FACE('',(#701),#8793,.F.);
#9093=ADVANCED_FACE('',(#702),#255,.T.);
#9094=ADVANCED_FACE('',(#703),#8794,.F.);
#9095=ADVANCED_FACE('',(#704),#8795,.T.);
#9096=ADVANCED_FACE('',(#705),#8796,.F.);
#9097=ADVANCED_FACE('',(#706),#256,.T.);
#9098=ADVANCED_FACE('',(#707),#445,.F.);
#9099=ADVANCED_FACE('',(#708),#257,.F.);
#9100=ADVANCED_FACE('',(#709),#446,.F.);
#9101=ADVANCED_FACE('',(#710),#258,.F.);
#9102=ADVANCED_FACE('',(#711),#8797,.F.);
#9103=ADVANCED_FACE('',(#712),#259,.T.);
#9104=ADVANCED_FACE('',(#713),#8798,.F.);
#9105=ADVANCED_FACE('',(#714),#260,.T.);
#9106=ADVANCED_FACE('',(#715),#8799,.F.);
#9107=ADVANCED_FACE('',(#716),#8800,.T.);
#9108=ADVANCED_FACE('',(#717),#447,.F.);
#9109=ADVANCED_FACE('',(#718),#448,.T.);
#9110=ADVANCED_FACE('',(#719),#449,.F.);
#9111=ADVANCED_FACE('',(#720),#8801,.F.);
#9112=ADVANCED_FACE('',(#721),#450,.F.);
#9113=ADVANCED_FACE('',(#722),#8802,.F.);
#9114=ADVANCED_FACE('',(#723),#451,.F.);
#9115=ADVANCED_FACE('',(#724),#8803,.F.);
#9116=ADVANCED_FACE('',(#725),#452,.F.);
#9117=ADVANCED_FACE('',(#726),#8804,.F.);
#9118=ADVANCED_FACE('',(#727),#453,.F.);
#9119=ADVANCED_FACE('',(#728),#8805,.F.);
#9120=ADVANCED_FACE('',(#729),#454,.F.);
#9121=ADVANCED_FACE('',(#730),#8806,.T.);
#9122=ADVANCED_FACE('',(#731),#8807,.T.);
#9123=ADVANCED_FACE('',(#732),#8808,.T.);
#9124=ADVANCED_FACE('',(#733),#8809,.T.);
#9125=ADVANCED_FACE('',(#734),#8810,.T.);
#9126=ADVANCED_FACE('',(#735),#261,.T.);
#9127=ADVANCED_FACE('',(#736),#8811,.F.);
#9128=ADVANCED_FACE('',(#737),#8812,.T.);
#9129=ADVANCED_FACE('',(#738),#8813,.F.);
#9130=ADVANCED_FACE('',(#739),#262,.T.);
#9131=ADVANCED_FACE('',(#740),#8814,.F.);
#9132=ADVANCED_FACE('',(#741),#263,.T.);
#9133=ADVANCED_FACE('',(#742),#8815,.F.);
#9134=ADVANCED_FACE('',(#743),#455,.T.);
#9135=ADVANCED_FACE('',(#744),#456,.F.);
#9136=ADVANCED_FACE('',(#745),#264,.T.);
#9137=ADVANCED_FACE('',(#746,#135,#136,#137,#138,#139,#140,#141,#142,#143,
#144,#145,#146,#147,#148,#149,#150,#151,#152,#153,#154,#155,#156,#157),
#265,.F.);
#9138=ADVANCED_FACE('',(#747),#8816,.F.);
#9139=ADVANCED_FACE('',(#748),#266,.T.);
#9140=ADVANCED_FACE('',(#749),#8817,.F.);
#9141=ADVANCED_FACE('',(#750),#8818,.T.);
#9142=ADVANCED_FACE('',(#751),#8819,.F.);
#9143=ADVANCED_FACE('',(#752),#267,.T.);
#9144=ADVANCED_FACE('',(#753),#8820,.F.);
#9145=ADVANCED_FACE('',(#754),#8821,.T.);
#9146=ADVANCED_FACE('',(#755),#8822,.F.);
#9147=ADVANCED_FACE('',(#756),#268,.T.);
#9148=ADVANCED_FACE('',(#757),#457,.F.);
#9149=ADVANCED_FACE('',(#758),#458,.T.);
#9150=ADVANCED_FACE('',(#759),#459,.F.);
#9151=ADVANCED_FACE('',(#760),#269,.T.);
#9152=ADVANCED_FACE('',(#761),#460,.F.);
#9153=ADVANCED_FACE('',(#762),#8823,.F.);
#9154=ADVANCED_FACE('',(#763),#270,.T.);
#9155=ADVANCED_FACE('',(#764),#8824,.F.);
#9156=ADVANCED_FACE('',(#765),#271,.T.);
#9157=ADVANCED_FACE('',(#766),#8825,.F.);
#9158=ADVANCED_FACE('',(#767),#272,.T.);
#9159=ADVANCED_FACE('',(#768),#461,.F.);
#9160=ADVANCED_FACE('',(#769),#273,.T.);
#9161=ADVANCED_FACE('',(#770),#462,.F.);
#9162=ADVANCED_FACE('',(#771),#8826,.F.);
#9163=ADVANCED_FACE('',(#772),#274,.T.);
#9164=ADVANCED_FACE('',(#773),#8827,.F.);
#9165=ADVANCED_FACE('',(#774),#275,.T.);
#9166=ADVANCED_FACE('',(#775),#8828,.F.);
#9167=ADVANCED_FACE('',(#776),#276,.T.);
#9168=ADVANCED_FACE('',(#777),#8829,.F.);
#9169=ADVANCED_FACE('',(#778),#277,.T.);
#9170=ADVANCED_FACE('',(#779),#8830,.F.);
#9171=ADVANCED_FACE('',(#780),#278,.T.);
#9172=ADVANCED_FACE('',(#781),#463,.F.);
#9173=ADVANCED_FACE('',(#782),#279,.F.);
#9174=ADVANCED_FACE('',(#783),#464,.F.);
#9175=ADVANCED_FACE('',(#784),#280,.F.);
#9176=ADVANCED_FACE('',(#785),#465,.F.);
#9177=ADVANCED_FACE('',(#786),#8831,.F.);
#9178=ADVANCED_FACE('',(#787),#281,.T.);
#9179=ADVANCED_FACE('',(#788),#8832,.F.);
#9180=ADVANCED_FACE('',(#789),#282,.T.);
#9181=ADVANCED_FACE('',(#790),#8833,.F.);
#9182=ADVANCED_FACE('',(#791),#8834,.T.);
#9183=ADVANCED_FACE('',(#792),#466,.F.);
#9184=ADVANCED_FACE('',(#793),#283,.F.);
#9185=ADVANCED_FACE('',(#794),#284,.T.);
#9186=ADVANCED_FACE('',(#795),#8835,.F.);
#9187=ADVANCED_FACE('',(#796),#285,.T.);
#9188=ADVANCED_FACE('',(#797),#8836,.F.);
#9189=ADVANCED_FACE('',(#798),#286,.T.);
#9190=ADVANCED_FACE('',(#799),#8837,.F.);
#9191=ADVANCED_FACE('',(#800),#287,.T.);
#9192=ADVANCED_FACE('',(#801),#8838,.F.);
#9193=ADVANCED_FACE('',(#802),#288,.F.);
#9194=ADVANCED_FACE('',(#803),#467,.F.);
#9195=ADVANCED_FACE('',(#804),#289,.F.);
#9196=ADVANCED_FACE('',(#805),#290,.T.);
#9197=ADVANCED_FACE('',(#806),#8839,.F.);
#9198=ADVANCED_FACE('',(#807),#291,.T.);
#9199=ADVANCED_FACE('',(#808),#8840,.F.);
#9200=ADVANCED_FACE('',(#809),#292,.T.);
#9201=ADVANCED_FACE('',(#810),#8841,.F.);
#9202=ADVANCED_FACE('',(#811),#293,.T.);
#9203=ADVANCED_FACE('',(#812),#8842,.F.);
#9204=ADVANCED_FACE('',(#813),#294,.T.);
#9205=ADVANCED_FACE('',(#814),#8843,.F.);
#9206=ADVANCED_FACE('',(#815),#295,.T.);
#9207=ADVANCED_FACE('',(#816),#8844,.F.);
#9208=ADVANCED_FACE('',(#817),#468,.F.);
#9209=ADVANCED_FACE('',(#818),#296,.F.);
#9210=ADVANCED_FACE('',(#819),#8845,.T.);
#9211=ADVANCED_FACE('',(#820),#8846,.F.);
#9212=ADVANCED_FACE('',(#821),#297,.T.);
#9213=ADVANCED_FACE('',(#822),#8847,.F.);
#9214=ADVANCED_FACE('',(#823),#298,.T.);
#9215=ADVANCED_FACE('',(#824),#8848,.F.);
#9216=ADVANCED_FACE('',(#825),#299,.T.);
#9217=ADVANCED_FACE('',(#826),#8849,.F.);
#9218=ADVANCED_FACE('',(#827),#300,.T.);
#9219=ADVANCED_FACE('',(#828),#8850,.F.);
#9220=ADVANCED_FACE('',(#829),#469,.F.);
#9221=ADVANCED_FACE('',(#830),#301,.F.);
#9222=ADVANCED_FACE('',(#831),#470,.F.);
#9223=ADVANCED_FACE('',(#832),#471,.T.);
#9224=ADVANCED_FACE('',(#833),#8851,.F.);
#9225=ADVANCED_FACE('',(#834),#302,.T.);
#9226=ADVANCED_FACE('',(#835),#8852,.F.);
#9227=ADVANCED_FACE('',(#836),#8853,.F.);
#9228=ADVANCED_FACE('',(#837),#303,.T.);
#9229=ADVANCED_FACE('',(#838),#8854,.F.);
#9230=ADVANCED_FACE('',(#839),#304,.T.);
#9231=ADVANCED_FACE('',(#840),#8855,.T.);
#9232=ADVANCED_FACE('',(#841),#305,.T.);
#9233=ADVANCED_FACE('',(#842),#8856,.T.);
#9234=ADVANCED_FACE('',(#843),#306,.T.);
#9235=ADVANCED_FACE('',(#844),#8857,.T.);
#9236=ADVANCED_FACE('',(#845),#307,.T.);
#9237=ADVANCED_FACE('',(#846),#8858,.T.);
#9238=ADVANCED_FACE('',(#847),#308,.T.);
#9239=ADVANCED_FACE('',(#848),#8859,.T.);
#9240=ADVANCED_FACE('',(#849),#309,.T.);
#9241=ADVANCED_FACE('',(#850),#472,.T.);
#9242=ADVANCED_FACE('',(#851),#310,.T.);
#9243=ADVANCED_FACE('',(#852),#8860,.F.);
#9244=ADVANCED_FACE('',(#853),#8861,.F.);
#9245=ADVANCED_FACE('',(#854),#473,.F.);
#9246=ADVANCED_FACE('',(#855),#8862,.F.);
#9247=ADVANCED_FACE('',(#856),#474,.F.);
#9248=ADVANCED_FACE('',(#857),#8863,.F.);
#9249=ADVANCED_FACE('',(#858),#475,.F.);
#9250=ADVANCED_FACE('',(#859),#8864,.F.);
#9251=ADVANCED_FACE('',(#860),#476,.F.);
#9252=ADVANCED_FACE('',(#861),#8865,.F.);
#9253=ADVANCED_FACE('',(#862),#477,.F.);
#9254=ADVANCED_FACE('',(#863),#8866,.F.);
#9255=ADVANCED_FACE('',(#864),#478,.F.);
#9256=ADVANCED_FACE('',(#865),#8867,.F.);
#9257=ADVANCED_FACE('',(#866),#479,.F.);
#9258=ADVANCED_FACE('',(#867),#8868,.F.);
#9259=ADVANCED_FACE('',(#868),#480,.F.);
#9260=ADVANCED_FACE('',(#869),#311,.T.);
#9261=ADVANCED_FACE('',(#870),#8869,.F.);
#9262=ADVANCED_FACE('',(#871),#312,.T.);
#9263=ADVANCED_FACE('',(#872),#8870,.F.);
#9264=ADVANCED_FACE('',(#873),#313,.T.);
#9265=ADVANCED_FACE('',(#874),#8871,.F.);
#9266=ADVANCED_FACE('',(#875),#8872,.T.);
#9267=ADVANCED_FACE('',(#876),#8873,.F.);
#9268=ADVANCED_FACE('',(#877),#314,.T.);
#9269=ADVANCED_FACE('',(#878),#315,.T.);
#9270=ADVANCED_FACE('',(#879),#8874,.F.);
#9271=ADVANCED_FACE('',(#880),#316,.T.);
#9272=ADVANCED_FACE('',(#881),#8875,.F.);
#9273=ADVANCED_FACE('',(#882),#317,.T.);
#9274=ADVANCED_FACE('',(#883),#8876,.F.);
#9275=ADVANCED_FACE('',(#884),#318,.T.);
#9276=ADVANCED_FACE('',(#885),#481,.F.);
#9277=ADVANCED_FACE('',(#886),#319,.F.);
#9278=ADVANCED_FACE('',(#887),#320,.T.);
#9279=ADVANCED_FACE('',(#888),#8877,.F.);
#9280=ADVANCED_FACE('',(#889),#321,.T.);
#9281=ADVANCED_FACE('',(#890),#8878,.F.);
#9282=ADVANCED_FACE('',(#891),#8879,.T.);
#9283=ADVANCED_FACE('',(#892),#8880,.F.);
#9284=ADVANCED_FACE('',(#893),#322,.T.);
#9285=ADVANCED_FACE('',(#894),#8881,.F.);
#9286=ADVANCED_FACE('',(#895),#482,.F.);
#9287=ADVANCED_FACE('',(#896),#323,.T.);
#9288=ADVANCED_FACE('',(#897),#483,.F.);
#9289=ADVANCED_FACE('',(#898),#324,.F.);
#9290=ADVANCED_FACE('',(#899),#325,.T.);
#9291=ADVANCED_FACE('',(#900),#8882,.F.);
#9292=ADVANCED_FACE('',(#901),#8883,.T.);
#9293=ADVANCED_FACE('',(#902),#8884,.F.);
#9294=ADVANCED_FACE('',(#903),#326,.T.);
#9295=ADVANCED_FACE('',(#904),#8885,.F.);
#9296=ADVANCED_FACE('',(#905),#327,.T.);
#9297=ADVANCED_FACE('',(#906),#8886,.F.);
#9298=ADVANCED_FACE('',(#907),#484,.F.);
#9299=ADVANCED_FACE('',(#908),#485,.T.);
#9300=ADVANCED_FACE('',(#909),#486,.F.);
#9301=ADVANCED_FACE('',(#910),#328,.F.);
#9302=ADVANCED_FACE('',(#911),#487,.F.);
#9303=ADVANCED_FACE('',(#912),#488,.F.);
#9304=ADVANCED_FACE('',(#913),#489,.F.);
#9305=ADVANCED_FACE('',(#914),#490,.F.);
#9306=ADVANCED_FACE('',(#915),#491,.F.);
#9307=ADVANCED_FACE('',(#916),#492,.F.);
#9308=ADVANCED_FACE('',(#917),#329,.T.);
#9309=ADVANCED_FACE('',(#918),#493,.F.);
#9310=ADVANCED_FACE('',(#919),#494,.F.);
#9311=ADVANCED_FACE('',(#920),#495,.T.);
#9312=ADVANCED_FACE('',(#921),#496,.F.);
#9313=ADVANCED_FACE('',(#922),#497,.F.);
#9314=ADVANCED_FACE('',(#923),#8887,.F.);
#9315=ADVANCED_FACE('',(#924),#8888,.F.);
#9316=ADVANCED_FACE('',(#925),#8889,.F.);
#9317=ADVANCED_FACE('',(#926),#8890,.F.);
#9318=ADVANCED_FACE('',(#927,#158),#330,.F.);
#9319=ADVANCED_FACE('',(#928,#159),#331,.F.);
#9320=ADVANCED_FACE('',(#929,#160),#332,.F.);
#9321=ADVANCED_FACE('',(#930,#161),#333,.F.);
#9322=ADVANCED_FACE('',(#931),#334,.F.);
#9323=ADVANCED_FACE('',(#932),#335,.T.);
#9324=ADVANCED_FACE('',(#933),#498,.T.);
#9325=ADVANCED_FACE('',(#934),#336,.T.);
#9326=ADVANCED_FACE('',(#935),#337,.T.);
#9327=ADVANCED_FACE('',(#936),#338,.T.);
#9328=ADVANCED_FACE('',(#937),#499,.T.);
#9329=ADVANCED_FACE('',(#938),#339,.T.);
#9330=ADVANCED_FACE('',(#939),#340,.F.);
#9331=ADVANCED_FACE('',(#940),#341,.T.);
#9332=ADVANCED_FACE('',(#941),#342,.T.);
#9333=ADVANCED_FACE('',(#942),#343,.T.);
#9334=ADVANCED_FACE('',(#943),#8891,.T.);
#9335=ADVANCED_FACE('',(#944),#344,.T.);
#9336=ADVANCED_FACE('',(#945),#500,.T.);
#9337=ADVANCED_FACE('',(#946),#345,.T.);
#9338=ADVANCED_FACE('',(#947,#162),#346,.T.);
#9339=ADVANCED_FACE('',(#948),#8892,.T.);
#9340=ADVANCED_FACE('',(#949,#163),#347,.F.);
#9341=ADVANCED_FACE('',(#950),#501,.F.);
#9342=ADVANCED_FACE('',(#951),#502,.F.);
#9343=ADVANCED_FACE('',(#952),#348,.T.);
#9344=ADVANCED_FACE('',(#953),#349,.T.);
#9345=ADVANCED_FACE('',(#954,#164),#350,.F.);
#9346=ADVANCED_FACE('',(#955),#13,.F.);
#9347=ADVANCED_FACE('',(#956),#351,.T.);
#9348=ADVANCED_FACE('',(#957),#14,.F.);
#9349=ADVANCED_FACE('',(#958),#503,.T.);
#9350=ADVANCED_FACE('',(#959),#15,.F.);
#9351=ADVANCED_FACE('',(#960),#16,.F.);
#9352=ADVANCED_FACE('',(#961),#504,.F.);
#9353=ADVANCED_FACE('',(#962),#17,.F.);
#9354=ADVANCED_FACE('',(#963),#505,.F.);
#9355=ADVANCED_FACE('',(#964),#352,.T.);
#9356=ADVANCED_FACE('',(#965),#353,.T.);
#9357=ADVANCED_FACE('',(#966),#506,.T.);
#9358=ADVANCED_FACE('',(#967),#354,.T.);
#9359=ADVANCED_FACE('',(#968),#18,.F.);
#9360=ADVANCED_FACE('',(#969),#19,.F.);
#9361=ADVANCED_FACE('',(#970),#20,.F.);
#9362=ADVANCED_FACE('',(#971),#21,.F.);
#9363=ADVANCED_FACE('',(#972),#507,.F.);
#9364=ADVANCED_FACE('',(#973),#8893,.T.);
#9365=ADVANCED_FACE('',(#974,#165),#355,.F.);
#9366=ADVANCED_FACE('',(#975),#8894,.T.);
#9367=ADVANCED_FACE('',(#976,#166),#356,.F.);
#9368=ADVANCED_FACE('',(#977),#508,.T.);
#9369=ADVANCED_FACE('',(#978),#357,.T.);
#9370=ADVANCED_FACE('',(#979),#8895,.T.);
#9371=ADVANCED_FACE('',(#980),#8896,.T.);
#9372=ADVANCED_FACE('',(#981),#8897,.F.);
#9373=ADVANCED_FACE('',(#982),#8898,.F.);
#9374=ADVANCED_FACE('',(#983),#8899,.T.);
#9375=ADVANCED_FACE('',(#984),#8900,.T.);
#9376=ADVANCED_FACE('',(#985),#358,.T.);
#9377=ADVANCED_FACE('',(#986),#509,.F.);
#9378=ADVANCED_FACE('',(#987),#510,.T.);
#9379=ADVANCED_FACE('',(#988),#359,.T.);
#9380=ADVANCED_FACE('',(#989),#360,.F.);
#9381=ADVANCED_FACE('',(#990),#361,.T.);
#9382=ADVANCED_FACE('',(#991),#8901,.T.);
#9383=ADVANCED_FACE('',(#992),#8902,.T.);
#9384=ADVANCED_FACE('',(#993),#8903,.F.);
#9385=ADVANCED_FACE('',(#994),#362,.T.);
#9386=ADVANCED_FACE('',(#995),#8904,.T.);
#9387=ADVANCED_FACE('',(#996),#8905,.T.);
#9388=ADVANCED_FACE('',(#997),#363,.T.);
#9389=ADVANCED_FACE('',(#998),#511,.T.);
#9390=ADVANCED_FACE('',(#999),#512,.F.);
#9391=ADVANCED_FACE('',(#1000),#513,.T.);
#9392=ADVANCED_FACE('',(#1001),#364,.T.);
#9393=ADVANCED_FACE('',(#1002),#365,.F.);
#9394=ADVANCED_FACE('',(#1003),#8906,.F.);
#9395=ADVANCED_FACE('',(#1004,#167,#168,#169,#170,#171,#172,#173),#366,
 .T.);
#9396=ADVANCED_FACE('',(#1005),#514,.F.);
#9397=ADVANCED_FACE('',(#1006),#8907,.F.);
#9398=ADVANCED_FACE('',(#1007),#515,.F.);
#9399=ADVANCED_FACE('',(#1008),#8908,.F.);
#9400=ADVANCED_FACE('',(#1009),#516,.F.);
#9401=ADVANCED_FACE('',(#1010),#8909,.F.);
#9402=ADVANCED_FACE('',(#1011),#517,.F.);
#9403=ADVANCED_FACE('',(#1012),#8910,.F.);
#9404=ADVANCED_FACE('',(#1013),#518,.F.);
#9405=ADVANCED_FACE('',(#1014),#8911,.F.);
#9406=ADVANCED_FACE('',(#1015),#519,.F.);
#9407=ADVANCED_FACE('',(#1016),#367,.T.);
#9408=ADVANCED_FACE('',(#1017),#8912,.F.);
#9409=ADVANCED_FACE('',(#1018),#8913,.F.);
#9410=ADVANCED_FACE('',(#1019),#8914,.T.);
#9411=ADVANCED_FACE('',(#1020),#8915,.T.);
#9412=ADVANCED_FACE('',(#1021),#368,.T.);
#9413=ADVANCED_FACE('',(#1022),#369,.T.);
#9414=ADVANCED_FACE('',(#1023),#8916,.T.);
#9415=ADVANCED_FACE('',(#1024),#8917,.T.);
#9416=ADVANCED_FACE('',(#1025),#8918,.F.);
#9417=ADVANCED_FACE('',(#1026),#370,.T.);
#9418=ADVANCED_FACE('',(#1027),#8919,.T.);
#9419=ADVANCED_FACE('',(#1028),#8920,.F.);
#9420=ADVANCED_FACE('',(#1029),#371,.T.);
#9421=ADVANCED_FACE('',(#1030),#8921,.T.);
#9422=ADVANCED_FACE('',(#1031),#8922,.F.);
#9423=ADVANCED_FACE('',(#1032),#372,.T.);
#9424=ADVANCED_FACE('',(#1033),#373,.T.);
#9425=ADVANCED_FACE('',(#1034),#8923,.F.);
#9426=ADVANCED_FACE('',(#1035),#8924,.T.);
#9427=ADVANCED_FACE('',(#1036),#374,.T.);
#9428=ADVANCED_FACE('',(#1037),#375,.T.);
#9429=ADVANCED_FACE('',(#1038),#8925,.T.);
#9430=ADVANCED_FACE('',(#1039),#8926,.F.);
#9431=ADVANCED_FACE('',(#1040),#376,.T.);
#9432=ADVANCED_FACE('',(#1041),#8927,.T.);
#9433=ADVANCED_FACE('',(#1042),#8928,.T.);
#9434=ADVANCED_FACE('',(#1043),#377,.T.);
#9435=ADVANCED_FACE('',(#1044),#378,.T.);
#9436=ADVANCED_FACE('',(#1045),#8929,.F.);
#9437=ADVANCED_FACE('',(#1046),#379,.T.);
#9438=ADVANCED_FACE('',(#1047),#380,.T.);
#9439=ADVANCED_FACE('',(#1048),#520,.T.);
#9440=ADVANCED_FACE('',(#1049),#381,.T.);
#9441=ADVANCED_FACE('',(#1050),#521,.F.);
#9442=ADVANCED_FACE('',(#1051),#382,.T.);
#9443=ADVANCED_FACE('',(#1052),#522,.T.);
#9444=ADVANCED_FACE('',(#1053),#523,.F.);
#9445=ADVANCED_FACE('',(#1054),#383,.T.);
#9446=ADVANCED_FACE('',(#1055),#524,.T.);
#9447=ADVANCED_FACE('',(#1056),#384,.T.);
#9448=ADVANCED_FACE('',(#1057),#525,.T.);
#9449=ADVANCED_FACE('',(#1058),#526,.T.);
#9450=ADVANCED_FACE('',(#1059),#385,.T.);
#9451=ADVANCED_FACE('',(#1060),#386,.F.);
#9452=ADVANCED_FACE('',(#1061),#387,.F.);
#9453=ADVANCED_FACE('',(#1062),#388,.F.);
#9454=ADVANCED_FACE('',(#1063),#389,.F.);
#9455=ADVANCED_FACE('',(#1064),#390,.F.);
#9456=ADVANCED_FACE('',(#1065,#174),#391,.T.);
#9457=ADVANCED_FACE('',(#1066),#392,.F.);
#9458=ADVANCED_FACE('',(#1067),#393,.F.);
#9459=ADVANCED_FACE('',(#1068),#394,.F.);
#9460=ADVANCED_FACE('',(#1069),#395,.F.);
#9461=ADVANCED_FACE('',(#1070),#396,.F.);
#9462=ADVANCED_FACE('',(#1071,#175),#397,.T.);
#9463=ADVANCED_FACE('',(#1072),#398,.F.);
#9464=ADVANCED_FACE('',(#1073),#399,.F.);
#9465=ADVANCED_FACE('',(#1074),#400,.F.);
#9466=ADVANCED_FACE('',(#1075),#401,.F.);
#9467=ADVANCED_FACE('',(#1076),#402,.F.);
#9468=ADVANCED_FACE('',(#1077,#176),#403,.T.);
#9469=ADVANCED_FACE('',(#1078),#404,.F.);
#9470=ADVANCED_FACE('',(#1079),#405,.F.);
#9471=ADVANCED_FACE('',(#1080),#406,.F.);
#9472=ADVANCED_FACE('',(#1081),#407,.F.);
#9473=ADVANCED_FACE('',(#1082),#408,.F.);
#9474=ADVANCED_FACE('',(#1083,#177),#409,.T.);
#9475=ADVANCED_FACE('',(#1084),#410,.T.);
#9476=ADVANCED_FACE('',(#1085),#527,.F.);
#9477=ADVANCED_FACE('',(#1086),#411,.T.);
#9478=ADVANCED_FACE('',(#1087),#528,.F.);
#9479=ADVANCED_FACE('',(#1088),#412,.T.);
#9480=ADVANCED_FACE('',(#1089),#529,.F.);
#9481=ADVANCED_FACE('',(#1090),#413,.T.);
#9482=ADVANCED_FACE('',(#1091),#530,.F.);
#9483=ADVANCED_FACE('',(#1092),#531,.F.);
#9484=ADVANCED_FACE('',(#1093),#532,.T.);
#9485=ADVANCED_FACE('',(#1094),#414,.T.);
#9486=ADVANCED_FACE('',(#1095),#533,.F.);
#9487=ADVANCED_FACE('',(#1096),#415,.T.);
#9488=ADVANCED_FACE('',(#1097),#416,.T.);
#9489=ADVANCED_FACE('',(#1098),#534,.F.);
#9490=ADVANCED_FACE('',(#1099),#535,.T.);
#9491=ADVANCED_FACE('',(#1100),#417,.T.);
#9492=ADVANCED_FACE('',(#1101),#536,.F.);
#9493=ADVANCED_FACE('',(#1102),#537,.F.);
#9494=ADVANCED_FACE('',(#1103),#538,.T.);
#9495=CLOSED_SHELL('',(#8930,#8931,#8932,#8933,#8934,#8935,#8936,#8937,
#8938,#8939,#8940,#8941,#8942,#8943,#8944,#8945,#8946,#8947,#8948,#8949,
#8950,#8951,#8952,#8953,#8954,#8955,#8956,#8957,#8958,#8959,#8960,#8961,
#8962,#8963,#8964,#8965,#8966,#8967,#8968,#8969,#8970,#8971,#8972,#8973,
#8974,#8975,#8976,#8977,#8978,#8979,#8980,#8981,#8982,#8983,#8984,#8985,
#8986,#8987,#8988,#8989,#8990,#8991,#8992,#8993,#8994,#8995,#8996,#8997,
#8998,#8999,#9000,#9001,#9002,#9003,#9004,#9005,#9006,#9007,#9008,#9009,
#9010,#9011,#9012,#9013,#9014,#9015,#9016,#9017,#9018,#9019,#9020,#9021,
#9022,#9023,#9024,#9025,#9026,#9027,#9028,#9029,#9030,#9031,#9032,#9033,
#9034,#9035,#9036,#9037,#9038,#9039,#9040,#9041,#9042,#9043,#9044,#9045,
#9046,#9047,#9048,#9049,#9050,#9051,#9052,#9053,#9054,#9055,#9056,#9057,
#9058,#9059,#9060,#9061,#9062,#9063,#9064,#9065,#9066,#9067,#9068,#9069,
#9070,#9071,#9072,#9073,#9074,#9075,#9076,#9077,#9078,#9079,#9080,#9081,
#9082,#9083,#9084,#9085,#9086,#9087,#9088,#9089,#9090,#9091,#9092,#9093,
#9094,#9095,#9096,#9097,#9098,#9099,#9100,#9101,#9102,#9103,#9104,#9105,
#9106,#9107,#9108,#9109,#9110,#9111,#9112,#9113,#9114,#9115,#9116,#9117,
#9118,#9119,#9120,#9121,#9122,#9123,#9124,#9125,#9126,#9127,#9128,#9129,
#9130,#9131,#9132,#9133,#9134,#9135,#9136,#9137,#9138,#9139,#9140,#9141,
#9142,#9143,#9144,#9145,#9146,#9147,#9148,#9149,#9150,#9151,#9152,#9153,
#9154,#9155,#9156,#9157,#9158,#9159,#9160,#9161,#9162,#9163,#9164,#9165,
#9166,#9167,#9168,#9169,#9170,#9171,#9172,#9173,#9174,#9175,#9176,#9177,
#9178,#9179,#9180,#9181,#9182,#9183,#9184,#9185,#9186,#9187,#9188,#9189,
#9190,#9191,#9192,#9193,#9194,#9195,#9196,#9197,#9198,#9199,#9200,#9201,
#9202,#9203,#9204,#9205,#9206,#9207,#9208,#9209,#9210,#9211,#9212,#9213,
#9214,#9215,#9216,#9217,#9218,#9219,#9220,#9221,#9222,#9223,#9224,#9225,
#9226,#9227,#9228,#9229,#9230,#9231,#9232,#9233,#9234,#9235,#9236,#9237,
#9238,#9239,#9240,#9241,#9242,#9243,#9244,#9245,#9246,#9247,#9248,#9249,
#9250,#9251,#9252,#9253,#9254,#9255,#9256,#9257,#9258,#9259,#9260,#9261,
#9262,#9263,#9264,#9265,#9266,#9267,#9268,#9269,#9270,#9271,#9272,#9273,
#9274,#9275,#9276,#9277,#9278,#9279,#9280,#9281,#9282,#9283,#9284,#9285,
#9286,#9287,#9288,#9289,#9290,#9291,#9292,#9293,#9294,#9295,#9296,#9297,
#9298,#9299,#9300,#9301,#9302,#9303,#9304,#9305,#9306,#9307,#9308,#9309,
#9310,#9311,#9312,#9313,#9314,#9315,#9316,#9317,#9318,#9319,#9320,#9321,
#9322,#9323));
#9496=CLOSED_SHELL('',(#9324,#9325,#9326,#9327,#9328,#9329,#9330,#9331,
#9332,#9333,#9334,#9335,#9336,#9337,#9338,#9339,#9340,#9341,#9342,#9343,
#9344,#9345));
#9497=CLOSED_SHELL('',(#9346,#9347,#9348,#9349,#9350,#9351,#9352,#9353,
#9354,#9355,#9356,#9357,#9358,#9359,#9360,#9361,#9362,#9363,#9364,#9365,
#9366,#9367,#9368,#9369,#9370,#9371,#9372,#9373,#9374,#9375,#9376,#9377,
#9378,#9379,#9380,#9381,#9382,#9383,#9384,#9385,#9386,#9387,#9388,#9389,
#9390,#9391,#9392,#9393,#9394,#9395,#9396,#9397,#9398,#9399,#9400,#9401,
#9402,#9403,#9404,#9405,#9406,#9407,#9408,#9409,#9410,#9411,#9412,#9413,
#9414,#9415,#9416,#9417,#9418,#9419,#9420,#9421,#9422,#9423,#9424,#9425,
#9426,#9427,#9428,#9429,#9430,#9431,#9432,#9433,#9434,#9435,#9436,#9437,
#9438,#9439,#9440,#9441,#9442,#9443,#9444,#9445,#9446,#9447,#9448,#9449,
#9450,#9451,#9452,#9453,#9454,#9455,#9456,#9457,#9458,#9459,#9460,#9461,
#9462,#9463,#9464,#9465,#9466,#9467,#9468,#9469,#9470,#9471,#9472,#9473,
#9474,#9475,#9476,#9477,#9478,#9479,#9480,#9481,#9482,#9483,#9484,#9485,
#9486,#9487,#9488,#9489,#9490,#9491,#9492,#9493,#9494));
#9498=DERIVED_UNIT_ELEMENT(#9500,1.);
#9499=DERIVED_UNIT_ELEMENT(#16513,-3.);
#9500=(
MASS_UNIT()
NAMED_UNIT(*)
SI_UNIT(.KILO.,.GRAM.)
);
#9501=DERIVED_UNIT((#9498,#9499));
#9502=MEASURE_REPRESENTATION_ITEM('density measure',
POSITIVE_RATIO_MEASURE(7850.),#9501);
#9503=PROPERTY_DEFINITION_REPRESENTATION(#9508,#9505);
#9504=PROPERTY_DEFINITION_REPRESENTATION(#9509,#9506);
#9505=REPRESENTATION('material name',(#9507),#16510);
#9506=REPRESENTATION('density',(#9502),#16510);
#9507=DESCRIPTIVE_REPRESENTATION_ITEM('Acero','Acero');
#9508=PROPERTY_DEFINITION('material property','material name',#16520);
#9509=PROPERTY_DEFINITION('material property','density of part',#16520);
#9510=AXIS2_PLACEMENT_3D('',#13466,#10559,#10560);
#9511=AXIS2_PLACEMENT_3D('',#13467,#10561,#10562);
#9512=AXIS2_PLACEMENT_3D('',#13469,#10563,#10564);
#9513=AXIS2_PLACEMENT_3D('',#13472,#10566,#10567);
#9514=AXIS2_PLACEMENT_3D('',#13473,#10568,#10569);
#9515=AXIS2_PLACEMENT_3D('',#13478,#10571,#10572);
#9516=AXIS2_PLACEMENT_3D('',#13482,#10574,#10575);
#9517=AXIS2_PLACEMENT_3D('',#13484,#10577,#10578);
#9518=AXIS2_PLACEMENT_3D('',#13485,#10579,#10580);
#9519=AXIS2_PLACEMENT_3D('',#13487,#10581,#10582);
#9520=AXIS2_PLACEMENT_3D('',#13488,#10583,#10584);
#9521=AXIS2_PLACEMENT_3D('',#13490,#10585,#10586);
#9522=AXIS2_PLACEMENT_3D('',#13494,#10588,#10589);
#9523=AXIS2_PLACEMENT_3D('',#13495,#10590,#10591);
#9524=AXIS2_PLACEMENT_3D('',#13496,#10592,#10593);
#9525=AXIS2_PLACEMENT_3D('',#13501,#10595,#10596);
#9526=AXIS2_PLACEMENT_3D('',#13505,#10598,#10599);
#9527=AXIS2_PLACEMENT_3D('',#13507,#10601,#10602);
#9528=AXIS2_PLACEMENT_3D('',#13508,#10603,#10604);
#9529=AXIS2_PLACEMENT_3D('',#13510,#10605,#10606);
#9530=AXIS2_PLACEMENT_3D('',#13511,#10607,#10608);
#9531=AXIS2_PLACEMENT_3D('',#13513,#10609,#10610);
#9532=AXIS2_PLACEMENT_3D('',#13516,#10612,#10613);
#9533=AXIS2_PLACEMENT_3D('',#13517,#10614,#10615);
#9534=AXIS2_PLACEMENT_3D('',#13522,#10617,#10618);
#9535=AXIS2_PLACEMENT_3D('',#13525,#10620,#10621);
#9536=AXIS2_PLACEMENT_3D('',#13528,#10623,#10624);
#9537=AXIS2_PLACEMENT_3D('',#13529,#10625,#10626);
#9538=AXIS2_PLACEMENT_3D('',#13531,#10627,#10628);
#9539=AXIS2_PLACEMENT_3D('',#13532,#10629,#10630);
#9540=AXIS2_PLACEMENT_3D('',#13534,#10631,#10632);
#9541=AXIS2_PLACEMENT_3D('',#13537,#10634,#10635);
#9542=AXIS2_PLACEMENT_3D('',#13538,#10636,#10637);
#9543=AXIS2_PLACEMENT_3D('',#13543,#10639,#10640);
#9544=AXIS2_PLACEMENT_3D('',#13546,#10642,#10643);
#9545=AXIS2_PLACEMENT_3D('',#13549,#10645,#10646);
#9546=AXIS2_PLACEMENT_3D('',#13550,#10647,#10648);
#9547=AXIS2_PLACEMENT_3D('',#13552,#10649,#10650);
#9548=AXIS2_PLACEMENT_3D('',#13553,#10651,#10652);
#9549=AXIS2_PLACEMENT_3D('',#13555,#10653,#10654);
#9550=AXIS2_PLACEMENT_3D('',#13557,#10655,#10656);
#9551=AXIS2_PLACEMENT_3D('',#13558,#10657,#10658);
#9552=AXIS2_PLACEMENT_3D('',#13571,#10661,#10662);
#9553=AXIS2_PLACEMENT_3D('',#13587,#10664,#10665);
#9554=AXIS2_PLACEMENT_3D('',#13600,#10668,#10669);
#9555=AXIS2_PLACEMENT_3D('',#13602,#10670,#10671);
#9556=AXIS2_PLACEMENT_3D('',#13604,#10672,#10673);
#9557=AXIS2_PLACEMENT_3D('',#13606,#10674,#10675);
#9558=AXIS2_PLACEMENT_3D('',#13610,#10677,#10678);
#9559=AXIS2_PLACEMENT_3D('',#13614,#10680,#10681);
#9560=AXIS2_PLACEMENT_3D('',#13617,#10683,#10684);
#9561=AXIS2_PLACEMENT_3D('',#13618,#10685,#10686);
#9562=AXIS2_PLACEMENT_3D('',#13623,#10688,#10689);
#9563=AXIS2_PLACEMENT_3D('',#13627,#10691,#10692);
#9564=AXIS2_PLACEMENT_3D('',#13629,#10693,#10694);
#9565=AXIS2_PLACEMENT_3D('',#13631,#10695,#10696);
#9566=AXIS2_PLACEMENT_3D('',#13634,#10698,#10699);
#9567=AXIS2_PLACEMENT_3D('',#13639,#10701,#10702);
#9568=AXIS2_PLACEMENT_3D('',#13643,#10704,#10705);
#9569=AXIS2_PLACEMENT_3D('',#13647,#10707,#10708);
#9570=AXIS2_PLACEMENT_3D('',#13651,#10710,#10711);
#9571=AXIS2_PLACEMENT_3D('',#13654,#10713,#10714);
#9572=AXIS2_PLACEMENT_3D('',#13657,#10715,#10716);
#9573=AXIS2_PLACEMENT_3D('',#13661,#10718,#10719);
#9574=AXIS2_PLACEMENT_3D('',#13665,#10721,#10722);
#9575=AXIS2_PLACEMENT_3D('',#13669,#10724,#10725);
#9576=AXIS2_PLACEMENT_3D('',#13673,#10727,#10728);
#9577=AXIS2_PLACEMENT_3D('',#13675,#10729,#10730);
#9578=AXIS2_PLACEMENT_3D('',#13678,#10732,#10733);
#9579=AXIS2_PLACEMENT_3D('',#13683,#10735,#10736);
#9580=AXIS2_PLACEMENT_3D('',#13687,#10738,#10739);
#9581=AXIS2_PLACEMENT_3D('',#13690,#10741,#10742);
#9582=AXIS2_PLACEMENT_3D('',#13695,#10744,#10745);
#9583=AXIS2_PLACEMENT_3D('',#13699,#10747,#10748);
#9584=AXIS2_PLACEMENT_3D('',#13703,#10750,#10751);
#9585=AXIS2_PLACEMENT_3D('',#13706,#10753,#10754);
#9586=AXIS2_PLACEMENT_3D('',#13709,#10755,#10756);
#9587=AXIS2_PLACEMENT_3D('',#13711,#10757,#10758);
#9588=AXIS2_PLACEMENT_3D('',#13713,#10759,#10760);
#9589=AXIS2_PLACEMENT_3D('',#13717,#10762,#10763);
#9590=AXIS2_PLACEMENT_3D('',#13720,#10765,#10766);
#9591=AXIS2_PLACEMENT_3D('',#13722,#10767,#10768);
#9592=AXIS2_PLACEMENT_3D('',#13724,#10769,#10770);
#9593=AXIS2_PLACEMENT_3D('',#13726,#10771,#10772);
#9594=AXIS2_PLACEMENT_3D('',#13731,#10774,#10775);
#9595=AXIS2_PLACEMENT_3D('',#13735,#10777,#10778);
#9596=AXIS2_PLACEMENT_3D('',#13739,#10780,#10781);
#9597=AXIS2_PLACEMENT_3D('',#13743,#10783,#10784);
#9598=AXIS2_PLACEMENT_3D('',#13745,#10785,#10786);
#9599=AXIS2_PLACEMENT_3D('',#13746,#10787,#10788);
#9600=AXIS2_PLACEMENT_3D('',#13751,#10790,#10791);
#9601=AXIS2_PLACEMENT_3D('',#13755,#10793,#10794);
#9602=AXIS2_PLACEMENT_3D('',#13758,#10796,#10797);
#9603=AXIS2_PLACEMENT_3D('',#13763,#10799,#10800);
#9604=AXIS2_PLACEMENT_3D('',#13767,#10802,#10803);
#9605=AXIS2_PLACEMENT_3D('',#13771,#10805,#10806);
#9606=AXIS2_PLACEMENT_3D('',#13773,#10807,#10808);
#9607=AXIS2_PLACEMENT_3D('',#13774,#10809,#10810);
#9608=AXIS2_PLACEMENT_3D('',#13779,#10812,#10813);
#9609=AXIS2_PLACEMENT_3D('',#13783,#10815,#10816);
#9610=AXIS2_PLACEMENT_3D('',#13786,#10818,#10819);
#9611=AXIS2_PLACEMENT_3D('',#13789,#10820,#10821);
#9612=AXIS2_PLACEMENT_3D('',#13793,#10823,#10824);
#9613=AXIS2_PLACEMENT_3D('',#13795,#10825,#10826);
#9614=AXIS2_PLACEMENT_3D('',#13797,#10827,#10828);
#9615=AXIS2_PLACEMENT_3D('',#13801,#10830,#10831);
#9616=AXIS2_PLACEMENT_3D('',#13807,#10834,#10835);
#9617=AXIS2_PLACEMENT_3D('',#13809,#10836,#10837);
#9618=AXIS2_PLACEMENT_3D('',#13811,#10838,#10839);
#9619=AXIS2_PLACEMENT_3D('',#13815,#10841,#10842);
#9620=AXIS2_PLACEMENT_3D('',#13817,#10843,#10844);
#9621=AXIS2_PLACEMENT_3D('',#13819,#10845,#10846);
#9622=AXIS2_PLACEMENT_3D('',#13822,#10848,#10849);
#9623=AXIS2_PLACEMENT_3D('',#13825,#10850,#10851);
#9624=AXIS2_PLACEMENT_3D('',#13829,#10853,#10854);
#9625=AXIS2_PLACEMENT_3D('',#13833,#10856,#10857);
#9626=AXIS2_PLACEMENT_3D('',#13837,#10859,#10860);
#9627=AXIS2_PLACEMENT_3D('',#13838,#10861,#10862);
#9628=AXIS2_PLACEMENT_3D('',#13839,#10863,#10864);
#9629=AXIS2_PLACEMENT_3D('',#13849,#10866,#10867);
#9630=AXIS2_PLACEMENT_3D('',#13859,#10869,#10870);
#9631=AXIS2_PLACEMENT_3D('',#13875,#10872,#10873);
#9632=AXIS2_PLACEMENT_3D('',#13885,#10875,#10876);
#9633=AXIS2_PLACEMENT_3D('',#13901,#10878,#10879);
#9634=AXIS2_PLACEMENT_3D('',#13906,#10882,#10883);
#9635=AXIS2_PLACEMENT_3D('',#13907,#10884,#10885);
#9636=AXIS2_PLACEMENT_3D('',#13911,#10888,#10889);
#9637=AXIS2_PLACEMENT_3D('',#13913,#10890,#10891);
#9638=AXIS2_PLACEMENT_3D('',#13915,#10893,#10894);
#9639=AXIS2_PLACEMENT_3D('',#13919,#10897,#10898);
#9640=AXIS2_PLACEMENT_3D('',#13921,#10899,#10900);
#9641=AXIS2_PLACEMENT_3D('',#13923,#10902,#10903);
#9642=AXIS2_PLACEMENT_3D('',#13927,#10906,#10907);
#9643=AXIS2_PLACEMENT_3D('',#13929,#10908,#10909);
#9644=AXIS2_PLACEMENT_3D('',#13931,#10911,#10912);
#9645=AXIS2_PLACEMENT_3D('',#13932,#10913,#10914);
#9646=AXIS2_PLACEMENT_3D('',#13933,#10915,#10916);
#9647=AXIS2_PLACEMENT_3D('',#13939,#10920,#10921);
#9648=AXIS2_PLACEMENT_3D('',#13942,#10923,#10924);
#9649=AXIS2_PLACEMENT_3D('',#13943,#10925,#10926);
#9650=AXIS2_PLACEMENT_3D('',#13947,#10929,#10930);
#9651=AXIS2_PLACEMENT_3D('',#13950,#10932,#10933);
#9652=AXIS2_PLACEMENT_3D('',#13951,#10934,#10935);
#9653=AXIS2_PLACEMENT_3D('',#13957,#10939,#10940);
#9654=AXIS2_PLACEMENT_3D('',#13959,#10941,#10942);
#9655=AXIS2_PLACEMENT_3D('',#13961,#10944,#10945);
#9656=AXIS2_PLACEMENT_3D('',#13965,#10948,#10949);
#9657=AXIS2_PLACEMENT_3D('',#13967,#10950,#10951);
#9658=AXIS2_PLACEMENT_3D('',#13969,#10953,#10954);
#9659=AXIS2_PLACEMENT_3D('',#13971,#10955,#10956);
#9660=AXIS2_PLACEMENT_3D('',#13973,#10958,#10959);
#9661=AXIS2_PLACEMENT_3D('',#13975,#10960,#10961);
#9662=AXIS2_PLACEMENT_3D('',#13977,#10963,#10964);
#9663=AXIS2_PLACEMENT_3D('',#13981,#10967,#10968);
#9664=AXIS2_PLACEMENT_3D('',#13982,#10969,#10970);
#9665=AXIS2_PLACEMENT_3D('',#13983,#10971,#10972);
#9666=AXIS2_PLACEMENT_3D('',#13987,#10974,#10975);
#9667=AXIS2_PLACEMENT_3D('',#13989,#10977,#10978);
#9668=AXIS2_PLACEMENT_3D('',#13993,#10981,#10982);
#9669=AXIS2_PLACEMENT_3D('',#13996,#10984,#10985);
#9670=AXIS2_PLACEMENT_3D('',#13997,#10986,#10987);
#9671=AXIS2_PLACEMENT_3D('',#14001,#10990,#10991);
#9672=AXIS2_PLACEMENT_3D('',#14007,#10995,#10996);
#9673=AXIS2_PLACEMENT_3D('',#14009,#10997,#10998);
#9674=AXIS2_PLACEMENT_3D('',#14011,#11000,#11001);
#9675=AXIS2_PLACEMENT_3D('',#14013,#11002,#11003);
#9676=AXIS2_PLACEMENT_3D('',#14015,#11005,#11006);
#9677=AXIS2_PLACEMENT_3D('',#14017,#11007,#11008);
#9678=AXIS2_PLACEMENT_3D('',#14019,#11010,#11011);
#9679=AXIS2_PLACEMENT_3D('',#14023,#11014,#11015);
#9680=AXIS2_PLACEMENT_3D('',#14025,#11016,#11017);
#9681=AXIS2_PLACEMENT_3D('',#14027,#11019,#11020);
#9682=AXIS2_PLACEMENT_3D('',#14029,#11021,#11022);
#9683=AXIS2_PLACEMENT_3D('',#14031,#11024,#11025);
#9684=AXIS2_PLACEMENT_3D('',#14033,#11026,#11027);
#9685=AXIS2_PLACEMENT_3D('',#14035,#11029,#11030);
#9686=AXIS2_PLACEMENT_3D('',#14039,#11033,#11034);
#9687=AXIS2_PLACEMENT_3D('',#14040,#11035,#11036);
#9688=AXIS2_PLACEMENT_3D('',#14041,#11037,#11038);
#9689=AXIS2_PLACEMENT_3D('',#14047,#11042,#11043);
#9690=AXIS2_PLACEMENT_3D('',#14050,#11045,#11046);
#9691=AXIS2_PLACEMENT_3D('',#14051,#11047,#11048);
#9692=AXIS2_PLACEMENT_3D('',#14054,#11050,#11051);
#9693=AXIS2_PLACEMENT_3D('',#14055,#11052,#11053);
#9694=AXIS2_PLACEMENT_3D('',#14058,#11055,#11056);
#9695=AXIS2_PLACEMENT_3D('',#14059,#11057,#11058);
#9696=AXIS2_PLACEMENT_3D('',#14063,#11061,#11062);
#9697=AXIS2_PLACEMENT_3D('',#14069,#11066,#11067);
#9698=AXIS2_PLACEMENT_3D('',#14071,#11068,#11069);
#9699=AXIS2_PLACEMENT_3D('',#14073,#11071,#11072);
#9700=AXIS2_PLACEMENT_3D('',#14077,#11075,#11076);
#9701=AXIS2_PLACEMENT_3D('',#14079,#11077,#11078);
#9702=AXIS2_PLACEMENT_3D('',#14081,#11080,#11081);
#9703=AXIS2_PLACEMENT_3D('',#14085,#11084,#11085);
#9704=AXIS2_PLACEMENT_3D('',#14087,#11086,#11087);
#9705=AXIS2_PLACEMENT_3D('',#14089,#11089,#11090);
#9706=AXIS2_PLACEMENT_3D('',#14093,#11093,#11094);
#9707=AXIS2_PLACEMENT_3D('',#14095,#11095,#11096);
#9708=AXIS2_PLACEMENT_3D('',#14097,#11098,#11099);
#9709=AXIS2_PLACEMENT_3D('',#14101,#11102,#11103);
#9710=AXIS2_PLACEMENT_3D('',#14102,#11104,#11105);
#9711=AXIS2_PLACEMENT_3D('',#14103,#11106,#11107);
#9712=AXIS2_PLACEMENT_3D('',#14109,#11111,#11112);
#9713=AXIS2_PLACEMENT_3D('',#14112,#11114,#11115);
#9714=AXIS2_PLACEMENT_3D('',#14113,#11116,#11117);
#9715=AXIS2_PLACEMENT_3D('',#14117,#11120,#11121);
#9716=AXIS2_PLACEMENT_3D('',#14120,#11123,#11124);
#9717=AXIS2_PLACEMENT_3D('',#14121,#11125,#11126);
#9718=AXIS2_PLACEMENT_3D('',#14125,#11129,#11130);
#9719=AXIS2_PLACEMENT_3D('',#14129,#11132,#11133);
#9720=AXIS2_PLACEMENT_3D('',#14131,#11135,#11136);
#9721=AXIS2_PLACEMENT_3D('',#14135,#11139,#11140);
#9722=AXIS2_PLACEMENT_3D('',#14138,#11142,#11143);
#9723=AXIS2_PLACEMENT_3D('',#14139,#11144,#11145);
#9724=AXIS2_PLACEMENT_3D('',#14143,#11148,#11149);
#9725=AXIS2_PLACEMENT_3D('',#14146,#11151,#11152);
#9726=AXIS2_PLACEMENT_3D('',#14147,#11153,#11154);
#9727=AXIS2_PLACEMENT_3D('',#14150,#11156,#11157);
#9728=AXIS2_PLACEMENT_3D('',#14151,#11158,#11159);
#9729=AXIS2_PLACEMENT_3D('',#14154,#11161,#11162);
#9730=AXIS2_PLACEMENT_3D('',#14155,#11163,#11164);
#9731=AXIS2_PLACEMENT_3D('',#14157,#11166,#11167);
#9732=AXIS2_PLACEMENT_3D('',#14161,#11169,#11170);
#9733=AXIS2_PLACEMENT_3D('',#14163,#11172,#11173);
#9734=AXIS2_PLACEMENT_3D('',#14166,#11175,#11176);
#9735=AXIS2_PLACEMENT_3D('',#14167,#11177,#11178);
#9736=AXIS2_PLACEMENT_3D('',#14171,#11181,#11182);
#9737=AXIS2_PLACEMENT_3D('',#14174,#11184,#11185);
#9738=AXIS2_PLACEMENT_3D('',#14175,#11186,#11187);
#9739=AXIS2_PLACEMENT_3D('',#14179,#11189,#11190);
#9740=AXIS2_PLACEMENT_3D('',#14181,#11192,#11193);
#9741=AXIS2_PLACEMENT_3D('',#14185,#11196,#11197);
#9742=AXIS2_PLACEMENT_3D('',#14188,#11199,#11200);
#9743=AXIS2_PLACEMENT_3D('',#14189,#11201,#11202);
#9744=AXIS2_PLACEMENT_3D('',#14193,#11205,#11206);
#9745=AXIS2_PLACEMENT_3D('',#14196,#11208,#11209);
#9746=AXIS2_PLACEMENT_3D('',#14197,#11210,#11211);
#9747=AXIS2_PLACEMENT_3D('',#14199,#11213,#11214);
#9748=AXIS2_PLACEMENT_3D('',#14203,#11216,#11217);
#9749=AXIS2_PLACEMENT_3D('',#14205,#11219,#11220);
#9750=AXIS2_PLACEMENT_3D('',#14209,#11223,#11224);
#9751=AXIS2_PLACEMENT_3D('',#14212,#11226,#11227);
#9752=AXIS2_PLACEMENT_3D('',#14213,#11228,#11229);
#9753=AXIS2_PLACEMENT_3D('',#14219,#11233,#11234);
#9754=AXIS2_PLACEMENT_3D('',#14221,#11235,#11236);
#9755=AXIS2_PLACEMENT_3D('',#14223,#11238,#11239);
#9756=AXIS2_PLACEMENT_3D('',#14227,#11242,#11243);
#9757=AXIS2_PLACEMENT_3D('',#14229,#11244,#11245);
#9758=AXIS2_PLACEMENT_3D('',#14231,#11247,#11248);
#9759=AXIS2_PLACEMENT_3D('',#14235,#11251,#11252);
#9760=AXIS2_PLACEMENT_3D('',#14236,#11253,#11254);
#9761=AXIS2_PLACEMENT_3D('',#14237,#11255,#11256);
#9762=AXIS2_PLACEMENT_3D('',#14243,#11260,#11261);
#9763=AXIS2_PLACEMENT_3D('',#14246,#11263,#11264);
#9764=AXIS2_PLACEMENT_3D('',#14247,#11265,#11266);
#9765=AXIS2_PLACEMENT_3D('',#14251,#11269,#11270);
#9766=AXIS2_PLACEMENT_3D('',#14254,#11271,#11272);
#9767=AXIS2_PLACEMENT_3D('',#14260,#11274,#11275);
#9768=AXIS2_PLACEMENT_3D('',#14263,#11277,#11278);
#9769=AXIS2_PLACEMENT_3D('',#14264,#11279,#11280);
#9770=AXIS2_PLACEMENT_3D('',#14268,#11283,#11284);
#9771=AXIS2_PLACEMENT_3D('',#14270,#11285,#11286);
#9772=AXIS2_PLACEMENT_3D('',#14275,#11287,#11288);
#9773=AXIS2_PLACEMENT_3D('',#14279,#11291,#11292);
#9774=AXIS2_PLACEMENT_3D('',#14280,#11293,#11294);
#9775=AXIS2_PLACEMENT_3D('',#14281,#11295,#11296);
#9776=AXIS2_PLACEMENT_3D('',#14285,#11298,#11299);
#9777=AXIS2_PLACEMENT_3D('',#14287,#11301,#11302);
#9778=AXIS2_PLACEMENT_3D('',#14291,#11305,#11306);
#9779=AXIS2_PLACEMENT_3D('',#14294,#11308,#11309);
#9780=AXIS2_PLACEMENT_3D('',#14295,#11310,#11311);
#9781=AXIS2_PLACEMENT_3D('',#14301,#11315,#11316);
#9782=AXIS2_PLACEMENT_3D('',#14303,#11317,#11318);
#9783=AXIS2_PLACEMENT_3D('',#14305,#11320,#11321);
#9784=AXIS2_PLACEMENT_3D('',#14309,#11324,#11325);
#9785=AXIS2_PLACEMENT_3D('',#14311,#11326,#11327);
#9786=AXIS2_PLACEMENT_3D('',#14313,#11329,#11330);
#9787=AXIS2_PLACEMENT_3D('',#14317,#11333,#11334);
#9788=AXIS2_PLACEMENT_3D('',#14319,#11335,#11336);
#9789=AXIS2_PLACEMENT_3D('',#14321,#11338,#11339);
#9790=AXIS2_PLACEMENT_3D('',#14323,#11340,#11341);
#9791=AXIS2_PLACEMENT_3D('',#14325,#11343,#11344);
#9792=AXIS2_PLACEMENT_3D('',#14326,#11345,#11346);
#9793=AXIS2_PLACEMENT_3D('',#14327,#11347,#11348);
#9794=AXIS2_PLACEMENT_3D('',#14331,#11350,#11351);
#9795=AXIS2_PLACEMENT_3D('',#14333,#11353,#11354);
#9796=AXIS2_PLACEMENT_3D('',#14337,#11357,#11358);
#9797=AXIS2_PLACEMENT_3D('',#14340,#11360,#11361);
#9798=AXIS2_PLACEMENT_3D('',#14341,#11362,#11363);
#9799=AXIS2_PLACEMENT_3D('',#14345,#11366,#11367);
#9800=AXIS2_PLACEMENT_3D('',#14351,#11371,#11372);
#9801=AXIS2_PLACEMENT_3D('',#14353,#11373,#11374);
#9802=AXIS2_PLACEMENT_3D('',#14355,#11376,#11377);
#9803=AXIS2_PLACEMENT_3D('',#14359,#11380,#11381);
#9804=AXIS2_PLACEMENT_3D('',#14361,#11382,#11383);
#9805=AXIS2_PLACEMENT_3D('',#14363,#11385,#11386);
#9806=AXIS2_PLACEMENT_3D('',#14367,#11389,#11390);
#9807=AXIS2_PLACEMENT_3D('',#14368,#11391,#11392);
#9808=AXIS2_PLACEMENT_3D('',#14369,#11393,#11394);
#9809=AXIS2_PLACEMENT_3D('',#14375,#11398,#11399);
#9810=AXIS2_PLACEMENT_3D('',#14378,#11401,#11402);
#9811=AXIS2_PLACEMENT_3D('',#14379,#11403,#11404);
#9812=AXIS2_PLACEMENT_3D('',#14383,#11407,#11408);
#9813=AXIS2_PLACEMENT_3D('',#14389,#11412,#11413);
#9814=AXIS2_PLACEMENT_3D('',#14391,#11414,#11415);
#9815=AXIS2_PLACEMENT_3D('',#14393,#11417,#11418);
#9816=AXIS2_PLACEMENT_3D('',#14397,#11421,#11422);
#9817=AXIS2_PLACEMENT_3D('',#14399,#11423,#11424);
#9818=AXIS2_PLACEMENT_3D('',#14401,#11426,#11427);
#9819=AXIS2_PLACEMENT_3D('',#14405,#11430,#11431);
#9820=AXIS2_PLACEMENT_3D('',#14406,#11432,#11433);
#9821=AXIS2_PLACEMENT_3D('',#14407,#11434,#11435);
#9822=AXIS2_PLACEMENT_3D('',#14413,#11439,#11440);
#9823=AXIS2_PLACEMENT_3D('',#14416,#11442,#11443);
#9824=AXIS2_PLACEMENT_3D('',#14417,#11444,#11445);
#9825=AXIS2_PLACEMENT_3D('',#14421,#11448,#11449);
#9826=AXIS2_PLACEMENT_3D('',#14427,#11453,#11454);
#9827=AXIS2_PLACEMENT_3D('',#14429,#11455,#11456);
#9828=AXIS2_PLACEMENT_3D('',#14431,#11458,#11459);
#9829=AXIS2_PLACEMENT_3D('',#14435,#11462,#11463);
#9830=AXIS2_PLACEMENT_3D('',#14437,#11464,#11465);
#9831=AXIS2_PLACEMENT_3D('',#14439,#11467,#11468);
#9832=AXIS2_PLACEMENT_3D('',#14443,#11471,#11472);
#9833=AXIS2_PLACEMENT_3D('',#14445,#11473,#11474);
#9834=AXIS2_PLACEMENT_3D('',#14447,#11476,#11477);
#9835=AXIS2_PLACEMENT_3D('',#14451,#11480,#11481);
#9836=AXIS2_PLACEMENT_3D('',#14452,#11482,#11483);
#9837=AXIS2_PLACEMENT_3D('',#14453,#11484,#11485);
#9838=AXIS2_PLACEMENT_3D('',#14457,#11487,#11488);
#9839=AXIS2_PLACEMENT_3D('',#14459,#11490,#11491);
#9840=AXIS2_PLACEMENT_3D('',#14463,#11494,#11495);
#9841=AXIS2_PLACEMENT_3D('',#14466,#11497,#11498);
#9842=AXIS2_PLACEMENT_3D('',#14467,#11499,#11500);
#9843=AXIS2_PLACEMENT_3D('',#14471,#11503,#11504);
#9844=AXIS2_PLACEMENT_3D('',#14477,#11508,#11509);
#9845=AXIS2_PLACEMENT_3D('',#14479,#11510,#11511);
#9846=AXIS2_PLACEMENT_3D('',#14481,#11513,#11514);
#9847=AXIS2_PLACEMENT_3D('',#14485,#11517,#11518);
#9848=AXIS2_PLACEMENT_3D('',#14487,#11519,#11520);
#9849=AXIS2_PLACEMENT_3D('',#14489,#11522,#11523);
#9850=AXIS2_PLACEMENT_3D('',#14493,#11526,#11527);
#9851=AXIS2_PLACEMENT_3D('',#14495,#11528,#11529);
#9852=AXIS2_PLACEMENT_3D('',#14497,#11531,#11532);
#9853=AXIS2_PLACEMENT_3D('',#14501,#11535,#11536);
#9854=AXIS2_PLACEMENT_3D('',#14503,#11537,#11538);
#9855=AXIS2_PLACEMENT_3D('',#14505,#11540,#11541);
#9856=AXIS2_PLACEMENT_3D('',#14507,#11542,#11543);
#9857=AXIS2_PLACEMENT_3D('',#14509,#11545,#11546);
#9858=AXIS2_PLACEMENT_3D('',#14510,#11547,#11548);
#9859=AXIS2_PLACEMENT_3D('',#14511,#11549,#11550);
#9860=AXIS2_PLACEMENT_3D('',#14517,#11554,#11555);
#9861=AXIS2_PLACEMENT_3D('',#14520,#11557,#11558);
#9862=AXIS2_PLACEMENT_3D('',#14521,#11559,#11560);
#9863=AXIS2_PLACEMENT_3D('',#14525,#11563,#11564);
#9864=AXIS2_PLACEMENT_3D('',#14528,#11566,#11567);
#9865=AXIS2_PLACEMENT_3D('',#14529,#11568,#11569);
#9866=AXIS2_PLACEMENT_3D('',#14533,#11572,#11573);
#9867=AXIS2_PLACEMENT_3D('',#14537,#11575,#11576);
#9868=AXIS2_PLACEMENT_3D('',#14542,#11577,#11578);
#9869=AXIS2_PLACEMENT_3D('',#14546,#11581,#11582);
#9870=AXIS2_PLACEMENT_3D('',#14549,#11584,#11585);
#9871=AXIS2_PLACEMENT_3D('',#14550,#11586,#11587);
#9872=AXIS2_PLACEMENT_3D('',#14554,#11590,#11591);
#9873=AXIS2_PLACEMENT_3D('',#14557,#11593,#11594);
#9874=AXIS2_PLACEMENT_3D('',#14558,#11595,#11596);
#9875=AXIS2_PLACEMENT_3D('',#14559,#11597,#11598);
#9876=AXIS2_PLACEMENT_3D('',#14560,#11599,#11600);
#9877=AXIS2_PLACEMENT_3D('',#14564,#11602,#11603);
#9878=AXIS2_PLACEMENT_3D('',#14566,#11605,#11606);
#9879=AXIS2_PLACEMENT_3D('',#14569,#11608,#11609);
#9880=AXIS2_PLACEMENT_3D('',#14570,#11610,#11611);
#9881=AXIS2_PLACEMENT_3D('',#14573,#11613,#11614);
#9882=AXIS2_PLACEMENT_3D('',#14574,#11615,#11616);
#9883=AXIS2_PLACEMENT_3D('',#14577,#11618,#11619);
#9884=AXIS2_PLACEMENT_3D('',#14578,#11620,#11621);
#9885=AXIS2_PLACEMENT_3D('',#14580,#11623,#11624);
#9886=AXIS2_PLACEMENT_3D('',#14584,#11626,#11627);
#9887=AXIS2_PLACEMENT_3D('',#14585,#11628,#11629);
#9888=AXIS2_PLACEMENT_3D('',#14586,#11630,#11631);
#9889=AXIS2_PLACEMENT_3D('',#14589,#11633,#11634);
#9890=AXIS2_PLACEMENT_3D('',#14590,#11635,#11636);
#9891=AXIS2_PLACEMENT_3D('',#14594,#11638,#11639);
#9892=AXIS2_PLACEMENT_3D('',#14595,#11640,#11641);
#9893=AXIS2_PLACEMENT_3D('',#14596,#11642,#11643);
#9894=AXIS2_PLACEMENT_3D('',#14599,#11645,#11646);
#9895=AXIS2_PLACEMENT_3D('',#14600,#11647,#11648);
#9896=AXIS2_PLACEMENT_3D('',#14607,#11649,#11650);
#9897=AXIS2_PLACEMENT_3D('',#14609,#11651,#11652);
#9898=AXIS2_PLACEMENT_3D('',#14616,#11653,#11654);
#9899=AXIS2_PLACEMENT_3D('',#14626,#11656,#11657);
#9900=AXIS2_PLACEMENT_3D('',#14640,#11658,#11659);
#9901=AXIS2_PLACEMENT_3D('',#14644,#11661,#11662);
#9902=AXIS2_PLACEMENT_3D('',#14645,#11663,#11664);
#9903=AXIS2_PLACEMENT_3D('',#14646,#11665,#11666);
#9904=AXIS2_PLACEMENT_3D('',#14649,#11668,#11669);
#9905=AXIS2_PLACEMENT_3D('',#14650,#11670,#11671);
#9906=AXIS2_PLACEMENT_3D('',#14658,#11672,#11673);
#9907=AXIS2_PLACEMENT_3D('',#14659,#11674,#11675);
#9908=AXIS2_PLACEMENT_3D('',#14660,#11676,#11677);
#9909=AXIS2_PLACEMENT_3D('',#14668,#11678,#11679);
#9910=AXIS2_PLACEMENT_3D('',#14669,#11680,#11681);
#9911=AXIS2_PLACEMENT_3D('',#14670,#11682,#11683);
#9912=AXIS2_PLACEMENT_3D('',#14679,#11688,#11689);
#9913=AXIS2_PLACEMENT_3D('',#14681,#11690,#11691);
#9914=AXIS2_PLACEMENT_3D('',#14684,#11693,#11694);
#9915=AXIS2_PLACEMENT_3D('',#14685,#11695,#11696);
#9916=AXIS2_PLACEMENT_3D('',#14688,#11698,#11699);
#9917=AXIS2_PLACEMENT_3D('',#14689,#11700,#11701);
#9918=AXIS2_PLACEMENT_3D('',#14690,#11702,#11703);
#9919=AXIS2_PLACEMENT_3D('',#14693,#11705,#11706);
#9920=AXIS2_PLACEMENT_3D('',#14694,#11707,#11708);
#9921=AXIS2_PLACEMENT_3D('',#14698,#11711,#11712);
#9922=AXIS2_PLACEMENT_3D('',#14701,#11714,#11715);
#9923=AXIS2_PLACEMENT_3D('',#14702,#11716,#11717);
#9924=AXIS2_PLACEMENT_3D('',#14706,#11720,#11721);
#9925=AXIS2_PLACEMENT_3D('',#14707,#11722,#11723);
#9926=AXIS2_PLACEMENT_3D('',#14708,#11724,#11725);
#9927=AXIS2_PLACEMENT_3D('',#14709,#11726,#11727);
#9928=AXIS2_PLACEMENT_3D('',#14711,#11729,#11730);
#9929=AXIS2_PLACEMENT_3D('',#14713,#11732,#11733);
#9930=AXIS2_PLACEMENT_3D('',#14715,#11735,#11736);
#9931=AXIS2_PLACEMENT_3D('',#14718,#11737,#11738);
#9932=AXIS2_PLACEMENT_3D('',#14722,#11740,#11741);
#9933=AXIS2_PLACEMENT_3D('',#14726,#11743,#11744);
#9934=AXIS2_PLACEMENT_3D('',#14730,#11746,#11747);
#9935=AXIS2_PLACEMENT_3D('',#14734,#11749,#11750);
#9936=AXIS2_PLACEMENT_3D('',#14738,#11752,#11753);
#9937=AXIS2_PLACEMENT_3D('',#14742,#11755,#11756);
#9938=AXIS2_PLACEMENT_3D('',#14744,#11757,#11758);
#9939=AXIS2_PLACEMENT_3D('',#14746,#11759,#11760);
#9940=AXIS2_PLACEMENT_3D('',#14750,#11762,#11763);
#9941=AXIS2_PLACEMENT_3D('',#14752,#11764,#11765);
#9942=AXIS2_PLACEMENT_3D('',#14754,#11766,#11767);
#9943=AXIS2_PLACEMENT_3D('',#14758,#11769,#11770);
#9944=AXIS2_PLACEMENT_3D('',#14762,#11772,#11773);
#9945=AXIS2_PLACEMENT_3D('',#14766,#11775,#11776);
#9946=AXIS2_PLACEMENT_3D('',#14770,#11778,#11779);
#9947=AXIS2_PLACEMENT_3D('',#14774,#11781,#11782);
#9948=AXIS2_PLACEMENT_3D('',#14780,#11785,#11786);
#9949=AXIS2_PLACEMENT_3D('',#14784,#11788,#11789);
#9950=AXIS2_PLACEMENT_3D('',#14788,#11791,#11792);
#9951=AXIS2_PLACEMENT_3D('',#14791,#11794,#11795);
#9952=AXIS2_PLACEMENT_3D('',#14796,#11797,#11798);
#9953=AXIS2_PLACEMENT_3D('',#14800,#11800,#11801);
#9954=AXIS2_PLACEMENT_3D('',#14803,#11803,#11804);
#9955=AXIS2_PLACEMENT_3D('',#14806,#11805,#11806);
#9956=AXIS2_PLACEMENT_3D('',#14810,#11808,#11809);
#9957=AXIS2_PLACEMENT_3D('',#14812,#11810,#11811);
#9958=AXIS2_PLACEMENT_3D('',#14815,#11813,#11814);
#9959=AXIS2_PLACEMENT_3D('',#14817,#11815,#11816);
#9960=AXIS2_PLACEMENT_3D('',#14819,#11817,#11818);
#9961=AXIS2_PLACEMENT_3D('',#14821,#11819,#11820);
#9962=AXIS2_PLACEMENT_3D('',#14823,#11821,#11822);
#9963=AXIS2_PLACEMENT_3D('',#14825,#11823,#11824);
#9964=AXIS2_PLACEMENT_3D('',#14830,#11826,#11827);
#9965=AXIS2_PLACEMENT_3D('',#14834,#11829,#11830);
#9966=AXIS2_PLACEMENT_3D('',#14837,#11832,#11833);
#9967=AXIS2_PLACEMENT_3D('',#14842,#11835,#11836);
#9968=AXIS2_PLACEMENT_3D('',#14844,#11837,#11838);
#9969=AXIS2_PLACEMENT_3D('',#14846,#11839,#11840);
#9970=AXIS2_PLACEMENT_3D('',#14850,#11842,#11843);
#9971=AXIS2_PLACEMENT_3D('',#14853,#11845,#11846);
#9972=AXIS2_PLACEMENT_3D('',#14858,#11848,#11849);
#9973=AXIS2_PLACEMENT_3D('',#14862,#11851,#11852);
#9974=AXIS2_PLACEMENT_3D('',#14864,#11853,#11854);
#9975=AXIS2_PLACEMENT_3D('',#14866,#11855,#11856);
#9976=AXIS2_PLACEMENT_3D('',#14869,#11858,#11859);
#9977=AXIS2_PLACEMENT_3D('',#14874,#11861,#11862);
#9978=AXIS2_PLACEMENT_3D('',#14878,#11864,#11865);
#9979=AXIS2_PLACEMENT_3D('',#14882,#11867,#11868);
#9980=AXIS2_PLACEMENT_3D('',#14884,#11869,#11870);
#9981=AXIS2_PLACEMENT_3D('',#14885,#11871,#11872);
#9982=AXIS2_PLACEMENT_3D('',#14887,#11873,#11874);
#9983=AXIS2_PLACEMENT_3D('',#14889,#11875,#11876);
#9984=AXIS2_PLACEMENT_3D('',#14891,#11877,#11878);
#9985=AXIS2_PLACEMENT_3D('',#14893,#11879,#11880);
#9986=AXIS2_PLACEMENT_3D('',#14896,#11881,#11882);
#9987=AXIS2_PLACEMENT_3D('',#14898,#11883,#11884);
#9988=AXIS2_PLACEMENT_3D('',#14902,#11886,#11887);
#9989=AXIS2_PLACEMENT_3D('',#14906,#11889,#11890);
#9990=AXIS2_PLACEMENT_3D('',#14910,#11892,#11893);
#9991=AXIS2_PLACEMENT_3D('',#14913,#11895,#11896);
#9992=AXIS2_PLACEMENT_3D('',#14918,#11898,#11899);
#9993=AXIS2_PLACEMENT_3D('',#14922,#11901,#11902);
#9994=AXIS2_PLACEMENT_3D('',#14925,#11904,#11905);
#9995=AXIS2_PLACEMENT_3D('',#14928,#11906,#11907);
#9996=AXIS2_PLACEMENT_3D('',#14932,#11909,#11910);
#9997=AXIS2_PLACEMENT_3D('',#14936,#11912,#11913);
#9998=AXIS2_PLACEMENT_3D('',#14937,#11914,#11915);
#9999=AXIS2_PLACEMENT_3D('',#14940,#11916,#11917);
#10000=AXIS2_PLACEMENT_3D('',#14944,#11919,#11920);
#10001=AXIS2_PLACEMENT_3D('',#14948,#11922,#11923);
#10002=AXIS2_PLACEMENT_3D('',#14950,#11925,#11926);
#10003=AXIS2_PLACEMENT_3D('',#14953,#11928,#11929);
#10004=AXIS2_PLACEMENT_3D('',#14955,#11931,#11932);
#10005=AXIS2_PLACEMENT_3D('',#14957,#11934,#11935);
#10006=AXIS2_PLACEMENT_3D('',#14959,#11937,#11938);
#10007=AXIS2_PLACEMENT_3D('',#14961,#11940,#11941);
#10008=AXIS2_PLACEMENT_3D('',#14963,#11943,#11944);
#10009=AXIS2_PLACEMENT_3D('',#14965,#11946,#11947);
#10010=AXIS2_PLACEMENT_3D('',#14968,#11949,#11950);
#10011=AXIS2_PLACEMENT_3D('',#14969,#11951,#11952);
#10012=AXIS2_PLACEMENT_3D('',#14972,#11954,#11955);
#10013=AXIS2_PLACEMENT_3D('',#14973,#11956,#11957);
#10014=AXIS2_PLACEMENT_3D('',#14976,#11959,#11960);
#10015=AXIS2_PLACEMENT_3D('',#14977,#11961,#11962);
#10016=AXIS2_PLACEMENT_3D('',#14979,#11964,#11965);
#10017=AXIS2_PLACEMENT_3D('',#14981,#11967,#11968);
#10018=AXIS2_PLACEMENT_3D('',#14983,#11970,#11971);
#10019=AXIS2_PLACEMENT_3D('',#14985,#11973,#11974);
#10020=AXIS2_PLACEMENT_3D('',#14987,#11976,#11977);
#10021=AXIS2_PLACEMENT_3D('',#14988,#11978,#11979);
#10022=AXIS2_PLACEMENT_3D('',#14991,#11981,#11982);
#10023=AXIS2_PLACEMENT_3D('',#14993,#11984,#11985);
#10024=AXIS2_PLACEMENT_3D('',#14995,#11987,#11988);
#10025=AXIS2_PLACEMENT_3D('',#14997,#11990,#11991);
#10026=AXIS2_PLACEMENT_3D('',#14999,#11993,#11994);
#10027=AXIS2_PLACEMENT_3D('',#15002,#11996,#11997);
#10028=AXIS2_PLACEMENT_3D('',#15003,#11998,#11999);
#10029=AXIS2_PLACEMENT_3D('',#15005,#12001,#12002);
#10030=AXIS2_PLACEMENT_3D('',#15007,#12004,#12005);
#10031=AXIS2_PLACEMENT_3D('',#15009,#12007,#12008);
#10032=AXIS2_PLACEMENT_3D('',#15010,#12009,#12010);
#10033=AXIS2_PLACEMENT_3D('',#15013,#12012,#12013);
#10034=AXIS2_PLACEMENT_3D('',#15015,#12015,#12016);
#10035=AXIS2_PLACEMENT_3D('',#15017,#12018,#12019);
#10036=AXIS2_PLACEMENT_3D('',#15019,#12021,#12022);
#10037=AXIS2_PLACEMENT_3D('',#15021,#12024,#12025);
#10038=AXIS2_PLACEMENT_3D('',#15023,#12027,#12028);
#10039=AXIS2_PLACEMENT_3D('',#15025,#12030,#12031);
#10040=AXIS2_PLACEMENT_3D('',#15028,#12033,#12034);
#10041=AXIS2_PLACEMENT_3D('',#15029,#12035,#12036);
#10042=AXIS2_PLACEMENT_3D('',#15033,#12039,#12040);
#10043=AXIS2_PLACEMENT_3D('',#15036,#12042,#12043);
#10044=AXIS2_PLACEMENT_3D('',#15037,#12044,#12045);
#10045=AXIS2_PLACEMENT_3D('',#15039,#12047,#12048);
#10046=AXIS2_PLACEMENT_3D('',#15041,#12050,#12051);
#10047=AXIS2_PLACEMENT_3D('',#15043,#12053,#12054);
#10048=AXIS2_PLACEMENT_3D('',#15045,#12056,#12057);
#10049=AXIS2_PLACEMENT_3D('',#15047,#12059,#12060);
#10050=AXIS2_PLACEMENT_3D('',#15048,#12061,#12062);
#10051=AXIS2_PLACEMENT_3D('',#15054,#12064,#12065);
#10052=AXIS2_PLACEMENT_3D('',#15058,#12068,#12069);
#10053=AXIS2_PLACEMENT_3D('',#15060,#12070,#12071);
#10054=AXIS2_PLACEMENT_3D('',#15062,#12073,#12074);
#10055=AXIS2_PLACEMENT_3D('',#15065,#12077,#12078);
#10056=AXIS2_PLACEMENT_3D('',#15067,#12080,#12081);
#10057=AXIS2_PLACEMENT_3D('',#15068,#12082,#12083);
#10058=AXIS2_PLACEMENT_3D('',#15071,#12086,#12087);
#10059=AXIS2_PLACEMENT_3D('',#15072,#12088,#12089);
#10060=AXIS2_PLACEMENT_3D('',#15078,#12093,#12094);
#10061=AXIS2_PLACEMENT_3D('',#15080,#12095,#12096);
#10062=AXIS2_PLACEMENT_3D('',#15082,#12098,#12099);
#10063=AXIS2_PLACEMENT_3D('',#15085,#12102,#12103);
#10064=AXIS2_PLACEMENT_3D('',#15087,#12105,#12106);
#10065=AXIS2_PLACEMENT_3D('',#15089,#12108,#12109);
#10066=AXIS2_PLACEMENT_3D('',#15091,#12111,#12112);
#10067=AXIS2_PLACEMENT_3D('',#15093,#12114,#12115);
#10068=AXIS2_PLACEMENT_3D('',#15094,#12116,#12117);
#10069=AXIS2_PLACEMENT_3D('',#15095,#12118,#12119);
#10070=AXIS2_PLACEMENT_3D('',#15097,#12121,#12122);
#10071=AXIS2_PLACEMENT_3D('',#15099,#12124,#12125);
#10072=AXIS2_PLACEMENT_3D('',#15101,#12127,#12128);
#10073=AXIS2_PLACEMENT_3D('',#15104,#12131,#12132);
#10074=AXIS2_PLACEMENT_3D('',#15106,#12134,#12135);
#10075=AXIS2_PLACEMENT_3D('',#15108,#12137,#12138);
#10076=AXIS2_PLACEMENT_3D('',#15110,#12139,#12140);
#10077=AXIS2_PLACEMENT_3D('',#15112,#12142,#12143);
#10078=AXIS2_PLACEMENT_3D('',#15116,#12146,#12147);
#10079=AXIS2_PLACEMENT_3D('',#15117,#12148,#12149);
#10080=AXIS2_PLACEMENT_3D('',#15118,#12150,#12151);
#10081=AXIS2_PLACEMENT_3D('',#15124,#12155,#12156);
#10082=AXIS2_PLACEMENT_3D('',#15125,#12157,#12158);
#10083=AXIS2_PLACEMENT_3D('',#15127,#12160,#12161);
#10084=AXIS2_PLACEMENT_3D('',#15129,#12163,#12164);
#10085=AXIS2_PLACEMENT_3D('',#15131,#12166,#12167);
#10086=AXIS2_PLACEMENT_3D('',#15133,#12169,#12170);
#10087=AXIS2_PLACEMENT_3D('',#15134,#12171,#12172);
#10088=AXIS2_PLACEMENT_3D('',#15135,#12173,#12174);
#10089=AXIS2_PLACEMENT_3D('',#15137,#12176,#12177);
#10090=AXIS2_PLACEMENT_3D('',#15139,#12179,#12180);
#10091=AXIS2_PLACEMENT_3D('',#15144,#12183,#12184);
#10092=AXIS2_PLACEMENT_3D('',#15145,#12185,#12186);
#10093=AXIS2_PLACEMENT_3D('',#15147,#12187,#12188);
#10094=AXIS2_PLACEMENT_3D('',#15149,#12190,#12191);
#10095=AXIS2_PLACEMENT_3D('',#15153,#12194,#12195);
#10096=AXIS2_PLACEMENT_3D('',#15154,#12196,#12197);
#10097=AXIS2_PLACEMENT_3D('',#15156,#12199,#12200);
#10098=AXIS2_PLACEMENT_3D('',#15158,#12202,#12203);
#10099=AXIS2_PLACEMENT_3D('',#15160,#12205,#12206);
#10100=AXIS2_PLACEMENT_3D('',#15162,#12208,#12209);
#10101=AXIS2_PLACEMENT_3D('',#15164,#12211,#12212);
#10102=AXIS2_PLACEMENT_3D('',#15166,#12214,#12215);
#10103=AXIS2_PLACEMENT_3D('',#15167,#12216,#12217);
#10104=AXIS2_PLACEMENT_3D('',#15168,#12218,#12219);
#10105=AXIS2_PLACEMENT_3D('',#15170,#12221,#12222);
#10106=AXIS2_PLACEMENT_3D('',#15172,#12224,#12225);
#10107=AXIS2_PLACEMENT_3D('',#15174,#12227,#12228);
#10108=AXIS2_PLACEMENT_3D('',#15176,#12230,#12231);
#10109=AXIS2_PLACEMENT_3D('',#15182,#12233,#12234);
#10110=AXIS2_PLACEMENT_3D('',#15184,#12236,#12237);
#10111=AXIS2_PLACEMENT_3D('',#15189,#12238,#12239);
#10112=AXIS2_PLACEMENT_3D('',#15192,#12241,#12242);
#10113=AXIS2_PLACEMENT_3D('',#15193,#12243,#12244);
#10114=AXIS2_PLACEMENT_3D('',#15197,#12247,#12248);
#10115=AXIS2_PLACEMENT_3D('',#15198,#12249,#12250);
#10116=AXIS2_PLACEMENT_3D('',#15199,#12251,#12252);
#10117=AXIS2_PLACEMENT_3D('',#15208,#12253,#12254);
#10118=AXIS2_PLACEMENT_3D('',#15213,#12255,#12256);
#10119=AXIS2_PLACEMENT_3D('',#15218,#12257,#12258);
#10120=AXIS2_PLACEMENT_3D('',#15223,#12259,#12260);
#10121=AXIS2_PLACEMENT_3D('',#15228,#12261,#12262);
#10122=AXIS2_PLACEMENT_3D('',#15233,#12263,#12264);
#10123=AXIS2_PLACEMENT_3D('',#15240,#12266,#12267);
#10124=AXIS2_PLACEMENT_3D('',#15242,#12268,#12269);
#10125=AXIS2_PLACEMENT_3D('',#15247,#12270,#12271);
#10126=AXIS2_PLACEMENT_3D('',#15253,#12273,#12274);
#10127=AXIS2_PLACEMENT_3D('',#15254,#12275,#12276);
#10128=AXIS2_PLACEMENT_3D('',#15256,#12278,#12279);
#10129=AXIS2_PLACEMENT_3D('',#15258,#12281,#12282);
#10130=AXIS2_PLACEMENT_3D('',#15259,#12283,#12284);
#10131=AXIS2_PLACEMENT_3D('',#15261,#12286,#12287);
#10132=AXIS2_PLACEMENT_3D('',#15264,#12289,#12290);
#10133=AXIS2_PLACEMENT_3D('',#15265,#12291,#12292);
#10134=AXIS2_PLACEMENT_3D('',#15267,#12293,#12294);
#10135=AXIS2_PLACEMENT_3D('',#15269,#12296,#12297);
#10136=AXIS2_PLACEMENT_3D('',#15272,#12299,#12300);
#10137=AXIS2_PLACEMENT_3D('',#15273,#12301,#12302);
#10138=AXIS2_PLACEMENT_3D('',#15275,#12303,#12304);
#10139=AXIS2_PLACEMENT_3D('',#15277,#12306,#12307);
#10140=AXIS2_PLACEMENT_3D('',#15280,#12309,#12310);
#10141=AXIS2_PLACEMENT_3D('',#15281,#12311,#12312);
#10142=AXIS2_PLACEMENT_3D('',#15283,#12313,#12314);
#10143=AXIS2_PLACEMENT_3D('',#15285,#12316,#12317);
#10144=AXIS2_PLACEMENT_3D('',#15288,#12319,#12320);
#10145=AXIS2_PLACEMENT_3D('',#15289,#12321,#12322);
#10146=AXIS2_PLACEMENT_3D('',#15291,#12323,#12324);
#10147=AXIS2_PLACEMENT_3D('',#15293,#12326,#12327);
#10148=AXIS2_PLACEMENT_3D('',#15296,#12329,#12330);
#10149=AXIS2_PLACEMENT_3D('',#15297,#12331,#12332);
#10150=AXIS2_PLACEMENT_3D('',#15299,#12333,#12334);
#10151=AXIS2_PLACEMENT_3D('',#15301,#12336,#12337);
#10152=AXIS2_PLACEMENT_3D('',#15304,#12339,#12340);
#10153=AXIS2_PLACEMENT_3D('',#15305,#12341,#12342);
#10154=AXIS2_PLACEMENT_3D('',#15307,#12343,#12344);
#10155=AXIS2_PLACEMENT_3D('',#15309,#12346,#12347);
#10156=AXIS2_PLACEMENT_3D('',#15312,#12349,#12350);
#10157=AXIS2_PLACEMENT_3D('',#15313,#12351,#12352);
#10158=AXIS2_PLACEMENT_3D('',#15315,#12353,#12354);
#10159=AXIS2_PLACEMENT_3D('',#15317,#12356,#12357);
#10160=AXIS2_PLACEMENT_3D('',#15320,#12359,#12360);
#10161=AXIS2_PLACEMENT_3D('',#15321,#12361,#12362);
#10162=AXIS2_PLACEMENT_3D('',#15323,#12363,#12364);
#10163=AXIS2_PLACEMENT_3D('',#15325,#12366,#12367);
#10164=AXIS2_PLACEMENT_3D('',#15330,#12371,#12372);
#10165=AXIS2_PLACEMENT_3D('',#15332,#12374,#12375);
#10166=AXIS2_PLACEMENT_3D('',#15334,#12377,#12378);
#10167=AXIS2_PLACEMENT_3D('',#15336,#12380,#12381);
#10168=AXIS2_PLACEMENT_3D('',#15338,#12383,#12384);
#10169=AXIS2_PLACEMENT_3D('',#15340,#12385,#12386);
#10170=AXIS2_PLACEMENT_3D('',#15342,#12388,#12389);
#10171=AXIS2_PLACEMENT_3D('',#15345,#12391,#12392);
#10172=AXIS2_PLACEMENT_3D('',#15346,#12393,#12394);
#10173=AXIS2_PLACEMENT_3D('',#15347,#12395,#12396);
#10174=AXIS2_PLACEMENT_3D('',#15348,#12397,#12398);
#10175=AXIS2_PLACEMENT_3D('',#15350,#12400,#12401);
#10176=AXIS2_PLACEMENT_3D('',#15355,#12405,#12406);
#10177=AXIS2_PLACEMENT_3D('',#15357,#12407,#12408);
#10178=AXIS2_PLACEMENT_3D('',#15359,#12410,#12411);
#10179=AXIS2_PLACEMENT_3D('',#15362,#12414,#12415);
#10180=AXIS2_PLACEMENT_3D('',#15364,#12417,#12418);
#10181=AXIS2_PLACEMENT_3D('',#15366,#12420,#12421);
#10182=AXIS2_PLACEMENT_3D('',#15367,#12422,#12423);
#10183=AXIS2_PLACEMENT_3D('',#15369,#12425,#12426);
#10184=AXIS2_PLACEMENT_3D('',#15371,#12428,#12429);
#10185=AXIS2_PLACEMENT_3D('',#15372,#12430,#12431);
#10186=AXIS2_PLACEMENT_3D('',#15377,#12435,#12436);
#10187=AXIS2_PLACEMENT_3D('',#15379,#12437,#12438);
#10188=AXIS2_PLACEMENT_3D('',#15381,#12440,#12441);
#10189=AXIS2_PLACEMENT_3D('',#15385,#12444,#12445);
#10190=AXIS2_PLACEMENT_3D('',#15386,#12446,#12447);
#10191=AXIS2_PLACEMENT_3D('',#15388,#12449,#12450);
#10192=AXIS2_PLACEMENT_3D('',#15390,#12452,#12453);
#10193=AXIS2_PLACEMENT_3D('',#15392,#12455,#12456);
#10194=AXIS2_PLACEMENT_3D('',#15394,#12458,#12459);
#10195=AXIS2_PLACEMENT_3D('',#15395,#12460,#12461);
#10196=AXIS2_PLACEMENT_3D('',#15397,#12463,#12464);
#10197=AXIS2_PLACEMENT_3D('',#15399,#12466,#12467);
#10198=AXIS2_PLACEMENT_3D('',#15401,#12469,#12470);
#10199=AXIS2_PLACEMENT_3D('',#15402,#12471,#12472);
#10200=AXIS2_PLACEMENT_3D('',#15405,#12475,#12476);
#10201=AXIS2_PLACEMENT_3D('',#15407,#12478,#12479);
#10202=AXIS2_PLACEMENT_3D('',#15410,#12481,#12482);
#10203=AXIS2_PLACEMENT_3D('',#15411,#12483,#12484);
#10204=AXIS2_PLACEMENT_3D('',#15413,#12485,#12486);
#10205=AXIS2_PLACEMENT_3D('',#15415,#12488,#12489);
#10206=AXIS2_PLACEMENT_3D('',#15419,#12492,#12493);
#10207=AXIS2_PLACEMENT_3D('',#15420,#12494,#12495);
#10208=AXIS2_PLACEMENT_3D('',#15422,#12497,#12498);
#10209=AXIS2_PLACEMENT_3D('',#15424,#12500,#12501);
#10210=AXIS2_PLACEMENT_3D('',#15425,#12502,#12503);
#10211=AXIS2_PLACEMENT_3D('',#15428,#12506,#12507);
#10212=AXIS2_PLACEMENT_3D('',#15429,#12508,#12509);
#10213=AXIS2_PLACEMENT_3D('',#15430,#12510,#12511);
#10214=AXIS2_PLACEMENT_3D('',#15431,#12512,#12513);
#10215=AXIS2_PLACEMENT_3D('',#15433,#12515,#12516);
#10216=AXIS2_PLACEMENT_3D('',#15435,#12518,#12519);
#10217=AXIS2_PLACEMENT_3D('',#15437,#12521,#12522);
#10218=AXIS2_PLACEMENT_3D('',#15438,#12523,#12524);
#10219=AXIS2_PLACEMENT_3D('',#15440,#12526,#12527);
#10220=AXIS2_PLACEMENT_3D('',#15442,#12529,#12530);
#10221=AXIS2_PLACEMENT_3D('',#15443,#12531,#12532);
#10222=AXIS2_PLACEMENT_3D('',#15444,#12533,#12534);
#10223=AXIS2_PLACEMENT_3D('',#15446,#12536,#12537);
#10224=AXIS2_PLACEMENT_3D('',#15448,#12539,#12540);
#10225=AXIS2_PLACEMENT_3D('',#15449,#12541,#12542);
#10226=AXIS2_PLACEMENT_3D('',#15450,#12543,#12544);
#10227=AXIS2_PLACEMENT_3D('',#15452,#12546,#12547);
#10228=AXIS2_PLACEMENT_3D('',#15454,#12549,#12550);
#10229=AXIS2_PLACEMENT_3D('',#15456,#12552,#12553);
#10230=AXIS2_PLACEMENT_3D('',#15458,#12555,#12556);
#10231=AXIS2_PLACEMENT_3D('',#15459,#12557,#12558);
#10232=AXIS2_PLACEMENT_3D('',#15460,#12559,#12560);
#10233=AXIS2_PLACEMENT_3D('',#15461,#12561,#12562);
#10234=AXIS2_PLACEMENT_3D('',#15462,#12563,#12564);
#10235=AXIS2_PLACEMENT_3D('',#15463,#12565,#12566);
#10236=AXIS2_PLACEMENT_3D('',#15464,#12567,#12568);
#10237=AXIS2_PLACEMENT_3D('',#15467,#12569,#12570);
#10238=AXIS2_PLACEMENT_3D('',#15471,#12572,#12573);
#10239=AXIS2_PLACEMENT_3D('',#15473,#12574,#12575);
#10240=AXIS2_PLACEMENT_3D('',#15476,#12577,#12578);
#10241=AXIS2_PLACEMENT_3D('',#15477,#12579,#12580);
#10242=AXIS2_PLACEMENT_3D('',#15483,#12584,#12585);
#10243=AXIS2_PLACEMENT_3D('',#15489,#12589,#12590);
#10244=AXIS2_PLACEMENT_3D('',#15493,#12592,#12593);
#10245=AXIS2_PLACEMENT_3D('',#15497,#12596,#12597);
#10246=AXIS2_PLACEMENT_3D('',#15501,#12599,#12600);
#10247=AXIS2_PLACEMENT_3D('',#15503,#12601,#12602);
#10248=AXIS2_PLACEMENT_3D('',#15506,#12604,#12605);
#10249=AXIS2_PLACEMENT_3D('',#15507,#12606,#12607);
#10250=AXIS2_PLACEMENT_3D('',#15513,#12611,#12612);
#10251=AXIS2_PLACEMENT_3D('',#15517,#12614,#12615);
#10252=AXIS2_PLACEMENT_3D('',#15520,#12618,#12619);
#10253=AXIS2_PLACEMENT_3D('',#15522,#12621,#12622);
#10254=AXIS2_PLACEMENT_3D('',#15526,#12625,#12626);
#10255=AXIS2_PLACEMENT_3D('',#15532,#12630,#12631);
#10256=AXIS2_PLACEMENT_3D('',#15534,#12632,#12633);
#10257=AXIS2_PLACEMENT_3D('',#15537,#12635,#12636);
#10258=AXIS2_PLACEMENT_3D('',#15538,#12637,#12638);
#10259=AXIS2_PLACEMENT_3D('',#15541,#12641,#12642);
#10260=AXIS2_PLACEMENT_3D('',#15545,#12644,#12645);
#10261=AXIS2_PLACEMENT_3D('',#15547,#12647,#12648);
#10262=AXIS2_PLACEMENT_3D('',#15551,#12649,#12650);
#10263=AXIS2_PLACEMENT_3D('',#15553,#12651,#12652);
#10264=AXIS2_PLACEMENT_3D('',#15554,#12653,#12654);
#10265=AXIS2_PLACEMENT_3D('',#15558,#12655,#12656);
#10266=AXIS2_PLACEMENT_3D('',#15559,#12657,#12658);
#10267=AXIS2_PLACEMENT_3D('',#15561,#12659,#12660);
#10268=AXIS2_PLACEMENT_3D('',#15563,#12661,#12662);
#10269=AXIS2_PLACEMENT_3D('',#15564,#12663,#12664);
#10270=AXIS2_PLACEMENT_3D('',#15566,#12666,#12667);
#10271=AXIS2_PLACEMENT_3D('',#15569,#12669,#12670);
#10272=AXIS2_PLACEMENT_3D('',#15570,#12671,#12672);
#10273=AXIS2_PLACEMENT_3D('',#15571,#12673,#12674);
#10274=AXIS2_PLACEMENT_3D('',#15572,#12675,#12676);
#10275=AXIS2_PLACEMENT_3D('',#15573,#12677,#12678);
#10276=AXIS2_PLACEMENT_3D('',#15583,#12679,#12680);
#10277=AXIS2_PLACEMENT_3D('',#15601,#12681,#12682);
#10278=AXIS2_PLACEMENT_3D('',#15612,#12683,#12684);
#10279=AXIS2_PLACEMENT_3D('',#15614,#12685,#12686);
#10280=AXIS2_PLACEMENT_3D('',#15616,#12687,#12688);
#10281=AXIS2_PLACEMENT_3D('',#15620,#12690,#12691);
#10282=AXIS2_PLACEMENT_3D('',#15622,#12692,#12693);
#10283=AXIS2_PLACEMENT_3D('',#15626,#12695,#12696);
#10284=AXIS2_PLACEMENT_3D('',#15630,#12698,#12699);
#10285=AXIS2_PLACEMENT_3D('',#15632,#12700,#12701);
#10286=AXIS2_PLACEMENT_3D('',#15638,#12704,#12705);
#10287=AXIS2_PLACEMENT_3D('',#15642,#12707,#12708);
#10288=AXIS2_PLACEMENT_3D('',#15654,#12714,#12715);
#10289=AXIS2_PLACEMENT_3D('',#15658,#12717,#12718);
#10290=AXIS2_PLACEMENT_3D('',#15670,#12724,#12725);
#10291=AXIS2_PLACEMENT_3D('',#15674,#12727,#12728);
#10292=AXIS2_PLACEMENT_3D('',#15676,#12729,#12730);
#10293=AXIS2_PLACEMENT_3D('',#15684,#12734,#12735);
#10294=AXIS2_PLACEMENT_3D('',#15686,#12736,#12737);
#10295=AXIS2_PLACEMENT_3D('',#15689,#12739,#12740);
#10296=AXIS2_PLACEMENT_3D('',#15690,#12741,#12742);
#10297=AXIS2_PLACEMENT_3D('',#15726,#12743,#12744);
#10298=AXIS2_PLACEMENT_3D('',#15737,#12745,#12746);
#10299=AXIS2_PLACEMENT_3D('',#15743,#12749,#12750);
#10300=AXIS2_PLACEMENT_3D('',#15746,#12752,#12753);
#10301=AXIS2_PLACEMENT_3D('',#15747,#12754,#12755);
#10302=AXIS2_PLACEMENT_3D('',#15748,#12756,#12757);
#10303=AXIS2_PLACEMENT_3D('',#15757,#12758,#12759);
#10304=AXIS2_PLACEMENT_3D('',#15759,#12760,#12761);
#10305=AXIS2_PLACEMENT_3D('',#15774,#12762,#12763);
#10306=AXIS2_PLACEMENT_3D('',#15787,#12764,#12765);
#10307=AXIS2_PLACEMENT_3D('',#15788,#12766,#12767);
#10308=AXIS2_PLACEMENT_3D('',#15795,#12768,#12769);
#10309=AXIS2_PLACEMENT_3D('',#15798,#12770,#12771);
#10310=AXIS2_PLACEMENT_3D('',#15802,#12773,#12774);
#10311=AXIS2_PLACEMENT_3D('',#15804,#12776,#12777);
#10312=AXIS2_PLACEMENT_3D('',#15816,#12778,#12779);
#10313=AXIS2_PLACEMENT_3D('',#15834,#12780,#12781);
#10314=AXIS2_PLACEMENT_3D('',#15835,#12782,#12783);
#10315=AXIS2_PLACEMENT_3D('',#15836,#12784,#12785);
#10316=AXIS2_PLACEMENT_3D('',#15838,#12786,#12787);
#10317=AXIS2_PLACEMENT_3D('',#15840,#12789,#12790);
#10318=AXIS2_PLACEMENT_3D('',#15841,#12791,#12792);
#10319=AXIS2_PLACEMENT_3D('',#15843,#12793,#12794);
#10320=AXIS2_PLACEMENT_3D('',#15847,#12796,#12797);
#10321=AXIS2_PLACEMENT_3D('',#15851,#12799,#12800);
#10322=AXIS2_PLACEMENT_3D('',#15853,#12802,#12803);
#10323=AXIS2_PLACEMENT_3D('',#15856,#12805,#12806);
#10324=AXIS2_PLACEMENT_3D('',#15857,#12807,#12808);
#10325=AXIS2_PLACEMENT_3D('',#15861,#12810,#12811);
#10326=AXIS2_PLACEMENT_3D('',#15863,#12813,#12814);
#10327=AXIS2_PLACEMENT_3D('',#15867,#12817,#12818);
#10328=AXIS2_PLACEMENT_3D('',#15899,#12819,#12820);
#10329=AXIS2_PLACEMENT_3D('',#15901,#12821,#12822);
#10330=AXIS2_PLACEMENT_3D('',#15906,#12823,#12824);
#10331=AXIS2_PLACEMENT_3D('',#15915,#12825,#12826);
#10332=AXIS2_PLACEMENT_3D('',#15916,#12827,#12828);
#10333=AXIS2_PLACEMENT_3D('',#15917,#12829,#12830);
#10334=AXIS2_PLACEMENT_3D('',#15927,#12831,#12832);
#10335=AXIS2_PLACEMENT_3D('',#15929,#12833,#12834);
#10336=AXIS2_PLACEMENT_3D('',#15950,#12835,#12836);
#10337=AXIS2_PLACEMENT_3D('',#15959,#12837,#12838);
#10338=AXIS2_PLACEMENT_3D('',#15960,#12839,#12840);
#10339=AXIS2_PLACEMENT_3D('',#15961,#12841,#12842);
#10340=AXIS2_PLACEMENT_3D('',#15963,#12843,#12844);
#10341=AXIS2_PLACEMENT_3D('',#15965,#12846,#12847);
#10342=AXIS2_PLACEMENT_3D('',#15966,#12848,#12849);
#10343=AXIS2_PLACEMENT_3D('',#15969,#12851,#12852);
#10344=AXIS2_PLACEMENT_3D('',#15970,#12853,#12854);
#10345=AXIS2_PLACEMENT_3D('',#15972,#12855,#12856);
#10346=AXIS2_PLACEMENT_3D('',#15973,#12857,#12858);
#10347=AXIS2_PLACEMENT_3D('',#15975,#12859,#12860);
#10348=AXIS2_PLACEMENT_3D('',#15978,#12862,#12863);
#10349=AXIS2_PLACEMENT_3D('',#15979,#12864,#12865);
#10350=AXIS2_PLACEMENT_3D('',#15981,#12866,#12867);
#10351=AXIS2_PLACEMENT_3D('',#15982,#12868,#12869);
#10352=AXIS2_PLACEMENT_3D('',#15986,#12871,#12872);
#10353=AXIS2_PLACEMENT_3D('',#15989,#12875,#12876);
#10354=AXIS2_PLACEMENT_3D('',#15998,#12881,#12882);
#10355=AXIS2_PLACEMENT_3D('',#16000,#12883,#12884);
#10356=AXIS2_PLACEMENT_3D('',#16003,#12886,#12887);
#10357=AXIS2_PLACEMENT_3D('',#16004,#12888,#12889);
#10358=AXIS2_PLACEMENT_3D('',#16008,#12891,#12892);
#10359=AXIS2_PLACEMENT_3D('',#16009,#12893,#12894);
#10360=AXIS2_PLACEMENT_3D('',#16010,#12895,#12896);
#10361=AXIS2_PLACEMENT_3D('',#16013,#12898,#12899);
#10362=AXIS2_PLACEMENT_3D('',#16014,#12900,#12901);
#10363=AXIS2_PLACEMENT_3D('',#16015,#12902,#12903);
#10364=AXIS2_PLACEMENT_3D('',#16019,#12905,#12906);
#10365=AXIS2_PLACEMENT_3D('',#16020,#12907,#12908);
#10366=AXIS2_PLACEMENT_3D('',#16021,#12909,#12910);
#10367=AXIS2_PLACEMENT_3D('',#16024,#12912,#12913);
#10368=AXIS2_PLACEMENT_3D('',#16025,#12914,#12915);
#10369=AXIS2_PLACEMENT_3D('',#16028,#12917,#12918);
#10370=AXIS2_PLACEMENT_3D('',#16029,#12919,#12920);
#10371=AXIS2_PLACEMENT_3D('',#16030,#12921,#12922);
#10372=AXIS2_PLACEMENT_3D('',#16032,#12924,#12925);
#10373=AXIS2_PLACEMENT_3D('',#16036,#12927,#12928);
#10374=AXIS2_PLACEMENT_3D('',#16038,#12930,#12931);
#10375=AXIS2_PLACEMENT_3D('',#16041,#12933,#12934);
#10376=AXIS2_PLACEMENT_3D('',#16042,#12935,#12936);
#10377=AXIS2_PLACEMENT_3D('',#16046,#12939,#12940);
#10378=AXIS2_PLACEMENT_3D('',#16047,#12941,#12942);
#10379=AXIS2_PLACEMENT_3D('',#16056,#12947,#12948);
#10380=AXIS2_PLACEMENT_3D('',#16058,#12949,#12950);
#10381=AXIS2_PLACEMENT_3D('',#16061,#12952,#12953);
#10382=AXIS2_PLACEMENT_3D('',#16062,#12954,#12955);
#10383=AXIS2_PLACEMENT_3D('',#16066,#12957,#12958);
#10384=AXIS2_PLACEMENT_3D('',#16067,#12959,#12960);
#10385=AXIS2_PLACEMENT_3D('',#16068,#12961,#12962);
#10386=AXIS2_PLACEMENT_3D('',#16072,#12964,#12965);
#10387=AXIS2_PLACEMENT_3D('',#16073,#12966,#12967);
#10388=AXIS2_PLACEMENT_3D('',#16074,#12968,#12969);
#10389=AXIS2_PLACEMENT_3D('',#16080,#12973,#12974);
#10390=AXIS2_PLACEMENT_3D('',#16082,#12975,#12976);
#10391=AXIS2_PLACEMENT_3D('',#16085,#12978,#12979);
#10392=AXIS2_PLACEMENT_3D('',#16086,#12980,#12981);
#10393=AXIS2_PLACEMENT_3D('',#16090,#12983,#12984);
#10394=AXIS2_PLACEMENT_3D('',#16091,#12985,#12986);
#10395=AXIS2_PLACEMENT_3D('',#16092,#12987,#12988);
#10396=AXIS2_PLACEMENT_3D('',#16095,#12991,#12992);
#10397=AXIS2_PLACEMENT_3D('',#16098,#12995,#12996);
#10398=AXIS2_PLACEMENT_3D('',#16102,#12998,#12999);
#10399=AXIS2_PLACEMENT_3D('',#16104,#13001,#13002);
#10400=AXIS2_PLACEMENT_3D('',#16107,#13004,#13005);
#10401=AXIS2_PLACEMENT_3D('',#16108,#13006,#13007);
#10402=AXIS2_PLACEMENT_3D('',#16112,#13010,#13011);
#10403=AXIS2_PLACEMENT_3D('',#16113,#13012,#13013);
#10404=AXIS2_PLACEMENT_3D('',#16115,#13014,#13015);
#10405=AXIS2_PLACEMENT_3D('',#16118,#13017,#13018);
#10406=AXIS2_PLACEMENT_3D('',#16119,#13019,#13020);
#10407=AXIS2_PLACEMENT_3D('',#16124,#13022,#13023);
#10408=AXIS2_PLACEMENT_3D('',#16126,#13024,#13025);
#10409=AXIS2_PLACEMENT_3D('',#16130,#13027,#13028);
#10410=AXIS2_PLACEMENT_3D('',#16134,#13030,#13031);
#10411=AXIS2_PLACEMENT_3D('',#16136,#13032,#13033);
#10412=AXIS2_PLACEMENT_3D('',#16140,#13035,#13036);
#10413=AXIS2_PLACEMENT_3D('',#16144,#13038,#13039);
#10414=AXIS2_PLACEMENT_3D('',#16148,#13041,#13042);
#10415=AXIS2_PLACEMENT_3D('',#16152,#13044,#13045);
#10416=AXIS2_PLACEMENT_3D('',#16156,#13047,#13048);
#10417=AXIS2_PLACEMENT_3D('',#16158,#13049,#13050);
#10418=AXIS2_PLACEMENT_3D('',#16162,#13052,#13053);
#10419=AXIS2_PLACEMENT_3D('',#16166,#13055,#13056);
#10420=AXIS2_PLACEMENT_3D('',#16170,#13058,#13059);
#10421=AXIS2_PLACEMENT_3D('',#16172,#13060,#13061);
#10422=AXIS2_PLACEMENT_3D('',#16174,#13062,#13063);
#10423=AXIS2_PLACEMENT_3D('',#16178,#13065,#13066);
#10424=AXIS2_PLACEMENT_3D('',#16179,#13067,#13068);
#10425=AXIS2_PLACEMENT_3D('',#16181,#13069,#13070);
#10426=AXIS2_PLACEMENT_3D('',#16183,#13071,#13072);
#10427=AXIS2_PLACEMENT_3D('',#16185,#13073,#13074);
#10428=AXIS2_PLACEMENT_3D('',#16188,#13075,#13076);
#10429=AXIS2_PLACEMENT_3D('',#16190,#13077,#13078);
#10430=AXIS2_PLACEMENT_3D('',#16194,#13080,#13081);
#10431=AXIS2_PLACEMENT_3D('',#16198,#13083,#13084);
#10432=AXIS2_PLACEMENT_3D('',#16202,#13086,#13087);
#10433=AXIS2_PLACEMENT_3D('',#16205,#13089,#13090);
#10434=AXIS2_PLACEMENT_3D('',#16207,#13091,#13092);
#10435=AXIS2_PLACEMENT_3D('',#16208,#13093,#13094);
#10436=AXIS2_PLACEMENT_3D('',#16210,#13096,#13097);
#10437=AXIS2_PLACEMENT_3D('',#16213,#13099,#13100);
#10438=AXIS2_PLACEMENT_3D('',#16214,#13101,#13102);
#10439=AXIS2_PLACEMENT_3D('',#16216,#13104,#13105);
#10440=AXIS2_PLACEMENT_3D('',#16219,#13107,#13108);
#10441=AXIS2_PLACEMENT_3D('',#16220,#13109,#13110);
#10442=AXIS2_PLACEMENT_3D('',#16223,#13112,#13113);
#10443=AXIS2_PLACEMENT_3D('',#16224,#13114,#13115);
#10444=AXIS2_PLACEMENT_3D('',#16227,#13117,#13118);
#10445=AXIS2_PLACEMENT_3D('',#16228,#13119,#13120);
#10446=AXIS2_PLACEMENT_3D('',#16231,#13122,#13123);
#10447=AXIS2_PLACEMENT_3D('',#16232,#13124,#13125);
#10448=AXIS2_PLACEMENT_3D('',#16235,#13127,#13128);
#10449=AXIS2_PLACEMENT_3D('',#16236,#13129,#13130);
#10450=AXIS2_PLACEMENT_3D('',#16239,#13132,#13133);
#10451=AXIS2_PLACEMENT_3D('',#16240,#13134,#13135);
#10452=AXIS2_PLACEMENT_3D('',#16243,#13137,#13138);
#10453=AXIS2_PLACEMENT_3D('',#16244,#13139,#13140);
#10454=AXIS2_PLACEMENT_3D('',#16247,#13142,#13143);
#10455=AXIS2_PLACEMENT_3D('',#16248,#13144,#13145);
#10456=AXIS2_PLACEMENT_3D('',#16253,#13149,#13150);
#10457=AXIS2_PLACEMENT_3D('',#16256,#13152,#13153);
#10458=AXIS2_PLACEMENT_3D('',#16257,#13154,#13155);
#10459=AXIS2_PLACEMENT_3D('',#16259,#13157,#13158);
#10460=AXIS2_PLACEMENT_3D('',#16261,#13160,#13161);
#10461=AXIS2_PLACEMENT_3D('',#16262,#13162,#13163);
#10462=AXIS2_PLACEMENT_3D('',#16264,#13165,#13166);
#10463=AXIS2_PLACEMENT_3D('',#16266,#13168,#13169);
#10464=AXIS2_PLACEMENT_3D('',#16268,#13171,#13172);
#10465=AXIS2_PLACEMENT_3D('',#16270,#13174,#13175);
#10466=AXIS2_PLACEMENT_3D('',#16273,#13177,#13178);
#10467=AXIS2_PLACEMENT_3D('',#16274,#13179,#13180);
#10468=AXIS2_PLACEMENT_3D('',#16276,#13182,#13183);
#10469=AXIS2_PLACEMENT_3D('',#16280,#13186,#13187);
#10470=AXIS2_PLACEMENT_3D('',#16283,#13189,#13190);
#10471=AXIS2_PLACEMENT_3D('',#16284,#13191,#13192);
#10472=AXIS2_PLACEMENT_3D('',#16287,#13194,#13195);
#10473=AXIS2_PLACEMENT_3D('',#16288,#13196,#13197);
#10474=AXIS2_PLACEMENT_3D('',#16292,#13200,#13201);
#10475=AXIS2_PLACEMENT_3D('',#16295,#13203,#13204);
#10476=AXIS2_PLACEMENT_3D('',#16296,#13205,#13206);
#10477=AXIS2_PLACEMENT_3D('',#16299,#13208,#13209);
#10478=AXIS2_PLACEMENT_3D('',#16300,#13210,#13211);
#10479=AXIS2_PLACEMENT_3D('',#16304,#13214,#13215);
#10480=AXIS2_PLACEMENT_3D('',#16307,#13218,#13219);
#10481=AXIS2_PLACEMENT_3D('',#16310,#13221,#13222);
#10482=AXIS2_PLACEMENT_3D('',#16311,#13223,#13224);
#10483=AXIS2_PLACEMENT_3D('',#16313,#13226,#13227);
#10484=AXIS2_PLACEMENT_3D('',#16317,#13230,#13231);
#10485=AXIS2_PLACEMENT_3D('',#16321,#13234,#13235);
#10486=AXIS2_PLACEMENT_3D('',#16324,#13237,#13238);
#10487=AXIS2_PLACEMENT_3D('',#16325,#13239,#13240);
#10488=AXIS2_PLACEMENT_3D('',#16328,#13242,#13243);
#10489=AXIS2_PLACEMENT_3D('',#16329,#13244,#13245);
#10490=AXIS2_PLACEMENT_3D('',#16332,#13248,#13249);
#10491=AXIS2_PLACEMENT_3D('',#16335,#13251,#13252);
#10492=AXIS2_PLACEMENT_3D('',#16336,#13253,#13254);
#10493=AXIS2_PLACEMENT_3D('',#16338,#13256,#13257);
#10494=AXIS2_PLACEMENT_3D('',#16342,#13260,#13261);
#10495=AXIS2_PLACEMENT_3D('',#16346,#13264,#13265);
#10496=AXIS2_PLACEMENT_3D('',#16347,#13266,#13267);
#10497=AXIS2_PLACEMENT_3D('',#16348,#13268,#13269);
#10498=AXIS2_PLACEMENT_3D('',#16350,#13271,#13272);
#10499=AXIS2_PLACEMENT_3D('',#16352,#13274,#13275);
#10500=AXIS2_PLACEMENT_3D('',#16354,#13277,#13278);
#10501=AXIS2_PLACEMENT_3D('',#16356,#13280,#13281);
#10502=AXIS2_PLACEMENT_3D('',#16358,#13283,#13284);
#10503=AXIS2_PLACEMENT_3D('',#16360,#13286,#13287);
#10504=AXIS2_PLACEMENT_3D('',#16362,#13289,#13290);
#10505=AXIS2_PLACEMENT_3D('',#16364,#13292,#13293);
#10506=AXIS2_PLACEMENT_3D('',#16367,#13296,#13297);
#10507=AXIS2_PLACEMENT_3D('',#16368,#13298,#13299);
#10508=AXIS2_PLACEMENT_3D('',#16370,#13301,#13302);
#10509=AXIS2_PLACEMENT_3D('',#16372,#13304,#13305);
#10510=AXIS2_PLACEMENT_3D('',#16374,#13307,#13308);
#10511=AXIS2_PLACEMENT_3D('',#16375,#13309,#13310);
#10512=AXIS2_PLACEMENT_3D('',#16381,#13314,#13315);
#10513=AXIS2_PLACEMENT_3D('',#16385,#13318,#13319);
#10514=AXIS2_PLACEMENT_3D('',#16389,#13322,#13323);
#10515=AXIS2_PLACEMENT_3D('',#16393,#13326,#13327);
#10516=AXIS2_PLACEMENT_3D('',#16397,#13330,#13331);
#10517=AXIS2_PLACEMENT_3D('',#16398,#13332,#13333);
#10518=AXIS2_PLACEMENT_3D('',#16399,#13334,#13335);
#10519=AXIS2_PLACEMENT_3D('',#16405,#13339,#13340);
#10520=AXIS2_PLACEMENT_3D('',#16409,#13343,#13344);
#10521=AXIS2_PLACEMENT_3D('',#16413,#13347,#13348);
#10522=AXIS2_PLACEMENT_3D('',#16419,#13352,#13353);
#10523=AXIS2_PLACEMENT_3D('',#16421,#13355,#13356);
#10524=AXIS2_PLACEMENT_3D('',#16422,#13357,#13358);
#10525=AXIS2_PLACEMENT_3D('',#16423,#13359,#13360);
#10526=AXIS2_PLACEMENT_3D('',#16429,#13364,#13365);
#10527=AXIS2_PLACEMENT_3D('',#16433,#13368,#13369);
#10528=AXIS2_PLACEMENT_3D('',#16437,#13372,#13373);
#10529=AXIS2_PLACEMENT_3D('',#16441,#13376,#13377);
#10530=AXIS2_PLACEMENT_3D('',#16445,#13380,#13381);
#10531=AXIS2_PLACEMENT_3D('',#16446,#13382,#13383);
#10532=AXIS2_PLACEMENT_3D('',#16447,#13384,#13385);
#10533=AXIS2_PLACEMENT_3D('',#16453,#13389,#13390);
#10534=AXIS2_PLACEMENT_3D('',#16457,#13393,#13394);
#10535=AXIS2_PLACEMENT_3D('',#16463,#13398,#13399);
#10536=AXIS2_PLACEMENT_3D('',#16467,#13402,#13403);
#10537=AXIS2_PLACEMENT_3D('',#16469,#13405,#13406);
#10538=AXIS2_PLACEMENT_3D('',#16470,#13407,#13408);
#10539=AXIS2_PLACEMENT_3D('',#16471,#13409,#13410);
#10540=AXIS2_PLACEMENT_3D('',#16474,#13413,#13414);
#10541=AXIS2_PLACEMENT_3D('',#16476,#13416,#13417);
#10542=AXIS2_PLACEMENT_3D('',#16478,#13419,#13420);
#10543=AXIS2_PLACEMENT_3D('',#16480,#13422,#13423);
#10544=AXIS2_PLACEMENT_3D('',#16482,#13425,#13426);
#10545=AXIS2_PLACEMENT_3D('',#16484,#13428,#13429);
#10546=AXIS2_PLACEMENT_3D('',#16486,#13431,#13432);
#10547=AXIS2_PLACEMENT_3D('',#16488,#13434,#13435);
#10548=AXIS2_PLACEMENT_3D('',#16489,#13436,#13437);
#10549=AXIS2_PLACEMENT_3D('',#16491,#13439,#13440);
#10550=AXIS2_PLACEMENT_3D('',#16493,#13442,#13443);
#10551=AXIS2_PLACEMENT_3D('',#16495,#13445,#13446);
#10552=AXIS2_PLACEMENT_3D('',#16496,#13447,#13448);
#10553=AXIS2_PLACEMENT_3D('',#16498,#13450,#13451);
#10554=AXIS2_PLACEMENT_3D('',#16500,#13453,#13454);
#10555=AXIS2_PLACEMENT_3D('',#16502,#13456,#13457);
#10556=AXIS2_PLACEMENT_3D('',#16504,#13459,#13460);
#10557=AXIS2_PLACEMENT_3D('',#16505,#13461,#13462);
#10558=AXIS2_PLACEMENT_3D('',#16507,#13464,#13465);
#10559=DIRECTION('axis',(0.,0.,1.));
#10560=DIRECTION('refdir',(1.,0.,0.));
#10561=DIRECTION('center_axis',(0.,0.,-1.));
#10562=DIRECTION('ref_axis',(-1.,0.,0.));
#10563=DIRECTION('center_axis',(0.,0.,-1.));
#10564=DIRECTION('ref_axis',(-1.,0.,0.));
#10565=DIRECTION('',(0.707106781175915,8.65956056222472E-17,-0.707106781197181));
#10566=DIRECTION('center_axis',(0.,0.,1.));
#10567=DIRECTION('ref_axis',(-1.,0.,0.));
#10568=DIRECTION('center_axis',(0.,0.,-1.));
#10569=DIRECTION('ref_axis',(-1.,0.,0.));
#10570=DIRECTION('',(0.,0.,-1.));
#10571=DIRECTION('center_axis',(0.,0.,-1.));
#10572=DIRECTION('ref_axis',(-1.,0.,0.));
#10573=DIRECTION('',(0.,0.,1.));
#10574=DIRECTION('center_axis',(0.,0.,-1.));
#10575=DIRECTION('ref_axis',(1.,0.,0.));
#10576=DIRECTION('',(0.,0.,1.));
#10577=DIRECTION('center_axis',(0.,0.,-1.));
#10578=DIRECTION('ref_axis',(1.,0.,0.));
#10579=DIRECTION('center_axis',(0.,0.,1.));
#10580=DIRECTION('ref_axis',(-1.,0.,0.));
#10581=DIRECTION('center_axis',(0.,0.,-1.));
#10582=DIRECTION('ref_axis',(1.,0.,0.));
#10583=DIRECTION('center_axis',(0.,0.,-1.));
#10584=DIRECTION('ref_axis',(1.,0.,0.));
#10585=DIRECTION('center_axis',(0.,0.,-1.));
#10586=DIRECTION('ref_axis',(1.,0.,0.));
#10587=DIRECTION('',(-0.707106781187691,-8.65956056236894E-17,-0.707106781185404));
#10588=DIRECTION('center_axis',(0.,0.,1.));
#10589=DIRECTION('ref_axis',(1.,0.,0.));
#10590=DIRECTION('center_axis',(0.,0.,1.));
#10591=DIRECTION('ref_axis',(1.,0.,0.));
#10592=DIRECTION('center_axis',(0.,0.,-1.));
#10593=DIRECTION('ref_axis',(-1.,0.,0.));
#10594=DIRECTION('',(0.,0.,-1.));
#10595=DIRECTION('center_axis',(0.,0.,-1.));
#10596=DIRECTION('ref_axis',(-1.,0.,0.));
#10597=DIRECTION('',(0.,0.,1.));
#10598=DIRECTION('center_axis',(0.,0.,-1.));
#10599=DIRECTION('ref_axis',(1.,0.,0.));
#10600=DIRECTION('',(0.,0.,1.));
#10601=DIRECTION('center_axis',(0.,0.,-1.));
#10602=DIRECTION('ref_axis',(1.,0.,0.));
#10603=DIRECTION('center_axis',(0.,0.,1.));
#10604=DIRECTION('ref_axis',(-1.,0.,0.));
#10605=DIRECTION('center_axis',(0.,0.,-1.));
#10606=DIRECTION('ref_axis',(1.,0.,0.));
#10607=DIRECTION('center_axis',(0.,0.,-1.));
#10608=DIRECTION('ref_axis',(-1.,0.,0.));
#10609=DIRECTION('center_axis',(0.,0.,-1.));
#10610=DIRECTION('ref_axis',(-1.,0.,0.));
#10611=DIRECTION('',(0.707106781186503,8.65956056235439E-17,-0.707106781186592));
#10612=DIRECTION('center_axis',(0.,0.,1.));
#10613=DIRECTION('ref_axis',(-1.,0.,0.));
#10614=DIRECTION('center_axis',(0.,0.,-1.));
#10615=DIRECTION('ref_axis',(-1.,0.,0.));
#10616=DIRECTION('',(0.,0.,-1.));
#10617=DIRECTION('center_axis',(0.,0.,-1.));
#10618=DIRECTION('ref_axis',(1.,0.,0.));
#10619=DIRECTION('',(0.,0.,1.));
#10620=DIRECTION('center_axis',(0.,0.,-1.));
#10621=DIRECTION('ref_axis',(1.,0.,0.));
#10622=DIRECTION('',(0.,0.,1.));
#10623=DIRECTION('center_axis',(0.,0.,-1.));
#10624=DIRECTION('ref_axis',(-1.,0.,0.));
#10625=DIRECTION('center_axis',(0.,0.,1.));
#10626=DIRECTION('ref_axis',(-1.,0.,0.));
#10627=DIRECTION('center_axis',(0.,0.,-1.));
#10628=DIRECTION('ref_axis',(1.,0.,0.));
#10629=DIRECTION('center_axis',(0.,0.,-1.));
#10630=DIRECTION('ref_axis',(-1.,0.,0.));
#10631=DIRECTION('center_axis',(0.,0.,-1.));
#10632=DIRECTION('ref_axis',(-1.,0.,0.));
#10633=DIRECTION('',(0.707106781186429,8.65956056235348E-17,-0.707106781186666));
#10634=DIRECTION('center_axis',(0.,0.,1.));
#10635=DIRECTION('ref_axis',(-1.,0.,0.));
#10636=DIRECTION('center_axis',(0.,0.,-1.));
#10637=DIRECTION('ref_axis',(-1.,0.,0.));
#10638=DIRECTION('',(0.,0.,-1.));
#10639=DIRECTION('center_axis',(0.,0.,-1.));
#10640=DIRECTION('ref_axis',(1.,0.,0.));
#10641=DIRECTION('',(0.,0.,1.));
#10642=DIRECTION('center_axis',(0.,0.,-1.));
#10643=DIRECTION('ref_axis',(1.,0.,0.));
#10644=DIRECTION('',(0.,0.,1.));
#10645=DIRECTION('center_axis',(0.,0.,-1.));
#10646=DIRECTION('ref_axis',(-1.,0.,0.));
#10647=DIRECTION('center_axis',(0.,0.,1.));
#10648=DIRECTION('ref_axis',(-1.,0.,0.));
#10649=DIRECTION('center_axis',(0.,0.,-1.));
#10650=DIRECTION('ref_axis',(1.,0.,0.));
#10651=DIRECTION('center_axis',(0.,0.,1.));
#10652=DIRECTION('ref_axis',(-1.,0.,0.));
#10653=DIRECTION('center_axis',(0.,0.,-1.));
#10654=DIRECTION('ref_axis',(-1.,0.,0.));
#10655=DIRECTION('center_axis',(0.,0.,1.));
#10656=DIRECTION('ref_axis',(-1.,0.,0.));
#10657=DIRECTION('center_axis',(-0.689650647485647,-0.156147316411845,0.707106781186552));
#10658=DIRECTION('ref_axis',(0.715888022828114,0.,0.698215109240163));
#10659=DIRECTION('',(0.220825652597795,-0.975313298973595,0.));
#10660=DIRECTION('',(-0.220825652597795,0.975313298973595,0.));
#10661=DIRECTION('center_axis',(-0.975313298973595,-0.220825652597795,0.));
#10662=DIRECTION('ref_axis',(-0.220825652597795,0.975313298973595,0.));
#10663=DIRECTION('',(-0.220825652597795,0.975313298973595,0.));
#10664=DIRECTION('center_axis',(-0.124556330947599,0.696050084707172,0.707106781186556));
#10665=DIRECTION('ref_axis',(0.984837670860775,0.,0.173478419561407));
#10666=DIRECTION('',(0.984363469883835,0.176149252505528,0.));
#10667=DIRECTION('',(-0.984363469883835,-0.176149252505528,0.));
#10668=DIRECTION('center_axis',(0.,0.,-1.));
#10669=DIRECTION('ref_axis',(-1.,0.,0.));
#10670=DIRECTION('center_axis',(0.,0.,1.));
#10671=DIRECTION('ref_axis',(1.,0.,0.));
#10672=DIRECTION('center_axis',(0.,0.,1.));
#10673=DIRECTION('ref_axis',(1.,0.,0.));
#10674=DIRECTION('center_axis',(0.,0.,1.));
#10675=DIRECTION('ref_axis',(1.,0.,0.));
#10676=DIRECTION('',(-1.,0.,0.));
#10677=DIRECTION('center_axis',(0.,0.,1.));
#10678=DIRECTION('ref_axis',(-1.,0.,0.));
#10679=DIRECTION('',(0.,-1.,0.));
#10680=DIRECTION('center_axis',(0.,0.,1.));
#10681=DIRECTION('ref_axis',(-1.,0.,0.));
#10682=DIRECTION('',(0.984363469883835,0.176149252505528,0.));
#10683=DIRECTION('center_axis',(0.,0.,-1.));
#10684=DIRECTION('ref_axis',(-1.,0.,0.));
#10685=DIRECTION('center_axis',(0.,0.,1.));
#10686=DIRECTION('ref_axis',(1.,0.,0.));
#10687=DIRECTION('',(0.,1.,0.));
#10688=DIRECTION('center_axis',(0.,0.,1.));
#10689=DIRECTION('ref_axis',(0.176364897061843,-0.984324856479996,0.));
#10690=DIRECTION('',(0.347200703976904,-0.937790846168773,0.));
#10691=DIRECTION('center_axis',(0.,0.,1.));
#10692=DIRECTION('ref_axis',(-0.978164506360464,0.207832140191526,0.));
#10693=DIRECTION('center_axis',(0.,0.,-1.));
#10694=DIRECTION('ref_axis',(1.,0.,0.));
#10695=DIRECTION('center_axis',(0.,0.,1.));
#10696=DIRECTION('ref_axis',(-0.999513839960721,-0.0311782572792883,0.));
#10697=DIRECTION('',(-0.507912183558502,-0.861408854025099,0.));
#10698=DIRECTION('center_axis',(0.,0.,1.));
#10699=DIRECTION('ref_axis',(1.,0.,0.));
#10700=DIRECTION('',(0.841879138963874,0.539666114720432,0.));
#10701=DIRECTION('center_axis',(0.,0.,1.));
#10702=DIRECTION('ref_axis',(0.28117686696822,-0.959655964125653,0.));
#10703=DIRECTION('',(1.,0.,0.));
#10704=DIRECTION('center_axis',(0.,0.,1.));
#10705=DIRECTION('ref_axis',(-0.251705518173582,-0.967803870689185,0.));
#10706=DIRECTION('',(0.873288664241933,-0.487203149524447,0.));
#10707=DIRECTION('center_axis',(0.,0.,1.));
#10708=DIRECTION('ref_axis',(-0.862323358585531,-0.506358001060287,0.));
#10709=DIRECTION('',(0.,-1.,0.));
#10710=DIRECTION('center_axis',(0.,0.,1.));
#10711=DIRECTION('ref_axis',(-0.661265776464784,0.750151699909043,0.));
#10712=DIRECTION('',(-0.992099292613463,0.125455145752841,0.));
#10713=DIRECTION('center_axis',(0.,0.,1.));
#10714=DIRECTION('ref_axis',(0.539666114720437,-0.841879138963871,0.));
#10715=DIRECTION('center_axis',(0.,0.,1.));
#10716=DIRECTION('ref_axis',(0.937790846168772,0.347200703976906,0.));
#10717=DIRECTION('',(0.873288664241933,-0.487203149524447,0.));
#10718=DIRECTION('center_axis',(0.,0.,1.));
#10719=DIRECTION('ref_axis',(-0.862323358585525,-0.506358001060296,0.));
#10720=DIRECTION('',(0.,-1.,0.));
#10721=DIRECTION('center_axis',(0.,0.,1.));
#10722=DIRECTION('ref_axis',(0.937790846168772,0.347200703976906,0.));
#10723=DIRECTION('',(-0.347200703976904,0.937790846168773,0.));
#10724=DIRECTION('center_axis',(0.,0.,1.));
#10725=DIRECTION('ref_axis',(-0.526782687642653,0.84999999999999,0.));
#10726=DIRECTION('',(-1.,0.,0.));
#10727=DIRECTION('center_axis',(0.,0.,1.));
#10728=DIRECTION('ref_axis',(0.526782687642642,0.849999999999997,0.));
#10729=DIRECTION('center_axis',(0.,0.,1.));
#10730=DIRECTION('ref_axis',(0.813941029804996,-0.580947501931097,0.));
#10731=DIRECTION('',(1.,0.,0.));
#10732=DIRECTION('center_axis',(0.,0.,1.));
#10733=DIRECTION('ref_axis',(-0.813941029804979,-0.580947501931122,0.));
#10734=DIRECTION('',(0.,-1.,0.));
#10735=DIRECTION('center_axis',(0.,0.,1.));
#10736=DIRECTION('ref_axis',(-0.506358001060306,0.86232335858552,0.));
#10737=DIRECTION('',(-0.873288664241933,0.487203149524447,0.));
#10738=DIRECTION('center_axis',(0.,0.,1.));
#10739=DIRECTION('ref_axis',(0.967803870689188,-0.251705518173569,0.));
#10740=DIRECTION('',(1.,0.,0.));
#10741=DIRECTION('center_axis',(0.,0.,1.));
#10742=DIRECTION('ref_axis',(-0.707106781186541,-0.707106781186554,0.));
#10743=DIRECTION('',(0.873288664241933,-0.487203149524447,0.));
#10744=DIRECTION('center_axis',(0.,0.,1.));
#10745=DIRECTION('ref_axis',(-0.999532525609429,-0.0305733584814813,0.));
#10746=DIRECTION('',(-0.841879138963874,-0.539666114720432,0.));
#10747=DIRECTION('center_axis',(0.,0.,1.));
#10748=DIRECTION('ref_axis',(-0.28117686696822,0.959655964125653,0.));
#10749=DIRECTION('',(-1.,0.,0.));
#10750=DIRECTION('center_axis',(0.,0.,1.));
#10751=DIRECTION('ref_axis',(0.707106781186554,0.707106781186541,0.));
#10752=DIRECTION('',(0.,1.,0.));
#10753=DIRECTION('center_axis',(0.,0.,1.));
#10754=DIRECTION('ref_axis',(0.506358001060288,-0.86232335858553,0.));
#10755=DIRECTION('center_axis',(0.,0.,1.));
#10756=DIRECTION('ref_axis',(-0.997866616070731,-0.0652856533363001,0.));
#10757=DIRECTION('center_axis',(0.,0.,-1.));
#10758=DIRECTION('ref_axis',(1.,0.,0.));
#10759=DIRECTION('center_axis',(0.,0.,1.));
#10760=DIRECTION('ref_axis',(-0.942681053665771,0.333695116925004,0.));
#10761=DIRECTION('',(-0.760328975208758,-0.649538181678337,0.));
#10762=DIRECTION('center_axis',(0.,0.,1.));
#10763=DIRECTION('ref_axis',(0.642908395222881,0.765943075790845,0.));
#10764=DIRECTION('',(0.507912183558502,0.861408854025099,0.));
#10765=DIRECTION('center_axis',(0.,0.,1.));
#10766=DIRECTION('ref_axis',(-1.,0.,0.));
#10767=DIRECTION('center_axis',(0.,0.,1.));
#10768=DIRECTION('ref_axis',(-1.,0.,0.));
#10769=DIRECTION('center_axis',(0.,0.,1.));
#10770=DIRECTION('ref_axis',(-1.,0.,0.));
#10771=DIRECTION('center_axis',(0.,0.,1.));
#10772=DIRECTION('ref_axis',(-1.,0.,0.));
#10773=DIRECTION('',(0.,-1.,0.));
#10774=DIRECTION('center_axis',(0.,0.,1.));
#10775=DIRECTION('ref_axis',(-0.707106781186541,0.707106781186554,0.));
#10776=DIRECTION('',(-1.,0.,0.));
#10777=DIRECTION('center_axis',(0.,0.,1.));
#10778=DIRECTION('ref_axis',(0.251705518173591,0.967803870689182,0.));
#10779=DIRECTION('',(-0.873288664241933,0.487203149524447,0.));
#10780=DIRECTION('center_axis',(0.,0.,1.));
#10781=DIRECTION('ref_axis',(0.999532525609429,0.030573358481464,0.));
#10782=DIRECTION('',(0.841879138963874,0.539666114720432,0.));
#10783=DIRECTION('center_axis',(0.,0.,1.));
#10784=DIRECTION('ref_axis',(-0.062894538903304,-0.998020178641765,0.));
#10785=DIRECTION('center_axis',(0.,0.,-1.));
#10786=DIRECTION('ref_axis',(1.,0.,0.));
#10787=DIRECTION('center_axis',(0.,0.,1.));
#10788=DIRECTION('ref_axis',(-0.866025403784436,-0.500000000000005,0.));
#10789=DIRECTION('',(-1.,0.,0.));
#10790=DIRECTION('center_axis',(0.,0.,1.));
#10791=DIRECTION('ref_axis',(0.959655964125638,0.281176866968268,0.));
#10792=DIRECTION('',(0.841879138963874,0.539666114720432,0.));
#10793=DIRECTION('center_axis',(0.,0.,1.));
#10794=DIRECTION('ref_axis',(0.0305733584814963,-0.999532525609428,0.));
#10795=DIRECTION('',(0.873288664241933,-0.487203149524447,0.));
#10796=DIRECTION('center_axis',(0.,0.,1.));
#10797=DIRECTION('ref_axis',(-0.967803870689184,0.251705518173585,0.));
#10798=DIRECTION('',(1.,0.,0.));
#10799=DIRECTION('center_axis',(0.,0.,1.));
#10800=DIRECTION('ref_axis',(-0.959655964125658,-0.281176866968202,0.));
#10801=DIRECTION('',(-0.841879138963874,-0.539666114720432,0.));
#10802=DIRECTION('center_axis',(0.,0.,1.));
#10803=DIRECTION('ref_axis',(-0.0305733584814859,0.999532525609428,0.));
#10804=DIRECTION('',(-0.873288664241933,0.487203149524447,0.));
#10805=DIRECTION('center_axis',(0.,0.,1.));
#10806=DIRECTION('ref_axis',(0.487203149524442,0.873288664241935,0.));
#10807=DIRECTION('center_axis',(0.,0.,-1.));
#10808=DIRECTION('ref_axis',(-1.,0.,0.));
#10809=DIRECTION('center_axis',(0.,0.,1.));
#10810=DIRECTION('ref_axis',(0.500000000000002,-0.866025403784438,0.));
#10811=DIRECTION('',(0.,1.,0.));
#10812=DIRECTION('center_axis',(0.,0.,1.));
#10813=DIRECTION('ref_axis',(0.707106781186554,-0.707106781186541,0.));
#10814=DIRECTION('',(1.,0.,0.));
#10815=DIRECTION('center_axis',(0.,0.,1.));
#10816=DIRECTION('ref_axis',(-0.959655964125647,-0.281176866968239,0.));
#10817=DIRECTION('',(-0.841879138963874,-0.539666114720432,0.));
#10818=DIRECTION('center_axis',(0.,0.,1.));
#10819=DIRECTION('ref_axis',(1.,0.,0.));
#10820=DIRECTION('center_axis',(0.,0.,1.));
#10821=DIRECTION('ref_axis',(-0.176149252505535,0.984363469883834,0.));
#10822=DIRECTION('',(0.760328975208758,0.649538181678337,0.));
#10823=DIRECTION('center_axis',(0.,0.,1.));
#10824=DIRECTION('ref_axis',(0.182352078457001,-0.983233298603344,0.));
#10825=DIRECTION('center_axis',(0.,0.,-1.));
#10826=DIRECTION('ref_axis',(-1.,0.,0.));
#10827=DIRECTION('center_axis',(0.,0.,1.));
#10828=DIRECTION('ref_axis',(0.499999999999999,-0.866025403784439,0.));
#10829=DIRECTION('',(1.,-1.48029736616688E-16,0.));
#10830=DIRECTION('center_axis',(0.,0.,1.));
#10831=DIRECTION('ref_axis',(-0.996083196797292,-0.0884209537275373,0.));
#10832=DIRECTION('',(-0.984363469883835,-0.176149252505528,0.));
#10833=DIRECTION('',(-1.,1.48029736616688E-16,0.));
#10834=DIRECTION('center_axis',(0.,0.,1.));
#10835=DIRECTION('ref_axis',(0.499999999999999,0.866025403784439,0.));
#10836=DIRECTION('center_axis',(0.,0.,-1.));
#10837=DIRECTION('ref_axis',(-1.,0.,0.));
#10838=DIRECTION('center_axis',(0.,0.,1.));
#10839=DIRECTION('ref_axis',(0.866025403784436,0.500000000000005,0.));
#10840=DIRECTION('',(0.,1.,0.));
#10841=DIRECTION('center_axis',(0.,0.,1.));
#10842=DIRECTION('ref_axis',(0.90947394527983,-0.415760920310148,0.));
#10843=DIRECTION('center_axis',(0.,0.,-1.));
#10844=DIRECTION('ref_axis',(-1.,0.,0.));
#10845=DIRECTION('center_axis',(0.,0.,1.));
#10846=DIRECTION('ref_axis',(0.424270427878012,-0.905535534381842,0.));
#10847=DIRECTION('',(0.992099292613463,-0.125455145752841,0.));
#10848=DIRECTION('center_axis',(0.,0.,1.));
#10849=DIRECTION('ref_axis',(0.,1.,0.));
#10850=DIRECTION('center_axis',(0.,0.,1.));
#10851=DIRECTION('ref_axis',(-0.975313298973595,-0.220825652597796,0.));
#10852=DIRECTION('',(0.220825652597795,-0.975313298973595,0.));
#10853=DIRECTION('center_axis',(0.,0.,1.));
#10854=DIRECTION('ref_axis',(-0.975313298973595,-0.220825652597796,0.));
#10855=DIRECTION('',(-0.873288664241933,0.487203149524447,0.));
#10856=DIRECTION('center_axis',(0.,0.,1.));
#10857=DIRECTION('ref_axis',(0.862323358585531,0.506358001060287,0.));
#10858=DIRECTION('',(0.,1.,0.));
#10859=DIRECTION('center_axis',(0.,0.,1.));
#10860=DIRECTION('ref_axis',(0.866025403784436,-0.500000000000005,0.));
#10861=DIRECTION('center_axis',(0.,0.,-1.));
#10862=DIRECTION('ref_axis',(-1.,0.,0.));
#10863=DIRECTION('center_axis',(-0.1245563309476,0.696050084707178,0.707106781186549));
#10864=DIRECTION('ref_axis',(0.984837670860775,0.,0.17347841956141));
#10865=DIRECTION('',(-0.984363469883835,-0.176149252505528,0.));
#10866=DIRECTION('center_axis',(0.707106781186543,0.,0.707106781186552));
#10867=DIRECTION('ref_axis',(0.707106781186552,0.,-0.707106781186543));
#10868=DIRECTION('',(0.,1.,0.));
#10869=DIRECTION('center_axis',(1.,0.,0.));
#10870=DIRECTION('ref_axis',(0.,-1.,0.));
#10871=DIRECTION('',(0.,-1.,0.));
#10872=DIRECTION('center_axis',(0.,-0.707106781186555,0.70710678118654));
#10873=DIRECTION('ref_axis',(1.,0.,0.));
#10874=DIRECTION('',(1.,0.,0.));
#10875=DIRECTION('center_axis',(0.,-1.,0.));
#10876=DIRECTION('ref_axis',(-1.,0.,0.));
#10877=DIRECTION('',(-1.,0.,0.));
#10878=DIRECTION('center_axis',(0.,0.,1.));
#10879=DIRECTION('ref_axis',(-0.975313298973595,-0.220825652597796,0.));
#10880=DIRECTION('',(-0.689650647485644,-0.156147316411848,0.707106781186555));
#10881=DIRECTION('',(-0.525007905336823,0.473673621108285,-0.707106781186552));
#10882=DIRECTION('center_axis',(0.,0.,-1.));
#10883=DIRECTION('ref_axis',(-0.975313298973595,-0.220825652597796,0.));
#10884=DIRECTION('center_axis',(0.689650647485659,0.156147316411848,0.70710678118654));
#10885=DIRECTION('ref_axis',(0.715888022828102,0.,-0.698215109240176));
#10886=DIRECTION('',(-0.689650647485657,-0.156147316411845,0.707106781186543));
#10887=DIRECTION('',(-0.220825652597795,0.975313298973595,0.));
#10888=DIRECTION('center_axis',(0.,0.,1.));
#10889=DIRECTION('ref_axis',(-0.975313298973595,-0.220825652597796,0.));
#10890=DIRECTION('center_axis',(0.,0.,-1.));
#10891=DIRECTION('ref_axis',(-0.975313298973595,-0.220825652597796,0.));
#10892=DIRECTION('',(0.344504650844199,0.617508336418804,0.707106781186546));
#10893=DIRECTION('center_axis',(-0.344504650844171,-0.617508336418797,0.707106781186565));
#10894=DIRECTION('ref_axis',(0.898981493242737,0.,0.437986614872029));
#10895=DIRECTION('',(0.344504650844191,0.617508336418827,0.70710678118653));
#10896=DIRECTION('',(0.873288664241933,-0.487203149524447,0.));
#10897=DIRECTION('center_axis',(0.,0.,1.));
#10898=DIRECTION('ref_axis',(0.862323358585531,0.506358001060287,0.));
#10899=DIRECTION('center_axis',(0.,0.,-1.));
#10900=DIRECTION('ref_axis',(0.862323358585531,0.506358001060287,0.));
#10901=DIRECTION('',(0.70710678118654,0.,0.707106781186555));
#10902=DIRECTION('center_axis',(-0.707106781186555,0.,0.70710678118654));
#10903=DIRECTION('ref_axis',(0.70710678118654,0.,0.707106781186555));
#10904=DIRECTION('',(0.,-1.,0.));
#10905=DIRECTION('',(0.70710678118654,0.,0.707106781186555));
#10906=DIRECTION('center_axis',(0.,0.,1.));
#10907=DIRECTION('ref_axis',(0.866025403784436,-0.500000000000005,0.));
#10908=DIRECTION('center_axis',(0.,0.,-1.));
#10909=DIRECTION('ref_axis',(0.866025403784436,-0.500000000000005,0.));
#10910=DIRECTION('',(0.353553390593279,-0.612372435695791,0.707106781186548));
#10911=DIRECTION('center_axis',(0.,0.,-1.));
#10912=DIRECTION('ref_axis',(-1.,0.,0.));
#10913=DIRECTION('center_axis',(0.,0.,1.));
#10914=DIRECTION('ref_axis',(-1.,0.,0.));
#10915=DIRECTION('center_axis',(-0.487203149524447,-0.873288664241933,0.));
#10916=DIRECTION('ref_axis',(-0.873288664241933,0.487203149524447,0.));
#10917=DIRECTION('',(0.,0.,1.));
#10918=DIRECTION('',(-0.873288664241933,0.487203149524447,0.));
#10919=DIRECTION('',(0.,0.,-1.));
#10920=DIRECTION('center_axis',(0.,0.,-1.));
#10921=DIRECTION('ref_axis',(-0.975313298973595,-0.220825652597796,0.));
#10922=DIRECTION('',(0.,0.,-1.));
#10923=DIRECTION('center_axis',(0.,0.,1.));
#10924=DIRECTION('ref_axis',(-0.975313298973595,-0.220825652597796,0.));
#10925=DIRECTION('center_axis',(-0.975313298973595,-0.220825652597795,0.));
#10926=DIRECTION('ref_axis',(-0.220825652597795,0.975313298973595,0.));
#10927=DIRECTION('',(0.,0.,1.));
#10928=DIRECTION('',(0.220825652597795,-0.975313298973595,0.));
#10929=DIRECTION('center_axis',(0.,0.,1.));
#10930=DIRECTION('ref_axis',(0.975313298973595,0.220825652597796,0.));
#10931=DIRECTION('',(0.,0.,-1.));
#10932=DIRECTION('center_axis',(0.,0.,1.));
#10933=DIRECTION('ref_axis',(-0.975313298973595,-0.220825652597796,0.));
#10934=DIRECTION('center_axis',(-0.707106781186543,0.,0.707106781186552));
#10935=DIRECTION('ref_axis',(0.707106781186552,0.,0.707106781186543));
#10936=DIRECTION('',(0.707106781186552,0.,0.707106781186543));
#10937=DIRECTION('',(-0.707106781186552,0.,-0.707106781186543));
#10938=DIRECTION('',(0.,-1.,0.));
#10939=DIRECTION('center_axis',(0.,0.,1.));
#10940=DIRECTION('ref_axis',(0.176364897061843,-0.984324856479996,0.));
#10941=DIRECTION('center_axis',(0.,0.,-1.));
#10942=DIRECTION('ref_axis',(0.176364897061843,-0.984324856479996,0.));
#10943=DIRECTION('',(-0.663118266660608,-0.245507972214807,0.70710678118655));
#10944=DIRECTION('center_axis',(0.663118266660613,0.245507972214813,0.707106781186544));
#10945=DIRECTION('ref_axis',(0.729431339779434,0.,-0.684054033353784));
#10946=DIRECTION('',(-0.663118266660608,-0.245507972214807,0.707106781186551));
#10947=DIRECTION('',(-0.347200703976904,0.937790846168773,0.));
#10948=DIRECTION('center_axis',(0.,0.,1.));
#10949=DIRECTION('ref_axis',(-0.978164506360464,0.207832140191525,0.));
#10950=DIRECTION('center_axis',(0.,0.,-1.));
#10951=DIRECTION('ref_axis',(-0.978164506360464,0.207832140191525,0.));
#10952=DIRECTION('',(-0.506011935976859,0.49391489211091,0.707106781186561));
#10953=DIRECTION('center_axis',(0.,0.,-1.));
#10954=DIRECTION('ref_axis',(1.,0.,0.));
#10955=DIRECTION('center_axis',(0.,0.,1.));
#10956=DIRECTION('ref_axis',(1.,0.,0.));
#10957=DIRECTION('',(-0.585539494891439,-0.396413294330883,0.707106781186558));
#10958=DIRECTION('center_axis',(0.,0.,1.));
#10959=DIRECTION('ref_axis',(-0.999513839960721,-0.0311782572792883,0.));
#10960=DIRECTION('center_axis',(0.,0.,-1.));
#10961=DIRECTION('ref_axis',(-0.999513839960722,-0.0311782572792883,0.));
#10962=DIRECTION('',(-0.609108042055273,0.35914814924147,0.707106781186561));
#10963=DIRECTION('center_axis',(0.609108042055292,-0.35914814924149,0.707106781186534));
#10964=DIRECTION('ref_axis',(0.757657247118152,0.,-0.652652660983883));
#10965=DIRECTION('',(0.507912183558502,0.861408854025099,0.));
#10966=DIRECTION('',(-0.60910804205527,0.359148149241481,0.707106781186557));
#10967=DIRECTION('center_axis',(0.,0.,1.));
#10968=DIRECTION('ref_axis',(1.,0.,0.));
#10969=DIRECTION('center_axis',(0.,0.,-1.));
#10970=DIRECTION('ref_axis',(1.,0.,0.));
#10971=DIRECTION('center_axis',(0.,0.,1.));
#10972=DIRECTION('ref_axis',(-0.978164506360464,0.207832140191526,0.));
#10973=DIRECTION('',(0.,0.,-1.));
#10974=DIRECTION('center_axis',(0.,0.,1.));
#10975=DIRECTION('ref_axis',(-0.978164506360464,0.207832140191525,0.));
#10976=DIRECTION('',(0.,0.,1.));
#10977=DIRECTION('center_axis',(0.937790846168773,0.347200703976904,0.));
#10978=DIRECTION('ref_axis',(0.347200703976904,-0.937790846168773,0.));
#10979=DIRECTION('',(0.,0.,1.));
#10980=DIRECTION('',(0.347200703976904,-0.937790846168773,0.));
#10981=DIRECTION('center_axis',(0.,0.,1.));
#10982=DIRECTION('ref_axis',(0.176364897061843,-0.984324856479996,0.));
#10983=DIRECTION('',(0.,0.,-1.));
#10984=DIRECTION('center_axis',(0.,0.,1.));
#10985=DIRECTION('ref_axis',(0.176364897061843,-0.984324856479996,0.));
#10986=DIRECTION('center_axis',(1.,0.,0.));
#10987=DIRECTION('ref_axis',(0.,-1.,0.));
#10988=DIRECTION('',(0.,0.,1.));
#10989=DIRECTION('',(0.,1.,0.));
#10990=DIRECTION('center_axis',(-1.04672830578919E-16,-0.707106781186549,
0.707106781186546));
#10991=DIRECTION('ref_axis',(1.,0.,1.48029736616688E-16));
#10992=DIRECTION('',(0.,0.707106781186546,0.707106781186549));
#10993=DIRECTION('',(0.,-0.707106781186546,-0.707106781186549));
#10994=DIRECTION('',(1.,-1.48029736616688E-16,0.));
#10995=DIRECTION('center_axis',(0.,0.,1.));
#10996=DIRECTION('ref_axis',(0.499999999999999,0.866025403784439,0.));
#10997=DIRECTION('center_axis',(0.,0.,-1.));
#10998=DIRECTION('ref_axis',(0.499999999999999,0.866025403784439,0.));
#10999=DIRECTION('',(0.612372435695826,0.353553390593257,0.707106781186529));
#11000=DIRECTION('center_axis',(0.,0.,-1.));
#11001=DIRECTION('ref_axis',(-1.,0.,0.));
#11002=DIRECTION('center_axis',(0.,0.,1.));
#11003=DIRECTION('ref_axis',(-1.,0.,0.));
#11004=DIRECTION('',(0.353553390593262,0.612372435695781,0.707106781186565));
#11005=DIRECTION('center_axis',(0.,0.,1.));
#11006=DIRECTION('ref_axis',(0.866025403784435,0.500000000000005,0.));
#11007=DIRECTION('center_axis',(0.,0.,-1.));
#11008=DIRECTION('ref_axis',(0.866025403784436,0.500000000000005,0.));
#11009=DIRECTION('',(0.707106781186553,0.,0.707106781186542));
#11010=DIRECTION('center_axis',(-0.707106781186568,0.,0.707106781186527));
#11011=DIRECTION('ref_axis',(0.707106781186527,0.,0.707106781186568));
#11012=DIRECTION('',(0.707106781186527,0.,0.707106781186568));
#11013=DIRECTION('',(0.,-1.,0.));
#11014=DIRECTION('center_axis',(0.,0.,1.));
#11015=DIRECTION('ref_axis',(0.90947394527983,-0.415760920310147,0.));
#11016=DIRECTION('center_axis',(0.,0.,-1.));
#11017=DIRECTION('ref_axis',(0.90947394527983,-0.415760920310148,0.));
#11018=DIRECTION('',(0.462649865404905,-0.534747699425445,0.70710678118656));
#11019=DIRECTION('center_axis',(0.,0.,-1.));
#11020=DIRECTION('ref_axis',(-1.,0.,0.));
#11021=DIRECTION('center_axis',(0.,0.,1.));
#11022=DIRECTION('ref_axis',(-1.,0.,0.));
#11023=DIRECTION('',(0.595810337790924,-0.380801840044722,0.707106781186561));
#11024=DIRECTION('center_axis',(0.,0.,1.));
#11025=DIRECTION('ref_axis',(0.424270427878012,-0.905535534381842,0.));
#11026=DIRECTION('center_axis',(0.,0.,-1.));
#11027=DIRECTION('ref_axis',(0.424270427878012,-0.905535534381842,0.));
#11028=DIRECTION('',(-0.088710184296598,-0.701520137417358,0.707106781186543));
#11029=DIRECTION('center_axis',(0.0887101842965808,0.701520137417361,0.707106781186543));
#11030=DIRECTION('ref_axis',(0.992222194841771,0.,-0.124479380073079));
#11031=DIRECTION('',(-0.088710184296573,-0.701520137417359,0.707106781186545));
#11032=DIRECTION('',(-0.992099292613463,0.125455145752841,0.));
#11033=DIRECTION('center_axis',(0.,0.,1.));
#11034=DIRECTION('ref_axis',(0.,1.,0.));
#11035=DIRECTION('center_axis',(0.,0.,-1.));
#11036=DIRECTION('ref_axis',(0.,1.,0.));
#11037=DIRECTION('center_axis',(1.,0.,0.));
#11038=DIRECTION('ref_axis',(0.,-1.,0.));
#11039=DIRECTION('',(0.,0.,1.));
#11040=DIRECTION('',(0.,1.,0.));
#11041=DIRECTION('',(0.,0.,-1.));
#11042=DIRECTION('center_axis',(0.,0.,-1.));
#11043=DIRECTION('ref_axis',(0.866025403784436,0.500000000000005,0.));
#11044=DIRECTION('',(0.,0.,-1.));
#11045=DIRECTION('center_axis',(0.,0.,1.));
#11046=DIRECTION('ref_axis',(0.866025403784436,0.500000000000005,0.));
#11047=DIRECTION('center_axis',(0.,0.,-1.));
#11048=DIRECTION('ref_axis',(-1.,0.,0.));
#11049=DIRECTION('',(0.,0.,1.));
#11050=DIRECTION('center_axis',(0.,0.,-1.));
#11051=DIRECTION('ref_axis',(-1.,0.,0.));
#11052=DIRECTION('center_axis',(0.,0.,1.));
#11053=DIRECTION('ref_axis',(0.499999999999999,0.866025403784439,0.));
#11054=DIRECTION('',(0.,0.,-1.));
#11055=DIRECTION('center_axis',(0.,0.,1.));
#11056=DIRECTION('ref_axis',(0.499999999999999,0.866025403784439,0.));
#11057=DIRECTION('center_axis',(1.48029736616688E-16,1.,0.));
#11058=DIRECTION('ref_axis',(1.,-1.48029736616688E-16,0.));
#11059=DIRECTION('',(0.,0.,1.));
#11060=DIRECTION('',(-1.,1.48029736616688E-16,0.));
#11061=DIRECTION('center_axis',(-0.381601569295418,0.595298448100853,0.707106781186541));
#11062=DIRECTION('ref_axis',(0.880028213845143,0.,0.474921407010178));
#11063=DIRECTION('',(0.381601569295414,-0.595298448100827,0.707106781186565));
#11064=DIRECTION('',(-0.381601569295408,0.595298448100843,-0.707106781186554));
#11065=DIRECTION('',(-0.841879138963874,-0.539666114720432,0.));
#11066=DIRECTION('center_axis',(0.,0.,1.));
#11067=DIRECTION('ref_axis',(0.28117686696822,-0.959655964125653,0.));
#11068=DIRECTION('center_axis',(0.,0.,-1.));
#11069=DIRECTION('ref_axis',(0.28117686696822,-0.959655964125653,0.));
#11070=DIRECTION('',(0.,-0.707106781186553,0.707106781186542));
#11071=DIRECTION('center_axis',(0.,0.70710678118653,0.707106781186565));
#11072=DIRECTION('ref_axis',(1.,0.,0.));
#11073=DIRECTION('',(-1.,0.,0.));
#11074=DIRECTION('',(0.,-0.707106781186565,0.70710678118653));
#11075=DIRECTION('center_axis',(0.,0.,1.));
#11076=DIRECTION('ref_axis',(-0.251705518173582,-0.967803870689185,0.));
#11077=DIRECTION('center_axis',(0.,0.,-1.));
#11078=DIRECTION('ref_axis',(-0.251705518173582,-0.967803870689185,0.));
#11079=DIRECTION('',(-0.34450465084418,-0.617508336418802,0.707106781186557));
#11080=DIRECTION('center_axis',(0.344504650844176,0.617508336418807,0.707106781186554));
#11081=DIRECTION('ref_axis',(0.898981493242731,0.,-0.43798661487204));
#11082=DIRECTION('',(-0.344504650844196,-0.617508336418811,0.707106781186541));
#11083=DIRECTION('',(-0.873288664241933,0.487203149524447,0.));
#11084=DIRECTION('center_axis',(0.,0.,1.));
#11085=DIRECTION('ref_axis',(-0.862323358585531,-0.506358001060287,0.));
#11086=DIRECTION('center_axis',(0.,0.,-1.));
#11087=DIRECTION('ref_axis',(-0.862323358585531,-0.506358001060287,0.));
#11088=DIRECTION('',(-0.70710678118654,0.,0.707106781186555));
#11089=DIRECTION('center_axis',(0.707106781186555,0.,0.70710678118654));
#11090=DIRECTION('ref_axis',(0.70710678118654,0.,-0.707106781186555));
#11091=DIRECTION('',(-0.70710678118654,0.,0.707106781186555));
#11092=DIRECTION('',(0.,1.,0.));
#11093=DIRECTION('center_axis',(0.,0.,1.));
#11094=DIRECTION('ref_axis',(-0.661265776464784,0.750151699909043,0.));
#11095=DIRECTION('center_axis',(0.,0.,-1.));
#11096=DIRECTION('ref_axis',(-0.661265776464784,0.750151699909043,0.));
#11097=DIRECTION('',(0.0887101842965723,0.701520137417366,0.707106781186539));
#11098=DIRECTION('center_axis',(-0.0887101842965793,-0.701520137417348,
0.707106781186556));
#11099=DIRECTION('ref_axis',(0.992222194841772,0.,0.124479380073075));
#11100=DIRECTION('',(0.0887101842965473,0.701520137417367,0.707106781186541));
#11101=DIRECTION('',(0.992099292613463,-0.125455145752841,0.));
#11102=DIRECTION('center_axis',(0.,0.,1.));
#11103=DIRECTION('ref_axis',(0.539666114720437,-0.841879138963871,0.));
#11104=DIRECTION('center_axis',(0.,0.,-1.));
#11105=DIRECTION('ref_axis',(0.539666114720437,-0.841879138963871,0.));
#11106=DIRECTION('center_axis',(-0.487203149524447,-0.873288664241933,0.));
#11107=DIRECTION('ref_axis',(-0.873288664241933,0.487203149524447,0.));
#11108=DIRECTION('',(0.,0.,1.));
#11109=DIRECTION('',(0.873288664241933,-0.487203149524447,0.));
#11110=DIRECTION('',(0.,0.,-1.));
#11111=DIRECTION('center_axis',(0.,0.,1.));
#11112=DIRECTION('ref_axis',(-0.251705518173582,-0.967803870689185,0.));
#11113=DIRECTION('',(0.,0.,-1.));
#11114=DIRECTION('center_axis',(0.,0.,1.));
#11115=DIRECTION('ref_axis',(-0.251705518173582,-0.967803870689185,0.));
#11116=DIRECTION('center_axis',(0.,1.,0.));
#11117=DIRECTION('ref_axis',(1.,0.,0.));
#11118=DIRECTION('',(0.,0.,1.));
#11119=DIRECTION('',(1.,0.,0.));
#11120=DIRECTION('center_axis',(0.,0.,1.));
#11121=DIRECTION('ref_axis',(0.28117686696822,-0.959655964125653,0.));
#11122=DIRECTION('',(0.,0.,-1.));
#11123=DIRECTION('center_axis',(0.,0.,1.));
#11124=DIRECTION('ref_axis',(0.28117686696822,-0.959655964125653,0.));
#11125=DIRECTION('center_axis',(0.539666114720432,-0.841879138963874,0.));
#11126=DIRECTION('ref_axis',(-0.841879138963874,-0.539666114720432,0.));
#11127=DIRECTION('',(0.,0.,1.));
#11128=DIRECTION('',(0.841879138963874,0.539666114720432,0.));
#11129=DIRECTION('center_axis',(0.,0.,1.));
#11130=DIRECTION('ref_axis',(-0.176149252505535,0.984363469883834,0.));
#11131=DIRECTION('',(0.124556330947616,-0.696050084707187,-0.707106781186537));
#11132=DIRECTION('center_axis',(0.,0.,-1.));
#11133=DIRECTION('ref_axis',(-0.176149252505535,0.984363469883834,0.));
#11134=DIRECTION('',(0.45929285290434,-0.537633774302749,0.707106781186528));
#11135=DIRECTION('center_axis',(0.1245563309476,-0.696050084707178,0.707106781186549));
#11136=DIRECTION('ref_axis',(0.984837670860774,0.,-0.17347841956141));
#11137=DIRECTION('',(0.124556330947593,-0.696050084707183,-0.707106781186546));
#11138=DIRECTION('',(0.984363469883835,0.176149252505528,0.));
#11139=DIRECTION('center_axis',(0.,0.,1.));
#11140=DIRECTION('ref_axis',(-0.996083196797292,-0.0884209537275373,0.));
#11141=DIRECTION('',(0.,0.707106781186546,-0.707106781186549));
#11142=DIRECTION('center_axis',(0.,0.,-1.));
#11143=DIRECTION('ref_axis',(-0.996083196797292,-0.0884209537275373,0.));
#11144=DIRECTION('center_axis',(1.04672830578918E-16,0.707106781186542,
0.707106781186553));
#11145=DIRECTION('ref_axis',(1.,0.,-1.48029736616686E-16));
#11146=DIRECTION('',(0.,0.707106781186553,-0.707106781186542));
#11147=DIRECTION('',(-1.,1.48029736616688E-16,0.));
#11148=DIRECTION('center_axis',(0.,0.,1.));
#11149=DIRECTION('ref_axis',(0.499999999999999,-0.866025403784439,0.));
#11150=DIRECTION('',(-0.612372435695826,0.353553390593257,-0.707106781186529));
#11151=DIRECTION('center_axis',(0.,0.,-1.));
#11152=DIRECTION('ref_axis',(0.499999999999999,-0.866025403784439,0.));
#11153=DIRECTION('center_axis',(0.,0.,-1.));
#11154=DIRECTION('ref_axis',(-1.,0.,0.));
#11155=DIRECTION('',(0.235958080026496,0.666576165543149,-0.707106781186549));
#11156=DIRECTION('center_axis',(0.,0.,1.));
#11157=DIRECTION('ref_axis',(-1.,0.,0.));
#11158=DIRECTION('center_axis',(0.,0.,1.));
#11159=DIRECTION('ref_axis',(0.182352078457001,-0.983233298603344,0.));
#11160=DIRECTION('',(-0.459292852904343,0.53763377430274,-0.707106781186533));
#11161=DIRECTION('center_axis',(0.,0.,-1.));
#11162=DIRECTION('ref_axis',(0.182352078457001,-0.983233298603344,0.));
#11163=DIRECTION('center_axis',(-0.459292852904316,0.537633774302713,0.707106781186572));
#11164=DIRECTION('ref_axis',(0.838620541316058,0.,0.544716061524498));
#11165=DIRECTION('',(-0.760328975208758,-0.649538181678337,0.));
#11166=DIRECTION('center_axis',(0.,0.,-1.));
#11167=DIRECTION('ref_axis',(-1.,0.,0.));
#11168=DIRECTION('',(0.,0.,1.));
#11169=DIRECTION('center_axis',(0.,0.,-1.));
#11170=DIRECTION('ref_axis',(-1.,0.,0.));
#11171=DIRECTION('',(0.,0.,-1.));
#11172=DIRECTION('center_axis',(0.,0.,1.));
#11173=DIRECTION('ref_axis',(0.182352078457001,-0.983233298603344,0.));
#11174=DIRECTION('',(0.,0.,-1.));
#11175=DIRECTION('center_axis',(0.,0.,1.));
#11176=DIRECTION('ref_axis',(0.182352078457001,-0.983233298603344,0.));
#11177=DIRECTION('center_axis',(-0.649538181678337,0.760328975208758,0.));
#11178=DIRECTION('ref_axis',(0.760328975208758,0.649538181678337,0.));
#11179=DIRECTION('',(0.,0.,1.));
#11180=DIRECTION('',(0.760328975208758,0.649538181678337,0.));
#11181=DIRECTION('center_axis',(0.,0.,-1.));
#11182=DIRECTION('ref_axis',(-0.176149252505535,0.984363469883834,0.));
#11183=DIRECTION('',(0.,0.,-1.));
#11184=DIRECTION('center_axis',(0.,0.,1.));
#11185=DIRECTION('ref_axis',(-0.176149252505535,0.984363469883834,0.));
#11186=DIRECTION('center_axis',(0.,0.,1.));
#11187=DIRECTION('ref_axis',(0.937790846168772,0.347200703976906,0.));
#11188=DIRECTION('',(-0.663118266660608,-0.245507972214807,-0.70710678118655));
#11189=DIRECTION('center_axis',(0.,0.,-1.));
#11190=DIRECTION('ref_axis',(0.937790846168772,0.347200703976906,0.));
#11191=DIRECTION('',(-0.344504650844152,-0.617508336418822,0.707106781186552));
#11192=DIRECTION('center_axis',(-0.663118266660613,-0.245507972214813,0.707106781186544));
#11193=DIRECTION('ref_axis',(0.729431339779434,0.,0.684054033353784));
#11194=DIRECTION('',(-0.663118266660608,-0.245507972214807,-0.707106781186551));
#11195=DIRECTION('',(0.347200703976904,-0.937790846168773,0.));
#11196=DIRECTION('center_axis',(0.,0.,1.));
#11197=DIRECTION('ref_axis',(0.937790846168772,0.347200703976906,0.));
#11198=DIRECTION('',(0.707106781186553,0.,-0.707106781186542));
#11199=DIRECTION('center_axis',(0.,0.,-1.));
#11200=DIRECTION('ref_axis',(0.937790846168772,0.347200703976906,0.));
#11201=DIRECTION('center_axis',(0.707106781186518,0.,0.707106781186577));
#11202=DIRECTION('ref_axis',(0.707106781186577,0.,-0.707106781186518));
#11203=DIRECTION('',(0.707106781186577,0.,-0.707106781186518));
#11204=DIRECTION('',(0.,1.,0.));
#11205=DIRECTION('center_axis',(0.,0.,1.));
#11206=DIRECTION('ref_axis',(-0.862323358585526,-0.506358001060296,0.));
#11207=DIRECTION('',(0.344504650844191,0.617508336418827,-0.707106781186529));
#11208=DIRECTION('center_axis',(0.,0.,-1.));
#11209=DIRECTION('ref_axis',(-0.862323358585526,-0.506358001060296,0.));
#11210=DIRECTION('center_axis',(0.344504650844176,0.617508336418807,0.707106781186554));
#11211=DIRECTION('ref_axis',(0.898981493242731,0.,-0.43798661487204));
#11212=DIRECTION('',(-0.873288664241933,0.487203149524447,0.));
#11213=DIRECTION('center_axis',(0.,0.,-1.));
#11214=DIRECTION('ref_axis',(-0.862323358585526,-0.506358001060296,0.));
#11215=DIRECTION('',(0.,0.,-1.));
#11216=DIRECTION('center_axis',(0.,0.,1.));
#11217=DIRECTION('ref_axis',(-0.862323358585526,-0.506358001060296,0.));
#11218=DIRECTION('',(0.,0.,1.));
#11219=DIRECTION('center_axis',(-0.487203149524447,-0.873288664241933,0.));
#11220=DIRECTION('ref_axis',(-0.873288664241933,0.487203149524447,0.));
#11221=DIRECTION('',(0.,0.,1.));
#11222=DIRECTION('',(0.873288664241933,-0.487203149524447,0.));
#11223=DIRECTION('center_axis',(0.,0.,-1.));
#11224=DIRECTION('ref_axis',(0.937790846168772,0.347200703976906,0.));
#11225=DIRECTION('',(0.,0.,-1.));
#11226=DIRECTION('center_axis',(0.,0.,1.));
#11227=DIRECTION('ref_axis',(0.937790846168772,0.347200703976906,0.));
#11228=DIRECTION('center_axis',(-0.707106781186568,0.,0.707106781186527));
#11229=DIRECTION('ref_axis',(0.707106781186527,0.,0.707106781186568));
#11230=DIRECTION('',(0.707106781186527,0.,0.707106781186568));
#11231=DIRECTION('',(-0.707106781186527,0.,-0.707106781186568));
#11232=DIRECTION('',(0.,-1.,0.));
#11233=DIRECTION('center_axis',(0.,0.,1.));
#11234=DIRECTION('ref_axis',(0.707106781186554,-0.707106781186541,0.));
#11235=DIRECTION('center_axis',(0.,0.,-1.));
#11236=DIRECTION('ref_axis',(0.707106781186554,-0.707106781186541,0.));
#11237=DIRECTION('',(0.,-0.707106781186565,0.70710678118653));
#11238=DIRECTION('center_axis',(0.,0.70710678118653,0.707106781186565));
#11239=DIRECTION('ref_axis',(1.,0.,0.));
#11240=DIRECTION('',(-1.,0.,0.));
#11241=DIRECTION('',(0.,-0.707106781186565,0.70710678118653));
#11242=DIRECTION('center_axis',(0.,0.,1.));
#11243=DIRECTION('ref_axis',(-0.959655964125647,-0.281176866968239,0.));
#11244=DIRECTION('center_axis',(0.,0.,-1.));
#11245=DIRECTION('ref_axis',(-0.959655964125647,-0.281176866968239,0.));
#11246=DIRECTION('',(-0.38160156929544,0.595298448100865,0.707106781186519));
#11247=DIRECTION('center_axis',(0.381601569295424,-0.595298448100861,0.707106781186531));
#11248=DIRECTION('ref_axis',(0.880028213845137,0.,-0.474921407010189));
#11249=DIRECTION('',(0.841879138963874,0.539666114720432,0.));
#11250=DIRECTION('',(-0.38160156929542,0.595298448100811,0.707106781186575));
#11251=DIRECTION('center_axis',(0.,0.,1.));
#11252=DIRECTION('ref_axis',(1.,0.,0.));
#11253=DIRECTION('center_axis',(0.,0.,-1.));
#11254=DIRECTION('ref_axis',(1.,0.,0.));
#11255=DIRECTION('center_axis',(0.,1.,0.));
#11256=DIRECTION('ref_axis',(1.,0.,0.));
#11257=DIRECTION('',(0.,0.,1.));
#11258=DIRECTION('',(1.,0.,0.));
#11259=DIRECTION('',(0.,0.,-1.));
#11260=DIRECTION('center_axis',(0.,0.,1.));
#11261=DIRECTION('ref_axis',(0.707106781186554,-0.707106781186541,0.));
#11262=DIRECTION('',(0.,0.,-1.));
#11263=DIRECTION('center_axis',(0.,0.,1.));
#11264=DIRECTION('ref_axis',(0.707106781186554,-0.707106781186541,0.));
#11265=DIRECTION('center_axis',(1.,0.,0.));
#11266=DIRECTION('ref_axis',(0.,-1.,0.));
#11267=DIRECTION('',(0.,0.,1.));
#11268=DIRECTION('',(0.,1.,0.));
#11269=DIRECTION('center_axis',(0.,0.,1.));
#11270=DIRECTION('ref_axis',(-0.526782687642653,0.84999999999999,0.));
#11271=DIRECTION('center_axis',(0.,0.,-1.));
#11272=DIRECTION('ref_axis',(-0.526782687642653,0.84999999999999,0.));
#11273=DIRECTION('',(0.,0.707106781186553,0.707106781186542));
#11274=DIRECTION('center_axis',(0.,0.,1.));
#11275=DIRECTION('ref_axis',(-0.813941029804979,-0.580947501931122,0.));
#11276=DIRECTION('',(0.,0.707106781186565,-0.70710678118653));
#11277=DIRECTION('center_axis',(0.,0.,-1.));
#11278=DIRECTION('ref_axis',(-0.813941029804979,-0.580947501931122,0.));
#11279=DIRECTION('center_axis',(0.,0.707106781186555,0.70710678118654));
#11280=DIRECTION('ref_axis',(1.,0.,0.));
#11281=DIRECTION('',(0.,0.70710678118654,-0.707106781186555));
#11282=DIRECTION('',(-1.,0.,0.));
#11283=DIRECTION('center_axis',(0.,0.,1.));
#11284=DIRECTION('ref_axis',(0.813941029804996,-0.580947501931097,0.));
#11285=DIRECTION('center_axis',(0.,0.,-1.));
#11286=DIRECTION('ref_axis',(0.813941029804996,-0.580947501931097,0.));
#11287=DIRECTION('center_axis',(0.,-0.707106781186542,0.707106781186553));
#11288=DIRECTION('ref_axis',(1.,0.,0.));
#11289=DIRECTION('',(1.,0.,0.));
#11290=DIRECTION('',(0.,0.707106781186553,0.707106781186542));
#11291=DIRECTION('center_axis',(0.,0.,1.));
#11292=DIRECTION('ref_axis',(0.526782687642642,0.849999999999997,0.));
#11293=DIRECTION('center_axis',(0.,0.,-1.));
#11294=DIRECTION('ref_axis',(0.526782687642642,0.849999999999997,0.));
#11295=DIRECTION('center_axis',(0.,0.,1.));
#11296=DIRECTION('ref_axis',(0.526782687642642,0.849999999999997,0.));
#11297=DIRECTION('',(0.,0.,-1.));
#11298=DIRECTION('center_axis',(0.,0.,1.));
#11299=DIRECTION('ref_axis',(0.526782687642642,0.849999999999997,0.));
#11300=DIRECTION('',(0.,0.,-1.));
#11301=DIRECTION('center_axis',(0.,-1.,0.));
#11302=DIRECTION('ref_axis',(-1.,0.,0.));
#11303=DIRECTION('',(0.,0.,1.));
#11304=DIRECTION('',(-1.,0.,0.));
#11305=DIRECTION('center_axis',(0.,0.,-1.));
#11306=DIRECTION('ref_axis',(-0.526782687642653,0.84999999999999,0.));
#11307=DIRECTION('',(0.,0.,1.));
#11308=DIRECTION('center_axis',(0.,0.,1.));
#11309=DIRECTION('ref_axis',(-0.526782687642653,0.84999999999999,0.));
#11310=DIRECTION('center_axis',(0.,0.707106781186543,0.707106781186552));
#11311=DIRECTION('ref_axis',(1.,0.,0.));
#11312=DIRECTION('',(0.,-0.707106781186552,0.707106781186543));
#11313=DIRECTION('',(0.,0.707106781186552,-0.707106781186543));
#11314=DIRECTION('',(-1.,0.,0.));
#11315=DIRECTION('center_axis',(0.,0.,1.));
#11316=DIRECTION('ref_axis',(-0.959655964125658,-0.281176866968202,0.));
#11317=DIRECTION('center_axis',(0.,0.,-1.));
#11318=DIRECTION('ref_axis',(-0.959655964125658,-0.281176866968202,0.));
#11319=DIRECTION('',(-0.381601569295387,0.595298448100849,0.707106781186561));
#11320=DIRECTION('center_axis',(0.381601569295424,-0.595298448100861,0.707106781186531));
#11321=DIRECTION('ref_axis',(0.880028213845137,0.,-0.474921407010189));
#11322=DIRECTION('',(0.841879138963874,0.539666114720432,0.));
#11323=DIRECTION('',(-0.381601569295414,0.595298448100827,0.707106781186564));
#11324=DIRECTION('center_axis',(0.,0.,1.));
#11325=DIRECTION('ref_axis',(-0.0305733584814859,0.999532525609428,0.));
#11326=DIRECTION('center_axis',(0.,0.,-1.));
#11327=DIRECTION('ref_axis',(-0.0305733584814859,0.999532525609428,0.));
#11328=DIRECTION('',(0.344504650844191,0.617508336418827,0.707106781186529));
#11329=DIRECTION('center_axis',(-0.344504650844171,-0.617508336418797,0.707106781186565));
#11330=DIRECTION('ref_axis',(0.898981493242737,0.,0.437986614872029));
#11331=DIRECTION('',(0.344504650844191,0.617508336418827,0.70710678118653));
#11332=DIRECTION('',(0.873288664241933,-0.487203149524447,0.));
#11333=DIRECTION('center_axis',(0.,0.,1.));
#11334=DIRECTION('ref_axis',(0.487203149524442,0.873288664241935,0.));
#11335=DIRECTION('center_axis',(0.,0.,-1.));
#11336=DIRECTION('ref_axis',(0.487203149524442,0.873288664241936,0.));
#11337=DIRECTION('',(0.535874166526862,-0.46134464085876,0.707106781186578));
#11338=DIRECTION('center_axis',(0.,0.,-1.));
#11339=DIRECTION('ref_axis',(-1.,0.,0.));
#11340=DIRECTION('center_axis',(0.,0.,1.));
#11341=DIRECTION('ref_axis',(-1.,0.,0.));
#11342=DIRECTION('',(0.612372435695791,-0.353553390593279,0.707106781186548));
#11343=DIRECTION('center_axis',(0.,0.,1.));
#11344=DIRECTION('ref_axis',(0.500000000000001,-0.866025403784438,0.));
#11345=DIRECTION('center_axis',(0.,0.,-1.));
#11346=DIRECTION('ref_axis',(0.500000000000002,-0.866025403784438,0.));
#11347=DIRECTION('center_axis',(0.,0.,1.));
#11348=DIRECTION('ref_axis',(-0.0305733584814859,0.999532525609428,0.));
#11349=DIRECTION('',(0.,0.,-1.));
#11350=DIRECTION('center_axis',(0.,0.,1.));
#11351=DIRECTION('ref_axis',(-0.0305733584814859,0.999532525609428,0.));
#11352=DIRECTION('',(0.,0.,1.));
#11353=DIRECTION('center_axis',(0.539666114720432,-0.841879138963874,0.));
#11354=DIRECTION('ref_axis',(-0.841879138963874,-0.539666114720432,0.));
#11355=DIRECTION('',(0.,0.,1.));
#11356=DIRECTION('',(-0.841879138963874,-0.539666114720432,0.));
#11357=DIRECTION('center_axis',(0.,0.,-1.));
#11358=DIRECTION('ref_axis',(-0.959655964125658,-0.281176866968202,0.));
#11359=DIRECTION('',(0.,0.,-1.));
#11360=DIRECTION('center_axis',(0.,0.,1.));
#11361=DIRECTION('ref_axis',(-0.959655964125658,-0.281176866968202,0.));
#11362=DIRECTION('center_axis',(0.,-1.,0.));
#11363=DIRECTION('ref_axis',(-1.,0.,0.));
#11364=DIRECTION('',(0.,0.,1.));
#11365=DIRECTION('',(1.,0.,0.));
#11366=DIRECTION('center_axis',(0.707106781186555,0.,0.70710678118654));
#11367=DIRECTION('ref_axis',(0.70710678118654,0.,-0.707106781186555));
#11368=DIRECTION('',(-0.70710678118654,0.,0.707106781186555));
#11369=DIRECTION('',(0.70710678118654,0.,-0.707106781186555));
#11370=DIRECTION('',(0.,1.,0.));
#11371=DIRECTION('center_axis',(0.,0.,1.));
#11372=DIRECTION('ref_axis',(-0.506358001060306,0.86232335858552,0.));
#11373=DIRECTION('center_axis',(0.,0.,-1.));
#11374=DIRECTION('ref_axis',(-0.506358001060306,0.86232335858552,0.));
#11375=DIRECTION('',(0.344504650844186,0.617508336418843,0.707106781186518));
#11376=DIRECTION('center_axis',(-0.344504650844171,-0.617508336418797,0.707106781186565));
#11377=DIRECTION('ref_axis',(0.898981493242737,0.,0.437986614872029));
#11378=DIRECTION('',(0.344504650844191,0.617508336418827,0.70710678118653));
#11379=DIRECTION('',(0.873288664241933,-0.487203149524447,0.));
#11380=DIRECTION('center_axis',(0.,0.,1.));
#11381=DIRECTION('ref_axis',(0.967803870689188,-0.251705518173569,0.));
#11382=DIRECTION('center_axis',(0.,0.,-1.));
#11383=DIRECTION('ref_axis',(0.967803870689188,-0.251705518173569,0.));
#11384=DIRECTION('',(0.,-0.707106781186553,0.707106781186542));
#11385=DIRECTION('center_axis',(0.,0.70710678118653,0.707106781186565));
#11386=DIRECTION('ref_axis',(1.,0.,0.));
#11387=DIRECTION('',(-1.,0.,0.));
#11388=DIRECTION('',(0.,-0.707106781186565,0.70710678118653));
#11389=DIRECTION('center_axis',(0.,0.,1.));
#11390=DIRECTION('ref_axis',(-0.707106781186541,-0.707106781186554,0.));
#11391=DIRECTION('center_axis',(0.,0.,-1.));
#11392=DIRECTION('ref_axis',(-0.707106781186541,-0.707106781186554,0.));
#11393=DIRECTION('center_axis',(-0.487203149524447,-0.873288664241933,0.));
#11394=DIRECTION('ref_axis',(-0.873288664241933,0.487203149524447,0.));
#11395=DIRECTION('',(0.,0.,1.));
#11396=DIRECTION('',(-0.873288664241933,0.487203149524447,0.));
#11397=DIRECTION('',(0.,0.,-1.));
#11398=DIRECTION('center_axis',(0.,0.,1.));
#11399=DIRECTION('ref_axis',(-0.506358001060306,0.86232335858552,0.));
#11400=DIRECTION('',(0.,0.,-1.));
#11401=DIRECTION('center_axis',(0.,0.,1.));
#11402=DIRECTION('ref_axis',(-0.506358001060306,0.86232335858552,0.));
#11403=DIRECTION('center_axis',(-1.,0.,0.));
#11404=DIRECTION('ref_axis',(0.,1.,0.));
#11405=DIRECTION('',(0.,0.,1.));
#11406=DIRECTION('',(0.,-1.,0.));
#11407=DIRECTION('center_axis',(0.,-0.707106781186543,0.707106781186552));
#11408=DIRECTION('ref_axis',(1.,0.,0.));
#11409=DIRECTION('',(0.,0.707106781186552,0.707106781186543));
#11410=DIRECTION('',(0.,-0.707106781186552,-0.707106781186543));
#11411=DIRECTION('',(1.,0.,0.));
#11412=DIRECTION('center_axis',(0.,0.,1.));
#11413=DIRECTION('ref_axis',(0.959655964125639,0.281176866968268,0.));
#11414=DIRECTION('center_axis',(0.,0.,-1.));
#11415=DIRECTION('ref_axis',(0.959655964125638,0.281176866968268,0.));
#11416=DIRECTION('',(0.381601569295424,-0.595298448100854,0.707106781186536));
#11417=DIRECTION('center_axis',(-0.381601569295418,0.595298448100853,0.707106781186541));
#11418=DIRECTION('ref_axis',(0.880028213845143,0.,0.474921407010178));
#11419=DIRECTION('',(0.381601569295393,-0.595298448100833,0.707106781186571));
#11420=DIRECTION('',(-0.841879138963874,-0.539666114720432,0.));
#11421=DIRECTION('center_axis',(0.,0.,1.));
#11422=DIRECTION('ref_axis',(0.0305733584814963,-0.999532525609428,0.));
#11423=DIRECTION('center_axis',(0.,0.,-1.));
#11424=DIRECTION('ref_axis',(0.0305733584814963,-0.999532525609428,0.));
#11425=DIRECTION('',(-0.344504650844191,-0.617508336418827,0.707106781186529));
#11426=DIRECTION('center_axis',(0.344504650844176,0.617508336418807,0.707106781186554));
#11427=DIRECTION('ref_axis',(0.898981493242731,0.,-0.43798661487204));
#11428=DIRECTION('',(-0.344504650844196,-0.617508336418811,0.707106781186541));
#11429=DIRECTION('',(-0.873288664241933,0.487203149524447,0.));
#11430=DIRECTION('center_axis',(0.,0.,1.));
#11431=DIRECTION('ref_axis',(-0.967803870689184,0.251705518173585,0.));
#11432=DIRECTION('center_axis',(0.,0.,-1.));
#11433=DIRECTION('ref_axis',(-0.967803870689184,0.251705518173585,0.));
#11434=DIRECTION('center_axis',(0.539666114720432,-0.841879138963874,0.));
#11435=DIRECTION('ref_axis',(-0.841879138963874,-0.539666114720432,0.));
#11436=DIRECTION('',(0.,0.,1.));
#11437=DIRECTION('',(0.841879138963874,0.539666114720432,0.));
#11438=DIRECTION('',(0.,0.,-1.));
#11439=DIRECTION('center_axis',(0.,0.,-1.));
#11440=DIRECTION('ref_axis',(0.959655964125639,0.281176866968268,0.));
#11441=DIRECTION('',(0.,0.,-1.));
#11442=DIRECTION('center_axis',(0.,0.,1.));
#11443=DIRECTION('ref_axis',(0.959655964125638,0.281176866968268,0.));
#11444=DIRECTION('center_axis',(0.,1.,0.));
#11445=DIRECTION('ref_axis',(1.,0.,0.));
#11446=DIRECTION('',(0.,0.,1.));
#11447=DIRECTION('',(-1.,0.,0.));
#11448=DIRECTION('center_axis',(0.344504650844176,0.617508336418807,0.707106781186554));
#11449=DIRECTION('ref_axis',(0.898981493242731,0.,-0.43798661487204));
#11450=DIRECTION('',(-0.344504650844196,-0.617508336418811,0.707106781186541));
#11451=DIRECTION('',(0.344504650844196,0.617508336418811,-0.707106781186541));
#11452=DIRECTION('',(-0.873288664241933,0.487203149524447,0.));
#11453=DIRECTION('center_axis',(0.,0.,1.));
#11454=DIRECTION('ref_axis',(-0.999532525609429,-0.0305733584814813,0.));
#11455=DIRECTION('center_axis',(0.,0.,-1.));
#11456=DIRECTION('ref_axis',(-0.999532525609429,-0.0305733584814813,0.));
#11457=DIRECTION('',(-0.381601569295424,0.595298448100854,0.707106781186536));
#11458=DIRECTION('center_axis',(0.381601569295424,-0.595298448100861,0.707106781186531));
#11459=DIRECTION('ref_axis',(0.880028213845137,0.,-0.474921407010189));
#11460=DIRECTION('',(0.841879138963874,0.539666114720432,0.));
#11461=DIRECTION('',(-0.38160156929542,0.595298448100811,0.707106781186575));
#11462=DIRECTION('center_axis',(0.,0.,1.));
#11463=DIRECTION('ref_axis',(-0.28117686696822,0.959655964125653,0.));
#11464=DIRECTION('center_axis',(0.,0.,-1.));
#11465=DIRECTION('ref_axis',(-0.28117686696822,0.959655964125653,0.));
#11466=DIRECTION('',(0.,0.707106781186553,0.707106781186542));
#11467=DIRECTION('center_axis',(0.,-0.707106781186543,0.707106781186552));
#11468=DIRECTION('ref_axis',(1.,0.,0.));
#11469=DIRECTION('',(0.,0.707106781186552,0.707106781186543));
#11470=DIRECTION('',(1.,0.,0.));
#11471=DIRECTION('center_axis',(0.,0.,1.));
#11472=DIRECTION('ref_axis',(0.707106781186554,0.707106781186541,0.));
#11473=DIRECTION('center_axis',(0.,0.,-1.));
#11474=DIRECTION('ref_axis',(0.707106781186554,0.707106781186541,0.));
#11475=DIRECTION('',(0.707106781186578,0.,0.707106781186517));
#11476=DIRECTION('center_axis',(-0.707106781186568,0.,0.707106781186527));
#11477=DIRECTION('ref_axis',(0.707106781186527,0.,0.707106781186568));
#11478=DIRECTION('',(0.707106781186527,0.,0.707106781186568));
#11479=DIRECTION('',(0.,-1.,0.));
#11480=DIRECTION('center_axis',(0.,0.,1.));
#11481=DIRECTION('ref_axis',(0.506358001060288,-0.862323358585531,0.));
#11482=DIRECTION('center_axis',(0.,0.,-1.));
#11483=DIRECTION('ref_axis',(0.506358001060288,-0.862323358585531,0.));
#11484=DIRECTION('center_axis',(0.,0.,1.));
#11485=DIRECTION('ref_axis',(-0.28117686696822,0.959655964125653,0.));
#11486=DIRECTION('',(0.,0.,-1.));
#11487=DIRECTION('center_axis',(0.,0.,1.));
#11488=DIRECTION('ref_axis',(-0.28117686696822,0.959655964125653,0.));
#11489=DIRECTION('',(0.,0.,1.));
#11490=DIRECTION('center_axis',(0.539666114720432,-0.841879138963874,0.));
#11491=DIRECTION('ref_axis',(-0.841879138963874,-0.539666114720432,0.));
#11492=DIRECTION('',(0.,0.,1.));
#11493=DIRECTION('',(-0.841879138963874,-0.539666114720432,0.));
#11494=DIRECTION('center_axis',(0.,0.,-1.));
#11495=DIRECTION('ref_axis',(-0.999532525609429,-0.0305733584814813,0.));
#11496=DIRECTION('',(0.,0.,-1.));
#11497=DIRECTION('center_axis',(0.,0.,1.));
#11498=DIRECTION('ref_axis',(-0.999532525609429,-0.0305733584814813,0.));
#11499=DIRECTION('center_axis',(-0.487203149524447,-0.873288664241933,0.));
#11500=DIRECTION('ref_axis',(-0.873288664241933,0.487203149524447,0.));
#11501=DIRECTION('',(0.,0.,1.));
#11502=DIRECTION('',(0.873288664241933,-0.487203149524447,0.));
#11503=DIRECTION('center_axis',(0.707106781186555,0.,0.70710678118654));
#11504=DIRECTION('ref_axis',(0.70710678118654,0.,-0.707106781186555));
#11505=DIRECTION('',(-0.70710678118654,0.,0.707106781186555));
#11506=DIRECTION('',(0.70710678118654,0.,-0.707106781186555));
#11507=DIRECTION('',(0.,1.,0.));
#11508=DIRECTION('center_axis',(0.,0.,1.));
#11509=DIRECTION('ref_axis',(-0.707106781186541,0.707106781186554,0.));
#11510=DIRECTION('center_axis',(0.,0.,-1.));
#11511=DIRECTION('ref_axis',(-0.707106781186541,0.707106781186554,0.));
#11512=DIRECTION('',(0.,0.707106781186553,0.707106781186542));
#11513=DIRECTION('center_axis',(0.,-0.707106781186543,0.707106781186552));
#11514=DIRECTION('ref_axis',(1.,0.,0.));
#11515=DIRECTION('',(0.,0.707106781186552,0.707106781186543));
#11516=DIRECTION('',(1.,0.,0.));
#11517=DIRECTION('center_axis',(0.,0.,1.));
#11518=DIRECTION('ref_axis',(0.251705518173591,0.967803870689183,0.));
#11519=DIRECTION('center_axis',(0.,0.,-1.));
#11520=DIRECTION('ref_axis',(0.251705518173591,0.967803870689183,0.));
#11521=DIRECTION('',(0.344504650844202,0.617508336418796,0.707106781186551));
#11522=DIRECTION('center_axis',(-0.344504650844171,-0.617508336418797,0.707106781186565));
#11523=DIRECTION('ref_axis',(0.898981493242737,0.,0.437986614872029));
#11524=DIRECTION('',(0.344504650844191,0.617508336418827,0.70710678118653));
#11525=DIRECTION('',(0.873288664241933,-0.487203149524447,0.));
#11526=DIRECTION('center_axis',(0.,0.,1.));
#11527=DIRECTION('ref_axis',(0.999532525609429,0.030573358481464,0.));
#11528=DIRECTION('center_axis',(0.,0.,-1.));
#11529=DIRECTION('ref_axis',(0.999532525609429,0.030573358481464,0.));
#11530=DIRECTION('',(0.381601569295409,-0.595298448100844,0.707106781186554));
#11531=DIRECTION('center_axis',(-0.381601569295418,0.595298448100853,0.707106781186541));
#11532=DIRECTION('ref_axis',(0.880028213845143,0.,0.474921407010178));
#11533=DIRECTION('',(0.381601569295414,-0.595298448100827,0.707106781186565));
#11534=DIRECTION('',(-0.841879138963874,-0.539666114720432,0.));
#11535=DIRECTION('center_axis',(0.,0.,1.));
#11536=DIRECTION('ref_axis',(-0.062894538903304,-0.998020178641765,0.));
#11537=DIRECTION('center_axis',(0.,0.,-1.));
#11538=DIRECTION('ref_axis',(-0.062894538903304,-0.998020178641765,0.));
#11539=DIRECTION('',(-0.453316338806834,-0.54268250107294,0.707106781186538));
#11540=DIRECTION('center_axis',(0.,0.,-1.));
#11541=DIRECTION('ref_axis',(1.,0.,0.));
#11542=DIRECTION('center_axis',(0.,0.,1.));
#11543=DIRECTION('ref_axis',(1.,0.,0.));
#11544=DIRECTION('',(-0.353553390593257,-0.612372435695797,0.707106781186554));
#11545=DIRECTION('center_axis',(0.,0.,1.));
#11546=DIRECTION('ref_axis',(-0.866025403784436,-0.500000000000005,0.));
#11547=DIRECTION('center_axis',(0.,0.,-1.));
#11548=DIRECTION('ref_axis',(-0.866025403784436,-0.500000000000005,0.));
#11549=DIRECTION('center_axis',(-0.487203149524447,-0.873288664241933,0.));
#11550=DIRECTION('ref_axis',(-0.873288664241933,0.487203149524447,0.));
#11551=DIRECTION('',(0.,0.,1.));
#11552=DIRECTION('',(-0.873288664241933,0.487203149524447,0.));
#11553=DIRECTION('',(0.,0.,-1.));
#11554=DIRECTION('center_axis',(0.,0.,1.));
#11555=DIRECTION('ref_axis',(0.251705518173591,0.967803870689183,0.));
#11556=DIRECTION('',(0.,0.,-1.));
#11557=DIRECTION('center_axis',(0.,0.,1.));
#11558=DIRECTION('ref_axis',(0.251705518173591,0.967803870689183,0.));
#11559=DIRECTION('center_axis',(0.,1.,0.));
#11560=DIRECTION('ref_axis',(1.,0.,0.));
#11561=DIRECTION('',(0.,0.,1.));
#11562=DIRECTION('',(-1.,0.,0.));
#11563=DIRECTION('center_axis',(0.,0.,1.));
#11564=DIRECTION('ref_axis',(-0.707106781186541,0.707106781186554,0.));
#11565=DIRECTION('',(0.,0.,-1.));
#11566=DIRECTION('center_axis',(0.,0.,1.));
#11567=DIRECTION('ref_axis',(-0.707106781186541,0.707106781186554,0.));
#11568=DIRECTION('center_axis',(-1.,0.,0.));
#11569=DIRECTION('ref_axis',(0.,1.,0.));
#11570=DIRECTION('',(0.,0.,1.));
#11571=DIRECTION('',(0.,-1.,0.));
#11572=DIRECTION('center_axis',(0.,0.,1.));
#11573=DIRECTION('ref_axis',(-0.997866616070731,-0.0652856533363,0.));
#11574=DIRECTION('',(-0.60910804205527,0.359148149241481,-0.707106781186557));
#11575=DIRECTION('center_axis',(0.,0.,-1.));
#11576=DIRECTION('ref_axis',(-0.997866616070731,-0.0652856533363001,0.));
#11577=DIRECTION('center_axis',(-0.609108042055292,0.35914814924149,0.707106781186534));
#11578=DIRECTION('ref_axis',(0.757657247118152,0.,0.652652660983883));
#11579=DIRECTION('',(-0.609108042055275,0.359148149241459,-0.707106781186564));
#11580=DIRECTION('',(-0.507912183558502,-0.861408854025099,0.));
#11581=DIRECTION('center_axis',(0.,0.,1.));
#11582=DIRECTION('ref_axis',(0.642908395222881,0.765943075790845,0.));
#11583=DIRECTION('',(0.459292852904377,-0.537633774302746,-0.707106781186507));
#11584=DIRECTION('center_axis',(0.,0.,-1.));
#11585=DIRECTION('ref_axis',(0.642908395222881,0.765943075790845,0.));
#11586=DIRECTION('center_axis',(0.459292852904323,-0.53763377430272,0.707106781186562));
#11587=DIRECTION('ref_axis',(0.838620541316051,0.,-0.544716061524509));
#11588=DIRECTION('',(0.45929285290434,-0.537633774302749,-0.707106781186529));
#11589=DIRECTION('',(0.760328975208758,0.649538181678337,0.));
#11590=DIRECTION('center_axis',(0.,0.,1.));
#11591=DIRECTION('ref_axis',(-0.942681053665771,0.333695116925004,0.));
#11592=DIRECTION('',(0.69525093293082,0.128942391240401,-0.70710678118657));
#11593=DIRECTION('center_axis',(0.,0.,-1.));
#11594=DIRECTION('ref_axis',(-0.942681053665771,0.333695116925004,0.));
#11595=DIRECTION('center_axis',(0.,0.,-1.));
#11596=DIRECTION('ref_axis',(1.,0.,0.));
#11597=DIRECTION('center_axis',(0.,0.,1.));
#11598=DIRECTION('ref_axis',(1.,0.,0.));
#11599=DIRECTION('center_axis',(0.,0.,-1.));
#11600=DIRECTION('ref_axis',(-0.942681053665771,0.333695116925004,0.));
#11601=DIRECTION('',(0.,0.,-1.));
#11602=DIRECTION('center_axis',(0.,0.,1.));
#11603=DIRECTION('ref_axis',(-0.942681053665771,0.333695116925004,0.));
#11604=DIRECTION('',(0.,0.,1.));
#11605=DIRECTION('center_axis',(0.,0.,-1.));
#11606=DIRECTION('ref_axis',(0.843317842039234,-0.53741512566943,0.));
#11607=DIRECTION('',(0.,0.,1.));
#11608=DIRECTION('center_axis',(0.,0.,-1.));
#11609=DIRECTION('ref_axis',(1.,0.,0.));
#11610=DIRECTION('center_axis',(0.,0.,1.));
#11611=DIRECTION('ref_axis',(-0.997866616070731,-0.0652856533363,0.));
#11612=DIRECTION('',(0.,0.,-1.));
#11613=DIRECTION('center_axis',(0.,0.,1.));
#11614=DIRECTION('ref_axis',(-0.997866616070731,-0.0652856533363001,0.));
#11615=DIRECTION('center_axis',(0.,0.,1.));
#11616=DIRECTION('ref_axis',(-1.,0.,0.));
#11617=DIRECTION('',(-0.707106781186553,-8.659560562355E-17,-0.707106781186542));
#11618=DIRECTION('center_axis',(0.,0.,-1.));
#11619=DIRECTION('ref_axis',(-1.,0.,0.));
#11620=DIRECTION('center_axis',(0.,0.,-1.));
#11621=DIRECTION('ref_axis',(-1.,0.,0.));
#11622=DIRECTION('',(0.,0.,-1.));
#11623=DIRECTION('center_axis',(0.,0.,1.));
#11624=DIRECTION('ref_axis',(-1.,0.,0.));
#11625=DIRECTION('',(-0.707106781186553,-8.659560562355E-17,-0.707106781186542));
#11626=DIRECTION('center_axis',(0.,0.,-1.));
#11627=DIRECTION('ref_axis',(-1.,0.,0.));
#11628=DIRECTION('center_axis',(0.,0.,-1.));
#11629=DIRECTION('ref_axis',(-1.,0.,0.));
#11630=DIRECTION('center_axis',(0.,0.,-1.));
#11631=DIRECTION('ref_axis',(1.,0.,0.));
#11632=DIRECTION('',(0.,0.,-1.));
#11633=DIRECTION('center_axis',(0.,0.,-1.));
#11634=DIRECTION('ref_axis',(1.,0.,0.));
#11635=DIRECTION('center_axis',(0.,0.,1.));
#11636=DIRECTION('ref_axis',(-1.,0.,0.));
#11637=DIRECTION('',(-0.707106781186553,-8.659560562355E-17,-0.707106781186542));
#11638=DIRECTION('center_axis',(0.,0.,-1.));
#11639=DIRECTION('ref_axis',(-1.,0.,0.));
#11640=DIRECTION('center_axis',(0.,0.,-1.));
#11641=DIRECTION('ref_axis',(-1.,0.,0.));
#11642=DIRECTION('center_axis',(0.,0.,-1.));
#11643=DIRECTION('ref_axis',(1.,0.,0.));
#11644=DIRECTION('',(0.,0.,-1.));
#11645=DIRECTION('center_axis',(0.,0.,-1.));
#11646=DIRECTION('ref_axis',(1.,0.,0.));
#11647=DIRECTION('center_axis',(0.,0.,1.));
#11648=DIRECTION('ref_axis',(0.743294146247168,0.668964731622447,0.));
#11649=DIRECTION('center_axis',(0.,0.,-1.));
#11650=DIRECTION('ref_axis',(1.,0.,0.));
#11651=DIRECTION('center_axis',(0.,0.,-1.));
#11652=DIRECTION('ref_axis',(1.,0.,0.));
#11653=DIRECTION('center_axis',(0.,0.,-1.));
#11654=DIRECTION('ref_axis',(1.,0.,0.));
#11655=DIRECTION('',(0.,0.,-1.));
#11656=DIRECTION('center_axis',(0.,0.,-1.));
#11657=DIRECTION('ref_axis',(1.,0.,0.));
#11658=DIRECTION('center_axis',(0.,0.,1.));
#11659=DIRECTION('ref_axis',(-1.,0.,0.));
#11660=DIRECTION('',(-0.707106781186553,-8.659560562355E-17,-0.707106781186542));
#11661=DIRECTION('center_axis',(0.,0.,-1.));
#11662=DIRECTION('ref_axis',(-1.,0.,0.));
#11663=DIRECTION('center_axis',(0.,0.,-1.));
#11664=DIRECTION('ref_axis',(-1.,0.,0.));
#11665=DIRECTION('center_axis',(0.,0.,-1.));
#11666=DIRECTION('ref_axis',(1.,0.,0.));
#11667=DIRECTION('',(0.,0.,-1.));
#11668=DIRECTION('center_axis',(0.,0.,-1.));
#11669=DIRECTION('ref_axis',(1.,0.,0.));
#11670=DIRECTION('center_axis',(0.,0.,-1.));
#11671=DIRECTION('ref_axis',(1.,0.,0.));
#11672=DIRECTION('center_axis',(0.,0.,-1.));
#11673=DIRECTION('ref_axis',(-1.,0.,0.));
#11674=DIRECTION('center_axis',(0.,0.,1.));
#11675=DIRECTION('ref_axis',(-1.,0.,0.));
#11676=DIRECTION('center_axis',(0.,0.,-1.));
#11677=DIRECTION('ref_axis',(-1.,0.,0.));
#11678=DIRECTION('center_axis',(0.,0.,-1.));
#11679=DIRECTION('ref_axis',(-1.,0.,0.));
#11680=DIRECTION('center_axis',(0.,0.,-1.));
#11681=DIRECTION('ref_axis',(1.,0.,0.));
#11682=DIRECTION('center_axis',(0.609108042055292,-0.35914814924149,-0.707106781186534));
#11683=DIRECTION('ref_axis',(-0.757657247118152,0.,-0.652652660983883));
#11684=DIRECTION('',(-0.60910804205527,0.359148149241481,-0.707106781186558));
#11685=DIRECTION('',(0.507912183558502,0.861408854025099,0.));
#11686=DIRECTION('',(0.60910804205527,-0.359148149241481,0.707106781186558));
#11687=DIRECTION('',(-0.507912183558502,-0.861408854025099,0.));
#11688=DIRECTION('center_axis',(0.,0.,-1.));
#11689=DIRECTION('ref_axis',(-0.999513839960721,-0.0311782572792883,0.));
#11690=DIRECTION('center_axis',(0.,0.,1.));
#11691=DIRECTION('ref_axis',(-0.999513839960722,-0.0311782572792883,0.));
#11692=DIRECTION('',(-0.585539494891439,-0.396413294330882,-0.707106781186559));
#11693=DIRECTION('center_axis',(0.,0.,-1.));
#11694=DIRECTION('ref_axis',(-0.999513839960721,-0.0311782572792883,0.));
#11695=DIRECTION('center_axis',(0.,0.,1.));
#11696=DIRECTION('ref_axis',(1.,0.,0.));
#11697=DIRECTION('',(-0.506011935976859,0.49391489211091,-0.707106781186561));
#11698=DIRECTION('center_axis',(0.,0.,1.));
#11699=DIRECTION('ref_axis',(1.,0.,0.));
#11700=DIRECTION('center_axis',(0.,0.,-1.));
#11701=DIRECTION('ref_axis',(1.,0.,0.));
#11702=DIRECTION('center_axis',(0.,0.,-1.));
#11703=DIRECTION('ref_axis',(-0.978164506360464,0.207832140191525,0.));
#11704=DIRECTION('',(-0.663118266660608,-0.245507972214807,-0.707106781186551));
#11705=DIRECTION('center_axis',(0.,0.,-1.));
#11706=DIRECTION('ref_axis',(-0.978164506360464,0.207832140191526,0.));
#11707=DIRECTION('center_axis',(0.663118266660613,0.245507972214813,-0.707106781186544));
#11708=DIRECTION('ref_axis',(-0.729431339779434,0.,-0.684054033353784));
#11709=DIRECTION('',(-0.663118266660604,-0.24550797221483,-0.707106781186546));
#11710=DIRECTION('',(-0.347200703976904,0.937790846168773,0.));
#11711=DIRECTION('center_axis',(0.,0.,-1.));
#11712=DIRECTION('ref_axis',(0.176364897061843,-0.984324856479996,0.));
#11713=DIRECTION('',(0.707106781186527,0.,-0.707106781186568));
#11714=DIRECTION('center_axis',(0.,0.,-1.));
#11715=DIRECTION('ref_axis',(0.176364897061843,-0.984324856479996,0.));
#11716=DIRECTION('center_axis',(-0.707106781186543,0.,-0.707106781186552));
#11717=DIRECTION('ref_axis',(-0.707106781186552,0.,0.707106781186543));
#11718=DIRECTION('',(0.707106781186552,0.,-0.707106781186543));
#11719=DIRECTION('',(0.,-1.,0.));
#11720=DIRECTION('center_axis',(0.,0.,-1.));
#11721=DIRECTION('ref_axis',(1.,0.,0.));
#11722=DIRECTION('center_axis',(0.,0.,1.));
#11723=DIRECTION('ref_axis',(1.,0.,0.));
#11724=DIRECTION('center_axis',(0.,0.,-1.));
#11725=DIRECTION('ref_axis',(1.,0.,0.));
#11726=DIRECTION('center_axis',(0.,0.,-1.));
#11727=DIRECTION('ref_axis',(0.996034338214157,-0.0889696414418226,0.));
#11728=DIRECTION('',(0.,0.,-1.));
#11729=DIRECTION('center_axis',(0.,0.,-1.));
#11730=DIRECTION('ref_axis',(-0.999513839960721,-0.0311782572792883,0.));
#11731=DIRECTION('',(0.,0.,1.));
#11732=DIRECTION('center_axis',(0.861408854025099,-0.507912183558502,0.));
#11733=DIRECTION('ref_axis',(-0.507912183558502,-0.861408854025099,0.));
#11734=DIRECTION('',(0.,0.,-1.));
#11735=DIRECTION('center_axis',(0.,0.,1.));
#11736=DIRECTION('ref_axis',(1.,0.,0.));
#11737=DIRECTION('center_axis',(0.,0.,1.));
#11738=DIRECTION('ref_axis',(1.,0.,0.));
#11739=DIRECTION('',(0.,1.,0.));
#11740=DIRECTION('center_axis',(0.,0.,1.));
#11741=DIRECTION('ref_axis',(1.,0.,0.));
#11742=DIRECTION('',(1.,0.,0.));
#11743=DIRECTION('center_axis',(0.,0.,1.));
#11744=DIRECTION('ref_axis',(-1.,0.,0.));
#11745=DIRECTION('',(0.220825652597795,-0.975313298973595,0.));
#11746=DIRECTION('center_axis',(0.,0.,1.));
#11747=DIRECTION('ref_axis',(-1.,0.,0.));
#11748=DIRECTION('',(-0.984363469883835,-0.176149252505528,0.));
#11749=DIRECTION('center_axis',(0.,0.,1.));
#11750=DIRECTION('ref_axis',(-1.,0.,0.));
#11751=DIRECTION('',(-0.984363469883835,-0.176149252505528,0.));
#11752=DIRECTION('center_axis',(0.,0.,-1.));
#11753=DIRECTION('ref_axis',(0.,1.,0.));
#11754=DIRECTION('',(-0.992099292613463,0.125455145752841,0.));
#11755=DIRECTION('center_axis',(0.,0.,-1.));
#11756=DIRECTION('ref_axis',(0.424270427878012,-0.905535534381842,0.));
#11757=DIRECTION('center_axis',(0.,0.,1.));
#11758=DIRECTION('ref_axis',(-1.,0.,0.));
#11759=DIRECTION('center_axis',(0.,0.,-1.));
#11760=DIRECTION('ref_axis',(0.90947394527983,-0.415760920310148,0.));
#11761=DIRECTION('',(0.,-1.,0.));
#11762=DIRECTION('center_axis',(0.,0.,-1.));
#11763=DIRECTION('ref_axis',(0.866025403784436,0.500000000000005,0.));
#11764=DIRECTION('center_axis',(0.,0.,1.));
#11765=DIRECTION('ref_axis',(-1.,0.,0.));
#11766=DIRECTION('center_axis',(0.,0.,-1.));
#11767=DIRECTION('ref_axis',(0.499999999999999,0.866025403784439,0.));
#11768=DIRECTION('',(1.,-1.48029736616688E-16,0.));
#11769=DIRECTION('center_axis',(0.,0.,-1.));
#11770=DIRECTION('ref_axis',(0.539666114720437,-0.841879138963871,0.));
#11771=DIRECTION('',(0.992099292613463,-0.125455145752841,0.));
#11772=DIRECTION('center_axis',(0.,0.,-1.));
#11773=DIRECTION('ref_axis',(-0.661265776464784,0.750151699909043,0.));
#11774=DIRECTION('',(0.,1.,0.));
#11775=DIRECTION('center_axis',(0.,0.,-1.));
#11776=DIRECTION('ref_axis',(-0.862323358585531,-0.506358001060287,0.));
#11777=DIRECTION('',(-0.873288664241933,0.487203149524447,0.));
#11778=DIRECTION('center_axis',(0.,0.,-1.));
#11779=DIRECTION('ref_axis',(-0.251705518173582,-0.967803870689185,0.));
#11780=DIRECTION('',(-1.,0.,0.));
#11781=DIRECTION('center_axis',(0.,0.,-1.));
#11782=DIRECTION('ref_axis',(0.28117686696822,-0.959655964125653,0.));
#11783=DIRECTION('',(-0.841879138963874,-0.539666114720432,0.));
#11784=DIRECTION('',(0.,-1.,0.));
#11785=DIRECTION('center_axis',(0.,0.,-1.));
#11786=DIRECTION('ref_axis',(0.707106781186554,0.707106781186541,0.));
#11787=DIRECTION('',(1.,0.,0.));
#11788=DIRECTION('center_axis',(0.,0.,-1.));
#11789=DIRECTION('ref_axis',(-0.28117686696822,0.959655964125653,0.));
#11790=DIRECTION('',(0.841879138963874,0.539666114720432,0.));
#11791=DIRECTION('center_axis',(0.,0.,-1.));
#11792=DIRECTION('ref_axis',(-0.999532525609429,-0.0305733584814813,0.));
#11793=DIRECTION('',(-0.873288664241933,0.487203149524447,0.));
#11794=DIRECTION('center_axis',(0.,0.,-1.));
#11795=DIRECTION('ref_axis',(0.506358001060288,-0.86232335858553,0.));
#11796=DIRECTION('',(-0.873288664241933,0.487203149524447,0.));
#11797=DIRECTION('center_axis',(0.,0.,-1.));
#11798=DIRECTION('ref_axis',(0.0305733584814963,-0.999532525609428,0.));
#11799=DIRECTION('',(-0.841879138963874,-0.539666114720432,0.));
#11800=DIRECTION('center_axis',(0.,0.,-1.));
#11801=DIRECTION('ref_axis',(0.959655964125638,0.281176866968268,0.));
#11802=DIRECTION('',(1.,0.,0.));
#11803=DIRECTION('center_axis',(0.,0.,-1.));
#11804=DIRECTION('ref_axis',(-0.967803870689184,0.251705518173585,0.));
#11805=DIRECTION('center_axis',(0.,0.,-1.));
#11806=DIRECTION('ref_axis',(0.526782687642642,0.849999999999997,0.));
#11807=DIRECTION('',(1.,0.,0.));
#11808=DIRECTION('center_axis',(0.,0.,-1.));
#11809=DIRECTION('ref_axis',(-0.526782687642653,0.84999999999999,0.));
#11810=DIRECTION('center_axis',(0.,0.,-1.));
#11811=DIRECTION('ref_axis',(-0.813941029804979,-0.580947501931122,0.));
#11812=DIRECTION('',(-1.,0.,0.));
#11813=DIRECTION('center_axis',(0.,0.,-1.));
#11814=DIRECTION('ref_axis',(0.813941029804996,-0.580947501931097,0.));
#11815=DIRECTION('center_axis',(0.,0.,-1.));
#11816=DIRECTION('ref_axis',(-1.,0.,0.));
#11817=DIRECTION('center_axis',(0.,0.,-1.));
#11818=DIRECTION('ref_axis',(1.,0.,0.));
#11819=DIRECTION('center_axis',(0.,0.,-1.));
#11820=DIRECTION('ref_axis',(1.,0.,0.));
#11821=DIRECTION('center_axis',(0.,0.,-1.));
#11822=DIRECTION('ref_axis',(1.,0.,0.));
#11823=DIRECTION('center_axis',(0.,0.,-1.));
#11824=DIRECTION('ref_axis',(1.,0.,0.));
#11825=DIRECTION('',(0.347200703976904,-0.937790846168773,0.));
#11826=DIRECTION('center_axis',(0.,0.,-1.));
#11827=DIRECTION('ref_axis',(0.937790846168772,0.347200703976906,0.));
#11828=DIRECTION('',(0.,1.,0.));
#11829=DIRECTION('center_axis',(0.,0.,-1.));
#11830=DIRECTION('ref_axis',(-0.862323358585525,-0.506358001060296,0.));
#11831=DIRECTION('',(-0.873288664241933,0.487203149524447,0.));
#11832=DIRECTION('center_axis',(0.,0.,-1.));
#11833=DIRECTION('ref_axis',(0.937790846168772,0.347200703976906,0.));
#11834=DIRECTION('',(-0.220825652597795,0.975313298973595,0.));
#11835=DIRECTION('center_axis',(0.,0.,-1.));
#11836=DIRECTION('ref_axis',(-0.975313298973595,-0.220825652597796,0.));
#11837=DIRECTION('center_axis',(0.,0.,1.));
#11838=DIRECTION('ref_axis',(-1.,0.,0.));
#11839=DIRECTION('center_axis',(0.,0.,-1.));
#11840=DIRECTION('ref_axis',(0.866025403784436,-0.500000000000005,0.));
#11841=DIRECTION('',(0.,-1.,0.));
#11842=DIRECTION('center_axis',(0.,0.,-1.));
#11843=DIRECTION('ref_axis',(0.862323358585531,0.506358001060287,0.));
#11844=DIRECTION('',(0.873288664241933,-0.487203149524447,0.));
#11845=DIRECTION('center_axis',(0.,0.,-1.));
#11846=DIRECTION('ref_axis',(-0.975313298973595,-0.220825652597796,0.));
#11847=DIRECTION('',(0.984363469883835,0.176149252505528,0.));
#11848=DIRECTION('center_axis',(0.,0.,-1.));
#11849=DIRECTION('ref_axis',(-0.996083196797292,-0.0884209537275373,0.));
#11850=DIRECTION('',(-1.,1.48029736616688E-16,0.));
#11851=DIRECTION('center_axis',(0.,0.,-1.));
#11852=DIRECTION('ref_axis',(0.499999999999999,-0.866025403784439,0.));
#11853=DIRECTION('center_axis',(0.,0.,1.));
#11854=DIRECTION('ref_axis',(-1.,0.,0.));
#11855=DIRECTION('center_axis',(0.,0.,-1.));
#11856=DIRECTION('ref_axis',(0.182352078457001,-0.983233298603344,0.));
#11857=DIRECTION('',(-0.760328975208758,-0.649538181678337,0.));
#11858=DIRECTION('center_axis',(0.,0.,-1.));
#11859=DIRECTION('ref_axis',(-0.176149252505535,0.984363469883834,0.));
#11860=DIRECTION('',(0.873288664241933,-0.487203149524447,0.));
#11861=DIRECTION('center_axis',(0.,0.,-1.));
#11862=DIRECTION('ref_axis',(-0.0305733584814859,0.999532525609428,0.));
#11863=DIRECTION('',(0.841879138963874,0.539666114720432,0.));
#11864=DIRECTION('center_axis',(0.,0.,-1.));
#11865=DIRECTION('ref_axis',(-0.959655964125658,-0.281176866968202,0.));
#11866=DIRECTION('',(-1.,0.,0.));
#11867=DIRECTION('center_axis',(0.,0.,-1.));
#11868=DIRECTION('ref_axis',(0.500000000000002,-0.866025403784438,0.));
#11869=DIRECTION('center_axis',(0.,0.,1.));
#11870=DIRECTION('ref_axis',(-1.,0.,0.));
#11871=DIRECTION('center_axis',(0.,0.,-1.));
#11872=DIRECTION('ref_axis',(0.487203149524442,0.873288664241935,0.));
#11873=DIRECTION('center_axis',(0.,0.,-1.));
#11874=DIRECTION('ref_axis',(1.,0.,0.));
#11875=DIRECTION('center_axis',(0.,0.,-1.));
#11876=DIRECTION('ref_axis',(1.,0.,0.));
#11877=DIRECTION('center_axis',(0.,0.,-1.));
#11878=DIRECTION('ref_axis',(1.,0.,0.));
#11879=DIRECTION('center_axis',(0.,0.,-1.));
#11880=DIRECTION('ref_axis',(1.,0.,0.));
#11881=DIRECTION('center_axis',(0.,0.,1.));
#11882=DIRECTION('ref_axis',(1.,0.,0.));
#11883=DIRECTION('center_axis',(0.,0.,-1.));
#11884=DIRECTION('ref_axis',(-0.062894538903304,-0.998020178641765,0.));
#11885=DIRECTION('',(-0.841879138963874,-0.539666114720432,0.));
#11886=DIRECTION('center_axis',(0.,0.,-1.));
#11887=DIRECTION('ref_axis',(0.999532525609429,0.030573358481464,0.));
#11888=DIRECTION('',(0.873288664241933,-0.487203149524447,0.));
#11889=DIRECTION('center_axis',(0.,0.,-1.));
#11890=DIRECTION('ref_axis',(0.251705518173591,0.967803870689182,0.));
#11891=DIRECTION('',(1.,0.,0.));
#11892=DIRECTION('center_axis',(0.,0.,-1.));
#11893=DIRECTION('ref_axis',(-0.707106781186541,0.707106781186554,0.));
#11894=DIRECTION('',(0.,1.,0.));
#11895=DIRECTION('center_axis',(0.,0.,-1.));
#11896=DIRECTION('ref_axis',(-0.866025403784436,-0.500000000000005,0.));
#11897=DIRECTION('',(0.873288664241933,-0.487203149524447,0.));
#11898=DIRECTION('center_axis',(0.,0.,-1.));
#11899=DIRECTION('ref_axis',(-0.506358001060306,0.86232335858552,0.));
#11900=DIRECTION('',(0.,1.,0.));
#11901=DIRECTION('center_axis',(0.,0.,-1.));
#11902=DIRECTION('ref_axis',(-0.707106781186541,-0.707106781186554,0.));
#11903=DIRECTION('',(-1.,0.,0.));
#11904=DIRECTION('center_axis',(0.,0.,-1.));
#11905=DIRECTION('ref_axis',(0.967803870689188,-0.251705518173569,0.));
#11906=DIRECTION('center_axis',(0.,0.,-1.));
#11907=DIRECTION('ref_axis',(-0.997866616070731,-0.0652856533363001,0.));
#11908=DIRECTION('',(-0.507912183558502,-0.861408854025099,0.));
#11909=DIRECTION('center_axis',(0.,0.,-1.));
#11910=DIRECTION('ref_axis',(0.642908395222881,0.765943075790845,0.));
#11911=DIRECTION('',(0.760328975208758,0.649538181678337,0.));
#11912=DIRECTION('center_axis',(0.,0.,-1.));
#11913=DIRECTION('ref_axis',(-0.942681053665771,0.333695116925004,0.));
#11914=DIRECTION('center_axis',(0.,0.,1.));
#11915=DIRECTION('ref_axis',(1.,0.,0.));
#11916=DIRECTION('center_axis',(0.,0.,-1.));
#11917=DIRECTION('ref_axis',(1.,0.,0.));
#11918=DIRECTION('',(0.841879138963874,0.539666114720432,0.));
#11919=DIRECTION('center_axis',(0.,0.,-1.));
#11920=DIRECTION('ref_axis',(-0.959655964125647,-0.281176866968239,0.));
#11921=DIRECTION('',(-1.,0.,0.));
#11922=DIRECTION('center_axis',(0.,0.,-1.));
#11923=DIRECTION('ref_axis',(0.707106781186554,-0.707106781186541,0.));
#11924=DIRECTION('',(0.,-1.,0.));
#11925=DIRECTION('center_axis',(0.,0.,-1.));
#11926=DIRECTION('ref_axis',(0.,1.,0.));
#11927=DIRECTION('',(0.,-0.707106781186546,0.707106781186549));
#11928=DIRECTION('center_axis',(0.,0.,1.));
#11929=DIRECTION('ref_axis',(0.,1.,0.));
#11930=DIRECTION('',(-0.088710184296573,-0.701520137417359,-0.707106781186545));
#11931=DIRECTION('center_axis',(-1.04672830578919E-16,-0.707106781186549,
-0.707106781186546));
#11932=DIRECTION('ref_axis',(-1.,0.,1.48029736616688E-16));
#11933=DIRECTION('',(0.,-0.707106781186546,0.707106781186549));
#11934=DIRECTION('center_axis',(0.,0.,-1.));
#11935=DIRECTION('ref_axis',(0.499999999999999,0.866025403784439,0.));
#11936=DIRECTION('',(-0.612372435695825,-0.353553390593257,0.707106781186529));
#11937=DIRECTION('center_axis',(0.,0.,1.));
#11938=DIRECTION('ref_axis',(-1.,0.,0.));
#11939=DIRECTION('',(-0.353553390593262,-0.612372435695781,0.707106781186565));
#11940=DIRECTION('center_axis',(0.,0.,-1.));
#11941=DIRECTION('ref_axis',(0.866025403784435,0.500000000000005,0.));
#11942=DIRECTION('',(-0.707106781186552,0.,0.707106781186543));
#11943=DIRECTION('center_axis',(-0.707106781186568,0.,-0.707106781186527));
#11944=DIRECTION('ref_axis',(-0.707106781186527,0.,0.707106781186568));
#11945=DIRECTION('',(-0.707106781186527,0.,0.707106781186568));
#11946=DIRECTION('center_axis',(0.,0.,-1.));
#11947=DIRECTION('ref_axis',(0.90947394527983,-0.415760920310147,0.));
#11948=DIRECTION('',(-0.462649865404904,0.534747699425445,0.70710678118656));
#11949=DIRECTION('center_axis',(0.,0.,1.));
#11950=DIRECTION('ref_axis',(0.90947394527983,-0.415760920310148,0.));
#11951=DIRECTION('center_axis',(0.,0.,1.));
#11952=DIRECTION('ref_axis',(-1.,0.,0.));
#11953=DIRECTION('',(-0.595810337790924,0.380801840044721,0.707106781186561));
#11954=DIRECTION('center_axis',(0.,0.,-1.));
#11955=DIRECTION('ref_axis',(-1.,0.,0.));
#11956=DIRECTION('center_axis',(0.,0.,-1.));
#11957=DIRECTION('ref_axis',(0.424270427878012,-0.905535534381842,0.));
#11958=DIRECTION('',(0.0887101842965979,0.701520137417358,0.707106781186544));
#11959=DIRECTION('center_axis',(0.,0.,1.));
#11960=DIRECTION('ref_axis',(0.424270427878012,-0.905535534381842,0.));
#11961=DIRECTION('center_axis',(0.0887101842965808,0.701520137417361,-0.707106781186543));
#11962=DIRECTION('ref_axis',(-0.992222194841771,0.,-0.124479380073079));
#11963=DIRECTION('',(0.992099292613463,-0.125455145752841,0.));
#11964=DIRECTION('center_axis',(0.,0.,1.));
#11965=DIRECTION('ref_axis',(0.90947394527983,-0.415760920310148,0.));
#11966=DIRECTION('',(0.,0.,1.));
#11967=DIRECTION('center_axis',(0.,0.,-1.));
#11968=DIRECTION('ref_axis',(-1.,0.,0.));
#11969=DIRECTION('',(0.,0.,-1.));
#11970=DIRECTION('center_axis',(0.,0.,-1.));
#11971=DIRECTION('ref_axis',(0.424270427878012,-0.905535534381842,0.));
#11972=DIRECTION('',(0.,0.,1.));
#11973=DIRECTION('center_axis',(0.125455145752841,0.992099292613463,0.));
#11974=DIRECTION('ref_axis',(0.992099292613463,-0.125455145752841,0.));
#11975=DIRECTION('',(0.,0.,-1.));
#11976=DIRECTION('center_axis',(0.,0.,1.));
#11977=DIRECTION('ref_axis',(0.,1.,0.));
#11978=DIRECTION('center_axis',(0.,0.,-1.));
#11979=DIRECTION('ref_axis',(1.,0.,0.));
#11980=DIRECTION('',(-0.707106781186552,0.,0.707106781186543));
#11981=DIRECTION('center_axis',(0.,0.,1.));
#11982=DIRECTION('ref_axis',(1.,0.,0.));
#11983=DIRECTION('',(-0.381601569295414,0.595298448100827,-0.707106781186565));
#11984=DIRECTION('center_axis',(-0.707106781186568,0.,-0.707106781186527));
#11985=DIRECTION('ref_axis',(-0.707106781186527,0.,0.707106781186568));
#11986=DIRECTION('',(-0.707106781186527,0.,0.707106781186568));
#11987=DIRECTION('center_axis',(0.,0.,-1.));
#11988=DIRECTION('ref_axis',(0.707106781186554,-0.707106781186541,0.));
#11989=DIRECTION('',(0.,0.707106781186565,0.70710678118653));
#11990=DIRECTION('center_axis',(0.,0.707106781186543,-0.707106781186552));
#11991=DIRECTION('ref_axis',(-1.,0.,0.));
#11992=DIRECTION('',(0.,0.707106781186552,0.707106781186543));
#11993=DIRECTION('center_axis',(0.,0.,-1.));
#11994=DIRECTION('ref_axis',(-0.959655964125647,-0.281176866968239,0.));
#11995=DIRECTION('',(0.38160156929544,-0.595298448100864,0.707106781186519));
#11996=DIRECTION('center_axis',(0.,0.,1.));
#11997=DIRECTION('ref_axis',(-0.959655964125647,-0.281176866968239,0.));
#11998=DIRECTION('center_axis',(0.381601569295418,-0.595298448100853,-0.707106781186541));
#11999=DIRECTION('ref_axis',(-0.880028213845143,0.,-0.474921407010178));
#12000=DIRECTION('',(-0.841879138963874,-0.539666114720432,0.));
#12001=DIRECTION('center_axis',(0.,0.,-1.));
#12002=DIRECTION('ref_axis',(-0.959655964125647,-0.281176866968239,0.));
#12003=DIRECTION('',(0.,0.,1.));
#12004=DIRECTION('center_axis',(0.539666114720432,-0.841879138963874,0.));
#12005=DIRECTION('ref_axis',(-0.841879138963874,-0.539666114720432,0.));
#12006=DIRECTION('',(0.,0.,-1.));
#12007=DIRECTION('center_axis',(0.,0.,1.));
#12008=DIRECTION('ref_axis',(1.,0.,0.));
#12009=DIRECTION('center_axis',(0.,0.,-1.));
#12010=DIRECTION('ref_axis',(0.539666114720437,-0.841879138963871,0.));
#12011=DIRECTION('',(-0.381601569295403,0.595298448100859,0.707106781186544));
#12012=DIRECTION('center_axis',(0.,0.,1.));
#12013=DIRECTION('ref_axis',(0.539666114720437,-0.841879138963871,0.));
#12014=DIRECTION('',(0.0887101842965489,0.701520137417355,-0.707106781186553));
#12015=DIRECTION('center_axis',(-0.381601569295424,0.595298448100862,-0.70710678118653));
#12016=DIRECTION('ref_axis',(-0.880028213845137,0.,0.474921407010189));
#12017=DIRECTION('',(-0.38160156929542,0.595298448100811,0.707106781186575));
#12018=DIRECTION('center_axis',(0.,0.,-1.));
#12019=DIRECTION('ref_axis',(0.28117686696822,-0.959655964125653,0.));
#12020=DIRECTION('',(0.,0.707106781186552,0.707106781186543));
#12021=DIRECTION('center_axis',(0.,0.707106781186543,-0.707106781186552));
#12022=DIRECTION('ref_axis',(-1.,0.,0.));
#12023=DIRECTION('',(0.,0.707106781186552,0.707106781186543));
#12024=DIRECTION('center_axis',(0.,0.,-1.));
#12025=DIRECTION('ref_axis',(-0.251705518173582,-0.967803870689185,0.));
#12026=DIRECTION('',(0.34450465084418,0.617508336418801,0.707106781186558));
#12027=DIRECTION('center_axis',(0.344504650844176,0.617508336418807,-0.707106781186554));
#12028=DIRECTION('ref_axis',(-0.898981493242731,0.,-0.43798661487204));
#12029=DIRECTION('',(0.344504650844196,0.617508336418811,0.707106781186541));
#12030=DIRECTION('center_axis',(0.,0.,-1.));
#12031=DIRECTION('ref_axis',(-0.862323358585531,-0.506358001060287,0.));
#12032=DIRECTION('',(0.70710678118654,0.,0.707106781186555));
#12033=DIRECTION('center_axis',(0.,0.,1.));
#12034=DIRECTION('ref_axis',(-0.862323358585531,-0.506358001060287,0.));
#12035=DIRECTION('center_axis',(0.707106781186555,0.,-0.70710678118654));
#12036=DIRECTION('ref_axis',(-0.70710678118654,0.,-0.707106781186555));
#12037=DIRECTION('',(0.70710678118654,0.,0.707106781186555));
#12038=DIRECTION('',(0.,-1.,0.));
#12039=DIRECTION('center_axis',(0.,0.,-1.));
#12040=DIRECTION('ref_axis',(-0.661265776464784,0.750151699909043,0.));
#12041=DIRECTION('',(-0.0887101842965722,-0.701520137417366,0.707106781186539));
#12042=DIRECTION('center_axis',(0.,0.,1.));
#12043=DIRECTION('ref_axis',(-0.661265776464784,0.750151699909043,0.));
#12044=DIRECTION('center_axis',(-0.0887101842965793,-0.701520137417348,
-0.707106781186556));
#12045=DIRECTION('ref_axis',(-0.992222194841772,0.,0.124479380073075));
#12046=DIRECTION('',(-0.992099292613463,0.125455145752841,0.));
#12047=DIRECTION('center_axis',(0.,0.,-1.));
#12048=DIRECTION('ref_axis',(-0.862323358585531,-0.506358001060287,0.));
#12049=DIRECTION('',(0.,0.,1.));
#12050=DIRECTION('center_axis',(-1.,0.,0.));
#12051=DIRECTION('ref_axis',(0.,1.,0.));
#12052=DIRECTION('',(0.,0.,-1.));
#12053=DIRECTION('center_axis',(0.,0.,1.));
#12054=DIRECTION('ref_axis',(-0.661265776464784,0.750151699909043,0.));
#12055=DIRECTION('',(0.,0.,1.));
#12056=DIRECTION('center_axis',(0.125455145752841,0.992099292613463,0.));
#12057=DIRECTION('ref_axis',(0.992099292613463,-0.125455145752841,0.));
#12058=DIRECTION('',(0.,0.,-1.));
#12059=DIRECTION('center_axis',(0.,0.,1.));
#12060=DIRECTION('ref_axis',(0.539666114720437,-0.841879138963871,0.));
#12061=DIRECTION('center_axis',(0.,0.,-1.));
#12062=DIRECTION('ref_axis',(-0.997866616070731,-0.0652856533363,0.));
#12063=DIRECTION('',(0.60910804205527,-0.359148149241481,-0.707106781186558));
#12064=DIRECTION('center_axis',(-0.609108042055292,0.35914814924149,-0.707106781186534));
#12065=DIRECTION('ref_axis',(-0.757657247118152,0.,0.652652660983883));
#12066=DIRECTION('',(0.507912183558502,0.861408854025099,0.));
#12067=DIRECTION('',(0.609108042055275,-0.359148149241459,-0.707106781186564));
#12068=DIRECTION('center_axis',(0.,0.,-1.));
#12069=DIRECTION('ref_axis',(0.642908395222881,0.765943075790845,0.));
#12070=DIRECTION('center_axis',(0.,0.,1.));
#12071=DIRECTION('ref_axis',(0.642908395222881,0.765943075790845,0.));
#12072=DIRECTION('',(-0.459292852904376,0.537633774302745,-0.707106781186508));
#12073=DIRECTION('center_axis',(0.459292852904323,-0.53763377430272,-0.707106781186562));
#12074=DIRECTION('ref_axis',(-0.838620541316051,0.,-0.544716061524509));
#12075=DIRECTION('',(-0.760328975208758,-0.649538181678337,0.));
#12076=DIRECTION('',(-0.45929285290434,0.537633774302749,-0.707106781186529));
#12077=DIRECTION('center_axis',(0.,0.,-1.));
#12078=DIRECTION('ref_axis',(-0.942681053665771,0.333695116925004,0.));
#12079=DIRECTION('',(-0.69525093293082,-0.128942391240401,-0.707106781186571));
#12080=DIRECTION('center_axis',(0.,0.,1.));
#12081=DIRECTION('ref_axis',(1.,0.,0.));
#12082=DIRECTION('center_axis',(0.,0.,-1.));
#12083=DIRECTION('ref_axis',(0.642908395222881,0.765943075790845,0.));
#12084=DIRECTION('',(0.,0.,-1.));
#12085=DIRECTION('',(0.,0.,1.));
#12086=DIRECTION('center_axis',(0.861408854025099,-0.507912183558502,0.));
#12087=DIRECTION('ref_axis',(-0.507912183558502,-0.861408854025099,0.));
#12088=DIRECTION('center_axis',(-0.707106781186568,0.,-0.707106781186527));
#12089=DIRECTION('ref_axis',(-0.707106781186527,0.,0.707106781186568));
#12090=DIRECTION('',(0.707106781186527,0.,-0.707106781186568));
#12091=DIRECTION('',(-0.707106781186527,0.,0.707106781186568));
#12092=DIRECTION('',(0.,1.,0.));
#12093=DIRECTION('center_axis',(0.,0.,-1.));
#12094=DIRECTION('ref_axis',(0.707106781186554,0.707106781186541,0.));
#12095=DIRECTION('center_axis',(0.,0.,1.));
#12096=DIRECTION('ref_axis',(0.707106781186554,0.707106781186541,0.));
#12097=DIRECTION('',(0.,0.707106781186565,-0.70710678118653));
#12098=DIRECTION('center_axis',(0.,-0.70710678118653,-0.707106781186565));
#12099=DIRECTION('ref_axis',(-1.,0.,0.));
#12100=DIRECTION('',(-1.,0.,0.));
#12101=DIRECTION('',(0.,0.707106781186565,-0.70710678118653));
#12102=DIRECTION('center_axis',(0.,0.,-1.));
#12103=DIRECTION('ref_axis',(-0.28117686696822,0.959655964125653,0.));
#12104=DIRECTION('',(-0.381601569295408,0.595298448100843,-0.707106781186554));
#12105=DIRECTION('center_axis',(0.381601569295418,-0.595298448100853,-0.707106781186541));
#12106=DIRECTION('ref_axis',(-0.880028213845143,0.,-0.474921407010178));
#12107=DIRECTION('',(-0.381601569295403,0.595298448100859,-0.707106781186544));
#12108=DIRECTION('center_axis',(0.,0.,-1.));
#12109=DIRECTION('ref_axis',(-0.999532525609429,-0.0305733584814813,0.));
#12110=DIRECTION('',(-0.344504650844191,-0.617508336418827,-0.70710678118653));
#12111=DIRECTION('center_axis',(0.344504650844176,0.617508336418807,-0.707106781186554));
#12112=DIRECTION('ref_axis',(-0.898981493242731,0.,-0.43798661487204));
#12113=DIRECTION('',(-0.344504650844196,-0.617508336418811,-0.707106781186541));
#12114=DIRECTION('center_axis',(0.,0.,-1.));
#12115=DIRECTION('ref_axis',(0.506358001060288,-0.862323358585531,0.));
#12116=DIRECTION('center_axis',(0.,0.,1.));
#12117=DIRECTION('ref_axis',(0.506358001060288,-0.862323358585531,0.));
#12118=DIRECTION('center_axis',(0.,1.,0.));
#12119=DIRECTION('ref_axis',(1.,0.,0.));
#12120=DIRECTION('',(0.,0.,-1.));
#12121=DIRECTION('center_axis',(0.,0.,-1.));
#12122=DIRECTION('ref_axis',(0.707106781186554,0.707106781186541,0.));
#12123=DIRECTION('',(0.,0.,1.));
#12124=DIRECTION('center_axis',(1.,0.,0.));
#12125=DIRECTION('ref_axis',(0.,-1.,0.));
#12126=DIRECTION('',(0.,0.,-1.));
#12127=DIRECTION('center_axis',(-0.344504650844171,-0.617508336418797,-0.707106781186565));
#12128=DIRECTION('ref_axis',(-0.898981493242737,0.,0.437986614872029));
#12129=DIRECTION('',(0.344504650844191,0.617508336418827,-0.70710678118653));
#12130=DIRECTION('',(-0.344504650844191,-0.617508336418827,0.70710678118653));
#12131=DIRECTION('center_axis',(0.,0.,-1.));
#12132=DIRECTION('ref_axis',(-0.506358001060306,0.86232335858552,0.));
#12133=DIRECTION('',(-0.707106781186552,0.,-0.707106781186543));
#12134=DIRECTION('center_axis',(0.707106781186555,0.,-0.70710678118654));
#12135=DIRECTION('ref_axis',(-0.70710678118654,0.,-0.707106781186555));
#12136=DIRECTION('',(-0.70710678118654,0.,-0.707106781186555));
#12137=DIRECTION('center_axis',(0.,0.,-1.));
#12138=DIRECTION('ref_axis',(-0.707106781186541,-0.707106781186554,0.));
#12139=DIRECTION('center_axis',(0.,0.,1.));
#12140=DIRECTION('ref_axis',(-0.707106781186541,-0.707106781186554,0.));
#12141=DIRECTION('',(0.,-0.707106781186552,-0.707106781186543));
#12142=DIRECTION('center_axis',(0.,0.707106781186543,-0.707106781186552));
#12143=DIRECTION('ref_axis',(-1.,0.,0.));
#12144=DIRECTION('',(0.,-0.707106781186552,-0.707106781186543));
#12145=DIRECTION('',(1.,0.,0.));
#12146=DIRECTION('center_axis',(0.,0.,-1.));
#12147=DIRECTION('ref_axis',(0.967803870689188,-0.251705518173569,0.));
#12148=DIRECTION('center_axis',(0.,0.,1.));
#12149=DIRECTION('ref_axis',(0.967803870689188,-0.251705518173569,0.));
#12150=DIRECTION('center_axis',(0.344504650844176,0.617508336418807,-0.707106781186554));
#12151=DIRECTION('ref_axis',(-0.898981493242731,0.,-0.43798661487204));
#12152=DIRECTION('',(-0.344504650844196,-0.617508336418811,-0.707106781186541));
#12153=DIRECTION('',(0.344504650844196,0.617508336418811,0.707106781186541));
#12154=DIRECTION('',(0.873288664241933,-0.487203149524447,0.));
#12155=DIRECTION('center_axis',(0.,0.,-1.));
#12156=DIRECTION('ref_axis',(0.0305733584814963,-0.999532525609428,0.));
#12157=DIRECTION('center_axis',(0.,0.,1.));
#12158=DIRECTION('ref_axis',(0.0305733584814963,-0.999532525609428,0.));
#12159=DIRECTION('',(0.381601569295408,-0.595298448100843,-0.707106781186554));
#12160=DIRECTION('center_axis',(-0.381601569295424,0.595298448100862,-0.70710678118653));
#12161=DIRECTION('ref_axis',(-0.880028213845137,0.,0.474921407010189));
#12162=DIRECTION('',(0.381601569295414,-0.595298448100827,-0.707106781186565));
#12163=DIRECTION('center_axis',(0.,0.,-1.));
#12164=DIRECTION('ref_axis',(0.959655964125639,0.281176866968268,0.));
#12165=DIRECTION('',(0.,0.70710678118654,-0.707106781186555));
#12166=DIRECTION('center_axis',(0.,-0.70710678118653,-0.707106781186565));
#12167=DIRECTION('ref_axis',(-1.,0.,0.));
#12168=DIRECTION('',(0.,0.707106781186565,-0.70710678118653));
#12169=DIRECTION('center_axis',(0.,0.,-1.));
#12170=DIRECTION('ref_axis',(-0.967803870689184,0.251705518173585,0.));
#12171=DIRECTION('center_axis',(0.,0.,1.));
#12172=DIRECTION('ref_axis',(-0.967803870689184,0.251705518173585,0.));
#12173=DIRECTION('center_axis',(0.,0.,1.));
#12174=DIRECTION('ref_axis',(0.0305733584814963,-0.999532525609428,0.));
#12175=DIRECTION('',(0.,0.,1.));
#12176=DIRECTION('center_axis',(-0.487203149524447,-0.873288664241933,0.));
#12177=DIRECTION('ref_axis',(-0.873288664241933,0.487203149524447,0.));
#12178=DIRECTION('',(0.,0.,-1.));
#12179=DIRECTION('center_axis',(0.,0.,1.));
#12180=DIRECTION('ref_axis',(1.,0.,0.));
#12181=DIRECTION('',(-0.45331633880682,-0.542682501072928,-0.707106781186556));
#12182=DIRECTION('',(0.353553390593257,0.612372435695796,0.707106781186554));
#12183=DIRECTION('center_axis',(0.,0.,-1.));
#12184=DIRECTION('ref_axis',(1.,0.,0.));
#12185=DIRECTION('center_axis',(0.,0.,-1.));
#12186=DIRECTION('ref_axis',(-0.062894538903304,-0.998020178641765,0.));
#12187=DIRECTION('center_axis',(0.,0.,1.));
#12188=DIRECTION('ref_axis',(-0.062894538903304,-0.998020178641765,0.));
#12189=DIRECTION('',(0.381601569295408,-0.595298448100843,-0.707106781186554));
#12190=DIRECTION('center_axis',(-0.381601569295424,0.595298448100862,-0.70710678118653));
#12191=DIRECTION('ref_axis',(-0.880028213845137,0.,0.474921407010189));
#12192=DIRECTION('',(0.841879138963874,0.539666114720432,0.));
#12193=DIRECTION('',(0.381601569295414,-0.595298448100827,-0.707106781186565));
#12194=DIRECTION('center_axis',(0.,0.,-1.));
#12195=DIRECTION('ref_axis',(0.999532525609429,0.030573358481464,0.));
#12196=DIRECTION('center_axis',(0.,0.,1.));
#12197=DIRECTION('ref_axis',(0.999532525609429,0.030573358481464,0.));
#12198=DIRECTION('',(0.344504650844196,0.617508336418811,-0.707106781186541));
#12199=DIRECTION('center_axis',(-0.344504650844171,-0.617508336418797,-0.707106781186565));
#12200=DIRECTION('ref_axis',(-0.898981493242737,0.,0.437986614872029));
#12201=DIRECTION('',(0.344504650844196,0.617508336418811,-0.707106781186541));
#12202=DIRECTION('center_axis',(0.,0.,-1.));
#12203=DIRECTION('ref_axis',(0.251705518173591,0.967803870689183,0.));
#12204=DIRECTION('',(0.,0.707106781186552,-0.707106781186543));
#12205=DIRECTION('center_axis',(0.,-0.70710678118653,-0.707106781186565));
#12206=DIRECTION('ref_axis',(-1.,0.,0.));
#12207=DIRECTION('',(0.,0.707106781186565,-0.70710678118653));
#12208=DIRECTION('center_axis',(0.,0.,-1.));
#12209=DIRECTION('ref_axis',(-0.707106781186541,0.707106781186554,0.));
#12210=DIRECTION('',(-0.707106781186565,0.,-0.70710678118653));
#12211=DIRECTION('center_axis',(0.707106781186555,0.,-0.70710678118654));
#12212=DIRECTION('ref_axis',(-0.70710678118654,0.,-0.707106781186555));
#12213=DIRECTION('',(-0.70710678118654,0.,-0.707106781186555));
#12214=DIRECTION('center_axis',(0.,0.,-1.));
#12215=DIRECTION('ref_axis',(-0.866025403784436,-0.500000000000005,0.));
#12216=DIRECTION('center_axis',(0.,0.,1.));
#12217=DIRECTION('ref_axis',(-0.866025403784436,-0.500000000000005,0.));
#12218=DIRECTION('center_axis',(0.,0.,-1.));
#12219=DIRECTION('ref_axis',(0.999532525609429,0.030573358481464,0.));
#12220=DIRECTION('',(0.,0.,1.));
#12221=DIRECTION('center_axis',(0.539666114720432,-0.841879138963874,0.));
#12222=DIRECTION('ref_axis',(-0.841879138963874,-0.539666114720432,0.));
#12223=DIRECTION('',(0.,0.,-1.));
#12224=DIRECTION('center_axis',(0.,0.,1.));
#12225=DIRECTION('ref_axis',(-0.062894538903304,-0.998020178641765,0.));
#12226=DIRECTION('',(0.,0.,1.));
#12227=DIRECTION('center_axis',(0.,0.,-1.));
#12228=DIRECTION('ref_axis',(-1.,0.,0.));
#12229=DIRECTION('',(0.,0.,-1.));
#12230=DIRECTION('center_axis',(0.,0.,-1.));
#12231=DIRECTION('ref_axis',(0.526782687642642,0.849999999999997,0.));
#12232=DIRECTION('',(0.,0.707106781186552,-0.707106781186543));
#12233=DIRECTION('center_axis',(0.,-0.707106781186543,-0.707106781186552));
#12234=DIRECTION('ref_axis',(-1.,0.,0.));
#12235=DIRECTION('',(0.,0.707106781186552,-0.707106781186543));
#12236=DIRECTION('center_axis',(0.,0.,-1.));
#12237=DIRECTION('ref_axis',(-0.526782687642653,0.84999999999999,0.));
#12238=DIRECTION('center_axis',(0.,0.,-1.));
#12239=DIRECTION('ref_axis',(0.813941029804996,-0.580947501931097,0.));
#12240=DIRECTION('',(0.,0.70710678118654,0.707106781186555));
#12241=DIRECTION('center_axis',(0.,0.,1.));
#12242=DIRECTION('ref_axis',(0.813941029804996,-0.580947501931097,0.));
#12243=DIRECTION('center_axis',(0.,0.707106781186555,-0.70710678118654));
#12244=DIRECTION('ref_axis',(-1.,0.,0.));
#12245=DIRECTION('',(0.,0.70710678118654,0.707106781186555));
#12246=DIRECTION('',(1.,0.,0.));
#12247=DIRECTION('center_axis',(0.,0.,-1.));
#12248=DIRECTION('ref_axis',(-0.813941029804979,-0.580947501931122,0.));
#12249=DIRECTION('center_axis',(0.,0.,1.));
#12250=DIRECTION('ref_axis',(-0.813941029804979,-0.580947501931122,0.));
#12251=DIRECTION('center_axis',(-0.689650647485647,-0.156147316411845,-0.707106781186552));
#12252=DIRECTION('ref_axis',(-0.715888022828114,0.,0.698215109240163));
#12253=DIRECTION('center_axis',(0.,0.,1.));
#12254=DIRECTION('ref_axis',(-1.,0.,0.));
#12255=DIRECTION('center_axis',(0.,-0.707106781186555,-0.70710678118654));
#12256=DIRECTION('ref_axis',(-1.,0.,0.));
#12257=DIRECTION('center_axis',(0.,0.,1.));
#12258=DIRECTION('ref_axis',(1.,0.,0.));
#12259=DIRECTION('center_axis',(0.707106781186543,0.,-0.707106781186552));
#12260=DIRECTION('ref_axis',(-0.707106781186552,0.,-0.707106781186543));
#12261=DIRECTION('center_axis',(0.,0.,1.));
#12262=DIRECTION('ref_axis',(0.641814127101634,0.766860239061048,0.));
#12263=DIRECTION('center_axis',(-0.124556330947599,0.696050084707172,-0.707106781186555));
#12264=DIRECTION('ref_axis',(-0.984837670860775,0.,0.173478419561407));
#12265=DIRECTION('',(0.984363469883835,0.176149252505528,0.));
#12266=DIRECTION('center_axis',(0.,0.,1.));
#12267=DIRECTION('ref_axis',(-1.,0.,0.));
#12268=DIRECTION('center_axis',(0.,0.,-1.));
#12269=DIRECTION('ref_axis',(-1.,0.,0.));
#12270=DIRECTION('center_axis',(-0.1245563309476,0.696050084707178,-0.707106781186549));
#12271=DIRECTION('ref_axis',(-0.984837670860774,0.,0.17347841956141));
#12272=DIRECTION('',(0.984363469883835,0.176149252505528,0.));
#12273=DIRECTION('center_axis',(0.,0.,1.));
#12274=DIRECTION('ref_axis',(-1.,0.,0.));
#12275=DIRECTION('center_axis',(-0.176149252505528,0.984363469883835,0.));
#12276=DIRECTION('ref_axis',(0.984363469883835,0.176149252505528,0.));
#12277=DIRECTION('',(0.,0.,1.));
#12278=DIRECTION('center_axis',(0.,0.,-1.));
#12279=DIRECTION('ref_axis',(-1.,0.,0.));
#12280=DIRECTION('',(0.,0.,-1.));
#12281=DIRECTION('center_axis',(-0.176149252505528,0.984363469883835,0.));
#12282=DIRECTION('ref_axis',(0.984363469883835,0.176149252505528,0.));
#12283=DIRECTION('center_axis',(0.,0.,-1.));
#12284=DIRECTION('ref_axis',(-1.,0.,0.));
#12285=DIRECTION('',(-0.707106781186552,8.65956056235499E-17,0.707106781186543));
#12286=DIRECTION('center_axis',(0.,0.,-1.));
#12287=DIRECTION('ref_axis',(1.,0.,0.));
#12288=DIRECTION('',(0.707106781186552,-8.65956056235499E-17,0.707106781186543));
#12289=DIRECTION('center_axis',(0.,0.,1.));
#12290=DIRECTION('ref_axis',(1.,0.,0.));
#12291=DIRECTION('center_axis',(0.,0.,-1.));
#12292=DIRECTION('ref_axis',(1.,0.,0.));
#12293=DIRECTION('center_axis',(0.,0.,-1.));
#12294=DIRECTION('ref_axis',(1.,0.,0.));
#12295=DIRECTION('',(0.,0.,-1.));
#12296=DIRECTION('center_axis',(0.,0.,-1.));
#12297=DIRECTION('ref_axis',(1.,0.,0.));
#12298=DIRECTION('',(0.707106781186552,-8.65956056235499E-17,0.707106781186543));
#12299=DIRECTION('center_axis',(0.,0.,1.));
#12300=DIRECTION('ref_axis',(1.,0.,0.));
#12301=DIRECTION('center_axis',(0.,0.,-1.));
#12302=DIRECTION('ref_axis',(1.,0.,0.));
#12303=DIRECTION('center_axis',(0.,0.,-1.));
#12304=DIRECTION('ref_axis',(1.,0.,0.));
#12305=DIRECTION('',(0.,0.,-1.));
#12306=DIRECTION('center_axis',(0.,0.,-1.));
#12307=DIRECTION('ref_axis',(1.,0.,0.));
#12308=DIRECTION('',(0.707106781186552,-8.65956056235499E-17,0.707106781186543));
#12309=DIRECTION('center_axis',(0.,0.,1.));
#12310=DIRECTION('ref_axis',(1.,0.,0.));
#12311=DIRECTION('center_axis',(0.,0.,-1.));
#12312=DIRECTION('ref_axis',(1.,0.,0.));
#12313=DIRECTION('center_axis',(0.,0.,-1.));
#12314=DIRECTION('ref_axis',(1.,0.,0.));
#12315=DIRECTION('',(0.,0.,-1.));
#12316=DIRECTION('center_axis',(0.,0.,-1.));
#12317=DIRECTION('ref_axis',(1.,0.,0.));
#12318=DIRECTION('',(0.707106781186552,-8.65956056235499E-17,0.707106781186543));
#12319=DIRECTION('center_axis',(0.,0.,1.));
#12320=DIRECTION('ref_axis',(1.,0.,0.));
#12321=DIRECTION('center_axis',(0.,0.,-1.));
#12322=DIRECTION('ref_axis',(1.,0.,0.));
#12323=DIRECTION('center_axis',(0.,0.,-1.));
#12324=DIRECTION('ref_axis',(1.,0.,0.));
#12325=DIRECTION('',(0.,0.,-1.));
#12326=DIRECTION('center_axis',(0.,0.,-1.));
#12327=DIRECTION('ref_axis',(1.,0.,0.));
#12328=DIRECTION('',(0.707106781186552,-8.65956056235499E-17,0.707106781186543));
#12329=DIRECTION('center_axis',(0.,0.,1.));
#12330=DIRECTION('ref_axis',(1.,0.,0.));
#12331=DIRECTION('center_axis',(0.,0.,-1.));
#12332=DIRECTION('ref_axis',(1.,0.,0.));
#12333=DIRECTION('center_axis',(0.,0.,-1.));
#12334=DIRECTION('ref_axis',(1.,0.,0.));
#12335=DIRECTION('',(0.,0.,-1.));
#12336=DIRECTION('center_axis',(0.,0.,-1.));
#12337=DIRECTION('ref_axis',(1.,0.,0.));
#12338=DIRECTION('',(0.707106781186552,-8.65956056235499E-17,0.707106781186543));
#12339=DIRECTION('center_axis',(0.,0.,1.));
#12340=DIRECTION('ref_axis',(1.,0.,0.));
#12341=DIRECTION('center_axis',(0.,0.,-1.));
#12342=DIRECTION('ref_axis',(1.,0.,0.));
#12343=DIRECTION('center_axis',(0.,0.,-1.));
#12344=DIRECTION('ref_axis',(1.,0.,0.));
#12345=DIRECTION('',(0.,0.,-1.));
#12346=DIRECTION('center_axis',(0.,0.,-1.));
#12347=DIRECTION('ref_axis',(1.,0.,0.));
#12348=DIRECTION('',(0.707106781186552,-8.65956056235499E-17,0.707106781186543));
#12349=DIRECTION('center_axis',(0.,0.,1.));
#12350=DIRECTION('ref_axis',(1.,0.,0.));
#12351=DIRECTION('center_axis',(0.,0.,-1.));
#12352=DIRECTION('ref_axis',(1.,0.,0.));
#12353=DIRECTION('center_axis',(0.,0.,-1.));
#12354=DIRECTION('ref_axis',(1.,0.,0.));
#12355=DIRECTION('',(0.,0.,-1.));
#12356=DIRECTION('center_axis',(0.,0.,-1.));
#12357=DIRECTION('ref_axis',(1.,0.,0.));
#12358=DIRECTION('',(0.707106781186552,-8.65956056235499E-17,0.707106781186543));
#12359=DIRECTION('center_axis',(0.,0.,1.));
#12360=DIRECTION('ref_axis',(1.,0.,0.));
#12361=DIRECTION('center_axis',(0.,0.,-1.));
#12362=DIRECTION('ref_axis',(1.,0.,0.));
#12363=DIRECTION('center_axis',(0.,0.,-1.));
#12364=DIRECTION('ref_axis',(1.,0.,0.));
#12365=DIRECTION('',(0.,0.,-1.));
#12366=DIRECTION('center_axis',(-0.344504650844171,-0.617508336418797,-0.707106781186565));
#12367=DIRECTION('ref_axis',(-0.898981493242737,0.,0.437986614872029));
#12368=DIRECTION('',(0.344504650844191,0.617508336418827,-0.70710678118653));
#12369=DIRECTION('',(-0.344504650844191,-0.617508336418827,0.70710678118653));
#12370=DIRECTION('',(-0.873288664241933,0.487203149524447,0.));
#12371=DIRECTION('center_axis',(0.,0.,-1.));
#12372=DIRECTION('ref_axis',(-0.0305733584814859,0.999532525609428,0.));
#12373=DIRECTION('',(-0.381601569295424,0.595298448100854,-0.707106781186537));
#12374=DIRECTION('center_axis',(0.381601569295418,-0.595298448100853,-0.707106781186541));
#12375=DIRECTION('ref_axis',(-0.880028213845143,0.,-0.474921407010178));
#12376=DIRECTION('',(-0.381601569295408,0.595298448100843,-0.707106781186554));
#12377=DIRECTION('center_axis',(0.,0.,-1.));
#12378=DIRECTION('ref_axis',(-0.959655964125658,-0.281176866968202,0.));
#12379=DIRECTION('',(0.,-0.707106781186552,-0.707106781186543));
#12380=DIRECTION('center_axis',(0.,0.707106781186543,-0.707106781186552));
#12381=DIRECTION('ref_axis',(-1.,0.,0.));
#12382=DIRECTION('',(0.,-0.707106781186552,-0.707106781186543));
#12383=DIRECTION('center_axis',(0.,0.,-1.));
#12384=DIRECTION('ref_axis',(0.500000000000001,-0.866025403784438,0.));
#12385=DIRECTION('center_axis',(0.,0.,1.));
#12386=DIRECTION('ref_axis',(0.500000000000002,-0.866025403784438,0.));
#12387=DIRECTION('',(0.612372435695791,-0.353553390593279,-0.707106781186548));
#12388=DIRECTION('center_axis',(0.,0.,1.));
#12389=DIRECTION('ref_axis',(-1.,0.,0.));
#12390=DIRECTION('',(0.535874166526885,-0.461344640858787,-0.707106781186543));
#12391=DIRECTION('center_axis',(0.,0.,-1.));
#12392=DIRECTION('ref_axis',(-1.,0.,0.));
#12393=DIRECTION('center_axis',(0.,0.,-1.));
#12394=DIRECTION('ref_axis',(0.487203149524442,0.873288664241935,0.));
#12395=DIRECTION('center_axis',(0.,0.,1.));
#12396=DIRECTION('ref_axis',(0.487203149524442,0.873288664241936,0.));
#12397=DIRECTION('center_axis',(-0.487203149524447,-0.873288664241933,0.));
#12398=DIRECTION('ref_axis',(-0.873288664241933,0.487203149524447,0.));
#12399=DIRECTION('',(0.,0.,-1.));
#12400=DIRECTION('center_axis',(-0.663118266660613,-0.245507972214813,-0.707106781186544));
#12401=DIRECTION('ref_axis',(-0.729431339779434,0.,0.684054033353784));
#12402=DIRECTION('',(0.663118266660608,0.245507972214807,-0.707106781186551));
#12403=DIRECTION('',(-0.663118266660608,-0.245507972214807,0.707106781186551));
#12404=DIRECTION('',(-0.347200703976904,0.937790846168773,0.));
#12405=DIRECTION('center_axis',(0.,0.,-1.));
#12406=DIRECTION('ref_axis',(0.937790846168772,0.347200703976906,0.));
#12407=DIRECTION('center_axis',(0.,0.,1.));
#12408=DIRECTION('ref_axis',(0.937790846168772,0.347200703976906,0.));
#12409=DIRECTION('',(-0.707106781186552,0.,-0.707106781186543));
#12410=DIRECTION('center_axis',(0.707106781186518,0.,-0.707106781186577));
#12411=DIRECTION('ref_axis',(-0.707106781186577,0.,-0.707106781186518));
#12412=DIRECTION('',(-0.707106781186577,0.,-0.707106781186518));
#12413=DIRECTION('',(0.,-1.,0.));
#12414=DIRECTION('center_axis',(0.,0.,-1.));
#12415=DIRECTION('ref_axis',(-0.862323358585526,-0.506358001060296,0.));
#12416=DIRECTION('',(-0.344504650844191,-0.617508336418827,-0.70710678118653));
#12417=DIRECTION('center_axis',(0.344504650844176,0.617508336418807,-0.707106781186554));
#12418=DIRECTION('ref_axis',(-0.898981493242731,0.,-0.43798661487204));
#12419=DIRECTION('',(-0.344504650844196,-0.617508336418811,-0.707106781186541));
#12420=DIRECTION('center_axis',(0.,0.,-1.));
#12421=DIRECTION('ref_axis',(0.937790846168772,0.347200703976906,0.));
#12422=DIRECTION('center_axis',(1.,0.,0.));
#12423=DIRECTION('ref_axis',(0.,-1.,0.));
#12424=DIRECTION('',(0.,0.,-1.));
#12425=DIRECTION('center_axis',(0.,0.,1.));
#12426=DIRECTION('ref_axis',(0.937790846168772,0.347200703976906,0.));
#12427=DIRECTION('',(0.,0.,1.));
#12428=DIRECTION('center_axis',(0.937790846168773,0.347200703976904,0.));
#12429=DIRECTION('ref_axis',(0.347200703976904,-0.937790846168773,0.));
#12430=DIRECTION('center_axis',(0.1245563309476,-0.696050084707178,-0.707106781186549));
#12431=DIRECTION('ref_axis',(-0.984837670860774,0.,-0.17347841956141));
#12432=DIRECTION('',(-0.124556330947593,0.696050084707183,-0.707106781186546));
#12433=DIRECTION('',(0.124556330947568,-0.696050084707185,0.707106781186548));
#12434=DIRECTION('',(-0.984363469883835,-0.176149252505528,0.));
#12435=DIRECTION('center_axis',(0.,0.,-1.));
#12436=DIRECTION('ref_axis',(-0.996083196797292,-0.0884209537275373,0.));
#12437=DIRECTION('center_axis',(0.,0.,1.));
#12438=DIRECTION('ref_axis',(-0.996083196797292,-0.0884209537275373,0.));
#12439=DIRECTION('',(0.,-0.707106781186546,-0.707106781186549));
#12440=DIRECTION('center_axis',(1.04672830578919E-16,0.707106781186549,
-0.707106781186546));
#12441=DIRECTION('ref_axis',(-1.,0.,-1.48029736616688E-16));
#12442=DIRECTION('',(0.,-0.707106781186546,-0.707106781186549));
#12443=DIRECTION('',(1.,-1.48029736616688E-16,0.));
#12444=DIRECTION('center_axis',(0.,0.,-1.));
#12445=DIRECTION('ref_axis',(0.499999999999999,-0.866025403784439,0.));
#12446=DIRECTION('center_axis',(0.,0.,1.));
#12447=DIRECTION('ref_axis',(0.499999999999999,-0.866025403784439,0.));
#12448=DIRECTION('',(0.612372435695825,-0.353553390593257,-0.707106781186529));
#12449=DIRECTION('center_axis',(0.,0.,1.));
#12450=DIRECTION('ref_axis',(-1.,0.,0.));
#12451=DIRECTION('',(-0.235958080026496,-0.666576165543149,-0.707106781186549));
#12452=DIRECTION('center_axis',(0.,0.,-1.));
#12453=DIRECTION('ref_axis',(0.182352078457001,-0.983233298603344,0.));
#12454=DIRECTION('',(0.459292852904343,-0.53763377430274,-0.707106781186533));
#12455=DIRECTION('center_axis',(-0.459292852904323,0.53763377430272,-0.707106781186562));
#12456=DIRECTION('ref_axis',(-0.838620541316051,0.,0.544716061524509));
#12457=DIRECTION('',(0.459292852904343,-0.53763377430274,-0.707106781186533));
#12458=DIRECTION('center_axis',(0.,0.,-1.));
#12459=DIRECTION('ref_axis',(-0.176149252505535,0.984363469883834,0.));
#12460=DIRECTION('center_axis',(0.,0.,-1.));
#12461=DIRECTION('ref_axis',(0.499999999999999,-0.866025403784439,0.));
#12462=DIRECTION('',(0.,0.,1.));
#12463=DIRECTION('center_axis',(1.48029736616688E-16,1.,0.));
#12464=DIRECTION('ref_axis',(1.,-1.48029736616688E-16,0.));
#12465=DIRECTION('',(0.,0.,-1.));
#12466=DIRECTION('center_axis',(0.,0.,1.));
#12467=DIRECTION('ref_axis',(-0.996083196797292,-0.0884209537275373,0.));
#12468=DIRECTION('',(0.,0.,1.));
#12469=DIRECTION('center_axis',(-0.176149252505528,0.984363469883835,0.));
#12470=DIRECTION('ref_axis',(0.984363469883835,0.176149252505528,0.));
#12471=DIRECTION('center_axis',(0.689650647485659,0.156147316411848,-0.70710678118654));
#12472=DIRECTION('ref_axis',(-0.715888022828102,0.,-0.698215109240176));
#12473=DIRECTION('',(-0.689650647485644,-0.156147316411848,-0.707106781186555));
#12474=DIRECTION('',(0.689650647485657,0.156147316411845,0.707106781186543));
#12475=DIRECTION('center_axis',(0.,0.,-1.));
#12476=DIRECTION('ref_axis',(-0.975313298973595,-0.220825652597796,0.));
#12477=DIRECTION('',(0.525007905336822,-0.473673621108285,-0.707106781186553));
#12478=DIRECTION('center_axis',(0.,0.,1.));
#12479=DIRECTION('ref_axis',(-1.,0.,0.));
#12480=DIRECTION('',(0.353553390593262,-0.612372435695781,-0.707106781186565));
#12481=DIRECTION('center_axis',(0.,0.,-1.));
#12482=DIRECTION('ref_axis',(-1.,0.,0.));
#12483=DIRECTION('center_axis',(0.,0.,-1.));
#12484=DIRECTION('ref_axis',(0.866025403784436,-0.500000000000005,0.));
#12485=DIRECTION('center_axis',(0.,0.,1.));
#12486=DIRECTION('ref_axis',(0.866025403784436,-0.500000000000005,0.));
#12487=DIRECTION('',(0.707106781186552,0.,-0.707106781186543));
#12488=DIRECTION('center_axis',(-0.707106781186555,0.,-0.70710678118654));
#12489=DIRECTION('ref_axis',(-0.70710678118654,0.,0.707106781186555));
#12490=DIRECTION('',(0.70710678118654,0.,-0.707106781186555));
#12491=DIRECTION('',(0.,1.,0.));
#12492=DIRECTION('center_axis',(0.,0.,-1.));
#12493=DIRECTION('ref_axis',(0.862323358585531,0.506358001060287,0.));
#12494=DIRECTION('center_axis',(0.,0.,1.));
#12495=DIRECTION('ref_axis',(0.862323358585531,0.506358001060287,0.));
#12496=DIRECTION('',(0.344504650844174,0.617508336418817,-0.707106781186547));
#12497=DIRECTION('center_axis',(-0.344504650844171,-0.617508336418797,-0.707106781186565));
#12498=DIRECTION('ref_axis',(-0.898981493242737,0.,0.437986614872029));
#12499=DIRECTION('',(0.344504650844191,0.617508336418827,-0.70710678118653));
#12500=DIRECTION('center_axis',(0.,0.,-1.));
#12501=DIRECTION('ref_axis',(-0.975313298973595,-0.220825652597796,0.));
#12502=DIRECTION('center_axis',(0.,0.,1.));
#12503=DIRECTION('ref_axis',(0.866025403784436,-0.500000000000005,0.));
#12504=DIRECTION('',(0.,0.,-1.));
#12505=DIRECTION('',(0.,0.,1.));
#12506=DIRECTION('center_axis',(0.,0.,-1.));
#12507=DIRECTION('ref_axis',(-1.,0.,0.));
#12508=DIRECTION('center_axis',(0.,0.,-1.));
#12509=DIRECTION('ref_axis',(-0.967803870689184,0.251705518173585,0.));
#12510=DIRECTION('center_axis',(-0.649538181678337,0.760328975208758,0.));
#12511=DIRECTION('ref_axis',(0.760328975208758,0.649538181678337,0.));
#12512=DIRECTION('center_axis',(0.,0.,-1.));
#12513=DIRECTION('ref_axis',(0.813941029804996,-0.580947501931097,0.));
#12514=DIRECTION('',(0.,0.,1.));
#12515=DIRECTION('center_axis',(0.,0.,1.));
#12516=DIRECTION('ref_axis',(-0.813941029804979,-0.580947501931122,0.));
#12517=DIRECTION('',(0.,0.,-1.));
#12518=DIRECTION('center_axis',(0.,0.,-1.));
#12519=DIRECTION('ref_axis',(0.862323358585531,0.506358001060287,0.));
#12520=DIRECTION('',(0.,0.,1.));
#12521=DIRECTION('center_axis',(0.,0.,1.));
#12522=DIRECTION('ref_axis',(1.,0.,0.));
#12523=DIRECTION('center_axis',(0.,0.,-1.));
#12524=DIRECTION('ref_axis',(0.967803870689188,-0.251705518173569,0.));
#12525=DIRECTION('',(0.,0.,1.));
#12526=DIRECTION('center_axis',(0.,0.,-1.));
#12527=DIRECTION('ref_axis',(-0.707106781186541,-0.707106781186554,0.));
#12528=DIRECTION('',(0.,0.,-1.));
#12529=DIRECTION('center_axis',(0.,1.,0.));
#12530=DIRECTION('ref_axis',(1.,0.,0.));
#12531=DIRECTION('center_axis',(0.,0.,1.));
#12532=DIRECTION('ref_axis',(0.506358001060288,-0.862323358585531,0.));
#12533=DIRECTION('center_axis',(0.,0.,-1.));
#12534=DIRECTION('ref_axis',(0.500000000000002,-0.866025403784438,0.));
#12535=DIRECTION('',(0.,0.,-1.));
#12536=DIRECTION('center_axis',(0.,0.,-1.));
#12537=DIRECTION('ref_axis',(-1.,0.,0.));
#12538=DIRECTION('',(0.,0.,1.));
#12539=DIRECTION('center_axis',(0.,0.,-1.));
#12540=DIRECTION('ref_axis',(-0.487203149524442,-0.873288664241936,0.));
#12541=DIRECTION('center_axis',(0.,0.,-1.));
#12542=DIRECTION('ref_axis',(-0.866025403784436,-0.500000000000005,0.));
#12543=DIRECTION('center_axis',(0.,0.,1.));
#12544=DIRECTION('ref_axis',(1.,0.,0.));
#12545=DIRECTION('',(0.707106781186547,-8.65956056235493E-17,-0.707106781186548));
#12546=DIRECTION('center_axis',(0.,0.,1.));
#12547=DIRECTION('ref_axis',(1.,0.,0.));
#12548=DIRECTION('',(0.707106781186547,-8.65956056235493E-17,-0.707106781186548));
#12549=DIRECTION('center_axis',(0.,0.,1.));
#12550=DIRECTION('ref_axis',(1.,0.,0.));
#12551=DIRECTION('',(0.707106781186547,-8.65956056235493E-17,-0.707106781186548));
#12552=DIRECTION('center_axis',(0.,0.,1.));
#12553=DIRECTION('ref_axis',(1.,0.,0.));
#12554=DIRECTION('',(0.707106781186547,-8.65956056235493E-17,-0.707106781186548));
#12555=DIRECTION('center_axis',(0.,0.,-1.));
#12556=DIRECTION('ref_axis',(1.,0.,0.));
#12557=DIRECTION('center_axis',(0.,0.,-1.));
#12558=DIRECTION('ref_axis',(1.,0.,0.));
#12559=DIRECTION('center_axis',(0.,0.,-1.));
#12560=DIRECTION('ref_axis',(1.,0.,0.));
#12561=DIRECTION('center_axis',(0.,0.,-1.));
#12562=DIRECTION('ref_axis',(1.,0.,0.));
#12563=DIRECTION('center_axis',(0.,-1.,0.));
#12564=DIRECTION('ref_axis',(-1.,0.,0.));
#12565=DIRECTION('center_axis',(-1.,0.,0.));
#12566=DIRECTION('ref_axis',(0.,1.,0.));
#12567=DIRECTION('center_axis',(0.,0.,1.));
#12568=DIRECTION('ref_axis',(-0.707106781186554,-0.707106781186541,0.));
#12569=DIRECTION('center_axis',(0.707106781186543,0.,-0.707106781186552));
#12570=DIRECTION('ref_axis',(-0.707106781186552,-4.90653893338683E-17,-0.707106781186543));
#12571=DIRECTION('',(0.,0.,-1.));
#12572=DIRECTION('center_axis',(0.,0.,1.));
#12573=DIRECTION('ref_axis',(-0.707106781186554,-0.707106781186541,0.));
#12574=DIRECTION('center_axis',(0.,0.707106781186549,0.707106781186546));
#12575=DIRECTION('ref_axis',(4.90653893338679E-17,-0.707106781186546,0.707106781186549));
#12576=DIRECTION('',(0.,0.,1.));
#12577=DIRECTION('center_axis',(0.,0.707106781186549,-0.707106781186546));
#12578=DIRECTION('ref_axis',(4.90653893338679E-17,-0.707106781186546,-0.707106781186549));
#12579=DIRECTION('center_axis',(-1.,0.,0.));
#12580=DIRECTION('ref_axis',(0.,-1.,0.));
#12581=DIRECTION('',(0.,-1.,0.));
#12582=DIRECTION('',(0.,0.,1.));
#12583=DIRECTION('',(0.,1.,0.));
#12584=DIRECTION('center_axis',(-0.707106781186543,0.,0.707106781186552));
#12585=DIRECTION('ref_axis',(0.707106781186552,0.,0.707106781186543));
#12586=DIRECTION('',(-0.577350269189632,-0.577350269189622,-0.577350269189624));
#12587=DIRECTION('',(0.,1.,0.));
#12588=DIRECTION('',(-0.705604655872818,0.0651470584233584,-0.705604655872809));
#12589=DIRECTION('center_axis',(0.,-0.707106781186549,0.707106781186546));
#12590=DIRECTION('ref_axis',(1.,0.,0.));
#12591=DIRECTION('',(1.,0.,0.));
#12592=DIRECTION('center_axis',(0.,0.707106781186549,-0.707106781186546));
#12593=DIRECTION('ref_axis',(-4.90653893338679E-17,-0.707106781186546,-0.707106781186549));
#12594=DIRECTION('',(0.577350269189632,-0.577350269189622,-0.577350269189624));
#12595=DIRECTION('',(-1.,0.,0.));
#12596=DIRECTION('center_axis',(0.,0.,1.));
#12597=DIRECTION('ref_axis',(0.707106781186554,-0.707106781186541,0.));
#12598=DIRECTION('',(0.,0.,-1.));
#12599=DIRECTION('center_axis',(0.,0.707106781186549,0.707106781186546));
#12600=DIRECTION('ref_axis',(-4.90653893338679E-17,-0.707106781186546,0.707106781186549));
#12601=DIRECTION('center_axis',(0.,0.,1.));
#12602=DIRECTION('ref_axis',(0.707106781186554,-0.707106781186541,0.));
#12603=DIRECTION('',(0.,0.,1.));
#12604=DIRECTION('center_axis',(-0.707106781186543,0.,-0.707106781186552));
#12605=DIRECTION('ref_axis',(0.707106781186552,-4.90653893338683E-17,-0.707106781186543));
#12606=DIRECTION('center_axis',(1.,0.,0.));
#12607=DIRECTION('ref_axis',(0.,1.,0.));
#12608=DIRECTION('',(0.,1.,0.));
#12609=DIRECTION('',(0.,0.,1.));
#12610=DIRECTION('',(0.,1.,0.));
#12611=DIRECTION('center_axis',(0.,0.,1.));
#12612=DIRECTION('ref_axis',(1.,0.,0.));
#12613=DIRECTION('',(0.183095189484532,0.98309518948453,0.));
#12614=DIRECTION('center_axis',(0.,0.,-1.));
#12615=DIRECTION('ref_axis',(1.,0.,0.));
#12616=DIRECTION('',(-0.183095189484531,0.98309518948453,0.));
#12617=DIRECTION('',(1.,0.,0.));
#12618=DIRECTION('center_axis',(0.,-0.707106781186549,-0.707106781186546));
#12619=DIRECTION('ref_axis',(-1.,0.,0.));
#12620=DIRECTION('',(-1.,0.,0.));
#12621=DIRECTION('center_axis',(0.707106781186543,0.,0.707106781186552));
#12622=DIRECTION('ref_axis',(0.707106781186552,0.,-0.707106781186543));
#12623=DIRECTION('',(0.705604655872818,0.0651470584233709,-0.705604655872808));
#12624=DIRECTION('',(0.,-1.,0.));
#12625=DIRECTION('center_axis',(-0.695153275036379,0.129467850087148,0.707106781186553));
#12626=DIRECTION('ref_axis',(0.71310857380213,0.,0.701053608485037));
#12627=DIRECTION('',(0.183095189484532,0.98309518948453,0.));
#12628=DIRECTION('',(-0.695153275036389,0.129467850087155,-0.707106781186542));
#12629=DIRECTION('',(-0.183095189484532,-0.98309518948453,0.));
#12630=DIRECTION('center_axis',(0.,0.,-1.));
#12631=DIRECTION('ref_axis',(1.,0.,0.));
#12632=DIRECTION('center_axis',(0.,0.,-1.));
#12633=DIRECTION('ref_axis',(1.,0.,0.));
#12634=DIRECTION('',(0.695153275036395,0.129467850087094,-0.707106781186548));
#12635=DIRECTION('center_axis',(0.,0.,1.));
#12636=DIRECTION('ref_axis',(1.,0.,0.));
#12637=DIRECTION('center_axis',(0.69515327503638,0.129467850087147,0.707106781186553));
#12638=DIRECTION('ref_axis',(0.71310857380213,0.,-0.701053608485037));
#12639=DIRECTION('',(-0.183095189484531,0.98309518948453,0.));
#12640=DIRECTION('',(0.183095189484531,-0.98309518948453,0.));
#12641=DIRECTION('center_axis',(0.,0.,-1.));
#12642=DIRECTION('ref_axis',(1.,0.,0.));
#12643=DIRECTION('',(0.,0.,1.));
#12644=DIRECTION('center_axis',(0.,0.,-1.));
#12645=DIRECTION('ref_axis',(1.,0.,0.));
#12646=DIRECTION('',(0.,0.,1.));
#12647=DIRECTION('center_axis',(0.98309518948453,0.183095189484531,0.));
#12648=DIRECTION('ref_axis',(-0.183095189484531,0.98309518948453,0.));
#12649=DIRECTION('center_axis',(0.,0.,1.));
#12650=DIRECTION('ref_axis',(1.,0.,0.));
#12651=DIRECTION('center_axis',(0.,0.,-1.));
#12652=DIRECTION('ref_axis',(1.,0.,0.));
#12653=DIRECTION('center_axis',(0.,0.,1.));
#12654=DIRECTION('ref_axis',(-1.71512449944288E-15,-1.,0.));
#12655=DIRECTION('center_axis',(0.,0.,-1.));
#12656=DIRECTION('ref_axis',(1.,0.,0.));
#12657=DIRECTION('center_axis',(0.,0.,-1.));
#12658=DIRECTION('ref_axis',(1.,0.,0.));
#12659=DIRECTION('center_axis',(0.,0.,-1.));
#12660=DIRECTION('ref_axis',(1.,0.,0.));
#12661=DIRECTION('center_axis',(0.,0.,-1.));
#12662=DIRECTION('ref_axis',(1.,0.,0.));
#12663=DIRECTION('center_axis',(0.,0.,-1.));
#12664=DIRECTION('ref_axis',(1.,0.,0.));
#12665=DIRECTION('',(0.,0.,-1.));
#12666=DIRECTION('center_axis',(0.,0.,-1.));
#12667=DIRECTION('ref_axis',(1.,0.,0.));
#12668=DIRECTION('',(0.,0.,-1.));
#12669=DIRECTION('center_axis',(0.,0.,1.));
#12670=DIRECTION('ref_axis',(1.,0.,0.));
#12671=DIRECTION('center_axis',(0.,-1.,0.));
#12672=DIRECTION('ref_axis',(1.,0.,0.));
#12673=DIRECTION('center_axis',(-0.98309518948453,0.183095189484533,0.));
#12674=DIRECTION('ref_axis',(-0.183095189484532,-0.98309518948453,0.));
#12675=DIRECTION('center_axis',(0.,0.,1.));
#12676=DIRECTION('ref_axis',(1.,0.,0.));
#12677=DIRECTION('center_axis',(0.,0.,-1.));
#12678=DIRECTION('ref_axis',(-1.,0.,0.));
#12679=DIRECTION('center_axis',(0.,0.,1.));
#12680=DIRECTION('ref_axis',(0.,1.,0.));
#12681=DIRECTION('center_axis',(0.,0.,-1.));
#12682=DIRECTION('ref_axis',(0.,1.,0.));
#12683=DIRECTION('center_axis',(0.,0.,-1.));
#12684=DIRECTION('ref_axis',(-1.,0.,0.));
#12685=DIRECTION('center_axis',(0.,0.,-1.));
#12686=DIRECTION('ref_axis',(0.883427677289595,0.468567539420638,0.));
#12687=DIRECTION('center_axis',(0.,0.,-1.));
#12688=DIRECTION('ref_axis',(-4.4408920985006E-15,-1.,0.));
#12689=DIRECTION('',(-5.55111512312578E-16,1.,0.));
#12690=DIRECTION('center_axis',(0.,0.,-1.));
#12691=DIRECTION('ref_axis',(1.,0.,0.));
#12692=DIRECTION('center_axis',(0.,0.,1.));
#12693=DIRECTION('ref_axis',(0.25140136577742,0.9678829233359,0.));
#12694=DIRECTION('',(0.873594706570495,-0.486654177678575,0.));
#12695=DIRECTION('center_axis',(0.,0.,-1.));
#12696=DIRECTION('ref_axis',(-0.251401365777421,-0.9678829233359,0.));
#12697=DIRECTION('',(1.,0.,0.));
#12698=DIRECTION('center_axis',(0.,0.,-1.));
#12699=DIRECTION('ref_axis',(4.4408920985006E-15,1.,0.));
#12700=DIRECTION('center_axis',(0.,0.,-1.));
#12701=DIRECTION('ref_axis',(-0.707106781186548,0.707106781186548,0.));
#12702=DIRECTION('',(-0.970811205973338,-0.239844954828308,0.));
#12703=DIRECTION('',(-0.277693779135818,-0.960669644065673,0.));
#12704=DIRECTION('center_axis',(0.,0.,1.));
#12705=DIRECTION('ref_axis',(0.312249854584104,0.950000014901161,0.));
#12706=DIRECTION('',(-1.,-1.42222391245485E-15,0.));
#12707=DIRECTION('center_axis',(0.,0.,1.));
#12708=DIRECTION('ref_axis',(-0.949999985098839,0.312249945255729,0.));
#12709=DIRECTION('',(-0.277693980560398,0.960669585841314,0.));
#12710=DIRECTION('',(-0.970811256261849,0.239844751277342,0.));
#12711=DIRECTION('',(-0.693117275701457,-0.720824834563981,0.));
#12712=DIRECTION('',(0.277693980560395,-0.960669585841315,0.));
#12713=DIRECTION('',(0.970811256261852,-0.239844751277331,0.));
#12714=DIRECTION('center_axis',(0.,0.,1.));
#12715=DIRECTION('ref_axis',(-0.949999985098839,0.312249945255729,0.));
#12716=DIRECTION('',(0.,-1.,0.));
#12717=DIRECTION('center_axis',(0.,0.,1.));
#12718=DIRECTION('ref_axis',(-0.312249945255729,-0.949999985098839,0.));
#12719=DIRECTION('',(-0.970811256261852,-0.239844751277331,0.));
#12720=DIRECTION('',(-0.277693980560395,-0.960669585841315,0.));
#12721=DIRECTION('',(0.693117275701457,-0.720824834563981,0.));
#12722=DIRECTION('',(0.970811256261849,0.239844751277342,0.));
#12723=DIRECTION('',(0.277693980560398,0.960669585841314,0.));
#12724=DIRECTION('center_axis',(0.,0.,1.));
#12725=DIRECTION('ref_axis',(-0.312249945255729,-0.949999985098839,0.));
#12726=DIRECTION('',(1.,-1.49558165450438E-15,0.));
#12727=DIRECTION('center_axis',(0.,0.,1.));
#12728=DIRECTION('ref_axis',(0.617274353464757,-0.786747972704517,0.));
#12729=DIRECTION('center_axis',(0.,0.,1.));
#12730=DIRECTION('ref_axis',(0.950000014901161,-0.312249854584104,0.));
#12731=DIRECTION('',(0.277693779135818,-0.960669644065673,0.));
#12732=DIRECTION('',(0.970811205973338,-0.239844954828308,0.));
#12733=DIRECTION('',(0.693117426837527,0.720824689237353,0.));
#12734=DIRECTION('center_axis',(0.,0.,-1.));
#12735=DIRECTION('ref_axis',(-0.59155064223443,-0.806267844870446,0.));
#12736=DIRECTION('center_axis',(0.,0.,-1.));
#12737=DIRECTION('ref_axis',(1.,-4.4408920985006E-15,0.));
#12738=DIRECTION('',(-1.,0.,0.));
#12739=DIRECTION('center_axis',(0.,0.,-1.));
#12740=DIRECTION('ref_axis',(-0.707106781186547,0.707106781186547,0.));
#12741=DIRECTION('center_axis',(0.,0.,1.));
#12742=DIRECTION('ref_axis',(1.,0.,0.));
#12743=DIRECTION('center_axis',(0.,0.,1.));
#12744=DIRECTION('ref_axis',(1.,0.,0.));
#12745=DIRECTION('center_axis',(0.,0.,1.));
#12746=DIRECTION('ref_axis',(1.,0.,0.));
#12747=DIRECTION('',(0.,0.,1.));
#12748=DIRECTION('',(0.,0.,1.));
#12749=DIRECTION('center_axis',(0.,0.,1.));
#12750=DIRECTION('ref_axis',(-1.,0.,0.));
#12751=DIRECTION('',(0.,0.,-1.));
#12752=DIRECTION('center_axis',(0.,0.,-1.));
#12753=DIRECTION('ref_axis',(1.,0.,0.));
#12754=DIRECTION('center_axis',(0.,0.,1.));
#12755=DIRECTION('ref_axis',(-1.,0.,0.));
#12756=DIRECTION('center_axis',(0.,0.,-1.));
#12757=DIRECTION('ref_axis',(-1.,0.,0.));
#12758=DIRECTION('center_axis',(-0.672512804765896,0.740085486566186,-2.62931183160541E-15));
#12759=DIRECTION('ref_axis',(0.,3.5527136788005E-15,1.));
#12760=DIRECTION('center_axis',(0.,0.,1.));
#12761=DIRECTION('ref_axis',(-0.59155064223443,-0.806267844870446,0.));
#12762=DIRECTION('center_axis',(0.,0.,-1.));
#12763=DIRECTION('ref_axis',(-1.,0.,0.));
#12764=DIRECTION('center_axis',(0.,1.,0.));
#12765=DIRECTION('ref_axis',(0.,0.,1.));
#12766=DIRECTION('center_axis',(0.,0.,1.));
#12767=DIRECTION('ref_axis',(-1.,0.,0.));
#12768=DIRECTION('center_axis',(0.,-1.,0.));
#12769=DIRECTION('ref_axis',(0.707106781186547,0.,0.707106781186547));
#12770=DIRECTION('center_axis',(0.,1.,0.));
#12771=DIRECTION('ref_axis',(0.,0.,1.));
#12772=DIRECTION('',(0.,-1.,0.));
#12773=DIRECTION('center_axis',(0.,-1.,0.));
#12774=DIRECTION('ref_axis',(1.,0.,0.));
#12775=DIRECTION('',(0.,1.,0.));
#12776=DIRECTION('center_axis',(0.,0.,-1.));
#12777=DIRECTION('ref_axis',(-1.,0.,0.));
#12778=DIRECTION('center_axis',(0.,0.,-1.));
#12779=DIRECTION('ref_axis',(-0.540061724867322,0.841625411530173,0.));
#12780=DIRECTION('center_axis',(0.,0.,1.));
#12781=DIRECTION('ref_axis',(-0.540061724867322,0.841625411530173,0.));
#12782=DIRECTION('center_axis',(0.,0.,-1.));
#12783=DIRECTION('ref_axis',(-0.540061724867322,0.841625411530173,0.));
#12784=DIRECTION('center_axis',(0.,1.,0.));
#12785=DIRECTION('ref_axis',(0.707106781186547,0.,0.707106781186547));
#12786=DIRECTION('center_axis',(-0.239844954828307,-0.970811205973338,0.));
#12787=DIRECTION('ref_axis',(0.970811205973338,-0.239844954828307,0.));
#12788=DIRECTION('',(0.,-1.,0.));
#12789=DIRECTION('center_axis',(-0.960669644065671,-0.277693779135825,0.));
#12790=DIRECTION('ref_axis',(0.277693779135825,-0.960669644065671,0.));
#12791=DIRECTION('center_axis',(0.,0.,-1.));
#12792=DIRECTION('ref_axis',(-1.,0.,0.));
#12793=DIRECTION('center_axis',(0.,0.,1.));
#12794=DIRECTION('ref_axis',(0.950000014901161,-0.312249854584104,0.));
#12795=DIRECTION('',(0.,1.,0.));
#12796=DIRECTION('center_axis',(0.,0.,1.));
#12797=DIRECTION('ref_axis',(0.312249854584104,0.950000014901161,0.));
#12798=DIRECTION('',(0.970811205973338,0.239844954828307,0.));
#12799=DIRECTION('center_axis',(0.,0.,-1.));
#12800=DIRECTION('ref_axis',(-0.540061724867334,-0.841625411530165,0.));
#12801=DIRECTION('',(0.,-1.,0.));
#12802=DIRECTION('center_axis',(0.,0.,-1.));
#12803=DIRECTION('ref_axis',(-1.,0.,0.));
#12804=DIRECTION('',(-0.970811205973338,0.239844954828307,0.));
#12805=DIRECTION('center_axis',(0.,0.,1.));
#12806=DIRECTION('ref_axis',(0.950000014901161,-0.312249854584104,0.));
#12807=DIRECTION('center_axis',(0.,0.,-1.));
#12808=DIRECTION('ref_axis',(-0.591550642234411,-0.80626784487046,0.));
#12809=DIRECTION('',(0.,0.,-1.));
#12810=DIRECTION('center_axis',(0.,0.,-1.));
#12811=DIRECTION('ref_axis',(-0.591550642234411,-0.80626784487046,0.));
#12812=DIRECTION('',(0.,0.,1.));
#12813=DIRECTION('center_axis',(-1.,0.,0.));
#12814=DIRECTION('ref_axis',(0.,-1.,0.));
#12815=DIRECTION('',(0.,0.,1.));
#12816=DIRECTION('',(0.,1.,0.));
#12817=DIRECTION('center_axis',(0.,0.,-1.));
#12818=DIRECTION('ref_axis',(-1.,0.,0.));
#12819=DIRECTION('center_axis',(0.,0.,1.));
#12820=DIRECTION('ref_axis',(-0.707106781186548,0.707106781186548,0.));
#12821=DIRECTION('center_axis',(-0.242092353075822,-0.970253210549809,0.));
#12822=DIRECTION('ref_axis',(0.970253210549809,-0.242092353075822,0.));
#12823=DIRECTION('center_axis',(0.,0.,-1.));
#12824=DIRECTION('ref_axis',(-1.,0.,0.));
#12825=DIRECTION('center_axis',(0.,0.,1.));
#12826=DIRECTION('ref_axis',(-1.,0.,0.));
#12827=DIRECTION('center_axis',(0.,-1.,0.));
#12828=DIRECTION('ref_axis',(1.,0.,0.));
#12829=DIRECTION('center_axis',(0.,0.,-1.));
#12830=DIRECTION('ref_axis',(-1.,0.,0.));
#12831=DIRECTION('center_axis',(-0.424146535243533,0.905593571444114,1.50687119757554E-15));
#12832=DIRECTION('ref_axis',(3.5527136788005E-15,0.,1.));
#12833=DIRECTION('center_axis',(0.,0.,1.));
#12834=DIRECTION('ref_axis',(-0.540061724867335,-0.841625411530165,0.));
#12835=DIRECTION('center_axis',(0.,0.,-1.));
#12836=DIRECTION('ref_axis',(-1.,0.,0.));
#12837=DIRECTION('center_axis',(0.,1.,0.));
#12838=DIRECTION('ref_axis',(0.,0.,1.));
#12839=DIRECTION('center_axis',(0.,0.,1.));
#12840=DIRECTION('ref_axis',(-1.,0.,0.));
#12841=DIRECTION('center_axis',(0.,-1.,0.));
#12842=DIRECTION('ref_axis',(0.707106781186547,0.,0.707106781186547));
#12843=DIRECTION('center_axis',(-0.720824689237353,-0.693117426837527,0.));
#12844=DIRECTION('ref_axis',(0.693117426837527,-0.720824689237352,0.));
#12845=DIRECTION('',(0.,-1.,0.));
#12846=DIRECTION('center_axis',(-0.960669644065671,0.277693779135825,0.));
#12847=DIRECTION('ref_axis',(0.277693779135825,0.960669644065671,0.));
#12848=DIRECTION('center_axis',(0.,0.,1.));
#12849=DIRECTION('ref_axis',(1.,0.,0.));
#12850=DIRECTION('',(0.707106781186546,8.65956056235492E-17,-0.707106781186549));
#12851=DIRECTION('center_axis',(0.,0.,1.));
#12852=DIRECTION('ref_axis',(1.,0.,0.));
#12853=DIRECTION('center_axis',(0.,0.,1.));
#12854=DIRECTION('ref_axis',(1.,0.,0.));
#12855=DIRECTION('center_axis',(0.,0.,-1.));
#12856=DIRECTION('ref_axis',(1.,0.,0.));
#12857=DIRECTION('center_axis',(0.,0.,1.));
#12858=DIRECTION('ref_axis',(1.,0.,0.));
#12859=DIRECTION('center_axis',(0.,0.,-1.));
#12860=DIRECTION('ref_axis',(1.,0.,0.));
#12861=DIRECTION('',(0.707106781186546,8.65956056235492E-17,-0.707106781186549));
#12862=DIRECTION('center_axis',(0.,0.,1.));
#12863=DIRECTION('ref_axis',(1.,0.,0.));
#12864=DIRECTION('center_axis',(0.,0.,1.));
#12865=DIRECTION('ref_axis',(1.,0.,0.));
#12866=DIRECTION('center_axis',(0.,0.,-1.));
#12867=DIRECTION('ref_axis',(1.,0.,0.));
#12868=DIRECTION('center_axis',(0.,0.,1.));
#12869=DIRECTION('ref_axis',(1.,0.,0.));
#12870=DIRECTION('',(0.,0.,1.));
#12871=DIRECTION('center_axis',(0.,0.,1.));
#12872=DIRECTION('ref_axis',(1.,0.,0.));
#12873=DIRECTION('',(0.,0.,1.));
#12874=DIRECTION('',(0.,0.,-1.));
#12875=DIRECTION('center_axis',(0.707106781186542,0.,-0.707106781186553));
#12876=DIRECTION('ref_axis',(-0.707106781186553,0.,-0.707106781186542));
#12877=DIRECTION('',(0.707106781186553,0.,0.707106781186542));
#12878=DIRECTION('',(0.,-1.,0.));
#12879=DIRECTION('',(-0.707106781186553,0.,-0.707106781186542));
#12880=DIRECTION('',(0.,1.,0.));
#12881=DIRECTION('center_axis',(0.,0.,1.));
#12882=DIRECTION('ref_axis',(1.,0.,0.));
#12883=DIRECTION('center_axis',(0.,0.,-1.));
#12884=DIRECTION('ref_axis',(1.,0.,0.));
#12885=DIRECTION('',(-0.0943768411140462,0.70078028786585,-0.707106781186541));
#12886=DIRECTION('center_axis',(0.,0.,1.));
#12887=DIRECTION('ref_axis',(1.,0.,0.));
#12888=DIRECTION('center_axis',(0.,0.,1.));
#12889=DIRECTION('ref_axis',(0.790569415042098,0.612372435695791,0.));
#12890=DIRECTION('',(0.176776695296652,0.684653196881453,0.707106781186549));
#12891=DIRECTION('center_axis',(0.,0.,-1.));
#12892=DIRECTION('ref_axis',(0.790569415042098,0.612372435695791,0.));
#12893=DIRECTION('center_axis',(0.,0.,1.));
#12894=DIRECTION('ref_axis',(0.790569415042098,0.612372435695791,0.));
#12895=DIRECTION('center_axis',(0.,0.,-1.));
#12896=DIRECTION('ref_axis',(0.,1.,0.));
#12897=DIRECTION('',(-0.212227971311797,0.674506699887321,-0.707106781186544));
#12898=DIRECTION('center_axis',(0.,0.,-1.));
#12899=DIRECTION('ref_axis',(0.,1.,0.));
#12900=DIRECTION('center_axis',(0.,0.,1.));
#12901=DIRECTION('ref_axis',(0.,1.,0.));
#12902=DIRECTION('center_axis',(0.,0.,-1.));
#12903=DIRECTION('ref_axis',(-0.099999999999998,-0.99498743710662,0.));
#12904=DIRECTION('',(0.294627825494407,0.642802025855883,0.707106781186555));
#12905=DIRECTION('center_axis',(0.,0.,1.));
#12906=DIRECTION('ref_axis',(-0.0999999999999979,-0.99498743710662,0.));
#12907=DIRECTION('center_axis',(0.,0.,-1.));
#12908=DIRECTION('ref_axis',(-0.099999999999998,-0.99498743710662,0.));
#12909=DIRECTION('center_axis',(0.,0.,1.));
#12910=DIRECTION('ref_axis',(-0.591550642234411,-0.80626784487046,0.));
#12911=DIRECTION('',(0.70710678118654,0.,-0.707106781186555));
#12912=DIRECTION('center_axis',(0.,0.,1.));
#12913=DIRECTION('ref_axis',(-0.591550642234411,-0.80626784487046,0.));
#12914=DIRECTION('center_axis',(0.,0.,1.));
#12915=DIRECTION('ref_axis',(-0.54006172486732,0.841625411530174,0.));
#12916=DIRECTION('',(-0.707106781186553,0.,0.707106781186542));
#12917=DIRECTION('center_axis',(0.,0.,-1.));
#12918=DIRECTION('ref_axis',(-0.540061724867321,0.841625411530174,0.));
#12919=DIRECTION('center_axis',(0.,0.,1.));
#12920=DIRECTION('ref_axis',(-0.540061724867321,0.841625411530174,0.));
#12921=DIRECTION('center_axis',(-0.707106781186555,0.,-0.70710678118654));
#12922=DIRECTION('ref_axis',(-0.70710678118654,0.,0.707106781186555));
#12923=DIRECTION('',(0.,-1.,0.));
#12924=DIRECTION('center_axis',(0.,0.,1.));
#12925=DIRECTION('ref_axis',(0.,-1.,0.));
#12926=DIRECTION('',(0.,0.,-1.));
#12927=DIRECTION('center_axis',(0.,0.,-1.));
#12928=DIRECTION('ref_axis',(0.,1.,0.));
#12929=DIRECTION('',(0.,0.,1.));
#12930=DIRECTION('center_axis',(0.,0.,1.));
#12931=DIRECTION('ref_axis',(-1.,0.,0.));
#12932=DIRECTION('',(0.,0.,1.));
#12933=DIRECTION('center_axis',(0.,0.,1.));
#12934=DIRECTION('ref_axis',(1.,0.,0.));
#12935=DIRECTION('center_axis',(1.,0.,0.));
#12936=DIRECTION('ref_axis',(0.,1.,0.));
#12937=DIRECTION('',(0.,0.,1.));
#12938=DIRECTION('',(0.,1.,0.));
#12939=DIRECTION('center_axis',(0.,0.,1.));
#12940=DIRECTION('ref_axis',(1.,0.,0.));
#12941=DIRECTION('center_axis',(0.707106781186555,0.,-0.70710678118654));
#12942=DIRECTION('ref_axis',(-0.70710678118654,0.,-0.707106781186555));
#12943=DIRECTION('',(0.70710678118654,0.,0.707106781186555));
#12944=DIRECTION('',(0.,-1.,0.));
#12945=DIRECTION('',(-0.70710678118654,0.,-0.707106781186555));
#12946=DIRECTION('',(0.,1.,0.));
#12947=DIRECTION('center_axis',(0.,0.,1.));
#12948=DIRECTION('ref_axis',(0.790569415042098,-0.612372435695791,0.));
#12949=DIRECTION('center_axis',(0.,0.,-1.));
#12950=DIRECTION('ref_axis',(0.790569415042098,-0.612372435695791,0.));
#12951=DIRECTION('',(-0.176776695296652,0.684653196881453,-0.707106781186549));
#12952=DIRECTION('center_axis',(0.,0.,1.));
#12953=DIRECTION('ref_axis',(0.790569415042098,-0.612372435695791,0.));
#12954=DIRECTION('center_axis',(0.,0.,1.));
#12955=DIRECTION('ref_axis',(0.707106781186554,0.707106781186541,0.));
#12956=DIRECTION('',(0.,0.707106781186547,0.707106781186548));
#12957=DIRECTION('center_axis',(0.,0.,-1.));
#12958=DIRECTION('ref_axis',(0.707106781186554,0.707106781186541,0.));
#12959=DIRECTION('center_axis',(0.,0.,1.));
#12960=DIRECTION('ref_axis',(0.707106781186554,0.707106781186541,0.));
#12961=DIRECTION('center_axis',(0.,0.,-1.));
#12962=DIRECTION('ref_axis',(-0.100000000000001,0.99498743710662,0.));
#12963=DIRECTION('',(-0.294627825494407,0.642802025855883,-0.707106781186555));
#12964=DIRECTION('center_axis',(0.,0.,-1.));
#12965=DIRECTION('ref_axis',(-0.100000000000001,0.99498743710662,0.));
#12966=DIRECTION('center_axis',(0.,0.,1.));
#12967=DIRECTION('ref_axis',(-0.100000000000001,0.99498743710662,0.));
#12968=DIRECTION('center_axis',(0.,0.707106781186549,-0.707106781186546));
#12969=DIRECTION('ref_axis',(-1.,0.,0.));
#12970=DIRECTION('',(0.,0.707106781186546,0.707106781186549));
#12971=DIRECTION('',(1.,0.,0.));
#12972=DIRECTION('',(-1.,0.,0.));
#12973=DIRECTION('center_axis',(0.,0.,1.));
#12974=DIRECTION('ref_axis',(-0.540061724867328,-0.841625411530169,0.));
#12975=DIRECTION('center_axis',(0.,0.,-1.));
#12976=DIRECTION('ref_axis',(-0.540061724867328,-0.841625411530169,0.));
#12977=DIRECTION('',(0.70710678118654,0.,-0.707106781186555));
#12978=DIRECTION('center_axis',(0.,0.,1.));
#12979=DIRECTION('ref_axis',(-0.540061724867328,-0.841625411530169,0.));
#12980=DIRECTION('center_axis',(0.,0.,1.));
#12981=DIRECTION('ref_axis',(-0.707106781186554,0.707106781186541,0.));
#12982=DIRECTION('',(-0.70710678118654,0.,0.707106781186555));
#12983=DIRECTION('center_axis',(0.,0.,-1.));
#12984=DIRECTION('ref_axis',(-0.707106781186554,0.707106781186541,0.));
#12985=DIRECTION('center_axis',(0.,0.,1.));
#12986=DIRECTION('ref_axis',(-0.707106781186554,0.707106781186541,0.));
#12987=DIRECTION('center_axis',(-0.707106781186555,0.,-0.70710678118654));
#12988=DIRECTION('ref_axis',(-0.70710678118654,0.,0.707106781186555));
#12989=DIRECTION('',(0.,1.,0.));
#12990=DIRECTION('',(0.,-1.,0.));
#12991=DIRECTION('center_axis',(0.,0.,-1.));
#12992=DIRECTION('ref_axis',(-0.540061724867328,-0.841625411530169,0.));
#12993=DIRECTION('',(0.,0.,-1.));
#12994=DIRECTION('',(0.,0.,1.));
#12995=DIRECTION('center_axis',(0.,0.,1.));
#12996=DIRECTION('ref_axis',(-0.100000000000001,0.99498743710662,0.));
#12997=DIRECTION('',(0.,0.,1.));
#12998=DIRECTION('center_axis',(0.,0.,-1.));
#12999=DIRECTION('ref_axis',(-0.100000000000001,0.99498743710662,0.));
#13000=DIRECTION('',(0.,0.,1.));
#13001=DIRECTION('center_axis',(0.,0.,1.));
#13002=DIRECTION('ref_axis',(0.790569415042098,-0.612372435695791,0.));
#13003=DIRECTION('',(0.,0.,1.));
#13004=DIRECTION('center_axis',(0.,0.,1.));
#13005=DIRECTION('ref_axis',(0.790569415042098,-0.612372435695791,0.));
#13006=DIRECTION('center_axis',(1.,0.,0.));
#13007=DIRECTION('ref_axis',(0.,1.,0.));
#13008=DIRECTION('',(0.,0.,1.));
#13009=DIRECTION('',(0.,1.,0.));
#13010=DIRECTION('center_axis',(0.,0.,1.));
#13011=DIRECTION('ref_axis',(1.,0.,0.));
#13012=DIRECTION('center_axis',(0.,0.,1.));
#13013=DIRECTION('ref_axis',(1.,0.,0.));
#13014=DIRECTION('center_axis',(0.,0.,1.));
#13015=DIRECTION('ref_axis',(1.,0.,0.));
#13016=DIRECTION('',(0.707106781186554,8.65956056235501E-17,-0.707106781186541));
#13017=DIRECTION('center_axis',(0.,0.,-1.));
#13018=DIRECTION('ref_axis',(1.,0.,0.));
#13019=DIRECTION('center_axis',(0.,0.,1.));
#13020=DIRECTION('ref_axis',(-1.,0.,0.));
#13021=DIRECTION('',(0.,-1.,0.));
#13022=DIRECTION('center_axis',(0.,0.,1.));
#13023=DIRECTION('ref_axis',(-0.100000000000001,0.99498743710662,0.));
#13024=DIRECTION('center_axis',(0.,0.,-1.));
#13025=DIRECTION('ref_axis',(0.790569415042098,-0.612372435695791,0.));
#13026=DIRECTION('',(0.,-1.,0.));
#13027=DIRECTION('center_axis',(0.,0.,-1.));
#13028=DIRECTION('ref_axis',(0.707106781186554,0.707106781186541,0.));
#13029=DIRECTION('',(1.,0.,0.));
#13030=DIRECTION('center_axis',(0.,0.,1.));
#13031=DIRECTION('ref_axis',(-0.286550392894436,-0.958065171234214,0.));
#13032=DIRECTION('center_axis',(0.,0.,-1.));
#13033=DIRECTION('ref_axis',(4.4408920985006E-15,1.,0.));
#13034=DIRECTION('',(1.,0.,0.));
#13035=DIRECTION('center_axis',(0.,0.,1.));
#13036=DIRECTION('ref_axis',(-0.251401365777421,-0.9678829233359,0.));
#13037=DIRECTION('',(0.873594706570495,-0.486654177678575,0.));
#13038=DIRECTION('center_axis',(0.,0.,-1.));
#13039=DIRECTION('ref_axis',(0.25140136577742,0.9678829233359,0.));
#13040=DIRECTION('',(1.,0.,0.));
#13041=DIRECTION('center_axis',(0.,0.,-1.));
#13042=DIRECTION('ref_axis',(-1.,0.,0.));
#13043=DIRECTION('',(-1.,0.,0.));
#13044=DIRECTION('center_axis',(0.,0.,1.));
#13045=DIRECTION('ref_axis',(0.707106781186541,0.707106781186554,0.));
#13046=DIRECTION('',(7.95680608271396E-15,1.,0.));
#13047=DIRECTION('center_axis',(0.,0.,-1.));
#13048=DIRECTION('ref_axis',(-4.4408920985006E-15,-1.,0.));
#13049=DIRECTION('center_axis',(0.,0.,1.));
#13050=DIRECTION('ref_axis',(0.883427677289595,0.468567539420638,0.));
#13051=DIRECTION('',(0.,1.,0.));
#13052=DIRECTION('center_axis',(0.,0.,-1.));
#13053=DIRECTION('ref_axis',(1.,0.,0.));
#13054=DIRECTION('',(0.,-1.,0.));
#13055=DIRECTION('center_axis',(0.,0.,1.));
#13056=DIRECTION('ref_axis',(-0.707106781186547,0.707106781186547,0.));
#13057=DIRECTION('',(-1.,0.,0.));
#13058=DIRECTION('center_axis',(0.,0.,-1.));
#13059=DIRECTION('ref_axis',(1.,-4.4408920985006E-15,0.));
#13060=DIRECTION('center_axis',(0.,0.,1.));
#13061=DIRECTION('ref_axis',(0.,1.,0.));
#13062=DIRECTION('center_axis',(0.,0.,-1.));
#13063=DIRECTION('ref_axis',(1.,0.,0.));
#13064=DIRECTION('',(0.,-1.,0.));
#13065=DIRECTION('center_axis',(0.,0.,-1.));
#13066=DIRECTION('ref_axis',(0.790569415042098,0.612372435695791,0.));
#13067=DIRECTION('center_axis',(0.,0.,1.));
#13068=DIRECTION('ref_axis',(-0.099999999999998,-0.99498743710662,0.));
#13069=DIRECTION('center_axis',(0.,0.,1.));
#13070=DIRECTION('ref_axis',(1.,0.,0.));
#13071=DIRECTION('center_axis',(0.,0.,1.));
#13072=DIRECTION('ref_axis',(1.,0.,0.));
#13073=DIRECTION('center_axis',(0.,0.,1.));
#13074=DIRECTION('ref_axis',(1.,0.,0.));
#13075=DIRECTION('center_axis',(0.,0.,-1.));
#13076=DIRECTION('ref_axis',(0.950000014901161,-0.312249854584104,0.));
#13077=DIRECTION('center_axis',(0.,0.,-1.));
#13078=DIRECTION('ref_axis',(0.617274353464757,-0.786747972704517,0.));
#13079=DIRECTION('',(-1.,1.49558165450438E-15,0.));
#13080=DIRECTION('center_axis',(0.,0.,-1.));
#13081=DIRECTION('ref_axis',(-0.312249945255729,-0.949999985098839,0.));
#13082=DIRECTION('',(0.,1.,0.));
#13083=DIRECTION('center_axis',(0.,0.,-1.));
#13084=DIRECTION('ref_axis',(-0.949999985098839,0.312249945255729,0.));
#13085=DIRECTION('',(1.,1.42222391245485E-15,0.));
#13086=DIRECTION('center_axis',(0.,0.,-1.));
#13087=DIRECTION('ref_axis',(0.312249854584104,0.950000014901161,0.));
#13088=DIRECTION('',(0.,-1.,0.));
#13089=DIRECTION('center_axis',(0.,0.,1.));
#13090=DIRECTION('ref_axis',(1.,0.,0.));
#13091=DIRECTION('center_axis',(0.,0.,1.));
#13092=DIRECTION('ref_axis',(1.,0.,0.));
#13093=DIRECTION('center_axis',(0.,0.,1.));
#13094=DIRECTION('ref_axis',(1.,0.,0.));
#13095=DIRECTION('',(0.,0.,-1.));
#13096=DIRECTION('center_axis',(0.,0.,1.));
#13097=DIRECTION('ref_axis',(1.,0.,0.));
#13098=DIRECTION('',(0.707106781186554,8.65956056235501E-17,-0.707106781186541));
#13099=DIRECTION('center_axis',(0.,0.,-1.));
#13100=DIRECTION('ref_axis',(1.,0.,0.));
#13101=DIRECTION('center_axis',(0.,0.,1.));
#13102=DIRECTION('ref_axis',(1.,0.,0.));
#13103=DIRECTION('',(0.,0.,-1.));
#13104=DIRECTION('center_axis',(0.,0.,1.));
#13105=DIRECTION('ref_axis',(1.,0.,0.));
#13106=DIRECTION('',(0.707106781186552,8.65956056235499E-17,-0.707106781186543));
#13107=DIRECTION('center_axis',(0.,0.,-1.));
#13108=DIRECTION('ref_axis',(1.,0.,0.));
#13109=DIRECTION('center_axis',(0.,0.,1.));
#13110=DIRECTION('ref_axis',(1.,0.,0.));
#13111=DIRECTION('',(0.,0.,-1.));
#13112=DIRECTION('center_axis',(0.,0.,1.));
#13113=DIRECTION('ref_axis',(1.,0.,0.));
#13114=DIRECTION('center_axis',(0.,0.,1.));
#13115=DIRECTION('ref_axis',(1.,0.,0.));
#13116=DIRECTION('',(0.707106781186552,8.65956056235499E-17,-0.707106781186543));
#13117=DIRECTION('center_axis',(0.,0.,-1.));
#13118=DIRECTION('ref_axis',(1.,0.,0.));
#13119=DIRECTION('center_axis',(0.,0.,1.));
#13120=DIRECTION('ref_axis',(1.,0.,0.));
#13121=DIRECTION('',(0.,0.,-1.));
#13122=DIRECTION('center_axis',(0.,0.,1.));
#13123=DIRECTION('ref_axis',(1.,0.,0.));
#13124=DIRECTION('center_axis',(0.,0.,1.));
#13125=DIRECTION('ref_axis',(1.,0.,0.));
#13126=DIRECTION('',(0.707106781186552,8.65956056235499E-17,-0.707106781186543));
#13127=DIRECTION('center_axis',(0.,0.,-1.));
#13128=DIRECTION('ref_axis',(1.,0.,0.));
#13129=DIRECTION('center_axis',(0.,0.,1.));
#13130=DIRECTION('ref_axis',(1.,0.,0.));
#13131=DIRECTION('',(0.,0.,-1.));
#13132=DIRECTION('center_axis',(0.,0.,1.));
#13133=DIRECTION('ref_axis',(1.,0.,0.));
#13134=DIRECTION('center_axis',(0.,0.,1.));
#13135=DIRECTION('ref_axis',(1.,0.,0.));
#13136=DIRECTION('',(0.707106781186552,8.65956056235499E-17,-0.707106781186543));
#13137=DIRECTION('center_axis',(0.,0.,-1.));
#13138=DIRECTION('ref_axis',(1.,0.,0.));
#13139=DIRECTION('center_axis',(0.,0.,1.));
#13140=DIRECTION('ref_axis',(1.,0.,0.));
#13141=DIRECTION('',(0.,0.,-1.));
#13142=DIRECTION('center_axis',(0.,0.,1.));
#13143=DIRECTION('ref_axis',(1.,0.,0.));
#13144=DIRECTION('center_axis',(0.707106781186543,0.,0.707106781186552));
#13145=DIRECTION('ref_axis',(0.707106781186552,0.,-0.707106781186543));
#13146=DIRECTION('',(-0.707106781186552,0.,0.707106781186543));
#13147=DIRECTION('',(0.707106781186552,0.,-0.707106781186543));
#13148=DIRECTION('',(0.,1.,0.));
#13149=DIRECTION('center_axis',(0.,0.,1.));
#13150=DIRECTION('ref_axis',(-0.0999999999999979,-0.99498743710662,0.));
#13151=DIRECTION('',(0.176776695296628,0.684653196881456,-0.707106781186551));
#13152=DIRECTION('center_axis',(0.,0.,-1.));
#13153=DIRECTION('ref_axis',(-0.099999999999998,-0.99498743710662,0.));
#13154=DIRECTION('center_axis',(0.,0.,1.));
#13155=DIRECTION('ref_axis',(-0.100000000000001,0.99498743710662,0.));
#13156=DIRECTION('',(-0.176776695296628,0.684653196881456,0.707106781186551));
#13157=DIRECTION('center_axis',(0.,0.,-1.));
#13158=DIRECTION('ref_axis',(0.790569415042098,0.612372435695791,0.));
#13159=DIRECTION('',(0.707106781186541,0.,-0.707106781186554));
#13160=DIRECTION('center_axis',(0.,0.,1.));
#13161=DIRECTION('ref_axis',(0.790569415042098,0.612372435695791,0.));
#13162=DIRECTION('center_axis',(0.,0.,-1.));
#13163=DIRECTION('ref_axis',(0.790569415042098,-0.612372435695791,0.));
#13164=DIRECTION('',(-0.707106781186541,0.,0.707106781186554));
#13165=DIRECTION('center_axis',(0.707106781186541,0.,0.707106781186554));
#13166=DIRECTION('ref_axis',(0.707106781186554,0.,-0.707106781186541));
#13167=DIRECTION('',(0.707106781186554,0.,-0.707106781186541));
#13168=DIRECTION('center_axis',(0.707106781186541,0.,0.707106781186554));
#13169=DIRECTION('ref_axis',(0.707106781186554,0.,-0.707106781186541));
#13170=DIRECTION('',(-0.707106781186554,0.,0.707106781186541));
#13171=DIRECTION('center_axis',(0.,0.,-1.));
#13172=DIRECTION('ref_axis',(1.,0.,0.));
#13173=DIRECTION('',(0.0943768411140461,-0.700780287865849,-0.707106781186542));
#13174=DIRECTION('center_axis',(0.,0.,-1.));
#13175=DIRECTION('ref_axis',(0.707106781186554,0.707106781186541,0.));
#13176=DIRECTION('',(0.,-0.707106781186546,0.707106781186549));
#13177=DIRECTION('center_axis',(0.,0.,1.));
#13178=DIRECTION('ref_axis',(0.707106781186554,0.707106781186541,0.));
#13179=DIRECTION('center_axis',(0.,0.,1.));
#13180=DIRECTION('ref_axis',(0.,1.,0.));
#13181=DIRECTION('',(0.652173545064818,-0.273257510633454,-0.707106781186545));
#13182=DIRECTION('center_axis',(0.,0.707106781186549,0.707106781186546));
#13183=DIRECTION('ref_axis',(1.,0.,0.));
#13184=DIRECTION('',(0.,-0.707106781186546,0.707106781186549));
#13185=DIRECTION('',(-1.,0.,0.));
#13186=DIRECTION('center_axis',(0.,0.,-1.));
#13187=DIRECTION('ref_axis',(1.,-4.4408920985006E-15,0.));
#13188=DIRECTION('',(0.,-0.70710678118654,-0.707106781186555));
#13189=DIRECTION('center_axis',(0.,0.,1.));
#13190=DIRECTION('ref_axis',(1.,-4.4408920985006E-15,0.));
#13191=DIRECTION('center_axis',(0.,0.,1.));
#13192=DIRECTION('ref_axis',(-0.286550392894436,-0.958065171234214,0.));
#13193=DIRECTION('',(-0.388249637169329,-0.590984110816781,0.707106781186536));
#13194=DIRECTION('center_axis',(0.,0.,-1.));
#13195=DIRECTION('ref_axis',(-0.286550392894436,-0.958065171234214,0.));
#13196=DIRECTION('center_axis',(0.,-0.707106781186543,0.707106781186552));
#13197=DIRECTION('ref_axis',(1.,0.,0.));
#13198=DIRECTION('',(0.,-0.707106781186552,-0.707106781186543));
#13199=DIRECTION('',(1.,0.,0.));
#13200=DIRECTION('center_axis',(0.,0.,-1.));
#13201=DIRECTION('ref_axis',(4.4408920985006E-15,1.,0.));
#13202=DIRECTION('',(0.,-0.707106781186552,0.707106781186543));
#13203=DIRECTION('center_axis',(0.,0.,1.));
#13204=DIRECTION('ref_axis',(4.4408920985006E-15,1.,0.));
#13205=DIRECTION('center_axis',(0.,0.,1.));
#13206=DIRECTION('ref_axis',(-0.707106781186547,0.707106781186547,0.));
#13207=DIRECTION('',(0.707106781186552,0.,-0.707106781186543));
#13208=DIRECTION('center_axis',(0.,0.,-1.));
#13209=DIRECTION('ref_axis',(-0.707106781186547,0.707106781186547,0.));
#13210=DIRECTION('center_axis',(0.,0.707106781186549,0.707106781186546));
#13211=DIRECTION('ref_axis',(1.,0.,0.));
#13212=DIRECTION('',(0.,-0.707106781186546,0.707106781186549));
#13213=DIRECTION('',(-1.,0.,0.));
#13214=DIRECTION('center_axis',(0.707106781186543,0.,0.707106781186552));
#13215=DIRECTION('ref_axis',(0.707106781186552,0.,-0.707106781186543));
#13216=DIRECTION('',(0.707106781186552,0.,-0.707106781186543));
#13217=DIRECTION('',(0.,1.,0.));
#13218=DIRECTION('center_axis',(0.,0.,1.));
#13219=DIRECTION('ref_axis',(-0.251401365777421,-0.9678829233359,0.));
#13220=DIRECTION('',(-0.344116469129281,-0.617724741024673,0.707106781186545));
#13221=DIRECTION('center_axis',(0.,0.,-1.));
#13222=DIRECTION('ref_axis',(-0.251401365777421,-0.9678829233359,0.));
#13223=DIRECTION('center_axis',(0.,0.,-1.));
#13224=DIRECTION('ref_axis',(1.,0.,0.));
#13225=DIRECTION('',(-0.707106781186554,0.,-0.707106781186541));
#13226=DIRECTION('center_axis',(0.344116469129285,0.617724741024672,0.707106781186544));
#13227=DIRECTION('ref_axis',(0.899175764444285,0.,-0.437587642234142));
#13228=DIRECTION('',(-0.344116469129306,-0.61772474102466,0.707106781186545));
#13229=DIRECTION('',(-0.873594706570495,0.486654177678575,0.));
#13230=DIRECTION('center_axis',(-0.707106781186543,0.,0.707106781186552));
#13231=DIRECTION('ref_axis',(0.707106781186552,0.,0.707106781186543));
#13232=DIRECTION('',(-0.707106781186552,0.,-0.707106781186543));
#13233=DIRECTION('',(0.,-1.,0.));
#13234=DIRECTION('center_axis',(0.,0.,-1.));
#13235=DIRECTION('ref_axis',(0.25140136577742,0.9678829233359,0.));
#13236=DIRECTION('',(0.,-0.707106781186546,0.707106781186549));
#13237=DIRECTION('center_axis',(0.,0.,1.));
#13238=DIRECTION('ref_axis',(0.25140136577742,0.9678829233359,0.));
#13239=DIRECTION('center_axis',(0.,0.,1.));
#13240=DIRECTION('ref_axis',(0.883427677289595,0.468567539420638,0.));
#13241=DIRECTION('',(-0.396608360240433,-0.585407386857558,-0.707106781186547));
#13242=DIRECTION('center_axis',(0.,0.,-1.));
#13243=DIRECTION('ref_axis',(0.883427677289595,0.468567539420638,0.));
#13244=DIRECTION('center_axis',(0.,0.707106781186549,0.707106781186546));
#13245=DIRECTION('ref_axis',(1.,0.,0.));
#13246=DIRECTION('',(0.,-0.707106781186546,0.707106781186549));
#13247=DIRECTION('',(-1.,0.,0.));
#13248=DIRECTION('center_axis',(0.,0.,-1.));
#13249=DIRECTION('ref_axis',(-4.4408920985006E-15,-1.,0.));
#13250=DIRECTION('',(-0.707106781186552,0.,-0.707106781186543));
#13251=DIRECTION('center_axis',(0.,0.,1.));
#13252=DIRECTION('ref_axis',(-4.4408920985006E-15,-1.,0.));
#13253=DIRECTION('center_axis',(0.,0.,-1.));
#13254=DIRECTION('ref_axis',(-1.,0.,0.));
#13255=DIRECTION('',(0.,0.707106781186554,0.707106781186541));
#13256=DIRECTION('center_axis',(-0.707106781186543,5.62631153767337E-15,
0.707106781186552));
#13257=DIRECTION('ref_axis',(0.707106781186552,0.,0.707106781186543));
#13258=DIRECTION('',(-0.707106781186552,0.,-0.707106781186543));
#13259=DIRECTION('',(-7.95680608271396E-15,-1.,0.));
#13260=DIRECTION('center_axis',(0.,-0.707106781186549,0.707106781186546));
#13261=DIRECTION('ref_axis',(1.,0.,0.));
#13262=DIRECTION('',(0.,0.707106781186546,0.707106781186549));
#13263=DIRECTION('',(1.,0.,0.));
#13264=DIRECTION('center_axis',(0.,0.,1.));
#13265=DIRECTION('ref_axis',(0.707106781186541,0.707106781186554,0.));
#13266=DIRECTION('center_axis',(0.,0.,-1.));
#13267=DIRECTION('ref_axis',(0.707106781186541,0.707106781186554,0.));
#13268=DIRECTION('center_axis',(0.,-1.,0.));
#13269=DIRECTION('ref_axis',(1.,0.,0.));
#13270=DIRECTION('',(0.,0.,1.));
#13271=DIRECTION('center_axis',(0.,1.,0.));
#13272=DIRECTION('ref_axis',(-1.,0.,0.));
#13273=DIRECTION('',(0.,0.,1.));
#13274=DIRECTION('center_axis',(0.,0.,1.));
#13275=DIRECTION('ref_axis',(0.25140136577742,0.9678829233359,0.));
#13276=DIRECTION('',(0.,0.,1.));
#13277=DIRECTION('center_axis',(0.486654177678575,0.873594706570495,0.));
#13278=DIRECTION('ref_axis',(-0.873594706570495,0.486654177678575,0.));
#13279=DIRECTION('',(0.,0.,1.));
#13280=DIRECTION('center_axis',(0.,0.,1.));
#13281=DIRECTION('ref_axis',(-0.251401365777421,-0.9678829233359,0.));
#13282=DIRECTION('',(0.,0.,1.));
#13283=DIRECTION('center_axis',(0.,1.,0.));
#13284=DIRECTION('ref_axis',(-1.,0.,0.));
#13285=DIRECTION('',(0.,0.,1.));
#13286=DIRECTION('center_axis',(0.,0.,1.));
#13287=DIRECTION('ref_axis',(4.4408920985006E-15,1.,0.));
#13288=DIRECTION('',(0.,0.,1.));
#13289=DIRECTION('center_axis',(0.,0.,1.));
#13290=DIRECTION('ref_axis',(-0.286550392894436,-0.958065171234214,0.));
#13291=DIRECTION('',(0.,0.,1.));
#13292=DIRECTION('center_axis',(0.,1.,0.));
#13293=DIRECTION('ref_axis',(-1.,0.,0.));
#13294=DIRECTION('',(0.,0.,-1.));
#13295=DIRECTION('',(0.,0.,1.));
#13296=DIRECTION('center_axis',(0.,0.,1.));
#13297=DIRECTION('ref_axis',(0.707106781186554,0.707106781186541,0.));
#13298=DIRECTION('center_axis',(1.,0.,0.));
#13299=DIRECTION('ref_axis',(0.,1.,0.));
#13300=DIRECTION('',(0.,0.,1.));
#13301=DIRECTION('center_axis',(0.,0.,1.));
#13302=DIRECTION('ref_axis',(-0.707106781186554,0.707106781186541,0.));
#13303=DIRECTION('',(0.,0.,1.));
#13304=DIRECTION('center_axis',(0.,0.,-1.));
#13305=DIRECTION('ref_axis',(-0.540061724867321,0.841625411530174,0.));
#13306=DIRECTION('',(0.,0.,-1.));
#13307=DIRECTION('center_axis',(-1.,0.,0.));
#13308=DIRECTION('ref_axis',(0.,-1.,0.));
#13309=DIRECTION('center_axis',(0.960669644065671,0.277693779135825,0.));
#13310=DIRECTION('ref_axis',(-0.277693779135825,0.960669644065671,0.));
#13311=DIRECTION('',(0.,0.,1.));
#13312=DIRECTION('',(-0.277693779135825,0.960669644065671,0.));
#13313=DIRECTION('',(0.,0.,-1.));
#13314=DIRECTION('center_axis',(0.720824689237353,-0.693117426837527,0.));
#13315=DIRECTION('ref_axis',(0.693117426837527,0.720824689237353,0.));
#13316=DIRECTION('',(0.,0.,1.));
#13317=DIRECTION('',(0.693117426837527,0.720824689237353,0.));
#13318=DIRECTION('center_axis',(-0.239844954828308,-0.970811205973338,0.));
#13319=DIRECTION('ref_axis',(0.970811205973338,-0.239844954828308,0.));
#13320=DIRECTION('',(0.,0.,1.));
#13321=DIRECTION('',(0.970811205973338,-0.239844954828308,0.));
#13322=DIRECTION('center_axis',(-0.960669644065673,-0.277693779135818,0.));
#13323=DIRECTION('ref_axis',(0.277693779135818,-0.960669644065673,0.));
#13324=DIRECTION('',(0.,0.,-1.));
#13325=DIRECTION('',(0.277693779135818,-0.960669644065673,0.));
#13326=DIRECTION('center_axis',(0.239844954828307,0.970811205973338,0.));
#13327=DIRECTION('ref_axis',(-0.970811205973338,0.239844954828307,0.));
#13328=DIRECTION('',(-0.970811205973338,0.239844954828307,0.));
#13329=DIRECTION('',(0.,0.,1.));
#13330=DIRECTION('center_axis',(0.,0.,-1.));
#13331=DIRECTION('ref_axis',(1.,0.,0.));
#13332=DIRECTION('center_axis',(0.,0.,-1.));
#13333=DIRECTION('ref_axis',(0.950000014901161,-0.312249854584104,0.));
#13334=DIRECTION('center_axis',(0.720824689237353,0.693117426837527,0.));
#13335=DIRECTION('ref_axis',(-0.693117426837527,0.720824689237353,0.));
#13336=DIRECTION('',(0.,0.,1.));
#13337=DIRECTION('',(-0.693117426837527,0.720824689237353,0.));
#13338=DIRECTION('',(0.,0.,-1.));
#13339=DIRECTION('center_axis',(0.960669644065671,-0.277693779135825,0.));
#13340=DIRECTION('ref_axis',(0.277693779135825,0.960669644065671,0.));
#13341=DIRECTION('',(0.,0.,1.));
#13342=DIRECTION('',(0.277693779135825,0.960669644065671,0.));
#13343=DIRECTION('center_axis',(0.239844954828307,-0.970811205973338,0.));
#13344=DIRECTION('ref_axis',(0.970811205973338,0.239844954828307,0.));
#13345=DIRECTION('',(0.,0.,-1.));
#13346=DIRECTION('',(0.970811205973338,0.239844954828307,0.));
#13347=DIRECTION('center_axis',(-0.960669644065673,0.277693779135818,0.));
#13348=DIRECTION('ref_axis',(-0.277693779135818,-0.960669644065673,0.));
#13349=DIRECTION('',(0.,0.,1.));
#13350=DIRECTION('',(-0.277693779135818,-0.960669644065673,0.));
#13351=DIRECTION('',(0.,0.,1.));
#13352=DIRECTION('center_axis',(-0.239844954828308,0.970811205973338,0.));
#13353=DIRECTION('ref_axis',(-0.970811205973338,-0.239844954828308,0.));
#13354=DIRECTION('',(-0.970811205973338,-0.239844954828308,0.));
#13355=DIRECTION('center_axis',(0.,0.,-1.));
#13356=DIRECTION('ref_axis',(1.,0.,0.));
#13357=DIRECTION('center_axis',(0.,0.,-1.));
#13358=DIRECTION('ref_axis',(0.312249854584104,0.950000014901161,0.));
#13359=DIRECTION('center_axis',(0.239844751277342,-0.970811256261849,0.));
#13360=DIRECTION('ref_axis',(0.970811256261849,0.239844751277342,0.));
#13361=DIRECTION('',(0.,0.,1.));
#13362=DIRECTION('',(0.970811256261849,0.239844751277342,0.));
#13363=DIRECTION('',(0.,0.,1.));
#13364=DIRECTION('center_axis',(-0.720824834563981,-0.693117275701457,0.));
#13365=DIRECTION('ref_axis',(0.693117275701457,-0.720824834563981,0.));
#13366=DIRECTION('',(0.,0.,1.));
#13367=DIRECTION('',(0.693117275701457,-0.720824834563981,0.));
#13368=DIRECTION('center_axis',(-0.960669585841315,0.277693980560395,0.));
#13369=DIRECTION('ref_axis',(-0.277693980560395,-0.960669585841315,0.));
#13370=DIRECTION('',(0.,0.,1.));
#13371=DIRECTION('',(-0.277693980560394,-0.960669585841315,0.));
#13372=DIRECTION('center_axis',(-0.239844751277331,0.970811256261852,0.));
#13373=DIRECTION('ref_axis',(-0.970811256261852,-0.239844751277331,0.));
#13374=DIRECTION('',(0.,0.,-1.));
#13375=DIRECTION('',(-0.970811256261852,-0.239844751277331,0.));
#13376=DIRECTION('center_axis',(0.960669585841314,-0.277693980560398,0.));
#13377=DIRECTION('ref_axis',(0.277693980560398,0.960669585841314,0.));
#13378=DIRECTION('',(0.277693980560398,0.960669585841314,0.));
#13379=DIRECTION('',(0.,0.,1.));
#13380=DIRECTION('center_axis',(0.,0.,-1.));
#13381=DIRECTION('ref_axis',(1.,0.,0.));
#13382=DIRECTION('center_axis',(0.,0.,-1.));
#13383=DIRECTION('ref_axis',(-0.312249945255729,-0.949999985098839,0.));
#13384=DIRECTION('center_axis',(0.239844751277342,0.970811256261849,0.));
#13385=DIRECTION('ref_axis',(-0.970811256261849,0.239844751277342,0.));
#13386=DIRECTION('',(0.,0.,1.));
#13387=DIRECTION('',(-0.970811256261849,0.239844751277342,0.));
#13388=DIRECTION('',(0.,0.,1.));
#13389=DIRECTION('center_axis',(0.960669585841314,0.277693980560398,0.));
#13390=DIRECTION('ref_axis',(-0.277693980560398,0.960669585841314,0.));
#13391=DIRECTION('',(0.,0.,-1.));
#13392=DIRECTION('',(-0.277693980560398,0.960669585841314,0.));
#13393=DIRECTION('center_axis',(-0.239844751277331,-0.970811256261852,0.));
#13394=DIRECTION('ref_axis',(0.970811256261852,-0.239844751277331,0.));
#13395=DIRECTION('',(0.,0.,1.));
#13396=DIRECTION('',(0.970811256261852,-0.239844751277331,0.));
#13397=DIRECTION('',(0.,0.,1.));
#13398=DIRECTION('center_axis',(-0.960669585841315,-0.277693980560395,0.));
#13399=DIRECTION('ref_axis',(0.277693980560395,-0.960669585841315,0.));
#13400=DIRECTION('',(0.,0.,1.));
#13401=DIRECTION('',(0.277693980560394,-0.960669585841315,0.));
#13402=DIRECTION('center_axis',(-0.720824834563981,0.693117275701457,0.));
#13403=DIRECTION('ref_axis',(-0.693117275701457,-0.720824834563981,0.));
#13404=DIRECTION('',(-0.693117275701457,-0.720824834563981,0.));
#13405=DIRECTION('center_axis',(0.,0.,-1.));
#13406=DIRECTION('ref_axis',(1.,0.,0.));
#13407=DIRECTION('center_axis',(0.,0.,-1.));
#13408=DIRECTION('ref_axis',(-0.949999985098839,0.312249945255729,0.));
#13409=DIRECTION('center_axis',(-1.,0.,0.));
#13410=DIRECTION('ref_axis',(0.,-1.,0.));
#13411=DIRECTION('',(0.,0.,-1.));
#13412=DIRECTION('',(0.,0.,1.));
#13413=DIRECTION('center_axis',(0.,0.,1.));
#13414=DIRECTION('ref_axis',(0.312249854584104,0.950000014901161,0.));
#13415=DIRECTION('',(0.,0.,1.));
#13416=DIRECTION('center_axis',(1.42222391245485E-15,-1.,0.));
#13417=DIRECTION('ref_axis',(1.,1.42222391245485E-15,0.));
#13418=DIRECTION('',(0.,0.,1.));
#13419=DIRECTION('center_axis',(0.,0.,1.));
#13420=DIRECTION('ref_axis',(-0.949999985098839,0.312249945255729,0.));
#13421=DIRECTION('',(0.,0.,1.));
#13422=DIRECTION('center_axis',(1.,0.,0.));
#13423=DIRECTION('ref_axis',(0.,1.,0.));
#13424=DIRECTION('',(0.,0.,1.));
#13425=DIRECTION('center_axis',(0.,0.,1.));
#13426=DIRECTION('ref_axis',(-0.312249945255729,-0.949999985098839,0.));
#13427=DIRECTION('',(0.,0.,1.));
#13428=DIRECTION('center_axis',(1.49558165450438E-15,1.,0.));
#13429=DIRECTION('ref_axis',(-1.,1.49558165450438E-15,0.));
#13430=DIRECTION('',(0.,0.,1.));
#13431=DIRECTION('center_axis',(0.,0.,1.));
#13432=DIRECTION('ref_axis',(0.617274353464757,-0.786747972704517,0.));
#13433=DIRECTION('',(0.,0.,1.));
#13434=DIRECTION('center_axis',(0.,0.,1.));
#13435=DIRECTION('ref_axis',(0.950000014901161,-0.312249854584104,0.));
#13436=DIRECTION('center_axis',(0.,0.,1.));
#13437=DIRECTION('ref_axis',(1.,-4.4408920985006E-15,0.));
#13438=DIRECTION('',(0.,0.,1.));
#13439=DIRECTION('center_axis',(0.,-1.,0.));
#13440=DIRECTION('ref_axis',(1.,0.,0.));
#13441=DIRECTION('',(0.,0.,1.));
#13442=DIRECTION('center_axis',(0.,0.,1.));
#13443=DIRECTION('ref_axis',(-0.707106781186547,0.707106781186547,0.));
#13444=DIRECTION('',(0.,0.,1.));
#13445=DIRECTION('center_axis',(1.,0.,0.));
#13446=DIRECTION('ref_axis',(0.,1.,0.));
#13447=DIRECTION('center_axis',(-1.,0.,0.));
#13448=DIRECTION('ref_axis',(0.,-1.,0.));
#13449=DIRECTION('',(0.,0.,1.));
#13450=DIRECTION('center_axis',(0.,0.,1.));
#13451=DIRECTION('ref_axis',(0.883427677289595,0.468567539420638,0.));
#13452=DIRECTION('',(0.,0.,1.));
#13453=DIRECTION('center_axis',(0.,0.,1.));
#13454=DIRECTION('ref_axis',(-4.4408920985006E-15,-1.,0.));
#13455=DIRECTION('',(0.,0.,1.));
#13456=DIRECTION('center_axis',(-1.,7.95680608271396E-15,0.));
#13457=DIRECTION('ref_axis',(-7.95680608271396E-15,-1.,0.));
#13458=DIRECTION('',(0.,0.,1.));
#13459=DIRECTION('center_axis',(0.,0.,1.));
#13460=DIRECTION('ref_axis',(0.707106781186541,0.707106781186554,0.));
#13461=DIRECTION('center_axis',(0.,0.,1.));
#13462=DIRECTION('ref_axis',(-0.0999999999999979,-0.99498743710662,0.));
#13463=DIRECTION('',(0.,0.,1.));
#13464=DIRECTION('center_axis',(0.,0.,1.));
#13465=DIRECTION('ref_axis',(0.790569415042098,0.612372435695791,0.));
#13466=CARTESIAN_POINT('',(0.,0.,0.));
#13467=CARTESIAN_POINT('Origin',(195.702,-54.285,-0.25));
#13468=CARTESIAN_POINT('',(199.202000000015,-54.285,0.));
#13469=CARTESIAN_POINT('Origin',(195.702,-54.285,0.));
#13470=CARTESIAN_POINT('',(199.702,-54.285,-0.5));
#13471=CARTESIAN_POINT('',(199.452000000008,-54.285,-0.25));
#13472=CARTESIAN_POINT('Origin',(195.702,-54.285,-0.5));
#13473=CARTESIAN_POINT('Origin',(195.702,-54.285,-3.));
#13474=CARTESIAN_POINT('',(191.713427422019,-53.982859651517,-2.5));
#13475=CARTESIAN_POINT('',(191.713427422019,-53.982859651517,-7.5));
#13476=CARTESIAN_POINT('',(191.713427422019,-53.982859651517,-3.));
#13477=CARTESIAN_POINT('',(196.702,-58.1579833462074,-2.5));
#13478=CARTESIAN_POINT('Origin',(195.702,-54.285,-2.5));
#13479=CARTESIAN_POINT('',(196.702,-58.1579833462074,-7.5));
#13480=CARTESIAN_POINT('',(196.702,-58.1579833462074,-3.));
#13481=CARTESIAN_POINT('',(199.702,-54.285,-7.5));
#13482=CARTESIAN_POINT('Origin',(195.702,-54.285,-7.5));
#13483=CARTESIAN_POINT('',(199.702,-54.285,-3.));
#13484=CARTESIAN_POINT('Origin',(195.702,-54.285,-7.5));
#13485=CARTESIAN_POINT('Origin',(195.702000000036,-54.284999999983,0.));
#13486=CARTESIAN_POINT('',(193.452000000036,-54.284999999983,1.42420797377696E-14));
#13487=CARTESIAN_POINT('Origin',(195.702000000036,-54.284999999983,0.));
#13488=CARTESIAN_POINT('Origin',(195.702,-124.285,-0.25));
#13489=CARTESIAN_POINT('',(192.202000000002,-124.285,0.));
#13490=CARTESIAN_POINT('Origin',(195.702,-124.285,0.));
#13491=CARTESIAN_POINT('',(191.702,-124.285,-0.5));
#13492=CARTESIAN_POINT('',(191.952000000001,-124.285,-0.25));
#13493=CARTESIAN_POINT('',(199.702,-124.285,-0.5));
#13494=CARTESIAN_POINT('Origin',(195.702,-124.285,-0.5));
#13495=CARTESIAN_POINT('Origin',(195.702,-124.285,-0.5));
#13496=CARTESIAN_POINT('Origin',(195.702,-124.285,-3.));
#13497=CARTESIAN_POINT('',(196.702,-120.412016653793,-2.5));
#13498=CARTESIAN_POINT('',(196.702,-120.412016653793,-7.5));
#13499=CARTESIAN_POINT('',(196.702,-120.412016653793,-3.));
#13500=CARTESIAN_POINT('',(191.829016653793,-125.285,-2.5));
#13501=CARTESIAN_POINT('Origin',(195.702,-124.285,-2.5));
#13502=CARTESIAN_POINT('',(191.829016653793,-125.285,-7.5));
#13503=CARTESIAN_POINT('',(191.829016653793,-125.285,-3.));
#13504=CARTESIAN_POINT('',(199.702,-124.285,-7.5));
#13505=CARTESIAN_POINT('Origin',(195.702,-124.285,-7.5));
#13506=CARTESIAN_POINT('',(199.702,-124.285,-3.));
#13507=CARTESIAN_POINT('Origin',(195.702,-124.285,-7.5));
#13508=CARTESIAN_POINT('Origin',(195.701999999999,-124.284999999999,0.));
#13509=CARTESIAN_POINT('',(193.451999999999,-124.284999999999,1.42420797377696E-14));
#13510=CARTESIAN_POINT('Origin',(195.701999999999,-124.284999999999,0.));
#13511=CARTESIAN_POINT('Origin',(112.702,-124.285,-0.25));
#13512=CARTESIAN_POINT('',(116.202,-124.285,0.));
#13513=CARTESIAN_POINT('Origin',(112.702,-124.285,0.));
#13514=CARTESIAN_POINT('',(116.702,-124.285,-0.5));
#13515=CARTESIAN_POINT('',(116.452,-124.285,-0.25));
#13516=CARTESIAN_POINT('Origin',(112.702,-124.285,-0.5));
#13517=CARTESIAN_POINT('Origin',(112.702,-124.285,-3.));
#13518=CARTESIAN_POINT('',(116.574983346207,-125.285,-2.5));
#13519=CARTESIAN_POINT('',(116.574983346207,-125.285,-7.5));
#13520=CARTESIAN_POINT('',(116.574983346207,-125.285,-3.));
#13521=CARTESIAN_POINT('',(116.702,-124.285,-2.5));
#13522=CARTESIAN_POINT('Origin',(112.702,-124.285,-2.5));
#13523=CARTESIAN_POINT('',(116.702,-124.285,-3.));
#13524=CARTESIAN_POINT('',(110.8714326261,-120.728453488338,-2.5));
#13525=CARTESIAN_POINT('Origin',(112.702,-124.285,-2.5));
#13526=CARTESIAN_POINT('',(110.8714326261,-120.728453488338,-7.5));
#13527=CARTESIAN_POINT('',(110.8714326261,-120.728453488338,-3.));
#13528=CARTESIAN_POINT('Origin',(112.702,-124.285,-7.5));
#13529=CARTESIAN_POINT('Origin',(112.702,-124.285,0.));
#13530=CARTESIAN_POINT('',(110.452,-124.285,-1.87350135405495E-15));
#13531=CARTESIAN_POINT('Origin',(112.702,-124.285,0.));
#13532=CARTESIAN_POINT('Origin',(100.702,-71.285,-0.25));
#13533=CARTESIAN_POINT('',(104.202,-71.285,0.));
#13534=CARTESIAN_POINT('Origin',(100.702,-71.285,0.));
#13535=CARTESIAN_POINT('',(104.702,-71.285,-0.5));
#13536=CARTESIAN_POINT('',(104.452,-71.285,-0.25));
#13537=CARTESIAN_POINT('Origin',(100.702,-71.285,-0.5));
#13538=CARTESIAN_POINT('Origin',(100.702,-71.285,-3.));
#13539=CARTESIAN_POINT('',(100.581940775953,-75.2831978168572,-2.5));
#13540=CARTESIAN_POINT('',(100.581940775953,-75.2831978168572,-7.5));
#13541=CARTESIAN_POINT('',(100.581940775953,-75.2831978168572,-3.));
#13542=CARTESIAN_POINT('',(104.702,-71.285,-2.5));
#13543=CARTESIAN_POINT('Origin',(100.702,-71.285,-2.5));
#13544=CARTESIAN_POINT('',(104.702,-71.285,-3.));
#13545=CARTESIAN_POINT('',(104.33827407297,-69.6184134087154,-2.5));
#13546=CARTESIAN_POINT('Origin',(100.702,-71.285,-2.5));
#13547=CARTESIAN_POINT('',(104.33827407297,-69.6184134087154,-7.5));
#13548=CARTESIAN_POINT('',(104.33827407297,-69.6184134087154,-3.));
#13549=CARTESIAN_POINT('Origin',(100.702,-71.285,-7.5));
#13550=CARTESIAN_POINT('Origin',(100.702,-71.2849999999999,0.));
#13551=CARTESIAN_POINT('',(98.4519999999999,-71.2849999999999,-1.87350135405495E-15));
#13552=CARTESIAN_POINT('Origin',(100.702,-71.2849999999999,0.));
#13553=CARTESIAN_POINT('Origin',(179.782,-81.285,-7.6));
#13554=CARTESIAN_POINT('',(182.782,-81.285,-7.6));
#13555=CARTESIAN_POINT('Origin',(179.782,-81.285,-7.6));
#13556=CARTESIAN_POINT('',(181.282,-81.285,-7.6));
#13557=CARTESIAN_POINT('Origin',(179.782,-81.285,-7.6));
#13558=CARTESIAN_POINT('Origin',(110.473014179173,-117.83665716698,-3.25));
#13559=CARTESIAN_POINT('',(101.201905691282,-75.7571464980279,-3.));
#13560=CARTESIAN_POINT('',(100.80850704299,-76.2838654962694,-3.5));
#13561=CARTESIAN_POINT('Ctrl Pts',(100.80850704299,-76.2838654962694,-3.5));
#13562=CARTESIAN_POINT('Ctrl Pts',(101.0163124669,-76.0179914085226,-3.2386127875257));
#13563=CARTESIAN_POINT('Ctrl Pts',(101.201905691282,-75.7571464980279,-3.));
#13564=CARTESIAN_POINT('',(110.644866359063,-119.727785808926,-3.5));
#13565=CARTESIAN_POINT('',(110.22918585443,-117.891863580129,-3.5));
#13566=CARTESIAN_POINT('',(111.226781009744,-120.03367915457,-3.));
#13567=CARTESIAN_POINT('Ctrl Pts',(111.226781009744,-120.03367915457,-3.));
#13568=CARTESIAN_POINT('Ctrl Pts',(110.946929784168,-119.878217893122,-3.23861278752608));
#13569=CARTESIAN_POINT('Ctrl Pts',(110.644866359063,-119.727785808926,-3.5));
#13570=CARTESIAN_POINT('',(110.716842503917,-117.78145075383,-3.));
#13571=CARTESIAN_POINT('Origin',(111.726686701026,-124.505825652598,-3.));
#13572=CARTESIAN_POINT('',(110.757818082342,-120.226655920076,-3.));
#13573=CARTESIAN_POINT('Ctrl Pts',(110.644866359063,-119.727785808926,-3.5));
#13574=CARTESIAN_POINT('Ctrl Pts',(110.704314634472,-119.990349025316,-3.23623002739474));
#13575=CARTESIAN_POINT('Ctrl Pts',(110.757818082342,-120.226655920076,-3.));
#13576=CARTESIAN_POINT('',(100.695555319711,-75.7849953851193,-3.));
#13577=CARTESIAN_POINT('Ctrl Pts',(100.695555319711,-75.7849953851193,-3.));
#13578=CARTESIAN_POINT('Ctrl Pts',(100.74905876758,-76.0213022798763,-3.23623002739167));
#13579=CARTESIAN_POINT('Ctrl Pts',(100.80850704299,-76.2838654962694,-3.5));
#13580=CARTESIAN_POINT('Ctrl Pts',(100.581940775953,-75.2831978168571,-2.5));
#13581=CARTESIAN_POINT('Ctrl Pts',(100.635406443604,-75.519337848982,-2.73442887858574));
#13582=CARTESIAN_POINT('Ctrl Pts',(100.695555319711,-75.7849953851193,-3.));
#13583=CARTESIAN_POINT('',(110.22918585443,-117.891863580129,-7.5));
#13584=CARTESIAN_POINT('Ctrl Pts',(110.757818082342,-120.226655920076,-3.));
#13585=CARTESIAN_POINT('Ctrl Pts',(110.817966958447,-120.492313456208,-2.73442887859161));
#13586=CARTESIAN_POINT('Ctrl Pts',(110.8714326261,-120.728453488338,-2.5));
#13587=CARTESIAN_POINT('Origin',(119.90239826032,-67.0872255723778,-3.25));
#13588=CARTESIAN_POINT('',(105.348227192796,-69.4376849556938,-3.5));
#13589=CARTESIAN_POINT('',(105.016132640203,-70.0050548594818,-3.));
#13590=CARTESIAN_POINT('Ctrl Pts',(105.016132640203,-70.0050548594818,-3.));
#13591=CARTESIAN_POINT('Ctrl Pts',(105.184185765465,-69.7325790635714,-3.23861278752567));
#13592=CARTESIAN_POINT('Ctrl Pts',(105.348227192796,-69.4376849556937,-3.5));
#13593=CARTESIAN_POINT('',(114.844554242889,-68.2462846779485,-3.));
#13594=CARTESIAN_POINT('',(119.946435573447,-67.3333164398487,-3.));
#13595=CARTESIAN_POINT('',(114.465927930367,-67.8060964026548,-3.5));
#13596=CARTESIAN_POINT('Ctrl Pts',(114.465927930367,-67.8060964026548,-3.5));
#13597=CARTESIAN_POINT('Ctrl Pts',(114.657223530459,-68.0372689028877,-3.23874565856519));
#13598=CARTESIAN_POINT('Ctrl Pts',(114.844554242889,-68.2462846779485,-3.));
#13599=CARTESIAN_POINT('',(119.858360947194,-66.8411347049068,-3.5));
#13600=CARTESIAN_POINT('Origin',(146.242,-102.785,-3.));
#13601=CARTESIAN_POINT('',(114.973162797594,-120.400180886216,-3.));
#13602=CARTESIAN_POINT('Origin',(112.702,-124.285,-3.));
#13603=CARTESIAN_POINT('',(116.803765379202,-122.434183754668,-3.));
#13604=CARTESIAN_POINT('Origin',(118.202,-119.335,-3.));
#13605=CARTESIAN_POINT('',(117.174135955,-124.785,-3.));
#13606=CARTESIAN_POINT('Origin',(112.702,-124.285,-3.));
#13607=CARTESIAN_POINT('',(191.229864045,-124.785,-3.));
#13608=CARTESIAN_POINT('',(170.972,-124.785,-3.));
#13609=CARTESIAN_POINT('',(196.202,-119.812864045,-3.));
#13610=CARTESIAN_POINT('Origin',(195.702,-124.285,-3.));
#13611=CARTESIAN_POINT('',(196.202,-58.7571359549708,-3.));
#13612=CARTESIAN_POINT('',(196.202,-78.535,-3.));
#13613=CARTESIAN_POINT('',(191.21171810732,-54.5805816706293,-3.));
#13614=CARTESIAN_POINT('Origin',(195.702,-54.285,-3.));
#13615=CARTESIAN_POINT('',(121.008215980663,-67.1433136301364,-3.));
#13616=CARTESIAN_POINT('',(119.946435573447,-67.3333164398487,-3.));
#13617=CARTESIAN_POINT('Origin',(118.202,-69.235,-3.));
#13618=CARTESIAN_POINT('Origin',(100.702,-71.285,-3.));
#13619=CARTESIAN_POINT('',(195.202,-113.122632965758,-3.));
#13620=CARTESIAN_POINT('',(195.202,-65.2794725541952,-3.));
#13621=CARTESIAN_POINT('',(195.202,-78.535,-3.));
#13622=CARTESIAN_POINT('',(192.295313730747,-113.643434021723,-3.));
#13623=CARTESIAN_POINT('Origin',(193.702,-113.122632965758,-3.));
#13624=CARTESIAN_POINT('',(182.446785482646,-87.0425097335114,-3.));
#13625=CARTESIAN_POINT('',(181.729517599612,-85.105165577074,-3.));
#13626=CARTESIAN_POINT('',(183.002240241615,-84.4282551258659,-3.));
#13627=CARTESIAN_POINT('Origin',(184.791262598068,-86.1745079735691,-3.));
#13628=CARTESIAN_POINT('',(183.508350527413,-78.7622412428352,-3.));
#13629=CARTESIAN_POINT('Origin',(179.782,-81.285,-3.));
#13630=CARTESIAN_POINT('',(183.425023129801,-76.0909281410697,-3.));
#13631=CARTESIAN_POINT('Origin',(185.578545264864,-77.3607085999659,-3.));
#13632=CARTESIAN_POINT('',(190.548477864937,-64.009692095299,-3.));
#13633=CARTESIAN_POINT('',(179.143126703485,-83.3529384118326,-3.));
#13634=CARTESIAN_POINT('Origin',(192.702,-65.2794725541952,-3.));
#13635=CARTESIAN_POINT('',(159.972172572289,-93.3896978474097,-3.));
#13636=CARTESIAN_POINT('',(172.548076597267,-85.328220908321,-3.));
#13637=CARTESIAN_POINT('',(162.74216694264,-91.6140604305181,-3.));
#13638=CARTESIAN_POINT('',(158.623007285488,-93.785,-3.));
#13639=CARTESIAN_POINT('Origin',(158.623007285488,-91.285,-3.));
#13640=CARTESIAN_POINT('',(142.708652265723,-93.785,-3.));
#13641=CARTESIAN_POINT('',(132.222,-93.785,-3.));
#13642=CARTESIAN_POINT('',(141.490644391912,-93.4682216606048,-3.));
#13643=CARTESIAN_POINT('Origin',(142.708652265723,-91.285,-3.));
#13644=CARTESIAN_POINT('',(119.983992126189,-81.4697735544644,-3.));
#13645=CARTESIAN_POINT('',(172.511893614647,-110.774813332236,-3.));
#13646=CARTESIAN_POINT('',(118.702,-79.2865518938596,-3.));
#13647=CARTESIAN_POINT('Origin',(121.202,-79.2865518938596,-3.));
#13648=CARTESIAN_POINT('',(118.702,-76.9012024601948,-3.));
#13649=CARTESIAN_POINT('',(118.702,-111.06,-3.));
#13650=CARTESIAN_POINT('',(121.515637864382,-74.4209542286611,-3.));
#13651=CARTESIAN_POINT('Origin',(121.202,-76.9012024601948,-3.));
#13652=CARTESIAN_POINT('',(171.512549174848,-80.7432748293776,-3.));
#13653=CARTESIAN_POINT('',(125.011202934304,-74.8629831955203,-3.));
#13654=CARTESIAN_POINT('Origin',(171.198911310466,-83.2235230609113,-3.));
#13655=CARTESIAN_POINT('',(188.849272460379,-119.889351004065,-3.));
#13656=CARTESIAN_POINT('',(192.411757449612,-116.838127583518,-3.));
#13657=CARTESIAN_POINT('Origin',(190.06728033419,-117.706129343461,-3.));
#13658=CARTESIAN_POINT('',(179.983992126189,-114.943457764991,-3.));
#13659=CARTESIAN_POINT('',(172.511893614647,-110.774813332236,-3.));
#13660=CARTESIAN_POINT('',(178.702,-112.760236104386,-3.));
#13661=CARTESIAN_POINT('Origin',(181.202,-112.760236104386,-3.));
#13662=CARTESIAN_POINT('',(178.702,-93.760962611665,-3.));
#13663=CARTESIAN_POINT('',(178.702,-86.01,-3.));
#13664=CARTESIAN_POINT('',(183.546477115422,-92.8929608517227,-3.));
#13665=CARTESIAN_POINT('Origin',(181.202,-93.760962611665,-3.));
#13666=CARTESIAN_POINT('',(180.791726753443,-85.4523662810509,-3.));
#13667=CARTESIAN_POINT('',(123.038421439161,-119.835,-3.));
#13668=CARTESIAN_POINT('',(121.575087035821,-120.308018889086,-3.));
#13669=CARTESIAN_POINT('Origin',(123.038421439161,-122.335,-3.));
#13670=CARTESIAN_POINT('',(173.365578560839,-119.835,-3.));
#13671=CARTESIAN_POINT('',(162.222,-119.835,-3.));
#13672=CARTESIAN_POINT('',(174.828912964179,-120.308018889086,-3.));
#13673=CARTESIAN_POINT('Origin',(173.365578560839,-122.335,-3.));
#13674=CARTESIAN_POINT('',(172.527715904187,-123.785,-3.));
#13675=CARTESIAN_POINT('Origin',(172.527715904187,-121.285,-3.));
#13676=CARTESIAN_POINT('',(123.876284095813,-123.785,-3.));
#13677=CARTESIAN_POINT('',(170.972,-123.785,-3.));
#13678=CARTESIAN_POINT('Origin',(123.876284095813,-121.285,-3.));
#13679=CARTESIAN_POINT('',(118.702,-86.1571323166667,-3.));
#13680=CARTESIAN_POINT('',(118.702,-91.285,-3.));
#13681=CARTESIAN_POINT('',(118.702,-111.06,-3.));
#13682=CARTESIAN_POINT('',(122.420007873811,-83.9739106560618,-3.));
#13683=CARTESIAN_POINT('Origin',(121.202,-86.1571323166667,-3.));
#13684=CARTESIAN_POINT('',(131.611468815635,-89.1017783393952,-3.));
#13685=CARTESIAN_POINT('',(172.024690465123,-111.648101996478,-3.));
#13686=CARTESIAN_POINT('',(130.393460941824,-93.785,-3.));
#13687=CARTESIAN_POINT('Origin',(130.393460941824,-91.285,-3.));
#13688=CARTESIAN_POINT('',(121.202,-93.785,-3.));
#13689=CARTESIAN_POINT('',(132.222,-93.785,-3.));
#13690=CARTESIAN_POINT('Origin',(121.202,-91.285,-3.));
#13691=CARTESIAN_POINT('',(155.944000665184,-101.531673055167,-3.));
#13692=CARTESIAN_POINT('',(173.983992126189,-111.596089343938,-3.));
#13693=CARTESIAN_POINT('',(172.511893614647,-110.774813332236,-3.));
#13694=CARTESIAN_POINT('',(155.812843252194,-97.2437535471525,-3.));
#13695=CARTESIAN_POINT('Origin',(157.162008538995,-99.3484513945622,-3.));
#13696=CARTESIAN_POINT('',(159.031827427711,-95.1803021525903,-3.));
#13697=CARTESIAN_POINT('',(163.28183305736,-92.455939569482,-3.));
#13698=CARTESIAN_POINT('',(160.380992714512,-94.785,-3.));
#13699=CARTESIAN_POINT('Origin',(160.380992714512,-97.285,-3.));
#13700=CARTESIAN_POINT('',(175.202,-94.785,-3.));
#13701=CARTESIAN_POINT('',(132.222,-94.785,-3.));
#13702=CARTESIAN_POINT('',(177.702,-97.285,-3.));
#13703=CARTESIAN_POINT('Origin',(175.202,-97.285,-3.));
#13704=CARTESIAN_POINT('',(177.702,-109.412867683333,-3.));
#13705=CARTESIAN_POINT('',(177.702,-86.01,-3.));
#13706=CARTESIAN_POINT('Origin',(175.202,-109.412867683333,-3.));
#13707=CARTESIAN_POINT('',(178.713460915381,-72.6974280110981,-3.));
#13708=CARTESIAN_POINT('',(183.351255367204,-74.247192498431,-3.));
#13709=CARTESIAN_POINT('Origin',(181.197733232141,-72.9774120395348,-3.));
#13710=CARTESIAN_POINT('',(181.643316545112,-68.5967677254004,-3.));
#13711=CARTESIAN_POINT('Origin',(178.202,-69.235,-3.));
#13712=CARTESIAN_POINT('',(182.477554337424,-66.240065091236,-3.));
#13713=CARTESIAN_POINT('Origin',(184.10139979162,-68.1408875292579,-3.));
#13714=CARTESIAN_POINT('',(186.924230359241,-62.4413332897411,-3.));
#13715=CARTESIAN_POINT('',(161.0041818921,-84.5844604088128,-3.));
#13716=CARTESIAN_POINT('',(189.190650912796,-64.343695027892,-3.));
#13717=CARTESIAN_POINT('Origin',(187.898537631758,-63.5818267525542,-3.));
#13718=CARTESIAN_POINT('',(178.28171784946,-82.845026228274,-3.));
#13719=CARTESIAN_POINT('',(121.602,-69.235,-3.));
#13720=CARTESIAN_POINT('Origin',(118.202,-69.235,-3.));
#13721=CARTESIAN_POINT('',(181.602,-69.235,-3.));
#13722=CARTESIAN_POINT('Origin',(178.202,-69.235,-3.));
#13723=CARTESIAN_POINT('',(181.602,-119.335,-3.));
#13724=CARTESIAN_POINT('Origin',(178.202,-119.335,-3.));
#13725=CARTESIAN_POINT('',(183.282,-81.285,-3.));
#13726=CARTESIAN_POINT('Origin',(179.782,-81.285,-3.));
#13727=CARTESIAN_POINT('',(118.702,-97.285,-3.));
#13728=CARTESIAN_POINT('',(118.702,-114.138847577293,-3.));
#13729=CARTESIAN_POINT('',(118.702,-111.06,-3.));
#13730=CARTESIAN_POINT('',(121.202,-94.785,-3.));
#13731=CARTESIAN_POINT('Origin',(121.202,-97.285,-3.));
#13732=CARTESIAN_POINT('',(141.148177922956,-94.785,-3.));
#13733=CARTESIAN_POINT('',(132.222,-94.785,-3.));
#13734=CARTESIAN_POINT('',(142.366185796767,-95.1017783393952,-3.));
#13735=CARTESIAN_POINT('Origin',(141.148177922956,-97.285,-3.));
#13736=CARTESIAN_POINT('',(146.704934048909,-97.5223431537479,-3.));
#13737=CARTESIAN_POINT('',(172.024690465123,-111.648101996478,-3.));
#13738=CARTESIAN_POINT('',(146.836091461899,-101.810262661762,-3.));
#13739=CARTESIAN_POINT('Origin',(145.486926175098,-99.7055648143527,-3.));
#13740=CARTESIAN_POINT('',(123.397681973117,-116.83488412893,-3.));
#13741=CARTESIAN_POINT('',(162.74216694264,-91.6140604305181,-3.));
#13742=CARTESIAN_POINT('',(120.445801400351,-116.64885866422,-3.));
#13743=CARTESIAN_POINT('Origin',(122.048516686316,-114.730186281521,-3.));
#13744=CARTESIAN_POINT('',(119.952,-116.303911086754,-3.));
#13745=CARTESIAN_POINT('Origin',(118.202,-119.335,-3.));
#13746=CARTESIAN_POINT('Origin',(121.202,-114.138847577293,-3.));
#13747=CARTESIAN_POINT('',(152.676004856992,-94.785,-3.));
#13748=CARTESIAN_POINT('',(149.61838452935,-94.785,-3.));
#13749=CARTESIAN_POINT('',(132.222,-94.785,-3.));
#13750=CARTESIAN_POINT('',(153.485504029073,-97.5478187084458,-3.));
#13751=CARTESIAN_POINT('Origin',(152.676004856992,-96.285,-3.));
#13752=CARTESIAN_POINT('',(152.06269871227,-98.4598733987036,-3.));
#13753=CARTESIAN_POINT('',(162.74216694264,-91.6140604305181,-3.));
#13754=CARTESIAN_POINT('',(150.522394815903,-98.5069876866207,-3.));
#13755=CARTESIAN_POINT('Origin',(151.25319954019,-97.1970546902578,-3.));
#13756=CARTESIAN_POINT('',(148.887579805063,-97.5949329963629,-3.));
#13757=CARTESIAN_POINT('',(172.511893614647,-110.774813332236,-3.));
#13758=CARTESIAN_POINT('Origin',(149.61838452935,-96.285,-3.));
#13759=CARTESIAN_POINT('',(130.662992714512,-118.835,-3.));
#13760=CARTESIAN_POINT('',(173.005847577293,-118.835,-3.));
#13761=CARTESIAN_POINT('',(162.222,-118.835,-3.));
#13762=CARTESIAN_POINT('',(129.313827427711,-114.23030215259,-3.));
#13763=CARTESIAN_POINT('Origin',(130.662992714512,-116.335,-3.));
#13764=CARTESIAN_POINT('',(150.08220379553,-100.917240378347,-3.));
#13765=CARTESIAN_POINT('',(163.28183305736,-92.455939569482,-3.));
#13766=CARTESIAN_POINT('',(152.649376956143,-100.838716565152,-3.));
#13767=CARTESIAN_POINT('Origin',(151.431369082331,-103.021938225757,-3.));
#13768=CARTESIAN_POINT('',(174.872964789645,-113.237139251211,-3.));
#13769=CARTESIAN_POINT('',(172.024690465123,-111.648101996478,-3.));
#13770=CARTESIAN_POINT('',(175.549558200903,-117.051460531893,-3.));
#13771=CARTESIAN_POINT('Origin',(173.654956915834,-115.420360911816,-3.));
#13772=CARTESIAN_POINT('',(175.170911086754,-117.585,-3.));
#13773=CARTESIAN_POINT('Origin',(178.202,-119.335,-3.));
#13774=CARTESIAN_POINT('Origin',(173.005847577293,-116.335,-3.));
#13775=CARTESIAN_POINT('',(177.702,-91.285,-3.));
#13776=CARTESIAN_POINT('',(177.702,-87.7843543041745,-3.));
#13777=CARTESIAN_POINT('',(177.702,-86.01,-3.));
#13778=CARTESIAN_POINT('',(175.202,-93.785,-3.));
#13779=CARTESIAN_POINT('Origin',(175.202,-91.285,-3.));
#13780=CARTESIAN_POINT('',(169.740992714512,-93.785,-3.));
#13781=CARTESIAN_POINT('',(132.222,-93.785,-3.));
#13782=CARTESIAN_POINT('',(168.391827427711,-89.1803021525903,-3.));
#13783=CARTESIAN_POINT('Origin',(169.740992714512,-91.285,-3.));
#13784=CARTESIAN_POINT('',(173.852834713199,-85.6796564567649,-3.));
#13785=CARTESIAN_POINT('',(163.28183305736,-92.455939569482,-3.));
#13786=CARTESIAN_POINT('Origin',(175.202,-87.7843543041745,-3.));
#13787=CARTESIAN_POINT('',(186.970569047742,-61.0865266454366,-3.));
#13788=CARTESIAN_POINT('',(184.906350462282,-56.7247955327051,-3.));
#13789=CARTESIAN_POINT('Origin',(185.346723593546,-59.1857042074147,-3.));
#13790=CARTESIAN_POINT('',(181.828016155746,-65.4797361160273,-3.));
#13791=CARTESIAN_POINT('',(160.354643710422,-83.8241314336041,-3.));
#13792=CARTESIAN_POINT('',(179.369932909237,-65.9356163121698,-3.));
#13793=CARTESIAN_POINT('Origin',(180.20417070155,-63.5789136780054,-3.));
#13794=CARTESIAN_POINT('',(175.170911086754,-67.485,-3.));
#13795=CARTESIAN_POINT('Origin',(178.202,-69.235,-3.));
#13796=CARTESIAN_POINT('',(173.005847577293,-68.735,-3.));
#13797=CARTESIAN_POINT('Origin',(173.005847577293,-66.235,-3.));
#13798=CARTESIAN_POINT('',(134.688360815477,-68.735,-3.));
#13799=CARTESIAN_POINT('',(132.222,-68.735,-3.));
#13800=CARTESIAN_POINT('',(134.424136936719,-65.7584547951742,-3.));
#13801=CARTESIAN_POINT('Origin',(134.688360815477,-67.235,-3.));
#13802=CARTESIAN_POINT('',(120.122584825952,-68.3176799097325,-3.));
#13803=CARTESIAN_POINT('',(173.005847577293,-69.735,-3.));
#13804=CARTESIAN_POINT('',(132.12752905522,-69.735,-3.));
#13805=CARTESIAN_POINT('',(132.222,-69.735,-3.));
#13806=CARTESIAN_POINT('',(175.170911086754,-70.985,-3.));
#13807=CARTESIAN_POINT('Origin',(173.005847577293,-72.235,-3.));
#13808=CARTESIAN_POINT('',(176.452,-72.2660889132455,-3.));
#13809=CARTESIAN_POINT('Origin',(178.202,-69.235,-3.));
#13810=CARTESIAN_POINT('',(177.702,-74.4311524227066,-3.));
#13811=CARTESIAN_POINT('Origin',(175.202,-74.4311524227066,-3.));
#13812=CARTESIAN_POINT('',(177.702,-75.991267857173,-3.));
#13813=CARTESIAN_POINT('',(177.702,-86.01,-3.));
#13814=CARTESIAN_POINT('',(176.837714285714,-77.8818864796112,-3.));
#13815=CARTESIAN_POINT('Origin',(175.202,-75.991267857173,-3.));
#13816=CARTESIAN_POINT('',(175.990286228623,-78.8615919295445,-3.));
#13817=CARTESIAN_POINT('Origin',(179.782,-81.285,-3.));
#13818=CARTESIAN_POINT('',(173.570140713476,-79.9955023441585,-3.));
#13819=CARTESIAN_POINT('Origin',(173.883778577858,-77.5152541126249,-3.));
#13820=CARTESIAN_POINT('',(131.813891190838,-74.7152482315336,-3.));
#13821=CARTESIAN_POINT('',(125.136658080057,-73.8708839029068,-3.));
#13822=CARTESIAN_POINT('Origin',(132.12752905522,-72.235,-3.));
#13823=CARTESIAN_POINT('',(111.308876952083,-115.867810176836,-3.));
#13824=CARTESIAN_POINT('',(115.603343449718,-116.990435193116,-3.));
#13825=CARTESIAN_POINT('Origin',(113.747160199517,-115.315746045342,-3.));
#13826=CARTESIAN_POINT('',(102.674619674567,-77.7331738678036,-3.));
#13827=CARTESIAN_POINT('',(111.69215580289,-117.560625101232,-3.));
#13828=CARTESIAN_POINT('',(106.330910795812,-74.9978880757043,-3.));
#13829=CARTESIAN_POINT('Origin',(105.112902922001,-77.1811097363092,-3.));
#13830=CARTESIAN_POINT('',(116.420007873811,-80.6265422350092,-3.));
#13831=CARTESIAN_POINT('',(172.024690465123,-111.648101996478,-3.));
#13832=CARTESIAN_POINT('',(117.702,-82.8097638956141,-3.));
#13833=CARTESIAN_POINT('Origin',(115.202,-82.8097638956141,-3.));
#13834=CARTESIAN_POINT('',(117.702,-114.138847577293,-3.));
#13835=CARTESIAN_POINT('',(117.702,-111.06,-3.));
#13836=CARTESIAN_POINT('',(116.452,-116.303911086754,-3.));
#13837=CARTESIAN_POINT('Origin',(115.202,-114.138847577293,-3.));
#13838=CARTESIAN_POINT('Origin',(118.202,-119.335,-3.));
#13839=CARTESIAN_POINT('Origin',(119.90239826032,-67.0872255723778,-3.25));
#13840=CARTESIAN_POINT('',(121.21069304068,-66.5991384355462,-3.5));
#13841=CARTESIAN_POINT('Ctrl Pts',(121.008215980663,-67.1433136301364,-3.));
#13842=CARTESIAN_POINT('Ctrl Pts',(121.111436954503,-66.882304395427,-3.23874565856546));
#13843=CARTESIAN_POINT('Ctrl Pts',(121.21069304068,-66.5991384355462,-3.5));
#13844=CARTESIAN_POINT('',(190.70347430225,-54.1635881045283,-3.5));
#13845=CARTESIAN_POINT('Ctrl Pts',(190.70347430225,-54.1635881045283,-3.5));
#13846=CARTESIAN_POINT('Ctrl Pts',(190.959602053749,-54.3832940435618,-3.23861278752648));
#13847=CARTESIAN_POINT('Ctrl Pts',(191.21171810732,-54.5805816706293,-3.));
#13848=CARTESIAN_POINT('',(119.858360947194,-66.8411347049068,-3.5));
#13849=CARTESIAN_POINT('Origin',(196.452,-78.535,-3.25));
#13850=CARTESIAN_POINT('',(196.702,-119.386020514432,-3.5));
#13851=CARTESIAN_POINT('Ctrl Pts',(196.702,-119.386020514432,-3.5));
#13852=CARTESIAN_POINT('Ctrl Pts',(196.440612787526,-119.599442279716,-3.2386127875257));
#13853=CARTESIAN_POINT('Ctrl Pts',(196.202,-119.812864045,-3.));
#13854=CARTESIAN_POINT('',(196.702,-59.1839794855079,-3.5));
#13855=CARTESIAN_POINT('',(196.702,-78.535,-3.5));
#13856=CARTESIAN_POINT('Ctrl Pts',(196.202,-58.7571359549708,-3.));
#13857=CARTESIAN_POINT('Ctrl Pts',(196.440612787526,-58.9705577202406,-3.23861278752621));
#13858=CARTESIAN_POINT('Ctrl Pts',(196.702,-59.1839794855079,-3.50000000000001));
#13859=CARTESIAN_POINT('Origin',(196.702,-54.285,-3.));
#13860=CARTESIAN_POINT('',(196.702,-58.6724821936667,-3.));
#13861=CARTESIAN_POINT('Ctrl Pts',(196.702,-59.1839794855079,-3.5));
#13862=CARTESIAN_POINT('Ctrl Pts',(196.702,-58.9147703845444,-3.23623002739538));
#13863=CARTESIAN_POINT('Ctrl Pts',(196.702,-58.6724821936667,-3.));
#13864=CARTESIAN_POINT('',(196.702,-119.897517806303,-3.));
#13865=CARTESIAN_POINT('Ctrl Pts',(196.702,-119.897517806303,-3.));
#13866=CARTESIAN_POINT('Ctrl Pts',(196.702,-119.655229615415,-3.23623002739164));
#13867=CARTESIAN_POINT('Ctrl Pts',(196.702,-119.386020514432,-3.5));
#13868=CARTESIAN_POINT('Ctrl Pts',(196.702,-120.412016653793,-2.5));
#13869=CARTESIAN_POINT('Ctrl Pts',(196.702,-120.169899549094,-2.73442887858185));
#13870=CARTESIAN_POINT('Ctrl Pts',(196.702,-119.897517806303,-3.));
#13871=CARTESIAN_POINT('',(196.702,-78.535,-7.5));
#13872=CARTESIAN_POINT('Ctrl Pts',(196.702,-58.6724821936667,-3.));
#13873=CARTESIAN_POINT('Ctrl Pts',(196.702,-58.4001004508982,-2.73442887858832));
#13874=CARTESIAN_POINT('Ctrl Pts',(196.702,-58.1579833462074,-2.5));
#13875=CARTESIAN_POINT('Origin',(170.972,-125.035,-3.25));
#13876=CARTESIAN_POINT('',(117.600979485566,-125.285,-3.5));
#13877=CARTESIAN_POINT('Ctrl Pts',(117.600979485566,-125.285,-3.5));
#13878=CARTESIAN_POINT('Ctrl Pts',(117.387557720283,-125.023612787526,-3.23861278752571));
#13879=CARTESIAN_POINT('Ctrl Pts',(117.174135955,-124.785,-3.));
#13880=CARTESIAN_POINT('',(190.803020514432,-125.285,-3.5));
#13881=CARTESIAN_POINT('',(170.972,-125.285,-3.5));
#13882=CARTESIAN_POINT('Ctrl Pts',(191.229864045,-124.785,-3.));
#13883=CARTESIAN_POINT('Ctrl Pts',(191.016442279716,-125.023612787525,-3.23861278752541));
#13884=CARTESIAN_POINT('Ctrl Pts',(190.803020514432,-125.285,-3.5));
#13885=CARTESIAN_POINT('Origin',(195.702,-125.285,-3.));
#13886=CARTESIAN_POINT('',(191.314517806303,-125.285,-3.));
#13887=CARTESIAN_POINT('Ctrl Pts',(190.803020514432,-125.285,-3.5));
#13888=CARTESIAN_POINT('Ctrl Pts',(191.072229615412,-125.285,-3.23623002739457));
#13889=CARTESIAN_POINT('Ctrl Pts',(191.314517806303,-125.285,-3.));
#13890=CARTESIAN_POINT('',(117.089482193696,-125.285,-3.));
#13891=CARTESIAN_POINT('Ctrl Pts',(117.089482193696,-125.285,-3.));
#13892=CARTESIAN_POINT('Ctrl Pts',(117.331770384584,-125.285,-3.23623002739151));
#13893=CARTESIAN_POINT('Ctrl Pts',(117.600979485566,-125.285,-3.5));
#13894=CARTESIAN_POINT('Ctrl Pts',(116.574983346207,-125.285,-2.5));
#13895=CARTESIAN_POINT('Ctrl Pts',(116.817100450912,-125.285,-2.73442887858784));
#13896=CARTESIAN_POINT('Ctrl Pts',(117.089482193696,-125.285,-3.));
#13897=CARTESIAN_POINT('',(170.972,-125.285,-7.5));
#13898=CARTESIAN_POINT('Ctrl Pts',(191.314517806303,-125.285,-3.));
#13899=CARTESIAN_POINT('Ctrl Pts',(191.586899549096,-125.285,-2.73442887858045));
#13900=CARTESIAN_POINT('Ctrl Pts',(191.829016653793,-125.285,-2.5));
#13901=CARTESIAN_POINT('Origin',(113.747160199517,-115.315746045342,-3.25));
#13902=CARTESIAN_POINT('',(111.79653360157,-115.757397350537,-3.5));
#13903=CARTESIAN_POINT('',(111.79653360157,-115.757397350537,-3.5));
#13904=CARTESIAN_POINT('',(115.232106799678,-116.655497363561,-3.5));
#13905=CARTESIAN_POINT('',(115.603343449718,-116.990435193116,-3.));
#13906=CARTESIAN_POINT('Origin',(113.747160199517,-115.315746045342,-3.5));
#13907=CARTESIAN_POINT('Origin',(111.935984127634,-117.505418688083,-3.25));
#13908=CARTESIAN_POINT('',(103.162276324053,-77.6227610415047,-3.5));
#13909=CARTESIAN_POINT('',(103.162276324053,-77.6227610415047,-3.5));
#13910=CARTESIAN_POINT('',(112.179812452377,-117.450212274934,-3.5));
#13911=CARTESIAN_POINT('Origin',(105.112902922001,-77.1811097363092,-3.25));
#13912=CARTESIAN_POINT('',(106.08730922105,-75.4345324078253,-3.5));
#13913=CARTESIAN_POINT('Origin',(105.112902922001,-77.1811097363092,-3.5));
#13914=CARTESIAN_POINT('',(106.08730922105,-75.4345324078253,-3.5));
#13915=CARTESIAN_POINT('Origin',(171.902889677742,-111.866424162538,-3.25));
#13916=CARTESIAN_POINT('',(116.176406299049,-81.0631865671302,-3.5));
#13917=CARTESIAN_POINT('',(116.176406299049,-81.0631865671302,-3.5));
#13918=CARTESIAN_POINT('',(171.781088890361,-112.084746328599,-3.5));
#13919=CARTESIAN_POINT('Origin',(115.202,-82.8097638956141,-3.25));
#13920=CARTESIAN_POINT('',(117.202,-82.8097638956141,-3.5));
#13921=CARTESIAN_POINT('Origin',(115.202,-82.8097638956141,-3.5));
#13922=CARTESIAN_POINT('',(117.202,-82.8097638956141,-3.5));
#13923=CARTESIAN_POINT('Origin',(117.452,-111.06,-3.25));
#13924=CARTESIAN_POINT('',(117.202,-114.138847577293,-3.5));
#13925=CARTESIAN_POINT('',(117.202,-111.06,-3.5));
#13926=CARTESIAN_POINT('',(117.202,-114.138847577293,-3.5));
#13927=CARTESIAN_POINT('Origin',(115.202,-114.138847577293,-3.25));
#13928=CARTESIAN_POINT('',(116.202,-115.870898384862,-3.5));
#13929=CARTESIAN_POINT('Origin',(115.202,-114.138847577293,-3.5));
#13930=CARTESIAN_POINT('',(116.202,-115.870898384862,-3.5));
#13931=CARTESIAN_POINT('Origin',(118.202,-119.335,-3.25));
#13932=CARTESIAN_POINT('Origin',(118.202,-119.335,-3.5));
#13933=CARTESIAN_POINT('Origin',(195.214796850476,-125.158288664242,-3.));
#13934=CARTESIAN_POINT('',(106.08730922105,-75.4345324078253,-7.5));
#13935=CARTESIAN_POINT('',(106.08730922105,-75.4345324078253,-3.));
#13936=CARTESIAN_POINT('',(116.176406299049,-81.0631865671302,-7.5));
#13937=CARTESIAN_POINT('',(171.781088890361,-112.084746328599,-7.5));
#13938=CARTESIAN_POINT('',(116.176406299049,-81.0631865671302,-3.));
#13939=CARTESIAN_POINT('Origin',(105.112902922001,-77.1811097363092,-3.));
#13940=CARTESIAN_POINT('',(103.162276324053,-77.6227610415047,-7.5));
#13941=CARTESIAN_POINT('',(103.162276324053,-77.6227610415047,-3.));
#13942=CARTESIAN_POINT('Origin',(105.112902922001,-77.1811097363092,-7.5));
#13943=CARTESIAN_POINT('Origin',(113.677313298974,-124.064174347402,-3.));
#13944=CARTESIAN_POINT('',(111.79653360157,-115.757397350537,-7.5));
#13945=CARTESIAN_POINT('',(111.79653360157,-115.757397350537,-3.));
#13946=CARTESIAN_POINT('',(112.179812452377,-117.450212274934,-7.5));
#13947=CARTESIAN_POINT('Origin',(113.747160199517,-115.315746045342,-3.));
#13948=CARTESIAN_POINT('',(115.232106799678,-116.655497363561,-7.5));
#13949=CARTESIAN_POINT('',(115.232106799678,-116.655497363561,-3.));
#13950=CARTESIAN_POINT('Origin',(113.747160199517,-115.315746045342,-7.5));
#13951=CARTESIAN_POINT('Origin',(194.952,-78.535,-3.25));
#13952=CARTESIAN_POINT('',(194.702,-113.122632965758,-3.5));
#13953=CARTESIAN_POINT('',(194.702,-113.122632965758,-3.5));
#13954=CARTESIAN_POINT('',(194.702,-65.2794725541952,-3.5));
#13955=CARTESIAN_POINT('',(195.202,-65.2794725541952,-3.));
#13956=CARTESIAN_POINT('',(194.702,-78.535,-3.5));
#13957=CARTESIAN_POINT('Origin',(193.702,-113.122632965758,-3.25));
#13958=CARTESIAN_POINT('',(192.764209153831,-113.469833669734,-3.5));
#13959=CARTESIAN_POINT('Origin',(193.702,-113.122632965758,-3.5));
#13960=CARTESIAN_POINT('',(192.764209153831,-113.469833669734,-3.5));
#13961=CARTESIAN_POINT('Origin',(181.963965311154,-85.0183654010798,-3.25));
#13962=CARTESIAN_POINT('',(182.915680905731,-86.8689093815229,-3.5));
#13963=CARTESIAN_POINT('',(182.915680905731,-86.8689093815229,-3.5));
#13964=CARTESIAN_POINT('',(182.198413022696,-84.9315652250855,-3.5));
#13965=CARTESIAN_POINT('Origin',(184.791262598068,-86.1745079735691,-3.25));
#13966=CARTESIAN_POINT('',(183.360044712906,-84.7775056954065,-3.5));
#13967=CARTESIAN_POINT('Origin',(184.791262598068,-86.1745079735691,-3.5));
#13968=CARTESIAN_POINT('',(183.360044712906,-84.7775056954065,-3.5));
#13969=CARTESIAN_POINT('Origin',(179.782,-81.285,-3.25));
#13970=CARTESIAN_POINT('',(183.922389474903,-78.4819347142614,-3.5));
#13971=CARTESIAN_POINT('Origin',(179.782,-81.285,-3.5));
#13972=CARTESIAN_POINT('',(183.922389474903,-78.4819347142614,-3.5));
#13973=CARTESIAN_POINT('Origin',(185.578545264864,-77.3607085999659,-3.25));
#13974=CARTESIAN_POINT('',(183.855727556814,-76.3448842328489,-3.5));
#13975=CARTESIAN_POINT('Origin',(185.578545264864,-77.3607085999659,-3.5));
#13976=CARTESIAN_POINT('',(183.855727556814,-76.3448842328489,-3.5));
#13977=CARTESIAN_POINT('Origin',(179.358478916991,-83.4799164577222,-3.25));
#13978=CARTESIAN_POINT('',(190.97918229195,-64.2636481870782,-3.5));
#13979=CARTESIAN_POINT('',(179.573831130497,-83.6068945036118,-3.5));
#13980=CARTESIAN_POINT('',(190.97918229195,-64.2636481870782,-3.5));
#13981=CARTESIAN_POINT('Origin',(192.702,-65.2794725541952,-3.25));
#13982=CARTESIAN_POINT('Origin',(192.702,-65.2794725541952,-3.5));
#13983=CARTESIAN_POINT('Origin',(184.791262598068,-86.1745079735691,-3.));
#13984=CARTESIAN_POINT('',(182.915680905731,-86.8689093815229,-7.5));
#13985=CARTESIAN_POINT('',(182.915680905731,-86.8689093815229,-3.));
#13986=CARTESIAN_POINT('',(183.360044712906,-84.7775056954065,-7.5));
#13987=CARTESIAN_POINT('Origin',(184.791262598068,-86.1745079735691,-7.5));
#13988=CARTESIAN_POINT('',(183.360044712906,-84.7775056954065,-3.));
#13989=CARTESIAN_POINT('Origin',(180.719790846169,-80.9377992960231,-3.));
#13990=CARTESIAN_POINT('',(192.764209153831,-113.469833669734,-7.5));
#13991=CARTESIAN_POINT('',(192.764209153831,-113.469833669734,-3.));
#13992=CARTESIAN_POINT('',(182.198413022696,-84.9315652250855,-7.5));
#13993=CARTESIAN_POINT('Origin',(193.702,-113.122632965758,-3.));
#13994=CARTESIAN_POINT('',(194.702,-113.122632965758,-7.5));
#13995=CARTESIAN_POINT('',(194.702,-113.122632965758,-3.));
#13996=CARTESIAN_POINT('Origin',(193.702,-113.122632965758,-7.5));
#13997=CARTESIAN_POINT('Origin',(194.702,-54.285,-3.));
#13998=CARTESIAN_POINT('',(194.702,-65.2794725541952,-7.5));
#13999=CARTESIAN_POINT('',(194.702,-65.2794725541952,-3.));
#14000=CARTESIAN_POINT('',(194.702,-78.535,-7.5));
#14001=CARTESIAN_POINT('Origin',(132.222,-69.985,-3.25));
#14002=CARTESIAN_POINT('',(173.005847577293,-70.235,-3.5));
#14003=CARTESIAN_POINT('',(173.005847577293,-70.235,-3.5));
#14004=CARTESIAN_POINT('',(132.12752905522,-70.235,-3.5));
#14005=CARTESIAN_POINT('',(132.12752905522,-69.735,-3.));
#14006=CARTESIAN_POINT('',(132.222,-70.235,-3.5));
#14007=CARTESIAN_POINT('Origin',(173.005847577293,-72.235,-3.25));
#14008=CARTESIAN_POINT('',(174.737898384862,-71.235,-3.5));
#14009=CARTESIAN_POINT('Origin',(173.005847577293,-72.235,-3.5));
#14010=CARTESIAN_POINT('',(174.737898384862,-71.235,-3.5));
#14011=CARTESIAN_POINT('Origin',(178.202,-69.235,-3.25));
#14012=CARTESIAN_POINT('',(176.202,-72.6991016151377,-3.5));
#14013=CARTESIAN_POINT('Origin',(178.202,-69.235,-3.5));
#14014=CARTESIAN_POINT('',(176.202,-72.6991016151377,-3.5));
#14015=CARTESIAN_POINT('Origin',(175.202,-74.4311524227066,-3.25));
#14016=CARTESIAN_POINT('',(177.202,-74.4311524227066,-3.5));
#14017=CARTESIAN_POINT('Origin',(175.202,-74.4311524227066,-3.5));
#14018=CARTESIAN_POINT('',(177.202,-74.4311524227066,-3.5));
#14019=CARTESIAN_POINT('Origin',(177.452,-86.01,-3.25));
#14020=CARTESIAN_POINT('',(177.202,-75.991267857173,-3.5));
#14021=CARTESIAN_POINT('',(177.202,-75.991267857173,-3.5));
#14022=CARTESIAN_POINT('',(177.202,-86.01,-3.5));
#14023=CARTESIAN_POINT('Origin',(175.202,-75.991267857173,-3.25));
#14024=CARTESIAN_POINT('',(176.510571428571,-77.5037627551236,-3.5));
#14025=CARTESIAN_POINT('Origin',(175.202,-75.991267857173,-3.5));
#14026=CARTESIAN_POINT('',(176.510571428571,-77.5037627551236,-3.5));
#14027=CARTESIAN_POINT('Origin',(179.782,-81.285,-3.25));
#14028=CARTESIAN_POINT('',(175.56898469847,-78.5923243661606,-3.5));
#14029=CARTESIAN_POINT('Origin',(179.782,-81.285,-3.5));
#14030=CARTESIAN_POINT('',(175.56898469847,-78.5923243661606,-3.5));
#14031=CARTESIAN_POINT('Origin',(173.883778577858,-77.5152541126249,-3.25));
#14032=CARTESIAN_POINT('',(173.632868286352,-79.4994526978518,-3.5));
#14033=CARTESIAN_POINT('Origin',(173.883778577858,-77.5152541126249,-3.5));
#14034=CARTESIAN_POINT('',(173.632868286352,-79.4994526978518,-3.5));
#14035=CARTESIAN_POINT('Origin',(125.168021866496,-73.6228590797535,-3.25));
#14036=CARTESIAN_POINT('',(131.876618763714,-74.2191985852269,-3.5));
#14037=CARTESIAN_POINT('',(131.876618763714,-74.2191985852269,-3.5));
#14038=CARTESIAN_POINT('',(125.199385652934,-73.3748342566001,-3.5));
#14039=CARTESIAN_POINT('Origin',(132.12752905522,-72.235,-3.25));
#14040=CARTESIAN_POINT('Origin',(132.12752905522,-72.235,-3.5));
#14041=CARTESIAN_POINT('Origin',(177.202,-69.235,-3.));
#14042=CARTESIAN_POINT('',(177.202,-74.4311524227066,-7.5));
#14043=CARTESIAN_POINT('',(177.202,-74.4311524227066,-3.));
#14044=CARTESIAN_POINT('',(177.202,-75.991267857173,-7.5));
#14045=CARTESIAN_POINT('',(177.202,-86.01,-7.5));
#14046=CARTESIAN_POINT('',(177.202,-75.991267857173,-3.));
#14047=CARTESIAN_POINT('Origin',(175.202,-74.4311524227066,-3.));
#14048=CARTESIAN_POINT('',(176.202,-72.6991016151377,-7.5));
#14049=CARTESIAN_POINT('',(176.202,-72.6991016151377,-3.));
#14050=CARTESIAN_POINT('Origin',(175.202,-74.4311524227066,-7.5));
#14051=CARTESIAN_POINT('Origin',(178.202,-69.235,-3.));
#14052=CARTESIAN_POINT('',(174.737898384862,-71.235,-7.5));
#14053=CARTESIAN_POINT('',(174.737898384862,-71.235,-3.));
#14054=CARTESIAN_POINT('Origin',(178.202,-69.235,-7.5));
#14055=CARTESIAN_POINT('Origin',(173.005847577293,-72.235,-3.));
#14056=CARTESIAN_POINT('',(173.005847577293,-70.235,-7.5));
#14057=CARTESIAN_POINT('',(173.005847577293,-70.235,-3.));
#14058=CARTESIAN_POINT('Origin',(173.005847577293,-72.235,-7.5));
#14059=CARTESIAN_POINT('Origin',(118.202,-70.235,-3.));
#14060=CARTESIAN_POINT('',(132.12752905522,-70.235,-7.5));
#14061=CARTESIAN_POINT('',(132.12752905522,-70.235,-3.));
#14062=CARTESIAN_POINT('',(132.222,-70.235,-7.5));
#14063=CARTESIAN_POINT('Origin',(162.60725041396,-91.4035906457771,-3.25));
#14064=CARTESIAN_POINT('',(159.702339514929,-92.9687582779278,-3.5));
#14065=CARTESIAN_POINT('',(159.702339514929,-92.9687582779278,-3.5));
#14066=CARTESIAN_POINT('',(172.278243539907,-84.907281338839,-3.5));
#14067=CARTESIAN_POINT('',(172.548076597267,-85.328220908321,-3.));
#14068=CARTESIAN_POINT('',(162.47233388528,-91.1931208610361,-3.5));
#14069=CARTESIAN_POINT('Origin',(158.623007285488,-91.285,-3.25));
#14070=CARTESIAN_POINT('',(158.623007285488,-93.285,-3.5));
#14071=CARTESIAN_POINT('Origin',(158.623007285488,-91.285,-3.5));
#14072=CARTESIAN_POINT('',(158.623007285488,-93.285,-3.5));
#14073=CARTESIAN_POINT('Origin',(132.222,-93.535,-3.25));
#14074=CARTESIAN_POINT('',(142.708652265723,-93.285,-3.5));
#14075=CARTESIAN_POINT('',(132.222,-93.285,-3.5));
#14076=CARTESIAN_POINT('',(142.708652265723,-93.285,-3.5));
#14077=CARTESIAN_POINT('Origin',(142.708652265723,-91.285,-3.25));
#14078=CARTESIAN_POINT('',(141.734245966674,-93.0315773284839,-3.5));
#14079=CARTESIAN_POINT('Origin',(142.708652265723,-91.285,-3.5));
#14080=CARTESIAN_POINT('',(141.734245966674,-93.0315773284839,-3.5));
#14081=CARTESIAN_POINT('Origin',(172.633694402028,-110.556491166176,-3.25));
#14082=CARTESIAN_POINT('',(120.227593700951,-81.0331292223435,-3.5));
#14083=CARTESIAN_POINT('',(120.227593700951,-81.0331292223435,-3.5));
#14084=CARTESIAN_POINT('',(172.75549518941,-110.338169000115,-3.5));
#14085=CARTESIAN_POINT('Origin',(121.202,-79.2865518938596,-3.25));
#14086=CARTESIAN_POINT('',(119.202,-79.2865518938596,-3.5));
#14087=CARTESIAN_POINT('Origin',(121.202,-79.2865518938596,-3.5));
#14088=CARTESIAN_POINT('',(119.202,-79.2865518938596,-3.5));
#14089=CARTESIAN_POINT('Origin',(118.952,-111.06,-3.25));
#14090=CARTESIAN_POINT('',(119.202,-76.9012024601948,-3.5));
#14091=CARTESIAN_POINT('',(119.202,-76.9012024601948,-3.5));
#14092=CARTESIAN_POINT('',(119.202,-111.06,-3.5));
#14093=CARTESIAN_POINT('Origin',(121.202,-76.9012024601948,-3.25));
#14094=CARTESIAN_POINT('',(121.452910291506,-74.9170038749678,-3.5));
#14095=CARTESIAN_POINT('Origin',(121.202,-76.9012024601948,-3.5));
#14096=CARTESIAN_POINT('',(121.452910291506,-74.9170038749678,-3.5));
#14097=CARTESIAN_POINT('Origin',(124.979839147866,-75.1110080186737,-3.25));
#14098=CARTESIAN_POINT('',(171.449821601972,-81.2393244756844,-3.5));
#14099=CARTESIAN_POINT('',(171.449821601972,-81.2393244756844,-3.5));
#14100=CARTESIAN_POINT('',(124.948475361428,-75.359032841827,-3.5));
#14101=CARTESIAN_POINT('Origin',(171.198911310466,-83.2235230609113,-3.25));
#14102=CARTESIAN_POINT('Origin',(171.198911310466,-83.2235230609113,-3.5));
#14103=CARTESIAN_POINT('Origin',(196.189203149524,-123.411711335758,-3.));
#14104=CARTESIAN_POINT('',(141.734245966674,-93.0315773284839,-7.5));
#14105=CARTESIAN_POINT('',(141.734245966674,-93.0315773284839,-3.));
#14106=CARTESIAN_POINT('',(120.227593700951,-81.0331292223435,-7.5));
#14107=CARTESIAN_POINT('',(172.75549518941,-110.338169000115,-7.5));
#14108=CARTESIAN_POINT('',(120.227593700951,-81.0331292223435,-3.));
#14109=CARTESIAN_POINT('Origin',(142.708652265723,-91.285,-3.));
#14110=CARTESIAN_POINT('',(142.708652265723,-93.285,-7.5));
#14111=CARTESIAN_POINT('',(142.708652265723,-93.285,-3.));
#14112=CARTESIAN_POINT('Origin',(142.708652265723,-91.285,-7.5));
#14113=CARTESIAN_POINT('Origin',(118.202,-93.285,-3.));
#14114=CARTESIAN_POINT('',(158.623007285488,-93.285,-7.5));
#14115=CARTESIAN_POINT('',(158.623007285488,-93.285,-3.));
#14116=CARTESIAN_POINT('',(132.222,-93.285,-7.5));
#14117=CARTESIAN_POINT('Origin',(158.623007285488,-91.285,-3.));
#14118=CARTESIAN_POINT('',(159.702339514929,-92.9687582779278,-7.5));
#14119=CARTESIAN_POINT('',(159.702339514929,-92.9687582779278,-3.));
#14120=CARTESIAN_POINT('Origin',(158.623007285488,-91.285,-7.5));
#14121=CARTESIAN_POINT('Origin',(179.24233388528,-80.4431208610361,-3.));
#14122=CARTESIAN_POINT('',(172.278243539907,-84.907281338839,-7.5));
#14123=CARTESIAN_POINT('',(172.278243539907,-84.907281338839,-3.));
#14124=CARTESIAN_POINT('',(162.47233388528,-91.1931208610361,-7.5));
#14125=CARTESIAN_POINT('Origin',(185.346723593546,-59.1857042074147,-3.25));
#14126=CARTESIAN_POINT('',(184.994425088535,-57.216977267647,-3.5));
#14127=CARTESIAN_POINT('',(184.906350462282,-56.7247955327051,-3.));
#14128=CARTESIAN_POINT('',(186.645799956902,-60.7063621578322,-3.5));
#14129=CARTESIAN_POINT('Origin',(185.346723593546,-59.1857042074147,-3.5));
#14130=CARTESIAN_POINT('',(186.645799956902,-60.7063621578322,-3.5));
#14131=CARTESIAN_POINT('Origin',(120.166622139079,-68.5637707772035,-3.25));
#14132=CARTESIAN_POINT('',(134.512211562972,-66.2506365301162,-3.5));
#14133=CARTESIAN_POINT('',(134.424136936719,-65.7584547951742,-3.));
#14134=CARTESIAN_POINT('',(120.210659452205,-68.8098616446745,-3.5));
#14135=CARTESIAN_POINT('Origin',(134.688360815477,-67.235,-3.25));
#14136=CARTESIAN_POINT('',(134.688360815477,-68.235,-3.5));
#14137=CARTESIAN_POINT('',(134.688360815477,-68.735,-3.));
#14138=CARTESIAN_POINT('Origin',(134.688360815477,-67.235,-3.5));
#14139=CARTESIAN_POINT('Origin',(132.222,-68.485,-3.25));
#14140=CARTESIAN_POINT('',(173.005847577293,-68.235,-3.5));
#14141=CARTESIAN_POINT('',(173.005847577293,-68.735,-3.));
#14142=CARTESIAN_POINT('',(132.222,-68.235,-3.5));
#14143=CARTESIAN_POINT('Origin',(173.005847577293,-66.235,-3.25));
#14144=CARTESIAN_POINT('',(174.737898384862,-67.235,-3.5));
#14145=CARTESIAN_POINT('',(175.170911086754,-67.485,-3.));
#14146=CARTESIAN_POINT('Origin',(173.005847577293,-66.235,-3.5));
#14147=CARTESIAN_POINT('Origin',(178.202,-69.235,-3.25));
#14148=CARTESIAN_POINT('',(179.5367804677,-65.4642757853369,-3.5));
#14149=CARTESIAN_POINT('',(179.369932909237,-65.9356163121698,-3.));
#14150=CARTESIAN_POINT('Origin',(178.202,-69.235,-3.5));
#14151=CARTESIAN_POINT('Origin',(180.20417070155,-63.5789136780054,-3.25));
#14152=CARTESIAN_POINT('',(181.503247064907,-65.0995716284229,-3.5));
#14153=CARTESIAN_POINT('',(181.828016155746,-65.4797361160273,-3.));
#14154=CARTESIAN_POINT('Origin',(180.20417070155,-63.5789136780054,-3.5));
#14155=CARTESIAN_POINT('Origin',(160.192259165002,-83.6340491898019,-3.25));
#14156=CARTESIAN_POINT('',(160.029874619583,-83.4439669459997,-3.5));
#14157=CARTESIAN_POINT('Origin',(178.202,-69.235,-3.));
#14158=CARTESIAN_POINT('',(179.5367804677,-65.4642757853369,-7.5));
#14159=CARTESIAN_POINT('',(179.5367804677,-65.4642757853369,-3.));
#14160=CARTESIAN_POINT('',(174.737898384862,-67.235,-7.5));
#14161=CARTESIAN_POINT('Origin',(178.202,-69.235,-7.5));
#14162=CARTESIAN_POINT('',(174.737898384862,-67.235,-3.));
#14163=CARTESIAN_POINT('Origin',(180.20417070155,-63.5789136780054,-3.));
#14164=CARTESIAN_POINT('',(181.503247064907,-65.0995716284229,-7.5));
#14165=CARTESIAN_POINT('',(181.503247064907,-65.0995716284229,-3.));
#14166=CARTESIAN_POINT('Origin',(180.20417070155,-63.5789136780054,-7.5));
#14167=CARTESIAN_POINT('Origin',(177.552461818322,-68.4746710247912,-3.));
#14168=CARTESIAN_POINT('',(186.645799956902,-60.7063621578322,-7.5));
#14169=CARTESIAN_POINT('',(186.645799956902,-60.7063621578322,-3.));
#14170=CARTESIAN_POINT('',(160.029874619583,-83.4439669459997,-7.5));
#14171=CARTESIAN_POINT('Origin',(185.346723593546,-59.1857042074147,-3.));
#14172=CARTESIAN_POINT('',(184.994425088535,-57.216977267647,-7.5));
#14173=CARTESIAN_POINT('',(184.994425088535,-57.216977267647,-3.));
#14174=CARTESIAN_POINT('Origin',(185.346723593546,-59.1857042074147,-7.5));
#14175=CARTESIAN_POINT('Origin',(190.06728033419,-117.706129343461,-3.25));
#14176=CARTESIAN_POINT('',(191.942862026528,-117.011727935507,-3.5));
#14177=CARTESIAN_POINT('',(192.411757449612,-116.838127583518,-3.));
#14178=CARTESIAN_POINT('',(189.092874035141,-119.452706671944,-3.5));
#14179=CARTESIAN_POINT('Origin',(190.06728033419,-117.706129343461,-3.5));
#14180=CARTESIAN_POINT('',(189.092874035141,-119.452706671944,-3.5));
#14181=CARTESIAN_POINT('Origin',(180.557279041901,-85.5391664570451,-3.25));
#14182=CARTESIAN_POINT('',(183.077581692338,-93.0665612037111,-3.5));
#14183=CARTESIAN_POINT('',(183.546477115422,-92.8929608517227,-3.));
#14184=CARTESIAN_POINT('',(180.322831330359,-85.6259666330394,-3.5));
#14185=CARTESIAN_POINT('Origin',(181.202,-93.760962611665,-3.25));
#14186=CARTESIAN_POINT('',(179.202,-93.760962611665,-3.5));
#14187=CARTESIAN_POINT('',(178.702,-93.760962611665,-3.));
#14188=CARTESIAN_POINT('Origin',(181.202,-93.760962611665,-3.5));
#14189=CARTESIAN_POINT('Origin',(178.952,-86.01,-3.25));
#14190=CARTESIAN_POINT('',(179.202,-112.760236104386,-3.5));
#14191=CARTESIAN_POINT('',(178.702,-112.760236104386,-3.));
#14192=CARTESIAN_POINT('',(179.202,-86.01,-3.5));
#14193=CARTESIAN_POINT('Origin',(181.202,-112.760236104386,-3.25));
#14194=CARTESIAN_POINT('',(180.227593700951,-114.50681343287,-3.5));
#14195=CARTESIAN_POINT('',(179.983992126189,-114.943457764991,-3.));
#14196=CARTESIAN_POINT('Origin',(181.202,-112.760236104386,-3.5));
#14197=CARTESIAN_POINT('Origin',(172.633694402028,-110.556491166176,-3.25));
#14198=CARTESIAN_POINT('',(172.75549518941,-110.338169000115,-3.5));
#14199=CARTESIAN_POINT('Origin',(181.202,-112.760236104386,-3.));
#14200=CARTESIAN_POINT('',(180.227593700951,-114.50681343287,-7.5));
#14201=CARTESIAN_POINT('',(180.227593700951,-114.50681343287,-3.));
#14202=CARTESIAN_POINT('',(179.202,-112.760236104386,-7.5));
#14203=CARTESIAN_POINT('Origin',(181.202,-112.760236104386,-7.5));
#14204=CARTESIAN_POINT('',(179.202,-112.760236104386,-3.));
#14205=CARTESIAN_POINT('Origin',(196.189203149524,-123.411711335758,-3.));
#14206=CARTESIAN_POINT('',(189.092874035141,-119.452706671944,-7.5));
#14207=CARTESIAN_POINT('',(189.092874035141,-119.452706671944,-3.));
#14208=CARTESIAN_POINT('',(172.75549518941,-110.338169000115,-7.5));
#14209=CARTESIAN_POINT('Origin',(190.06728033419,-117.706129343461,-3.));
#14210=CARTESIAN_POINT('',(191.942862026528,-117.011727935507,-7.5));
#14211=CARTESIAN_POINT('',(191.942862026528,-117.011727935507,-3.));
#14212=CARTESIAN_POINT('Origin',(190.06728033419,-117.706129343461,-7.5));
#14213=CARTESIAN_POINT('Origin',(177.452,-86.01,-3.25));
#14214=CARTESIAN_POINT('',(177.202,-91.285,-3.5));
#14215=CARTESIAN_POINT('',(177.202,-91.285,-3.5));
#14216=CARTESIAN_POINT('',(177.202,-87.7843543041745,-3.5));
#14217=CARTESIAN_POINT('',(177.702,-87.7843543041745,-3.));
#14218=CARTESIAN_POINT('',(177.202,-86.01,-3.5));
#14219=CARTESIAN_POINT('Origin',(175.202,-91.285,-3.25));
#14220=CARTESIAN_POINT('',(175.202,-93.285,-3.5));
#14221=CARTESIAN_POINT('Origin',(175.202,-91.285,-3.5));
#14222=CARTESIAN_POINT('',(175.202,-93.285,-3.5));
#14223=CARTESIAN_POINT('Origin',(132.222,-93.535,-3.25));
#14224=CARTESIAN_POINT('',(169.740992714512,-93.285,-3.5));
#14225=CARTESIAN_POINT('',(132.222,-93.285,-3.5));
#14226=CARTESIAN_POINT('',(169.740992714512,-93.285,-3.5));
#14227=CARTESIAN_POINT('Origin',(169.740992714512,-91.285,-3.25));
#14228=CARTESIAN_POINT('',(168.661660485071,-89.6012417220723,-3.5));
#14229=CARTESIAN_POINT('Origin',(169.740992714512,-91.285,-3.5));
#14230=CARTESIAN_POINT('',(168.661660485071,-89.6012417220723,-3.5));
#14231=CARTESIAN_POINT('Origin',(163.41674958604,-92.6664093542229,-3.25));
#14232=CARTESIAN_POINT('',(174.122667770559,-86.1005960262468,-3.5));
#14233=CARTESIAN_POINT('',(163.55166611472,-92.8768791389639,-3.5));
#14234=CARTESIAN_POINT('',(174.122667770559,-86.1005960262468,-3.5));
#14235=CARTESIAN_POINT('Origin',(175.202,-87.7843543041745,-3.25));
#14236=CARTESIAN_POINT('Origin',(175.202,-87.7843543041745,-3.5));
#14237=CARTESIAN_POINT('Origin',(118.202,-93.285,-3.));
#14238=CARTESIAN_POINT('',(175.202,-93.285,-7.5));
#14239=CARTESIAN_POINT('',(175.202,-93.285,-3.));
#14240=CARTESIAN_POINT('',(169.740992714512,-93.285,-7.5));
#14241=CARTESIAN_POINT('',(132.222,-93.285,-7.5));
#14242=CARTESIAN_POINT('',(169.740992714512,-93.285,-3.));
#14243=CARTESIAN_POINT('Origin',(175.202,-91.285,-3.));
#14244=CARTESIAN_POINT('',(177.202,-91.285,-7.5));
#14245=CARTESIAN_POINT('',(177.202,-91.285,-3.));
#14246=CARTESIAN_POINT('Origin',(175.202,-91.285,-7.5));
#14247=CARTESIAN_POINT('Origin',(177.202,-69.235,-3.));
#14248=CARTESIAN_POINT('',(177.202,-87.7843543041745,-7.5));
#14249=CARTESIAN_POINT('',(177.202,-87.7843543041745,-3.));
#14250=CARTESIAN_POINT('',(177.202,-86.01,-7.5));
#14251=CARTESIAN_POINT('Origin',(123.038421439161,-122.335,-3.25));
#14252=CARTESIAN_POINT('',(121.984856063876,-120.635,-3.5));
#14253=CARTESIAN_POINT('',(123.038421439161,-120.335,-3.5));
#14254=CARTESIAN_POINT('Origin',(123.038421439161,-122.335,-3.5));
#14255=CARTESIAN_POINT('',(123.038421439161,-120.335,-3.5));
#14256=CARTESIAN_POINT('Ctrl Pts',(121.575087035821,-120.308018889086,-3.));
#14257=CARTESIAN_POINT('Ctrl Pts',(121.708723888995,-120.414656345111,-3.16468300555297));
#14258=CARTESIAN_POINT('Ctrl Pts',(121.849166916899,-120.52672488651,-3.33648746000492));
#14259=CARTESIAN_POINT('Ctrl Pts',(121.984856063876,-120.635,-3.50000000000001));
#14260=CARTESIAN_POINT('Origin',(123.876284095813,-121.285,-3.25));
#14261=CARTESIAN_POINT('',(123.876284095813,-123.285,-3.5));
#14262=CARTESIAN_POINT('',(123.876284095813,-123.785,-3.));
#14263=CARTESIAN_POINT('Origin',(123.876284095813,-121.285,-3.5));
#14264=CARTESIAN_POINT('Origin',(170.972,-123.535,-3.25));
#14265=CARTESIAN_POINT('',(172.527715904187,-123.285,-3.5));
#14266=CARTESIAN_POINT('',(172.527715904187,-123.785,-3.));
#14267=CARTESIAN_POINT('',(170.972,-123.285,-3.5));
#14268=CARTESIAN_POINT('Origin',(172.527715904187,-121.285,-3.25));
#14269=CARTESIAN_POINT('',(174.419143936124,-120.635,-3.5));
#14270=CARTESIAN_POINT('Origin',(172.527715904187,-121.285,-3.5));
#14271=CARTESIAN_POINT('Ctrl Pts',(174.828912964179,-120.308018889086,-3.00000000000001));
#14272=CARTESIAN_POINT('Ctrl Pts',(174.695276111006,-120.414656345111,-3.16468300555191));
#14273=CARTESIAN_POINT('Ctrl Pts',(174.554833083101,-120.526724886509,-3.33648746000464));
#14274=CARTESIAN_POINT('Ctrl Pts',(174.419143936124,-120.635,-3.5));
#14275=CARTESIAN_POINT('Origin',(162.222,-120.085,-3.25));
#14276=CARTESIAN_POINT('',(173.365578560839,-120.335,-3.5));
#14277=CARTESIAN_POINT('',(162.222,-120.335,-3.5));
#14278=CARTESIAN_POINT('',(173.365578560839,-120.335,-3.5));
#14279=CARTESIAN_POINT('Origin',(173.365578560839,-122.335,-3.25));
#14280=CARTESIAN_POINT('Origin',(173.365578560839,-122.335,-3.5));
#14281=CARTESIAN_POINT('Origin',(173.365578560839,-122.335,-3.));
#14282=CARTESIAN_POINT('',(173.365578560839,-120.335,-7.5));
#14283=CARTESIAN_POINT('',(173.365578560839,-120.335,-3.));
#14284=CARTESIAN_POINT('',(174.419143936124,-120.635,-7.5));
#14285=CARTESIAN_POINT('Origin',(173.365578560839,-122.335,-7.5));
#14286=CARTESIAN_POINT('',(174.419143936124,-120.635,-3.));
#14287=CARTESIAN_POINT('Origin',(178.202,-120.335,-3.));
#14288=CARTESIAN_POINT('',(123.038421439161,-120.335,-7.5));
#14289=CARTESIAN_POINT('',(123.038421439161,-120.335,-3.));
#14290=CARTESIAN_POINT('',(162.222,-120.335,-7.5));
#14291=CARTESIAN_POINT('Origin',(123.038421439161,-122.335,-3.));
#14292=CARTESIAN_POINT('',(121.984856063876,-120.635,-7.5));
#14293=CARTESIAN_POINT('',(121.984856063876,-120.635,-3.));
#14294=CARTESIAN_POINT('Origin',(123.038421439161,-122.335,-7.5));
#14295=CARTESIAN_POINT('Origin',(162.222,-118.585,-3.25));
#14296=CARTESIAN_POINT('',(130.662992714512,-118.335,-3.5));
#14297=CARTESIAN_POINT('',(130.662992714512,-118.335,-3.5));
#14298=CARTESIAN_POINT('',(173.005847577293,-118.335,-3.5));
#14299=CARTESIAN_POINT('',(173.005847577293,-118.835,-3.));
#14300=CARTESIAN_POINT('',(162.222,-118.335,-3.5));
#14301=CARTESIAN_POINT('Origin',(130.662992714512,-116.335,-3.25));
#14302=CARTESIAN_POINT('',(129.583660485071,-114.651241722072,-3.5));
#14303=CARTESIAN_POINT('Origin',(130.662992714512,-116.335,-3.5));
#14304=CARTESIAN_POINT('',(129.583660485071,-114.651241722072,-3.5));
#14305=CARTESIAN_POINT('Origin',(163.41674958604,-92.6664093542229,-3.25));
#14306=CARTESIAN_POINT('',(150.352036852891,-101.338179947829,-3.5));
#14307=CARTESIAN_POINT('',(163.55166611472,-92.8768791389639,-3.5));
#14308=CARTESIAN_POINT('',(150.352036852891,-101.338179947829,-3.5));
#14309=CARTESIAN_POINT('Origin',(151.431369082331,-103.021938225757,-3.25));
#14310=CARTESIAN_POINT('',(152.40577538138,-101.275360897273,-3.5));
#14311=CARTESIAN_POINT('Origin',(151.431369082331,-103.021938225757,-3.5));
#14312=CARTESIAN_POINT('',(152.40577538138,-101.275360897273,-3.5));
#14313=CARTESIAN_POINT('Origin',(171.902889677742,-111.866424162538,-3.25));
#14314=CARTESIAN_POINT('',(174.629363214883,-113.673783583332,-3.5));
#14315=CARTESIAN_POINT('',(174.629363214883,-113.673783583332,-3.5));
#14316=CARTESIAN_POINT('',(171.781088890361,-112.084746328599,-3.5));
#14317=CARTESIAN_POINT('Origin',(173.654956915834,-115.420360911816,-3.25));
#14318=CARTESIAN_POINT('',(175.170637943889,-116.725240607877,-3.5));
#14319=CARTESIAN_POINT('Origin',(173.654956915834,-115.420360911816,-3.5));
#14320=CARTESIAN_POINT('',(175.170637943889,-116.725240607877,-3.5));
#14321=CARTESIAN_POINT('Origin',(178.202,-119.335,-3.25));
#14322=CARTESIAN_POINT('',(174.737898384862,-117.335,-3.5));
#14323=CARTESIAN_POINT('Origin',(178.202,-119.335,-3.5));
#14324=CARTESIAN_POINT('',(174.737898384862,-117.335,-3.5));
#14325=CARTESIAN_POINT('Origin',(173.005847577293,-116.335,-3.25));
#14326=CARTESIAN_POINT('Origin',(173.005847577293,-116.335,-3.5));
#14327=CARTESIAN_POINT('Origin',(151.431369082331,-103.021938225757,-3.));
#14328=CARTESIAN_POINT('',(150.352036852891,-101.338179947829,-7.5));
#14329=CARTESIAN_POINT('',(150.352036852891,-101.338179947829,-3.));
#14330=CARTESIAN_POINT('',(152.40577538138,-101.275360897273,-7.5));
#14331=CARTESIAN_POINT('Origin',(151.431369082331,-103.021938225757,-7.5));
#14332=CARTESIAN_POINT('',(152.40577538138,-101.275360897273,-3.));
#14333=CARTESIAN_POINT('Origin',(180.32166611472,-82.1268791389639,-3.));
#14334=CARTESIAN_POINT('',(129.583660485071,-114.651241722072,-7.5));
#14335=CARTESIAN_POINT('',(129.583660485071,-114.651241722072,-3.));
#14336=CARTESIAN_POINT('',(163.55166611472,-92.8768791389639,-7.5));
#14337=CARTESIAN_POINT('Origin',(130.662992714512,-116.335,-3.));
#14338=CARTESIAN_POINT('',(130.662992714512,-118.335,-7.5));
#14339=CARTESIAN_POINT('',(130.662992714512,-118.335,-3.));
#14340=CARTESIAN_POINT('Origin',(130.662992714512,-116.335,-7.5));
#14341=CARTESIAN_POINT('Origin',(178.202,-118.335,-3.));
#14342=CARTESIAN_POINT('',(173.005847577293,-118.335,-7.5));
#14343=CARTESIAN_POINT('',(173.005847577293,-118.335,-3.));
#14344=CARTESIAN_POINT('',(162.222,-118.335,-7.5));
#14345=CARTESIAN_POINT('Origin',(118.952,-111.06,-3.25));
#14346=CARTESIAN_POINT('',(119.202,-86.1571323166667,-3.5));
#14347=CARTESIAN_POINT('',(119.202,-86.1571323166667,-3.5));
#14348=CARTESIAN_POINT('',(119.202,-91.285,-3.5));
#14349=CARTESIAN_POINT('',(118.702,-91.285,-3.));
#14350=CARTESIAN_POINT('',(119.202,-111.06,-3.5));
#14351=CARTESIAN_POINT('Origin',(121.202,-86.1571323166667,-3.25));
#14352=CARTESIAN_POINT('',(122.176406299049,-84.4105549881829,-3.5));
#14353=CARTESIAN_POINT('Origin',(121.202,-86.1571323166667,-3.5));
#14354=CARTESIAN_POINT('',(122.176406299049,-84.4105549881829,-3.5));
#14355=CARTESIAN_POINT('Origin',(171.902889677742,-111.866424162538,-3.25));
#14356=CARTESIAN_POINT('',(131.367867240873,-89.5384226715161,-3.5));
#14357=CARTESIAN_POINT('',(131.367867240873,-89.5384226715161,-3.5));
#14358=CARTESIAN_POINT('',(171.781088890361,-112.084746328599,-3.5));
#14359=CARTESIAN_POINT('Origin',(130.393460941824,-91.285,-3.25));
#14360=CARTESIAN_POINT('',(130.393460941824,-93.285,-3.5));
#14361=CARTESIAN_POINT('Origin',(130.393460941824,-91.285,-3.5));
#14362=CARTESIAN_POINT('',(130.393460941824,-93.285,-3.5));
#14363=CARTESIAN_POINT('Origin',(132.222,-93.535,-3.25));
#14364=CARTESIAN_POINT('',(121.202,-93.285,-3.5));
#14365=CARTESIAN_POINT('',(132.222,-93.285,-3.5));
#14366=CARTESIAN_POINT('',(121.202,-93.285,-3.5));
#14367=CARTESIAN_POINT('Origin',(121.202,-91.285,-3.25));
#14368=CARTESIAN_POINT('Origin',(121.202,-91.285,-3.5));
#14369=CARTESIAN_POINT('Origin',(195.214796850476,-125.158288664242,-3.));
#14370=CARTESIAN_POINT('',(122.176406299049,-84.4105549881829,-7.5));
#14371=CARTESIAN_POINT('',(122.176406299049,-84.4105549881829,-3.));
#14372=CARTESIAN_POINT('',(131.367867240873,-89.5384226715161,-7.5));
#14373=CARTESIAN_POINT('',(171.781088890361,-112.084746328599,-7.5));
#14374=CARTESIAN_POINT('',(131.367867240873,-89.5384226715161,-3.));
#14375=CARTESIAN_POINT('Origin',(121.202,-86.1571323166667,-3.));
#14376=CARTESIAN_POINT('',(119.202,-86.1571323166667,-7.5));
#14377=CARTESIAN_POINT('',(119.202,-86.1571323166667,-3.));
#14378=CARTESIAN_POINT('Origin',(121.202,-86.1571323166667,-7.5));
#14379=CARTESIAN_POINT('Origin',(119.202,-119.335,-3.));
#14380=CARTESIAN_POINT('',(119.202,-91.285,-7.5));
#14381=CARTESIAN_POINT('',(119.202,-91.285,-3.));
#14382=CARTESIAN_POINT('',(119.202,-111.06,-7.5));
#14383=CARTESIAN_POINT('Origin',(132.222,-95.035,-3.25));
#14384=CARTESIAN_POINT('',(152.676004856992,-95.285,-3.5));
#14385=CARTESIAN_POINT('',(152.676004856992,-95.285,-3.5));
#14386=CARTESIAN_POINT('',(149.61838452935,-95.285,-3.5));
#14387=CARTESIAN_POINT('',(149.61838452935,-94.785,-3.));
#14388=CARTESIAN_POINT('',(132.222,-95.285,-3.5));
#14389=CARTESIAN_POINT('Origin',(152.676004856992,-96.285,-3.25));
#14390=CARTESIAN_POINT('',(153.215670971712,-97.1268791389639,-3.5));
#14391=CARTESIAN_POINT('Origin',(152.676004856992,-96.285,-3.5));
#14392=CARTESIAN_POINT('',(153.215670971712,-97.1268791389639,-3.5));
#14393=CARTESIAN_POINT('Origin',(162.60725041396,-91.4035906457771,-3.25));
#14394=CARTESIAN_POINT('',(151.79286565491,-98.0389338292217,-3.5));
#14395=CARTESIAN_POINT('',(151.79286565491,-98.0389338292217,-3.5));
#14396=CARTESIAN_POINT('',(162.47233388528,-91.1931208610361,-3.5));
#14397=CARTESIAN_POINT('Origin',(151.25319954019,-97.1970546902578,-3.25));
#14398=CARTESIAN_POINT('',(150.765996390665,-98.0703433544998,-3.5));
#14399=CARTESIAN_POINT('Origin',(151.25319954019,-97.1970546902578,-3.5));
#14400=CARTESIAN_POINT('',(150.765996390665,-98.0703433544998,-3.5));
#14401=CARTESIAN_POINT('Origin',(172.633694402028,-110.556491166176,-3.25));
#14402=CARTESIAN_POINT('',(149.131181379826,-97.1582886642419,-3.5));
#14403=CARTESIAN_POINT('',(149.131181379826,-97.1582886642419,-3.5));
#14404=CARTESIAN_POINT('',(172.75549518941,-110.338169000115,-3.5));
#14405=CARTESIAN_POINT('Origin',(149.61838452935,-96.285,-3.25));
#14406=CARTESIAN_POINT('Origin',(149.61838452935,-96.285,-3.5));
#14407=CARTESIAN_POINT('Origin',(179.24233388528,-80.4431208610361,-3.));
#14408=CARTESIAN_POINT('',(153.215670971712,-97.1268791389639,-7.5));
#14409=CARTESIAN_POINT('',(153.215670971712,-97.1268791389639,-3.));
#14410=CARTESIAN_POINT('',(151.79286565491,-98.0389338292217,-7.5));
#14411=CARTESIAN_POINT('',(162.47233388528,-91.1931208610361,-7.5));
#14412=CARTESIAN_POINT('',(151.79286565491,-98.0389338292217,-3.));
#14413=CARTESIAN_POINT('Origin',(152.676004856992,-96.285,-3.));
#14414=CARTESIAN_POINT('',(152.676004856992,-95.285,-7.5));
#14415=CARTESIAN_POINT('',(152.676004856992,-95.285,-3.));
#14416=CARTESIAN_POINT('Origin',(152.676004856992,-96.285,-7.5));
#14417=CARTESIAN_POINT('Origin',(118.202,-95.285,-3.));
#14418=CARTESIAN_POINT('',(149.61838452935,-95.285,-7.5));
#14419=CARTESIAN_POINT('',(149.61838452935,-95.285,-3.));
#14420=CARTESIAN_POINT('',(132.222,-95.285,-7.5));
#14421=CARTESIAN_POINT('Origin',(172.633694402028,-110.556491166176,-3.25));
#14422=CARTESIAN_POINT('',(156.187602239946,-101.095028723046,-3.5));
#14423=CARTESIAN_POINT('',(156.187602239946,-101.095028723046,-3.5));
#14424=CARTESIAN_POINT('',(174.227593700951,-111.159445011817,-3.5));
#14425=CARTESIAN_POINT('',(173.983992126189,-111.596089343938,-3.));
#14426=CARTESIAN_POINT('',(172.75549518941,-110.338169000115,-3.5));
#14427=CARTESIAN_POINT('Origin',(157.162008538995,-99.3484513945622,-3.25));
#14428=CARTESIAN_POINT('',(156.082676309554,-97.6646931166345,-3.5));
#14429=CARTESIAN_POINT('Origin',(157.162008538995,-99.3484513945622,-3.5));
#14430=CARTESIAN_POINT('',(156.082676309554,-97.6646931166345,-3.5));
#14431=CARTESIAN_POINT('Origin',(163.41674958604,-92.6664093542229,-3.25));
#14432=CARTESIAN_POINT('',(159.301660485071,-95.6012417220722,-3.5));
#14433=CARTESIAN_POINT('',(163.55166611472,-92.8768791389639,-3.5));
#14434=CARTESIAN_POINT('',(159.301660485071,-95.6012417220722,-3.5));
#14435=CARTESIAN_POINT('Origin',(160.380992714512,-97.285,-3.25));
#14436=CARTESIAN_POINT('',(160.380992714512,-95.285,-3.5));
#14437=CARTESIAN_POINT('Origin',(160.380992714512,-97.285,-3.5));
#14438=CARTESIAN_POINT('',(160.380992714512,-95.285,-3.5));
#14439=CARTESIAN_POINT('Origin',(132.222,-95.035,-3.25));
#14440=CARTESIAN_POINT('',(175.202,-95.285,-3.5));
#14441=CARTESIAN_POINT('',(175.202,-95.285,-3.5));
#14442=CARTESIAN_POINT('',(132.222,-95.285,-3.5));
#14443=CARTESIAN_POINT('Origin',(175.202,-97.285,-3.25));
#14444=CARTESIAN_POINT('',(177.202,-97.285,-3.5));
#14445=CARTESIAN_POINT('Origin',(175.202,-97.285,-3.5));
#14446=CARTESIAN_POINT('',(177.202,-97.285,-3.5));
#14447=CARTESIAN_POINT('Origin',(177.452,-86.01,-3.25));
#14448=CARTESIAN_POINT('',(177.202,-109.412867683333,-3.5));
#14449=CARTESIAN_POINT('',(177.202,-109.412867683333,-3.5));
#14450=CARTESIAN_POINT('',(177.202,-86.01,-3.5));
#14451=CARTESIAN_POINT('Origin',(175.202,-109.412867683333,-3.25));
#14452=CARTESIAN_POINT('Origin',(175.202,-109.412867683333,-3.5));
#14453=CARTESIAN_POINT('Origin',(160.380992714512,-97.285,-3.));
#14454=CARTESIAN_POINT('',(159.301660485071,-95.6012417220722,-7.5));
#14455=CARTESIAN_POINT('',(159.301660485071,-95.6012417220722,-3.));
#14456=CARTESIAN_POINT('',(160.380992714512,-95.285,-7.5));
#14457=CARTESIAN_POINT('Origin',(160.380992714512,-97.285,-7.5));
#14458=CARTESIAN_POINT('',(160.380992714512,-95.285,-3.));
#14459=CARTESIAN_POINT('Origin',(180.32166611472,-82.1268791389639,-3.));
#14460=CARTESIAN_POINT('',(156.082676309554,-97.6646931166345,-7.5));
#14461=CARTESIAN_POINT('',(156.082676309554,-97.6646931166345,-3.));
#14462=CARTESIAN_POINT('',(163.55166611472,-92.8768791389639,-7.5));
#14463=CARTESIAN_POINT('Origin',(157.162008538995,-99.3484513945622,-3.));
#14464=CARTESIAN_POINT('',(156.187602239946,-101.095028723046,-7.5));
#14465=CARTESIAN_POINT('',(156.187602239946,-101.095028723046,-3.));
#14466=CARTESIAN_POINT('Origin',(157.162008538995,-99.3484513945622,-7.5));
#14467=CARTESIAN_POINT('Origin',(196.189203149524,-123.411711335758,-3.));
#14468=CARTESIAN_POINT('',(174.227593700951,-111.159445011817,-7.5));
#14469=CARTESIAN_POINT('',(174.227593700951,-111.159445011817,-3.));
#14470=CARTESIAN_POINT('',(172.75549518941,-110.338169000115,-7.5));
#14471=CARTESIAN_POINT('Origin',(118.952,-111.06,-3.25));
#14472=CARTESIAN_POINT('',(119.202,-97.285,-3.5));
#14473=CARTESIAN_POINT('',(119.202,-97.285,-3.5));
#14474=CARTESIAN_POINT('',(119.202,-114.138847577293,-3.5));
#14475=CARTESIAN_POINT('',(118.702,-114.138847577293,-3.));
#14476=CARTESIAN_POINT('',(119.202,-111.06,-3.5));
#14477=CARTESIAN_POINT('Origin',(121.202,-97.285,-3.25));
#14478=CARTESIAN_POINT('',(121.202,-95.285,-3.5));
#14479=CARTESIAN_POINT('Origin',(121.202,-97.285,-3.5));
#14480=CARTESIAN_POINT('',(121.202,-95.285,-3.5));
#14481=CARTESIAN_POINT('Origin',(132.222,-95.035,-3.25));
#14482=CARTESIAN_POINT('',(141.148177922956,-95.285,-3.5));
#14483=CARTESIAN_POINT('',(141.148177922956,-95.285,-3.5));
#14484=CARTESIAN_POINT('',(132.222,-95.285,-3.5));
#14485=CARTESIAN_POINT('Origin',(141.148177922956,-97.285,-3.25));
#14486=CARTESIAN_POINT('',(142.122584222005,-95.5384226715161,-3.5));
#14487=CARTESIAN_POINT('Origin',(141.148177922956,-97.285,-3.5));
#14488=CARTESIAN_POINT('',(142.122584222005,-95.5384226715161,-3.5));
#14489=CARTESIAN_POINT('Origin',(171.902889677742,-111.866424162538,-3.25));
#14490=CARTESIAN_POINT('',(146.461332474146,-97.9589874858688,-3.5));
#14491=CARTESIAN_POINT('',(146.461332474146,-97.9589874858688,-3.5));
#14492=CARTESIAN_POINT('',(171.781088890361,-112.084746328599,-3.5));
#14493=CARTESIAN_POINT('Origin',(145.486926175098,-99.7055648143527,-3.25));
#14494=CARTESIAN_POINT('',(146.566258404538,-101.38932309228,-3.5));
#14495=CARTESIAN_POINT('Origin',(145.486926175098,-99.7055648143527,-3.5));
#14496=CARTESIAN_POINT('',(146.566258404538,-101.38932309228,-3.5));
#14497=CARTESIAN_POINT('Origin',(162.60725041396,-91.4035906457771,-3.25));
#14498=CARTESIAN_POINT('',(123.127848915756,-116.413944559448,-3.5));
#14499=CARTESIAN_POINT('',(123.127848915756,-116.413944559448,-3.5));
#14500=CARTESIAN_POINT('',(162.47233388528,-91.1931208610361,-3.5));
#14501=CARTESIAN_POINT('Origin',(122.048516686316,-114.730186281521,-3.25));
#14502=CARTESIAN_POINT('',(120.766344457544,-116.26512418768,-3.5));
#14503=CARTESIAN_POINT('Origin',(122.048516686316,-114.730186281521,-3.5));
#14504=CARTESIAN_POINT('',(120.766344457544,-116.26512418768,-3.5));
#14505=CARTESIAN_POINT('Origin',(118.202,-119.335,-3.25));
#14506=CARTESIAN_POINT('',(120.202,-115.870898384862,-3.5));
#14507=CARTESIAN_POINT('Origin',(118.202,-119.335,-3.5));
#14508=CARTESIAN_POINT('',(120.202,-115.870898384862,-3.5));
#14509=CARTESIAN_POINT('Origin',(121.202,-114.138847577293,-3.25));
#14510=CARTESIAN_POINT('Origin',(121.202,-114.138847577293,-3.5));
#14511=CARTESIAN_POINT('Origin',(195.214796850476,-125.158288664242,-3.));
#14512=CARTESIAN_POINT('',(142.122584222005,-95.5384226715161,-7.5));
#14513=CARTESIAN_POINT('',(142.122584222005,-95.5384226715161,-3.));
#14514=CARTESIAN_POINT('',(146.461332474146,-97.9589874858688,-7.5));
#14515=CARTESIAN_POINT('',(171.781088890361,-112.084746328599,-7.5));
#14516=CARTESIAN_POINT('',(146.461332474146,-97.9589874858688,-3.));
#14517=CARTESIAN_POINT('Origin',(141.148177922956,-97.285,-3.));
#14518=CARTESIAN_POINT('',(141.148177922956,-95.285,-7.5));
#14519=CARTESIAN_POINT('',(141.148177922956,-95.285,-3.));
#14520=CARTESIAN_POINT('Origin',(141.148177922956,-97.285,-7.5));
#14521=CARTESIAN_POINT('Origin',(118.202,-95.285,-3.));
#14522=CARTESIAN_POINT('',(121.202,-95.285,-7.5));
#14523=CARTESIAN_POINT('',(121.202,-95.285,-3.));
#14524=CARTESIAN_POINT('',(132.222,-95.285,-7.5));
#14525=CARTESIAN_POINT('Origin',(121.202,-97.285,-3.));
#14526=CARTESIAN_POINT('',(119.202,-97.285,-7.5));
#14527=CARTESIAN_POINT('',(119.202,-97.285,-3.));
#14528=CARTESIAN_POINT('Origin',(121.202,-97.285,-7.5));
#14529=CARTESIAN_POINT('Origin',(119.202,-119.335,-3.));
#14530=CARTESIAN_POINT('',(119.202,-114.138847577293,-7.5));
#14531=CARTESIAN_POINT('',(119.202,-114.138847577293,-3.));
#14532=CARTESIAN_POINT('',(119.202,-111.06,-7.5));
#14533=CARTESIAN_POINT('Origin',(181.197733232141,-72.9774120395348,-3.25));
#14534=CARTESIAN_POINT('',(182.920550940192,-73.9932364066518,-3.5));
#14535=CARTESIAN_POINT('',(183.351255367204,-74.247192498431,-3.));
#14536=CARTESIAN_POINT('',(179.202,-73.1079833462074,-3.5));
#14537=CARTESIAN_POINT('Origin',(181.197733232141,-72.9774120395348,-3.5));
#14538=CARTESIAN_POINT('Ctrl Pts',(178.713460915381,-72.6974280110981,-2.99999999999999));
#14539=CARTESIAN_POINT('Ctrl Pts',(178.865482141634,-72.8443035516368,-3.16751397178374));
#14540=CARTESIAN_POINT('Ctrl Pts',(179.029008655882,-72.9828062689721,-3.33554998010583));
#14541=CARTESIAN_POINT('Ctrl Pts',(179.202,-73.1079833462074,-3.5));
#14542=CARTESIAN_POINT('Origin',(178.066365635953,-82.7180481823844,-3.25));
#14543=CARTESIAN_POINT('',(188.759946485784,-64.0897389361127,-3.5));
#14544=CARTESIAN_POINT('',(189.190650912796,-64.343695027892,-3.));
#14545=CARTESIAN_POINT('',(177.851013422447,-82.5910701364948,-3.5));
#14546=CARTESIAN_POINT('Origin',(187.898537631758,-63.5818267525542,-3.25));
#14547=CARTESIAN_POINT('',(187.24899945008,-62.8214977773455,-3.5));
#14548=CARTESIAN_POINT('',(186.924230359241,-62.4413332897411,-3.));
#14549=CARTESIAN_POINT('Origin',(187.898537631758,-63.5818267525542,-3.5));
#14550=CARTESIAN_POINT('Origin',(161.16656643752,-84.774542652615,-3.25));
#14551=CARTESIAN_POINT('',(182.802323428263,-66.6202295788404,-3.5));
#14552=CARTESIAN_POINT('',(182.477554337424,-66.240065091236,-3.));
#14553=CARTESIAN_POINT('',(161.328950982939,-84.9646248964172,-3.5));
#14554=CARTESIAN_POINT('Origin',(184.10139979162,-68.1408875292579,-3.25));
#14555=CARTESIAN_POINT('',(182.134933194413,-68.5055916861719,-3.5));
#14556=CARTESIAN_POINT('',(181.643316545112,-68.5967677254004,-3.));
#14557=CARTESIAN_POINT('Origin',(184.10139979162,-68.1408875292579,-3.5));
#14558=CARTESIAN_POINT('Origin',(178.202,-69.235,-3.25));
#14559=CARTESIAN_POINT('Origin',(178.202,-69.235,-3.5));
#14560=CARTESIAN_POINT('Origin',(184.10139979162,-68.1408875292579,-3.));
#14561=CARTESIAN_POINT('',(182.134933194413,-68.5055916861719,-7.5));
#14562=CARTESIAN_POINT('',(182.134933194413,-68.5055916861719,-3.));
#14563=CARTESIAN_POINT('',(182.802323428263,-66.6202295788404,-7.5));
#14564=CARTESIAN_POINT('Origin',(184.10139979162,-68.1408875292579,-7.5));
#14565=CARTESIAN_POINT('',(182.802323428263,-66.6202295788404,-3.));
#14566=CARTESIAN_POINT('Origin',(178.202,-69.235,-3.));
#14567=CARTESIAN_POINT('',(179.202,-73.1079833462074,-7.5));
#14568=CARTESIAN_POINT('',(179.202,-73.1079833462074,-3.));
#14569=CARTESIAN_POINT('Origin',(178.202,-69.235,-7.5));
#14570=CARTESIAN_POINT('Origin',(181.197733232141,-72.9774120395348,-3.));
#14571=CARTESIAN_POINT('',(182.920550940192,-73.9932364066518,-7.5));
#14572=CARTESIAN_POINT('',(182.920550940192,-73.9932364066518,-3.));
#14573=CARTESIAN_POINT('Origin',(181.197733232141,-72.9774120395348,-7.5));
#14574=CARTESIAN_POINT('Origin',(179.782,-81.285,-3.25));
#14575=CARTESIAN_POINT('',(182.782,-81.285,-3.5));
#14576=CARTESIAN_POINT('',(183.032,-81.285,-3.25));
#14577=CARTESIAN_POINT('Origin',(179.782,-81.285,-3.5));
#14578=CARTESIAN_POINT('Origin',(179.782,-81.285,-3.));
#14579=CARTESIAN_POINT('',(182.782,-81.285,-3.));
#14580=CARTESIAN_POINT('Origin',(118.202,-69.235,-3.25));
#14581=CARTESIAN_POINT('',(121.102,-69.235,-3.5));
#14582=CARTESIAN_POINT('',(121.352,-69.235,-3.25));
#14583=CARTESIAN_POINT('',(115.302,-69.235,-3.5));
#14584=CARTESIAN_POINT('Origin',(118.202,-69.235,-3.5));
#14585=CARTESIAN_POINT('Origin',(118.202,-69.235,-3.5));
#14586=CARTESIAN_POINT('Origin',(118.202,-69.235,-4.25));
#14587=CARTESIAN_POINT('',(115.302,-69.235,-5.5));
#14588=CARTESIAN_POINT('',(115.302,-69.235,-4.25));
#14589=CARTESIAN_POINT('Origin',(118.202,-69.235,-5.5));
#14590=CARTESIAN_POINT('Origin',(178.202,-119.335,-3.25));
#14591=CARTESIAN_POINT('',(181.102,-119.335,-3.5));
#14592=CARTESIAN_POINT('',(181.352,-119.335,-3.25));
#14593=CARTESIAN_POINT('',(175.302,-119.335,-3.5));
#14594=CARTESIAN_POINT('Origin',(178.202,-119.335,-3.5));
#14595=CARTESIAN_POINT('Origin',(178.202,-119.335,-3.5));
#14596=CARTESIAN_POINT('Origin',(178.202,-119.335,-4.25));
#14597=CARTESIAN_POINT('',(175.302,-119.335,-5.5));
#14598=CARTESIAN_POINT('',(175.302,-119.335,-4.25));
#14599=CARTESIAN_POINT('Origin',(178.202,-119.335,-5.5));
#14600=CARTESIAN_POINT('Origin',(118.202,-119.335,-3.25));
#14601=CARTESIAN_POINT('',(115.397721463241,-120.073932938954,-3.5));
#14602=CARTESIAN_POINT('Ctrl Pts',(115.397721463241,-120.073932938954,-3.5));
#14603=CARTESIAN_POINT('Ctrl Pts',(115.252580229728,-120.179648779461,-3.33271263356619));
#14604=CARTESIAN_POINT('Ctrl Pts',(115.110519862875,-120.289058670102,-3.16525554795058));
#14605=CARTESIAN_POINT('Ctrl Pts',(114.973162797594,-120.400180886216,-2.99999999999999));
#14606=CARTESIAN_POINT('',(115.302,-119.335,-3.5));
#14607=CARTESIAN_POINT('Origin',(118.202,-119.335,-3.5));
#14608=CARTESIAN_POINT('',(117.172777783369,-122.046217739097,-3.5));
#14609=CARTESIAN_POINT('Origin',(118.202,-119.335,-3.5));
#14610=CARTESIAN_POINT('Ctrl Pts',(116.803765379202,-122.434183754668,-2.99999999999999));
#14611=CARTESIAN_POINT('Ctrl Pts',(116.929000984236,-122.30894168894,-3.16566380418284));
#14612=CARTESIAN_POINT('Ctrl Pts',(117.051268733299,-122.180613982412,-3.33119545149717));
#14613=CARTESIAN_POINT('Ctrl Pts',(117.170915604988,-122.04827866396,-3.49741220248253));
#14614=CARTESIAN_POINT('Ctrl Pts',(117.171846804401,-122.047248295515,-3.49870612169728));
#14615=CARTESIAN_POINT('Ctrl Pts',(117.172777783369,-122.046217739097,-3.5));
#14616=CARTESIAN_POINT('Origin',(118.202,-119.335,-4.25));
#14617=CARTESIAN_POINT('',(116.074957769535,-121.306215703524,-3.));
#14618=CARTESIAN_POINT('Ctrl Pts',(116.074957769535,-121.306215703524,-3.));
#14619=CARTESIAN_POINT('Ctrl Pts',(116.242717310105,-121.487236799651,-3.00591623273407));
#14620=CARTESIAN_POINT('Ctrl Pts',(116.438964533812,-121.650024832804,-3.06734524867341));
#14621=CARTESIAN_POINT('Ctrl Pts',(116.818756499326,-121.892531033383,-3.25764333294393));
#14622=CARTESIAN_POINT('Ctrl Pts',(117.00124439843,-121.98110088473,-3.37577896239019));
#14623=CARTESIAN_POINT('Ctrl Pts',(117.172777783369,-122.046217739097,-3.49999999999999));
#14624=CARTESIAN_POINT('',(115.302,-119.335,-5.5));
#14625=CARTESIAN_POINT('',(115.302,-119.335,-4.25));
#14626=CARTESIAN_POINT('Origin',(118.202,-119.335,-5.5));
#14627=CARTESIAN_POINT('',(116.018394314845,-121.243367420535,-3.));
#14628=CARTESIAN_POINT('Ctrl Pts',(115.397721463241,-120.073932938954,-3.5));
#14629=CARTESIAN_POINT('Ctrl Pts',(115.444472289054,-120.251354096534,-3.37577896239016));
#14630=CARTESIAN_POINT('Ctrl Pts',(115.513396615902,-120.442131162911,-3.25764333294391));
#14631=CARTESIAN_POINT('Ctrl Pts',(115.71469533833,-120.845281282269,-3.06734524867339));
#14632=CARTESIAN_POINT('Ctrl Pts',(115.855983452789,-121.057532513744,-3.00591623273406));
#14633=CARTESIAN_POINT('Ctrl Pts',(116.018394314845,-121.243367420535,-3.));
#14634=CARTESIAN_POINT('Ctrl Pts',(116.018394314845,-121.243367420535,-3.));
#14635=CARTESIAN_POINT('Ctrl Pts',(116.027682039179,-121.253994686249,-2.99966167078952));
#14636=CARTESIAN_POINT('Ctrl Pts',(116.037034298881,-121.264539191702,-2.99949322589052));
#14637=CARTESIAN_POINT('Ctrl Pts',(116.055859652886,-121.285456251708,-2.99949322589052));
#14638=CARTESIAN_POINT('Ctrl Pts',(116.065364172484,-121.295863723254,-2.99966167078952));
#14639=CARTESIAN_POINT('Ctrl Pts',(116.074957769535,-121.306215703524,-3.));
#14640=CARTESIAN_POINT('Origin',(178.202,-69.235,-3.25));
#14641=CARTESIAN_POINT('',(181.102,-69.235,-3.5));
#14642=CARTESIAN_POINT('',(181.352,-69.235,-3.25));
#14643=CARTESIAN_POINT('',(175.302,-69.235,-3.5));
#14644=CARTESIAN_POINT('Origin',(178.202,-69.235,-3.5));
#14645=CARTESIAN_POINT('Origin',(178.202,-69.235,-3.5));
#14646=CARTESIAN_POINT('Origin',(178.202,-69.235,-4.25));
#14647=CARTESIAN_POINT('',(175.302,-69.235,-5.5));
#14648=CARTESIAN_POINT('',(175.302,-69.235,-4.25));
#14649=CARTESIAN_POINT('Origin',(178.202,-69.235,-5.5));
#14650=CARTESIAN_POINT('Origin',(100.702,-71.285,-2.75));
#14651=CARTESIAN_POINT('',(104.844727943735,-69.5277848213153,-3.));
#14652=CARTESIAN_POINT('Ctrl Pts',(104.844727943735,-69.5277848213153,-3.));
#14653=CARTESIAN_POINT('Ctrl Pts',(104.576605306264,-69.5757646617048,-2.73442887857747));
#14654=CARTESIAN_POINT('Ctrl Pts',(104.33827407297,-69.6184134087154,-2.5));
#14655=CARTESIAN_POINT('Ctrl Pts',(105.348227192796,-69.4376849556938,-3.5));
#14656=CARTESIAN_POINT('Ctrl Pts',(105.083227588032,-69.485105937599,-3.23623002739469));
#14657=CARTESIAN_POINT('Ctrl Pts',(104.844727943735,-69.5277848213153,-3.));
#14658=CARTESIAN_POINT('Origin',(118.202,-69.235,-3.25));
#14659=CARTESIAN_POINT('Origin',(118.202,-69.235,-3.5));
#14660=CARTESIAN_POINT('Origin',(195.702,-54.285,-2.75));
#14661=CARTESIAN_POINT('',(191.206973551283,-54.0734882389119,-3.));
#14662=CARTESIAN_POINT('Ctrl Pts',(191.713427422019,-53.982859651517,-2.5));
#14663=CARTESIAN_POINT('Ctrl Pts',(191.475096188737,-54.0255083985253,-2.73442887857892));
#14664=CARTESIAN_POINT('Ctrl Pts',(191.206973551283,-54.0734882389119,-3.));
#14665=CARTESIAN_POINT('Ctrl Pts',(191.206973551283,-54.0734882389119,-3.));
#14666=CARTESIAN_POINT('Ctrl Pts',(190.968473907002,-54.1161671226253,-3.2362300273923));
#14667=CARTESIAN_POINT('Ctrl Pts',(190.70347430225,-54.1635881045283,-3.5));
#14668=CARTESIAN_POINT('Origin',(195.702,-124.285,-2.75));
#14669=CARTESIAN_POINT('Origin',(112.702,-124.285,-2.75));
#14670=CARTESIAN_POINT('Origin',(179.358478916991,-83.4799164577222,-7.75));
#14671=CARTESIAN_POINT('',(183.855727556814,-76.3448842328489,-7.5));
#14672=CARTESIAN_POINT('',(183.425023129801,-76.0909281410696,-8.));
#14673=CARTESIAN_POINT('',(183.855727556814,-76.3448842328489,-7.5));
#14674=CARTESIAN_POINT('',(190.548477864937,-64.009692095299,-8.));
#14675=CARTESIAN_POINT('',(179.143126703485,-83.3529384118326,-8.));
#14676=CARTESIAN_POINT('',(190.97918229195,-64.2636481870782,-7.5));
#14677=CARTESIAN_POINT('',(190.548477864937,-64.009692095299,-8.));
#14678=CARTESIAN_POINT('',(179.573831130497,-83.6068945036118,-7.5));
#14679=CARTESIAN_POINT('Origin',(185.578545264864,-77.3607085999659,-7.75));
#14680=CARTESIAN_POINT('',(183.922389474903,-78.4819347142614,-7.5));
#14681=CARTESIAN_POINT('Origin',(185.578545264864,-77.3607085999659,-7.5));
#14682=CARTESIAN_POINT('',(183.508350527413,-78.7622412428352,-8.));
#14683=CARTESIAN_POINT('',(183.922389474903,-78.4819347142614,-7.5));
#14684=CARTESIAN_POINT('Origin',(185.578545264864,-77.3607085999659,-8.));
#14685=CARTESIAN_POINT('Origin',(179.782,-81.285,-7.75));
#14686=CARTESIAN_POINT('',(183.002240241615,-84.4282551258659,-8.));
#14687=CARTESIAN_POINT('',(183.360044712906,-84.7775056954065,-7.5));
#14688=CARTESIAN_POINT('Origin',(179.782,-81.285,-8.));
#14689=CARTESIAN_POINT('Origin',(179.782,-81.285,-7.5));
#14690=CARTESIAN_POINT('Origin',(184.791262598068,-86.1745079735691,-7.75));
#14691=CARTESIAN_POINT('',(182.446785482646,-87.0425097335114,-8.));
#14692=CARTESIAN_POINT('',(182.915680905731,-86.8689093815229,-7.5));
#14693=CARTESIAN_POINT('Origin',(184.791262598068,-86.1745079735691,-8.));
#14694=CARTESIAN_POINT('Origin',(181.963965311154,-85.0183654010798,-7.75));
#14695=CARTESIAN_POINT('',(192.295313730747,-113.643434021723,-8.));
#14696=CARTESIAN_POINT('',(192.764209153831,-113.469833669734,-7.5));
#14697=CARTESIAN_POINT('',(181.729517599612,-85.105165577074,-8.));
#14698=CARTESIAN_POINT('Origin',(193.702,-113.122632965758,-7.75));
#14699=CARTESIAN_POINT('',(195.202,-113.122632965758,-8.));
#14700=CARTESIAN_POINT('',(194.702,-113.122632965758,-7.5));
#14701=CARTESIAN_POINT('Origin',(193.702,-113.122632965758,-8.));
#14702=CARTESIAN_POINT('Origin',(194.952,-78.535,-7.75));
#14703=CARTESIAN_POINT('',(195.202,-65.2794725541952,-8.));
#14704=CARTESIAN_POINT('',(194.702,-65.2794725541952,-7.5));
#14705=CARTESIAN_POINT('',(195.202,-78.535,-8.));
#14706=CARTESIAN_POINT('Origin',(192.702,-65.2794725541952,-7.75));
#14707=CARTESIAN_POINT('Origin',(192.702,-65.2794725541952,-7.5));
#14708=CARTESIAN_POINT('Origin',(192.702,-65.2794725541952,-8.));
#14709=CARTESIAN_POINT('Origin',(179.782,-81.285,-3.));
#14710=CARTESIAN_POINT('',(183.922389474903,-78.4819347142614,-3.));
#14711=CARTESIAN_POINT('Origin',(185.578545264864,-77.3607085999659,-3.));
#14712=CARTESIAN_POINT('',(183.855727556814,-76.3448842328489,-3.));
#14713=CARTESIAN_POINT('Origin',(196.563408854025,-54.7929121835585,-3.));
#14714=CARTESIAN_POINT('',(190.97918229195,-64.2636481870782,-3.));
#14715=CARTESIAN_POINT('Origin',(146.242,-102.785,-8.));
#14716=CARTESIAN_POINT('',(196.202,-57.7491016151377,-8.));
#14717=CARTESIAN_POINT('',(192.20399028784,-54.4030171751678,-8.));
#14718=CARTESIAN_POINT('Origin',(195.702,-54.285,-8.));
#14719=CARTESIAN_POINT('',(196.202,-120.820898384862,-8.));
#14720=CARTESIAN_POINT('',(196.202,-78.535,-8.));
#14721=CARTESIAN_POINT('',(192.237898384862,-124.785,-8.));
#14722=CARTESIAN_POINT('Origin',(195.702,-124.285,-8.));
#14723=CARTESIAN_POINT('',(116.166101615138,-124.785,-8.));
#14724=CARTESIAN_POINT('',(170.972,-124.785,-8.));
#14725=CARTESIAN_POINT('',(111.449380850685,-121.016828452059,-8.));
#14726=CARTESIAN_POINT('Origin',(112.702,-124.285,-8.));
#14727=CARTESIAN_POINT('',(100.979305850341,-74.7739972005387,-8.));
#14728=CARTESIAN_POINT('',(110.716842503917,-117.78145075383,-8.));
#14729=CARTESIAN_POINT('',(104.023860459654,-70.1826193549484,-8.));
#14730=CARTESIAN_POINT('Origin',(100.702,-71.285,-8.));
#14731=CARTESIAN_POINT('',(114.844554242889,-68.2462846779485,-8.));
#14732=CARTESIAN_POINT('',(119.946435573447,-67.3333164398487,-8.));
#14733=CARTESIAN_POINT('',(121.008215980663,-67.1433136301364,-8.));
#14734=CARTESIAN_POINT('Origin',(118.202,-69.235,-8.));
#14735=CARTESIAN_POINT('',(119.946435573447,-67.3333164398487,-8.));
#14736=CARTESIAN_POINT('',(131.813891190838,-74.7152482315336,-8.));
#14737=CARTESIAN_POINT('',(132.12752905522,-69.735,-8.));
#14738=CARTESIAN_POINT('Origin',(132.12752905522,-72.235,-8.));
#14739=CARTESIAN_POINT('',(173.570140713476,-79.9955023441585,-8.));
#14740=CARTESIAN_POINT('',(125.136658080057,-73.8708839029068,-8.));
#14741=CARTESIAN_POINT('',(175.990286228623,-78.8615919295445,-8.));
#14742=CARTESIAN_POINT('Origin',(173.883778577858,-77.5152541126249,-8.));
#14743=CARTESIAN_POINT('',(176.837714285714,-77.8818864796112,-8.));
#14744=CARTESIAN_POINT('Origin',(179.782,-81.285,-8.));
#14745=CARTESIAN_POINT('',(177.702,-75.991267857173,-8.));
#14746=CARTESIAN_POINT('Origin',(175.202,-75.991267857173,-8.));
#14747=CARTESIAN_POINT('',(177.702,-74.4311524227066,-8.));
#14748=CARTESIAN_POINT('',(177.702,-86.01,-8.));
#14749=CARTESIAN_POINT('',(176.452,-72.2660889132455,-8.));
#14750=CARTESIAN_POINT('Origin',(175.202,-74.4311524227066,-8.));
#14751=CARTESIAN_POINT('',(175.170911086754,-70.985,-8.));
#14752=CARTESIAN_POINT('Origin',(178.202,-69.235,-8.));
#14753=CARTESIAN_POINT('',(173.005847577293,-69.735,-8.));
#14754=CARTESIAN_POINT('Origin',(173.005847577293,-72.235,-8.));
#14755=CARTESIAN_POINT('',(132.222,-69.735,-8.));
#14756=CARTESIAN_POINT('',(171.512549174848,-80.7432748293776,-8.));
#14757=CARTESIAN_POINT('',(172.548076597267,-85.328220908321,-8.));
#14758=CARTESIAN_POINT('Origin',(171.198911310466,-83.2235230609113,-8.));
#14759=CARTESIAN_POINT('',(121.515637864382,-74.4209542286611,-8.));
#14760=CARTESIAN_POINT('',(125.011202934304,-74.8629831955203,-8.));
#14761=CARTESIAN_POINT('',(118.702,-76.9012024601948,-8.));
#14762=CARTESIAN_POINT('Origin',(121.202,-76.9012024601948,-8.));
#14763=CARTESIAN_POINT('',(118.702,-79.2865518938596,-8.));
#14764=CARTESIAN_POINT('',(118.702,-111.06,-8.));
#14765=CARTESIAN_POINT('',(119.983992126189,-81.4697735544644,-8.));
#14766=CARTESIAN_POINT('Origin',(121.202,-79.2865518938596,-8.));
#14767=CARTESIAN_POINT('',(141.490644391912,-93.4682216606048,-8.));
#14768=CARTESIAN_POINT('',(172.511893614647,-110.774813332236,-8.));
#14769=CARTESIAN_POINT('',(142.708652265723,-93.785,-8.));
#14770=CARTESIAN_POINT('Origin',(142.708652265723,-91.285,-8.));
#14771=CARTESIAN_POINT('',(158.623007285488,-93.785,-8.));
#14772=CARTESIAN_POINT('',(132.222,-93.785,-8.));
#14773=CARTESIAN_POINT('',(159.972172572289,-93.3896978474097,-8.));
#14774=CARTESIAN_POINT('Origin',(158.623007285488,-91.285,-8.));
#14775=CARTESIAN_POINT('',(162.74216694264,-91.6140604305181,-8.));
#14776=CARTESIAN_POINT('',(177.702,-97.285,-8.));
#14777=CARTESIAN_POINT('',(177.702,-109.412867683333,-8.));
#14778=CARTESIAN_POINT('',(177.702,-86.01,-8.));
#14779=CARTESIAN_POINT('',(175.202,-94.785,-8.));
#14780=CARTESIAN_POINT('Origin',(175.202,-97.285,-8.));
#14781=CARTESIAN_POINT('',(160.380992714512,-94.785,-8.));
#14782=CARTESIAN_POINT('',(132.222,-94.785,-8.));
#14783=CARTESIAN_POINT('',(159.031827427711,-95.1803021525903,-8.));
#14784=CARTESIAN_POINT('Origin',(160.380992714512,-97.285,-8.));
#14785=CARTESIAN_POINT('',(155.812843252194,-97.2437535471525,-8.));
#14786=CARTESIAN_POINT('',(163.28183305736,-92.455939569482,-8.));
#14787=CARTESIAN_POINT('',(155.944000665184,-101.531673055167,-8.));
#14788=CARTESIAN_POINT('Origin',(157.162008538995,-99.3484513945622,-8.));
#14789=CARTESIAN_POINT('',(173.983992126189,-111.596089343938,-8.));
#14790=CARTESIAN_POINT('',(172.511893614647,-110.774813332236,-8.));
#14791=CARTESIAN_POINT('Origin',(175.202,-109.412867683333,-8.));
#14792=CARTESIAN_POINT('',(150.522394815903,-98.5069876866207,-8.));
#14793=CARTESIAN_POINT('',(148.887579805063,-97.5949329963629,-8.));
#14794=CARTESIAN_POINT('',(172.511893614647,-110.774813332236,-8.));
#14795=CARTESIAN_POINT('',(152.06269871227,-98.4598733987036,-8.));
#14796=CARTESIAN_POINT('Origin',(151.25319954019,-97.1970546902578,-8.));
#14797=CARTESIAN_POINT('',(153.485504029073,-97.5478187084458,-8.));
#14798=CARTESIAN_POINT('',(162.74216694264,-91.6140604305181,-8.));
#14799=CARTESIAN_POINT('',(152.676004856992,-94.785,-8.));
#14800=CARTESIAN_POINT('Origin',(152.676004856992,-96.285,-8.));
#14801=CARTESIAN_POINT('',(149.61838452935,-94.785,-8.));
#14802=CARTESIAN_POINT('',(132.222,-94.785,-8.));
#14803=CARTESIAN_POINT('Origin',(149.61838452935,-96.285,-8.));
#14804=CARTESIAN_POINT('',(173.365578560839,-119.835,-8.));
#14805=CARTESIAN_POINT('',(174.828912964179,-120.308018889086,-8.));
#14806=CARTESIAN_POINT('Origin',(173.365578560839,-122.335,-8.));
#14807=CARTESIAN_POINT('',(123.038421439161,-119.835,-8.));
#14808=CARTESIAN_POINT('',(162.222,-119.835,-8.));
#14809=CARTESIAN_POINT('',(121.575087035821,-120.308018889086,-8.));
#14810=CARTESIAN_POINT('Origin',(123.038421439161,-122.335,-8.));
#14811=CARTESIAN_POINT('',(123.876284095813,-123.785,-8.));
#14812=CARTESIAN_POINT('Origin',(123.876284095813,-121.285,-8.));
#14813=CARTESIAN_POINT('',(172.527715904187,-123.785,-8.));
#14814=CARTESIAN_POINT('',(170.972,-123.785,-8.));
#14815=CARTESIAN_POINT('Origin',(172.527715904187,-121.285,-8.));
#14816=CARTESIAN_POINT('',(181.682,-81.285,-8.));
#14817=CARTESIAN_POINT('Origin',(179.782,-81.285,-8.));
#14818=CARTESIAN_POINT('',(176.102,-119.335,-8.));
#14819=CARTESIAN_POINT('Origin',(178.202,-119.335,-8.));
#14820=CARTESIAN_POINT('',(176.102,-69.235,-8.));
#14821=CARTESIAN_POINT('Origin',(178.202,-69.235,-8.));
#14822=CARTESIAN_POINT('',(110.202,-124.285,-8.));
#14823=CARTESIAN_POINT('Origin',(112.702,-124.285,-8.));
#14824=CARTESIAN_POINT('',(193.201999999999,-124.284999999999,-8.));
#14825=CARTESIAN_POINT('Origin',(195.701999999999,-124.284999999999,-8.));
#14826=CARTESIAN_POINT('',(183.546477115422,-92.8929608517227,-8.));
#14827=CARTESIAN_POINT('',(192.411757449612,-116.838127583518,-8.));
#14828=CARTESIAN_POINT('',(180.791726753443,-85.4523662810509,-8.));
#14829=CARTESIAN_POINT('',(178.702,-93.760962611665,-8.));
#14830=CARTESIAN_POINT('Origin',(181.202,-93.760962611665,-8.));
#14831=CARTESIAN_POINT('',(178.702,-112.760236104386,-8.));
#14832=CARTESIAN_POINT('',(178.702,-86.01,-8.));
#14833=CARTESIAN_POINT('',(179.983992126189,-114.943457764991,-8.));
#14834=CARTESIAN_POINT('Origin',(181.202,-112.760236104386,-8.));
#14835=CARTESIAN_POINT('',(188.849272460379,-119.889351004065,-8.));
#14836=CARTESIAN_POINT('',(172.511893614647,-110.774813332236,-8.));
#14837=CARTESIAN_POINT('Origin',(190.06728033419,-117.706129343461,-8.));
#14838=CARTESIAN_POINT('',(111.308876952083,-115.867810176836,-8.));
#14839=CARTESIAN_POINT('',(102.674619674567,-77.7331738678036,-8.));
#14840=CARTESIAN_POINT('',(111.69215580289,-117.560625101232,-8.));
#14841=CARTESIAN_POINT('',(115.603343449718,-116.990435193116,-8.));
#14842=CARTESIAN_POINT('Origin',(113.747160199517,-115.315746045342,-8.));
#14843=CARTESIAN_POINT('',(116.452,-116.303911086754,-8.));
#14844=CARTESIAN_POINT('Origin',(118.202,-119.335,-8.));
#14845=CARTESIAN_POINT('',(117.702,-114.138847577293,-8.));
#14846=CARTESIAN_POINT('Origin',(115.202,-114.138847577293,-8.));
#14847=CARTESIAN_POINT('',(117.702,-82.8097638956141,-8.));
#14848=CARTESIAN_POINT('',(117.702,-111.06,-8.));
#14849=CARTESIAN_POINT('',(116.420007873811,-80.6265422350093,-8.));
#14850=CARTESIAN_POINT('Origin',(115.202,-82.8097638956141,-8.));
#14851=CARTESIAN_POINT('',(106.330910795812,-74.9978880757043,-8.));
#14852=CARTESIAN_POINT('',(172.024690465123,-111.648101996478,-8.));
#14853=CARTESIAN_POINT('Origin',(105.112902922001,-77.1811097363092,-8.));
#14854=CARTESIAN_POINT('',(134.424136936719,-65.7584547951742,-8.));
#14855=CARTESIAN_POINT('',(184.906350462282,-56.7247955327051,-8.));
#14856=CARTESIAN_POINT('',(120.122584825952,-68.3176799097325,-8.));
#14857=CARTESIAN_POINT('',(134.688360815477,-68.735,-8.));
#14858=CARTESIAN_POINT('Origin',(134.688360815477,-67.235,-8.));
#14859=CARTESIAN_POINT('',(173.005847577293,-68.735,-8.));
#14860=CARTESIAN_POINT('',(132.222,-68.735,-8.));
#14861=CARTESIAN_POINT('',(175.170911086754,-67.485,-8.));
#14862=CARTESIAN_POINT('Origin',(173.005847577293,-66.235,-8.));
#14863=CARTESIAN_POINT('',(179.369932909237,-65.9356163121698,-8.));
#14864=CARTESIAN_POINT('Origin',(178.202,-69.235,-8.));
#14865=CARTESIAN_POINT('',(181.828016155746,-65.4797361160273,-8.));
#14866=CARTESIAN_POINT('Origin',(180.20417070155,-63.5789136780054,-8.));
#14867=CARTESIAN_POINT('',(186.970569047742,-61.0865266454366,-8.));
#14868=CARTESIAN_POINT('',(160.354643710422,-83.8241314336041,-8.));
#14869=CARTESIAN_POINT('Origin',(185.346723593546,-59.1857042074147,-8.));
#14870=CARTESIAN_POINT('',(152.649376956143,-100.838716565152,-8.));
#14871=CARTESIAN_POINT('',(174.872964789645,-113.237139251211,-8.));
#14872=CARTESIAN_POINT('',(172.024690465123,-111.648101996478,-8.));
#14873=CARTESIAN_POINT('',(150.08220379553,-100.917240378347,-8.));
#14874=CARTESIAN_POINT('Origin',(151.431369082331,-103.021938225757,-8.));
#14875=CARTESIAN_POINT('',(129.313827427711,-114.23030215259,-8.));
#14876=CARTESIAN_POINT('',(163.28183305736,-92.455939569482,-8.));
#14877=CARTESIAN_POINT('',(130.662992714512,-118.835,-8.));
#14878=CARTESIAN_POINT('Origin',(130.662992714512,-116.335,-8.));
#14879=CARTESIAN_POINT('',(173.005847577293,-118.835,-8.));
#14880=CARTESIAN_POINT('',(162.222,-118.835,-8.));
#14881=CARTESIAN_POINT('',(175.170911086754,-117.585,-8.));
#14882=CARTESIAN_POINT('Origin',(173.005847577293,-116.335,-8.));
#14883=CARTESIAN_POINT('',(175.549558200903,-117.051460531893,-8.));
#14884=CARTESIAN_POINT('Origin',(178.202,-119.335,-8.));
#14885=CARTESIAN_POINT('Origin',(173.654956915834,-115.420360911816,-8.));
#14886=CARTESIAN_POINT('',(98.2019999999999,-71.2849999999999,-8.));
#14887=CARTESIAN_POINT('Origin',(100.702,-71.2849999999999,-8.));
#14888=CARTESIAN_POINT('',(193.202000000036,-54.284999999983,-8.));
#14889=CARTESIAN_POINT('Origin',(195.702000000036,-54.284999999983,-8.));
#14890=CARTESIAN_POINT('',(116.102,-119.335,-8.));
#14891=CARTESIAN_POINT('Origin',(118.202,-119.335,-8.));
#14892=CARTESIAN_POINT('',(116.102,-69.235,-8.));
#14893=CARTESIAN_POINT('Origin',(118.202,-69.235,-8.));
#14894=CARTESIAN_POINT('',(120.445801400351,-116.64885866422,-8.));
#14895=CARTESIAN_POINT('',(119.952,-116.303911086754,-8.));
#14896=CARTESIAN_POINT('Origin',(118.202,-119.335,-8.));
#14897=CARTESIAN_POINT('',(123.397681973117,-116.83488412893,-8.));
#14898=CARTESIAN_POINT('Origin',(122.048516686316,-114.730186281521,-8.));
#14899=CARTESIAN_POINT('',(146.836091461899,-101.810262661762,-8.));
#14900=CARTESIAN_POINT('',(162.74216694264,-91.6140604305181,-8.));
#14901=CARTESIAN_POINT('',(146.704934048909,-97.5223431537479,-8.));
#14902=CARTESIAN_POINT('Origin',(145.486926175098,-99.7055648143527,-8.));
#14903=CARTESIAN_POINT('',(142.366185796767,-95.1017783393952,-8.));
#14904=CARTESIAN_POINT('',(172.024690465123,-111.648101996478,-8.));
#14905=CARTESIAN_POINT('',(141.148177922956,-94.785,-8.));
#14906=CARTESIAN_POINT('Origin',(141.148177922956,-97.285,-8.));
#14907=CARTESIAN_POINT('',(121.202,-94.785,-8.));
#14908=CARTESIAN_POINT('',(132.222,-94.785,-8.));
#14909=CARTESIAN_POINT('',(118.702,-97.285,-8.));
#14910=CARTESIAN_POINT('Origin',(121.202,-97.285,-8.));
#14911=CARTESIAN_POINT('',(118.702,-114.138847577293,-8.));
#14912=CARTESIAN_POINT('',(118.702,-111.06,-8.));
#14913=CARTESIAN_POINT('Origin',(121.202,-114.138847577293,-8.));
#14914=CARTESIAN_POINT('',(122.420007873811,-83.9739106560619,-8.));
#14915=CARTESIAN_POINT('',(131.611468815635,-89.1017783393952,-8.));
#14916=CARTESIAN_POINT('',(172.024690465123,-111.648101996478,-8.));
#14917=CARTESIAN_POINT('',(118.702,-86.1571323166667,-8.));
#14918=CARTESIAN_POINT('Origin',(121.202,-86.1571323166667,-8.));
#14919=CARTESIAN_POINT('',(118.702,-91.285,-8.));
#14920=CARTESIAN_POINT('',(118.702,-111.06,-8.));
#14921=CARTESIAN_POINT('',(121.202,-93.785,-8.));
#14922=CARTESIAN_POINT('Origin',(121.202,-91.285,-8.));
#14923=CARTESIAN_POINT('',(130.393460941824,-93.785,-8.));
#14924=CARTESIAN_POINT('',(132.222,-93.785,-8.));
#14925=CARTESIAN_POINT('Origin',(130.393460941824,-91.285,-8.));
#14926=CARTESIAN_POINT('',(183.351255367204,-74.247192498431,-8.));
#14927=CARTESIAN_POINT('',(178.713460915381,-72.6974280110981,-8.));
#14928=CARTESIAN_POINT('Origin',(181.197733232141,-72.9774120395348,-8.));
#14929=CARTESIAN_POINT('',(189.190650912796,-64.343695027892,-8.));
#14930=CARTESIAN_POINT('',(178.28171784946,-82.845026228274,-8.));
#14931=CARTESIAN_POINT('',(186.924230359241,-62.4413332897411,-8.));
#14932=CARTESIAN_POINT('Origin',(187.898537631758,-63.5818267525542,-8.));
#14933=CARTESIAN_POINT('',(182.477554337424,-66.240065091236,-8.));
#14934=CARTESIAN_POINT('',(161.0041818921,-84.5844604088128,-8.));
#14935=CARTESIAN_POINT('',(181.643316545112,-68.5967677254004,-8.));
#14936=CARTESIAN_POINT('Origin',(184.10139979162,-68.1408875292579,-8.));
#14937=CARTESIAN_POINT('Origin',(178.202,-69.235,-8.));
#14938=CARTESIAN_POINT('',(173.852834713199,-85.6796564567649,-8.));
#14939=CARTESIAN_POINT('',(177.702,-87.7843543041745,-8.));
#14940=CARTESIAN_POINT('Origin',(175.202,-87.7843543041745,-8.));
#14941=CARTESIAN_POINT('',(168.391827427711,-89.1803021525903,-8.));
#14942=CARTESIAN_POINT('',(163.28183305736,-92.455939569482,-8.));
#14943=CARTESIAN_POINT('',(169.740992714512,-93.785,-8.));
#14944=CARTESIAN_POINT('Origin',(169.740992714512,-91.285,-8.));
#14945=CARTESIAN_POINT('',(175.202,-93.785,-8.));
#14946=CARTESIAN_POINT('',(132.222,-93.785,-8.));
#14947=CARTESIAN_POINT('',(177.702,-91.285,-8.));
#14948=CARTESIAN_POINT('Origin',(175.202,-91.285,-8.));
#14949=CARTESIAN_POINT('',(177.702,-86.01,-8.));
#14950=CARTESIAN_POINT('Origin',(132.12752905522,-72.235,-7.75));
#14951=CARTESIAN_POINT('',(132.12752905522,-69.735,-8.));
#14952=CARTESIAN_POINT('',(131.876618763714,-74.2191985852269,-7.5));
#14953=CARTESIAN_POINT('Origin',(132.12752905522,-72.235,-7.5));
#14954=CARTESIAN_POINT('',(131.876618763714,-74.2191985852269,-7.5));
#14955=CARTESIAN_POINT('Origin',(132.222,-69.985,-7.75));
#14956=CARTESIAN_POINT('',(173.005847577293,-69.735,-8.));
#14957=CARTESIAN_POINT('Origin',(173.005847577293,-72.235,-7.75));
#14958=CARTESIAN_POINT('',(175.170911086754,-70.985,-8.));
#14959=CARTESIAN_POINT('Origin',(178.202,-69.235,-7.75));
#14960=CARTESIAN_POINT('',(176.452,-72.2660889132455,-8.));
#14961=CARTESIAN_POINT('Origin',(175.202,-74.4311524227066,-7.75));
#14962=CARTESIAN_POINT('',(177.702,-74.4311524227066,-8.));
#14963=CARTESIAN_POINT('Origin',(177.452,-86.01,-7.75));
#14964=CARTESIAN_POINT('',(177.702,-75.991267857173,-8.));
#14965=CARTESIAN_POINT('Origin',(175.202,-75.991267857173,-7.75));
#14966=CARTESIAN_POINT('',(176.510571428571,-77.5037627551236,-7.5));
#14967=CARTESIAN_POINT('',(176.837714285714,-77.8818864796112,-8.));
#14968=CARTESIAN_POINT('Origin',(175.202,-75.991267857173,-7.5));
#14969=CARTESIAN_POINT('Origin',(179.782,-81.285,-7.75));
#14970=CARTESIAN_POINT('',(175.56898469847,-78.5923243661606,-7.5));
#14971=CARTESIAN_POINT('',(175.990286228623,-78.8615919295445,-8.));
#14972=CARTESIAN_POINT('Origin',(179.782,-81.285,-7.5));
#14973=CARTESIAN_POINT('Origin',(173.883778577858,-77.5152541126249,-7.75));
#14974=CARTESIAN_POINT('',(173.632868286352,-79.4994526978518,-7.5));
#14975=CARTESIAN_POINT('',(173.570140713476,-79.9955023441585,-8.));
#14976=CARTESIAN_POINT('Origin',(173.883778577858,-77.5152541126249,-7.5));
#14977=CARTESIAN_POINT('Origin',(125.168021866496,-73.6228590797535,-7.75));
#14978=CARTESIAN_POINT('',(125.199385652934,-73.3748342566001,-7.5));
#14979=CARTESIAN_POINT('Origin',(175.202,-75.991267857173,-3.));
#14980=CARTESIAN_POINT('',(176.510571428571,-77.5037627551236,-3.));
#14981=CARTESIAN_POINT('Origin',(179.782,-81.285,-3.));
#14982=CARTESIAN_POINT('',(175.56898469847,-78.5923243661606,-3.));
#14983=CARTESIAN_POINT('Origin',(173.883778577858,-77.5152541126249,-3.));
#14984=CARTESIAN_POINT('',(173.632868286352,-79.4994526978518,-3.));
#14985=CARTESIAN_POINT('Origin',(100.827455145753,-70.2929007073865,-3.));
#14986=CARTESIAN_POINT('',(131.876618763714,-74.2191985852269,-3.));
#14987=CARTESIAN_POINT('Origin',(132.12752905522,-72.235,-3.));
#14988=CARTESIAN_POINT('Origin',(175.202,-87.7843543041745,-7.75));
#14989=CARTESIAN_POINT('',(177.702,-87.7843543041745,-8.));
#14990=CARTESIAN_POINT('',(174.122667770559,-86.1005960262468,-7.5));
#14991=CARTESIAN_POINT('Origin',(175.202,-87.7843543041745,-7.5));
#14992=CARTESIAN_POINT('',(174.122667770559,-86.1005960262468,-7.5));
#14993=CARTESIAN_POINT('Origin',(177.452,-86.01,-7.75));
#14994=CARTESIAN_POINT('',(177.702,-91.285,-8.));
#14995=CARTESIAN_POINT('Origin',(175.202,-91.285,-7.75));
#14996=CARTESIAN_POINT('',(175.202,-93.785,-8.));
#14997=CARTESIAN_POINT('Origin',(132.222,-93.535,-7.75));
#14998=CARTESIAN_POINT('',(169.740992714512,-93.785,-8.));
#14999=CARTESIAN_POINT('Origin',(169.740992714512,-91.285,-7.75));
#15000=CARTESIAN_POINT('',(168.661660485071,-89.6012417220723,-7.5));
#15001=CARTESIAN_POINT('',(168.391827427711,-89.1803021525903,-8.));
#15002=CARTESIAN_POINT('Origin',(169.740992714512,-91.285,-7.5));
#15003=CARTESIAN_POINT('Origin',(163.41674958604,-92.6664093542229,-7.75));
#15004=CARTESIAN_POINT('',(163.55166611472,-92.8768791389639,-7.5));
#15005=CARTESIAN_POINT('Origin',(169.740992714512,-91.285,-3.));
#15006=CARTESIAN_POINT('',(168.661660485071,-89.6012417220723,-3.));
#15007=CARTESIAN_POINT('Origin',(180.32166611472,-82.1268791389639,-3.));
#15008=CARTESIAN_POINT('',(174.122667770559,-86.1005960262468,-3.));
#15009=CARTESIAN_POINT('Origin',(175.202,-87.7843543041745,-3.));
#15010=CARTESIAN_POINT('Origin',(171.198911310466,-83.2235230609113,-7.75));
#15011=CARTESIAN_POINT('',(172.548076597267,-85.328220908321,-8.));
#15012=CARTESIAN_POINT('',(171.449821601972,-81.2393244756844,-7.5));
#15013=CARTESIAN_POINT('Origin',(171.198911310466,-83.2235230609113,-7.5));
#15014=CARTESIAN_POINT('',(171.449821601972,-81.2393244756844,-7.5));
#15015=CARTESIAN_POINT('Origin',(162.60725041396,-91.4035906457771,-7.75));
#15016=CARTESIAN_POINT('',(159.972172572289,-93.3896978474097,-8.));
#15017=CARTESIAN_POINT('Origin',(158.623007285488,-91.285,-7.75));
#15018=CARTESIAN_POINT('',(158.623007285488,-93.785,-8.));
#15019=CARTESIAN_POINT('Origin',(132.222,-93.535,-7.75));
#15020=CARTESIAN_POINT('',(142.708652265723,-93.785,-8.));
#15021=CARTESIAN_POINT('Origin',(142.708652265723,-91.285,-7.75));
#15022=CARTESIAN_POINT('',(141.490644391912,-93.4682216606048,-8.));
#15023=CARTESIAN_POINT('Origin',(172.633694402028,-110.556491166176,-7.75));
#15024=CARTESIAN_POINT('',(119.983992126189,-81.4697735544644,-8.));
#15025=CARTESIAN_POINT('Origin',(121.202,-79.2865518938596,-7.75));
#15026=CARTESIAN_POINT('',(119.202,-79.2865518938596,-7.5));
#15027=CARTESIAN_POINT('',(118.702,-79.2865518938596,-8.));
#15028=CARTESIAN_POINT('Origin',(121.202,-79.2865518938596,-7.5));
#15029=CARTESIAN_POINT('Origin',(118.952,-111.06,-7.75));
#15030=CARTESIAN_POINT('',(119.202,-76.9012024601948,-7.5));
#15031=CARTESIAN_POINT('',(118.702,-76.9012024601948,-8.));
#15032=CARTESIAN_POINT('',(119.202,-111.06,-7.5));
#15033=CARTESIAN_POINT('Origin',(121.202,-76.9012024601948,-7.75));
#15034=CARTESIAN_POINT('',(121.452910291506,-74.9170038749678,-7.5));
#15035=CARTESIAN_POINT('',(121.515637864382,-74.4209542286611,-8.));
#15036=CARTESIAN_POINT('Origin',(121.202,-76.9012024601948,-7.5));
#15037=CARTESIAN_POINT('Origin',(124.979839147866,-75.1110080186737,-7.75));
#15038=CARTESIAN_POINT('',(124.948475361428,-75.359032841827,-7.5));
#15039=CARTESIAN_POINT('Origin',(121.202,-79.2865518938596,-3.));
#15040=CARTESIAN_POINT('',(119.202,-79.2865518938596,-3.));
#15041=CARTESIAN_POINT('Origin',(119.202,-119.335,-3.));
#15042=CARTESIAN_POINT('',(119.202,-76.9012024601948,-3.));
#15043=CARTESIAN_POINT('Origin',(121.202,-76.9012024601948,-3.));
#15044=CARTESIAN_POINT('',(121.452910291506,-74.9170038749678,-3.));
#15045=CARTESIAN_POINT('Origin',(100.576544854247,-72.2770992926135,-3.));
#15046=CARTESIAN_POINT('',(171.449821601972,-81.2393244756844,-3.));
#15047=CARTESIAN_POINT('Origin',(171.198911310466,-83.2235230609113,-3.));
#15048=CARTESIAN_POINT('Origin',(181.197733232141,-72.9774120395348,-7.75));
#15049=CARTESIAN_POINT('',(182.920550940192,-73.9932364066518,-7.5));
#15050=CARTESIAN_POINT('Ctrl Pts',(178.713460915381,-72.6974280110981,-7.99999999999998));
#15051=CARTESIAN_POINT('Ctrl Pts',(178.865482141635,-72.8443035516368,-7.83248602821623));
#15052=CARTESIAN_POINT('Ctrl Pts',(179.029008655882,-72.9828062689721,-7.66445001989416));
#15053=CARTESIAN_POINT('Ctrl Pts',(179.202,-73.1079833462074,-7.5));
#15054=CARTESIAN_POINT('Origin',(178.066365635953,-82.7180481823844,-7.75));
#15055=CARTESIAN_POINT('',(188.759946485784,-64.0897389361127,-7.5));
#15056=CARTESIAN_POINT('',(177.851013422447,-82.5910701364948,-7.5));
#15057=CARTESIAN_POINT('',(188.759946485784,-64.0897389361127,-7.5));
#15058=CARTESIAN_POINT('Origin',(187.898537631758,-63.5818267525542,-7.75));
#15059=CARTESIAN_POINT('',(187.24899945008,-62.8214977773455,-7.5));
#15060=CARTESIAN_POINT('Origin',(187.898537631758,-63.5818267525542,-7.5));
#15061=CARTESIAN_POINT('',(187.24899945008,-62.8214977773455,-7.5));
#15062=CARTESIAN_POINT('Origin',(161.16656643752,-84.774542652615,-7.75));
#15063=CARTESIAN_POINT('',(161.328950982939,-84.9646248964172,-7.5));
#15064=CARTESIAN_POINT('',(182.802323428263,-66.6202295788404,-7.5));
#15065=CARTESIAN_POINT('Origin',(184.10139979162,-68.1408875292579,-7.75));
#15066=CARTESIAN_POINT('',(182.134933194413,-68.5055916861719,-7.5));
#15067=CARTESIAN_POINT('Origin',(178.202,-69.235,-7.75));
#15068=CARTESIAN_POINT('Origin',(187.898537631758,-63.5818267525542,-3.));
#15069=CARTESIAN_POINT('',(187.24899945008,-62.8214977773455,-3.));
#15070=CARTESIAN_POINT('',(188.759946485784,-64.0897389361127,-3.));
#15071=CARTESIAN_POINT('Origin',(194.840591145975,-53.7770878164415,-3.));
#15072=CARTESIAN_POINT('Origin',(177.452,-86.01,-7.75));
#15073=CARTESIAN_POINT('',(177.202,-97.285,-7.5));
#15074=CARTESIAN_POINT('',(177.202,-97.285,-7.5));
#15075=CARTESIAN_POINT('',(177.202,-109.412867683333,-7.5));
#15076=CARTESIAN_POINT('',(177.702,-109.412867683333,-8.));
#15077=CARTESIAN_POINT('',(177.202,-86.01,-7.5));
#15078=CARTESIAN_POINT('Origin',(175.202,-97.285,-7.75));
#15079=CARTESIAN_POINT('',(175.202,-95.285,-7.5));
#15080=CARTESIAN_POINT('Origin',(175.202,-97.285,-7.5));
#15081=CARTESIAN_POINT('',(175.202,-95.285,-7.5));
#15082=CARTESIAN_POINT('Origin',(132.222,-95.035,-7.75));
#15083=CARTESIAN_POINT('',(132.222,-95.285,-7.5));
#15084=CARTESIAN_POINT('',(160.380992714512,-95.285,-7.5));
#15085=CARTESIAN_POINT('Origin',(160.380992714512,-97.285,-7.75));
#15086=CARTESIAN_POINT('',(159.301660485071,-95.6012417220722,-7.5));
#15087=CARTESIAN_POINT('Origin',(163.41674958604,-92.6664093542229,-7.75));
#15088=CARTESIAN_POINT('',(156.082676309554,-97.6646931166345,-7.5));
#15089=CARTESIAN_POINT('Origin',(157.162008538995,-99.3484513945622,-7.75));
#15090=CARTESIAN_POINT('',(156.187602239946,-101.095028723046,-7.5));
#15091=CARTESIAN_POINT('Origin',(172.633694402028,-110.556491166176,-7.75));
#15092=CARTESIAN_POINT('',(174.227593700951,-111.159445011817,-7.5));
#15093=CARTESIAN_POINT('Origin',(175.202,-109.412867683333,-7.75));
#15094=CARTESIAN_POINT('Origin',(175.202,-109.412867683333,-7.5));
#15095=CARTESIAN_POINT('Origin',(118.202,-95.285,-3.));
#15096=CARTESIAN_POINT('',(175.202,-95.285,-3.));
#15097=CARTESIAN_POINT('Origin',(175.202,-97.285,-3.));
#15098=CARTESIAN_POINT('',(177.202,-97.285,-3.));
#15099=CARTESIAN_POINT('Origin',(177.202,-69.235,-3.));
#15100=CARTESIAN_POINT('',(177.202,-109.412867683333,-3.));
#15101=CARTESIAN_POINT('Origin',(171.902889677742,-111.866424162538,-7.75));
#15102=CARTESIAN_POINT('',(122.176406299049,-84.4105549881829,-7.5));
#15103=CARTESIAN_POINT('',(131.611468815635,-89.1017783393952,-8.));
#15104=CARTESIAN_POINT('Origin',(121.202,-86.1571323166667,-7.75));
#15105=CARTESIAN_POINT('',(119.202,-86.1571323166667,-7.5));
#15106=CARTESIAN_POINT('Origin',(118.952,-111.06,-7.75));
#15107=CARTESIAN_POINT('',(119.202,-91.285,-7.5));
#15108=CARTESIAN_POINT('Origin',(121.202,-91.285,-7.75));
#15109=CARTESIAN_POINT('',(121.202,-93.285,-7.5));
#15110=CARTESIAN_POINT('Origin',(121.202,-91.285,-7.5));
#15111=CARTESIAN_POINT('',(121.202,-93.285,-7.5));
#15112=CARTESIAN_POINT('Origin',(132.222,-93.535,-7.75));
#15113=CARTESIAN_POINT('',(130.393460941824,-93.285,-7.5));
#15114=CARTESIAN_POINT('',(130.393460941824,-93.285,-7.5));
#15115=CARTESIAN_POINT('',(132.222,-93.285,-7.5));
#15116=CARTESIAN_POINT('Origin',(130.393460941824,-91.285,-7.75));
#15117=CARTESIAN_POINT('Origin',(130.393460941824,-91.285,-7.5));
#15118=CARTESIAN_POINT('Origin',(172.633694402028,-110.556491166176,-7.75));
#15119=CARTESIAN_POINT('',(150.765996390665,-98.0703433544998,-7.5));
#15120=CARTESIAN_POINT('',(150.765996390665,-98.0703433544998,-7.5));
#15121=CARTESIAN_POINT('',(149.131181379826,-97.1582886642419,-7.5));
#15122=CARTESIAN_POINT('',(148.887579805063,-97.5949329963629,-8.));
#15123=CARTESIAN_POINT('',(172.75549518941,-110.338169000115,-7.5));
#15124=CARTESIAN_POINT('Origin',(151.25319954019,-97.1970546902578,-7.75));
#15125=CARTESIAN_POINT('Origin',(151.25319954019,-97.1970546902578,-7.5));
#15126=CARTESIAN_POINT('',(151.79286565491,-98.0389338292217,-7.5));
#15127=CARTESIAN_POINT('Origin',(162.60725041396,-91.4035906457771,-7.75));
#15128=CARTESIAN_POINT('',(153.215670971712,-97.1268791389639,-7.5));
#15129=CARTESIAN_POINT('Origin',(152.676004856992,-96.285,-7.75));
#15130=CARTESIAN_POINT('',(152.676004856992,-95.285,-7.5));
#15131=CARTESIAN_POINT('Origin',(132.222,-95.035,-7.75));
#15132=CARTESIAN_POINT('',(149.61838452935,-95.285,-7.5));
#15133=CARTESIAN_POINT('Origin',(149.61838452935,-96.285,-7.75));
#15134=CARTESIAN_POINT('Origin',(149.61838452935,-96.285,-7.5));
#15135=CARTESIAN_POINT('Origin',(151.25319954019,-97.1970546902578,-3.));
#15136=CARTESIAN_POINT('',(150.765996390665,-98.0703433544998,-3.));
#15137=CARTESIAN_POINT('Origin',(196.189203149524,-123.411711335758,-3.));
#15138=CARTESIAN_POINT('',(149.131181379826,-97.1582886642419,-3.));
#15139=CARTESIAN_POINT('Origin',(118.202,-119.335,-7.75));
#15140=CARTESIAN_POINT('',(120.766344457544,-116.26512418768,-7.5));
#15141=CARTESIAN_POINT('',(120.766344457544,-116.26512418768,-7.5));
#15142=CARTESIAN_POINT('',(120.202,-115.870898384862,-7.5));
#15143=CARTESIAN_POINT('',(119.952,-116.303911086754,-8.));
#15144=CARTESIAN_POINT('Origin',(118.202,-119.335,-7.5));
#15145=CARTESIAN_POINT('Origin',(122.048516686316,-114.730186281521,-7.75));
#15146=CARTESIAN_POINT('',(123.127848915756,-116.413944559448,-7.5));
#15147=CARTESIAN_POINT('Origin',(122.048516686316,-114.730186281521,-7.5));
#15148=CARTESIAN_POINT('',(123.127848915756,-116.413944559448,-7.5));
#15149=CARTESIAN_POINT('Origin',(162.60725041396,-91.4035906457771,-7.75));
#15150=CARTESIAN_POINT('',(146.566258404538,-101.38932309228,-7.5));
#15151=CARTESIAN_POINT('',(162.47233388528,-91.1931208610361,-7.5));
#15152=CARTESIAN_POINT('',(146.566258404538,-101.38932309228,-7.5));
#15153=CARTESIAN_POINT('Origin',(145.486926175098,-99.7055648143527,-7.75));
#15154=CARTESIAN_POINT('Origin',(145.486926175098,-99.7055648143527,-7.5));
#15155=CARTESIAN_POINT('',(146.461332474146,-97.9589874858688,-7.5));
#15156=CARTESIAN_POINT('Origin',(171.902889677742,-111.866424162538,-7.75));
#15157=CARTESIAN_POINT('',(142.122584222005,-95.5384226715161,-7.5));
#15158=CARTESIAN_POINT('Origin',(141.148177922956,-97.285,-7.75));
#15159=CARTESIAN_POINT('',(141.148177922956,-95.285,-7.5));
#15160=CARTESIAN_POINT('Origin',(132.222,-95.035,-7.75));
#15161=CARTESIAN_POINT('',(121.202,-95.285,-7.5));
#15162=CARTESIAN_POINT('Origin',(121.202,-97.285,-7.75));
#15163=CARTESIAN_POINT('',(119.202,-97.285,-7.5));
#15164=CARTESIAN_POINT('Origin',(118.952,-111.06,-7.75));
#15165=CARTESIAN_POINT('',(119.202,-114.138847577293,-7.5));
#15166=CARTESIAN_POINT('Origin',(121.202,-114.138847577293,-7.75));
#15167=CARTESIAN_POINT('Origin',(121.202,-114.138847577293,-7.5));
#15168=CARTESIAN_POINT('Origin',(145.486926175098,-99.7055648143527,-3.));
#15169=CARTESIAN_POINT('',(146.566258404538,-101.38932309228,-3.));
#15170=CARTESIAN_POINT('Origin',(179.24233388528,-80.4431208610361,-3.));
#15171=CARTESIAN_POINT('',(123.127848915756,-116.413944559448,-3.));
#15172=CARTESIAN_POINT('Origin',(122.048516686316,-114.730186281521,-3.));
#15173=CARTESIAN_POINT('',(120.766344457544,-116.26512418768,-3.));
#15174=CARTESIAN_POINT('Origin',(118.202,-119.335,-3.));
#15175=CARTESIAN_POINT('',(120.202,-115.870898384862,-3.));
#15176=CARTESIAN_POINT('Origin',(173.365578560839,-122.335,-7.75));
#15177=CARTESIAN_POINT('',(173.365578560839,-120.335,-7.5));
#15178=CARTESIAN_POINT('Ctrl Pts',(174.828912964179,-120.308018889086,-8.));
#15179=CARTESIAN_POINT('Ctrl Pts',(174.695276111009,-120.414656345109,-7.83531699445099));
#15180=CARTESIAN_POINT('Ctrl Pts',(174.554833083102,-120.526724886509,-7.66351253999609));
#15181=CARTESIAN_POINT('Ctrl Pts',(174.419143936124,-120.635,-7.5));
#15182=CARTESIAN_POINT('Origin',(162.222,-120.085,-7.75));
#15183=CARTESIAN_POINT('',(123.038421439161,-120.335,-7.5));
#15184=CARTESIAN_POINT('Origin',(123.038421439161,-122.335,-7.75));
#15185=CARTESIAN_POINT('Ctrl Pts',(121.575087035821,-120.308018889086,-7.99999999999999));
#15186=CARTESIAN_POINT('Ctrl Pts',(121.708723888993,-120.41465634511,-7.83531699444861));
#15187=CARTESIAN_POINT('Ctrl Pts',(121.849166916898,-120.526724886509,-7.6635125399955));
#15188=CARTESIAN_POINT('Ctrl Pts',(121.984856063876,-120.635,-7.5));
#15189=CARTESIAN_POINT('Origin',(172.527715904187,-121.285,-7.75));
#15190=CARTESIAN_POINT('',(172.527715904187,-123.285,-7.5));
#15191=CARTESIAN_POINT('',(172.527715904187,-123.785,-8.));
#15192=CARTESIAN_POINT('Origin',(172.527715904187,-121.285,-7.5));
#15193=CARTESIAN_POINT('Origin',(170.972,-123.535,-7.75));
#15194=CARTESIAN_POINT('',(123.876284095813,-123.285,-7.5));
#15195=CARTESIAN_POINT('',(123.876284095813,-123.785,-8.));
#15196=CARTESIAN_POINT('',(170.972,-123.285,-7.5));
#15197=CARTESIAN_POINT('Origin',(123.876284095813,-121.285,-7.75));
#15198=CARTESIAN_POINT('Origin',(123.876284095813,-121.285,-7.5));
#15199=CARTESIAN_POINT('Origin',(110.473014179173,-117.83665716698,-7.75));
#15200=CARTESIAN_POINT('Ctrl Pts',(111.449380850685,-121.016828452059,-7.99999999999999));
#15201=CARTESIAN_POINT('Ctrl Pts',(111.258207515272,-120.914597571899,-7.83612130438908));
#15202=CARTESIAN_POINT('Ctrl Pts',(111.064630284162,-120.818558273522,-7.66853079724816));
#15203=CARTESIAN_POINT('Ctrl Pts',(110.8714326261,-120.728453488338,-7.5));
#15204=CARTESIAN_POINT('Ctrl Pts',(100.979305850341,-74.7739972005387,-7.99999999999999));
#15205=CARTESIAN_POINT('Ctrl Pts',(100.850813043259,-74.9486053205093,-7.83612130438908));
#15206=CARTESIAN_POINT('Ctrl Pts',(100.717483773576,-75.1186611851028,-7.6685307972482));
#15207=CARTESIAN_POINT('Ctrl Pts',(100.581940775953,-75.2831978168572,-7.5));
#15208=CARTESIAN_POINT('Origin',(112.702,-124.285,-7.75));
#15209=CARTESIAN_POINT('Ctrl Pts',(116.166101615138,-124.785,-8.));
#15210=CARTESIAN_POINT('Ctrl Pts',(116.308024728676,-124.948878695611,-7.8361213043892));
#15211=CARTESIAN_POINT('Ctrl Pts',(116.444439951994,-125.116469202752,-7.66853079724848));
#15212=CARTESIAN_POINT('Ctrl Pts',(116.574983346207,-125.285,-7.5));
#15213=CARTESIAN_POINT('Origin',(170.972,-125.035,-7.75));
#15214=CARTESIAN_POINT('Ctrl Pts',(192.237898384862,-124.785,-7.99999999999999));
#15215=CARTESIAN_POINT('Ctrl Pts',(192.095975271324,-124.948878695611,-7.8361213043893));
#15216=CARTESIAN_POINT('Ctrl Pts',(191.959560048006,-125.116469202751,-7.66853079724876));
#15217=CARTESIAN_POINT('Ctrl Pts',(191.829016653793,-125.285,-7.49999999999999));
#15218=CARTESIAN_POINT('Origin',(195.702,-124.285,-7.75));
#15219=CARTESIAN_POINT('Ctrl Pts',(196.202,-120.820898384862,-8.00000000000001));
#15220=CARTESIAN_POINT('Ctrl Pts',(196.365878695611,-120.678975271324,-7.83612130438905));
#15221=CARTESIAN_POINT('Ctrl Pts',(196.533469202752,-120.542560048006,-7.66853079724807));
#15222=CARTESIAN_POINT('Ctrl Pts',(196.702,-120.412016653793,-7.49999999999999));
#15223=CARTESIAN_POINT('Origin',(196.452,-78.535,-7.75));
#15224=CARTESIAN_POINT('Ctrl Pts',(196.202,-57.7491016151377,-8.00000000000001));
#15225=CARTESIAN_POINT('Ctrl Pts',(196.365878695611,-57.8910247286759,-7.83612130438908));
#15226=CARTESIAN_POINT('Ctrl Pts',(196.533469202752,-58.0274399519944,-7.66853079724812));
#15227=CARTESIAN_POINT('Ctrl Pts',(196.702,-58.1579833462074,-7.50000000000001));
#15228=CARTESIAN_POINT('Origin',(195.702,-54.285,-7.75));
#15229=CARTESIAN_POINT('Ctrl Pts',(192.20399028784,-54.4030171751678,-7.99999999999999));
#15230=CARTESIAN_POINT('Ctrl Pts',(192.035419249607,-54.2667006240791,-7.836121304389));
#15231=CARTESIAN_POINT('Ctrl Pts',(191.871616144477,-54.1257600905681,-7.668530797248));
#15232=CARTESIAN_POINT('Ctrl Pts',(191.713427422019,-53.982859651517,-7.50000000000002));
#15233=CARTESIAN_POINT('Origin',(119.90239826032,-67.0872255723778,-7.75));
#15234=CARTESIAN_POINT('',(121.21069304068,-66.5991384355462,-7.5));
#15235=CARTESIAN_POINT('',(119.858360947194,-66.8411347049068,-7.5));
#15236=CARTESIAN_POINT('Ctrl Pts',(121.008215980663,-67.1433136301364,-8.));
#15237=CARTESIAN_POINT('Ctrl Pts',(121.079642063891,-66.9627023974744,-7.83479455148701));
#15238=CARTESIAN_POINT('Ctrl Pts',(121.147083654297,-66.7806085463101,-7.66742780204805));
#15239=CARTESIAN_POINT('Ctrl Pts',(121.21069304068,-66.5991384355462,-7.5));
#15240=CARTESIAN_POINT('Origin',(118.202,-69.235,-7.75));
#15241=CARTESIAN_POINT('',(114.465927930367,-67.8060964026548,-7.5));
#15242=CARTESIAN_POINT('Origin',(118.202,-69.235,-7.5));
#15243=CARTESIAN_POINT('Ctrl Pts',(114.844554242889,-68.2462846779485,-8.00000000000001));
#15244=CARTESIAN_POINT('Ctrl Pts',(114.71492652713,-68.1016514935266,-7.83479455148719));
#15245=CARTESIAN_POINT('Ctrl Pts',(114.588521881109,-67.9542459162494,-7.66742780204849));
#15246=CARTESIAN_POINT('Ctrl Pts',(114.465927930367,-67.8060964026548,-7.5));
#15247=CARTESIAN_POINT('Origin',(119.90239826032,-67.0872255723778,-7.75));
#15248=CARTESIAN_POINT('',(119.858360947194,-66.8411347049068,-7.5));
#15249=CARTESIAN_POINT('Ctrl Pts',(104.023860459654,-70.1826193549484,-8.));
#15250=CARTESIAN_POINT('Ctrl Pts',(104.13469727842,-69.9963035031338,-7.83612130438912));
#15251=CARTESIAN_POINT('Ctrl Pts',(104.239458498431,-69.8073040903871,-7.66853079724828));
#15252=CARTESIAN_POINT('Ctrl Pts',(104.33827407297,-69.6184134087154,-7.50000000000001));
#15253=CARTESIAN_POINT('Origin',(100.702,-71.285,-7.75));
#15254=CARTESIAN_POINT('Origin',(100.525850747494,-70.3006365301162,-3.));
#15255=CARTESIAN_POINT('',(121.21069304068,-66.5991384355462,-3.));
#15256=CARTESIAN_POINT('Origin',(118.202,-69.235,-3.));
#15257=CARTESIAN_POINT('',(114.465927930367,-67.8060964026548,-3.));
#15258=CARTESIAN_POINT('Origin',(100.525850747494,-70.3006365301162,-3.));
#15259=CARTESIAN_POINT('Origin',(179.782,-81.285,-7.75));
#15260=CARTESIAN_POINT('',(181.432,-81.285,-7.75));
#15261=CARTESIAN_POINT('Origin',(118.202,-69.235,-7.75));
#15262=CARTESIAN_POINT('',(116.602,-69.235,-7.5));
#15263=CARTESIAN_POINT('',(116.352,-69.235,-7.75));
#15264=CARTESIAN_POINT('Origin',(118.202,-69.235,-7.5));
#15265=CARTESIAN_POINT('Origin',(118.202,-69.235,-11.));
#15266=CARTESIAN_POINT('',(116.602,-69.235,-5.5));
#15267=CARTESIAN_POINT('Origin',(118.202,-69.235,-5.5));
#15268=CARTESIAN_POINT('',(116.602,-69.235,-11.));
#15269=CARTESIAN_POINT('Origin',(178.202,-119.335,-7.75));
#15270=CARTESIAN_POINT('',(176.602,-119.335,-7.5));
#15271=CARTESIAN_POINT('',(176.352,-119.335,-7.75));
#15272=CARTESIAN_POINT('Origin',(178.202,-119.335,-7.5));
#15273=CARTESIAN_POINT('Origin',(178.202,-119.335,-11.));
#15274=CARTESIAN_POINT('',(176.602,-119.335,-5.5));
#15275=CARTESIAN_POINT('Origin',(178.202,-119.335,-5.5));
#15276=CARTESIAN_POINT('',(176.602,-119.335,-11.));
#15277=CARTESIAN_POINT('Origin',(118.202,-119.335,-7.75));
#15278=CARTESIAN_POINT('',(116.602,-119.335,-7.5));
#15279=CARTESIAN_POINT('',(116.352,-119.335,-7.75));
#15280=CARTESIAN_POINT('Origin',(118.202,-119.335,-7.5));
#15281=CARTESIAN_POINT('Origin',(118.202,-119.335,-11.));
#15282=CARTESIAN_POINT('',(116.602,-119.335,-5.5));
#15283=CARTESIAN_POINT('Origin',(118.202,-119.335,-5.5));
#15284=CARTESIAN_POINT('',(116.602,-119.335,-11.));
#15285=CARTESIAN_POINT('Origin',(178.202,-69.235,-7.75));
#15286=CARTESIAN_POINT('',(176.602,-69.235,-7.5));
#15287=CARTESIAN_POINT('',(176.352,-69.235,-7.75));
#15288=CARTESIAN_POINT('Origin',(178.202,-69.235,-7.5));
#15289=CARTESIAN_POINT('Origin',(178.202,-69.235,-11.));
#15290=CARTESIAN_POINT('',(176.602,-69.235,-5.5));
#15291=CARTESIAN_POINT('Origin',(178.202,-69.235,-5.5));
#15292=CARTESIAN_POINT('',(176.602,-69.235,-11.));
#15293=CARTESIAN_POINT('Origin',(195.702000000036,-54.284999999983,-7.75));
#15294=CARTESIAN_POINT('',(193.702000000036,-54.284999999983,-7.5));
#15295=CARTESIAN_POINT('',(193.452000000036,-54.284999999983,-7.75));
#15296=CARTESIAN_POINT('Origin',(195.702000000036,-54.284999999983,-7.5));
#15297=CARTESIAN_POINT('Origin',(195.702000000036,-54.284999999983,-8.));
#15298=CARTESIAN_POINT('',(193.702000000036,-54.284999999983,-0.249999999999999));
#15299=CARTESIAN_POINT('Origin',(195.702000000036,-54.284999999983,-0.249999999999999));
#15300=CARTESIAN_POINT('',(193.702000000036,-54.284999999983,-8.));
#15301=CARTESIAN_POINT('Origin',(112.702,-124.285,-7.75));
#15302=CARTESIAN_POINT('',(110.702,-124.285,-7.5));
#15303=CARTESIAN_POINT('',(110.452,-124.285,-7.75));
#15304=CARTESIAN_POINT('Origin',(112.702,-124.285,-7.5));
#15305=CARTESIAN_POINT('Origin',(112.702,-124.285,-8.));
#15306=CARTESIAN_POINT('',(110.702,-124.285,-0.249999999999999));
#15307=CARTESIAN_POINT('Origin',(112.702,-124.285,-0.249999999999999));
#15308=CARTESIAN_POINT('',(110.702,-124.285,-8.));
#15309=CARTESIAN_POINT('Origin',(100.702,-71.2849999999999,-7.75));
#15310=CARTESIAN_POINT('',(98.7019999999999,-71.2849999999999,-7.5));
#15311=CARTESIAN_POINT('',(98.4519999999999,-71.2849999999999,-7.75));
#15312=CARTESIAN_POINT('Origin',(100.702,-71.2849999999999,-7.5));
#15313=CARTESIAN_POINT('Origin',(100.702,-71.2849999999999,-8.));
#15314=CARTESIAN_POINT('',(98.7019999999999,-71.2849999999999,-0.249999999999999));
#15315=CARTESIAN_POINT('Origin',(100.702,-71.2849999999999,-0.249999999999999));
#15316=CARTESIAN_POINT('',(98.7019999999999,-71.2849999999999,-8.));
#15317=CARTESIAN_POINT('Origin',(195.701999999999,-124.284999999999,-7.75));
#15318=CARTESIAN_POINT('',(193.701999999999,-124.284999999999,-7.5));
#15319=CARTESIAN_POINT('',(193.451999999999,-124.284999999999,-7.75));
#15320=CARTESIAN_POINT('Origin',(195.701999999999,-124.284999999999,-7.5));
#15321=CARTESIAN_POINT('Origin',(195.701999999999,-124.284999999999,-8.));
#15322=CARTESIAN_POINT('',(193.701999999999,-124.284999999999,-0.249999999999999));
#15323=CARTESIAN_POINT('Origin',(195.701999999999,-124.284999999999,-0.249999999999999));
#15324=CARTESIAN_POINT('',(193.701999999999,-124.284999999999,-8.));
#15325=CARTESIAN_POINT('Origin',(171.902889677742,-111.866424162538,-7.75));
#15326=CARTESIAN_POINT('',(152.40577538138,-101.275360897273,-7.5));
#15327=CARTESIAN_POINT('',(174.629363214883,-113.673783583332,-7.5));
#15328=CARTESIAN_POINT('',(174.872964789645,-113.237139251211,-8.));
#15329=CARTESIAN_POINT('',(171.781088890361,-112.084746328599,-7.5));
#15330=CARTESIAN_POINT('Origin',(151.431369082331,-103.021938225757,-7.75));
#15331=CARTESIAN_POINT('',(150.352036852891,-101.338179947829,-7.5));
#15332=CARTESIAN_POINT('Origin',(163.41674958604,-92.6664093542229,-7.75));
#15333=CARTESIAN_POINT('',(129.583660485071,-114.651241722072,-7.5));
#15334=CARTESIAN_POINT('Origin',(130.662992714512,-116.335,-7.75));
#15335=CARTESIAN_POINT('',(130.662992714512,-118.335,-7.5));
#15336=CARTESIAN_POINT('Origin',(162.222,-118.585,-7.75));
#15337=CARTESIAN_POINT('',(173.005847577293,-118.335,-7.5));
#15338=CARTESIAN_POINT('Origin',(173.005847577293,-116.335,-7.75));
#15339=CARTESIAN_POINT('',(174.737898384862,-117.335,-7.5));
#15340=CARTESIAN_POINT('Origin',(173.005847577293,-116.335,-7.5));
#15341=CARTESIAN_POINT('',(174.737898384862,-117.335,-7.5));
#15342=CARTESIAN_POINT('Origin',(178.202,-119.335,-7.75));
#15343=CARTESIAN_POINT('',(175.170637943889,-116.725240607877,-7.5));
#15344=CARTESIAN_POINT('',(175.170637943889,-116.725240607877,-7.5));
#15345=CARTESIAN_POINT('Origin',(178.202,-119.335,-7.5));
#15346=CARTESIAN_POINT('Origin',(173.654956915834,-115.420360911816,-7.75));
#15347=CARTESIAN_POINT('Origin',(173.654956915834,-115.420360911816,-7.5));
#15348=CARTESIAN_POINT('Origin',(195.214796850476,-125.158288664242,-3.));
#15349=CARTESIAN_POINT('',(174.629363214883,-113.673783583332,-3.));
#15350=CARTESIAN_POINT('Origin',(180.557279041901,-85.5391664570451,-7.75));
#15351=CARTESIAN_POINT('',(183.077581692338,-93.0665612037111,-7.5));
#15352=CARTESIAN_POINT('',(183.077581692338,-93.0665612037111,-7.5));
#15353=CARTESIAN_POINT('',(192.411757449612,-116.838127583518,-8.));
#15354=CARTESIAN_POINT('',(180.322831330359,-85.6259666330394,-7.5));
#15355=CARTESIAN_POINT('Origin',(181.202,-93.760962611665,-7.75));
#15356=CARTESIAN_POINT('',(179.202,-93.760962611665,-7.5));
#15357=CARTESIAN_POINT('Origin',(181.202,-93.760962611665,-7.5));
#15358=CARTESIAN_POINT('',(179.202,-93.760962611665,-7.5));
#15359=CARTESIAN_POINT('Origin',(178.952,-86.01,-7.75));
#15360=CARTESIAN_POINT('',(179.202,-112.760236104386,-7.5));
#15361=CARTESIAN_POINT('',(179.202,-86.01,-7.5));
#15362=CARTESIAN_POINT('Origin',(181.202,-112.760236104386,-7.75));
#15363=CARTESIAN_POINT('',(180.227593700951,-114.50681343287,-7.5));
#15364=CARTESIAN_POINT('Origin',(172.633694402028,-110.556491166176,-7.75));
#15365=CARTESIAN_POINT('',(189.092874035141,-119.452706671944,-7.5));
#15366=CARTESIAN_POINT('Origin',(190.06728033419,-117.706129343461,-7.75));
#15367=CARTESIAN_POINT('Origin',(179.202,-69.235,-3.));
#15368=CARTESIAN_POINT('',(179.202,-93.760962611665,-3.));
#15369=CARTESIAN_POINT('Origin',(181.202,-93.760962611665,-3.));
#15370=CARTESIAN_POINT('',(183.077581692338,-93.0665612037111,-3.));
#15371=CARTESIAN_POINT('Origin',(178.844209153831,-81.6322007039769,-3.));
#15372=CARTESIAN_POINT('Origin',(120.166622139079,-68.5637707772035,-7.75));
#15373=CARTESIAN_POINT('',(134.512211562972,-66.2506365301162,-7.5));
#15374=CARTESIAN_POINT('',(134.512211562972,-66.2506365301162,-7.5));
#15375=CARTESIAN_POINT('',(184.906350462282,-56.7247955327051,-8.));
#15376=CARTESIAN_POINT('',(120.210659452205,-68.8098616446745,-7.5));
#15377=CARTESIAN_POINT('Origin',(134.688360815477,-67.235,-7.75));
#15378=CARTESIAN_POINT('',(134.688360815477,-68.235,-7.5));
#15379=CARTESIAN_POINT('Origin',(134.688360815477,-67.235,-7.5));
#15380=CARTESIAN_POINT('',(134.688360815477,-68.235,-7.5));
#15381=CARTESIAN_POINT('Origin',(132.222,-68.485,-7.75));
#15382=CARTESIAN_POINT('',(173.005847577293,-68.235,-7.5));
#15383=CARTESIAN_POINT('',(173.005847577293,-68.235,-7.5));
#15384=CARTESIAN_POINT('',(132.222,-68.235,-7.5));
#15385=CARTESIAN_POINT('Origin',(173.005847577293,-66.235,-7.75));
#15386=CARTESIAN_POINT('Origin',(173.005847577293,-66.235,-7.5));
#15387=CARTESIAN_POINT('',(174.737898384862,-67.235,-7.5));
#15388=CARTESIAN_POINT('Origin',(178.202,-69.235,-7.75));
#15389=CARTESIAN_POINT('',(179.5367804677,-65.4642757853369,-7.5));
#15390=CARTESIAN_POINT('Origin',(180.20417070155,-63.5789136780054,-7.75));
#15391=CARTESIAN_POINT('',(181.503247064907,-65.0995716284229,-7.5));
#15392=CARTESIAN_POINT('Origin',(160.192259165002,-83.6340491898019,-7.75));
#15393=CARTESIAN_POINT('',(186.645799956902,-60.7063621578322,-7.5));
#15394=CARTESIAN_POINT('Origin',(185.346723593546,-59.1857042074147,-7.75));
#15395=CARTESIAN_POINT('Origin',(173.005847577293,-66.235,-3.));
#15396=CARTESIAN_POINT('',(173.005847577293,-68.235,-3.));
#15397=CARTESIAN_POINT('Origin',(118.202,-68.235,-3.));
#15398=CARTESIAN_POINT('',(134.688360815477,-68.235,-3.));
#15399=CARTESIAN_POINT('Origin',(134.688360815477,-67.235,-3.));
#15400=CARTESIAN_POINT('',(134.512211562972,-66.2506365301162,-3.));
#15401=CARTESIAN_POINT('Origin',(100.878149252506,-72.2693634698838,-3.));
#15402=CARTESIAN_POINT('Origin',(111.935984127634,-117.505418688083,-7.75));
#15403=CARTESIAN_POINT('',(111.79653360157,-115.757397350537,-7.5));
#15404=CARTESIAN_POINT('',(102.674619674567,-77.7331738678036,-8.));
#15405=CARTESIAN_POINT('Origin',(113.747160199517,-115.315746045342,-7.75));
#15406=CARTESIAN_POINT('',(115.232106799678,-116.655497363561,-7.5));
#15407=CARTESIAN_POINT('Origin',(118.202,-119.335,-7.75));
#15408=CARTESIAN_POINT('',(116.202,-115.870898384862,-7.5));
#15409=CARTESIAN_POINT('',(116.202,-115.870898384862,-7.5));
#15410=CARTESIAN_POINT('Origin',(118.202,-119.335,-7.5));
#15411=CARTESIAN_POINT('Origin',(115.202,-114.138847577293,-7.75));
#15412=CARTESIAN_POINT('',(117.202,-114.138847577293,-7.5));
#15413=CARTESIAN_POINT('Origin',(115.202,-114.138847577293,-7.5));
#15414=CARTESIAN_POINT('',(117.202,-114.138847577293,-7.5));
#15415=CARTESIAN_POINT('Origin',(117.452,-111.06,-7.75));
#15416=CARTESIAN_POINT('',(117.202,-82.8097638956141,-7.5));
#15417=CARTESIAN_POINT('',(117.202,-82.8097638956141,-7.5));
#15418=CARTESIAN_POINT('',(117.202,-111.06,-7.5));
#15419=CARTESIAN_POINT('Origin',(115.202,-82.8097638956141,-7.75));
#15420=CARTESIAN_POINT('Origin',(115.202,-82.8097638956141,-7.5));
#15421=CARTESIAN_POINT('',(116.176406299049,-81.0631865671302,-7.5));
#15422=CARTESIAN_POINT('Origin',(171.902889677742,-111.866424162538,-7.75));
#15423=CARTESIAN_POINT('',(106.08730922105,-75.4345324078253,-7.5));
#15424=CARTESIAN_POINT('Origin',(105.112902922001,-77.1811097363092,-7.75));
#15425=CARTESIAN_POINT('Origin',(115.202,-114.138847577293,-3.));
#15426=CARTESIAN_POINT('',(117.202,-114.138847577293,-3.));
#15427=CARTESIAN_POINT('',(116.202,-115.870898384862,-3.));
#15428=CARTESIAN_POINT('Origin',(118.202,-119.335,-3.));
#15429=CARTESIAN_POINT('Origin',(149.61838452935,-96.285,-3.));
#15430=CARTESIAN_POINT('Origin',(178.851538181678,-69.9953289752087,-3.));
#15431=CARTESIAN_POINT('Origin',(172.527715904187,-121.285,-3.));
#15432=CARTESIAN_POINT('',(172.527715904187,-123.285,-3.));
#15433=CARTESIAN_POINT('Origin',(123.876284095813,-121.285,-3.));
#15434=CARTESIAN_POINT('',(123.876284095813,-123.285,-3.));
#15435=CARTESIAN_POINT('Origin',(115.202,-82.8097638956141,-3.));
#15436=CARTESIAN_POINT('',(117.202,-82.8097638956141,-3.));
#15437=CARTESIAN_POINT('Origin',(192.702,-65.2794725541952,-3.));
#15438=CARTESIAN_POINT('Origin',(130.393460941824,-91.285,-3.));
#15439=CARTESIAN_POINT('',(130.393460941824,-93.285,-3.));
#15440=CARTESIAN_POINT('Origin',(121.202,-91.285,-3.));
#15441=CARTESIAN_POINT('',(121.202,-93.285,-3.));
#15442=CARTESIAN_POINT('Origin',(118.202,-93.285,-3.));
#15443=CARTESIAN_POINT('Origin',(175.202,-109.412867683333,-3.));
#15444=CARTESIAN_POINT('Origin',(173.005847577293,-116.335,-3.));
#15445=CARTESIAN_POINT('',(174.737898384862,-117.335,-3.));
#15446=CARTESIAN_POINT('Origin',(178.202,-119.335,-3.));
#15447=CARTESIAN_POINT('',(175.170637943889,-116.725240607877,-3.));
#15448=CARTESIAN_POINT('Origin',(173.654956915834,-115.420360911816,-3.));
#15449=CARTESIAN_POINT('Origin',(121.202,-114.138847577293,-3.));
#15450=CARTESIAN_POINT('Origin',(195.701999999999,-124.284999999999,-0.125));
#15451=CARTESIAN_POINT('',(193.576999999999,-124.284999999999,-0.125));
#15452=CARTESIAN_POINT('Origin',(100.702,-71.2849999999999,-0.125));
#15453=CARTESIAN_POINT('',(98.5769999999999,-71.2849999999999,-0.125));
#15454=CARTESIAN_POINT('Origin',(112.702,-124.285,-0.125));
#15455=CARTESIAN_POINT('',(110.577,-124.285,-0.125));
#15456=CARTESIAN_POINT('Origin',(195.702000000036,-54.284999999983,-0.125));
#15457=CARTESIAN_POINT('',(193.577000000036,-54.284999999983,-0.125));
#15458=CARTESIAN_POINT('Origin',(178.202,-69.235,-5.5));
#15459=CARTESIAN_POINT('Origin',(118.202,-119.335,-5.5));
#15460=CARTESIAN_POINT('Origin',(178.202,-119.335,-5.5));
#15461=CARTESIAN_POINT('Origin',(118.202,-69.235,-5.5));
#15462=CARTESIAN_POINT('Origin',(195.702,-123.285,-3.));
#15463=CARTESIAN_POINT('Origin',(117.202,-119.335,-3.));
#15464=CARTESIAN_POINT('Origin',(191.702,-60.156,1.6));
#15465=CARTESIAN_POINT('',(190.994893218813,-60.8631067811866,11.3928932188135));
#15466=CARTESIAN_POINT('',(190.702,-60.156,11.1));
#15467=CARTESIAN_POINT('Origin',(191.702,-60.156,12.1));
#15468=CARTESIAN_POINT('',(190.702,-60.156,1.6));
#15469=CARTESIAN_POINT('',(190.702,-60.156,1.6));
#15470=CARTESIAN_POINT('',(190.835974596216,-60.656,1.6));
#15471=CARTESIAN_POINT('Origin',(191.702,-60.156,1.6));
#15472=CARTESIAN_POINT('',(191.702,-61.156,2.1));
#15473=CARTESIAN_POINT('Origin',(191.702,-60.156,1.1));
#15474=CARTESIAN_POINT('',(191.702,-61.156,11.1));
#15475=CARTESIAN_POINT('',(191.702,-61.156,1.6));
#15476=CARTESIAN_POINT('Origin',(191.702,-60.156,12.1));
#15477=CARTESIAN_POINT('Origin',(190.702,-59.285,1.6));
#15478=CARTESIAN_POINT('',(190.702,-59.285,11.1));
#15479=CARTESIAN_POINT('',(190.702,-57.50275,11.1));
#15480=CARTESIAN_POINT('',(190.702,-59.285,1.6));
#15481=CARTESIAN_POINT('',(190.702,-59.285,1.6));
#15482=CARTESIAN_POINT('',(190.702,-61.156,1.6));
#15483=CARTESIAN_POINT('Origin',(190.952,-57.50275,11.35));
#15484=CARTESIAN_POINT('',(191.202,-60.656,11.6));
#15485=CARTESIAN_POINT('',(191.202,-60.656,11.6));
#15486=CARTESIAN_POINT('',(191.202,-59.3311639941582,11.6));
#15487=CARTESIAN_POINT('',(191.202,-57.50275,11.6));
#15488=CARTESIAN_POINT('',(191.202,-59.3311639941582,11.6));
#15489=CARTESIAN_POINT('Origin',(193.202,-60.906,11.35));
#15490=CARTESIAN_POINT('',(199.702,-61.156,11.1));
#15491=CARTESIAN_POINT('',(193.202,-61.156,11.1));
#15492=CARTESIAN_POINT('',(200.409106781187,-60.8631067811866,11.3928932188135));
#15493=CARTESIAN_POINT('Origin',(199.702,-60.156,12.1));
#15494=CARTESIAN_POINT('',(200.202,-60.656,11.6));
#15495=CARTESIAN_POINT('',(200.202,-60.656,11.6));
#15496=CARTESIAN_POINT('',(193.202,-60.656,11.6));
#15497=CARTESIAN_POINT('Origin',(199.702,-60.156,1.6));
#15498=CARTESIAN_POINT('',(199.702,-61.156,2.1));
#15499=CARTESIAN_POINT('',(199.702,-61.156,1.6));
#15500=CARTESIAN_POINT('',(200.568025403784,-60.656,1.6));
#15501=CARTESIAN_POINT('Origin',(199.702,-60.156,1.1));
#15502=CARTESIAN_POINT('',(200.702,-60.156,1.6));
#15503=CARTESIAN_POINT('Origin',(199.702,-60.156,1.6));
#15504=CARTESIAN_POINT('',(200.702,-60.156,11.1));
#15505=CARTESIAN_POINT('',(200.702,-60.156,1.6));
#15506=CARTESIAN_POINT('Origin',(199.702,-60.156,12.1));
#15507=CARTESIAN_POINT('Origin',(200.702,-61.156,1.6));
#15508=CARTESIAN_POINT('',(200.702,-59.285,1.6));
#15509=CARTESIAN_POINT('',(200.702,-129.285,1.6));
#15510=CARTESIAN_POINT('',(200.702,-59.285,11.1));
#15511=CARTESIAN_POINT('',(200.702,-59.285,1.6));
#15512=CARTESIAN_POINT('',(200.702,-58.43825,11.1));
#15513=CARTESIAN_POINT('Origin',(195.702,-55.7205,1.6));
#15514=CARTESIAN_POINT('',(191.251424273172,-56.3349696826457,1.6));
#15515=CARTESIAN_POINT('',(190.702,-59.285,1.6));
#15516=CARTESIAN_POINT('',(200.152575726828,-56.3349696826457,1.6));
#15517=CARTESIAN_POINT('Origin',(195.702,-54.285,1.6));
#15518=CARTESIAN_POINT('',(200.702,-59.285,1.6));
#15519=CARTESIAN_POINT('',(193.202,-60.656,1.6));
#15520=CARTESIAN_POINT('Origin',(193.202,-60.906,1.85));
#15521=CARTESIAN_POINT('',(193.202,-61.156,2.1));
#15522=CARTESIAN_POINT('Origin',(200.452,-58.43825,11.35));
#15523=CARTESIAN_POINT('',(200.202,-59.3311639941582,11.6));
#15524=CARTESIAN_POINT('',(200.202,-59.3311639941582,11.6));
#15525=CARTESIAN_POINT('',(200.202,-58.43825,11.6));
#15526=CARTESIAN_POINT('Origin',(191.886198039433,-54.2920812972352,11.35));
#15527=CARTESIAN_POINT('',(192.261166836804,-53.6441668368045,11.6));
#15528=CARTESIAN_POINT('',(192.131971836804,-54.3378550946064,11.6));
#15529=CARTESIAN_POINT('',(191.769619242062,-53.5526192420623,11.1));
#15530=CARTESIAN_POINT('',(192.261166836804,-53.6441668368045,11.6));
#15531=CARTESIAN_POINT('',(191.640424242062,-54.2463074998641,11.1));
#15532=CARTESIAN_POINT('Origin',(195.702,-54.285,11.35));
#15533=CARTESIAN_POINT('',(199.142833163196,-53.6441668368044,11.6));
#15534=CARTESIAN_POINT('Origin',(195.702,-54.285,11.6));
#15535=CARTESIAN_POINT('',(199.634380757938,-53.5526192420622,11.1));
#15536=CARTESIAN_POINT('',(199.142833163196,-53.6441668368044,11.6));
#15537=CARTESIAN_POINT('Origin',(195.702,-54.285,11.1));
#15538=CARTESIAN_POINT('Origin',(200.051611581598,-57.1582716762041,11.35));
#15539=CARTESIAN_POINT('',(200.297385378969,-57.112497878833,11.1));
#15540=CARTESIAN_POINT('',(199.805837784227,-57.2040454735752,11.6));
#15541=CARTESIAN_POINT('Origin',(195.702,-54.285,1.6));
#15542=CARTESIAN_POINT('',(199.634380757938,-53.5526192420619,0.));
#15543=CARTESIAN_POINT('',(199.634380757938,-53.5526192420622,1.6));
#15544=CARTESIAN_POINT('',(191.769619242062,-53.5526192420619,0.));
#15545=CARTESIAN_POINT('Origin',(195.702,-54.285,0.));
#15546=CARTESIAN_POINT('',(191.769619242062,-53.5526192420623,1.6));
#15547=CARTESIAN_POINT('Origin',(200.702,-59.285,1.6));
#15548=CARTESIAN_POINT('Ctrl Pts',(199.634380757938,-53.5526192420619,7.43849426498855E-14));
#15549=CARTESIAN_POINT('Ctrl Pts',(199.86727737317,-54.8031138220996,7.92942100868999E-14));
#15550=CARTESIAN_POINT('Ctrl Pts',(200.152575726828,-56.3349696826456,1.6));
#15551=CARTESIAN_POINT('Origin',(195.702,-55.7205,11.6));
#15552=CARTESIAN_POINT('',(192.802,-54.285,11.6));
#15553=CARTESIAN_POINT('Origin',(195.702,-54.285,11.6));
#15554=CARTESIAN_POINT('Origin',(195.702,-54.285,0.8));
#15555=CARTESIAN_POINT('Ctrl Pts',(191.251424273172,-56.3349696826456,1.6));
#15556=CARTESIAN_POINT('Ctrl Pts',(191.53672262683,-54.8031138220995,4.04190569902596E-15));
#15557=CARTESIAN_POINT('Ctrl Pts',(191.769619242062,-53.5526192420619,9.99200722162641E-15));
#15558=CARTESIAN_POINT('Origin',(195.702,-54.285,0.));
#15559=CARTESIAN_POINT('Origin',(195.702,-54.285,9.1));
#15560=CARTESIAN_POINT('',(192.802,-54.285,9.1));
#15561=CARTESIAN_POINT('Origin',(195.702,-54.285,9.1));
#15562=CARTESIAN_POINT('',(194.102,-54.285,9.1));
#15563=CARTESIAN_POINT('Origin',(195.702,-54.285,9.1));
#15564=CARTESIAN_POINT('Origin',(195.702,-54.285,10.35));
#15565=CARTESIAN_POINT('',(192.802,-54.285,10.35));
#15566=CARTESIAN_POINT('Origin',(195.702,-54.285,3.6));
#15567=CARTESIAN_POINT('',(194.102,-54.285,0.));
#15568=CARTESIAN_POINT('',(194.102,-54.285,3.6));
#15569=CARTESIAN_POINT('Origin',(195.702,-54.285,0.));
#15570=CARTESIAN_POINT('Origin',(190.702,-61.156,1.6));
#15571=CARTESIAN_POINT('Origin',(191.769619242062,-53.5526192420623,1.6));
#15572=CARTESIAN_POINT('Origin',(195.702,-54.285,0.));
#15573=CARTESIAN_POINT('Origin',(112.702,-124.285,6.4));
#15574=CARTESIAN_POINT('',(116.452,-124.285,6.4));
#15575=CARTESIAN_POINT('',(116.452,-120.499999688545,10.0456344197313));
#15576=CARTESIAN_POINT('Ctrl Pts',(116.452,-120.499999688545,10.0456344197313));
#15577=CARTESIAN_POINT('Ctrl Pts',(116.452,-121.131564909455,9.62451580817794));
#15578=CARTESIAN_POINT('Ctrl Pts',(116.452,-121.746675694235,9.10580255673125));
#15579=CARTESIAN_POINT('Ctrl Pts',(116.452,-123.033441560956,7.84791921175214));
#15580=CARTESIAN_POINT('Ctrl Pts',(116.452,-123.688668412803,7.08858440478838));
#15581=CARTESIAN_POINT('Ctrl Pts',(116.452,-124.285,6.4));
#15582=CARTESIAN_POINT('',(108.952,-124.285,6.4));
#15583=CARTESIAN_POINT('Origin',(112.702,-124.285,6.4));
#15584=CARTESIAN_POINT('',(108.952,-118.951019275863,10.8752966399676));
#15585=CARTESIAN_POINT('Ctrl Pts',(108.952,-124.285,6.4));
#15586=CARTESIAN_POINT('Ctrl Pts',(108.952,-123.688668412803,7.08858440478838));
#15587=CARTESIAN_POINT('Ctrl Pts',(108.952,-123.033441560956,7.84791921175214));
#15588=CARTESIAN_POINT('Ctrl Pts',(108.952,-121.612353759386,9.23710952490837));
#15589=CARTESIAN_POINT('Ctrl Pts',(108.952,-120.840823451142,9.86115363532084));
#15590=CARTESIAN_POINT('Ctrl Pts',(108.952,-119.724745890363,10.5203752710954));
#15591=CARTESIAN_POINT('Ctrl Pts',(108.952,-119.340593508692,10.7165121972664));
#15592=CARTESIAN_POINT('Ctrl Pts',(108.952,-118.951019275856,10.8752966399706));
#15593=CARTESIAN_POINT('',(108.399315339122,-116.665984006511,11.4));
#15594=CARTESIAN_POINT('Ctrl Pts',(108.952,-118.951019275863,10.8752966399676));
#15595=CARTESIAN_POINT('Ctrl Pts',(108.951999998523,-118.584959890529,11.0244967942976));
#15596=CARTESIAN_POINT('Ctrl Pts',(108.91190821549,-118.18800677313,11.1649625855008));
#15597=CARTESIAN_POINT('Ctrl Pts',(108.718360092641,-117.390053769888,11.3526395690598));
#15598=CARTESIAN_POINT('Ctrl Pts',(108.580810539071,-117.019224234531,11.4));
#15599=CARTESIAN_POINT('Ctrl Pts',(108.399315339122,-116.665984006511,11.4));
#15600=CARTESIAN_POINT('',(117.750668337538,-117.138431031779,11.4));
#15601=CARTESIAN_POINT('Origin',(112.702,-124.285,11.4));
#15602=CARTESIAN_POINT('Ctrl Pts',(117.750668337538,-117.138431031779,11.4));
#15603=CARTESIAN_POINT('Ctrl Pts',(117.619819789832,-117.28250480213,11.4));
#15604=CARTESIAN_POINT('Ctrl Pts',(117.496946158218,-117.434706348293,11.3888101510426));
#15605=CARTESIAN_POINT('Ctrl Pts',(117.114354425895,-117.970480900749,11.3113289441655));
#15606=CARTESIAN_POINT('Ctrl Pts',(116.907172012355,-118.370172657415,11.193296672472));
#15607=CARTESIAN_POINT('Ctrl Pts',(116.58145171194,-119.259977991666,10.8164173143276));
#15608=CARTESIAN_POINT('Ctrl Pts',(116.489182531793,-119.734350105514,10.5438816808808));
#15609=CARTESIAN_POINT('Ctrl Pts',(116.454931404568,-120.30042394187,10.1780982151566));
#15610=CARTESIAN_POINT('Ctrl Pts',(116.452000000266,-120.401128437629,10.1115603489));
#15611=CARTESIAN_POINT('Ctrl Pts',(116.452,-120.499999688545,10.0456344197313));
#15612=CARTESIAN_POINT('Origin',(145.750000298023,-108.478,11.4));
#15613=CARTESIAN_POINT('',(106.756444610013,-114.811563966006,11.4));
#15614=CARTESIAN_POINT('Origin',(103.952,-118.951019296043,11.4));
#15615=CARTESIAN_POINT('',(105.000000298023,-111.499999701977,11.4));
#15616=CARTESIAN_POINT('Origin',(109.000000298023,-111.499999701977,11.4));
#15617=CARTESIAN_POINT('',(105.000000298023,-78.9066594937187,11.4));
#15618=CARTESIAN_POINT('',(105.000000298023,-111.499999701977,11.4));
#15619=CARTESIAN_POINT('',(108.613836323309,-67.547976318891,11.4));
#15620=CARTESIAN_POINT('Origin',(100.702,-71.285,11.4));
#15621=CARTESIAN_POINT('',(112.971106077528,-68.799052934295,11.4));
#15622=CARTESIAN_POINT('Origin',(108.104564300743,-77.535,11.4));
#15623=CARTESIAN_POINT('',(120.461788142966,-72.9718938333867,11.4));
#15624=CARTESIAN_POINT('',(110.702,-67.535,11.4));
#15625=CARTESIAN_POINT('',(130.194871696538,-75.4999997019768,11.4));
#15626=CARTESIAN_POINT('Origin',(130.194871696538,-55.4999997019768,11.4));
#15627=CARTESIAN_POINT('',(141.000000298023,-75.4999997019768,11.4));
#15628=CARTESIAN_POINT('',(109.000000298023,-75.4999997019768,11.4));
#15629=CARTESIAN_POINT('',(141.981764184229,-75.6223535510571,11.4));
#15630=CARTESIAN_POINT('Origin',(141.000000298023,-79.4999997019768,11.4));
#15631=CARTESIAN_POINT('',(141.678481034724,-76.5254458815451,11.4));
#15632=CARTESIAN_POINT('Origin',(147.500000298023,-77.978,11.4));
#15633=CARTESIAN_POINT('',(138.819065443366,-77.2318823123618,11.4));
#15634=CARTESIAN_POINT('',(131.707552932596,-78.988825769969,11.4));
#15635=CARTESIAN_POINT('',(137.945285592523,-80.2546859953016,11.4));
#15636=CARTESIAN_POINT('',(135.849533929196,-87.5048484250242,11.4));
#15637=CARTESIAN_POINT('',(131.244997091682,-76.4999997019768,11.4));
#15638=CARTESIAN_POINT('Origin',(125.,-95.5,11.4));
#15639=CARTESIAN_POINT('',(118.755002908318,-76.4999997019768,11.4));
#15640=CARTESIAN_POINT('',(131.244997091682,-76.4999997019768,11.4));
#15641=CARTESIAN_POINT('',(112.05471516176,-80.2546853548163,11.4));
#15642=CARTESIAN_POINT('Origin',(125.,-95.5,11.4));
#15643=CARTESIAN_POINT('',(111.180934677122,-77.231881855083,11.4));
#15644=CARTESIAN_POINT('',(114.587358905681,-89.0162501955318,11.4));
#15645=CARTESIAN_POINT('',(108.126219813386,-76.4771962022434,11.4));
#15646=CARTESIAN_POINT('',(119.819803797829,-79.3661663539584,11.4));
#15647=CARTESIAN_POINT('',(105.945285434287,-78.7453140491372,11.4));
#15648=CARTESIAN_POINT('',(107.42734951689,-77.2040040362329,11.4));
#15649=CARTESIAN_POINT('',(106.819065918924,-81.7681175488706,11.4));
#15650=CARTESIAN_POINT('',(108.914819420527,-89.0182806397193,11.4));
#15651=CARTESIAN_POINT('',(109.797856402723,-82.5040456276663,11.4));
#15652=CARTESIAN_POINT('',(116.985292471499,-84.2797448741657,11.4));
#15653=CARTESIAN_POINT('',(106.000000298023,-89.2550010948854,11.4));
#15654=CARTESIAN_POINT('Origin',(125.,-95.5,11.4));
#15655=CARTESIAN_POINT('',(106.000000298023,-101.744998905115,11.4));
#15656=CARTESIAN_POINT('',(106.000000298023,-94.5082398174775,11.4));
#15657=CARTESIAN_POINT('',(109.797855982029,-108.495953880222,11.4));
#15658=CARTESIAN_POINT('Origin',(125.,-95.5,11.4));
#15659=CARTESIAN_POINT('',(106.819065918924,-109.231881855083,11.4));
#15660=CARTESIAN_POINT('',(118.474687503051,-106.352290542358,11.4));
#15661=CARTESIAN_POINT('',(105.945285434287,-112.254685354816,11.4));
#15662=CARTESIAN_POINT('',(109.351709662845,-100.470317014368,11.4));
#15663=CARTESIAN_POINT('',(108.126219813386,-114.52280320171,11.4));
#15664=CARTESIAN_POINT('',(106.336882327341,-112.661936444274,11.4));
#15665=CARTESIAN_POINT('',(111.180934677122,-113.768117548871,11.4));
#15666=CARTESIAN_POINT('',(118.292446365961,-112.011175876415,11.4));
#15667=CARTESIAN_POINT('',(112.05471516176,-110.745314049137,11.4));
#15668=CARTESIAN_POINT('',(114.150468663362,-103.495150958288,11.4));
#15669=CARTESIAN_POINT('',(118.755001094885,-114.499999701977,11.4));
#15670=CARTESIAN_POINT('Origin',(125.,-95.5,11.4));
#15671=CARTESIAN_POINT('',(130.632365557402,-114.499999701977,11.4));
#15672=CARTESIAN_POINT('',(118.755001094885,-114.499999701977,11.4));
#15673=CARTESIAN_POINT('',(134.146700902701,-113.285889423825,11.4));
#15674=CARTESIAN_POINT('Origin',(130.632365557402,-108.80668792647,11.4));
#15675=CARTESIAN_POINT('',(137.945285592523,-110.745313408652,11.4));
#15676=CARTESIAN_POINT('Origin',(125.,-95.5,11.4));
#15677=CARTESIAN_POINT('',(138.819065443366,-113.768117091592,11.4));
#15678=CARTESIAN_POINT('',(135.412644003774,-101.98374913746,11.4));
#15679=CARTESIAN_POINT('',(141.873780148866,-114.522803384916,11.4));
#15680=CARTESIAN_POINT('',(130.180195579846,-111.633830487322,11.4));
#15681=CARTESIAN_POINT('',(143.059487378626,-113.289697691242,11.4));
#15682=CARTESIAN_POINT('',(142.572648953885,-113.795997407041,11.4));
#15683=CARTESIAN_POINT('',(144.009561192808,-114.134870328892,11.4));
#15684=CARTESIAN_POINT('Origin',(147.500000298023,-109.254620862647,11.4));
#15685=CARTESIAN_POINT('',(141.000000298023,-115.499999701977,11.4));
#15686=CARTESIAN_POINT('Origin',(141.000000298023,-111.499999701977,11.4));
#15687=CARTESIAN_POINT('',(121.452,-115.499999701977,11.4));
#15688=CARTESIAN_POINT('',(141.000000298023,-115.499999701977,11.4));
#15689=CARTESIAN_POINT('Origin',(121.452,-120.499999701977,11.4));
#15690=CARTESIAN_POINT('Origin',(100.702,-71.285,6.4));
#15691=CARTESIAN_POINT('',(108.104564300743,-67.535,11.3795476700298));
#15692=CARTESIAN_POINT('Ctrl Pts',(108.104564300743,-67.535,11.3795476700298));
#15693=CARTESIAN_POINT('Ctrl Pts',(108.234170604371,-67.535,11.390037302905));
#15694=CARTESIAN_POINT('Ctrl Pts',(108.364354479311,-67.5375217494293,11.3964680773179));
#15695=CARTESIAN_POINT('Ctrl Pts',(108.534555556119,-67.5441699917495,11.3996332087813));
#15696=CARTESIAN_POINT('Ctrl Pts',(108.57421049639,-67.5459556643231,11.4));
#15697=CARTESIAN_POINT('Ctrl Pts',(108.613836323308,-67.547976318891,11.4));
#15698=CARTESIAN_POINT('',(105.000000298023,-77.0350000000523,11.1467210336624));
#15699=CARTESIAN_POINT('Ctrl Pts',(105.000000298023,-78.9066594937187,11.4));
#15700=CARTESIAN_POINT('Ctrl Pts',(105.000000298023,-78.3810311914557,11.4));
#15701=CARTESIAN_POINT('Ctrl Pts',(105.000000298023,-77.8101158133265,11.3327287459487));
#15702=CARTESIAN_POINT('Ctrl Pts',(105.000000298023,-77.180021066846,11.1841210785102));
#15703=CARTESIAN_POINT('Ctrl Pts',(105.000000298023,-77.1073427632156,11.165900902254));
#15704=CARTESIAN_POINT('Ctrl Pts',(105.000000298023,-77.0350000000523,11.1467210336624));
#15705=CARTESIAN_POINT('',(103.000000262366,-75.035,8.86190734166948));
#15706=CARTESIAN_POINT('Ctrl Pts',(105.000000298023,-77.0350000000523,11.1467210336624));
#15707=CARTESIAN_POINT('Ctrl Pts',(105.000000298027,-76.8785297813835,11.1052368809803));
#15708=CARTESIAN_POINT('Ctrl Pts',(104.98163703082,-76.7228646750174,11.0554526036082));
#15709=CARTESIAN_POINT('Ctrl Pts',(104.890573698828,-76.3408940761812,10.9032085009042));
#15710=CARTESIAN_POINT('Ctrl Pts',(104.796931395604,-76.1285628666735,10.7900956320023));
#15711=CARTESIAN_POINT('Ctrl Pts',(104.533508119254,-75.7257735892709,10.4947521328008));
#15712=CARTESIAN_POINT('Ctrl Pts',(104.360318525561,-75.550179415422,10.3103128094186));
#15713=CARTESIAN_POINT('Ctrl Pts',(103.896755888839,-75.2158860358233,9.807785944772));
#15714=CARTESIAN_POINT('Ctrl Pts',(103.612833434257,-75.1159794499638,9.49158179227758));
#15715=CARTESIAN_POINT('Ctrl Pts',(103.250124391599,-75.0465758559853,9.1061924412214));
#15716=CARTESIAN_POINT('Ctrl Pts',(103.123903538988,-75.034999997791,8.97634645111666));
#15717=CARTESIAN_POINT('Ctrl Pts',(103.000000262366,-75.035,8.86190734166972));
#15718=CARTESIAN_POINT('',(100.702,-75.035,6.4));
#15719=CARTESIAN_POINT('Ctrl Pts',(103.000000262366,-75.035,8.86190734166988));
#15720=CARTESIAN_POINT('Ctrl Pts',(102.886747168665,-75.035,8.75730491374703));
#15721=CARTESIAN_POINT('Ctrl Pts',(102.774757831732,-75.035,8.65068610640263));
#15722=CARTESIAN_POINT('Ctrl Pts',(101.953558439044,-75.035,7.84791921175215));
#15723=CARTESIAN_POINT('Ctrl Pts',(101.298331587197,-75.035,7.08858440478838));
#15724=CARTESIAN_POINT('Ctrl Pts',(100.702,-75.035,6.4));
#15725=CARTESIAN_POINT('',(100.702,-67.535,6.4));
#15726=CARTESIAN_POINT('Origin',(100.702,-71.285,6.4));
#15727=CARTESIAN_POINT('Ctrl Pts',(100.702,-67.535,6.4));
#15728=CARTESIAN_POINT('Ctrl Pts',(101.298331587197,-67.535,7.08858440478838));
#15729=CARTESIAN_POINT('Ctrl Pts',(101.953558439044,-67.535,7.84791921175214));
#15730=CARTESIAN_POINT('Ctrl Pts',(103.374646240614,-67.535,9.23710952490836));
#15731=CARTESIAN_POINT('Ctrl Pts',(104.146176548858,-67.535,9.86115363532084));
#15732=CARTESIAN_POINT('Ctrl Pts',(105.483085691986,-67.535,10.6508115078433));
#15733=CARTESIAN_POINT('Ctrl Pts',(106.186285489207,-67.535,10.9648816965669));
#15734=CARTESIAN_POINT('Ctrl Pts',(107.199742240927,-67.535,11.2541365590996));
#15735=CARTESIAN_POINT('Ctrl Pts',(107.662353415267,-67.535,11.3437575139016));
#15736=CARTESIAN_POINT('Ctrl Pts',(108.104564300743,-67.535,11.3795476700298));
#15737=CARTESIAN_POINT('Origin',(100.702,-71.285,14.));
#15738=CARTESIAN_POINT('',(100.702,-67.535,15.5));
#15739=CARTESIAN_POINT('',(100.702,-67.535,14.));
#15740=CARTESIAN_POINT('',(100.702,-75.035,15.5));
#15741=CARTESIAN_POINT('',(100.702,-75.035,14.));
#15742=CARTESIAN_POINT('',(96.952,-71.285,15.5));
#15743=CARTESIAN_POINT('Origin',(100.702,-71.285,15.5));
#15744=CARTESIAN_POINT('',(96.952,-71.285,2.6));
#15745=CARTESIAN_POINT('',(96.952,-71.285,14.));
#15746=CARTESIAN_POINT('Origin',(100.702,-71.285,2.6));
#15747=CARTESIAN_POINT('Origin',(100.702,-71.285,15.5));
#15748=CARTESIAN_POINT('Origin',(147.500000298023,-109.254620862647,6.4));
#15749=CARTESIAN_POINT('',(144.689250983841,-113.045777621729,11.2332374621064));
#15750=CARTESIAN_POINT('Ctrl Pts',(144.689250983841,-113.045777621729,11.2332374621064));
#15751=CARTESIAN_POINT('Ctrl Pts',(144.595783572576,-113.268852816882,11.2954639301468));
#15752=CARTESIAN_POINT('Ctrl Pts',(144.481349810616,-113.485495777082,11.3415004956501));
#15753=CARTESIAN_POINT('Ctrl Pts',(144.242895622486,-113.849076218837,11.3899272545962));
#15754=CARTESIAN_POINT('Ctrl Pts',(144.130794697468,-113.996396883162,11.4));
#15755=CARTESIAN_POINT('Ctrl Pts',(144.009561192808,-114.134870328892,11.4));
#15756=CARTESIAN_POINT('',(146.759914811457,-109.927133667413,6.4));
#15757=CARTESIAN_POINT('Origin',(143.059487378626,-113.289697691242,6.4));
#15758=CARTESIAN_POINT('',(147.800135973367,-110.208517385539,6.4));
#15759=CARTESIAN_POINT('Origin',(147.500000298023,-109.254620862647,6.4));
#15760=CARTESIAN_POINT('Ctrl Pts',(147.800135973367,-110.208517385539,6.4));
#15761=CARTESIAN_POINT('Ctrl Pts',(147.798970252935,-110.208884169861,6.40299342766655));
#15762=CARTESIAN_POINT('Ctrl Pts',(147.797804663293,-110.209251382715,6.40598686477667));
#15763=CARTESIAN_POINT('Ctrl Pts',(147.597041604456,-110.27258164192,6.92163720151372));
#15764=CARTESIAN_POINT('Ctrl Pts',(147.294754330687,-110.377064610129,7.7325472992972));
#15765=CARTESIAN_POINT('Ctrl Pts',(146.710390928991,-110.695372925932,8.87991345413072));
#15766=CARTESIAN_POINT('Ctrl Pts',(146.493981441307,-110.829742029134,9.24806540254787));
#15767=CARTESIAN_POINT('Ctrl Pts',(146.017327508386,-111.194791173112,9.94092332324144));
#15768=CARTESIAN_POINT('Ctrl Pts',(145.762006423376,-111.424951792198,10.2537469456839));
#15769=CARTESIAN_POINT('Ctrl Pts',(145.251800168434,-112.017588121952,10.7920325592542));
#15770=CARTESIAN_POINT('Ctrl Pts',(145.008123542313,-112.37348516418,11.0031043430885));
#15771=CARTESIAN_POINT('Ctrl Pts',(144.765444701122,-112.871020530775,11.1812053946533));
#15772=CARTESIAN_POINT('Ctrl Pts',(144.726178446916,-112.957644217499,11.208652790373));
#15773=CARTESIAN_POINT('Ctrl Pts',(144.689250983841,-113.045777621729,11.2332374621064));
#15774=CARTESIAN_POINT('Origin',(147.500000298023,-109.254620862647,6.4));
#15775=CARTESIAN_POINT('',(144.054715004516,-112.254685976272,11.1906736146809));
#15776=CARTESIAN_POINT('',(143.187508019846,-109.254620862647,11.1066248723248));
#15777=CARTESIAN_POINT('Ctrl Pts',(144.054714998477,-112.254685977843,11.1906736160203));
#15778=CARTESIAN_POINT('Ctrl Pts',(144.011029407826,-112.10355756239,11.1708612950227));
#15779=CARTESIAN_POINT('Ctrl Pts',(143.966933642588,-111.951010165657,11.1513616232135));
#15780=CARTESIAN_POINT('Ctrl Pts',(143.784868120233,-111.321162348753,11.0776520027144));
#15781=CARTESIAN_POINT('Ctrl Pts',(143.646489775735,-110.842448438166,11.0423169724484));
#15782=CARTESIAN_POINT('Ctrl Pts',(143.520060837698,-110.405072983516,11.0423169724484));
#15783=CARTESIAN_POINT('Ctrl Pts',(143.415086520419,-110.041918863426,11.0423169724484));
#15784=CARTESIAN_POINT('Ctrl Pts',(143.301845653982,-109.650166973294,11.0656303920482));
#15785=CARTESIAN_POINT('Ctrl Pts',(143.187508019847,-109.254620862647,11.1066248723248));
#15786=CARTESIAN_POINT('',(146.500000298023,-109.254620862647,6.4));
#15787=CARTESIAN_POINT('Origin',(141.500000298023,-109.254620862647,6.4));
#15788=CARTESIAN_POINT('Origin',(147.500000298023,-109.254620862647,6.4));
#15789=CARTESIAN_POINT('Ctrl Pts',(143.059487378626,-113.289697691242,11.4));
#15790=CARTESIAN_POINT('Ctrl Pts',(143.274390064042,-113.066204304071,11.4));
#15791=CARTESIAN_POINT('Ctrl Pts',(143.509088832912,-112.822123488058,11.369394513578));
#15792=CARTESIAN_POINT('Ctrl Pts',(143.845946056217,-112.471800449127,11.2728134846106));
#15793=CARTESIAN_POINT('Ctrl Pts',(143.951971412421,-112.361536745636,11.2347965467801));
#15794=CARTESIAN_POINT('Ctrl Pts',(144.054715013383,-112.254685985048,11.1906736140752));
#15795=CARTESIAN_POINT('Origin',(141.500000298023,-107.728,6.4));
#15796=CARTESIAN_POINT('',(141.500000298023,-107.457418871785,11.4));
#15797=CARTESIAN_POINT('',(146.500000298023,-107.457418871785,6.4));
#15798=CARTESIAN_POINT('Origin',(141.500000298023,-107.457418871785,6.4));
#15799=CARTESIAN_POINT('',(146.500000298023,-108.816596887344,6.4));
#15800=CARTESIAN_POINT('',(146.500000298023,-107.728,6.4));
#15801=CARTESIAN_POINT('',(141.500000298023,-108.816596887344,11.4));
#15802=CARTESIAN_POINT('Origin',(141.500000298023,-108.816596887344,6.4));
#15803=CARTESIAN_POINT('',(141.500000298023,-107.728,11.4));
#15804=CARTESIAN_POINT('Origin',(147.500000298023,-107.457418871785,6.4));
#15805=CARTESIAN_POINT('',(143.571836281465,-102.92205477846,11.4));
#15806=CARTESIAN_POINT('',(141.543110381874,-106.739461681644,11.4));
#15807=CARTESIAN_POINT('Ctrl Pts',(141.543110381874,-106.739461681644,11.4));
#15808=CARTESIAN_POINT('Ctrl Pts',(141.791874619458,-106.373311205937,11.4));
#15809=CARTESIAN_POINT('Ctrl Pts',(142.033438288092,-105.991934599851,11.3878390817951));
#15810=CARTESIAN_POINT('Ctrl Pts',(142.528939466201,-105.143711758251,11.3716398419066));
#15811=CARTESIAN_POINT('Ctrl Pts',(142.770073617869,-104.692911148672,11.3708889596032));
#15812=CARTESIAN_POINT('Ctrl Pts',(143.207816155611,-103.788376697794,11.3867854724157));
#15813=CARTESIAN_POINT('Ctrl Pts',(143.396536201171,-103.360699397575,11.4000000000001));
#15814=CARTESIAN_POINT('Ctrl Pts',(143.571836281467,-102.922054778454,11.4));
#15815=CARTESIAN_POINT('',(145.000000298023,-102.003062814467,11.4));
#15816=CARTESIAN_POINT('Origin',(147.500000298023,-107.457418871785,11.4));
#15817=CARTESIAN_POINT('',(147.91666696469,-106.548359528898,6.4));
#15818=CARTESIAN_POINT('Ctrl Pts',(145.000000298023,-102.003062814467,11.4));
#15819=CARTESIAN_POINT('Ctrl Pts',(145.000000298023,-102.497133387681,11.4));
#15820=CARTESIAN_POINT('Ctrl Pts',(145.073700545902,-102.981773056434,11.3400490796164));
#15821=CARTESIAN_POINT('Ctrl Pts',(145.342712187005,-103.880054264136,11.0789881333702));
#15822=CARTESIAN_POINT('Ctrl Pts',(145.528115804379,-104.27630541485,10.8872637580911));
#15823=CARTESIAN_POINT('Ctrl Pts',(145.949909293319,-104.962028372931,10.3804021477173));
#15824=CARTESIAN_POINT('Ctrl Pts',(146.176159689463,-105.240536136608,10.0777060159645));
#15825=CARTESIAN_POINT('Ctrl Pts',(146.603723670733,-105.684444734957,9.41080396838627));
#15826=CARTESIAN_POINT('Ctrl Pts',(146.800297883226,-105.85204938141,9.06156511923533));
#15827=CARTESIAN_POINT('Ctrl Pts',(147.184441187661,-106.142637996694,8.28175196110689));
#15828=CARTESIAN_POINT('Ctrl Pts',(147.444034748756,-106.326972245529,7.67719519255933));
#15829=CARTESIAN_POINT('Ctrl Pts',(147.889401726761,-106.535782485215,6.47354581769494));
#15830=CARTESIAN_POINT('Ctrl Pts',(147.901359969961,-106.541331472248,6.44125729927792));
#15831=CARTESIAN_POINT('Ctrl Pts',(147.914445294638,-106.547340735249,6.40598686468261));
#15832=CARTESIAN_POINT('Ctrl Pts',(147.915556038023,-106.547850336495,6.40299342776413));
#15833=CARTESIAN_POINT('Ctrl Pts',(147.91666696469,-106.548359528898,6.4));
#15834=CARTESIAN_POINT('Origin',(147.500000298023,-107.457418871785,6.4));
#15835=CARTESIAN_POINT('Origin',(147.500000298023,-107.457418871785,11.4));
#15836=CARTESIAN_POINT('Origin',(141.500000298023,-107.728,6.4));
#15837=CARTESIAN_POINT('',(143.180935152681,-109.231882312362,11.108976323406));
#15838=CARTESIAN_POINT('Origin',(141.500000298023,-108.816596887344,6.4));
#15839=CARTESIAN_POINT('',(146.500000298023,-107.728,6.4));
#15840=CARTESIAN_POINT('Origin',(141.500000298023,-103.416760729349,6.4));
#15841=CARTESIAN_POINT('Origin',(145.750000298023,-108.478,11.4));
#15842=CARTESIAN_POINT('',(144.000000298023,-101.744997091682,11.4));
#15843=CARTESIAN_POINT('Origin',(125.,-95.5,11.4));
#15844=CARTESIAN_POINT('',(144.000000298023,-89.2550029083179,11.4));
#15845=CARTESIAN_POINT('',(144.000000298023,-101.744997091682,11.4));
#15846=CARTESIAN_POINT('',(140.202143929116,-82.5040460158387,11.4));
#15847=CARTESIAN_POINT('Origin',(125.,-95.5,11.4));
#15848=CARTESIAN_POINT('',(142.066438869359,-82.0434603396765,11.4));
#15849=CARTESIAN_POINT('',(131.525312324628,-84.647711304647,11.4));
#15850=CARTESIAN_POINT('',(145.000000298023,-84.9529371855331,11.4));
#15851=CARTESIAN_POINT('Origin',(147.500000298023,-79.4985811282152,11.4));
#15852=CARTESIAN_POINT('',(145.000000298023,-79.4999997019768,11.4));
#15853=CARTESIAN_POINT('Origin',(145.750000298023,-108.478,11.4));
#15854=CARTESIAN_POINT('',(140.20214434981,-108.49595349205,11.4));
#15855=CARTESIAN_POINT('',(133.01470793641,-106.72025256143,11.4));
#15856=CARTESIAN_POINT('Origin',(125.,-95.5,11.4));
#15857=CARTESIAN_POINT('Origin',(147.500000298023,-109.254620862647,14.));
#15858=CARTESIAN_POINT('',(146.500000298023,-109.254620862647,2.1));
#15859=CARTESIAN_POINT('',(146.500000298023,-109.254620862647,14.));
#15860=CARTESIAN_POINT('',(147.800135973367,-110.208517385539,2.1));
#15861=CARTESIAN_POINT('Origin',(147.500000298023,-109.254620862647,2.1));
#15862=CARTESIAN_POINT('',(147.800135973367,-110.208517385539,14.));
#15863=CARTESIAN_POINT('Origin',(146.500000298023,-106.978,1.6));
#15864=CARTESIAN_POINT('',(146.500000298023,-107.457418871785,2.1));
#15865=CARTESIAN_POINT('',(146.500000298023,-107.457418871785,1.6));
#15866=CARTESIAN_POINT('',(146.500000298023,-107.728,2.1));
#15867=CARTESIAN_POINT('Origin',(147.500000298023,-77.978,6.4));
#15868=CARTESIAN_POINT('',(141.873780148867,-76.4771960190372,11.3968644044871));
#15869=CARTESIAN_POINT('Ctrl Pts',(141.873780148867,-76.4771960190369,11.3968644044872));
#15870=CARTESIAN_POINT('Ctrl Pts',(141.807638711645,-76.4935366730438,11.3989795178406));
#15871=CARTESIAN_POINT('Ctrl Pts',(141.74244521331,-76.5096431328446,11.4));
#15872=CARTESIAN_POINT('Ctrl Pts',(141.678481034724,-76.5254458815451,11.4));
#15873=CARTESIAN_POINT('',(143.196271897297,-76.1568887163494,11.2207389502688));
#15874=CARTESIAN_POINT('Ctrl Pts',(141.981764184229,-75.6223535510571,11.4));
#15875=CARTESIAN_POINT('Ctrl Pts',(142.07155944921,-75.6450884125889,11.4));
#15876=CARTESIAN_POINT('Ctrl Pts',(142.160628548635,-75.6709586392677,11.3974875467124));
#15877=CARTESIAN_POINT('Ctrl Pts',(142.592147495525,-75.8127666624044,11.3724861899631));
#15878=CARTESIAN_POINT('Ctrl Pts',(142.908615608135,-75.9679116405185,11.313921690457));
#15879=CARTESIAN_POINT('Ctrl Pts',(143.196271897305,-76.1568887163544,11.2207389502663));
#15880=CARTESIAN_POINT('',(145.941611420264,-76.978,9.19125795491943));
#15881=CARTESIAN_POINT('Ctrl Pts',(143.196271897297,-76.1568887163494,11.2207389502688));
#15882=CARTESIAN_POINT('Ctrl Pts',(143.28322606637,-76.2140136443498,11.1925712095582));
#15883=CARTESIAN_POINT('Ctrl Pts',(143.371511927674,-76.268126167081,11.1609150784198));
#15884=CARTESIAN_POINT('Ctrl Pts',(143.854691034931,-76.5442343842302,10.9701570279168));
#15885=CARTESIAN_POINT('Ctrl Pts',(144.251545839659,-76.7003638350308,10.7514148520048));
#15886=CARTESIAN_POINT('Ctrl Pts',(144.962060520502,-76.8928729613255,10.2305466224921));
#15887=CARTESIAN_POINT('Ctrl Pts',(145.268285785533,-76.9407591695952,9.95283705197517));
#15888=CARTESIAN_POINT('Ctrl Pts',(145.689667455263,-76.9734916004624,9.49668775667116));
#15889=CARTESIAN_POINT('Ctrl Pts',(145.817874507125,-76.978,9.34603072332187));
#15890=CARTESIAN_POINT('Ctrl Pts',(145.941611420264,-76.978,9.19125795491943));
#15891=CARTESIAN_POINT('',(147.500000298023,-76.978,6.4));
#15892=CARTESIAN_POINT('Ctrl Pts',(145.941611420264,-76.978,9.19125795491942));
#15893=CARTESIAN_POINT('Ctrl Pts',(146.123201720762,-76.978,8.96412093646567));
#15894=CARTESIAN_POINT('Ctrl Pts',(146.292877142995,-76.978,8.72281377306959));
#15895=CARTESIAN_POINT('Ctrl Pts',(146.871308852197,-76.978,7.80330370597387));
#15896=CARTESIAN_POINT('Ctrl Pts',(147.201608728118,-76.978,7.06722383422008));
#15897=CARTESIAN_POINT('Ctrl Pts',(147.500000298023,-76.978,6.4));
#15898=CARTESIAN_POINT('',(146.529747087473,-77.7359076469242,6.4));
#15899=CARTESIAN_POINT('Origin',(147.500000298023,-77.978,6.4));
#15900=CARTESIAN_POINT('',(141.996467971641,-76.6047882686338,11.3892473474024));
#15901=CARTESIAN_POINT('Origin',(141.678481034724,-76.5254458815451,6.4));
#15902=CARTESIAN_POINT('Ctrl Pts',(141.996467971641,-76.6047882686338,11.3892473474023));
#15903=CARTESIAN_POINT('Ctrl Pts',(141.955153447616,-76.5618222028726,11.392563781328));
#15904=CARTESIAN_POINT('Ctrl Pts',(141.914203907748,-76.5192357114545,11.3950965902378));
#15905=CARTESIAN_POINT('Ctrl Pts',(141.873780148867,-76.4771960190376,11.3968644044872));
#15906=CARTESIAN_POINT('Origin',(147.500000298023,-77.978,6.4));
#15907=CARTESIAN_POINT('',(143.31689580376,-77.978,11.058206813918));
#15908=CARTESIAN_POINT('Ctrl Pts',(143.316895803758,-77.9779999999981,11.0582068139187));
#15909=CARTESIAN_POINT('Ctrl Pts',(143.236502157241,-77.8943926298416,11.0895636988494));
#15910=CARTESIAN_POINT('Ctrl Pts',(143.157086810148,-77.8118026664781,11.119099708949));
#15911=CARTESIAN_POINT('Ctrl Pts',(142.747578459584,-77.385924282663,11.2624043853243));
#15912=CARTESIAN_POINT('Ctrl Pts',(142.357725164302,-76.9804866619391,11.3602482087729));
#15913=CARTESIAN_POINT('Ctrl Pts',(141.996467971641,-76.6047882686338,11.3892473474023));
#15914=CARTESIAN_POINT('',(146.500000298023,-77.978,6.4));
#15915=CARTESIAN_POINT('Origin',(147.500000298023,-77.978,6.4));
#15916=CARTESIAN_POINT('Origin',(141.500000298023,-77.978,6.4));
#15917=CARTESIAN_POINT('Origin',(147.500000298023,-79.4985811282152,6.4));
#15918=CARTESIAN_POINT('',(143.180935152393,-81.7681170919984,11.2727269997773));
#15919=CARTESIAN_POINT('',(143.263395150717,-81.4828502872369,11.2221377033034));
#15920=CARTESIAN_POINT('Ctrl Pts',(143.180935152548,-81.7681170920502,11.2727269997334));
#15921=CARTESIAN_POINT('Ctrl Pts',(143.203615081522,-81.6896568565979,11.2597125154385));
#15922=CARTESIAN_POINT('Ctrl Pts',(143.225822746055,-81.6128303995958,11.2461752474056));
#15923=CARTESIAN_POINT('Ctrl Pts',(143.252699621052,-81.5198510105105,11.2290586299276));
#15924=CARTESIAN_POINT('Ctrl Pts',(143.25803856008,-81.5013811813622,11.2256216789529));
#15925=CARTESIAN_POINT('Ctrl Pts',(143.263395150717,-81.4828502872365,11.2221377033033));
#15926=CARTESIAN_POINT('',(146.594406726579,-79.9227276634588,6.4));
#15927=CARTESIAN_POINT('Origin',(142.066438869358,-82.0434603396765,6.4));
#15928=CARTESIAN_POINT('',(147.91666696469,-80.4076404711016,6.4));
#15929=CARTESIAN_POINT('Origin',(147.500000298023,-79.4985811282152,6.4));
#15930=CARTESIAN_POINT('Ctrl Pts',(147.91666696469,-80.4076404711016,6.4));
#15931=CARTESIAN_POINT('Ctrl Pts',(147.9155560381,-80.4081496634691,6.40299342755548));
#15932=CARTESIAN_POINT('Ctrl Pts',(147.914445294559,-80.4086592647872,6.40598686488358));
#15933=CARTESIAN_POINT('Ctrl Pts',(147.901359970092,-80.4146685276912,6.44125729894696));
#15934=CARTESIAN_POINT('Ctrl Pts',(147.889401726656,-80.4202175148345,6.47354581797627));
#15935=CARTESIAN_POINT('Ctrl Pts',(147.444034748708,-80.6290277544934,7.67719519269721));
#15936=CARTESIAN_POINT('Ctrl Pts',(147.184441187732,-80.8133620032526,8.28175196096328));
#15937=CARTESIAN_POINT('Ctrl Pts',(146.800297883226,-81.1039506185904,9.06156511923551));
#15938=CARTESIAN_POINT('Ctrl Pts',(146.603723670732,-81.2715552650432,9.41080396838634));
#15939=CARTESIAN_POINT('Ctrl Pts',(146.176159689463,-81.7154638633916,10.0777060159644));
#15940=CARTESIAN_POINT('Ctrl Pts',(145.949909293319,-81.9939716270688,10.3804021477172));
#15941=CARTESIAN_POINT('Ctrl Pts',(145.528115804378,-82.6796945851499,10.8872637580911));
#15942=CARTESIAN_POINT('Ctrl Pts',(145.342712187005,-83.0759457358638,11.0789881333702));
#15943=CARTESIAN_POINT('Ctrl Pts',(145.073700545902,-83.9742269435659,11.3400490796164));
#15944=CARTESIAN_POINT('Ctrl Pts',(145.000000298023,-84.4588666123194,11.4));
#15945=CARTESIAN_POINT('Ctrl Pts',(145.000000298023,-84.9529371855331,11.4));
#15946=CARTESIAN_POINT('Ctrl Pts',(142.066438869359,-82.0434603396765,11.4));
#15947=CARTESIAN_POINT('Ctrl Pts',(142.416356235161,-81.9570110751047,11.4));
#15948=CARTESIAN_POINT('Ctrl Pts',(142.812131469782,-81.8592323384296,11.3575813082667));
#15949=CARTESIAN_POINT('Ctrl Pts',(143.180935152308,-81.7681170916838,11.2727269997431));
#15950=CARTESIAN_POINT('Origin',(147.500000298023,-79.4985811282152,6.4));
#15951=CARTESIAN_POINT('',(143.836973388559,-79.4985811282153,10.8202439722386));
#15952=CARTESIAN_POINT('Ctrl Pts',(143.263395150717,-81.4828502872365,11.2221377033033));
#15953=CARTESIAN_POINT('Ctrl Pts',(143.395622248645,-81.0254163486826,11.1361359867977));
#15954=CARTESIAN_POINT('Ctrl Pts',(143.538387069021,-80.5315276141101,11.0171110098401));
#15955=CARTESIAN_POINT('Ctrl Pts',(143.733440921615,-79.8567472292994,10.8807876631183));
#15956=CARTESIAN_POINT('Ctrl Pts',(143.785394184992,-79.6770171568737,10.8475137816711));
#15957=CARTESIAN_POINT('Ctrl Pts',(143.836973388559,-79.4985811282152,10.8202439722386));
#15958=CARTESIAN_POINT('',(146.500000298023,-79.4985811282152,6.4));
#15959=CARTESIAN_POINT('Origin',(141.500000298023,-79.4985811282152,6.4));
#15960=CARTESIAN_POINT('Origin',(147.500000298023,-79.4985811282152,6.4));
#15961=CARTESIAN_POINT('Origin',(141.500000298023,-92.728,6.4));
#15962=CARTESIAN_POINT('',(144.054715003524,-78.7453134086521,10.6980731465971));
#15963=CARTESIAN_POINT('Origin',(141.500000298023,-76.0884743762175,6.4));
#15964=CARTESIAN_POINT('',(146.500000298023,-92.728,6.4));
#15965=CARTESIAN_POINT('Origin',(141.500000298023,-87.5832386746052,6.4));
#15966=CARTESIAN_POINT('Origin',(100.702,-71.285,2.1));
#15967=CARTESIAN_POINT('',(97.952,-71.285,1.6));
#15968=CARTESIAN_POINT('',(97.452,-71.285,2.1));
#15969=CARTESIAN_POINT('Origin',(100.702,-71.285,1.6));
#15970=CARTESIAN_POINT('Origin',(100.702,-71.285,1.6));
#15971=CARTESIAN_POINT('',(99.102,-71.285,1.6));
#15972=CARTESIAN_POINT('Origin',(100.702,-71.285,1.6));
#15973=CARTESIAN_POINT('Origin',(112.702,-124.285,2.1));
#15974=CARTESIAN_POINT('',(108.952,-124.285,2.6));
#15975=CARTESIAN_POINT('Origin',(112.702,-124.285,2.6));
#15976=CARTESIAN_POINT('',(109.952,-124.285,1.6));
#15977=CARTESIAN_POINT('',(109.452,-124.285,2.1));
#15978=CARTESIAN_POINT('Origin',(112.702,-124.285,1.6));
#15979=CARTESIAN_POINT('Origin',(112.702,-124.285,1.6));
#15980=CARTESIAN_POINT('',(111.102,-124.285,1.6));
#15981=CARTESIAN_POINT('Origin',(112.702,-124.285,1.6));
#15982=CARTESIAN_POINT('Origin',(112.702,-124.285,14.));
#15983=CARTESIAN_POINT('',(116.452,-124.285,15.5));
#15984=CARTESIAN_POINT('',(116.452,-124.285,14.));
#15985=CARTESIAN_POINT('',(108.952,-124.285,15.5));
#15986=CARTESIAN_POINT('Origin',(112.702,-124.285,15.5));
#15987=CARTESIAN_POINT('',(108.952,-124.285,14.));
#15988=CARTESIAN_POINT('',(108.952,-124.285,14.));
#15989=CARTESIAN_POINT('Origin',(149.250000298023,-108.754841037969,1.85));
#15990=CARTESIAN_POINT('',(149.000000298023,-107.812537833778,1.6));
#15991=CARTESIAN_POINT('',(149.500000298023,-107.812537833778,2.1));
#15992=CARTESIAN_POINT('',(149.000000298023,-107.812537833778,1.6));
#15993=CARTESIAN_POINT('',(149.500000298023,-109.031682075938,2.1));
#15994=CARTESIAN_POINT('',(149.500000298023,-108.754841037969,2.1));
#15995=CARTESIAN_POINT('',(149.000000298023,-109.031682075938,1.6));
#15996=CARTESIAN_POINT('',(149.500000298023,-109.031682075938,2.1));
#15997=CARTESIAN_POINT('',(149.000000298023,-108.754841037969,1.6));
#15998=CARTESIAN_POINT('Origin',(148.500000298023,-109.031682075938,1.85));
#15999=CARTESIAN_POINT('',(148.633469306701,-110.022735063282,2.1));
#16000=CARTESIAN_POINT('Origin',(148.500000298023,-109.031682075938,2.1));
#16001=CARTESIAN_POINT('',(148.566734802362,-109.52720856961,1.6));
#16002=CARTESIAN_POINT('',(148.633469306701,-110.022735063282,2.1));
#16003=CARTESIAN_POINT('Origin',(148.500000298023,-109.031682075938,1.6));
#16004=CARTESIAN_POINT('Origin',(148.500000298023,-107.812537833778,1.85));
#16005=CARTESIAN_POINT('',(148.625000298023,-107.328414915502,1.6));
#16006=CARTESIAN_POINT('',(148.750000298023,-106.844291997226,2.1));
#16007=CARTESIAN_POINT('',(148.625000298023,-107.328414915502,1.6));
#16008=CARTESIAN_POINT('Origin',(148.500000298023,-107.812537833778,2.1));
#16009=CARTESIAN_POINT('Origin',(148.500000298023,-107.812537833778,1.6));
#16010=CARTESIAN_POINT('Origin',(149.300814350088,-114.978,1.85));
#16011=CARTESIAN_POINT('',(147.650068135695,-109.731569124093,1.6));
#16012=CARTESIAN_POINT('',(147.800135973367,-110.208517385539,2.1));
#16013=CARTESIAN_POINT('Origin',(149.300814350088,-114.978,1.6));
#16014=CARTESIAN_POINT('Origin',(149.300814350088,-114.978,2.1));
#16015=CARTESIAN_POINT('Origin',(150.000000298023,-102.003062814467,1.85));
#16016=CARTESIAN_POINT('',(147.708333631357,-107.002889200342,1.6));
#16017=CARTESIAN_POINT('',(147.91666696469,-106.548359528898,2.1));
#16018=CARTESIAN_POINT('',(147.708333631357,-107.002889200342,1.6));
#16019=CARTESIAN_POINT('Origin',(150.000000298023,-102.003062814467,2.1));
#16020=CARTESIAN_POINT('Origin',(150.000000298023,-102.003062814467,1.6));
#16021=CARTESIAN_POINT('Origin',(147.500000298023,-109.254620862647,1.85));
#16022=CARTESIAN_POINT('',(147.000000298023,-109.254620862647,1.6));
#16023=CARTESIAN_POINT('',(146.500000298023,-109.254620862647,2.1));
#16024=CARTESIAN_POINT('Origin',(147.500000298023,-109.254620862647,1.6));
#16025=CARTESIAN_POINT('Origin',(147.500000298023,-107.457418871785,1.85));
#16026=CARTESIAN_POINT('',(147.000000298023,-107.457418871785,1.6));
#16027=CARTESIAN_POINT('',(147.000000298023,-107.457418871785,1.6));
#16028=CARTESIAN_POINT('Origin',(147.500000298023,-107.457418871785,2.1));
#16029=CARTESIAN_POINT('Origin',(147.500000298023,-107.457418871785,1.6));
#16030=CARTESIAN_POINT('Origin',(146.750000298023,-107.728,1.85));
#16031=CARTESIAN_POINT('',(147.000000298023,-107.728,1.6));
#16032=CARTESIAN_POINT('Origin',(149.300814350088,-114.978,14.));
#16033=CARTESIAN_POINT('',(148.633469306701,-110.022735063282,15.5));
#16034=CARTESIAN_POINT('',(148.633469306701,-110.022735063282,14.));
#16035=CARTESIAN_POINT('',(144.68925098783,-113.045777612209,15.5));
#16036=CARTESIAN_POINT('Origin',(149.300814350088,-114.978,15.5));
#16037=CARTESIAN_POINT('',(144.68925098783,-113.045777612209,14.));
#16038=CARTESIAN_POINT('Origin',(148.500000298023,-109.031682075938,14.));
#16039=CARTESIAN_POINT('',(149.500000298023,-109.031682075938,15.5));
#16040=CARTESIAN_POINT('',(149.500000298023,-109.031682075938,14.));
#16041=CARTESIAN_POINT('Origin',(148.500000298023,-109.031682075938,15.5));
#16042=CARTESIAN_POINT('Origin',(149.500000298023,-109.031682075938,14.));
#16043=CARTESIAN_POINT('',(149.500000298023,-107.812537833778,15.5));
#16044=CARTESIAN_POINT('',(149.500000298023,-107.812537833778,14.));
#16045=CARTESIAN_POINT('',(149.500000298023,-108.754841037969,15.5));
#16046=CARTESIAN_POINT('Origin',(148.000000298023,-108.478,1.6));
#16047=CARTESIAN_POINT('Origin',(149.250000298023,-78.810731083111,1.85));
#16048=CARTESIAN_POINT('',(149.000000298023,-77.978,1.6));
#16049=CARTESIAN_POINT('',(149.500000298023,-77.978,2.1));
#16050=CARTESIAN_POINT('',(149.000000298023,-77.978,1.6));
#16051=CARTESIAN_POINT('',(149.500000298023,-79.143462166222,2.1));
#16052=CARTESIAN_POINT('',(149.500000298023,-78.810731083111,2.1));
#16053=CARTESIAN_POINT('',(149.000000298023,-79.143462166222,1.6));
#16054=CARTESIAN_POINT('',(149.500000298023,-79.143462166222,2.1));
#16055=CARTESIAN_POINT('',(149.000000298023,-78.810731083111,1.6));
#16056=CARTESIAN_POINT('Origin',(148.500000298023,-79.143462166222,1.85));
#16057=CARTESIAN_POINT('',(148.750000298023,-80.1117080027738,2.1));
#16058=CARTESIAN_POINT('Origin',(148.500000298023,-79.143462166222,2.1));
#16059=CARTESIAN_POINT('',(148.625000298023,-79.6275850844979,1.6));
#16060=CARTESIAN_POINT('',(148.750000298023,-80.1117080027738,2.1));
#16061=CARTESIAN_POINT('Origin',(148.500000298023,-79.143462166222,1.6));
#16062=CARTESIAN_POINT('Origin',(148.500000298023,-77.978,1.85));
#16063=CARTESIAN_POINT('',(148.500000298023,-77.478,1.6));
#16064=CARTESIAN_POINT('',(148.500000298023,-76.978,2.1));
#16065=CARTESIAN_POINT('',(148.500000298023,-77.478,1.6));
#16066=CARTESIAN_POINT('Origin',(148.500000298023,-77.978,2.1));
#16067=CARTESIAN_POINT('Origin',(148.500000298023,-77.978,1.6));
#16068=CARTESIAN_POINT('Origin',(150.000000298023,-84.9529371855331,1.85));
#16069=CARTESIAN_POINT('',(147.91666696469,-80.4076404711016,2.1));
#16070=CARTESIAN_POINT('',(147.708333631357,-79.9531107996584,1.6));
#16071=CARTESIAN_POINT('',(147.91666696469,-80.4076404711016,2.1));
#16072=CARTESIAN_POINT('Origin',(150.000000298023,-84.9529371855331,1.6));
#16073=CARTESIAN_POINT('Origin',(150.000000298023,-84.9529371855331,2.1));
#16074=CARTESIAN_POINT('Origin',(148.250000298023,-77.228,1.85));
#16075=CARTESIAN_POINT('',(147.500000298023,-77.478,1.6));
#16076=CARTESIAN_POINT('',(147.500000298023,-76.978,2.1));
#16077=CARTESIAN_POINT('',(147.500000298023,-77.478,1.6));
#16078=CARTESIAN_POINT('',(148.250000298023,-76.978,2.1));
#16079=CARTESIAN_POINT('',(148.250000298023,-77.478,1.6));
#16080=CARTESIAN_POINT('Origin',(147.500000298023,-79.4985811282152,1.85));
#16081=CARTESIAN_POINT('',(146.500000298023,-79.4985811282152,2.1));
#16082=CARTESIAN_POINT('Origin',(147.500000298023,-79.4985811282152,2.1));
#16083=CARTESIAN_POINT('',(147.000000298023,-79.4985811282152,1.6));
#16084=CARTESIAN_POINT('',(146.500000298023,-79.4985811282152,2.1));
#16085=CARTESIAN_POINT('Origin',(147.500000298023,-79.4985811282152,1.6));
#16086=CARTESIAN_POINT('Origin',(147.500000298023,-77.978,1.85));
#16087=CARTESIAN_POINT('',(147.000000298023,-77.978,1.6));
#16088=CARTESIAN_POINT('',(146.500000298023,-77.978,2.1));
#16089=CARTESIAN_POINT('',(147.000000298023,-77.978,1.6));
#16090=CARTESIAN_POINT('Origin',(147.500000298023,-77.978,2.1));
#16091=CARTESIAN_POINT('Origin',(147.500000298023,-77.978,1.6));
#16092=CARTESIAN_POINT('Origin',(146.750000298023,-77.728,1.85));
#16093=CARTESIAN_POINT('',(146.500000298023,-77.728,2.1));
#16094=CARTESIAN_POINT('',(147.000000298023,-77.728,1.6));
#16095=CARTESIAN_POINT('Origin',(147.500000298023,-79.4985811282152,1.6));
#16096=CARTESIAN_POINT('',(146.500000298023,-79.4985811282152,1.6));
#16097=CARTESIAN_POINT('',(147.91666696469,-80.4076404711016,1.6));
#16098=CARTESIAN_POINT('Origin',(150.000000298023,-84.9529371855331,14.));
#16099=CARTESIAN_POINT('',(148.750000298023,-80.1117080027738,15.5));
#16100=CARTESIAN_POINT('',(148.750000298023,-80.1117080027738,14.));
#16101=CARTESIAN_POINT('',(145.000000298023,-84.9529371855331,15.5));
#16102=CARTESIAN_POINT('Origin',(150.000000298023,-84.9529371855331,15.5));
#16103=CARTESIAN_POINT('',(145.000000298023,-84.9529371855331,14.));
#16104=CARTESIAN_POINT('Origin',(148.500000298023,-79.143462166222,14.));
#16105=CARTESIAN_POINT('',(149.500000298023,-79.143462166222,15.5));
#16106=CARTESIAN_POINT('',(149.500000298023,-79.143462166222,14.));
#16107=CARTESIAN_POINT('Origin',(148.500000298023,-79.143462166222,15.5));
#16108=CARTESIAN_POINT('Origin',(149.500000298023,-79.143462166222,14.));
#16109=CARTESIAN_POINT('',(149.500000298023,-77.978,15.5));
#16110=CARTESIAN_POINT('',(149.500000298023,-77.978,14.));
#16111=CARTESIAN_POINT('',(149.500000298023,-93.810731083111,15.5));
#16112=CARTESIAN_POINT('Origin',(148.000000298023,-78.478,1.6));
#16113=CARTESIAN_POINT('Origin',(112.702,-124.285,15.75));
#16114=CARTESIAN_POINT('',(110.602,-124.285,16.));
#16115=CARTESIAN_POINT('Origin',(112.702,-124.285,16.));
#16116=CARTESIAN_POINT('',(111.102,-124.285,15.5));
#16117=CARTESIAN_POINT('',(110.852,-124.285,15.75));
#16118=CARTESIAN_POINT('Origin',(112.702,-124.285,15.5));
#16119=CARTESIAN_POINT('Origin',(145.750000298023,-108.478,16.));
#16120=CARTESIAN_POINT('',(144.500000298023,-84.9529371855331,16.));
#16121=CARTESIAN_POINT('',(144.500000298023,-102.003062814467,16.));
#16122=CARTESIAN_POINT('',(144.500000298023,-105.240531407233,16.));
#16123=CARTESIAN_POINT('',(148.625000298023,-79.6275850844979,16.));
#16124=CARTESIAN_POINT('Origin',(150.000000298023,-84.9529371855331,16.));
#16125=CARTESIAN_POINT('',(149.000000298023,-79.143462166222,16.));
#16126=CARTESIAN_POINT('Origin',(148.500000298023,-79.143462166222,16.));
#16127=CARTESIAN_POINT('',(149.000000298023,-77.978,16.));
#16128=CARTESIAN_POINT('',(149.000000298023,-93.810731083111,16.));
#16129=CARTESIAN_POINT('',(148.500000298023,-77.478,16.));
#16130=CARTESIAN_POINT('Origin',(148.500000298023,-77.978,16.));
#16131=CARTESIAN_POINT('',(145.941611420265,-77.478,16.));
#16132=CARTESIAN_POINT('',(147.125000298023,-77.478,16.));
#16133=CARTESIAN_POINT('',(142.921737956673,-76.5747775956525,16.));
#16134=CARTESIAN_POINT('Origin',(145.941611420265,-71.978,16.));
#16135=CARTESIAN_POINT('',(141.000000298023,-75.9999997019768,16.));
#16136=CARTESIAN_POINT('Origin',(141.000000298023,-79.4999997019768,16.));
#16137=CARTESIAN_POINT('',(130.194871696538,-75.9999997019768,16.));
#16138=CARTESIAN_POINT('',(143.375000298023,-75.9999997019768,16.));
#16139=CARTESIAN_POINT('',(120.218461054127,-73.408691186672,16.));
#16140=CARTESIAN_POINT('Origin',(130.194871696538,-55.4999997019768,16.));
#16141=CARTESIAN_POINT('',(112.727778988689,-69.2358502875803,16.));
#16142=CARTESIAN_POINT('',(137.415541150174,-82.9886838419264,16.));
#16143=CARTESIAN_POINT('',(108.104564300743,-68.035,16.));
#16144=CARTESIAN_POINT('Origin',(108.104564300743,-77.535,16.));
#16145=CARTESIAN_POINT('',(100.702,-68.035,16.));
#16146=CARTESIAN_POINT('',(126.927282299383,-68.035,16.));
#16147=CARTESIAN_POINT('',(100.702,-74.535,16.));
#16148=CARTESIAN_POINT('Origin',(100.702,-71.285,16.));
#16149=CARTESIAN_POINT('',(103.000000298023,-74.535,16.));
#16150=CARTESIAN_POINT('',(123.226000149012,-74.535,16.));
#16151=CARTESIAN_POINT('',(105.500000298023,-77.035,16.));
#16152=CARTESIAN_POINT('Origin',(103.000000298023,-77.035,16.));
#16153=CARTESIAN_POINT('',(105.500000298023,-111.499999701977,16.));
#16154=CARTESIAN_POINT('',(105.500000298023,-92.7564999999998,16.));
#16155=CARTESIAN_POINT('',(107.036889071014,-114.397618433003,16.));
#16156=CARTESIAN_POINT('Origin',(109.000000298023,-111.499999701977,16.));
#16157=CARTESIAN_POINT('',(109.452,-118.951019296043,16.));
#16158=CARTESIAN_POINT('Origin',(103.952,-118.951019296043,16.));
#16159=CARTESIAN_POINT('',(109.452,-124.285,16.));
#16160=CARTESIAN_POINT('',(109.452,-113.714509648021,16.));
#16161=CARTESIAN_POINT('',(115.952,-124.285,16.));
#16162=CARTESIAN_POINT('Origin',(112.702,-124.285,16.));
#16163=CARTESIAN_POINT('',(115.952,-120.499999701977,16.));
#16164=CARTESIAN_POINT('',(115.952,-116.3815,16.));
#16165=CARTESIAN_POINT('',(121.452,-114.999999701977,16.));
#16166=CARTESIAN_POINT('Origin',(121.452,-120.499999701977,16.));
#16167=CARTESIAN_POINT('',(141.000000298023,-114.999999701977,16.));
#16168=CARTESIAN_POINT('',(133.601000149012,-114.999999701977,16.));
#16169=CARTESIAN_POINT('',(144.228094651604,-112.85255537343,16.));
#16170=CARTESIAN_POINT('Origin',(141.000000298023,-111.499999701977,16.));
#16171=CARTESIAN_POINT('',(148.566734802362,-109.52720856961,16.));
#16172=CARTESIAN_POINT('Origin',(149.300814350088,-114.978,16.));
#16173=CARTESIAN_POINT('',(149.000000298023,-109.031682075938,16.));
#16174=CARTESIAN_POINT('Origin',(148.500000298023,-109.031682075938,16.));
#16175=CARTESIAN_POINT('',(149.000000298023,-107.812537833778,16.));
#16176=CARTESIAN_POINT('',(149.000000298023,-108.754841037969,16.));
#16177=CARTESIAN_POINT('',(148.625000298023,-107.328414915502,16.));
#16178=CARTESIAN_POINT('Origin',(148.500000298023,-107.812537833778,16.));
#16179=CARTESIAN_POINT('Origin',(150.000000298023,-102.003062814467,16.));
#16180=CARTESIAN_POINT('',(98.602,-71.285,16.));
#16181=CARTESIAN_POINT('Origin',(100.702,-71.285,16.));
#16182=CARTESIAN_POINT('',(139.000000298023,-111.500000715256,16.));
#16183=CARTESIAN_POINT('Origin',(141.000000298023,-111.500000715256,16.));
#16184=CARTESIAN_POINT('',(107.000000298023,-111.499999761581,16.));
#16185=CARTESIAN_POINT('Origin',(109.000000298023,-111.499999761581,16.));
#16186=CARTESIAN_POINT('',(144.000000298023,-101.744997091682,16.));
#16187=CARTESIAN_POINT('',(134.146700902701,-113.285889423825,16.));
#16188=CARTESIAN_POINT('Origin',(125.,-95.5,16.));
#16189=CARTESIAN_POINT('',(130.632365557402,-114.499999701977,16.));
#16190=CARTESIAN_POINT('Origin',(130.632365557402,-108.80668792647,16.));
#16191=CARTESIAN_POINT('',(118.755001094885,-114.499999701977,16.));
#16192=CARTESIAN_POINT('',(118.755001094885,-114.499999701977,16.));
#16193=CARTESIAN_POINT('',(106.000000298023,-101.744998905115,16.));
#16194=CARTESIAN_POINT('Origin',(125.,-95.5,16.));
#16195=CARTESIAN_POINT('',(106.000000298023,-89.2550010948854,16.));
#16196=CARTESIAN_POINT('',(106.000000298023,-94.5082398174775,16.));
#16197=CARTESIAN_POINT('',(118.755002908318,-76.4999997019768,16.));
#16198=CARTESIAN_POINT('Origin',(125.,-95.5,16.));
#16199=CARTESIAN_POINT('',(131.244997091682,-76.4999997019768,16.));
#16200=CARTESIAN_POINT('',(131.244997091682,-76.4999997019768,16.));
#16201=CARTESIAN_POINT('',(144.000000298023,-89.2550029083179,16.));
#16202=CARTESIAN_POINT('Origin',(125.,-95.5,16.));
#16203=CARTESIAN_POINT('',(144.000000298023,-101.744997091682,16.));
#16204=CARTESIAN_POINT('',(107.000000298023,-79.4999997615814,16.));
#16205=CARTESIAN_POINT('Origin',(109.000000298023,-79.4999997615814,16.));
#16206=CARTESIAN_POINT('',(139.000000298023,-79.4999997615814,16.));
#16207=CARTESIAN_POINT('Origin',(141.000000298023,-79.4999997615814,16.));
#16208=CARTESIAN_POINT('Origin',(112.702,-124.285,14.));
#16209=CARTESIAN_POINT('',(111.102,-124.285,14.));
#16210=CARTESIAN_POINT('Origin',(100.702,-71.285,15.75));
#16211=CARTESIAN_POINT('',(99.102,-71.285,15.5));
#16212=CARTESIAN_POINT('',(98.852,-71.285,15.75));
#16213=CARTESIAN_POINT('Origin',(100.702,-71.285,15.5));
#16214=CARTESIAN_POINT('Origin',(100.702,-71.285,14.));
#16215=CARTESIAN_POINT('',(99.102,-71.285,14.));
#16216=CARTESIAN_POINT('Origin',(141.000000298023,-79.4999997615814,15.75));
#16217=CARTESIAN_POINT('',(139.500000298023,-79.4999997615814,15.5));
#16218=CARTESIAN_POINT('',(139.250000298023,-79.4999997615814,15.75));
#16219=CARTESIAN_POINT('Origin',(141.000000298023,-79.4999997615814,15.5));
#16220=CARTESIAN_POINT('Origin',(141.000000298023,-79.4999997615814,14.));
#16221=CARTESIAN_POINT('',(139.500000298023,-79.4999997615814,13.4));
#16222=CARTESIAN_POINT('',(139.500000298023,-79.4999997615814,14.));
#16223=CARTESIAN_POINT('Origin',(141.000000298023,-79.4999997615814,13.4));
#16224=CARTESIAN_POINT('Origin',(141.000000298023,-111.500000715256,15.75));
#16225=CARTESIAN_POINT('',(139.500000298023,-111.500000715256,15.5));
#16226=CARTESIAN_POINT('',(139.250000298023,-111.500000715256,15.75));
#16227=CARTESIAN_POINT('Origin',(141.000000298023,-111.500000715256,15.5));
#16228=CARTESIAN_POINT('Origin',(141.000000298023,-111.500000715256,14.));
#16229=CARTESIAN_POINT('',(139.500000298023,-111.500000715256,13.4));
#16230=CARTESIAN_POINT('',(139.500000298023,-111.500000715256,14.));
#16231=CARTESIAN_POINT('Origin',(141.000000298023,-111.500000715256,13.4));
#16232=CARTESIAN_POINT('Origin',(109.000000298023,-79.4999997615814,15.75));
#16233=CARTESIAN_POINT('',(107.500000298023,-79.4999997615814,15.5));
#16234=CARTESIAN_POINT('',(107.250000298023,-79.4999997615814,15.75));
#16235=CARTESIAN_POINT('Origin',(109.000000298023,-79.4999997615814,15.5));
#16236=CARTESIAN_POINT('Origin',(109.000000298023,-79.4999997615814,14.));
#16237=CARTESIAN_POINT('',(107.500000298023,-79.4999997615814,13.4));
#16238=CARTESIAN_POINT('',(107.500000298023,-79.4999997615814,14.));
#16239=CARTESIAN_POINT('Origin',(109.000000298023,-79.4999997615814,13.4));
#16240=CARTESIAN_POINT('Origin',(109.000000298023,-111.499999761581,15.75));
#16241=CARTESIAN_POINT('',(107.500000298023,-111.499999761581,15.5));
#16242=CARTESIAN_POINT('',(107.250000298023,-111.499999761581,15.75));
#16243=CARTESIAN_POINT('Origin',(109.000000298023,-111.499999761581,15.5));
#16244=CARTESIAN_POINT('Origin',(109.000000298023,-111.499999761581,14.));
#16245=CARTESIAN_POINT('',(107.500000298023,-111.499999761581,13.4));
#16246=CARTESIAN_POINT('',(107.500000298023,-111.499999761581,14.));
#16247=CARTESIAN_POINT('Origin',(109.000000298023,-111.499999761581,13.4));
#16248=CARTESIAN_POINT('Origin',(144.750000298023,-105.240531407233,15.75));
#16249=CARTESIAN_POINT('',(145.000000298023,-84.9529371855331,15.5));
#16250=CARTESIAN_POINT('',(145.000000298023,-102.003062814467,15.5));
#16251=CARTESIAN_POINT('',(144.500000298023,-102.003062814467,16.));
#16252=CARTESIAN_POINT('',(145.000000298023,-105.240531407233,15.5));
#16253=CARTESIAN_POINT('Origin',(150.000000298023,-102.003062814467,15.75));
#16254=CARTESIAN_POINT('',(148.750000298023,-106.844291997226,15.5));
#16255=CARTESIAN_POINT('',(148.625000298023,-107.328414915502,16.));
#16256=CARTESIAN_POINT('Origin',(150.000000298023,-102.003062814467,15.5));
#16257=CARTESIAN_POINT('Origin',(150.000000298023,-84.9529371855331,15.75));
#16258=CARTESIAN_POINT('',(148.750000298023,-80.1117080027738,15.5));
#16259=CARTESIAN_POINT('Origin',(148.500000298023,-107.812537833778,15.75));
#16260=CARTESIAN_POINT('',(149.000000298023,-107.812537833778,16.));
#16261=CARTESIAN_POINT('Origin',(148.500000298023,-107.812537833778,15.5));
#16262=CARTESIAN_POINT('Origin',(148.500000298023,-79.143462166222,15.75));
#16263=CARTESIAN_POINT('',(149.500000298023,-79.143462166222,15.5));
#16264=CARTESIAN_POINT('Origin',(149.250000298023,-108.754841037969,15.75));
#16265=CARTESIAN_POINT('',(149.000000298023,-109.031682075938,16.));
#16266=CARTESIAN_POINT('Origin',(149.250000298023,-93.810731083111,15.75));
#16267=CARTESIAN_POINT('',(149.500000298023,-77.978,15.5));
#16268=CARTESIAN_POINT('Origin',(148.500000298023,-109.031682075938,15.75));
#16269=CARTESIAN_POINT('',(148.566734802362,-109.52720856961,16.));
#16270=CARTESIAN_POINT('Origin',(148.500000298023,-77.978,15.75));
#16271=CARTESIAN_POINT('',(148.500000298023,-76.978,15.5));
#16272=CARTESIAN_POINT('',(148.500000298023,-76.978,15.5));
#16273=CARTESIAN_POINT('Origin',(148.500000298023,-77.978,15.5));
#16274=CARTESIAN_POINT('Origin',(149.300814350088,-114.978,15.75));
#16275=CARTESIAN_POINT('',(144.228094651604,-112.85255537343,16.));
#16276=CARTESIAN_POINT('Origin',(147.125000298023,-77.228,15.75));
#16277=CARTESIAN_POINT('',(145.941611420265,-76.978,15.5));
#16278=CARTESIAN_POINT('',(145.941611420265,-76.978,15.5));
#16279=CARTESIAN_POINT('',(147.125000298023,-76.978,15.5));
#16280=CARTESIAN_POINT('Origin',(141.000000298023,-111.499999701977,15.75));
#16281=CARTESIAN_POINT('',(141.000000298023,-115.499999701977,15.5));
#16282=CARTESIAN_POINT('',(141.000000298023,-114.999999701977,16.));
#16283=CARTESIAN_POINT('Origin',(141.000000298023,-111.499999701977,15.5));
#16284=CARTESIAN_POINT('Origin',(145.941611420265,-71.978,15.75));
#16285=CARTESIAN_POINT('',(143.196271907908,-76.1568887233204,15.5));
#16286=CARTESIAN_POINT('',(143.196271907908,-76.1568887233204,15.5));
#16287=CARTESIAN_POINT('Origin',(145.941611420265,-71.978,15.5));
#16288=CARTESIAN_POINT('Origin',(133.601000149012,-115.249999701977,15.75));
#16289=CARTESIAN_POINT('',(121.452,-115.499999701977,15.5));
#16290=CARTESIAN_POINT('',(121.452,-114.999999701977,16.));
#16291=CARTESIAN_POINT('',(133.601000149012,-115.499999701977,15.5));
#16292=CARTESIAN_POINT('Origin',(141.000000298023,-79.4999997019768,15.75));
#16293=CARTESIAN_POINT('',(141.000000298023,-75.4999997019768,15.5));
#16294=CARTESIAN_POINT('',(141.000000298023,-75.4999997019768,15.5));
#16295=CARTESIAN_POINT('Origin',(141.000000298023,-79.4999997019768,15.5));
#16296=CARTESIAN_POINT('Origin',(121.452,-120.499999701977,15.75));
#16297=CARTESIAN_POINT('',(116.452,-120.499999701977,15.5));
#16298=CARTESIAN_POINT('',(115.952,-120.499999701977,16.));
#16299=CARTESIAN_POINT('Origin',(121.452,-120.499999701977,15.5));
#16300=CARTESIAN_POINT('Origin',(143.375000298023,-75.7499997019768,15.75));
#16301=CARTESIAN_POINT('',(130.194871696538,-75.4999997019768,15.5));
#16302=CARTESIAN_POINT('',(130.194871696538,-75.4999997019768,15.5));
#16303=CARTESIAN_POINT('',(143.375000298023,-75.4999997019768,15.5));
#16304=CARTESIAN_POINT('Origin',(116.202,-116.3815,15.75));
#16305=CARTESIAN_POINT('',(115.952,-124.285,16.));
#16306=CARTESIAN_POINT('',(116.452,-116.3815,15.5));
#16307=CARTESIAN_POINT('Origin',(130.194871696538,-55.4999997019768,15.75));
#16308=CARTESIAN_POINT('',(120.461788142966,-72.9718938333867,15.5));
#16309=CARTESIAN_POINT('',(120.461788142966,-72.9718938333867,15.5));
#16310=CARTESIAN_POINT('Origin',(130.194871696538,-55.4999997019768,15.5));
#16311=CARTESIAN_POINT('Origin',(112.702,-124.285,15.75));
#16312=CARTESIAN_POINT('',(109.452,-124.285,16.));
#16313=CARTESIAN_POINT('Origin',(137.537204694594,-82.7702851652838,15.75));
#16314=CARTESIAN_POINT('',(112.971106077528,-68.799052934295,15.5));
#16315=CARTESIAN_POINT('',(112.971106077528,-68.799052934295,15.5));
#16316=CARTESIAN_POINT('',(137.658868239014,-82.5518864886411,15.5));
#16317=CARTESIAN_POINT('Origin',(109.202,-113.714509648021,15.75));
#16318=CARTESIAN_POINT('',(108.952,-118.951019296043,15.5));
#16319=CARTESIAN_POINT('',(109.452,-118.951019296043,16.));
#16320=CARTESIAN_POINT('',(108.952,-113.714509648021,15.5));
#16321=CARTESIAN_POINT('Origin',(108.104564300743,-77.535,15.75));
#16322=CARTESIAN_POINT('',(108.104564300743,-67.535,15.5));
#16323=CARTESIAN_POINT('',(108.104564300743,-67.535,15.5));
#16324=CARTESIAN_POINT('Origin',(108.104564300743,-77.535,15.5));
#16325=CARTESIAN_POINT('Origin',(103.952,-118.951019296043,15.75));
#16326=CARTESIAN_POINT('',(106.756444610013,-114.811563966006,15.5));
#16327=CARTESIAN_POINT('',(107.036889071014,-114.397618433003,16.));
#16328=CARTESIAN_POINT('Origin',(103.952,-118.951019296043,15.5));
#16329=CARTESIAN_POINT('Origin',(126.927282299383,-67.785,15.75));
#16330=CARTESIAN_POINT('',(100.702,-67.535,15.5));
#16331=CARTESIAN_POINT('',(126.927282299383,-67.535,15.5));
#16332=CARTESIAN_POINT('Origin',(109.000000298023,-111.499999701977,15.75));
#16333=CARTESIAN_POINT('',(105.000000298023,-111.499999701977,15.5));
#16334=CARTESIAN_POINT('',(105.500000298023,-111.499999701977,16.));
#16335=CARTESIAN_POINT('Origin',(109.000000298023,-111.499999701977,15.5));
#16336=CARTESIAN_POINT('Origin',(100.702,-71.285,15.75));
#16337=CARTESIAN_POINT('',(100.702,-75.035,15.5));
#16338=CARTESIAN_POINT('Origin',(105.250000298023,-92.7564999999998,15.75));
#16339=CARTESIAN_POINT('',(105.000000298023,-77.035,15.5));
#16340=CARTESIAN_POINT('',(105.500000298023,-77.035,16.));
#16341=CARTESIAN_POINT('',(105.000000298023,-92.7564999999998,15.5));
#16342=CARTESIAN_POINT('Origin',(123.226000149012,-74.785,15.75));
#16343=CARTESIAN_POINT('',(103.000000298023,-75.035,15.5));
#16344=CARTESIAN_POINT('',(103.000000298023,-75.035,15.5));
#16345=CARTESIAN_POINT('',(123.226000149012,-75.035,15.5));
#16346=CARTESIAN_POINT('Origin',(103.000000298023,-77.035,15.75));
#16347=CARTESIAN_POINT('Origin',(103.000000298023,-77.035,15.5));
#16348=CARTESIAN_POINT('Origin',(100.702,-75.035,14.));
#16349=CARTESIAN_POINT('',(103.000000298023,-75.035,14.));
#16350=CARTESIAN_POINT('Origin',(108.104564300743,-67.535,14.));
#16351=CARTESIAN_POINT('',(108.104564300743,-67.535,14.));
#16352=CARTESIAN_POINT('Origin',(108.104564300743,-77.535,14.));
#16353=CARTESIAN_POINT('',(112.971106077528,-68.799052934295,14.));
#16354=CARTESIAN_POINT('Origin',(120.461788142966,-72.9718938333867,14.));
#16355=CARTESIAN_POINT('',(120.461788142966,-72.9718938333867,14.));
#16356=CARTESIAN_POINT('Origin',(130.194871696538,-55.4999997019768,14.));
#16357=CARTESIAN_POINT('',(130.194871696538,-75.4999997019768,14.));
#16358=CARTESIAN_POINT('Origin',(141.000000298023,-75.4999997019768,14.));
#16359=CARTESIAN_POINT('',(141.000000298023,-75.4999997019768,14.));
#16360=CARTESIAN_POINT('Origin',(141.000000298023,-79.4999997019768,14.));
#16361=CARTESIAN_POINT('',(143.196271907908,-76.1568887233204,14.));
#16362=CARTESIAN_POINT('Origin',(145.941611420265,-71.978,14.));
#16363=CARTESIAN_POINT('',(145.941611420265,-76.978,14.));
#16364=CARTESIAN_POINT('Origin',(148.500000298023,-76.978,14.));
#16365=CARTESIAN_POINT('',(147.500000298023,-76.978,7.8));
#16366=CARTESIAN_POINT('',(148.500000298023,-76.978,14.));
#16367=CARTESIAN_POINT('Origin',(148.500000298023,-77.978,14.));
#16368=CARTESIAN_POINT('Origin',(145.000000298023,-102.003062814467,14.));
#16369=CARTESIAN_POINT('',(145.000000298023,-102.003062814467,14.));
#16370=CARTESIAN_POINT('Origin',(147.500000298023,-77.978,7.8));
#16371=CARTESIAN_POINT('',(146.500000298023,-77.978,7.8));
#16372=CARTESIAN_POINT('Origin',(147.500000298023,-107.457418871785,1.6));
#16373=CARTESIAN_POINT('',(147.91666696469,-106.548359528898,1.6));
#16374=CARTESIAN_POINT('Origin',(146.500000298023,-76.978,1.6));
#16375=CARTESIAN_POINT('Origin',(144.054715003524,-112.254685995302,11.4));
#16376=CARTESIAN_POINT('',(144.054715003524,-112.254685995302,13.4));
#16377=CARTESIAN_POINT('',(144.054715003524,-112.254685995302,11.4));
#16378=CARTESIAN_POINT('',(143.180935152681,-109.231882312362,13.4));
#16379=CARTESIAN_POINT('',(143.180935152681,-109.231882312362,13.4));
#16380=CARTESIAN_POINT('',(143.180935152681,-109.231882312362,11.4));
#16381=CARTESIAN_POINT('Origin',(141.873780148866,-114.522803384916,11.4));
#16382=CARTESIAN_POINT('',(141.873780148866,-114.522803384916,13.4));
#16383=CARTESIAN_POINT('',(141.873780148866,-114.522803384916,11.4));
#16384=CARTESIAN_POINT('',(144.054715003524,-112.254685995302,13.4));
#16385=CARTESIAN_POINT('Origin',(138.819065443366,-113.768117091592,11.4));
#16386=CARTESIAN_POINT('',(138.819065443366,-113.768117091592,13.4));
#16387=CARTESIAN_POINT('',(138.819065443366,-113.768117091592,11.4));
#16388=CARTESIAN_POINT('',(141.873780148866,-114.522803384916,13.4));
#16389=CARTESIAN_POINT('Origin',(137.945285592523,-110.745313408652,11.4));
#16390=CARTESIAN_POINT('',(137.945285592523,-110.745313408652,13.4));
#16391=CARTESIAN_POINT('',(137.945285592523,-110.745313408652,14.));
#16392=CARTESIAN_POINT('',(138.819065443366,-113.768117091592,13.4));
#16393=CARTESIAN_POINT('Origin',(143.180935152681,-109.231882312362,11.4));
#16394=CARTESIAN_POINT('',(140.20214434981,-108.49595349205,13.4));
#16395=CARTESIAN_POINT('',(140.12622044718,-108.477196019037,13.4));
#16396=CARTESIAN_POINT('',(140.20214434981,-108.49595349205,14.));
#16397=CARTESIAN_POINT('Origin',(141.000000298023,-111.509378438483,13.4));
#16398=CARTESIAN_POINT('Origin',(125.,-95.5,13.4));
#16399=CARTESIAN_POINT('Origin',(144.054715003524,-78.7453134086521,11.4));
#16400=CARTESIAN_POINT('',(144.054715003524,-78.7453134086521,13.4));
#16401=CARTESIAN_POINT('',(144.054715003524,-78.7453134086521,11.4));
#16402=CARTESIAN_POINT('',(141.873780148866,-76.4771960190371,13.4));
#16403=CARTESIAN_POINT('',(144.054715003524,-78.7453134086521,13.4));
#16404=CARTESIAN_POINT('',(141.873780148866,-76.4771960190371,11.4));
#16405=CARTESIAN_POINT('Origin',(143.180935152681,-81.7681170915918,11.4));
#16406=CARTESIAN_POINT('',(143.180935152681,-81.7681170915918,13.4));
#16407=CARTESIAN_POINT('',(143.180935152681,-81.7681170915918,11.4));
#16408=CARTESIAN_POINT('',(143.180935152681,-81.7681170915918,13.4));
#16409=CARTESIAN_POINT('Origin',(140.202143929116,-82.5040460158387,11.4));
#16410=CARTESIAN_POINT('',(140.202143929116,-82.5040460158387,13.4));
#16411=CARTESIAN_POINT('',(140.202143929116,-82.5040460158387,14.));
#16412=CARTESIAN_POINT('',(140.12622044718,-82.5228033849165,13.4));
#16413=CARTESIAN_POINT('Origin',(138.819065443366,-77.2318823123618,11.4));
#16414=CARTESIAN_POINT('',(138.819065443366,-77.2318823123618,13.4));
#16415=CARTESIAN_POINT('',(138.819065443366,-77.2318823123618,11.4));
#16416=CARTESIAN_POINT('',(137.945285592523,-80.2546859953016,13.4));
#16417=CARTESIAN_POINT('',(138.819065443366,-77.2318823123618,13.4));
#16418=CARTESIAN_POINT('',(137.945285454184,-80.2546864738798,14.));
#16419=CARTESIAN_POINT('Origin',(141.873780148866,-76.4771960190371,11.4));
#16420=CARTESIAN_POINT('',(141.873780148866,-76.4771960190371,13.4));
#16421=CARTESIAN_POINT('Origin',(141.000000150982,-79.4906210174379,13.4));
#16422=CARTESIAN_POINT('Origin',(125.,-95.5,13.4));
#16423=CARTESIAN_POINT('Origin',(108.126219813386,-114.52280320171,11.4));
#16424=CARTESIAN_POINT('',(108.126219813386,-114.52280320171,13.4));
#16425=CARTESIAN_POINT('',(108.126219813386,-114.52280320171,11.4));
#16426=CARTESIAN_POINT('',(111.180934677122,-113.768117548871,13.4));
#16427=CARTESIAN_POINT('',(111.180934677122,-113.768117548871,13.4));
#16428=CARTESIAN_POINT('',(111.180934677122,-113.768117548871,11.4));
#16429=CARTESIAN_POINT('Origin',(105.945285434287,-112.254685354816,11.4));
#16430=CARTESIAN_POINT('',(105.945285434287,-112.254685354816,13.4));
#16431=CARTESIAN_POINT('',(105.945285434287,-112.254685354816,11.4));
#16432=CARTESIAN_POINT('',(108.126219813386,-114.52280320171,13.4));
#16433=CARTESIAN_POINT('Origin',(106.819065918924,-109.231881855083,11.4));
#16434=CARTESIAN_POINT('',(106.819065918924,-109.231881855083,13.4));
#16435=CARTESIAN_POINT('',(106.819065918924,-109.231881855083,11.4));
#16436=CARTESIAN_POINT('',(105.945285434287,-112.254685354816,13.4));
#16437=CARTESIAN_POINT('Origin',(109.797855982029,-108.495953880222,11.4));
#16438=CARTESIAN_POINT('',(109.797855982029,-108.495953880222,13.4));
#16439=CARTESIAN_POINT('',(109.797855982029,-108.495953880222,14.));
#16440=CARTESIAN_POINT('',(106.819065918924,-109.231881855083,13.4));
#16441=CARTESIAN_POINT('Origin',(111.180934677122,-113.768117548871,11.4));
#16442=CARTESIAN_POINT('',(112.05471516176,-110.745314049137,13.4));
#16443=CARTESIAN_POINT('',(112.05471516176,-110.745314049137,13.4));
#16444=CARTESIAN_POINT('',(112.05471516176,-110.745314049137,14.));
#16445=CARTESIAN_POINT('Origin',(109.000000298023,-111.509378540966,13.4));
#16446=CARTESIAN_POINT('Origin',(125.,-95.5,13.4));
#16447=CARTESIAN_POINT('Origin',(111.180934677122,-77.231881855083,11.4));
#16448=CARTESIAN_POINT('',(111.180934677122,-77.231881855083,13.4));
#16449=CARTESIAN_POINT('',(111.180934677122,-77.231881855083,11.4));
#16450=CARTESIAN_POINT('',(108.126219813386,-76.4771962022434,13.4));
#16451=CARTESIAN_POINT('',(111.180934677122,-77.231881855083,13.4));
#16452=CARTESIAN_POINT('',(108.126219813386,-76.4771962022434,11.4));
#16453=CARTESIAN_POINT('Origin',(112.05471516176,-80.2546853548163,11.4));
#16454=CARTESIAN_POINT('',(112.05471516176,-80.2546853548163,13.4));
#16455=CARTESIAN_POINT('',(112.054715300099,-80.2546858333945,14.));
#16456=CARTESIAN_POINT('',(112.05471516176,-80.2546853548163,13.4));
#16457=CARTESIAN_POINT('Origin',(106.819065918924,-81.7681175488706,11.4));
#16458=CARTESIAN_POINT('',(106.819065918924,-81.7681175488706,13.4));
#16459=CARTESIAN_POINT('',(106.819065918924,-81.7681175488706,11.4));
#16460=CARTESIAN_POINT('',(109.797856402723,-82.5040456276663,13.4));
#16461=CARTESIAN_POINT('',(106.819065918924,-81.7681175488706,13.4));
#16462=CARTESIAN_POINT('',(109.797856402723,-82.5040456276663,14.));
#16463=CARTESIAN_POINT('Origin',(105.945285434287,-78.7453140491372,11.4));
#16464=CARTESIAN_POINT('',(105.945285434287,-78.7453140491372,13.4));
#16465=CARTESIAN_POINT('',(105.945285434287,-78.7453140491372,11.4));
#16466=CARTESIAN_POINT('',(105.945285434287,-78.7453140491372,13.4));
#16467=CARTESIAN_POINT('Origin',(108.126219813386,-76.4771962022434,11.4));
#16468=CARTESIAN_POINT('',(108.126219813386,-76.4771962022434,13.4));
#16469=CARTESIAN_POINT('Origin',(109.000000445064,-79.4906209149549,13.4));
#16470=CARTESIAN_POINT('Origin',(125.,-95.5,13.4));
#16471=CARTESIAN_POINT('Origin',(144.000000298023,-89.2550029083179,14.));
#16472=CARTESIAN_POINT('',(144.000000298023,-101.744997091682,14.));
#16473=CARTESIAN_POINT('',(144.000000298023,-89.2550029083179,14.));
#16474=CARTESIAN_POINT('Origin',(125.,-95.5,14.));
#16475=CARTESIAN_POINT('',(131.244997091682,-76.4999997019768,14.));
#16476=CARTESIAN_POINT('Origin',(118.755002908318,-76.4999997019768,14.));
#16477=CARTESIAN_POINT('',(118.755002908318,-76.4999997019768,14.));
#16478=CARTESIAN_POINT('Origin',(125.,-95.5,14.));
#16479=CARTESIAN_POINT('',(106.000000298023,-89.2550010948854,14.));
#16480=CARTESIAN_POINT('Origin',(106.000000298023,-101.744998905115,14.));
#16481=CARTESIAN_POINT('',(106.000000298023,-101.744998905115,14.));
#16482=CARTESIAN_POINT('Origin',(125.,-95.5,14.));
#16483=CARTESIAN_POINT('',(118.755001094885,-114.499999701977,14.));
#16484=CARTESIAN_POINT('Origin',(130.632365557402,-114.499999701977,14.));
#16485=CARTESIAN_POINT('',(130.632365557402,-114.499999701977,14.));
#16486=CARTESIAN_POINT('Origin',(130.632365557402,-108.80668792647,14.));
#16487=CARTESIAN_POINT('',(134.146700902701,-113.285889423825,14.));
#16488=CARTESIAN_POINT('Origin',(125.,-95.5,14.));
#16489=CARTESIAN_POINT('Origin',(141.000000298023,-111.499999701977,14.));
#16490=CARTESIAN_POINT('',(141.000000298023,-115.499999701977,14.));
#16491=CARTESIAN_POINT('Origin',(121.452,-115.499999701977,14.));
#16492=CARTESIAN_POINT('',(121.452,-115.499999701977,14.));
#16493=CARTESIAN_POINT('Origin',(121.452,-120.499999701977,14.));
#16494=CARTESIAN_POINT('',(116.452,-120.499999701977,14.));
#16495=CARTESIAN_POINT('Origin',(116.452,-124.285,14.));
#16496=CARTESIAN_POINT('Origin',(108.952,-118.951019296043,14.));
#16497=CARTESIAN_POINT('',(108.952,-118.951019296043,14.));
#16498=CARTESIAN_POINT('Origin',(103.952,-118.951019296043,14.));
#16499=CARTESIAN_POINT('',(106.756444610013,-114.811563966006,14.));
#16500=CARTESIAN_POINT('Origin',(109.000000298023,-111.499999701977,14.));
#16501=CARTESIAN_POINT('',(105.000000298023,-111.499999701977,14.));
#16502=CARTESIAN_POINT('Origin',(105.000000298023,-77.035,14.));
#16503=CARTESIAN_POINT('',(105.000000298023,-77.035,14.));
#16504=CARTESIAN_POINT('Origin',(103.000000298023,-77.035,14.));
#16505=CARTESIAN_POINT('Origin',(150.000000298023,-102.003062814467,14.));
#16506=CARTESIAN_POINT('',(148.750000298023,-106.844291997226,14.));
#16507=CARTESIAN_POINT('Origin',(148.500000298023,-107.812537833778,14.));
#16508=UNCERTAINTY_MEASURE_WITH_UNIT(LENGTH_MEASURE(0.01),#16512,
'DISTANCE_ACCURACY_VALUE',
'Maximum model space distance between geometric entities at asserted c
onnectivities');
#16509=UNCERTAINTY_MEASURE_WITH_UNIT(LENGTH_MEASURE(0.01),#16512,
'DISTANCE_ACCURACY_VALUE',
'Maximum model space distance between geometric entities at asserted c
onnectivities');
#16510=(
GEOMETRIC_REPRESENTATION_CONTEXT(3)
GLOBAL_UNCERTAINTY_ASSIGNED_CONTEXT((#16508))
GLOBAL_UNIT_ASSIGNED_CONTEXT((#16512,#16514,#16515))
REPRESENTATION_CONTEXT('','3D')
);
#16511=(
GEOMETRIC_REPRESENTATION_CONTEXT(3)
GLOBAL_UNCERTAINTY_ASSIGNED_CONTEXT((#16509))
GLOBAL_UNIT_ASSIGNED_CONTEXT((#16512,#16514,#16515))
REPRESENTATION_CONTEXT('','3D')
);
#16512=(
LENGTH_UNIT()
NAMED_UNIT(*)
SI_UNIT(.MILLI.,.METRE.)
);
#16513=(
LENGTH_UNIT()
NAMED_UNIT(*)
SI_UNIT($,.METRE.)
);
#16514=(
NAMED_UNIT(*)
PLANE_ANGLE_UNIT()
SI_UNIT($,.RADIAN.)
);
#16515=(
NAMED_UNIT(*)
SI_UNIT($,.STERADIAN.)
SOLID_ANGLE_UNIT()
);
#16516=SHAPE_DEFINITION_REPRESENTATION(#16517,#16518);
#16517=PRODUCT_DEFINITION_SHAPE('',$,#16520);
#16518=SHAPE_REPRESENTATION('',(#9510),#16510);
#16519=PRODUCT_DEFINITION_CONTEXT('part definition',#16524,'design');
#16520=PRODUCT_DEFINITION('Open CASCADE STEP translator 6.8 1',
'Buddy din mount - export v1',#16521,#16519);
#16521=PRODUCT_DEFINITION_FORMATION('',$,#16526);
#16522=PRODUCT_RELATED_PRODUCT_CATEGORY('Buddy din mount - export v1',
'Buddy din mount - export v1',(#16526));
#16523=APPLICATION_PROTOCOL_DEFINITION('international standard',
'automotive_design',2009,#16524);
#16524=APPLICATION_CONTEXT(
'Core Data for Automotive Mechanical Design Process');
#16525=PRODUCT_CONTEXT('part definition',#16524,'mechanical');
#16526=PRODUCT('Open CASCADE STEP translator 6.8 1',
'Buddy din mount - export v1','KiCad electronic assembly',(#16525));
#16527=PRESENTATION_STYLE_ASSIGNMENT((#16528));
#16528=SURFACE_STYLE_USAGE(.BOTH.,#16529);
#16529=SURFACE_SIDE_STYLE('',(#16530));
#16530=SURFACE_STYLE_FILL_AREA(#16531);
#16531=FILL_AREA_STYLE('Acero - Satinado',(#16532));
#16532=FILL_AREA_STYLE_COLOUR('Acero - Satinado',#16533);
#16533=COLOUR_RGB('Acero - Satinado',0.627450980392157,0.627450980392157,
0.627450980392157);
ENDSEC;
END-ISO-10303-21;
