ISO-10303-21;
HEADER;
/* Generated by software containing ST-Developer
 * from STEP Tools, Inc. (www.steptools.com) 
 */

FILE_DESCRIPTION(
/* description */ ('STEP AP214'),
/* implementation_level */ '2;1');

FILE_NAME(
/* name */ 'low-profile-din-clip-50mm.step',
/* time_stamp */ '2026-04-24T18:53:23+02:00',
/* author */ (''),
/* organization */ (''),
/* preprocessor_version */ 'ST-DEVELOPER v20.1',
/* originating_system */ 'Autodesk Translation Framework v15.8.0.0',
/* authorisation */ '');

FILE_SCHEMA (('AUTOMOTIVE_DESIGN { 1 0 10303 214 3 1 1 }'));
ENDSEC;

DATA;
#10=MECHANICAL_DESIGN_GEOMETRIC_PRESENTATION_REPRESENTATION('',(#13),#5666);
#11=SHAPE_REPRESENTATION_RELATIONSHIP('SRR','None',#5673,#12);
#12=ADVANCED_BREP_SHAPE_REPRESENTATION('',(#14),#5665);
#13=STYLED_ITEM('',(#5683),#14);
#14=MANIFOLD_SOLID_BREP('low-profile-din-clip',#3300);
#15=TOROIDAL_SURFACE('',#3481,4.35453245836468,0.5);
#16=TOROIDAL_SURFACE('',#3482,4.35453247268274,0.5);
#17=TOROIDAL_SURFACE('',#3515,1.03337183676354,0.5);
#18=TOROIDAL_SURFACE('',#3517,1.03337355195976,0.5);
#19=TOROIDAL_SURFACE('',#3573,4.35453223597354,0.5);
#20=TOROIDAL_SURFACE('',#3574,4.35453270939068,0.5);
#21=SPHERICAL_SURFACE('',#3426,0.5);
#22=SPHERICAL_SURFACE('',#3430,0.499999999999972);
#23=SPHERICAL_SURFACE('',#3439,0.5);
#24=SPHERICAL_SURFACE('',#3443,0.5);
#25=(
BOUNDED_CURVE()
B_SPLINE_CURVE(2,(#4982,#4983,#4984),.UNSPECIFIED.,.F.,.F.)
B_SPLINE_CURVE_WITH_KNOTS((3,3),(-0.11021784890659,0.),.UNSPECIFIED.)
CURVE()
GEOMETRIC_REPRESENTATION_ITEM()
RATIONAL_B_SPLINE_CURVE((1.02616710606981,1.05964308041615,1.))
REPRESENTATION_ITEM('')
);
#26=(
BOUNDED_CURVE()
B_SPLINE_CURVE(2,(#5010,#5011,#5012),.UNSPECIFIED.,.F.,.F.)
B_SPLINE_CURVE_WITH_KNOTS((3,3),(-0.141189851234639,0.),.UNSPECIFIED.)
CURVE()
GEOMETRIC_REPRESENTATION_ITEM()
RATIONAL_B_SPLINE_CURVE((1.,1.07640320341678,1.))
REPRESENTATION_ITEM('')
);
#27=(
BOUNDED_CURVE()
B_SPLINE_CURVE(2,(#5398,#5399,#5400),.UNSPECIFIED.,.F.,.F.)
B_SPLINE_CURVE_WITH_KNOTS((3,3),(-0.141189749259937,0.),.UNSPECIFIED.)
CURVE()
GEOMETRIC_REPRESENTATION_ITEM()
RATIONAL_B_SPLINE_CURVE((1.,1.0764029052655,1.))
REPRESENTATION_ITEM('')
);
#28=(
BOUNDED_CURVE()
B_SPLINE_CURVE(2,(#5431,#5432,#5433),.UNSPECIFIED.,.F.,.F.)
B_SPLINE_CURVE_WITH_KNOTS((3,3),(-0.141189733819821,-0.0309720095697936),
 .UNSPECIFIED.)
CURVE()
GEOMETRIC_REPRESENTATION_ITEM()
RATIONAL_B_SPLINE_CURVE((1.,1.0596428232891,1.02616703132307))
REPRESENTATION_ITEM('')
);
#29=B_SPLINE_CURVE_WITH_KNOTS('',3,(#4872,#4873,#4874,#4875),
 .UNSPECIFIED.,.F.,.F.,(4,4),(-0.0281749818748764,0.),.UNSPECIFIED.);
#30=B_SPLINE_CURVE_WITH_KNOTS('',3,(#4883,#4884,#4885,#4886),
 .UNSPECIFIED.,.F.,.F.,(4,4),(-0.0282138392583436,0.),.UNSPECIFIED.);
#31=B_SPLINE_CURVE_WITH_KNOTS('',3,(#4887,#4888,#4889,#4890),
 .UNSPECIFIED.,.F.,.F.,(4,4),(0.,0.146213449495855),.UNSPECIFIED.);
#32=B_SPLINE_CURVE_WITH_KNOTS('',3,(#5627,#5628,#5629,#5630),
 .UNSPECIFIED.,.F.,.F.,(4,4),(-0.0282393469195528,0.),.UNSPECIFIED.);
#33=B_SPLINE_CURVE_WITH_KNOTS('',3,(#5633,#5634,#5635,#5636),
 .UNSPECIFIED.,.F.,.F.,(4,4),(-0.0282156833503597,0.),.UNSPECIFIED.);
#34=ELLIPSE('',#3369,1.82620125441224,0.105849621122128);
#35=ELLIPSE('',#3371,176.135070557794,175.77738121777);
#36=ELLIPSE('',#3385,0.541196100134545,0.499999999993484);
#37=ELLIPSE('',#3386,0.541196100144063,0.499999999998574);
#38=ELLIPSE('',#3388,0.54119610014389,0.499999999998769);
#39=ELLIPSE('',#3390,0.541196100151033,0.500000000002634);
#40=ELLIPSE('',#3435,0.707106781184324,0.49999999999819);
#41=ELLIPSE('',#3438,0.707106935703999,0.500001168515214);
#42=ELLIPSE('',#3460,0.707089444498075,0.499999999993612);
#43=ELLIPSE('',#3461,0.707089444494718,0.500000000000002);
#44=ELLIPSE('',#3463,0.707089444502351,0.499999999998965);
#45=ELLIPSE('',#3464,0.707089444494716,0.500000000000001);
#46=ELLIPSE('',#3639,915.663864633851,881.764730757815);
#47=ELLIPSE('',#3645,175.869180480611,175.550163086452);
#48=ELLIPSE('',#3649,175.642973853753,175.280743360187);
#49=ELLIPSE('',#3652,175.9244675008,175.604534761895);
#50=CYLINDRICAL_SURFACE('',#3350,1.99999999999999);
#51=CYLINDRICAL_SURFACE('',#3354,2.);
#52=CYLINDRICAL_SURFACE('',#3376,1.53337418115732);
#53=CYLINDRICAL_SURFACE('',#3378,0.389999976161224);
#54=CYLINDRICAL_SURFACE('',#3380,0.389999856952425);
#55=CYLINDRICAL_SURFACE('',#3382,0.390000095370056);
#56=CYLINDRICAL_SURFACE('',#3384,0.500000000000002);
#57=CYLINDRICAL_SURFACE('',#3387,0.5);
#58=CYLINDRICAL_SURFACE('',#3389,0.5);
#59=CYLINDRICAL_SURFACE('',#3392,0.500000000000002);
#60=CYLINDRICAL_SURFACE('',#3395,0.5);
#61=CYLINDRICAL_SURFACE('',#3397,0.5);
#62=CYLINDRICAL_SURFACE('',#3398,4.85453270939068);
#63=CYLINDRICAL_SURFACE('',#3401,4.85453223597354);
#64=CYLINDRICAL_SURFACE('',#3434,0.499999999999999);
#65=CYLINDRICAL_SURFACE('',#3436,0.500000000000001);
#66=CYLINDRICAL_SURFACE('',#3437,0.500000000000001);
#67=CYLINDRICAL_SURFACE('',#3447,0.500000000000001);
#68=CYLINDRICAL_SURFACE('',#3448,0.5);
#69=CYLINDRICAL_SURFACE('',#3453,0.5);
#70=CYLINDRICAL_SURFACE('',#3456,0.5);
#71=CYLINDRICAL_SURFACE('',#3459,0.500000000000002);
#72=CYLINDRICAL_SURFACE('',#3462,0.500000000000001);
#73=CYLINDRICAL_SURFACE('',#3465,0.500000000000001);
#74=CYLINDRICAL_SURFACE('',#3471,4.85453247268274);
#75=CYLINDRICAL_SURFACE('',#3473,4.85453245836468);
#76=CYLINDRICAL_SURFACE('',#3475,0.5);
#77=CYLINDRICAL_SURFACE('',#3477,0.5);
#78=CYLINDRICAL_SURFACE('',#3550,1.51337355195975);
#79=CYLINDRICAL_SURFACE('',#3552,1.51337355195973);
#80=CYLINDRICAL_SURFACE('',#3554,1.51337526716316);
#81=CYLINDRICAL_SURFACE('',#3556,1.51337526716317);
#82=CYLINDRICAL_SURFACE('',#3576,0.749999999999999);
#83=CYLINDRICAL_SURFACE('',#3577,2.01105206899714);
#84=CYLINDRICAL_SURFACE('',#3581,2.01001828306986);
#85=CYLINDRICAL_SURFACE('',#3585,2.01001825487523);
#86=CYLINDRICAL_SURFACE('',#3589,2.03446460946412);
#87=CYLINDRICAL_SURFACE('',#3591,1.03645153740341);
#88=CYLINDRICAL_SURFACE('',#3594,1.53337355195976);
#89=CYLINDRICAL_SURFACE('',#3597,1.53337183676354);
#90=CYLINDRICAL_SURFACE('',#3600,1.53337246595854);
#91=CYLINDRICAL_SURFACE('',#3603,1.0248025159174);
#92=CYLINDRICAL_SURFACE('',#3605,0.735141156725908);
#93=CYLINDRICAL_SURFACE('',#3607,2.0110116055869);
#94=CYLINDRICAL_SURFACE('',#3610,0.390000095367726);
#95=CYLINDRICAL_SURFACE('',#3613,2.01001826669246);
#96=CYLINDRICAL_SURFACE('',#3616,0.390000095367722);
#97=CYLINDRICAL_SURFACE('',#3619,2.01);
#98=CYLINDRICAL_SURFACE('',#3622,0.390000095367719);
#99=CYLINDRICAL_SURFACE('',#3625,2.03446122865778);
#100=CYLINDRICAL_SURFACE('',#3627,1.01237333317991);
#101=FACE_BOUND('',#396,.T.);
#102=FACE_BOUND('',#397,.T.);
#103=FACE_BOUND('',#398,.T.);
#104=FACE_BOUND('',#403,.T.);
#105=FACE_BOUND('',#405,.T.);
#106=FACE_BOUND('',#534,.T.);
#107=FACE_BOUND('',#539,.T.);
#108=PLANE('',#3317);
#109=PLANE('',#3356);
#110=PLANE('',#3359);
#111=PLANE('',#3480);
#112=PLANE('',#3483);
#113=PLANE('',#3484);
#114=PLANE('',#3485);
#115=PLANE('',#3486);
#116=PLANE('',#3487);
#117=PLANE('',#3488);
#118=PLANE('',#3489);
#119=PLANE('',#3490);
#120=PLANE('',#3491);
#121=PLANE('',#3492);
#122=PLANE('',#3493);
#123=PLANE('',#3494);
#124=PLANE('',#3495);
#125=PLANE('',#3496);
#126=PLANE('',#3497);
#127=PLANE('',#3498);
#128=PLANE('',#3499);
#129=PLANE('',#3500);
#130=PLANE('',#3501);
#131=PLANE('',#3502);
#132=PLANE('',#3503);
#133=PLANE('',#3504);
#134=PLANE('',#3505);
#135=PLANE('',#3506);
#136=PLANE('',#3507);
#137=PLANE('',#3508);
#138=PLANE('',#3509);
#139=PLANE('',#3510);
#140=PLANE('',#3511);
#141=PLANE('',#3514);
#142=PLANE('',#3519);
#143=PLANE('',#3537);
#144=PLANE('',#3538);
#145=PLANE('',#3539);
#146=PLANE('',#3540);
#147=PLANE('',#3541);
#148=PLANE('',#3542);
#149=PLANE('',#3543);
#150=PLANE('',#3544);
#151=PLANE('',#3545);
#152=PLANE('',#3551);
#153=PLANE('',#3553);
#154=PLANE('',#3555);
#155=PLANE('',#3558);
#156=PLANE('',#3559);
#157=PLANE('',#3560);
#158=PLANE('',#3564);
#159=PLANE('',#3565);
#160=PLANE('',#3566);
#161=PLANE('',#3567);
#162=PLANE('',#3568);
#163=PLANE('',#3569);
#164=PLANE('',#3570);
#165=PLANE('',#3571);
#166=PLANE('',#3572);
#167=PLANE('',#3575);
#168=PLANE('',#3579);
#169=PLANE('',#3580);
#170=PLANE('',#3583);
#171=PLANE('',#3584);
#172=PLANE('',#3587);
#173=PLANE('',#3588);
#174=PLANE('',#3593);
#175=PLANE('',#3596);
#176=PLANE('',#3599);
#177=PLANE('',#3602);
#178=PLANE('',#3609);
#179=PLANE('',#3612);
#180=PLANE('',#3615);
#181=PLANE('',#3618);
#182=PLANE('',#3621);
#183=PLANE('',#3624);
#184=PLANE('',#3628);
#185=PLANE('',#3631);
#186=PLANE('',#3633);
#187=PLANE('',#3635);
#188=PLANE('',#3638);
#189=PLANE('',#3644);
#190=PLANE('',#3648);
#191=PLANE('',#3651);
#192=PLANE('',#3654);
#193=PLANE('',#3656);
#194=PLANE('',#3657);
#195=PLANE('',#3659);
#196=PLANE('',#3660);
#197=PLANE('',#3661);
#198=PLANE('',#3663);
#199=PLANE('',#3664);
#200=PLANE('',#3665);
#201=PLANE('',#3666);
#202=FACE_OUTER_BOUND('',#394,.T.);
#203=FACE_OUTER_BOUND('',#395,.T.);
#204=FACE_OUTER_BOUND('',#399,.T.);
#205=FACE_OUTER_BOUND('',#400,.T.);
#206=FACE_OUTER_BOUND('',#401,.T.);
#207=FACE_OUTER_BOUND('',#402,.T.);
#208=FACE_OUTER_BOUND('',#404,.T.);
#209=FACE_OUTER_BOUND('',#406,.T.);
#210=FACE_OUTER_BOUND('',#407,.T.);
#211=FACE_OUTER_BOUND('',#408,.T.);
#212=FACE_OUTER_BOUND('',#409,.T.);
#213=FACE_OUTER_BOUND('',#410,.T.);
#214=FACE_OUTER_BOUND('',#411,.T.);
#215=FACE_OUTER_BOUND('',#412,.T.);
#216=FACE_OUTER_BOUND('',#413,.T.);
#217=FACE_OUTER_BOUND('',#414,.T.);
#218=FACE_OUTER_BOUND('',#415,.T.);
#219=FACE_OUTER_BOUND('',#416,.T.);
#220=FACE_OUTER_BOUND('',#417,.T.);
#221=FACE_OUTER_BOUND('',#418,.T.);
#222=FACE_OUTER_BOUND('',#419,.T.);
#223=FACE_OUTER_BOUND('',#420,.T.);
#224=FACE_OUTER_BOUND('',#421,.T.);
#225=FACE_OUTER_BOUND('',#422,.T.);
#226=FACE_OUTER_BOUND('',#423,.T.);
#227=FACE_OUTER_BOUND('',#424,.T.);
#228=FACE_OUTER_BOUND('',#425,.T.);
#229=FACE_OUTER_BOUND('',#426,.T.);
#230=FACE_OUTER_BOUND('',#427,.T.);
#231=FACE_OUTER_BOUND('',#428,.T.);
#232=FACE_OUTER_BOUND('',#429,.T.);
#233=FACE_OUTER_BOUND('',#430,.T.);
#234=FACE_OUTER_BOUND('',#431,.T.);
#235=FACE_OUTER_BOUND('',#432,.T.);
#236=FACE_OUTER_BOUND('',#433,.T.);
#237=FACE_OUTER_BOUND('',#434,.T.);
#238=FACE_OUTER_BOUND('',#435,.T.);
#239=FACE_OUTER_BOUND('',#436,.T.);
#240=FACE_OUTER_BOUND('',#437,.T.);
#241=FACE_OUTER_BOUND('',#438,.T.);
#242=FACE_OUTER_BOUND('',#439,.T.);
#243=FACE_OUTER_BOUND('',#440,.T.);
#244=FACE_OUTER_BOUND('',#441,.T.);
#245=FACE_OUTER_BOUND('',#442,.T.);
#246=FACE_OUTER_BOUND('',#443,.T.);
#247=FACE_OUTER_BOUND('',#444,.T.);
#248=FACE_OUTER_BOUND('',#445,.T.);
#249=FACE_OUTER_BOUND('',#446,.T.);
#250=FACE_OUTER_BOUND('',#447,.T.);
#251=FACE_OUTER_BOUND('',#448,.T.);
#252=FACE_OUTER_BOUND('',#449,.T.);
#253=FACE_OUTER_BOUND('',#450,.T.);
#254=FACE_OUTER_BOUND('',#451,.T.);
#255=FACE_OUTER_BOUND('',#452,.T.);
#256=FACE_OUTER_BOUND('',#453,.T.);
#257=FACE_OUTER_BOUND('',#454,.T.);
#258=FACE_OUTER_BOUND('',#455,.T.);
#259=FACE_OUTER_BOUND('',#456,.T.);
#260=FACE_OUTER_BOUND('',#457,.T.);
#261=FACE_OUTER_BOUND('',#458,.T.);
#262=FACE_OUTER_BOUND('',#459,.T.);
#263=FACE_OUTER_BOUND('',#460,.T.);
#264=FACE_OUTER_BOUND('',#461,.T.);
#265=FACE_OUTER_BOUND('',#462,.T.);
#266=FACE_OUTER_BOUND('',#463,.T.);
#267=FACE_OUTER_BOUND('',#464,.T.);
#268=FACE_OUTER_BOUND('',#465,.T.);
#269=FACE_OUTER_BOUND('',#466,.T.);
#270=FACE_OUTER_BOUND('',#467,.T.);
#271=FACE_OUTER_BOUND('',#468,.T.);
#272=FACE_OUTER_BOUND('',#469,.T.);
#273=FACE_OUTER_BOUND('',#470,.T.);
#274=FACE_OUTER_BOUND('',#471,.T.);
#275=FACE_OUTER_BOUND('',#472,.T.);
#276=FACE_OUTER_BOUND('',#473,.T.);
#277=FACE_OUTER_BOUND('',#474,.T.);
#278=FACE_OUTER_BOUND('',#475,.T.);
#279=FACE_OUTER_BOUND('',#476,.T.);
#280=FACE_OUTER_BOUND('',#477,.T.);
#281=FACE_OUTER_BOUND('',#478,.T.);
#282=FACE_OUTER_BOUND('',#479,.T.);
#283=FACE_OUTER_BOUND('',#480,.T.);
#284=FACE_OUTER_BOUND('',#481,.T.);
#285=FACE_OUTER_BOUND('',#482,.T.);
#286=FACE_OUTER_BOUND('',#483,.T.);
#287=FACE_OUTER_BOUND('',#484,.T.);
#288=FACE_OUTER_BOUND('',#485,.T.);
#289=FACE_OUTER_BOUND('',#486,.T.);
#290=FACE_OUTER_BOUND('',#487,.T.);
#291=FACE_OUTER_BOUND('',#488,.T.);
#292=FACE_OUTER_BOUND('',#489,.T.);
#293=FACE_OUTER_BOUND('',#490,.T.);
#294=FACE_OUTER_BOUND('',#491,.T.);
#295=FACE_OUTER_BOUND('',#492,.T.);
#296=FACE_OUTER_BOUND('',#493,.T.);
#297=FACE_OUTER_BOUND('',#494,.T.);
#298=FACE_OUTER_BOUND('',#495,.T.);
#299=FACE_OUTER_BOUND('',#496,.T.);
#300=FACE_OUTER_BOUND('',#497,.T.);
#301=FACE_OUTER_BOUND('',#498,.T.);
#302=FACE_OUTER_BOUND('',#499,.T.);
#303=FACE_OUTER_BOUND('',#500,.T.);
#304=FACE_OUTER_BOUND('',#501,.T.);
#305=FACE_OUTER_BOUND('',#502,.T.);
#306=FACE_OUTER_BOUND('',#503,.T.);
#307=FACE_OUTER_BOUND('',#504,.T.);
#308=FACE_OUTER_BOUND('',#505,.T.);
#309=FACE_OUTER_BOUND('',#506,.T.);
#310=FACE_OUTER_BOUND('',#507,.T.);
#311=FACE_OUTER_BOUND('',#508,.T.);
#312=FACE_OUTER_BOUND('',#509,.T.);
#313=FACE_OUTER_BOUND('',#510,.T.);
#314=FACE_OUTER_BOUND('',#511,.T.);
#315=FACE_OUTER_BOUND('',#512,.T.);
#316=FACE_OUTER_BOUND('',#513,.T.);
#317=FACE_OUTER_BOUND('',#514,.T.);
#318=FACE_OUTER_BOUND('',#515,.T.);
#319=FACE_OUTER_BOUND('',#516,.T.);
#320=FACE_OUTER_BOUND('',#517,.T.);
#321=FACE_OUTER_BOUND('',#518,.T.);
#322=FACE_OUTER_BOUND('',#519,.T.);
#323=FACE_OUTER_BOUND('',#520,.T.);
#324=FACE_OUTER_BOUND('',#521,.T.);
#325=FACE_OUTER_BOUND('',#522,.T.);
#326=FACE_OUTER_BOUND('',#523,.T.);
#327=FACE_OUTER_BOUND('',#524,.T.);
#328=FACE_OUTER_BOUND('',#525,.T.);
#329=FACE_OUTER_BOUND('',#526,.T.);
#330=FACE_OUTER_BOUND('',#527,.T.);
#331=FACE_OUTER_BOUND('',#528,.T.);
#332=FACE_OUTER_BOUND('',#529,.T.);
#333=FACE_OUTER_BOUND('',#530,.T.);
#334=FACE_OUTER_BOUND('',#531,.T.);
#335=FACE_OUTER_BOUND('',#532,.T.);
#336=FACE_OUTER_BOUND('',#533,.T.);
#337=FACE_OUTER_BOUND('',#535,.T.);
#338=FACE_OUTER_BOUND('',#536,.T.);
#339=FACE_OUTER_BOUND('',#537,.T.);
#340=FACE_OUTER_BOUND('',#538,.T.);
#341=FACE_OUTER_BOUND('',#540,.T.);
#342=FACE_OUTER_BOUND('',#541,.T.);
#343=FACE_OUTER_BOUND('',#542,.T.);
#344=FACE_OUTER_BOUND('',#543,.T.);
#345=FACE_OUTER_BOUND('',#544,.T.);
#346=FACE_OUTER_BOUND('',#545,.T.);
#347=FACE_OUTER_BOUND('',#546,.T.);
#348=FACE_OUTER_BOUND('',#547,.T.);
#349=FACE_OUTER_BOUND('',#548,.T.);
#350=FACE_OUTER_BOUND('',#549,.T.);
#351=FACE_OUTER_BOUND('',#550,.T.);
#352=FACE_OUTER_BOUND('',#551,.T.);
#353=FACE_OUTER_BOUND('',#552,.T.);
#354=FACE_OUTER_BOUND('',#553,.T.);
#355=FACE_OUTER_BOUND('',#554,.T.);
#356=FACE_OUTER_BOUND('',#555,.T.);
#357=FACE_OUTER_BOUND('',#556,.T.);
#358=FACE_OUTER_BOUND('',#557,.T.);
#359=FACE_OUTER_BOUND('',#558,.T.);
#360=FACE_OUTER_BOUND('',#559,.T.);
#361=FACE_OUTER_BOUND('',#560,.T.);
#362=FACE_OUTER_BOUND('',#561,.T.);
#363=FACE_OUTER_BOUND('',#562,.T.);
#364=FACE_OUTER_BOUND('',#563,.T.);
#365=FACE_OUTER_BOUND('',#564,.T.);
#366=FACE_OUTER_BOUND('',#565,.T.);
#367=FACE_OUTER_BOUND('',#566,.T.);
#368=FACE_OUTER_BOUND('',#567,.T.);
#369=FACE_OUTER_BOUND('',#568,.T.);
#370=FACE_OUTER_BOUND('',#569,.T.);
#371=FACE_OUTER_BOUND('',#570,.T.);
#372=FACE_OUTER_BOUND('',#571,.T.);
#373=FACE_OUTER_BOUND('',#572,.T.);
#374=FACE_OUTER_BOUND('',#573,.T.);
#375=FACE_OUTER_BOUND('',#574,.T.);
#376=FACE_OUTER_BOUND('',#575,.T.);
#377=FACE_OUTER_BOUND('',#576,.T.);
#378=FACE_OUTER_BOUND('',#577,.T.);
#379=FACE_OUTER_BOUND('',#578,.T.);
#380=FACE_OUTER_BOUND('',#579,.T.);
#381=FACE_OUTER_BOUND('',#580,.T.);
#382=FACE_OUTER_BOUND('',#581,.T.);
#383=FACE_OUTER_BOUND('',#582,.T.);
#384=FACE_OUTER_BOUND('',#583,.T.);
#385=FACE_OUTER_BOUND('',#584,.T.);
#386=FACE_OUTER_BOUND('',#585,.T.);
#387=FACE_OUTER_BOUND('',#586,.T.);
#388=FACE_OUTER_BOUND('',#587,.T.);
#389=FACE_OUTER_BOUND('',#588,.T.);
#390=FACE_OUTER_BOUND('',#589,.T.);
#391=FACE_OUTER_BOUND('',#590,.T.);
#392=FACE_OUTER_BOUND('',#591,.T.);
#393=FACE_OUTER_BOUND('',#592,.T.);
#394=EDGE_LOOP('',(#2117,#2118,#2119,#2120));
#395=EDGE_LOOP('',(#2121,#2122,#2123,#2124,#2125,#2126,#2127,#2128));
#396=EDGE_LOOP('',(#2129));
#397=EDGE_LOOP('',(#2130,#2131,#2132,#2133,#2134,#2135,#2136,#2137,#2138,
#2139,#2140,#2141,#2142,#2143,#2144,#2145,#2146,#2147,#2148,#2149,#2150,
#2151,#2152,#2153,#2154,#2155,#2156,#2157,#2158,#2159,#2160,#2161,#2162,
#2163,#2164,#2165,#2166,#2167,#2168,#2169,#2170,#2171,#2172,#2173,#2174,
#2175,#2176,#2177));
#398=EDGE_LOOP('',(#2178));
#399=EDGE_LOOP('',(#2179,#2180,#2181,#2182));
#400=EDGE_LOOP('',(#2183,#2184,#2185,#2186));
#401=EDGE_LOOP('',(#2187,#2188,#2189,#2190));
#402=EDGE_LOOP('',(#2191,#2192,#2193,#2194,#2195,#2196,#2197,#2198));
#403=EDGE_LOOP('',(#2199));
#404=EDGE_LOOP('',(#2200,#2201,#2202,#2203,#2204,#2205));
#405=EDGE_LOOP('',(#2206));
#406=EDGE_LOOP('',(#2207,#2208,#2209,#2210));
#407=EDGE_LOOP('',(#2211,#2212,#2213,#2214));
#408=EDGE_LOOP('',(#2215,#2216,#2217,#2218));
#409=EDGE_LOOP('',(#2219,#2220,#2221,#2222));
#410=EDGE_LOOP('',(#2223,#2224,#2225,#2226));
#411=EDGE_LOOP('',(#2227,#2228,#2229,#2230));
#412=EDGE_LOOP('',(#2231,#2232,#2233,#2234));
#413=EDGE_LOOP('',(#2235,#2236,#2237,#2238));
#414=EDGE_LOOP('',(#2239,#2240,#2241,#2242));
#415=EDGE_LOOP('',(#2243,#2244,#2245,#2246));
#416=EDGE_LOOP('',(#2247,#2248,#2249,#2250));
#417=EDGE_LOOP('',(#2251,#2252,#2253,#2254));
#418=EDGE_LOOP('',(#2255,#2256,#2257,#2258));
#419=EDGE_LOOP('',(#2259,#2260,#2261,#2262));
#420=EDGE_LOOP('',(#2263,#2264,#2265,#2266));
#421=EDGE_LOOP('',(#2267,#2268,#2269,#2270));
#422=EDGE_LOOP('',(#2271,#2272,#2273,#2274));
#423=EDGE_LOOP('',(#2275,#2276,#2277,#2278));
#424=EDGE_LOOP('',(#2279,#2280,#2281,#2282));
#425=EDGE_LOOP('',(#2283,#2284,#2285,#2286));
#426=EDGE_LOOP('',(#2287,#2288,#2289,#2290));
#427=EDGE_LOOP('',(#2291,#2292,#2293,#2294));
#428=EDGE_LOOP('',(#2295,#2296,#2297,#2298,#2299));
#429=EDGE_LOOP('',(#2300,#2301,#2302,#2303));
#430=EDGE_LOOP('',(#2304,#2305,#2306,#2307));
#431=EDGE_LOOP('',(#2308,#2309,#2310,#2311));
#432=EDGE_LOOP('',(#2312,#2313,#2314));
#433=EDGE_LOOP('',(#2315,#2316,#2317));
#434=EDGE_LOOP('',(#2318,#2319,#2320,#2321));
#435=EDGE_LOOP('',(#2322,#2323,#2324,#2325));
#436=EDGE_LOOP('',(#2326,#2327,#2328,#2329));
#437=EDGE_LOOP('',(#2330,#2331,#2332));
#438=EDGE_LOOP('',(#2333,#2334,#2335));
#439=EDGE_LOOP('',(#2336,#2337,#2338,#2339));
#440=EDGE_LOOP('',(#2340,#2341,#2342,#2343,#2344,#2345));
#441=EDGE_LOOP('',(#2346,#2347,#2348,#2349,#2350));
#442=EDGE_LOOP('',(#2351,#2352,#2353,#2354,#2355));
#443=EDGE_LOOP('',(#2356,#2357,#2358,#2359,#2360));
#444=EDGE_LOOP('',(#2361,#2362,#2363,#2364,#2365));
#445=EDGE_LOOP('',(#2366,#2367,#2368,#2369));
#446=EDGE_LOOP('',(#2370,#2371,#2372,#2373));
#447=EDGE_LOOP('',(#2374,#2375,#2376,#2377));
#448=EDGE_LOOP('',(#2378,#2379,#2380,#2381));
#449=EDGE_LOOP('',(#2382,#2383,#2384,#2385));
#450=EDGE_LOOP('',(#2386,#2387,#2388,#2389));
#451=EDGE_LOOP('',(#2390,#2391,#2392,#2393));
#452=EDGE_LOOP('',(#2394,#2395,#2396,#2397));
#453=EDGE_LOOP('',(#2398,#2399,#2400,#2401));
#454=EDGE_LOOP('',(#2402,#2403,#2404,#2405));
#455=EDGE_LOOP('',(#2406,#2407,#2408,#2409));
#456=EDGE_LOOP('',(#2410,#2411,#2412,#2413));
#457=EDGE_LOOP('',(#2414,#2415,#2416,#2417,#2418,#2419,#2420,#2421,#2422,
#2423));
#458=EDGE_LOOP('',(#2424,#2425,#2426,#2427));
#459=EDGE_LOOP('',(#2428,#2429,#2430,#2431));
#460=EDGE_LOOP('',(#2432,#2433,#2434,#2435));
#461=EDGE_LOOP('',(#2436,#2437,#2438,#2439));
#462=EDGE_LOOP('',(#2440,#2441,#2442,#2443));
#463=EDGE_LOOP('',(#2444,#2445,#2446,#2447,#2448));
#464=EDGE_LOOP('',(#2449,#2450,#2451,#2452));
#465=EDGE_LOOP('',(#2453,#2454,#2455,#2456,#2457));
#466=EDGE_LOOP('',(#2458,#2459,#2460,#2461,#2462));
#467=EDGE_LOOP('',(#2463,#2464,#2465,#2466));
#468=EDGE_LOOP('',(#2467,#2468,#2469,#2470,#2471));
#469=EDGE_LOOP('',(#2472,#2473,#2474,#2475));
#470=EDGE_LOOP('',(#2476,#2477,#2478,#2479));
#471=EDGE_LOOP('',(#2480,#2481,#2482,#2483));
#472=EDGE_LOOP('',(#2484,#2485,#2486,#2487));
#473=EDGE_LOOP('',(#2488,#2489,#2490,#2491));
#474=EDGE_LOOP('',(#2492,#2493,#2494,#2495));
#475=EDGE_LOOP('',(#2496,#2497,#2498,#2499));
#476=EDGE_LOOP('',(#2500,#2501,#2502,#2503));
#477=EDGE_LOOP('',(#2504,#2505,#2506,#2507));
#478=EDGE_LOOP('',(#2508,#2509,#2510,#2511));
#479=EDGE_LOOP('',(#2512,#2513,#2514,#2515,#2516,#2517));
#480=EDGE_LOOP('',(#2518,#2519,#2520,#2521));
#481=EDGE_LOOP('',(#2522,#2523,#2524,#2525));
#482=EDGE_LOOP('',(#2526,#2527,#2528,#2529,#2530,#2531));
#483=EDGE_LOOP('',(#2532,#2533,#2534,#2535,#2536,#2537));
#484=EDGE_LOOP('',(#2538,#2539,#2540,#2541));
#485=EDGE_LOOP('',(#2542,#2543,#2544,#2545,#2546,#2547));
#486=EDGE_LOOP('',(#2548,#2549,#2550,#2551,#2552,#2553));
#487=EDGE_LOOP('',(#2554,#2555,#2556,#2557,#2558,#2559,#2560,#2561,#2562,
#2563,#2564,#2565,#2566,#2567,#2568,#2569,#2570,#2571,#2572,#2573,#2574,
#2575,#2576,#2577,#2578,#2579,#2580,#2581,#2582,#2583,#2584,#2585,#2586,
#2587,#2588,#2589,#2590,#2591));
#488=EDGE_LOOP('',(#2592,#2593,#2594,#2595));
#489=EDGE_LOOP('',(#2596,#2597,#2598,#2599));
#490=EDGE_LOOP('',(#2600,#2601,#2602,#2603));
#491=EDGE_LOOP('',(#2604,#2605,#2606,#2607));
#492=EDGE_LOOP('',(#2608,#2609,#2610,#2611,#2612,#2613,#2614,#2615,#2616));
#493=EDGE_LOOP('',(#2617,#2618,#2619));
#494=EDGE_LOOP('',(#2620,#2621,#2622,#2623));
#495=EDGE_LOOP('',(#2624,#2625,#2626,#2627));
#496=EDGE_LOOP('',(#2628,#2629,#2630,#2631));
#497=EDGE_LOOP('',(#2632,#2633,#2634,#2635));
#498=EDGE_LOOP('',(#2636,#2637,#2638,#2639));
#499=EDGE_LOOP('',(#2640,#2641,#2642,#2643,#2644,#2645,#2646,#2647));
#500=EDGE_LOOP('',(#2648,#2649,#2650,#2651,#2652,#2653,#2654,#2655));
#501=EDGE_LOOP('',(#2656,#2657,#2658,#2659));
#502=EDGE_LOOP('',(#2660,#2661,#2662,#2663,#2664,#2665,#2666,#2667));
#503=EDGE_LOOP('',(#2668,#2669,#2670,#2671,#2672,#2673,#2674,#2675));
#504=EDGE_LOOP('',(#2676,#2677,#2678,#2679));
#505=EDGE_LOOP('',(#2680,#2681,#2682,#2683));
#506=EDGE_LOOP('',(#2684,#2685,#2686,#2687));
#507=EDGE_LOOP('',(#2688,#2689,#2690,#2691));
#508=EDGE_LOOP('',(#2692,#2693,#2694,#2695,#2696));
#509=EDGE_LOOP('',(#2697,#2698,#2699,#2700));
#510=EDGE_LOOP('',(#2701,#2702,#2703,#2704));
#511=EDGE_LOOP('',(#2705,#2706,#2707,#2708,#2709));
#512=EDGE_LOOP('',(#2710,#2711,#2712,#2713,#2714,#2715,#2716,#2717,#2718,
#2719,#2720,#2721));
#513=EDGE_LOOP('',(#2722,#2723,#2724,#2725));
#514=EDGE_LOOP('',(#2726,#2727,#2728,#2729,#2730,#2731,#2732,#2733,#2734,
#2735));
#515=EDGE_LOOP('',(#2736,#2737,#2738,#2739));
#516=EDGE_LOOP('',(#2740,#2741,#2742,#2743));
#517=EDGE_LOOP('',(#2744,#2745,#2746,#2747));
#518=EDGE_LOOP('',(#2748,#2749,#2750,#2751));
#519=EDGE_LOOP('',(#2752,#2753,#2754,#2755));
#520=EDGE_LOOP('',(#2756,#2757,#2758,#2759,#2760,#2761,#2762,#2763,#2764,
#2765,#2766,#2767,#2768,#2769,#2770,#2771,#2772,#2773,#2774));
#521=EDGE_LOOP('',(#2775,#2776,#2777,#2778));
#522=EDGE_LOOP('',(#2779,#2780,#2781,#2782));
#523=EDGE_LOOP('',(#2783,#2784,#2785,#2786));
#524=EDGE_LOOP('',(#2787,#2788,#2789,#2790));
#525=EDGE_LOOP('',(#2791,#2792,#2793,#2794));
#526=EDGE_LOOP('',(#2795,#2796,#2797,#2798));
#527=EDGE_LOOP('',(#2799,#2800,#2801,#2802));
#528=EDGE_LOOP('',(#2803,#2804,#2805,#2806));
#529=EDGE_LOOP('',(#2807,#2808,#2809,#2810));
#530=EDGE_LOOP('',(#2811,#2812,#2813,#2814));
#531=EDGE_LOOP('',(#2815,#2816,#2817,#2818));
#532=EDGE_LOOP('',(#2819,#2820,#2821,#2822));
#533=EDGE_LOOP('',(#2823,#2824,#2825,#2826,#2827,#2828,#2829,#2830));
#534=EDGE_LOOP('',(#2831,#2832,#2833,#2834));
#535=EDGE_LOOP('',(#2835,#2836,#2837,#2838));
#536=EDGE_LOOP('',(#2839,#2840,#2841,#2842));
#537=EDGE_LOOP('',(#2843,#2844,#2845,#2846));
#538=EDGE_LOOP('',(#2847,#2848,#2849,#2850,#2851,#2852,#2853,#2854));
#539=EDGE_LOOP('',(#2855,#2856,#2857,#2858));
#540=EDGE_LOOP('',(#2859,#2860,#2861,#2862));
#541=EDGE_LOOP('',(#2863,#2864,#2865,#2866));
#542=EDGE_LOOP('',(#2867,#2868,#2869,#2870));
#543=EDGE_LOOP('',(#2871,#2872,#2873,#2874));
#544=EDGE_LOOP('',(#2875,#2876,#2877,#2878));
#545=EDGE_LOOP('',(#2879,#2880,#2881,#2882));
#546=EDGE_LOOP('',(#2883,#2884,#2885,#2886));
#547=EDGE_LOOP('',(#2887,#2888,#2889,#2890));
#548=EDGE_LOOP('',(#2891,#2892,#2893,#2894));
#549=EDGE_LOOP('',(#2895,#2896,#2897,#2898));
#550=EDGE_LOOP('',(#2899,#2900,#2901,#2902));
#551=EDGE_LOOP('',(#2903,#2904,#2905,#2906));
#552=EDGE_LOOP('',(#2907,#2908,#2909,#2910));
#553=EDGE_LOOP('',(#2911,#2912,#2913,#2914));
#554=EDGE_LOOP('',(#2915,#2916,#2917,#2918));
#555=EDGE_LOOP('',(#2919,#2920,#2921,#2922));
#556=EDGE_LOOP('',(#2923,#2924,#2925,#2926));
#557=EDGE_LOOP('',(#2927,#2928,#2929,#2930));
#558=EDGE_LOOP('',(#2931,#2932,#2933,#2934));
#559=EDGE_LOOP('',(#2935,#2936,#2937,#2938));
#560=EDGE_LOOP('',(#2939,#2940,#2941,#2942));
#561=EDGE_LOOP('',(#2943,#2944,#2945,#2946));
#562=EDGE_LOOP('',(#2947,#2948,#2949,#2950));
#563=EDGE_LOOP('',(#2951,#2952,#2953,#2954));
#564=EDGE_LOOP('',(#2955,#2956,#2957,#2958));
#565=EDGE_LOOP('',(#2959,#2960,#2961,#2962));
#566=EDGE_LOOP('',(#2963,#2964,#2965,#2966));
#567=EDGE_LOOP('',(#2967,#2968,#2969,#2970));
#568=EDGE_LOOP('',(#2971,#2972,#2973,#2974));
#569=EDGE_LOOP('',(#2975,#2976,#2977,#2978));
#570=EDGE_LOOP('',(#2979,#2980,#2981,#2982));
#571=EDGE_LOOP('',(#2983,#2984,#2985,#2986));
#572=EDGE_LOOP('',(#2987,#2988,#2989,#2990));
#573=EDGE_LOOP('',(#2991,#2992,#2993,#2994));
#574=EDGE_LOOP('',(#2995,#2996,#2997,#2998));
#575=EDGE_LOOP('',(#2999,#3000,#3001,#3002));
#576=EDGE_LOOP('',(#3003,#3004,#3005,#3006));
#577=EDGE_LOOP('',(#3007,#3008,#3009,#3010));
#578=EDGE_LOOP('',(#3011,#3012,#3013,#3014));
#579=EDGE_LOOP('',(#3015,#3016,#3017,#3018));
#580=EDGE_LOOP('',(#3019,#3020,#3021,#3022));
#581=EDGE_LOOP('',(#3023,#3024,#3025,#3026));
#582=EDGE_LOOP('',(#3027,#3028,#3029,#3030));
#583=EDGE_LOOP('',(#3031,#3032,#3033,#3034));
#584=EDGE_LOOP('',(#3035,#3036,#3037,#3038));
#585=EDGE_LOOP('',(#3039,#3040,#3041,#3042));
#586=EDGE_LOOP('',(#3043,#3044,#3045,#3046));
#587=EDGE_LOOP('',(#3047,#3048,#3049,#3050));
#588=EDGE_LOOP('',(#3051,#3052,#3053,#3054));
#589=EDGE_LOOP('',(#3055,#3056,#3057,#3058));
#590=EDGE_LOOP('',(#3059,#3060,#3061,#3062));
#591=EDGE_LOOP('',(#3063,#3064,#3065,#3066));
#592=EDGE_LOOP('',(#3067,#3068,#3069,#3070));
#593=LINE('',#4687,#900);
#594=LINE('',#4692,#901);
#595=LINE('',#4696,#902);
#596=LINE('',#4700,#903);
#597=LINE('',#4704,#904);
#598=LINE('',#4712,#905);
#599=LINE('',#4716,#906);
#600=LINE('',#4720,#907);
#601=LINE('',#4724,#908);
#602=LINE('',#4730,#909);
#603=LINE('',#4734,#910);
#604=LINE('',#4738,#911);
#605=LINE('',#4742,#912);
#606=LINE('',#4746,#913);
#607=LINE('',#4750,#914);
#608=LINE('',#4758,#915);
#609=LINE('',#4762,#916);
#610=LINE('',#4766,#917);
#611=LINE('',#4770,#918);
#612=LINE('',#4778,#919);
#613=LINE('',#4782,#920);
#614=LINE('',#4786,#921);
#615=LINE('',#4790,#922);
#616=LINE('',#4794,#923);
#617=LINE('',#4798,#924);
#618=LINE('',#4803,#925);
#619=LINE('',#4807,#926);
#620=LINE('',#4810,#927);
#621=LINE('',#4815,#928);
#622=LINE('',#4819,#929);
#623=LINE('',#4821,#930);
#624=LINE('',#4823,#931);
#625=LINE('',#4825,#932);
#626=LINE('',#4827,#933);
#627=LINE('',#4831,#934);
#628=LINE('',#4836,#935);
#629=LINE('',#4840,#936);
#630=LINE('',#4844,#937);
#631=LINE('',#4845,#938);
#632=LINE('',#4850,#939);
#633=LINE('',#4851,#940);
#634=LINE('',#4856,#941);
#635=LINE('',#4857,#942);
#636=LINE('',#4862,#943);
#637=LINE('',#4863,#944);
#638=LINE('',#4878,#945);
#639=LINE('',#4893,#946);
#640=LINE('',#4896,#947);
#641=LINE('',#4899,#948);
#642=LINE('',#4902,#949);
#643=LINE('',#4905,#950);
#644=LINE('',#4908,#951);
#645=LINE('',#4911,#952);
#646=LINE('',#4914,#953);
#647=LINE('',#4920,#954);
#648=LINE('',#4924,#955);
#649=LINE('',#4930,#956);
#650=LINE('',#4936,#957);
#651=LINE('',#4940,#958);
#652=LINE('',#4942,#959);
#653=LINE('',#4947,#960);
#654=LINE('',#4949,#961);
#655=LINE('',#4953,#962);
#656=LINE('',#4956,#963);
#657=LINE('',#4958,#964);
#658=LINE('',#4959,#965);
#659=LINE('',#4961,#966);
#660=LINE('',#4962,#967);
#661=LINE('',#4967,#968);
#662=LINE('',#4973,#969);
#663=LINE('',#4979,#970);
#664=LINE('',#4988,#971);
#665=LINE('',#4997,#972);
#666=LINE('',#5006,#973);
#667=LINE('',#5030,#974);
#668=LINE('',#5031,#975);
#669=LINE('',#5033,#976);
#670=LINE('',#5038,#977);
#671=LINE('',#5039,#978);
#672=LINE('',#5055,#979);
#673=LINE('',#5056,#980);
#674=LINE('',#5064,#981);
#675=LINE('',#5069,#982);
#676=LINE('',#5072,#983);
#677=LINE('',#5077,#984);
#678=LINE('',#5084,#985);
#679=LINE('',#5085,#986);
#680=LINE('',#5090,#987);
#681=LINE('',#5092,#988);
#682=LINE('',#5100,#989);
#683=LINE('',#5101,#990);
#684=LINE('',#5105,#991);
#685=LINE('',#5108,#992);
#686=LINE('',#5111,#993);
#687=LINE('',#5114,#994);
#688=LINE('',#5117,#995);
#689=LINE('',#5122,#996);
#690=LINE('',#5123,#997);
#691=LINE('',#5127,#998);
#692=LINE('',#5128,#999);
#693=LINE('',#5131,#1000);
#694=LINE('',#5135,#1001);
#695=LINE('',#5137,#1002);
#696=LINE('',#5141,#1003);
#697=LINE('',#5145,#1004);
#698=LINE('',#5147,#1005);
#699=LINE('',#5149,#1006);
#700=LINE('',#5150,#1007);
#701=LINE('',#5151,#1008);
#702=LINE('',#5156,#1009);
#703=LINE('',#5158,#1010);
#704=LINE('',#5160,#1011);
#705=LINE('',#5161,#1012);
#706=LINE('',#5165,#1013);
#707=LINE('',#5167,#1014);
#708=LINE('',#5169,#1015);
#709=LINE('',#5170,#1016);
#710=LINE('',#5174,#1017);
#711=LINE('',#5176,#1018);
#712=LINE('',#5178,#1019);
#713=LINE('',#5179,#1020);
#714=LINE('',#5182,#1021);
#715=LINE('',#5184,#1022);
#716=LINE('',#5185,#1023);
#717=LINE('',#5188,#1024);
#718=LINE('',#5190,#1025);
#719=LINE('',#5191,#1026);
#720=LINE('',#5194,#1027);
#721=LINE('',#5195,#1028);
#722=LINE('',#5198,#1029);
#723=LINE('',#5199,#1030);
#724=LINE('',#5202,#1031);
#725=LINE('',#5203,#1032);
#726=LINE('',#5204,#1033);
#727=LINE('',#5206,#1034);
#728=LINE('',#5209,#1035);
#729=LINE('',#5210,#1036);
#730=LINE('',#5214,#1037);
#731=LINE('',#5216,#1038);
#732=LINE('',#5218,#1039);
#733=LINE('',#5219,#1040);
#734=LINE('',#5223,#1041);
#735=LINE('',#5224,#1042);
#736=LINE('',#5225,#1043);
#737=LINE('',#5228,#1044);
#738=LINE('',#5229,#1045);
#739=LINE('',#5232,#1046);
#740=LINE('',#5233,#1047);
#741=LINE('',#5237,#1048);
#742=LINE('',#5239,#1049);
#743=LINE('',#5241,#1050);
#744=LINE('',#5242,#1051);
#745=LINE('',#5246,#1052);
#746=LINE('',#5247,#1053);
#747=LINE('',#5248,#1054);
#748=LINE('',#5252,#1055);
#749=LINE('',#5253,#1056);
#750=LINE('',#5254,#1057);
#751=LINE('',#5256,#1058);
#752=LINE('',#5258,#1059);
#753=LINE('',#5260,#1060);
#754=LINE('',#5263,#1061);
#755=LINE('',#5265,#1062);
#756=LINE('',#5266,#1063);
#757=LINE('',#5267,#1064);
#758=LINE('',#5270,#1065);
#759=LINE('',#5271,#1066);
#760=LINE('',#5276,#1067);
#761=LINE('',#5278,#1068);
#762=LINE('',#5279,#1069);
#763=LINE('',#5280,#1070);
#764=LINE('',#5285,#1071);
#765=LINE('',#5292,#1072);
#766=LINE('',#5293,#1073);
#767=LINE('',#5298,#1074);
#768=LINE('',#5300,#1075);
#769=LINE('',#5303,#1076);
#770=LINE('',#5305,#1077);
#771=LINE('',#5308,#1078);
#772=LINE('',#5310,#1079);
#773=LINE('',#5316,#1080);
#774=LINE('',#5322,#1081);
#775=LINE('',#5326,#1082);
#776=LINE('',#5330,#1083);
#777=LINE('',#5334,#1084);
#778=LINE('',#5338,#1085);
#779=LINE('',#5342,#1086);
#780=LINE('',#5350,#1087);
#781=LINE('',#5355,#1088);
#782=LINE('',#5357,#1089);
#783=LINE('',#5359,#1090);
#784=LINE('',#5360,#1091);
#785=LINE('',#5363,#1092);
#786=LINE('',#5365,#1093);
#787=LINE('',#5366,#1094);
#788=LINE('',#5368,#1095);
#789=LINE('',#5371,#1096);
#790=LINE('',#5373,#1097);
#791=LINE('',#5374,#1098);
#792=LINE('',#5377,#1099);
#793=LINE('',#5378,#1100);
#794=LINE('',#5379,#1101);
#795=LINE('',#5381,#1102);
#796=LINE('',#5383,#1103);
#797=LINE('',#5384,#1104);
#798=LINE('',#5386,#1105);
#799=LINE('',#5387,#1106);
#800=LINE('',#5390,#1107);
#801=LINE('',#5393,#1108);
#802=LINE('',#5403,#1109);
#803=LINE('',#5404,#1110);
#804=LINE('',#5406,#1111);
#805=LINE('',#5407,#1112);
#806=LINE('',#5408,#1113);
#807=LINE('',#5410,#1114);
#808=LINE('',#5412,#1115);
#809=LINE('',#5413,#1116);
#810=LINE('',#5415,#1117);
#811=LINE('',#5416,#1118);
#812=LINE('',#5419,#1119);
#813=LINE('',#5420,#1120);
#814=LINE('',#5424,#1121);
#815=LINE('',#5436,#1122);
#816=LINE('',#5440,#1123);
#817=LINE('',#5442,#1124);
#818=LINE('',#5443,#1125);
#819=LINE('',#5446,#1126);
#820=LINE('',#5447,#1127);
#821=LINE('',#5449,#1128);
#822=LINE('',#5450,#1129);
#823=LINE('',#5452,#1130);
#824=LINE('',#5453,#1131);
#825=LINE('',#5455,#1132);
#826=LINE('',#5457,#1133);
#827=LINE('',#5459,#1134);
#828=LINE('',#5464,#1135);
#829=LINE('',#5465,#1136);
#830=LINE('',#5466,#1137);
#831=LINE('',#5467,#1138);
#832=LINE('',#5469,#1139);
#833=LINE('',#5473,#1140);
#834=LINE('',#5475,#1141);
#835=LINE('',#5478,#1142);
#836=LINE('',#5479,#1143);
#837=LINE('',#5483,#1144);
#838=LINE('',#5485,#1145);
#839=LINE('',#5488,#1146);
#840=LINE('',#5489,#1147);
#841=LINE('',#5493,#1148);
#842=LINE('',#5495,#1149);
#843=LINE('',#5498,#1150);
#844=LINE('',#5499,#1151);
#845=LINE('',#5503,#1152);
#846=LINE('',#5508,#1153);
#847=LINE('',#5509,#1154);
#848=LINE('',#5513,#1155);
#849=LINE('',#5516,#1156);
#850=LINE('',#5517,#1157);
#851=LINE('',#5521,#1158);
#852=LINE('',#5524,#1159);
#853=LINE('',#5525,#1160);
#854=LINE('',#5529,#1161);
#855=LINE('',#5532,#1162);
#856=LINE('',#5533,#1163);
#857=LINE('',#5537,#1164);
#858=LINE('',#5541,#1165);
#859=LINE('',#5545,#1166);
#860=LINE('',#5548,#1167);
#861=LINE('',#5549,#1168);
#862=LINE('',#5553,#1169);
#863=LINE('',#5556,#1170);
#864=LINE('',#5557,#1171);
#865=LINE('',#5561,#1172);
#866=LINE('',#5564,#1173);
#867=LINE('',#5565,#1174);
#868=LINE('',#5569,#1175);
#869=LINE('',#5572,#1176);
#870=LINE('',#5573,#1177);
#871=LINE('',#5577,#1178);
#872=LINE('',#5580,#1179);
#873=LINE('',#5581,#1180);
#874=LINE('',#5585,#1181);
#875=LINE('',#5588,#1182);
#876=LINE('',#5589,#1183);
#877=LINE('',#5592,#1184);
#878=LINE('',#5596,#1185);
#879=LINE('',#5598,#1186);
#880=LINE('',#5600,#1187);
#881=LINE('',#5602,#1188);
#882=LINE('',#5604,#1189);
#883=LINE('',#5606,#1190);
#884=LINE('',#5608,#1191);
#885=LINE('',#5610,#1192);
#886=LINE('',#5612,#1193);
#887=LINE('',#5613,#1194);
#888=LINE('',#5616,#1195);
#889=LINE('',#5618,#1196);
#890=LINE('',#5620,#1197);
#891=LINE('',#5621,#1198);
#892=LINE('',#5623,#1199);
#893=LINE('',#5624,#1200);
#894=LINE('',#5626,#1201);
#895=LINE('',#5639,#1202);
#896=LINE('',#5643,#1203);
#897=LINE('',#5647,#1204);
#898=LINE('',#5650,#1205);
#899=LINE('',#5658,#1206);
#900=VECTOR('',#3673,2.24999999999999);
#901=VECTOR('',#3678,1000.);
#902=VECTOR('',#3681,1000.);
#903=VECTOR('',#3684,1000.);
#904=VECTOR('',#3687,1000.);
#905=VECTOR('',#3694,1000.);
#906=VECTOR('',#3697,1000.);
#907=VECTOR('',#3700,1000.);
#908=VECTOR('',#3703,1000.);
#909=VECTOR('',#3708,1000.);
#910=VECTOR('',#3711,1000.);
#911=VECTOR('',#3714,1000.);
#912=VECTOR('',#3717,1000.);
#913=VECTOR('',#3720,1000.);
#914=VECTOR('',#3723,1000.);
#915=VECTOR('',#3730,1000.);
#916=VECTOR('',#3733,1000.);
#917=VECTOR('',#3736,1000.);
#918=VECTOR('',#3739,1000.);
#919=VECTOR('',#3746,1000.);
#920=VECTOR('',#3749,1000.);
#921=VECTOR('',#3752,1000.);
#922=VECTOR('',#3755,1000.);
#923=VECTOR('',#3758,1000.);
#924=VECTOR('',#3761,1000.);
#925=VECTOR('',#3766,1000.);
#926=VECTOR('',#3771,1.99999999999999);
#927=VECTOR('',#3774,2.25);
#928=VECTOR('',#3781,2.);
#929=VECTOR('',#3784,1000.);
#930=VECTOR('',#3785,1000.);
#931=VECTOR('',#3786,1000.);
#932=VECTOR('',#3787,1000.);
#933=VECTOR('',#3788,1000.);
#934=VECTOR('',#3791,1000.);
#935=VECTOR('',#3796,1000.);
#936=VECTOR('',#3799,1000.);
#937=VECTOR('',#3802,1000.);
#938=VECTOR('',#3803,1000.);
#939=VECTOR('',#3808,1000.);
#940=VECTOR('',#3809,1000.);
#941=VECTOR('',#3814,1000.);
#942=VECTOR('',#3815,1000.);
#943=VECTOR('',#3820,1000.);
#944=VECTOR('',#3821,1000.);
#945=VECTOR('',#3834,1000.);
#946=VECTOR('',#3841,1000.);
#947=VECTOR('',#3844,1000.);
#948=VECTOR('',#3847,1000.);
#949=VECTOR('',#3850,1000.);
#950=VECTOR('',#3853,1000.);
#951=VECTOR('',#3856,1000.);
#952=VECTOR('',#3859,1000.);
#953=VECTOR('',#3862,1000.);
#954=VECTOR('',#3869,1000.);
#955=VECTOR('',#3874,1000.);
#956=VECTOR('',#3881,1000.);
#957=VECTOR('',#3888,1000.);
#958=VECTOR('',#3893,1000.);
#959=VECTOR('',#3896,1000.);
#960=VECTOR('',#3901,1000.);
#961=VECTOR('',#3904,1000.);
#962=VECTOR('',#3909,1000.);
#963=VECTOR('',#3912,1000.);
#964=VECTOR('',#3915,1000.);
#965=VECTOR('',#3916,1000.);
#966=VECTOR('',#3919,1000.);
#967=VECTOR('',#3920,1000.);
#968=VECTOR('',#3925,1000.);
#969=VECTOR('',#3932,1000.);
#970=VECTOR('',#3939,1000.);
#971=VECTOR('',#3944,1000.);
#972=VECTOR('',#3953,1000.);
#973=VECTOR('',#3962,1000.);
#974=VECTOR('',#3987,1000.);
#975=VECTOR('',#3988,1000.);
#976=VECTOR('',#3991,1000.);
#977=VECTOR('',#3996,1000.);
#978=VECTOR('',#3997,1000.);
#979=VECTOR('',#4016,1000.);
#980=VECTOR('',#4017,1000.);
#981=VECTOR('',#4024,1000.);
#982=VECTOR('',#4029,1000.);
#983=VECTOR('',#4032,1000.);
#984=VECTOR('',#4037,1000.);
#985=VECTOR('',#4044,1000.);
#986=VECTOR('',#4045,1000.);
#987=VECTOR('',#4050,1000.);
#988=VECTOR('',#4051,1000.);
#989=VECTOR('',#4060,1000.);
#990=VECTOR('',#4061,1000.);
#991=VECTOR('',#4066,1000.);
#992=VECTOR('',#4069,1000.);
#993=VECTOR('',#4072,1000.);
#994=VECTOR('',#4075,1000.);
#995=VECTOR('',#4078,1000.);
#996=VECTOR('',#4083,1000.);
#997=VECTOR('',#4084,1000.);
#998=VECTOR('',#4089,1000.);
#999=VECTOR('',#4090,1000.);
#1000=VECTOR('',#4095,1000.);
#1001=VECTOR('',#4102,1000.);
#1002=VECTOR('',#4105,1000.);
#1003=VECTOR('',#4112,1000.);
#1004=VECTOR('',#4117,1000.);
#1005=VECTOR('',#4118,1000.);
#1006=VECTOR('',#4119,1000.);
#1007=VECTOR('',#4120,1000.);
#1008=VECTOR('',#4121,1000.);
#1009=VECTOR('',#4126,1000.);
#1010=VECTOR('',#4127,1000.);
#1011=VECTOR('',#4128,1000.);
#1012=VECTOR('',#4129,1000.);
#1013=VECTOR('',#4132,1000.);
#1014=VECTOR('',#4133,1000.);
#1015=VECTOR('',#4134,1000.);
#1016=VECTOR('',#4135,1000.);
#1017=VECTOR('',#4138,1000.);
#1018=VECTOR('',#4139,1000.);
#1019=VECTOR('',#4140,1000.);
#1020=VECTOR('',#4141,1000.);
#1021=VECTOR('',#4144,1000.);
#1022=VECTOR('',#4145,1000.);
#1023=VECTOR('',#4146,1000.);
#1024=VECTOR('',#4149,1000.);
#1025=VECTOR('',#4150,10.);
#1026=VECTOR('',#4151,1000.);
#1027=VECTOR('',#4154,1000.);
#1028=VECTOR('',#4155,1000.);
#1029=VECTOR('',#4158,1000.);
#1030=VECTOR('',#4159,10.);
#1031=VECTOR('',#4162,1000.);
#1032=VECTOR('',#4163,10.);
#1033=VECTOR('',#4164,1000.);
#1034=VECTOR('',#4167,1000.);
#1035=VECTOR('',#4170,10.);
#1036=VECTOR('',#4171,1000.);
#1037=VECTOR('',#4174,1000.);
#1038=VECTOR('',#4175,1000.);
#1039=VECTOR('',#4176,1000.);
#1040=VECTOR('',#4177,1000.);
#1041=VECTOR('',#4180,1000.);
#1042=VECTOR('',#4181,1000.);
#1043=VECTOR('',#4182,1000.);
#1044=VECTOR('',#4185,1000.);
#1045=VECTOR('',#4186,1000.);
#1046=VECTOR('',#4189,1000.);
#1047=VECTOR('',#4190,1000.);
#1048=VECTOR('',#4193,1000.);
#1049=VECTOR('',#4194,1000.);
#1050=VECTOR('',#4195,1000.);
#1051=VECTOR('',#4196,1000.);
#1052=VECTOR('',#4199,1000.);
#1053=VECTOR('',#4200,1000.);
#1054=VECTOR('',#4201,1000.);
#1055=VECTOR('',#4204,1000.);
#1056=VECTOR('',#4205,1000.);
#1057=VECTOR('',#4206,1000.);
#1058=VECTOR('',#4209,1000.);
#1059=VECTOR('',#4212,1000.);
#1060=VECTOR('',#4215,1000.);
#1061=VECTOR('',#4218,1000.);
#1062=VECTOR('',#4219,1000.);
#1063=VECTOR('',#4220,1000.);
#1064=VECTOR('',#4221,1000.);
#1065=VECTOR('',#4224,1000.);
#1066=VECTOR('',#4225,1000.);
#1067=VECTOR('',#4230,1000.);
#1068=VECTOR('',#4231,1000.);
#1069=VECTOR('',#4232,1000.);
#1070=VECTOR('',#4233,1000.);
#1071=VECTOR('',#4242,1000.);
#1072=VECTOR('',#4253,1000.);
#1073=VECTOR('',#4254,1000.);
#1074=VECTOR('',#4259,1000.);
#1075=VECTOR('',#4260,1000.);
#1076=VECTOR('',#4263,1000.);
#1077=VECTOR('',#4264,1000.);
#1078=VECTOR('',#4267,1000.);
#1079=VECTOR('',#4268,1000.);
#1080=VECTOR('',#4273,1000.);
#1081=VECTOR('',#4278,1000.);
#1082=VECTOR('',#4281,1000.);
#1083=VECTOR('',#4284,1000.);
#1084=VECTOR('',#4287,1000.);
#1085=VECTOR('',#4290,1000.);
#1086=VECTOR('',#4293,1000.);
#1087=VECTOR('',#4300,1000.);
#1088=VECTOR('',#4305,1000.);
#1089=VECTOR('',#4306,1000.);
#1090=VECTOR('',#4307,1000.);
#1091=VECTOR('',#4308,1000.);
#1092=VECTOR('',#4311,1000.);
#1093=VECTOR('',#4312,1000.);
#1094=VECTOR('',#4313,1000.);
#1095=VECTOR('',#4316,1000.);
#1096=VECTOR('',#4319,1000.);
#1097=VECTOR('',#4320,1000.);
#1098=VECTOR('',#4321,1000.);
#1099=VECTOR('',#4324,1000.);
#1100=VECTOR('',#4325,1000.);
#1101=VECTOR('',#4326,1000.);
#1102=VECTOR('',#4329,1000.);
#1103=VECTOR('',#4332,1000.);
#1104=VECTOR('',#4333,1000.);
#1105=VECTOR('',#4336,1000.);
#1106=VECTOR('',#4337,1000.);
#1107=VECTOR('',#4340,1000.);
#1108=VECTOR('',#4343,1000.);
#1109=VECTOR('',#4352,1000.);
#1110=VECTOR('',#4353,1000.);
#1111=VECTOR('',#4356,1000.);
#1112=VECTOR('',#4357,1000.);
#1113=VECTOR('',#4358,1000.);
#1114=VECTOR('',#4361,1000.);
#1115=VECTOR('',#4364,1000.);
#1116=VECTOR('',#4365,1000.);
#1117=VECTOR('',#4368,1000.);
#1118=VECTOR('',#4369,1000.);
#1119=VECTOR('',#4372,1000.);
#1120=VECTOR('',#4373,1000.);
#1121=VECTOR('',#4378,1000.);
#1122=VECTOR('',#4393,1000.);
#1123=VECTOR('',#4398,1000.);
#1124=VECTOR('',#4399,1000.);
#1125=VECTOR('',#4400,1000.);
#1126=VECTOR('',#4403,1000.);
#1127=VECTOR('',#4404,1000.);
#1128=VECTOR('',#4405,1000.);
#1129=VECTOR('',#4406,1000.);
#1130=VECTOR('',#4409,1000.);
#1131=VECTOR('',#4410,1000.);
#1132=VECTOR('',#4413,1000.);
#1133=VECTOR('',#4416,1000.);
#1134=VECTOR('',#4419,1000.);
#1135=VECTOR('',#4428,1000.);
#1136=VECTOR('',#4429,1000.);
#1137=VECTOR('',#4430,1000.);
#1138=VECTOR('',#4431,1000.);
#1139=VECTOR('',#4434,1000.);
#1140=VECTOR('',#4439,1000.);
#1141=VECTOR('',#4442,1000.);
#1142=VECTOR('',#4445,1000.);
#1143=VECTOR('',#4446,1000.);
#1144=VECTOR('',#4451,1000.);
#1145=VECTOR('',#4454,1000.);
#1146=VECTOR('',#4457,1000.);
#1147=VECTOR('',#4458,1000.);
#1148=VECTOR('',#4463,1000.);
#1149=VECTOR('',#4466,1000.);
#1150=VECTOR('',#4469,1000.);
#1151=VECTOR('',#4470,1000.);
#1152=VECTOR('',#4475,1000.);
#1153=VECTOR('',#4482,1000.);
#1154=VECTOR('',#4483,1000.);
#1155=VECTOR('',#4488,1000.);
#1156=VECTOR('',#4491,1000.);
#1157=VECTOR('',#4492,1000.);
#1158=VECTOR('',#4497,1000.);
#1159=VECTOR('',#4500,1000.);
#1160=VECTOR('',#4501,1000.);
#1161=VECTOR('',#4506,1000.);
#1162=VECTOR('',#4509,1000.);
#1163=VECTOR('',#4510,1000.);
#1164=VECTOR('',#4515,1000.);
#1165=VECTOR('',#4520,1000.);
#1166=VECTOR('',#4525,1000.);
#1167=VECTOR('',#4528,1000.);
#1168=VECTOR('',#4529,1000.);
#1169=VECTOR('',#4534,1000.);
#1170=VECTOR('',#4537,1000.);
#1171=VECTOR('',#4538,1000.);
#1172=VECTOR('',#4543,1000.);
#1173=VECTOR('',#4546,1000.);
#1174=VECTOR('',#4547,1000.);
#1175=VECTOR('',#4552,1000.);
#1176=VECTOR('',#4555,1000.);
#1177=VECTOR('',#4556,1000.);
#1178=VECTOR('',#4561,1000.);
#1179=VECTOR('',#4564,1000.);
#1180=VECTOR('',#4565,1000.);
#1181=VECTOR('',#4570,1000.);
#1182=VECTOR('',#4573,1000.);
#1183=VECTOR('',#4574,1000.);
#1184=VECTOR('',#4579,1000.);
#1185=VECTOR('',#4586,10.);
#1186=VECTOR('',#4589,1000.);
#1187=VECTOR('',#4592,1000.);
#1188=VECTOR('',#4595,1000.);
#1189=VECTOR('',#4598,1000.);
#1190=VECTOR('',#4601,1000.);
#1191=VECTOR('',#4604,1000.);
#1192=VECTOR('',#4607,1000.);
#1193=VECTOR('',#4610,1000.);
#1194=VECTOR('',#4611,10.);
#1195=VECTOR('',#4616,1000.);
#1196=VECTOR('',#4619,1000.);
#1197=VECTOR('',#4622,1000.);
#1198=VECTOR('',#4623,10.);
#1199=VECTOR('',#4626,1000.);
#1200=VECTOR('',#4627,10.);
#1201=VECTOR('',#4630,1000.);
#1202=VECTOR('',#4639,1000.);
#1203=VECTOR('',#4646,1000.);
#1204=VECTOR('',#4653,1000.);
#1205=VECTOR('',#4658,10.);
#1206=VECTOR('',#4673,10.);
#1207=CIRCLE('',#3315,2.49999999999999);
#1208=CIRCLE('',#3316,1.99999999999999);
#1209=CIRCLE('',#3318,4.35453245836467);
#1210=CIRCLE('',#3319,4.35453247268272);
#1211=CIRCLE('',#3320,4.35453270939067);
#1212=CIRCLE('',#3321,4.35453223597352);
#1213=CIRCLE('',#3322,2.5);
#1214=CIRCLE('',#3323,2.01337355195974);
#1215=CIRCLE('',#3324,2.0133735519597);
#1216=CIRCLE('',#3325,2.01337526716314);
#1217=CIRCLE('',#3326,2.01337526716315);
#1218=CIRCLE('',#3327,0.95);
#1219=CIRCLE('',#3328,1.81105206899714);
#1220=CIRCLE('',#3329,0.590000095370055);
#1221=CIRCLE('',#3330,1.81001828306986);
#1222=CIRCLE('',#3331,0.589999856952426);
#1223=CIRCLE('',#3332,1.81001825487523);
#1224=CIRCLE('',#3333,0.589999976161226);
#1225=CIRCLE('',#3334,1.83446460946412);
#1226=CIRCLE('',#3335,1.23645153740341);
#1227=CIRCLE('',#3336,1.33337418115732);
#1228=CIRCLE('',#3337,1.33337355195976);
#1229=CIRCLE('',#3338,1.33337183676355);
#1230=CIRCLE('',#3339,1.33337246595855);
#1231=CIRCLE('',#3340,1.22480251591739);
#1232=CIRCLE('',#3341,0.93514115672591);
#1233=CIRCLE('',#3342,1.8110116055869);
#1234=CIRCLE('',#3343,0.590000095367728);
#1235=CIRCLE('',#3344,1.81001826669246);
#1236=CIRCLE('',#3345,0.590000095367725);
#1237=CIRCLE('',#3346,1.81);
#1238=CIRCLE('',#3347,0.590000095367718);
#1239=CIRCLE('',#3348,1.83446122865778);
#1240=CIRCLE('',#3349,1.21237333317991);
#1241=CIRCLE('',#3351,1.99999999999999);
#1242=CIRCLE('',#3353,2.);
#1243=CIRCLE('',#3355,2.);
#1244=CIRCLE('',#3357,4.35453223597354);
#1245=CIRCLE('',#3358,4.35453270939068);
#1246=CIRCLE('',#3360,4.35453247268274);
#1247=CIRCLE('',#3361,4.35453245836468);
#1248=CIRCLE('',#3363,0.390000095370056);
#1249=CIRCLE('',#3365,0.389999856952425);
#1250=CIRCLE('',#3367,0.389999976161224);
#1251=CIRCLE('',#3370,1.53337418115732);
#1252=CIRCLE('',#3373,0.749999999999999);
#1253=CIRCLE('',#3375,1.01237333317991);
#1254=CIRCLE('',#3377,1.53337418115732);
#1255=CIRCLE('',#3379,0.389999976161221);
#1256=CIRCLE('',#3381,0.389999856952425);
#1257=CIRCLE('',#3383,0.390000095370054);
#1258=CIRCLE('',#3391,0.5);
#1259=CIRCLE('',#3393,0.5);
#1260=CIRCLE('',#3394,0.5);
#1261=CIRCLE('',#3396,0.5);
#1262=CIRCLE('',#3399,4.85453270939068);
#1263=CIRCLE('',#3400,4.85453270939068);
#1264=CIRCLE('',#3402,4.85453223597354);
#1265=CIRCLE('',#3403,4.85453223597354);
#1266=CIRCLE('',#3407,1.51337526716316);
#1267=CIRCLE('',#3408,263.563523244179);
#1268=CIRCLE('',#3410,1.51337355195973);
#1269=CIRCLE('',#3411,263.582201143325);
#1270=CIRCLE('',#3413,1.51337355195975);
#1271=CIRCLE('',#3414,25.7004962047999);
#1272=CIRCLE('',#3416,1.51337526716316);
#1273=CIRCLE('',#3417,263.563721367137);
#1274=CIRCLE('',#3418,2.01337526716303);
#1275=CIRCLE('',#3420,1.51337355195973);
#1276=CIRCLE('',#3421,263.582402237682);
#1277=CIRCLE('',#3422,2.01337355195959);
#1278=CIRCLE('',#3424,1.51337355195975);
#1279=CIRCLE('',#3425,2.01337355195962);
#1280=CIRCLE('',#3427,0.5);
#1281=CIRCLE('',#3428,0.500000000000007);
#1282=CIRCLE('',#3429,0.5);
#1283=CIRCLE('',#3431,0.5);
#1284=CIRCLE('',#3432,0.5);
#1285=CIRCLE('',#3433,0.499999999999973);
#1286=CIRCLE('',#3440,0.5);
#1287=CIRCLE('',#3441,0.5);
#1288=CIRCLE('',#3442,0.499999999999973);
#1289=CIRCLE('',#3444,0.500000000000007);
#1290=CIRCLE('',#3445,0.5);
#1291=CIRCLE('',#3446,0.5);
#1292=CIRCLE('',#3449,0.499938253870756);
#1293=CIRCLE('',#3450,0.500028120448665);
#1294=CIRCLE('',#3451,0.500047745021611);
#1295=CIRCLE('',#3452,0.499964867768718);
#1296=CIRCLE('',#3454,0.500028119378609);
#1297=CIRCLE('',#3455,0.499938253694159);
#1298=CIRCLE('',#3457,0.499938262693868);
#1299=CIRCLE('',#3458,0.500028116400877);
#1300=CIRCLE('',#3466,0.5);
#1301=CIRCLE('',#3468,4.85453247268274);
#1302=CIRCLE('',#3470,4.85453245836468);
#1303=CIRCLE('',#3472,4.85453247268274);
#1304=CIRCLE('',#3474,4.85453245836468);
#1305=CIRCLE('',#3476,0.5);
#1306=CIRCLE('',#3478,0.5);
#1307=CIRCLE('',#3479,0.5);
#1308=CIRCLE('',#3512,1.03337355195976);
#1309=CIRCLE('',#3513,1.03337183676354);
#1310=CIRCLE('',#3516,1.53337183676354);
#1311=CIRCLE('',#3518,1.53337355195976);
#1312=CIRCLE('',#3520,1.03645153740341);
#1313=CIRCLE('',#3521,2.03446460946412);
#1314=CIRCLE('',#3522,2.01001825487523);
#1315=CIRCLE('',#3523,2.01001828306986);
#1316=CIRCLE('',#3524,2.01105206899714);
#1317=CIRCLE('',#3525,0.749999999999999);
#1318=CIRCLE('',#3526,1.01237333317991);
#1319=CIRCLE('',#3527,2.03446122865778);
#1320=CIRCLE('',#3528,0.390000095367719);
#1321=CIRCLE('',#3529,2.01);
#1322=CIRCLE('',#3530,0.390000095367722);
#1323=CIRCLE('',#3531,2.01001826669246);
#1324=CIRCLE('',#3532,0.390000095367726);
#1325=CIRCLE('',#3533,2.0110116055869);
#1326=CIRCLE('',#3534,0.735141156725908);
#1327=CIRCLE('',#3535,1.0248025159174);
#1328=CIRCLE('',#3536,1.53337246595854);
#1329=CIRCLE('',#3546,263.563727824605);
#1330=CIRCLE('',#3548,2.013375267163);
#1331=CIRCLE('',#3549,1.51337526716317);
#1332=CIRCLE('',#3557,1.51337526716317);
#1333=CIRCLE('',#3561,263.563526866479);
#1334=CIRCLE('',#3563,25.7005309936526);
#1335=CIRCLE('',#3578,2.01105206899714);
#1336=CIRCLE('',#3582,2.01001828306986);
#1337=CIRCLE('',#3586,2.01001825487523);
#1338=CIRCLE('',#3590,2.03446460946412);
#1339=CIRCLE('',#3592,1.03645153740341);
#1340=CIRCLE('',#3595,1.53337355195976);
#1341=CIRCLE('',#3598,1.53337183676354);
#1342=CIRCLE('',#3601,1.53337246595854);
#1343=CIRCLE('',#3604,1.0248025159174);
#1344=CIRCLE('',#3606,0.735141156725908);
#1345=CIRCLE('',#3608,2.0110116055869);
#1346=CIRCLE('',#3611,0.390000095367726);
#1347=CIRCLE('',#3614,2.01001826669246);
#1348=CIRCLE('',#3617,0.390000095367722);
#1349=CIRCLE('',#3620,2.01);
#1350=CIRCLE('',#3623,0.390000095367719);
#1351=CIRCLE('',#3626,2.03446122865778);
#1352=VERTEX_POINT('',#4684);
#1353=VERTEX_POINT('',#4686);
#1354=VERTEX_POINT('',#4690);
#1355=VERTEX_POINT('',#4691);
#1356=VERTEX_POINT('',#4693);
#1357=VERTEX_POINT('',#4695);
#1358=VERTEX_POINT('',#4697);
#1359=VERTEX_POINT('',#4699);
#1360=VERTEX_POINT('',#4701);
#1361=VERTEX_POINT('',#4703);
#1362=VERTEX_POINT('',#4706);
#1363=VERTEX_POINT('',#4708);
#1364=VERTEX_POINT('',#4709);
#1365=VERTEX_POINT('',#4711);
#1366=VERTEX_POINT('',#4713);
#1367=VERTEX_POINT('',#4715);
#1368=VERTEX_POINT('',#4717);
#1369=VERTEX_POINT('',#4719);
#1370=VERTEX_POINT('',#4721);
#1371=VERTEX_POINT('',#4723);
#1372=VERTEX_POINT('',#4725);
#1373=VERTEX_POINT('',#4727);
#1374=VERTEX_POINT('',#4729);
#1375=VERTEX_POINT('',#4731);
#1376=VERTEX_POINT('',#4733);
#1377=VERTEX_POINT('',#4735);
#1378=VERTEX_POINT('',#4737);
#1379=VERTEX_POINT('',#4739);
#1380=VERTEX_POINT('',#4741);
#1381=VERTEX_POINT('',#4743);
#1382=VERTEX_POINT('',#4745);
#1383=VERTEX_POINT('',#4747);
#1384=VERTEX_POINT('',#4749);
#1385=VERTEX_POINT('',#4751);
#1386=VERTEX_POINT('',#4753);
#1387=VERTEX_POINT('',#4755);
#1388=VERTEX_POINT('',#4757);
#1389=VERTEX_POINT('',#4759);
#1390=VERTEX_POINT('',#4761);
#1391=VERTEX_POINT('',#4763);
#1392=VERTEX_POINT('',#4765);
#1393=VERTEX_POINT('',#4767);
#1394=VERTEX_POINT('',#4769);
#1395=VERTEX_POINT('',#4771);
#1396=VERTEX_POINT('',#4773);
#1397=VERTEX_POINT('',#4775);
#1398=VERTEX_POINT('',#4777);
#1399=VERTEX_POINT('',#4779);
#1400=VERTEX_POINT('',#4781);
#1401=VERTEX_POINT('',#4783);
#1402=VERTEX_POINT('',#4785);
#1403=VERTEX_POINT('',#4787);
#1404=VERTEX_POINT('',#4789);
#1405=VERTEX_POINT('',#4791);
#1406=VERTEX_POINT('',#4793);
#1407=VERTEX_POINT('',#4795);
#1408=VERTEX_POINT('',#4797);
#1409=VERTEX_POINT('',#4799);
#1410=VERTEX_POINT('',#4801);
#1411=VERTEX_POINT('',#4805);
#1412=VERTEX_POINT('',#4809);
#1413=VERTEX_POINT('',#4813);
#1414=VERTEX_POINT('',#4817);
#1415=VERTEX_POINT('',#4818);
#1416=VERTEX_POINT('',#4820);
#1417=VERTEX_POINT('',#4822);
#1418=VERTEX_POINT('',#4824);
#1419=VERTEX_POINT('',#4826);
#1420=VERTEX_POINT('',#4828);
#1421=VERTEX_POINT('',#4830);
#1422=VERTEX_POINT('',#4834);
#1423=VERTEX_POINT('',#4835);
#1424=VERTEX_POINT('',#4837);
#1425=VERTEX_POINT('',#4839);
#1426=VERTEX_POINT('',#4841);
#1427=VERTEX_POINT('',#4843);
#1428=VERTEX_POINT('',#4847);
#1429=VERTEX_POINT('',#4848);
#1430=VERTEX_POINT('',#4853);
#1431=VERTEX_POINT('',#4854);
#1432=VERTEX_POINT('',#4859);
#1433=VERTEX_POINT('',#4860);
#1434=VERTEX_POINT('',#4865);
#1435=VERTEX_POINT('',#4867);
#1436=VERTEX_POINT('',#4871);
#1437=VERTEX_POINT('',#4876);
#1438=VERTEX_POINT('',#4880);
#1439=VERTEX_POINT('',#4881);
#1440=VERTEX_POINT('',#4892);
#1441=VERTEX_POINT('',#4894);
#1442=VERTEX_POINT('',#4898);
#1443=VERTEX_POINT('',#4900);
#1444=VERTEX_POINT('',#4904);
#1445=VERTEX_POINT('',#4906);
#1446=VERTEX_POINT('',#4910);
#1447=VERTEX_POINT('',#4912);
#1448=VERTEX_POINT('',#4916);
#1449=VERTEX_POINT('',#4918);
#1450=VERTEX_POINT('',#4922);
#1451=VERTEX_POINT('',#4926);
#1452=VERTEX_POINT('',#4928);
#1453=VERTEX_POINT('',#4932);
#1454=VERTEX_POINT('',#4934);
#1455=VERTEX_POINT('',#4938);
#1456=VERTEX_POINT('',#4944);
#1457=VERTEX_POINT('',#4945);
#1458=VERTEX_POINT('',#4952);
#1459=VERTEX_POINT('',#4954);
#1460=VERTEX_POINT('',#4964);
#1461=VERTEX_POINT('',#4965);
#1462=VERTEX_POINT('',#4970);
#1463=VERTEX_POINT('',#4971);
#1464=VERTEX_POINT('',#4976);
#1465=VERTEX_POINT('',#4977);
#1466=VERTEX_POINT('',#4980);
#1467=VERTEX_POINT('',#4986);
#1468=VERTEX_POINT('',#4987);
#1469=VERTEX_POINT('',#4989);
#1470=VERTEX_POINT('',#4991);
#1471=VERTEX_POINT('',#4995);
#1472=VERTEX_POINT('',#4996);
#1473=VERTEX_POINT('',#4998);
#1474=VERTEX_POINT('',#5000);
#1475=VERTEX_POINT('',#5004);
#1476=VERTEX_POINT('',#5005);
#1477=VERTEX_POINT('',#5007);
#1478=VERTEX_POINT('',#5009);
#1479=VERTEX_POINT('',#5015);
#1480=VERTEX_POINT('',#5017);
#1481=VERTEX_POINT('',#5021);
#1482=VERTEX_POINT('',#5022);
#1483=VERTEX_POINT('',#5027);
#1484=VERTEX_POINT('',#5028);
#1485=VERTEX_POINT('',#5035);
#1486=VERTEX_POINT('',#5036);
#1487=VERTEX_POINT('',#5041);
#1488=VERTEX_POINT('',#5042);
#1489=VERTEX_POINT('',#5044);
#1490=VERTEX_POINT('',#5048);
#1491=VERTEX_POINT('',#5049);
#1492=VERTEX_POINT('',#5051);
#1493=VERTEX_POINT('',#5058);
#1494=VERTEX_POINT('',#5059);
#1495=VERTEX_POINT('',#5061);
#1496=VERTEX_POINT('',#5063);
#1497=VERTEX_POINT('',#5065);
#1498=VERTEX_POINT('',#5067);
#1499=VERTEX_POINT('',#5071);
#1500=VERTEX_POINT('',#5073);
#1501=VERTEX_POINT('',#5075);
#1502=VERTEX_POINT('',#5079);
#1503=VERTEX_POINT('',#5080);
#1504=VERTEX_POINT('',#5082);
#1505=VERTEX_POINT('',#5087);
#1506=VERTEX_POINT('',#5088);
#1507=VERTEX_POINT('',#5091);
#1508=VERTEX_POINT('',#5095);
#1509=VERTEX_POINT('',#5096);
#1510=VERTEX_POINT('',#5098);
#1511=VERTEX_POINT('',#5103);
#1512=VERTEX_POINT('',#5107);
#1513=VERTEX_POINT('',#5109);
#1514=VERTEX_POINT('',#5113);
#1515=VERTEX_POINT('',#5115);
#1516=VERTEX_POINT('',#5119);
#1517=VERTEX_POINT('',#5120);
#1518=VERTEX_POINT('',#5125);
#1519=VERTEX_POINT('',#5144);
#1520=VERTEX_POINT('',#5146);
#1521=VERTEX_POINT('',#5148);
#1522=VERTEX_POINT('',#5154);
#1523=VERTEX_POINT('',#5155);
#1524=VERTEX_POINT('',#5157);
#1525=VERTEX_POINT('',#5159);
#1526=VERTEX_POINT('',#5163);
#1527=VERTEX_POINT('',#5164);
#1528=VERTEX_POINT('',#5166);
#1529=VERTEX_POINT('',#5168);
#1530=VERTEX_POINT('',#5172);
#1531=VERTEX_POINT('',#5173);
#1532=VERTEX_POINT('',#5175);
#1533=VERTEX_POINT('',#5177);
#1534=VERTEX_POINT('',#5181);
#1535=VERTEX_POINT('',#5183);
#1536=VERTEX_POINT('',#5187);
#1537=VERTEX_POINT('',#5189);
#1538=VERTEX_POINT('',#5193);
#1539=VERTEX_POINT('',#5197);
#1540=VERTEX_POINT('',#5201);
#1541=VERTEX_POINT('',#5208);
#1542=VERTEX_POINT('',#5212);
#1543=VERTEX_POINT('',#5213);
#1544=VERTEX_POINT('',#5215);
#1545=VERTEX_POINT('',#5217);
#1546=VERTEX_POINT('',#5221);
#1547=VERTEX_POINT('',#5222);
#1548=VERTEX_POINT('',#5227);
#1549=VERTEX_POINT('',#5231);
#1550=VERTEX_POINT('',#5235);
#1551=VERTEX_POINT('',#5236);
#1552=VERTEX_POINT('',#5238);
#1553=VERTEX_POINT('',#5240);
#1554=VERTEX_POINT('',#5244);
#1555=VERTEX_POINT('',#5245);
#1556=VERTEX_POINT('',#5250);
#1557=VERTEX_POINT('',#5251);
#1558=VERTEX_POINT('',#5262);
#1559=VERTEX_POINT('',#5264);
#1560=VERTEX_POINT('',#5269);
#1561=VERTEX_POINT('',#5274);
#1562=VERTEX_POINT('',#5275);
#1563=VERTEX_POINT('',#5277);
#1564=VERTEX_POINT('',#5291);
#1565=VERTEX_POINT('',#5294);
#1566=VERTEX_POINT('',#5296);
#1567=VERTEX_POINT('',#5299);
#1568=VERTEX_POINT('',#5301);
#1569=VERTEX_POINT('',#5304);
#1570=VERTEX_POINT('',#5306);
#1571=VERTEX_POINT('',#5309);
#1572=VERTEX_POINT('',#5311);
#1573=VERTEX_POINT('',#5313);
#1574=VERTEX_POINT('',#5315);
#1575=VERTEX_POINT('',#5317);
#1576=VERTEX_POINT('',#5319);
#1577=VERTEX_POINT('',#5321);
#1578=VERTEX_POINT('',#5323);
#1579=VERTEX_POINT('',#5325);
#1580=VERTEX_POINT('',#5327);
#1581=VERTEX_POINT('',#5329);
#1582=VERTEX_POINT('',#5331);
#1583=VERTEX_POINT('',#5333);
#1584=VERTEX_POINT('',#5335);
#1585=VERTEX_POINT('',#5337);
#1586=VERTEX_POINT('',#5339);
#1587=VERTEX_POINT('',#5341);
#1588=VERTEX_POINT('',#5343);
#1589=VERTEX_POINT('',#5345);
#1590=VERTEX_POINT('',#5347);
#1591=VERTEX_POINT('',#5349);
#1592=VERTEX_POINT('',#5353);
#1593=VERTEX_POINT('',#5354);
#1594=VERTEX_POINT('',#5356);
#1595=VERTEX_POINT('',#5358);
#1596=VERTEX_POINT('',#5362);
#1597=VERTEX_POINT('',#5364);
#1598=VERTEX_POINT('',#5370);
#1599=VERTEX_POINT('',#5372);
#1600=VERTEX_POINT('',#5376);
#1601=VERTEX_POINT('',#5389);
#1602=VERTEX_POINT('',#5391);
#1603=VERTEX_POINT('',#5395);
#1604=VERTEX_POINT('',#5397);
#1605=VERTEX_POINT('',#5418);
#1606=VERTEX_POINT('',#5422);
#1607=VERTEX_POINT('',#5430);
#1608=VERTEX_POINT('',#5439);
#1609=VERTEX_POINT('',#5441);
#1610=VERTEX_POINT('',#5445);
#1611=VERTEX_POINT('',#5448);
#1612=VERTEX_POINT('',#5471);
#1613=VERTEX_POINT('',#5477);
#1614=VERTEX_POINT('',#5481);
#1615=VERTEX_POINT('',#5487);
#1616=VERTEX_POINT('',#5491);
#1617=VERTEX_POINT('',#5497);
#1618=VERTEX_POINT('',#5501);
#1619=VERTEX_POINT('',#5507);
#1620=VERTEX_POINT('',#5511);
#1621=VERTEX_POINT('',#5515);
#1622=VERTEX_POINT('',#5519);
#1623=VERTEX_POINT('',#5523);
#1624=VERTEX_POINT('',#5527);
#1625=VERTEX_POINT('',#5531);
#1626=VERTEX_POINT('',#5535);
#1627=VERTEX_POINT('',#5539);
#1628=VERTEX_POINT('',#5543);
#1629=VERTEX_POINT('',#5547);
#1630=VERTEX_POINT('',#5551);
#1631=VERTEX_POINT('',#5555);
#1632=VERTEX_POINT('',#5559);
#1633=VERTEX_POINT('',#5563);
#1634=VERTEX_POINT('',#5567);
#1635=VERTEX_POINT('',#5571);
#1636=VERTEX_POINT('',#5575);
#1637=VERTEX_POINT('',#5579);
#1638=VERTEX_POINT('',#5583);
#1639=VERTEX_POINT('',#5587);
#1640=EDGE_CURVE('',#1352,#1352,#1207,.T.);
#1641=EDGE_CURVE('',#1352,#1353,#593,.T.);
#1642=EDGE_CURVE('',#1353,#1353,#1208,.T.);
#1643=EDGE_CURVE('',#1354,#1355,#594,.T.);
#1644=EDGE_CURVE('',#1356,#1354,#1209,.T.);
#1645=EDGE_CURVE('',#1357,#1356,#595,.T.);
#1646=EDGE_CURVE('',#1358,#1357,#1210,.T.);
#1647=EDGE_CURVE('',#1359,#1358,#596,.T.);
#1648=EDGE_CURVE('',#1360,#1359,#1211,.T.);
#1649=EDGE_CURVE('',#1361,#1360,#597,.T.);
#1650=EDGE_CURVE('',#1355,#1361,#1212,.T.);
#1651=EDGE_CURVE('',#1362,#1362,#1213,.T.);
#1652=EDGE_CURVE('',#1363,#1364,#1214,.T.);
#1653=EDGE_CURVE('',#1365,#1363,#598,.T.);
#1654=EDGE_CURVE('',#1366,#1365,#1215,.T.);
#1655=EDGE_CURVE('',#1367,#1366,#599,.T.);
#1656=EDGE_CURVE('',#1368,#1367,#1216,.T.);
#1657=EDGE_CURVE('',#1369,#1368,#600,.T.);
#1658=EDGE_CURVE('',#1370,#1369,#1217,.T.);
#1659=EDGE_CURVE('',#1371,#1370,#601,.T.);
#1660=EDGE_CURVE('',#1372,#1371,#1218,.T.);
#1661=EDGE_CURVE('',#1373,#1372,#1219,.T.);
#1662=EDGE_CURVE('',#1374,#1373,#602,.T.);
#1663=EDGE_CURVE('',#1375,#1374,#1220,.T.);
#1664=EDGE_CURVE('',#1376,#1375,#603,.T.);
#1665=EDGE_CURVE('',#1377,#1376,#1221,.T.);
#1666=EDGE_CURVE('',#1378,#1377,#604,.T.);
#1667=EDGE_CURVE('',#1379,#1378,#1222,.T.);
#1668=EDGE_CURVE('',#1380,#1379,#605,.T.);
#1669=EDGE_CURVE('',#1381,#1380,#1223,.T.);
#1670=EDGE_CURVE('',#1382,#1381,#606,.T.);
#1671=EDGE_CURVE('',#1383,#1382,#1224,.T.);
#1672=EDGE_CURVE('',#1384,#1383,#607,.T.);
#1673=EDGE_CURVE('',#1385,#1384,#1225,.T.);
#1674=EDGE_CURVE('',#1386,#1385,#1226,.T.);
#1675=EDGE_CURVE('',#1387,#1386,#1227,.T.);
#1676=EDGE_CURVE('',#1388,#1387,#608,.T.);
#1677=EDGE_CURVE('',#1389,#1388,#1228,.T.);
#1678=EDGE_CURVE('',#1390,#1389,#609,.T.);
#1679=EDGE_CURVE('',#1391,#1390,#1229,.T.);
#1680=EDGE_CURVE('',#1392,#1391,#610,.T.);
#1681=EDGE_CURVE('',#1393,#1392,#1230,.T.);
#1682=EDGE_CURVE('',#1394,#1393,#611,.T.);
#1683=EDGE_CURVE('',#1395,#1394,#1231,.T.);
#1684=EDGE_CURVE('',#1396,#1395,#1232,.T.);
#1685=EDGE_CURVE('',#1397,#1396,#1233,.T.);
#1686=EDGE_CURVE('',#1398,#1397,#612,.T.);
#1687=EDGE_CURVE('',#1399,#1398,#1234,.T.);
#1688=EDGE_CURVE('',#1400,#1399,#613,.T.);
#1689=EDGE_CURVE('',#1401,#1400,#1235,.T.);
#1690=EDGE_CURVE('',#1402,#1401,#614,.T.);
#1691=EDGE_CURVE('',#1403,#1402,#1236,.T.);
#1692=EDGE_CURVE('',#1404,#1403,#615,.T.);
#1693=EDGE_CURVE('',#1405,#1404,#1237,.T.);
#1694=EDGE_CURVE('',#1406,#1405,#616,.T.);
#1695=EDGE_CURVE('',#1407,#1406,#1238,.T.);
#1696=EDGE_CURVE('',#1408,#1407,#617,.T.);
#1697=EDGE_CURVE('',#1409,#1408,#1239,.T.);
#1698=EDGE_CURVE('',#1410,#1409,#1240,.T.);
#1699=EDGE_CURVE('',#1364,#1410,#618,.T.);
#1700=EDGE_CURVE('',#1411,#1411,#1241,.T.);
#1701=EDGE_CURVE('',#1411,#1353,#619,.T.);
#1702=EDGE_CURVE('',#1362,#1412,#620,.T.);
#1703=EDGE_CURVE('',#1412,#1412,#1242,.T.);
#1704=EDGE_CURVE('',#1413,#1413,#1243,.T.);
#1705=EDGE_CURVE('',#1413,#1412,#621,.T.);
#1706=EDGE_CURVE('',#1414,#1415,#622,.T.);
#1707=EDGE_CURVE('',#1416,#1414,#623,.T.);
#1708=EDGE_CURVE('',#1417,#1416,#624,.T.);
#1709=EDGE_CURVE('',#1418,#1417,#625,.T.);
#1710=EDGE_CURVE('',#1419,#1418,#626,.T.);
#1711=EDGE_CURVE('',#1420,#1419,#1244,.T.);
#1712=EDGE_CURVE('',#1421,#1420,#627,.T.);
#1713=EDGE_CURVE('',#1415,#1421,#1245,.T.);
#1714=EDGE_CURVE('',#1422,#1423,#628,.T.);
#1715=EDGE_CURVE('',#1424,#1422,#1246,.T.);
#1716=EDGE_CURVE('',#1425,#1424,#629,.T.);
#1717=EDGE_CURVE('',#1426,#1425,#1247,.T.);
#1718=EDGE_CURVE('',#1427,#1426,#630,.T.);
#1719=EDGE_CURVE('',#1423,#1427,#631,.T.);
#1720=EDGE_CURVE('',#1428,#1429,#1248,.T.);
#1721=EDGE_CURVE('',#1429,#1375,#632,.T.);
#1722=EDGE_CURVE('',#1428,#1374,#633,.T.);
#1723=EDGE_CURVE('',#1430,#1431,#1249,.T.);
#1724=EDGE_CURVE('',#1431,#1379,#634,.T.);
#1725=EDGE_CURVE('',#1430,#1378,#635,.T.);
#1726=EDGE_CURVE('',#1432,#1433,#1250,.T.);
#1727=EDGE_CURVE('',#1433,#1383,#636,.T.);
#1728=EDGE_CURVE('',#1432,#1382,#637,.T.);
#1729=EDGE_CURVE('',#1386,#1434,#34,.T.);
#1730=EDGE_CURVE('',#1434,#1435,#1251,.T.);
#1731=EDGE_CURVE('',#1435,#1387,#35,.T.);
#1732=EDGE_CURVE('',#1371,#1436,#29,.T.);
#1733=EDGE_CURVE('',#1436,#1437,#1252,.T.);
#1734=EDGE_CURVE('',#1437,#1372,#638,.T.);
#1735=EDGE_CURVE('',#1438,#1439,#1253,.T.);
#1736=EDGE_CURVE('',#1410,#1439,#30,.T.);
#1737=EDGE_CURVE('',#1438,#1409,#31,.T.);
#1738=EDGE_CURVE('',#1434,#1440,#639,.T.);
#1739=EDGE_CURVE('',#1441,#1440,#1254,.T.);
#1740=EDGE_CURVE('',#1435,#1441,#640,.T.);
#1741=EDGE_CURVE('',#1432,#1442,#641,.T.);
#1742=EDGE_CURVE('',#1443,#1442,#1255,.T.);
#1743=EDGE_CURVE('',#1433,#1443,#642,.T.);
#1744=EDGE_CURVE('',#1430,#1444,#643,.T.);
#1745=EDGE_CURVE('',#1445,#1444,#1256,.T.);
#1746=EDGE_CURVE('',#1431,#1445,#644,.T.);
#1747=EDGE_CURVE('',#1428,#1446,#645,.T.);
#1748=EDGE_CURVE('',#1447,#1446,#1257,.T.);
#1749=EDGE_CURVE('',#1429,#1447,#646,.T.);
#1750=EDGE_CURVE('',#1448,#1417,#36,.T.);
#1751=EDGE_CURVE('',#1416,#1449,#37,.T.);
#1752=EDGE_CURVE('',#1449,#1448,#647,.T.);
#1753=EDGE_CURVE('',#1450,#1418,#38,.T.);
#1754=EDGE_CURVE('',#1448,#1450,#648,.T.);
#1755=EDGE_CURVE('',#1451,#1414,#39,.T.);
#1756=EDGE_CURVE('',#1415,#1452,#1258,.T.);
#1757=EDGE_CURVE('',#1452,#1451,#649,.T.);
#1758=EDGE_CURVE('',#1421,#1453,#1259,.T.);
#1759=EDGE_CURVE('',#1420,#1454,#1260,.T.);
#1760=EDGE_CURVE('',#1454,#1453,#650,.T.);
#1761=EDGE_CURVE('',#1419,#1455,#1261,.T.);
#1762=EDGE_CURVE('',#1450,#1455,#651,.T.);
#1763=EDGE_CURVE('',#1451,#1449,#652,.T.);
#1764=EDGE_CURVE('',#1456,#1457,#1262,.T.);
#1765=EDGE_CURVE('',#1456,#1452,#653,.T.);
#1766=EDGE_CURVE('',#1453,#1452,#1263,.T.);
#1767=EDGE_CURVE('',#1453,#1457,#654,.T.);
#1768=EDGE_CURVE('',#1455,#1454,#1264,.T.);
#1769=EDGE_CURVE('',#1455,#1458,#655,.T.);
#1770=EDGE_CURVE('',#1459,#1458,#1265,.T.);
#1771=EDGE_CURVE('',#1459,#1454,#656,.T.);
#1772=EDGE_CURVE('',#1459,#1361,#657,.T.);
#1773=EDGE_CURVE('',#1458,#1355,#658,.T.);
#1774=EDGE_CURVE('',#1456,#1359,#659,.T.);
#1775=EDGE_CURVE('',#1457,#1360,#660,.T.);
#1776=EDGE_CURVE('',#1460,#1461,#1266,.T.);
#1777=EDGE_CURVE('',#1368,#1461,#661,.T.);
#1778=EDGE_CURVE('',#1367,#1460,#1267,.T.);
#1779=EDGE_CURVE('',#1462,#1463,#1268,.T.);
#1780=EDGE_CURVE('',#1366,#1463,#662,.T.);
#1781=EDGE_CURVE('',#1365,#1462,#1269,.T.);
#1782=EDGE_CURVE('',#1464,#1465,#1270,.T.);
#1783=EDGE_CURVE('',#1363,#1465,#663,.T.);
#1784=EDGE_CURVE('',#1466,#1364,#1271,.T.);
#1785=EDGE_CURVE('',#1466,#1464,#25,.T.);
#1786=EDGE_CURVE('',#1467,#1468,#664,.T.);
#1787=EDGE_CURVE('',#1467,#1469,#1272,.T.);
#1788=EDGE_CURVE('',#1469,#1470,#1273,.T.);
#1789=EDGE_CURVE('',#1470,#1468,#1274,.T.);
#1790=EDGE_CURVE('',#1471,#1472,#665,.T.);
#1791=EDGE_CURVE('',#1471,#1473,#1275,.T.);
#1792=EDGE_CURVE('',#1473,#1474,#1276,.T.);
#1793=EDGE_CURVE('',#1474,#1472,#1277,.T.);
#1794=EDGE_CURVE('',#1475,#1476,#666,.T.);
#1795=EDGE_CURVE('',#1475,#1477,#1278,.T.);
#1796=EDGE_CURVE('',#1477,#1478,#26,.T.);
#1797=EDGE_CURVE('',#1478,#1476,#1279,.T.);
#1798=EDGE_CURVE('',#1479,#1423,#1280,.T.);
#1799=EDGE_CURVE('',#1480,#1479,#1281,.T.);
#1800=EDGE_CURVE('',#1423,#1480,#1282,.T.);
#1801=EDGE_CURVE('',#1481,#1482,#1283,.T.);
#1802=EDGE_CURVE('',#1427,#1481,#1284,.T.);
#1803=EDGE_CURVE('',#1482,#1427,#1285,.T.);
#1804=EDGE_CURVE('',#1483,#1484,#40,.T.);
#1805=EDGE_CURVE('',#1484,#1481,#667,.T.);
#1806=EDGE_CURVE('',#1482,#1483,#668,.T.);
#1807=EDGE_CURVE('',#1481,#1479,#669,.T.);
#1808=EDGE_CURVE('',#1485,#1486,#41,.T.);
#1809=EDGE_CURVE('',#1486,#1480,#670,.T.);
#1810=EDGE_CURVE('',#1479,#1485,#671,.T.);
#1811=EDGE_CURVE('',#1487,#1488,#1286,.T.);
#1812=EDGE_CURVE('',#1489,#1487,#1287,.T.);
#1813=EDGE_CURVE('',#1488,#1489,#1288,.T.);
#1814=EDGE_CURVE('',#1490,#1491,#1289,.T.);
#1815=EDGE_CURVE('',#1492,#1490,#1290,.T.);
#1816=EDGE_CURVE('',#1491,#1492,#1291,.T.);
#1817=EDGE_CURVE('',#1487,#1491,#672,.T.);
#1818=EDGE_CURVE('',#1492,#1489,#673,.T.);
#1819=EDGE_CURVE('',#1493,#1494,#1292,.T.);
#1820=EDGE_CURVE('',#1495,#1493,#1293,.T.);
#1821=EDGE_CURVE('',#1495,#1496,#674,.T.);
#1822=EDGE_CURVE('',#1496,#1497,#1294,.T.);
#1823=EDGE_CURVE('',#1497,#1498,#1295,.T.);
#1824=EDGE_CURVE('',#1498,#1494,#675,.T.);
#1825=EDGE_CURVE('',#1491,#1499,#676,.T.);
#1826=EDGE_CURVE('',#1500,#1499,#1296,.T.);
#1827=EDGE_CURVE('',#1501,#1500,#1297,.T.);
#1828=EDGE_CURVE('',#1501,#1490,#677,.T.);
#1829=EDGE_CURVE('',#1502,#1503,#1298,.T.);
#1830=EDGE_CURVE('',#1504,#1502,#1299,.T.);
#1831=EDGE_CURVE('',#1504,#1487,#678,.T.);
#1832=EDGE_CURVE('',#1488,#1503,#679,.T.);
#1833=EDGE_CURVE('',#1505,#1506,#42,.T.);
#1834=EDGE_CURVE('',#1506,#1492,#680,.T.);
#1835=EDGE_CURVE('',#1490,#1507,#681,.T.);
#1836=EDGE_CURVE('',#1507,#1505,#43,.T.);
#1837=EDGE_CURVE('',#1508,#1509,#44,.T.);
#1838=EDGE_CURVE('',#1509,#1510,#45,.T.);
#1839=EDGE_CURVE('',#1510,#1488,#682,.T.);
#1840=EDGE_CURVE('',#1489,#1508,#683,.T.);
#1841=EDGE_CURVE('',#1426,#1511,#1300,.T.);
#1842=EDGE_CURVE('',#1511,#1482,#684,.T.);
#1843=EDGE_CURVE('',#1512,#1357,#685,.T.);
#1844=EDGE_CURVE('',#1512,#1513,#1301,.T.);
#1845=EDGE_CURVE('',#1358,#1513,#686,.T.);
#1846=EDGE_CURVE('',#1514,#1354,#687,.T.);
#1847=EDGE_CURVE('',#1514,#1515,#1302,.T.);
#1848=EDGE_CURVE('',#1515,#1356,#688,.T.);
#1849=EDGE_CURVE('',#1516,#1517,#1303,.T.);
#1850=EDGE_CURVE('',#1516,#1513,#689,.T.);
#1851=EDGE_CURVE('',#1512,#1517,#690,.T.);
#1852=EDGE_CURVE('',#1518,#1511,#1304,.T.);
#1853=EDGE_CURVE('',#1518,#1515,#691,.T.);
#1854=EDGE_CURVE('',#1514,#1511,#692,.T.);
#1855=EDGE_CURVE('',#1422,#1516,#1305,.T.);
#1856=EDGE_CURVE('',#1480,#1516,#693,.T.);
#1857=EDGE_CURVE('',#1425,#1518,#1306,.T.);
#1858=EDGE_CURVE('',#1424,#1517,#1307,.T.);
#1859=EDGE_CURVE('',#1517,#1518,#694,.T.);
#1860=EDGE_CURVE('',#1513,#1456,#695,.T.);
#1861=EDGE_CURVE('',#1515,#1512,#696,.T.);
#1862=EDGE_CURVE('',#1519,#1450,#697,.T.);
#1863=EDGE_CURVE('',#1520,#1519,#698,.T.);
#1864=EDGE_CURVE('',#1521,#1520,#699,.T.);
#1865=EDGE_CURVE('',#1521,#1483,#700,.T.);
#1866=EDGE_CURVE('',#1458,#1514,#701,.T.);
#1867=EDGE_CURVE('',#1522,#1523,#702,.T.);
#1868=EDGE_CURVE('',#1522,#1524,#703,.T.);
#1869=EDGE_CURVE('',#1524,#1525,#704,.T.);
#1870=EDGE_CURVE('',#1525,#1523,#705,.T.);
#1871=EDGE_CURVE('',#1526,#1527,#706,.T.);
#1872=EDGE_CURVE('',#1526,#1528,#707,.T.);
#1873=EDGE_CURVE('',#1528,#1529,#708,.T.);
#1874=EDGE_CURVE('',#1529,#1527,#709,.T.);
#1875=EDGE_CURVE('',#1530,#1531,#710,.T.);
#1876=EDGE_CURVE('',#1532,#1530,#711,.T.);
#1877=EDGE_CURVE('',#1533,#1532,#712,.T.);
#1878=EDGE_CURVE('',#1531,#1533,#713,.T.);
#1879=EDGE_CURVE('',#1528,#1534,#714,.T.);
#1880=EDGE_CURVE('',#1534,#1535,#715,.T.);
#1881=EDGE_CURVE('',#1529,#1535,#716,.T.);
#1882=EDGE_CURVE('',#1535,#1536,#717,.T.);
#1883=EDGE_CURVE('',#1537,#1536,#718,.T.);
#1884=EDGE_CURVE('',#1527,#1537,#719,.T.);
#1885=EDGE_CURVE('',#1536,#1538,#720,.T.);
#1886=EDGE_CURVE('',#1538,#1534,#721,.T.);
#1887=EDGE_CURVE('',#1539,#1526,#722,.T.);
#1888=EDGE_CURVE('',#1538,#1539,#723,.T.);
#1889=EDGE_CURVE('',#1540,#1522,#724,.T.);
#1890=EDGE_CURVE('',#1531,#1540,#725,.T.);
#1891=EDGE_CURVE('',#1524,#1533,#726,.T.);
#1892=EDGE_CURVE('',#1525,#1532,#727,.T.);
#1893=EDGE_CURVE('',#1541,#1530,#728,.T.);
#1894=EDGE_CURVE('',#1523,#1541,#729,.T.);
#1895=EDGE_CURVE('',#1542,#1543,#730,.T.);
#1896=EDGE_CURVE('',#1544,#1542,#731,.T.);
#1897=EDGE_CURVE('',#1544,#1545,#732,.T.);
#1898=EDGE_CURVE('',#1543,#1545,#733,.T.);
#1899=EDGE_CURVE('',#1546,#1547,#734,.T.);
#1900=EDGE_CURVE('',#1544,#1546,#735,.T.);
#1901=EDGE_CURVE('',#1542,#1547,#736,.T.);
#1902=EDGE_CURVE('',#1548,#1546,#737,.T.);
#1903=EDGE_CURVE('',#1545,#1548,#738,.T.);
#1904=EDGE_CURVE('',#1547,#1549,#739,.T.);
#1905=EDGE_CURVE('',#1549,#1543,#740,.T.);
#1906=EDGE_CURVE('',#1550,#1551,#741,.T.);
#1907=EDGE_CURVE('',#1552,#1550,#742,.T.);
#1908=EDGE_CURVE('',#1553,#1552,#743,.T.);
#1909=EDGE_CURVE('',#1551,#1553,#744,.T.);
#1910=EDGE_CURVE('',#1554,#1555,#745,.T.);
#1911=EDGE_CURVE('',#1554,#1550,#746,.T.);
#1912=EDGE_CURVE('',#1555,#1551,#747,.T.);
#1913=EDGE_CURVE('',#1556,#1557,#748,.T.);
#1914=EDGE_CURVE('',#1556,#1554,#749,.T.);
#1915=EDGE_CURVE('',#1557,#1555,#750,.T.);
#1916=EDGE_CURVE('',#1552,#1556,#751,.T.);
#1917=EDGE_CURVE('',#1549,#1548,#752,.T.);
#1918=EDGE_CURVE('',#1557,#1553,#753,.T.);
#1919=EDGE_CURVE('',#1505,#1558,#754,.T.);
#1920=EDGE_CURVE('',#1558,#1559,#755,.T.);
#1921=EDGE_CURVE('',#1559,#1509,#756,.T.);
#1922=EDGE_CURVE('',#1506,#1508,#757,.T.);
#1923=EDGE_CURVE('',#1560,#1507,#758,.T.);
#1924=EDGE_CURVE('',#1558,#1560,#759,.T.);
#1925=EDGE_CURVE('',#1561,#1562,#760,.T.);
#1926=EDGE_CURVE('',#1562,#1563,#761,.T.);
#1927=EDGE_CURVE('',#1563,#1559,#762,.T.);
#1928=EDGE_CURVE('',#1560,#1561,#763,.T.);
#1929=EDGE_CURVE('',#1499,#1495,#1308,.T.);
#1930=EDGE_CURVE('',#1496,#1504,#1309,.T.);
#1931=EDGE_CURVE('',#1510,#1563,#764,.T.);
#1932=EDGE_CURVE('',#1503,#1498,#1310,.T.);
#1933=EDGE_CURVE('',#1494,#1501,#1311,.T.);
#1934=EDGE_CURVE('',#1564,#1562,#765,.T.);
#1935=EDGE_CURVE('',#1561,#1441,#766,.T.);
#1936=EDGE_CURVE('',#1440,#1565,#1312,.T.);
#1937=EDGE_CURVE('',#1565,#1566,#1313,.T.);
#1938=EDGE_CURVE('',#1566,#1443,#767,.T.);
#1939=EDGE_CURVE('',#1442,#1567,#768,.T.);
#1940=EDGE_CURVE('',#1567,#1568,#1314,.T.);
#1941=EDGE_CURVE('',#1568,#1445,#769,.T.);
#1942=EDGE_CURVE('',#1444,#1569,#770,.T.);
#1943=EDGE_CURVE('',#1569,#1570,#1315,.T.);
#1944=EDGE_CURVE('',#1570,#1447,#771,.T.);
#1945=EDGE_CURVE('',#1446,#1571,#772,.T.);
#1946=EDGE_CURVE('',#1571,#1572,#1316,.T.);
#1947=EDGE_CURVE('',#1572,#1573,#1317,.T.);
#1948=EDGE_CURVE('',#1574,#1573,#773,.T.);
#1949=EDGE_CURVE('',#1574,#1575,#1318,.T.);
#1950=EDGE_CURVE('',#1575,#1576,#1319,.T.);
#1951=EDGE_CURVE('',#1576,#1577,#774,.T.);
#1952=EDGE_CURVE('',#1577,#1578,#1320,.T.);
#1953=EDGE_CURVE('',#1578,#1579,#775,.T.);
#1954=EDGE_CURVE('',#1579,#1580,#1321,.T.);
#1955=EDGE_CURVE('',#1580,#1581,#776,.T.);
#1956=EDGE_CURVE('',#1581,#1582,#1322,.T.);
#1957=EDGE_CURVE('',#1582,#1583,#777,.T.);
#1958=EDGE_CURVE('',#1583,#1584,#1323,.T.);
#1959=EDGE_CURVE('',#1584,#1585,#778,.T.);
#1960=EDGE_CURVE('',#1585,#1586,#1324,.T.);
#1961=EDGE_CURVE('',#1586,#1587,#779,.T.);
#1962=EDGE_CURVE('',#1587,#1588,#1325,.T.);
#1963=EDGE_CURVE('',#1588,#1589,#1326,.T.);
#1964=EDGE_CURVE('',#1589,#1590,#1327,.T.);
#1965=EDGE_CURVE('',#1590,#1591,#780,.T.);
#1966=EDGE_CURVE('',#1591,#1564,#1328,.T.);
#1967=EDGE_CURVE('',#1592,#1593,#781,.T.);
#1968=EDGE_CURVE('',#1592,#1594,#782,.T.);
#1969=EDGE_CURVE('',#1595,#1594,#783,.T.);
#1970=EDGE_CURVE('',#1593,#1595,#784,.T.);
#1971=EDGE_CURVE('',#1594,#1596,#785,.T.);
#1972=EDGE_CURVE('',#1592,#1597,#786,.T.);
#1973=EDGE_CURVE('',#1597,#1596,#787,.T.);
#1974=EDGE_CURVE('',#1485,#1484,#788,.T.);
#1975=EDGE_CURVE('',#1598,#1592,#789,.T.);
#1976=EDGE_CURVE('',#1593,#1599,#790,.T.);
#1977=EDGE_CURVE('',#1599,#1598,#791,.T.);
#1978=EDGE_CURVE('',#1600,#1521,#792,.T.);
#1979=EDGE_CURVE('',#1600,#1597,#793,.T.);
#1980=EDGE_CURVE('',#1486,#1598,#794,.T.);
#1981=EDGE_CURVE('',#1596,#1600,#795,.T.);
#1982=EDGE_CURVE('',#1476,#1474,#796,.T.);
#1983=EDGE_CURVE('',#1473,#1475,#797,.T.);
#1984=EDGE_CURVE('',#1472,#1470,#798,.T.);
#1985=EDGE_CURVE('',#1469,#1471,#799,.T.);
#1986=EDGE_CURVE('',#1468,#1601,#800,.T.);
#1987=EDGE_CURVE('',#1602,#1601,#1329,.T.);
#1988=EDGE_CURVE('',#1602,#1467,#801,.T.);
#1989=EDGE_CURVE('',#1601,#1603,#1330,.T.);
#1990=EDGE_CURVE('',#1603,#1604,#27,.T.);
#1991=EDGE_CURVE('',#1604,#1602,#1331,.T.);
#1992=EDGE_CURVE('',#1464,#1477,#802,.T.);
#1993=EDGE_CURVE('',#1465,#1475,#803,.T.);
#1994=EDGE_CURVE('',#1465,#1462,#804,.T.);
#1995=EDGE_CURVE('',#1540,#1473,#805,.T.);
#1996=EDGE_CURVE('',#1462,#1541,#806,.T.);
#1997=EDGE_CURVE('',#1463,#1471,#807,.T.);
#1998=EDGE_CURVE('',#1463,#1460,#808,.T.);
#1999=EDGE_CURVE('',#1460,#1469,#809,.T.);
#2000=EDGE_CURVE('',#1537,#1467,#810,.T.);
#2001=EDGE_CURVE('',#1461,#1539,#811,.T.);
#2002=EDGE_CURVE('',#1461,#1605,#812,.T.);
#2003=EDGE_CURVE('',#1605,#1602,#813,.T.);
#2004=EDGE_CURVE('',#1605,#1606,#1332,.T.);
#2005=EDGE_CURVE('',#1606,#1604,#814,.T.);
#2006=EDGE_CURVE('',#1369,#1605,#1333,.T.);
#2007=EDGE_CURVE('',#1606,#1607,#28,.T.);
#2008=EDGE_CURVE('',#1370,#1607,#1334,.T.);
#2009=EDGE_CURVE('',#1457,#1459,#815,.T.);
#2010=EDGE_CURVE('',#1608,#1599,#816,.T.);
#2011=EDGE_CURVE('',#1595,#1609,#817,.T.);
#2012=EDGE_CURVE('',#1608,#1609,#818,.T.);
#2013=EDGE_CURVE('',#1610,#1609,#819,.T.);
#2014=EDGE_CURVE('',#1595,#1603,#820,.T.);
#2015=EDGE_CURVE('',#1478,#1611,#821,.T.);
#2016=EDGE_CURVE('',#1610,#1611,#822,.T.);
#2017=EDGE_CURVE('',#1611,#1520,#823,.T.);
#2018=EDGE_CURVE('',#1610,#1519,#824,.T.);
#2019=EDGE_CURVE('',#1451,#1608,#825,.T.);
#2020=EDGE_CURVE('',#1609,#1449,#826,.T.);
#2021=EDGE_CURVE('',#1448,#1610,#827,.T.);
#2022=EDGE_CURVE('',#1439,#1466,#828,.T.);
#2023=EDGE_CURVE('',#1439,#1574,#829,.T.);
#2024=EDGE_CURVE('',#1436,#1573,#830,.T.);
#2025=EDGE_CURVE('',#1607,#1436,#831,.T.);
#2026=EDGE_CURVE('',#1572,#1437,#832,.T.);
#2027=EDGE_CURVE('',#1437,#1612,#1335,.T.);
#2028=EDGE_CURVE('',#1612,#1571,#833,.T.);
#2029=EDGE_CURVE('',#1612,#1428,#834,.T.);
#2030=EDGE_CURVE('',#1429,#1613,#835,.T.);
#2031=EDGE_CURVE('',#1613,#1570,#836,.T.);
#2032=EDGE_CURVE('',#1613,#1614,#1336,.T.);
#2033=EDGE_CURVE('',#1614,#1569,#837,.T.);
#2034=EDGE_CURVE('',#1614,#1430,#838,.T.);
#2035=EDGE_CURVE('',#1431,#1615,#839,.T.);
#2036=EDGE_CURVE('',#1615,#1568,#840,.T.);
#2037=EDGE_CURVE('',#1615,#1616,#1337,.T.);
#2038=EDGE_CURVE('',#1616,#1567,#841,.T.);
#2039=EDGE_CURVE('',#1616,#1432,#842,.T.);
#2040=EDGE_CURVE('',#1433,#1617,#843,.T.);
#2041=EDGE_CURVE('',#1617,#1566,#844,.T.);
#2042=EDGE_CURVE('',#1617,#1618,#1338,.T.);
#2043=EDGE_CURVE('',#1618,#1565,#845,.T.);
#2044=EDGE_CURVE('',#1618,#1434,#1339,.T.);
#2045=EDGE_CURVE('',#1435,#1619,#846,.T.);
#2046=EDGE_CURVE('',#1619,#1501,#847,.T.);
#2047=EDGE_CURVE('',#1619,#1620,#1340,.T.);
#2048=EDGE_CURVE('',#1620,#1494,#848,.T.);
#2049=EDGE_CURVE('',#1620,#1621,#849,.T.);
#2050=EDGE_CURVE('',#1621,#1498,#850,.T.);
#2051=EDGE_CURVE('',#1621,#1622,#1341,.T.);
#2052=EDGE_CURVE('',#1622,#1503,#851,.T.);
#2053=EDGE_CURVE('',#1622,#1623,#852,.T.);
#2054=EDGE_CURVE('',#1623,#1564,#853,.T.);
#2055=EDGE_CURVE('',#1623,#1624,#1342,.T.);
#2056=EDGE_CURVE('',#1624,#1591,#854,.T.);
#2057=EDGE_CURVE('',#1624,#1625,#855,.T.);
#2058=EDGE_CURVE('',#1625,#1590,#856,.T.);
#2059=EDGE_CURVE('',#1625,#1626,#1343,.T.);
#2060=EDGE_CURVE('',#1589,#1626,#857,.T.);
#2061=EDGE_CURVE('',#1626,#1627,#1344,.T.);
#2062=EDGE_CURVE('',#1588,#1627,#858,.T.);
#2063=EDGE_CURVE('',#1627,#1628,#1345,.T.);
#2064=EDGE_CURVE('',#1628,#1587,#859,.T.);
#2065=EDGE_CURVE('',#1628,#1629,#860,.T.);
#2066=EDGE_CURVE('',#1629,#1586,#861,.T.);
#2067=EDGE_CURVE('',#1629,#1630,#1346,.T.);
#2068=EDGE_CURVE('',#1630,#1585,#862,.T.);
#2069=EDGE_CURVE('',#1630,#1631,#863,.T.);
#2070=EDGE_CURVE('',#1631,#1584,#864,.T.);
#2071=EDGE_CURVE('',#1631,#1632,#1347,.T.);
#2072=EDGE_CURVE('',#1632,#1583,#865,.T.);
#2073=EDGE_CURVE('',#1632,#1633,#866,.T.);
#2074=EDGE_CURVE('',#1633,#1582,#867,.T.);
#2075=EDGE_CURVE('',#1633,#1634,#1348,.T.);
#2076=EDGE_CURVE('',#1634,#1581,#868,.T.);
#2077=EDGE_CURVE('',#1634,#1635,#869,.T.);
#2078=EDGE_CURVE('',#1635,#1580,#870,.T.);
#2079=EDGE_CURVE('',#1635,#1636,#1349,.T.);
#2080=EDGE_CURVE('',#1636,#1579,#871,.T.);
#2081=EDGE_CURVE('',#1636,#1637,#872,.T.);
#2082=EDGE_CURVE('',#1637,#1578,#873,.T.);
#2083=EDGE_CURVE('',#1637,#1638,#1350,.T.);
#2084=EDGE_CURVE('',#1638,#1577,#874,.T.);
#2085=EDGE_CURVE('',#1638,#1639,#875,.T.);
#2086=EDGE_CURVE('',#1639,#1576,#876,.T.);
#2087=EDGE_CURVE('',#1639,#1438,#1351,.T.);
#2088=EDGE_CURVE('',#1438,#1575,#877,.T.);
#2089=EDGE_CURVE('',#1373,#1612,#878,.T.);
#2090=EDGE_CURVE('',#1639,#1408,#879,.T.);
#2091=EDGE_CURVE('',#1638,#1407,#880,.T.);
#2092=EDGE_CURVE('',#1637,#1406,#881,.T.);
#2093=EDGE_CURVE('',#1636,#1405,#882,.T.);
#2094=EDGE_CURVE('',#1635,#1404,#883,.T.);
#2095=EDGE_CURVE('',#1634,#1403,#884,.T.);
#2096=EDGE_CURVE('',#1633,#1402,#885,.T.);
#2097=EDGE_CURVE('',#1613,#1376,#886,.T.);
#2098=EDGE_CURVE('',#1377,#1614,#887,.T.);
#2099=EDGE_CURVE('',#1400,#1631,#46,.T.);
#2100=EDGE_CURVE('',#1630,#1399,#888,.T.);
#2101=EDGE_CURVE('',#1629,#1398,#889,.T.);
#2102=EDGE_CURVE('',#1615,#1380,#890,.T.);
#2103=EDGE_CURVE('',#1381,#1616,#891,.T.);
#2104=EDGE_CURVE('',#1627,#1396,#892,.T.);
#2105=EDGE_CURVE('',#1397,#1628,#893,.T.);
#2106=EDGE_CURVE('',#1617,#1384,#894,.T.);
#2107=EDGE_CURVE('',#1385,#1618,#32,.T.);
#2108=EDGE_CURVE('',#1624,#1393,#47,.T.);
#2109=EDGE_CURVE('',#1394,#1625,#33,.T.);
#2110=EDGE_CURVE('',#1623,#1392,#895,.T.);
#2111=EDGE_CURVE('',#1622,#1391,#48,.T.);
#2112=EDGE_CURVE('',#1621,#1390,#896,.T.);
#2113=EDGE_CURVE('',#1620,#1389,#49,.T.);
#2114=EDGE_CURVE('',#1619,#1388,#897,.T.);
#2115=EDGE_CURVE('',#1395,#1626,#898,.T.);
#2116=EDGE_CURVE('',#1401,#1632,#899,.T.);
#2117=ORIENTED_EDGE('',*,*,#1640,.T.);
#2118=ORIENTED_EDGE('',*,*,#1641,.T.);
#2119=ORIENTED_EDGE('',*,*,#1642,.T.);
#2120=ORIENTED_EDGE('',*,*,#1641,.F.);
#2121=ORIENTED_EDGE('',*,*,#1643,.F.);
#2122=ORIENTED_EDGE('',*,*,#1644,.F.);
#2123=ORIENTED_EDGE('',*,*,#1645,.F.);
#2124=ORIENTED_EDGE('',*,*,#1646,.F.);
#2125=ORIENTED_EDGE('',*,*,#1647,.F.);
#2126=ORIENTED_EDGE('',*,*,#1648,.F.);
#2127=ORIENTED_EDGE('',*,*,#1649,.F.);
#2128=ORIENTED_EDGE('',*,*,#1650,.F.);
#2129=ORIENTED_EDGE('',*,*,#1651,.F.);
#2130=ORIENTED_EDGE('',*,*,#1652,.F.);
#2131=ORIENTED_EDGE('',*,*,#1653,.F.);
#2132=ORIENTED_EDGE('',*,*,#1654,.F.);
#2133=ORIENTED_EDGE('',*,*,#1655,.F.);
#2134=ORIENTED_EDGE('',*,*,#1656,.F.);
#2135=ORIENTED_EDGE('',*,*,#1657,.F.);
#2136=ORIENTED_EDGE('',*,*,#1658,.F.);
#2137=ORIENTED_EDGE('',*,*,#1659,.F.);
#2138=ORIENTED_EDGE('',*,*,#1660,.F.);
#2139=ORIENTED_EDGE('',*,*,#1661,.F.);
#2140=ORIENTED_EDGE('',*,*,#1662,.F.);
#2141=ORIENTED_EDGE('',*,*,#1663,.F.);
#2142=ORIENTED_EDGE('',*,*,#1664,.F.);
#2143=ORIENTED_EDGE('',*,*,#1665,.F.);
#2144=ORIENTED_EDGE('',*,*,#1666,.F.);
#2145=ORIENTED_EDGE('',*,*,#1667,.F.);
#2146=ORIENTED_EDGE('',*,*,#1668,.F.);
#2147=ORIENTED_EDGE('',*,*,#1669,.F.);
#2148=ORIENTED_EDGE('',*,*,#1670,.F.);
#2149=ORIENTED_EDGE('',*,*,#1671,.F.);
#2150=ORIENTED_EDGE('',*,*,#1672,.F.);
#2151=ORIENTED_EDGE('',*,*,#1673,.F.);
#2152=ORIENTED_EDGE('',*,*,#1674,.F.);
#2153=ORIENTED_EDGE('',*,*,#1675,.F.);
#2154=ORIENTED_EDGE('',*,*,#1676,.F.);
#2155=ORIENTED_EDGE('',*,*,#1677,.F.);
#2156=ORIENTED_EDGE('',*,*,#1678,.F.);
#2157=ORIENTED_EDGE('',*,*,#1679,.F.);
#2158=ORIENTED_EDGE('',*,*,#1680,.F.);
#2159=ORIENTED_EDGE('',*,*,#1681,.F.);
#2160=ORIENTED_EDGE('',*,*,#1682,.F.);
#2161=ORIENTED_EDGE('',*,*,#1683,.F.);
#2162=ORIENTED_EDGE('',*,*,#1684,.F.);
#2163=ORIENTED_EDGE('',*,*,#1685,.F.);
#2164=ORIENTED_EDGE('',*,*,#1686,.F.);
#2165=ORIENTED_EDGE('',*,*,#1687,.F.);
#2166=ORIENTED_EDGE('',*,*,#1688,.F.);
#2167=ORIENTED_EDGE('',*,*,#1689,.F.);
#2168=ORIENTED_EDGE('',*,*,#1690,.F.);
#2169=ORIENTED_EDGE('',*,*,#1691,.F.);
#2170=ORIENTED_EDGE('',*,*,#1692,.F.);
#2171=ORIENTED_EDGE('',*,*,#1693,.F.);
#2172=ORIENTED_EDGE('',*,*,#1694,.F.);
#2173=ORIENTED_EDGE('',*,*,#1695,.F.);
#2174=ORIENTED_EDGE('',*,*,#1696,.F.);
#2175=ORIENTED_EDGE('',*,*,#1697,.F.);
#2176=ORIENTED_EDGE('',*,*,#1698,.F.);
#2177=ORIENTED_EDGE('',*,*,#1699,.F.);
#2178=ORIENTED_EDGE('',*,*,#1640,.F.);
#2179=ORIENTED_EDGE('',*,*,#1700,.F.);
#2180=ORIENTED_EDGE('',*,*,#1701,.T.);
#2181=ORIENTED_EDGE('',*,*,#1642,.F.);
#2182=ORIENTED_EDGE('',*,*,#1701,.F.);
#2183=ORIENTED_EDGE('',*,*,#1651,.T.);
#2184=ORIENTED_EDGE('',*,*,#1702,.T.);
#2185=ORIENTED_EDGE('',*,*,#1703,.T.);
#2186=ORIENTED_EDGE('',*,*,#1702,.F.);
#2187=ORIENTED_EDGE('',*,*,#1704,.F.);
#2188=ORIENTED_EDGE('',*,*,#1705,.T.);
#2189=ORIENTED_EDGE('',*,*,#1703,.F.);
#2190=ORIENTED_EDGE('',*,*,#1705,.F.);
#2191=ORIENTED_EDGE('',*,*,#1706,.F.);
#2192=ORIENTED_EDGE('',*,*,#1707,.F.);
#2193=ORIENTED_EDGE('',*,*,#1708,.F.);
#2194=ORIENTED_EDGE('',*,*,#1709,.F.);
#2195=ORIENTED_EDGE('',*,*,#1710,.F.);
#2196=ORIENTED_EDGE('',*,*,#1711,.F.);
#2197=ORIENTED_EDGE('',*,*,#1712,.F.);
#2198=ORIENTED_EDGE('',*,*,#1713,.F.);
#2199=ORIENTED_EDGE('',*,*,#1700,.T.);
#2200=ORIENTED_EDGE('',*,*,#1714,.F.);
#2201=ORIENTED_EDGE('',*,*,#1715,.F.);
#2202=ORIENTED_EDGE('',*,*,#1716,.F.);
#2203=ORIENTED_EDGE('',*,*,#1717,.F.);
#2204=ORIENTED_EDGE('',*,*,#1718,.F.);
#2205=ORIENTED_EDGE('',*,*,#1719,.F.);
#2206=ORIENTED_EDGE('',*,*,#1704,.T.);
#2207=ORIENTED_EDGE('',*,*,#1720,.T.);
#2208=ORIENTED_EDGE('',*,*,#1721,.T.);
#2209=ORIENTED_EDGE('',*,*,#1663,.T.);
#2210=ORIENTED_EDGE('',*,*,#1722,.F.);
#2211=ORIENTED_EDGE('',*,*,#1723,.T.);
#2212=ORIENTED_EDGE('',*,*,#1724,.T.);
#2213=ORIENTED_EDGE('',*,*,#1667,.T.);
#2214=ORIENTED_EDGE('',*,*,#1725,.F.);
#2215=ORIENTED_EDGE('',*,*,#1726,.T.);
#2216=ORIENTED_EDGE('',*,*,#1727,.T.);
#2217=ORIENTED_EDGE('',*,*,#1671,.T.);
#2218=ORIENTED_EDGE('',*,*,#1728,.F.);
#2219=ORIENTED_EDGE('',*,*,#1675,.T.);
#2220=ORIENTED_EDGE('',*,*,#1729,.T.);
#2221=ORIENTED_EDGE('',*,*,#1730,.T.);
#2222=ORIENTED_EDGE('',*,*,#1731,.T.);
#2223=ORIENTED_EDGE('',*,*,#1732,.T.);
#2224=ORIENTED_EDGE('',*,*,#1733,.T.);
#2225=ORIENTED_EDGE('',*,*,#1734,.T.);
#2226=ORIENTED_EDGE('',*,*,#1660,.T.);
#2227=ORIENTED_EDGE('',*,*,#1735,.T.);
#2228=ORIENTED_EDGE('',*,*,#1736,.F.);
#2229=ORIENTED_EDGE('',*,*,#1698,.T.);
#2230=ORIENTED_EDGE('',*,*,#1737,.F.);
#2231=ORIENTED_EDGE('',*,*,#1730,.F.);
#2232=ORIENTED_EDGE('',*,*,#1738,.T.);
#2233=ORIENTED_EDGE('',*,*,#1739,.F.);
#2234=ORIENTED_EDGE('',*,*,#1740,.F.);
#2235=ORIENTED_EDGE('',*,*,#1726,.F.);
#2236=ORIENTED_EDGE('',*,*,#1741,.T.);
#2237=ORIENTED_EDGE('',*,*,#1742,.F.);
#2238=ORIENTED_EDGE('',*,*,#1743,.F.);
#2239=ORIENTED_EDGE('',*,*,#1723,.F.);
#2240=ORIENTED_EDGE('',*,*,#1744,.T.);
#2241=ORIENTED_EDGE('',*,*,#1745,.F.);
#2242=ORIENTED_EDGE('',*,*,#1746,.F.);
#2243=ORIENTED_EDGE('',*,*,#1720,.F.);
#2244=ORIENTED_EDGE('',*,*,#1747,.T.);
#2245=ORIENTED_EDGE('',*,*,#1748,.F.);
#2246=ORIENTED_EDGE('',*,*,#1749,.F.);
#2247=ORIENTED_EDGE('',*,*,#1750,.T.);
#2248=ORIENTED_EDGE('',*,*,#1708,.T.);
#2249=ORIENTED_EDGE('',*,*,#1751,.T.);
#2250=ORIENTED_EDGE('',*,*,#1752,.T.);
#2251=ORIENTED_EDGE('',*,*,#1753,.T.);
#2252=ORIENTED_EDGE('',*,*,#1709,.T.);
#2253=ORIENTED_EDGE('',*,*,#1750,.F.);
#2254=ORIENTED_EDGE('',*,*,#1754,.T.);
#2255=ORIENTED_EDGE('',*,*,#1755,.T.);
#2256=ORIENTED_EDGE('',*,*,#1706,.T.);
#2257=ORIENTED_EDGE('',*,*,#1756,.T.);
#2258=ORIENTED_EDGE('',*,*,#1757,.T.);
#2259=ORIENTED_EDGE('',*,*,#1758,.F.);
#2260=ORIENTED_EDGE('',*,*,#1712,.T.);
#2261=ORIENTED_EDGE('',*,*,#1759,.T.);
#2262=ORIENTED_EDGE('',*,*,#1760,.T.);
#2263=ORIENTED_EDGE('',*,*,#1761,.F.);
#2264=ORIENTED_EDGE('',*,*,#1710,.T.);
#2265=ORIENTED_EDGE('',*,*,#1753,.F.);
#2266=ORIENTED_EDGE('',*,*,#1762,.T.);
#2267=ORIENTED_EDGE('',*,*,#1751,.F.);
#2268=ORIENTED_EDGE('',*,*,#1707,.T.);
#2269=ORIENTED_EDGE('',*,*,#1755,.F.);
#2270=ORIENTED_EDGE('',*,*,#1763,.T.);
#2271=ORIENTED_EDGE('',*,*,#1764,.F.);
#2272=ORIENTED_EDGE('',*,*,#1765,.T.);
#2273=ORIENTED_EDGE('',*,*,#1766,.F.);
#2274=ORIENTED_EDGE('',*,*,#1767,.T.);
#2275=ORIENTED_EDGE('',*,*,#1768,.F.);
#2276=ORIENTED_EDGE('',*,*,#1769,.T.);
#2277=ORIENTED_EDGE('',*,*,#1770,.F.);
#2278=ORIENTED_EDGE('',*,*,#1771,.T.);
#2279=ORIENTED_EDGE('',*,*,#1650,.T.);
#2280=ORIENTED_EDGE('',*,*,#1772,.F.);
#2281=ORIENTED_EDGE('',*,*,#1770,.T.);
#2282=ORIENTED_EDGE('',*,*,#1773,.T.);
#2283=ORIENTED_EDGE('',*,*,#1648,.T.);
#2284=ORIENTED_EDGE('',*,*,#1774,.F.);
#2285=ORIENTED_EDGE('',*,*,#1764,.T.);
#2286=ORIENTED_EDGE('',*,*,#1775,.T.);
#2287=ORIENTED_EDGE('',*,*,#1776,.T.);
#2288=ORIENTED_EDGE('',*,*,#1777,.F.);
#2289=ORIENTED_EDGE('',*,*,#1656,.T.);
#2290=ORIENTED_EDGE('',*,*,#1778,.T.);
#2291=ORIENTED_EDGE('',*,*,#1779,.T.);
#2292=ORIENTED_EDGE('',*,*,#1780,.F.);
#2293=ORIENTED_EDGE('',*,*,#1654,.T.);
#2294=ORIENTED_EDGE('',*,*,#1781,.T.);
#2295=ORIENTED_EDGE('',*,*,#1782,.T.);
#2296=ORIENTED_EDGE('',*,*,#1783,.F.);
#2297=ORIENTED_EDGE('',*,*,#1652,.T.);
#2298=ORIENTED_EDGE('',*,*,#1784,.F.);
#2299=ORIENTED_EDGE('',*,*,#1785,.T.);
#2300=ORIENTED_EDGE('',*,*,#1786,.F.);
#2301=ORIENTED_EDGE('',*,*,#1787,.T.);
#2302=ORIENTED_EDGE('',*,*,#1788,.T.);
#2303=ORIENTED_EDGE('',*,*,#1789,.T.);
#2304=ORIENTED_EDGE('',*,*,#1790,.F.);
#2305=ORIENTED_EDGE('',*,*,#1791,.T.);
#2306=ORIENTED_EDGE('',*,*,#1792,.T.);
#2307=ORIENTED_EDGE('',*,*,#1793,.T.);
#2308=ORIENTED_EDGE('',*,*,#1794,.F.);
#2309=ORIENTED_EDGE('',*,*,#1795,.T.);
#2310=ORIENTED_EDGE('',*,*,#1796,.T.);
#2311=ORIENTED_EDGE('',*,*,#1797,.T.);
#2312=ORIENTED_EDGE('',*,*,#1798,.F.);
#2313=ORIENTED_EDGE('',*,*,#1799,.F.);
#2314=ORIENTED_EDGE('',*,*,#1800,.F.);
#2315=ORIENTED_EDGE('',*,*,#1801,.F.);
#2316=ORIENTED_EDGE('',*,*,#1802,.F.);
#2317=ORIENTED_EDGE('',*,*,#1803,.F.);
#2318=ORIENTED_EDGE('',*,*,#1804,.T.);
#2319=ORIENTED_EDGE('',*,*,#1805,.T.);
#2320=ORIENTED_EDGE('',*,*,#1801,.T.);
#2321=ORIENTED_EDGE('',*,*,#1806,.T.);
#2322=ORIENTED_EDGE('',*,*,#1798,.T.);
#2323=ORIENTED_EDGE('',*,*,#1719,.T.);
#2324=ORIENTED_EDGE('',*,*,#1802,.T.);
#2325=ORIENTED_EDGE('',*,*,#1807,.T.);
#2326=ORIENTED_EDGE('',*,*,#1808,.T.);
#2327=ORIENTED_EDGE('',*,*,#1809,.T.);
#2328=ORIENTED_EDGE('',*,*,#1799,.T.);
#2329=ORIENTED_EDGE('',*,*,#1810,.T.);
#2330=ORIENTED_EDGE('',*,*,#1811,.F.);
#2331=ORIENTED_EDGE('',*,*,#1812,.F.);
#2332=ORIENTED_EDGE('',*,*,#1813,.F.);
#2333=ORIENTED_EDGE('',*,*,#1814,.F.);
#2334=ORIENTED_EDGE('',*,*,#1815,.F.);
#2335=ORIENTED_EDGE('',*,*,#1816,.F.);
#2336=ORIENTED_EDGE('',*,*,#1812,.T.);
#2337=ORIENTED_EDGE('',*,*,#1817,.T.);
#2338=ORIENTED_EDGE('',*,*,#1816,.T.);
#2339=ORIENTED_EDGE('',*,*,#1818,.T.);
#2340=ORIENTED_EDGE('',*,*,#1819,.F.);
#2341=ORIENTED_EDGE('',*,*,#1820,.F.);
#2342=ORIENTED_EDGE('',*,*,#1821,.T.);
#2343=ORIENTED_EDGE('',*,*,#1822,.T.);
#2344=ORIENTED_EDGE('',*,*,#1823,.T.);
#2345=ORIENTED_EDGE('',*,*,#1824,.T.);
#2346=ORIENTED_EDGE('',*,*,#1814,.T.);
#2347=ORIENTED_EDGE('',*,*,#1825,.T.);
#2348=ORIENTED_EDGE('',*,*,#1826,.F.);
#2349=ORIENTED_EDGE('',*,*,#1827,.F.);
#2350=ORIENTED_EDGE('',*,*,#1828,.T.);
#2351=ORIENTED_EDGE('',*,*,#1829,.F.);
#2352=ORIENTED_EDGE('',*,*,#1830,.F.);
#2353=ORIENTED_EDGE('',*,*,#1831,.T.);
#2354=ORIENTED_EDGE('',*,*,#1811,.T.);
#2355=ORIENTED_EDGE('',*,*,#1832,.T.);
#2356=ORIENTED_EDGE('',*,*,#1833,.T.);
#2357=ORIENTED_EDGE('',*,*,#1834,.T.);
#2358=ORIENTED_EDGE('',*,*,#1815,.T.);
#2359=ORIENTED_EDGE('',*,*,#1835,.T.);
#2360=ORIENTED_EDGE('',*,*,#1836,.T.);
#2361=ORIENTED_EDGE('',*,*,#1837,.T.);
#2362=ORIENTED_EDGE('',*,*,#1838,.T.);
#2363=ORIENTED_EDGE('',*,*,#1839,.T.);
#2364=ORIENTED_EDGE('',*,*,#1813,.T.);
#2365=ORIENTED_EDGE('',*,*,#1840,.T.);
#2366=ORIENTED_EDGE('',*,*,#1803,.T.);
#2367=ORIENTED_EDGE('',*,*,#1718,.T.);
#2368=ORIENTED_EDGE('',*,*,#1841,.T.);
#2369=ORIENTED_EDGE('',*,*,#1842,.T.);
#2370=ORIENTED_EDGE('',*,*,#1646,.T.);
#2371=ORIENTED_EDGE('',*,*,#1843,.F.);
#2372=ORIENTED_EDGE('',*,*,#1844,.T.);
#2373=ORIENTED_EDGE('',*,*,#1845,.F.);
#2374=ORIENTED_EDGE('',*,*,#1644,.T.);
#2375=ORIENTED_EDGE('',*,*,#1846,.F.);
#2376=ORIENTED_EDGE('',*,*,#1847,.T.);
#2377=ORIENTED_EDGE('',*,*,#1848,.T.);
#2378=ORIENTED_EDGE('',*,*,#1849,.F.);
#2379=ORIENTED_EDGE('',*,*,#1850,.T.);
#2380=ORIENTED_EDGE('',*,*,#1844,.F.);
#2381=ORIENTED_EDGE('',*,*,#1851,.T.);
#2382=ORIENTED_EDGE('',*,*,#1852,.F.);
#2383=ORIENTED_EDGE('',*,*,#1853,.T.);
#2384=ORIENTED_EDGE('',*,*,#1847,.F.);
#2385=ORIENTED_EDGE('',*,*,#1854,.T.);
#2386=ORIENTED_EDGE('',*,*,#1855,.F.);
#2387=ORIENTED_EDGE('',*,*,#1714,.T.);
#2388=ORIENTED_EDGE('',*,*,#1800,.T.);
#2389=ORIENTED_EDGE('',*,*,#1856,.T.);
#2390=ORIENTED_EDGE('',*,*,#1857,.F.);
#2391=ORIENTED_EDGE('',*,*,#1716,.T.);
#2392=ORIENTED_EDGE('',*,*,#1858,.T.);
#2393=ORIENTED_EDGE('',*,*,#1859,.T.);
#2394=ORIENTED_EDGE('',*,*,#1647,.T.);
#2395=ORIENTED_EDGE('',*,*,#1845,.T.);
#2396=ORIENTED_EDGE('',*,*,#1860,.T.);
#2397=ORIENTED_EDGE('',*,*,#1774,.T.);
#2398=ORIENTED_EDGE('',*,*,#1857,.T.);
#2399=ORIENTED_EDGE('',*,*,#1852,.T.);
#2400=ORIENTED_EDGE('',*,*,#1841,.F.);
#2401=ORIENTED_EDGE('',*,*,#1717,.T.);
#2402=ORIENTED_EDGE('',*,*,#1855,.T.);
#2403=ORIENTED_EDGE('',*,*,#1849,.T.);
#2404=ORIENTED_EDGE('',*,*,#1858,.F.);
#2405=ORIENTED_EDGE('',*,*,#1715,.T.);
#2406=ORIENTED_EDGE('',*,*,#1859,.F.);
#2407=ORIENTED_EDGE('',*,*,#1851,.F.);
#2408=ORIENTED_EDGE('',*,*,#1861,.F.);
#2409=ORIENTED_EDGE('',*,*,#1853,.F.);
#2410=ORIENTED_EDGE('',*,*,#1843,.T.);
#2411=ORIENTED_EDGE('',*,*,#1645,.T.);
#2412=ORIENTED_EDGE('',*,*,#1848,.F.);
#2413=ORIENTED_EDGE('',*,*,#1861,.T.);
#2414=ORIENTED_EDGE('',*,*,#1762,.F.);
#2415=ORIENTED_EDGE('',*,*,#1862,.F.);
#2416=ORIENTED_EDGE('',*,*,#1863,.F.);
#2417=ORIENTED_EDGE('',*,*,#1864,.F.);
#2418=ORIENTED_EDGE('',*,*,#1865,.T.);
#2419=ORIENTED_EDGE('',*,*,#1806,.F.);
#2420=ORIENTED_EDGE('',*,*,#1842,.F.);
#2421=ORIENTED_EDGE('',*,*,#1854,.F.);
#2422=ORIENTED_EDGE('',*,*,#1866,.F.);
#2423=ORIENTED_EDGE('',*,*,#1769,.F.);
#2424=ORIENTED_EDGE('',*,*,#1866,.T.);
#2425=ORIENTED_EDGE('',*,*,#1846,.T.);
#2426=ORIENTED_EDGE('',*,*,#1643,.T.);
#2427=ORIENTED_EDGE('',*,*,#1773,.F.);
#2428=ORIENTED_EDGE('',*,*,#1867,.F.);
#2429=ORIENTED_EDGE('',*,*,#1868,.T.);
#2430=ORIENTED_EDGE('',*,*,#1869,.T.);
#2431=ORIENTED_EDGE('',*,*,#1870,.T.);
#2432=ORIENTED_EDGE('',*,*,#1871,.F.);
#2433=ORIENTED_EDGE('',*,*,#1872,.T.);
#2434=ORIENTED_EDGE('',*,*,#1873,.T.);
#2435=ORIENTED_EDGE('',*,*,#1874,.T.);
#2436=ORIENTED_EDGE('',*,*,#1875,.F.);
#2437=ORIENTED_EDGE('',*,*,#1876,.F.);
#2438=ORIENTED_EDGE('',*,*,#1877,.F.);
#2439=ORIENTED_EDGE('',*,*,#1878,.F.);
#2440=ORIENTED_EDGE('',*,*,#1879,.T.);
#2441=ORIENTED_EDGE('',*,*,#1880,.T.);
#2442=ORIENTED_EDGE('',*,*,#1881,.F.);
#2443=ORIENTED_EDGE('',*,*,#1873,.F.);
#2444=ORIENTED_EDGE('',*,*,#1881,.T.);
#2445=ORIENTED_EDGE('',*,*,#1882,.T.);
#2446=ORIENTED_EDGE('',*,*,#1883,.F.);
#2447=ORIENTED_EDGE('',*,*,#1884,.F.);
#2448=ORIENTED_EDGE('',*,*,#1874,.F.);
#2449=ORIENTED_EDGE('',*,*,#1885,.F.);
#2450=ORIENTED_EDGE('',*,*,#1882,.F.);
#2451=ORIENTED_EDGE('',*,*,#1880,.F.);
#2452=ORIENTED_EDGE('',*,*,#1886,.F.);
#2453=ORIENTED_EDGE('',*,*,#1887,.F.);
#2454=ORIENTED_EDGE('',*,*,#1888,.F.);
#2455=ORIENTED_EDGE('',*,*,#1886,.T.);
#2456=ORIENTED_EDGE('',*,*,#1879,.F.);
#2457=ORIENTED_EDGE('',*,*,#1872,.F.);
#2458=ORIENTED_EDGE('',*,*,#1889,.F.);
#2459=ORIENTED_EDGE('',*,*,#1890,.F.);
#2460=ORIENTED_EDGE('',*,*,#1878,.T.);
#2461=ORIENTED_EDGE('',*,*,#1891,.F.);
#2462=ORIENTED_EDGE('',*,*,#1868,.F.);
#2463=ORIENTED_EDGE('',*,*,#1891,.T.);
#2464=ORIENTED_EDGE('',*,*,#1877,.T.);
#2465=ORIENTED_EDGE('',*,*,#1892,.F.);
#2466=ORIENTED_EDGE('',*,*,#1869,.F.);
#2467=ORIENTED_EDGE('',*,*,#1892,.T.);
#2468=ORIENTED_EDGE('',*,*,#1876,.T.);
#2469=ORIENTED_EDGE('',*,*,#1893,.F.);
#2470=ORIENTED_EDGE('',*,*,#1894,.F.);
#2471=ORIENTED_EDGE('',*,*,#1870,.F.);
#2472=ORIENTED_EDGE('',*,*,#1895,.F.);
#2473=ORIENTED_EDGE('',*,*,#1896,.F.);
#2474=ORIENTED_EDGE('',*,*,#1897,.T.);
#2475=ORIENTED_EDGE('',*,*,#1898,.F.);
#2476=ORIENTED_EDGE('',*,*,#1899,.F.);
#2477=ORIENTED_EDGE('',*,*,#1900,.F.);
#2478=ORIENTED_EDGE('',*,*,#1896,.T.);
#2479=ORIENTED_EDGE('',*,*,#1901,.T.);
#2480=ORIENTED_EDGE('',*,*,#1897,.F.);
#2481=ORIENTED_EDGE('',*,*,#1900,.T.);
#2482=ORIENTED_EDGE('',*,*,#1902,.F.);
#2483=ORIENTED_EDGE('',*,*,#1903,.F.);
#2484=ORIENTED_EDGE('',*,*,#1904,.F.);
#2485=ORIENTED_EDGE('',*,*,#1901,.F.);
#2486=ORIENTED_EDGE('',*,*,#1895,.T.);
#2487=ORIENTED_EDGE('',*,*,#1905,.F.);
#2488=ORIENTED_EDGE('',*,*,#1906,.F.);
#2489=ORIENTED_EDGE('',*,*,#1907,.F.);
#2490=ORIENTED_EDGE('',*,*,#1908,.F.);
#2491=ORIENTED_EDGE('',*,*,#1909,.F.);
#2492=ORIENTED_EDGE('',*,*,#1910,.F.);
#2493=ORIENTED_EDGE('',*,*,#1911,.T.);
#2494=ORIENTED_EDGE('',*,*,#1906,.T.);
#2495=ORIENTED_EDGE('',*,*,#1912,.F.);
#2496=ORIENTED_EDGE('',*,*,#1913,.F.);
#2497=ORIENTED_EDGE('',*,*,#1914,.T.);
#2498=ORIENTED_EDGE('',*,*,#1910,.T.);
#2499=ORIENTED_EDGE('',*,*,#1915,.F.);
#2500=ORIENTED_EDGE('',*,*,#1916,.F.);
#2501=ORIENTED_EDGE('',*,*,#1907,.T.);
#2502=ORIENTED_EDGE('',*,*,#1911,.F.);
#2503=ORIENTED_EDGE('',*,*,#1914,.F.);
#2504=ORIENTED_EDGE('',*,*,#1917,.F.);
#2505=ORIENTED_EDGE('',*,*,#1905,.T.);
#2506=ORIENTED_EDGE('',*,*,#1898,.T.);
#2507=ORIENTED_EDGE('',*,*,#1903,.T.);
#2508=ORIENTED_EDGE('',*,*,#1918,.F.);
#2509=ORIENTED_EDGE('',*,*,#1915,.T.);
#2510=ORIENTED_EDGE('',*,*,#1912,.T.);
#2511=ORIENTED_EDGE('',*,*,#1909,.T.);
#2512=ORIENTED_EDGE('',*,*,#1833,.F.);
#2513=ORIENTED_EDGE('',*,*,#1919,.T.);
#2514=ORIENTED_EDGE('',*,*,#1920,.T.);
#2515=ORIENTED_EDGE('',*,*,#1921,.T.);
#2516=ORIENTED_EDGE('',*,*,#1837,.F.);
#2517=ORIENTED_EDGE('',*,*,#1922,.F.);
#2518=ORIENTED_EDGE('',*,*,#1836,.F.);
#2519=ORIENTED_EDGE('',*,*,#1923,.F.);
#2520=ORIENTED_EDGE('',*,*,#1924,.F.);
#2521=ORIENTED_EDGE('',*,*,#1919,.F.);
#2522=ORIENTED_EDGE('',*,*,#1834,.F.);
#2523=ORIENTED_EDGE('',*,*,#1922,.T.);
#2524=ORIENTED_EDGE('',*,*,#1840,.F.);
#2525=ORIENTED_EDGE('',*,*,#1818,.F.);
#2526=ORIENTED_EDGE('',*,*,#1925,.T.);
#2527=ORIENTED_EDGE('',*,*,#1926,.T.);
#2528=ORIENTED_EDGE('',*,*,#1927,.T.);
#2529=ORIENTED_EDGE('',*,*,#1920,.F.);
#2530=ORIENTED_EDGE('',*,*,#1924,.T.);
#2531=ORIENTED_EDGE('',*,*,#1928,.T.);
#2532=ORIENTED_EDGE('',*,*,#1929,.F.);
#2533=ORIENTED_EDGE('',*,*,#1825,.F.);
#2534=ORIENTED_EDGE('',*,*,#1817,.F.);
#2535=ORIENTED_EDGE('',*,*,#1831,.F.);
#2536=ORIENTED_EDGE('',*,*,#1930,.F.);
#2537=ORIENTED_EDGE('',*,*,#1821,.F.);
#2538=ORIENTED_EDGE('',*,*,#1838,.F.);
#2539=ORIENTED_EDGE('',*,*,#1921,.F.);
#2540=ORIENTED_EDGE('',*,*,#1927,.F.);
#2541=ORIENTED_EDGE('',*,*,#1931,.F.);
#2542=ORIENTED_EDGE('',*,*,#1830,.T.);
#2543=ORIENTED_EDGE('',*,*,#1829,.T.);
#2544=ORIENTED_EDGE('',*,*,#1932,.T.);
#2545=ORIENTED_EDGE('',*,*,#1823,.F.);
#2546=ORIENTED_EDGE('',*,*,#1822,.F.);
#2547=ORIENTED_EDGE('',*,*,#1930,.T.);
#2548=ORIENTED_EDGE('',*,*,#1827,.T.);
#2549=ORIENTED_EDGE('',*,*,#1826,.T.);
#2550=ORIENTED_EDGE('',*,*,#1929,.T.);
#2551=ORIENTED_EDGE('',*,*,#1820,.T.);
#2552=ORIENTED_EDGE('',*,*,#1819,.T.);
#2553=ORIENTED_EDGE('',*,*,#1933,.T.);
#2554=ORIENTED_EDGE('',*,*,#1934,.T.);
#2555=ORIENTED_EDGE('',*,*,#1925,.F.);
#2556=ORIENTED_EDGE('',*,*,#1935,.T.);
#2557=ORIENTED_EDGE('',*,*,#1739,.T.);
#2558=ORIENTED_EDGE('',*,*,#1936,.T.);
#2559=ORIENTED_EDGE('',*,*,#1937,.T.);
#2560=ORIENTED_EDGE('',*,*,#1938,.T.);
#2561=ORIENTED_EDGE('',*,*,#1742,.T.);
#2562=ORIENTED_EDGE('',*,*,#1939,.T.);
#2563=ORIENTED_EDGE('',*,*,#1940,.T.);
#2564=ORIENTED_EDGE('',*,*,#1941,.T.);
#2565=ORIENTED_EDGE('',*,*,#1745,.T.);
#2566=ORIENTED_EDGE('',*,*,#1942,.T.);
#2567=ORIENTED_EDGE('',*,*,#1943,.T.);
#2568=ORIENTED_EDGE('',*,*,#1944,.T.);
#2569=ORIENTED_EDGE('',*,*,#1748,.T.);
#2570=ORIENTED_EDGE('',*,*,#1945,.T.);
#2571=ORIENTED_EDGE('',*,*,#1946,.T.);
#2572=ORIENTED_EDGE('',*,*,#1947,.T.);
#2573=ORIENTED_EDGE('',*,*,#1948,.F.);
#2574=ORIENTED_EDGE('',*,*,#1949,.T.);
#2575=ORIENTED_EDGE('',*,*,#1950,.T.);
#2576=ORIENTED_EDGE('',*,*,#1951,.T.);
#2577=ORIENTED_EDGE('',*,*,#1952,.T.);
#2578=ORIENTED_EDGE('',*,*,#1953,.T.);
#2579=ORIENTED_EDGE('',*,*,#1954,.T.);
#2580=ORIENTED_EDGE('',*,*,#1955,.T.);
#2581=ORIENTED_EDGE('',*,*,#1956,.T.);
#2582=ORIENTED_EDGE('',*,*,#1957,.T.);
#2583=ORIENTED_EDGE('',*,*,#1958,.T.);
#2584=ORIENTED_EDGE('',*,*,#1959,.T.);
#2585=ORIENTED_EDGE('',*,*,#1960,.T.);
#2586=ORIENTED_EDGE('',*,*,#1961,.T.);
#2587=ORIENTED_EDGE('',*,*,#1962,.T.);
#2588=ORIENTED_EDGE('',*,*,#1963,.T.);
#2589=ORIENTED_EDGE('',*,*,#1964,.T.);
#2590=ORIENTED_EDGE('',*,*,#1965,.T.);
#2591=ORIENTED_EDGE('',*,*,#1966,.T.);
#2592=ORIENTED_EDGE('',*,*,#1967,.F.);
#2593=ORIENTED_EDGE('',*,*,#1968,.T.);
#2594=ORIENTED_EDGE('',*,*,#1969,.F.);
#2595=ORIENTED_EDGE('',*,*,#1970,.F.);
#2596=ORIENTED_EDGE('',*,*,#1971,.F.);
#2597=ORIENTED_EDGE('',*,*,#1968,.F.);
#2598=ORIENTED_EDGE('',*,*,#1972,.T.);
#2599=ORIENTED_EDGE('',*,*,#1973,.T.);
#2600=ORIENTED_EDGE('',*,*,#1805,.F.);
#2601=ORIENTED_EDGE('',*,*,#1974,.F.);
#2602=ORIENTED_EDGE('',*,*,#1810,.F.);
#2603=ORIENTED_EDGE('',*,*,#1807,.F.);
#2604=ORIENTED_EDGE('',*,*,#1975,.T.);
#2605=ORIENTED_EDGE('',*,*,#1967,.T.);
#2606=ORIENTED_EDGE('',*,*,#1976,.T.);
#2607=ORIENTED_EDGE('',*,*,#1977,.T.);
#2608=ORIENTED_EDGE('',*,*,#1804,.F.);
#2609=ORIENTED_EDGE('',*,*,#1865,.F.);
#2610=ORIENTED_EDGE('',*,*,#1978,.F.);
#2611=ORIENTED_EDGE('',*,*,#1979,.T.);
#2612=ORIENTED_EDGE('',*,*,#1972,.F.);
#2613=ORIENTED_EDGE('',*,*,#1975,.F.);
#2614=ORIENTED_EDGE('',*,*,#1980,.F.);
#2615=ORIENTED_EDGE('',*,*,#1808,.F.);
#2616=ORIENTED_EDGE('',*,*,#1974,.T.);
#2617=ORIENTED_EDGE('',*,*,#1979,.F.);
#2618=ORIENTED_EDGE('',*,*,#1981,.F.);
#2619=ORIENTED_EDGE('',*,*,#1973,.F.);
#2620=ORIENTED_EDGE('',*,*,#1794,.T.);
#2621=ORIENTED_EDGE('',*,*,#1982,.T.);
#2622=ORIENTED_EDGE('',*,*,#1792,.F.);
#2623=ORIENTED_EDGE('',*,*,#1983,.T.);
#2624=ORIENTED_EDGE('',*,*,#1790,.T.);
#2625=ORIENTED_EDGE('',*,*,#1984,.T.);
#2626=ORIENTED_EDGE('',*,*,#1788,.F.);
#2627=ORIENTED_EDGE('',*,*,#1985,.T.);
#2628=ORIENTED_EDGE('',*,*,#1786,.T.);
#2629=ORIENTED_EDGE('',*,*,#1986,.T.);
#2630=ORIENTED_EDGE('',*,*,#1987,.F.);
#2631=ORIENTED_EDGE('',*,*,#1988,.T.);
#2632=ORIENTED_EDGE('',*,*,#1987,.T.);
#2633=ORIENTED_EDGE('',*,*,#1989,.T.);
#2634=ORIENTED_EDGE('',*,*,#1990,.T.);
#2635=ORIENTED_EDGE('',*,*,#1991,.T.);
#2636=ORIENTED_EDGE('',*,*,#1782,.F.);
#2637=ORIENTED_EDGE('',*,*,#1992,.T.);
#2638=ORIENTED_EDGE('',*,*,#1795,.F.);
#2639=ORIENTED_EDGE('',*,*,#1993,.F.);
#2640=ORIENTED_EDGE('',*,*,#1994,.F.);
#2641=ORIENTED_EDGE('',*,*,#1993,.T.);
#2642=ORIENTED_EDGE('',*,*,#1983,.F.);
#2643=ORIENTED_EDGE('',*,*,#1995,.F.);
#2644=ORIENTED_EDGE('',*,*,#1889,.T.);
#2645=ORIENTED_EDGE('',*,*,#1867,.T.);
#2646=ORIENTED_EDGE('',*,*,#1894,.T.);
#2647=ORIENTED_EDGE('',*,*,#1996,.F.);
#2648=ORIENTED_EDGE('',*,*,#1779,.F.);
#2649=ORIENTED_EDGE('',*,*,#1996,.T.);
#2650=ORIENTED_EDGE('',*,*,#1893,.T.);
#2651=ORIENTED_EDGE('',*,*,#1875,.T.);
#2652=ORIENTED_EDGE('',*,*,#1890,.T.);
#2653=ORIENTED_EDGE('',*,*,#1995,.T.);
#2654=ORIENTED_EDGE('',*,*,#1791,.F.);
#2655=ORIENTED_EDGE('',*,*,#1997,.F.);
#2656=ORIENTED_EDGE('',*,*,#1998,.F.);
#2657=ORIENTED_EDGE('',*,*,#1997,.T.);
#2658=ORIENTED_EDGE('',*,*,#1985,.F.);
#2659=ORIENTED_EDGE('',*,*,#1999,.F.);
#2660=ORIENTED_EDGE('',*,*,#1776,.F.);
#2661=ORIENTED_EDGE('',*,*,#1999,.T.);
#2662=ORIENTED_EDGE('',*,*,#1787,.F.);
#2663=ORIENTED_EDGE('',*,*,#2000,.F.);
#2664=ORIENTED_EDGE('',*,*,#1883,.T.);
#2665=ORIENTED_EDGE('',*,*,#1885,.T.);
#2666=ORIENTED_EDGE('',*,*,#1888,.T.);
#2667=ORIENTED_EDGE('',*,*,#2001,.F.);
#2668=ORIENTED_EDGE('',*,*,#2002,.F.);
#2669=ORIENTED_EDGE('',*,*,#2001,.T.);
#2670=ORIENTED_EDGE('',*,*,#1887,.T.);
#2671=ORIENTED_EDGE('',*,*,#1871,.T.);
#2672=ORIENTED_EDGE('',*,*,#1884,.T.);
#2673=ORIENTED_EDGE('',*,*,#2000,.T.);
#2674=ORIENTED_EDGE('',*,*,#1988,.F.);
#2675=ORIENTED_EDGE('',*,*,#2003,.F.);
#2676=ORIENTED_EDGE('',*,*,#2004,.F.);
#2677=ORIENTED_EDGE('',*,*,#2003,.T.);
#2678=ORIENTED_EDGE('',*,*,#1991,.F.);
#2679=ORIENTED_EDGE('',*,*,#2005,.F.);
#2680=ORIENTED_EDGE('',*,*,#1781,.F.);
#2681=ORIENTED_EDGE('',*,*,#1653,.T.);
#2682=ORIENTED_EDGE('',*,*,#1783,.T.);
#2683=ORIENTED_EDGE('',*,*,#1994,.T.);
#2684=ORIENTED_EDGE('',*,*,#1778,.F.);
#2685=ORIENTED_EDGE('',*,*,#1655,.T.);
#2686=ORIENTED_EDGE('',*,*,#1780,.T.);
#2687=ORIENTED_EDGE('',*,*,#1998,.T.);
#2688=ORIENTED_EDGE('',*,*,#2006,.F.);
#2689=ORIENTED_EDGE('',*,*,#1657,.T.);
#2690=ORIENTED_EDGE('',*,*,#1777,.T.);
#2691=ORIENTED_EDGE('',*,*,#2002,.T.);
#2692=ORIENTED_EDGE('',*,*,#2006,.T.);
#2693=ORIENTED_EDGE('',*,*,#2004,.T.);
#2694=ORIENTED_EDGE('',*,*,#2007,.T.);
#2695=ORIENTED_EDGE('',*,*,#2008,.F.);
#2696=ORIENTED_EDGE('',*,*,#1658,.T.);
#2697=ORIENTED_EDGE('',*,*,#1772,.T.);
#2698=ORIENTED_EDGE('',*,*,#1649,.T.);
#2699=ORIENTED_EDGE('',*,*,#1775,.F.);
#2700=ORIENTED_EDGE('',*,*,#2009,.T.);
#2701=ORIENTED_EDGE('',*,*,#1760,.F.);
#2702=ORIENTED_EDGE('',*,*,#1771,.F.);
#2703=ORIENTED_EDGE('',*,*,#2009,.F.);
#2704=ORIENTED_EDGE('',*,*,#1767,.F.);
#2705=ORIENTED_EDGE('',*,*,#2010,.T.);
#2706=ORIENTED_EDGE('',*,*,#1976,.F.);
#2707=ORIENTED_EDGE('',*,*,#1970,.T.);
#2708=ORIENTED_EDGE('',*,*,#2011,.T.);
#2709=ORIENTED_EDGE('',*,*,#2012,.F.);
#2710=ORIENTED_EDGE('',*,*,#2013,.T.);
#2711=ORIENTED_EDGE('',*,*,#2011,.F.);
#2712=ORIENTED_EDGE('',*,*,#2014,.T.);
#2713=ORIENTED_EDGE('',*,*,#1989,.F.);
#2714=ORIENTED_EDGE('',*,*,#1986,.F.);
#2715=ORIENTED_EDGE('',*,*,#1789,.F.);
#2716=ORIENTED_EDGE('',*,*,#1984,.F.);
#2717=ORIENTED_EDGE('',*,*,#1793,.F.);
#2718=ORIENTED_EDGE('',*,*,#1982,.F.);
#2719=ORIENTED_EDGE('',*,*,#1797,.F.);
#2720=ORIENTED_EDGE('',*,*,#2015,.T.);
#2721=ORIENTED_EDGE('',*,*,#2016,.F.);
#2722=ORIENTED_EDGE('',*,*,#2016,.T.);
#2723=ORIENTED_EDGE('',*,*,#2017,.T.);
#2724=ORIENTED_EDGE('',*,*,#1863,.T.);
#2725=ORIENTED_EDGE('',*,*,#2018,.F.);
#2726=ORIENTED_EDGE('',*,*,#1757,.F.);
#2727=ORIENTED_EDGE('',*,*,#1765,.F.);
#2728=ORIENTED_EDGE('',*,*,#1860,.F.);
#2729=ORIENTED_EDGE('',*,*,#1850,.F.);
#2730=ORIENTED_EDGE('',*,*,#1856,.F.);
#2731=ORIENTED_EDGE('',*,*,#1809,.F.);
#2732=ORIENTED_EDGE('',*,*,#1980,.T.);
#2733=ORIENTED_EDGE('',*,*,#1977,.F.);
#2734=ORIENTED_EDGE('',*,*,#2010,.F.);
#2735=ORIENTED_EDGE('',*,*,#2019,.F.);
#2736=ORIENTED_EDGE('',*,*,#1763,.F.);
#2737=ORIENTED_EDGE('',*,*,#2019,.T.);
#2738=ORIENTED_EDGE('',*,*,#2012,.T.);
#2739=ORIENTED_EDGE('',*,*,#2020,.T.);
#2740=ORIENTED_EDGE('',*,*,#1752,.F.);
#2741=ORIENTED_EDGE('',*,*,#2020,.F.);
#2742=ORIENTED_EDGE('',*,*,#2013,.F.);
#2743=ORIENTED_EDGE('',*,*,#2021,.F.);
#2744=ORIENTED_EDGE('',*,*,#1754,.F.);
#2745=ORIENTED_EDGE('',*,*,#2021,.T.);
#2746=ORIENTED_EDGE('',*,*,#2018,.T.);
#2747=ORIENTED_EDGE('',*,*,#1862,.T.);
#2748=ORIENTED_EDGE('',*,*,#1761,.T.);
#2749=ORIENTED_EDGE('',*,*,#1768,.T.);
#2750=ORIENTED_EDGE('',*,*,#1759,.F.);
#2751=ORIENTED_EDGE('',*,*,#1711,.T.);
#2752=ORIENTED_EDGE('',*,*,#1758,.T.);
#2753=ORIENTED_EDGE('',*,*,#1766,.T.);
#2754=ORIENTED_EDGE('',*,*,#1756,.F.);
#2755=ORIENTED_EDGE('',*,*,#1713,.T.);
#2756=ORIENTED_EDGE('',*,*,#2022,.F.);
#2757=ORIENTED_EDGE('',*,*,#2023,.T.);
#2758=ORIENTED_EDGE('',*,*,#1948,.T.);
#2759=ORIENTED_EDGE('',*,*,#2024,.F.);
#2760=ORIENTED_EDGE('',*,*,#2025,.F.);
#2761=ORIENTED_EDGE('',*,*,#2007,.F.);
#2762=ORIENTED_EDGE('',*,*,#2005,.T.);
#2763=ORIENTED_EDGE('',*,*,#1990,.F.);
#2764=ORIENTED_EDGE('',*,*,#2014,.F.);
#2765=ORIENTED_EDGE('',*,*,#1969,.T.);
#2766=ORIENTED_EDGE('',*,*,#1971,.T.);
#2767=ORIENTED_EDGE('',*,*,#1981,.T.);
#2768=ORIENTED_EDGE('',*,*,#1978,.T.);
#2769=ORIENTED_EDGE('',*,*,#1864,.T.);
#2770=ORIENTED_EDGE('',*,*,#2017,.F.);
#2771=ORIENTED_EDGE('',*,*,#2015,.F.);
#2772=ORIENTED_EDGE('',*,*,#1796,.F.);
#2773=ORIENTED_EDGE('',*,*,#1992,.F.);
#2774=ORIENTED_EDGE('',*,*,#1785,.F.);
#2775=ORIENTED_EDGE('',*,*,#1733,.F.);
#2776=ORIENTED_EDGE('',*,*,#2024,.T.);
#2777=ORIENTED_EDGE('',*,*,#1947,.F.);
#2778=ORIENTED_EDGE('',*,*,#2026,.T.);
#2779=ORIENTED_EDGE('',*,*,#2027,.F.);
#2780=ORIENTED_EDGE('',*,*,#2026,.F.);
#2781=ORIENTED_EDGE('',*,*,#1946,.F.);
#2782=ORIENTED_EDGE('',*,*,#2028,.F.);
#2783=ORIENTED_EDGE('',*,*,#2029,.F.);
#2784=ORIENTED_EDGE('',*,*,#2028,.T.);
#2785=ORIENTED_EDGE('',*,*,#1945,.F.);
#2786=ORIENTED_EDGE('',*,*,#1747,.F.);
#2787=ORIENTED_EDGE('',*,*,#2030,.F.);
#2788=ORIENTED_EDGE('',*,*,#1749,.T.);
#2789=ORIENTED_EDGE('',*,*,#1944,.F.);
#2790=ORIENTED_EDGE('',*,*,#2031,.F.);
#2791=ORIENTED_EDGE('',*,*,#2032,.F.);
#2792=ORIENTED_EDGE('',*,*,#2031,.T.);
#2793=ORIENTED_EDGE('',*,*,#1943,.F.);
#2794=ORIENTED_EDGE('',*,*,#2033,.F.);
#2795=ORIENTED_EDGE('',*,*,#2034,.F.);
#2796=ORIENTED_EDGE('',*,*,#2033,.T.);
#2797=ORIENTED_EDGE('',*,*,#1942,.F.);
#2798=ORIENTED_EDGE('',*,*,#1744,.F.);
#2799=ORIENTED_EDGE('',*,*,#2035,.F.);
#2800=ORIENTED_EDGE('',*,*,#1746,.T.);
#2801=ORIENTED_EDGE('',*,*,#1941,.F.);
#2802=ORIENTED_EDGE('',*,*,#2036,.F.);
#2803=ORIENTED_EDGE('',*,*,#2037,.F.);
#2804=ORIENTED_EDGE('',*,*,#2036,.T.);
#2805=ORIENTED_EDGE('',*,*,#1940,.F.);
#2806=ORIENTED_EDGE('',*,*,#2038,.F.);
#2807=ORIENTED_EDGE('',*,*,#2039,.F.);
#2808=ORIENTED_EDGE('',*,*,#2038,.T.);
#2809=ORIENTED_EDGE('',*,*,#1939,.F.);
#2810=ORIENTED_EDGE('',*,*,#1741,.F.);
#2811=ORIENTED_EDGE('',*,*,#2040,.F.);
#2812=ORIENTED_EDGE('',*,*,#1743,.T.);
#2813=ORIENTED_EDGE('',*,*,#1938,.F.);
#2814=ORIENTED_EDGE('',*,*,#2041,.F.);
#2815=ORIENTED_EDGE('',*,*,#2042,.F.);
#2816=ORIENTED_EDGE('',*,*,#2041,.T.);
#2817=ORIENTED_EDGE('',*,*,#1937,.F.);
#2818=ORIENTED_EDGE('',*,*,#2043,.F.);
#2819=ORIENTED_EDGE('',*,*,#2044,.F.);
#2820=ORIENTED_EDGE('',*,*,#2043,.T.);
#2821=ORIENTED_EDGE('',*,*,#1936,.F.);
#2822=ORIENTED_EDGE('',*,*,#1738,.F.);
#2823=ORIENTED_EDGE('',*,*,#2045,.F.);
#2824=ORIENTED_EDGE('',*,*,#1740,.T.);
#2825=ORIENTED_EDGE('',*,*,#1935,.F.);
#2826=ORIENTED_EDGE('',*,*,#1928,.F.);
#2827=ORIENTED_EDGE('',*,*,#1923,.T.);
#2828=ORIENTED_EDGE('',*,*,#1835,.F.);
#2829=ORIENTED_EDGE('',*,*,#1828,.F.);
#2830=ORIENTED_EDGE('',*,*,#2046,.F.);
#2831=ORIENTED_EDGE('',*,*,#1904,.T.);
#2832=ORIENTED_EDGE('',*,*,#1917,.T.);
#2833=ORIENTED_EDGE('',*,*,#1902,.T.);
#2834=ORIENTED_EDGE('',*,*,#1899,.T.);
#2835=ORIENTED_EDGE('',*,*,#2047,.F.);
#2836=ORIENTED_EDGE('',*,*,#2046,.T.);
#2837=ORIENTED_EDGE('',*,*,#1933,.F.);
#2838=ORIENTED_EDGE('',*,*,#2048,.F.);
#2839=ORIENTED_EDGE('',*,*,#2049,.F.);
#2840=ORIENTED_EDGE('',*,*,#2048,.T.);
#2841=ORIENTED_EDGE('',*,*,#1824,.F.);
#2842=ORIENTED_EDGE('',*,*,#2050,.F.);
#2843=ORIENTED_EDGE('',*,*,#2051,.F.);
#2844=ORIENTED_EDGE('',*,*,#2050,.T.);
#2845=ORIENTED_EDGE('',*,*,#1932,.F.);
#2846=ORIENTED_EDGE('',*,*,#2052,.F.);
#2847=ORIENTED_EDGE('',*,*,#2053,.F.);
#2848=ORIENTED_EDGE('',*,*,#2052,.T.);
#2849=ORIENTED_EDGE('',*,*,#1832,.F.);
#2850=ORIENTED_EDGE('',*,*,#1839,.F.);
#2851=ORIENTED_EDGE('',*,*,#1931,.T.);
#2852=ORIENTED_EDGE('',*,*,#1926,.F.);
#2853=ORIENTED_EDGE('',*,*,#1934,.F.);
#2854=ORIENTED_EDGE('',*,*,#2054,.F.);
#2855=ORIENTED_EDGE('',*,*,#1908,.T.);
#2856=ORIENTED_EDGE('',*,*,#1916,.T.);
#2857=ORIENTED_EDGE('',*,*,#1913,.T.);
#2858=ORIENTED_EDGE('',*,*,#1918,.T.);
#2859=ORIENTED_EDGE('',*,*,#2055,.F.);
#2860=ORIENTED_EDGE('',*,*,#2054,.T.);
#2861=ORIENTED_EDGE('',*,*,#1966,.F.);
#2862=ORIENTED_EDGE('',*,*,#2056,.F.);
#2863=ORIENTED_EDGE('',*,*,#2057,.F.);
#2864=ORIENTED_EDGE('',*,*,#2056,.T.);
#2865=ORIENTED_EDGE('',*,*,#1965,.F.);
#2866=ORIENTED_EDGE('',*,*,#2058,.F.);
#2867=ORIENTED_EDGE('',*,*,#2059,.F.);
#2868=ORIENTED_EDGE('',*,*,#2058,.T.);
#2869=ORIENTED_EDGE('',*,*,#1964,.F.);
#2870=ORIENTED_EDGE('',*,*,#2060,.T.);
#2871=ORIENTED_EDGE('',*,*,#2061,.F.);
#2872=ORIENTED_EDGE('',*,*,#2060,.F.);
#2873=ORIENTED_EDGE('',*,*,#1963,.F.);
#2874=ORIENTED_EDGE('',*,*,#2062,.T.);
#2875=ORIENTED_EDGE('',*,*,#2063,.F.);
#2876=ORIENTED_EDGE('',*,*,#2062,.F.);
#2877=ORIENTED_EDGE('',*,*,#1962,.F.);
#2878=ORIENTED_EDGE('',*,*,#2064,.F.);
#2879=ORIENTED_EDGE('',*,*,#2065,.F.);
#2880=ORIENTED_EDGE('',*,*,#2064,.T.);
#2881=ORIENTED_EDGE('',*,*,#1961,.F.);
#2882=ORIENTED_EDGE('',*,*,#2066,.F.);
#2883=ORIENTED_EDGE('',*,*,#2067,.F.);
#2884=ORIENTED_EDGE('',*,*,#2066,.T.);
#2885=ORIENTED_EDGE('',*,*,#1960,.F.);
#2886=ORIENTED_EDGE('',*,*,#2068,.F.);
#2887=ORIENTED_EDGE('',*,*,#2069,.F.);
#2888=ORIENTED_EDGE('',*,*,#2068,.T.);
#2889=ORIENTED_EDGE('',*,*,#1959,.F.);
#2890=ORIENTED_EDGE('',*,*,#2070,.F.);
#2891=ORIENTED_EDGE('',*,*,#2071,.F.);
#2892=ORIENTED_EDGE('',*,*,#2070,.T.);
#2893=ORIENTED_EDGE('',*,*,#1958,.F.);
#2894=ORIENTED_EDGE('',*,*,#2072,.F.);
#2895=ORIENTED_EDGE('',*,*,#2073,.F.);
#2896=ORIENTED_EDGE('',*,*,#2072,.T.);
#2897=ORIENTED_EDGE('',*,*,#1957,.F.);
#2898=ORIENTED_EDGE('',*,*,#2074,.F.);
#2899=ORIENTED_EDGE('',*,*,#2075,.F.);
#2900=ORIENTED_EDGE('',*,*,#2074,.T.);
#2901=ORIENTED_EDGE('',*,*,#1956,.F.);
#2902=ORIENTED_EDGE('',*,*,#2076,.F.);
#2903=ORIENTED_EDGE('',*,*,#2077,.F.);
#2904=ORIENTED_EDGE('',*,*,#2076,.T.);
#2905=ORIENTED_EDGE('',*,*,#1955,.F.);
#2906=ORIENTED_EDGE('',*,*,#2078,.F.);
#2907=ORIENTED_EDGE('',*,*,#2079,.F.);
#2908=ORIENTED_EDGE('',*,*,#2078,.T.);
#2909=ORIENTED_EDGE('',*,*,#1954,.F.);
#2910=ORIENTED_EDGE('',*,*,#2080,.F.);
#2911=ORIENTED_EDGE('',*,*,#2081,.F.);
#2912=ORIENTED_EDGE('',*,*,#2080,.T.);
#2913=ORIENTED_EDGE('',*,*,#1953,.F.);
#2914=ORIENTED_EDGE('',*,*,#2082,.F.);
#2915=ORIENTED_EDGE('',*,*,#2083,.F.);
#2916=ORIENTED_EDGE('',*,*,#2082,.T.);
#2917=ORIENTED_EDGE('',*,*,#1952,.F.);
#2918=ORIENTED_EDGE('',*,*,#2084,.F.);
#2919=ORIENTED_EDGE('',*,*,#2085,.F.);
#2920=ORIENTED_EDGE('',*,*,#2084,.T.);
#2921=ORIENTED_EDGE('',*,*,#1951,.F.);
#2922=ORIENTED_EDGE('',*,*,#2086,.F.);
#2923=ORIENTED_EDGE('',*,*,#2087,.F.);
#2924=ORIENTED_EDGE('',*,*,#2086,.T.);
#2925=ORIENTED_EDGE('',*,*,#1950,.F.);
#2926=ORIENTED_EDGE('',*,*,#2088,.F.);
#2927=ORIENTED_EDGE('',*,*,#1735,.F.);
#2928=ORIENTED_EDGE('',*,*,#2088,.T.);
#2929=ORIENTED_EDGE('',*,*,#1949,.F.);
#2930=ORIENTED_EDGE('',*,*,#2023,.F.);
#2931=ORIENTED_EDGE('',*,*,#1659,.T.);
#2932=ORIENTED_EDGE('',*,*,#2008,.T.);
#2933=ORIENTED_EDGE('',*,*,#2025,.T.);
#2934=ORIENTED_EDGE('',*,*,#1732,.F.);
#2935=ORIENTED_EDGE('',*,*,#1661,.T.);
#2936=ORIENTED_EDGE('',*,*,#1734,.F.);
#2937=ORIENTED_EDGE('',*,*,#2027,.T.);
#2938=ORIENTED_EDGE('',*,*,#2089,.F.);
#2939=ORIENTED_EDGE('',*,*,#1737,.T.);
#2940=ORIENTED_EDGE('',*,*,#1697,.T.);
#2941=ORIENTED_EDGE('',*,*,#2090,.F.);
#2942=ORIENTED_EDGE('',*,*,#2087,.T.);
#2943=ORIENTED_EDGE('',*,*,#2090,.T.);
#2944=ORIENTED_EDGE('',*,*,#1696,.T.);
#2945=ORIENTED_EDGE('',*,*,#2091,.F.);
#2946=ORIENTED_EDGE('',*,*,#2085,.T.);
#2947=ORIENTED_EDGE('',*,*,#2091,.T.);
#2948=ORIENTED_EDGE('',*,*,#1695,.T.);
#2949=ORIENTED_EDGE('',*,*,#2092,.F.);
#2950=ORIENTED_EDGE('',*,*,#2083,.T.);
#2951=ORIENTED_EDGE('',*,*,#2092,.T.);
#2952=ORIENTED_EDGE('',*,*,#1694,.T.);
#2953=ORIENTED_EDGE('',*,*,#2093,.F.);
#2954=ORIENTED_EDGE('',*,*,#2081,.T.);
#2955=ORIENTED_EDGE('',*,*,#2093,.T.);
#2956=ORIENTED_EDGE('',*,*,#1693,.T.);
#2957=ORIENTED_EDGE('',*,*,#2094,.F.);
#2958=ORIENTED_EDGE('',*,*,#2079,.T.);
#2959=ORIENTED_EDGE('',*,*,#2094,.T.);
#2960=ORIENTED_EDGE('',*,*,#1692,.T.);
#2961=ORIENTED_EDGE('',*,*,#2095,.F.);
#2962=ORIENTED_EDGE('',*,*,#2077,.T.);
#2963=ORIENTED_EDGE('',*,*,#2095,.T.);
#2964=ORIENTED_EDGE('',*,*,#1691,.T.);
#2965=ORIENTED_EDGE('',*,*,#2096,.F.);
#2966=ORIENTED_EDGE('',*,*,#2075,.T.);
#2967=ORIENTED_EDGE('',*,*,#2097,.F.);
#2968=ORIENTED_EDGE('',*,*,#2032,.T.);
#2969=ORIENTED_EDGE('',*,*,#2098,.F.);
#2970=ORIENTED_EDGE('',*,*,#1665,.T.);
#2971=ORIENTED_EDGE('',*,*,#2099,.F.);
#2972=ORIENTED_EDGE('',*,*,#1688,.T.);
#2973=ORIENTED_EDGE('',*,*,#2100,.F.);
#2974=ORIENTED_EDGE('',*,*,#2069,.T.);
#2975=ORIENTED_EDGE('',*,*,#2100,.T.);
#2976=ORIENTED_EDGE('',*,*,#1687,.T.);
#2977=ORIENTED_EDGE('',*,*,#2101,.F.);
#2978=ORIENTED_EDGE('',*,*,#2067,.T.);
#2979=ORIENTED_EDGE('',*,*,#2102,.F.);
#2980=ORIENTED_EDGE('',*,*,#2037,.T.);
#2981=ORIENTED_EDGE('',*,*,#2103,.F.);
#2982=ORIENTED_EDGE('',*,*,#1669,.T.);
#2983=ORIENTED_EDGE('',*,*,#1685,.T.);
#2984=ORIENTED_EDGE('',*,*,#2104,.F.);
#2985=ORIENTED_EDGE('',*,*,#2063,.T.);
#2986=ORIENTED_EDGE('',*,*,#2105,.F.);
#2987=ORIENTED_EDGE('',*,*,#2106,.F.);
#2988=ORIENTED_EDGE('',*,*,#2042,.T.);
#2989=ORIENTED_EDGE('',*,*,#2107,.F.);
#2990=ORIENTED_EDGE('',*,*,#1673,.T.);
#2991=ORIENTED_EDGE('',*,*,#1682,.T.);
#2992=ORIENTED_EDGE('',*,*,#2108,.F.);
#2993=ORIENTED_EDGE('',*,*,#2057,.T.);
#2994=ORIENTED_EDGE('',*,*,#2109,.F.);
#2995=ORIENTED_EDGE('',*,*,#2044,.T.);
#2996=ORIENTED_EDGE('',*,*,#1729,.F.);
#2997=ORIENTED_EDGE('',*,*,#1674,.T.);
#2998=ORIENTED_EDGE('',*,*,#2107,.T.);
#2999=ORIENTED_EDGE('',*,*,#2108,.T.);
#3000=ORIENTED_EDGE('',*,*,#1681,.T.);
#3001=ORIENTED_EDGE('',*,*,#2110,.F.);
#3002=ORIENTED_EDGE('',*,*,#2055,.T.);
#3003=ORIENTED_EDGE('',*,*,#2110,.T.);
#3004=ORIENTED_EDGE('',*,*,#1680,.T.);
#3005=ORIENTED_EDGE('',*,*,#2111,.F.);
#3006=ORIENTED_EDGE('',*,*,#2053,.T.);
#3007=ORIENTED_EDGE('',*,*,#2111,.T.);
#3008=ORIENTED_EDGE('',*,*,#1679,.T.);
#3009=ORIENTED_EDGE('',*,*,#2112,.F.);
#3010=ORIENTED_EDGE('',*,*,#2051,.T.);
#3011=ORIENTED_EDGE('',*,*,#2112,.T.);
#3012=ORIENTED_EDGE('',*,*,#1678,.T.);
#3013=ORIENTED_EDGE('',*,*,#2113,.F.);
#3014=ORIENTED_EDGE('',*,*,#2049,.T.);
#3015=ORIENTED_EDGE('',*,*,#2114,.F.);
#3016=ORIENTED_EDGE('',*,*,#2047,.T.);
#3017=ORIENTED_EDGE('',*,*,#2113,.T.);
#3018=ORIENTED_EDGE('',*,*,#1677,.T.);
#3019=ORIENTED_EDGE('',*,*,#1731,.F.);
#3020=ORIENTED_EDGE('',*,*,#2045,.T.);
#3021=ORIENTED_EDGE('',*,*,#2114,.T.);
#3022=ORIENTED_EDGE('',*,*,#1676,.T.);
#3023=ORIENTED_EDGE('',*,*,#1683,.T.);
#3024=ORIENTED_EDGE('',*,*,#2109,.T.);
#3025=ORIENTED_EDGE('',*,*,#2059,.T.);
#3026=ORIENTED_EDGE('',*,*,#2115,.F.);
#3027=ORIENTED_EDGE('',*,*,#2106,.T.);
#3028=ORIENTED_EDGE('',*,*,#1672,.T.);
#3029=ORIENTED_EDGE('',*,*,#1727,.F.);
#3030=ORIENTED_EDGE('',*,*,#2040,.T.);
#3031=ORIENTED_EDGE('',*,*,#2039,.T.);
#3032=ORIENTED_EDGE('',*,*,#1728,.T.);
#3033=ORIENTED_EDGE('',*,*,#1670,.T.);
#3034=ORIENTED_EDGE('',*,*,#2103,.T.);
#3035=ORIENTED_EDGE('',*,*,#2061,.T.);
#3036=ORIENTED_EDGE('',*,*,#2104,.T.);
#3037=ORIENTED_EDGE('',*,*,#1684,.T.);
#3038=ORIENTED_EDGE('',*,*,#2115,.T.);
#3039=ORIENTED_EDGE('',*,*,#2065,.T.);
#3040=ORIENTED_EDGE('',*,*,#2101,.T.);
#3041=ORIENTED_EDGE('',*,*,#1686,.T.);
#3042=ORIENTED_EDGE('',*,*,#2105,.T.);
#3043=ORIENTED_EDGE('',*,*,#2102,.T.);
#3044=ORIENTED_EDGE('',*,*,#1668,.T.);
#3045=ORIENTED_EDGE('',*,*,#1724,.F.);
#3046=ORIENTED_EDGE('',*,*,#2035,.T.);
#3047=ORIENTED_EDGE('',*,*,#2034,.T.);
#3048=ORIENTED_EDGE('',*,*,#1725,.T.);
#3049=ORIENTED_EDGE('',*,*,#1666,.T.);
#3050=ORIENTED_EDGE('',*,*,#2098,.T.);
#3051=ORIENTED_EDGE('',*,*,#1689,.T.);
#3052=ORIENTED_EDGE('',*,*,#2099,.T.);
#3053=ORIENTED_EDGE('',*,*,#2071,.T.);
#3054=ORIENTED_EDGE('',*,*,#2116,.F.);
#3055=ORIENTED_EDGE('',*,*,#2073,.T.);
#3056=ORIENTED_EDGE('',*,*,#2096,.T.);
#3057=ORIENTED_EDGE('',*,*,#1690,.T.);
#3058=ORIENTED_EDGE('',*,*,#2116,.T.);
#3059=ORIENTED_EDGE('',*,*,#2097,.T.);
#3060=ORIENTED_EDGE('',*,*,#1664,.T.);
#3061=ORIENTED_EDGE('',*,*,#1721,.F.);
#3062=ORIENTED_EDGE('',*,*,#2030,.T.);
#3063=ORIENTED_EDGE('',*,*,#2029,.T.);
#3064=ORIENTED_EDGE('',*,*,#1722,.T.);
#3065=ORIENTED_EDGE('',*,*,#1662,.T.);
#3066=ORIENTED_EDGE('',*,*,#2089,.T.);
#3067=ORIENTED_EDGE('',*,*,#2022,.T.);
#3068=ORIENTED_EDGE('',*,*,#1784,.T.);
#3069=ORIENTED_EDGE('',*,*,#1699,.T.);
#3070=ORIENTED_EDGE('',*,*,#1736,.T.);
#3071=CONICAL_SURFACE('',#3314,2.24999999999999,0.785398163397446);
#3072=CONICAL_SURFACE('',#3352,2.25,0.785398163397448);
#3073=CONICAL_SURFACE('',#3362,0.490000095370055,0.785398163397449);
#3074=CONICAL_SURFACE('',#3364,0.489999856952424,0.785398163397449);
#3075=CONICAL_SURFACE('',#3366,0.489999976161225,0.785398163397455);
#3076=CONICAL_SURFACE('',#3368,1.43337418115732,0.785398163397445);
#3077=CONICAL_SURFACE('',#3372,0.85,0.785398163397449);
#3078=CONICAL_SURFACE('',#3374,1.11237333317991,0.785398163397447);
#3079=CONICAL_SURFACE('',#3404,4.60453223597353,0.785398163397457);
#3080=CONICAL_SURFACE('',#3405,4.60453270939067,0.785398163397457);
#3081=CONICAL_SURFACE('',#3406,1.76337526716315,0.785398163397425);
#3082=CONICAL_SURFACE('',#3409,1.76337355195972,0.785398163397409);
#3083=CONICAL_SURFACE('',#3412,1.76337355195974,0.785398163397426);
#3084=CONICAL_SURFACE('',#3415,1.7633752671631,0.78539778192774);
#3085=CONICAL_SURFACE('',#3419,1.76337355195966,0.785397781927725);
#3086=CONICAL_SURFACE('',#3423,1.76337355195969,0.785397781927742);
#3087=CONICAL_SURFACE('',#3467,4.60453247268273,0.785398163397459);
#3088=CONICAL_SURFACE('',#3469,4.60453245836467,0.785398163397459);
#3089=CONICAL_SURFACE('',#3547,1.76337526716308,0.785397781927704);
#3090=CONICAL_SURFACE('',#3562,1.76337526716316,0.785398163397428);
#3091=CONICAL_SURFACE('',#3629,1.91105206899714,0.785398163397453);
#3092=CONICAL_SURFACE('',#3630,1.93446122865778,0.78539816339745);
#3093=CONICAL_SURFACE('',#3632,0.490000095367718,0.785398163397449);
#3094=CONICAL_SURFACE('',#3634,1.91,0.785398163397448);
#3095=CONICAL_SURFACE('',#3636,0.490000095367724,0.785398163397451);
#3096=CONICAL_SURFACE('',#3637,1.91001828306986,0.785398163397446);
#3097=CONICAL_SURFACE('',#3640,0.490000095367727,0.785398163397449);
#3098=CONICAL_SURFACE('',#3641,1.91001825487523,0.78539816339745);
#3099=CONICAL_SURFACE('',#3642,1.9110116055869,0.785398163397444);
#3100=CONICAL_SURFACE('',#3643,1.93446460946412,0.785398163397442);
#3101=CONICAL_SURFACE('',#3646,1.13645153740341,0.785398163397442);
#3102=CONICAL_SURFACE('',#3647,1.43337246595854,0.78539816339743);
#3103=CONICAL_SURFACE('',#3650,1.43337183676354,0.785398163397434);
#3104=CONICAL_SURFACE('',#3653,1.43337355195976,0.785398163397453);
#3105=CONICAL_SURFACE('',#3655,1.1248025159174,0.785398163397432);
#3106=CONICAL_SURFACE('',#3658,0.835141156725908,0.785398163397449);
#3107=CONICAL_SURFACE('',#3662,1.91001826669246,0.785398163397444);
#3108=ADVANCED_FACE('',(#202),#3071,.F.);
#3109=ADVANCED_FACE('',(#203,#101,#102,#103),#108,.T.);
#3110=ADVANCED_FACE('',(#204),#50,.F.);
#3111=ADVANCED_FACE('',(#205),#3072,.F.);
#3112=ADVANCED_FACE('',(#206),#51,.F.);
#3113=ADVANCED_FACE('',(#207,#104),#109,.F.);
#3114=ADVANCED_FACE('',(#208,#105),#110,.F.);
#3115=ADVANCED_FACE('',(#209),#3073,.F.);
#3116=ADVANCED_FACE('',(#210),#3074,.F.);
#3117=ADVANCED_FACE('',(#211),#3075,.F.);
#3118=ADVANCED_FACE('',(#212),#3076,.T.);
#3119=ADVANCED_FACE('',(#213),#3077,.F.);
#3120=ADVANCED_FACE('',(#214),#3078,.F.);
#3121=ADVANCED_FACE('',(#215),#52,.T.);
#3122=ADVANCED_FACE('',(#216),#53,.F.);
#3123=ADVANCED_FACE('',(#217),#54,.F.);
#3124=ADVANCED_FACE('',(#218),#55,.F.);
#3125=ADVANCED_FACE('',(#219),#56,.T.);
#3126=ADVANCED_FACE('',(#220),#57,.T.);
#3127=ADVANCED_FACE('',(#221),#58,.T.);
#3128=ADVANCED_FACE('',(#222),#59,.T.);
#3129=ADVANCED_FACE('',(#223),#60,.T.);
#3130=ADVANCED_FACE('',(#224),#61,.T.);
#3131=ADVANCED_FACE('',(#225),#62,.T.);
#3132=ADVANCED_FACE('',(#226),#63,.T.);
#3133=ADVANCED_FACE('',(#227),#3079,.T.);
#3134=ADVANCED_FACE('',(#228),#3080,.T.);
#3135=ADVANCED_FACE('',(#229),#3081,.F.);
#3136=ADVANCED_FACE('',(#230),#3082,.F.);
#3137=ADVANCED_FACE('',(#231),#3083,.F.);
#3138=ADVANCED_FACE('',(#232),#3084,.F.);
#3139=ADVANCED_FACE('',(#233),#3085,.F.);
#3140=ADVANCED_FACE('',(#234),#3086,.F.);
#3141=ADVANCED_FACE('',(#235),#21,.T.);
#3142=ADVANCED_FACE('',(#236),#22,.T.);
#3143=ADVANCED_FACE('',(#237),#64,.T.);
#3144=ADVANCED_FACE('',(#238),#65,.T.);
#3145=ADVANCED_FACE('',(#239),#66,.T.);
#3146=ADVANCED_FACE('',(#240),#23,.T.);
#3147=ADVANCED_FACE('',(#241),#24,.T.);
#3148=ADVANCED_FACE('',(#242),#67,.T.);
#3149=ADVANCED_FACE('',(#243),#68,.T.);
#3150=ADVANCED_FACE('',(#244),#69,.T.);
#3151=ADVANCED_FACE('',(#245),#70,.T.);
#3152=ADVANCED_FACE('',(#246),#71,.T.);
#3153=ADVANCED_FACE('',(#247),#72,.T.);
#3154=ADVANCED_FACE('',(#248),#73,.T.);
#3155=ADVANCED_FACE('',(#249),#3087,.T.);
#3156=ADVANCED_FACE('',(#250),#3088,.T.);
#3157=ADVANCED_FACE('',(#251),#74,.T.);
#3158=ADVANCED_FACE('',(#252),#75,.T.);
#3159=ADVANCED_FACE('',(#253),#76,.T.);
#3160=ADVANCED_FACE('',(#254),#77,.T.);
#3161=ADVANCED_FACE('',(#255),#111,.T.);
#3162=ADVANCED_FACE('',(#256),#15,.T.);
#3163=ADVANCED_FACE('',(#257),#16,.T.);
#3164=ADVANCED_FACE('',(#258),#112,.F.);
#3165=ADVANCED_FACE('',(#259),#113,.T.);
#3166=ADVANCED_FACE('',(#260),#114,.F.);
#3167=ADVANCED_FACE('',(#261),#115,.T.);
#3168=ADVANCED_FACE('',(#262),#116,.T.);
#3169=ADVANCED_FACE('',(#263),#117,.T.);
#3170=ADVANCED_FACE('',(#264),#118,.F.);
#3171=ADVANCED_FACE('',(#265),#119,.F.);
#3172=ADVANCED_FACE('',(#266),#120,.F.);
#3173=ADVANCED_FACE('',(#267),#121,.F.);
#3174=ADVANCED_FACE('',(#268),#122,.F.);
#3175=ADVANCED_FACE('',(#269),#123,.F.);
#3176=ADVANCED_FACE('',(#270),#124,.F.);
#3177=ADVANCED_FACE('',(#271),#125,.F.);
#3178=ADVANCED_FACE('',(#272),#126,.T.);
#3179=ADVANCED_FACE('',(#273),#127,.F.);
#3180=ADVANCED_FACE('',(#274),#128,.T.);
#3181=ADVANCED_FACE('',(#275),#129,.T.);
#3182=ADVANCED_FACE('',(#276),#130,.T.);
#3183=ADVANCED_FACE('',(#277),#131,.T.);
#3184=ADVANCED_FACE('',(#278),#132,.T.);
#3185=ADVANCED_FACE('',(#279),#133,.F.);
#3186=ADVANCED_FACE('',(#280),#134,.T.);
#3187=ADVANCED_FACE('',(#281),#135,.T.);
#3188=ADVANCED_FACE('',(#282),#136,.T.);
#3189=ADVANCED_FACE('',(#283),#137,.T.);
#3190=ADVANCED_FACE('',(#284),#138,.T.);
#3191=ADVANCED_FACE('',(#285),#139,.T.);
#3192=ADVANCED_FACE('',(#286),#140,.T.);
#3193=ADVANCED_FACE('',(#287),#141,.T.);
#3194=ADVANCED_FACE('',(#288),#17,.T.);
#3195=ADVANCED_FACE('',(#289),#18,.T.);
#3196=ADVANCED_FACE('',(#290),#142,.T.);
#3197=ADVANCED_FACE('',(#291),#143,.T.);
#3198=ADVANCED_FACE('',(#292),#144,.T.);
#3199=ADVANCED_FACE('',(#293),#145,.T.);
#3200=ADVANCED_FACE('',(#294),#146,.T.);
#3201=ADVANCED_FACE('',(#295),#147,.T.);
#3202=ADVANCED_FACE('',(#296),#148,.T.);
#3203=ADVANCED_FACE('',(#297),#149,.T.);
#3204=ADVANCED_FACE('',(#298),#150,.T.);
#3205=ADVANCED_FACE('',(#299),#151,.T.);
#3206=ADVANCED_FACE('',(#300),#3089,.F.);
#3207=ADVANCED_FACE('',(#301),#78,.F.);
#3208=ADVANCED_FACE('',(#302),#152,.T.);
#3209=ADVANCED_FACE('',(#303),#79,.F.);
#3210=ADVANCED_FACE('',(#304),#153,.T.);
#3211=ADVANCED_FACE('',(#305),#80,.F.);
#3212=ADVANCED_FACE('',(#306),#154,.T.);
#3213=ADVANCED_FACE('',(#307),#81,.F.);
#3214=ADVANCED_FACE('',(#308),#155,.T.);
#3215=ADVANCED_FACE('',(#309),#156,.T.);
#3216=ADVANCED_FACE('',(#310),#157,.T.);
#3217=ADVANCED_FACE('',(#311),#3090,.F.);
#3218=ADVANCED_FACE('',(#312),#158,.T.);
#3219=ADVANCED_FACE('',(#313),#159,.F.);
#3220=ADVANCED_FACE('',(#314),#160,.T.);
#3221=ADVANCED_FACE('',(#315),#161,.T.);
#3222=ADVANCED_FACE('',(#316),#162,.T.);
#3223=ADVANCED_FACE('',(#317),#163,.F.);
#3224=ADVANCED_FACE('',(#318),#164,.T.);
#3225=ADVANCED_FACE('',(#319),#165,.T.);
#3226=ADVANCED_FACE('',(#320),#166,.T.);
#3227=ADVANCED_FACE('',(#321),#19,.T.);
#3228=ADVANCED_FACE('',(#322),#20,.T.);
#3229=ADVANCED_FACE('',(#323),#167,.T.);
#3230=ADVANCED_FACE('',(#324),#82,.F.);
#3231=ADVANCED_FACE('',(#325),#83,.T.);
#3232=ADVANCED_FACE('',(#326),#168,.T.);
#3233=ADVANCED_FACE('',(#327),#169,.T.);
#3234=ADVANCED_FACE('',(#328),#84,.T.);
#3235=ADVANCED_FACE('',(#329),#170,.T.);
#3236=ADVANCED_FACE('',(#330),#171,.T.);
#3237=ADVANCED_FACE('',(#331),#85,.T.);
#3238=ADVANCED_FACE('',(#332),#172,.T.);
#3239=ADVANCED_FACE('',(#333),#173,.T.);
#3240=ADVANCED_FACE('',(#334),#86,.T.);
#3241=ADVANCED_FACE('',(#335),#87,.F.);
#3242=ADVANCED_FACE('',(#336,#106),#174,.T.);
#3243=ADVANCED_FACE('',(#337),#88,.T.);
#3244=ADVANCED_FACE('',(#338),#175,.T.);
#3245=ADVANCED_FACE('',(#339),#89,.T.);
#3246=ADVANCED_FACE('',(#340,#107),#176,.T.);
#3247=ADVANCED_FACE('',(#341),#90,.T.);
#3248=ADVANCED_FACE('',(#342),#177,.T.);
#3249=ADVANCED_FACE('',(#343),#91,.F.);
#3250=ADVANCED_FACE('',(#344),#92,.F.);
#3251=ADVANCED_FACE('',(#345),#93,.T.);
#3252=ADVANCED_FACE('',(#346),#178,.T.);
#3253=ADVANCED_FACE('',(#347),#94,.F.);
#3254=ADVANCED_FACE('',(#348),#179,.T.);
#3255=ADVANCED_FACE('',(#349),#95,.T.);
#3256=ADVANCED_FACE('',(#350),#180,.T.);
#3257=ADVANCED_FACE('',(#351),#96,.F.);
#3258=ADVANCED_FACE('',(#352),#181,.T.);
#3259=ADVANCED_FACE('',(#353),#97,.T.);
#3260=ADVANCED_FACE('',(#354),#182,.T.);
#3261=ADVANCED_FACE('',(#355),#98,.F.);
#3262=ADVANCED_FACE('',(#356),#183,.T.);
#3263=ADVANCED_FACE('',(#357),#99,.T.);
#3264=ADVANCED_FACE('',(#358),#100,.F.);
#3265=ADVANCED_FACE('',(#359),#184,.T.);
#3266=ADVANCED_FACE('',(#360),#3091,.T.);
#3267=ADVANCED_FACE('',(#361),#3092,.T.);
#3268=ADVANCED_FACE('',(#362),#185,.T.);
#3269=ADVANCED_FACE('',(#363),#3093,.F.);
#3270=ADVANCED_FACE('',(#364),#186,.T.);
#3271=ADVANCED_FACE('',(#365),#3094,.T.);
#3272=ADVANCED_FACE('',(#366),#187,.T.);
#3273=ADVANCED_FACE('',(#367),#3095,.F.);
#3274=ADVANCED_FACE('',(#368),#3096,.T.);
#3275=ADVANCED_FACE('',(#369),#188,.T.);
#3276=ADVANCED_FACE('',(#370),#3097,.F.);
#3277=ADVANCED_FACE('',(#371),#3098,.T.);
#3278=ADVANCED_FACE('',(#372),#3099,.T.);
#3279=ADVANCED_FACE('',(#373),#3100,.T.);
#3280=ADVANCED_FACE('',(#374),#189,.T.);
#3281=ADVANCED_FACE('',(#375),#3101,.F.);
#3282=ADVANCED_FACE('',(#376),#3102,.T.);
#3283=ADVANCED_FACE('',(#377),#190,.T.);
#3284=ADVANCED_FACE('',(#378),#3103,.T.);
#3285=ADVANCED_FACE('',(#379),#191,.T.);
#3286=ADVANCED_FACE('',(#380),#3104,.T.);
#3287=ADVANCED_FACE('',(#381),#192,.T.);
#3288=ADVANCED_FACE('',(#382),#3105,.F.);
#3289=ADVANCED_FACE('',(#383),#193,.T.);
#3290=ADVANCED_FACE('',(#384),#194,.T.);
#3291=ADVANCED_FACE('',(#385),#3106,.F.);
#3292=ADVANCED_FACE('',(#386),#195,.T.);
#3293=ADVANCED_FACE('',(#387),#196,.T.);
#3294=ADVANCED_FACE('',(#388),#197,.T.);
#3295=ADVANCED_FACE('',(#389),#3107,.T.);
#3296=ADVANCED_FACE('',(#390),#198,.T.);
#3297=ADVANCED_FACE('',(#391),#199,.T.);
#3298=ADVANCED_FACE('',(#392),#200,.T.);
#3299=ADVANCED_FACE('',(#393),#201,.T.);
#3300=CLOSED_SHELL('',(#3108,#3109,#3110,#3111,#3112,#3113,#3114,#3115,
#3116,#3117,#3118,#3119,#3120,#3121,#3122,#3123,#3124,#3125,#3126,#3127,
#3128,#3129,#3130,#3131,#3132,#3133,#3134,#3135,#3136,#3137,#3138,#3139,
#3140,#3141,#3142,#3143,#3144,#3145,#3146,#3147,#3148,#3149,#3150,#3151,
#3152,#3153,#3154,#3155,#3156,#3157,#3158,#3159,#3160,#3161,#3162,#3163,
#3164,#3165,#3166,#3167,#3168,#3169,#3170,#3171,#3172,#3173,#3174,#3175,
#3176,#3177,#3178,#3179,#3180,#3181,#3182,#3183,#3184,#3185,#3186,#3187,
#3188,#3189,#3190,#3191,#3192,#3193,#3194,#3195,#3196,#3197,#3198,#3199,
#3200,#3201,#3202,#3203,#3204,#3205,#3206,#3207,#3208,#3209,#3210,#3211,
#3212,#3213,#3214,#3215,#3216,#3217,#3218,#3219,#3220,#3221,#3222,#3223,
#3224,#3225,#3226,#3227,#3228,#3229,#3230,#3231,#3232,#3233,#3234,#3235,
#3236,#3237,#3238,#3239,#3240,#3241,#3242,#3243,#3244,#3245,#3246,#3247,
#3248,#3249,#3250,#3251,#3252,#3253,#3254,#3255,#3256,#3257,#3258,#3259,
#3260,#3261,#3262,#3263,#3264,#3265,#3266,#3267,#3268,#3269,#3270,#3271,
#3272,#3273,#3274,#3275,#3276,#3277,#3278,#3279,#3280,#3281,#3282,#3283,
#3284,#3285,#3286,#3287,#3288,#3289,#3290,#3291,#3292,#3293,#3294,#3295,
#3296,#3297,#3298,#3299));
#3301=DERIVED_UNIT_ELEMENT(#3303,1.);
#3302=DERIVED_UNIT_ELEMENT(#5668,-3.);
#3303=(
MASS_UNIT()
NAMED_UNIT(*)
SI_UNIT(.KILO.,.GRAM.)
);
#3304=DERIVED_UNIT((#3301,#3302));
#3305=MEASURE_REPRESENTATION_ITEM('density measure',
POSITIVE_RATIO_MEASURE(7850.),#3304);
#3306=PROPERTY_DEFINITION_REPRESENTATION(#3311,#3308);
#3307=PROPERTY_DEFINITION_REPRESENTATION(#3312,#3309);
#3308=REPRESENTATION('material name',(#3310),#5665);
#3309=REPRESENTATION('density',(#3305),#5665);
#3310=DESCRIPTIVE_REPRESENTATION_ITEM('Acero','Acero');
#3311=PROPERTY_DEFINITION('material property','material name',#5675);
#3312=PROPERTY_DEFINITION('material property','density of part',#5675);
#3313=AXIS2_PLACEMENT_3D('',#4682,#3667,#3668);
#3314=AXIS2_PLACEMENT_3D('',#4683,#3669,#3670);
#3315=AXIS2_PLACEMENT_3D('',#4685,#3671,#3672);
#3316=AXIS2_PLACEMENT_3D('',#4688,#3674,#3675);
#3317=AXIS2_PLACEMENT_3D('',#4689,#3676,#3677);
#3318=AXIS2_PLACEMENT_3D('',#4694,#3679,#3680);
#3319=AXIS2_PLACEMENT_3D('',#4698,#3682,#3683);
#3320=AXIS2_PLACEMENT_3D('',#4702,#3685,#3686);
#3321=AXIS2_PLACEMENT_3D('',#4705,#3688,#3689);
#3322=AXIS2_PLACEMENT_3D('',#4707,#3690,#3691);
#3323=AXIS2_PLACEMENT_3D('',#4710,#3692,#3693);
#3324=AXIS2_PLACEMENT_3D('',#4714,#3695,#3696);
#3325=AXIS2_PLACEMENT_3D('',#4718,#3698,#3699);
#3326=AXIS2_PLACEMENT_3D('',#4722,#3701,#3702);
#3327=AXIS2_PLACEMENT_3D('',#4726,#3704,#3705);
#3328=AXIS2_PLACEMENT_3D('',#4728,#3706,#3707);
#3329=AXIS2_PLACEMENT_3D('',#4732,#3709,#3710);
#3330=AXIS2_PLACEMENT_3D('',#4736,#3712,#3713);
#3331=AXIS2_PLACEMENT_3D('',#4740,#3715,#3716);
#3332=AXIS2_PLACEMENT_3D('',#4744,#3718,#3719);
#3333=AXIS2_PLACEMENT_3D('',#4748,#3721,#3722);
#3334=AXIS2_PLACEMENT_3D('',#4752,#3724,#3725);
#3335=AXIS2_PLACEMENT_3D('',#4754,#3726,#3727);
#3336=AXIS2_PLACEMENT_3D('',#4756,#3728,#3729);
#3337=AXIS2_PLACEMENT_3D('',#4760,#3731,#3732);
#3338=AXIS2_PLACEMENT_3D('',#4764,#3734,#3735);
#3339=AXIS2_PLACEMENT_3D('',#4768,#3737,#3738);
#3340=AXIS2_PLACEMENT_3D('',#4772,#3740,#3741);
#3341=AXIS2_PLACEMENT_3D('',#4774,#3742,#3743);
#3342=AXIS2_PLACEMENT_3D('',#4776,#3744,#3745);
#3343=AXIS2_PLACEMENT_3D('',#4780,#3747,#3748);
#3344=AXIS2_PLACEMENT_3D('',#4784,#3750,#3751);
#3345=AXIS2_PLACEMENT_3D('',#4788,#3753,#3754);
#3346=AXIS2_PLACEMENT_3D('',#4792,#3756,#3757);
#3347=AXIS2_PLACEMENT_3D('',#4796,#3759,#3760);
#3348=AXIS2_PLACEMENT_3D('',#4800,#3762,#3763);
#3349=AXIS2_PLACEMENT_3D('',#4802,#3764,#3765);
#3350=AXIS2_PLACEMENT_3D('',#4804,#3767,#3768);
#3351=AXIS2_PLACEMENT_3D('',#4806,#3769,#3770);
#3352=AXIS2_PLACEMENT_3D('',#4808,#3772,#3773);
#3353=AXIS2_PLACEMENT_3D('',#4811,#3775,#3776);
#3354=AXIS2_PLACEMENT_3D('',#4812,#3777,#3778);
#3355=AXIS2_PLACEMENT_3D('',#4814,#3779,#3780);
#3356=AXIS2_PLACEMENT_3D('',#4816,#3782,#3783);
#3357=AXIS2_PLACEMENT_3D('',#4829,#3789,#3790);
#3358=AXIS2_PLACEMENT_3D('',#4832,#3792,#3793);
#3359=AXIS2_PLACEMENT_3D('',#4833,#3794,#3795);
#3360=AXIS2_PLACEMENT_3D('',#4838,#3797,#3798);
#3361=AXIS2_PLACEMENT_3D('',#4842,#3800,#3801);
#3362=AXIS2_PLACEMENT_3D('',#4846,#3804,#3805);
#3363=AXIS2_PLACEMENT_3D('',#4849,#3806,#3807);
#3364=AXIS2_PLACEMENT_3D('',#4852,#3810,#3811);
#3365=AXIS2_PLACEMENT_3D('',#4855,#3812,#3813);
#3366=AXIS2_PLACEMENT_3D('',#4858,#3816,#3817);
#3367=AXIS2_PLACEMENT_3D('',#4861,#3818,#3819);
#3368=AXIS2_PLACEMENT_3D('',#4864,#3822,#3823);
#3369=AXIS2_PLACEMENT_3D('',#4866,#3824,#3825);
#3370=AXIS2_PLACEMENT_3D('',#4868,#3826,#3827);
#3371=AXIS2_PLACEMENT_3D('',#4869,#3828,#3829);
#3372=AXIS2_PLACEMENT_3D('',#4870,#3830,#3831);
#3373=AXIS2_PLACEMENT_3D('',#4877,#3832,#3833);
#3374=AXIS2_PLACEMENT_3D('',#4879,#3835,#3836);
#3375=AXIS2_PLACEMENT_3D('',#4882,#3837,#3838);
#3376=AXIS2_PLACEMENT_3D('',#4891,#3839,#3840);
#3377=AXIS2_PLACEMENT_3D('',#4895,#3842,#3843);
#3378=AXIS2_PLACEMENT_3D('',#4897,#3845,#3846);
#3379=AXIS2_PLACEMENT_3D('',#4901,#3848,#3849);
#3380=AXIS2_PLACEMENT_3D('',#4903,#3851,#3852);
#3381=AXIS2_PLACEMENT_3D('',#4907,#3854,#3855);
#3382=AXIS2_PLACEMENT_3D('',#4909,#3857,#3858);
#3383=AXIS2_PLACEMENT_3D('',#4913,#3860,#3861);
#3384=AXIS2_PLACEMENT_3D('',#4915,#3863,#3864);
#3385=AXIS2_PLACEMENT_3D('',#4917,#3865,#3866);
#3386=AXIS2_PLACEMENT_3D('',#4919,#3867,#3868);
#3387=AXIS2_PLACEMENT_3D('',#4921,#3870,#3871);
#3388=AXIS2_PLACEMENT_3D('',#4923,#3872,#3873);
#3389=AXIS2_PLACEMENT_3D('',#4925,#3875,#3876);
#3390=AXIS2_PLACEMENT_3D('',#4927,#3877,#3878);
#3391=AXIS2_PLACEMENT_3D('',#4929,#3879,#3880);
#3392=AXIS2_PLACEMENT_3D('',#4931,#3882,#3883);
#3393=AXIS2_PLACEMENT_3D('',#4933,#3884,#3885);
#3394=AXIS2_PLACEMENT_3D('',#4935,#3886,#3887);
#3395=AXIS2_PLACEMENT_3D('',#4937,#3889,#3890);
#3396=AXIS2_PLACEMENT_3D('',#4939,#3891,#3892);
#3397=AXIS2_PLACEMENT_3D('',#4941,#3894,#3895);
#3398=AXIS2_PLACEMENT_3D('',#4943,#3897,#3898);
#3399=AXIS2_PLACEMENT_3D('',#4946,#3899,#3900);
#3400=AXIS2_PLACEMENT_3D('',#4948,#3902,#3903);
#3401=AXIS2_PLACEMENT_3D('',#4950,#3905,#3906);
#3402=AXIS2_PLACEMENT_3D('',#4951,#3907,#3908);
#3403=AXIS2_PLACEMENT_3D('',#4955,#3910,#3911);
#3404=AXIS2_PLACEMENT_3D('',#4957,#3913,#3914);
#3405=AXIS2_PLACEMENT_3D('',#4960,#3917,#3918);
#3406=AXIS2_PLACEMENT_3D('',#4963,#3921,#3922);
#3407=AXIS2_PLACEMENT_3D('',#4966,#3923,#3924);
#3408=AXIS2_PLACEMENT_3D('',#4968,#3926,#3927);
#3409=AXIS2_PLACEMENT_3D('',#4969,#3928,#3929);
#3410=AXIS2_PLACEMENT_3D('',#4972,#3930,#3931);
#3411=AXIS2_PLACEMENT_3D('',#4974,#3933,#3934);
#3412=AXIS2_PLACEMENT_3D('',#4975,#3935,#3936);
#3413=AXIS2_PLACEMENT_3D('',#4978,#3937,#3938);
#3414=AXIS2_PLACEMENT_3D('',#4981,#3940,#3941);
#3415=AXIS2_PLACEMENT_3D('',#4985,#3942,#3943);
#3416=AXIS2_PLACEMENT_3D('',#4990,#3945,#3946);
#3417=AXIS2_PLACEMENT_3D('',#4992,#3947,#3948);
#3418=AXIS2_PLACEMENT_3D('',#4993,#3949,#3950);
#3419=AXIS2_PLACEMENT_3D('',#4994,#3951,#3952);
#3420=AXIS2_PLACEMENT_3D('',#4999,#3954,#3955);
#3421=AXIS2_PLACEMENT_3D('',#5001,#3956,#3957);
#3422=AXIS2_PLACEMENT_3D('',#5002,#3958,#3959);
#3423=AXIS2_PLACEMENT_3D('',#5003,#3960,#3961);
#3424=AXIS2_PLACEMENT_3D('',#5008,#3963,#3964);
#3425=AXIS2_PLACEMENT_3D('',#5013,#3965,#3966);
#3426=AXIS2_PLACEMENT_3D('',#5014,#3967,#3968);
#3427=AXIS2_PLACEMENT_3D('',#5016,#3969,#3970);
#3428=AXIS2_PLACEMENT_3D('',#5018,#3971,#3972);
#3429=AXIS2_PLACEMENT_3D('',#5019,#3973,#3974);
#3430=AXIS2_PLACEMENT_3D('',#5020,#3975,#3976);
#3431=AXIS2_PLACEMENT_3D('',#5023,#3977,#3978);
#3432=AXIS2_PLACEMENT_3D('',#5024,#3979,#3980);
#3433=AXIS2_PLACEMENT_3D('',#5025,#3981,#3982);
#3434=AXIS2_PLACEMENT_3D('',#5026,#3983,#3984);
#3435=AXIS2_PLACEMENT_3D('',#5029,#3985,#3986);
#3436=AXIS2_PLACEMENT_3D('',#5032,#3989,#3990);
#3437=AXIS2_PLACEMENT_3D('',#5034,#3992,#3993);
#3438=AXIS2_PLACEMENT_3D('',#5037,#3994,#3995);
#3439=AXIS2_PLACEMENT_3D('',#5040,#3998,#3999);
#3440=AXIS2_PLACEMENT_3D('',#5043,#4000,#4001);
#3441=AXIS2_PLACEMENT_3D('',#5045,#4002,#4003);
#3442=AXIS2_PLACEMENT_3D('',#5046,#4004,#4005);
#3443=AXIS2_PLACEMENT_3D('',#5047,#4006,#4007);
#3444=AXIS2_PLACEMENT_3D('',#5050,#4008,#4009);
#3445=AXIS2_PLACEMENT_3D('',#5052,#4010,#4011);
#3446=AXIS2_PLACEMENT_3D('',#5053,#4012,#4013);
#3447=AXIS2_PLACEMENT_3D('',#5054,#4014,#4015);
#3448=AXIS2_PLACEMENT_3D('',#5057,#4018,#4019);
#3449=AXIS2_PLACEMENT_3D('',#5060,#4020,#4021);
#3450=AXIS2_PLACEMENT_3D('',#5062,#4022,#4023);
#3451=AXIS2_PLACEMENT_3D('',#5066,#4025,#4026);
#3452=AXIS2_PLACEMENT_3D('',#5068,#4027,#4028);
#3453=AXIS2_PLACEMENT_3D('',#5070,#4030,#4031);
#3454=AXIS2_PLACEMENT_3D('',#5074,#4033,#4034);
#3455=AXIS2_PLACEMENT_3D('',#5076,#4035,#4036);
#3456=AXIS2_PLACEMENT_3D('',#5078,#4038,#4039);
#3457=AXIS2_PLACEMENT_3D('',#5081,#4040,#4041);
#3458=AXIS2_PLACEMENT_3D('',#5083,#4042,#4043);
#3459=AXIS2_PLACEMENT_3D('',#5086,#4046,#4047);
#3460=AXIS2_PLACEMENT_3D('',#5089,#4048,#4049);
#3461=AXIS2_PLACEMENT_3D('',#5093,#4052,#4053);
#3462=AXIS2_PLACEMENT_3D('',#5094,#4054,#4055);
#3463=AXIS2_PLACEMENT_3D('',#5097,#4056,#4057);
#3464=AXIS2_PLACEMENT_3D('',#5099,#4058,#4059);
#3465=AXIS2_PLACEMENT_3D('',#5102,#4062,#4063);
#3466=AXIS2_PLACEMENT_3D('',#5104,#4064,#4065);
#3467=AXIS2_PLACEMENT_3D('',#5106,#4067,#4068);
#3468=AXIS2_PLACEMENT_3D('',#5110,#4070,#4071);
#3469=AXIS2_PLACEMENT_3D('',#5112,#4073,#4074);
#3470=AXIS2_PLACEMENT_3D('',#5116,#4076,#4077);
#3471=AXIS2_PLACEMENT_3D('',#5118,#4079,#4080);
#3472=AXIS2_PLACEMENT_3D('',#5121,#4081,#4082);
#3473=AXIS2_PLACEMENT_3D('',#5124,#4085,#4086);
#3474=AXIS2_PLACEMENT_3D('',#5126,#4087,#4088);
#3475=AXIS2_PLACEMENT_3D('',#5129,#4091,#4092);
#3476=AXIS2_PLACEMENT_3D('',#5130,#4093,#4094);
#3477=AXIS2_PLACEMENT_3D('',#5132,#4096,#4097);
#3478=AXIS2_PLACEMENT_3D('',#5133,#4098,#4099);
#3479=AXIS2_PLACEMENT_3D('',#5134,#4100,#4101);
#3480=AXIS2_PLACEMENT_3D('',#5136,#4103,#4104);
#3481=AXIS2_PLACEMENT_3D('',#5138,#4106,#4107);
#3482=AXIS2_PLACEMENT_3D('',#5139,#4108,#4109);
#3483=AXIS2_PLACEMENT_3D('',#5140,#4110,#4111);
#3484=AXIS2_PLACEMENT_3D('',#5142,#4113,#4114);
#3485=AXIS2_PLACEMENT_3D('',#5143,#4115,#4116);
#3486=AXIS2_PLACEMENT_3D('',#5152,#4122,#4123);
#3487=AXIS2_PLACEMENT_3D('',#5153,#4124,#4125);
#3488=AXIS2_PLACEMENT_3D('',#5162,#4130,#4131);
#3489=AXIS2_PLACEMENT_3D('',#5171,#4136,#4137);
#3490=AXIS2_PLACEMENT_3D('',#5180,#4142,#4143);
#3491=AXIS2_PLACEMENT_3D('',#5186,#4147,#4148);
#3492=AXIS2_PLACEMENT_3D('',#5192,#4152,#4153);
#3493=AXIS2_PLACEMENT_3D('',#5196,#4156,#4157);
#3494=AXIS2_PLACEMENT_3D('',#5200,#4160,#4161);
#3495=AXIS2_PLACEMENT_3D('',#5205,#4165,#4166);
#3496=AXIS2_PLACEMENT_3D('',#5207,#4168,#4169);
#3497=AXIS2_PLACEMENT_3D('',#5211,#4172,#4173);
#3498=AXIS2_PLACEMENT_3D('',#5220,#4178,#4179);
#3499=AXIS2_PLACEMENT_3D('',#5226,#4183,#4184);
#3500=AXIS2_PLACEMENT_3D('',#5230,#4187,#4188);
#3501=AXIS2_PLACEMENT_3D('',#5234,#4191,#4192);
#3502=AXIS2_PLACEMENT_3D('',#5243,#4197,#4198);
#3503=AXIS2_PLACEMENT_3D('',#5249,#4202,#4203);
#3504=AXIS2_PLACEMENT_3D('',#5255,#4207,#4208);
#3505=AXIS2_PLACEMENT_3D('',#5257,#4210,#4211);
#3506=AXIS2_PLACEMENT_3D('',#5259,#4213,#4214);
#3507=AXIS2_PLACEMENT_3D('',#5261,#4216,#4217);
#3508=AXIS2_PLACEMENT_3D('',#5268,#4222,#4223);
#3509=AXIS2_PLACEMENT_3D('',#5272,#4226,#4227);
#3510=AXIS2_PLACEMENT_3D('',#5273,#4228,#4229);
#3511=AXIS2_PLACEMENT_3D('',#5281,#4234,#4235);
#3512=AXIS2_PLACEMENT_3D('',#5282,#4236,#4237);
#3513=AXIS2_PLACEMENT_3D('',#5283,#4238,#4239);
#3514=AXIS2_PLACEMENT_3D('',#5284,#4240,#4241);
#3515=AXIS2_PLACEMENT_3D('',#5286,#4243,#4244);
#3516=AXIS2_PLACEMENT_3D('',#5287,#4245,#4246);
#3517=AXIS2_PLACEMENT_3D('',#5288,#4247,#4248);
#3518=AXIS2_PLACEMENT_3D('',#5289,#4249,#4250);
#3519=AXIS2_PLACEMENT_3D('',#5290,#4251,#4252);
#3520=AXIS2_PLACEMENT_3D('',#5295,#4255,#4256);
#3521=AXIS2_PLACEMENT_3D('',#5297,#4257,#4258);
#3522=AXIS2_PLACEMENT_3D('',#5302,#4261,#4262);
#3523=AXIS2_PLACEMENT_3D('',#5307,#4265,#4266);
#3524=AXIS2_PLACEMENT_3D('',#5312,#4269,#4270);
#3525=AXIS2_PLACEMENT_3D('',#5314,#4271,#4272);
#3526=AXIS2_PLACEMENT_3D('',#5318,#4274,#4275);
#3527=AXIS2_PLACEMENT_3D('',#5320,#4276,#4277);
#3528=AXIS2_PLACEMENT_3D('',#5324,#4279,#4280);
#3529=AXIS2_PLACEMENT_3D('',#5328,#4282,#4283);
#3530=AXIS2_PLACEMENT_3D('',#5332,#4285,#4286);
#3531=AXIS2_PLACEMENT_3D('',#5336,#4288,#4289);
#3532=AXIS2_PLACEMENT_3D('',#5340,#4291,#4292);
#3533=AXIS2_PLACEMENT_3D('',#5344,#4294,#4295);
#3534=AXIS2_PLACEMENT_3D('',#5346,#4296,#4297);
#3535=AXIS2_PLACEMENT_3D('',#5348,#4298,#4299);
#3536=AXIS2_PLACEMENT_3D('',#5351,#4301,#4302);
#3537=AXIS2_PLACEMENT_3D('',#5352,#4303,#4304);
#3538=AXIS2_PLACEMENT_3D('',#5361,#4309,#4310);
#3539=AXIS2_PLACEMENT_3D('',#5367,#4314,#4315);
#3540=AXIS2_PLACEMENT_3D('',#5369,#4317,#4318);
#3541=AXIS2_PLACEMENT_3D('',#5375,#4322,#4323);
#3542=AXIS2_PLACEMENT_3D('',#5380,#4327,#4328);
#3543=AXIS2_PLACEMENT_3D('',#5382,#4330,#4331);
#3544=AXIS2_PLACEMENT_3D('',#5385,#4334,#4335);
#3545=AXIS2_PLACEMENT_3D('',#5388,#4338,#4339);
#3546=AXIS2_PLACEMENT_3D('',#5392,#4341,#4342);
#3547=AXIS2_PLACEMENT_3D('',#5394,#4344,#4345);
#3548=AXIS2_PLACEMENT_3D('',#5396,#4346,#4347);
#3549=AXIS2_PLACEMENT_3D('',#5401,#4348,#4349);
#3550=AXIS2_PLACEMENT_3D('',#5402,#4350,#4351);
#3551=AXIS2_PLACEMENT_3D('',#5405,#4354,#4355);
#3552=AXIS2_PLACEMENT_3D('',#5409,#4359,#4360);
#3553=AXIS2_PLACEMENT_3D('',#5411,#4362,#4363);
#3554=AXIS2_PLACEMENT_3D('',#5414,#4366,#4367);
#3555=AXIS2_PLACEMENT_3D('',#5417,#4370,#4371);
#3556=AXIS2_PLACEMENT_3D('',#5421,#4374,#4375);
#3557=AXIS2_PLACEMENT_3D('',#5423,#4376,#4377);
#3558=AXIS2_PLACEMENT_3D('',#5425,#4379,#4380);
#3559=AXIS2_PLACEMENT_3D('',#5426,#4381,#4382);
#3560=AXIS2_PLACEMENT_3D('',#5427,#4383,#4384);
#3561=AXIS2_PLACEMENT_3D('',#5428,#4385,#4386);
#3562=AXIS2_PLACEMENT_3D('',#5429,#4387,#4388);
#3563=AXIS2_PLACEMENT_3D('',#5434,#4389,#4390);
#3564=AXIS2_PLACEMENT_3D('',#5435,#4391,#4392);
#3565=AXIS2_PLACEMENT_3D('',#5437,#4394,#4395);
#3566=AXIS2_PLACEMENT_3D('',#5438,#4396,#4397);
#3567=AXIS2_PLACEMENT_3D('',#5444,#4401,#4402);
#3568=AXIS2_PLACEMENT_3D('',#5451,#4407,#4408);
#3569=AXIS2_PLACEMENT_3D('',#5454,#4411,#4412);
#3570=AXIS2_PLACEMENT_3D('',#5456,#4414,#4415);
#3571=AXIS2_PLACEMENT_3D('',#5458,#4417,#4418);
#3572=AXIS2_PLACEMENT_3D('',#5460,#4420,#4421);
#3573=AXIS2_PLACEMENT_3D('',#5461,#4422,#4423);
#3574=AXIS2_PLACEMENT_3D('',#5462,#4424,#4425);
#3575=AXIS2_PLACEMENT_3D('',#5463,#4426,#4427);
#3576=AXIS2_PLACEMENT_3D('',#5468,#4432,#4433);
#3577=AXIS2_PLACEMENT_3D('',#5470,#4435,#4436);
#3578=AXIS2_PLACEMENT_3D('',#5472,#4437,#4438);
#3579=AXIS2_PLACEMENT_3D('',#5474,#4440,#4441);
#3580=AXIS2_PLACEMENT_3D('',#5476,#4443,#4444);
#3581=AXIS2_PLACEMENT_3D('',#5480,#4447,#4448);
#3582=AXIS2_PLACEMENT_3D('',#5482,#4449,#4450);
#3583=AXIS2_PLACEMENT_3D('',#5484,#4452,#4453);
#3584=AXIS2_PLACEMENT_3D('',#5486,#4455,#4456);
#3585=AXIS2_PLACEMENT_3D('',#5490,#4459,#4460);
#3586=AXIS2_PLACEMENT_3D('',#5492,#4461,#4462);
#3587=AXIS2_PLACEMENT_3D('',#5494,#4464,#4465);
#3588=AXIS2_PLACEMENT_3D('',#5496,#4467,#4468);
#3589=AXIS2_PLACEMENT_3D('',#5500,#4471,#4472);
#3590=AXIS2_PLACEMENT_3D('',#5502,#4473,#4474);
#3591=AXIS2_PLACEMENT_3D('',#5504,#4476,#4477);
#3592=AXIS2_PLACEMENT_3D('',#5505,#4478,#4479);
#3593=AXIS2_PLACEMENT_3D('',#5506,#4480,#4481);
#3594=AXIS2_PLACEMENT_3D('',#5510,#4484,#4485);
#3595=AXIS2_PLACEMENT_3D('',#5512,#4486,#4487);
#3596=AXIS2_PLACEMENT_3D('',#5514,#4489,#4490);
#3597=AXIS2_PLACEMENT_3D('',#5518,#4493,#4494);
#3598=AXIS2_PLACEMENT_3D('',#5520,#4495,#4496);
#3599=AXIS2_PLACEMENT_3D('',#5522,#4498,#4499);
#3600=AXIS2_PLACEMENT_3D('',#5526,#4502,#4503);
#3601=AXIS2_PLACEMENT_3D('',#5528,#4504,#4505);
#3602=AXIS2_PLACEMENT_3D('',#5530,#4507,#4508);
#3603=AXIS2_PLACEMENT_3D('',#5534,#4511,#4512);
#3604=AXIS2_PLACEMENT_3D('',#5536,#4513,#4514);
#3605=AXIS2_PLACEMENT_3D('',#5538,#4516,#4517);
#3606=AXIS2_PLACEMENT_3D('',#5540,#4518,#4519);
#3607=AXIS2_PLACEMENT_3D('',#5542,#4521,#4522);
#3608=AXIS2_PLACEMENT_3D('',#5544,#4523,#4524);
#3609=AXIS2_PLACEMENT_3D('',#5546,#4526,#4527);
#3610=AXIS2_PLACEMENT_3D('',#5550,#4530,#4531);
#3611=AXIS2_PLACEMENT_3D('',#5552,#4532,#4533);
#3612=AXIS2_PLACEMENT_3D('',#5554,#4535,#4536);
#3613=AXIS2_PLACEMENT_3D('',#5558,#4539,#4540);
#3614=AXIS2_PLACEMENT_3D('',#5560,#4541,#4542);
#3615=AXIS2_PLACEMENT_3D('',#5562,#4544,#4545);
#3616=AXIS2_PLACEMENT_3D('',#5566,#4548,#4549);
#3617=AXIS2_PLACEMENT_3D('',#5568,#4550,#4551);
#3618=AXIS2_PLACEMENT_3D('',#5570,#4553,#4554);
#3619=AXIS2_PLACEMENT_3D('',#5574,#4557,#4558);
#3620=AXIS2_PLACEMENT_3D('',#5576,#4559,#4560);
#3621=AXIS2_PLACEMENT_3D('',#5578,#4562,#4563);
#3622=AXIS2_PLACEMENT_3D('',#5582,#4566,#4567);
#3623=AXIS2_PLACEMENT_3D('',#5584,#4568,#4569);
#3624=AXIS2_PLACEMENT_3D('',#5586,#4571,#4572);
#3625=AXIS2_PLACEMENT_3D('',#5590,#4575,#4576);
#3626=AXIS2_PLACEMENT_3D('',#5591,#4577,#4578);
#3627=AXIS2_PLACEMENT_3D('',#5593,#4580,#4581);
#3628=AXIS2_PLACEMENT_3D('',#5594,#4582,#4583);
#3629=AXIS2_PLACEMENT_3D('',#5595,#4584,#4585);
#3630=AXIS2_PLACEMENT_3D('',#5597,#4587,#4588);
#3631=AXIS2_PLACEMENT_3D('',#5599,#4590,#4591);
#3632=AXIS2_PLACEMENT_3D('',#5601,#4593,#4594);
#3633=AXIS2_PLACEMENT_3D('',#5603,#4596,#4597);
#3634=AXIS2_PLACEMENT_3D('',#5605,#4599,#4600);
#3635=AXIS2_PLACEMENT_3D('',#5607,#4602,#4603);
#3636=AXIS2_PLACEMENT_3D('',#5609,#4605,#4606);
#3637=AXIS2_PLACEMENT_3D('',#5611,#4608,#4609);
#3638=AXIS2_PLACEMENT_3D('',#5614,#4612,#4613);
#3639=AXIS2_PLACEMENT_3D('',#5615,#4614,#4615);
#3640=AXIS2_PLACEMENT_3D('',#5617,#4617,#4618);
#3641=AXIS2_PLACEMENT_3D('',#5619,#4620,#4621);
#3642=AXIS2_PLACEMENT_3D('',#5622,#4624,#4625);
#3643=AXIS2_PLACEMENT_3D('',#5625,#4628,#4629);
#3644=AXIS2_PLACEMENT_3D('',#5631,#4631,#4632);
#3645=AXIS2_PLACEMENT_3D('',#5632,#4633,#4634);
#3646=AXIS2_PLACEMENT_3D('',#5637,#4635,#4636);
#3647=AXIS2_PLACEMENT_3D('',#5638,#4637,#4638);
#3648=AXIS2_PLACEMENT_3D('',#5640,#4640,#4641);
#3649=AXIS2_PLACEMENT_3D('',#5641,#4642,#4643);
#3650=AXIS2_PLACEMENT_3D('',#5642,#4644,#4645);
#3651=AXIS2_PLACEMENT_3D('',#5644,#4647,#4648);
#3652=AXIS2_PLACEMENT_3D('',#5645,#4649,#4650);
#3653=AXIS2_PLACEMENT_3D('',#5646,#4651,#4652);
#3654=AXIS2_PLACEMENT_3D('',#5648,#4654,#4655);
#3655=AXIS2_PLACEMENT_3D('',#5649,#4656,#4657);
#3656=AXIS2_PLACEMENT_3D('',#5651,#4659,#4660);
#3657=AXIS2_PLACEMENT_3D('',#5652,#4661,#4662);
#3658=AXIS2_PLACEMENT_3D('',#5653,#4663,#4664);
#3659=AXIS2_PLACEMENT_3D('',#5654,#4665,#4666);
#3660=AXIS2_PLACEMENT_3D('',#5655,#4667,#4668);
#3661=AXIS2_PLACEMENT_3D('',#5656,#4669,#4670);
#3662=AXIS2_PLACEMENT_3D('',#5657,#4671,#4672);
#3663=AXIS2_PLACEMENT_3D('',#5659,#4674,#4675);
#3664=AXIS2_PLACEMENT_3D('',#5660,#4676,#4677);
#3665=AXIS2_PLACEMENT_3D('',#5661,#4678,#4679);
#3666=AXIS2_PLACEMENT_3D('',#5662,#4680,#4681);
#3667=DIRECTION('axis',(0.,0.,1.));
#3668=DIRECTION('refdir',(1.,0.,0.));
#3669=DIRECTION('center_axis',(0.,0.,1.));
#3670=DIRECTION('ref_axis',(-1.,0.,0.));
#3671=DIRECTION('center_axis',(0.,0.,1.));
#3672=DIRECTION('ref_axis',(-1.,0.,0.));
#3673=DIRECTION('',(-0.707106781186546,-8.65956056235491E-17,-0.707106781186549));
#3674=DIRECTION('center_axis',(0.,0.,-1.));
#3675=DIRECTION('ref_axis',(-1.,0.,0.));
#3676=DIRECTION('center_axis',(0.,0.,1.));
#3677=DIRECTION('ref_axis',(1.,0.,0.));
#3678=DIRECTION('',(1.,0.,0.));
#3679=DIRECTION('center_axis',(0.,0.,-1.));
#3680=DIRECTION('ref_axis',(-0.707106781186547,0.707106781186548,0.));
#3681=DIRECTION('',(0.,1.,0.));
#3682=DIRECTION('center_axis',(0.,0.,-1.));
#3683=DIRECTION('ref_axis',(-0.707106781186547,-0.707106781186547,0.));
#3684=DIRECTION('',(-1.,0.,0.));
#3685=DIRECTION('center_axis',(0.,0.,-1.));
#3686=DIRECTION('ref_axis',(0.707106781186548,-0.707106781186547,0.));
#3687=DIRECTION('',(2.0840297427385E-16,-1.,0.));
#3688=DIRECTION('center_axis',(0.,0.,-1.));
#3689=DIRECTION('ref_axis',(0.707106781186553,0.707106781186542,0.));
#3690=DIRECTION('center_axis',(0.,0.,1.));
#3691=DIRECTION('ref_axis',(-1.,0.,0.));
#3692=DIRECTION('center_axis',(0.,0.,1.));
#3693=DIRECTION('ref_axis',(-0.0152775641130078,0.999883291206915,0.));
#3694=DIRECTION('',(-1.,0.,0.));
#3695=DIRECTION('center_axis',(0.,0.,1.));
#3696=DIRECTION('ref_axis',(0.999883291206905,0.0152775641136948,0.));
#3697=DIRECTION('',(-1.58606745464649E-16,1.,0.));
#3698=DIRECTION('center_axis',(0.,0.,1.));
#3699=DIRECTION('ref_axis',(0.0152786596801647,-0.999883274466764,0.));
#3700=DIRECTION('',(1.,2.76118731899017E-15,0.));
#3701=DIRECTION('center_axis',(0.,0.,1.));
#3702=DIRECTION('ref_axis',(-0.999883274466842,-0.015278659675073,0.));
#3703=DIRECTION('',(0.,-1.,0.));
#3704=DIRECTION('center_axis',(0.,0.,1.));
#3705=DIRECTION('ref_axis',(-0.995898607716988,0.090476312631342,0.));
#3706=DIRECTION('center_axis',(0.,0.,-1.));
#3707=DIRECTION('ref_axis',(-0.977063394293646,-0.212948640595286,0.));
#3708=DIRECTION('',(1.6653243911033E-14,-1.,0.));
#3709=DIRECTION('center_axis',(0.,0.,1.));
#3710=DIRECTION('ref_axis',(4.58430653363088E-8,0.999999999999999,0.));
#3711=DIRECTION('',(0.,1.,0.));
#3712=DIRECTION('center_axis',(0.,0.,-1.));
#3713=DIRECTION('ref_axis',(-0.999990904028083,-0.00426519180079126,0.));
#3714=DIRECTION('',(1.99839075574742E-14,-1.,0.));
#3715=DIRECTION('center_axis',(0.,0.,1.));
#3716=DIRECTION('ref_axis',(5.34908170338935E-8,0.999999999999998,0.));
#3717=DIRECTION('',(-1.1102171026779E-15,1.,0.));
#3718=DIRECTION('center_axis',(0.,0.,-1.));
#3719=DIRECTION('ref_axis',(-0.999990918055003,-0.00426190186572471,0.));
#3720=DIRECTION('',(1.88736905627035E-14,-1.,0.));
#3721=DIRECTION('center_axis',(0.,0.,1.));
#3722=DIRECTION('ref_axis',(4.96775075250766E-8,0.999999999999999,0.));
#3723=DIRECTION('',(0.,1.,0.));
#3724=DIRECTION('center_axis',(0.,0.,-1.));
#3725=DIRECTION('ref_axis',(-0.999932781426402,-0.0115945085647788,0.));
#3726=DIRECTION('center_axis',(0.,0.,1.));
#3727=DIRECTION('ref_axis',(0.988580454216036,-0.150694012960094,0.));
#3728=DIRECTION('center_axis',(0.,0.,-1.));
#3729=DIRECTION('ref_axis',(-0.999892183376294,-0.0146840601669864,0.));
#3730=DIRECTION('',(-1.,0.,0.));
#3731=DIRECTION('center_axis',(0.,0.,-1.));
#3732=DIRECTION('ref_axis',(0.0151776091943929,-0.999884813455601,0.));
#3733=DIRECTION('',(0.,-1.,0.));
#3734=DIRECTION('center_axis',(0.,0.,-1.));
#3735=DIRECTION('ref_axis',(0.999884829977803,0.0151765206901823,0.));
#3736=DIRECTION('',(1.,4.22938287630276E-15,0.));
#3737=DIRECTION('center_axis',(0.,0.,-1.));
#3738=DIRECTION('ref_axis',(-0.0151769053673432,0.999884824138996,0.));
#3739=DIRECTION('',(0.,1.,0.));
#3740=DIRECTION('center_axis',(0.,0.,1.));
#3741=DIRECTION('ref_axis',(0.313771893085013,-0.949498393421415,0.));
#3742=DIRECTION('center_axis',(0.,0.,1.));
#3743=DIRECTION('ref_axis',(1.,1.4469305532432E-13,0.));
#3744=DIRECTION('center_axis',(0.,0.,-1.));
#3745=DIRECTION('ref_axis',(0.97700697318292,0.213207350604872,0.));
#3746=DIRECTION('',(-2.22043305469408E-15,1.,0.));
#3747=DIRECTION('center_axis',(0.,0.,1.));
#3748=DIRECTION('ref_axis',(-0.999999999999253,-1.22265982732353E-6,0.));
#3749=DIRECTION('',(0.,-1.,0.));
#3750=DIRECTION('center_axis',(0.,0.,-1.));
#3751=DIRECTION('ref_axis',(0.999990912175894,0.00426328108667656,0.));
#3752=DIRECTION('',(-1.11021710407011E-15,1.,0.));
#3753=DIRECTION('center_axis',(0.,0.,1.));
#3754=DIRECTION('ref_axis',(-0.999999999999253,-1.22265909962186E-6,0.));
#3755=DIRECTION('',(0.,-1.,0.));
#3756=DIRECTION('center_axis',(0.,0.,-1.));
#3757=DIRECTION('ref_axis',(1.,0.,0.));
#3758=DIRECTION('',(-4.44089211173532E-15,1.,0.));
#3759=DIRECTION('center_axis',(0.,0.,1.));
#3760=DIRECTION('ref_axis',(-0.999999999999253,-1.22265909962187E-6,0.));
#3761=DIRECTION('',(0.,-1.,0.));
#3762=DIRECTION('center_axis',(0.,0.,-1.));
#3763=DIRECTION('ref_axis',(0.999932810793491,0.0115919756137497,0.));
#3764=DIRECTION('center_axis',(0.,0.,1.));
#3765=DIRECTION('ref_axis',(-0.999778252789262,-0.0210581397480901,0.));
#3766=DIRECTION('',(0.,-1.,0.));
#3767=DIRECTION('center_axis',(0.,0.,-1.));
#3768=DIRECTION('ref_axis',(-1.,0.,0.));
#3769=DIRECTION('center_axis',(0.,0.,1.));
#3770=DIRECTION('ref_axis',(-1.,0.,0.));
#3771=DIRECTION('',(0.,0.,1.));
#3772=DIRECTION('center_axis',(0.,0.,1.));
#3773=DIRECTION('ref_axis',(-1.,0.,0.));
#3774=DIRECTION('',(-0.707106781186547,-8.65956056235493E-17,-0.707106781186548));
#3775=DIRECTION('center_axis',(0.,0.,-1.));
#3776=DIRECTION('ref_axis',(-1.,0.,0.));
#3777=DIRECTION('center_axis',(0.,0.,-1.));
#3778=DIRECTION('ref_axis',(-1.,0.,0.));
#3779=DIRECTION('center_axis',(0.,0.,1.));
#3780=DIRECTION('ref_axis',(-1.,0.,0.));
#3781=DIRECTION('',(0.,0.,1.));
#3782=DIRECTION('center_axis',(0.,0.,1.));
#3783=DIRECTION('ref_axis',(-1.,0.,0.));
#3784=DIRECTION('',(1.,0.,0.));
#3785=DIRECTION('',(0.707106781186355,-0.70710678118674,0.));
#3786=DIRECTION('',(5.42775700927847E-15,-1.,0.));
#3787=DIRECTION('',(-0.707106781186926,-0.707106781186169,0.));
#3788=DIRECTION('',(-1.,0.,0.));
#3789=DIRECTION('center_axis',(0.,0.,1.));
#3790=DIRECTION('ref_axis',(0.707106781186547,0.707106781186548,0.));
#3791=DIRECTION('',(-2.0840297427385E-16,1.,0.));
#3792=DIRECTION('center_axis',(0.,0.,1.));
#3793=DIRECTION('ref_axis',(0.707106781186547,-0.707106781186548,0.));
#3794=DIRECTION('center_axis',(0.,0.,1.));
#3795=DIRECTION('ref_axis',(-1.,0.,0.));
#3796=DIRECTION('',(1.,0.,0.));
#3797=DIRECTION('center_axis',(0.,0.,1.));
#3798=DIRECTION('ref_axis',(-0.707106781186547,-0.707106781186547,0.));
#3799=DIRECTION('',(0.,-1.,0.));
#3800=DIRECTION('center_axis',(0.,0.,1.));
#3801=DIRECTION('ref_axis',(-0.707106781186549,0.707106781186546,0.));
#3802=DIRECTION('',(-1.,0.,0.));
#3803=DIRECTION('',(0.,1.,0.));
#3804=DIRECTION('center_axis',(0.,0.,1.));
#3805=DIRECTION('ref_axis',(4.5843068144317E-8,0.999999999999999,0.));
#3806=DIRECTION('center_axis',(0.,0.,-1.));
#3807=DIRECTION('ref_axis',(4.58430634963134E-8,0.999999999999999,0.));
#3808=DIRECTION('',(0.707106781181677,-2.59364704501631E-6,0.707106781186662));
#3809=DIRECTION('',(-0.707106781186547,-1.57009245868377E-14,0.707106781186547));
#3810=DIRECTION('center_axis',(0.,0.,1.));
#3811=DIRECTION('ref_axis',(5.34908158403621E-8,0.999999999999999,0.));
#3812=DIRECTION('center_axis',(0.,0.,-1.));
#3813=DIRECTION('ref_axis',(5.34908140347628E-8,0.999999999999998,0.));
#3814=DIRECTION('',(0.707106781179997,-3.02592316578886E-6,0.707106781186623));
#3815=DIRECTION('',(-0.707106781186547,-1.57009245868377E-14,0.707106781186547));
#3816=DIRECTION('center_axis',(0.,0.,1.));
#3817=DIRECTION('ref_axis',(4.96775051745138E-8,0.999999999999999,0.));
#3818=DIRECTION('center_axis',(0.,0.,-1.));
#3819=DIRECTION('ref_axis',(4.96775105145525E-8,0.999999999999999,0.));
#3820=DIRECTION('',(0.707106781180867,-2.80978500727183E-6,0.707106781186645));
#3821=DIRECTION('',(-0.707106781186547,-1.57009245868377E-14,0.707106781186547));
#3822=DIRECTION('center_axis',(0.,0.,-1.));
#3823=DIRECTION('ref_axis',(-0.999892183376294,-0.0146840601669864,0.));
#3824=DIRECTION('center_axis',(-0.704970969702322,0.0368414989246033,0.708278642791067));
#3825=DIRECTION('ref_axis',(0.707308249776146,-0.0370631968133978,0.705932970784463));
#3826=DIRECTION('center_axis',(0.,0.,1.));
#3827=DIRECTION('ref_axis',(-0.999892183376294,-0.0146840601669864,0.));
#3828=DIRECTION('center_axis',(0.00825072220131779,0.707049876487828,-0.707115547659436));
#3829=DIRECTION('ref_axis',(0.853783714841521,-0.373103915041286,-0.363107197466914));
#3830=DIRECTION('center_axis',(0.,0.,1.));
#3831=DIRECTION('ref_axis',(-0.995898607716988,0.0904763126313427,0.));
#3832=DIRECTION('center_axis',(0.,0.,-1.));
#3833=DIRECTION('ref_axis',(-0.995898607716988,0.0904763126313424,0.));
#3834=DIRECTION('',(0.651019712589075,0.27599516992208,0.707106781186633));
#3835=DIRECTION('center_axis',(0.,0.,1.));
#3836=DIRECTION('ref_axis',(-0.999778252789262,-0.0210581397480892,0.));
#3837=DIRECTION('center_axis',(0.,0.,-1.));
#3838=DIRECTION('ref_axis',(-0.999778252789262,-0.0210581397480899,0.));
#3839=DIRECTION('center_axis',(0.,0.,-1.));
#3840=DIRECTION('ref_axis',(-0.999892183376294,-0.0146840601669864,0.));
#3841=DIRECTION('',(0.,0.,-1.));
#3842=DIRECTION('center_axis',(0.,0.,-1.));
#3843=DIRECTION('ref_axis',(-0.999892183376294,-0.0146840601669864,0.));
#3844=DIRECTION('',(0.,0.,-1.));
#3845=DIRECTION('center_axis',(0.,0.,-1.));
#3846=DIRECTION('ref_axis',(4.96775105145525E-8,0.999999999999999,0.));
#3847=DIRECTION('',(0.,0.,-1.));
#3848=DIRECTION('center_axis',(0.,0.,1.));
#3849=DIRECTION('ref_axis',(0.999999999992105,-3.9736355214369E-6,0.));
#3850=DIRECTION('',(0.,0.,-1.));
#3851=DIRECTION('center_axis',(0.,0.,-1.));
#3852=DIRECTION('ref_axis',(5.34908140347628E-8,0.999999999999998,0.));
#3853=DIRECTION('',(0.,0.,-1.));
#3854=DIRECTION('center_axis',(0.,0.,1.));
#3855=DIRECTION('ref_axis',(0.999999999990844,-4.27930058232108E-6,0.));
#3856=DIRECTION('',(0.,0.,-1.));
#3857=DIRECTION('center_axis',(0.,0.,-1.));
#3858=DIRECTION('ref_axis',(4.58430634963134E-8,0.999999999999999,0.));
#3859=DIRECTION('',(0.,0.,-1.));
#3860=DIRECTION('center_axis',(0.,0.,1.));
#3861=DIRECTION('ref_axis',(0.999999999993273,-3.66797137688696E-6,0.));
#3862=DIRECTION('',(0.,0.,-1.));
#3863=DIRECTION('center_axis',(4.93432455388951E-15,-1.,-4.93432455388953E-16));
#3864=DIRECTION('ref_axis',(-0.707106781186555,-3.14018491736754E-15,-0.70710678118654));
#3865=DIRECTION('center_axis',(-0.382683432365253,-0.923879532511219,4.21283760544567E-14));
#3866=DIRECTION('ref_axis',(0.923879532511219,-0.382683432365253,-5.03167740663911E-11));
#3867=DIRECTION('center_axis',(-0.382683432365039,0.923879532511308,-3.38945568256348E-14));
#3868=DIRECTION('ref_axis',(0.923879532511308,0.382683432365039,-1.57620579112283E-11));
#3869=DIRECTION('',(-5.42775700927847E-15,1.,0.));
#3870=DIRECTION('center_axis',(-0.70710678118693,-0.707106781186165,-5.32907051820075E-15));
#3871=DIRECTION('ref_axis',(-0.499999999999724,0.50000000000027,-0.707106781186551));
#3872=DIRECTION('center_axis',(-0.923879532511406,-0.382683432364801,-4.73244755678659E-14));
#3873=DIRECTION('ref_axis',(0.382683432364801,-0.923879532511406,-1.02771186778578E-11));
#3874=DIRECTION('',(0.707106781186926,0.707106781186169,0.));
#3875=DIRECTION('center_axis',(1.,0.,0.));
#3876=DIRECTION('ref_axis',(0.,-0.707106781186548,-0.707106781186547));
#3877=DIRECTION('center_axis',(0.923879532511139,-0.382683432365446,-1.96758968239267E-13));
#3878=DIRECTION('ref_axis',(0.382683432365446,0.923879532511139,2.37572998657811E-11));
#3879=DIRECTION('center_axis',(-1.,0.,0.));
#3880=DIRECTION('ref_axis',(0.,0.,-1.));
#3881=DIRECTION('',(-1.,0.,0.));
#3882=DIRECTION('center_axis',(-1.04201487136923E-16,1.,-1.04201487136925E-16));
#3883=DIRECTION('ref_axis',(0.707106781186556,6.16297582203916E-31,-0.707106781186539));
#3884=DIRECTION('center_axis',(2.22044604925028E-15,-1.,0.));
#3885=DIRECTION('ref_axis',(0.,0.,-1.));
#3886=DIRECTION('center_axis',(0.,-1.,0.));
#3887=DIRECTION('ref_axis',(0.,0.,-1.));
#3888=DIRECTION('',(2.0840297427385E-16,-1.,0.));
#3889=DIRECTION('center_axis',(-1.,0.,0.));
#3890=DIRECTION('ref_axis',(0.,0.707106781186546,-0.70710678118655));
#3891=DIRECTION('center_axis',(1.,0.,0.));
#3892=DIRECTION('ref_axis',(0.,0.,-1.));
#3893=DIRECTION('',(1.,0.,0.));
#3894=DIRECTION('center_axis',(0.707106781186359,-0.707106781186736,6.10622663543836E-15));
#3895=DIRECTION('ref_axis',(-0.500000000000127,-0.499999999999866,-0.707106781186552));
#3896=DIRECTION('',(-0.707106781186355,0.70710678118674,0.));
#3897=DIRECTION('center_axis',(0.,0.,-1.));
#3898=DIRECTION('ref_axis',(0.707106781186547,-0.707106781186548,0.));
#3899=DIRECTION('center_axis',(0.,0.,1.));
#3900=DIRECTION('ref_axis',(0.707106781186547,-0.707106781186548,0.));
#3901=DIRECTION('',(0.,0.,-1.));
#3902=DIRECTION('center_axis',(0.,0.,-1.));
#3903=DIRECTION('ref_axis',(0.707106781186547,-0.707106781186548,0.));
#3904=DIRECTION('',(0.,0.,1.));
#3905=DIRECTION('center_axis',(0.,0.,1.));
#3906=DIRECTION('ref_axis',(0.707106781186553,0.707106781186542,0.));
#3907=DIRECTION('center_axis',(0.,0.,-1.));
#3908=DIRECTION('ref_axis',(0.707106781186547,0.707106781186548,0.));
#3909=DIRECTION('',(0.,0.,1.));
#3910=DIRECTION('center_axis',(0.,0.,1.));
#3911=DIRECTION('ref_axis',(0.707106781186553,0.707106781186542,0.));
#3912=DIRECTION('',(0.,0.,-1.));
#3913=DIRECTION('center_axis',(0.,0.,-1.));
#3914=DIRECTION('ref_axis',(0.707106781186553,0.707106781186543,0.));
#3915=DIRECTION('',(-0.707106781186543,0.,0.707106781186552));
#3916=DIRECTION('',(-1.17756934401286E-15,-0.707106781186522,0.707106781186573));
#3917=DIRECTION('center_axis',(0.,0.,-1.));
#3918=DIRECTION('ref_axis',(0.707106781186547,-0.707106781186548,0.));
#3919=DIRECTION('',(0.,0.707106781186547,0.707106781186547));
#3920=DIRECTION('',(-0.707106781186554,0.,0.707106781186541));
#3921=DIRECTION('center_axis',(0.,0.,1.));
#3922=DIRECTION('ref_axis',(0.0152786596801626,-0.999883274466764,0.));
#3923=DIRECTION('center_axis',(0.,0.,-1.));
#3924=DIRECTION('ref_axis',(0.0152786596801644,-0.999883274466764,0.));
#3925=DIRECTION('',(-0.00540174312365012,0.707096464837446,-0.707096464837446));
#3926=DIRECTION('center_axis',(0.707106781186483,-1.57846617727097E-11,
-0.707106781186612));
#3927=DIRECTION('ref_axis',(-0.00476849610668247,-0.99997726118646,-0.00476849608435922));
#3928=DIRECTION('center_axis',(0.,0.,1.));
#3929=DIRECTION('ref_axis',(0.999883291206905,0.0152775641136947,0.));
#3930=DIRECTION('center_axis',(0.,0.,-1.));
#3931=DIRECTION('ref_axis',(0.999883291206905,0.0152775641136946,0.));
#3932=DIRECTION('',(-0.707096466316837,-0.0054013557993389,-0.707096466316846));
#3933=DIRECTION('center_axis',(1.41544869745419E-16,0.707106781186572,-0.707106781186523));
#3934=DIRECTION('ref_axis',(0.999977264440148,-0.00476815492608253,-0.00476815492608266));
#3935=DIRECTION('center_axis',(0.,0.,1.));
#3936=DIRECTION('ref_axis',(-0.0152775641130079,0.999883291206915,0.));
#3937=DIRECTION('center_axis',(0.,0.,-1.));
#3938=DIRECTION('ref_axis',(-0.0152775641130079,0.999883291206915,0.));
#3939=DIRECTION('',(0.00540135579912553,-0.707096466316817,-0.707096466316868));
#3940=DIRECTION('center_axis',(0.707106781190695,2.72350216835132E-11,0.7071067811824));
#3941=DIRECTION('ref_axis',(0.139028888358062,0.980480462014863,-0.139028888397495));
#3942=DIRECTION('center_axis',(0.,0.,-1.));
#3943=DIRECTION('ref_axis',(0.015278659680163,-0.999883274466764,0.));
#3944=DIRECTION('',(0.00540174106310684,-0.707096195109378,-0.707096734581152));
#3945=DIRECTION('center_axis',(0.,0.,1.));
#3946=DIRECTION('ref_axis',(0.0152786596801644,-0.999883274466764,0.));
#3947=DIRECTION('center_axis',(0.707107050926187,-3.59399067670263E-11,
0.707106511446805));
#3948=DIRECTION('ref_axis',(-0.00287142492715559,-0.999991754878752,0.00287142706705235));
#3949=DIRECTION('center_axis',(0.,0.,-1.));
#3950=DIRECTION('ref_axis',(0.0152786596801621,-0.999883274466764,0.));
#3951=DIRECTION('center_axis',(0.,0.,-1.));
#3952=DIRECTION('ref_axis',(0.999883291206905,0.0152775641136942,0.));
#3953=DIRECTION('',(0.707096196588765,0.00540135373894652,-0.707096736060554));
#3954=DIRECTION('center_axis',(0.,0.,1.));
#3955=DIRECTION('ref_axis',(0.999883291206905,0.0152775641136946,0.));
#3956=DIRECTION('center_axis',(-3.44618359441458E-12,0.707107050926354,
0.707106511446638));
#3957=DIRECTION('ref_axis',(0.99999175606593,-0.00287121817086212,0.0028712203663024));
#3958=DIRECTION('center_axis',(0.,0.,-1.));
#3959=DIRECTION('ref_axis',(0.999883291206905,0.0152775641136948,0.));
#3960=DIRECTION('center_axis',(0.,0.,-1.));
#3961=DIRECTION('ref_axis',(-0.0152775641130073,0.999883291206915,0.));
#3962=DIRECTION('',(-0.00540135373873313,0.707096196588748,-0.707096736060573));
#3963=DIRECTION('center_axis',(0.,0.,1.));
#3964=DIRECTION('ref_axis',(-0.0152775641130079,0.999883291206915,0.));
#3965=DIRECTION('center_axis',(0.,0.,-1.));
#3966=DIRECTION('ref_axis',(-0.0152775641130079,0.999883291206915,0.));
#3967=DIRECTION('center_axis',(2.48689957516035E-14,-0.7071067811865,0.707106781186595));
#3968=DIRECTION('ref_axis',(0.577350269189633,-0.577350269189651,-0.577350269189594));
#3969=DIRECTION('center_axis',(0.,1.,-7.10542735760103E-14));
#3970=DIRECTION('ref_axis',(1.,0.,0.));
#3971=DIRECTION('center_axis',(0.,0.,1.));
#3972=DIRECTION('ref_axis',(0.,-1.,0.));
#3973=DIRECTION('center_axis',(-1.,0.,0.));
#3974=DIRECTION('ref_axis',(0.,0.,-1.));
#3975=DIRECTION('center_axis',(3.5527136788007E-14,-0.707106781186514,-0.707106781186581));
#3976=DIRECTION('ref_axis',(0.577350269189586,0.577350269189689,-0.577350269189602));
#3977=DIRECTION('center_axis',(0.,0.,1.));
#3978=DIRECTION('ref_axis',(1.,0.,0.));
#3979=DIRECTION('center_axis',(1.42108547152021E-13,-1.,0.));
#3980=DIRECTION('ref_axis',(0.,0.,-1.));
#3981=DIRECTION('center_axis',(-1.,0.,0.));
#3982=DIRECTION('ref_axis',(0.,1.,0.));
#3983=DIRECTION('center_axis',(0.,0.,-1.));
#3984=DIRECTION('ref_axis',(0.707106781186674,0.707106781186421,0.));
#3985=DIRECTION('center_axis',(-0.707106781186555,-4.08064961313372E-14,
-0.70710678118654));
#3986=DIRECTION('ref_axis',(0.70710678118654,-2.68056776157307E-12,-0.707106781186555));
#3987=DIRECTION('',(0.,0.,-1.));
#3988=DIRECTION('',(0.,0.,1.));
#3989=DIRECTION('center_axis',(0.,1.,0.));
#3990=DIRECTION('ref_axis',(0.707106781186548,0.,-0.707106781186547));
#3991=DIRECTION('',(0.,-1.,0.));
#3992=DIRECTION('center_axis',(0.,0.,-1.));
#3993=DIRECTION('ref_axis',(0.707106781186523,-0.707106781186572,0.));
#3994=DIRECTION('center_axis',(-0.707106781186546,-2.67438195502072E-15,
-0.707106781186549));
#3995=DIRECTION('ref_axis',(0.707106781185887,-1.36867745234164E-6,-0.707106781185884));
#3996=DIRECTION('',(0.,0.,-1.));
#3997=DIRECTION('',(0.,0.,1.));
#3998=DIRECTION('center_axis',(2.8421709430404E-14,-0.7071067811865,-0.707106781186595));
#3999=DIRECTION('ref_axis',(-0.577350269189637,0.577350269189647,-0.577350269189594));
#4000=DIRECTION('center_axis',(1.,2.22044604925044E-15,0.));
#4001=DIRECTION('ref_axis',(0.,0.,-1.));
#4002=DIRECTION('center_axis',(0.,-1.,1.42108547152021E-13));
#4003=DIRECTION('ref_axis',(-1.,0.,0.));
#4004=DIRECTION('center_axis',(0.,0.,1.));
#4005=DIRECTION('ref_axis',(0.,1.,0.));
#4006=DIRECTION('center_axis',(-1.4210854715202E-14,-0.70710678118652,0.707106781186575));
#4007=DIRECTION('ref_axis',(-0.57735026918965,-0.577350269189627,-0.5773502691896));
#4008=DIRECTION('center_axis',(1.,0.,0.));
#4009=DIRECTION('ref_axis',(0.,-1.,0.));
#4010=DIRECTION('center_axis',(0.,0.,1.));
#4011=DIRECTION('ref_axis',(-1.,0.,0.));
#4012=DIRECTION('center_axis',(0.,1.,0.));
#4013=DIRECTION('ref_axis',(0.,0.,-1.));
#4014=DIRECTION('center_axis',(0.,-1.,0.));
#4015=DIRECTION('ref_axis',(-0.707106781186544,0.,-0.707106781186551));
#4016=DIRECTION('',(0.,-1.,0.));
#4017=DIRECTION('',(0.,1.,0.));
#4018=DIRECTION('center_axis',(0.,1.,0.));
#4019=DIRECTION('ref_axis',(0.707106781186545,0.,-0.707106781186551));
#4020=DIRECTION('center_axis',(-0.0148239883954744,-0.999865232432724,0.00705452622832563));
#4021=DIRECTION('ref_axis',(0.99989011862946,-0.0148235775691353,0.000110522470289973));
#4022=DIRECTION('center_axis',(-0.0141231219508353,-0.999882394092415,0.00597791020192685));
#4023=DIRECTION('ref_axis',(0.706955979723232,-0.0142131653723527,-0.707114721006191));
#4024=DIRECTION('',(0.,1.,0.));
#4025=DIRECTION('center_axis',(0.00458017542709772,-0.999987711364894,0.00189713264125984));
#4026=DIRECTION('ref_axis',(0.707066205660451,0.00189696307038789,-0.707144810024116));
#4027=DIRECTION('center_axis',(0.00189871230620698,-0.999987714354144,0.00457886802100546));
#4028=DIRECTION('ref_axis',(0.999998195505648,0.00189897750592594,5.35712687114181E-5));
#4029=DIRECTION('',(0.,-1.,0.));
#4030=DIRECTION('center_axis',(1.,0.,0.));
#4031=DIRECTION('ref_axis',(0.,-0.707106781186522,-0.707106781186573));
#4032=DIRECTION('',(1.,0.,0.));
#4033=DIRECTION('center_axis',(0.999882394076436,0.0141231206330429,0.00597791598795559));
#4034=DIRECTION('ref_axis',(0.00597697750293705,0.000108658593756878,-0.999982131806984));
#4035=DIRECTION('center_axis',(0.999865232130425,0.0148240050742178,0.0070545340264732));
#4036=DIRECTION('ref_axis',(0.015470214310394,-0.706960054540999,-0.707084262130461));
#4037=DIRECTION('',(-1.,0.,0.));
#4038=DIRECTION('center_axis',(-1.,-4.22938287630276E-15,7.88860905221012E-31));
#4039=DIRECTION('ref_axis',(-2.99062531206784E-15,0.707106781186521,-0.707106781186574));
#4040=DIRECTION('center_axis',(0.999865251683046,-0.0148229285327887,0.00705402484477814));
#4041=DIRECTION('ref_axis',(0.0148225177941892,0.999890134342022,0.000110506716519324));
#4042=DIRECTION('center_axis',(0.999882410838122,-0.0141221149699827,0.00597748821166302));
#4043=DIRECTION('ref_axis',(0.0142121550147383,0.706955999914064,-0.707114721127586));
#4044=DIRECTION('',(-1.,-4.22938287630276E-15,0.));
#4045=DIRECTION('',(1.,4.22938287630276E-15,0.));
#4046=DIRECTION('center_axis',(0.,0.,-1.));
#4047=DIRECTION('ref_axis',(-0.70710678118657,-0.707106781186525,0.));
#4048=DIRECTION('center_axis',(0.707089443635104,-5.14345911617616E-6,-0.707124118294196));
#4049=DIRECTION('ref_axis',(0.707124118275487,-5.1437196200093E-6,0.707089443653811));
#4050=DIRECTION('',(0.,0.,-1.));
#4051=DIRECTION('',(0.,0.,1.));
#4052=DIRECTION('center_axis',(0.707089443644559,0.,-0.707124118303447));
#4053=DIRECTION('ref_axis',(-0.707124118303447,9.81331846760309E-17,-0.707089443644559));
#4054=DIRECTION('center_axis',(0.,0.,-1.));
#4055=DIRECTION('ref_axis',(-0.707106781186572,0.707106781186523,0.));
#4056=DIRECTION('center_axis',(0.707089443635251,-5.14345889383617E-6,-0.70712411829405));
#4057=DIRECTION('ref_axis',(0.707124118275341,-5.14370865842195E-6,0.707089443653958));
#4058=DIRECTION('center_axis',(0.707089443644559,0.,-0.707124118303447));
#4059=DIRECTION('ref_axis',(-0.707124118303447,-9.81331846760312E-17,-0.707089443644559));
#4060=DIRECTION('',(0.,0.,-1.));
#4061=DIRECTION('',(0.,0.,1.));
#4062=DIRECTION('center_axis',(-1.,0.,0.));
#4063=DIRECTION('ref_axis',(0.,0.707106781186523,-0.707106781186572));
#4064=DIRECTION('center_axis',(1.,0.,0.));
#4065=DIRECTION('ref_axis',(0.,0.,-1.));
#4066=DIRECTION('',(1.,0.,0.));
#4067=DIRECTION('center_axis',(0.,0.,-1.));
#4068=DIRECTION('ref_axis',(-0.707106781186548,-0.707106781186548,0.));
#4069=DIRECTION('',(0.707106781186541,0.,0.707106781186554));
#4070=DIRECTION('center_axis',(0.,0.,1.));
#4071=DIRECTION('ref_axis',(-0.707106781186548,-0.707106781186548,0.));
#4072=DIRECTION('',(0.,-0.707106781186547,-0.707106781186547));
#4073=DIRECTION('center_axis',(0.,0.,-1.));
#4074=DIRECTION('ref_axis',(-0.707106781186547,0.707106781186548,0.));
#4075=DIRECTION('',(0.,-0.707106781186522,0.707106781186573));
#4076=DIRECTION('center_axis',(0.,0.,1.));
#4077=DIRECTION('ref_axis',(-0.707106781186548,0.707106781186548,0.));
#4078=DIRECTION('',(0.707106781186554,0.,0.707106781186541));
#4079=DIRECTION('center_axis',(0.,0.,1.));
#4080=DIRECTION('ref_axis',(-0.707106781186548,-0.707106781186548,0.));
#4081=DIRECTION('center_axis',(0.,0.,-1.));
#4082=DIRECTION('ref_axis',(-0.707106781186548,-0.707106781186548,0.));
#4083=DIRECTION('',(0.,0.,1.));
#4084=DIRECTION('',(0.,0.,-1.));
#4085=DIRECTION('center_axis',(0.,0.,1.));
#4086=DIRECTION('ref_axis',(-0.707106781186548,0.707106781186548,0.));
#4087=DIRECTION('center_axis',(0.,0.,-1.));
#4088=DIRECTION('ref_axis',(-0.707106781186549,0.707106781186546,0.));
#4089=DIRECTION('',(0.,0.,1.));
#4090=DIRECTION('',(0.,0.,-1.));
#4091=DIRECTION('center_axis',(1.,0.,0.));
#4092=DIRECTION('ref_axis',(0.,-0.707106781186522,-0.707106781186573));
#4093=DIRECTION('center_axis',(-1.,0.,0.));
#4094=DIRECTION('ref_axis',(0.,0.,-1.));
#4095=DIRECTION('',(-1.,0.,0.));
#4096=DIRECTION('center_axis',(0.,-1.,0.));
#4097=DIRECTION('ref_axis',(-0.707106781186547,0.,-0.707106781186547));
#4098=DIRECTION('center_axis',(0.,1.,0.));
#4099=DIRECTION('ref_axis',(0.,0.,-1.));
#4100=DIRECTION('center_axis',(0.,1.,0.));
#4101=DIRECTION('ref_axis',(0.,0.,-1.));
#4102=DIRECTION('',(0.,1.,0.));
#4103=DIRECTION('center_axis',(0.,-0.707106781186548,0.707106781186548));
#4104=DIRECTION('ref_axis',(-1.,0.,0.));
#4105=DIRECTION('',(1.,0.,0.));
#4106=DIRECTION('center_axis',(0.,0.,1.));
#4107=DIRECTION('ref_axis',(1.,0.,0.));
#4108=DIRECTION('center_axis',(0.,0.,1.));
#4109=DIRECTION('ref_axis',(1.,0.,0.));
#4110=DIRECTION('center_axis',(1.,0.,0.));
#4111=DIRECTION('ref_axis',(0.,1.,0.));
#4112=DIRECTION('',(0.,-1.,0.));
#4113=DIRECTION('center_axis',(-0.707106781186554,0.,0.707106781186541));
#4114=DIRECTION('ref_axis',(0.,1.,0.));
#4115=DIRECTION('center_axis',(0.,-1.,0.));
#4116=DIRECTION('ref_axis',(0.,0.,-1.));
#4117=DIRECTION('',(0.,0.,-1.));
#4118=DIRECTION('',(1.,0.,0.));
#4119=DIRECTION('',(0.,0.,1.));
#4120=DIRECTION('',(0.707106781186547,0.,-0.707106781186547));
#4121=DIRECTION('',(-1.,0.,0.));
#4122=DIRECTION('center_axis',(0.,0.707106781186573,0.707106781186522));
#4123=DIRECTION('ref_axis',(1.,0.,0.));
#4124=DIRECTION('center_axis',(1.,0.,0.));
#4125=DIRECTION('ref_axis',(0.,1.,0.));
#4126=DIRECTION('',(0.,0.,1.));
#4127=DIRECTION('',(0.,0.707104224899444,0.70710933746441));
#4128=DIRECTION('',(0.,-7.62905143342301E-14,1.));
#4129=DIRECTION('',(0.,-0.707106781186554,0.707106781186541));
#4130=DIRECTION('center_axis',(1.,0.,0.));
#4131=DIRECTION('ref_axis',(0.,1.,0.));
#4132=DIRECTION('',(0.,0.,-1.));
#4133=DIRECTION('',(0.,-0.707103694982328,-0.707109867377297));
#4134=DIRECTION('',(0.,0.,-1.));
#4135=DIRECTION('',(0.,0.707105240076051,-0.707108322293685));
#4136=DIRECTION('center_axis',(1.,0.,0.));
#4137=DIRECTION('ref_axis',(0.,1.,0.));
#4138=DIRECTION('',(0.,0.,-1.));
#4139=DIRECTION('',(0.,-0.707106781186554,0.707106781186541));
#4140=DIRECTION('',(0.,-7.62905143342301E-14,1.));
#4141=DIRECTION('',(0.,0.707104224899444,0.70710933746441));
#4142=DIRECTION('center_axis',(0.,-1.,0.));
#4143=DIRECTION('ref_axis',(0.,0.,-1.));
#4144=DIRECTION('',(1.,0.,0.));
#4145=DIRECTION('',(0.,0.,-1.));
#4146=DIRECTION('',(1.,0.,0.));
#4147=DIRECTION('center_axis',(0.,-0.707108322293685,-0.707105240076051));
#4148=DIRECTION('ref_axis',(0.,0.707105240076051,-0.707108322293685));
#4149=DIRECTION('',(0.,0.707105240076051,-0.707108322293685));
#4150=DIRECTION('',(0.999765795017544,0.0153028332602768,-0.0153028888497189));
#4151=DIRECTION('',(1.,2.76118731899017E-15,-2.76119935479441E-15));
#4152=DIRECTION('center_axis',(1.,0.,0.));
#4153=DIRECTION('ref_axis',(0.,1.,0.));
#4154=DIRECTION('',(0.,0.,1.));
#4155=DIRECTION('',(0.,-0.707103694982328,-0.707109867377297));
#4156=DIRECTION('center_axis',(0.,-0.707109867377297,0.707103694982328));
#4157=DIRECTION('ref_axis',(-1.,0.,0.));
#4158=DIRECTION('',(-1.,-2.76118731899017E-15,-2.76121142173329E-15));
#4159=DIRECTION('',(-0.999765793979435,-0.0153028332443871,-0.0153029566869987));
#4160=DIRECTION('center_axis',(0.,0.70710933746441,-0.707104224899444));
#4161=DIRECTION('ref_axis',(-1.,0.,0.));
#4162=DIRECTION('',(-1.,0.,0.));
#4163=DIRECTION('',(-0.999765828150142,0.0153017208185479,0.0153018365973147));
#4164=DIRECTION('',(1.,0.,0.));
#4165=DIRECTION('center_axis',(0.,1.,7.62905143342301E-14));
#4166=DIRECTION('ref_axis',(0.,7.62905143342301E-14,-1.));
#4167=DIRECTION('',(1.,0.,0.));
#4168=DIRECTION('center_axis',(0.,0.707106781186541,0.707106781186554));
#4169=DIRECTION('ref_axis',(1.,0.,0.));
#4170=DIRECTION('',(0.999765829845693,-0.0153017208444988,0.015301725789894));
#4171=DIRECTION('',(1.,0.,0.));
#4172=DIRECTION('center_axis',(0.,-1.,0.));
#4173=DIRECTION('ref_axis',(0.,0.,-1.));
#4174=DIRECTION('',(1.,0.,0.));
#4175=DIRECTION('',(0.,0.,1.));
#4176=DIRECTION('',(1.,0.,0.));
#4177=DIRECTION('',(0.,0.,-1.));
#4178=DIRECTION('center_axis',(1.,0.,0.));
#4179=DIRECTION('ref_axis',(0.,1.,0.));
#4180=DIRECTION('',(0.,0.,1.));
#4181=DIRECTION('',(0.,0.707106781186535,-0.70710678118656));
#4182=DIRECTION('',(0.,0.707106781186541,0.707106781186554));
#4183=DIRECTION('center_axis',(0.,-0.70710678118656,-0.707106781186535));
#4184=DIRECTION('ref_axis',(0.,0.707106781186535,-0.70710678118656));
#4185=DIRECTION('',(-1.,0.,0.));
#4186=DIRECTION('',(0.,0.707106781186535,-0.70710678118656));
#4187=DIRECTION('center_axis',(0.,-0.707106781186554,0.707106781186541));
#4188=DIRECTION('ref_axis',(-1.,0.,0.));
#4189=DIRECTION('',(1.,0.,0.));
#4190=DIRECTION('',(0.,-0.707106781186541,-0.707106781186554));
#4191=DIRECTION('center_axis',(0.,0.707106781186548,0.707106781186548));
#4192=DIRECTION('ref_axis',(1.,0.,0.));
#4193=DIRECTION('',(1.,0.,0.));
#4194=DIRECTION('',(0.,0.707106781186554,-0.707106781186541));
#4195=DIRECTION('',(-1.,-4.22938287630276E-15,4.22938287630268E-15));
#4196=DIRECTION('',(0.,-0.707106781186554,0.707106781186541));
#4197=DIRECTION('center_axis',(0.,1.,0.));
#4198=DIRECTION('ref_axis',(1.,0.,0.));
#4199=DIRECTION('',(1.,0.,0.));
#4200=DIRECTION('',(0.,0.,1.));
#4201=DIRECTION('',(0.,0.,1.));
#4202=DIRECTION('center_axis',(0.,0.707106781186548,-0.707106781186548));
#4203=DIRECTION('ref_axis',(-1.,0.,0.));
#4204=DIRECTION('',(1.,4.22938287630276E-15,4.22938287630276E-15));
#4205=DIRECTION('',(0.,0.707106781186547,0.707106781186547));
#4206=DIRECTION('',(0.,0.707106781186547,0.707106781186547));
#4207=DIRECTION('center_axis',(1.,0.,0.));
#4208=DIRECTION('ref_axis',(0.,1.,0.));
#4209=DIRECTION('',(0.,0.,-1.));
#4210=DIRECTION('center_axis',(1.,0.,0.));
#4211=DIRECTION('ref_axis',(0.,1.,0.));
#4212=DIRECTION('',(0.,0.,-1.));
#4213=DIRECTION('center_axis',(1.,0.,0.));
#4214=DIRECTION('ref_axis',(0.,1.,0.));
#4215=DIRECTION('',(0.,0.,1.));
#4216=DIRECTION('center_axis',(-0.707089443635206,5.14345883234444E-6,0.707124118294094));
#4217=DIRECTION('ref_axis',(7.27412759235296E-6,0.999999999973543,0.));
#4218=DIRECTION('',(0.707124118303447,0.,0.707089443644559));
#4219=DIRECTION('',(0.,0.999999999973546,-7.27377089699151E-6));
#4220=DIRECTION('',(-0.707124118303447,0.,-0.707089443644559));
#4221=DIRECTION('',(0.,0.999999999973546,-7.27377089699151E-6));
#4222=DIRECTION('center_axis',(-0.707089443644559,0.,0.707124118303447));
#4223=DIRECTION('ref_axis',(0.,1.,0.));
#4224=DIRECTION('',(-0.707124118303447,0.,-0.707089443644559));
#4225=DIRECTION('',(0.,-1.,0.));
#4226=DIRECTION('center_axis',(-1.,0.,0.));
#4227=DIRECTION('ref_axis',(0.,0.,1.));
#4228=DIRECTION('center_axis',(-1.,0.,0.));
#4229=DIRECTION('ref_axis',(0.,0.,1.));
#4230=DIRECTION('',(0.,1.,0.));
#4231=DIRECTION('',(0.,0.,-1.));
#4232=DIRECTION('',(0.,-1.,0.));
#4233=DIRECTION('',(0.,0.,1.));
#4234=DIRECTION('center_axis',(0.,0.,-1.));
#4235=DIRECTION('ref_axis',(0.,-1.,0.));
#4236=DIRECTION('center_axis',(0.,0.,1.));
#4237=DIRECTION('ref_axis',(0.707106781186244,-0.707106781186851,0.));
#4238=DIRECTION('center_axis',(0.,0.,1.));
#4239=DIRECTION('ref_axis',(0.707106781186145,0.70710678118695,0.));
#4240=DIRECTION('center_axis',(-0.707089443644559,0.,0.707124118303447));
#4241=DIRECTION('ref_axis',(0.,1.,0.));
#4242=DIRECTION('',(0.707124118303447,0.,0.707089443644559));
#4243=DIRECTION('center_axis',(0.,0.,1.));
#4244=DIRECTION('ref_axis',(1.,0.,0.));
#4245=DIRECTION('center_axis',(0.,0.,-1.));
#4246=DIRECTION('ref_axis',(0.707106781186145,0.70710678118695,0.));
#4247=DIRECTION('center_axis',(0.,0.,1.));
#4248=DIRECTION('ref_axis',(1.,0.,0.));
#4249=DIRECTION('center_axis',(0.,0.,-1.));
#4250=DIRECTION('ref_axis',(0.707106781186243,-0.707106781186852,0.));
#4251=DIRECTION('center_axis',(0.,0.,-1.));
#4252=DIRECTION('ref_axis',(0.,-1.,0.));
#4253=DIRECTION('',(1.,4.22938287630276E-15,0.));
#4254=DIRECTION('',(-1.,0.,0.));
#4255=DIRECTION('center_axis',(0.,0.,1.));
#4256=DIRECTION('ref_axis',(0.988580454216035,-0.150694012960094,0.));
#4257=DIRECTION('center_axis',(0.,0.,-1.));
#4258=DIRECTION('ref_axis',(-0.999932781426402,-0.0115945085647795,0.));
#4259=DIRECTION('',(0.,1.,0.));
#4260=DIRECTION('',(1.88736905627035E-14,-1.,0.));
#4261=DIRECTION('center_axis',(0.,0.,-1.));
#4262=DIRECTION('ref_axis',(-0.999990918055003,-0.00426190186572444,0.));
#4263=DIRECTION('',(-1.1102171026779E-15,1.,0.));
#4264=DIRECTION('',(1.99839075574742E-14,-1.,0.));
#4265=DIRECTION('center_axis',(0.,0.,-1.));
#4266=DIRECTION('ref_axis',(-0.999990904028083,-0.00426519180079125,0.));
#4267=DIRECTION('',(0.,1.,0.));
#4268=DIRECTION('',(1.6653243911033E-14,-1.,0.));
#4269=DIRECTION('center_axis',(0.,0.,-1.));
#4270=DIRECTION('ref_axis',(-0.977063394293645,-0.212948640595286,0.));
#4271=DIRECTION('center_axis',(0.,0.,1.));
#4272=DIRECTION('ref_axis',(-0.995898607716988,0.0904763126313424,0.));
#4273=DIRECTION('',(0.,-1.,0.));
#4274=DIRECTION('center_axis',(0.,0.,1.));
#4275=DIRECTION('ref_axis',(-0.999778252789262,-0.0210581397480899,0.));
#4276=DIRECTION('center_axis',(0.,0.,-1.));
#4277=DIRECTION('ref_axis',(0.99993281079349,0.0115919756137497,0.));
#4278=DIRECTION('',(0.,-1.,0.));
#4279=DIRECTION('center_axis',(0.,0.,1.));
#4280=DIRECTION('ref_axis',(-0.999999999999253,-1.22265909906911E-6,0.));
#4281=DIRECTION('',(-4.44089211173532E-15,1.,0.));
#4282=DIRECTION('center_axis',(0.,0.,-1.));
#4283=DIRECTION('ref_axis',(1.,0.,0.));
#4284=DIRECTION('',(0.,-1.,0.));
#4285=DIRECTION('center_axis',(0.,0.,1.));
#4286=DIRECTION('ref_axis',(-0.999999999999253,-1.2226590990691E-6,0.));
#4287=DIRECTION('',(-1.11021710407011E-15,1.,0.));
#4288=DIRECTION('center_axis',(0.,0.,-1.));
#4289=DIRECTION('ref_axis',(0.999990912175894,0.0042632810866763,0.));
#4290=DIRECTION('',(0.,-1.,0.));
#4291=DIRECTION('center_axis',(0.,0.,1.));
#4292=DIRECTION('ref_axis',(-0.999999999999253,-1.22265982854238E-6,0.));
#4293=DIRECTION('',(-2.22043305469408E-15,1.,0.));
#4294=DIRECTION('center_axis',(0.,0.,-1.));
#4295=DIRECTION('ref_axis',(0.97700697318292,0.213207350604872,0.));
#4296=DIRECTION('center_axis',(0.,0.,1.));
#4297=DIRECTION('ref_axis',(1.,1.4394260349382E-13,0.));
#4298=DIRECTION('center_axis',(0.,0.,1.));
#4299=DIRECTION('ref_axis',(0.313771893085012,-0.949498393421415,0.));
#4300=DIRECTION('',(0.,1.,0.));
#4301=DIRECTION('center_axis',(0.,0.,-1.));
#4302=DIRECTION('ref_axis',(-0.0151769053673441,0.999884824138996,0.));
#4303=DIRECTION('center_axis',(0.,-1.,0.));
#4304=DIRECTION('ref_axis',(0.,0.,-1.));
#4305=DIRECTION('',(0.,0.,1.));
#4306=DIRECTION('',(1.,0.,0.));
#4307=DIRECTION('',(0.,0.,-1.));
#4308=DIRECTION('',(1.,0.,0.));
#4309=DIRECTION('center_axis',(0.,0.,-1.));
#4310=DIRECTION('ref_axis',(0.,-1.,0.));
#4311=DIRECTION('',(0.,1.,0.));
#4312=DIRECTION('',(0.,1.,0.));
#4313=DIRECTION('',(1.,0.,0.));
#4314=DIRECTION('center_axis',(1.,0.,0.));
#4315=DIRECTION('ref_axis',(0.,1.,0.));
#4316=DIRECTION('',(0.,1.,0.));
#4317=DIRECTION('center_axis',(0.707106781186554,-0.707106781186541,0.));
#4318=DIRECTION('ref_axis',(0.,0.,-1.));
#4319=DIRECTION('',(0.577350269189622,0.577350269189633,-0.577350269189622));
#4320=DIRECTION('',(-0.577350269189619,-0.577350269189629,0.577350269189629));
#4321=DIRECTION('',(0.,0.,-1.));
#4322=DIRECTION('center_axis',(0.707106781186548,0.,0.707106781186548));
#4323=DIRECTION('ref_axis',(0.,-1.,0.));
#4324=DIRECTION('',(0.,1.,0.));
#4325=DIRECTION('',(-0.632455265403921,-0.447214349641994,0.632455265403921));
#4326=DIRECTION('',(-0.707106781186547,0.,0.707106781186547));
#4327=DIRECTION('center_axis',(0.,-0.816496007232079,-0.577351080516936));
#4328=DIRECTION('ref_axis',(0.,0.577351080516936,-0.816496007232079));
#4329=DIRECTION('',(0.,0.577351080516936,-0.816496007232079));
#4330=DIRECTION('center_axis',(0.,-0.707107050926343,-0.707106511446649));
#4331=DIRECTION('ref_axis',(0.,0.707106511446649,-0.707107050926343));
#4332=DIRECTION('',(1.,0.,0.));
#4333=DIRECTION('',(-1.,0.,0.));
#4334=DIRECTION('center_axis',(-0.707107050926326,-1.12151948042531E-16,
-0.707106511446667));
#4335=DIRECTION('ref_axis',(-0.707106511446667,0.,0.707107050926326));
#4336=DIRECTION('',(1.58606745464649E-16,-1.,0.));
#4337=DIRECTION('',(-1.58606745464649E-16,1.,0.));
#4338=DIRECTION('center_axis',(-1.95245502218629E-15,0.707107050926318,
-0.707106511446674));
#4339=DIRECTION('ref_axis',(-1.,0.,2.76118942560966E-15));
#4340=DIRECTION('',(-1.,-2.76118731899017E-15,0.));
#4341=DIRECTION('center_axis',(-4.99565098957633E-11,-0.707107050926126,
0.707106511446866));
#4342=DIRECTION('ref_axis',(-0.999991754878615,0.00287142496098996,0.00287142708106394));
#4343=DIRECTION('',(1.,2.76118731899017E-15,0.));
#4344=DIRECTION('center_axis',(0.,0.,-1.));
#4345=DIRECTION('ref_axis',(-0.999883274466842,-0.0152786596750733,0.));
#4346=DIRECTION('center_axis',(0.,0.,-1.));
#4347=DIRECTION('ref_axis',(-0.999883274466841,-0.0152786596750733,0.));
#4348=DIRECTION('center_axis',(0.,0.,1.));
#4349=DIRECTION('ref_axis',(-0.999883274466842,-0.0152786596750731,0.));
#4350=DIRECTION('center_axis',(0.,0.,-1.));
#4351=DIRECTION('ref_axis',(-0.0152775641130079,0.999883291206915,0.));
#4352=DIRECTION('',(0.,0.,-1.));
#4353=DIRECTION('',(0.,0.,-1.));
#4354=DIRECTION('center_axis',(0.,-1.,0.));
#4355=DIRECTION('ref_axis',(0.,0.,-1.));
#4356=DIRECTION('',(1.,0.,0.));
#4357=DIRECTION('',(0.,0.,-1.));
#4358=DIRECTION('',(0.,0.,-1.));
#4359=DIRECTION('center_axis',(0.,0.,-1.));
#4360=DIRECTION('ref_axis',(0.999883291206905,0.0152775641136946,0.));
#4361=DIRECTION('',(0.,0.,-1.));
#4362=DIRECTION('center_axis',(-1.,-1.58606745464649E-16,0.));
#4363=DIRECTION('ref_axis',(-1.58606745464649E-16,1.,0.));
#4364=DIRECTION('',(1.58606745464649E-16,-1.,0.));
#4365=DIRECTION('',(0.,0.,-1.));
#4366=DIRECTION('center_axis',(0.,0.,-1.));
#4367=DIRECTION('ref_axis',(0.0152786596801644,-0.999883274466764,0.));
#4368=DIRECTION('',(0.,0.,-1.));
#4369=DIRECTION('',(0.,0.,-1.));
#4370=DIRECTION('center_axis',(-2.76118731899017E-15,1.,0.));
#4371=DIRECTION('ref_axis',(1.,2.76118731899017E-15,0.));
#4372=DIRECTION('',(-1.,-2.76118731899017E-15,0.));
#4373=DIRECTION('',(0.,0.,-1.));
#4374=DIRECTION('center_axis',(0.,0.,-1.));
#4375=DIRECTION('ref_axis',(-0.999883274466842,-0.0152786596750731,0.));
#4376=DIRECTION('center_axis',(0.,0.,-1.));
#4377=DIRECTION('ref_axis',(-0.999883274466842,-0.0152786596750731,0.));
#4378=DIRECTION('',(0.,0.,-1.));
#4379=DIRECTION('center_axis',(0.,-0.707106781186573,0.707106781186522));
#4380=DIRECTION('ref_axis',(-1.,0.,0.));
#4381=DIRECTION('center_axis',(-0.707106781186552,-1.12151905259983E-16,
0.707106781186543));
#4382=DIRECTION('ref_axis',(-1.58606745464649E-16,1.,0.));
#4383=DIRECTION('center_axis',(-1.95245427738425E-15,0.707106781186548,
0.707106781186548));
#4384=DIRECTION('ref_axis',(1.,0.,2.76118731899017E-15));
#4385=DIRECTION('center_axis',(2.66445030374058E-11,-0.707106781186662,
-0.707106781186433));
#4386=DIRECTION('ref_axis',(-0.99997726118659,0.00476849606310614,-0.00476849610078785));
#4387=DIRECTION('center_axis',(0.,0.,1.));
#4388=DIRECTION('ref_axis',(-0.999883274466842,-0.0152786596750731,0.));
#4389=DIRECTION('center_axis',(0.707106781186825,-1.89742983945489E-12,
0.70710678118627));
#4390=DIRECTION('ref_axis',(0.146810773582697,-0.978209176771154,-0.146810773585424));
#4391=DIRECTION('center_axis',(0.707106781186551,1.47363156328486E-16,0.707106781186544));
#4392=DIRECTION('ref_axis',(-1.23259516440783E-32,-1.,2.08402974273853E-16));
#4393=DIRECTION('',(-2.0840297427385E-16,1.,0.));
#4394=DIRECTION('center_axis',(-1.,-2.0840297427385E-16,0.));
#4395=DIRECTION('ref_axis',(-2.0840297427385E-16,1.,0.));
#4396=DIRECTION('center_axis',(0.,-0.707106781186548,-0.707106781186548));
#4397=DIRECTION('ref_axis',(0.,-0.707106781186548,0.707106781186548));
#4398=DIRECTION('',(-1.,0.,0.));
#4399=DIRECTION('',(1.,0.,0.));
#4400=DIRECTION('',(-0.577350269189416,0.577350269189731,-0.577350269189731));
#4401=DIRECTION('center_axis',(0.,0.,-1.));
#4402=DIRECTION('ref_axis',(0.,-1.,0.));
#4403=DIRECTION('',(5.42775700927847E-15,-1.,0.));
#4404=DIRECTION('',(0.,1.,0.));
#4405=DIRECTION('',(0.,1.,0.));
#4406=DIRECTION('',(-1.,0.,0.));
#4407=DIRECTION('center_axis',(0.,0.707106781186573,-0.707106781186522));
#4408=DIRECTION('ref_axis',(-1.,0.,0.));
#4409=DIRECTION('',(0.,0.707106781186522,0.707106781186573));
#4410=DIRECTION('',(0.577350269190024,0.577350269189406,0.577350269189448));
#4411=DIRECTION('center_axis',(0.,1.,0.));
#4412=DIRECTION('ref_axis',(1.,0.,0.));
#4413=DIRECTION('',(0.,0.,1.));
#4414=DIRECTION('center_axis',(-0.70710678118674,-0.707106781186355,0.));
#4415=DIRECTION('ref_axis',(-0.707106781186355,0.70710678118674,0.));
#4416=DIRECTION('',(0.,0.,-1.));
#4417=DIRECTION('center_axis',(-1.,-5.42775700927847E-15,0.));
#4418=DIRECTION('ref_axis',(-5.42775700927847E-15,1.,0.));
#4419=DIRECTION('',(0.,0.,1.));
#4420=DIRECTION('center_axis',(-0.707106781186169,0.707106781186926,0.));
#4421=DIRECTION('ref_axis',(0.,0.,1.));
#4422=DIRECTION('center_axis',(0.,0.,1.));
#4423=DIRECTION('ref_axis',(1.,0.,0.));
#4424=DIRECTION('center_axis',(0.,0.,1.));
#4425=DIRECTION('ref_axis',(1.,0.,0.));
#4426=DIRECTION('center_axis',(1.,0.,0.));
#4427=DIRECTION('ref_axis',(0.,1.,0.));
#4428=DIRECTION('',(0.,1.,0.));
#4429=DIRECTION('',(0.,0.,-1.));
#4430=DIRECTION('',(0.,0.,-1.));
#4431=DIRECTION('',(0.,1.,0.));
#4432=DIRECTION('center_axis',(0.,0.,1.));
#4433=DIRECTION('ref_axis',(-0.995898607716988,0.0904763126313424,0.));
#4434=DIRECTION('',(0.,0.,1.));
#4435=DIRECTION('center_axis',(0.,0.,-1.));
#4436=DIRECTION('ref_axis',(-0.977063394293645,-0.212948640595286,0.));
#4437=DIRECTION('center_axis',(0.,0.,1.));
#4438=DIRECTION('ref_axis',(-0.977063394293645,-0.212948640595286,0.));
#4439=DIRECTION('',(0.,0.,-1.));
#4440=DIRECTION('center_axis',(1.,1.6653243911033E-14,0.));
#4441=DIRECTION('ref_axis',(-1.6653243911033E-14,1.,0.));
#4442=DIRECTION('',(-1.6653243911033E-14,1.,0.));
#4443=DIRECTION('center_axis',(-1.,0.,0.));
#4444=DIRECTION('ref_axis',(0.,0.,1.));
#4445=DIRECTION('',(0.,-1.,0.));
#4446=DIRECTION('',(0.,0.,-1.));
#4447=DIRECTION('center_axis',(0.,0.,-1.));
#4448=DIRECTION('ref_axis',(-0.999990904028083,-0.00426519180079125,0.));
#4449=DIRECTION('center_axis',(0.,0.,1.));
#4450=DIRECTION('ref_axis',(-0.999990904028083,-0.00426519180079125,0.));
#4451=DIRECTION('',(0.,0.,-1.));
#4452=DIRECTION('center_axis',(1.,1.99839075574742E-14,0.));
#4453=DIRECTION('ref_axis',(-1.99839075574742E-14,1.,0.));
#4454=DIRECTION('',(-1.99839075574742E-14,1.,0.));
#4455=DIRECTION('center_axis',(-1.,-1.1102171026779E-15,0.));
#4456=DIRECTION('ref_axis',(-1.1102171026779E-15,1.,0.));
#4457=DIRECTION('',(1.1102171026779E-15,-1.,0.));
#4458=DIRECTION('',(0.,0.,-1.));
#4459=DIRECTION('center_axis',(0.,0.,-1.));
#4460=DIRECTION('ref_axis',(-0.999990918055003,-0.00426190186572444,0.));
#4461=DIRECTION('center_axis',(0.,0.,1.));
#4462=DIRECTION('ref_axis',(-0.999990918055003,-0.00426190186572444,0.));
#4463=DIRECTION('',(0.,0.,-1.));
#4464=DIRECTION('center_axis',(1.,1.88736905627035E-14,0.));
#4465=DIRECTION('ref_axis',(-1.88736905627035E-14,1.,0.));
#4466=DIRECTION('',(-1.88736905627035E-14,1.,0.));
#4467=DIRECTION('center_axis',(-1.,0.,0.));
#4468=DIRECTION('ref_axis',(0.,0.,1.));
#4469=DIRECTION('',(0.,-1.,0.));
#4470=DIRECTION('',(0.,0.,-1.));
#4471=DIRECTION('center_axis',(0.,0.,-1.));
#4472=DIRECTION('ref_axis',(-0.999932781426402,-0.0115945085647795,0.));
#4473=DIRECTION('center_axis',(0.,0.,1.));
#4474=DIRECTION('ref_axis',(-0.999932781426402,-0.0115945085647795,0.));
#4475=DIRECTION('',(0.,0.,-1.));
#4476=DIRECTION('center_axis',(0.,0.,-1.));
#4477=DIRECTION('ref_axis',(0.988580454216035,-0.150694012960094,0.));
#4478=DIRECTION('center_axis',(0.,0.,-1.));
#4479=DIRECTION('ref_axis',(0.988580454216035,-0.150694012960094,0.));
#4480=DIRECTION('center_axis',(0.,-1.,0.));
#4481=DIRECTION('ref_axis',(0.,0.,-1.));
#4482=DIRECTION('',(1.,0.,0.));
#4483=DIRECTION('',(0.,0.,-1.));
#4484=DIRECTION('center_axis',(0.,0.,-1.));
#4485=DIRECTION('ref_axis',(0.0151776091943913,-0.999884813455601,0.));
#4486=DIRECTION('center_axis',(0.,0.,1.));
#4487=DIRECTION('ref_axis',(0.0151776091943913,-0.999884813455601,0.));
#4488=DIRECTION('',(0.,0.,-1.));
#4489=DIRECTION('center_axis',(1.,0.,0.));
#4490=DIRECTION('ref_axis',(0.,1.,0.));
#4491=DIRECTION('',(0.,1.,0.));
#4492=DIRECTION('',(0.,0.,-1.));
#4493=DIRECTION('center_axis',(0.,0.,-1.));
#4494=DIRECTION('ref_axis',(0.999884829977803,0.0151765206901821,0.));
#4495=DIRECTION('center_axis',(0.,0.,1.));
#4496=DIRECTION('ref_axis',(0.999884829977803,0.0151765206901821,0.));
#4497=DIRECTION('',(0.,0.,-1.));
#4498=DIRECTION('center_axis',(-4.22938287630276E-15,1.,0.));
#4499=DIRECTION('ref_axis',(1.,4.22938287630276E-15,0.));
#4500=DIRECTION('',(-1.,-4.22938287630276E-15,0.));
#4501=DIRECTION('',(0.,0.,-1.));
#4502=DIRECTION('center_axis',(0.,0.,-1.));
#4503=DIRECTION('ref_axis',(-0.0151769053673441,0.999884824138996,0.));
#4504=DIRECTION('center_axis',(0.,0.,1.));
#4505=DIRECTION('ref_axis',(-0.0151769053673441,0.999884824138996,0.));
#4506=DIRECTION('',(0.,0.,-1.));
#4507=DIRECTION('center_axis',(-1.,0.,0.));
#4508=DIRECTION('ref_axis',(0.,0.,1.));
#4509=DIRECTION('',(0.,-1.,0.));
#4510=DIRECTION('',(0.,0.,-1.));
#4511=DIRECTION('center_axis',(0.,0.,-1.));
#4512=DIRECTION('ref_axis',(0.313771893085012,-0.949498393421415,0.));
#4513=DIRECTION('center_axis',(0.,0.,-1.));
#4514=DIRECTION('ref_axis',(0.313771893085012,-0.949498393421415,0.));
#4515=DIRECTION('',(0.,0.,1.));
#4516=DIRECTION('center_axis',(0.,0.,1.));
#4517=DIRECTION('ref_axis',(1.,1.4394260349382E-13,0.));
#4518=DIRECTION('center_axis',(0.,0.,-1.));
#4519=DIRECTION('ref_axis',(1.,1.4394260349382E-13,0.));
#4520=DIRECTION('',(0.,0.,1.));
#4521=DIRECTION('center_axis',(0.,0.,-1.));
#4522=DIRECTION('ref_axis',(0.97700697318292,0.213207350604872,0.));
#4523=DIRECTION('center_axis',(0.,0.,1.));
#4524=DIRECTION('ref_axis',(0.97700697318292,0.213207350604872,0.));
#4525=DIRECTION('',(0.,0.,-1.));
#4526=DIRECTION('center_axis',(-1.,-2.22043305469408E-15,0.));
#4527=DIRECTION('ref_axis',(-2.22043305469408E-15,1.,0.));
#4528=DIRECTION('',(2.22043305469408E-15,-1.,0.));
#4529=DIRECTION('',(0.,0.,-1.));
#4530=DIRECTION('center_axis',(0.,0.,-1.));
#4531=DIRECTION('ref_axis',(-0.999999999999253,-1.22265982854238E-6,0.));
#4532=DIRECTION('center_axis',(0.,0.,-1.));
#4533=DIRECTION('ref_axis',(-0.999999999999253,-1.22265982854238E-6,0.));
#4534=DIRECTION('',(0.,0.,-1.));
#4535=DIRECTION('center_axis',(1.,0.,0.));
#4536=DIRECTION('ref_axis',(0.,1.,0.));
#4537=DIRECTION('',(0.,1.,0.));
#4538=DIRECTION('',(0.,0.,-1.));
#4539=DIRECTION('center_axis',(0.,0.,-1.));
#4540=DIRECTION('ref_axis',(0.999990912175894,0.0042632810866763,0.));
#4541=DIRECTION('center_axis',(0.,0.,1.));
#4542=DIRECTION('ref_axis',(0.999990912175894,0.0042632810866763,0.));
#4543=DIRECTION('',(0.,0.,-1.));
#4544=DIRECTION('center_axis',(-1.,-1.11021710407011E-15,0.));
#4545=DIRECTION('ref_axis',(-1.11021710407011E-15,1.,0.));
#4546=DIRECTION('',(1.11021710407011E-15,-1.,0.));
#4547=DIRECTION('',(0.,0.,-1.));
#4548=DIRECTION('center_axis',(0.,0.,-1.));
#4549=DIRECTION('ref_axis',(-0.999999999999253,-1.2226590990691E-6,0.));
#4550=DIRECTION('center_axis',(0.,0.,-1.));
#4551=DIRECTION('ref_axis',(-0.999999999999253,-1.2226590990691E-6,0.));
#4552=DIRECTION('',(0.,0.,-1.));
#4553=DIRECTION('center_axis',(1.,0.,0.));
#4554=DIRECTION('ref_axis',(0.,1.,0.));
#4555=DIRECTION('',(0.,1.,0.));
#4556=DIRECTION('',(0.,0.,-1.));
#4557=DIRECTION('center_axis',(0.,0.,-1.));
#4558=DIRECTION('ref_axis',(1.,0.,0.));
#4559=DIRECTION('center_axis',(0.,0.,1.));
#4560=DIRECTION('ref_axis',(1.,0.,0.));
#4561=DIRECTION('',(0.,0.,-1.));
#4562=DIRECTION('center_axis',(-1.,-4.44089211173532E-15,0.));
#4563=DIRECTION('ref_axis',(-4.44089211173532E-15,1.,0.));
#4564=DIRECTION('',(4.44089211173532E-15,-1.,0.));
#4565=DIRECTION('',(0.,0.,-1.));
#4566=DIRECTION('center_axis',(0.,0.,-1.));
#4567=DIRECTION('ref_axis',(-0.999999999999253,-1.22265909906911E-6,0.));
#4568=DIRECTION('center_axis',(0.,0.,-1.));
#4569=DIRECTION('ref_axis',(-0.999999999999253,-1.22265909906911E-6,0.));
#4570=DIRECTION('',(0.,0.,-1.));
#4571=DIRECTION('center_axis',(1.,0.,0.));
#4572=DIRECTION('ref_axis',(0.,1.,0.));
#4573=DIRECTION('',(0.,1.,0.));
#4574=DIRECTION('',(0.,0.,-1.));
#4575=DIRECTION('center_axis',(0.,0.,-1.));
#4576=DIRECTION('ref_axis',(0.99993281079349,0.0115919756137497,0.));
#4577=DIRECTION('center_axis',(0.,0.,1.));
#4578=DIRECTION('ref_axis',(0.99993281079349,0.0115919756137497,0.));
#4579=DIRECTION('',(0.,0.,-1.));
#4580=DIRECTION('center_axis',(0.,0.,-1.));
#4581=DIRECTION('ref_axis',(-0.999778252789262,-0.0210581397480899,0.));
#4582=DIRECTION('center_axis',(0.707106781186548,0.,0.707106781186548));
#4583=DIRECTION('ref_axis',(0.,-1.,0.));
#4584=DIRECTION('center_axis',(0.,0.,-1.));
#4585=DIRECTION('ref_axis',(-0.977063394293646,-0.212948640595286,0.));
#4586=DIRECTION('',(0.707105681641759,-0.00176351350925685,-0.707105681641751));
#4587=DIRECTION('center_axis',(0.,0.,-1.));
#4588=DIRECTION('ref_axis',(0.99993281079349,0.0115919756137501,0.));
#4589=DIRECTION('',(-0.707100842717925,-0.00409834786249283,0.707100842717925));
#4590=DIRECTION('center_axis',(0.707106781186548,0.,0.707106781186548));
#4591=DIRECTION('ref_axis',(0.,-1.,0.));
#4592=DIRECTION('',(-0.707106781186067,-8.64550220051201E-7,0.707106781186499));
#4593=DIRECTION('center_axis',(0.,0.,1.));
#4594=DIRECTION('ref_axis',(-0.999999999999252,-1.2226590994019E-6,0.));
#4595=DIRECTION('',(0.707106781186547,3.92523114670943E-15,0.707106781186547));
#4596=DIRECTION('center_axis',(-0.707106781186548,-3.14018492672589E-15,
0.707106781186548));
#4597=DIRECTION('ref_axis',(-4.44089211173531E-15,1.,0.));
#4598=DIRECTION('',(0.707106781186547,0.,0.707106781186547));
#4599=DIRECTION('center_axis',(0.,0.,-1.));
#4600=DIRECTION('ref_axis',(1.,0.,0.));
#4601=DIRECTION('',(-0.707106781186547,0.,0.707106781186547));
#4602=DIRECTION('center_axis',(0.707106781186548,0.,0.707106781186548));
#4603=DIRECTION('ref_axis',(0.,-1.,0.));
#4604=DIRECTION('',(-0.707106781186083,-8.6455022005118E-7,0.707106781186483));
#4605=DIRECTION('center_axis',(0.,0.,1.));
#4606=DIRECTION('ref_axis',(-0.999999999999252,-1.22265909940188E-6,0.));
#4607=DIRECTION('',(0.707106781186547,0.,0.707106781186547));
#4608=DIRECTION('center_axis',(0.,0.,-1.));
#4609=DIRECTION('ref_axis',(-0.999990904028083,-0.00426519180079103,0.));
#4610=DIRECTION('',(0.707105977213647,0.0015079713080877,0.707105977213647));
#4611=DIRECTION('',(0.707105934532831,-0.00154748082483313,-0.707105934532831));
#4612=DIRECTION('center_axis',(0.707106781186548,0.,0.707106781186548));
#4613=DIRECTION('ref_axis',(0.,-1.,0.));
#4614=DIRECTION('center_axis',(-0.707102363711555,-0.00230260680561046,
-0.707107449568615));
#4615=DIRECTION('ref_axis',(-0.0055954891626395,0.999981609307217,0.0023391341089077));
#4616=DIRECTION('',(-0.707106781185906,-8.64551958928795E-7,0.70710678118666));
#4617=DIRECTION('center_axis',(0.,0.,1.));
#4618=DIRECTION('ref_axis',(-0.999999999999252,-1.22265982869364E-6,0.));
#4619=DIRECTION('',(0.707106781186547,0.,0.707106781186547));
#4620=DIRECTION('center_axis',(0.,0.,-1.));
#4621=DIRECTION('ref_axis',(-0.999990918055003,-0.00426190186572434,0.));
#4622=DIRECTION('',(0.707105978453448,0.00150680814432627,0.707105978453448));
#4623=DIRECTION('',(0.707105935838468,-0.00154628716894784,-0.707105935838468));
#4624=DIRECTION('center_axis',(0.,0.,-1.));
#4625=DIRECTION('ref_axis',(0.97700697318292,0.213207350604872,0.));
#4626=DIRECTION('',(-0.657595656181845,-0.259938363792712,0.70710678118622));
#4627=DIRECTION('',(-0.707105762592261,0.00169735607162828,-0.707105762592261));
#4628=DIRECTION('center_axis',(0.,0.,-1.));
#4629=DIRECTION('ref_axis',(-0.999932781426402,-0.0115945085647797,0.));
#4630=DIRECTION('',(0.707100840122456,0.00409924337345107,0.707100840122456));
#4631=DIRECTION('center_axis',(-0.707106781186548,0.,0.707106781186548));
#4632=DIRECTION('ref_axis',(0.,1.,0.));
#4633=DIRECTION('center_axis',(0.707049884427283,-0.00825014998285931,-0.707115546397211));
#4634=DIRECTION('ref_axis',(0.510952884094681,0.697243867702639,0.502770463717184));
#4635=DIRECTION('center_axis',(0.,0.,1.));
#4636=DIRECTION('ref_axis',(0.988580454216035,-0.150694012960094,0.));
#4637=DIRECTION('center_axis',(0.,0.,-1.));
#4638=DIRECTION('ref_axis',(-0.0151769053673437,0.999884824138996,0.));
#4639=DIRECTION('',(0.00536576910548867,-0.707096601788577,0.707096601788577));
#4640=DIRECTION('center_axis',(-2.99062531206795E-15,0.707106781186548,
0.707106781186548));
#4641=DIRECTION('ref_axis',(1.,0.,4.22938287630276E-15));
#4642=DIRECTION('center_axis',(-0.00824994036373971,-0.707049887349937,
-0.707115545920492));
#4643=DIRECTION('ref_axis',(-0.505742991525635,0.612981293150164,-0.607023855190761));
#4644=DIRECTION('center_axis',(0.,0.,-1.));
#4645=DIRECTION('ref_axis',(0.999884829977803,0.0151765206901823,0.));
#4646=DIRECTION('',(-0.70709660230457,-0.00536563310731565,0.707096602304586));
#4647=DIRECTION('center_axis',(0.707106781186555,0.,0.70710678118654));
#4648=DIRECTION('ref_axis',(0.,-1.,0.));
#4649=DIRECTION('center_axis',(-0.707049879310111,0.00825051957490609,-0.707115547201659));
#4650=DIRECTION('ref_axis',(0.477887048260127,0.74262787777281,-0.469177796000487));
#4651=DIRECTION('center_axis',(0.,0.,-1.));
#4652=DIRECTION('ref_axis',(0.015177609194392,-0.999884813455601,0.));
#4653=DIRECTION('',(-0.00536601793516259,0.707096600844439,0.707096600844439));
#4654=DIRECTION('center_axis',(0.,-0.707106781186548,0.707106781186548));
#4655=DIRECTION('ref_axis',(-1.,0.,0.));
#4656=DIRECTION('center_axis',(0.,0.,1.));
#4657=DIRECTION('ref_axis',(0.313771893085012,-0.949498393421415,0.));
#4658=DIRECTION('',(-0.697765352765284,0.114694370381017,-0.707084658215154));
#4659=DIRECTION('center_axis',(-0.707106781186548,0.,0.707106781186548));
#4660=DIRECTION('ref_axis',(0.,1.,0.));
#4661=DIRECTION('center_axis',(0.707106781186548,1.33457145829042E-14,0.707106781186548));
#4662=DIRECTION('ref_axis',(0.,-1.,1.88736905627035E-14));
#4663=DIRECTION('center_axis',(0.,0.,1.));
#4664=DIRECTION('ref_axis',(1.,1.45401340049428E-13,0.));
#4665=DIRECTION('center_axis',(-0.707106781186548,-1.57008327014494E-15,
0.707106781186548));
#4666=DIRECTION('ref_axis',(-2.22043305469408E-15,1.,0.));
#4667=DIRECTION('center_axis',(-0.707106781186548,-7.85042041892825E-16,
0.707106781186548));
#4668=DIRECTION('ref_axis',(-1.1102171026779E-15,1.,0.));
#4669=DIRECTION('center_axis',(0.707106781186548,1.41307565484951E-14,0.707106781186548));
#4670=DIRECTION('ref_axis',(0.,-1.,1.99839075574742E-14));
#4671=DIRECTION('center_axis',(0.,0.,-1.));
#4672=DIRECTION('ref_axis',(0.999990912175894,0.00426328108667597,0.));
#4673=DIRECTION('',(-0.707105935291214,0.00154678759832949,-0.707105935291214));
#4674=DIRECTION('center_axis',(-0.707106781186548,-7.85042042877266E-16,
0.707106781186548));
#4675=DIRECTION('ref_axis',(-1.11021710407011E-15,1.,0.));
#4676=DIRECTION('center_axis',(-0.707106781186548,0.,0.707106781186548));
#4677=DIRECTION('ref_axis',(0.,1.,0.));
#4678=DIRECTION('center_axis',(0.707106781186548,1.1775621698245E-14,0.707106781186548));
#4679=DIRECTION('ref_axis',(0.,-1.,1.6653243911033E-14));
#4680=DIRECTION('center_axis',(0.707106781186732,0.,0.707106781186363));
#4681=DIRECTION('ref_axis',(0.,-1.,0.));
#4682=CARTESIAN_POINT('',(0.,0.,0.));
#4683=CARTESIAN_POINT('Origin',(57.2500030994415,8.99068625587185,7.25000381469729));
#4684=CARTESIAN_POINT('',(59.7500030994415,8.99068625587185,7.50000381469729));
#4685=CARTESIAN_POINT('Origin',(57.2500030994415,8.99068625587185,7.50000381469729));
#4686=CARTESIAN_POINT('',(59.2500030994415,8.99068625587185,7.00000381469729));
#4687=CARTESIAN_POINT('',(59.5000030994415,8.99068625587185,7.25000381469729));
#4688=CARTESIAN_POINT('Origin',(57.2500030994415,8.99068625587185,7.00000381469729));
#4689=CARTESIAN_POINT('Origin',(28.7937432634389,8.53507858410605,7.50000381469729));
#4690=CARTESIAN_POINT('',(4.8545340319273,17.4906860351561,7.50000381469729));
#4691=CARTESIAN_POINT('',(57.145470863468,17.4906860351561,7.50000381469729));
#4692=CARTESIAN_POINT('',(42.2696070634535,17.4906860351561,7.50000381469729));
#4693=CARTESIAN_POINT('',(0.500001573562603,13.136153576792,7.50000381469729));
#4694=CARTESIAN_POINT('Origin',(4.8545340319273,13.136153576792,7.50000381469729));
#4695=CARTESIAN_POINT('',(0.500001573562603,4.84521850783903,7.50000381469729));
#4696=CARTESIAN_POINT('',(0.500001573562603,10.7606160804491,7.50000381469729));
#4697=CARTESIAN_POINT('',(4.8545340462453,0.490686035156038,7.50000381469729));
#4698=CARTESIAN_POINT('Origin',(4.8545340462453,4.84521850783903,7.50000381469729));
#4699=CARTESIAN_POINT('',(57.1454703900508,0.490686035156038,7.50000381469729));
#4700=CARTESIAN_POINT('',(18.8241387660367,0.490686035156038,7.50000381469729));
#4701=CARTESIAN_POINT('',(61.5000030994415,4.84521874454703,7.50000381469729));
#4702=CARTESIAN_POINT('Origin',(57.1454703900508,4.84521874454703,7.50000381469729));
#4703=CARTESIAN_POINT('',(61.5000030994415,13.1361537991831,7.50000381469729));
#4704=CARTESIAN_POINT('',(61.5000030994415,6.76514866432701,7.50000381469729));
#4705=CARTESIAN_POINT('Origin',(57.145470863468,13.1361537991831,7.50000381469729));
#4706=CARTESIAN_POINT('',(9.75000157356262,8.99068605830872,7.50000381469729));
#4707=CARTESIAN_POINT('Origin',(7.25000157356262,8.99068605830872,7.50000381469729));
#4708=CARTESIAN_POINT('',(12.296257489098,14.4806843121751,7.50000386780883));
#4709=CARTESIAN_POINT('',(10.6100004291535,13.5251418601189,7.50000381469729));
#4710=CARTESIAN_POINT('Origin',(12.3231973571124,12.467489107197,7.50000381469729));
#4711=CARTESIAN_POINT('',(50.9037441678358,14.4806842013889,7.50000380106763));
#4712=CARTESIAN_POINT('',(40.3468339037842,14.480686035156,7.50000381469729));
#4713=CARTESIAN_POINT('',(52.8899990876423,12.4944289752133,7.50000386780883));
#4714=CARTESIAN_POINT('Origin',(50.8768038826642,12.467489107197,7.50000381469729));
#4715=CARTESIAN_POINT('',(52.8899989765945,5.48694240947002,7.50000380106568));
#4716=CARTESIAN_POINT('',(52.8900008106232,7.012920445612,7.50000381469729));
#4717=CARTESIAN_POINT('',(50.9037440190701,3.50068775838224,7.50000386781639));
#4718=CARTESIAN_POINT('Origin',(50.8768021929949,5.51388465278404,7.50000381469729));
#4719=CARTESIAN_POINT('',(12.2962568034648,3.50068786918454,7.50000380106569));
#4720=CARTESIAN_POINT('',(21.0469099822757,3.50068603515606,7.50000381469729));
#4721=CARTESIAN_POINT('',(10.6100004291534,4.45623137170333,7.50000381469729));
#4722=CARTESIAN_POINT('Origin',(12.3231990467817,5.51388465278404,7.50000381469729));
#4723=CARTESIAN_POINT('',(10.6100004291534,5.99914100114883,7.50000381469729));
#4724=CARTESIAN_POINT('',(10.6100004291534,7.26284475216055,7.50000381469729));
#4725=CARTESIAN_POINT('',(12.4315712465112,6.29355399257169,7.50000381469729));
#4726=CARTESIAN_POINT('Origin',(11.5569243849412,5.92275368574104,7.50000381469729));
#4727=CARTESIAN_POINT('',(15.9100006198883,6.9911604990051,7.50000381469729));
#4728=CARTESIAN_POINT('Origin',(14.0989723078676,7.00043679559304,7.50000381469729));
#4729=CARTESIAN_POINT('',(15.9100006198882,10.990686070914,7.50000381469729));
#4730=CARTESIAN_POINT('',(15.9100006198882,9.76288232750994,7.50000381469729));
#4731=CARTESIAN_POINT('',(17.0900008106218,10.9906853015619,7.50000381469729));
#4732=CARTESIAN_POINT('Origin',(16.5000007152557,10.990687465665,7.50000381469729));
#4733=CARTESIAN_POINT('',(17.0900008312037,6.991091201831,7.50000381852386));
#4734=CARTESIAN_POINT('',(17.0900008106232,7.76287163330753,7.50000381469729));
#4735=CARTESIAN_POINT('',(20.7100008106232,6.99110237670708,7.50000381469729));
#4736=CARTESIAN_POINT('Origin',(18.9000008106232,6.99923779600905,7.50000381469729));
#4737=CARTESIAN_POINT('',(20.7100008106231,10.990686076879,7.50000381469729));
#4738=CARTESIAN_POINT('',(20.7100008106231,9.76288233049245,7.50000381469729));
#4739=CARTESIAN_POINT('',(21.890000524519,10.9906851792957,7.50000381469729));
#4740=CARTESIAN_POINT('Origin',(21.300000667572,10.9906877040831,7.50000381469729));
#4741=CARTESIAN_POINT('',(21.8900005450696,6.99109088930714,7.50000381851795));
#4742=CARTESIAN_POINT('',(21.8900005245209,7.76287164154252,7.50000381469729));
#4743=CARTESIAN_POINT('',(25.5100005245209,6.99110205556105,7.50000381469729));
#4744=CARTESIAN_POINT('Origin',(23.7000005245209,6.99923119952906,7.50000381469729));
#4745=CARTESIAN_POINT('',(25.5100005245208,10.990686073905,7.50000381469729));
#4746=CARTESIAN_POINT('',(25.5100005245208,9.76288232900551,7.50000381469729));
#4747=CARTESIAN_POINT('',(26.6900004768356,10.9906852404288,7.50000381469729));
#4748=CARTESIAN_POINT('Origin',(26.100000500679,10.990687584874,7.50000381469729));
#4749=CARTESIAN_POINT('',(26.6900006376594,8.99178744594538,7.50000380072809));
#4750=CARTESIAN_POINT('',(26.6900004768372,8.76285328667604,7.50000381469729));
#4751=CARTESIAN_POINT('',(28.4436485698041,7.1815270040421,7.50000381469729));
#4752=CARTESIAN_POINT('Origin',(28.5243283324922,9.01421660658503,7.50000381469729));
#4753=CARTESIAN_POINT('',(29.6011786686167,5.98752703665936,7.50000381469729));
#4754=CARTESIAN_POINT('Origin',(28.3653733888789,5.947555610371,7.50000381469729));
#4755=CARTESIAN_POINT('',(30.9014424548812,4.48068763395175,7.50000382919799));
#4756=CARTESIAN_POINT('Origin',(30.9231979784283,5.813884727696,7.50000381469729));
#4757=CARTESIAN_POINT('',(47.1985582776376,4.4806875885088,7.50000380014383));
#4758=CARTESIAN_POINT('',(37.9969096638421,4.48068717956503,7.50000381469729));
#4759=CARTESIAN_POINT('',(48.50999959332,5.79212914489339,7.50000382919725));
#4760=CARTESIAN_POINT('Origin',(47.1768031197247,5.81388410752403,7.50000381469729));
#4761=CARTESIAN_POINT('',(48.5099996387982,12.1892451314551,7.5000038001459));
#4762=CARTESIAN_POINT('',(48.5100000476837,10.3629206966565,7.50000381469729));
#4763=CARTESIAN_POINT('',(47.1985581858001,13.5006863437969,7.50000382919519));
#4764=CARTESIAN_POINT('Origin',(47.1768048093887,12.167491559801,7.50000381469729));
#4765=CARTESIAN_POINT('',(30.9014421561752,13.5006863891896,7.50000380014516));
#4766=CARTESIAN_POINT('',(29.5968338516963,13.500686798096,7.50000381469729));
#4767=CARTESIAN_POINT('',(29.5900008849665,12.1892448982466,7.50000382919595));
#4768=CARTESIAN_POINT('Origin',(30.9231962887625,12.167490939631,7.50000381469729));
#4769=CARTESIAN_POINT('',(29.5900004306436,11.9884358639234,7.50000381469729));
#4770=CARTESIAN_POINT('',(29.5900004306436,10.262944278781,7.50000381469729));
#4771=CARTESIAN_POINT('',(29.576067847773,11.829987877778,7.50000381469729));
#4772=CARTESIAN_POINT('Origin',(28.3655142340725,12.016270328251,7.50000381469729));
#4773=CARTESIAN_POINT('',(27.7851960505674,11.6470442669717,7.50000381469729));
#4774=CARTESIAN_POINT('Origin',(28.6548592739177,11.990809973456,7.50000381469729));
#4775=CARTESIAN_POINT('',(24.2900006198883,10.9902293706391,7.50000381469729));
#4776=CARTESIAN_POINT('Origin',(26.1009902179923,10.981301261683,7.50000381469729));
#4777=CARTESIAN_POINT('',(24.2900006198883,6.99068604707804,7.50000381469729));
#4778=CARTESIAN_POINT('',(24.2900006198883,7.76288231559204,7.50000381469729));
#4779=CARTESIAN_POINT('',(23.1100004291536,6.99068579062384,7.50000381469729));
#4780=CARTESIAN_POINT('Origin',(23.7000005245209,6.99068651199401,7.50000381469729));
#4781=CARTESIAN_POINT('',(23.1100003994063,10.9902810457656,7.50000381097888));
#4782=CARTESIAN_POINT('',(23.1100004291534,9.76289298117205,7.50000381469729));
#4783=CARTESIAN_POINT('',(19.4900004291534,10.9902698801147,7.50000381469729));
#4784=CARTESIAN_POINT('Origin',(21.3000004291534,10.982138105378,7.50000381469729));
#4785=CARTESIAN_POINT('',(19.4900004291534,6.99068604707701,7.50000381469729));
#4786=CARTESIAN_POINT('',(19.4900004291534,7.76288231559153,7.50000381469729));
#4787=CARTESIAN_POINT('',(18.3100002384187,6.99068579062433,7.50000381469729));
#4788=CARTESIAN_POINT('Origin',(18.900000333786,6.99068651199305,7.50000381469729));
#4789=CARTESIAN_POINT('',(18.3100002384186,10.990686035156,7.50000381469729));
#4790=CARTESIAN_POINT('',(18.3100002384186,9.76288230963105,7.50000381469729));
#4791=CARTESIAN_POINT('',(14.6900002384186,10.990686035156,7.50000381469729));
#4792=CARTESIAN_POINT('Origin',(16.5000002384186,10.990686035156,7.50000381469729));
#4793=CARTESIAN_POINT('',(14.6900002384186,6.99068604707701,7.50000381469729));
#4794=CARTESIAN_POINT('',(14.6900002384186,7.7628823155915,7.50000381469729));
#4795=CARTESIAN_POINT('',(13.5100000476838,6.99068579062433,7.50000381469729));
#4796=CARTESIAN_POINT('Origin',(14.1000001430511,6.99068651199305,7.50000381469729));
#4797=CARTESIAN_POINT('',(13.5099998869316,8.98958486498363,7.50000380073417));
#4798=CARTESIAN_POINT('',(13.5100000476837,8.76291132624504,7.50000381469729));
#4799=CARTESIAN_POINT('',(11.7572354019636,10.7998081799918,7.50000382986205));
#4800=CARTESIAN_POINT('Origin',(11.6756755128616,8.96716064343504,7.50000381469729));
#4801=CARTESIAN_POINT('',(10.6100004291535,11.9871128747988,7.50000381469729));
#4802=CARTESIAN_POINT('Origin',(11.8221492713705,12.0104427551621,7.50000381469729));
#4803=CARTESIAN_POINT('',(10.6100004291535,7.26284475216055,7.50000381469729));
#4804=CARTESIAN_POINT('Origin',(57.2500030994415,8.99068625587185,7.50000381469729));
#4805=CARTESIAN_POINT('',(59.2500030994415,8.99068625587185,3.81469729138217E-6));
#4806=CARTESIAN_POINT('Origin',(57.2500030994415,8.99068625587185,3.81469729138217E-6));
#4807=CARTESIAN_POINT('',(59.2500030994415,8.99068625587185,7.50000381469729));
#4808=CARTESIAN_POINT('Origin',(7.25000157356262,8.99068605830872,7.25000381469729));
#4809=CARTESIAN_POINT('',(9.25000157356262,8.99068605830872,7.00000381469729));
#4810=CARTESIAN_POINT('',(9.50000157356262,8.99068605830872,7.25000381469729));
#4811=CARTESIAN_POINT('Origin',(7.25000157356262,8.99068605830872,7.00000381469729));
#4812=CARTESIAN_POINT('Origin',(7.25000157356262,8.99068605830872,7.50000381469729));
#4813=CARTESIAN_POINT('',(9.25000157356262,8.99068605830872,3.81469729138217E-6));
#4814=CARTESIAN_POINT('Origin',(7.25000157356262,8.99068605830872,3.81469729138217E-6));
#4815=CARTESIAN_POINT('',(9.25000157356262,8.99068605830872,7.50000381469729));
#4816=CARTESIAN_POINT('Origin',(57.2500030994415,8.99068625587185,3.81469729138217E-6));
#4817=CARTESIAN_POINT('',(53.7071098806282,0.490686035156067,3.43322748896924E-6));
#4818=CARTESIAN_POINT('',(57.1454703900508,0.490686035156067,3.43322748896924E-6));
#4819=CARTESIAN_POINT('',(31.177268684038,0.490686035156067,3.43322748896924E-6));
#4820=CARTESIAN_POINT('',(53.5000030994416,0.697792816342799,3.43322748896924E-6));
#4821=CARTESIAN_POINT('',(52.4785564900343,1.71923942575065,3.43322748896924E-6));
#4822=CARTESIAN_POINT('',(53.5000030994415,17.2835792539699,3.43322748896924E-6));
#4823=CARTESIAN_POINT('',(53.5000030994416,4.49068603515639,3.43322748896924E-6));
#4824=CARTESIAN_POINT('',(53.7071098806279,17.490686035156,3.43322748896924E-6));
#4825=CARTESIAN_POINT('',(52.4785564900358,16.2621326445652,3.43322748896924E-6));
#4826=CARTESIAN_POINT('',(57.145470863468,17.4906860351566,3.43322748896924E-6));
#4827=CARTESIAN_POINT('',(54.6227369814548,17.490686035156,3.43322748896924E-6));
#4828=CARTESIAN_POINT('',(61.5000030994415,13.1361537991831,3.43322748896924E-6));
#4829=CARTESIAN_POINT('Origin',(57.145470863468,13.1361537991831,3.43322748896924E-6));
#4830=CARTESIAN_POINT('',(61.5000030994415,4.84521874454703,3.43322748896924E-6));
#4831=CARTESIAN_POINT('',(61.5000030994415,6.99295238985174,3.43322748896924E-6));
#4832=CARTESIAN_POINT('Origin',(57.1454703900508,4.84521874454703,3.43322748896924E-6));
#4833=CARTESIAN_POINT('Origin',(7.25000157356262,8.99068605830872,3.81469729138217E-6));
#4834=CARTESIAN_POINT('',(4.8545340462453,0.490686035156038,3.43322748896924E-6));
#4835=CARTESIAN_POINT('',(11.3000004291534,0.490686035156038,3.43322748896924E-6));
#4836=CARTESIAN_POINT('',(2.3522679210986,0.490686035156038,3.43322748896924E-6));
#4837=CARTESIAN_POINT('',(0.500001573562603,4.84521850783903,3.43322748896924E-6));
#4838=CARTESIAN_POINT('Origin',(4.8545340462453,4.84521850783903,3.43322748896924E-6));
#4839=CARTESIAN_POINT('',(0.500001573562603,13.136153576792,3.43322748896924E-6));
#4840=CARTESIAN_POINT('',(0.500001573562603,8.98841980597407,3.43322748896924E-6));
#4841=CARTESIAN_POINT('',(4.8545340319273,17.4906860351561,3.43322748896924E-6));
#4842=CARTESIAN_POINT('Origin',(4.8545340319273,13.136153576792,3.43322748896924E-6));
#4843=CARTESIAN_POINT('',(11.3000004291534,17.4906860351561,3.43322748896924E-6));
#4844=CARTESIAN_POINT('',(25.7977362185153,17.4906860351561,3.43322748896924E-6));
#4845=CARTESIAN_POINT('',(11.3000004291534,10.990686035156,3.43322748896924E-6));
#4846=CARTESIAN_POINT('Origin',(16.5000007152557,10.990687465665,7.40000381469729));
#4847=CARTESIAN_POINT('',(16.1100006198882,10.990686070914,7.30000381469729));
#4848=CARTESIAN_POINT('',(16.8900008106232,10.990686035156,7.30000381469729));
#4849=CARTESIAN_POINT('Origin',(16.5000007152557,10.990687465665,7.30000381469729));
#4850=CARTESIAN_POINT('',(16.8900008106232,10.990686035156,7.30000381469729));
#4851=CARTESIAN_POINT('',(16.1100006198882,10.990686070914,7.30000381469729));
#4852=CARTESIAN_POINT('Origin',(21.300000667572,10.9906877040831,7.40000381469729));
#4853=CARTESIAN_POINT('',(20.9100008106231,10.990686076879,7.30000381469729));
#4854=CARTESIAN_POINT('',(21.6900005245209,10.990686035156,7.30000381469729));
#4855=CARTESIAN_POINT('Origin',(21.300000667572,10.9906877040831,7.30000381469729));
#4856=CARTESIAN_POINT('',(21.6900005245209,10.990686035156,7.30000381469729));
#4857=CARTESIAN_POINT('',(20.9100008106231,10.990686076879,7.30000381469729));
#4858=CARTESIAN_POINT('Origin',(26.100000500679,10.990687584874,7.40000381469729));
#4859=CARTESIAN_POINT('',(25.7100005245208,10.990686073905,7.30000381469729));
#4860=CARTESIAN_POINT('',(26.4900004768372,10.990686035156,7.30000381469729));
#4861=CARTESIAN_POINT('Origin',(26.100000500679,10.990687584874,7.30000381469729));
#4862=CARTESIAN_POINT('',(26.4900004768372,10.990686035156,7.30000381469729));
#4863=CARTESIAN_POINT('',(25.7100005245208,10.990686073905,7.30000381469729));
#4864=CARTESIAN_POINT('Origin',(30.9231979784283,5.813884727696,7.40000381469729));
#4865=CARTESIAN_POINT('',(29.4006878599309,5.99609152919601,7.30000381469729));
#4866=CARTESIAN_POINT('Origin',(29.6464341311055,5.87924274142693,7.55068039994621));
#4867=CARTESIAN_POINT('',(30.8999244345056,4.28068717956503,7.30000381469729));
#4868=CARTESIAN_POINT('Origin',(30.9231979784283,5.813884727696,7.30000381469729));
#4869=CARTESIAN_POINT('Origin',(206.930311213634,2.46212072608389,7.5355532019759));
#4870=CARTESIAN_POINT('Origin',(11.5569243849412,5.92275368574104,7.40000381469729));
#4871=CARTESIAN_POINT('',(10.8100004291534,5.99061092021504,7.30000381469729));
#4872=CARTESIAN_POINT('Ctrl Pts',(10.6100004291534,5.99914100114883,7.50000381469729));
#4873=CARTESIAN_POINT('Ctrl Pts',(10.6763727543264,5.99646825102521,7.43363148952425));
#4874=CARTESIAN_POINT('Ctrl Pts',(10.7436254499085,5.99361977214159,7.3663787939422));
#4875=CARTESIAN_POINT('Ctrl Pts',(10.8100004291534,5.99061092021504,7.30000381469729));
#4876=CARTESIAN_POINT('',(12.2474350651281,6.21549077008105,7.30000381469729));
#4877=CARTESIAN_POINT('Origin',(11.5569243849412,5.92275368574104,7.30000381469729));
#4878=CARTESIAN_POINT('',(12.2474350651281,6.21549077008105,7.30000381469729));
#4879=CARTESIAN_POINT('Origin',(11.8221492713705,12.0104427551621,7.40000381469729));
#4880=CARTESIAN_POINT('',(11.7671638564178,10.999563746637,7.30000381469729));
#4881=CARTESIAN_POINT('',(10.8100004291534,11.9891240560341,7.30000381469729));
#4882=CARTESIAN_POINT('Origin',(11.8221492713705,12.0104427551621,7.30000381469729));
#4883=CARTESIAN_POINT('Ctrl Pts',(10.6100004291535,11.9871128747988,7.50000381469729));
#4884=CARTESIAN_POINT('Ctrl Pts',(10.6764951401049,11.9877527178455,7.43350910374589));
#4885=CARTESIAN_POINT('Ctrl Pts',(10.7435016156968,11.9884238077399,7.36650262815393));
#4886=CARTESIAN_POINT('Ctrl Pts',(10.8100004291534,11.9891240560341,7.30000381469729));
#4887=CARTESIAN_POINT('Ctrl Pts',(11.7671638564178,10.999563746637,7.30000381469729));
#4888=CARTESIAN_POINT('Ctrl Pts',(11.7638204058644,10.9329801178965,7.36667043803577));
#4889=CARTESIAN_POINT('Ctrl Pts',(11.7605109158572,10.86639487215,7.43333706137426));
#4890=CARTESIAN_POINT('Ctrl Pts',(11.7572353876102,10.7998080353746,7.50000368471271));
#4891=CARTESIAN_POINT('Origin',(30.9231979784283,5.813884727696,7.50000381469729));
#4892=CARTESIAN_POINT('',(29.4006878599309,5.99609152919601,3.40000381469729));
#4893=CARTESIAN_POINT('',(29.4006878599309,5.99609152919601,7.50000381469729));
#4894=CARTESIAN_POINT('',(30.8999244345056,4.28068717956503,3.40000381469729));
#4895=CARTESIAN_POINT('Origin',(30.9231979784283,5.813884727696,3.40000381469729));
#4896=CARTESIAN_POINT('',(30.8999244345056,4.28068717956503,7.50000381469729));
#4897=CARTESIAN_POINT('Origin',(26.100000500679,10.990687584874,7.50000381469729));
#4898=CARTESIAN_POINT('',(25.7100005245208,10.990686073905,3.40000381469729));
#4899=CARTESIAN_POINT('',(25.7100005245208,10.990686073905,7.50000381469729));
#4900=CARTESIAN_POINT('',(26.4900004768372,10.990686035156,3.40000381469729));
#4901=CARTESIAN_POINT('Origin',(26.100000500679,10.990687584874,3.40000381469729));
#4902=CARTESIAN_POINT('',(26.4900004768372,10.990686035156,7.50000381469729));
#4903=CARTESIAN_POINT('Origin',(21.300000667572,10.9906877040831,7.50000381469729));
#4904=CARTESIAN_POINT('',(20.9100008106231,10.990686076879,3.40000381469729));
#4905=CARTESIAN_POINT('',(20.9100008106231,10.990686076879,7.50000381469729));
#4906=CARTESIAN_POINT('',(21.6900005245209,10.990686035156,3.40000381469729));
#4907=CARTESIAN_POINT('Origin',(21.300000667572,10.9906877040831,3.40000381469729));
#4908=CARTESIAN_POINT('',(21.6900005245209,10.990686035156,7.50000381469729));
#4909=CARTESIAN_POINT('Origin',(16.5000007152557,10.990687465665,7.50000381469729));
#4910=CARTESIAN_POINT('',(16.1100006198882,10.990686070914,3.40000381469729));
#4911=CARTESIAN_POINT('',(16.1100006198882,10.990686070914,7.50000381469729));
#4912=CARTESIAN_POINT('',(16.8900008106232,10.990686035156,3.40000381469729));
#4913=CARTESIAN_POINT('Origin',(16.5000007152557,10.990687465665,3.40000381469729));
#4914=CARTESIAN_POINT('',(16.8900008106232,10.990686035156,7.50000381469729));
#4915=CARTESIAN_POINT('Origin',(53.5000030994416,4.49068603515639,0.500003433227489));
#4916=CARTESIAN_POINT('',(53.0000030994415,17.4906860351566,0.500003433227489));
#4917=CARTESIAN_POINT('Origin',(53.5000030994307,17.2835792539744,0.500003433223313));
#4918=CARTESIAN_POINT('',(53.0000030994416,0.490686035156329,0.500003433227489));
#4919=CARTESIAN_POINT('Origin',(53.5000030994396,0.697792816342033,0.50000343322618));
#4920=CARTESIAN_POINT('',(53.0000030994416,4.49068603515639,0.500003433227489));
#4921=CARTESIAN_POINT('Origin',(52.4785564900358,16.2621326445652,0.500003433227489));
#4922=CARTESIAN_POINT('',(53.5000030994415,17.990686035156,0.500003433227489));
#4923=CARTESIAN_POINT('Origin',(53.707109880627,17.4906860351581,0.500003433226657));
#4924=CARTESIAN_POINT('',(52.1250030994427,16.6156860351587,0.500003433227489));
#4925=CARTESIAN_POINT('Origin',(31.177268684038,0.490686035156067,0.500003433227489));
#4926=CARTESIAN_POINT('',(53.5000030994416,-0.00931396484393332,0.500003433227489));
#4927=CARTESIAN_POINT('Origin',(53.7071098806302,0.490686035160455,0.500003433229412));
#4928=CARTESIAN_POINT('',(57.1454703900508,-0.00931396484393332,0.500003433227489));
#4929=CARTESIAN_POINT('Origin',(57.1454703900508,0.490686035156067,0.500003433227489));
#4930=CARTESIAN_POINT('',(31.177268684038,-0.00931396484393332,0.500003433227489));
#4931=CARTESIAN_POINT('Origin',(61.5000030994415,6.99295238985174,0.500003433227489));
#4932=CARTESIAN_POINT('',(62.0000030994415,4.84521874454703,0.500003433227489));
#4933=CARTESIAN_POINT('Origin',(61.5000030994415,4.84521874454703,0.500003433227489));
#4934=CARTESIAN_POINT('',(62.0000030994415,13.1361537991831,0.500003433227489));
#4935=CARTESIAN_POINT('Origin',(61.5000030994415,13.1361537991831,0.500003433227489));
#4936=CARTESIAN_POINT('',(62.0000030994415,6.99295238985174,0.500003433227489));
#4937=CARTESIAN_POINT('Origin',(54.6227369814548,17.490686035156,0.500003433227489));
#4938=CARTESIAN_POINT('',(57.145470863468,17.990686035156,0.500003433227489));
#4939=CARTESIAN_POINT('Origin',(57.145470863468,17.4906860351566,0.500003433227489));
#4940=CARTESIAN_POINT('',(54.6227369814548,17.990686035156,0.500003433227489));
#4941=CARTESIAN_POINT('Origin',(52.4785564900343,1.71923942575065,0.500003433227489));
#4942=CARTESIAN_POINT('',(52.1250030994409,1.36568603515748,0.500003433227489));
#4943=CARTESIAN_POINT('Origin',(57.1454703900508,4.84521874454703,7.50000381469729));
#4944=CARTESIAN_POINT('',(57.1454703900508,-0.00931396484393332,7.00000381469728));
#4945=CARTESIAN_POINT('',(62.0000030994415,4.84521874454703,7.00000381469728));
#4946=CARTESIAN_POINT('Origin',(57.1454703900508,4.84521874454703,7.00000381469728));
#4947=CARTESIAN_POINT('',(57.1454703900508,-0.00931396484393332,7.50000381469729));
#4948=CARTESIAN_POINT('Origin',(57.1454703900508,4.84521874454703,0.500003433227489));
#4949=CARTESIAN_POINT('',(62.0000030994415,4.84521874454703,7.50000381469729));
#4950=CARTESIAN_POINT('Origin',(57.145470863468,13.1361537991831,7.50000381469729));
#4951=CARTESIAN_POINT('Origin',(57.145470863468,13.1361537991831,0.500003433227489));
#4952=CARTESIAN_POINT('',(57.145470863468,17.990686035156,7.00000381469728));
#4953=CARTESIAN_POINT('',(57.145470863468,17.990686035156,7.50000381469729));
#4954=CARTESIAN_POINT('',(62.0000030994415,13.1361537991831,7.00000381469728));
#4955=CARTESIAN_POINT('Origin',(57.145470863468,13.1361537991831,7.00000381469728));
#4956=CARTESIAN_POINT('',(62.0000030994415,13.1361537991831,7.50000381469729));
#4957=CARTESIAN_POINT('Origin',(57.145470863468,13.1361537991831,7.25000381469728));
#4958=CARTESIAN_POINT('',(62.0000030994415,13.1361537991831,7.00000381469728));
#4959=CARTESIAN_POINT('',(57.145470863468,17.990686035156,7.00000381469728));
#4960=CARTESIAN_POINT('Origin',(57.1454703900508,4.84521874454703,7.25000381469728));
#4961=CARTESIAN_POINT('',(57.1454703900508,-0.00931396484393332,7.00000381469728));
#4962=CARTESIAN_POINT('',(62.0000030994415,4.84521874454703,7.00000381469728));
#4963=CARTESIAN_POINT('Origin',(50.8768021929949,5.51388465278404,7.25000381469728));
#4964=CARTESIAN_POINT('',(52.3900008106232,5.49076230711702,7.00000381469728));
#4965=CARTESIAN_POINT('',(50.8999245386703,4.00068603515603,7.00000381469728));
#4966=CARTESIAN_POINT('Origin',(50.8768021929949,5.51388465278404,7.00000381469728));
#4967=CARTESIAN_POINT('',(50.9037442035903,3.50068603515606,7.50000381469729));
#4968=CARTESIAN_POINT('Origin',(53.6468024450766,269.048292429485,8.25680544326708));
#4969=CARTESIAN_POINT('Origin',(50.8768038826642,12.467489107197,7.25000381469728));
#4970=CARTESIAN_POINT('',(50.8999245441294,13.980686035156,7.00000381469728));
#4971=CARTESIAN_POINT('',(52.3900008106232,12.490609768665,7.00000381469728));
#4972=CARTESIAN_POINT('Origin',(50.8768038826642,12.467489107197,7.00000381469728));
#4973=CARTESIAN_POINT('',(52.8900008106232,12.4944291596941,7.50000381469729));
#4974=CARTESIAN_POINT('Origin',(-212.676283910286,15.2374868059652,8.25680458550654));
#4975=CARTESIAN_POINT('Origin',(12.3231973571124,12.467489107197,7.25000381469728));
#4976=CARTESIAN_POINT('',(10.8100004291535,12.4906097686661,7.00000381469728));
#4977=CARTESIAN_POINT('',(12.3000766956454,13.980686035156,7.00000381469728));
#4978=CARTESIAN_POINT('Origin',(12.3231973571124,12.467489107197,7.00000381469728));
#4979=CARTESIAN_POINT('',(12.2962573046172,14.480686035156,7.50000381469729));
#4980=CARTESIAN_POINT('',(10.8100004291534,13.4667681954218,7.30000381469729));
#4981=CARTESIAN_POINT('Origin',(7.03688901154956,-11.6736925327746,11.0731152333147));
#4982=CARTESIAN_POINT('Ctrl Pts',(10.8100004291534,13.4667681954218,7.30000381469729));
#4983=CARTESIAN_POINT('Ctrl Pts',(10.8100004291534,12.9346748867614,7.00678804800997));
#4984=CARTESIAN_POINT('Ctrl Pts',(10.8100004291535,12.4906097686661,7.00000381469728));
#4985=CARTESIAN_POINT('Origin',(50.8768021929949,5.51388465278404,3.15000362396239));
#4986=CARTESIAN_POINT('',(50.8999245386703,4.00068603515603,3.40000381469729));
#4987=CARTESIAN_POINT('',(50.9037441100924,3.50068782318119,2.90000341977783));
#4988=CARTESIAN_POINT('',(50.8999245386703,4.00068603515603,3.40000381469729));
#4989=CARTESIAN_POINT('',(52.3900008106232,5.49076230711702,3.40000381469729));
#4990=CARTESIAN_POINT('Origin',(50.8768021929949,5.51388465278404,3.40000381469729));
#4991=CARTESIAN_POINT('',(52.8899989765945,5.48694240947012,2.90000344685905));
#4992=CARTESIAN_POINT('Origin',(53.6468024372685,269.048490552486,2.1432012425843));
#4993=CARTESIAN_POINT('Origin',(50.8768021929949,5.51388465278404,2.90000343322749));
#4994=CARTESIAN_POINT('Origin',(50.8768038826642,12.467489107197,3.15000362396239));
#4995=CARTESIAN_POINT('',(52.3900008106232,12.490609768665,3.40000381469729));
#4996=CARTESIAN_POINT('',(52.8899990228526,12.4944290662155,2.90000341977974));
#4997=CARTESIAN_POINT('',(52.3900008106232,12.490609768665,3.40000381469729));
#4998=CARTESIAN_POINT('',(50.8999245441294,13.980686035156,3.40000381469729));
#4999=CARTESIAN_POINT('Origin',(50.8768038826642,12.467489107197,3.40000381469729));
#5000=CARTESIAN_POINT('',(50.9037441678357,14.4806842013889,2.9000034468571));
#5001=CARTESIAN_POINT('Origin',(-212.676485004642,15.2374868054566,2.14320208424875));
#5002=CARTESIAN_POINT('Origin',(50.8768038826642,12.467489107197,2.90000343322749));
#5003=CARTESIAN_POINT('Origin',(12.3231973571124,12.467489107197,3.15000362396239));
#5004=CARTESIAN_POINT('',(12.3000766956454,13.980686035156,3.40000381469729));
#5005=CARTESIAN_POINT('',(12.2962573980951,14.4806842473854,2.90000341977975));
#5006=CARTESIAN_POINT('',(12.3000766956454,13.980686035156,3.40000381469729));
#5007=CARTESIAN_POINT('',(10.8100004291535,12.4906097686661,3.40000381469729));
#5008=CARTESIAN_POINT('Origin',(12.3231973571124,12.467489107197,3.40000381469729));
#5009=CARTESIAN_POINT('',(10.8100004291534,13.795611133574,2.90000343322749));
#5010=CARTESIAN_POINT('Ctrl Pts',(10.8100004291535,12.4906097686661,3.40000381469729));
#5011=CARTESIAN_POINT('Ctrl Pts',(10.8100004291534,13.050603012505,3.39144847548358));
#5012=CARTESIAN_POINT('Ctrl Pts',(10.8100004291534,13.795611133574,2.90000343322749));
#5013=CARTESIAN_POINT('Origin',(12.3231973571124,12.467489107197,2.90000343322749));
#5014=CARTESIAN_POINT('Origin',(11.3000004291534,0.490686035156038,0.500003433227487));
#5015=CARTESIAN_POINT('',(11.8000004291534,0.490686035156038,0.500003433227487));
#5016=CARTESIAN_POINT('Origin',(11.3000004291534,0.490686035156038,0.500003433227487));
#5017=CARTESIAN_POINT('',(11.3000004291534,-0.00931396484393332,0.500003433227487));
#5018=CARTESIAN_POINT('Origin',(11.3000004291534,0.490686035156038,0.500003433227487));
#5019=CARTESIAN_POINT('Origin',(11.3000004291534,0.490686035156038,0.500003433227487));
#5020=CARTESIAN_POINT('Origin',(11.3000004291534,17.4906860351561,0.500003433227487));
#5021=CARTESIAN_POINT('',(11.8000004291534,17.4906860351561,0.500003433227487));
#5022=CARTESIAN_POINT('',(11.3000004291534,17.990686035156,0.500003433227487));
#5023=CARTESIAN_POINT('Origin',(11.3000004291534,17.4906860351561,0.500003433227487));
#5024=CARTESIAN_POINT('Origin',(11.3000004291534,17.4906860351561,0.500003433227487));
#5025=CARTESIAN_POINT('Origin',(11.3000004291534,17.4906860351561,0.500003433227487));
#5026=CARTESIAN_POINT('Origin',(11.3000004291534,17.4906860351561,3.70000362396238));
#5027=CARTESIAN_POINT('',(11.3000004291534,17.990686035156,1.40000438690189));
#5028=CARTESIAN_POINT('',(11.8000004291533,17.4906860351561,0.900003910269284));
#5029=CARTESIAN_POINT('Origin',(11.3000004291548,17.4906860351578,1.40000438690055));
#5030=CARTESIAN_POINT('',(11.8000004291534,17.4906860351561,3.70000362396238));
#5031=CARTESIAN_POINT('',(11.3000004291534,17.990686035156,3.70000362396238));
#5032=CARTESIAN_POINT('Origin',(11.3000004291534,10.990686035156,0.500003433227487));
#5033=CARTESIAN_POINT('',(11.8000004291534,10.990686035156,0.500003433227487));
#5034=CARTESIAN_POINT('Origin',(11.3000004291534,0.490686035156038,3.70000362396238));
#5035=CARTESIAN_POINT('',(11.8000005085945,0.490686035156038,0.900003797895325));
#5036=CARTESIAN_POINT('',(11.3000004291534,-0.00931389609714605,1.40000438690185));
#5037=CARTESIAN_POINT('Origin',(11.3000005582172,0.490687409911735,1.40000425783805));
#5038=CARTESIAN_POINT('',(11.3000004291534,-0.00931396484393332,3.70000362396238));
#5039=CARTESIAN_POINT('',(11.8000004291534,0.490686035156038,3.70000362396238));
#5040=CARTESIAN_POINT('Origin',(44.4000008106232,13.200686798096,0.500003433227487));
#5041=CARTESIAN_POINT('',(44.4000008106232,13.200686798096,3.43322748896924E-6));
#5042=CARTESIAN_POINT('',(44.4000008106232,13.700686798096,0.500003433227487));
#5043=CARTESIAN_POINT('Origin',(44.4000008106232,13.200686798096,0.500003433227487));
#5044=CARTESIAN_POINT('',(43.9000008106232,13.200686798096,0.500003433227487));
#5045=CARTESIAN_POINT('Origin',(44.4000008106232,13.200686798096,0.500003433227487));
#5046=CARTESIAN_POINT('Origin',(44.4000008106232,13.200686798096,0.500003433227487));
#5047=CARTESIAN_POINT('Origin',(44.4000008106232,4.780687179565,0.500003433227487));
#5048=CARTESIAN_POINT('',(44.4000008106232,4.28068717956503,0.500003433227487));
#5049=CARTESIAN_POINT('',(44.4000008106232,4.780687179565,3.43322748896924E-6));
#5050=CARTESIAN_POINT('Origin',(44.4000008106232,4.780687179565,0.500003433227487));
#5051=CARTESIAN_POINT('',(43.9000008106232,4.780687179565,0.500003433227487));
#5052=CARTESIAN_POINT('Origin',(44.4000008106232,4.780687179565,0.500003433227487));
#5053=CARTESIAN_POINT('Origin',(44.4000008106232,4.780687179565,0.500003433227487));
#5054=CARTESIAN_POINT('Origin',(44.4000008106232,4.79068717956501,0.500003433227487));
#5055=CARTESIAN_POINT('',(44.4000008106232,4.79068717956501,3.43322748896924E-6));
#5056=CARTESIAN_POINT('',(43.9000008106232,4.79068717956501,0.500003433227487));
#5057=CARTESIAN_POINT('Origin',(48.2100000476837,8.24072499438604,0.500003433227487));
#5058=CARTESIAN_POINT('',(48.5635487697185,5.79028792688432,0.14644537413736));
#5059=CARTESIAN_POINT('',(48.7100000476837,5.79061116300206,0.500003433227487));
#5060=CARTESIAN_POINT('Origin',(48.2101167277135,5.79802203648809,0.499948178816677));
#5061=CARTESIAN_POINT('',(48.2099965683987,5.7944062771714,3.43323152419047E-6));
#5062=CARTESIAN_POINT('Origin',(48.2100509000205,5.79739490925041,0.500022619106592));
#5063=CARTESIAN_POINT('',(48.2099965638171,12.1869685517785,3.4332326611745E-6));
#5064=CARTESIAN_POINT('',(48.2100000476837,8.24072499438604,3.43322748896924E-6));
#5065=CARTESIAN_POINT('',(48.5635593701095,12.1888658357093,0.1464441106852));
#5066=CARTESIAN_POINT('Origin',(48.2099925084462,12.1879172636039,0.500050278399738));
#5067=CARTESIAN_POINT('',(48.7100000476837,12.190762809207,0.500003433227487));
#5068=CARTESIAN_POINT('Origin',(48.2100360820988,12.1898133871694,0.499976649475209));
#5069=CARTESIAN_POINT('',(48.7100000476837,8.24072499438604,0.500003433227487));
#5070=CARTESIAN_POINT('Origin',(46.0500384374343,4.780687179565,0.500003433227487));
#5071=CARTESIAN_POINT('',(47.1962809500763,4.78069065884999,3.43323152435238E-6));
#5072=CARTESIAN_POINT('',(46.0500384374343,4.780687179565,3.43322748896924E-6));
#5073=CARTESIAN_POINT('',(47.2003993343503,4.42713412421921,0.146449707387051));
#5074=CARTESIAN_POINT('Origin',(47.1932923151145,4.78063632691951,0.500022618019254));
#5075=CARTESIAN_POINT('',(47.2000760642454,4.28068717956503,0.500003433227487));
#5076=CARTESIAN_POINT('Origin',(47.1926651824243,4.78057049923504,0.499948178694101));
#5077=CARTESIAN_POINT('',(46.0500384374343,4.28068717956503,0.500003433227487));
#5078=CARTESIAN_POINT('Origin',(37.6499626252884,13.200686798096,0.500003433227487));
#5079=CARTESIAN_POINT('',(47.200399272852,13.5542355201461,0.146445374152618));
#5080=CARTESIAN_POINT('',(47.2000760587933,13.700686798096,0.500003433227487));
#5081=CARTESIAN_POINT('Origin',(47.1926657149985,13.2008034614484,0.499948186691614));
#5082=CARTESIAN_POINT('',(47.1962812169032,13.2006833193038,3.43323152342719E-6));
#5083=CARTESIAN_POINT('Origin',(47.1932927957507,13.2007376432136,0.500022616320274));
#5084=CARTESIAN_POINT('',(37.6499626252884,13.200686798096,3.43322748896924E-6));
#5085=CARTESIAN_POINT('',(37.6499626252884,13.700686798096,0.500003433227487));
#5086=CARTESIAN_POINT('Origin',(44.4000008106232,4.780687179565,3.70000362396238));
#5087=CARTESIAN_POINT('',(44.3005020669125,4.290687179565,1.65612701357088));
#5088=CARTESIAN_POINT('',(43.9000008106232,4.780687179565,1.25564183218178));
#5089=CARTESIAN_POINT('Origin',(44.40000081062,4.78068717955862,1.75561731409308));
#5090=CARTESIAN_POINT('',(43.9000008106232,4.780687179565,3.70000362396238));
#5091=CARTESIAN_POINT('',(44.4000008106232,4.28068717956503,1.75562087824419));
#5092=CARTESIAN_POINT('',(44.4000008106232,4.28068717956503,3.70000362396238));
#5093=CARTESIAN_POINT('Origin',(44.4000008106232,4.780687179565,1.7556208782441));
#5094=CARTESIAN_POINT('Origin',(44.4000008106232,13.200686798096,3.70000362396238));
#5095=CARTESIAN_POINT('',(43.9000008106232,13.200686798096,1.25558058703359));
#5096=CARTESIAN_POINT('',(44.3005020669121,13.690686798096,1.65605864012688));
#5097=CARTESIAN_POINT('Origin',(44.400000810622,13.200686798097,1.75555606894712));
#5098=CARTESIAN_POINT('',(44.4000008106232,13.700686798096,1.75555250480049));
#5099=CARTESIAN_POINT('Origin',(44.4000008106232,13.200686798096,1.7555525048005));
#5100=CARTESIAN_POINT('',(44.4000008106232,13.700686798096,3.70000362396238));
#5101=CARTESIAN_POINT('',(43.9000008106232,13.200686798096,3.70000362396238));
#5102=CARTESIAN_POINT('Origin',(25.7977362185153,17.4906860351561,0.500003433227487));
#5103=CARTESIAN_POINT('',(4.8545340319273,17.990686035156,0.500003433227487));
#5104=CARTESIAN_POINT('Origin',(4.8545340319273,17.4906860351561,0.500003433227487));
#5105=CARTESIAN_POINT('',(25.7977362185153,17.990686035156,0.500003433227487));
#5106=CARTESIAN_POINT('Origin',(4.8545340462453,4.84521850783903,7.25000381469728));
#5107=CARTESIAN_POINT('',(1.57356260466202E-6,4.84521850783903,7.00000381469728));
#5108=CARTESIAN_POINT('',(1.57356260466202E-6,4.84521850783903,7.00000381469728));
#5109=CARTESIAN_POINT('',(4.8545340462453,-0.00931396484393332,7.00000381469728));
#5110=CARTESIAN_POINT('Origin',(4.8545340462453,4.84521850783903,7.00000381469728));
#5111=CARTESIAN_POINT('',(4.8545340462453,0.490686035156038,7.50000381469729));
#5112=CARTESIAN_POINT('Origin',(4.8545340319273,13.136153576792,7.25000381469728));
#5113=CARTESIAN_POINT('',(4.8545340319273,17.990686035156,7.00000381469728));
#5114=CARTESIAN_POINT('',(4.8545340319273,17.990686035156,7.00000381469728));
#5115=CARTESIAN_POINT('',(1.57356260466202E-6,13.136153576792,7.00000381469728));
#5116=CARTESIAN_POINT('Origin',(4.8545340319273,13.136153576792,7.00000381469728));
#5117=CARTESIAN_POINT('',(1.57356260466202E-6,13.136153576792,7.00000381469728));
#5118=CARTESIAN_POINT('Origin',(4.8545340462453,4.84521850783903,7.50000381469729));
#5119=CARTESIAN_POINT('',(4.8545340462453,-0.00931396484393332,0.500003433227487));
#5120=CARTESIAN_POINT('',(1.57356260466202E-6,4.84521850783903,0.500003433227487));
#5121=CARTESIAN_POINT('Origin',(4.8545340462453,4.84521850783903,0.500003433227487));
#5122=CARTESIAN_POINT('',(4.8545340462453,-0.00931396484393332,7.50000381469729));
#5123=CARTESIAN_POINT('',(1.57356260466202E-6,4.84521850783903,7.50000381469729));
#5124=CARTESIAN_POINT('Origin',(4.8545340319273,13.136153576792,7.50000381469729));
#5125=CARTESIAN_POINT('',(1.57356260466202E-6,13.136153576792,0.500003433227487));
#5126=CARTESIAN_POINT('Origin',(4.8545340319273,13.136153576792,0.500003433227487));
#5127=CARTESIAN_POINT('',(1.57356260466202E-6,13.136153576792,7.50000381469729));
#5128=CARTESIAN_POINT('',(4.8545340319273,17.990686035156,7.50000381469729));
#5129=CARTESIAN_POINT('Origin',(2.3522679210986,0.490686035156038,0.500003433227487));
#5130=CARTESIAN_POINT('Origin',(4.8545340462453,0.490686035156038,0.500003433227487));
#5131=CARTESIAN_POINT('',(2.3522679210986,-0.00931396484393332,0.500003433227487));
#5132=CARTESIAN_POINT('Origin',(0.500001573562603,8.98841980597407,0.500003433227487));
#5133=CARTESIAN_POINT('Origin',(0.500001573562603,13.136153576792,0.500003433227487));
#5134=CARTESIAN_POINT('Origin',(0.500001573562603,4.84521850783903,0.500003433227487));
#5135=CARTESIAN_POINT('',(1.57356260466202E-6,8.98841980597407,0.500003433227487));
#5136=CARTESIAN_POINT('Origin',(16.8241387660367,0.240686035156052,7.25000381469728));
#5137=CARTESIAN_POINT('',(17.8241387660367,-0.00931396484393332,7.00000381469728));
#5138=CARTESIAN_POINT('Origin',(4.8545340319273,13.136153576792,0.500003433227487));
#5139=CARTESIAN_POINT('Origin',(4.8545340462453,4.84521850783903,0.500003433227487));
#5140=CARTESIAN_POINT('Origin',(1.57356260466202E-6,12.9861535767921,7.50000381469729));
#5141=CARTESIAN_POINT('',(1.57356260466202E-6,10.7606160804491,7.00000381469728));
#5142=CARTESIAN_POINT('Origin',(0.250001573562599,10.7606160804491,7.25000381469728));
#5143=CARTESIAN_POINT('Origin',(51.745470863468,17.990686035156,7.50000381469729));
#5144=CARTESIAN_POINT('',(53.5000030994415,17.990686035156,3.40000343322748));
#5145=CARTESIAN_POINT('',(53.5000030994415,17.990686035156,5.50000381469729));
#5146=CARTESIAN_POINT('',(10.8100004291534,17.990686035156,3.40000343322759));
#5147=CARTESIAN_POINT('',(55.4055433779391,17.990686035156,3.40000343322759));
#5148=CARTESIAN_POINT('',(10.8100004291534,17.990686035156,1.89000438690188));
#5149=CARTESIAN_POINT('',(10.8100004291534,17.990686035156,5.60000701337579));
#5150=CARTESIAN_POINT('',(20.3021034255342,17.990686035156,-7.60209860947891));
#5151=CARTESIAN_POINT('',(42.2696070634535,17.990686035156,7.00000381469728));
#5152=CARTESIAN_POINT('Origin',(40.2696070634535,17.7406860351561,7.25000381469728));
#5153=CARTESIAN_POINT('Origin',(35.0000030994415,14.396337828543,5.40000275106308));
#5154=CARTESIAN_POINT('',(35.0000030994415,13.980686035156,3.92431751650328));
#5155=CARTESIAN_POINT('',(35.0000030994415,13.980686035156,6.8756892776489));
#5156=CARTESIAN_POINT('',(35.0000030994415,13.980686035156,6.45000328288019));
#5157=CARTESIAN_POINT('',(35.0000030994415,14.9906860351561,4.934324819091));
#5158=CARTESIAN_POINT('',(35.0000030994415,13.9906860351561,3.93431758880618));
#5159=CARTESIAN_POINT('',(35.0000030994415,14.9906860351561,5.86568927764898));
#5160=CARTESIAN_POINT('',(35.0000030994415,14.9906860351561,4.934324819091));
#5161=CARTESIAN_POINT('',(35.0000030994415,14.9906860351561,5.86568927764898));
#5162=CARTESIAN_POINT('Origin',(35.0000030994415,3.54006110429204,5.40000364900639));
#5163=CARTESIAN_POINT('',(35.0000030994415,4.00068603515603,6.87568936494019));
#5164=CARTESIAN_POINT('',(35.0000030994415,4.00068603515603,3.92431754521688));
#5165=CARTESIAN_POINT('',(35.0000030994415,4.00068603515603,6.45000373185187));
#5166=CARTESIAN_POINT('',(35.0000030994415,2.99068603515604,5.86568054852609));
#5167=CARTESIAN_POINT('',(35.0000030994415,3.99068603515605,6.86568927764888));
#5168=CARTESIAN_POINT('',(35.0000030994415,2.99068603515604,4.93432194772968));
#5169=CARTESIAN_POINT('',(35.0000030994415,2.99068603515604,5.86568054852609));
#5170=CARTESIAN_POINT('',(35.0000030994415,2.99068603515604,4.93432194772968));
#5171=CARTESIAN_POINT('Origin',(50.9000030994415,14.396337828543,5.40000275106308));
#5172=CARTESIAN_POINT('',(50.9000030994415,13.980684832843,6.87569047996229));
#5173=CARTESIAN_POINT('',(50.9000030994415,13.980684832843,3.92431631418118));
#5174=CARTESIAN_POINT('',(50.9000030994415,13.980684832843,7.50000381469729));
#5175=CARTESIAN_POINT('',(50.9000030994415,14.9906860351561,5.86568927764898));
#5176=CARTESIAN_POINT('',(50.9000030994415,14.9906860351561,5.86568927764898));
#5177=CARTESIAN_POINT('',(50.9000030994415,14.9906860351561,4.934324819091));
#5178=CARTESIAN_POINT('',(50.9000030994415,14.9906860351561,4.934324819091));
#5179=CARTESIAN_POINT('',(50.9000030994415,13.9906860351561,3.93431758880618));
#5180=CARTESIAN_POINT('Origin',(35.0000030994415,2.99068603515604,5.86568054852609));
#5181=CARTESIAN_POINT('',(50.9000030994415,2.99068603515604,5.86568054852609));
#5182=CARTESIAN_POINT('',(35.0000030994415,2.99068603515604,5.86568054852609));
#5183=CARTESIAN_POINT('',(50.9000030994415,2.99068603515604,4.93432194772968));
#5184=CARTESIAN_POINT('',(50.9000030994415,2.99068603515604,5.86568054852609));
#5185=CARTESIAN_POINT('',(35.0000030994415,2.99068603515604,4.93432194772968));
#5186=CARTESIAN_POINT('Origin',(35.0000030994415,2.99068603515604,4.93432194772968));
#5187=CARTESIAN_POINT('',(50.9000030994415,4.00068723764004,3.92431634272839));
#5188=CARTESIAN_POINT('',(50.9000030994415,2.99068603515604,4.93432194772968));
#5189=CARTESIAN_POINT('',(50.8999245386703,4.00068603515603,3.92431754521677));
#5190=CARTESIAN_POINT('',(50.8999245386703,4.00068603515603,3.92431754521677));
#5191=CARTESIAN_POINT('',(23.650039900277,4.00068603515603,3.92431754521688));
#5192=CARTESIAN_POINT('Origin',(50.9000030994415,3.54006110429204,5.40000364900639));
#5193=CARTESIAN_POINT('',(50.9000030994415,4.00068723764004,6.87569056743399));
#5194=CARTESIAN_POINT('',(50.9000030994415,4.00068723764004,7.50000381469729));
#5195=CARTESIAN_POINT('',(50.9000030994415,3.99068603515605,6.86568927764888));
#5196=CARTESIAN_POINT('Origin',(35.0000030994415,4.089436173428,6.96444027792269));
#5197=CARTESIAN_POINT('',(50.8999245386703,4.00068603515603,6.87568936494028));
#5198=CARTESIAN_POINT('',(23.650039900277,4.00068603515603,6.87568936494019));
#5199=CARTESIAN_POINT('',(50.9000030994415,4.00068723764004,6.87569056743399));
#5200=CARTESIAN_POINT('Origin',(35.0000030994415,13.801989621929,3.74561981125028));
#5201=CARTESIAN_POINT('',(50.8999245441294,13.980686035156,3.92431751650328));
#5202=CARTESIAN_POINT('',(42.9499638217855,13.980686035156,3.92431751650328));
#5203=CARTESIAN_POINT('',(50.9000030994415,13.980684832843,3.92431631418118));
#5204=CARTESIAN_POINT('',(35.0000030994415,14.9906860351561,4.934324819091));
#5205=CARTESIAN_POINT('Origin',(35.0000030994415,14.9906860351561,4.934324819091));
#5206=CARTESIAN_POINT('',(35.0000030994415,14.9906860351561,5.86568927764898));
#5207=CARTESIAN_POINT('Origin',(35.0000030994415,14.9906860351561,5.86568927764898));
#5208=CARTESIAN_POINT('',(50.8999245441294,13.980686035156,6.8756892776489));
#5209=CARTESIAN_POINT('',(50.8999245441294,13.980686035156,6.8756892776489));
#5210=CARTESIAN_POINT('',(42.9499638217855,13.980686035156,6.87568927764879));
#5211=CARTESIAN_POINT('Origin',(36.7000030994415,3.29068717956499,5.7000036239624));
#5212=CARTESIAN_POINT('',(36.7000030994415,3.29068717956499,5.7000036239624));
#5213=CARTESIAN_POINT('',(46.2000030994415,3.29068717956499,5.7000036239624));
#5214=CARTESIAN_POINT('',(36.7000030994415,3.29068717956499,5.7000036239624));
#5215=CARTESIAN_POINT('',(36.7000030994415,3.29068717956499,5.10000324249269));
#5216=CARTESIAN_POINT('',(36.7000030994415,3.29068717956499,5.10000324249269));
#5217=CARTESIAN_POINT('',(46.2000030994415,3.29068717956499,5.10000324249269));
#5218=CARTESIAN_POINT('',(36.7000030994415,3.29068717956499,5.10000324249269));
#5219=CARTESIAN_POINT('',(46.2000030994415,3.29068717956499,5.10000324249269));
#5220=CARTESIAN_POINT('Origin',(36.7000030994415,3.790687179565,5.40000343322749));
#5221=CARTESIAN_POINT('',(36.7000030994415,4.28068717956503,4.11000324249269));
#5222=CARTESIAN_POINT('',(36.7000030994415,4.28068717956503,6.69000362396238));
#5223=CARTESIAN_POINT('',(36.7000030994415,4.28068717956503,6.45000362396239));
#5224=CARTESIAN_POINT('',(36.7000030994415,3.29068717956499,5.10000324249269));
#5225=CARTESIAN_POINT('',(36.7000030994415,3.29068717956499,5.7000036239624));
#5226=CARTESIAN_POINT('Origin',(36.7000030994415,3.29068717956499,5.10000324249269));
#5227=CARTESIAN_POINT('',(46.2000030994415,4.28068717956503,4.11000324249269));
#5228=CARTESIAN_POINT('',(41.9500395818434,4.28068717956503,4.11000324249269));
#5229=CARTESIAN_POINT('',(46.2000030994415,3.29068717956499,5.10000324249269));
#5230=CARTESIAN_POINT('Origin',(36.7000030994415,4.290687179565,6.70000362396239));
#5231=CARTESIAN_POINT('',(46.2000030994415,4.28068717956503,6.69000362396238));
#5232=CARTESIAN_POINT('',(41.9500395818434,4.28068717956503,6.69000362396238));
#5233=CARTESIAN_POINT('',(46.2000030994415,3.29068717956499,5.7000036239624));
#5234=CARTESIAN_POINT('Origin',(37.2444298267365,14.522157287598,5.86853408813479));
#5235=CARTESIAN_POINT('',(36.7000030994415,14.6906867977571,5.70000362478052));
#5236=CARTESIAN_POINT('',(46.2000030994415,14.6906867977571,5.70000362478052));
#5237=CARTESIAN_POINT('',(36.7000030994415,14.690686798096,5.7000036239624));
#5238=CARTESIAN_POINT('',(36.7000030994415,13.7006867977571,6.69000362478049));
#5239=CARTESIAN_POINT('',(36.7000030994415,13.690686798096,6.70000362396239));
#5240=CARTESIAN_POINT('',(46.2000030994415,13.7006867977572,6.69000362478045));
#5241=CARTESIAN_POINT('',(33.5499637696976,13.700686798096,6.69000362396238));
#5242=CARTESIAN_POINT('',(46.2000030994415,13.690686798096,6.70000362396239));
#5243=CARTESIAN_POINT('Origin',(36.7000030994415,14.690686798096,5.10000324249269));
#5244=CARTESIAN_POINT('',(36.7000030994415,14.690686798096,5.10000324249269));
#5245=CARTESIAN_POINT('',(46.2000030994415,14.690686798096,5.10000324249269));
#5246=CARTESIAN_POINT('',(36.7000030994415,14.690686798096,5.10000324249269));
#5247=CARTESIAN_POINT('',(36.7000030994415,14.690686798096,5.10000324249269));
#5248=CARTESIAN_POINT('',(46.2000030994415,14.690686798096,5.10000324249269));
#5249=CARTESIAN_POINT('Origin',(36.7000030994415,13.690686798096,4.10000324249269));
#5250=CARTESIAN_POINT('',(36.7000030994415,13.700686798096,4.11000324249269));
#5251=CARTESIAN_POINT('',(46.2000030994415,13.700686798096,4.11000324249269));
#5252=CARTESIAN_POINT('',(33.5499637696976,13.700686798096,4.11000324249258));
#5253=CARTESIAN_POINT('',(36.7000030994415,13.690686798096,4.10000324249269));
#5254=CARTESIAN_POINT('',(46.2000030994415,13.690686798096,4.10000324249269));
#5255=CARTESIAN_POINT('Origin',(36.7000030994415,14.190686798096,5.40000343322749));
#5256=CARTESIAN_POINT('',(36.7000030994415,13.700686798096,6.45000362396239));
#5257=CARTESIAN_POINT('Origin',(46.2000030994415,3.790687179565,5.40000343322749));
#5258=CARTESIAN_POINT('',(46.2000030994415,4.28068717956503,6.45000362396239));
#5259=CARTESIAN_POINT('Origin',(46.2000030994415,14.190686798096,5.40000343322749));
#5260=CARTESIAN_POINT('',(46.2000030994415,13.700686798096,6.45000362396239));
#5261=CARTESIAN_POINT('Origin',(43.9048159122467,5.19267044067401,1.26045370101929));
#5262=CARTESIAN_POINT('',(45.3000004291535,4.290687179565,2.65557636423958));
#5263=CARTESIAN_POINT('',(43.8135084902053,4.290687179565,1.16915731716368));
#5264=CARTESIAN_POINT('',(45.3000004291535,13.690686798096,2.65550799079598));
#5265=CARTESIAN_POINT('',(45.3000004291535,7.09167945781104,2.65555599046348));
#5266=CARTESIAN_POINT('',(41.0883649213244,13.690686798096,-1.55592099455582));
#5267=CARTESIAN_POINT('',(43.9000008106232,5.24168372289704,1.2556384789985));
#5268=CARTESIAN_POINT('Origin',(45.3000004291535,4.290687179565,2.65557636423958));
#5269=CARTESIAN_POINT('',(45.3000004291535,4.28068717956503,2.65557636423958));
#5270=CARTESIAN_POINT('',(43.8135084902053,4.28068717956503,1.16915731716368));
#5271=CARTESIAN_POINT('',(45.3000004291535,4.290687179565,2.65557636423958));
#5272=CARTESIAN_POINT('Origin',(43.9000008106232,5.29068717956502,-0.0999965667725178));
#5273=CARTESIAN_POINT('Origin',(45.3000004291535,4.290687179565,3.50000381469728));
#5274=CARTESIAN_POINT('',(45.3000004291535,4.28068717956503,3.40000381469729));
#5275=CARTESIAN_POINT('',(45.3000004291535,13.700686798096,3.40000381469729));
#5276=CARTESIAN_POINT('',(45.3000004291535,5.568870162964,3.40000381469729));
#5277=CARTESIAN_POINT('',(45.3000004291535,13.700686798096,2.65550799079598));
#5278=CARTESIAN_POINT('',(45.3000004291535,13.700686798096,5.60000701337579));
#5279=CARTESIAN_POINT('',(45.3000004291535,8.99068698883106,2.65550799079598));
#5280=CARTESIAN_POINT('',(45.3000004291535,4.28068717956503,5.60000701337579));
#5281=CARTESIAN_POINT('Origin',(44.9000008106232,4.290687179565,3.43322748896924E-6));
#5282=CARTESIAN_POINT('Origin',(47.1768031197247,5.81388410752403,3.43322748896924E-6));
#5283=CARTESIAN_POINT('Origin',(47.1768048093887,12.167491559801,3.43322748896924E-6));
#5284=CARTESIAN_POINT('Origin',(43.9000008106232,13.690686798096,1.25557702288579));
#5285=CARTESIAN_POINT('',(41.0883649213244,13.700686798096,-1.55592099455582));
#5286=CARTESIAN_POINT('Origin',(47.1768048093887,12.167491559801,0.500003433227487));
#5287=CARTESIAN_POINT('Origin',(47.1768048093887,12.167491559801,0.500003433227487));
#5288=CARTESIAN_POINT('Origin',(47.1768031197247,5.81388410752403,0.500003433227487));
#5289=CARTESIAN_POINT('Origin',(47.1768031197247,5.81388410752403,0.500003433227487));
#5290=CARTESIAN_POINT('Origin',(28.4191239178181,6.84705314636204,3.40000381469729));
#5291=CARTESIAN_POINT('',(30.8999244399537,13.700686798096,3.40000381469729));
#5292=CARTESIAN_POINT('',(30.3999244399537,13.700686798096,3.40000381469729));
#5293=CARTESIAN_POINT('',(47.7000760642454,4.28068717956503,3.40000381469729));
#5294=CARTESIAN_POINT('',(28.4327838806205,6.98181264563299,3.40000381469729));
#5295=CARTESIAN_POINT('Origin',(28.3653733888789,5.947555610371,3.40000381469729));
#5296=CARTESIAN_POINT('',(26.4900004768372,8.99062798924604,3.40000381469729));
#5297=CARTESIAN_POINT('Origin',(28.5243283324922,9.01421660658503,3.40000381469729));
#5298=CARTESIAN_POINT('',(26.4900004768372,10.990686035156,3.40000381469729));
#5299=CARTESIAN_POINT('',(25.7100005245209,6.99066469898106,3.40000381469729));
#5300=CARTESIAN_POINT('',(25.7100005245208,10.990686073905,3.40000381469729));
#5301=CARTESIAN_POINT('',(21.6900005245209,6.990664698979,3.40000381469729));
#5302=CARTESIAN_POINT('Origin',(23.7000005245209,6.99923119952906,3.40000381469729));
#5303=CARTESIAN_POINT('',(21.6900005245209,6.990664698979,3.40000381469729));
#5304=CARTESIAN_POINT('',(20.9100008106232,6.99066468250901,3.40000381469729));
#5305=CARTESIAN_POINT('',(20.9100008106231,10.990686076879,3.40000381469729));
#5306=CARTESIAN_POINT('',(16.8900008106232,6.99066468250901,3.40000381469729));
#5307=CARTESIAN_POINT('Origin',(18.9000008106232,6.99923779600905,3.40000381469729));
#5308=CARTESIAN_POINT('',(16.8900008106232,6.99066468250901,3.40000381469729));
#5309=CARTESIAN_POINT('',(16.1100006198883,6.99066170128503,3.40000381469729));
#5310=CARTESIAN_POINT('',(16.1100006198882,10.990686070914,3.40000381469729));
#5311=CARTESIAN_POINT('',(12.2474350651281,6.21549077008105,3.40000381469729));
#5312=CARTESIAN_POINT('Origin',(14.0989723078676,7.00043679559304,3.40000381469729));
#5313=CARTESIAN_POINT('',(10.8100004291534,5.99061092021504,3.40000381469729));
#5314=CARTESIAN_POINT('Origin',(11.5569243849412,5.92275368574104,3.40000381469729));
#5315=CARTESIAN_POINT('',(10.8100004291534,11.9891240560341,3.40000381469729));
#5316=CARTESIAN_POINT('',(10.8100004291534,6.41883203328906,3.40000381469729));
#5317=CARTESIAN_POINT('',(11.7671638564178,10.999563746637,3.40000381469729));
#5318=CARTESIAN_POINT('Origin',(11.8221492713705,12.0104427551621,3.40000381469729));
#5319=CARTESIAN_POINT('',(13.7100000476837,8.99074406838402,3.40000381469729));
#5320=CARTESIAN_POINT('Origin',(11.6756755128616,8.96716064343504,3.40000381469729));
#5321=CARTESIAN_POINT('',(13.7100000476837,6.99068603515606,3.40000381469729));
#5322=CARTESIAN_POINT('',(13.7100000476837,8.99074406838402,3.40000381469729));
#5323=CARTESIAN_POINT('',(14.4900002384186,6.99068604707701,3.40000381469729));
#5324=CARTESIAN_POINT('Origin',(14.1000001430511,6.99068651199305,3.40000381469729));
#5325=CARTESIAN_POINT('',(14.4900002384186,10.990686035156,3.40000381469729));
#5326=CARTESIAN_POINT('',(14.4900002384186,6.99068604707701,3.40000381469729));
#5327=CARTESIAN_POINT('',(18.5100002384186,10.990686035156,3.40000381469729));
#5328=CARTESIAN_POINT('Origin',(16.5000002384186,10.990686035156,3.40000381469729));
#5329=CARTESIAN_POINT('',(18.5100002384186,6.99068603515606,3.40000381469729));
#5330=CARTESIAN_POINT('',(18.5100002384186,10.990686035156,3.40000381469729));
#5331=CARTESIAN_POINT('',(19.2900004291534,6.99068604707701,3.40000381469729));
#5332=CARTESIAN_POINT('Origin',(18.900000333786,6.99068651199305,3.40000381469729));
#5333=CARTESIAN_POINT('',(19.2900004291534,10.990707378238,3.40000381469729));
#5334=CARTESIAN_POINT('',(19.2900004291534,6.99068604707701,3.40000381469729));
#5335=CARTESIAN_POINT('',(23.3100004291534,10.990707378238,3.40000381469729));
#5336=CARTESIAN_POINT('Origin',(21.3000004291534,10.982138105378,3.40000381469729));
#5337=CARTESIAN_POINT('',(23.3100004291534,6.99068603515606,3.40000381469729));
#5338=CARTESIAN_POINT('',(23.3100004291534,10.990707378238,3.40000381469729));
#5339=CARTESIAN_POINT('',(24.0900006198883,6.99068604707804,3.40000381469729));
#5340=CARTESIAN_POINT('Origin',(23.7000005245209,6.99068651199401,3.40000381469729));
#5341=CARTESIAN_POINT('',(24.0900006198883,10.990709456126,3.40000381469729));
#5342=CARTESIAN_POINT('',(24.0900006198883,6.99068604707804,3.40000381469729));
#5343=CARTESIAN_POINT('',(27.9711921896734,11.720565938863,3.40000381469729));
#5344=CARTESIAN_POINT('Origin',(26.1009902179923,10.981301261683,3.40000381469729));
#5345=CARTESIAN_POINT('',(29.3787038278774,11.862429359596,3.40000381469729));
#5346=CARTESIAN_POINT('Origin',(28.6548592739177,11.990809973456,3.40000381469729));
#5347=CARTESIAN_POINT('',(29.3900004306436,11.990809973456,3.40000381469729));
#5348=CARTESIAN_POINT('Origin',(28.3655142340725,12.016270328251,3.40000381469729));
#5349=CARTESIAN_POINT('',(29.3900004306435,12.19076281121,3.40000381469729));
#5350=CARTESIAN_POINT('',(29.3900004306436,12.19076281121,3.40000381469729));
#5351=CARTESIAN_POINT('Origin',(30.9231962887625,12.167490939631,3.40000381469729));
#5352=CARTESIAN_POINT('Origin',(10.8000004291534,0.490686035156038,2.90000343322749));
#5353=CARTESIAN_POINT('',(10.8000004291534,0.490686035156038,1.90000438690189));
#5354=CARTESIAN_POINT('',(10.8000004291534,0.490686035156038,2.90000343322749));
#5355=CARTESIAN_POINT('',(10.8000004291534,0.490686035156038,4.70000362396238));
#5356=CARTESIAN_POINT('',(10.8100004291534,0.490686035156038,1.90000438690189));
#5357=CARTESIAN_POINT('',(10.8000004291534,0.490686035156038,1.90000438690189));
#5358=CARTESIAN_POINT('',(10.8100004291534,0.490686035156038,2.90000343322749));
#5359=CARTESIAN_POINT('',(10.8100004291534,0.490686035156038,4.70000362396238));
#5360=CARTESIAN_POINT('',(30.9600750805224,0.490686035156038,2.90000343322749));
#5361=CARTESIAN_POINT('Origin',(10.8000004291534,0.490686035156038,1.90000438690189));
#5362=CARTESIAN_POINT('',(10.8100004291534,17.490686035157,1.90000438690189));
#5363=CARTESIAN_POINT('',(10.8100004291534,9.21290168762205,1.90000438690189));
#5364=CARTESIAN_POINT('',(10.8000004291534,17.490686035157,1.90000438690189));
#5365=CARTESIAN_POINT('',(10.8000004291534,9.21290168762205,1.90000438690189));
#5366=CARTESIAN_POINT('',(10.8000004291534,17.490686035157,1.90000438690189));
#5367=CARTESIAN_POINT('Origin',(11.8000004291534,16.990686035156,-0.0999965667725178));
#5368=CARTESIAN_POINT('',(11.8000004291534,0.990686035156045,0.900003433227479));
#5369=CARTESIAN_POINT('Origin',(10.5500004291534,0.240686035156052,4.70000362396238));
#5370=CARTESIAN_POINT('',(10.3000004291534,-0.00931396484393332,2.40000438690188));
#5371=CARTESIAN_POINT('',(10.5178959369659,0.208581542968993,2.18210887908938));
#5372=CARTESIAN_POINT('',(10.3000004291534,-0.00931396484393332,3.40000343322759));
#5373=CARTESIAN_POINT('',(10.8000004291534,0.490686035156038,2.90000343322749));
#5374=CARTESIAN_POINT('',(10.3000004291534,-0.00931396484393332,4.70000362396238));
#5375=CARTESIAN_POINT('Origin',(11.6314709186554,0.435117340088027,1.06853389739989));
#5376=CARTESIAN_POINT('',(10.8100004291534,17.497757117874,1.89000438690188));
#5377=CARTESIAN_POINT('',(10.8100004291534,3.21286413015105,1.89000438690188));
#5378=CARTESIAN_POINT('',(8.7205636377102,16.020299079468,3.97944117834509));
#5379=CARTESIAN_POINT('',(8.5793692768258,-0.00931396484393332,4.12063553922948));
#5380=CARTESIAN_POINT('Origin',(10.8000004291534,17.490686035157,1.90000438690189));
#5381=CARTESIAN_POINT('',(10.8100004291534,19.897021947781,-1.50306132306001));
#5382=CARTESIAN_POINT('Origin',(53.4827702182699,14.230686035156,3.15000362396239));
#5383=CARTESIAN_POINT('',(53.4827702182699,14.480686035156,2.90000343322749));
#5384=CARTESIAN_POINT('',(53.4827702182699,13.980686035156,3.40000381469729));
#5385=CARTESIAN_POINT('Origin',(52.6400008106231,3.36944731566803,3.15000362396239));
#5386=CARTESIAN_POINT('',(52.890000810623,3.36944731566803,2.90000343322749));
#5387=CARTESIAN_POINT('',(52.3900008106232,3.36944731566803,3.40000381469729));
#5388=CARTESIAN_POINT('Origin',(34.1828462967614,3.75068603515604,3.15000362396239));
#5389=CARTESIAN_POINT('',(12.296256803465,3.50068786918453,2.90000344685906));
#5390=CARTESIAN_POINT('',(34.1828462967614,3.50068603515606,2.90000343322749));
#5391=CARTESIAN_POINT('',(12.3000767011125,4.00068603515603,3.40000381469729));
#5392=CARTESIAN_POINT('Origin',(275.857811403859,2.74388438105099,2.14320122034926));
#5393=CARTESIAN_POINT('',(34.1828462967614,4.00068603515603,3.40000381469729));
#5394=CARTESIAN_POINT('Origin',(12.3231990467817,5.51388465278404,3.15000362396239));
#5395=CARTESIAN_POINT('',(10.8100004291534,4.18576195136303,2.90000343322749));
#5396=CARTESIAN_POINT('Origin',(12.3231990467817,5.51388465278404,2.90000343322749));
#5397=CARTESIAN_POINT('',(10.8100004291534,5.49076230711702,3.40000381469729));
#5398=CARTESIAN_POINT('Ctrl Pts',(10.8100004291534,4.18576195136303,2.90000343322749));
#5399=CARTESIAN_POINT('Ctrl Pts',(10.8100004291534,4.93076940633905,3.39144786721819));
#5400=CARTESIAN_POINT('Ctrl Pts',(10.8100004291534,5.49076230711702,3.40000381469729));
#5401=CARTESIAN_POINT('Origin',(12.3231990467817,5.51388465278404,3.40000381469729));
#5402=CARTESIAN_POINT('Origin',(12.3231973571124,12.467489107197,7.50000381469729));
#5403=CARTESIAN_POINT('',(10.8100004291535,12.4906097686661,7.50000381469729));
#5404=CARTESIAN_POINT('',(12.3000766956454,13.980686035156,7.50000381469729));
#5405=CARTESIAN_POINT('Origin',(50.8999245441294,13.980686035156,7.50000381469729));
#5406=CARTESIAN_POINT('',(40.3468339037842,13.980686035156,7.00000381469728));
#5407=CARTESIAN_POINT('',(50.8999245441294,13.980686035156,7.50000381469729));
#5408=CARTESIAN_POINT('',(50.8999245441294,13.980686035156,7.50000381469729));
#5409=CARTESIAN_POINT('Origin',(50.8768038826642,12.467489107197,7.50000381469729));
#5410=CARTESIAN_POINT('',(52.3900008106232,12.490609768665,7.50000381469729));
#5411=CARTESIAN_POINT('Origin',(52.3900008106232,5.49076230711702,7.50000381469729));
#5412=CARTESIAN_POINT('',(52.3900008106232,7.012920445612,7.00000381469728));
#5413=CARTESIAN_POINT('',(52.3900008106232,5.49076230711702,7.50000381469729));
#5414=CARTESIAN_POINT('Origin',(50.8768021929949,5.51388465278404,7.50000381469729));
#5415=CARTESIAN_POINT('',(50.8999245386703,4.00068603515603,7.50000381469729));
#5416=CARTESIAN_POINT('',(50.8999245386703,4.00068603515603,7.50000381469729));
#5417=CARTESIAN_POINT('Origin',(12.3000767011125,4.00068603515603,7.50000381469729));
#5418=CARTESIAN_POINT('',(12.3000767011125,4.00068603515603,7.00000381469728));
#5419=CARTESIAN_POINT('',(21.0469099822757,4.00068603515603,7.00000381469728));
#5420=CARTESIAN_POINT('',(12.3000767011125,4.00068603515603,7.50000381469729));
#5421=CARTESIAN_POINT('Origin',(12.3231990467817,5.51388465278404,7.50000381469729));
#5422=CARTESIAN_POINT('',(10.8100004291534,5.49076230711702,7.00000381469728));
#5423=CARTESIAN_POINT('Origin',(12.3231990467817,5.51388465278404,7.00000381469728));
#5424=CARTESIAN_POINT('',(10.8100004291534,5.49076230711702,7.50000381469729));
#5425=CARTESIAN_POINT('Origin',(40.3468339037842,14.230686035156,7.25000381469728));
#5426=CARTESIAN_POINT('Origin',(52.6400008106232,7.012920445612,7.25000381469728));
#5427=CARTESIAN_POINT('Origin',(21.0469099822757,3.75068603515604,7.25000381469728));
#5428=CARTESIAN_POINT('Origin',(275.857610445733,2.74388439491485,8.25680546486998));
#5429=CARTESIAN_POINT('Origin',(12.3231990467817,5.51388465278404,7.25000381469728));
#5430=CARTESIAN_POINT('',(10.8100004291534,4.51460501065903,7.30000381469729));
#5431=CARTESIAN_POINT('Ctrl Pts',(10.8100004291534,5.49076230711702,7.00000381469728));
#5432=CARTESIAN_POINT('Ctrl Pts',(10.8100004291534,5.04669765782111,7.00678852734757));
#5433=CARTESIAN_POINT('Ctrl Pts',(10.8100004291534,4.51460501065903,7.30000381469729));
#5434=CARTESIAN_POINT('Origin',(7.03688559248918,29.6551002765414,11.0731186514316));
#5435=CARTESIAN_POINT('Origin',(61.7500030994415,6.76514866432701,7.25000381469728));
#5436=CARTESIAN_POINT('',(62.0000030994415,6.76514866432701,7.00000381469728));
#5437=CARTESIAN_POINT('Origin',(62.0000030994415,4.995218744547,7.50000381469729));
#5438=CARTESIAN_POINT('Origin',(30.9600750805224,0.240686035156052,3.15000343322748));
#5439=CARTESIAN_POINT('',(53.5000030994416,-0.00931396484393332,3.40000343322746));
#5440=CARTESIAN_POINT('',(30.9600750805224,-0.00931396484393332,3.40000343322759));
#5441=CARTESIAN_POINT('',(53.0000030994416,0.490686035156038,2.90000343322749));
#5442=CARTESIAN_POINT('',(31.9600750805224,0.490686035156038,2.90000343322749));
#5443=CARTESIAN_POINT('',(49.9266818265361,3.56400730806353,-0.173317839680007));
#5444=CARTESIAN_POINT('Origin',(56.0656158924103,1.248132324219,2.90000343322749));
#5445=CARTESIAN_POINT('',(53.0000030994415,17.4906860351561,2.90000343322749));
#5446=CARTESIAN_POINT('',(53.0000030994416,0.619409179687656,2.90000343322749));
#5447=CARTESIAN_POINT('',(10.8100004291534,9.61940917968803,2.90000343322749));
#5448=CARTESIAN_POINT('',(10.8100004291534,17.4906860351561,2.90000343322749));
#5449=CARTESIAN_POINT('',(10.8100004291534,9.61940917968803,2.90000343322749));
#5450=CARTESIAN_POINT('',(55.4055433779391,17.4906860351561,2.90000343322749));
#5451=CARTESIAN_POINT('Origin',(54.4055433779392,17.7406860351561,3.15000343322748));
#5452=CARTESIAN_POINT('',(10.8100004291534,17.4906860351561,2.90000343322749));
#5453=CARTESIAN_POINT('',(53.834259876103,18.3249428118172,3.73426020988868));
#5454=CARTESIAN_POINT('Origin',(4.8545342686345,-0.00931396484393332,7.50000381469729));
#5455=CARTESIAN_POINT('',(53.5000030994416,-0.00931396484393332,5.50000381469729));
#5456=CARTESIAN_POINT('Origin',(53.2500030994416,0.240686035156198,5.50000381469729));
#5457=CARTESIAN_POINT('',(53.0000030994416,0.490686035156329,5.50000381469729));
#5458=CARTESIAN_POINT('Origin',(53.0000030994416,-0.00931396484367131,3.50000381469729));
#5459=CARTESIAN_POINT('',(53.0000030994415,17.4906860351566,5.50000381469729));
#5460=CARTESIAN_POINT('Origin',(53.2500030994415,17.7406860351563,5.50000381469729));
#5461=CARTESIAN_POINT('Origin',(57.145470863468,13.1361537991831,0.500003433227489));
#5462=CARTESIAN_POINT('Origin',(57.1454703900508,4.84521874454703,0.500003433227489));
#5463=CARTESIAN_POINT('Origin',(10.8100004291534,5.99061092021504,7.50000381469729));
#5464=CARTESIAN_POINT('',(10.8100004291534,7.26284475216055,7.30000381469729));
#5465=CARTESIAN_POINT('',(10.8100004291534,11.9891240560341,7.50000381469729));
#5466=CARTESIAN_POINT('',(10.8100004291534,5.99061092021504,7.50000381469729));
#5467=CARTESIAN_POINT('',(10.8100004291534,7.26284475216055,7.30000381469729));
#5468=CARTESIAN_POINT('Origin',(11.5569243849412,5.92275368574104,3.50000381469728));
#5469=CARTESIAN_POINT('',(12.2474350651281,6.21549077008105,3.50000381469728));
#5470=CARTESIAN_POINT('Origin',(14.0989723078676,7.00043679559304,7.50000381469729));
#5471=CARTESIAN_POINT('',(16.1100006198883,6.99066170128503,7.30000381469729));
#5472=CARTESIAN_POINT('Origin',(14.0989723078676,7.00043679559304,7.30000381469729));
#5473=CARTESIAN_POINT('',(16.1100006198883,6.99066170128503,7.50000381469729));
#5474=CARTESIAN_POINT('Origin',(16.1100006198882,10.990686070914,7.50000381469729));
#5475=CARTESIAN_POINT('',(16.1100006198882,9.76288232750994,7.30000381469729));
#5476=CARTESIAN_POINT('Origin',(16.8900008106232,6.99066468250901,7.50000381469729));
#5477=CARTESIAN_POINT('',(16.8900008106232,6.99066468250901,7.30000381469729));
#5478=CARTESIAN_POINT('',(16.8900008106232,7.76287163330753,7.30000381469729));
#5479=CARTESIAN_POINT('',(16.8900008106232,6.99066468250901,7.50000381469729));
#5480=CARTESIAN_POINT('Origin',(18.9000008106232,6.99923779600905,7.50000381469729));
#5481=CARTESIAN_POINT('',(20.9100008106232,6.99066468250901,7.30000381469729));
#5482=CARTESIAN_POINT('Origin',(18.9000008106232,6.99923779600905,7.30000381469729));
#5483=CARTESIAN_POINT('',(20.9100008106232,6.99066468250901,7.50000381469729));
#5484=CARTESIAN_POINT('Origin',(20.9100008106231,10.990686076879,7.50000381469729));
#5485=CARTESIAN_POINT('',(20.9100008106231,9.76288233049245,7.30000381469729));
#5486=CARTESIAN_POINT('Origin',(21.6900005245209,6.990664698979,7.50000381469729));
#5487=CARTESIAN_POINT('',(21.6900005245209,6.990664698979,7.30000381469729));
#5488=CARTESIAN_POINT('',(21.6900005245209,7.76287164154252,7.30000381469729));
#5489=CARTESIAN_POINT('',(21.6900005245209,6.990664698979,7.50000381469729));
#5490=CARTESIAN_POINT('Origin',(23.7000005245209,6.99923119952906,7.50000381469729));
#5491=CARTESIAN_POINT('',(25.7100005245209,6.99066469898106,7.30000381469729));
#5492=CARTESIAN_POINT('Origin',(23.7000005245209,6.99923119952906,7.30000381469729));
#5493=CARTESIAN_POINT('',(25.7100005245209,6.99066469898106,7.50000381469729));
#5494=CARTESIAN_POINT('Origin',(25.7100005245208,10.990686073905,7.50000381469729));
#5495=CARTESIAN_POINT('',(25.7100005245208,9.76288232900551,7.30000381469729));
#5496=CARTESIAN_POINT('Origin',(26.4900004768372,8.99062798924604,7.50000381469729));
#5497=CARTESIAN_POINT('',(26.4900004768372,8.99062798924604,7.30000381469729));
#5498=CARTESIAN_POINT('',(26.4900004768372,8.76285328667604,7.30000381469729));
#5499=CARTESIAN_POINT('',(26.4900004768372,8.99062798924604,7.50000381469729));
#5500=CARTESIAN_POINT('Origin',(28.5243283324922,9.01421660658503,7.50000381469729));
#5501=CARTESIAN_POINT('',(28.4327838806205,6.98181264563299,7.30000381469729));
#5502=CARTESIAN_POINT('Origin',(28.5243283324922,9.01421660658503,7.30000381469729));
#5503=CARTESIAN_POINT('',(28.4327838806205,6.98181264563299,7.50000381469729));
#5504=CARTESIAN_POINT('Origin',(28.3653733888789,5.947555610371,7.50000381469729));
#5505=CARTESIAN_POINT('Origin',(28.3653733888789,5.947555610371,7.30000381469729));
#5506=CARTESIAN_POINT('Origin',(47.2000760642454,4.28068717956503,7.50000381469729));
#5507=CARTESIAN_POINT('',(47.2000760642454,4.28068717956503,7.30000381469729));
#5508=CARTESIAN_POINT('',(37.9969096638421,4.28068717956503,7.30000381469729));
#5509=CARTESIAN_POINT('',(47.2000760642454,4.28068717956503,7.50000381469729));
#5510=CARTESIAN_POINT('Origin',(47.1768031197247,5.81388410752403,7.50000381469729));
#5511=CARTESIAN_POINT('',(48.7100000476837,5.79061116300206,7.30000381469729));
#5512=CARTESIAN_POINT('Origin',(47.1768031197247,5.81388410752403,7.30000381469729));
#5513=CARTESIAN_POINT('',(48.7100000476837,5.79061116300206,7.50000381469729));
#5514=CARTESIAN_POINT('Origin',(48.7100000476837,12.190762809207,7.50000381469729));
#5515=CARTESIAN_POINT('',(48.7100000476837,12.190762809207,7.30000381469729));
#5516=CARTESIAN_POINT('',(48.7100000476837,10.3629206966565,7.30000381469729));
#5517=CARTESIAN_POINT('',(48.7100000476837,12.190762809207,7.50000381469729));
#5518=CARTESIAN_POINT('Origin',(47.1768048093887,12.167491559801,7.50000381469729));
#5519=CARTESIAN_POINT('',(47.2000760587933,13.700686798096,7.30000381469729));
#5520=CARTESIAN_POINT('Origin',(47.1768048093887,12.167491559801,7.30000381469729));
#5521=CARTESIAN_POINT('',(47.2000760587933,13.700686798096,7.50000381469729));
#5522=CARTESIAN_POINT('Origin',(30.3999244399537,13.700686798096,7.50000381469729));
#5523=CARTESIAN_POINT('',(30.8999244399537,13.700686798096,7.30000381469729));
#5524=CARTESIAN_POINT('',(29.5968338516963,13.700686798096,7.30000381469729));
#5525=CARTESIAN_POINT('',(30.8999244399537,13.700686798096,7.50000381469729));
#5526=CARTESIAN_POINT('Origin',(30.9231962887625,12.167490939631,7.50000381469729));
#5527=CARTESIAN_POINT('',(29.3900004306435,12.19076281121,7.30000381469729));
#5528=CARTESIAN_POINT('Origin',(30.9231962887625,12.167490939631,7.30000381469729));
#5529=CARTESIAN_POINT('',(29.3900004306435,12.19076281121,7.50000381469729));
#5530=CARTESIAN_POINT('Origin',(29.3900004306436,11.990809973456,7.50000381469729));
#5531=CARTESIAN_POINT('',(29.3900004306436,11.990809973456,7.30000381469729));
#5532=CARTESIAN_POINT('',(29.3900004306436,10.262944278781,7.30000381469729));
#5533=CARTESIAN_POINT('',(29.3900004306436,11.990809973456,7.50000381469729));
#5534=CARTESIAN_POINT('Origin',(28.3655142340725,12.016270328251,7.50000381469729));
#5535=CARTESIAN_POINT('',(29.3787038278757,11.862429359586,7.30000381469729));
#5536=CARTESIAN_POINT('Origin',(28.3655142340725,12.016270328251,7.30000381469729));
#5537=CARTESIAN_POINT('',(29.3787038278757,11.862429359586,3.50000381469728));
#5538=CARTESIAN_POINT('Origin',(28.6548592739177,11.990809973456,3.50000381469728));
#5539=CARTESIAN_POINT('',(27.9711921896735,11.7205659388631,7.30000381469729));
#5540=CARTESIAN_POINT('Origin',(28.6548592739177,11.990809973456,7.30000381469729));
#5541=CARTESIAN_POINT('',(27.9711921896735,11.7205659388631,3.50000381469728));
#5542=CARTESIAN_POINT('Origin',(26.1009902179923,10.981301261683,7.50000381469729));
#5543=CARTESIAN_POINT('',(24.0900006198883,10.990709456126,7.30000381469729));
#5544=CARTESIAN_POINT('Origin',(26.1009902179923,10.981301261683,7.30000381469729));
#5545=CARTESIAN_POINT('',(24.0900006198883,10.990709456126,7.50000381469729));
#5546=CARTESIAN_POINT('Origin',(24.0900006198883,6.99068604707804,7.50000381469729));
#5547=CARTESIAN_POINT('',(24.0900006198883,6.99068604707804,7.30000381469729));
#5548=CARTESIAN_POINT('',(24.0900006198883,7.76288231559204,7.30000381469729));
#5549=CARTESIAN_POINT('',(24.0900006198883,6.99068604707804,7.50000381469729));
#5550=CARTESIAN_POINT('Origin',(23.7000005245209,6.99068651199401,7.50000381469729));
#5551=CARTESIAN_POINT('',(23.3100004291534,6.99068603515606,7.30000381469729));
#5552=CARTESIAN_POINT('Origin',(23.7000005245209,6.99068651199401,7.30000381469729));
#5553=CARTESIAN_POINT('',(23.3100004291534,6.99068603515606,7.50000381469729));
#5554=CARTESIAN_POINT('Origin',(23.3100004291534,10.990707378238,7.50000381469729));
#5555=CARTESIAN_POINT('',(23.3100004291534,10.990707378238,7.30000381469729));
#5556=CARTESIAN_POINT('',(23.3100004291534,9.76289298117205,7.30000381469729));
#5557=CARTESIAN_POINT('',(23.3100004291534,10.990707378238,7.50000381469729));
#5558=CARTESIAN_POINT('Origin',(21.3000004291534,10.982138105378,7.50000381469729));
#5559=CARTESIAN_POINT('',(19.2900004291534,10.990707378238,7.30000381469729));
#5560=CARTESIAN_POINT('Origin',(21.3000004291534,10.982138105378,7.30000381469729));
#5561=CARTESIAN_POINT('',(19.2900004291534,10.990707378238,7.50000381469729));
#5562=CARTESIAN_POINT('Origin',(19.2900004291534,6.99068604707701,7.50000381469729));
#5563=CARTESIAN_POINT('',(19.2900004291534,6.99068604707701,7.30000381469729));
#5564=CARTESIAN_POINT('',(19.2900004291534,7.76288231559153,7.30000381469729));
#5565=CARTESIAN_POINT('',(19.2900004291534,6.99068604707701,7.50000381469729));
#5566=CARTESIAN_POINT('Origin',(18.900000333786,6.99068651199305,7.50000381469729));
#5567=CARTESIAN_POINT('',(18.5100002384186,6.99068603515606,7.30000381469729));
#5568=CARTESIAN_POINT('Origin',(18.900000333786,6.99068651199305,7.30000381469729));
#5569=CARTESIAN_POINT('',(18.5100002384186,6.99068603515606,7.50000381469729));
#5570=CARTESIAN_POINT('Origin',(18.5100002384186,10.990686035156,7.50000381469729));
#5571=CARTESIAN_POINT('',(18.5100002384186,10.990686035156,7.30000381469729));
#5572=CARTESIAN_POINT('',(18.5100002384186,9.76288230963105,7.30000381469729));
#5573=CARTESIAN_POINT('',(18.5100002384186,10.990686035156,7.50000381469729));
#5574=CARTESIAN_POINT('Origin',(16.5000002384186,10.990686035156,7.50000381469729));
#5575=CARTESIAN_POINT('',(14.4900002384186,10.990686035156,7.30000381469729));
#5576=CARTESIAN_POINT('Origin',(16.5000002384186,10.990686035156,7.30000381469729));
#5577=CARTESIAN_POINT('',(14.4900002384186,10.990686035156,7.50000381469729));
#5578=CARTESIAN_POINT('Origin',(14.4900002384186,6.99068604707701,7.50000381469729));
#5579=CARTESIAN_POINT('',(14.4900002384186,6.99068604707701,7.30000381469729));
#5580=CARTESIAN_POINT('',(14.4900002384186,7.7628823155915,7.30000381469729));
#5581=CARTESIAN_POINT('',(14.4900002384186,6.99068604707701,7.50000381469729));
#5582=CARTESIAN_POINT('Origin',(14.1000001430511,6.99068651199305,7.50000381469729));
#5583=CARTESIAN_POINT('',(13.7100000476837,6.99068603515606,7.30000381469729));
#5584=CARTESIAN_POINT('Origin',(14.1000001430511,6.99068651199305,7.30000381469729));
#5585=CARTESIAN_POINT('',(13.7100000476837,6.99068603515606,7.50000381469729));
#5586=CARTESIAN_POINT('Origin',(13.7100000476837,8.99074406838402,7.50000381469729));
#5587=CARTESIAN_POINT('',(13.7100000476837,8.99074406838402,7.30000381469729));
#5588=CARTESIAN_POINT('',(13.7100000476837,8.76291132624504,7.30000381469729));
#5589=CARTESIAN_POINT('',(13.7100000476837,8.99074406838402,7.50000381469729));
#5590=CARTESIAN_POINT('Origin',(11.6756755128616,8.96716064343504,7.50000381469729));
#5591=CARTESIAN_POINT('Origin',(11.6756755128616,8.96716064343504,7.30000381469729));
#5592=CARTESIAN_POINT('',(11.7671638564178,10.999563746637,7.50000381469729));
#5593=CARTESIAN_POINT('Origin',(11.8221492713705,12.0104427551621,7.50000381469729));
#5594=CARTESIAN_POINT('Origin',(10.7100004291534,7.26284475216055,7.40000381469729));
#5595=CARTESIAN_POINT('Origin',(14.0989723078676,7.00043679559304,7.40000381469729));
#5596=CARTESIAN_POINT('',(15.9100006198883,6.9911604990051,7.50000381469729));
#5597=CARTESIAN_POINT('Origin',(11.6756755128616,8.96716064343504,7.40000381469729));
#5598=CARTESIAN_POINT('',(13.7100000476837,8.99074406838402,7.30000381469729));
#5599=CARTESIAN_POINT('Origin',(13.6100000476837,8.76291132624504,7.40000381469729));
#5600=CARTESIAN_POINT('',(13.7100000476837,6.99068603515606,7.30000381469729));
#5601=CARTESIAN_POINT('Origin',(14.1000001430511,6.99068651199305,7.40000381469729));
#5602=CARTESIAN_POINT('',(14.4900002384186,6.99068604707701,7.30000381469729));
#5603=CARTESIAN_POINT('Origin',(14.5900002384186,7.7628823155915,7.40000381469729));
#5604=CARTESIAN_POINT('',(14.4900002384186,10.990686035156,7.30000381469729));
#5605=CARTESIAN_POINT('Origin',(16.5000002384186,10.990686035156,7.40000381469729));
#5606=CARTESIAN_POINT('',(18.5100002384186,10.990686035156,7.30000381469729));
#5607=CARTESIAN_POINT('Origin',(18.4100002384186,9.76288230963105,7.40000381469729));
#5608=CARTESIAN_POINT('',(18.5100002384186,6.99068603515606,7.30000381469729));
#5609=CARTESIAN_POINT('Origin',(18.900000333786,6.99068651199305,7.40000381469729));
#5610=CARTESIAN_POINT('',(19.2900004291534,6.99068604707701,7.30000381469729));
#5611=CARTESIAN_POINT('Origin',(18.9000008106232,6.99923779600905,7.40000381469729));
#5612=CARTESIAN_POINT('',(16.8900008106232,6.99066468250901,7.30000381469729));
#5613=CARTESIAN_POINT('',(20.7100008106232,6.99110237670708,7.50000381469729));
#5614=CARTESIAN_POINT('Origin',(23.2100004291534,9.76289298117205,7.40000381469729));
#5615=CARTESIAN_POINT('Origin',(25.8698868103803,-904.668919254453,7.72186668305001));
#5616=CARTESIAN_POINT('',(23.3100004291534,6.99068603515606,7.30000381469729));
#5617=CARTESIAN_POINT('Origin',(23.7000005245209,6.99068651199401,7.40000381469729));
#5618=CARTESIAN_POINT('',(24.0900006198883,6.99068604707804,7.30000381469729));
#5619=CARTESIAN_POINT('Origin',(23.7000005245209,6.99923119952906,7.40000381469729));
#5620=CARTESIAN_POINT('',(21.6900005245209,6.990664698979,7.30000381469729));
#5621=CARTESIAN_POINT('',(25.5100005245209,6.99110205556105,7.50000381469729));
#5622=CARTESIAN_POINT('Origin',(26.1009902179923,10.981301261683,7.40000381469729));
#5623=CARTESIAN_POINT('',(27.9711921896735,11.7205659388631,7.30000381469729));
#5624=CARTESIAN_POINT('',(24.2900006198883,10.9902293706391,7.50000381469729));
#5625=CARTESIAN_POINT('Origin',(28.5243283324922,9.01421660658503,7.40000381469729));
#5626=CARTESIAN_POINT('',(26.4900004768372,8.99062798924604,7.30000381469729));
#5627=CARTESIAN_POINT('Ctrl Pts',(28.4436485698041,7.1815270040421,7.50000381469729));
#5628=CARTESIAN_POINT('Ctrl Pts',(28.4400771485767,7.11504859796396,7.43343266123925));
#5629=CARTESIAN_POINT('Ctrl Pts',(28.4364462156176,7.04827427184751,7.36656291736711));
#5630=CARTESIAN_POINT('Ctrl Pts',(28.4327838806205,6.98181264563299,7.30000381469729));
#5631=CARTESIAN_POINT('Origin',(29.4900004306436,10.262944278781,7.40000381469729));
#5632=CARTESIAN_POINT('Origin',(27.572683092805,-163.506765041363,7.53277615799187));
#5633=CARTESIAN_POINT('Ctrl Pts',(29.5900004306436,11.9884358639234,7.50000381469729));
#5634=CARTESIAN_POINT('Ctrl Pts',(29.5235018500125,11.9891915740856,7.43350523406619));
#5635=CARTESIAN_POINT('Ctrl Pts',(29.4565028678787,11.989983747441,7.36650625193255));
#5636=CARTESIAN_POINT('Ctrl Pts',(29.3900004306436,11.990809973456,7.30000381469729));
#5637=CARTESIAN_POINT('Origin',(28.3653733888789,5.947555610371,7.40000381469729));
#5638=CARTESIAN_POINT('Origin',(30.9231962887625,12.167490939631,7.40000381469729));
#5639=CARTESIAN_POINT('',(30.8999244399537,13.700686798096,7.30000381469729));
#5640=CARTESIAN_POINT('Origin',(29.5968338516963,13.600686798096,7.40000381469729));
#5641=CARTESIAN_POINT('Origin',(-128.165598196123,15.5141628168735,7.53269328194332));
#5642=CARTESIAN_POINT('Origin',(47.1768048093887,12.167491559801,7.40000381469729));
#5643=CARTESIAN_POINT('',(48.7100000476837,12.190762809207,7.30000381469729));
#5644=CARTESIAN_POINT('Origin',(48.6100000476837,10.3629206966565,7.40000381469729));
#5645=CARTESIAN_POINT('Origin',(50.5273074018209,181.563860301965,7.53376149122968));
#5646=CARTESIAN_POINT('Origin',(47.1768031197247,5.81388410752403,7.40000381469729));
#5647=CARTESIAN_POINT('',(47.2000760642454,4.28068717956503,7.30000381469729));
#5648=CARTESIAN_POINT('Origin',(37.9969096638421,4.38068717956503,7.40000381469729));
#5649=CARTESIAN_POINT('Origin',(28.3655142340725,12.016270328251,7.40000381469729));
#5650=CARTESIAN_POINT('',(29.576067847773,11.829987877778,7.50000381469729));
#5651=CARTESIAN_POINT('Origin',(26.5900004768372,8.76285328667604,7.40000381469729));
#5652=CARTESIAN_POINT('Origin',(25.6100005245208,9.76288232900551,7.40000381469729));
#5653=CARTESIAN_POINT('Origin',(28.6548592739177,11.990809973456,7.40000381469729));
#5654=CARTESIAN_POINT('Origin',(24.1900006198883,7.76288231559204,7.40000381469729));
#5655=CARTESIAN_POINT('Origin',(21.7900005245209,7.76287164154252,7.40000381469729));
#5656=CARTESIAN_POINT('Origin',(20.8100008106231,9.76288233049245,7.40000381469729));
#5657=CARTESIAN_POINT('Origin',(21.3000004291534,10.982138105378,7.40000381469729));
#5658=CARTESIAN_POINT('',(19.4900004291534,10.9902698801147,7.50000381469729));
#5659=CARTESIAN_POINT('Origin',(19.3900004291534,7.76288231559153,7.40000381469729));
#5660=CARTESIAN_POINT('Origin',(16.9900008106232,7.76287163330753,7.40000381469729));
#5661=CARTESIAN_POINT('Origin',(16.0100006198882,9.76288232750994,7.40000381469729));
#5662=CARTESIAN_POINT('Origin',(10.7100004291535,7.26284475216055,7.40000381469729));
#5663=UNCERTAINTY_MEASURE_WITH_UNIT(LENGTH_MEASURE(0.01),#5667,
'DISTANCE_ACCURACY_VALUE',
'Maximum model space distance between geometric entities at asserted c
onnectivities');
#5664=UNCERTAINTY_MEASURE_WITH_UNIT(LENGTH_MEASURE(0.01),#5667,
'DISTANCE_ACCURACY_VALUE',
'Maximum model space distance between geometric entities at asserted c
onnectivities');
#5665=(
GEOMETRIC_REPRESENTATION_CONTEXT(3)
GLOBAL_UNCERTAINTY_ASSIGNED_CONTEXT((#5663))
GLOBAL_UNIT_ASSIGNED_CONTEXT((#5667,#5669,#5670))
REPRESENTATION_CONTEXT('','3D')
);
#5666=(
GEOMETRIC_REPRESENTATION_CONTEXT(3)
GLOBAL_UNCERTAINTY_ASSIGNED_CONTEXT((#5664))
GLOBAL_UNIT_ASSIGNED_CONTEXT((#5667,#5669,#5670))
REPRESENTATION_CONTEXT('','3D')
);
#5667=(
LENGTH_UNIT()
NAMED_UNIT(*)
SI_UNIT(.MILLI.,.METRE.)
);
#5668=(
LENGTH_UNIT()
NAMED_UNIT(*)
SI_UNIT($,.METRE.)
);
#5669=(
NAMED_UNIT(*)
PLANE_ANGLE_UNIT()
SI_UNIT($,.RADIAN.)
);
#5670=(
NAMED_UNIT(*)
SI_UNIT($,.STERADIAN.)
SOLID_ANGLE_UNIT()
);
#5671=SHAPE_DEFINITION_REPRESENTATION(#5672,#5673);
#5672=PRODUCT_DEFINITION_SHAPE('',$,#5675);
#5673=SHAPE_REPRESENTATION('',(#3313),#5665);
#5674=PRODUCT_DEFINITION_CONTEXT('part definition',#5679,'design');
#5675=PRODUCT_DEFINITION('Low Profile PSU Din Mount',
'Low Profile PSU Din Mount 50mm v1',#5676,#5674);
#5676=PRODUCT_DEFINITION_FORMATION('',$,#5681);
#5677=PRODUCT_RELATED_PRODUCT_CATEGORY(
'Low Profile PSU Din Mount 50mm v1','Low Profile PSU Din Mount 50mm v1',
(#5681));
#5678=APPLICATION_PROTOCOL_DEFINITION('international standard',
'automotive_design',2009,#5679);
#5679=APPLICATION_CONTEXT(
'Core Data for Automotive Mechanical Design Process');
#5680=PRODUCT_CONTEXT('part definition',#5679,'mechanical');
#5681=PRODUCT('Low Profile PSU Din Mount',
'Low Profile PSU Din Mount 50mm v1','STEP AP214',(#5680));
#5682=PRESENTATION_STYLE_ASSIGNMENT((#5684));
#5683=PRESENTATION_STYLE_ASSIGNMENT((#5685));
#5684=SURFACE_STYLE_USAGE(.BOTH.,#5686);
#5685=SURFACE_STYLE_USAGE(.BOTH.,#5687);
#5686=SURFACE_SIDE_STYLE('',(#5688));
#5687=SURFACE_SIDE_STYLE('',(#5689));
#5688=SURFACE_STYLE_FILL_AREA(#5690);
#5689=SURFACE_STYLE_FILL_AREA(#5691);
#5690=FILL_AREA_STYLE('Acero - Satinado',(#5692));
#5691=FILL_AREA_STYLE('Opaque(202,209,238)',(#5693));
#5692=FILL_AREA_STYLE_COLOUR('Acero - Satinado',#5694);
#5693=FILL_AREA_STYLE_COLOUR('Opaque(202,209,238)',#5695);
#5694=COLOUR_RGB('Acero - Satinado',0.627450980392157,0.627450980392157,
0.627450980392157);
#5695=COLOUR_RGB('Opaque(202,209,238)',0.792156862745098,0.819607843137255,
0.933333333333333);
ENDSEC;
END-ISO-10303-21;
