ISO-10303-21;
HEADER;
/* Generated by software containing ST-Developer
 * from STEP Tools, Inc. (www.steptools.com) 
 */

FILE_DESCRIPTION(
/* description */ (''),
/* implementation_level */ '2;1');

FILE_NAME(
/* name */ 'Prusa mini PSU holder.step',
/* time_stamp */ '2026-04-24T18:09:31+02:00',
/* author */ (''),
/* organization */ (''),
/* preprocessor_version */ 'ST-DEVELOPER v20.1',
/* originating_system */ 'Autodesk Translation Framework v15.8.0.0',
/* authorisation */ '');

FILE_SCHEMA (('AUTOMOTIVE_DESIGN { 1 0 10303 214 3 1 1 }'));
ENDSEC;

DATA;
#10=MECHANICAL_DESIGN_GEOMETRIC_PRESENTATION_REPRESENTATION('',(#13),#5363);
#11=SHAPE_REPRESENTATION_RELATIONSHIP('SRR','None',#5370,#12);
#12=ADVANCED_BREP_SHAPE_REPRESENTATION('',(#14),#5362);
#13=STYLED_ITEM('',(#5379),#14);
#14=MANIFOLD_SOLID_BREP('proosa-mini-165mm-psu-holder',#3153);
#15=TOROIDAL_SURFACE('',#3447,11.5,2.);
#16=TOROIDAL_SURFACE('',#3452,11.5,2.);
#17=TOROIDAL_SURFACE('',#3457,11.5,2.);
#18=TOROIDAL_SURFACE('',#3462,11.5,2.);
#19=TOROIDAL_SURFACE('',#3474,11.5,2.);
#20=TOROIDAL_SURFACE('',#3479,11.5,2.);
#21=TOROIDAL_SURFACE('',#3484,11.5,2.);
#22=TOROIDAL_SURFACE('',#3489,11.5,2.);
#23=ELLIPSE('',#3318,7.07106781186546,5.);
#24=ELLIPSE('',#3319,7.07106781186548,5.);
#25=ELLIPSE('',#3326,7.0710678118655,5.);
#26=ELLIPSE('',#3327,7.07106781186546,5.);
#27=ELLIPSE('',#3329,2.8284271247462,2.);
#28=ELLIPSE('',#3334,7.07106781186548,5.);
#29=ELLIPSE('',#3335,7.07106781186547,5.);
#30=ELLIPSE('',#3340,7.07106781186547,5.);
#31=ELLIPSE('',#3341,7.07106781186547,5.);
#32=ELLIPSE('',#3366,7.07106781186547,5.);
#33=ELLIPSE('',#3367,7.07106781186548,5.);
#34=ELLIPSE('',#3369,2.82842712474619,2.);
#35=ELLIPSE('',#3374,7.07106781186549,5.);
#36=ELLIPSE('',#3375,7.0710678118655,5.);
#37=ELLIPSE('',#3377,2.82842712474618,2.);
#38=ELLIPSE('',#3385,7.07106781186547,5.);
#39=ELLIPSE('',#3386,7.07106781186549,5.);
#40=ELLIPSE('',#3393,7.07106781186547,5.);
#41=ELLIPSE('',#3394,7.07106781186548,5.);
#42=ELLIPSE('',#3396,2.82842712474619,2.);
#43=ELLIPSE('',#3403,2.8284271247462,2.);
#44=ELLIPSE('',#3405,2.82842712474618,2.);
#45=ELLIPSE('',#3407,2.82842712474619,2.);
#46=ELLIPSE('',#3409,2.82842712474619,2.);
#47=CONICAL_SURFACE('',#3258,1.825,0.785398163397448);
#48=CONICAL_SURFACE('',#3259,1.825,0.785398163397448);
#49=CONICAL_SURFACE('',#3260,1.825,0.785398163397448);
#50=CONICAL_SURFACE('',#3261,1.825,0.785398163397448);
#51=CONICAL_SURFACE('',#3262,1.825,0.785398163397448);
#52=CONICAL_SURFACE('',#3263,1.825,0.785398163397448);
#53=CONICAL_SURFACE('',#3265,14.5,0.785398163397448);
#54=CONICAL_SURFACE('',#3268,14.5,0.785398163397446);
#55=CONICAL_SURFACE('',#3271,14.5,0.785398163397448);
#56=CONICAL_SURFACE('',#3274,14.5,0.785398163397448);
#57=CONICAL_SURFACE('',#3439,12.5,0.785398163397451);
#58=CONICAL_SURFACE('',#3441,12.5,0.785398163397448);
#59=CONICAL_SURFACE('',#3443,12.5,0.785398163397448);
#60=CONICAL_SURFACE('',#3445,12.5,0.785398163397447);
#61=FACE_BOUND('',#354,.T.);
#62=FACE_BOUND('',#357,.T.);
#63=FACE_BOUND('',#360,.T.);
#64=FACE_BOUND('',#363,.T.);
#65=FACE_BOUND('',#366,.T.);
#66=FACE_BOUND('',#369,.T.);
#67=FACE_BOUND('',#371,.T.);
#68=FACE_BOUND('',#372,.T.);
#69=FACE_BOUND('',#373,.T.);
#70=FACE_BOUND('',#374,.T.);
#71=FACE_BOUND('',#375,.T.);
#72=FACE_BOUND('',#376,.T.);
#73=FACE_BOUND('',#391,.T.);
#74=FACE_BOUND('',#392,.T.);
#75=FACE_BOUND('',#393,.T.);
#76=FACE_BOUND('',#425,.T.);
#77=FACE_BOUND('',#426,.T.);
#78=FACE_BOUND('',#427,.T.);
#79=FACE_BOUND('',#543,.T.);
#80=FACE_BOUND('',#544,.T.);
#81=FACE_BOUND('',#545,.T.);
#82=FACE_BOUND('',#546,.T.);
#83=FACE_BOUND('',#547,.T.);
#84=FACE_BOUND('',#548,.T.);
#85=PLANE('',#3170);
#86=PLANE('',#3175);
#87=PLANE('',#3180);
#88=PLANE('',#3185);
#89=PLANE('',#3190);
#90=PLANE('',#3195);
#91=PLANE('',#3197);
#92=PLANE('',#3220);
#93=PLANE('',#3221);
#94=PLANE('',#3222);
#95=PLANE('',#3223);
#96=PLANE('',#3224);
#97=PLANE('',#3225);
#98=PLANE('',#3226);
#99=PLANE('',#3227);
#100=PLANE('',#3228);
#101=PLANE('',#3229);
#102=PLANE('',#3230);
#103=PLANE('',#3231);
#104=PLANE('',#3232);
#105=PLANE('',#3233);
#106=PLANE('',#3234);
#107=PLANE('',#3235);
#108=PLANE('',#3236);
#109=PLANE('',#3237);
#110=PLANE('',#3238);
#111=PLANE('',#3239);
#112=PLANE('',#3240);
#113=PLANE('',#3241);
#114=PLANE('',#3242);
#115=PLANE('',#3243);
#116=PLANE('',#3244);
#117=PLANE('',#3245);
#118=PLANE('',#3246);
#119=PLANE('',#3247);
#120=PLANE('',#3251);
#121=PLANE('',#3252);
#122=PLANE('',#3253);
#123=PLANE('',#3254);
#124=PLANE('',#3264);
#125=PLANE('',#3267);
#126=PLANE('',#3270);
#127=PLANE('',#3273);
#128=PLANE('',#3278);
#129=PLANE('',#3289);
#130=PLANE('',#3299);
#131=PLANE('',#3300);
#132=PLANE('',#3307);
#133=PLANE('',#3308);
#134=PLANE('',#3309);
#135=PLANE('',#3310);
#136=PLANE('',#3311);
#137=PLANE('',#3312);
#138=PLANE('',#3315);
#139=PLANE('',#3322);
#140=PLANE('',#3328);
#141=PLANE('',#3330);
#142=PLANE('',#3331);
#143=PLANE('',#3336);
#144=PLANE('',#3337);
#145=PLANE('',#3343);
#146=PLANE('',#3348);
#147=PLANE('',#3349);
#148=PLANE('',#3353);
#149=PLANE('',#3357);
#150=PLANE('',#3360);
#151=PLANE('',#3368);
#152=PLANE('',#3370);
#153=PLANE('',#3376);
#154=PLANE('',#3378);
#155=PLANE('',#3389);
#156=PLANE('',#3395);
#157=PLANE('',#3400);
#158=PLANE('',#3401);
#159=PLANE('',#3402);
#160=PLANE('',#3404);
#161=PLANE('',#3406);
#162=PLANE('',#3408);
#163=PLANE('',#3412);
#164=PLANE('',#3413);
#165=PLANE('',#3416);
#166=PLANE('',#3419);
#167=PLANE('',#3420);
#168=PLANE('',#3423);
#169=PLANE('',#3426);
#170=PLANE('',#3427);
#171=PLANE('',#3428);
#172=PLANE('',#3431);
#173=PLANE('',#3432);
#174=PLANE('',#3435);
#175=PLANE('',#3438);
#176=PLANE('',#3491);
#177=PLANE('',#3492);
#178=FACE_OUTER_BOUND('',#352,.T.);
#179=FACE_OUTER_BOUND('',#353,.T.);
#180=FACE_OUTER_BOUND('',#355,.T.);
#181=FACE_OUTER_BOUND('',#356,.T.);
#182=FACE_OUTER_BOUND('',#358,.T.);
#183=FACE_OUTER_BOUND('',#359,.T.);
#184=FACE_OUTER_BOUND('',#361,.T.);
#185=FACE_OUTER_BOUND('',#362,.T.);
#186=FACE_OUTER_BOUND('',#364,.T.);
#187=FACE_OUTER_BOUND('',#365,.T.);
#188=FACE_OUTER_BOUND('',#367,.T.);
#189=FACE_OUTER_BOUND('',#368,.T.);
#190=FACE_OUTER_BOUND('',#370,.T.);
#191=FACE_OUTER_BOUND('',#377,.T.);
#192=FACE_OUTER_BOUND('',#378,.T.);
#193=FACE_OUTER_BOUND('',#379,.T.);
#194=FACE_OUTER_BOUND('',#380,.T.);
#195=FACE_OUTER_BOUND('',#381,.T.);
#196=FACE_OUTER_BOUND('',#382,.T.);
#197=FACE_OUTER_BOUND('',#383,.T.);
#198=FACE_OUTER_BOUND('',#384,.T.);
#199=FACE_OUTER_BOUND('',#385,.T.);
#200=FACE_OUTER_BOUND('',#386,.T.);
#201=FACE_OUTER_BOUND('',#387,.T.);
#202=FACE_OUTER_BOUND('',#388,.T.);
#203=FACE_OUTER_BOUND('',#389,.T.);
#204=FACE_OUTER_BOUND('',#390,.T.);
#205=FACE_OUTER_BOUND('',#394,.T.);
#206=FACE_OUTER_BOUND('',#395,.T.);
#207=FACE_OUTER_BOUND('',#396,.T.);
#208=FACE_OUTER_BOUND('',#397,.T.);
#209=FACE_OUTER_BOUND('',#398,.T.);
#210=FACE_OUTER_BOUND('',#399,.T.);
#211=FACE_OUTER_BOUND('',#400,.T.);
#212=FACE_OUTER_BOUND('',#401,.T.);
#213=FACE_OUTER_BOUND('',#402,.T.);
#214=FACE_OUTER_BOUND('',#403,.T.);
#215=FACE_OUTER_BOUND('',#404,.T.);
#216=FACE_OUTER_BOUND('',#405,.T.);
#217=FACE_OUTER_BOUND('',#406,.T.);
#218=FACE_OUTER_BOUND('',#407,.T.);
#219=FACE_OUTER_BOUND('',#408,.T.);
#220=FACE_OUTER_BOUND('',#409,.T.);
#221=FACE_OUTER_BOUND('',#410,.T.);
#222=FACE_OUTER_BOUND('',#411,.T.);
#223=FACE_OUTER_BOUND('',#412,.T.);
#224=FACE_OUTER_BOUND('',#413,.T.);
#225=FACE_OUTER_BOUND('',#414,.T.);
#226=FACE_OUTER_BOUND('',#415,.T.);
#227=FACE_OUTER_BOUND('',#416,.T.);
#228=FACE_OUTER_BOUND('',#417,.T.);
#229=FACE_OUTER_BOUND('',#418,.T.);
#230=FACE_OUTER_BOUND('',#419,.T.);
#231=FACE_OUTER_BOUND('',#420,.T.);
#232=FACE_OUTER_BOUND('',#421,.T.);
#233=FACE_OUTER_BOUND('',#422,.T.);
#234=FACE_OUTER_BOUND('',#423,.T.);
#235=FACE_OUTER_BOUND('',#424,.T.);
#236=FACE_OUTER_BOUND('',#428,.T.);
#237=FACE_OUTER_BOUND('',#429,.T.);
#238=FACE_OUTER_BOUND('',#430,.T.);
#239=FACE_OUTER_BOUND('',#431,.T.);
#240=FACE_OUTER_BOUND('',#432,.T.);
#241=FACE_OUTER_BOUND('',#433,.T.);
#242=FACE_OUTER_BOUND('',#434,.T.);
#243=FACE_OUTER_BOUND('',#435,.T.);
#244=FACE_OUTER_BOUND('',#436,.T.);
#245=FACE_OUTER_BOUND('',#437,.T.);
#246=FACE_OUTER_BOUND('',#438,.T.);
#247=FACE_OUTER_BOUND('',#439,.T.);
#248=FACE_OUTER_BOUND('',#440,.T.);
#249=FACE_OUTER_BOUND('',#441,.T.);
#250=FACE_OUTER_BOUND('',#442,.T.);
#251=FACE_OUTER_BOUND('',#443,.T.);
#252=FACE_OUTER_BOUND('',#444,.T.);
#253=FACE_OUTER_BOUND('',#445,.T.);
#254=FACE_OUTER_BOUND('',#446,.T.);
#255=FACE_OUTER_BOUND('',#447,.T.);
#256=FACE_OUTER_BOUND('',#448,.T.);
#257=FACE_OUTER_BOUND('',#449,.T.);
#258=FACE_OUTER_BOUND('',#450,.T.);
#259=FACE_OUTER_BOUND('',#451,.T.);
#260=FACE_OUTER_BOUND('',#452,.T.);
#261=FACE_OUTER_BOUND('',#453,.T.);
#262=FACE_OUTER_BOUND('',#454,.T.);
#263=FACE_OUTER_BOUND('',#455,.T.);
#264=FACE_OUTER_BOUND('',#456,.T.);
#265=FACE_OUTER_BOUND('',#457,.T.);
#266=FACE_OUTER_BOUND('',#458,.T.);
#267=FACE_OUTER_BOUND('',#459,.T.);
#268=FACE_OUTER_BOUND('',#460,.T.);
#269=FACE_OUTER_BOUND('',#461,.T.);
#270=FACE_OUTER_BOUND('',#462,.T.);
#271=FACE_OUTER_BOUND('',#463,.T.);
#272=FACE_OUTER_BOUND('',#464,.T.);
#273=FACE_OUTER_BOUND('',#465,.T.);
#274=FACE_OUTER_BOUND('',#466,.T.);
#275=FACE_OUTER_BOUND('',#467,.T.);
#276=FACE_OUTER_BOUND('',#468,.T.);
#277=FACE_OUTER_BOUND('',#469,.T.);
#278=FACE_OUTER_BOUND('',#470,.T.);
#279=FACE_OUTER_BOUND('',#471,.T.);
#280=FACE_OUTER_BOUND('',#472,.T.);
#281=FACE_OUTER_BOUND('',#473,.T.);
#282=FACE_OUTER_BOUND('',#474,.T.);
#283=FACE_OUTER_BOUND('',#475,.T.);
#284=FACE_OUTER_BOUND('',#476,.T.);
#285=FACE_OUTER_BOUND('',#477,.T.);
#286=FACE_OUTER_BOUND('',#478,.T.);
#287=FACE_OUTER_BOUND('',#479,.T.);
#288=FACE_OUTER_BOUND('',#480,.T.);
#289=FACE_OUTER_BOUND('',#481,.T.);
#290=FACE_OUTER_BOUND('',#482,.T.);
#291=FACE_OUTER_BOUND('',#483,.T.);
#292=FACE_OUTER_BOUND('',#484,.T.);
#293=FACE_OUTER_BOUND('',#485,.T.);
#294=FACE_OUTER_BOUND('',#486,.T.);
#295=FACE_OUTER_BOUND('',#487,.T.);
#296=FACE_OUTER_BOUND('',#488,.T.);
#297=FACE_OUTER_BOUND('',#489,.T.);
#298=FACE_OUTER_BOUND('',#490,.T.);
#299=FACE_OUTER_BOUND('',#491,.T.);
#300=FACE_OUTER_BOUND('',#492,.T.);
#301=FACE_OUTER_BOUND('',#493,.T.);
#302=FACE_OUTER_BOUND('',#494,.T.);
#303=FACE_OUTER_BOUND('',#495,.T.);
#304=FACE_OUTER_BOUND('',#496,.T.);
#305=FACE_OUTER_BOUND('',#497,.T.);
#306=FACE_OUTER_BOUND('',#498,.T.);
#307=FACE_OUTER_BOUND('',#499,.T.);
#308=FACE_OUTER_BOUND('',#500,.T.);
#309=FACE_OUTER_BOUND('',#501,.T.);
#310=FACE_OUTER_BOUND('',#502,.T.);
#311=FACE_OUTER_BOUND('',#503,.T.);
#312=FACE_OUTER_BOUND('',#504,.T.);
#313=FACE_OUTER_BOUND('',#505,.T.);
#314=FACE_OUTER_BOUND('',#506,.T.);
#315=FACE_OUTER_BOUND('',#507,.T.);
#316=FACE_OUTER_BOUND('',#508,.T.);
#317=FACE_OUTER_BOUND('',#509,.T.);
#318=FACE_OUTER_BOUND('',#510,.T.);
#319=FACE_OUTER_BOUND('',#511,.T.);
#320=FACE_OUTER_BOUND('',#512,.T.);
#321=FACE_OUTER_BOUND('',#513,.T.);
#322=FACE_OUTER_BOUND('',#514,.T.);
#323=FACE_OUTER_BOUND('',#515,.T.);
#324=FACE_OUTER_BOUND('',#516,.T.);
#325=FACE_OUTER_BOUND('',#517,.T.);
#326=FACE_OUTER_BOUND('',#518,.T.);
#327=FACE_OUTER_BOUND('',#519,.T.);
#328=FACE_OUTER_BOUND('',#520,.T.);
#329=FACE_OUTER_BOUND('',#521,.T.);
#330=FACE_OUTER_BOUND('',#522,.T.);
#331=FACE_OUTER_BOUND('',#523,.T.);
#332=FACE_OUTER_BOUND('',#524,.T.);
#333=FACE_OUTER_BOUND('',#525,.T.);
#334=FACE_OUTER_BOUND('',#526,.T.);
#335=FACE_OUTER_BOUND('',#527,.T.);
#336=FACE_OUTER_BOUND('',#528,.T.);
#337=FACE_OUTER_BOUND('',#529,.T.);
#338=FACE_OUTER_BOUND('',#530,.T.);
#339=FACE_OUTER_BOUND('',#531,.T.);
#340=FACE_OUTER_BOUND('',#532,.T.);
#341=FACE_OUTER_BOUND('',#533,.T.);
#342=FACE_OUTER_BOUND('',#534,.T.);
#343=FACE_OUTER_BOUND('',#535,.T.);
#344=FACE_OUTER_BOUND('',#536,.T.);
#345=FACE_OUTER_BOUND('',#537,.T.);
#346=FACE_OUTER_BOUND('',#538,.T.);
#347=FACE_OUTER_BOUND('',#539,.T.);
#348=FACE_OUTER_BOUND('',#540,.T.);
#349=FACE_OUTER_BOUND('',#541,.T.);
#350=FACE_OUTER_BOUND('',#542,.T.);
#351=FACE_OUTER_BOUND('',#549,.T.);
#352=EDGE_LOOP('',(#2016,#2017,#2018,#2019));
#353=EDGE_LOOP('',(#2020));
#354=EDGE_LOOP('',(#2021));
#355=EDGE_LOOP('',(#2022,#2023,#2024,#2025));
#356=EDGE_LOOP('',(#2026));
#357=EDGE_LOOP('',(#2027));
#358=EDGE_LOOP('',(#2028,#2029,#2030,#2031));
#359=EDGE_LOOP('',(#2032));
#360=EDGE_LOOP('',(#2033));
#361=EDGE_LOOP('',(#2034,#2035,#2036,#2037));
#362=EDGE_LOOP('',(#2038));
#363=EDGE_LOOP('',(#2039));
#364=EDGE_LOOP('',(#2040,#2041,#2042,#2043));
#365=EDGE_LOOP('',(#2044));
#366=EDGE_LOOP('',(#2045));
#367=EDGE_LOOP('',(#2046,#2047,#2048,#2049));
#368=EDGE_LOOP('',(#2050));
#369=EDGE_LOOP('',(#2051));
#370=EDGE_LOOP('',(#2052,#2053,#2054,#2055,#2056,#2057,#2058,#2059));
#371=EDGE_LOOP('',(#2060));
#372=EDGE_LOOP('',(#2061));
#373=EDGE_LOOP('',(#2062));
#374=EDGE_LOOP('',(#2063));
#375=EDGE_LOOP('',(#2064));
#376=EDGE_LOOP('',(#2065));
#377=EDGE_LOOP('',(#2066,#2067,#2068,#2069));
#378=EDGE_LOOP('',(#2070,#2071,#2072,#2073));
#379=EDGE_LOOP('',(#2074,#2075,#2076,#2077));
#380=EDGE_LOOP('',(#2078,#2079,#2080,#2081));
#381=EDGE_LOOP('',(#2082,#2083,#2084,#2085));
#382=EDGE_LOOP('',(#2086,#2087,#2088,#2089));
#383=EDGE_LOOP('',(#2090,#2091,#2092,#2093,#2094));
#384=EDGE_LOOP('',(#2095,#2096,#2097,#2098,#2099));
#385=EDGE_LOOP('',(#2100,#2101,#2102,#2103,#2104));
#386=EDGE_LOOP('',(#2105,#2106,#2107,#2108,#2109));
#387=EDGE_LOOP('',(#2110,#2111,#2112,#2113,#2114));
#388=EDGE_LOOP('',(#2115,#2116,#2117,#2118,#2119));
#389=EDGE_LOOP('',(#2120,#2121,#2122,#2123));
#390=EDGE_LOOP('',(#2124,#2125,#2126,#2127,#2128,#2129,#2130,#2131,#2132,
#2133,#2134,#2135,#2136,#2137,#2138,#2139));
#391=EDGE_LOOP('',(#2140,#2141,#2142,#2143));
#392=EDGE_LOOP('',(#2144,#2145,#2146,#2147));
#393=EDGE_LOOP('',(#2148,#2149,#2150,#2151));
#394=EDGE_LOOP('',(#2152,#2153,#2154,#2155));
#395=EDGE_LOOP('',(#2156,#2157,#2158,#2159));
#396=EDGE_LOOP('',(#2160,#2161,#2162,#2163,#2164));
#397=EDGE_LOOP('',(#2165,#2166,#2167,#2168));
#398=EDGE_LOOP('',(#2169,#2170,#2171,#2172,#2173));
#399=EDGE_LOOP('',(#2174,#2175,#2176,#2177,#2178));
#400=EDGE_LOOP('',(#2179,#2180,#2181,#2182));
#401=EDGE_LOOP('',(#2183,#2184,#2185,#2186,#2187));
#402=EDGE_LOOP('',(#2188,#2189,#2190,#2191,#2192));
#403=EDGE_LOOP('',(#2193,#2194,#2195,#2196));
#404=EDGE_LOOP('',(#2197,#2198,#2199,#2200,#2201));
#405=EDGE_LOOP('',(#2202,#2203,#2204,#2205));
#406=EDGE_LOOP('',(#2206,#2207,#2208,#2209));
#407=EDGE_LOOP('',(#2210,#2211,#2212,#2213));
#408=EDGE_LOOP('',(#2214,#2215,#2216,#2217));
#409=EDGE_LOOP('',(#2218,#2219,#2220,#2221));
#410=EDGE_LOOP('',(#2222,#2223,#2224,#2225));
#411=EDGE_LOOP('',(#2226,#2227,#2228,#2229));
#412=EDGE_LOOP('',(#2230,#2231,#2232,#2233));
#413=EDGE_LOOP('',(#2234,#2235,#2236,#2237,#2238,#2239,#2240,#2241,#2242));
#414=EDGE_LOOP('',(#2243,#2244,#2245,#2246));
#415=EDGE_LOOP('',(#2247,#2248,#2249,#2250));
#416=EDGE_LOOP('',(#2251,#2252,#2253,#2254));
#417=EDGE_LOOP('',(#2255,#2256,#2257,#2258,#2259,#2260,#2261,#2262,#2263));
#418=EDGE_LOOP('',(#2264,#2265,#2266,#2267));
#419=EDGE_LOOP('',(#2268,#2269,#2270,#2271));
#420=EDGE_LOOP('',(#2272,#2273,#2274,#2275));
#421=EDGE_LOOP('',(#2276,#2277,#2278,#2279));
#422=EDGE_LOOP('',(#2280,#2281,#2282,#2283));
#423=EDGE_LOOP('',(#2284,#2285,#2286,#2287));
#424=EDGE_LOOP('',(#2288,#2289,#2290,#2291,#2292,#2293,#2294,#2295,#2296,
#2297,#2298,#2299,#2300,#2301,#2302,#2303));
#425=EDGE_LOOP('',(#2304,#2305,#2306,#2307));
#426=EDGE_LOOP('',(#2308,#2309,#2310,#2311));
#427=EDGE_LOOP('',(#2312,#2313,#2314,#2315));
#428=EDGE_LOOP('',(#2316,#2317,#2318,#2319));
#429=EDGE_LOOP('',(#2320,#2321,#2322,#2323));
#430=EDGE_LOOP('',(#2324,#2325,#2326,#2327));
#431=EDGE_LOOP('',(#2328,#2329,#2330,#2331));
#432=EDGE_LOOP('',(#2332,#2333,#2334,#2335));
#433=EDGE_LOOP('',(#2336,#2337,#2338,#2339));
#434=EDGE_LOOP('',(#2340,#2341,#2342,#2343));
#435=EDGE_LOOP('',(#2344,#2345,#2346,#2347));
#436=EDGE_LOOP('',(#2348,#2349,#2350,#2351,#2352,#2353,#2354,#2355,#2356,
#2357,#2358,#2359,#2360,#2361,#2362,#2363,#2364,#2365));
#437=EDGE_LOOP('',(#2366,#2367,#2368,#2369));
#438=EDGE_LOOP('',(#2370,#2371,#2372,#2373));
#439=EDGE_LOOP('',(#2374,#2375,#2376,#2377,#2378,#2379,#2380,#2381,#2382,
#2383,#2384,#2385));
#440=EDGE_LOOP('',(#2386,#2387,#2388,#2389));
#441=EDGE_LOOP('',(#2390,#2391,#2392,#2393));
#442=EDGE_LOOP('',(#2394,#2395,#2396,#2397));
#443=EDGE_LOOP('',(#2398,#2399,#2400,#2401,#2402,#2403,#2404,#2405,#2406,
#2407,#2408,#2409,#2410,#2411,#2412,#2413,#2414,#2415,#2416,#2417));
#444=EDGE_LOOP('',(#2418,#2419,#2420,#2421));
#445=EDGE_LOOP('',(#2422,#2423,#2424,#2425));
#446=EDGE_LOOP('',(#2426,#2427,#2428,#2429));
#447=EDGE_LOOP('',(#2430,#2431,#2432,#2433));
#448=EDGE_LOOP('',(#2434,#2435,#2436,#2437));
#449=EDGE_LOOP('',(#2438,#2439,#2440,#2441));
#450=EDGE_LOOP('',(#2442,#2443,#2444,#2445));
#451=EDGE_LOOP('',(#2446,#2447,#2448,#2449));
#452=EDGE_LOOP('',(#2450,#2451,#2452,#2453));
#453=EDGE_LOOP('',(#2454,#2455,#2456,#2457,#2458,#2459));
#454=EDGE_LOOP('',(#2460,#2461,#2462,#2463));
#455=EDGE_LOOP('',(#2464,#2465,#2466,#2467,#2468,#2469,#2470,#2471));
#456=EDGE_LOOP('',(#2472,#2473,#2474,#2475,#2476,#2477));
#457=EDGE_LOOP('',(#2478,#2479,#2480,#2481,#2482));
#458=EDGE_LOOP('',(#2483,#2484,#2485,#2486,#2487));
#459=EDGE_LOOP('',(#2488,#2489,#2490,#2491,#2492,#2493,#2494,#2495));
#460=EDGE_LOOP('',(#2496,#2497,#2498,#2499,#2500,#2501));
#461=EDGE_LOOP('',(#2502,#2503,#2504,#2505,#2506));
#462=EDGE_LOOP('',(#2507,#2508,#2509,#2510,#2511,#2512,#2513,#2514));
#463=EDGE_LOOP('',(#2515,#2516,#2517,#2518,#2519,#2520));
#464=EDGE_LOOP('',(#2521,#2522,#2523,#2524));
#465=EDGE_LOOP('',(#2525,#2526,#2527,#2528,#2529,#2530,#2531,#2532));
#466=EDGE_LOOP('',(#2533,#2534,#2535,#2536));
#467=EDGE_LOOP('',(#2537,#2538,#2539,#2540));
#468=EDGE_LOOP('',(#2541,#2542,#2543,#2544));
#469=EDGE_LOOP('',(#2545,#2546,#2547,#2548,#2549,#2550,#2551,#2552,#2553,
#2554,#2555,#2556,#2557,#2558));
#470=EDGE_LOOP('',(#2559,#2560,#2561,#2562));
#471=EDGE_LOOP('',(#2563,#2564,#2565,#2566));
#472=EDGE_LOOP('',(#2567,#2568,#2569,#2570));
#473=EDGE_LOOP('',(#2571,#2572,#2573,#2574));
#474=EDGE_LOOP('',(#2575,#2576,#2577,#2578));
#475=EDGE_LOOP('',(#2579,#2580,#2581,#2582));
#476=EDGE_LOOP('',(#2583,#2584,#2585,#2586));
#477=EDGE_LOOP('',(#2587,#2588,#2589,#2590,#2591,#2592));
#478=EDGE_LOOP('',(#2593,#2594,#2595,#2596,#2597));
#479=EDGE_LOOP('',(#2598,#2599,#2600,#2601,#2602));
#480=EDGE_LOOP('',(#2603,#2604,#2605,#2606,#2607,#2608));
#481=EDGE_LOOP('',(#2609,#2610,#2611,#2612,#2613));
#482=EDGE_LOOP('',(#2614,#2615,#2616,#2617,#2618,#2619,#2620,#2621,#2622,
#2623,#2624,#2625,#2626,#2627,#2628,#2629));
#483=EDGE_LOOP('',(#2630,#2631,#2632,#2633));
#484=EDGE_LOOP('',(#2634,#2635,#2636,#2637,#2638,#2639));
#485=EDGE_LOOP('',(#2640,#2641,#2642,#2643));
#486=EDGE_LOOP('',(#2644,#2645,#2646,#2647,#2648,#2649,#2650,#2651,#2652,
#2653,#2654,#2655,#2656,#2657,#2658,#2659));
#487=EDGE_LOOP('',(#2660,#2661,#2662,#2663,#2664,#2665));
#488=EDGE_LOOP('',(#2666,#2667,#2668,#2669,#2670));
#489=EDGE_LOOP('',(#2671,#2672,#2673,#2674));
#490=EDGE_LOOP('',(#2675,#2676,#2677,#2678));
#491=EDGE_LOOP('',(#2679,#2680,#2681,#2682));
#492=EDGE_LOOP('',(#2683,#2684,#2685,#2686));
#493=EDGE_LOOP('',(#2687,#2688,#2689,#2690,#2691));
#494=EDGE_LOOP('',(#2692,#2693,#2694,#2695,#2696));
#495=EDGE_LOOP('',(#2697,#2698,#2699,#2700,#2701));
#496=EDGE_LOOP('',(#2702,#2703,#2704,#2705,#2706));
#497=EDGE_LOOP('',(#2707,#2708,#2709,#2710));
#498=EDGE_LOOP('',(#2711,#2712,#2713,#2714));
#499=EDGE_LOOP('',(#2715,#2716,#2717,#2718));
#500=EDGE_LOOP('',(#2719,#2720,#2721,#2722));
#501=EDGE_LOOP('',(#2723,#2724,#2725,#2726,#2727));
#502=EDGE_LOOP('',(#2728,#2729,#2730,#2731));
#503=EDGE_LOOP('',(#2732,#2733,#2734,#2735));
#504=EDGE_LOOP('',(#2736,#2737,#2738,#2739));
#505=EDGE_LOOP('',(#2740,#2741,#2742,#2743));
#506=EDGE_LOOP('',(#2744,#2745,#2746,#2747,#2748));
#507=EDGE_LOOP('',(#2749,#2750,#2751,#2752));
#508=EDGE_LOOP('',(#2753,#2754,#2755,#2756));
#509=EDGE_LOOP('',(#2757,#2758,#2759,#2760,#2761));
#510=EDGE_LOOP('',(#2762,#2763,#2764,#2765));
#511=EDGE_LOOP('',(#2766,#2767,#2768,#2769));
#512=EDGE_LOOP('',(#2770,#2771,#2772,#2773,#2774));
#513=EDGE_LOOP('',(#2775,#2776,#2777,#2778));
#514=EDGE_LOOP('',(#2779,#2780,#2781,#2782));
#515=EDGE_LOOP('',(#2783,#2784,#2785,#2786,#2787));
#516=EDGE_LOOP('',(#2788,#2789,#2790,#2791));
#517=EDGE_LOOP('',(#2792,#2793,#2794,#2795));
#518=EDGE_LOOP('',(#2796,#2797,#2798,#2799));
#519=EDGE_LOOP('',(#2800,#2801,#2802,#2803));
#520=EDGE_LOOP('',(#2804,#2805,#2806,#2807));
#521=EDGE_LOOP('',(#2808,#2809,#2810,#2811));
#522=EDGE_LOOP('',(#2812,#2813,#2814,#2815));
#523=EDGE_LOOP('',(#2816,#2817,#2818,#2819));
#524=EDGE_LOOP('',(#2820,#2821,#2822,#2823));
#525=EDGE_LOOP('',(#2824,#2825,#2826,#2827));
#526=EDGE_LOOP('',(#2828,#2829,#2830,#2831));
#527=EDGE_LOOP('',(#2832,#2833,#2834,#2835));
#528=EDGE_LOOP('',(#2836,#2837,#2838,#2839));
#529=EDGE_LOOP('',(#2840,#2841,#2842,#2843));
#530=EDGE_LOOP('',(#2844,#2845,#2846,#2847));
#531=EDGE_LOOP('',(#2848,#2849,#2850,#2851));
#532=EDGE_LOOP('',(#2852,#2853,#2854,#2855));
#533=EDGE_LOOP('',(#2856,#2857,#2858,#2859));
#534=EDGE_LOOP('',(#2860,#2861,#2862,#2863));
#535=EDGE_LOOP('',(#2864,#2865,#2866,#2867));
#536=EDGE_LOOP('',(#2868,#2869,#2870,#2871));
#537=EDGE_LOOP('',(#2872,#2873,#2874,#2875));
#538=EDGE_LOOP('',(#2876,#2877,#2878,#2879));
#539=EDGE_LOOP('',(#2880,#2881,#2882,#2883));
#540=EDGE_LOOP('',(#2884,#2885,#2886,#2887));
#541=EDGE_LOOP('',(#2888,#2889,#2890,#2891));
#542=EDGE_LOOP('',(#2892,#2893,#2894,#2895,#2896,#2897,#2898,#2899));
#543=EDGE_LOOP('',(#2900));
#544=EDGE_LOOP('',(#2901));
#545=EDGE_LOOP('',(#2902));
#546=EDGE_LOOP('',(#2903));
#547=EDGE_LOOP('',(#2904));
#548=EDGE_LOOP('',(#2905));
#549=EDGE_LOOP('',(#2906,#2907,#2908,#2909,#2910,#2911,#2912,#2913,#2914,
#2915,#2916,#2917,#2918,#2919));
#550=LINE('',#4452,#850);
#551=LINE('',#4461,#851);
#552=LINE('',#4470,#852);
#553=LINE('',#4479,#853);
#554=LINE('',#4488,#854);
#555=LINE('',#4497,#855);
#556=LINE('',#4507,#856);
#557=LINE('',#4511,#857);
#558=LINE('',#4515,#858);
#559=LINE('',#4518,#859);
#560=LINE('',#4533,#860);
#561=LINE('',#4537,#861);
#562=LINE('',#4541,#862);
#563=LINE('',#4545,#863);
#564=LINE('',#4549,#864);
#565=LINE('',#4553,#865);
#566=LINE('',#4558,#866);
#567=LINE('',#4560,#867);
#568=LINE('',#4562,#868);
#569=LINE('',#4564,#869);
#570=LINE('',#4565,#870);
#571=LINE('',#4569,#871);
#572=LINE('',#4571,#872);
#573=LINE('',#4573,#873);
#574=LINE('',#4575,#874);
#575=LINE('',#4576,#875);
#576=LINE('',#4580,#876);
#577=LINE('',#4582,#877);
#578=LINE('',#4584,#878);
#579=LINE('',#4586,#879);
#580=LINE('',#4587,#880);
#581=LINE('',#4591,#881);
#582=LINE('',#4593,#882);
#583=LINE('',#4595,#883);
#584=LINE('',#4597,#884);
#585=LINE('',#4598,#885);
#586=LINE('',#4602,#886);
#587=LINE('',#4604,#887);
#588=LINE('',#4606,#888);
#589=LINE('',#4608,#889);
#590=LINE('',#4609,#890);
#591=LINE('',#4613,#891);
#592=LINE('',#4615,#892);
#593=LINE('',#4617,#893);
#594=LINE('',#4619,#894);
#595=LINE('',#4620,#895);
#596=LINE('',#4622,#896);
#597=LINE('',#4623,#897);
#598=LINE('',#4626,#898);
#599=LINE('',#4628,#899);
#600=LINE('',#4630,#900);
#601=LINE('',#4632,#901);
#602=LINE('',#4633,#902);
#603=LINE('',#4634,#903);
#604=LINE('',#4635,#904);
#605=LINE('',#4636,#905);
#606=LINE('',#4637,#906);
#607=LINE('',#4640,#907);
#608=LINE('',#4642,#908);
#609=LINE('',#4644,#909);
#610=LINE('',#4645,#910);
#611=LINE('',#4648,#911);
#612=LINE('',#4650,#912);
#613=LINE('',#4652,#913);
#614=LINE('',#4653,#914);
#615=LINE('',#4656,#915);
#616=LINE('',#4658,#916);
#617=LINE('',#4660,#917);
#618=LINE('',#4661,#918);
#619=LINE('',#4663,#919);
#620=LINE('',#4665,#920);
#621=LINE('',#4669,#921);
#622=LINE('',#4670,#922);
#623=LINE('',#4672,#923);
#624=LINE('',#4673,#924);
#625=LINE('',#4676,#925);
#626=LINE('',#4677,#926);
#627=LINE('',#4680,#927);
#628=LINE('',#4682,#928);
#629=LINE('',#4683,#929);
#630=LINE('',#4687,#930);
#631=LINE('',#4688,#931);
#632=LINE('',#4690,#932);
#633=LINE('',#4691,#933);
#634=LINE('',#4694,#934);
#635=LINE('',#4695,#935);
#636=LINE('',#4698,#936);
#637=LINE('',#4700,#937);
#638=LINE('',#4701,#938);
#639=LINE('',#4705,#939);
#640=LINE('',#4706,#940);
#641=LINE('',#4708,#941);
#642=LINE('',#4709,#942);
#643=LINE('',#4712,#943);
#644=LINE('',#4713,#944);
#645=LINE('',#4716,#945);
#646=LINE('',#4718,#946);
#647=LINE('',#4719,#947);
#648=LINE('',#4721,#948);
#649=LINE('',#4722,#949);
#650=LINE('',#4725,#950);
#651=LINE('',#4726,#951);
#652=LINE('',#4729,#952);
#653=LINE('',#4730,#953);
#654=LINE('',#4733,#954);
#655=LINE('',#4735,#955);
#656=LINE('',#4738,#956);
#657=LINE('',#4740,#957);
#658=LINE('',#4742,#958);
#659=LINE('',#4748,#959);
#660=LINE('',#4751,#960);
#661=LINE('',#4753,#961);
#662=LINE('',#4755,#962);
#663=LINE('',#4760,#963);
#664=LINE('',#4766,#964);
#665=LINE('',#4768,#965);
#666=LINE('',#4769,#966);
#667=LINE('',#4771,#967);
#668=LINE('',#4773,#968);
#669=LINE('',#4775,#969);
#670=LINE('',#4777,#970);
#671=LINE('',#4779,#971);
#672=LINE('',#4781,#972);
#673=LINE('',#4783,#973);
#674=LINE('',#4784,#974);
#675=LINE('',#4787,#975);
#676=LINE('',#4791,#976);
#677=LINE('',#4792,#977);
#678=LINE('',#4795,#978);
#679=LINE('',#4799,#979);
#680=LINE('',#4800,#980);
#681=LINE('',#4803,#981);
#682=LINE('',#4807,#982);
#683=LINE('',#4808,#983);
#684=LINE('',#4813,#984);
#685=LINE('',#4816,#985);
#686=LINE('',#4819,#986);
#687=LINE('',#4821,#987);
#688=LINE('',#4827,#988);
#689=LINE('',#4831,#989);
#690=LINE('',#4833,#990);
#691=LINE('',#4835,#991);
#692=LINE('',#4837,#992);
#693=LINE('',#4839,#993);
#694=LINE('',#4843,#994);
#695=LINE('',#4848,#995);
#696=LINE('',#4853,#996);
#697=LINE('',#4857,#997);
#698=LINE('',#4859,#998);
#699=LINE('',#4865,#999);
#700=LINE('',#4869,#1000);
#701=LINE('',#4874,#1001);
#702=LINE('',#4877,#1002);
#703=LINE('',#4881,#1003);
#704=LINE('',#4884,#1004);
#705=LINE('',#4887,#1005);
#706=LINE('',#4888,#1006);
#707=LINE('',#4891,#1007);
#708=LINE('',#4897,#1008);
#709=LINE('',#4899,#1009);
#710=LINE('',#4901,#1010);
#711=LINE('',#4903,#1011);
#712=LINE('',#4905,#1012);
#713=LINE('',#4907,#1013);
#714=LINE('',#4909,#1014);
#715=LINE('',#4915,#1015);
#716=LINE('',#4919,#1016);
#717=LINE('',#4921,#1017);
#718=LINE('',#4923,#1018);
#719=LINE('',#4924,#1019);
#720=LINE('',#4926,#1020);
#721=LINE('',#4927,#1021);
#722=LINE('',#4929,#1022);
#723=LINE('',#4931,#1023);
#724=LINE('',#4933,#1024);
#725=LINE('',#4935,#1025);
#726=LINE('',#4937,#1026);
#727=LINE('',#4943,#1027);
#728=LINE('',#4944,#1028);
#729=LINE('',#4947,#1029);
#730=LINE('',#4948,#1030);
#731=LINE('',#4951,#1031);
#732=LINE('',#4958,#1032);
#733=LINE('',#4961,#1033);
#734=LINE('',#4965,#1034);
#735=LINE('',#4969,#1035);
#736=LINE('',#4970,#1036);
#737=LINE('',#4975,#1037);
#738=LINE('',#4977,#1038);
#739=LINE('',#4983,#1039);
#740=LINE('',#4985,#1040);
#741=LINE('',#4988,#1041);
#742=LINE('',#4991,#1042);
#743=LINE('',#4993,#1043);
#744=LINE('',#4994,#1044);
#745=LINE('',#4997,#1045);
#746=LINE('',#4999,#1046);
#747=LINE('',#5001,#1047);
#748=LINE('',#5004,#1048);
#749=LINE('',#5006,#1049);
#750=LINE('',#5012,#1050);
#751=LINE('',#5014,#1051);
#752=LINE('',#5016,#1052);
#753=LINE('',#5017,#1053);
#754=LINE('',#5020,#1054);
#755=LINE('',#5022,#1055);
#756=LINE('',#5025,#1056);
#757=LINE('',#5030,#1057);
#758=LINE('',#5034,#1058);
#759=LINE('',#5038,#1059);
#760=LINE('',#5040,#1060);
#761=LINE('',#5041,#1061);
#762=LINE('',#5046,#1062);
#763=LINE('',#5049,#1063);
#764=LINE('',#5051,#1064);
#765=LINE('',#5053,#1065);
#766=LINE('',#5055,#1066);
#767=LINE('',#5057,#1067);
#768=LINE('',#5058,#1068);
#769=LINE('',#5064,#1069);
#770=LINE('',#5067,#1070);
#771=LINE('',#5070,#1071);
#772=LINE('',#5072,#1072);
#773=LINE('',#5073,#1073);
#774=LINE('',#5078,#1074);
#775=LINE('',#5082,#1075);
#776=LINE('',#5084,#1076);
#777=LINE('',#5085,#1077);
#778=LINE('',#5088,#1078);
#779=LINE('',#5092,#1079);
#780=LINE('',#5093,#1080);
#781=LINE('',#5097,#1081);
#782=LINE('',#5103,#1082);
#783=LINE('',#5110,#1083);
#784=LINE('',#5112,#1084);
#785=LINE('',#5115,#1085);
#786=LINE('',#5118,#1086);
#787=LINE('',#5119,#1087);
#788=LINE('',#5124,#1088);
#789=LINE('',#5132,#1089);
#790=LINE('',#5136,#1090);
#791=LINE('',#5137,#1091);
#792=LINE('',#5140,#1092);
#793=LINE('',#5142,#1093);
#794=LINE('',#5144,#1094);
#795=LINE('',#5146,#1095);
#796=LINE('',#5147,#1096);
#797=LINE('',#5150,#1097);
#798=LINE('',#5158,#1098);
#799=LINE('',#5166,#1099);
#800=LINE('',#5168,#1100);
#801=LINE('',#5170,#1101);
#802=LINE('',#5172,#1102);
#803=LINE('',#5174,#1103);
#804=LINE('',#5176,#1104);
#805=LINE('',#5178,#1105);
#806=LINE('',#5183,#1106);
#807=LINE('',#5185,#1107);
#808=LINE('',#5193,#1108);
#809=LINE('',#5194,#1109);
#810=LINE('',#5196,#1110);
#811=LINE('',#5199,#1111);
#812=LINE('',#5202,#1112);
#813=LINE('',#5208,#1113);
#814=LINE('',#5209,#1114);
#815=LINE('',#5212,#1115);
#816=LINE('',#5214,#1116);
#817=LINE('',#5218,#1117);
#818=LINE('',#5224,#1118);
#819=LINE('',#5225,#1119);
#820=LINE('',#5229,#1120);
#821=LINE('',#5231,#1121);
#822=LINE('',#5235,#1122);
#823=LINE('',#5236,#1123);
#824=LINE('',#5237,#1124);
#825=LINE('',#5241,#1125);
#826=LINE('',#5245,#1126);
#827=LINE('',#5247,#1127);
#828=LINE('',#5251,#1128);
#829=LINE('',#5252,#1129);
#830=LINE('',#5253,#1130);
#831=LINE('',#5257,#1131);
#832=LINE('',#5261,#1132);
#833=LINE('',#5264,#1133);
#834=LINE('',#5265,#1134);
#835=LINE('',#5267,#1135);
#836=LINE('',#5271,#1136);
#837=LINE('',#5272,#1137);
#838=LINE('',#5273,#1138);
#839=LINE('',#5277,#1139);
#840=LINE('',#5281,#1140);
#841=LINE('',#5282,#1141);
#842=LINE('',#5283,#1142);
#843=LINE('',#5287,#1143);
#844=LINE('',#5291,#1144);
#845=LINE('',#5293,#1145);
#846=LINE('',#5330,#1146);
#847=LINE('',#5339,#1147);
#848=LINE('',#5347,#1148);
#849=LINE('',#5355,#1149);
#850=VECTOR('',#3499,3.00000000000001);
#851=VECTOR('',#3510,3.);
#852=VECTOR('',#3521,2.99999999999999);
#853=VECTOR('',#3532,3.00000000000001);
#854=VECTOR('',#3543,3.);
#855=VECTOR('',#3554,3.00000000000001);
#856=VECTOR('',#3565,10.);
#857=VECTOR('',#3568,10.);
#858=VECTOR('',#3571,10.);
#859=VECTOR('',#3574,10.);
#860=VECTOR('',#3589,2.05);
#861=VECTOR('',#3594,2.05);
#862=VECTOR('',#3599,2.05);
#863=VECTOR('',#3604,2.05);
#864=VECTOR('',#3609,2.05);
#865=VECTOR('',#3614,2.05);
#866=VECTOR('',#3619,10.);
#867=VECTOR('',#3620,10.);
#868=VECTOR('',#3621,10.);
#869=VECTOR('',#3622,10.);
#870=VECTOR('',#3623,10.);
#871=VECTOR('',#3626,10.);
#872=VECTOR('',#3627,10.);
#873=VECTOR('',#3628,10.);
#874=VECTOR('',#3629,10.);
#875=VECTOR('',#3630,10.);
#876=VECTOR('',#3633,10.);
#877=VECTOR('',#3634,10.);
#878=VECTOR('',#3635,10.);
#879=VECTOR('',#3636,10.);
#880=VECTOR('',#3637,10.);
#881=VECTOR('',#3640,10.);
#882=VECTOR('',#3641,10.);
#883=VECTOR('',#3642,10.);
#884=VECTOR('',#3643,10.);
#885=VECTOR('',#3644,10.);
#886=VECTOR('',#3647,10.);
#887=VECTOR('',#3648,10.);
#888=VECTOR('',#3649,10.);
#889=VECTOR('',#3650,10.);
#890=VECTOR('',#3651,10.);
#891=VECTOR('',#3654,10.);
#892=VECTOR('',#3655,10.);
#893=VECTOR('',#3656,10.);
#894=VECTOR('',#3657,10.);
#895=VECTOR('',#3658,10.);
#896=VECTOR('',#3661,10.);
#897=VECTOR('',#3662,10.);
#898=VECTOR('',#3665,10.);
#899=VECTOR('',#3666,10.);
#900=VECTOR('',#3667,10.);
#901=VECTOR('',#3668,10.);
#902=VECTOR('',#3669,10.);
#903=VECTOR('',#3670,10.);
#904=VECTOR('',#3671,10.);
#905=VECTOR('',#3672,10.);
#906=VECTOR('',#3673,10.);
#907=VECTOR('',#3674,10.);
#908=VECTOR('',#3675,10.);
#909=VECTOR('',#3676,10.);
#910=VECTOR('',#3677,10.);
#911=VECTOR('',#3678,10.);
#912=VECTOR('',#3679,10.);
#913=VECTOR('',#3680,10.);
#914=VECTOR('',#3681,10.);
#915=VECTOR('',#3682,10.);
#916=VECTOR('',#3683,10.);
#917=VECTOR('',#3684,10.);
#918=VECTOR('',#3685,10.);
#919=VECTOR('',#3688,10.);
#920=VECTOR('',#3691,10.);
#921=VECTOR('',#3694,10.);
#922=VECTOR('',#3695,10.);
#923=VECTOR('',#3696,10.);
#924=VECTOR('',#3697,10.);
#925=VECTOR('',#3700,10.);
#926=VECTOR('',#3701,10.);
#927=VECTOR('',#3704,10.);
#928=VECTOR('',#3705,10.);
#929=VECTOR('',#3706,10.);
#930=VECTOR('',#3709,10.);
#931=VECTOR('',#3710,10.);
#932=VECTOR('',#3711,10.);
#933=VECTOR('',#3712,10.);
#934=VECTOR('',#3715,10.);
#935=VECTOR('',#3716,10.);
#936=VECTOR('',#3719,10.);
#937=VECTOR('',#3720,10.);
#938=VECTOR('',#3721,10.);
#939=VECTOR('',#3724,10.);
#940=VECTOR('',#3725,10.);
#941=VECTOR('',#3726,10.);
#942=VECTOR('',#3727,10.);
#943=VECTOR('',#3730,10.);
#944=VECTOR('',#3731,10.);
#945=VECTOR('',#3734,10.);
#946=VECTOR('',#3735,10.);
#947=VECTOR('',#3736,10.);
#948=VECTOR('',#3739,10.);
#949=VECTOR('',#3740,10.);
#950=VECTOR('',#3745,10.);
#951=VECTOR('',#3746,10.);
#952=VECTOR('',#3751,10.);
#953=VECTOR('',#3752,10.);
#954=VECTOR('',#3757,10.);
#955=VECTOR('',#3760,10.);
#956=VECTOR('',#3763,10.);
#957=VECTOR('',#3764,10.);
#958=VECTOR('',#3765,10.);
#959=VECTOR('',#3770,10.);
#960=VECTOR('',#3775,10.);
#961=VECTOR('',#3778,10.);
#962=VECTOR('',#3781,10.);
#963=VECTOR('',#3786,10.);
#964=VECTOR('',#3791,10.);
#965=VECTOR('',#3792,10.);
#966=VECTOR('',#3793,10.);
#967=VECTOR('',#3796,1.825);
#968=VECTOR('',#3799,1.825);
#969=VECTOR('',#3802,1.825);
#970=VECTOR('',#3805,1.825);
#971=VECTOR('',#3808,1.825);
#972=VECTOR('',#3811,1.825);
#973=VECTOR('',#3814,10.);
#974=VECTOR('',#3815,10.);
#975=VECTOR('',#3818,10.);
#976=VECTOR('',#3823,10.);
#977=VECTOR('',#3824,10.);
#978=VECTOR('',#3827,10.);
#979=VECTOR('',#3832,10.);
#980=VECTOR('',#3833,10.);
#981=VECTOR('',#3836,10.);
#982=VECTOR('',#3841,10.);
#983=VECTOR('',#3842,10.);
#984=VECTOR('',#3849,10.);
#985=VECTOR('',#3852,10.);
#986=VECTOR('',#3855,10.);
#987=VECTOR('',#3856,10.);
#988=VECTOR('',#3861,10.);
#989=VECTOR('',#3864,10.);
#990=VECTOR('',#3865,10.);
#991=VECTOR('',#3866,10.);
#992=VECTOR('',#3867,10.);
#993=VECTOR('',#3868,10.);
#994=VECTOR('',#3871,10.);
#995=VECTOR('',#3876,10.);
#996=VECTOR('',#3883,10.);
#997=VECTOR('',#3888,10.);
#998=VECTOR('',#3889,10.);
#999=VECTOR('',#3894,10.);
#1000=VECTOR('',#3897,10.);
#1001=VECTOR('',#3902,10.);
#1002=VECTOR('',#3905,10.);
#1003=VECTOR('',#3910,10.);
#1004=VECTOR('',#3913,10.);
#1005=VECTOR('',#3916,10.);
#1006=VECTOR('',#3917,10.);
#1007=VECTOR('',#3920,10.);
#1008=VECTOR('',#3925,10.);
#1009=VECTOR('',#3926,10.);
#1010=VECTOR('',#3927,10.);
#1011=VECTOR('',#3928,10.);
#1012=VECTOR('',#3929,10.);
#1013=VECTOR('',#3930,10.);
#1014=VECTOR('',#3931,10.);
#1015=VECTOR('',#3936,10.);
#1016=VECTOR('',#3939,10.);
#1017=VECTOR('',#3940,10.);
#1018=VECTOR('',#3941,10.);
#1019=VECTOR('',#3942,10.);
#1020=VECTOR('',#3945,10.);
#1021=VECTOR('',#3946,10.);
#1022=VECTOR('',#3949,10.);
#1023=VECTOR('',#3952,10.);
#1024=VECTOR('',#3955,10.);
#1025=VECTOR('',#3958,10.);
#1026=VECTOR('',#3961,10.);
#1027=VECTOR('',#3968,5.);
#1028=VECTOR('',#3969,5.);
#1029=VECTOR('',#3972,10.);
#1030=VECTOR('',#3973,10.);
#1031=VECTOR('',#3976,5.);
#1032=VECTOR('',#3983,5.);
#1033=VECTOR('',#3986,10.);
#1034=VECTOR('',#3991,10.);
#1035=VECTOR('',#3994,10.);
#1036=VECTOR('',#3995,5.);
#1037=VECTOR('',#4000,5.);
#1038=VECTOR('',#4001,5.);
#1039=VECTOR('',#4008,10.);
#1040=VECTOR('',#4009,10.);
#1041=VECTOR('',#4012,10.);
#1042=VECTOR('',#4015,10.);
#1043=VECTOR('',#4016,10.);
#1044=VECTOR('',#4017,10.);
#1045=VECTOR('',#4020,10.);
#1046=VECTOR('',#4021,5.);
#1047=VECTOR('',#4022,10.);
#1048=VECTOR('',#4027,5.);
#1049=VECTOR('',#4028,5.);
#1050=VECTOR('',#4035,10.);
#1051=VECTOR('',#4036,10.);
#1052=VECTOR('',#4037,10.);
#1053=VECTOR('',#4038,10.);
#1054=VECTOR('',#4041,5.);
#1055=VECTOR('',#4042,10.);
#1056=VECTOR('',#4047,5.);
#1057=VECTOR('',#4052,5.);
#1058=VECTOR('',#4057,10.);
#1059=VECTOR('',#4060,10.);
#1060=VECTOR('',#4061,5.);
#1061=VECTOR('',#4062,10.);
#1062=VECTOR('',#4071,10.);
#1063=VECTOR('',#4074,10.);
#1064=VECTOR('',#4075,10.);
#1065=VECTOR('',#4076,10.);
#1066=VECTOR('',#4077,10.);
#1067=VECTOR('',#4078,10.);
#1068=VECTOR('',#4079,10.);
#1069=VECTOR('',#4084,10.);
#1070=VECTOR('',#4087,10.);
#1071=VECTOR('',#4090,10.);
#1072=VECTOR('',#4091,10.);
#1073=VECTOR('',#4092,10.);
#1074=VECTOR('',#4097,10.);
#1075=VECTOR('',#4102,10.);
#1076=VECTOR('',#4103,10.);
#1077=VECTOR('',#4104,10.);
#1078=VECTOR('',#4107,10.);
#1079=VECTOR('',#4112,10.);
#1080=VECTOR('',#4113,10.);
#1081=VECTOR('',#4118,10.);
#1082=VECTOR('',#4123,5.);
#1083=VECTOR('',#4132,10.);
#1084=VECTOR('',#4133,10.);
#1085=VECTOR('',#4136,10.);
#1086=VECTOR('',#4139,10.);
#1087=VECTOR('',#4140,10.);
#1088=VECTOR('',#4145,5.);
#1089=VECTOR('',#4154,10.);
#1090=VECTOR('',#4157,10.);
#1091=VECTOR('',#4158,10.);
#1092=VECTOR('',#4161,10.);
#1093=VECTOR('',#4162,10.);
#1094=VECTOR('',#4163,10.);
#1095=VECTOR('',#4164,10.);
#1096=VECTOR('',#4165,10.);
#1097=VECTOR('',#4168,10.);
#1098=VECTOR('',#4179,5.);
#1099=VECTOR('',#4190,10.);
#1100=VECTOR('',#4191,10.);
#1101=VECTOR('',#4192,10.);
#1102=VECTOR('',#4193,10.);
#1103=VECTOR('',#4194,10.);
#1104=VECTOR('',#4195,10.);
#1105=VECTOR('',#4196,10.);
#1106=VECTOR('',#4201,10.);
#1107=VECTOR('',#4204,5.);
#1108=VECTOR('',#4213,10.);
#1109=VECTOR('',#4214,10.);
#1110=VECTOR('',#4217,10.);
#1111=VECTOR('',#4220,10.);
#1112=VECTOR('',#4225,10.);
#1113=VECTOR('',#4232,10.);
#1114=VECTOR('',#4233,10.);
#1115=VECTOR('',#4236,10.);
#1116=VECTOR('',#4237,10.);
#1117=VECTOR('',#4242,10.);
#1118=VECTOR('',#4249,10.);
#1119=VECTOR('',#4250,10.);
#1120=VECTOR('',#4255,10.);
#1121=VECTOR('',#4258,10.);
#1122=VECTOR('',#4261,10.);
#1123=VECTOR('',#4262,10.);
#1124=VECTOR('',#4263,10.);
#1125=VECTOR('',#4270,10.);
#1126=VECTOR('',#4275,10.);
#1127=VECTOR('',#4278,10.);
#1128=VECTOR('',#4281,10.);
#1129=VECTOR('',#4282,10.);
#1130=VECTOR('',#4283,10.);
#1131=VECTOR('',#4290,10.);
#1132=VECTOR('',#4295,10.);
#1133=VECTOR('',#4298,10.);
#1134=VECTOR('',#4299,10.);
#1135=VECTOR('',#4302,10.);
#1136=VECTOR('',#4305,10.);
#1137=VECTOR('',#4306,10.);
#1138=VECTOR('',#4307,10.);
#1139=VECTOR('',#4314,10.);
#1140=VECTOR('',#4317,10.);
#1141=VECTOR('',#4318,10.);
#1142=VECTOR('',#4319,10.);
#1143=VECTOR('',#4326,10.);
#1144=VECTOR('',#4331,10.);
#1145=VECTOR('',#4334,10.);
#1146=VECTOR('',#4403,10.);
#1147=VECTOR('',#4416,10.);
#1148=VECTOR('',#4427,10.);
#1149=VECTOR('',#4438,10.);
#1150=CIRCLE('',#3168,3.00000000000001);
#1151=CIRCLE('',#3169,3.00000000000001);
#1152=CIRCLE('',#3171,1.65);
#1153=CIRCLE('',#3173,3.);
#1154=CIRCLE('',#3174,3.);
#1155=CIRCLE('',#3176,1.65);
#1156=CIRCLE('',#3178,2.99999999999999);
#1157=CIRCLE('',#3179,2.99999999999999);
#1158=CIRCLE('',#3181,1.65);
#1159=CIRCLE('',#3183,3.00000000000001);
#1160=CIRCLE('',#3184,3.00000000000001);
#1161=CIRCLE('',#3186,1.65);
#1162=CIRCLE('',#3188,3.);
#1163=CIRCLE('',#3189,3.);
#1164=CIRCLE('',#3191,1.65);
#1165=CIRCLE('',#3193,3.00000000000001);
#1166=CIRCLE('',#3194,3.00000000000001);
#1167=CIRCLE('',#3196,1.65);
#1168=CIRCLE('',#3198,11.5);
#1169=CIRCLE('',#3199,11.5);
#1170=CIRCLE('',#3200,11.5);
#1171=CIRCLE('',#3201,11.5);
#1172=CIRCLE('',#3202,2.05);
#1173=CIRCLE('',#3203,2.05);
#1174=CIRCLE('',#3204,2.05);
#1175=CIRCLE('',#3205,2.05);
#1176=CIRCLE('',#3206,2.05);
#1177=CIRCLE('',#3207,2.05);
#1178=CIRCLE('',#3209,2.05);
#1179=CIRCLE('',#3211,2.05);
#1180=CIRCLE('',#3213,2.05);
#1181=CIRCLE('',#3215,2.05);
#1182=CIRCLE('',#3217,2.05);
#1183=CIRCLE('',#3219,2.05);
#1184=CIRCLE('',#3248,5.);
#1185=CIRCLE('',#3249,5.);
#1186=CIRCLE('',#3250,20.);
#1187=CIRCLE('',#3255,20.);
#1188=CIRCLE('',#3256,5.);
#1189=CIRCLE('',#3257,5.);
#1190=CIRCLE('',#3266,15.5);
#1191=CIRCLE('',#3269,15.5);
#1192=CIRCLE('',#3272,15.5);
#1193=CIRCLE('',#3275,15.5);
#1194=CIRCLE('',#3277,15.5);
#1195=CIRCLE('',#3279,5.);
#1196=CIRCLE('',#3280,5.);
#1197=CIRCLE('',#3281,5.);
#1198=CIRCLE('',#3282,5.);
#1199=CIRCLE('',#3283,5.);
#1200=CIRCLE('',#3284,5.);
#1201=CIRCLE('',#3286,15.5);
#1202=CIRCLE('',#3288,15.5);
#1203=CIRCLE('',#3290,5.);
#1204=CIRCLE('',#3291,5.);
#1205=CIRCLE('',#3292,5.);
#1206=CIRCLE('',#3293,5.);
#1207=CIRCLE('',#3294,5.);
#1208=CIRCLE('',#3296,15.4999999999999);
#1209=CIRCLE('',#3298,5.);
#1210=CIRCLE('',#3301,5.);
#1211=CIRCLE('',#3302,5.);
#1212=CIRCLE('',#3303,5.);
#1213=CIRCLE('',#3304,5.);
#1214=CIRCLE('',#3305,5.);
#1215=CIRCLE('',#3314,5.);
#1216=CIRCLE('',#3317,5.);
#1217=CIRCLE('',#3321,5.);
#1218=CIRCLE('',#3323,13.5);
#1219=CIRCLE('',#3325,5.);
#1220=CIRCLE('',#3332,13.5);
#1221=CIRCLE('',#3338,13.5);
#1222=CIRCLE('',#3344,13.5);
#1223=CIRCLE('',#3346,5.);
#1224=CIRCLE('',#3351,20.);
#1225=CIRCLE('',#3352,20.);
#1226=CIRCLE('',#3355,20.);
#1227=CIRCLE('',#3356,20.);
#1228=CIRCLE('',#3359,20.);
#1229=CIRCLE('',#3362,20.);
#1230=CIRCLE('',#3364,5.);
#1231=CIRCLE('',#3365,5.);
#1232=CIRCLE('',#3372,5.);
#1233=CIRCLE('',#3373,5.);
#1234=CIRCLE('',#3379,5.);
#1235=CIRCLE('',#3380,5.);
#1236=CIRCLE('',#3382,5.);
#1237=CIRCLE('',#3384,5.);
#1238=CIRCLE('',#3388,5.);
#1239=CIRCLE('',#3390,5.);
#1240=CIRCLE('',#3391,5.);
#1241=CIRCLE('',#3399,5.);
#1242=CIRCLE('',#3411,2.);
#1243=CIRCLE('',#3415,2.);
#1244=CIRCLE('',#3418,2.);
#1245=CIRCLE('',#3422,2.);
#1246=CIRCLE('',#3425,2.);
#1247=CIRCLE('',#3430,2.);
#1248=CIRCLE('',#3434,2.);
#1249=CIRCLE('',#3437,2.);
#1250=CIRCLE('',#3440,11.5);
#1251=CIRCLE('',#3442,11.5);
#1252=CIRCLE('',#3444,11.5);
#1253=CIRCLE('',#3446,11.5);
#1254=CIRCLE('',#3448,11.5);
#1255=CIRCLE('',#3449,13.5);
#1256=CIRCLE('',#3451,13.5);
#1257=CIRCLE('',#3453,11.5);
#1258=CIRCLE('',#3454,13.5);
#1259=CIRCLE('',#3456,13.5);
#1260=CIRCLE('',#3458,11.5);
#1261=CIRCLE('',#3459,13.5);
#1262=CIRCLE('',#3461,13.5);
#1263=CIRCLE('',#3463,11.5);
#1264=CIRCLE('',#3464,13.5);
#1265=CIRCLE('',#3466,13.5);
#1266=CIRCLE('',#3472,1.99999999999999);
#1267=CIRCLE('',#3473,2.);
#1268=CIRCLE('',#3475,2.);
#1269=CIRCLE('',#3476,11.5);
#1270=CIRCLE('',#3478,2.);
#1271=CIRCLE('',#3480,2.);
#1272=CIRCLE('',#3481,11.5);
#1273=CIRCLE('',#3483,2.);
#1274=CIRCLE('',#3485,2.);
#1275=CIRCLE('',#3486,11.5);
#1276=CIRCLE('',#3488,2.);
#1277=CIRCLE('',#3490,11.5);
#1278=VERTEX_POINT('',#4449);
#1279=VERTEX_POINT('',#4451);
#1280=VERTEX_POINT('',#4455);
#1281=VERTEX_POINT('',#4458);
#1282=VERTEX_POINT('',#4460);
#1283=VERTEX_POINT('',#4464);
#1284=VERTEX_POINT('',#4467);
#1285=VERTEX_POINT('',#4469);
#1286=VERTEX_POINT('',#4473);
#1287=VERTEX_POINT('',#4476);
#1288=VERTEX_POINT('',#4478);
#1289=VERTEX_POINT('',#4482);
#1290=VERTEX_POINT('',#4485);
#1291=VERTEX_POINT('',#4487);
#1292=VERTEX_POINT('',#4491);
#1293=VERTEX_POINT('',#4494);
#1294=VERTEX_POINT('',#4496);
#1295=VERTEX_POINT('',#4500);
#1296=VERTEX_POINT('',#4503);
#1297=VERTEX_POINT('',#4504);
#1298=VERTEX_POINT('',#4506);
#1299=VERTEX_POINT('',#4508);
#1300=VERTEX_POINT('',#4510);
#1301=VERTEX_POINT('',#4512);
#1302=VERTEX_POINT('',#4514);
#1303=VERTEX_POINT('',#4516);
#1304=VERTEX_POINT('',#4519);
#1305=VERTEX_POINT('',#4521);
#1306=VERTEX_POINT('',#4523);
#1307=VERTEX_POINT('',#4525);
#1308=VERTEX_POINT('',#4527);
#1309=VERTEX_POINT('',#4529);
#1310=VERTEX_POINT('',#4532);
#1311=VERTEX_POINT('',#4536);
#1312=VERTEX_POINT('',#4540);
#1313=VERTEX_POINT('',#4544);
#1314=VERTEX_POINT('',#4548);
#1315=VERTEX_POINT('',#4552);
#1316=VERTEX_POINT('',#4556);
#1317=VERTEX_POINT('',#4557);
#1318=VERTEX_POINT('',#4559);
#1319=VERTEX_POINT('',#4561);
#1320=VERTEX_POINT('',#4563);
#1321=VERTEX_POINT('',#4567);
#1322=VERTEX_POINT('',#4568);
#1323=VERTEX_POINT('',#4570);
#1324=VERTEX_POINT('',#4572);
#1325=VERTEX_POINT('',#4574);
#1326=VERTEX_POINT('',#4578);
#1327=VERTEX_POINT('',#4579);
#1328=VERTEX_POINT('',#4581);
#1329=VERTEX_POINT('',#4583);
#1330=VERTEX_POINT('',#4585);
#1331=VERTEX_POINT('',#4589);
#1332=VERTEX_POINT('',#4590);
#1333=VERTEX_POINT('',#4592);
#1334=VERTEX_POINT('',#4594);
#1335=VERTEX_POINT('',#4596);
#1336=VERTEX_POINT('',#4600);
#1337=VERTEX_POINT('',#4601);
#1338=VERTEX_POINT('',#4603);
#1339=VERTEX_POINT('',#4605);
#1340=VERTEX_POINT('',#4607);
#1341=VERTEX_POINT('',#4611);
#1342=VERTEX_POINT('',#4612);
#1343=VERTEX_POINT('',#4614);
#1344=VERTEX_POINT('',#4616);
#1345=VERTEX_POINT('',#4618);
#1346=VERTEX_POINT('',#4625);
#1347=VERTEX_POINT('',#4627);
#1348=VERTEX_POINT('',#4629);
#1349=VERTEX_POINT('',#4631);
#1350=VERTEX_POINT('',#4638);
#1351=VERTEX_POINT('',#4639);
#1352=VERTEX_POINT('',#4641);
#1353=VERTEX_POINT('',#4643);
#1354=VERTEX_POINT('',#4646);
#1355=VERTEX_POINT('',#4647);
#1356=VERTEX_POINT('',#4649);
#1357=VERTEX_POINT('',#4651);
#1358=VERTEX_POINT('',#4654);
#1359=VERTEX_POINT('',#4655);
#1360=VERTEX_POINT('',#4657);
#1361=VERTEX_POINT('',#4659);
#1362=VERTEX_POINT('',#4667);
#1363=VERTEX_POINT('',#4668);
#1364=VERTEX_POINT('',#4671);
#1365=VERTEX_POINT('',#4675);
#1366=VERTEX_POINT('',#4679);
#1367=VERTEX_POINT('',#4681);
#1368=VERTEX_POINT('',#4685);
#1369=VERTEX_POINT('',#4686);
#1370=VERTEX_POINT('',#4689);
#1371=VERTEX_POINT('',#4693);
#1372=VERTEX_POINT('',#4697);
#1373=VERTEX_POINT('',#4699);
#1374=VERTEX_POINT('',#4703);
#1375=VERTEX_POINT('',#4704);
#1376=VERTEX_POINT('',#4707);
#1377=VERTEX_POINT('',#4711);
#1378=VERTEX_POINT('',#4715);
#1379=VERTEX_POINT('',#4717);
#1380=VERTEX_POINT('',#4737);
#1381=VERTEX_POINT('',#4739);
#1382=VERTEX_POINT('',#4741);
#1383=VERTEX_POINT('',#4743);
#1384=VERTEX_POINT('',#4745);
#1385=VERTEX_POINT('',#4747);
#1386=VERTEX_POINT('',#4757);
#1387=VERTEX_POINT('',#4759);
#1388=VERTEX_POINT('',#4761);
#1389=VERTEX_POINT('',#4763);
#1390=VERTEX_POINT('',#4765);
#1391=VERTEX_POINT('',#4767);
#1392=VERTEX_POINT('',#4786);
#1393=VERTEX_POINT('',#4790);
#1394=VERTEX_POINT('',#4794);
#1395=VERTEX_POINT('',#4798);
#1396=VERTEX_POINT('',#4802);
#1397=VERTEX_POINT('',#4806);
#1398=VERTEX_POINT('',#4812);
#1399=VERTEX_POINT('',#4814);
#1400=VERTEX_POINT('',#4818);
#1401=VERTEX_POINT('',#4820);
#1402=VERTEX_POINT('',#4822);
#1403=VERTEX_POINT('',#4824);
#1404=VERTEX_POINT('',#4826);
#1405=VERTEX_POINT('',#4828);
#1406=VERTEX_POINT('',#4830);
#1407=VERTEX_POINT('',#4832);
#1408=VERTEX_POINT('',#4834);
#1409=VERTEX_POINT('',#4836);
#1410=VERTEX_POINT('',#4838);
#1411=VERTEX_POINT('',#4840);
#1412=VERTEX_POINT('',#4842);
#1413=VERTEX_POINT('',#4844);
#1414=VERTEX_POINT('',#4846);
#1415=VERTEX_POINT('',#4852);
#1416=VERTEX_POINT('',#4856);
#1417=VERTEX_POINT('',#4858);
#1418=VERTEX_POINT('',#4860);
#1419=VERTEX_POINT('',#4862);
#1420=VERTEX_POINT('',#4864);
#1421=VERTEX_POINT('',#4866);
#1422=VERTEX_POINT('',#4868);
#1423=VERTEX_POINT('',#4870);
#1424=VERTEX_POINT('',#4872);
#1425=VERTEX_POINT('',#4876);
#1426=VERTEX_POINT('',#4880);
#1427=VERTEX_POINT('',#4882);
#1428=VERTEX_POINT('',#4886);
#1429=VERTEX_POINT('',#4890);
#1430=VERTEX_POINT('',#4892);
#1431=VERTEX_POINT('',#4894);
#1432=VERTEX_POINT('',#4896);
#1433=VERTEX_POINT('',#4898);
#1434=VERTEX_POINT('',#4900);
#1435=VERTEX_POINT('',#4902);
#1436=VERTEX_POINT('',#4904);
#1437=VERTEX_POINT('',#4906);
#1438=VERTEX_POINT('',#4908);
#1439=VERTEX_POINT('',#4910);
#1440=VERTEX_POINT('',#4912);
#1441=VERTEX_POINT('',#4914);
#1442=VERTEX_POINT('',#4916);
#1443=VERTEX_POINT('',#4918);
#1444=VERTEX_POINT('',#4920);
#1445=VERTEX_POINT('',#4922);
#1446=VERTEX_POINT('',#4940);
#1447=VERTEX_POINT('',#4941);
#1448=VERTEX_POINT('',#4946);
#1449=VERTEX_POINT('',#4950);
#1450=VERTEX_POINT('',#4952);
#1451=VERTEX_POINT('',#4954);
#1452=VERTEX_POINT('',#4956);
#1453=VERTEX_POINT('',#4960);
#1454=VERTEX_POINT('',#4964);
#1455=VERTEX_POINT('',#4966);
#1456=VERTEX_POINT('',#4968);
#1457=VERTEX_POINT('',#4972);
#1458=VERTEX_POINT('',#4973);
#1459=VERTEX_POINT('',#4976);
#1460=VERTEX_POINT('',#4978);
#1461=VERTEX_POINT('',#4982);
#1462=VERTEX_POINT('',#4984);
#1463=VERTEX_POINT('',#4986);
#1464=VERTEX_POINT('',#4990);
#1465=VERTEX_POINT('',#4992);
#1466=VERTEX_POINT('',#4996);
#1467=VERTEX_POINT('',#4998);
#1468=VERTEX_POINT('',#5000);
#1469=VERTEX_POINT('',#5005);
#1470=VERTEX_POINT('',#5007);
#1471=VERTEX_POINT('',#5011);
#1472=VERTEX_POINT('',#5013);
#1473=VERTEX_POINT('',#5015);
#1474=VERTEX_POINT('',#5019);
#1475=VERTEX_POINT('',#5021);
#1476=VERTEX_POINT('',#5026);
#1477=VERTEX_POINT('',#5028);
#1478=VERTEX_POINT('',#5033);
#1479=VERTEX_POINT('',#5035);
#1480=VERTEX_POINT('',#5037);
#1481=VERTEX_POINT('',#5039);
#1482=VERTEX_POINT('',#5048);
#1483=VERTEX_POINT('',#5050);
#1484=VERTEX_POINT('',#5052);
#1485=VERTEX_POINT('',#5054);
#1486=VERTEX_POINT('',#5056);
#1487=VERTEX_POINT('',#5060);
#1488=VERTEX_POINT('',#5061);
#1489=VERTEX_POINT('',#5063);
#1490=VERTEX_POINT('',#5065);
#1491=VERTEX_POINT('',#5069);
#1492=VERTEX_POINT('',#5071);
#1493=VERTEX_POINT('',#5075);
#1494=VERTEX_POINT('',#5077);
#1495=VERTEX_POINT('',#5081);
#1496=VERTEX_POINT('',#5083);
#1497=VERTEX_POINT('',#5087);
#1498=VERTEX_POINT('',#5091);
#1499=VERTEX_POINT('',#5095);
#1500=VERTEX_POINT('',#5099);
#1501=VERTEX_POINT('',#5100);
#1502=VERTEX_POINT('',#5102);
#1503=VERTEX_POINT('',#5105);
#1504=VERTEX_POINT('',#5109);
#1505=VERTEX_POINT('',#5111);
#1506=VERTEX_POINT('',#5113);
#1507=VERTEX_POINT('',#5117);
#1508=VERTEX_POINT('',#5121);
#1509=VERTEX_POINT('',#5123);
#1510=VERTEX_POINT('',#5125);
#1511=VERTEX_POINT('',#5127);
#1512=VERTEX_POINT('',#5131);
#1513=VERTEX_POINT('',#5133);
#1514=VERTEX_POINT('',#5135);
#1515=VERTEX_POINT('',#5139);
#1516=VERTEX_POINT('',#5141);
#1517=VERTEX_POINT('',#5143);
#1518=VERTEX_POINT('',#5145);
#1519=VERTEX_POINT('',#5149);
#1520=VERTEX_POINT('',#5155);
#1521=VERTEX_POINT('',#5156);
#1522=VERTEX_POINT('',#5159);
#1523=VERTEX_POINT('',#5165);
#1524=VERTEX_POINT('',#5167);
#1525=VERTEX_POINT('',#5169);
#1526=VERTEX_POINT('',#5171);
#1527=VERTEX_POINT('',#5173);
#1528=VERTEX_POINT('',#5175);
#1529=VERTEX_POINT('',#5177);
#1530=VERTEX_POINT('',#5179);
#1531=VERTEX_POINT('',#5181);
#1532=VERTEX_POINT('',#5186);
#1533=VERTEX_POINT('',#5190);
#1534=VERTEX_POINT('',#5192);
#1535=VERTEX_POINT('',#5198);
#1536=VERTEX_POINT('',#5205);
#1537=VERTEX_POINT('',#5207);
#1538=VERTEX_POINT('',#5211);
#1539=VERTEX_POINT('',#5213);
#1540=VERTEX_POINT('',#5217);
#1541=VERTEX_POINT('',#5221);
#1542=VERTEX_POINT('',#5223);
#1543=VERTEX_POINT('',#5227);
#1544=VERTEX_POINT('',#5233);
#1545=VERTEX_POINT('',#5234);
#1546=VERTEX_POINT('',#5243);
#1547=VERTEX_POINT('',#5249);
#1548=VERTEX_POINT('',#5250);
#1549=VERTEX_POINT('',#5259);
#1550=VERTEX_POINT('',#5263);
#1551=VERTEX_POINT('',#5269);
#1552=VERTEX_POINT('',#5270);
#1553=VERTEX_POINT('',#5279);
#1554=VERTEX_POINT('',#5280);
#1555=VERTEX_POINT('',#5289);
#1556=VERTEX_POINT('',#5327);
#1557=VERTEX_POINT('',#5329);
#1558=VERTEX_POINT('',#5333);
#1559=VERTEX_POINT('',#5337);
#1560=VERTEX_POINT('',#5341);
#1561=VERTEX_POINT('',#5345);
#1562=VERTEX_POINT('',#5349);
#1563=VERTEX_POINT('',#5353);
#1564=EDGE_CURVE('',#1278,#1278,#1150,.T.);
#1565=EDGE_CURVE('',#1278,#1279,#550,.T.);
#1566=EDGE_CURVE('',#1279,#1279,#1151,.T.);
#1567=EDGE_CURVE('',#1280,#1280,#1152,.T.);
#1568=EDGE_CURVE('',#1281,#1281,#1153,.T.);
#1569=EDGE_CURVE('',#1281,#1282,#551,.T.);
#1570=EDGE_CURVE('',#1282,#1282,#1154,.T.);
#1571=EDGE_CURVE('',#1283,#1283,#1155,.T.);
#1572=EDGE_CURVE('',#1284,#1284,#1156,.T.);
#1573=EDGE_CURVE('',#1284,#1285,#552,.T.);
#1574=EDGE_CURVE('',#1285,#1285,#1157,.T.);
#1575=EDGE_CURVE('',#1286,#1286,#1158,.T.);
#1576=EDGE_CURVE('',#1287,#1287,#1159,.T.);
#1577=EDGE_CURVE('',#1287,#1288,#553,.T.);
#1578=EDGE_CURVE('',#1288,#1288,#1160,.T.);
#1579=EDGE_CURVE('',#1289,#1289,#1161,.T.);
#1580=EDGE_CURVE('',#1290,#1290,#1162,.T.);
#1581=EDGE_CURVE('',#1290,#1291,#554,.T.);
#1582=EDGE_CURVE('',#1291,#1291,#1163,.T.);
#1583=EDGE_CURVE('',#1292,#1292,#1164,.T.);
#1584=EDGE_CURVE('',#1293,#1293,#1165,.T.);
#1585=EDGE_CURVE('',#1293,#1294,#555,.T.);
#1586=EDGE_CURVE('',#1294,#1294,#1166,.T.);
#1587=EDGE_CURVE('',#1295,#1295,#1167,.T.);
#1588=EDGE_CURVE('',#1296,#1297,#1168,.T.);
#1589=EDGE_CURVE('',#1298,#1296,#556,.T.);
#1590=EDGE_CURVE('',#1299,#1298,#1169,.T.);
#1591=EDGE_CURVE('',#1300,#1299,#557,.T.);
#1592=EDGE_CURVE('',#1301,#1300,#1170,.T.);
#1593=EDGE_CURVE('',#1302,#1301,#558,.T.);
#1594=EDGE_CURVE('',#1303,#1302,#1171,.T.);
#1595=EDGE_CURVE('',#1297,#1303,#559,.T.);
#1596=EDGE_CURVE('',#1304,#1304,#1172,.T.);
#1597=EDGE_CURVE('',#1305,#1305,#1173,.T.);
#1598=EDGE_CURVE('',#1306,#1306,#1174,.T.);
#1599=EDGE_CURVE('',#1307,#1307,#1175,.T.);
#1600=EDGE_CURVE('',#1308,#1308,#1176,.T.);
#1601=EDGE_CURVE('',#1309,#1309,#1177,.T.);
#1602=EDGE_CURVE('',#1304,#1310,#560,.T.);
#1603=EDGE_CURVE('',#1310,#1310,#1178,.T.);
#1604=EDGE_CURVE('',#1305,#1311,#561,.T.);
#1605=EDGE_CURVE('',#1311,#1311,#1179,.T.);
#1606=EDGE_CURVE('',#1306,#1312,#562,.T.);
#1607=EDGE_CURVE('',#1312,#1312,#1180,.T.);
#1608=EDGE_CURVE('',#1307,#1313,#563,.T.);
#1609=EDGE_CURVE('',#1313,#1313,#1181,.T.);
#1610=EDGE_CURVE('',#1308,#1314,#564,.T.);
#1611=EDGE_CURVE('',#1314,#1314,#1182,.T.);
#1612=EDGE_CURVE('',#1309,#1315,#565,.T.);
#1613=EDGE_CURVE('',#1315,#1315,#1183,.T.);
#1614=EDGE_CURVE('',#1316,#1317,#566,.F.);
#1615=EDGE_CURVE('',#1318,#1316,#567,.T.);
#1616=EDGE_CURVE('',#1318,#1319,#568,.T.);
#1617=EDGE_CURVE('',#1319,#1320,#569,.T.);
#1618=EDGE_CURVE('',#1320,#1317,#570,.T.);
#1619=EDGE_CURVE('',#1321,#1322,#571,.F.);
#1620=EDGE_CURVE('',#1323,#1321,#572,.T.);
#1621=EDGE_CURVE('',#1323,#1324,#573,.T.);
#1622=EDGE_CURVE('',#1324,#1325,#574,.T.);
#1623=EDGE_CURVE('',#1325,#1322,#575,.T.);
#1624=EDGE_CURVE('',#1326,#1327,#576,.F.);
#1625=EDGE_CURVE('',#1328,#1326,#577,.T.);
#1626=EDGE_CURVE('',#1328,#1329,#578,.T.);
#1627=EDGE_CURVE('',#1329,#1330,#579,.T.);
#1628=EDGE_CURVE('',#1330,#1327,#580,.T.);
#1629=EDGE_CURVE('',#1331,#1332,#581,.F.);
#1630=EDGE_CURVE('',#1331,#1333,#582,.T.);
#1631=EDGE_CURVE('',#1333,#1334,#583,.T.);
#1632=EDGE_CURVE('',#1335,#1334,#584,.T.);
#1633=EDGE_CURVE('',#1335,#1332,#585,.T.);
#1634=EDGE_CURVE('',#1336,#1337,#586,.F.);
#1635=EDGE_CURVE('',#1336,#1338,#587,.T.);
#1636=EDGE_CURVE('',#1338,#1339,#588,.T.);
#1637=EDGE_CURVE('',#1340,#1339,#589,.T.);
#1638=EDGE_CURVE('',#1340,#1337,#590,.T.);
#1639=EDGE_CURVE('',#1341,#1342,#591,.F.);
#1640=EDGE_CURVE('',#1341,#1343,#592,.T.);
#1641=EDGE_CURVE('',#1343,#1344,#593,.T.);
#1642=EDGE_CURVE('',#1345,#1344,#594,.T.);
#1643=EDGE_CURVE('',#1345,#1342,#595,.T.);
#1644=EDGE_CURVE('',#1327,#1332,#596,.T.);
#1645=EDGE_CURVE('',#1335,#1326,#597,.T.);
#1646=EDGE_CURVE('',#1346,#1330,#598,.T.);
#1647=EDGE_CURVE('',#1347,#1346,#599,.T.);
#1648=EDGE_CURVE('',#1348,#1347,#600,.T.);
#1649=EDGE_CURVE('',#1349,#1348,#601,.T.);
#1650=EDGE_CURVE('',#1341,#1349,#602,.T.);
#1651=EDGE_CURVE('',#1317,#1342,#603,.T.);
#1652=EDGE_CURVE('',#1336,#1320,#604,.T.);
#1653=EDGE_CURVE('',#1322,#1337,#605,.T.);
#1654=EDGE_CURVE('',#1331,#1325,#606,.T.);
#1655=EDGE_CURVE('',#1350,#1351,#607,.T.);
#1656=EDGE_CURVE('',#1351,#1352,#608,.T.);
#1657=EDGE_CURVE('',#1352,#1353,#609,.T.);
#1658=EDGE_CURVE('',#1353,#1350,#610,.T.);
#1659=EDGE_CURVE('',#1354,#1355,#611,.T.);
#1660=EDGE_CURVE('',#1355,#1356,#612,.T.);
#1661=EDGE_CURVE('',#1356,#1357,#613,.T.);
#1662=EDGE_CURVE('',#1357,#1354,#614,.T.);
#1663=EDGE_CURVE('',#1358,#1359,#615,.T.);
#1664=EDGE_CURVE('',#1359,#1360,#616,.T.);
#1665=EDGE_CURVE('',#1360,#1361,#617,.T.);
#1666=EDGE_CURVE('',#1361,#1358,#618,.T.);
#1667=EDGE_CURVE('',#1340,#1321,#619,.T.);
#1668=EDGE_CURVE('',#1345,#1316,#620,.T.);
#1669=EDGE_CURVE('',#1362,#1363,#621,.T.);
#1670=EDGE_CURVE('',#1361,#1362,#622,.T.);
#1671=EDGE_CURVE('',#1360,#1364,#623,.T.);
#1672=EDGE_CURVE('',#1364,#1363,#624,.T.);
#1673=EDGE_CURVE('',#1365,#1362,#625,.T.);
#1674=EDGE_CURVE('',#1358,#1365,#626,.T.);
#1675=EDGE_CURVE('',#1366,#1365,#627,.T.);
#1676=EDGE_CURVE('',#1366,#1367,#628,.T.);
#1677=EDGE_CURVE('',#1359,#1367,#629,.T.);
#1678=EDGE_CURVE('',#1368,#1369,#630,.T.);
#1679=EDGE_CURVE('',#1353,#1368,#631,.T.);
#1680=EDGE_CURVE('',#1352,#1370,#632,.T.);
#1681=EDGE_CURVE('',#1370,#1369,#633,.T.);
#1682=EDGE_CURVE('',#1371,#1368,#634,.T.);
#1683=EDGE_CURVE('',#1350,#1371,#635,.T.);
#1684=EDGE_CURVE('',#1372,#1371,#636,.T.);
#1685=EDGE_CURVE('',#1372,#1373,#637,.T.);
#1686=EDGE_CURVE('',#1351,#1373,#638,.T.);
#1687=EDGE_CURVE('',#1374,#1375,#639,.T.);
#1688=EDGE_CURVE('',#1357,#1374,#640,.T.);
#1689=EDGE_CURVE('',#1356,#1376,#641,.T.);
#1690=EDGE_CURVE('',#1376,#1375,#642,.T.);
#1691=EDGE_CURVE('',#1377,#1374,#643,.T.);
#1692=EDGE_CURVE('',#1354,#1377,#644,.T.);
#1693=EDGE_CURVE('',#1378,#1377,#645,.T.);
#1694=EDGE_CURVE('',#1378,#1379,#646,.T.);
#1695=EDGE_CURVE('',#1355,#1379,#647,.T.);
#1696=EDGE_CURVE('',#1363,#1366,#648,.T.);
#1697=EDGE_CURVE('',#1367,#1364,#649,.T.);
#1698=EDGE_CURVE('',#1375,#1378,#650,.T.);
#1699=EDGE_CURVE('',#1379,#1376,#651,.T.);
#1700=EDGE_CURVE('',#1369,#1372,#652,.T.);
#1701=EDGE_CURVE('',#1373,#1370,#653,.T.);
#1702=EDGE_CURVE('',#1328,#1334,#654,.T.);
#1703=EDGE_CURVE('',#1333,#1324,#655,.T.);
#1704=EDGE_CURVE('',#1380,#1329,#656,.T.);
#1705=EDGE_CURVE('',#1380,#1381,#657,.T.);
#1706=EDGE_CURVE('',#1382,#1381,#658,.T.);
#1707=EDGE_CURVE('',#1383,#1382,#1184,.T.);
#1708=EDGE_CURVE('',#1384,#1383,#1185,.T.);
#1709=EDGE_CURVE('',#1384,#1385,#659,.T.);
#1710=EDGE_CURVE('',#1346,#1385,#1186,.T.);
#1711=EDGE_CURVE('',#1323,#1339,#660,.T.);
#1712=EDGE_CURVE('',#1338,#1319,#661,.T.);
#1713=EDGE_CURVE('',#1318,#1344,#662,.T.);
#1714=EDGE_CURVE('',#1386,#1349,#1187,.T.);
#1715=EDGE_CURVE('',#1386,#1387,#663,.T.);
#1716=EDGE_CURVE('',#1388,#1387,#1188,.T.);
#1717=EDGE_CURVE('',#1389,#1388,#1189,.T.);
#1718=EDGE_CURVE('',#1390,#1389,#664,.T.);
#1719=EDGE_CURVE('',#1391,#1390,#665,.T.);
#1720=EDGE_CURVE('',#1343,#1391,#666,.T.);
#1721=EDGE_CURVE('',#1315,#1289,#667,.T.);
#1722=EDGE_CURVE('',#1314,#1286,#668,.T.);
#1723=EDGE_CURVE('',#1313,#1292,#669,.T.);
#1724=EDGE_CURVE('',#1312,#1280,#670,.T.);
#1725=EDGE_CURVE('',#1311,#1283,#671,.T.);
#1726=EDGE_CURVE('',#1310,#1295,#672,.T.);
#1727=EDGE_CURVE('',#1391,#1298,#673,.T.);
#1728=EDGE_CURVE('',#1296,#1380,#674,.T.);
#1729=EDGE_CURVE('',#1297,#1392,#675,.T.);
#1730=EDGE_CURVE('',#1392,#1380,#1190,.T.);
#1731=EDGE_CURVE('',#1303,#1393,#676,.T.);
#1732=EDGE_CURVE('',#1393,#1392,#677,.T.);
#1733=EDGE_CURVE('',#1302,#1394,#678,.T.);
#1734=EDGE_CURVE('',#1394,#1393,#1191,.T.);
#1735=EDGE_CURVE('',#1301,#1395,#679,.T.);
#1736=EDGE_CURVE('',#1395,#1394,#680,.T.);
#1737=EDGE_CURVE('',#1300,#1396,#681,.T.);
#1738=EDGE_CURVE('',#1396,#1395,#1192,.T.);
#1739=EDGE_CURVE('',#1299,#1397,#682,.T.);
#1740=EDGE_CURVE('',#1397,#1396,#683,.T.);
#1741=EDGE_CURVE('',#1391,#1397,#1193,.T.);
#1742=EDGE_CURVE('',#1396,#1398,#684,.T.);
#1743=EDGE_CURVE('',#1399,#1398,#1194,.T.);
#1744=EDGE_CURVE('',#1395,#1399,#685,.T.);
#1745=EDGE_CURVE('',#1397,#1400,#686,.T.);
#1746=EDGE_CURVE('',#1401,#1400,#687,.T.);
#1747=EDGE_CURVE('',#1402,#1401,#1195,.T.);
#1748=EDGE_CURVE('',#1403,#1402,#1196,.T.);
#1749=EDGE_CURVE('',#1403,#1404,#688,.T.);
#1750=EDGE_CURVE('',#1405,#1404,#1197,.T.);
#1751=EDGE_CURVE('',#1405,#1406,#689,.T.);
#1752=EDGE_CURVE('',#1407,#1406,#690,.T.);
#1753=EDGE_CURVE('',#1407,#1408,#691,.T.);
#1754=EDGE_CURVE('',#1409,#1408,#692,.T.);
#1755=EDGE_CURVE('',#1409,#1410,#693,.T.);
#1756=EDGE_CURVE('',#1411,#1410,#1198,.T.);
#1757=EDGE_CURVE('',#1411,#1412,#694,.T.);
#1758=EDGE_CURVE('',#1413,#1412,#1199,.T.);
#1759=EDGE_CURVE('',#1414,#1413,#1200,.T.);
#1760=EDGE_CURVE('',#1398,#1414,#695,.T.);
#1761=EDGE_CURVE('',#1400,#1390,#1201,.T.);
#1762=EDGE_CURVE('',#1392,#1415,#696,.T.);
#1763=EDGE_CURVE('',#1381,#1415,#1202,.T.);
#1764=EDGE_CURVE('',#1393,#1416,#697,.T.);
#1765=EDGE_CURVE('',#1417,#1416,#698,.T.);
#1766=EDGE_CURVE('',#1418,#1417,#1203,.T.);
#1767=EDGE_CURVE('',#1419,#1418,#1204,.T.);
#1768=EDGE_CURVE('',#1419,#1420,#699,.T.);
#1769=EDGE_CURVE('',#1421,#1420,#1205,.T.);
#1770=EDGE_CURVE('',#1421,#1422,#700,.T.);
#1771=EDGE_CURVE('',#1423,#1422,#1206,.T.);
#1772=EDGE_CURVE('',#1424,#1423,#1207,.T.);
#1773=EDGE_CURVE('',#1415,#1424,#701,.T.);
#1774=EDGE_CURVE('',#1394,#1425,#702,.T.);
#1775=EDGE_CURVE('',#1416,#1425,#1208,.T.);
#1776=EDGE_CURVE('',#1404,#1426,#703,.T.);
#1777=EDGE_CURVE('',#1426,#1427,#1209,.T.);
#1778=EDGE_CURVE('',#1427,#1405,#704,.T.);
#1779=EDGE_CURVE('',#1428,#1427,#705,.T.);
#1780=EDGE_CURVE('',#1406,#1428,#706,.T.);
#1781=EDGE_CURVE('',#1426,#1429,#707,.T.);
#1782=EDGE_CURVE('',#1429,#1430,#1210,.F.);
#1783=EDGE_CURVE('',#1431,#1430,#1211,.T.);
#1784=EDGE_CURVE('',#1432,#1431,#708,.T.);
#1785=EDGE_CURVE('',#1432,#1433,#709,.T.);
#1786=EDGE_CURVE('',#1434,#1433,#710,.T.);
#1787=EDGE_CURVE('',#1435,#1434,#711,.T.);
#1788=EDGE_CURVE('',#1435,#1436,#712,.T.);
#1789=EDGE_CURVE('',#1437,#1436,#713,.T.);
#1790=EDGE_CURVE('',#1438,#1437,#714,.T.);
#1791=EDGE_CURVE('',#1439,#1438,#1212,.T.);
#1792=EDGE_CURVE('',#1440,#1439,#1213,.T.);
#1793=EDGE_CURVE('',#1440,#1441,#715,.T.);
#1794=EDGE_CURVE('',#1442,#1441,#1214,.T.);
#1795=EDGE_CURVE('',#1442,#1443,#716,.T.);
#1796=EDGE_CURVE('',#1444,#1443,#717,.T.);
#1797=EDGE_CURVE('',#1444,#1445,#718,.T.);
#1798=EDGE_CURVE('',#1428,#1445,#719,.T.);
#1799=EDGE_CURVE('',#1410,#1442,#720,.T.);
#1800=EDGE_CURVE('',#1441,#1411,#721,.T.);
#1801=EDGE_CURVE('',#1443,#1409,#722,.T.);
#1802=EDGE_CURVE('',#1429,#1403,#723,.T.);
#1803=EDGE_CURVE('',#1412,#1440,#724,.T.);
#1804=EDGE_CURVE('',#1445,#1407,#725,.T.);
#1805=EDGE_CURVE('',#1408,#1444,#726,.T.);
#1806=EDGE_CURVE('',#1446,#1447,#1215,.F.);
#1807=EDGE_CURVE('',#1446,#1421,#727,.T.);
#1808=EDGE_CURVE('',#1420,#1447,#728,.T.);
#1809=EDGE_CURVE('',#1448,#1419,#729,.T.);
#1810=EDGE_CURVE('',#1447,#1448,#730,.T.);
#1811=EDGE_CURVE('',#1423,#1449,#731,.T.);
#1812=EDGE_CURVE('',#1449,#1450,#1216,.T.);
#1813=EDGE_CURVE('',#1450,#1451,#23,.T.);
#1814=EDGE_CURVE('',#1451,#1452,#24,.T.);
#1815=EDGE_CURVE('',#1452,#1424,#732,.T.);
#1816=EDGE_CURVE('',#1422,#1453,#733,.T.);
#1817=EDGE_CURVE('',#1449,#1453,#1217,.F.);
#1818=EDGE_CURVE('',#1452,#1454,#734,.T.);
#1819=EDGE_CURVE('',#1455,#1454,#1218,.T.);
#1820=EDGE_CURVE('',#1455,#1456,#735,.T.);
#1821=EDGE_CURVE('',#1382,#1456,#736,.T.);
#1822=EDGE_CURVE('',#1457,#1458,#1219,.T.);
#1823=EDGE_CURVE('',#1458,#1418,#737,.T.);
#1824=EDGE_CURVE('',#1417,#1459,#738,.T.);
#1825=EDGE_CURVE('',#1459,#1460,#25,.T.);
#1826=EDGE_CURVE('',#1460,#1457,#26,.T.);
#1827=EDGE_CURVE('',#1460,#1461,#739,.T.);
#1828=EDGE_CURVE('',#1461,#1462,#740,.T.);
#1829=EDGE_CURVE('',#1462,#1463,#27,.T.);
#1830=EDGE_CURVE('',#1463,#1457,#741,.T.);
#1831=EDGE_CURVE('',#1464,#1459,#742,.T.);
#1832=EDGE_CURVE('',#1465,#1464,#743,.T.);
#1833=EDGE_CURVE('',#1465,#1461,#744,.T.);
#1834=EDGE_CURVE('',#1425,#1466,#745,.T.);
#1835=EDGE_CURVE('',#1467,#1466,#746,.T.);
#1836=EDGE_CURVE('',#1467,#1468,#747,.T.);
#1837=EDGE_CURVE('',#1464,#1468,#1220,.T.);
#1838=EDGE_CURVE('',#1430,#1402,#748,.T.);
#1839=EDGE_CURVE('',#1401,#1469,#749,.T.);
#1840=EDGE_CURVE('',#1469,#1470,#28,.T.);
#1841=EDGE_CURVE('',#1470,#1431,#29,.T.);
#1842=EDGE_CURVE('',#1471,#1469,#750,.T.);
#1843=EDGE_CURVE('',#1472,#1471,#751,.T.);
#1844=EDGE_CURVE('',#1472,#1473,#752,.T.);
#1845=EDGE_CURVE('',#1470,#1473,#753,.T.);
#1846=EDGE_CURVE('',#1474,#1389,#754,.T.);
#1847=EDGE_CURVE('',#1474,#1475,#755,.T.);
#1848=EDGE_CURVE('',#1471,#1475,#1221,.T.);
#1849=EDGE_CURVE('',#1413,#1439,#756,.T.);
#1850=EDGE_CURVE('',#1438,#1476,#30,.T.);
#1851=EDGE_CURVE('',#1476,#1477,#31,.T.);
#1852=EDGE_CURVE('',#1477,#1414,#757,.T.);
#1853=EDGE_CURVE('',#1477,#1478,#758,.T.);
#1854=EDGE_CURVE('',#1479,#1478,#1222,.T.);
#1855=EDGE_CURVE('',#1479,#1480,#759,.T.);
#1856=EDGE_CURVE('',#1481,#1480,#760,.T.);
#1857=EDGE_CURVE('',#1481,#1399,#761,.T.);
#1858=EDGE_CURVE('',#1448,#1458,#1223,.F.);
#1859=EDGE_CURVE('',#1453,#1446,#762,.T.);
#1860=EDGE_CURVE('',#1463,#1482,#763,.T.);
#1861=EDGE_CURVE('',#1483,#1482,#764,.T.);
#1862=EDGE_CURVE('',#1484,#1483,#765,.T.);
#1863=EDGE_CURVE('',#1484,#1485,#766,.T.);
#1864=EDGE_CURVE('',#1486,#1485,#767,.T.);
#1865=EDGE_CURVE('',#1450,#1486,#768,.T.);
#1866=EDGE_CURVE('',#1487,#1488,#1224,.T.);
#1867=EDGE_CURVE('',#1488,#1489,#769,.T.);
#1868=EDGE_CURVE('',#1489,#1490,#1225,.T.);
#1869=EDGE_CURVE('',#1490,#1487,#770,.T.);
#1870=EDGE_CURVE('',#1491,#1488,#771,.T.);
#1871=EDGE_CURVE('',#1492,#1491,#772,.T.);
#1872=EDGE_CURVE('',#1489,#1492,#773,.T.);
#1873=EDGE_CURVE('',#1491,#1493,#1226,.T.);
#1874=EDGE_CURVE('',#1493,#1494,#774,.T.);
#1875=EDGE_CURVE('',#1494,#1492,#1227,.T.);
#1876=EDGE_CURVE('',#1495,#1493,#775,.T.);
#1877=EDGE_CURVE('',#1496,#1495,#776,.T.);
#1878=EDGE_CURVE('',#1494,#1496,#777,.T.);
#1879=EDGE_CURVE('',#1385,#1497,#778,.T.);
#1880=EDGE_CURVE('',#1497,#1347,#1228,.T.);
#1881=EDGE_CURVE('',#1498,#1384,#779,.T.);
#1882=EDGE_CURVE('',#1497,#1498,#780,.T.);
#1883=EDGE_CURVE('',#1348,#1499,#1229,.T.);
#1884=EDGE_CURVE('',#1499,#1386,#781,.T.);
#1885=EDGE_CURVE('',#1500,#1501,#1230,.T.);
#1886=EDGE_CURVE('',#1501,#1502,#782,.T.);
#1887=EDGE_CURVE('',#1502,#1481,#1231,.T.);
#1888=EDGE_CURVE('',#1480,#1503,#32,.T.);
#1889=EDGE_CURVE('',#1503,#1500,#33,.T.);
#1890=EDGE_CURVE('',#1503,#1504,#783,.T.);
#1891=EDGE_CURVE('',#1504,#1505,#784,.T.);
#1892=EDGE_CURVE('',#1505,#1506,#34,.T.);
#1893=EDGE_CURVE('',#1506,#1500,#785,.T.);
#1894=EDGE_CURVE('',#1507,#1479,#786,.T.);
#1895=EDGE_CURVE('',#1507,#1504,#787,.T.);
#1896=EDGE_CURVE('',#1466,#1508,#1232,.T.);
#1897=EDGE_CURVE('',#1508,#1509,#788,.T.);
#1898=EDGE_CURVE('',#1509,#1510,#1233,.T.);
#1899=EDGE_CURVE('',#1510,#1511,#35,.T.);
#1900=EDGE_CURVE('',#1511,#1467,#36,.T.);
#1901=EDGE_CURVE('',#1510,#1512,#789,.T.);
#1902=EDGE_CURVE('',#1512,#1513,#37,.T.);
#1903=EDGE_CURVE('',#1513,#1514,#790,.T.);
#1904=EDGE_CURVE('',#1511,#1514,#791,.F.);
#1905=EDGE_CURVE('',#1506,#1515,#792,.T.);
#1906=EDGE_CURVE('',#1516,#1515,#793,.T.);
#1907=EDGE_CURVE('',#1517,#1516,#794,.T.);
#1908=EDGE_CURVE('',#1517,#1518,#795,.T.);
#1909=EDGE_CURVE('',#1512,#1518,#796,.T.);
#1910=EDGE_CURVE('',#1509,#1495,#1234,.F.);
#1911=EDGE_CURVE('',#1487,#1519,#797,.T.);
#1912=EDGE_CURVE('',#1519,#1501,#1235,.F.);
#1913=EDGE_CURVE('',#1508,#1496,#1236,.T.);
#1914=EDGE_CURVE('',#1520,#1521,#1237,.T.);
#1915=EDGE_CURVE('',#1521,#1383,#798,.T.);
#1916=EDGE_CURVE('',#1456,#1522,#38,.T.);
#1917=EDGE_CURVE('',#1522,#1520,#39,.T.);
#1918=EDGE_CURVE('',#1498,#1521,#1238,.F.);
#1919=EDGE_CURVE('',#1523,#1520,#799,.T.);
#1920=EDGE_CURVE('',#1523,#1524,#800,.T.);
#1921=EDGE_CURVE('',#1525,#1524,#801,.T.);
#1922=EDGE_CURVE('',#1526,#1525,#802,.T.);
#1923=EDGE_CURVE('',#1526,#1527,#803,.T.);
#1924=EDGE_CURVE('',#1528,#1527,#804,.T.);
#1925=EDGE_CURVE('',#1529,#1528,#805,.T.);
#1926=EDGE_CURVE('',#1530,#1529,#1239,.T.);
#1927=EDGE_CURVE('',#1531,#1530,#1240,.T.);
#1928=EDGE_CURVE('',#1531,#1499,#806,.T.);
#1929=EDGE_CURVE('',#1388,#1530,#807,.T.);
#1930=EDGE_CURVE('',#1529,#1532,#40,.T.);
#1931=EDGE_CURVE('',#1532,#1474,#41,.T.);
#1932=EDGE_CURVE('',#1528,#1533,#42,.T.);
#1933=EDGE_CURVE('',#1533,#1534,#808,.T.);
#1934=EDGE_CURVE('',#1532,#1534,#809,.F.);
#1935=EDGE_CURVE('',#1387,#1531,#810,.T.);
#1936=EDGE_CURVE('',#1519,#1535,#811,.T.);
#1937=EDGE_CURVE('',#1535,#1502,#1241,.T.);
#1938=EDGE_CURVE('',#1535,#1490,#812,.T.);
#1939=EDGE_CURVE('',#1486,#1536,#43,.T.);
#1940=EDGE_CURVE('',#1536,#1537,#813,.T.);
#1941=EDGE_CURVE('',#1451,#1537,#814,.F.);
#1942=EDGE_CURVE('',#1522,#1538,#815,.T.);
#1943=EDGE_CURVE('',#1538,#1539,#816,.T.);
#1944=EDGE_CURVE('',#1539,#1523,#44,.T.);
#1945=EDGE_CURVE('',#1473,#1540,#817,.T.);
#1946=EDGE_CURVE('',#1540,#1432,#45,.T.);
#1947=EDGE_CURVE('',#1437,#1541,#46,.T.);
#1948=EDGE_CURVE('',#1541,#1542,#818,.T.);
#1949=EDGE_CURVE('',#1476,#1542,#819,.F.);
#1950=EDGE_CURVE('',#1433,#1543,#1242,.T.);
#1951=EDGE_CURVE('',#1543,#1540,#820,.T.);
#1952=EDGE_CURVE('',#1543,#1472,#821,.T.);
#1953=EDGE_CURVE('',#1544,#1545,#822,.T.);
#1954=EDGE_CURVE('',#1545,#1534,#823,.T.);
#1955=EDGE_CURVE('',#1544,#1533,#824,.T.);
#1956=EDGE_CURVE('',#1527,#1544,#1243,.F.);
#1957=EDGE_CURVE('',#1475,#1545,#825,.T.);
#1958=EDGE_CURVE('',#1515,#1546,#1244,.T.);
#1959=EDGE_CURVE('',#1546,#1505,#826,.T.);
#1960=EDGE_CURVE('',#1546,#1507,#827,.T.);
#1961=EDGE_CURVE('',#1547,#1548,#828,.T.);
#1962=EDGE_CURVE('',#1548,#1542,#829,.T.);
#1963=EDGE_CURVE('',#1547,#1541,#830,.T.);
#1964=EDGE_CURVE('',#1436,#1547,#1245,.F.);
#1965=EDGE_CURVE('',#1478,#1548,#831,.T.);
#1966=EDGE_CURVE('',#1524,#1549,#1246,.T.);
#1967=EDGE_CURVE('',#1549,#1539,#832,.T.);
#1968=EDGE_CURVE('',#1549,#1550,#833,.T.);
#1969=EDGE_CURVE('',#1550,#1538,#834,.T.);
#1970=EDGE_CURVE('',#1550,#1455,#835,.T.);
#1971=EDGE_CURVE('',#1551,#1552,#836,.T.);
#1972=EDGE_CURVE('',#1552,#1537,#837,.T.);
#1973=EDGE_CURVE('',#1551,#1536,#838,.T.);
#1974=EDGE_CURVE('',#1485,#1551,#1247,.F.);
#1975=EDGE_CURVE('',#1454,#1552,#839,.T.);
#1976=EDGE_CURVE('',#1553,#1554,#840,.T.);
#1977=EDGE_CURVE('',#1554,#1514,#841,.T.);
#1978=EDGE_CURVE('',#1553,#1513,#842,.T.);
#1979=EDGE_CURVE('',#1518,#1553,#1248,.F.);
#1980=EDGE_CURVE('',#1468,#1554,#843,.T.);
#1981=EDGE_CURVE('',#1482,#1555,#1249,.T.);
#1982=EDGE_CURVE('',#1555,#1462,#844,.T.);
#1983=EDGE_CURVE('',#1555,#1465,#845,.T.);
#1984=EDGE_CURVE('',#1554,#1465,#1250,.T.);
#1985=EDGE_CURVE('',#1552,#1550,#1251,.T.);
#1986=EDGE_CURVE('',#1545,#1472,#1252,.T.);
#1987=EDGE_CURVE('',#1548,#1507,#1253,.T.);
#1988=EDGE_CURVE('',#1551,#1549,#1254,.T.);
#1989=EDGE_CURVE('',#1485,#1524,#1255,.T.);
#1990=EDGE_CURVE('',#1525,#1484,#1256,.T.);
#1991=EDGE_CURVE('',#1553,#1555,#1257,.T.);
#1992=EDGE_CURVE('',#1518,#1482,#1258,.T.);
#1993=EDGE_CURVE('',#1483,#1517,#1259,.T.);
#1994=EDGE_CURVE('',#1547,#1546,#1260,.T.);
#1995=EDGE_CURVE('',#1436,#1515,#1261,.T.);
#1996=EDGE_CURVE('',#1516,#1435,#1262,.T.);
#1997=EDGE_CURVE('',#1544,#1543,#1263,.T.);
#1998=EDGE_CURVE('',#1527,#1433,#1264,.T.);
#1999=EDGE_CURVE('',#1434,#1526,#1265,.T.);
#2000=EDGE_CURVE('',#1483,#1556,#1266,.T.);
#2001=EDGE_CURVE('',#1556,#1557,#846,.T.);
#2002=EDGE_CURVE('',#1557,#1484,#1267,.T.);
#2003=EDGE_CURVE('',#1558,#1525,#1268,.T.);
#2004=EDGE_CURVE('',#1557,#1558,#1269,.T.);
#2005=EDGE_CURVE('',#1559,#1526,#1270,.T.);
#2006=EDGE_CURVE('',#1558,#1559,#847,.T.);
#2007=EDGE_CURVE('',#1560,#1434,#1271,.T.);
#2008=EDGE_CURVE('',#1559,#1560,#1272,.T.);
#2009=EDGE_CURVE('',#1561,#1435,#1273,.T.);
#2010=EDGE_CURVE('',#1560,#1561,#848,.T.);
#2011=EDGE_CURVE('',#1562,#1516,#1274,.T.);
#2012=EDGE_CURVE('',#1561,#1562,#1275,.T.);
#2013=EDGE_CURVE('',#1563,#1517,#1276,.T.);
#2014=EDGE_CURVE('',#1562,#1563,#849,.T.);
#2015=EDGE_CURVE('',#1563,#1556,#1277,.T.);
#2016=ORIENTED_EDGE('',*,*,#1564,.F.);
#2017=ORIENTED_EDGE('',*,*,#1565,.T.);
#2018=ORIENTED_EDGE('',*,*,#1566,.T.);
#2019=ORIENTED_EDGE('',*,*,#1565,.F.);
#2020=ORIENTED_EDGE('',*,*,#1566,.F.);
#2021=ORIENTED_EDGE('',*,*,#1567,.F.);
#2022=ORIENTED_EDGE('',*,*,#1568,.F.);
#2023=ORIENTED_EDGE('',*,*,#1569,.T.);
#2024=ORIENTED_EDGE('',*,*,#1570,.T.);
#2025=ORIENTED_EDGE('',*,*,#1569,.F.);
#2026=ORIENTED_EDGE('',*,*,#1570,.F.);
#2027=ORIENTED_EDGE('',*,*,#1571,.F.);
#2028=ORIENTED_EDGE('',*,*,#1572,.F.);
#2029=ORIENTED_EDGE('',*,*,#1573,.T.);
#2030=ORIENTED_EDGE('',*,*,#1574,.T.);
#2031=ORIENTED_EDGE('',*,*,#1573,.F.);
#2032=ORIENTED_EDGE('',*,*,#1574,.F.);
#2033=ORIENTED_EDGE('',*,*,#1575,.F.);
#2034=ORIENTED_EDGE('',*,*,#1576,.F.);
#2035=ORIENTED_EDGE('',*,*,#1577,.T.);
#2036=ORIENTED_EDGE('',*,*,#1578,.T.);
#2037=ORIENTED_EDGE('',*,*,#1577,.F.);
#2038=ORIENTED_EDGE('',*,*,#1578,.F.);
#2039=ORIENTED_EDGE('',*,*,#1579,.F.);
#2040=ORIENTED_EDGE('',*,*,#1580,.F.);
#2041=ORIENTED_EDGE('',*,*,#1581,.T.);
#2042=ORIENTED_EDGE('',*,*,#1582,.T.);
#2043=ORIENTED_EDGE('',*,*,#1581,.F.);
#2044=ORIENTED_EDGE('',*,*,#1582,.F.);
#2045=ORIENTED_EDGE('',*,*,#1583,.F.);
#2046=ORIENTED_EDGE('',*,*,#1584,.F.);
#2047=ORIENTED_EDGE('',*,*,#1585,.T.);
#2048=ORIENTED_EDGE('',*,*,#1586,.T.);
#2049=ORIENTED_EDGE('',*,*,#1585,.F.);
#2050=ORIENTED_EDGE('',*,*,#1586,.F.);
#2051=ORIENTED_EDGE('',*,*,#1587,.F.);
#2052=ORIENTED_EDGE('',*,*,#1588,.F.);
#2053=ORIENTED_EDGE('',*,*,#1589,.F.);
#2054=ORIENTED_EDGE('',*,*,#1590,.F.);
#2055=ORIENTED_EDGE('',*,*,#1591,.F.);
#2056=ORIENTED_EDGE('',*,*,#1592,.F.);
#2057=ORIENTED_EDGE('',*,*,#1593,.F.);
#2058=ORIENTED_EDGE('',*,*,#1594,.F.);
#2059=ORIENTED_EDGE('',*,*,#1595,.F.);
#2060=ORIENTED_EDGE('',*,*,#1596,.T.);
#2061=ORIENTED_EDGE('',*,*,#1597,.T.);
#2062=ORIENTED_EDGE('',*,*,#1598,.T.);
#2063=ORIENTED_EDGE('',*,*,#1599,.T.);
#2064=ORIENTED_EDGE('',*,*,#1600,.T.);
#2065=ORIENTED_EDGE('',*,*,#1601,.T.);
#2066=ORIENTED_EDGE('',*,*,#1596,.F.);
#2067=ORIENTED_EDGE('',*,*,#1602,.T.);
#2068=ORIENTED_EDGE('',*,*,#1603,.T.);
#2069=ORIENTED_EDGE('',*,*,#1602,.F.);
#2070=ORIENTED_EDGE('',*,*,#1597,.F.);
#2071=ORIENTED_EDGE('',*,*,#1604,.T.);
#2072=ORIENTED_EDGE('',*,*,#1605,.T.);
#2073=ORIENTED_EDGE('',*,*,#1604,.F.);
#2074=ORIENTED_EDGE('',*,*,#1598,.F.);
#2075=ORIENTED_EDGE('',*,*,#1606,.T.);
#2076=ORIENTED_EDGE('',*,*,#1607,.T.);
#2077=ORIENTED_EDGE('',*,*,#1606,.F.);
#2078=ORIENTED_EDGE('',*,*,#1599,.F.);
#2079=ORIENTED_EDGE('',*,*,#1608,.T.);
#2080=ORIENTED_EDGE('',*,*,#1609,.T.);
#2081=ORIENTED_EDGE('',*,*,#1608,.F.);
#2082=ORIENTED_EDGE('',*,*,#1600,.F.);
#2083=ORIENTED_EDGE('',*,*,#1610,.T.);
#2084=ORIENTED_EDGE('',*,*,#1611,.T.);
#2085=ORIENTED_EDGE('',*,*,#1610,.F.);
#2086=ORIENTED_EDGE('',*,*,#1601,.F.);
#2087=ORIENTED_EDGE('',*,*,#1612,.T.);
#2088=ORIENTED_EDGE('',*,*,#1613,.T.);
#2089=ORIENTED_EDGE('',*,*,#1612,.F.);
#2090=ORIENTED_EDGE('',*,*,#1614,.F.);
#2091=ORIENTED_EDGE('',*,*,#1615,.F.);
#2092=ORIENTED_EDGE('',*,*,#1616,.T.);
#2093=ORIENTED_EDGE('',*,*,#1617,.T.);
#2094=ORIENTED_EDGE('',*,*,#1618,.T.);
#2095=ORIENTED_EDGE('',*,*,#1619,.F.);
#2096=ORIENTED_EDGE('',*,*,#1620,.F.);
#2097=ORIENTED_EDGE('',*,*,#1621,.T.);
#2098=ORIENTED_EDGE('',*,*,#1622,.T.);
#2099=ORIENTED_EDGE('',*,*,#1623,.T.);
#2100=ORIENTED_EDGE('',*,*,#1624,.F.);
#2101=ORIENTED_EDGE('',*,*,#1625,.F.);
#2102=ORIENTED_EDGE('',*,*,#1626,.T.);
#2103=ORIENTED_EDGE('',*,*,#1627,.T.);
#2104=ORIENTED_EDGE('',*,*,#1628,.T.);
#2105=ORIENTED_EDGE('',*,*,#1629,.F.);
#2106=ORIENTED_EDGE('',*,*,#1630,.T.);
#2107=ORIENTED_EDGE('',*,*,#1631,.T.);
#2108=ORIENTED_EDGE('',*,*,#1632,.F.);
#2109=ORIENTED_EDGE('',*,*,#1633,.T.);
#2110=ORIENTED_EDGE('',*,*,#1634,.F.);
#2111=ORIENTED_EDGE('',*,*,#1635,.T.);
#2112=ORIENTED_EDGE('',*,*,#1636,.T.);
#2113=ORIENTED_EDGE('',*,*,#1637,.F.);
#2114=ORIENTED_EDGE('',*,*,#1638,.T.);
#2115=ORIENTED_EDGE('',*,*,#1639,.F.);
#2116=ORIENTED_EDGE('',*,*,#1640,.T.);
#2117=ORIENTED_EDGE('',*,*,#1641,.T.);
#2118=ORIENTED_EDGE('',*,*,#1642,.F.);
#2119=ORIENTED_EDGE('',*,*,#1643,.T.);
#2120=ORIENTED_EDGE('',*,*,#1644,.T.);
#2121=ORIENTED_EDGE('',*,*,#1633,.F.);
#2122=ORIENTED_EDGE('',*,*,#1645,.T.);
#2123=ORIENTED_EDGE('',*,*,#1624,.T.);
#2124=ORIENTED_EDGE('',*,*,#1644,.F.);
#2125=ORIENTED_EDGE('',*,*,#1628,.F.);
#2126=ORIENTED_EDGE('',*,*,#1646,.F.);
#2127=ORIENTED_EDGE('',*,*,#1647,.F.);
#2128=ORIENTED_EDGE('',*,*,#1648,.F.);
#2129=ORIENTED_EDGE('',*,*,#1649,.F.);
#2130=ORIENTED_EDGE('',*,*,#1650,.F.);
#2131=ORIENTED_EDGE('',*,*,#1639,.T.);
#2132=ORIENTED_EDGE('',*,*,#1651,.F.);
#2133=ORIENTED_EDGE('',*,*,#1618,.F.);
#2134=ORIENTED_EDGE('',*,*,#1652,.F.);
#2135=ORIENTED_EDGE('',*,*,#1634,.T.);
#2136=ORIENTED_EDGE('',*,*,#1653,.F.);
#2137=ORIENTED_EDGE('',*,*,#1623,.F.);
#2138=ORIENTED_EDGE('',*,*,#1654,.F.);
#2139=ORIENTED_EDGE('',*,*,#1629,.T.);
#2140=ORIENTED_EDGE('',*,*,#1655,.T.);
#2141=ORIENTED_EDGE('',*,*,#1656,.T.);
#2142=ORIENTED_EDGE('',*,*,#1657,.T.);
#2143=ORIENTED_EDGE('',*,*,#1658,.T.);
#2144=ORIENTED_EDGE('',*,*,#1659,.T.);
#2145=ORIENTED_EDGE('',*,*,#1660,.T.);
#2146=ORIENTED_EDGE('',*,*,#1661,.T.);
#2147=ORIENTED_EDGE('',*,*,#1662,.T.);
#2148=ORIENTED_EDGE('',*,*,#1663,.T.);
#2149=ORIENTED_EDGE('',*,*,#1664,.T.);
#2150=ORIENTED_EDGE('',*,*,#1665,.T.);
#2151=ORIENTED_EDGE('',*,*,#1666,.T.);
#2152=ORIENTED_EDGE('',*,*,#1667,.T.);
#2153=ORIENTED_EDGE('',*,*,#1619,.T.);
#2154=ORIENTED_EDGE('',*,*,#1653,.T.);
#2155=ORIENTED_EDGE('',*,*,#1638,.F.);
#2156=ORIENTED_EDGE('',*,*,#1668,.T.);
#2157=ORIENTED_EDGE('',*,*,#1614,.T.);
#2158=ORIENTED_EDGE('',*,*,#1651,.T.);
#2159=ORIENTED_EDGE('',*,*,#1643,.F.);
#2160=ORIENTED_EDGE('',*,*,#1669,.F.);
#2161=ORIENTED_EDGE('',*,*,#1670,.F.);
#2162=ORIENTED_EDGE('',*,*,#1665,.F.);
#2163=ORIENTED_EDGE('',*,*,#1671,.T.);
#2164=ORIENTED_EDGE('',*,*,#1672,.T.);
#2165=ORIENTED_EDGE('',*,*,#1673,.F.);
#2166=ORIENTED_EDGE('',*,*,#1674,.F.);
#2167=ORIENTED_EDGE('',*,*,#1666,.F.);
#2168=ORIENTED_EDGE('',*,*,#1670,.T.);
#2169=ORIENTED_EDGE('',*,*,#1675,.F.);
#2170=ORIENTED_EDGE('',*,*,#1676,.T.);
#2171=ORIENTED_EDGE('',*,*,#1677,.F.);
#2172=ORIENTED_EDGE('',*,*,#1663,.F.);
#2173=ORIENTED_EDGE('',*,*,#1674,.T.);
#2174=ORIENTED_EDGE('',*,*,#1678,.F.);
#2175=ORIENTED_EDGE('',*,*,#1679,.F.);
#2176=ORIENTED_EDGE('',*,*,#1657,.F.);
#2177=ORIENTED_EDGE('',*,*,#1680,.T.);
#2178=ORIENTED_EDGE('',*,*,#1681,.T.);
#2179=ORIENTED_EDGE('',*,*,#1682,.F.);
#2180=ORIENTED_EDGE('',*,*,#1683,.F.);
#2181=ORIENTED_EDGE('',*,*,#1658,.F.);
#2182=ORIENTED_EDGE('',*,*,#1679,.T.);
#2183=ORIENTED_EDGE('',*,*,#1684,.F.);
#2184=ORIENTED_EDGE('',*,*,#1685,.T.);
#2185=ORIENTED_EDGE('',*,*,#1686,.F.);
#2186=ORIENTED_EDGE('',*,*,#1655,.F.);
#2187=ORIENTED_EDGE('',*,*,#1683,.T.);
#2188=ORIENTED_EDGE('',*,*,#1687,.F.);
#2189=ORIENTED_EDGE('',*,*,#1688,.F.);
#2190=ORIENTED_EDGE('',*,*,#1661,.F.);
#2191=ORIENTED_EDGE('',*,*,#1689,.T.);
#2192=ORIENTED_EDGE('',*,*,#1690,.T.);
#2193=ORIENTED_EDGE('',*,*,#1691,.F.);
#2194=ORIENTED_EDGE('',*,*,#1692,.F.);
#2195=ORIENTED_EDGE('',*,*,#1662,.F.);
#2196=ORIENTED_EDGE('',*,*,#1688,.T.);
#2197=ORIENTED_EDGE('',*,*,#1693,.F.);
#2198=ORIENTED_EDGE('',*,*,#1694,.T.);
#2199=ORIENTED_EDGE('',*,*,#1695,.F.);
#2200=ORIENTED_EDGE('',*,*,#1659,.F.);
#2201=ORIENTED_EDGE('',*,*,#1692,.T.);
#2202=ORIENTED_EDGE('',*,*,#1696,.F.);
#2203=ORIENTED_EDGE('',*,*,#1672,.F.);
#2204=ORIENTED_EDGE('',*,*,#1697,.F.);
#2205=ORIENTED_EDGE('',*,*,#1676,.F.);
#2206=ORIENTED_EDGE('',*,*,#1664,.F.);
#2207=ORIENTED_EDGE('',*,*,#1677,.T.);
#2208=ORIENTED_EDGE('',*,*,#1697,.T.);
#2209=ORIENTED_EDGE('',*,*,#1671,.F.);
#2210=ORIENTED_EDGE('',*,*,#1698,.F.);
#2211=ORIENTED_EDGE('',*,*,#1690,.F.);
#2212=ORIENTED_EDGE('',*,*,#1699,.F.);
#2213=ORIENTED_EDGE('',*,*,#1694,.F.);
#2214=ORIENTED_EDGE('',*,*,#1660,.F.);
#2215=ORIENTED_EDGE('',*,*,#1695,.T.);
#2216=ORIENTED_EDGE('',*,*,#1699,.T.);
#2217=ORIENTED_EDGE('',*,*,#1689,.F.);
#2218=ORIENTED_EDGE('',*,*,#1700,.F.);
#2219=ORIENTED_EDGE('',*,*,#1681,.F.);
#2220=ORIENTED_EDGE('',*,*,#1701,.F.);
#2221=ORIENTED_EDGE('',*,*,#1685,.F.);
#2222=ORIENTED_EDGE('',*,*,#1656,.F.);
#2223=ORIENTED_EDGE('',*,*,#1686,.T.);
#2224=ORIENTED_EDGE('',*,*,#1701,.T.);
#2225=ORIENTED_EDGE('',*,*,#1680,.F.);
#2226=ORIENTED_EDGE('',*,*,#1645,.F.);
#2227=ORIENTED_EDGE('',*,*,#1632,.T.);
#2228=ORIENTED_EDGE('',*,*,#1702,.F.);
#2229=ORIENTED_EDGE('',*,*,#1625,.T.);
#2230=ORIENTED_EDGE('',*,*,#1622,.F.);
#2231=ORIENTED_EDGE('',*,*,#1703,.F.);
#2232=ORIENTED_EDGE('',*,*,#1630,.F.);
#2233=ORIENTED_EDGE('',*,*,#1654,.T.);
#2234=ORIENTED_EDGE('',*,*,#1627,.F.);
#2235=ORIENTED_EDGE('',*,*,#1704,.F.);
#2236=ORIENTED_EDGE('',*,*,#1705,.T.);
#2237=ORIENTED_EDGE('',*,*,#1706,.F.);
#2238=ORIENTED_EDGE('',*,*,#1707,.F.);
#2239=ORIENTED_EDGE('',*,*,#1708,.F.);
#2240=ORIENTED_EDGE('',*,*,#1709,.T.);
#2241=ORIENTED_EDGE('',*,*,#1710,.F.);
#2242=ORIENTED_EDGE('',*,*,#1646,.T.);
#2243=ORIENTED_EDGE('',*,*,#1667,.F.);
#2244=ORIENTED_EDGE('',*,*,#1637,.T.);
#2245=ORIENTED_EDGE('',*,*,#1711,.F.);
#2246=ORIENTED_EDGE('',*,*,#1620,.T.);
#2247=ORIENTED_EDGE('',*,*,#1617,.F.);
#2248=ORIENTED_EDGE('',*,*,#1712,.F.);
#2249=ORIENTED_EDGE('',*,*,#1635,.F.);
#2250=ORIENTED_EDGE('',*,*,#1652,.T.);
#2251=ORIENTED_EDGE('',*,*,#1668,.F.);
#2252=ORIENTED_EDGE('',*,*,#1642,.T.);
#2253=ORIENTED_EDGE('',*,*,#1713,.F.);
#2254=ORIENTED_EDGE('',*,*,#1615,.T.);
#2255=ORIENTED_EDGE('',*,*,#1650,.T.);
#2256=ORIENTED_EDGE('',*,*,#1714,.F.);
#2257=ORIENTED_EDGE('',*,*,#1715,.T.);
#2258=ORIENTED_EDGE('',*,*,#1716,.F.);
#2259=ORIENTED_EDGE('',*,*,#1717,.F.);
#2260=ORIENTED_EDGE('',*,*,#1718,.F.);
#2261=ORIENTED_EDGE('',*,*,#1719,.F.);
#2262=ORIENTED_EDGE('',*,*,#1720,.F.);
#2263=ORIENTED_EDGE('',*,*,#1640,.F.);
#2264=ORIENTED_EDGE('',*,*,#1613,.F.);
#2265=ORIENTED_EDGE('',*,*,#1721,.T.);
#2266=ORIENTED_EDGE('',*,*,#1579,.T.);
#2267=ORIENTED_EDGE('',*,*,#1721,.F.);
#2268=ORIENTED_EDGE('',*,*,#1611,.F.);
#2269=ORIENTED_EDGE('',*,*,#1722,.T.);
#2270=ORIENTED_EDGE('',*,*,#1575,.T.);
#2271=ORIENTED_EDGE('',*,*,#1722,.F.);
#2272=ORIENTED_EDGE('',*,*,#1609,.F.);
#2273=ORIENTED_EDGE('',*,*,#1723,.T.);
#2274=ORIENTED_EDGE('',*,*,#1583,.T.);
#2275=ORIENTED_EDGE('',*,*,#1723,.F.);
#2276=ORIENTED_EDGE('',*,*,#1607,.F.);
#2277=ORIENTED_EDGE('',*,*,#1724,.T.);
#2278=ORIENTED_EDGE('',*,*,#1567,.T.);
#2279=ORIENTED_EDGE('',*,*,#1724,.F.);
#2280=ORIENTED_EDGE('',*,*,#1605,.F.);
#2281=ORIENTED_EDGE('',*,*,#1725,.T.);
#2282=ORIENTED_EDGE('',*,*,#1571,.T.);
#2283=ORIENTED_EDGE('',*,*,#1725,.F.);
#2284=ORIENTED_EDGE('',*,*,#1603,.F.);
#2285=ORIENTED_EDGE('',*,*,#1726,.T.);
#2286=ORIENTED_EDGE('',*,*,#1587,.T.);
#2287=ORIENTED_EDGE('',*,*,#1726,.F.);
#2288=ORIENTED_EDGE('',*,*,#1702,.T.);
#2289=ORIENTED_EDGE('',*,*,#1631,.F.);
#2290=ORIENTED_EDGE('',*,*,#1703,.T.);
#2291=ORIENTED_EDGE('',*,*,#1621,.F.);
#2292=ORIENTED_EDGE('',*,*,#1711,.T.);
#2293=ORIENTED_EDGE('',*,*,#1636,.F.);
#2294=ORIENTED_EDGE('',*,*,#1712,.T.);
#2295=ORIENTED_EDGE('',*,*,#1616,.F.);
#2296=ORIENTED_EDGE('',*,*,#1713,.T.);
#2297=ORIENTED_EDGE('',*,*,#1641,.F.);
#2298=ORIENTED_EDGE('',*,*,#1720,.T.);
#2299=ORIENTED_EDGE('',*,*,#1727,.T.);
#2300=ORIENTED_EDGE('',*,*,#1589,.T.);
#2301=ORIENTED_EDGE('',*,*,#1728,.T.);
#2302=ORIENTED_EDGE('',*,*,#1704,.T.);
#2303=ORIENTED_EDGE('',*,*,#1626,.F.);
#2304=ORIENTED_EDGE('',*,*,#1696,.T.);
#2305=ORIENTED_EDGE('',*,*,#1675,.T.);
#2306=ORIENTED_EDGE('',*,*,#1673,.T.);
#2307=ORIENTED_EDGE('',*,*,#1669,.T.);
#2308=ORIENTED_EDGE('',*,*,#1700,.T.);
#2309=ORIENTED_EDGE('',*,*,#1684,.T.);
#2310=ORIENTED_EDGE('',*,*,#1682,.T.);
#2311=ORIENTED_EDGE('',*,*,#1678,.T.);
#2312=ORIENTED_EDGE('',*,*,#1698,.T.);
#2313=ORIENTED_EDGE('',*,*,#1693,.T.);
#2314=ORIENTED_EDGE('',*,*,#1691,.T.);
#2315=ORIENTED_EDGE('',*,*,#1687,.T.);
#2316=ORIENTED_EDGE('',*,*,#1729,.T.);
#2317=ORIENTED_EDGE('',*,*,#1730,.T.);
#2318=ORIENTED_EDGE('',*,*,#1728,.F.);
#2319=ORIENTED_EDGE('',*,*,#1588,.T.);
#2320=ORIENTED_EDGE('',*,*,#1731,.T.);
#2321=ORIENTED_EDGE('',*,*,#1732,.T.);
#2322=ORIENTED_EDGE('',*,*,#1729,.F.);
#2323=ORIENTED_EDGE('',*,*,#1595,.T.);
#2324=ORIENTED_EDGE('',*,*,#1733,.T.);
#2325=ORIENTED_EDGE('',*,*,#1734,.T.);
#2326=ORIENTED_EDGE('',*,*,#1731,.F.);
#2327=ORIENTED_EDGE('',*,*,#1594,.T.);
#2328=ORIENTED_EDGE('',*,*,#1735,.T.);
#2329=ORIENTED_EDGE('',*,*,#1736,.T.);
#2330=ORIENTED_EDGE('',*,*,#1733,.F.);
#2331=ORIENTED_EDGE('',*,*,#1593,.T.);
#2332=ORIENTED_EDGE('',*,*,#1737,.T.);
#2333=ORIENTED_EDGE('',*,*,#1738,.T.);
#2334=ORIENTED_EDGE('',*,*,#1735,.F.);
#2335=ORIENTED_EDGE('',*,*,#1592,.T.);
#2336=ORIENTED_EDGE('',*,*,#1739,.T.);
#2337=ORIENTED_EDGE('',*,*,#1740,.T.);
#2338=ORIENTED_EDGE('',*,*,#1737,.F.);
#2339=ORIENTED_EDGE('',*,*,#1591,.T.);
#2340=ORIENTED_EDGE('',*,*,#1727,.F.);
#2341=ORIENTED_EDGE('',*,*,#1741,.T.);
#2342=ORIENTED_EDGE('',*,*,#1739,.F.);
#2343=ORIENTED_EDGE('',*,*,#1590,.T.);
#2344=ORIENTED_EDGE('',*,*,#1738,.F.);
#2345=ORIENTED_EDGE('',*,*,#1742,.T.);
#2346=ORIENTED_EDGE('',*,*,#1743,.F.);
#2347=ORIENTED_EDGE('',*,*,#1744,.F.);
#2348=ORIENTED_EDGE('',*,*,#1740,.F.);
#2349=ORIENTED_EDGE('',*,*,#1745,.T.);
#2350=ORIENTED_EDGE('',*,*,#1746,.F.);
#2351=ORIENTED_EDGE('',*,*,#1747,.F.);
#2352=ORIENTED_EDGE('',*,*,#1748,.F.);
#2353=ORIENTED_EDGE('',*,*,#1749,.T.);
#2354=ORIENTED_EDGE('',*,*,#1750,.F.);
#2355=ORIENTED_EDGE('',*,*,#1751,.T.);
#2356=ORIENTED_EDGE('',*,*,#1752,.F.);
#2357=ORIENTED_EDGE('',*,*,#1753,.T.);
#2358=ORIENTED_EDGE('',*,*,#1754,.F.);
#2359=ORIENTED_EDGE('',*,*,#1755,.T.);
#2360=ORIENTED_EDGE('',*,*,#1756,.F.);
#2361=ORIENTED_EDGE('',*,*,#1757,.T.);
#2362=ORIENTED_EDGE('',*,*,#1758,.F.);
#2363=ORIENTED_EDGE('',*,*,#1759,.F.);
#2364=ORIENTED_EDGE('',*,*,#1760,.F.);
#2365=ORIENTED_EDGE('',*,*,#1742,.F.);
#2366=ORIENTED_EDGE('',*,*,#1741,.F.);
#2367=ORIENTED_EDGE('',*,*,#1719,.T.);
#2368=ORIENTED_EDGE('',*,*,#1761,.F.);
#2369=ORIENTED_EDGE('',*,*,#1745,.F.);
#2370=ORIENTED_EDGE('',*,*,#1730,.F.);
#2371=ORIENTED_EDGE('',*,*,#1762,.T.);
#2372=ORIENTED_EDGE('',*,*,#1763,.F.);
#2373=ORIENTED_EDGE('',*,*,#1705,.F.);
#2374=ORIENTED_EDGE('',*,*,#1732,.F.);
#2375=ORIENTED_EDGE('',*,*,#1764,.T.);
#2376=ORIENTED_EDGE('',*,*,#1765,.F.);
#2377=ORIENTED_EDGE('',*,*,#1766,.F.);
#2378=ORIENTED_EDGE('',*,*,#1767,.F.);
#2379=ORIENTED_EDGE('',*,*,#1768,.T.);
#2380=ORIENTED_EDGE('',*,*,#1769,.F.);
#2381=ORIENTED_EDGE('',*,*,#1770,.T.);
#2382=ORIENTED_EDGE('',*,*,#1771,.F.);
#2383=ORIENTED_EDGE('',*,*,#1772,.F.);
#2384=ORIENTED_EDGE('',*,*,#1773,.F.);
#2385=ORIENTED_EDGE('',*,*,#1762,.F.);
#2386=ORIENTED_EDGE('',*,*,#1734,.F.);
#2387=ORIENTED_EDGE('',*,*,#1774,.T.);
#2388=ORIENTED_EDGE('',*,*,#1775,.F.);
#2389=ORIENTED_EDGE('',*,*,#1764,.F.);
#2390=ORIENTED_EDGE('',*,*,#1750,.T.);
#2391=ORIENTED_EDGE('',*,*,#1776,.T.);
#2392=ORIENTED_EDGE('',*,*,#1777,.T.);
#2393=ORIENTED_EDGE('',*,*,#1778,.T.);
#2394=ORIENTED_EDGE('',*,*,#1778,.F.);
#2395=ORIENTED_EDGE('',*,*,#1779,.F.);
#2396=ORIENTED_EDGE('',*,*,#1780,.F.);
#2397=ORIENTED_EDGE('',*,*,#1751,.F.);
#2398=ORIENTED_EDGE('',*,*,#1777,.F.);
#2399=ORIENTED_EDGE('',*,*,#1781,.T.);
#2400=ORIENTED_EDGE('',*,*,#1782,.T.);
#2401=ORIENTED_EDGE('',*,*,#1783,.F.);
#2402=ORIENTED_EDGE('',*,*,#1784,.F.);
#2403=ORIENTED_EDGE('',*,*,#1785,.T.);
#2404=ORIENTED_EDGE('',*,*,#1786,.F.);
#2405=ORIENTED_EDGE('',*,*,#1787,.F.);
#2406=ORIENTED_EDGE('',*,*,#1788,.T.);
#2407=ORIENTED_EDGE('',*,*,#1789,.F.);
#2408=ORIENTED_EDGE('',*,*,#1790,.F.);
#2409=ORIENTED_EDGE('',*,*,#1791,.F.);
#2410=ORIENTED_EDGE('',*,*,#1792,.F.);
#2411=ORIENTED_EDGE('',*,*,#1793,.T.);
#2412=ORIENTED_EDGE('',*,*,#1794,.F.);
#2413=ORIENTED_EDGE('',*,*,#1795,.T.);
#2414=ORIENTED_EDGE('',*,*,#1796,.F.);
#2415=ORIENTED_EDGE('',*,*,#1797,.T.);
#2416=ORIENTED_EDGE('',*,*,#1798,.F.);
#2417=ORIENTED_EDGE('',*,*,#1779,.T.);
#2418=ORIENTED_EDGE('',*,*,#1756,.T.);
#2419=ORIENTED_EDGE('',*,*,#1799,.T.);
#2420=ORIENTED_EDGE('',*,*,#1794,.T.);
#2421=ORIENTED_EDGE('',*,*,#1800,.T.);
#2422=ORIENTED_EDGE('',*,*,#1799,.F.);
#2423=ORIENTED_EDGE('',*,*,#1755,.F.);
#2424=ORIENTED_EDGE('',*,*,#1801,.F.);
#2425=ORIENTED_EDGE('',*,*,#1795,.F.);
#2426=ORIENTED_EDGE('',*,*,#1776,.F.);
#2427=ORIENTED_EDGE('',*,*,#1749,.F.);
#2428=ORIENTED_EDGE('',*,*,#1802,.F.);
#2429=ORIENTED_EDGE('',*,*,#1781,.F.);
#2430=ORIENTED_EDGE('',*,*,#1800,.F.);
#2431=ORIENTED_EDGE('',*,*,#1793,.F.);
#2432=ORIENTED_EDGE('',*,*,#1803,.F.);
#2433=ORIENTED_EDGE('',*,*,#1757,.F.);
#2434=ORIENTED_EDGE('',*,*,#1752,.T.);
#2435=ORIENTED_EDGE('',*,*,#1780,.T.);
#2436=ORIENTED_EDGE('',*,*,#1798,.T.);
#2437=ORIENTED_EDGE('',*,*,#1804,.T.);
#2438=ORIENTED_EDGE('',*,*,#1754,.T.);
#2439=ORIENTED_EDGE('',*,*,#1805,.T.);
#2440=ORIENTED_EDGE('',*,*,#1796,.T.);
#2441=ORIENTED_EDGE('',*,*,#1801,.T.);
#2442=ORIENTED_EDGE('',*,*,#1804,.F.);
#2443=ORIENTED_EDGE('',*,*,#1797,.F.);
#2444=ORIENTED_EDGE('',*,*,#1805,.F.);
#2445=ORIENTED_EDGE('',*,*,#1753,.F.);
#2446=ORIENTED_EDGE('',*,*,#1806,.F.);
#2447=ORIENTED_EDGE('',*,*,#1807,.T.);
#2448=ORIENTED_EDGE('',*,*,#1769,.T.);
#2449=ORIENTED_EDGE('',*,*,#1808,.T.);
#2450=ORIENTED_EDGE('',*,*,#1808,.F.);
#2451=ORIENTED_EDGE('',*,*,#1768,.F.);
#2452=ORIENTED_EDGE('',*,*,#1809,.F.);
#2453=ORIENTED_EDGE('',*,*,#1810,.F.);
#2454=ORIENTED_EDGE('',*,*,#1772,.T.);
#2455=ORIENTED_EDGE('',*,*,#1811,.T.);
#2456=ORIENTED_EDGE('',*,*,#1812,.T.);
#2457=ORIENTED_EDGE('',*,*,#1813,.T.);
#2458=ORIENTED_EDGE('',*,*,#1814,.T.);
#2459=ORIENTED_EDGE('',*,*,#1815,.T.);
#2460=ORIENTED_EDGE('',*,*,#1811,.F.);
#2461=ORIENTED_EDGE('',*,*,#1771,.T.);
#2462=ORIENTED_EDGE('',*,*,#1816,.T.);
#2463=ORIENTED_EDGE('',*,*,#1817,.F.);
#2464=ORIENTED_EDGE('',*,*,#1815,.F.);
#2465=ORIENTED_EDGE('',*,*,#1818,.T.);
#2466=ORIENTED_EDGE('',*,*,#1819,.F.);
#2467=ORIENTED_EDGE('',*,*,#1820,.T.);
#2468=ORIENTED_EDGE('',*,*,#1821,.F.);
#2469=ORIENTED_EDGE('',*,*,#1706,.T.);
#2470=ORIENTED_EDGE('',*,*,#1763,.T.);
#2471=ORIENTED_EDGE('',*,*,#1773,.T.);
#2472=ORIENTED_EDGE('',*,*,#1822,.T.);
#2473=ORIENTED_EDGE('',*,*,#1823,.T.);
#2474=ORIENTED_EDGE('',*,*,#1766,.T.);
#2475=ORIENTED_EDGE('',*,*,#1824,.T.);
#2476=ORIENTED_EDGE('',*,*,#1825,.T.);
#2477=ORIENTED_EDGE('',*,*,#1826,.T.);
#2478=ORIENTED_EDGE('',*,*,#1826,.F.);
#2479=ORIENTED_EDGE('',*,*,#1827,.T.);
#2480=ORIENTED_EDGE('',*,*,#1828,.T.);
#2481=ORIENTED_EDGE('',*,*,#1829,.T.);
#2482=ORIENTED_EDGE('',*,*,#1830,.T.);
#2483=ORIENTED_EDGE('',*,*,#1825,.F.);
#2484=ORIENTED_EDGE('',*,*,#1831,.F.);
#2485=ORIENTED_EDGE('',*,*,#1832,.F.);
#2486=ORIENTED_EDGE('',*,*,#1833,.T.);
#2487=ORIENTED_EDGE('',*,*,#1827,.F.);
#2488=ORIENTED_EDGE('',*,*,#1824,.F.);
#2489=ORIENTED_EDGE('',*,*,#1765,.T.);
#2490=ORIENTED_EDGE('',*,*,#1775,.T.);
#2491=ORIENTED_EDGE('',*,*,#1834,.T.);
#2492=ORIENTED_EDGE('',*,*,#1835,.F.);
#2493=ORIENTED_EDGE('',*,*,#1836,.T.);
#2494=ORIENTED_EDGE('',*,*,#1837,.F.);
#2495=ORIENTED_EDGE('',*,*,#1831,.T.);
#2496=ORIENTED_EDGE('',*,*,#1783,.T.);
#2497=ORIENTED_EDGE('',*,*,#1838,.T.);
#2498=ORIENTED_EDGE('',*,*,#1747,.T.);
#2499=ORIENTED_EDGE('',*,*,#1839,.T.);
#2500=ORIENTED_EDGE('',*,*,#1840,.T.);
#2501=ORIENTED_EDGE('',*,*,#1841,.T.);
#2502=ORIENTED_EDGE('',*,*,#1840,.F.);
#2503=ORIENTED_EDGE('',*,*,#1842,.F.);
#2504=ORIENTED_EDGE('',*,*,#1843,.F.);
#2505=ORIENTED_EDGE('',*,*,#1844,.T.);
#2506=ORIENTED_EDGE('',*,*,#1845,.F.);
#2507=ORIENTED_EDGE('',*,*,#1839,.F.);
#2508=ORIENTED_EDGE('',*,*,#1746,.T.);
#2509=ORIENTED_EDGE('',*,*,#1761,.T.);
#2510=ORIENTED_EDGE('',*,*,#1718,.T.);
#2511=ORIENTED_EDGE('',*,*,#1846,.F.);
#2512=ORIENTED_EDGE('',*,*,#1847,.T.);
#2513=ORIENTED_EDGE('',*,*,#1848,.F.);
#2514=ORIENTED_EDGE('',*,*,#1842,.T.);
#2515=ORIENTED_EDGE('',*,*,#1759,.T.);
#2516=ORIENTED_EDGE('',*,*,#1849,.T.);
#2517=ORIENTED_EDGE('',*,*,#1791,.T.);
#2518=ORIENTED_EDGE('',*,*,#1850,.T.);
#2519=ORIENTED_EDGE('',*,*,#1851,.T.);
#2520=ORIENTED_EDGE('',*,*,#1852,.T.);
#2521=ORIENTED_EDGE('',*,*,#1849,.F.);
#2522=ORIENTED_EDGE('',*,*,#1758,.T.);
#2523=ORIENTED_EDGE('',*,*,#1803,.T.);
#2524=ORIENTED_EDGE('',*,*,#1792,.T.);
#2525=ORIENTED_EDGE('',*,*,#1852,.F.);
#2526=ORIENTED_EDGE('',*,*,#1853,.T.);
#2527=ORIENTED_EDGE('',*,*,#1854,.F.);
#2528=ORIENTED_EDGE('',*,*,#1855,.T.);
#2529=ORIENTED_EDGE('',*,*,#1856,.F.);
#2530=ORIENTED_EDGE('',*,*,#1857,.T.);
#2531=ORIENTED_EDGE('',*,*,#1743,.T.);
#2532=ORIENTED_EDGE('',*,*,#1760,.T.);
#2533=ORIENTED_EDGE('',*,*,#1823,.F.);
#2534=ORIENTED_EDGE('',*,*,#1858,.F.);
#2535=ORIENTED_EDGE('',*,*,#1809,.T.);
#2536=ORIENTED_EDGE('',*,*,#1767,.T.);
#2537=ORIENTED_EDGE('',*,*,#1838,.F.);
#2538=ORIENTED_EDGE('',*,*,#1782,.F.);
#2539=ORIENTED_EDGE('',*,*,#1802,.T.);
#2540=ORIENTED_EDGE('',*,*,#1748,.T.);
#2541=ORIENTED_EDGE('',*,*,#1807,.F.);
#2542=ORIENTED_EDGE('',*,*,#1859,.F.);
#2543=ORIENTED_EDGE('',*,*,#1816,.F.);
#2544=ORIENTED_EDGE('',*,*,#1770,.F.);
#2545=ORIENTED_EDGE('',*,*,#1806,.T.);
#2546=ORIENTED_EDGE('',*,*,#1810,.T.);
#2547=ORIENTED_EDGE('',*,*,#1858,.T.);
#2548=ORIENTED_EDGE('',*,*,#1822,.F.);
#2549=ORIENTED_EDGE('',*,*,#1830,.F.);
#2550=ORIENTED_EDGE('',*,*,#1860,.T.);
#2551=ORIENTED_EDGE('',*,*,#1861,.F.);
#2552=ORIENTED_EDGE('',*,*,#1862,.F.);
#2553=ORIENTED_EDGE('',*,*,#1863,.T.);
#2554=ORIENTED_EDGE('',*,*,#1864,.F.);
#2555=ORIENTED_EDGE('',*,*,#1865,.F.);
#2556=ORIENTED_EDGE('',*,*,#1812,.F.);
#2557=ORIENTED_EDGE('',*,*,#1817,.T.);
#2558=ORIENTED_EDGE('',*,*,#1859,.T.);
#2559=ORIENTED_EDGE('',*,*,#1866,.T.);
#2560=ORIENTED_EDGE('',*,*,#1867,.T.);
#2561=ORIENTED_EDGE('',*,*,#1868,.T.);
#2562=ORIENTED_EDGE('',*,*,#1869,.T.);
#2563=ORIENTED_EDGE('',*,*,#1867,.F.);
#2564=ORIENTED_EDGE('',*,*,#1870,.F.);
#2565=ORIENTED_EDGE('',*,*,#1871,.F.);
#2566=ORIENTED_EDGE('',*,*,#1872,.F.);
#2567=ORIENTED_EDGE('',*,*,#1873,.T.);
#2568=ORIENTED_EDGE('',*,*,#1874,.T.);
#2569=ORIENTED_EDGE('',*,*,#1875,.T.);
#2570=ORIENTED_EDGE('',*,*,#1871,.T.);
#2571=ORIENTED_EDGE('',*,*,#1874,.F.);
#2572=ORIENTED_EDGE('',*,*,#1876,.F.);
#2573=ORIENTED_EDGE('',*,*,#1877,.F.);
#2574=ORIENTED_EDGE('',*,*,#1878,.F.);
#2575=ORIENTED_EDGE('',*,*,#1710,.T.);
#2576=ORIENTED_EDGE('',*,*,#1879,.T.);
#2577=ORIENTED_EDGE('',*,*,#1880,.T.);
#2578=ORIENTED_EDGE('',*,*,#1647,.T.);
#2579=ORIENTED_EDGE('',*,*,#1879,.F.);
#2580=ORIENTED_EDGE('',*,*,#1709,.F.);
#2581=ORIENTED_EDGE('',*,*,#1881,.F.);
#2582=ORIENTED_EDGE('',*,*,#1882,.F.);
#2583=ORIENTED_EDGE('',*,*,#1714,.T.);
#2584=ORIENTED_EDGE('',*,*,#1649,.T.);
#2585=ORIENTED_EDGE('',*,*,#1883,.T.);
#2586=ORIENTED_EDGE('',*,*,#1884,.T.);
#2587=ORIENTED_EDGE('',*,*,#1885,.T.);
#2588=ORIENTED_EDGE('',*,*,#1886,.T.);
#2589=ORIENTED_EDGE('',*,*,#1887,.T.);
#2590=ORIENTED_EDGE('',*,*,#1856,.T.);
#2591=ORIENTED_EDGE('',*,*,#1888,.T.);
#2592=ORIENTED_EDGE('',*,*,#1889,.T.);
#2593=ORIENTED_EDGE('',*,*,#1889,.F.);
#2594=ORIENTED_EDGE('',*,*,#1890,.T.);
#2595=ORIENTED_EDGE('',*,*,#1891,.T.);
#2596=ORIENTED_EDGE('',*,*,#1892,.T.);
#2597=ORIENTED_EDGE('',*,*,#1893,.T.);
#2598=ORIENTED_EDGE('',*,*,#1888,.F.);
#2599=ORIENTED_EDGE('',*,*,#1855,.F.);
#2600=ORIENTED_EDGE('',*,*,#1894,.F.);
#2601=ORIENTED_EDGE('',*,*,#1895,.T.);
#2602=ORIENTED_EDGE('',*,*,#1890,.F.);
#2603=ORIENTED_EDGE('',*,*,#1896,.T.);
#2604=ORIENTED_EDGE('',*,*,#1897,.T.);
#2605=ORIENTED_EDGE('',*,*,#1898,.T.);
#2606=ORIENTED_EDGE('',*,*,#1899,.T.);
#2607=ORIENTED_EDGE('',*,*,#1900,.T.);
#2608=ORIENTED_EDGE('',*,*,#1835,.T.);
#2609=ORIENTED_EDGE('',*,*,#1899,.F.);
#2610=ORIENTED_EDGE('',*,*,#1901,.T.);
#2611=ORIENTED_EDGE('',*,*,#1902,.T.);
#2612=ORIENTED_EDGE('',*,*,#1903,.T.);
#2613=ORIENTED_EDGE('',*,*,#1904,.F.);
#2614=ORIENTED_EDGE('',*,*,#1885,.F.);
#2615=ORIENTED_EDGE('',*,*,#1893,.F.);
#2616=ORIENTED_EDGE('',*,*,#1905,.T.);
#2617=ORIENTED_EDGE('',*,*,#1906,.F.);
#2618=ORIENTED_EDGE('',*,*,#1907,.F.);
#2619=ORIENTED_EDGE('',*,*,#1908,.T.);
#2620=ORIENTED_EDGE('',*,*,#1909,.F.);
#2621=ORIENTED_EDGE('',*,*,#1901,.F.);
#2622=ORIENTED_EDGE('',*,*,#1898,.F.);
#2623=ORIENTED_EDGE('',*,*,#1910,.T.);
#2624=ORIENTED_EDGE('',*,*,#1876,.T.);
#2625=ORIENTED_EDGE('',*,*,#1873,.F.);
#2626=ORIENTED_EDGE('',*,*,#1870,.T.);
#2627=ORIENTED_EDGE('',*,*,#1866,.F.);
#2628=ORIENTED_EDGE('',*,*,#1911,.T.);
#2629=ORIENTED_EDGE('',*,*,#1912,.T.);
#2630=ORIENTED_EDGE('',*,*,#1897,.F.);
#2631=ORIENTED_EDGE('',*,*,#1913,.T.);
#2632=ORIENTED_EDGE('',*,*,#1877,.T.);
#2633=ORIENTED_EDGE('',*,*,#1910,.F.);
#2634=ORIENTED_EDGE('',*,*,#1914,.T.);
#2635=ORIENTED_EDGE('',*,*,#1915,.T.);
#2636=ORIENTED_EDGE('',*,*,#1707,.T.);
#2637=ORIENTED_EDGE('',*,*,#1821,.T.);
#2638=ORIENTED_EDGE('',*,*,#1916,.T.);
#2639=ORIENTED_EDGE('',*,*,#1917,.T.);
#2640=ORIENTED_EDGE('',*,*,#1915,.F.);
#2641=ORIENTED_EDGE('',*,*,#1918,.F.);
#2642=ORIENTED_EDGE('',*,*,#1881,.T.);
#2643=ORIENTED_EDGE('',*,*,#1708,.T.);
#2644=ORIENTED_EDGE('',*,*,#1914,.F.);
#2645=ORIENTED_EDGE('',*,*,#1919,.F.);
#2646=ORIENTED_EDGE('',*,*,#1920,.T.);
#2647=ORIENTED_EDGE('',*,*,#1921,.F.);
#2648=ORIENTED_EDGE('',*,*,#1922,.F.);
#2649=ORIENTED_EDGE('',*,*,#1923,.T.);
#2650=ORIENTED_EDGE('',*,*,#1924,.F.);
#2651=ORIENTED_EDGE('',*,*,#1925,.F.);
#2652=ORIENTED_EDGE('',*,*,#1926,.F.);
#2653=ORIENTED_EDGE('',*,*,#1927,.F.);
#2654=ORIENTED_EDGE('',*,*,#1928,.T.);
#2655=ORIENTED_EDGE('',*,*,#1883,.F.);
#2656=ORIENTED_EDGE('',*,*,#1648,.T.);
#2657=ORIENTED_EDGE('',*,*,#1880,.F.);
#2658=ORIENTED_EDGE('',*,*,#1882,.T.);
#2659=ORIENTED_EDGE('',*,*,#1918,.T.);
#2660=ORIENTED_EDGE('',*,*,#1717,.T.);
#2661=ORIENTED_EDGE('',*,*,#1929,.T.);
#2662=ORIENTED_EDGE('',*,*,#1926,.T.);
#2663=ORIENTED_EDGE('',*,*,#1930,.T.);
#2664=ORIENTED_EDGE('',*,*,#1931,.T.);
#2665=ORIENTED_EDGE('',*,*,#1846,.T.);
#2666=ORIENTED_EDGE('',*,*,#1930,.F.);
#2667=ORIENTED_EDGE('',*,*,#1925,.T.);
#2668=ORIENTED_EDGE('',*,*,#1932,.T.);
#2669=ORIENTED_EDGE('',*,*,#1933,.T.);
#2670=ORIENTED_EDGE('',*,*,#1934,.F.);
#2671=ORIENTED_EDGE('',*,*,#1929,.F.);
#2672=ORIENTED_EDGE('',*,*,#1716,.T.);
#2673=ORIENTED_EDGE('',*,*,#1935,.T.);
#2674=ORIENTED_EDGE('',*,*,#1927,.T.);
#2675=ORIENTED_EDGE('',*,*,#1886,.F.);
#2676=ORIENTED_EDGE('',*,*,#1912,.F.);
#2677=ORIENTED_EDGE('',*,*,#1936,.T.);
#2678=ORIENTED_EDGE('',*,*,#1937,.T.);
#2679=ORIENTED_EDGE('',*,*,#1869,.F.);
#2680=ORIENTED_EDGE('',*,*,#1938,.F.);
#2681=ORIENTED_EDGE('',*,*,#1936,.F.);
#2682=ORIENTED_EDGE('',*,*,#1911,.F.);
#2683=ORIENTED_EDGE('',*,*,#1884,.F.);
#2684=ORIENTED_EDGE('',*,*,#1928,.F.);
#2685=ORIENTED_EDGE('',*,*,#1935,.F.);
#2686=ORIENTED_EDGE('',*,*,#1715,.F.);
#2687=ORIENTED_EDGE('',*,*,#1813,.F.);
#2688=ORIENTED_EDGE('',*,*,#1865,.T.);
#2689=ORIENTED_EDGE('',*,*,#1939,.T.);
#2690=ORIENTED_EDGE('',*,*,#1940,.T.);
#2691=ORIENTED_EDGE('',*,*,#1941,.F.);
#2692=ORIENTED_EDGE('',*,*,#1917,.F.);
#2693=ORIENTED_EDGE('',*,*,#1942,.T.);
#2694=ORIENTED_EDGE('',*,*,#1943,.T.);
#2695=ORIENTED_EDGE('',*,*,#1944,.T.);
#2696=ORIENTED_EDGE('',*,*,#1919,.T.);
#2697=ORIENTED_EDGE('',*,*,#1841,.F.);
#2698=ORIENTED_EDGE('',*,*,#1845,.T.);
#2699=ORIENTED_EDGE('',*,*,#1945,.T.);
#2700=ORIENTED_EDGE('',*,*,#1946,.T.);
#2701=ORIENTED_EDGE('',*,*,#1784,.T.);
#2702=ORIENTED_EDGE('',*,*,#1850,.F.);
#2703=ORIENTED_EDGE('',*,*,#1790,.T.);
#2704=ORIENTED_EDGE('',*,*,#1947,.T.);
#2705=ORIENTED_EDGE('',*,*,#1948,.T.);
#2706=ORIENTED_EDGE('',*,*,#1949,.F.);
#2707=ORIENTED_EDGE('',*,*,#1950,.F.);
#2708=ORIENTED_EDGE('',*,*,#1785,.F.);
#2709=ORIENTED_EDGE('',*,*,#1946,.F.);
#2710=ORIENTED_EDGE('',*,*,#1951,.F.);
#2711=ORIENTED_EDGE('',*,*,#1952,.F.);
#2712=ORIENTED_EDGE('',*,*,#1951,.T.);
#2713=ORIENTED_EDGE('',*,*,#1945,.F.);
#2714=ORIENTED_EDGE('',*,*,#1844,.F.);
#2715=ORIENTED_EDGE('',*,*,#1953,.T.);
#2716=ORIENTED_EDGE('',*,*,#1954,.T.);
#2717=ORIENTED_EDGE('',*,*,#1933,.F.);
#2718=ORIENTED_EDGE('',*,*,#1955,.F.);
#2719=ORIENTED_EDGE('',*,*,#1956,.T.);
#2720=ORIENTED_EDGE('',*,*,#1955,.T.);
#2721=ORIENTED_EDGE('',*,*,#1932,.F.);
#2722=ORIENTED_EDGE('',*,*,#1924,.T.);
#2723=ORIENTED_EDGE('',*,*,#1931,.F.);
#2724=ORIENTED_EDGE('',*,*,#1934,.T.);
#2725=ORIENTED_EDGE('',*,*,#1954,.F.);
#2726=ORIENTED_EDGE('',*,*,#1957,.F.);
#2727=ORIENTED_EDGE('',*,*,#1847,.F.);
#2728=ORIENTED_EDGE('',*,*,#1958,.F.);
#2729=ORIENTED_EDGE('',*,*,#1905,.F.);
#2730=ORIENTED_EDGE('',*,*,#1892,.F.);
#2731=ORIENTED_EDGE('',*,*,#1959,.F.);
#2732=ORIENTED_EDGE('',*,*,#1960,.F.);
#2733=ORIENTED_EDGE('',*,*,#1959,.T.);
#2734=ORIENTED_EDGE('',*,*,#1891,.F.);
#2735=ORIENTED_EDGE('',*,*,#1895,.F.);
#2736=ORIENTED_EDGE('',*,*,#1961,.T.);
#2737=ORIENTED_EDGE('',*,*,#1962,.T.);
#2738=ORIENTED_EDGE('',*,*,#1948,.F.);
#2739=ORIENTED_EDGE('',*,*,#1963,.F.);
#2740=ORIENTED_EDGE('',*,*,#1964,.T.);
#2741=ORIENTED_EDGE('',*,*,#1963,.T.);
#2742=ORIENTED_EDGE('',*,*,#1947,.F.);
#2743=ORIENTED_EDGE('',*,*,#1789,.T.);
#2744=ORIENTED_EDGE('',*,*,#1851,.F.);
#2745=ORIENTED_EDGE('',*,*,#1949,.T.);
#2746=ORIENTED_EDGE('',*,*,#1962,.F.);
#2747=ORIENTED_EDGE('',*,*,#1965,.F.);
#2748=ORIENTED_EDGE('',*,*,#1853,.F.);
#2749=ORIENTED_EDGE('',*,*,#1966,.F.);
#2750=ORIENTED_EDGE('',*,*,#1920,.F.);
#2751=ORIENTED_EDGE('',*,*,#1944,.F.);
#2752=ORIENTED_EDGE('',*,*,#1967,.F.);
#2753=ORIENTED_EDGE('',*,*,#1968,.F.);
#2754=ORIENTED_EDGE('',*,*,#1967,.T.);
#2755=ORIENTED_EDGE('',*,*,#1943,.F.);
#2756=ORIENTED_EDGE('',*,*,#1969,.F.);
#2757=ORIENTED_EDGE('',*,*,#1916,.F.);
#2758=ORIENTED_EDGE('',*,*,#1820,.F.);
#2759=ORIENTED_EDGE('',*,*,#1970,.F.);
#2760=ORIENTED_EDGE('',*,*,#1969,.T.);
#2761=ORIENTED_EDGE('',*,*,#1942,.F.);
#2762=ORIENTED_EDGE('',*,*,#1971,.T.);
#2763=ORIENTED_EDGE('',*,*,#1972,.T.);
#2764=ORIENTED_EDGE('',*,*,#1940,.F.);
#2765=ORIENTED_EDGE('',*,*,#1973,.F.);
#2766=ORIENTED_EDGE('',*,*,#1974,.T.);
#2767=ORIENTED_EDGE('',*,*,#1973,.T.);
#2768=ORIENTED_EDGE('',*,*,#1939,.F.);
#2769=ORIENTED_EDGE('',*,*,#1864,.T.);
#2770=ORIENTED_EDGE('',*,*,#1814,.F.);
#2771=ORIENTED_EDGE('',*,*,#1941,.T.);
#2772=ORIENTED_EDGE('',*,*,#1972,.F.);
#2773=ORIENTED_EDGE('',*,*,#1975,.F.);
#2774=ORIENTED_EDGE('',*,*,#1818,.F.);
#2775=ORIENTED_EDGE('',*,*,#1976,.T.);
#2776=ORIENTED_EDGE('',*,*,#1977,.T.);
#2777=ORIENTED_EDGE('',*,*,#1903,.F.);
#2778=ORIENTED_EDGE('',*,*,#1978,.F.);
#2779=ORIENTED_EDGE('',*,*,#1979,.T.);
#2780=ORIENTED_EDGE('',*,*,#1978,.T.);
#2781=ORIENTED_EDGE('',*,*,#1902,.F.);
#2782=ORIENTED_EDGE('',*,*,#1909,.T.);
#2783=ORIENTED_EDGE('',*,*,#1900,.F.);
#2784=ORIENTED_EDGE('',*,*,#1904,.T.);
#2785=ORIENTED_EDGE('',*,*,#1977,.F.);
#2786=ORIENTED_EDGE('',*,*,#1980,.F.);
#2787=ORIENTED_EDGE('',*,*,#1836,.F.);
#2788=ORIENTED_EDGE('',*,*,#1981,.F.);
#2789=ORIENTED_EDGE('',*,*,#1860,.F.);
#2790=ORIENTED_EDGE('',*,*,#1829,.F.);
#2791=ORIENTED_EDGE('',*,*,#1982,.F.);
#2792=ORIENTED_EDGE('',*,*,#1983,.F.);
#2793=ORIENTED_EDGE('',*,*,#1982,.T.);
#2794=ORIENTED_EDGE('',*,*,#1828,.F.);
#2795=ORIENTED_EDGE('',*,*,#1833,.F.);
#2796=ORIENTED_EDGE('',*,*,#1832,.T.);
#2797=ORIENTED_EDGE('',*,*,#1837,.T.);
#2798=ORIENTED_EDGE('',*,*,#1980,.T.);
#2799=ORIENTED_EDGE('',*,*,#1984,.T.);
#2800=ORIENTED_EDGE('',*,*,#1970,.T.);
#2801=ORIENTED_EDGE('',*,*,#1819,.T.);
#2802=ORIENTED_EDGE('',*,*,#1975,.T.);
#2803=ORIENTED_EDGE('',*,*,#1985,.T.);
#2804=ORIENTED_EDGE('',*,*,#1843,.T.);
#2805=ORIENTED_EDGE('',*,*,#1848,.T.);
#2806=ORIENTED_EDGE('',*,*,#1957,.T.);
#2807=ORIENTED_EDGE('',*,*,#1986,.T.);
#2808=ORIENTED_EDGE('',*,*,#1894,.T.);
#2809=ORIENTED_EDGE('',*,*,#1854,.T.);
#2810=ORIENTED_EDGE('',*,*,#1965,.T.);
#2811=ORIENTED_EDGE('',*,*,#1987,.T.);
#2812=ORIENTED_EDGE('',*,*,#1966,.T.);
#2813=ORIENTED_EDGE('',*,*,#1988,.F.);
#2814=ORIENTED_EDGE('',*,*,#1974,.F.);
#2815=ORIENTED_EDGE('',*,*,#1989,.T.);
#2816=ORIENTED_EDGE('',*,*,#1989,.F.);
#2817=ORIENTED_EDGE('',*,*,#1863,.F.);
#2818=ORIENTED_EDGE('',*,*,#1990,.F.);
#2819=ORIENTED_EDGE('',*,*,#1921,.T.);
#2820=ORIENTED_EDGE('',*,*,#1981,.T.);
#2821=ORIENTED_EDGE('',*,*,#1991,.F.);
#2822=ORIENTED_EDGE('',*,*,#1979,.F.);
#2823=ORIENTED_EDGE('',*,*,#1992,.T.);
#2824=ORIENTED_EDGE('',*,*,#1992,.F.);
#2825=ORIENTED_EDGE('',*,*,#1908,.F.);
#2826=ORIENTED_EDGE('',*,*,#1993,.F.);
#2827=ORIENTED_EDGE('',*,*,#1861,.T.);
#2828=ORIENTED_EDGE('',*,*,#1958,.T.);
#2829=ORIENTED_EDGE('',*,*,#1994,.F.);
#2830=ORIENTED_EDGE('',*,*,#1964,.F.);
#2831=ORIENTED_EDGE('',*,*,#1995,.T.);
#2832=ORIENTED_EDGE('',*,*,#1995,.F.);
#2833=ORIENTED_EDGE('',*,*,#1788,.F.);
#2834=ORIENTED_EDGE('',*,*,#1996,.F.);
#2835=ORIENTED_EDGE('',*,*,#1906,.T.);
#2836=ORIENTED_EDGE('',*,*,#1950,.T.);
#2837=ORIENTED_EDGE('',*,*,#1997,.F.);
#2838=ORIENTED_EDGE('',*,*,#1956,.F.);
#2839=ORIENTED_EDGE('',*,*,#1998,.T.);
#2840=ORIENTED_EDGE('',*,*,#1998,.F.);
#2841=ORIENTED_EDGE('',*,*,#1923,.F.);
#2842=ORIENTED_EDGE('',*,*,#1999,.F.);
#2843=ORIENTED_EDGE('',*,*,#1786,.T.);
#2844=ORIENTED_EDGE('',*,*,#1984,.F.);
#2845=ORIENTED_EDGE('',*,*,#1976,.F.);
#2846=ORIENTED_EDGE('',*,*,#1991,.T.);
#2847=ORIENTED_EDGE('',*,*,#1983,.T.);
#2848=ORIENTED_EDGE('',*,*,#1987,.F.);
#2849=ORIENTED_EDGE('',*,*,#1961,.F.);
#2850=ORIENTED_EDGE('',*,*,#1994,.T.);
#2851=ORIENTED_EDGE('',*,*,#1960,.T.);
#2852=ORIENTED_EDGE('',*,*,#1986,.F.);
#2853=ORIENTED_EDGE('',*,*,#1953,.F.);
#2854=ORIENTED_EDGE('',*,*,#1997,.T.);
#2855=ORIENTED_EDGE('',*,*,#1952,.T.);
#2856=ORIENTED_EDGE('',*,*,#1985,.F.);
#2857=ORIENTED_EDGE('',*,*,#1971,.F.);
#2858=ORIENTED_EDGE('',*,*,#1988,.T.);
#2859=ORIENTED_EDGE('',*,*,#1968,.T.);
#2860=ORIENTED_EDGE('',*,*,#2000,.T.);
#2861=ORIENTED_EDGE('',*,*,#2001,.T.);
#2862=ORIENTED_EDGE('',*,*,#2002,.T.);
#2863=ORIENTED_EDGE('',*,*,#1862,.T.);
#2864=ORIENTED_EDGE('',*,*,#2003,.T.);
#2865=ORIENTED_EDGE('',*,*,#1990,.T.);
#2866=ORIENTED_EDGE('',*,*,#2002,.F.);
#2867=ORIENTED_EDGE('',*,*,#2004,.T.);
#2868=ORIENTED_EDGE('',*,*,#2005,.T.);
#2869=ORIENTED_EDGE('',*,*,#1922,.T.);
#2870=ORIENTED_EDGE('',*,*,#2003,.F.);
#2871=ORIENTED_EDGE('',*,*,#2006,.T.);
#2872=ORIENTED_EDGE('',*,*,#2007,.T.);
#2873=ORIENTED_EDGE('',*,*,#1999,.T.);
#2874=ORIENTED_EDGE('',*,*,#2005,.F.);
#2875=ORIENTED_EDGE('',*,*,#2008,.T.);
#2876=ORIENTED_EDGE('',*,*,#2009,.T.);
#2877=ORIENTED_EDGE('',*,*,#1787,.T.);
#2878=ORIENTED_EDGE('',*,*,#2007,.F.);
#2879=ORIENTED_EDGE('',*,*,#2010,.T.);
#2880=ORIENTED_EDGE('',*,*,#2011,.T.);
#2881=ORIENTED_EDGE('',*,*,#1996,.T.);
#2882=ORIENTED_EDGE('',*,*,#2009,.F.);
#2883=ORIENTED_EDGE('',*,*,#2012,.T.);
#2884=ORIENTED_EDGE('',*,*,#2013,.T.);
#2885=ORIENTED_EDGE('',*,*,#1907,.T.);
#2886=ORIENTED_EDGE('',*,*,#2011,.F.);
#2887=ORIENTED_EDGE('',*,*,#2014,.T.);
#2888=ORIENTED_EDGE('',*,*,#2000,.F.);
#2889=ORIENTED_EDGE('',*,*,#1993,.T.);
#2890=ORIENTED_EDGE('',*,*,#2013,.F.);
#2891=ORIENTED_EDGE('',*,*,#2015,.T.);
#2892=ORIENTED_EDGE('',*,*,#2001,.F.);
#2893=ORIENTED_EDGE('',*,*,#2015,.F.);
#2894=ORIENTED_EDGE('',*,*,#2014,.F.);
#2895=ORIENTED_EDGE('',*,*,#2012,.F.);
#2896=ORIENTED_EDGE('',*,*,#2010,.F.);
#2897=ORIENTED_EDGE('',*,*,#2008,.F.);
#2898=ORIENTED_EDGE('',*,*,#2006,.F.);
#2899=ORIENTED_EDGE('',*,*,#2004,.F.);
#2900=ORIENTED_EDGE('',*,*,#1564,.T.);
#2901=ORIENTED_EDGE('',*,*,#1568,.T.);
#2902=ORIENTED_EDGE('',*,*,#1572,.T.);
#2903=ORIENTED_EDGE('',*,*,#1576,.T.);
#2904=ORIENTED_EDGE('',*,*,#1580,.T.);
#2905=ORIENTED_EDGE('',*,*,#1584,.T.);
#2906=ORIENTED_EDGE('',*,*,#1736,.F.);
#2907=ORIENTED_EDGE('',*,*,#1744,.T.);
#2908=ORIENTED_EDGE('',*,*,#1857,.F.);
#2909=ORIENTED_EDGE('',*,*,#1887,.F.);
#2910=ORIENTED_EDGE('',*,*,#1937,.F.);
#2911=ORIENTED_EDGE('',*,*,#1938,.T.);
#2912=ORIENTED_EDGE('',*,*,#1868,.F.);
#2913=ORIENTED_EDGE('',*,*,#1872,.T.);
#2914=ORIENTED_EDGE('',*,*,#1875,.F.);
#2915=ORIENTED_EDGE('',*,*,#1878,.T.);
#2916=ORIENTED_EDGE('',*,*,#1913,.F.);
#2917=ORIENTED_EDGE('',*,*,#1896,.F.);
#2918=ORIENTED_EDGE('',*,*,#1834,.F.);
#2919=ORIENTED_EDGE('',*,*,#1774,.F.);
#2920=CYLINDRICAL_SURFACE('',#3167,3.00000000000001);
#2921=CYLINDRICAL_SURFACE('',#3172,3.);
#2922=CYLINDRICAL_SURFACE('',#3177,2.99999999999999);
#2923=CYLINDRICAL_SURFACE('',#3182,3.00000000000001);
#2924=CYLINDRICAL_SURFACE('',#3187,3.);
#2925=CYLINDRICAL_SURFACE('',#3192,3.00000000000001);
#2926=CYLINDRICAL_SURFACE('',#3208,2.05);
#2927=CYLINDRICAL_SURFACE('',#3210,2.05);
#2928=CYLINDRICAL_SURFACE('',#3212,2.05);
#2929=CYLINDRICAL_SURFACE('',#3214,2.05);
#2930=CYLINDRICAL_SURFACE('',#3216,2.05);
#2931=CYLINDRICAL_SURFACE('',#3218,2.05);
#2932=CYLINDRICAL_SURFACE('',#3276,15.5);
#2933=CYLINDRICAL_SURFACE('',#3285,15.5);
#2934=CYLINDRICAL_SURFACE('',#3287,15.5);
#2935=CYLINDRICAL_SURFACE('',#3295,15.5);
#2936=CYLINDRICAL_SURFACE('',#3297,5.);
#2937=CYLINDRICAL_SURFACE('',#3306,5.);
#2938=CYLINDRICAL_SURFACE('',#3313,5.);
#2939=CYLINDRICAL_SURFACE('',#3316,5.);
#2940=CYLINDRICAL_SURFACE('',#3320,5.);
#2941=CYLINDRICAL_SURFACE('',#3324,5.);
#2942=CYLINDRICAL_SURFACE('',#3333,5.);
#2943=CYLINDRICAL_SURFACE('',#3339,5.);
#2944=CYLINDRICAL_SURFACE('',#3342,5.);
#2945=CYLINDRICAL_SURFACE('',#3345,5.);
#2946=CYLINDRICAL_SURFACE('',#3347,5.);
#2947=CYLINDRICAL_SURFACE('',#3350,20.);
#2948=CYLINDRICAL_SURFACE('',#3354,20.);
#2949=CYLINDRICAL_SURFACE('',#3358,20.);
#2950=CYLINDRICAL_SURFACE('',#3361,20.);
#2951=CYLINDRICAL_SURFACE('',#3363,5.);
#2952=CYLINDRICAL_SURFACE('',#3371,5.);
#2953=CYLINDRICAL_SURFACE('',#3381,5.);
#2954=CYLINDRICAL_SURFACE('',#3383,5.);
#2955=CYLINDRICAL_SURFACE('',#3387,5.);
#2956=CYLINDRICAL_SURFACE('',#3392,5.);
#2957=CYLINDRICAL_SURFACE('',#3397,5.);
#2958=CYLINDRICAL_SURFACE('',#3398,5.);
#2959=CYLINDRICAL_SURFACE('',#3410,2.);
#2960=CYLINDRICAL_SURFACE('',#3414,2.);
#2961=CYLINDRICAL_SURFACE('',#3417,2.);
#2962=CYLINDRICAL_SURFACE('',#3421,2.);
#2963=CYLINDRICAL_SURFACE('',#3424,2.);
#2964=CYLINDRICAL_SURFACE('',#3429,2.);
#2965=CYLINDRICAL_SURFACE('',#3433,2.);
#2966=CYLINDRICAL_SURFACE('',#3436,2.);
#2967=CYLINDRICAL_SURFACE('',#3450,13.5);
#2968=CYLINDRICAL_SURFACE('',#3455,13.5);
#2969=CYLINDRICAL_SURFACE('',#3460,13.5);
#2970=CYLINDRICAL_SURFACE('',#3465,13.5);
#2971=CYLINDRICAL_SURFACE('',#3467,11.5);
#2972=CYLINDRICAL_SURFACE('',#3468,11.5);
#2973=CYLINDRICAL_SURFACE('',#3469,11.5);
#2974=CYLINDRICAL_SURFACE('',#3470,11.5);
#2975=CYLINDRICAL_SURFACE('',#3471,2.);
#2976=CYLINDRICAL_SURFACE('',#3477,2.);
#2977=CYLINDRICAL_SURFACE('',#3482,2.);
#2978=CYLINDRICAL_SURFACE('',#3487,2.);
#2979=ADVANCED_FACE('',(#178),#2920,.F.);
#2980=ADVANCED_FACE('',(#179,#61),#85,.T.);
#2981=ADVANCED_FACE('',(#180),#2921,.F.);
#2982=ADVANCED_FACE('',(#181,#62),#86,.T.);
#2983=ADVANCED_FACE('',(#182),#2922,.F.);
#2984=ADVANCED_FACE('',(#183,#63),#87,.T.);
#2985=ADVANCED_FACE('',(#184),#2923,.F.);
#2986=ADVANCED_FACE('',(#185,#64),#88,.T.);
#2987=ADVANCED_FACE('',(#186),#2924,.F.);
#2988=ADVANCED_FACE('',(#187,#65),#89,.T.);
#2989=ADVANCED_FACE('',(#188),#2925,.F.);
#2990=ADVANCED_FACE('',(#189,#66),#90,.T.);
#2991=ADVANCED_FACE('',(#190,#67,#68,#69,#70,#71,#72),#91,.F.);
#2992=ADVANCED_FACE('',(#191),#2926,.F.);
#2993=ADVANCED_FACE('',(#192),#2927,.F.);
#2994=ADVANCED_FACE('',(#193),#2928,.F.);
#2995=ADVANCED_FACE('',(#194),#2929,.F.);
#2996=ADVANCED_FACE('',(#195),#2930,.F.);
#2997=ADVANCED_FACE('',(#196),#2931,.F.);
#2998=ADVANCED_FACE('',(#197),#92,.T.);
#2999=ADVANCED_FACE('',(#198),#93,.T.);
#3000=ADVANCED_FACE('',(#199),#94,.T.);
#3001=ADVANCED_FACE('',(#200),#95,.T.);
#3002=ADVANCED_FACE('',(#201),#96,.T.);
#3003=ADVANCED_FACE('',(#202),#97,.T.);
#3004=ADVANCED_FACE('',(#203),#98,.T.);
#3005=ADVANCED_FACE('',(#204,#73,#74,#75),#99,.F.);
#3006=ADVANCED_FACE('',(#205),#100,.T.);
#3007=ADVANCED_FACE('',(#206),#101,.T.);
#3008=ADVANCED_FACE('',(#207),#102,.F.);
#3009=ADVANCED_FACE('',(#208),#103,.F.);
#3010=ADVANCED_FACE('',(#209),#104,.F.);
#3011=ADVANCED_FACE('',(#210),#105,.F.);
#3012=ADVANCED_FACE('',(#211),#106,.F.);
#3013=ADVANCED_FACE('',(#212),#107,.F.);
#3014=ADVANCED_FACE('',(#213),#108,.F.);
#3015=ADVANCED_FACE('',(#214),#109,.F.);
#3016=ADVANCED_FACE('',(#215),#110,.F.);
#3017=ADVANCED_FACE('',(#216),#111,.F.);
#3018=ADVANCED_FACE('',(#217),#112,.F.);
#3019=ADVANCED_FACE('',(#218),#113,.F.);
#3020=ADVANCED_FACE('',(#219),#114,.F.);
#3021=ADVANCED_FACE('',(#220),#115,.F.);
#3022=ADVANCED_FACE('',(#221),#116,.F.);
#3023=ADVANCED_FACE('',(#222),#117,.T.);
#3024=ADVANCED_FACE('',(#223),#118,.T.);
#3025=ADVANCED_FACE('',(#224),#119,.T.);
#3026=ADVANCED_FACE('',(#225),#120,.T.);
#3027=ADVANCED_FACE('',(#226),#121,.T.);
#3028=ADVANCED_FACE('',(#227),#122,.T.);
#3029=ADVANCED_FACE('',(#228),#123,.T.);
#3030=ADVANCED_FACE('',(#229),#47,.F.);
#3031=ADVANCED_FACE('',(#230),#48,.F.);
#3032=ADVANCED_FACE('',(#231),#49,.F.);
#3033=ADVANCED_FACE('',(#232),#50,.F.);
#3034=ADVANCED_FACE('',(#233),#51,.F.);
#3035=ADVANCED_FACE('',(#234),#52,.F.);
#3036=ADVANCED_FACE('',(#235,#76,#77,#78),#124,.T.);
#3037=ADVANCED_FACE('',(#236),#53,.T.);
#3038=ADVANCED_FACE('',(#237),#125,.T.);
#3039=ADVANCED_FACE('',(#238),#54,.T.);
#3040=ADVANCED_FACE('',(#239),#126,.T.);
#3041=ADVANCED_FACE('',(#240),#55,.T.);
#3042=ADVANCED_FACE('',(#241),#127,.T.);
#3043=ADVANCED_FACE('',(#242),#56,.T.);
#3044=ADVANCED_FACE('',(#243),#2932,.T.);
#3045=ADVANCED_FACE('',(#244),#128,.T.);
#3046=ADVANCED_FACE('',(#245),#2933,.T.);
#3047=ADVANCED_FACE('',(#246),#2934,.T.);
#3048=ADVANCED_FACE('',(#247),#129,.T.);
#3049=ADVANCED_FACE('',(#248),#2935,.T.);
#3050=ADVANCED_FACE('',(#249),#2936,.T.);
#3051=ADVANCED_FACE('',(#250),#130,.F.);
#3052=ADVANCED_FACE('',(#251),#131,.F.);
#3053=ADVANCED_FACE('',(#252),#2937,.T.);
#3054=ADVANCED_FACE('',(#253),#132,.F.);
#3055=ADVANCED_FACE('',(#254),#133,.F.);
#3056=ADVANCED_FACE('',(#255),#134,.F.);
#3057=ADVANCED_FACE('',(#256),#135,.T.);
#3058=ADVANCED_FACE('',(#257),#136,.T.);
#3059=ADVANCED_FACE('',(#258),#137,.F.);
#3060=ADVANCED_FACE('',(#259),#2938,.F.);
#3061=ADVANCED_FACE('',(#260),#138,.F.);
#3062=ADVANCED_FACE('',(#261),#2939,.T.);
#3063=ADVANCED_FACE('',(#262),#2940,.F.);
#3064=ADVANCED_FACE('',(#263),#139,.T.);
#3065=ADVANCED_FACE('',(#264),#2941,.T.);
#3066=ADVANCED_FACE('',(#265),#140,.T.);
#3067=ADVANCED_FACE('',(#266),#141,.T.);
#3068=ADVANCED_FACE('',(#267),#142,.T.);
#3069=ADVANCED_FACE('',(#268),#2942,.T.);
#3070=ADVANCED_FACE('',(#269),#143,.T.);
#3071=ADVANCED_FACE('',(#270),#144,.T.);
#3072=ADVANCED_FACE('',(#271),#2943,.T.);
#3073=ADVANCED_FACE('',(#272),#2944,.F.);
#3074=ADVANCED_FACE('',(#273),#145,.T.);
#3075=ADVANCED_FACE('',(#274),#2945,.F.);
#3076=ADVANCED_FACE('',(#275),#2946,.F.);
#3077=ADVANCED_FACE('',(#276),#146,.F.);
#3078=ADVANCED_FACE('',(#277),#147,.F.);
#3079=ADVANCED_FACE('',(#278),#2947,.F.);
#3080=ADVANCED_FACE('',(#279),#148,.F.);
#3081=ADVANCED_FACE('',(#280),#2948,.F.);
#3082=ADVANCED_FACE('',(#281),#149,.F.);
#3083=ADVANCED_FACE('',(#282),#2949,.F.);
#3084=ADVANCED_FACE('',(#283),#150,.F.);
#3085=ADVANCED_FACE('',(#284),#2950,.F.);
#3086=ADVANCED_FACE('',(#285),#2951,.T.);
#3087=ADVANCED_FACE('',(#286),#151,.T.);
#3088=ADVANCED_FACE('',(#287),#152,.T.);
#3089=ADVANCED_FACE('',(#288),#2952,.T.);
#3090=ADVANCED_FACE('',(#289),#153,.T.);
#3091=ADVANCED_FACE('',(#290),#154,.F.);
#3092=ADVANCED_FACE('',(#291),#2953,.F.);
#3093=ADVANCED_FACE('',(#292),#2954,.T.);
#3094=ADVANCED_FACE('',(#293),#2955,.F.);
#3095=ADVANCED_FACE('',(#294),#155,.F.);
#3096=ADVANCED_FACE('',(#295),#2956,.T.);
#3097=ADVANCED_FACE('',(#296),#156,.T.);
#3098=ADVANCED_FACE('',(#297),#2957,.F.);
#3099=ADVANCED_FACE('',(#298),#2958,.F.);
#3100=ADVANCED_FACE('',(#299),#157,.F.);
#3101=ADVANCED_FACE('',(#300),#158,.F.);
#3102=ADVANCED_FACE('',(#301),#159,.T.);
#3103=ADVANCED_FACE('',(#302),#160,.T.);
#3104=ADVANCED_FACE('',(#303),#161,.T.);
#3105=ADVANCED_FACE('',(#304),#162,.T.);
#3106=ADVANCED_FACE('',(#305),#2959,.F.);
#3107=ADVANCED_FACE('',(#306),#163,.T.);
#3108=ADVANCED_FACE('',(#307),#164,.T.);
#3109=ADVANCED_FACE('',(#308),#2960,.F.);
#3110=ADVANCED_FACE('',(#309),#165,.T.);
#3111=ADVANCED_FACE('',(#310),#2961,.F.);
#3112=ADVANCED_FACE('',(#311),#166,.T.);
#3113=ADVANCED_FACE('',(#312),#167,.T.);
#3114=ADVANCED_FACE('',(#313),#2962,.F.);
#3115=ADVANCED_FACE('',(#314),#168,.T.);
#3116=ADVANCED_FACE('',(#315),#2963,.F.);
#3117=ADVANCED_FACE('',(#316),#169,.T.);
#3118=ADVANCED_FACE('',(#317),#170,.T.);
#3119=ADVANCED_FACE('',(#318),#171,.T.);
#3120=ADVANCED_FACE('',(#319),#2964,.F.);
#3121=ADVANCED_FACE('',(#320),#172,.T.);
#3122=ADVANCED_FACE('',(#321),#173,.T.);
#3123=ADVANCED_FACE('',(#322),#2965,.F.);
#3124=ADVANCED_FACE('',(#323),#174,.T.);
#3125=ADVANCED_FACE('',(#324),#2966,.F.);
#3126=ADVANCED_FACE('',(#325),#175,.T.);
#3127=ADVANCED_FACE('',(#326),#57,.F.);
#3128=ADVANCED_FACE('',(#327),#58,.F.);
#3129=ADVANCED_FACE('',(#328),#59,.F.);
#3130=ADVANCED_FACE('',(#329),#60,.F.);
#3131=ADVANCED_FACE('',(#330),#15,.F.);
#3132=ADVANCED_FACE('',(#331),#2967,.F.);
#3133=ADVANCED_FACE('',(#332),#16,.F.);
#3134=ADVANCED_FACE('',(#333),#2968,.F.);
#3135=ADVANCED_FACE('',(#334),#17,.F.);
#3136=ADVANCED_FACE('',(#335),#2969,.F.);
#3137=ADVANCED_FACE('',(#336),#18,.F.);
#3138=ADVANCED_FACE('',(#337),#2970,.F.);
#3139=ADVANCED_FACE('',(#338),#2971,.F.);
#3140=ADVANCED_FACE('',(#339),#2972,.F.);
#3141=ADVANCED_FACE('',(#340),#2973,.F.);
#3142=ADVANCED_FACE('',(#341),#2974,.F.);
#3143=ADVANCED_FACE('',(#342),#2975,.F.);
#3144=ADVANCED_FACE('',(#343),#19,.F.);
#3145=ADVANCED_FACE('',(#344),#2976,.F.);
#3146=ADVANCED_FACE('',(#345),#20,.F.);
#3147=ADVANCED_FACE('',(#346),#2977,.F.);
#3148=ADVANCED_FACE('',(#347),#21,.F.);
#3149=ADVANCED_FACE('',(#348),#2978,.F.);
#3150=ADVANCED_FACE('',(#349),#22,.F.);
#3151=ADVANCED_FACE('',(#350,#79,#80,#81,#82,#83,#84),#176,.T.);
#3152=ADVANCED_FACE('',(#351),#177,.T.);
#3153=CLOSED_SHELL('',(#2979,#2980,#2981,#2982,#2983,#2984,#2985,#2986,
#2987,#2988,#2989,#2990,#2991,#2992,#2993,#2994,#2995,#2996,#2997,#2998,
#2999,#3000,#3001,#3002,#3003,#3004,#3005,#3006,#3007,#3008,#3009,#3010,
#3011,#3012,#3013,#3014,#3015,#3016,#3017,#3018,#3019,#3020,#3021,#3022,
#3023,#3024,#3025,#3026,#3027,#3028,#3029,#3030,#3031,#3032,#3033,#3034,
#3035,#3036,#3037,#3038,#3039,#3040,#3041,#3042,#3043,#3044,#3045,#3046,
#3047,#3048,#3049,#3050,#3051,#3052,#3053,#3054,#3055,#3056,#3057,#3058,
#3059,#3060,#3061,#3062,#3063,#3064,#3065,#3066,#3067,#3068,#3069,#3070,
#3071,#3072,#3073,#3074,#3075,#3076,#3077,#3078,#3079,#3080,#3081,#3082,
#3083,#3084,#3085,#3086,#3087,#3088,#3089,#3090,#3091,#3092,#3093,#3094,
#3095,#3096,#3097,#3098,#3099,#3100,#3101,#3102,#3103,#3104,#3105,#3106,
#3107,#3108,#3109,#3110,#3111,#3112,#3113,#3114,#3115,#3116,#3117,#3118,
#3119,#3120,#3121,#3122,#3123,#3124,#3125,#3126,#3127,#3128,#3129,#3130,
#3131,#3132,#3133,#3134,#3135,#3136,#3137,#3138,#3139,#3140,#3141,#3142,
#3143,#3144,#3145,#3146,#3147,#3148,#3149,#3150,#3151,#3152));
#3154=DERIVED_UNIT_ELEMENT(#3156,1.);
#3155=DERIVED_UNIT_ELEMENT(#5365,-3.);
#3156=(
MASS_UNIT()
NAMED_UNIT(*)
SI_UNIT(.KILO.,.GRAM.)
);
#3157=DERIVED_UNIT((#3154,#3155));
#3158=MEASURE_REPRESENTATION_ITEM('density measure',
POSITIVE_RATIO_MEASURE(7850.),#3157);
#3159=PROPERTY_DEFINITION_REPRESENTATION(#3164,#3161);
#3160=PROPERTY_DEFINITION_REPRESENTATION(#3165,#3162);
#3161=REPRESENTATION('material name',(#3163),#5362);
#3162=REPRESENTATION('density',(#3158),#5362);
#3163=DESCRIPTIVE_REPRESENTATION_ITEM('Acero','Acero');
#3164=PROPERTY_DEFINITION('material property','material name',#5372);
#3165=PROPERTY_DEFINITION('material property','density of part',#5372);
#3166=AXIS2_PLACEMENT_3D('',#4447,#3493,#3494);
#3167=AXIS2_PLACEMENT_3D('',#4448,#3495,#3496);
#3168=AXIS2_PLACEMENT_3D('',#4450,#3497,#3498);
#3169=AXIS2_PLACEMENT_3D('',#4453,#3500,#3501);
#3170=AXIS2_PLACEMENT_3D('',#4454,#3502,#3503);
#3171=AXIS2_PLACEMENT_3D('',#4456,#3504,#3505);
#3172=AXIS2_PLACEMENT_3D('',#4457,#3506,#3507);
#3173=AXIS2_PLACEMENT_3D('',#4459,#3508,#3509);
#3174=AXIS2_PLACEMENT_3D('',#4462,#3511,#3512);
#3175=AXIS2_PLACEMENT_3D('',#4463,#3513,#3514);
#3176=AXIS2_PLACEMENT_3D('',#4465,#3515,#3516);
#3177=AXIS2_PLACEMENT_3D('',#4466,#3517,#3518);
#3178=AXIS2_PLACEMENT_3D('',#4468,#3519,#3520);
#3179=AXIS2_PLACEMENT_3D('',#4471,#3522,#3523);
#3180=AXIS2_PLACEMENT_3D('',#4472,#3524,#3525);
#3181=AXIS2_PLACEMENT_3D('',#4474,#3526,#3527);
#3182=AXIS2_PLACEMENT_3D('',#4475,#3528,#3529);
#3183=AXIS2_PLACEMENT_3D('',#4477,#3530,#3531);
#3184=AXIS2_PLACEMENT_3D('',#4480,#3533,#3534);
#3185=AXIS2_PLACEMENT_3D('',#4481,#3535,#3536);
#3186=AXIS2_PLACEMENT_3D('',#4483,#3537,#3538);
#3187=AXIS2_PLACEMENT_3D('',#4484,#3539,#3540);
#3188=AXIS2_PLACEMENT_3D('',#4486,#3541,#3542);
#3189=AXIS2_PLACEMENT_3D('',#4489,#3544,#3545);
#3190=AXIS2_PLACEMENT_3D('',#4490,#3546,#3547);
#3191=AXIS2_PLACEMENT_3D('',#4492,#3548,#3549);
#3192=AXIS2_PLACEMENT_3D('',#4493,#3550,#3551);
#3193=AXIS2_PLACEMENT_3D('',#4495,#3552,#3553);
#3194=AXIS2_PLACEMENT_3D('',#4498,#3555,#3556);
#3195=AXIS2_PLACEMENT_3D('',#4499,#3557,#3558);
#3196=AXIS2_PLACEMENT_3D('',#4501,#3559,#3560);
#3197=AXIS2_PLACEMENT_3D('',#4502,#3561,#3562);
#3198=AXIS2_PLACEMENT_3D('',#4505,#3563,#3564);
#3199=AXIS2_PLACEMENT_3D('',#4509,#3566,#3567);
#3200=AXIS2_PLACEMENT_3D('',#4513,#3569,#3570);
#3201=AXIS2_PLACEMENT_3D('',#4517,#3572,#3573);
#3202=AXIS2_PLACEMENT_3D('',#4520,#3575,#3576);
#3203=AXIS2_PLACEMENT_3D('',#4522,#3577,#3578);
#3204=AXIS2_PLACEMENT_3D('',#4524,#3579,#3580);
#3205=AXIS2_PLACEMENT_3D('',#4526,#3581,#3582);
#3206=AXIS2_PLACEMENT_3D('',#4528,#3583,#3584);
#3207=AXIS2_PLACEMENT_3D('',#4530,#3585,#3586);
#3208=AXIS2_PLACEMENT_3D('',#4531,#3587,#3588);
#3209=AXIS2_PLACEMENT_3D('',#4534,#3590,#3591);
#3210=AXIS2_PLACEMENT_3D('',#4535,#3592,#3593);
#3211=AXIS2_PLACEMENT_3D('',#4538,#3595,#3596);
#3212=AXIS2_PLACEMENT_3D('',#4539,#3597,#3598);
#3213=AXIS2_PLACEMENT_3D('',#4542,#3600,#3601);
#3214=AXIS2_PLACEMENT_3D('',#4543,#3602,#3603);
#3215=AXIS2_PLACEMENT_3D('',#4546,#3605,#3606);
#3216=AXIS2_PLACEMENT_3D('',#4547,#3607,#3608);
#3217=AXIS2_PLACEMENT_3D('',#4550,#3610,#3611);
#3218=AXIS2_PLACEMENT_3D('',#4551,#3612,#3613);
#3219=AXIS2_PLACEMENT_3D('',#4554,#3615,#3616);
#3220=AXIS2_PLACEMENT_3D('',#4555,#3617,#3618);
#3221=AXIS2_PLACEMENT_3D('',#4566,#3624,#3625);
#3222=AXIS2_PLACEMENT_3D('',#4577,#3631,#3632);
#3223=AXIS2_PLACEMENT_3D('',#4588,#3638,#3639);
#3224=AXIS2_PLACEMENT_3D('',#4599,#3645,#3646);
#3225=AXIS2_PLACEMENT_3D('',#4610,#3652,#3653);
#3226=AXIS2_PLACEMENT_3D('',#4621,#3659,#3660);
#3227=AXIS2_PLACEMENT_3D('',#4624,#3663,#3664);
#3228=AXIS2_PLACEMENT_3D('',#4662,#3686,#3687);
#3229=AXIS2_PLACEMENT_3D('',#4664,#3689,#3690);
#3230=AXIS2_PLACEMENT_3D('',#4666,#3692,#3693);
#3231=AXIS2_PLACEMENT_3D('',#4674,#3698,#3699);
#3232=AXIS2_PLACEMENT_3D('',#4678,#3702,#3703);
#3233=AXIS2_PLACEMENT_3D('',#4684,#3707,#3708);
#3234=AXIS2_PLACEMENT_3D('',#4692,#3713,#3714);
#3235=AXIS2_PLACEMENT_3D('',#4696,#3717,#3718);
#3236=AXIS2_PLACEMENT_3D('',#4702,#3722,#3723);
#3237=AXIS2_PLACEMENT_3D('',#4710,#3728,#3729);
#3238=AXIS2_PLACEMENT_3D('',#4714,#3732,#3733);
#3239=AXIS2_PLACEMENT_3D('',#4720,#3737,#3738);
#3240=AXIS2_PLACEMENT_3D('',#4723,#3741,#3742);
#3241=AXIS2_PLACEMENT_3D('',#4724,#3743,#3744);
#3242=AXIS2_PLACEMENT_3D('',#4727,#3747,#3748);
#3243=AXIS2_PLACEMENT_3D('',#4728,#3749,#3750);
#3244=AXIS2_PLACEMENT_3D('',#4731,#3753,#3754);
#3245=AXIS2_PLACEMENT_3D('',#4732,#3755,#3756);
#3246=AXIS2_PLACEMENT_3D('',#4734,#3758,#3759);
#3247=AXIS2_PLACEMENT_3D('',#4736,#3761,#3762);
#3248=AXIS2_PLACEMENT_3D('',#4744,#3766,#3767);
#3249=AXIS2_PLACEMENT_3D('',#4746,#3768,#3769);
#3250=AXIS2_PLACEMENT_3D('',#4749,#3771,#3772);
#3251=AXIS2_PLACEMENT_3D('',#4750,#3773,#3774);
#3252=AXIS2_PLACEMENT_3D('',#4752,#3776,#3777);
#3253=AXIS2_PLACEMENT_3D('',#4754,#3779,#3780);
#3254=AXIS2_PLACEMENT_3D('',#4756,#3782,#3783);
#3255=AXIS2_PLACEMENT_3D('',#4758,#3784,#3785);
#3256=AXIS2_PLACEMENT_3D('',#4762,#3787,#3788);
#3257=AXIS2_PLACEMENT_3D('',#4764,#3789,#3790);
#3258=AXIS2_PLACEMENT_3D('',#4770,#3794,#3795);
#3259=AXIS2_PLACEMENT_3D('',#4772,#3797,#3798);
#3260=AXIS2_PLACEMENT_3D('',#4774,#3800,#3801);
#3261=AXIS2_PLACEMENT_3D('',#4776,#3803,#3804);
#3262=AXIS2_PLACEMENT_3D('',#4778,#3806,#3807);
#3263=AXIS2_PLACEMENT_3D('',#4780,#3809,#3810);
#3264=AXIS2_PLACEMENT_3D('',#4782,#3812,#3813);
#3265=AXIS2_PLACEMENT_3D('',#4785,#3816,#3817);
#3266=AXIS2_PLACEMENT_3D('',#4788,#3819,#3820);
#3267=AXIS2_PLACEMENT_3D('',#4789,#3821,#3822);
#3268=AXIS2_PLACEMENT_3D('',#4793,#3825,#3826);
#3269=AXIS2_PLACEMENT_3D('',#4796,#3828,#3829);
#3270=AXIS2_PLACEMENT_3D('',#4797,#3830,#3831);
#3271=AXIS2_PLACEMENT_3D('',#4801,#3834,#3835);
#3272=AXIS2_PLACEMENT_3D('',#4804,#3837,#3838);
#3273=AXIS2_PLACEMENT_3D('',#4805,#3839,#3840);
#3274=AXIS2_PLACEMENT_3D('',#4809,#3843,#3844);
#3275=AXIS2_PLACEMENT_3D('',#4810,#3845,#3846);
#3276=AXIS2_PLACEMENT_3D('',#4811,#3847,#3848);
#3277=AXIS2_PLACEMENT_3D('',#4815,#3850,#3851);
#3278=AXIS2_PLACEMENT_3D('',#4817,#3853,#3854);
#3279=AXIS2_PLACEMENT_3D('',#4823,#3857,#3858);
#3280=AXIS2_PLACEMENT_3D('',#4825,#3859,#3860);
#3281=AXIS2_PLACEMENT_3D('',#4829,#3862,#3863);
#3282=AXIS2_PLACEMENT_3D('',#4841,#3869,#3870);
#3283=AXIS2_PLACEMENT_3D('',#4845,#3872,#3873);
#3284=AXIS2_PLACEMENT_3D('',#4847,#3874,#3875);
#3285=AXIS2_PLACEMENT_3D('',#4849,#3877,#3878);
#3286=AXIS2_PLACEMENT_3D('',#4850,#3879,#3880);
#3287=AXIS2_PLACEMENT_3D('',#4851,#3881,#3882);
#3288=AXIS2_PLACEMENT_3D('',#4854,#3884,#3885);
#3289=AXIS2_PLACEMENT_3D('',#4855,#3886,#3887);
#3290=AXIS2_PLACEMENT_3D('',#4861,#3890,#3891);
#3291=AXIS2_PLACEMENT_3D('',#4863,#3892,#3893);
#3292=AXIS2_PLACEMENT_3D('',#4867,#3895,#3896);
#3293=AXIS2_PLACEMENT_3D('',#4871,#3898,#3899);
#3294=AXIS2_PLACEMENT_3D('',#4873,#3900,#3901);
#3295=AXIS2_PLACEMENT_3D('',#4875,#3903,#3904);
#3296=AXIS2_PLACEMENT_3D('',#4878,#3906,#3907);
#3297=AXIS2_PLACEMENT_3D('',#4879,#3908,#3909);
#3298=AXIS2_PLACEMENT_3D('',#4883,#3911,#3912);
#3299=AXIS2_PLACEMENT_3D('',#4885,#3914,#3915);
#3300=AXIS2_PLACEMENT_3D('',#4889,#3918,#3919);
#3301=AXIS2_PLACEMENT_3D('',#4893,#3921,#3922);
#3302=AXIS2_PLACEMENT_3D('',#4895,#3923,#3924);
#3303=AXIS2_PLACEMENT_3D('',#4911,#3932,#3933);
#3304=AXIS2_PLACEMENT_3D('',#4913,#3934,#3935);
#3305=AXIS2_PLACEMENT_3D('',#4917,#3937,#3938);
#3306=AXIS2_PLACEMENT_3D('',#4925,#3943,#3944);
#3307=AXIS2_PLACEMENT_3D('',#4928,#3947,#3948);
#3308=AXIS2_PLACEMENT_3D('',#4930,#3950,#3951);
#3309=AXIS2_PLACEMENT_3D('',#4932,#3953,#3954);
#3310=AXIS2_PLACEMENT_3D('',#4934,#3956,#3957);
#3311=AXIS2_PLACEMENT_3D('',#4936,#3959,#3960);
#3312=AXIS2_PLACEMENT_3D('',#4938,#3962,#3963);
#3313=AXIS2_PLACEMENT_3D('',#4939,#3964,#3965);
#3314=AXIS2_PLACEMENT_3D('',#4942,#3966,#3967);
#3315=AXIS2_PLACEMENT_3D('',#4945,#3970,#3971);
#3316=AXIS2_PLACEMENT_3D('',#4949,#3974,#3975);
#3317=AXIS2_PLACEMENT_3D('',#4953,#3977,#3978);
#3318=AXIS2_PLACEMENT_3D('',#4955,#3979,#3980);
#3319=AXIS2_PLACEMENT_3D('',#4957,#3981,#3982);
#3320=AXIS2_PLACEMENT_3D('',#4959,#3984,#3985);
#3321=AXIS2_PLACEMENT_3D('',#4962,#3987,#3988);
#3322=AXIS2_PLACEMENT_3D('',#4963,#3989,#3990);
#3323=AXIS2_PLACEMENT_3D('',#4967,#3992,#3993);
#3324=AXIS2_PLACEMENT_3D('',#4971,#3996,#3997);
#3325=AXIS2_PLACEMENT_3D('',#4974,#3998,#3999);
#3326=AXIS2_PLACEMENT_3D('',#4979,#4002,#4003);
#3327=AXIS2_PLACEMENT_3D('',#4980,#4004,#4005);
#3328=AXIS2_PLACEMENT_3D('',#4981,#4006,#4007);
#3329=AXIS2_PLACEMENT_3D('',#4987,#4010,#4011);
#3330=AXIS2_PLACEMENT_3D('',#4989,#4013,#4014);
#3331=AXIS2_PLACEMENT_3D('',#4995,#4018,#4019);
#3332=AXIS2_PLACEMENT_3D('',#5002,#4023,#4024);
#3333=AXIS2_PLACEMENT_3D('',#5003,#4025,#4026);
#3334=AXIS2_PLACEMENT_3D('',#5008,#4029,#4030);
#3335=AXIS2_PLACEMENT_3D('',#5009,#4031,#4032);
#3336=AXIS2_PLACEMENT_3D('',#5010,#4033,#4034);
#3337=AXIS2_PLACEMENT_3D('',#5018,#4039,#4040);
#3338=AXIS2_PLACEMENT_3D('',#5023,#4043,#4044);
#3339=AXIS2_PLACEMENT_3D('',#5024,#4045,#4046);
#3340=AXIS2_PLACEMENT_3D('',#5027,#4048,#4049);
#3341=AXIS2_PLACEMENT_3D('',#5029,#4050,#4051);
#3342=AXIS2_PLACEMENT_3D('',#5031,#4053,#4054);
#3343=AXIS2_PLACEMENT_3D('',#5032,#4055,#4056);
#3344=AXIS2_PLACEMENT_3D('',#5036,#4058,#4059);
#3345=AXIS2_PLACEMENT_3D('',#5042,#4063,#4064);
#3346=AXIS2_PLACEMENT_3D('',#5043,#4065,#4066);
#3347=AXIS2_PLACEMENT_3D('',#5044,#4067,#4068);
#3348=AXIS2_PLACEMENT_3D('',#5045,#4069,#4070);
#3349=AXIS2_PLACEMENT_3D('',#5047,#4072,#4073);
#3350=AXIS2_PLACEMENT_3D('',#5059,#4080,#4081);
#3351=AXIS2_PLACEMENT_3D('',#5062,#4082,#4083);
#3352=AXIS2_PLACEMENT_3D('',#5066,#4085,#4086);
#3353=AXIS2_PLACEMENT_3D('',#5068,#4088,#4089);
#3354=AXIS2_PLACEMENT_3D('',#5074,#4093,#4094);
#3355=AXIS2_PLACEMENT_3D('',#5076,#4095,#4096);
#3356=AXIS2_PLACEMENT_3D('',#5079,#4098,#4099);
#3357=AXIS2_PLACEMENT_3D('',#5080,#4100,#4101);
#3358=AXIS2_PLACEMENT_3D('',#5086,#4105,#4106);
#3359=AXIS2_PLACEMENT_3D('',#5089,#4108,#4109);
#3360=AXIS2_PLACEMENT_3D('',#5090,#4110,#4111);
#3361=AXIS2_PLACEMENT_3D('',#5094,#4114,#4115);
#3362=AXIS2_PLACEMENT_3D('',#5096,#4116,#4117);
#3363=AXIS2_PLACEMENT_3D('',#5098,#4119,#4120);
#3364=AXIS2_PLACEMENT_3D('',#5101,#4121,#4122);
#3365=AXIS2_PLACEMENT_3D('',#5104,#4124,#4125);
#3366=AXIS2_PLACEMENT_3D('',#5106,#4126,#4127);
#3367=AXIS2_PLACEMENT_3D('',#5107,#4128,#4129);
#3368=AXIS2_PLACEMENT_3D('',#5108,#4130,#4131);
#3369=AXIS2_PLACEMENT_3D('',#5114,#4134,#4135);
#3370=AXIS2_PLACEMENT_3D('',#5116,#4137,#4138);
#3371=AXIS2_PLACEMENT_3D('',#5120,#4141,#4142);
#3372=AXIS2_PLACEMENT_3D('',#5122,#4143,#4144);
#3373=AXIS2_PLACEMENT_3D('',#5126,#4146,#4147);
#3374=AXIS2_PLACEMENT_3D('',#5128,#4148,#4149);
#3375=AXIS2_PLACEMENT_3D('',#5129,#4150,#4151);
#3376=AXIS2_PLACEMENT_3D('',#5130,#4152,#4153);
#3377=AXIS2_PLACEMENT_3D('',#5134,#4155,#4156);
#3378=AXIS2_PLACEMENT_3D('',#5138,#4159,#4160);
#3379=AXIS2_PLACEMENT_3D('',#5148,#4166,#4167);
#3380=AXIS2_PLACEMENT_3D('',#5151,#4169,#4170);
#3381=AXIS2_PLACEMENT_3D('',#5152,#4171,#4172);
#3382=AXIS2_PLACEMENT_3D('',#5153,#4173,#4174);
#3383=AXIS2_PLACEMENT_3D('',#5154,#4175,#4176);
#3384=AXIS2_PLACEMENT_3D('',#5157,#4177,#4178);
#3385=AXIS2_PLACEMENT_3D('',#5160,#4180,#4181);
#3386=AXIS2_PLACEMENT_3D('',#5161,#4182,#4183);
#3387=AXIS2_PLACEMENT_3D('',#5162,#4184,#4185);
#3388=AXIS2_PLACEMENT_3D('',#5163,#4186,#4187);
#3389=AXIS2_PLACEMENT_3D('',#5164,#4188,#4189);
#3390=AXIS2_PLACEMENT_3D('',#5180,#4197,#4198);
#3391=AXIS2_PLACEMENT_3D('',#5182,#4199,#4200);
#3392=AXIS2_PLACEMENT_3D('',#5184,#4202,#4203);
#3393=AXIS2_PLACEMENT_3D('',#5187,#4205,#4206);
#3394=AXIS2_PLACEMENT_3D('',#5188,#4207,#4208);
#3395=AXIS2_PLACEMENT_3D('',#5189,#4209,#4210);
#3396=AXIS2_PLACEMENT_3D('',#5191,#4211,#4212);
#3397=AXIS2_PLACEMENT_3D('',#5195,#4215,#4216);
#3398=AXIS2_PLACEMENT_3D('',#5197,#4218,#4219);
#3399=AXIS2_PLACEMENT_3D('',#5200,#4221,#4222);
#3400=AXIS2_PLACEMENT_3D('',#5201,#4223,#4224);
#3401=AXIS2_PLACEMENT_3D('',#5203,#4226,#4227);
#3402=AXIS2_PLACEMENT_3D('',#5204,#4228,#4229);
#3403=AXIS2_PLACEMENT_3D('',#5206,#4230,#4231);
#3404=AXIS2_PLACEMENT_3D('',#5210,#4234,#4235);
#3405=AXIS2_PLACEMENT_3D('',#5215,#4238,#4239);
#3406=AXIS2_PLACEMENT_3D('',#5216,#4240,#4241);
#3407=AXIS2_PLACEMENT_3D('',#5219,#4243,#4244);
#3408=AXIS2_PLACEMENT_3D('',#5220,#4245,#4246);
#3409=AXIS2_PLACEMENT_3D('',#5222,#4247,#4248);
#3410=AXIS2_PLACEMENT_3D('',#5226,#4251,#4252);
#3411=AXIS2_PLACEMENT_3D('',#5228,#4253,#4254);
#3412=AXIS2_PLACEMENT_3D('',#5230,#4256,#4257);
#3413=AXIS2_PLACEMENT_3D('',#5232,#4259,#4260);
#3414=AXIS2_PLACEMENT_3D('',#5238,#4264,#4265);
#3415=AXIS2_PLACEMENT_3D('',#5239,#4266,#4267);
#3416=AXIS2_PLACEMENT_3D('',#5240,#4268,#4269);
#3417=AXIS2_PLACEMENT_3D('',#5242,#4271,#4272);
#3418=AXIS2_PLACEMENT_3D('',#5244,#4273,#4274);
#3419=AXIS2_PLACEMENT_3D('',#5246,#4276,#4277);
#3420=AXIS2_PLACEMENT_3D('',#5248,#4279,#4280);
#3421=AXIS2_PLACEMENT_3D('',#5254,#4284,#4285);
#3422=AXIS2_PLACEMENT_3D('',#5255,#4286,#4287);
#3423=AXIS2_PLACEMENT_3D('',#5256,#4288,#4289);
#3424=AXIS2_PLACEMENT_3D('',#5258,#4291,#4292);
#3425=AXIS2_PLACEMENT_3D('',#5260,#4293,#4294);
#3426=AXIS2_PLACEMENT_3D('',#5262,#4296,#4297);
#3427=AXIS2_PLACEMENT_3D('',#5266,#4300,#4301);
#3428=AXIS2_PLACEMENT_3D('',#5268,#4303,#4304);
#3429=AXIS2_PLACEMENT_3D('',#5274,#4308,#4309);
#3430=AXIS2_PLACEMENT_3D('',#5275,#4310,#4311);
#3431=AXIS2_PLACEMENT_3D('',#5276,#4312,#4313);
#3432=AXIS2_PLACEMENT_3D('',#5278,#4315,#4316);
#3433=AXIS2_PLACEMENT_3D('',#5284,#4320,#4321);
#3434=AXIS2_PLACEMENT_3D('',#5285,#4322,#4323);
#3435=AXIS2_PLACEMENT_3D('',#5286,#4324,#4325);
#3436=AXIS2_PLACEMENT_3D('',#5288,#4327,#4328);
#3437=AXIS2_PLACEMENT_3D('',#5290,#4329,#4330);
#3438=AXIS2_PLACEMENT_3D('',#5292,#4332,#4333);
#3439=AXIS2_PLACEMENT_3D('',#5294,#4335,#4336);
#3440=AXIS2_PLACEMENT_3D('',#5295,#4337,#4338);
#3441=AXIS2_PLACEMENT_3D('',#5296,#4339,#4340);
#3442=AXIS2_PLACEMENT_3D('',#5297,#4341,#4342);
#3443=AXIS2_PLACEMENT_3D('',#5298,#4343,#4344);
#3444=AXIS2_PLACEMENT_3D('',#5299,#4345,#4346);
#3445=AXIS2_PLACEMENT_3D('',#5300,#4347,#4348);
#3446=AXIS2_PLACEMENT_3D('',#5301,#4349,#4350);
#3447=AXIS2_PLACEMENT_3D('',#5302,#4351,#4352);
#3448=AXIS2_PLACEMENT_3D('',#5303,#4353,#4354);
#3449=AXIS2_PLACEMENT_3D('',#5304,#4355,#4356);
#3450=AXIS2_PLACEMENT_3D('',#5305,#4357,#4358);
#3451=AXIS2_PLACEMENT_3D('',#5306,#4359,#4360);
#3452=AXIS2_PLACEMENT_3D('',#5307,#4361,#4362);
#3453=AXIS2_PLACEMENT_3D('',#5308,#4363,#4364);
#3454=AXIS2_PLACEMENT_3D('',#5309,#4365,#4366);
#3455=AXIS2_PLACEMENT_3D('',#5310,#4367,#4368);
#3456=AXIS2_PLACEMENT_3D('',#5311,#4369,#4370);
#3457=AXIS2_PLACEMENT_3D('',#5312,#4371,#4372);
#3458=AXIS2_PLACEMENT_3D('',#5313,#4373,#4374);
#3459=AXIS2_PLACEMENT_3D('',#5314,#4375,#4376);
#3460=AXIS2_PLACEMENT_3D('',#5315,#4377,#4378);
#3461=AXIS2_PLACEMENT_3D('',#5316,#4379,#4380);
#3462=AXIS2_PLACEMENT_3D('',#5317,#4381,#4382);
#3463=AXIS2_PLACEMENT_3D('',#5318,#4383,#4384);
#3464=AXIS2_PLACEMENT_3D('',#5319,#4385,#4386);
#3465=AXIS2_PLACEMENT_3D('',#5320,#4387,#4388);
#3466=AXIS2_PLACEMENT_3D('',#5321,#4389,#4390);
#3467=AXIS2_PLACEMENT_3D('',#5322,#4391,#4392);
#3468=AXIS2_PLACEMENT_3D('',#5323,#4393,#4394);
#3469=AXIS2_PLACEMENT_3D('',#5324,#4395,#4396);
#3470=AXIS2_PLACEMENT_3D('',#5325,#4397,#4398);
#3471=AXIS2_PLACEMENT_3D('',#5326,#4399,#4400);
#3472=AXIS2_PLACEMENT_3D('',#5328,#4401,#4402);
#3473=AXIS2_PLACEMENT_3D('',#5331,#4404,#4405);
#3474=AXIS2_PLACEMENT_3D('',#5332,#4406,#4407);
#3475=AXIS2_PLACEMENT_3D('',#5334,#4408,#4409);
#3476=AXIS2_PLACEMENT_3D('',#5335,#4410,#4411);
#3477=AXIS2_PLACEMENT_3D('',#5336,#4412,#4413);
#3478=AXIS2_PLACEMENT_3D('',#5338,#4414,#4415);
#3479=AXIS2_PLACEMENT_3D('',#5340,#4417,#4418);
#3480=AXIS2_PLACEMENT_3D('',#5342,#4419,#4420);
#3481=AXIS2_PLACEMENT_3D('',#5343,#4421,#4422);
#3482=AXIS2_PLACEMENT_3D('',#5344,#4423,#4424);
#3483=AXIS2_PLACEMENT_3D('',#5346,#4425,#4426);
#3484=AXIS2_PLACEMENT_3D('',#5348,#4428,#4429);
#3485=AXIS2_PLACEMENT_3D('',#5350,#4430,#4431);
#3486=AXIS2_PLACEMENT_3D('',#5351,#4432,#4433);
#3487=AXIS2_PLACEMENT_3D('',#5352,#4434,#4435);
#3488=AXIS2_PLACEMENT_3D('',#5354,#4436,#4437);
#3489=AXIS2_PLACEMENT_3D('',#5356,#4439,#4440);
#3490=AXIS2_PLACEMENT_3D('',#5357,#4441,#4442);
#3491=AXIS2_PLACEMENT_3D('',#5358,#4443,#4444);
#3492=AXIS2_PLACEMENT_3D('',#5359,#4445,#4446);
#3493=DIRECTION('axis',(0.,0.,1.));
#3494=DIRECTION('refdir',(1.,0.,0.));
#3495=DIRECTION('center_axis',(0.,0.,-1.));
#3496=DIRECTION('ref_axis',(-1.,0.,0.));
#3497=DIRECTION('center_axis',(0.,0.,-1.));
#3498=DIRECTION('ref_axis',(-1.,0.,0.));
#3499=DIRECTION('',(0.,0.,-1.));
#3500=DIRECTION('center_axis',(0.,0.,-1.));
#3501=DIRECTION('ref_axis',(-1.,0.,0.));
#3502=DIRECTION('center_axis',(0.,0.,1.));
#3503=DIRECTION('ref_axis',(-1.,0.,0.));
#3504=DIRECTION('center_axis',(0.,0.,1.));
#3505=DIRECTION('ref_axis',(-1.,0.,0.));
#3506=DIRECTION('center_axis',(0.,0.,-1.));
#3507=DIRECTION('ref_axis',(-1.,0.,0.));
#3508=DIRECTION('center_axis',(0.,0.,-1.));
#3509=DIRECTION('ref_axis',(-1.,0.,0.));
#3510=DIRECTION('',(0.,0.,-1.));
#3511=DIRECTION('center_axis',(0.,0.,-1.));
#3512=DIRECTION('ref_axis',(-1.,0.,0.));
#3513=DIRECTION('center_axis',(0.,0.,1.));
#3514=DIRECTION('ref_axis',(-1.,0.,0.));
#3515=DIRECTION('center_axis',(0.,0.,1.));
#3516=DIRECTION('ref_axis',(-1.,0.,0.));
#3517=DIRECTION('center_axis',(0.,0.,-1.));
#3518=DIRECTION('ref_axis',(-1.,0.,0.));
#3519=DIRECTION('center_axis',(0.,0.,-1.));
#3520=DIRECTION('ref_axis',(-1.,0.,0.));
#3521=DIRECTION('',(0.,0.,-1.));
#3522=DIRECTION('center_axis',(0.,0.,-1.));
#3523=DIRECTION('ref_axis',(-1.,0.,0.));
#3524=DIRECTION('center_axis',(0.,0.,1.));
#3525=DIRECTION('ref_axis',(-1.,0.,0.));
#3526=DIRECTION('center_axis',(0.,0.,1.));
#3527=DIRECTION('ref_axis',(-1.,0.,0.));
#3528=DIRECTION('center_axis',(0.,0.,-1.));
#3529=DIRECTION('ref_axis',(-1.,0.,0.));
#3530=DIRECTION('center_axis',(0.,0.,-1.));
#3531=DIRECTION('ref_axis',(-1.,0.,0.));
#3532=DIRECTION('',(0.,0.,-1.));
#3533=DIRECTION('center_axis',(0.,0.,-1.));
#3534=DIRECTION('ref_axis',(-1.,0.,0.));
#3535=DIRECTION('center_axis',(0.,0.,1.));
#3536=DIRECTION('ref_axis',(-1.,0.,0.));
#3537=DIRECTION('center_axis',(0.,0.,1.));
#3538=DIRECTION('ref_axis',(-1.,0.,0.));
#3539=DIRECTION('center_axis',(0.,0.,-1.));
#3540=DIRECTION('ref_axis',(-1.,0.,0.));
#3541=DIRECTION('center_axis',(0.,0.,-1.));
#3542=DIRECTION('ref_axis',(-1.,0.,0.));
#3543=DIRECTION('',(0.,0.,-1.));
#3544=DIRECTION('center_axis',(0.,0.,-1.));
#3545=DIRECTION('ref_axis',(-1.,0.,0.));
#3546=DIRECTION('center_axis',(0.,0.,1.));
#3547=DIRECTION('ref_axis',(-1.,0.,0.));
#3548=DIRECTION('center_axis',(0.,0.,1.));
#3549=DIRECTION('ref_axis',(-1.,0.,0.));
#3550=DIRECTION('center_axis',(0.,0.,-1.));
#3551=DIRECTION('ref_axis',(-1.,0.,0.));
#3552=DIRECTION('center_axis',(0.,0.,-1.));
#3553=DIRECTION('ref_axis',(-1.,0.,0.));
#3554=DIRECTION('',(0.,0.,-1.));
#3555=DIRECTION('center_axis',(0.,0.,-1.));
#3556=DIRECTION('ref_axis',(-1.,0.,0.));
#3557=DIRECTION('center_axis',(0.,0.,1.));
#3558=DIRECTION('ref_axis',(-1.,0.,0.));
#3559=DIRECTION('center_axis',(0.,0.,1.));
#3560=DIRECTION('ref_axis',(-1.,0.,0.));
#3561=DIRECTION('center_axis',(0.,0.,1.));
#3562=DIRECTION('ref_axis',(1.,0.,0.));
#3563=DIRECTION('center_axis',(0.,0.,1.));
#3564=DIRECTION('ref_axis',(0.,1.,0.));
#3565=DIRECTION('',(-1.,1.60669033954437E-17,0.));
#3566=DIRECTION('center_axis',(0.,0.,1.));
#3567=DIRECTION('ref_axis',(1.,-4.93432455388959E-16,0.));
#3568=DIRECTION('',(1.24087318335234E-17,1.,0.));
#3569=DIRECTION('center_axis',(0.,0.,1.));
#3570=DIRECTION('ref_axis',(0.,-1.,0.));
#3571=DIRECTION('',(1.,0.,0.));
#3572=DIRECTION('center_axis',(0.,0.,1.));
#3573=DIRECTION('ref_axis',(-1.,0.,0.));
#3574=DIRECTION('',(0.,-1.,0.));
#3575=DIRECTION('center_axis',(0.,0.,1.));
#3576=DIRECTION('ref_axis',(-1.,0.,0.));
#3577=DIRECTION('center_axis',(0.,0.,1.));
#3578=DIRECTION('ref_axis',(-1.,0.,0.));
#3579=DIRECTION('center_axis',(0.,0.,1.));
#3580=DIRECTION('ref_axis',(-1.,0.,0.));
#3581=DIRECTION('center_axis',(0.,0.,1.));
#3582=DIRECTION('ref_axis',(-1.,0.,0.));
#3583=DIRECTION('center_axis',(0.,0.,1.));
#3584=DIRECTION('ref_axis',(-1.,0.,0.));
#3585=DIRECTION('center_axis',(0.,0.,1.));
#3586=DIRECTION('ref_axis',(-1.,0.,0.));
#3587=DIRECTION('center_axis',(0.,0.,-1.));
#3588=DIRECTION('ref_axis',(-1.,0.,0.));
#3589=DIRECTION('',(0.,0.,1.));
#3590=DIRECTION('center_axis',(0.,0.,1.));
#3591=DIRECTION('ref_axis',(-1.,0.,0.));
#3592=DIRECTION('center_axis',(0.,0.,-1.));
#3593=DIRECTION('ref_axis',(-1.,0.,0.));
#3594=DIRECTION('',(0.,0.,1.));
#3595=DIRECTION('center_axis',(0.,0.,1.));
#3596=DIRECTION('ref_axis',(-1.,0.,0.));
#3597=DIRECTION('center_axis',(0.,0.,-1.));
#3598=DIRECTION('ref_axis',(-1.,0.,0.));
#3599=DIRECTION('',(0.,0.,1.));
#3600=DIRECTION('center_axis',(0.,0.,1.));
#3601=DIRECTION('ref_axis',(-1.,0.,0.));
#3602=DIRECTION('center_axis',(0.,0.,-1.));
#3603=DIRECTION('ref_axis',(-1.,0.,0.));
#3604=DIRECTION('',(0.,0.,1.));
#3605=DIRECTION('center_axis',(0.,0.,1.));
#3606=DIRECTION('ref_axis',(-1.,0.,0.));
#3607=DIRECTION('center_axis',(0.,0.,-1.));
#3608=DIRECTION('ref_axis',(-1.,0.,0.));
#3609=DIRECTION('',(0.,0.,1.));
#3610=DIRECTION('center_axis',(0.,0.,1.));
#3611=DIRECTION('ref_axis',(-1.,0.,0.));
#3612=DIRECTION('center_axis',(0.,0.,-1.));
#3613=DIRECTION('ref_axis',(-1.,0.,0.));
#3614=DIRECTION('',(0.,0.,1.));
#3615=DIRECTION('center_axis',(0.,0.,1.));
#3616=DIRECTION('ref_axis',(-1.,0.,0.));
#3617=DIRECTION('center_axis',(-0.70710678118655,0.707106781186545,2.51214793389406E-15));
#3618=DIRECTION('ref_axis',(3.55271367880051E-15,0.,1.));
#3619=DIRECTION('',(0.577350269189622,0.577350269189628,-0.577350269189628));
#3620=DIRECTION('',(3.55271367880051E-15,0.,1.));
#3621=DIRECTION('',(-0.577350269189625,-0.577350269189627,-0.577350269189626));
#3622=DIRECTION('',(3.55271367880051E-15,-5.7081107468959E-32,1.));
#3623=DIRECTION('',(0.707106781186545,0.70710678118655,0.));
#3624=DIRECTION('center_axis',(-0.707106781186549,0.707106781186546,2.51214793389405E-15));
#3625=DIRECTION('ref_axis',(3.55271367880051E-15,0.,1.));
#3626=DIRECTION('',(0.577350269189623,0.577350269189627,-0.577350269189627));
#3627=DIRECTION('',(3.55271367880051E-15,0.,1.));
#3628=DIRECTION('',(-0.577350269189626,-0.577350269189626,-0.577350269189625));
#3629=DIRECTION('',(3.55271367880051E-15,-5.7081107468959E-32,1.));
#3630=DIRECTION('',(0.707106781186546,0.707106781186549,0.));
#3631=DIRECTION('center_axis',(-0.707106781186547,0.707106781186548,2.51214793389404E-15));
#3632=DIRECTION('ref_axis',(3.55271367880051E-15,0.,1.));
#3633=DIRECTION('',(0.577350269189625,0.577350269189626,-0.577350269189626));
#3634=DIRECTION('',(3.55271367880051E-15,0.,1.));
#3635=DIRECTION('',(-0.577350269189628,-0.577350269189625,-0.577350269189624));
#3636=DIRECTION('',(3.55271367880051E-15,-5.7081107468959E-32,1.));
#3637=DIRECTION('',(0.707106781186548,0.707106781186547,0.));
#3638=DIRECTION('center_axis',(0.707106781186547,0.707106781186548,0.));
#3639=DIRECTION('ref_axis',(0.,0.,-1.));
#3640=DIRECTION('',(0.707106781186548,-0.707106781186547,0.));
#3641=DIRECTION('',(0.,0.,-1.));
#3642=DIRECTION('',(-0.577350269189627,0.577350269189626,0.577350269189625));
#3643=DIRECTION('',(0.,2.40923914442137E-33,-1.));
#3644=DIRECTION('',(0.577350269189627,-0.577350269189625,0.577350269189625));
#3645=DIRECTION('center_axis',(0.707106781186548,0.707106781186547,0.));
#3646=DIRECTION('ref_axis',(0.,0.,-1.));
#3647=DIRECTION('',(0.707106781186547,-0.707106781186548,0.));
#3648=DIRECTION('',(0.,0.,-1.));
#3649=DIRECTION('',(-0.577350269189626,0.577350269189626,0.577350269189625));
#3650=DIRECTION('',(0.,2.40923914442137E-33,-1.));
#3651=DIRECTION('',(0.577350269189626,-0.577350269189626,0.577350269189626));
#3652=DIRECTION('center_axis',(0.707106781186548,0.707106781186547,0.));
#3653=DIRECTION('ref_axis',(0.,0.,-1.));
#3654=DIRECTION('',(0.707106781186547,-0.707106781186548,0.));
#3655=DIRECTION('',(0.,0.,-1.));
#3656=DIRECTION('',(-0.577350269189626,0.577350269189626,0.577350269189625));
#3657=DIRECTION('',(0.,2.40923914442137E-33,-1.));
#3658=DIRECTION('',(0.577350269189626,-0.577350269189626,0.577350269189626));
#3659=DIRECTION('center_axis',(0.,0.707106781186547,0.707106781186548));
#3660=DIRECTION('ref_axis',(1.,0.,0.));
#3661=DIRECTION('',(1.,0.,0.));
#3662=DIRECTION('',(-1.,0.,0.));
#3663=DIRECTION('center_axis',(0.,0.,-1.));
#3664=DIRECTION('ref_axis',(1.,0.,0.));
#3665=DIRECTION('',(-1.,1.60669033954437E-17,0.));
#3666=DIRECTION('',(0.,1.,0.));
#3667=DIRECTION('',(-1.,1.60669033954437E-17,0.));
#3668=DIRECTION('',(0.,-1.,0.));
#3669=DIRECTION('',(-1.,1.60669033954437E-17,0.));
#3670=DIRECTION('',(1.,0.,0.));
#3671=DIRECTION('',(1.,-1.60669033954437E-17,0.));
#3672=DIRECTION('',(1.,0.,0.));
#3673=DIRECTION('',(1.,-1.60669033954437E-17,0.));
#3674=DIRECTION('',(0.,-1.,0.));
#3675=DIRECTION('',(-1.,0.,0.));
#3676=DIRECTION('',(0.,1.,0.));
#3677=DIRECTION('',(1.,0.,0.));
#3678=DIRECTION('',(0.,-1.,0.));
#3679=DIRECTION('',(-1.,0.,0.));
#3680=DIRECTION('',(0.,1.,0.));
#3681=DIRECTION('',(1.,0.,0.));
#3682=DIRECTION('',(0.,-1.,0.));
#3683=DIRECTION('',(-1.,0.,0.));
#3684=DIRECTION('',(0.,1.,0.));
#3685=DIRECTION('',(1.,0.,0.));
#3686=DIRECTION('center_axis',(0.,0.707106781186547,0.707106781186548));
#3687=DIRECTION('ref_axis',(1.,0.,0.));
#3688=DIRECTION('',(-1.,0.,0.));
#3689=DIRECTION('center_axis',(0.,0.707106781186547,0.707106781186548));
#3690=DIRECTION('ref_axis',(1.,0.,0.));
#3691=DIRECTION('',(-1.,0.,0.));
#3692=DIRECTION('center_axis',(-1.,0.,0.));
#3693=DIRECTION('ref_axis',(0.,1.,0.));
#3694=DIRECTION('',(0.,-0.707106781186548,-0.707106781186547));
#3695=DIRECTION('',(0.,0.,-1.));
#3696=DIRECTION('',(0.,0.,-1.));
#3697=DIRECTION('',(0.,1.,0.));
#3698=DIRECTION('center_axis',(0.,1.,0.));
#3699=DIRECTION('ref_axis',(1.,0.,0.));
#3700=DIRECTION('',(-1.,0.,-5.55111512312578E-17));
#3701=DIRECTION('',(0.,0.,-1.));
#3702=DIRECTION('center_axis',(1.,0.,0.));
#3703=DIRECTION('ref_axis',(0.,-1.,0.));
#3704=DIRECTION('',(0.,0.707106781186548,0.707106781186547));
#3705=DIRECTION('',(0.,-1.,0.));
#3706=DIRECTION('',(0.,0.,-1.));
#3707=DIRECTION('center_axis',(-1.,0.,0.));
#3708=DIRECTION('ref_axis',(0.,1.,0.));
#3709=DIRECTION('',(0.,-0.707106781186548,-0.707106781186547));
#3710=DIRECTION('',(0.,0.,-1.));
#3711=DIRECTION('',(0.,0.,-1.));
#3712=DIRECTION('',(0.,1.,0.));
#3713=DIRECTION('center_axis',(0.,1.,0.));
#3714=DIRECTION('ref_axis',(1.,0.,0.));
#3715=DIRECTION('',(-1.,0.,-5.55111512312578E-17));
#3716=DIRECTION('',(0.,0.,-1.));
#3717=DIRECTION('center_axis',(1.,0.,0.));
#3718=DIRECTION('ref_axis',(0.,-1.,0.));
#3719=DIRECTION('',(0.,0.707106781186548,0.707106781186547));
#3720=DIRECTION('',(0.,-1.,0.));
#3721=DIRECTION('',(0.,0.,-1.));
#3722=DIRECTION('center_axis',(-1.,0.,0.));
#3723=DIRECTION('ref_axis',(0.,1.,0.));
#3724=DIRECTION('',(0.,-0.707106781186548,-0.707106781186547));
#3725=DIRECTION('',(0.,0.,-1.));
#3726=DIRECTION('',(0.,0.,-1.));
#3727=DIRECTION('',(0.,1.,0.));
#3728=DIRECTION('center_axis',(0.,1.,0.));
#3729=DIRECTION('ref_axis',(1.,0.,0.));
#3730=DIRECTION('',(-1.,0.,-5.55111512312578E-17));
#3731=DIRECTION('',(0.,0.,-1.));
#3732=DIRECTION('center_axis',(1.,0.,0.));
#3733=DIRECTION('ref_axis',(0.,-1.,0.));
#3734=DIRECTION('',(0.,0.707106781186548,0.707106781186547));
#3735=DIRECTION('',(0.,-1.,0.));
#3736=DIRECTION('',(0.,0.,-1.));
#3737=DIRECTION('center_axis',(0.,0.,-1.));
#3738=DIRECTION('ref_axis',(-1.,0.,0.));
#3739=DIRECTION('',(1.,-1.60669033954437E-17,0.));
#3740=DIRECTION('',(-1.,0.,0.));
#3741=DIRECTION('center_axis',(0.,-1.,0.));
#3742=DIRECTION('ref_axis',(-1.,0.,0.));
#3743=DIRECTION('center_axis',(0.,0.,-1.));
#3744=DIRECTION('ref_axis',(-1.,0.,0.));
#3745=DIRECTION('',(1.,-1.60669033954437E-17,0.));
#3746=DIRECTION('',(-1.,0.,0.));
#3747=DIRECTION('center_axis',(0.,-1.,0.));
#3748=DIRECTION('ref_axis',(-1.,0.,0.));
#3749=DIRECTION('center_axis',(0.,0.,-1.));
#3750=DIRECTION('ref_axis',(-1.,0.,0.));
#3751=DIRECTION('',(1.,-1.60669033954437E-17,0.));
#3752=DIRECTION('',(-1.,0.,0.));
#3753=DIRECTION('center_axis',(0.,-1.,0.));
#3754=DIRECTION('ref_axis',(-1.,0.,0.));
#3755=DIRECTION('center_axis',(0.,1.,0.));
#3756=DIRECTION('ref_axis',(0.,0.,1.));
#3757=DIRECTION('',(1.,0.,5.55111512312578E-17));
#3758=DIRECTION('center_axis',(1.60669033954437E-17,1.,0.));
#3759=DIRECTION('ref_axis',(-1.,1.60669033954437E-17,0.));
#3760=DIRECTION('',(1.,-1.60669033954437E-17,0.));
#3761=DIRECTION('center_axis',(1.60669033954437E-17,1.,0.));
#3762=DIRECTION('ref_axis',(-1.,1.60669033954437E-17,0.));
#3763=DIRECTION('',(1.,-1.60669033954437E-17,0.));
#3764=DIRECTION('',(0.,0.,1.));
#3765=DIRECTION('',(-1.,-6.02508877329137E-18,0.));
#3766=DIRECTION('center_axis',(-1.60669033954437E-17,-1.,0.));
#3767=DIRECTION('ref_axis',(0.,0.,-1.));
#3768=DIRECTION('center_axis',(1.60669033954437E-17,1.,0.));
#3769=DIRECTION('ref_axis',(-0.963714928210761,0.,-0.266933581895812));
#3770=DIRECTION('',(0.514495755427527,-8.26635359981987E-18,-0.857492925712544));
#3771=DIRECTION('center_axis',(1.60669033954437E-17,1.,0.));
#3772=DIRECTION('ref_axis',(-0.492698814983593,0.,-0.870199906753479));
#3773=DIRECTION('center_axis',(0.,1.,0.));
#3774=DIRECTION('ref_axis',(0.,0.,1.));
#3775=DIRECTION('',(1.,0.,5.55111512312578E-17));
#3776=DIRECTION('center_axis',(1.60669033954437E-17,1.,0.));
#3777=DIRECTION('ref_axis',(-1.,1.60669033954437E-17,0.));
#3778=DIRECTION('',(1.,-1.60669033954437E-17,0.));
#3779=DIRECTION('center_axis',(0.,1.,0.));
#3780=DIRECTION('ref_axis',(0.,0.,1.));
#3781=DIRECTION('',(1.,0.,5.55111512312578E-17));
#3782=DIRECTION('center_axis',(1.60669033954437E-17,1.,0.));
#3783=DIRECTION('ref_axis',(-1.,1.60669033954437E-17,0.));
#3784=DIRECTION('center_axis',(1.60669033954437E-17,1.,0.));
#3785=DIRECTION('ref_axis',(0.492698814983593,0.,-0.870199906753479));
#3786=DIRECTION('',(0.514495755427527,-8.26635359981987E-18,0.857492925712544));
#3787=DIRECTION('center_axis',(1.60669033954437E-17,1.,0.));
#3788=DIRECTION('ref_axis',(0.963714928210761,0.,-0.266933581895812));
#3789=DIRECTION('center_axis',(-1.60669033954437E-17,-1.,0.));
#3790=DIRECTION('ref_axis',(0.,0.,-1.));
#3791=DIRECTION('',(-1.,-6.02508877329137E-18,0.));
#3792=DIRECTION('',(0.,0.,1.));
#3793=DIRECTION('',(1.,-1.60669033954437E-17,0.));
#3794=DIRECTION('center_axis',(0.,0.,-1.));
#3795=DIRECTION('ref_axis',(-1.,0.,0.));
#3796=DIRECTION('',(-0.707106781186547,-8.65956056235493E-17,0.707106781186548));
#3797=DIRECTION('center_axis',(0.,0.,-1.));
#3798=DIRECTION('ref_axis',(-1.,0.,0.));
#3799=DIRECTION('',(-0.707106781186547,-8.65956056235493E-17,0.707106781186548));
#3800=DIRECTION('center_axis',(0.,0.,-1.));
#3801=DIRECTION('ref_axis',(-1.,0.,0.));
#3802=DIRECTION('',(-0.707106781186547,-8.65956056235493E-17,0.707106781186548));
#3803=DIRECTION('center_axis',(0.,0.,-1.));
#3804=DIRECTION('ref_axis',(-1.,0.,0.));
#3805=DIRECTION('',(-0.707106781186547,-8.65956056235493E-17,0.707106781186548));
#3806=DIRECTION('center_axis',(0.,0.,-1.));
#3807=DIRECTION('ref_axis',(-1.,0.,0.));
#3808=DIRECTION('',(-0.707106781186547,-8.65956056235493E-17,0.707106781186548));
#3809=DIRECTION('center_axis',(0.,0.,-1.));
#3810=DIRECTION('ref_axis',(-1.,0.,0.));
#3811=DIRECTION('',(-0.707106781186547,-8.65956056235493E-17,0.707106781186548));
#3812=DIRECTION('center_axis',(1.13610163435874E-17,0.707106781186547,-0.707106781186548));
#3813=DIRECTION('ref_axis',(-1.,0.,-1.60669033954436E-17));
#3814=DIRECTION('',(0.,-0.707106781186547,-0.707106781186548));
#3815=DIRECTION('',(0.,0.707106781186548,0.707106781186547));
#3816=DIRECTION('center_axis',(0.,0.,1.));
#3817=DIRECTION('ref_axis',(0.,1.,0.));
#3818=DIRECTION('',(-0.707106781186546,0.,0.707106781186549));
#3819=DIRECTION('center_axis',(0.,0.,-1.));
#3820=DIRECTION('ref_axis',(0.,1.,0.));
#3821=DIRECTION('center_axis',(-0.707106781186549,0.,-0.707106781186546));
#3822=DIRECTION('ref_axis',(-0.707106781186546,0.,0.707106781186549));
#3823=DIRECTION('',(-0.707106781186546,0.,0.707106781186549));
#3824=DIRECTION('',(0.,1.,0.));
#3825=DIRECTION('center_axis',(0.,0.,1.));
#3826=DIRECTION('ref_axis',(-1.,0.,0.));
#3827=DIRECTION('',(0.,-0.707106781186546,0.707106781186549));
#3828=DIRECTION('center_axis',(0.,0.,-1.));
#3829=DIRECTION('ref_axis',(-1.,0.,0.));
#3830=DIRECTION('center_axis',(0.,-0.707106781186547,-0.707106781186548));
#3831=DIRECTION('ref_axis',(-1.,0.,0.));
#3832=DIRECTION('',(1.57009245868377E-15,-0.707106781186548,0.707106781186547));
#3833=DIRECTION('',(-1.,0.,0.));
#3834=DIRECTION('center_axis',(0.,0.,1.));
#3835=DIRECTION('ref_axis',(0.,-1.,0.));
#3836=DIRECTION('',(0.707106781186547,0.,0.707106781186548));
#3837=DIRECTION('center_axis',(0.,0.,-1.));
#3838=DIRECTION('ref_axis',(0.,-1.,0.));
#3839=DIRECTION('center_axis',(0.707106781186548,-8.77429842540979E-18,
-0.707106781186547));
#3840=DIRECTION('ref_axis',(-0.707106781186547,0.,-0.707106781186548));
#3841=DIRECTION('',(0.707106781186547,0.,0.707106781186548));
#3842=DIRECTION('',(-1.24087318335234E-17,-1.,0.));
#3843=DIRECTION('center_axis',(0.,0.,1.));
#3844=DIRECTION('ref_axis',(1.,-4.93432455388959E-16,0.));
#3845=DIRECTION('center_axis',(0.,0.,-1.));
#3846=DIRECTION('ref_axis',(1.,-4.93432455388959E-16,0.));
#3847=DIRECTION('center_axis',(0.,0.,1.));
#3848=DIRECTION('ref_axis',(0.,-1.,0.));
#3849=DIRECTION('',(0.,0.,1.));
#3850=DIRECTION('center_axis',(0.,0.,1.));
#3851=DIRECTION('ref_axis',(0.,-1.,0.));
#3852=DIRECTION('',(0.,0.,1.));
#3853=DIRECTION('center_axis',(1.,-1.24087318335234E-17,0.));
#3854=DIRECTION('ref_axis',(1.24087318335234E-17,1.,0.));
#3855=DIRECTION('',(0.,0.,1.));
#3856=DIRECTION('',(-3.9489640103537E-17,1.,0.));
#3857=DIRECTION('center_axis',(-1.,1.24087318335234E-17,0.));
#3858=DIRECTION('ref_axis',(0.,0.,-1.));
#3859=DIRECTION('center_axis',(1.,-1.24087318335234E-17,0.));
#3860=DIRECTION('ref_axis',(0.,0.963714928210761,-0.266933581895811));
#3861=DIRECTION('',(-6.38423985858621E-18,-0.514495755427525,-0.857492925712545));
#3862=DIRECTION('center_axis',(-1.,1.24087318335234E-17,0.));
#3863=DIRECTION('ref_axis',(0.,-0.963714928210761,0.266933581895811));
#3864=DIRECTION('',(0.,0.,-1.));
#3865=DIRECTION('',(8.77429842540979E-18,0.707106781186547,0.707106781186547));
#3866=DIRECTION('',(-1.24087318335234E-17,-1.,0.));
#3867=DIRECTION('',(8.77429842540979E-18,0.707106781186547,-0.707106781186548));
#3868=DIRECTION('',(0.,0.,1.));
#3869=DIRECTION('center_axis',(-1.,1.24087318335234E-17,0.));
#3870=DIRECTION('ref_axis',(0.,0.963714928210761,0.266933581895811));
#3871=DIRECTION('',(-6.3842398585862E-18,-0.514495755427525,0.857492925712545));
#3872=DIRECTION('center_axis',(1.,-1.24087318335234E-17,0.));
#3873=DIRECTION('ref_axis',(0.,-0.963714928210761,-0.266933581895811));
#3874=DIRECTION('center_axis',(-1.,1.24087318335234E-17,0.));
#3875=DIRECTION('ref_axis',(0.,0.,-1.));
#3876=DIRECTION('',(-3.9489640103537E-17,1.,0.));
#3877=DIRECTION('center_axis',(0.,0.,1.));
#3878=DIRECTION('ref_axis',(1.,-4.93432455388959E-16,0.));
#3879=DIRECTION('center_axis',(0.,0.,1.));
#3880=DIRECTION('ref_axis',(1.,-5.73018335290404E-16,0.));
#3881=DIRECTION('center_axis',(0.,0.,1.));
#3882=DIRECTION('ref_axis',(0.,1.,0.));
#3883=DIRECTION('',(0.,0.,1.));
#3884=DIRECTION('center_axis',(0.,0.,1.));
#3885=DIRECTION('ref_axis',(1.14603667058081E-15,1.,0.));
#3886=DIRECTION('center_axis',(-1.,0.,0.));
#3887=DIRECTION('ref_axis',(0.,-1.,0.));
#3888=DIRECTION('',(0.,0.,1.));
#3889=DIRECTION('',(0.,-1.,0.));
#3890=DIRECTION('center_axis',(1.,0.,0.));
#3891=DIRECTION('ref_axis',(0.,0.,-1.));
#3892=DIRECTION('center_axis',(-1.,0.,0.));
#3893=DIRECTION('ref_axis',(0.,-0.963714928210761,-0.266933581895811));
#3894=DIRECTION('',(0.,0.514495755427525,-0.857492925712545));
#3895=DIRECTION('center_axis',(-1.,0.,0.));
#3896=DIRECTION('ref_axis',(0.,-0.857492925712545,-0.514495755427525));
#3897=DIRECTION('',(0.,0.514495755427525,0.857492925712545));
#3898=DIRECTION('center_axis',(-1.,0.,0.));
#3899=DIRECTION('ref_axis',(0.,0.963714928210761,-0.266933581895811));
#3900=DIRECTION('center_axis',(1.,0.,0.));
#3901=DIRECTION('ref_axis',(0.,0.,-1.));
#3902=DIRECTION('',(0.,-1.,0.));
#3903=DIRECTION('center_axis',(0.,0.,1.));
#3904=DIRECTION('ref_axis',(-1.,0.,0.));
#3905=DIRECTION('',(0.,0.,1.));
#3906=DIRECTION('center_axis',(0.,0.,1.));
#3907=DIRECTION('ref_axis',(-1.,1.71905500587122E-15,0.));
#3908=DIRECTION('center_axis',(1.,0.,5.24928144030807E-17));
#3909=DIRECTION('ref_axis',(0.,-0.963714928210761,0.266933581895811));
#3910=DIRECTION('',(-1.,0.,-5.24928144030807E-17));
#3911=DIRECTION('center_axis',(1.,-1.24087318335234E-17,0.));
#3912=DIRECTION('ref_axis',(0.,-0.963714928210761,0.266933581895811));
#3913=DIRECTION('',(1.,0.,5.24928144030807E-17));
#3914=DIRECTION('center_axis',(0.,1.,0.));
#3915=DIRECTION('ref_axis',(0.,0.,-1.));
#3916=DIRECTION('',(0.,0.,1.));
#3917=DIRECTION('',(-1.,0.,0.));
#3918=DIRECTION('center_axis',(1.,-1.24087318335234E-17,0.));
#3919=DIRECTION('ref_axis',(1.24087318335234E-17,1.,0.));
#3920=DIRECTION('',(6.38423985858621E-18,0.514495755427525,0.857492925712545));
#3921=DIRECTION('center_axis',(-1.,1.24087318335234E-17,0.));
#3922=DIRECTION('ref_axis',(0.,0.963714928210761,-0.266933581895811));
#3923=DIRECTION('center_axis',(1.,-1.24087318335234E-17,0.));
#3924=DIRECTION('ref_axis',(0.,0.,-1.));
#3925=DIRECTION('',(0.,0.,1.));
#3926=DIRECTION('',(0.,1.,0.));
#3927=DIRECTION('',(0.,0.,1.));
#3928=DIRECTION('',(1.24087318335234E-17,1.,0.));
#3929=DIRECTION('',(0.,0.,1.));
#3930=DIRECTION('',(0.,-1.,0.));
#3931=DIRECTION('',(0.,0.,-1.));
#3932=DIRECTION('center_axis',(1.,-1.24087318335234E-17,0.));
#3933=DIRECTION('ref_axis',(0.,0.,-1.));
#3934=DIRECTION('center_axis',(-1.,1.24087318335234E-17,0.));
#3935=DIRECTION('ref_axis',(0.,-0.963714928210761,-0.266933581895811));
#3936=DIRECTION('',(6.3842398585862E-18,0.514495755427525,-0.857492925712545));
#3937=DIRECTION('center_axis',(1.,-1.24087318335234E-17,0.));
#3938=DIRECTION('ref_axis',(0.,0.963714928210761,0.266933581895811));
#3939=DIRECTION('',(0.,0.,-1.));
#3940=DIRECTION('',(-8.77429842540979E-18,-0.707106781186547,0.707106781186548));
#3941=DIRECTION('',(1.24087318335234E-17,1.,0.));
#3942=DIRECTION('',(-8.77429842540979E-18,-0.707106781186547,-0.707106781186547));
#3943=DIRECTION('center_axis',(1.,0.,5.24928144030807E-17));
#3944=DIRECTION('ref_axis',(0.,0.963714928210761,0.266933581895811));
#3945=DIRECTION('',(-1.,0.,-5.24928144030807E-17));
#3946=DIRECTION('',(1.,0.,5.24928144030807E-17));
#3947=DIRECTION('center_axis',(0.,-1.,0.));
#3948=DIRECTION('ref_axis',(8.41505682661905E-32,0.,1.));
#3949=DIRECTION('',(1.,0.,0.));
#3950=DIRECTION('center_axis',(2.70073302008299E-17,0.857492925712545,-0.514495755427525));
#3951=DIRECTION('ref_axis',(1.15203352963979E-16,-0.514495755427525,-0.857492925712545));
#3952=DIRECTION('',(1.,0.,5.24928144030807E-17));
#3953=DIRECTION('center_axis',(2.70073302008299E-17,-0.857492925712545,
-0.514495755427525));
#3954=DIRECTION('ref_axis',(-1.85276127539614E-16,-0.514495755427525,0.857492925712545));
#3955=DIRECTION('',(-1.,0.,-5.24928144030807E-17));
#3956=DIRECTION('center_axis',(0.,-0.707106781186548,0.707106781186548));
#3957=DIRECTION('ref_axis',(1.,0.,0.));
#3958=DIRECTION('',(1.,0.,0.));
#3959=DIRECTION('center_axis',(0.,0.707106781186548,0.707106781186547));
#3960=DIRECTION('ref_axis',(1.,0.,0.));
#3961=DIRECTION('',(-1.,0.,0.));
#3962=DIRECTION('center_axis',(0.,0.,-1.));
#3963=DIRECTION('ref_axis',(0.,-1.,0.));
#3964=DIRECTION('center_axis',(1.,0.,5.24928144030807E-17));
#3965=DIRECTION('ref_axis',(0.,-0.857492925712545,-0.514495755427525));
#3966=DIRECTION('center_axis',(1.,0.,0.));
#3967=DIRECTION('ref_axis',(0.,-0.857492925712545,-0.514495755427525));
#3968=DIRECTION('',(-1.,0.,-5.24928144030807E-17));
#3969=DIRECTION('',(1.,0.,5.24928144030807E-17));
#3970=DIRECTION('center_axis',(2.70073302008299E-17,-0.857492925712545,
-0.514495755427525));
#3971=DIRECTION('ref_axis',(-1.85276127539614E-16,-0.514495755427525,0.857492925712545));
#3972=DIRECTION('',(-1.,0.,-5.24928144030807E-17));
#3973=DIRECTION('',(0.,-0.514495755427525,0.857492925712545));
#3974=DIRECTION('center_axis',(1.,0.,0.));
#3975=DIRECTION('ref_axis',(0.,0.,-1.));
#3976=DIRECTION('',(1.,0.,0.));
#3977=DIRECTION('center_axis',(-1.,0.,0.));
#3978=DIRECTION('ref_axis',(0.,0.,-1.));
#3979=DIRECTION('center_axis',(-0.707106781186549,0.707106781186546,0.));
#3980=DIRECTION('ref_axis',(0.707106781186546,0.707106781186549,0.));
#3981=DIRECTION('center_axis',(-0.707106781186547,0.,-0.707106781186548));
#3982=DIRECTION('ref_axis',(0.707106781186548,0.,-0.707106781186547));
#3983=DIRECTION('',(-1.,0.,0.));
#3984=DIRECTION('center_axis',(-1.,0.,-5.24928144030807E-17));
#3985=DIRECTION('ref_axis',(0.,0.963714928210761,-0.266933581895811));
#3986=DIRECTION('',(1.,0.,5.24928144030807E-17));
#3987=DIRECTION('center_axis',(1.,0.,0.));
#3988=DIRECTION('ref_axis',(0.,0.963714928210761,-0.266933581895811));
#3989=DIRECTION('center_axis',(0.,0.,1.));
#3990=DIRECTION('ref_axis',(-1.,0.,0.));
#3991=DIRECTION('',(0.,1.,0.));
#3992=DIRECTION('center_axis',(0.,0.,1.));
#3993=DIRECTION('ref_axis',(0.,1.,0.));
#3994=DIRECTION('',(1.,-3.61505326397482E-17,0.));
#3995=DIRECTION('',(0.,-1.,0.));
#3996=DIRECTION('center_axis',(-1.,0.,0.));
#3997=DIRECTION('ref_axis',(0.,0.,-1.));
#3998=DIRECTION('center_axis',(-1.,0.,0.));
#3999=DIRECTION('ref_axis',(0.,0.,-1.));
#4000=DIRECTION('',(-1.,0.,0.));
#4001=DIRECTION('',(1.,0.,0.));
#4002=DIRECTION('center_axis',(-0.707106781186545,0.,-0.70710678118655));
#4003=DIRECTION('ref_axis',(0.70710678118655,0.,-0.707106781186545));
#4004=DIRECTION('center_axis',(-0.707106781186549,-0.707106781186546,0.));
#4005=DIRECTION('ref_axis',(0.707106781186546,-0.707106781186549,0.));
#4006=DIRECTION('center_axis',(0.707106781186549,0.707106781186546,0.));
#4007=DIRECTION('ref_axis',(0.,0.,-1.));
#4008=DIRECTION('',(0.577350269189626,-0.577350269189629,-0.577350269189622));
#4009=DIRECTION('',(0.,0.,-1.));
#4010=DIRECTION('center_axis',(-0.707106781186549,-0.707106781186546,0.));
#4011=DIRECTION('ref_axis',(-0.707106781186546,0.707106781186549,0.));
#4012=DIRECTION('',(0.,0.,1.));
#4013=DIRECTION('center_axis',(0.707106781186545,0.,0.70710678118655));
#4014=DIRECTION('ref_axis',(0.70710678118655,0.,-0.707106781186545));
#4015=DIRECTION('',(0.,1.,0.));
#4016=DIRECTION('',(-0.70710678118655,0.,0.707106781186545));
#4017=DIRECTION('',(0.,1.,0.));
#4018=DIRECTION('center_axis',(0.,0.,1.));
#4019=DIRECTION('ref_axis',(-1.,0.,0.));
#4020=DIRECTION('',(1.,0.,0.));
#4021=DIRECTION('',(0.,-1.,0.));
#4022=DIRECTION('',(-1.,0.,0.));
#4023=DIRECTION('center_axis',(0.,0.,1.));
#4024=DIRECTION('ref_axis',(-1.,0.,0.));
#4025=DIRECTION('center_axis',(1.,0.,0.));
#4026=DIRECTION('ref_axis',(0.,0.,-1.));
#4027=DIRECTION('',(1.,0.,0.));
#4028=DIRECTION('',(-1.,0.,0.));
#4029=DIRECTION('center_axis',(0.707106781186548,0.,-0.707106781186548));
#4030=DIRECTION('ref_axis',(-0.707106781186547,0.,-0.707106781186547));
#4031=DIRECTION('center_axis',(0.707106781186548,0.707106781186547,0.));
#4032=DIRECTION('ref_axis',(-0.707106781186547,0.707106781186548,0.));
#4033=DIRECTION('center_axis',(-0.707106781186548,0.,0.707106781186548));
#4034=DIRECTION('ref_axis',(-0.707106781186548,0.,-0.707106781186548));
#4035=DIRECTION('',(-1.86165446202389E-16,-1.,0.));
#4036=DIRECTION('',(0.707106781186548,0.,0.707106781186548));
#4037=DIRECTION('',(0.,-1.,0.));
#4038=DIRECTION('',(-0.577350269189626,0.577350269189626,-0.577350269189626));
#4039=DIRECTION('center_axis',(0.,0.,1.));
#4040=DIRECTION('ref_axis',(-1.,0.,0.));
#4041=DIRECTION('',(0.,1.,0.));
#4042=DIRECTION('',(1.,-3.61505326397482E-17,0.));
#4043=DIRECTION('center_axis',(0.,0.,1.));
#4044=DIRECTION('ref_axis',(1.,-5.79246795456604E-16,0.));
#4045=DIRECTION('center_axis',(-1.,0.,0.));
#4046=DIRECTION('ref_axis',(0.,0.,-1.));
#4047=DIRECTION('',(-1.,0.,0.));
#4048=DIRECTION('center_axis',(0.707106781186548,-0.707106781186547,0.));
#4049=DIRECTION('ref_axis',(-0.707106781186547,-0.707106781186548,0.));
#4050=DIRECTION('center_axis',(0.707106781186548,0.,-0.707106781186547));
#4051=DIRECTION('ref_axis',(-0.707106781186547,0.,-0.707106781186548));
#4052=DIRECTION('',(1.,0.,0.));
#4053=DIRECTION('center_axis',(-1.,0.,-5.24928144030807E-17));
#4054=DIRECTION('ref_axis',(0.,-0.963714928210761,-0.266933581895811));
#4055=DIRECTION('center_axis',(0.,0.,1.));
#4056=DIRECTION('ref_axis',(-1.,0.,0.));
#4057=DIRECTION('',(-1.86165446202389E-16,-1.,0.));
#4058=DIRECTION('center_axis',(0.,0.,1.));
#4059=DIRECTION('ref_axis',(0.,-1.,0.));
#4060=DIRECTION('',(-1.,0.,0.));
#4061=DIRECTION('',(0.,1.,0.));
#4062=DIRECTION('',(1.,0.,0.));
#4063=DIRECTION('center_axis',(-1.,0.,-5.24928144030807E-17));
#4064=DIRECTION('ref_axis',(0.,-0.963714928210761,-0.266933581895811));
#4065=DIRECTION('center_axis',(1.,0.,0.));
#4066=DIRECTION('ref_axis',(0.,-0.963714928210761,-0.266933581895811));
#4067=DIRECTION('center_axis',(-1.,0.,-5.24928144030807E-17));
#4068=DIRECTION('ref_axis',(0.,0.963714928210761,-0.266933581895811));
#4069=DIRECTION('center_axis',(2.70073302008299E-17,0.857492925712545,-0.514495755427525));
#4070=DIRECTION('ref_axis',(1.15203352963979E-16,-0.514495755427525,-0.857492925712545));
#4071=DIRECTION('',(0.,-0.514495755427525,-0.857492925712545));
#4072=DIRECTION('center_axis',(-1.,0.,0.));
#4073=DIRECTION('ref_axis',(0.,-1.,0.));
#4074=DIRECTION('',(0.,-1.,0.));
#4075=DIRECTION('',(0.,0.,1.));
#4076=DIRECTION('',(0.,-1.,0.));
#4077=DIRECTION('',(0.,0.,1.));
#4078=DIRECTION('',(0.,1.,0.));
#4079=DIRECTION('',(0.,0.,-1.));
#4080=DIRECTION('center_axis',(0.,-1.,0.));
#4081=DIRECTION('ref_axis',(0.492698814983593,0.,-0.870199906753479));
#4082=DIRECTION('center_axis',(0.,1.,0.));
#4083=DIRECTION('ref_axis',(0.492698814983593,0.,-0.870199906753479));
#4084=DIRECTION('',(0.,-1.,0.));
#4085=DIRECTION('center_axis',(0.,-1.,0.));
#4086=DIRECTION('ref_axis',(0.492698814983593,0.,-0.870199906753479));
#4087=DIRECTION('',(0.,1.,0.));
#4088=DIRECTION('center_axis',(0.,0.,-1.));
#4089=DIRECTION('ref_axis',(1.,0.,0.));
#4090=DIRECTION('',(1.,0.,0.));
#4091=DIRECTION('',(0.,1.,0.));
#4092=DIRECTION('',(-1.,0.,0.));
#4093=DIRECTION('center_axis',(0.,-1.,0.));
#4094=DIRECTION('ref_axis',(-0.492698814983593,0.,-0.870199906753479));
#4095=DIRECTION('center_axis',(0.,1.,0.));
#4096=DIRECTION('ref_axis',(-0.492698814983593,0.,-0.870199906753479));
#4097=DIRECTION('',(0.,-1.,0.));
#4098=DIRECTION('center_axis',(0.,-1.,0.));
#4099=DIRECTION('ref_axis',(-0.492698814983593,0.,-0.870199906753479));
#4100=DIRECTION('center_axis',(-0.857492925712544,0.,-0.514495755427527));
#4101=DIRECTION('ref_axis',(0.514495755427527,6.55384067905719E-17,-0.857492925712544));
#4102=DIRECTION('',(0.514495755427527,0.,-0.857492925712544));
#4103=DIRECTION('',(0.,1.,0.));
#4104=DIRECTION('',(-0.514495755427527,0.,0.857492925712544));
#4105=DIRECTION('center_axis',(0.,-1.,0.));
#4106=DIRECTION('ref_axis',(-0.492698814983593,0.,-0.870199906753479));
#4107=DIRECTION('',(0.,-1.,0.));
#4108=DIRECTION('center_axis',(-1.60669033954437E-17,-1.,0.));
#4109=DIRECTION('ref_axis',(-0.492698814983593,0.,-0.870199906753479));
#4110=DIRECTION('center_axis',(-0.857492925712544,0.,-0.514495755427527));
#4111=DIRECTION('ref_axis',(0.514495755427527,6.55384067905719E-17,-0.857492925712544));
#4112=DIRECTION('',(0.,1.,0.));
#4113=DIRECTION('',(-0.514495755427527,8.26635359981987E-18,0.857492925712544));
#4114=DIRECTION('center_axis',(0.,-1.,0.));
#4115=DIRECTION('ref_axis',(0.492698814983593,0.,-0.870199906753479));
#4116=DIRECTION('center_axis',(-1.60669033954437E-17,-1.,0.));
#4117=DIRECTION('ref_axis',(0.492698814983593,0.,-0.870199906753479));
#4118=DIRECTION('',(0.,1.,0.));
#4119=DIRECTION('center_axis',(0.,-1.,0.));
#4120=DIRECTION('ref_axis',(0.,0.,-1.));
#4121=DIRECTION('center_axis',(0.,-1.,0.));
#4122=DIRECTION('ref_axis',(0.,0.,-1.));
#4123=DIRECTION('',(0.,-1.,0.));
#4124=DIRECTION('center_axis',(0.,1.,0.));
#4125=DIRECTION('ref_axis',(0.,0.,-1.));
#4126=DIRECTION('center_axis',(0.,-0.707106781186548,-0.707106781186547));
#4127=DIRECTION('ref_axis',(0.,0.707106781186547,-0.707106781186548));
#4128=DIRECTION('center_axis',(0.707106781186548,-0.707106781186547,0.));
#4129=DIRECTION('ref_axis',(0.707106781186547,0.707106781186548,0.));
#4130=DIRECTION('center_axis',(-0.707106781186548,0.707106781186547,0.));
#4131=DIRECTION('ref_axis',(0.,0.,1.));
#4132=DIRECTION('',(0.577350269189624,0.577350269189626,-0.577350269189627));
#4133=DIRECTION('',(0.,0.,-1.));
#4134=DIRECTION('center_axis',(0.707106781186548,-0.707106781186547,0.));
#4135=DIRECTION('ref_axis',(-0.707106781186547,-0.707106781186548,0.));
#4136=DIRECTION('',(0.,0.,1.));
#4137=DIRECTION('center_axis',(0.,0.707106781186548,0.707106781186547));
#4138=DIRECTION('ref_axis',(0.,0.707106781186547,-0.707106781186548));
#4139=DIRECTION('',(0.,-0.707106781186547,0.707106781186548));
#4140=DIRECTION('',(-1.,0.,0.));
#4141=DIRECTION('center_axis',(0.,1.,0.));
#4142=DIRECTION('ref_axis',(0.,0.,-1.));
#4143=DIRECTION('center_axis',(0.,1.,0.));
#4144=DIRECTION('ref_axis',(0.,0.,-1.));
#4145=DIRECTION('',(0.,1.,0.));
#4146=DIRECTION('center_axis',(0.,-1.,0.));
#4147=DIRECTION('ref_axis',(0.,0.,-1.));
#4148=DIRECTION('center_axis',(-0.707106781186549,-0.707106781186546,0.));
#4149=DIRECTION('ref_axis',(-0.707106781186546,0.707106781186549,0.));
#4150=DIRECTION('center_axis',(0.,-0.707106781186545,-0.70710678118655));
#4151=DIRECTION('ref_axis',(0.,0.70710678118655,-0.707106781186545));
#4152=DIRECTION('center_axis',(0.707106781186549,0.707106781186546,0.));
#4153=DIRECTION('ref_axis',(0.,0.,-1.));
#4154=DIRECTION('',(0.,0.,-1.));
#4155=DIRECTION('center_axis',(-0.707106781186549,-0.707106781186546,0.));
#4156=DIRECTION('ref_axis',(0.707106781186546,-0.707106781186549,0.));
#4157=DIRECTION('',(0.,0.,1.));
#4158=DIRECTION('',(0.577350269189625,-0.577350269189628,0.577350269189624));
#4159=DIRECTION('center_axis',(0.,-1.,0.));
#4160=DIRECTION('ref_axis',(1.,0.,0.));
#4161=DIRECTION('',(1.,0.,0.));
#4162=DIRECTION('',(0.,0.,1.));
#4163=DIRECTION('',(1.,0.,0.));
#4164=DIRECTION('',(0.,0.,1.));
#4165=DIRECTION('',(-1.,0.,0.));
#4166=DIRECTION('center_axis',(0.,1.,0.));
#4167=DIRECTION('ref_axis',(-0.963714928210761,0.,-0.266933581895812));
#4168=DIRECTION('',(0.514495755427527,0.,0.857492925712544));
#4169=DIRECTION('center_axis',(0.,1.,0.));
#4170=DIRECTION('ref_axis',(0.963714928210761,0.,-0.266933581895812));
#4171=DIRECTION('center_axis',(0.,-1.,0.));
#4172=DIRECTION('ref_axis',(-0.963714928210761,0.,-0.266933581895812));
#4173=DIRECTION('center_axis',(0.,-1.,0.));
#4174=DIRECTION('ref_axis',(-0.963714928210761,0.,-0.266933581895812));
#4175=DIRECTION('center_axis',(0.,1.,0.));
#4176=DIRECTION('ref_axis',(0.,0.,-1.));
#4177=DIRECTION('center_axis',(1.60669033954437E-17,1.,0.));
#4178=DIRECTION('ref_axis',(0.,0.,-1.));
#4179=DIRECTION('',(0.,1.,0.));
#4180=DIRECTION('center_axis',(0.,0.707106781186548,-0.707106781186547));
#4181=DIRECTION('ref_axis',(0.,-0.707106781186547,-0.707106781186548));
#4182=DIRECTION('center_axis',(-0.707106781186549,0.707106781186546,0.));
#4183=DIRECTION('ref_axis',(-0.707106781186546,-0.707106781186549,0.));
#4184=DIRECTION('center_axis',(0.,-1.,0.));
#4185=DIRECTION('ref_axis',(-0.963714928210761,0.,-0.266933581895812));
#4186=DIRECTION('center_axis',(-1.60669033954437E-17,-1.,0.));
#4187=DIRECTION('ref_axis',(-0.963714928210761,0.,-0.266933581895812));
#4188=DIRECTION('center_axis',(1.60669033954437E-17,1.,0.));
#4189=DIRECTION('ref_axis',(-1.,1.60669033954437E-17,0.));
#4190=DIRECTION('',(0.,0.,1.));
#4191=DIRECTION('',(-1.,0.,0.));
#4192=DIRECTION('',(0.,0.,1.));
#4193=DIRECTION('',(-1.,1.60669033954437E-17,0.));
#4194=DIRECTION('',(0.,0.,1.));
#4195=DIRECTION('',(1.,1.11022302462516E-15,0.));
#4196=DIRECTION('',(0.,0.,-1.));
#4197=DIRECTION('center_axis',(1.60669033954437E-17,1.,0.));
#4198=DIRECTION('ref_axis',(0.,0.,-1.));
#4199=DIRECTION('center_axis',(-1.60669033954437E-17,-1.,0.));
#4200=DIRECTION('ref_axis',(0.963714928210761,0.,-0.266933581895812));
#4201=DIRECTION('',(-0.514495755427527,8.26635359981987E-18,-0.857492925712544));
#4202=DIRECTION('center_axis',(0.,-1.,0.));
#4203=DIRECTION('ref_axis',(0.,0.,-1.));
#4204=DIRECTION('',(0.,-1.,0.));
#4205=DIRECTION('center_axis',(0.707106781186547,0.707106781186548,0.));
#4206=DIRECTION('ref_axis',(0.707106781186548,-0.707106781186547,0.));
#4207=DIRECTION('center_axis',(-7.85046229341887E-16,0.707106781186548,
-0.707106781186548));
#4208=DIRECTION('ref_axis',(0.,-0.707106781186547,-0.707106781186547));
#4209=DIRECTION('center_axis',(-0.707106781186547,-0.707106781186548,0.));
#4210=DIRECTION('ref_axis',(0.,0.,1.));
#4211=DIRECTION('center_axis',(0.707106781186547,0.707106781186548,0.));
#4212=DIRECTION('ref_axis',(-0.707106781186548,0.707106781186547,0.));
#4213=DIRECTION('',(0.,0.,1.));
#4214=DIRECTION('',(-0.577350269189626,0.577350269189625,0.577350269189626));
#4215=DIRECTION('center_axis',(0.,-1.,0.));
#4216=DIRECTION('ref_axis',(0.963714928210761,0.,-0.266933581895812));
#4217=DIRECTION('',(0.,-1.,0.));
#4218=DIRECTION('center_axis',(0.,-1.,0.));
#4219=DIRECTION('ref_axis',(0.963714928210761,0.,-0.266933581895812));
#4220=DIRECTION('',(0.,-1.,0.));
#4221=DIRECTION('center_axis',(0.,-1.,0.));
#4222=DIRECTION('ref_axis',(0.963714928210761,0.,-0.266933581895812));
#4223=DIRECTION('center_axis',(0.857492925712544,0.,-0.514495755427527));
#4224=DIRECTION('ref_axis',(0.514495755427527,0.,0.857492925712544));
#4225=DIRECTION('',(-0.514495755427527,0.,-0.857492925712544));
#4226=DIRECTION('center_axis',(0.857492925712544,0.,-0.514495755427527));
#4227=DIRECTION('ref_axis',(0.514495755427527,0.,0.857492925712544));
#4228=DIRECTION('center_axis',(0.707106781186549,-0.707106781186546,0.));
#4229=DIRECTION('ref_axis',(0.,0.,-1.));
#4230=DIRECTION('center_axis',(-0.707106781186549,0.707106781186546,0.));
#4231=DIRECTION('ref_axis',(-0.707106781186546,-0.707106781186549,0.));
#4232=DIRECTION('',(0.,0.,1.));
#4233=DIRECTION('',(-0.577350269189625,-0.577350269189628,0.577350269189625));
#4234=DIRECTION('center_axis',(0.707106781186549,-0.707106781186546,0.));
#4235=DIRECTION('ref_axis',(0.,0.,-1.));
#4236=DIRECTION('',(-0.577350269189624,-0.577350269189626,-0.577350269189627));
#4237=DIRECTION('',(0.,0.,-1.));
#4238=DIRECTION('center_axis',(-0.707106781186549,0.707106781186546,0.));
#4239=DIRECTION('ref_axis',(0.707106781186546,0.707106781186549,0.));
#4240=DIRECTION('center_axis',(-0.707106781186548,-0.707106781186547,0.));
#4241=DIRECTION('ref_axis',(0.,0.,1.));
#4242=DIRECTION('',(0.,0.,-1.));
#4243=DIRECTION('center_axis',(0.707106781186548,0.707106781186547,0.));
#4244=DIRECTION('ref_axis',(0.707106781186547,-0.707106781186548,0.));
#4245=DIRECTION('center_axis',(-0.707106781186548,0.707106781186547,0.));
#4246=DIRECTION('ref_axis',(0.,0.,1.));
#4247=DIRECTION('center_axis',(0.707106781186548,-0.707106781186547,0.));
#4248=DIRECTION('ref_axis',(0.707106781186547,0.707106781186548,0.));
#4249=DIRECTION('',(0.,0.,1.));
#4250=DIRECTION('',(0.577350269189625,0.577350269189626,0.577350269189626));
#4251=DIRECTION('center_axis',(0.,-1.,0.));
#4252=DIRECTION('ref_axis',(1.,0.,0.));
#4253=DIRECTION('center_axis',(0.,-1.,0.));
#4254=DIRECTION('ref_axis',(1.,0.,0.));
#4255=DIRECTION('',(0.,-1.,0.));
#4256=DIRECTION('center_axis',(-1.,0.,0.));
#4257=DIRECTION('ref_axis',(0.,0.,-1.));
#4258=DIRECTION('',(0.,0.,1.));
#4259=DIRECTION('center_axis',(1.11022302462516E-15,-1.,0.));
#4260=DIRECTION('ref_axis',(0.,0.,1.));
#4261=DIRECTION('',(0.,0.,1.));
#4262=DIRECTION('',(-1.,-1.11022302462516E-15,0.));
#4263=DIRECTION('',(-1.,-1.11022302462516E-15,0.));
#4264=DIRECTION('center_axis',(-1.,-1.11022302462516E-15,0.));
#4265=DIRECTION('ref_axis',(-1.11022302462516E-15,1.,0.));
#4266=DIRECTION('center_axis',(-1.,-1.11022302462516E-15,0.));
#4267=DIRECTION('ref_axis',(-1.11022302462516E-15,1.,0.));
#4268=DIRECTION('center_axis',(7.85046229341887E-16,-0.707106781186548,
0.707106781186548));
#4269=DIRECTION('ref_axis',(-8.79251776862915E-16,0.707106781186548,0.707106781186548));
#4270=DIRECTION('',(8.79251776862915E-16,-0.707106781186548,-0.707106781186548));
#4271=DIRECTION('center_axis',(-1.,0.,0.));
#4272=DIRECTION('ref_axis',(0.,-1.,0.));
#4273=DIRECTION('center_axis',(-1.,0.,0.));
#4274=DIRECTION('ref_axis',(0.,-1.,0.));
#4275=DIRECTION('',(-1.,0.,0.));
#4276=DIRECTION('center_axis',(0.,1.,0.));
#4277=DIRECTION('ref_axis',(0.,0.,-1.));
#4278=DIRECTION('',(0.,0.,1.));
#4279=DIRECTION('center_axis',(-1.,0.,0.));
#4280=DIRECTION('ref_axis',(0.,0.,1.));
#4281=DIRECTION('',(0.,0.,1.));
#4282=DIRECTION('',(0.,1.,0.));
#4283=DIRECTION('',(0.,1.,0.));
#4284=DIRECTION('center_axis',(0.,1.,0.));
#4285=DIRECTION('ref_axis',(1.,0.,0.));
#4286=DIRECTION('center_axis',(0.,1.,0.));
#4287=DIRECTION('ref_axis',(1.,0.,0.));
#4288=DIRECTION('center_axis',(-0.707106781186548,0.,0.707106781186547));
#4289=DIRECTION('ref_axis',(0.707106781186547,0.,0.707106781186548));
#4290=DIRECTION('',(-0.707106781186547,0.,-0.707106781186548));
#4291=DIRECTION('center_axis',(1.,0.,0.));
#4292=DIRECTION('ref_axis',(0.,1.,0.));
#4293=DIRECTION('center_axis',(1.,0.,0.));
#4294=DIRECTION('ref_axis',(0.,1.,0.));
#4295=DIRECTION('',(1.,0.,0.));
#4296=DIRECTION('center_axis',(0.,-1.,0.));
#4297=DIRECTION('ref_axis',(0.,0.,-1.));
#4298=DIRECTION('',(0.,0.,1.));
#4299=DIRECTION('',(1.,0.,0.));
#4300=DIRECTION('center_axis',(0.,-0.707106781186548,0.707106781186547));
#4301=DIRECTION('ref_axis',(0.,-0.707106781186547,-0.707106781186548));
#4302=DIRECTION('',(0.,0.707106781186547,0.707106781186548));
#4303=DIRECTION('center_axis',(1.,0.,0.));
#4304=DIRECTION('ref_axis',(0.,0.,1.));
#4305=DIRECTION('',(0.,0.,1.));
#4306=DIRECTION('',(0.,-1.,0.));
#4307=DIRECTION('',(0.,-1.,0.));
#4308=DIRECTION('center_axis',(0.,-1.,0.));
#4309=DIRECTION('ref_axis',(-1.,0.,0.));
#4310=DIRECTION('center_axis',(0.,-1.,0.));
#4311=DIRECTION('ref_axis',(-1.,0.,0.));
#4312=DIRECTION('center_axis',(0.707106781186547,0.,0.707106781186548));
#4313=DIRECTION('ref_axis',(-0.707106781186548,0.,0.707106781186547));
#4314=DIRECTION('',(0.707106781186548,0.,-0.707106781186547));
#4315=DIRECTION('center_axis',(0.,1.,0.));
#4316=DIRECTION('ref_axis',(0.,0.,1.));
#4317=DIRECTION('',(0.,0.,1.));
#4318=DIRECTION('',(1.,0.,0.));
#4319=DIRECTION('',(1.,0.,0.));
#4320=DIRECTION('center_axis',(1.,0.,0.));
#4321=DIRECTION('ref_axis',(0.,-1.,0.));
#4322=DIRECTION('center_axis',(1.,0.,0.));
#4323=DIRECTION('ref_axis',(0.,-1.,0.));
#4324=DIRECTION('center_axis',(0.,0.707106781186545,0.70710678118655));
#4325=DIRECTION('ref_axis',(0.,-0.70710678118655,0.707106781186545));
#4326=DIRECTION('',(0.,0.70710678118655,-0.707106781186545));
#4327=DIRECTION('center_axis',(0.,1.,0.));
#4328=DIRECTION('ref_axis',(-1.,0.,0.));
#4329=DIRECTION('center_axis',(0.,1.,0.));
#4330=DIRECTION('ref_axis',(-1.,0.,0.));
#4331=DIRECTION('',(0.,1.,0.));
#4332=DIRECTION('center_axis',(1.,0.,0.));
#4333=DIRECTION('ref_axis',(0.,0.,-1.));
#4334=DIRECTION('',(0.,0.,1.));
#4335=DIRECTION('center_axis',(0.,0.,1.));
#4336=DIRECTION('ref_axis',(-1.,0.,0.));
#4337=DIRECTION('center_axis',(0.,0.,-1.));
#4338=DIRECTION('ref_axis',(-1.,0.,0.));
#4339=DIRECTION('center_axis',(0.,0.,1.));
#4340=DIRECTION('ref_axis',(0.,1.,0.));
#4341=DIRECTION('center_axis',(0.,0.,-1.));
#4342=DIRECTION('ref_axis',(0.,1.,0.));
#4343=DIRECTION('center_axis',(0.,0.,1.));
#4344=DIRECTION('ref_axis',(1.,-5.79246795456604E-16,0.));
#4345=DIRECTION('center_axis',(0.,0.,-1.));
#4346=DIRECTION('ref_axis',(1.,-5.79246795456604E-16,0.));
#4347=DIRECTION('center_axis',(0.,0.,1.));
#4348=DIRECTION('ref_axis',(0.,-1.,0.));
#4349=DIRECTION('center_axis',(0.,0.,-1.));
#4350=DIRECTION('ref_axis',(0.,-1.,0.));
#4351=DIRECTION('center_axis',(0.,0.,-1.));
#4352=DIRECTION('ref_axis',(-1.,0.,0.));
#4353=DIRECTION('center_axis',(0.,0.,-1.));
#4354=DIRECTION('ref_axis',(0.,1.,0.));
#4355=DIRECTION('center_axis',(0.,0.,-1.));
#4356=DIRECTION('ref_axis',(-0.707106781186548,0.707106781186547,0.));
#4357=DIRECTION('center_axis',(0.,0.,1.));
#4358=DIRECTION('ref_axis',(0.,1.,0.));
#4359=DIRECTION('center_axis',(0.,0.,1.));
#4360=DIRECTION('ref_axis',(-0.707106781186548,0.707106781186547,0.));
#4361=DIRECTION('center_axis',(0.,0.,-1.));
#4362=DIRECTION('ref_axis',(-1.,0.,0.));
#4363=DIRECTION('center_axis',(0.,0.,-1.));
#4364=DIRECTION('ref_axis',(-1.,0.,0.));
#4365=DIRECTION('center_axis',(0.,0.,-1.));
#4366=DIRECTION('ref_axis',(-0.707106781186548,-0.707106781186547,0.));
#4367=DIRECTION('center_axis',(0.,0.,1.));
#4368=DIRECTION('ref_axis',(-1.,0.,0.));
#4369=DIRECTION('center_axis',(0.,0.,1.));
#4370=DIRECTION('ref_axis',(-0.707106781186548,-0.707106781186547,0.));
#4371=DIRECTION('center_axis',(0.,0.,-1.));
#4372=DIRECTION('ref_axis',(-1.,0.,0.));
#4373=DIRECTION('center_axis',(0.,0.,-1.));
#4374=DIRECTION('ref_axis',(0.,-1.,0.));
#4375=DIRECTION('center_axis',(0.,0.,-1.));
#4376=DIRECTION('ref_axis',(0.707106781186548,-0.707106781186548,0.));
#4377=DIRECTION('center_axis',(0.,0.,1.));
#4378=DIRECTION('ref_axis',(0.,-1.,0.));
#4379=DIRECTION('center_axis',(0.,0.,1.));
#4380=DIRECTION('ref_axis',(0.707106781186548,-0.707106781186548,0.));
#4381=DIRECTION('center_axis',(0.,0.,-1.));
#4382=DIRECTION('ref_axis',(-1.,0.,0.));
#4383=DIRECTION('center_axis',(0.,0.,-1.));
#4384=DIRECTION('ref_axis',(1.,-5.79246795456604E-16,0.));
#4385=DIRECTION('center_axis',(0.,0.,-1.));
#4386=DIRECTION('ref_axis',(0.707106781186547,0.707106781186548,0.));
#4387=DIRECTION('center_axis',(0.,0.,1.));
#4388=DIRECTION('ref_axis',(1.,-4.93432455388959E-16,0.));
#4389=DIRECTION('center_axis',(0.,0.,1.));
#4390=DIRECTION('ref_axis',(0.707106781186547,0.707106781186548,0.));
#4391=DIRECTION('center_axis',(0.,0.,1.));
#4392=DIRECTION('ref_axis',(-1.,0.,0.));
#4393=DIRECTION('center_axis',(0.,0.,1.));
#4394=DIRECTION('ref_axis',(0.,-1.,0.));
#4395=DIRECTION('center_axis',(0.,0.,1.));
#4396=DIRECTION('ref_axis',(1.,-5.79246795456604E-16,0.));
#4397=DIRECTION('center_axis',(0.,0.,1.));
#4398=DIRECTION('ref_axis',(0.,1.,0.));
#4399=DIRECTION('center_axis',(0.,1.,0.));
#4400=DIRECTION('ref_axis',(-0.707106781186553,0.,-0.707106781186542));
#4401=DIRECTION('center_axis',(0.,-1.,0.));
#4402=DIRECTION('ref_axis',(-1.,0.,0.));
#4403=DIRECTION('',(0.,1.,0.));
#4404=DIRECTION('center_axis',(0.,1.,0.));
#4405=DIRECTION('ref_axis',(0.,0.,-1.));
#4406=DIRECTION('center_axis',(0.,0.,-1.));
#4407=DIRECTION('ref_axis',(-1.,0.,0.));
#4408=DIRECTION('center_axis',(1.,0.,0.));
#4409=DIRECTION('ref_axis',(0.,0.,-1.));
#4410=DIRECTION('center_axis',(0.,0.,-1.));
#4411=DIRECTION('ref_axis',(-0.707106781186548,0.707106781186547,0.));
#4412=DIRECTION('center_axis',(1.,-1.60669033954437E-17,0.));
#4413=DIRECTION('ref_axis',(0.,0.707106781186548,-0.707106781186547));
#4414=DIRECTION('center_axis',(1.,0.,0.));
#4415=DIRECTION('ref_axis',(0.,0.,-1.));
#4416=DIRECTION('',(1.,-1.60669033954437E-17,0.));
#4417=DIRECTION('center_axis',(0.,0.,-1.));
#4418=DIRECTION('ref_axis',(-1.,0.,0.));
#4419=DIRECTION('center_axis',(0.,-1.,0.));
#4420=DIRECTION('ref_axis',(0.,0.,-1.));
#4421=DIRECTION('center_axis',(0.,0.,-1.));
#4422=DIRECTION('ref_axis',(0.707106781186547,0.707106781186547,0.));
#4423=DIRECTION('center_axis',(-1.24087318335234E-17,-1.,0.));
#4424=DIRECTION('ref_axis',(0.707106781186549,0.,-0.707106781186546));
#4425=DIRECTION('center_axis',(0.,-1.,0.));
#4426=DIRECTION('ref_axis',(0.,0.,-1.));
#4427=DIRECTION('',(-1.24087318335234E-17,-1.,0.));
#4428=DIRECTION('center_axis',(0.,0.,-1.));
#4429=DIRECTION('ref_axis',(-1.,0.,0.));
#4430=DIRECTION('center_axis',(-1.,0.,0.));
#4431=DIRECTION('ref_axis',(0.,0.,-1.));
#4432=DIRECTION('center_axis',(0.,0.,-1.));
#4433=DIRECTION('ref_axis',(0.707106781186547,-0.707106781186547,0.));
#4434=DIRECTION('center_axis',(-1.,0.,0.));
#4435=DIRECTION('ref_axis',(0.,-0.707106781186546,-0.707106781186549));
#4436=DIRECTION('center_axis',(-1.,0.,0.));
#4437=DIRECTION('ref_axis',(0.,0.,-1.));
#4438=DIRECTION('',(-1.,0.,0.));
#4439=DIRECTION('center_axis',(0.,0.,-1.));
#4440=DIRECTION('ref_axis',(-1.,0.,0.));
#4441=DIRECTION('center_axis',(0.,0.,-1.));
#4442=DIRECTION('ref_axis',(-0.707106781186548,-0.707106781186547,0.));
#4443=DIRECTION('center_axis',(0.,0.,1.));
#4444=DIRECTION('ref_axis',(1.,0.,0.));
#4445=DIRECTION('center_axis',(0.,-1.,0.));
#4446=DIRECTION('ref_axis',(1.,0.,0.));
#4447=CARTESIAN_POINT('',(0.,0.,0.));
#4448=CARTESIAN_POINT('Origin',(-50.,-25.05,4.));
#4449=CARTESIAN_POINT('',(-47.,-25.05,4.));
#4450=CARTESIAN_POINT('Origin',(-50.,-25.05,4.));
#4451=CARTESIAN_POINT('',(-47.,-25.05,2.4));
#4452=CARTESIAN_POINT('',(-47.,-25.05,4.));
#4453=CARTESIAN_POINT('Origin',(-50.,-25.05,2.4));
#4454=CARTESIAN_POINT('Origin',(-50.,-25.05,2.4));
#4455=CARTESIAN_POINT('',(-48.35,-25.05,2.4));
#4456=CARTESIAN_POINT('Origin',(-50.,-25.05,2.4));
#4457=CARTESIAN_POINT('Origin',(50.,25.05,4.));
#4458=CARTESIAN_POINT('',(53.,25.05,4.));
#4459=CARTESIAN_POINT('Origin',(50.,25.05,4.));
#4460=CARTESIAN_POINT('',(53.,25.05,2.4));
#4461=CARTESIAN_POINT('',(53.,25.05,4.));
#4462=CARTESIAN_POINT('Origin',(50.,25.05,2.4));
#4463=CARTESIAN_POINT('Origin',(50.,25.05,2.4));
#4464=CARTESIAN_POINT('',(51.65,25.05,2.4));
#4465=CARTESIAN_POINT('Origin',(50.,25.05,2.4));
#4466=CARTESIAN_POINT('Origin',(-50.,25.05,4.));
#4467=CARTESIAN_POINT('',(-47.,25.05,4.));
#4468=CARTESIAN_POINT('Origin',(-50.,25.05,4.));
#4469=CARTESIAN_POINT('',(-47.,25.05,2.4));
#4470=CARTESIAN_POINT('',(-47.,25.05,4.));
#4471=CARTESIAN_POINT('Origin',(-50.,25.05,2.4));
#4472=CARTESIAN_POINT('Origin',(-50.,25.05,2.4));
#4473=CARTESIAN_POINT('',(-48.35,25.05,2.4));
#4474=CARTESIAN_POINT('Origin',(-50.,25.05,2.4));
#4475=CARTESIAN_POINT('Origin',(0.,-25.05,4.));
#4476=CARTESIAN_POINT('',(3.00000000000001,-25.05,4.));
#4477=CARTESIAN_POINT('Origin',(0.,-25.05,4.));
#4478=CARTESIAN_POINT('',(3.00000000000001,-25.05,2.4));
#4479=CARTESIAN_POINT('',(3.00000000000001,-25.05,4.));
#4480=CARTESIAN_POINT('Origin',(0.,-25.05,2.4));
#4481=CARTESIAN_POINT('Origin',(0.,-25.05,2.4));
#4482=CARTESIAN_POINT('',(1.64999999999999,-25.05,2.4));
#4483=CARTESIAN_POINT('Origin',(0.,-25.05,2.4));
#4484=CARTESIAN_POINT('Origin',(50.,-25.05,4.));
#4485=CARTESIAN_POINT('',(53.,-25.05,4.));
#4486=CARTESIAN_POINT('Origin',(50.,-25.05,4.));
#4487=CARTESIAN_POINT('',(53.,-25.05,2.4));
#4488=CARTESIAN_POINT('',(53.,-25.05,4.));
#4489=CARTESIAN_POINT('Origin',(50.,-25.05,2.4));
#4490=CARTESIAN_POINT('Origin',(50.,-25.05,2.4));
#4491=CARTESIAN_POINT('',(51.65,-25.05,2.4));
#4492=CARTESIAN_POINT('Origin',(50.,-25.05,2.4));
#4493=CARTESIAN_POINT('Origin',(0.,25.05,4.));
#4494=CARTESIAN_POINT('',(3.00000000000001,25.05,4.));
#4495=CARTESIAN_POINT('Origin',(0.,25.05,4.));
#4496=CARTESIAN_POINT('',(3.00000000000001,25.05,2.4));
#4497=CARTESIAN_POINT('',(3.00000000000001,25.05,4.));
#4498=CARTESIAN_POINT('Origin',(0.,25.05,2.4));
#4499=CARTESIAN_POINT('Origin',(0.,25.05,2.4));
#4500=CARTESIAN_POINT('',(1.64999999999999,25.05,2.4));
#4501=CARTESIAN_POINT('Origin',(0.,25.05,2.4));
#4502=CARTESIAN_POINT('Origin',(0.,4.44089209850063E-15,0.));
#4503=CARTESIAN_POINT('',(-69.1,36.1,0.));
#4504=CARTESIAN_POINT('',(-80.6,24.6,0.));
#4505=CARTESIAN_POINT('Origin',(-69.1,24.6,0.));
#4506=CARTESIAN_POINT('',(69.1,36.1,0.));
#4507=CARTESIAN_POINT('',(-34.55,36.1,0.));
#4508=CARTESIAN_POINT('',(80.6,24.6,0.));
#4509=CARTESIAN_POINT('Origin',(69.1,24.6,0.));
#4510=CARTESIAN_POINT('',(80.6,-24.6,0.));
#4511=CARTESIAN_POINT('',(80.6,12.3,0.));
#4512=CARTESIAN_POINT('',(69.1,-36.1,0.));
#4513=CARTESIAN_POINT('Origin',(69.1,-24.6,0.));
#4514=CARTESIAN_POINT('',(-69.1,-36.1,0.));
#4515=CARTESIAN_POINT('',(34.55,-36.1,0.));
#4516=CARTESIAN_POINT('',(-80.6,-24.6,0.));
#4517=CARTESIAN_POINT('Origin',(-69.1,-24.6,0.));
#4518=CARTESIAN_POINT('',(-80.6,-12.3,0.));
#4519=CARTESIAN_POINT('',(2.05,25.05,0.));
#4520=CARTESIAN_POINT('Origin',(0.,25.05,0.));
#4521=CARTESIAN_POINT('',(52.05,25.05,0.));
#4522=CARTESIAN_POINT('Origin',(50.,25.05,0.));
#4523=CARTESIAN_POINT('',(-47.95,-25.05,0.));
#4524=CARTESIAN_POINT('Origin',(-50.,-25.05,0.));
#4525=CARTESIAN_POINT('',(52.05,-25.05,0.));
#4526=CARTESIAN_POINT('Origin',(50.,-25.05,0.));
#4527=CARTESIAN_POINT('',(-47.95,25.05,0.));
#4528=CARTESIAN_POINT('Origin',(-50.,25.05,0.));
#4529=CARTESIAN_POINT('',(2.05,-25.05,0.));
#4530=CARTESIAN_POINT('Origin',(0.,-25.05,0.));
#4531=CARTESIAN_POINT('Origin',(0.,25.05,2.));
#4532=CARTESIAN_POINT('',(2.05,25.05,2.));
#4533=CARTESIAN_POINT('',(2.05,25.05,2.));
#4534=CARTESIAN_POINT('Origin',(0.,25.05,2.));
#4535=CARTESIAN_POINT('Origin',(50.,25.05,2.));
#4536=CARTESIAN_POINT('',(52.05,25.05,2.));
#4537=CARTESIAN_POINT('',(52.05,25.05,2.));
#4538=CARTESIAN_POINT('Origin',(50.,25.05,2.));
#4539=CARTESIAN_POINT('Origin',(-50.,-25.05,2.));
#4540=CARTESIAN_POINT('',(-47.95,-25.05,2.));
#4541=CARTESIAN_POINT('',(-47.95,-25.05,2.));
#4542=CARTESIAN_POINT('Origin',(-50.,-25.05,2.));
#4543=CARTESIAN_POINT('Origin',(50.,-25.05,2.));
#4544=CARTESIAN_POINT('',(52.05,-25.05,2.));
#4545=CARTESIAN_POINT('',(52.05,-25.05,2.));
#4546=CARTESIAN_POINT('Origin',(50.,-25.05,2.));
#4547=CARTESIAN_POINT('Origin',(-50.,25.05,2.));
#4548=CARTESIAN_POINT('',(-47.95,25.05,2.));
#4549=CARTESIAN_POINT('',(-47.95,25.05,2.));
#4550=CARTESIAN_POINT('Origin',(-50.,25.05,2.));
#4551=CARTESIAN_POINT('Origin',(0.,-25.05,2.));
#4552=CARTESIAN_POINT('',(2.05,-25.05,2.));
#4553=CARTESIAN_POINT('',(2.05,-25.05,2.));
#4554=CARTESIAN_POINT('Origin',(0.,-25.05,2.));
#4555=CARTESIAN_POINT('Origin',(23.5,41.6,2.50000000000009));
#4556=CARTESIAN_POINT('',(25.,43.1,8.));
#4557=CARTESIAN_POINT('',(24.,42.1,9.));
#4558=CARTESIAN_POINT('',(19.6583333333334,37.7583333333333,13.3416666666667));
#4559=CARTESIAN_POINT('',(25.,43.1,7.00000000000001));
#4560=CARTESIAN_POINT('',(25.,43.1,4.00000000000001));
#4561=CARTESIAN_POINT('',(22.,40.1,4.));
#4562=CARTESIAN_POINT('',(24.0083333333334,42.1083333333333,6.00833333333334));
#4563=CARTESIAN_POINT('',(22.,40.1,9.));
#4564=CARTESIAN_POINT('',(22.,40.1,2.5000000000001));
#4565=CARTESIAN_POINT('',(5.47500000000014,23.575,9.));
#4566=CARTESIAN_POINT('Origin',(-6.49999999999997,41.6,2.50000000000014));
#4567=CARTESIAN_POINT('',(-4.99999999999996,43.1,8.));
#4568=CARTESIAN_POINT('',(-5.99999999999994,42.1,9.));
#4569=CARTESIAN_POINT('',(-7.84166666666662,40.2583333333333,10.8416666666667));
#4570=CARTESIAN_POINT('',(-4.99999999999996,43.1,7.00000000000001));
#4571=CARTESIAN_POINT('',(-4.99999999999998,43.1,4.00000000000001));
#4572=CARTESIAN_POINT('',(-7.99999999999995,40.1,4.));
#4573=CARTESIAN_POINT('',(-0.9916666666666,47.1083333333334,11.0083333333333));
#4574=CARTESIAN_POINT('',(-7.99999999999995,40.1,9.));
#4575=CARTESIAN_POINT('',(-7.99999999999997,40.1,2.50000000000015));
#4576=CARTESIAN_POINT('',(-17.0249999999999,31.075,9.));
#4577=CARTESIAN_POINT('Origin',(-36.5,41.6,2.5000000000002));
#4578=CARTESIAN_POINT('',(-35.,43.1,8.));
#4579=CARTESIAN_POINT('',(-35.9999999999999,42.1,9.));
#4580=CARTESIAN_POINT('',(-35.3416666666667,42.7583333333333,8.34166666666671));
#4581=CARTESIAN_POINT('',(-35.,43.1,7.00000000000001));
#4582=CARTESIAN_POINT('',(-35.,43.1,4.00000000000001));
#4583=CARTESIAN_POINT('',(-38.,40.1,4.));
#4584=CARTESIAN_POINT('',(-25.9916666666665,52.1083333333334,16.0083333333334));
#4585=CARTESIAN_POINT('',(-38.,40.1,9.));
#4586=CARTESIAN_POINT('',(-38.,40.1,2.5000000000002));
#4587=CARTESIAN_POINT('',(-39.525,38.575,9.));
#4588=CARTESIAN_POINT('Origin',(-23.5,41.6,5.));
#4589=CARTESIAN_POINT('',(-22.,40.1,9.));
#4590=CARTESIAN_POINT('',(-24.,42.1,9.));
#4591=CARTESIAN_POINT('',(-29.025,47.125,9.));
#4592=CARTESIAN_POINT('',(-22.,40.1,4.));
#4593=CARTESIAN_POINT('',(-22.,40.1,5.));
#4594=CARTESIAN_POINT('',(-25.,43.1,7.00000000000001));
#4595=CARTESIAN_POINT('',(-12.9083333333333,31.0083333333333,-5.09166666666666));
#4596=CARTESIAN_POINT('',(-25.,43.1,8.));
#4597=CARTESIAN_POINT('',(-25.,43.1,9.));
#4598=CARTESIAN_POINT('',(-27.0916666666666,45.1916666666667,5.90833333333333));
#4599=CARTESIAN_POINT('Origin',(6.50000000000002,41.6,5.));
#4600=CARTESIAN_POINT('',(8.00000000000002,40.1,9.));
#4601=CARTESIAN_POINT('',(6.00000000000002,42.1,9.));
#4602=CARTESIAN_POINT('',(-6.52499999999998,54.625,9.));
#4603=CARTESIAN_POINT('',(8.00000000000002,40.1,4.));
#4604=CARTESIAN_POINT('',(8.00000000000002,40.1,5.));
#4605=CARTESIAN_POINT('',(5.00000000000002,43.1,7.00000000000001));
#4606=CARTESIAN_POINT('',(12.0916666666667,36.0083333333333,-0.0916666666666596));
#4607=CARTESIAN_POINT('',(5.00000000000002,43.1,8.));
#4608=CARTESIAN_POINT('',(5.00000000000002,43.1,9.));
#4609=CARTESIAN_POINT('',(0.408333333333353,47.6916666666667,3.40833333333333));
#4610=CARTESIAN_POINT('Origin',(36.5,41.6,5.));
#4611=CARTESIAN_POINT('',(38.,40.1,9.));
#4612=CARTESIAN_POINT('',(36.,42.1,9.));
#4613=CARTESIAN_POINT('',(15.975,62.125,9.));
#4614=CARTESIAN_POINT('',(38.,40.1,4.));
#4615=CARTESIAN_POINT('',(38.,40.1,5.));
#4616=CARTESIAN_POINT('',(35.,43.1,7.00000000000001));
#4617=CARTESIAN_POINT('',(37.0916666666667,41.0083333333333,4.90833333333334));
#4618=CARTESIAN_POINT('',(35.,43.1,8.));
#4619=CARTESIAN_POINT('',(35.,43.1,9.));
#4620=CARTESIAN_POINT('',(27.9083333333334,50.1916666666667,0.908333333333333));
#4621=CARTESIAN_POINT('Origin',(-38.55,42.6,8.5));
#4622=CARTESIAN_POINT('',(-38.55,42.1,9.));
#4623=CARTESIAN_POINT('',(-38.55,43.1,8.));
#4624=CARTESIAN_POINT('Origin',(-47.1,40.1,9.));
#4625=CARTESIAN_POINT('',(-35.7761924206188,40.1,9.));
#4626=CARTESIAN_POINT('',(11.,40.1,9.));
#4627=CARTESIAN_POINT('',(-35.7761924206188,38.1,9.));
#4628=CARTESIAN_POINT('',(-35.7761924206188,40.1,9.));
#4629=CARTESIAN_POINT('',(35.7761924206188,38.1,9.));
#4630=CARTESIAN_POINT('',(11.,38.1,9.));
#4631=CARTESIAN_POINT('',(35.7761924206188,40.1,9.));
#4632=CARTESIAN_POINT('',(35.7761924206188,40.1,9.));
#4633=CARTESIAN_POINT('',(11.,40.1,9.));
#4634=CARTESIAN_POINT('',(-8.55,42.1,9.));
#4635=CARTESIAN_POINT('',(11.,40.1,9.));
#4636=CARTESIAN_POINT('',(-23.55,42.1,9.));
#4637=CARTESIAN_POINT('',(11.,40.1,9.));
#4638=CARTESIAN_POINT('',(1.99999999999998,41.1,9.));
#4639=CARTESIAN_POINT('',(1.99999999999998,39.1,9.));
#4640=CARTESIAN_POINT('',(1.99999999999998,40.6,9.));
#4641=CARTESIAN_POINT('',(-2.00000000000003,39.1,9.));
#4642=CARTESIAN_POINT('',(-22.55,39.1,9.));
#4643=CARTESIAN_POINT('',(-2.00000000000003,41.1,9.));
#4644=CARTESIAN_POINT('',(-2.00000000000005,39.6,9.));
#4645=CARTESIAN_POINT('',(-24.55,41.1,9.));
#4646=CARTESIAN_POINT('',(32.,41.1,9.));
#4647=CARTESIAN_POINT('',(32.,39.1,9.));
#4648=CARTESIAN_POINT('',(32.,40.6,9.));
#4649=CARTESIAN_POINT('',(28.,39.1,9.));
#4650=CARTESIAN_POINT('',(-7.55000000000003,39.1,9.));
#4651=CARTESIAN_POINT('',(28.,41.1,9.));
#4652=CARTESIAN_POINT('',(28.,39.6,9.));
#4653=CARTESIAN_POINT('',(-9.55000000000004,41.1,9.));
#4654=CARTESIAN_POINT('',(-28.,41.1,9.));
#4655=CARTESIAN_POINT('',(-28.,39.1,9.));
#4656=CARTESIAN_POINT('',(-28.,40.6,9.));
#4657=CARTESIAN_POINT('',(-32.,39.1,9.));
#4658=CARTESIAN_POINT('',(-37.55,39.1,9.));
#4659=CARTESIAN_POINT('',(-32.,41.1,9.));
#4660=CARTESIAN_POINT('',(-32.,39.6,9.));
#4661=CARTESIAN_POINT('',(-39.55,41.1,9.));
#4662=CARTESIAN_POINT('Origin',(-23.55,42.6,8.5));
#4663=CARTESIAN_POINT('',(-23.55,43.1,8.));
#4664=CARTESIAN_POINT('Origin',(-8.55,42.6,8.5));
#4665=CARTESIAN_POINT('',(-8.55,43.1,8.));
#4666=CARTESIAN_POINT('Origin',(-32.,39.1,9.));
#4667=CARTESIAN_POINT('',(-32.,41.1,5.));
#4668=CARTESIAN_POINT('',(-32.,40.1,4.));
#4669=CARTESIAN_POINT('',(-32.,41.85,5.75000000000001));
#4670=CARTESIAN_POINT('',(-32.,41.1,9.));
#4671=CARTESIAN_POINT('',(-32.,39.1,4.));
#4672=CARTESIAN_POINT('',(-32.,39.1,9.));
#4673=CARTESIAN_POINT('',(-32.,39.1,4.));
#4674=CARTESIAN_POINT('Origin',(-32.,41.1,9.));
#4675=CARTESIAN_POINT('',(-28.,41.1,5.));
#4676=CARTESIAN_POINT('',(-29.75,41.1,5.));
#4677=CARTESIAN_POINT('',(-28.,41.1,9.));
#4678=CARTESIAN_POINT('Origin',(-28.,41.1,9.));
#4679=CARTESIAN_POINT('',(-28.,40.1,4.));
#4680=CARTESIAN_POINT('',(-28.,42.35,6.25000000000001));
#4681=CARTESIAN_POINT('',(-28.,39.1,4.));
#4682=CARTESIAN_POINT('',(-28.,41.1,4.));
#4683=CARTESIAN_POINT('',(-28.,39.1,9.));
#4684=CARTESIAN_POINT('Origin',(-2.00000000000003,39.1,9.));
#4685=CARTESIAN_POINT('',(-2.00000000000003,41.1,5.));
#4686=CARTESIAN_POINT('',(-2.00000000000003,40.1,4.));
#4687=CARTESIAN_POINT('',(-2.00000000000003,41.85,5.75000000000001));
#4688=CARTESIAN_POINT('',(-2.00000000000003,41.1,9.));
#4689=CARTESIAN_POINT('',(-2.00000000000003,39.1,4.));
#4690=CARTESIAN_POINT('',(-2.00000000000003,39.1,9.));
#4691=CARTESIAN_POINT('',(-2.00000000000003,39.1,4.));
#4692=CARTESIAN_POINT('Origin',(-2.00000000000003,41.1,9.));
#4693=CARTESIAN_POINT('',(1.99999999999998,41.1,5.));
#4694=CARTESIAN_POINT('',(0.250000000000004,41.1,5.));
#4695=CARTESIAN_POINT('',(1.99999999999998,41.1,9.));
#4696=CARTESIAN_POINT('Origin',(1.99999999999998,41.1,9.));
#4697=CARTESIAN_POINT('',(1.99999999999998,40.1,4.));
#4698=CARTESIAN_POINT('',(1.99999999999998,42.35,6.25000000000001));
#4699=CARTESIAN_POINT('',(1.99999999999998,39.1,4.));
#4700=CARTESIAN_POINT('',(1.99999999999998,41.1,4.));
#4701=CARTESIAN_POINT('',(1.99999999999998,39.1,9.));
#4702=CARTESIAN_POINT('Origin',(28.,39.1,9.));
#4703=CARTESIAN_POINT('',(28.,41.1,5.));
#4704=CARTESIAN_POINT('',(28.,40.1,4.));
#4705=CARTESIAN_POINT('',(28.,41.85,5.75000000000001));
#4706=CARTESIAN_POINT('',(28.,41.1,9.));
#4707=CARTESIAN_POINT('',(28.,39.1,4.));
#4708=CARTESIAN_POINT('',(28.,39.1,9.));
#4709=CARTESIAN_POINT('',(28.,39.1,4.));
#4710=CARTESIAN_POINT('Origin',(28.,41.1,9.));
#4711=CARTESIAN_POINT('',(32.,41.1,5.));
#4712=CARTESIAN_POINT('',(30.25,41.1,5.));
#4713=CARTESIAN_POINT('',(32.,41.1,9.));
#4714=CARTESIAN_POINT('Origin',(32.,41.1,9.));
#4715=CARTESIAN_POINT('',(32.,40.1,4.));
#4716=CARTESIAN_POINT('',(32.,42.35,6.25000000000001));
#4717=CARTESIAN_POINT('',(32.,39.1,4.));
#4718=CARTESIAN_POINT('',(32.,41.1,4.));
#4719=CARTESIAN_POINT('',(32.,39.1,9.));
#4720=CARTESIAN_POINT('Origin',(-30.,40.1,4.));
#4721=CARTESIAN_POINT('',(34.55,40.1,4.));
#4722=CARTESIAN_POINT('',(-28.,39.1,4.));
#4723=CARTESIAN_POINT('Origin',(-28.,39.1,9.));
#4724=CARTESIAN_POINT('Origin',(30.,40.1,4.));
#4725=CARTESIAN_POINT('',(34.55,40.1,4.));
#4726=CARTESIAN_POINT('',(32.,39.1,4.));
#4727=CARTESIAN_POINT('Origin',(32.,39.1,9.));
#4728=CARTESIAN_POINT('Origin',(-1.77635683940025E-14,40.1,4.));
#4729=CARTESIAN_POINT('',(34.55,40.1,4.));
#4730=CARTESIAN_POINT('',(1.99999999999998,39.1,4.));
#4731=CARTESIAN_POINT('Origin',(1.99999999999998,39.1,9.));
#4732=CARTESIAN_POINT('Origin',(-30.,43.1,6.50000000000001));
#4733=CARTESIAN_POINT('',(-27.5,43.1,7.00000000000001));
#4734=CARTESIAN_POINT('Origin',(69.1,40.1,1.));
#4735=CARTESIAN_POINT('',(34.55,40.1,4.));
#4736=CARTESIAN_POINT('Origin',(69.1,40.1,1.));
#4737=CARTESIAN_POINT('',(-69.1,40.1,4.));
#4738=CARTESIAN_POINT('',(34.55,40.1,4.));
#4739=CARTESIAN_POINT('',(-69.1,40.1,39.));
#4740=CARTESIAN_POINT('',(-69.1,40.1,1.));
#4741=CARTESIAN_POINT('',(-67.0036355485769,40.1,39.));
#4742=CARTESIAN_POINT('',(69.1,40.1,39.));
#4743=CARTESIAN_POINT('',(-62.0518177742885,40.1,34.6924599123711));
#4744=CARTESIAN_POINT('Origin',(-67.0036355485769,40.1,34.));
#4745=CARTESIAN_POINT('',(-61.3874646285628,40.1,32.8124410476046));
#4746=CARTESIAN_POINT('Origin',(-57.1,40.1,35.3849198247422));
#4747=CARTESIAN_POINT('',(-52.9260509348697,40.1,18.7100848914495));
#4748=CARTESIAN_POINT('',(-37.4558823529412,40.1,-7.07352941176472));
#4749=CARTESIAN_POINT('Origin',(-35.7761924206188,40.1,29.));
#4750=CARTESIAN_POINT('Origin',(1.77635683940025E-14,43.1,6.50000000000001));
#4751=CARTESIAN_POINT('',(2.50000000000002,43.1,7.00000000000001));
#4752=CARTESIAN_POINT('Origin',(69.1,40.1,1.));
#4753=CARTESIAN_POINT('',(34.55,40.1,4.));
#4754=CARTESIAN_POINT('Origin',(30.,43.1,6.50000000000001));
#4755=CARTESIAN_POINT('',(32.5,43.1,7.00000000000001));
#4756=CARTESIAN_POINT('Origin',(69.1,40.1,1.));
#4757=CARTESIAN_POINT('',(52.9260509348697,40.1,18.7100848914495));
#4758=CARTESIAN_POINT('Origin',(35.7761924206188,40.1,29.));
#4759=CARTESIAN_POINT('',(61.3874646285627,40.1,32.8124410476045));
#4760=CARTESIAN_POINT('',(48.2470588235294,40.1,10.9117647058824));
#4761=CARTESIAN_POINT('',(62.0518177742885,40.1,34.6924599123711));
#4762=CARTESIAN_POINT('Origin',(57.1,40.1,35.3849198247422));
#4763=CARTESIAN_POINT('',(67.0036355485769,40.1,39.));
#4764=CARTESIAN_POINT('Origin',(67.0036355485769,40.1,34.));
#4765=CARTESIAN_POINT('',(69.1,40.1,39.));
#4766=CARTESIAN_POINT('',(69.1,40.1,39.));
#4767=CARTESIAN_POINT('',(69.1,40.1,4.));
#4768=CARTESIAN_POINT('',(69.1,40.1,1.));
#4769=CARTESIAN_POINT('',(34.55,40.1,4.));
#4770=CARTESIAN_POINT('Origin',(0.,-25.05,2.225));
#4771=CARTESIAN_POINT('',(1.825,-25.05,2.225));
#4772=CARTESIAN_POINT('Origin',(-50.,25.05,2.225));
#4773=CARTESIAN_POINT('',(-48.175,25.05,2.225));
#4774=CARTESIAN_POINT('Origin',(50.,-25.05,2.225));
#4775=CARTESIAN_POINT('',(51.825,-25.05,2.225));
#4776=CARTESIAN_POINT('Origin',(-50.,-25.05,2.225));
#4777=CARTESIAN_POINT('',(-48.175,-25.05,2.225));
#4778=CARTESIAN_POINT('Origin',(50.,25.05,2.225));
#4779=CARTESIAN_POINT('',(51.825,25.05,2.225));
#4780=CARTESIAN_POINT('Origin',(0.,25.05,2.225));
#4781=CARTESIAN_POINT('',(1.825,25.05,2.225));
#4782=CARTESIAN_POINT('Origin',(34.55,39.1,3.));
#4783=CARTESIAN_POINT('',(69.1,38.1,2.));
#4784=CARTESIAN_POINT('',(-69.1,38.1,2.));
#4785=CARTESIAN_POINT('Origin',(-69.1,24.6,3.));
#4786=CARTESIAN_POINT('',(-84.6,24.6,4.));
#4787=CARTESIAN_POINT('',(-82.6,24.6,2.));
#4788=CARTESIAN_POINT('Origin',(-69.1,24.6,4.));
#4789=CARTESIAN_POINT('Origin',(-83.6,12.3,3.));
#4790=CARTESIAN_POINT('',(-84.6,-24.6,4.));
#4791=CARTESIAN_POINT('',(-82.6,-24.6,2.));
#4792=CARTESIAN_POINT('',(-84.6,12.3,4.));
#4793=CARTESIAN_POINT('Origin',(-69.1,-24.6,3.));
#4794=CARTESIAN_POINT('',(-69.1,-40.1,4.));
#4795=CARTESIAN_POINT('',(-69.1,-38.1,2.));
#4796=CARTESIAN_POINT('Origin',(-69.1,-24.6,4.));
#4797=CARTESIAN_POINT('Origin',(-34.55,-39.1,3.));
#4798=CARTESIAN_POINT('',(69.1,-40.1,4.));
#4799=CARTESIAN_POINT('',(69.1,-38.1,2.));
#4800=CARTESIAN_POINT('',(-34.55,-40.1,4.));
#4801=CARTESIAN_POINT('Origin',(69.1,-24.6,3.));
#4802=CARTESIAN_POINT('',(84.6,-24.6,4.));
#4803=CARTESIAN_POINT('',(82.6,-24.6,2.));
#4804=CARTESIAN_POINT('Origin',(69.1,-24.6,4.));
#4805=CARTESIAN_POINT('Origin',(83.6,-12.3,3.));
#4806=CARTESIAN_POINT('',(84.6,24.6,4.));
#4807=CARTESIAN_POINT('',(82.6,24.6,2.));
#4808=CARTESIAN_POINT('',(84.6,-12.3,4.));
#4809=CARTESIAN_POINT('Origin',(69.1,24.6,3.));
#4810=CARTESIAN_POINT('Origin',(69.1,24.6,4.));
#4811=CARTESIAN_POINT('Origin',(69.1,-24.6,1.));
#4812=CARTESIAN_POINT('',(84.6,-24.6,39.));
#4813=CARTESIAN_POINT('',(84.6,-24.6,1.));
#4814=CARTESIAN_POINT('',(69.1,-40.1,39.));
#4815=CARTESIAN_POINT('Origin',(69.1,-24.6,39.));
#4816=CARTESIAN_POINT('',(69.1,-40.1,1.));
#4817=CARTESIAN_POINT('Origin',(84.6,-24.6,1.));
#4818=CARTESIAN_POINT('',(84.6,24.6,39.));
#4819=CARTESIAN_POINT('',(84.6,24.6,1.));
#4820=CARTESIAN_POINT('',(84.6,22.503635548577,39.));
#4821=CARTESIAN_POINT('',(84.6,-24.6,39.));
#4822=CARTESIAN_POINT('',(84.6,17.5518177742885,34.6924599123711));
#4823=CARTESIAN_POINT('Origin',(84.6,22.503635548577,34.));
#4824=CARTESIAN_POINT('',(84.6,16.8874646285628,32.8124410476045));
#4825=CARTESIAN_POINT('Origin',(84.6,12.6,35.3849198247422));
#4826=CARTESIAN_POINT('',(84.6,16.7125353714373,32.5208922857287));
#4827=CARTESIAN_POINT('',(84.6,4.73529411764714,12.5588235294117));
#4828=CARTESIAN_POINT('',(84.6,16.,29.9484135085911));
#4829=CARTESIAN_POINT('Origin',(84.6,21.,29.9484135085911));
#4830=CARTESIAN_POINT('',(84.6,16.,12.));
#4831=CARTESIAN_POINT('',(84.6,16.,16.));
#4832=CARTESIAN_POINT('',(84.6,13.,9.));
#4833=CARTESIAN_POINT('',(84.6,2.34999999999999,-1.65));
#4834=CARTESIAN_POINT('',(84.6,-13.,9.));
#4835=CARTESIAN_POINT('',(84.6,-4.30000000000001,9.));
#4836=CARTESIAN_POINT('',(84.6,-16.,12.));
#4837=CARTESIAN_POINT('',(84.6,-14.65,10.65));
#4838=CARTESIAN_POINT('',(84.6,-16.,29.9484135085911));
#4839=CARTESIAN_POINT('',(84.6,-16.,5.));
#4840=CARTESIAN_POINT('',(84.6,-16.7125353714373,32.5208922857287));
#4841=CARTESIAN_POINT('Origin',(84.6,-21.,29.9484135085911));
#4842=CARTESIAN_POINT('',(84.6,-16.8874646285627,32.8124410476045));
#4843=CARTESIAN_POINT('',(84.6,-3.74705882352948,10.9117647058823));
#4844=CARTESIAN_POINT('',(84.6,-17.5518177742885,34.6924599123711));
#4845=CARTESIAN_POINT('Origin',(84.6,-12.6,35.3849198247422));
#4846=CARTESIAN_POINT('',(84.6,-22.5036355485769,39.));
#4847=CARTESIAN_POINT('Origin',(84.6,-22.5036355485769,34.));
#4848=CARTESIAN_POINT('',(84.6,-24.6,39.));
#4849=CARTESIAN_POINT('Origin',(69.1,24.6,1.));
#4850=CARTESIAN_POINT('Origin',(69.1,24.6,39.));
#4851=CARTESIAN_POINT('Origin',(-69.1,24.6,1.));
#4852=CARTESIAN_POINT('',(-84.6,24.6,39.));
#4853=CARTESIAN_POINT('',(-84.6,24.6,1.));
#4854=CARTESIAN_POINT('Origin',(-69.1000000000001,24.6000000000001,39.));
#4855=CARTESIAN_POINT('Origin',(-84.6,24.6,1.));
#4856=CARTESIAN_POINT('',(-84.6,-24.6,39.));
#4857=CARTESIAN_POINT('',(-84.6,-24.6,1.));
#4858=CARTESIAN_POINT('',(-84.6,-22.5036355485769,39.));
#4859=CARTESIAN_POINT('',(-84.6,24.6,39.));
#4860=CARTESIAN_POINT('',(-84.6,-17.5518177742885,34.6924599123711));
#4861=CARTESIAN_POINT('Origin',(-84.6,-22.5036355485769,34.));
#4862=CARTESIAN_POINT('',(-84.6,-16.8874646285628,32.8124410476045));
#4863=CARTESIAN_POINT('Origin',(-84.6,-12.6,35.3849198247421));
#4864=CARTESIAN_POINT('',(-84.6,-4.28746462856272,11.8124410476044));
#4865=CARTESIAN_POINT('',(-84.6,2.76470588235283,0.0588235294117354));
#4866=CARTESIAN_POINT('',(-84.6,4.28746462856273,11.8124410476044));
#4867=CARTESIAN_POINT('Origin',(-84.6,4.44089209850063E-15,14.384919824742));
#4868=CARTESIAN_POINT('',(-84.6,16.8874646285628,32.8124410476045));
#4869=CARTESIAN_POINT('',(-84.6,11.2470588235295,23.4117647058823));
#4870=CARTESIAN_POINT('',(-84.6,17.5518177742885,34.6924599123711));
#4871=CARTESIAN_POINT('Origin',(-84.6,12.6,35.3849198247422));
#4872=CARTESIAN_POINT('',(-84.6,22.503635548577,39.));
#4873=CARTESIAN_POINT('Origin',(-84.6,22.503635548577,34.));
#4874=CARTESIAN_POINT('',(-84.6,24.6,39.));
#4875=CARTESIAN_POINT('Origin',(-69.1,-24.6,1.));
#4876=CARTESIAN_POINT('',(-69.1,-40.1,39.));
#4877=CARTESIAN_POINT('',(-69.1,-40.1,1.));
#4878=CARTESIAN_POINT('Origin',(-69.1000000000001,-24.6000000000001,39.));
#4879=CARTESIAN_POINT('Origin',(84.6,21.,29.9484135085911));
#4880=CARTESIAN_POINT('',(82.6,16.7125353714373,32.5208922857287));
#4881=CARTESIAN_POINT('',(84.6,16.7125353714373,32.5208922857287));
#4882=CARTESIAN_POINT('',(82.6,16.,29.9484135085911));
#4883=CARTESIAN_POINT('Origin',(82.6,21.,29.9484135085911));
#4884=CARTESIAN_POINT('',(84.6,16.,29.9484135085911));
#4885=CARTESIAN_POINT('Origin',(84.6,16.,31.));
#4886=CARTESIAN_POINT('',(82.6,16.,12.));
#4887=CARTESIAN_POINT('',(82.6,16.,16.));
#4888=CARTESIAN_POINT('',(84.6,16.,12.));
#4889=CARTESIAN_POINT('Origin',(82.6,-24.6,1.));
#4890=CARTESIAN_POINT('',(82.6,16.8874646285628,32.8124410476045));
#4891=CARTESIAN_POINT('',(82.6,4.73529411764714,12.5588235294117));
#4892=CARTESIAN_POINT('',(82.6,17.5518177742885,34.6924599123711));
#4893=CARTESIAN_POINT('Origin',(82.6,12.6,35.3849198247422));
#4894=CARTESIAN_POINT('',(82.6,17.6,34.9769126914585));
#4895=CARTESIAN_POINT('Origin',(82.6,22.503635548577,34.));
#4896=CARTESIAN_POINT('',(82.6,17.6,34.));
#4897=CARTESIAN_POINT('',(82.6,17.6,18.5));
#4898=CARTESIAN_POINT('',(82.6,24.6,34.));
#4899=CARTESIAN_POINT('',(82.6,24.6,34.));
#4900=CARTESIAN_POINT('',(82.6,24.6,6.));
#4901=CARTESIAN_POINT('',(82.6,24.6,1.));
#4902=CARTESIAN_POINT('',(82.6,-24.6,6.));
#4903=CARTESIAN_POINT('',(82.6,-12.3,6.));
#4904=CARTESIAN_POINT('',(82.6,-24.6,34.));
#4905=CARTESIAN_POINT('',(82.6,-24.6,1.));
#4906=CARTESIAN_POINT('',(82.6,-17.6,34.));
#4907=CARTESIAN_POINT('',(82.6,-24.6,34.));
#4908=CARTESIAN_POINT('',(82.6,-17.6,34.9769126914585));
#4909=CARTESIAN_POINT('',(82.6,-17.6,18.5));
#4910=CARTESIAN_POINT('',(82.6,-17.5518177742885,34.6924599123711));
#4911=CARTESIAN_POINT('Origin',(82.6,-22.5036355485769,34.));
#4912=CARTESIAN_POINT('',(82.6,-16.8874646285627,32.8124410476045));
#4913=CARTESIAN_POINT('Origin',(82.6,-12.6,35.3849198247422));
#4914=CARTESIAN_POINT('',(82.6,-16.7125353714373,32.5208922857287));
#4915=CARTESIAN_POINT('',(82.6,-3.74705882352948,10.9117647058823));
#4916=CARTESIAN_POINT('',(82.6,-16.,29.9484135085911));
#4917=CARTESIAN_POINT('Origin',(82.6,-21.,29.9484135085911));
#4918=CARTESIAN_POINT('',(82.6,-16.,12.));
#4919=CARTESIAN_POINT('',(82.6,-16.,5.));
#4920=CARTESIAN_POINT('',(82.6,-13.,9.));
#4921=CARTESIAN_POINT('',(82.6,-14.65,10.65));
#4922=CARTESIAN_POINT('',(82.6,13.,9.));
#4923=CARTESIAN_POINT('',(82.6,-4.30000000000001,9.));
#4924=CARTESIAN_POINT('',(82.6,2.34999999999999,-1.65));
#4925=CARTESIAN_POINT('Origin',(84.6,-21.,29.9484135085911));
#4926=CARTESIAN_POINT('',(84.6,-16.,29.9484135085911));
#4927=CARTESIAN_POINT('',(84.6,-16.7125353714373,32.5208922857287));
#4928=CARTESIAN_POINT('Origin',(84.6,-16.,9.));
#4929=CARTESIAN_POINT('',(84.6,-16.,12.));
#4930=CARTESIAN_POINT('Origin',(84.6,17.6,34.));
#4931=CARTESIAN_POINT('',(84.6,16.8874646285628,32.8124410476045));
#4932=CARTESIAN_POINT('Origin',(84.6,-2.6000000000001,9.));
#4933=CARTESIAN_POINT('',(84.6,-16.8874646285628,32.8124410476045));
#4934=CARTESIAN_POINT('Origin',(84.6,14.5,10.5));
#4935=CARTESIAN_POINT('',(84.6,13.,9.));
#4936=CARTESIAN_POINT('Origin',(84.6,-14.5,10.5));
#4937=CARTESIAN_POINT('',(84.6,-13.,9.));
#4938=CARTESIAN_POINT('Origin',(84.6,16.,9.));
#4939=CARTESIAN_POINT('Origin',(84.6,4.44089209850063E-15,14.384919824742));
#4940=CARTESIAN_POINT('',(-82.6,4.28746462856273,11.8124410476044));
#4941=CARTESIAN_POINT('',(-82.6,-4.28746462856272,11.8124410476044));
#4942=CARTESIAN_POINT('Origin',(-82.6,4.44089209850063E-15,14.384919824742));
#4943=CARTESIAN_POINT('',(84.6,4.28746462856273,11.8124410476044));
#4944=CARTESIAN_POINT('',(84.6,-4.28746462856272,11.8124410476044));
#4945=CARTESIAN_POINT('Origin',(84.6,-2.6000000000001,9.));
#4946=CARTESIAN_POINT('',(-82.6,-16.8874646285628,32.8124410476045));
#4947=CARTESIAN_POINT('',(84.6,-16.8874646285628,32.8124410476045));
#4948=CARTESIAN_POINT('',(-82.6,2.76470588235283,0.0588235294117354));
#4949=CARTESIAN_POINT('Origin',(84.6,22.503635548577,34.));
#4950=CARTESIAN_POINT('',(-82.6,17.5518177742885,34.6924599123711));
#4951=CARTESIAN_POINT('',(84.6,17.5518177742885,34.6924599123711));
#4952=CARTESIAN_POINT('',(-82.6,17.6,34.9769126914586));
#4953=CARTESIAN_POINT('Origin',(-82.6,22.503635548577,34.));
#4954=CARTESIAN_POINT('',(-81.1833878029199,19.0166121970801,37.58338780292));
#4955=CARTESIAN_POINT('Origin',(-77.6963644514232,22.503635548577,34.));
#4956=CARTESIAN_POINT('',(-82.6,22.503635548577,39.));
#4957=CARTESIAN_POINT('Origin',(-77.6,22.503635548577,34.));
#4958=CARTESIAN_POINT('',(84.6,22.503635548577,39.));
#4959=CARTESIAN_POINT('Origin',(84.6,12.6,35.3849198247422));
#4960=CARTESIAN_POINT('',(-82.6,16.8874646285628,32.8124410476045));
#4961=CARTESIAN_POINT('',(84.6,16.8874646285628,32.8124410476045));
#4962=CARTESIAN_POINT('Origin',(-82.6,12.6,35.3849198247422));
#4963=CARTESIAN_POINT('Origin',(0.,8.88178419700125E-15,39.));
#4964=CARTESIAN_POINT('',(-82.6,24.6,39.));
#4965=CARTESIAN_POINT('',(-82.6,24.6,39.));
#4966=CARTESIAN_POINT('',(-69.1,38.1,39.));
#4967=CARTESIAN_POINT('Origin',(-69.1,24.6,39.));
#4968=CARTESIAN_POINT('',(-67.0036355485769,38.1,39.));
#4969=CARTESIAN_POINT('',(69.1,38.1,39.));
#4970=CARTESIAN_POINT('',(-67.0036355485769,40.1,39.));
#4971=CARTESIAN_POINT('Origin',(84.6,-22.5036355485769,34.));
#4972=CARTESIAN_POINT('',(-82.6,-17.6,34.9769126914586));
#4973=CARTESIAN_POINT('',(-82.6,-17.5518177742885,34.6924599123711));
#4974=CARTESIAN_POINT('Origin',(-82.6,-22.5036355485769,34.));
#4975=CARTESIAN_POINT('',(84.6,-17.5518177742885,34.6924599123711));
#4976=CARTESIAN_POINT('',(-82.6,-22.5036355485769,39.));
#4977=CARTESIAN_POINT('',(84.6,-22.5036355485769,39.));
#4978=CARTESIAN_POINT('',(-81.1833878029199,-19.0166121970801,37.58338780292));
#4979=CARTESIAN_POINT('Origin',(-77.6,-22.5036355485769,34.));
#4980=CARTESIAN_POINT('Origin',(-77.6963644514232,-22.5036355485769,34.));
#4981=CARTESIAN_POINT('Origin',(-81.6,-18.6,18.5));
#4982=CARTESIAN_POINT('',(-80.6,-19.6,37.));
#4983=CARTESIAN_POINT('',(-77.6833333333333,-22.5166666666667,34.0833333333334));
#4984=CARTESIAN_POINT('',(-80.6,-19.6,36.));
#4985=CARTESIAN_POINT('',(-80.6,-19.6,36.));
#4986=CARTESIAN_POINT('',(-82.6,-17.6,34.));
#4987=CARTESIAN_POINT('Origin',(-80.6,-19.6,34.));
#4988=CARTESIAN_POINT('',(-82.6,-17.6,18.5));
#4989=CARTESIAN_POINT('Origin',(-82.6,-24.6,39.));
#4990=CARTESIAN_POINT('',(-82.6,-24.6,39.));
#4991=CARTESIAN_POINT('',(-82.6,24.6,39.));
#4992=CARTESIAN_POINT('',(-80.6,-24.6,37.));
#4993=CARTESIAN_POINT('',(-81.6,-24.6,38.));
#4994=CARTESIAN_POINT('',(-80.6,-24.6,37.));
#4995=CARTESIAN_POINT('Origin',(0.,8.88178419700125E-15,39.));
#4996=CARTESIAN_POINT('',(-67.0036355485769,-40.1,39.));
#4997=CARTESIAN_POINT('',(-69.1,-40.1,39.));
#4998=CARTESIAN_POINT('',(-67.0036355485769,-38.1,39.));
#4999=CARTESIAN_POINT('',(-67.0036355485769,40.1,39.));
#5000=CARTESIAN_POINT('',(-69.1,-38.1,39.));
#5001=CARTESIAN_POINT('',(-69.1,-38.1,39.));
#5002=CARTESIAN_POINT('Origin',(-69.1,-24.6,39.));
#5003=CARTESIAN_POINT('Origin',(84.6,22.503635548577,34.));
#5004=CARTESIAN_POINT('',(84.6,17.5518177742885,34.6924599123711));
#5005=CARTESIAN_POINT('',(82.6,22.503635548577,39.));
#5006=CARTESIAN_POINT('',(84.6,22.503635548577,39.));
#5007=CARTESIAN_POINT('',(81.1833878029199,19.0166121970801,37.58338780292));
#5008=CARTESIAN_POINT('Origin',(77.6,22.503635548577,34.));
#5009=CARTESIAN_POINT('Origin',(77.6963644514231,22.503635548577,34.));
#5010=CARTESIAN_POINT('Origin',(82.6,24.6,39.));
#5011=CARTESIAN_POINT('',(82.6,24.6,39.));
#5012=CARTESIAN_POINT('',(82.6,-24.6,39.));
#5013=CARTESIAN_POINT('',(80.6,24.6,37.));
#5014=CARTESIAN_POINT('',(81.6,24.6,38.));
#5015=CARTESIAN_POINT('',(80.6,19.6,37.));
#5016=CARTESIAN_POINT('',(80.6,24.6,37.));
#5017=CARTESIAN_POINT('',(77.6833333333333,22.5166666666667,34.0833333333333));
#5018=CARTESIAN_POINT('Origin',(0.,8.88178419700125E-15,39.));
#5019=CARTESIAN_POINT('',(67.0036355485769,38.1,39.));
#5020=CARTESIAN_POINT('',(67.0036355485769,40.1,39.));
#5021=CARTESIAN_POINT('',(69.1,38.1,39.));
#5022=CARTESIAN_POINT('',(69.1,38.1,39.));
#5023=CARTESIAN_POINT('Origin',(69.1,24.6,39.));
#5024=CARTESIAN_POINT('Origin',(84.6,-22.5036355485769,34.));
#5025=CARTESIAN_POINT('',(84.6,-17.5518177742885,34.6924599123711));
#5026=CARTESIAN_POINT('',(81.18338780292,-19.0166121970801,37.58338780292));
#5027=CARTESIAN_POINT('Origin',(77.6963644514231,-22.5036355485769,34.));
#5028=CARTESIAN_POINT('',(82.6,-22.5036355485769,39.));
#5029=CARTESIAN_POINT('Origin',(77.6,-22.5036355485769,34.));
#5030=CARTESIAN_POINT('',(84.6,-22.5036355485769,39.));
#5031=CARTESIAN_POINT('Origin',(84.6,-12.6,35.3849198247422));
#5032=CARTESIAN_POINT('Origin',(0.,8.88178419700125E-15,39.));
#5033=CARTESIAN_POINT('',(82.6,-24.6,39.));
#5034=CARTESIAN_POINT('',(82.6,-24.6,39.));
#5035=CARTESIAN_POINT('',(69.1,-38.1,39.));
#5036=CARTESIAN_POINT('Origin',(69.1,-24.6,39.));
#5037=CARTESIAN_POINT('',(67.0036355485769,-38.1,39.));
#5038=CARTESIAN_POINT('',(-69.1,-38.1,39.));
#5039=CARTESIAN_POINT('',(67.0036355485769,-40.1,39.));
#5040=CARTESIAN_POINT('',(67.0036355485769,40.1,39.));
#5041=CARTESIAN_POINT('',(-69.1,-40.1,39.));
#5042=CARTESIAN_POINT('Origin',(84.6,-12.6,35.3849198247422));
#5043=CARTESIAN_POINT('Origin',(-82.6,-12.6,35.3849198247421));
#5044=CARTESIAN_POINT('Origin',(84.6,12.6,35.3849198247422));
#5045=CARTESIAN_POINT('Origin',(84.6,17.6,34.));
#5046=CARTESIAN_POINT('',(-82.6,11.2470588235295,23.4117647058823));
#5047=CARTESIAN_POINT('Origin',(-82.6,24.6,1.));
#5048=CARTESIAN_POINT('',(-82.6,-24.6,34.));
#5049=CARTESIAN_POINT('',(-82.6,-24.6,34.));
#5050=CARTESIAN_POINT('',(-82.6,-24.6,6.));
#5051=CARTESIAN_POINT('',(-82.6,-24.6,1.));
#5052=CARTESIAN_POINT('',(-82.6,24.6,6.));
#5053=CARTESIAN_POINT('',(-82.6,12.3,6.));
#5054=CARTESIAN_POINT('',(-82.6,24.6,34.));
#5055=CARTESIAN_POINT('',(-82.6,24.6,1.));
#5056=CARTESIAN_POINT('',(-82.6,17.6,34.));
#5057=CARTESIAN_POINT('',(-82.6,24.6,34.));
#5058=CARTESIAN_POINT('',(-82.6,17.6,18.5));
#5059=CARTESIAN_POINT('Origin',(35.7761924206188,40.1,29.));
#5060=CARTESIAN_POINT('',(52.9260509348697,-38.1,18.7100848914495));
#5061=CARTESIAN_POINT('',(35.7761924206188,-38.1,9.));
#5062=CARTESIAN_POINT('Origin',(35.7761924206188,-38.1,29.));
#5063=CARTESIAN_POINT('',(35.7761924206188,-40.1,9.));
#5064=CARTESIAN_POINT('',(35.7761924206188,40.1,9.));
#5065=CARTESIAN_POINT('',(52.9260509348697,-40.1,18.7100848914495));
#5066=CARTESIAN_POINT('Origin',(35.7761924206188,-40.1,29.));
#5067=CARTESIAN_POINT('',(52.9260509348697,40.1,18.7100848914495));
#5068=CARTESIAN_POINT('Origin',(-47.1,40.1,9.));
#5069=CARTESIAN_POINT('',(-35.7761924206188,-38.1,9.));
#5070=CARTESIAN_POINT('',(-58.1,-38.1,9.));
#5071=CARTESIAN_POINT('',(-35.7761924206188,-40.1,9.));
#5072=CARTESIAN_POINT('',(-35.7761924206188,40.1,9.));
#5073=CARTESIAN_POINT('',(-58.1,-40.1,9.));
#5074=CARTESIAN_POINT('Origin',(-35.7761924206188,40.1,29.));
#5075=CARTESIAN_POINT('',(-52.9260509348697,-38.1,18.7100848914495));
#5076=CARTESIAN_POINT('Origin',(-35.7761924206188,-38.1,29.));
#5077=CARTESIAN_POINT('',(-52.9260509348697,-40.1,18.7100848914495));
#5078=CARTESIAN_POINT('',(-52.9260509348697,40.1,18.7100848914495));
#5079=CARTESIAN_POINT('Origin',(-35.7761924206188,-40.1,29.));
#5080=CARTESIAN_POINT('Origin',(-62.1,40.1,34.));
#5081=CARTESIAN_POINT('',(-61.3874646285628,-38.1,32.8124410476046));
#5082=CARTESIAN_POINT('',(-55.7470588235294,-38.1,23.4117647058824));
#5083=CARTESIAN_POINT('',(-61.3874646285628,-40.1,32.8124410476046));
#5084=CARTESIAN_POINT('',(-61.3874646285628,40.1,32.8124410476046));
#5085=CARTESIAN_POINT('',(-55.7470588235294,-40.1,23.4117647058824));
#5086=CARTESIAN_POINT('Origin',(-35.7761924206188,40.1,29.));
#5087=CARTESIAN_POINT('',(-52.9260509348697,38.1,18.7100848914495));
#5088=CARTESIAN_POINT('',(-52.9260509348697,40.1,18.7100848914495));
#5089=CARTESIAN_POINT('Origin',(-35.7761924206188,38.1,29.));
#5090=CARTESIAN_POINT('Origin',(-62.1,40.1,34.));
#5091=CARTESIAN_POINT('',(-61.3874646285628,38.1,32.8124410476046));
#5092=CARTESIAN_POINT('',(-61.3874646285628,40.1,32.8124410476046));
#5093=CARTESIAN_POINT('',(-37.4558823529412,38.1,-7.07352941176472));
#5094=CARTESIAN_POINT('Origin',(35.7761924206188,40.1,29.));
#5095=CARTESIAN_POINT('',(52.9260509348697,38.1,18.7100848914495));
#5096=CARTESIAN_POINT('Origin',(35.7761924206188,38.1,29.));
#5097=CARTESIAN_POINT('',(52.9260509348697,40.1,18.7100848914495));
#5098=CARTESIAN_POINT('Origin',(67.0036355485769,40.1,34.));
#5099=CARTESIAN_POINT('',(62.1,-38.1,34.9769126914586));
#5100=CARTESIAN_POINT('',(62.0518177742885,-38.1,34.6924599123711));
#5101=CARTESIAN_POINT('Origin',(67.0036355485769,-38.1,34.));
#5102=CARTESIAN_POINT('',(62.0518177742885,-40.1,34.6924599123711));
#5103=CARTESIAN_POINT('',(62.0518177742885,40.1,34.6924599123711));
#5104=CARTESIAN_POINT('Origin',(67.0036355485769,-40.1,34.));
#5105=CARTESIAN_POINT('',(63.5166121970801,-36.68338780292,37.58338780292));
#5106=CARTESIAN_POINT('Origin',(67.0036355485769,-33.1,34.));
#5107=CARTESIAN_POINT('Origin',(67.0036355485769,-33.1963644514231,34.));
#5108=CARTESIAN_POINT('Origin',(63.1,-37.1,18.5));
#5109=CARTESIAN_POINT('',(64.1,-36.1,37.));
#5110=CARTESIAN_POINT('',(67.0166666666667,-33.1833333333333,34.0833333333333));
#5111=CARTESIAN_POINT('',(64.1,-36.1,36.));
#5112=CARTESIAN_POINT('',(64.1,-36.1,36.));
#5113=CARTESIAN_POINT('',(62.1,-38.1,34.));
#5114=CARTESIAN_POINT('Origin',(64.1,-36.1,34.));
#5115=CARTESIAN_POINT('',(62.1,-38.1,18.5));
#5116=CARTESIAN_POINT('Origin',(69.1,-38.1,39.));
#5117=CARTESIAN_POINT('',(69.1,-36.1,37.));
#5118=CARTESIAN_POINT('',(69.1,-37.1,38.));
#5119=CARTESIAN_POINT('',(69.1,-36.1,37.));
#5120=CARTESIAN_POINT('Origin',(-67.0036355485769,40.1,34.));
#5121=CARTESIAN_POINT('',(-62.0518177742885,-40.1,34.6924599123711));
#5122=CARTESIAN_POINT('Origin',(-67.0036355485769,-40.1,34.));
#5123=CARTESIAN_POINT('',(-62.0518177742885,-38.1,34.6924599123711));
#5124=CARTESIAN_POINT('',(-62.0518177742885,40.1,34.6924599123711));
#5125=CARTESIAN_POINT('',(-62.1,-38.1,34.9769126914587));
#5126=CARTESIAN_POINT('Origin',(-67.0036355485769,-38.1,34.));
#5127=CARTESIAN_POINT('',(-63.5166121970801,-36.68338780292,37.58338780292));
#5128=CARTESIAN_POINT('Origin',(-67.0036355485769,-33.1963644514231,34.));
#5129=CARTESIAN_POINT('Origin',(-67.0036355485769,-33.1,34.));
#5130=CARTESIAN_POINT('Origin',(-63.1,-37.1,18.5));
#5131=CARTESIAN_POINT('',(-62.1,-38.1,34.));
#5132=CARTESIAN_POINT('',(-62.1,-38.1,18.5));
#5133=CARTESIAN_POINT('',(-64.1,-36.1,36.));
#5134=CARTESIAN_POINT('Origin',(-64.1,-36.1,34.));
#5135=CARTESIAN_POINT('',(-64.1,-36.1,37.));
#5136=CARTESIAN_POINT('',(-64.1,-36.1,36.));
#5137=CARTESIAN_POINT('',(-67.6833333333333,-32.5166666666667,33.4166666666667));
#5138=CARTESIAN_POINT('Origin',(-69.1,-38.1,1.));
#5139=CARTESIAN_POINT('',(69.1,-38.1,34.));
#5140=CARTESIAN_POINT('',(69.1,-38.1,34.));
#5141=CARTESIAN_POINT('',(69.1,-38.1,6.));
#5142=CARTESIAN_POINT('',(69.1,-38.1,1.));
#5143=CARTESIAN_POINT('',(-69.1,-38.1,6.));
#5144=CARTESIAN_POINT('',(-34.55,-38.1,6.));
#5145=CARTESIAN_POINT('',(-69.1,-38.1,34.));
#5146=CARTESIAN_POINT('',(-69.1,-38.1,1.));
#5147=CARTESIAN_POINT('',(-69.1,-38.1,34.));
#5148=CARTESIAN_POINT('Origin',(-57.1,-38.1,35.3849198247422));
#5149=CARTESIAN_POINT('',(61.3874646285627,-38.1,32.8124410476045));
#5150=CARTESIAN_POINT('',(29.9558823529412,-38.1,-19.5735294117647));
#5151=CARTESIAN_POINT('Origin',(57.1,-38.1,35.3849198247422));
#5152=CARTESIAN_POINT('Origin',(-57.1,40.1,35.3849198247422));
#5153=CARTESIAN_POINT('Origin',(-57.1,-40.1,35.3849198247422));
#5154=CARTESIAN_POINT('Origin',(-67.0036355485769,40.1,34.));
#5155=CARTESIAN_POINT('',(-62.1,38.1,34.9769126914588));
#5156=CARTESIAN_POINT('',(-62.0518177742885,38.1,34.6924599123711));
#5157=CARTESIAN_POINT('Origin',(-67.0036355485769,38.1,34.));
#5158=CARTESIAN_POINT('',(-62.0518177742885,40.1,34.6924599123711));
#5159=CARTESIAN_POINT('',(-63.5166121970801,36.68338780292,37.58338780292));
#5160=CARTESIAN_POINT('Origin',(-67.0036355485769,33.1,34.));
#5161=CARTESIAN_POINT('Origin',(-67.0036355485769,33.1963644514231,34.));
#5162=CARTESIAN_POINT('Origin',(-57.1,40.1,35.3849198247422));
#5163=CARTESIAN_POINT('Origin',(-57.1,38.1,35.3849198247422));
#5164=CARTESIAN_POINT('Origin',(69.1,38.1,1.));
#5165=CARTESIAN_POINT('',(-62.1,38.1,34.));
#5166=CARTESIAN_POINT('',(-62.1,38.1,18.5));
#5167=CARTESIAN_POINT('',(-69.1,38.1,34.));
#5168=CARTESIAN_POINT('',(-69.1,38.1,34.));
#5169=CARTESIAN_POINT('',(-69.1,38.1,6.));
#5170=CARTESIAN_POINT('',(-69.1,38.1,1.));
#5171=CARTESIAN_POINT('',(69.1,38.1,6.));
#5172=CARTESIAN_POINT('',(34.55,38.1,6.));
#5173=CARTESIAN_POINT('',(69.1,38.1,34.));
#5174=CARTESIAN_POINT('',(69.1,38.1,1.));
#5175=CARTESIAN_POINT('',(62.1,38.1,34.));
#5176=CARTESIAN_POINT('',(69.1,38.1,34.));
#5177=CARTESIAN_POINT('',(62.1,38.1,34.9769126914586));
#5178=CARTESIAN_POINT('',(62.1,38.1,18.5));
#5179=CARTESIAN_POINT('',(62.0518177742885,38.1,34.6924599123711));
#5180=CARTESIAN_POINT('Origin',(67.0036355485769,38.1,34.));
#5181=CARTESIAN_POINT('',(61.3874646285627,38.1,32.8124410476045));
#5182=CARTESIAN_POINT('Origin',(57.1,38.1,35.3849198247422));
#5183=CARTESIAN_POINT('',(48.2470588235294,38.1,10.9117647058824));
#5184=CARTESIAN_POINT('Origin',(67.0036355485769,40.1,34.));
#5185=CARTESIAN_POINT('',(62.0518177742885,40.1,34.6924599123711));
#5186=CARTESIAN_POINT('',(63.51661219708,36.68338780292,37.58338780292));
#5187=CARTESIAN_POINT('Origin',(67.0036355485769,33.1963644514231,34.));
#5188=CARTESIAN_POINT('Origin',(67.0036355485769,33.1,34.));
#5189=CARTESIAN_POINT('Origin',(63.1,37.1,18.5));
#5190=CARTESIAN_POINT('',(64.1,36.1,36.));
#5191=CARTESIAN_POINT('Origin',(64.1,36.1,34.));
#5192=CARTESIAN_POINT('',(64.1,36.1,37.));
#5193=CARTESIAN_POINT('',(64.1,36.1,36.));
#5194=CARTESIAN_POINT('',(67.6833333333333,32.5166666666667,33.4166666666667));
#5195=CARTESIAN_POINT('Origin',(57.1,40.1,35.3849198247422));
#5196=CARTESIAN_POINT('',(61.3874646285627,40.1,32.8124410476045));
#5197=CARTESIAN_POINT('Origin',(57.1,40.1,35.3849198247422));
#5198=CARTESIAN_POINT('',(61.3874646285627,-40.1,32.8124410476045));
#5199=CARTESIAN_POINT('',(61.3874646285627,40.1,32.8124410476045));
#5200=CARTESIAN_POINT('Origin',(57.1,-40.1,35.3849198247422));
#5201=CARTESIAN_POINT('Origin',(47.1,40.1,9.));
#5202=CARTESIAN_POINT('',(29.9558823529412,-40.1,-19.5735294117647));
#5203=CARTESIAN_POINT('Origin',(47.1,40.1,9.));
#5204=CARTESIAN_POINT('Origin',(-81.6,18.6,18.5));
#5205=CARTESIAN_POINT('',(-80.6,19.6,36.));
#5206=CARTESIAN_POINT('Origin',(-80.6,19.6000000000001,34.));
#5207=CARTESIAN_POINT('',(-80.6,19.6,37.));
#5208=CARTESIAN_POINT('',(-80.6,19.6,36.));
#5209=CARTESIAN_POINT('',(-77.0166666666667,23.1833333333334,33.4166666666667));
#5210=CARTESIAN_POINT('Origin',(-63.1,37.1,18.5));
#5211=CARTESIAN_POINT('',(-64.1,36.1,37.));
#5212=CARTESIAN_POINT('',(-67.0166666666667,33.1833333333333,34.0833333333333));
#5213=CARTESIAN_POINT('',(-64.1,36.1,36.));
#5214=CARTESIAN_POINT('',(-64.1,36.1,36.));
#5215=CARTESIAN_POINT('Origin',(-64.1,36.1,34.));
#5216=CARTESIAN_POINT('Origin',(81.6,18.6,18.5));
#5217=CARTESIAN_POINT('',(80.6,19.6,36.));
#5218=CARTESIAN_POINT('',(80.6,19.6,36.));
#5219=CARTESIAN_POINT('Origin',(80.6,19.6,34.));
#5220=CARTESIAN_POINT('Origin',(81.6,-18.6,18.5));
#5221=CARTESIAN_POINT('',(80.6,-19.6,36.));
#5222=CARTESIAN_POINT('Origin',(80.6,-19.6,34.));
#5223=CARTESIAN_POINT('',(80.6,-19.6,37.));
#5224=CARTESIAN_POINT('',(80.6,-19.6,36.));
#5225=CARTESIAN_POINT('',(77.0166666666667,-23.1833333333334,33.4166666666667));
#5226=CARTESIAN_POINT('Origin',(80.6,24.6,34.));
#5227=CARTESIAN_POINT('',(80.6,24.6,36.));
#5228=CARTESIAN_POINT('Origin',(80.6,24.6,34.));
#5229=CARTESIAN_POINT('',(80.6,24.6,36.));
#5230=CARTESIAN_POINT('Origin',(80.6,24.6,37.));
#5231=CARTESIAN_POINT('',(80.6,24.6,36.));
#5232=CARTESIAN_POINT('Origin',(69.1,36.1,36.));
#5233=CARTESIAN_POINT('',(69.1,36.1,36.));
#5234=CARTESIAN_POINT('',(69.1,36.1,37.));
#5235=CARTESIAN_POINT('',(69.1,36.1,36.));
#5236=CARTESIAN_POINT('',(69.1,36.1,37.));
#5237=CARTESIAN_POINT('',(69.1,36.1,36.));
#5238=CARTESIAN_POINT('Origin',(69.1,36.1,34.));
#5239=CARTESIAN_POINT('Origin',(69.1,36.1,34.));
#5240=CARTESIAN_POINT('Origin',(69.1,36.1,37.));
#5241=CARTESIAN_POINT('',(69.1,37.1,38.));
#5242=CARTESIAN_POINT('Origin',(69.1,-36.1,34.));
#5243=CARTESIAN_POINT('',(69.1,-36.1,36.));
#5244=CARTESIAN_POINT('Origin',(69.1,-36.1,34.));
#5245=CARTESIAN_POINT('',(69.1,-36.1,36.));
#5246=CARTESIAN_POINT('Origin',(69.1,-36.1,37.));
#5247=CARTESIAN_POINT('',(69.1,-36.1,36.));
#5248=CARTESIAN_POINT('Origin',(80.6,-24.6,36.));
#5249=CARTESIAN_POINT('',(80.6,-24.6,36.));
#5250=CARTESIAN_POINT('',(80.6,-24.6,37.));
#5251=CARTESIAN_POINT('',(80.6,-24.6,36.));
#5252=CARTESIAN_POINT('',(80.6,-24.6,37.));
#5253=CARTESIAN_POINT('',(80.6,-24.6,36.));
#5254=CARTESIAN_POINT('Origin',(80.6,-24.6,34.));
#5255=CARTESIAN_POINT('Origin',(80.6,-24.6,34.));
#5256=CARTESIAN_POINT('Origin',(80.6,-24.6,37.));
#5257=CARTESIAN_POINT('',(81.6,-24.6,38.));
#5258=CARTESIAN_POINT('Origin',(-69.1,36.1,34.));
#5259=CARTESIAN_POINT('',(-69.1,36.1,36.));
#5260=CARTESIAN_POINT('Origin',(-69.1,36.1,34.));
#5261=CARTESIAN_POINT('',(-69.1,36.1,36.));
#5262=CARTESIAN_POINT('Origin',(-69.1,36.1,37.));
#5263=CARTESIAN_POINT('',(-69.1,36.1,37.));
#5264=CARTESIAN_POINT('',(-69.1,36.1,36.));
#5265=CARTESIAN_POINT('',(-69.1,36.1,37.));
#5266=CARTESIAN_POINT('Origin',(-69.1,38.1,39.));
#5267=CARTESIAN_POINT('',(-69.1,37.1,38.));
#5268=CARTESIAN_POINT('Origin',(-80.6,24.6,36.));
#5269=CARTESIAN_POINT('',(-80.6,24.6,36.));
#5270=CARTESIAN_POINT('',(-80.6,24.6,37.));
#5271=CARTESIAN_POINT('',(-80.6,24.6,36.));
#5272=CARTESIAN_POINT('',(-80.6,24.6,37.));
#5273=CARTESIAN_POINT('',(-80.6,24.6,36.));
#5274=CARTESIAN_POINT('Origin',(-80.6,24.6,34.));
#5275=CARTESIAN_POINT('Origin',(-80.6,24.6,34.));
#5276=CARTESIAN_POINT('Origin',(-80.6,24.6,37.));
#5277=CARTESIAN_POINT('',(-81.6,24.6,38.));
#5278=CARTESIAN_POINT('Origin',(-69.1,-36.1,36.));
#5279=CARTESIAN_POINT('',(-69.1,-36.1,36.));
#5280=CARTESIAN_POINT('',(-69.1,-36.1,37.));
#5281=CARTESIAN_POINT('',(-69.1,-36.1,36.));
#5282=CARTESIAN_POINT('',(-69.1,-36.1,37.));
#5283=CARTESIAN_POINT('',(-69.1,-36.1,36.));
#5284=CARTESIAN_POINT('Origin',(-69.1,-36.1,34.));
#5285=CARTESIAN_POINT('Origin',(-69.1,-36.1,34.));
#5286=CARTESIAN_POINT('Origin',(-69.1,-36.1,37.));
#5287=CARTESIAN_POINT('',(-69.1,-37.1,38.));
#5288=CARTESIAN_POINT('Origin',(-80.6,-24.6,34.));
#5289=CARTESIAN_POINT('',(-80.6,-24.6,36.));
#5290=CARTESIAN_POINT('Origin',(-80.6,-24.6,34.));
#5291=CARTESIAN_POINT('',(-80.6,-24.6,36.));
#5292=CARTESIAN_POINT('Origin',(-80.6,-24.6,37.));
#5293=CARTESIAN_POINT('',(-80.6,-24.6,36.));
#5294=CARTESIAN_POINT('Origin',(-69.1,-24.6,38.));
#5295=CARTESIAN_POINT('Origin',(-69.1,-24.6,37.));
#5296=CARTESIAN_POINT('Origin',(-69.1,24.6,38.));
#5297=CARTESIAN_POINT('Origin',(-69.1,24.6,37.));
#5298=CARTESIAN_POINT('Origin',(69.1,24.6,38.));
#5299=CARTESIAN_POINT('Origin',(69.1,24.6,37.));
#5300=CARTESIAN_POINT('Origin',(69.1,-24.6,38.));
#5301=CARTESIAN_POINT('Origin',(69.1,-24.6,37.));
#5302=CARTESIAN_POINT('Origin',(-69.1,24.6,34.));
#5303=CARTESIAN_POINT('Origin',(-69.1,24.6,36.));
#5304=CARTESIAN_POINT('Origin',(-69.1,24.6,34.));
#5305=CARTESIAN_POINT('Origin',(-69.1,24.6,1.));
#5306=CARTESIAN_POINT('Origin',(-69.1,24.6,6.));
#5307=CARTESIAN_POINT('Origin',(-69.1,-24.6,34.));
#5308=CARTESIAN_POINT('Origin',(-69.1,-24.6,36.));
#5309=CARTESIAN_POINT('Origin',(-69.1,-24.6,34.));
#5310=CARTESIAN_POINT('Origin',(-69.1,-24.6,1.));
#5311=CARTESIAN_POINT('Origin',(-69.1,-24.6,6.));
#5312=CARTESIAN_POINT('Origin',(69.1,-24.6,34.));
#5313=CARTESIAN_POINT('Origin',(69.1,-24.6,36.));
#5314=CARTESIAN_POINT('Origin',(69.1,-24.6,34.));
#5315=CARTESIAN_POINT('Origin',(69.1,-24.6,1.));
#5316=CARTESIAN_POINT('Origin',(69.1,-24.6,6.));
#5317=CARTESIAN_POINT('Origin',(69.1,24.6,34.));
#5318=CARTESIAN_POINT('Origin',(69.1,24.6,36.));
#5319=CARTESIAN_POINT('Origin',(69.1,24.6,34.));
#5320=CARTESIAN_POINT('Origin',(69.1,24.6,1.));
#5321=CARTESIAN_POINT('Origin',(69.1,24.6,6.));
#5322=CARTESIAN_POINT('Origin',(-69.1,-24.6,36.));
#5323=CARTESIAN_POINT('Origin',(69.1,-24.6,36.));
#5324=CARTESIAN_POINT('Origin',(69.1,24.6,36.));
#5325=CARTESIAN_POINT('Origin',(-69.1,24.6,36.));
#5326=CARTESIAN_POINT('Origin',(-80.6,12.3,6.));
#5327=CARTESIAN_POINT('',(-80.6,-24.6,4.));
#5328=CARTESIAN_POINT('Origin',(-80.6,-24.6,6.));
#5329=CARTESIAN_POINT('',(-80.6,24.6,4.));
#5330=CARTESIAN_POINT('',(-80.6,12.3,4.));
#5331=CARTESIAN_POINT('Origin',(-80.6,24.6,6.));
#5332=CARTESIAN_POINT('Origin',(-69.1,24.6,6.));
#5333=CARTESIAN_POINT('',(-69.1,36.1,4.));
#5334=CARTESIAN_POINT('Origin',(-69.1,36.1,6.));
#5335=CARTESIAN_POINT('Origin',(-69.1,24.6,4.));
#5336=CARTESIAN_POINT('Origin',(34.55,36.1,6.));
#5337=CARTESIAN_POINT('',(69.1,36.1,4.));
#5338=CARTESIAN_POINT('Origin',(69.1,36.1,6.));
#5339=CARTESIAN_POINT('',(34.55,36.1,4.));
#5340=CARTESIAN_POINT('Origin',(69.1,24.6,6.));
#5341=CARTESIAN_POINT('',(80.6,24.6,4.));
#5342=CARTESIAN_POINT('Origin',(80.6,24.6,6.));
#5343=CARTESIAN_POINT('Origin',(69.1,24.6,4.));
#5344=CARTESIAN_POINT('Origin',(80.6,-12.3,6.));
#5345=CARTESIAN_POINT('',(80.6,-24.6,4.));
#5346=CARTESIAN_POINT('Origin',(80.6,-24.6,6.));
#5347=CARTESIAN_POINT('',(80.6,-12.3,4.));
#5348=CARTESIAN_POINT('Origin',(69.1,-24.6,6.));
#5349=CARTESIAN_POINT('',(69.1,-36.1,4.));
#5350=CARTESIAN_POINT('Origin',(69.1,-36.1,6.));
#5351=CARTESIAN_POINT('Origin',(69.1,-24.6,4.));
#5352=CARTESIAN_POINT('Origin',(-34.55,-36.1,6.));
#5353=CARTESIAN_POINT('',(-69.1,-36.1,4.));
#5354=CARTESIAN_POINT('Origin',(-69.1,-36.1,6.));
#5355=CARTESIAN_POINT('',(-34.55,-36.1,4.));
#5356=CARTESIAN_POINT('Origin',(-69.1,-24.6,6.));
#5357=CARTESIAN_POINT('Origin',(-69.1,-24.6,4.));
#5358=CARTESIAN_POINT('Origin',(0.,4.44089209850063E-15,4.));
#5359=CARTESIAN_POINT('Origin',(-69.1,-40.1,1.));
#5360=UNCERTAINTY_MEASURE_WITH_UNIT(LENGTH_MEASURE(0.01),#5364,
'DISTANCE_ACCURACY_VALUE',
'Maximum model space distance between geometric entities at asserted c
onnectivities');
#5361=UNCERTAINTY_MEASURE_WITH_UNIT(LENGTH_MEASURE(0.01),#5364,
'DISTANCE_ACCURACY_VALUE',
'Maximum model space distance between geometric entities at asserted c
onnectivities');
#5362=(
GEOMETRIC_REPRESENTATION_CONTEXT(3)
GLOBAL_UNCERTAINTY_ASSIGNED_CONTEXT((#5360))
GLOBAL_UNIT_ASSIGNED_CONTEXT((#5364,#5366,#5367))
REPRESENTATION_CONTEXT('','3D')
);
#5363=(
GEOMETRIC_REPRESENTATION_CONTEXT(3)
GLOBAL_UNCERTAINTY_ASSIGNED_CONTEXT((#5361))
GLOBAL_UNIT_ASSIGNED_CONTEXT((#5364,#5366,#5367))
REPRESENTATION_CONTEXT('','3D')
);
#5364=(
LENGTH_UNIT()
NAMED_UNIT(*)
SI_UNIT(.MILLI.,.METRE.)
);
#5365=(
LENGTH_UNIT()
NAMED_UNIT(*)
SI_UNIT($,.METRE.)
);
#5366=(
NAMED_UNIT(*)
PLANE_ANGLE_UNIT()
SI_UNIT($,.RADIAN.)
);
#5367=(
NAMED_UNIT(*)
SI_UNIT($,.STERADIAN.)
SOLID_ANGLE_UNIT()
);
#5368=SHAPE_DEFINITION_REPRESENTATION(#5369,#5370);
#5369=PRODUCT_DEFINITION_SHAPE('',$,#5372);
#5370=SHAPE_REPRESENTATION('',(#3166),#5362);
#5371=PRODUCT_DEFINITION_CONTEXT('part definition',#5376,'design');
#5372=PRODUCT_DEFINITION('Prusa mini PSU holder',
'Prusa mini PSU holder v8',#5373,#5371);
#5373=PRODUCT_DEFINITION_FORMATION('',$,#5378);
#5374=PRODUCT_RELATED_PRODUCT_CATEGORY('Prusa mini PSU holder v8',
'Prusa mini PSU holder v8',(#5378));
#5375=APPLICATION_PROTOCOL_DEFINITION('international standard',
'automotive_design',2009,#5376);
#5376=APPLICATION_CONTEXT(
'Core Data for Automotive Mechanical Design Process');
#5377=PRODUCT_CONTEXT('part definition',#5376,'mechanical');
#5378=PRODUCT('Prusa mini PSU holder','Prusa mini PSU holder v8',$,(#5377));
#5379=PRESENTATION_STYLE_ASSIGNMENT((#5380));
#5380=SURFACE_STYLE_USAGE(.BOTH.,#5381);
#5381=SURFACE_SIDE_STYLE('',(#5382));
#5382=SURFACE_STYLE_FILL_AREA(#5383);
#5383=FILL_AREA_STYLE('Acero - Satinado',(#5384));
#5384=FILL_AREA_STYLE_COLOUR('Acero - Satinado',#5385);
#5385=COLOUR_RGB('Acero - Satinado',0.627450980392157,0.627450980392157,
0.627450980392157);
ENDSEC;
END-ISO-10303-21;
