ISO-10303-21;
HEADER;
/* Generated by software containing ST-Developer
 * from STEP Tools, Inc. (www.steptools.com) 
 */

FILE_DESCRIPTION(
/* description */ ('FreeCAD Model'),
/* implementation_level */ '2;1');

FILE_NAME(
/* name */ 'rod-mount-10mm.step',
/* time_stamp */ '2026-04-24T16:54:32+02:00',
/* author */ (''),
/* organization */ (''),
/* preprocessor_version */ 'ST-DEVELOPER v20.1',
/* originating_system */ 'Autodesk Translation Framework v15.8.0.0',
/* authorisation */ '');

FILE_SCHEMA (('AUTOMOTIVE_DESIGN { 1 0 10303 214 3 1 1 }'));
ENDSEC;

DATA;
#10=MECHANICAL_DESIGN_GEOMETRIC_PRESENTATION_REPRESENTATION('',(#13),#4268);
#11=SHAPE_REPRESENTATION_RELATIONSHIP('SRR','None',#4274,#12);
#12=ADVANCED_BREP_SHAPE_REPRESENTATION('',(#14),#4267);
#13=STYLED_ITEM('',(#4284),#14);
#14=MANIFOLD_SOLID_BREP('rod-mount-10mm',#2549);
#15=B_SPLINE_CURVE_WITH_KNOTS('',3,(#3717,#3718,#3719,#3720),
 .UNSPECIFIED.,.F.,.F.,(4,4),(-24.9999999999843,-23.9304812834043),
 .UNSPECIFIED.);
#16=B_SPLINE_CURVE_WITH_KNOTS('',3,(#3721,#3722,#3723,#3724),
 .UNSPECIFIED.,.F.,.F.,(4,4),(-23.9304812834043,-16.5220359176427),
 .UNSPECIFIED.);
#17=B_SPLINE_CURVE_WITH_KNOTS('',3,(#3725,#3726,#3727,#3728),
 .UNSPECIFIED.,.F.,.F.,(4,4),(16.5220359176427,24.9999999999843),
 .UNSPECIFIED.);
#18=B_SPLINE_CURVE_WITH_KNOTS('',3,(#3805,#3806,#3807,#3808),
 .UNSPECIFIED.,.F.,.F.,(4,4),(-12.81472411419,-4.33676003184894),
 .UNSPECIFIED.);
#19=B_SPLINE_CURVE_WITH_KNOTS('',3,(#3810,#3811,#3812,#3813),
 .UNSPECIFIED.,.F.,.F.,(4,4),(4.33676003184894,11.7452053976085),
 .UNSPECIFIED.);
#20=B_SPLINE_CURVE_WITH_KNOTS('',3,(#3814,#3815,#3816,#3817),
 .UNSPECIFIED.,.F.,.F.,(4,4),(11.7452053976085,12.81472411419),
 .UNSPECIFIED.);
#21=B_SPLINE_CURVE_WITH_KNOTS('',3,(#3837,#3838,#3839,#3840),
 .UNSPECIFIED.,.F.,.F.,(4,4),(4.75000972902673,16.2889761594743),
 .UNSPECIFIED.);
#22=B_SPLINE_CURVE_WITH_KNOTS('',3,(#3937,#3938,#3939,#3940),
 .UNSPECIFIED.,.F.,.F.,(4,4),(0.,0.167871597453608),.UNSPECIFIED.);
#23=B_SPLINE_CURVE_WITH_KNOTS('',3,(#3963,#3964,#3965,#3966),
 .UNSPECIFIED.,.F.,.F.,(4,4),(0.,0.167871597453599),.UNSPECIFIED.);
#24=B_SPLINE_SURFACE_WITH_KNOTS('',3,3,((#3700,#3701,#3702,#3703),(#3704,
#3705,#3706,#3707),(#3708,#3709,#3710,#3711),(#3712,#3713,#3714,#3715)),
 .UNSPECIFIED.,.F.,.F.,.F.,(4,4),(4,4),(0.,1.),(16.5220359176427,24.9999999999843),
 .UNSPECIFIED.);
#25=B_SPLINE_SURFACE_WITH_KNOTS('',3,3,((#3789,#3790,#3791,#3792),(#3793,
#3794,#3795,#3796),(#3797,#3798,#3799,#3800),(#3801,#3802,#3803,#3804)),
 .UNSPECIFIED.,.F.,.F.,.F.,(4,4),(4,4),(0.,1.),(4.33676003184894,12.81472411419),
 .UNSPECIFIED.);
#26=CYLINDRICAL_SURFACE('',#2565,2.);
#27=CYLINDRICAL_SURFACE('',#2570,2.);
#28=CYLINDRICAL_SURFACE('',#2575,2.);
#29=CYLINDRICAL_SURFACE('',#2580,2.);
#30=CYLINDRICAL_SURFACE('',#2585,2.);
#31=CYLINDRICAL_SURFACE('',#2590,2.);
#32=CYLINDRICAL_SURFACE('',#2595,2.);
#33=CYLINDRICAL_SURFACE('',#2604,1.65);
#34=CYLINDRICAL_SURFACE('',#2609,1.65);
#35=CYLINDRICAL_SURFACE('',#2614,1.65);
#36=CYLINDRICAL_SURFACE('',#2619,1.65);
#37=CYLINDRICAL_SURFACE('',#2624,1.65);
#38=CYLINDRICAL_SURFACE('',#2629,1.65);
#39=CYLINDRICAL_SURFACE('',#2646,8.);
#40=CYLINDRICAL_SURFACE('',#2673,5.);
#41=CYLINDRICAL_SURFACE('',#2677,5.);
#42=CYLINDRICAL_SURFACE('',#2691,1.5);
#43=CYLINDRICAL_SURFACE('',#2694,1.5);
#44=CYLINDRICAL_SURFACE('',#2716,3.25);
#45=CYLINDRICAL_SURFACE('',#2718,2.65);
#46=CYLINDRICAL_SURFACE('',#2720,3.25);
#47=CYLINDRICAL_SURFACE('',#2722,2.65);
#48=CYLINDRICAL_SURFACE('',#2725,7.5);
#49=CYLINDRICAL_SURFACE('',#2730,7.5);
#50=CYLINDRICAL_SURFACE('',#2731,3.35);
#51=CYLINDRICAL_SURFACE('',#2736,3.35);
#52=CYLINDRICAL_SURFACE('',#2760,2.65);
#53=CYLINDRICAL_SURFACE('',#2762,2.65);
#54=CYLINDRICAL_SURFACE('',#2764,2.65);
#55=FACE_BOUND('',#320,.T.);
#56=FACE_BOUND('',#321,.T.);
#57=FACE_BOUND('',#322,.T.);
#58=FACE_BOUND('',#323,.T.);
#59=FACE_BOUND('',#324,.T.);
#60=FACE_BOUND('',#325,.T.);
#61=FACE_BOUND('',#326,.T.);
#62=FACE_BOUND('',#327,.T.);
#63=FACE_BOUND('',#328,.T.);
#64=FACE_BOUND('',#329,.T.);
#65=FACE_BOUND('',#345,.T.);
#66=FACE_BOUND('',#348,.T.);
#67=FACE_BOUND('',#352,.T.);
#68=FACE_BOUND('',#356,.T.);
#69=FACE_BOUND('',#360,.T.);
#70=FACE_BOUND('',#364,.T.);
#71=FACE_BOUND('',#368,.T.);
#72=FACE_BOUND('',#377,.T.);
#73=FACE_BOUND('',#385,.T.);
#74=FACE_BOUND('',#389,.T.);
#75=FACE_BOUND('',#393,.T.);
#76=FACE_BOUND('',#395,.T.);
#77=FACE_BOUND('',#422,.T.);
#78=FACE_BOUND('',#423,.T.);
#79=FACE_BOUND('',#429,.T.);
#80=FACE_BOUND('',#431,.T.);
#81=FACE_BOUND('',#433,.T.);
#82=FACE_BOUND('',#435,.T.);
#83=FACE_BOUND('',#449,.T.);
#84=FACE_BOUND('',#450,.T.);
#85=FACE_BOUND('',#451,.T.);
#86=FACE_BOUND('',#466,.T.);
#87=FACE_BOUND('',#469,.T.);
#88=FACE_BOUND('',#470,.T.);
#89=FACE_BOUND('',#471,.T.);
#90=PLANE('',#2555);
#91=PLANE('',#2599);
#92=PLANE('',#2602);
#93=PLANE('',#2607);
#94=PLANE('',#2612);
#95=PLANE('',#2617);
#96=PLANE('',#2622);
#97=PLANE('',#2627);
#98=PLANE('',#2630);
#99=PLANE('',#2633);
#100=PLANE('',#2637);
#101=PLANE('',#2638);
#102=PLANE('',#2639);
#103=PLANE('',#2641);
#104=PLANE('',#2645);
#105=PLANE('',#2647);
#106=PLANE('',#2648);
#107=PLANE('',#2650);
#108=PLANE('',#2651);
#109=PLANE('',#2652);
#110=PLANE('',#2654);
#111=PLANE('',#2655);
#112=PLANE('',#2656);
#113=PLANE('',#2659);
#114=PLANE('',#2661);
#115=PLANE('',#2662);
#116=PLANE('',#2663);
#117=PLANE('',#2667);
#118=PLANE('',#2668);
#119=PLANE('',#2672);
#120=PLANE('',#2674);
#121=PLANE('',#2675);
#122=PLANE('',#2676);
#123=PLANE('',#2678);
#124=PLANE('',#2679);
#125=PLANE('',#2680);
#126=PLANE('',#2681);
#127=PLANE('',#2682);
#128=PLANE('',#2683);
#129=PLANE('',#2684);
#130=PLANE('',#2685);
#131=PLANE('',#2686);
#132=PLANE('',#2687);
#133=PLANE('',#2688);
#134=PLANE('',#2689);
#135=PLANE('',#2690);
#136=PLANE('',#2697);
#137=PLANE('',#2698);
#138=PLANE('',#2699);
#139=PLANE('',#2701);
#140=PLANE('',#2703);
#141=PLANE('',#2705);
#142=PLANE('',#2707);
#143=PLANE('',#2708);
#144=PLANE('',#2709);
#145=PLANE('',#2710);
#146=PLANE('',#2715);
#147=PLANE('',#2728);
#148=PLANE('',#2732);
#149=PLANE('',#2733);
#150=PLANE('',#2734);
#151=PLANE('',#2735);
#152=PLANE('',#2737);
#153=PLANE('',#2738);
#154=PLANE('',#2739);
#155=PLANE('',#2741);
#156=PLANE('',#2743);
#157=PLANE('',#2744);
#158=PLANE('',#2745);
#159=PLANE('',#2749);
#160=PLANE('',#2750);
#161=PLANE('',#2751);
#162=PLANE('',#2752);
#163=PLANE('',#2753);
#164=PLANE('',#2754);
#165=PLANE('',#2755);
#166=PLANE('',#2756);
#167=PLANE('',#2757);
#168=PLANE('',#2758);
#169=PLANE('',#2759);
#170=PLANE('',#2766);
#171=PLANE('',#2767);
#172=PLANE('',#2768);
#173=PLANE('',#2769);
#174=PLANE('',#2770);
#175=PLANE('',#2771);
#176=FACE_OUTER_BOUND('',#318,.T.);
#177=FACE_OUTER_BOUND('',#319,.T.);
#178=FACE_OUTER_BOUND('',#330,.T.);
#179=FACE_OUTER_BOUND('',#331,.T.);
#180=FACE_OUTER_BOUND('',#332,.T.);
#181=FACE_OUTER_BOUND('',#333,.T.);
#182=FACE_OUTER_BOUND('',#334,.T.);
#183=FACE_OUTER_BOUND('',#335,.T.);
#184=FACE_OUTER_BOUND('',#336,.T.);
#185=FACE_OUTER_BOUND('',#337,.T.);
#186=FACE_OUTER_BOUND('',#338,.T.);
#187=FACE_OUTER_BOUND('',#339,.T.);
#188=FACE_OUTER_BOUND('',#340,.T.);
#189=FACE_OUTER_BOUND('',#341,.T.);
#190=FACE_OUTER_BOUND('',#342,.T.);
#191=FACE_OUTER_BOUND('',#343,.T.);
#192=FACE_OUTER_BOUND('',#344,.T.);
#193=FACE_OUTER_BOUND('',#346,.T.);
#194=FACE_OUTER_BOUND('',#347,.T.);
#195=FACE_OUTER_BOUND('',#349,.T.);
#196=FACE_OUTER_BOUND('',#350,.T.);
#197=FACE_OUTER_BOUND('',#351,.T.);
#198=FACE_OUTER_BOUND('',#353,.T.);
#199=FACE_OUTER_BOUND('',#354,.T.);
#200=FACE_OUTER_BOUND('',#355,.T.);
#201=FACE_OUTER_BOUND('',#357,.T.);
#202=FACE_OUTER_BOUND('',#358,.T.);
#203=FACE_OUTER_BOUND('',#359,.T.);
#204=FACE_OUTER_BOUND('',#361,.T.);
#205=FACE_OUTER_BOUND('',#362,.T.);
#206=FACE_OUTER_BOUND('',#363,.T.);
#207=FACE_OUTER_BOUND('',#365,.T.);
#208=FACE_OUTER_BOUND('',#366,.T.);
#209=FACE_OUTER_BOUND('',#367,.T.);
#210=FACE_OUTER_BOUND('',#369,.T.);
#211=FACE_OUTER_BOUND('',#370,.T.);
#212=FACE_OUTER_BOUND('',#371,.T.);
#213=FACE_OUTER_BOUND('',#372,.T.);
#214=FACE_OUTER_BOUND('',#373,.T.);
#215=FACE_OUTER_BOUND('',#374,.T.);
#216=FACE_OUTER_BOUND('',#375,.T.);
#217=FACE_OUTER_BOUND('',#376,.T.);
#218=FACE_OUTER_BOUND('',#378,.T.);
#219=FACE_OUTER_BOUND('',#379,.T.);
#220=FACE_OUTER_BOUND('',#380,.T.);
#221=FACE_OUTER_BOUND('',#381,.T.);
#222=FACE_OUTER_BOUND('',#382,.T.);
#223=FACE_OUTER_BOUND('',#383,.T.);
#224=FACE_OUTER_BOUND('',#384,.T.);
#225=FACE_OUTER_BOUND('',#386,.T.);
#226=FACE_OUTER_BOUND('',#387,.T.);
#227=FACE_OUTER_BOUND('',#388,.T.);
#228=FACE_OUTER_BOUND('',#390,.T.);
#229=FACE_OUTER_BOUND('',#391,.T.);
#230=FACE_OUTER_BOUND('',#392,.T.);
#231=FACE_OUTER_BOUND('',#394,.T.);
#232=FACE_OUTER_BOUND('',#396,.T.);
#233=FACE_OUTER_BOUND('',#397,.T.);
#234=FACE_OUTER_BOUND('',#398,.T.);
#235=FACE_OUTER_BOUND('',#399,.T.);
#236=FACE_OUTER_BOUND('',#400,.T.);
#237=FACE_OUTER_BOUND('',#401,.T.);
#238=FACE_OUTER_BOUND('',#402,.T.);
#239=FACE_OUTER_BOUND('',#403,.T.);
#240=FACE_OUTER_BOUND('',#404,.T.);
#241=FACE_OUTER_BOUND('',#405,.T.);
#242=FACE_OUTER_BOUND('',#406,.T.);
#243=FACE_OUTER_BOUND('',#407,.T.);
#244=FACE_OUTER_BOUND('',#408,.T.);
#245=FACE_OUTER_BOUND('',#409,.T.);
#246=FACE_OUTER_BOUND('',#410,.T.);
#247=FACE_OUTER_BOUND('',#411,.T.);
#248=FACE_OUTER_BOUND('',#412,.T.);
#249=FACE_OUTER_BOUND('',#413,.T.);
#250=FACE_OUTER_BOUND('',#414,.T.);
#251=FACE_OUTER_BOUND('',#415,.T.);
#252=FACE_OUTER_BOUND('',#416,.T.);
#253=FACE_OUTER_BOUND('',#417,.T.);
#254=FACE_OUTER_BOUND('',#418,.T.);
#255=FACE_OUTER_BOUND('',#419,.T.);
#256=FACE_OUTER_BOUND('',#420,.T.);
#257=FACE_OUTER_BOUND('',#421,.T.);
#258=FACE_OUTER_BOUND('',#424,.T.);
#259=FACE_OUTER_BOUND('',#425,.T.);
#260=FACE_OUTER_BOUND('',#426,.T.);
#261=FACE_OUTER_BOUND('',#427,.T.);
#262=FACE_OUTER_BOUND('',#428,.T.);
#263=FACE_OUTER_BOUND('',#430,.T.);
#264=FACE_OUTER_BOUND('',#432,.T.);
#265=FACE_OUTER_BOUND('',#434,.T.);
#266=FACE_OUTER_BOUND('',#436,.T.);
#267=FACE_OUTER_BOUND('',#437,.T.);
#268=FACE_OUTER_BOUND('',#438,.T.);
#269=FACE_OUTER_BOUND('',#439,.T.);
#270=FACE_OUTER_BOUND('',#440,.T.);
#271=FACE_OUTER_BOUND('',#441,.T.);
#272=FACE_OUTER_BOUND('',#442,.T.);
#273=FACE_OUTER_BOUND('',#443,.T.);
#274=FACE_OUTER_BOUND('',#444,.T.);
#275=FACE_OUTER_BOUND('',#445,.T.);
#276=FACE_OUTER_BOUND('',#446,.T.);
#277=FACE_OUTER_BOUND('',#447,.T.);
#278=FACE_OUTER_BOUND('',#448,.T.);
#279=FACE_OUTER_BOUND('',#452,.T.);
#280=FACE_OUTER_BOUND('',#453,.T.);
#281=FACE_OUTER_BOUND('',#454,.T.);
#282=FACE_OUTER_BOUND('',#455,.T.);
#283=FACE_OUTER_BOUND('',#456,.T.);
#284=FACE_OUTER_BOUND('',#457,.T.);
#285=FACE_OUTER_BOUND('',#458,.T.);
#286=FACE_OUTER_BOUND('',#459,.T.);
#287=FACE_OUTER_BOUND('',#460,.T.);
#288=FACE_OUTER_BOUND('',#461,.T.);
#289=FACE_OUTER_BOUND('',#462,.T.);
#290=FACE_OUTER_BOUND('',#463,.T.);
#291=FACE_OUTER_BOUND('',#464,.T.);
#292=FACE_OUTER_BOUND('',#465,.T.);
#293=FACE_OUTER_BOUND('',#467,.T.);
#294=FACE_OUTER_BOUND('',#468,.T.);
#295=FACE_OUTER_BOUND('',#472,.T.);
#296=FACE_OUTER_BOUND('',#473,.T.);
#297=FACE_OUTER_BOUND('',#474,.T.);
#298=FACE_OUTER_BOUND('',#475,.T.);
#299=FACE_OUTER_BOUND('',#476,.T.);
#300=FACE_OUTER_BOUND('',#477,.T.);
#301=FACE_OUTER_BOUND('',#478,.T.);
#302=FACE_OUTER_BOUND('',#479,.T.);
#303=FACE_OUTER_BOUND('',#480,.T.);
#304=FACE_OUTER_BOUND('',#481,.T.);
#305=FACE_OUTER_BOUND('',#482,.T.);
#306=FACE_OUTER_BOUND('',#483,.T.);
#307=FACE_OUTER_BOUND('',#484,.T.);
#308=FACE_OUTER_BOUND('',#485,.T.);
#309=FACE_OUTER_BOUND('',#486,.T.);
#310=FACE_OUTER_BOUND('',#487,.T.);
#311=FACE_OUTER_BOUND('',#488,.T.);
#312=FACE_OUTER_BOUND('',#489,.T.);
#313=FACE_OUTER_BOUND('',#490,.T.);
#314=FACE_OUTER_BOUND('',#491,.T.);
#315=FACE_OUTER_BOUND('',#492,.T.);
#316=FACE_OUTER_BOUND('',#493,.T.);
#317=FACE_OUTER_BOUND('',#494,.T.);
#318=EDGE_LOOP('',(#1678,#1679,#1680,#1681,#1682));
#319=EDGE_LOOP('',(#1683,#1684,#1685,#1686,#1687,#1688,#1689,#1690,#1691,
#1692,#1693,#1694));
#320=EDGE_LOOP('',(#1695));
#321=EDGE_LOOP('',(#1696));
#322=EDGE_LOOP('',(#1697));
#323=EDGE_LOOP('',(#1698));
#324=EDGE_LOOP('',(#1699));
#325=EDGE_LOOP('',(#1700));
#326=EDGE_LOOP('',(#1701));
#327=EDGE_LOOP('',(#1702));
#328=EDGE_LOOP('',(#1703));
#329=EDGE_LOOP('',(#1704));
#330=EDGE_LOOP('',(#1705,#1706,#1707,#1708,#1709));
#331=EDGE_LOOP('',(#1710,#1711,#1712,#1713,#1714));
#332=EDGE_LOOP('',(#1715,#1716,#1717,#1718,#1719));
#333=EDGE_LOOP('',(#1720,#1721,#1722,#1723,#1724));
#334=EDGE_LOOP('',(#1725,#1726,#1727,#1728,#1729));
#335=EDGE_LOOP('',(#1730,#1731,#1732,#1733,#1734));
#336=EDGE_LOOP('',(#1735,#1736,#1737,#1738,#1739));
#337=EDGE_LOOP('',(#1740,#1741,#1742,#1743,#1744));
#338=EDGE_LOOP('',(#1745,#1746,#1747,#1748,#1749));
#339=EDGE_LOOP('',(#1750,#1751,#1752,#1753,#1754));
#340=EDGE_LOOP('',(#1755,#1756,#1757,#1758,#1759));
#341=EDGE_LOOP('',(#1760,#1761,#1762,#1763,#1764));
#342=EDGE_LOOP('',(#1765,#1766,#1767,#1768,#1769));
#343=EDGE_LOOP('',(#1770,#1771,#1772));
#344=EDGE_LOOP('',(#1773));
#345=EDGE_LOOP('',(#1774));
#346=EDGE_LOOP('',(#1775,#1776,#1777));
#347=EDGE_LOOP('',(#1778));
#348=EDGE_LOOP('',(#1779));
#349=EDGE_LOOP('',(#1780,#1781,#1782,#1783));
#350=EDGE_LOOP('',(#1784,#1785,#1786));
#351=EDGE_LOOP('',(#1787));
#352=EDGE_LOOP('',(#1788));
#353=EDGE_LOOP('',(#1789,#1790,#1791,#1792));
#354=EDGE_LOOP('',(#1793,#1794,#1795));
#355=EDGE_LOOP('',(#1796));
#356=EDGE_LOOP('',(#1797));
#357=EDGE_LOOP('',(#1798,#1799,#1800,#1801));
#358=EDGE_LOOP('',(#1802,#1803,#1804));
#359=EDGE_LOOP('',(#1805));
#360=EDGE_LOOP('',(#1806));
#361=EDGE_LOOP('',(#1807,#1808,#1809,#1810));
#362=EDGE_LOOP('',(#1811,#1812,#1813));
#363=EDGE_LOOP('',(#1814));
#364=EDGE_LOOP('',(#1815));
#365=EDGE_LOOP('',(#1816,#1817,#1818,#1819));
#366=EDGE_LOOP('',(#1820,#1821,#1822));
#367=EDGE_LOOP('',(#1823));
#368=EDGE_LOOP('',(#1824));
#369=EDGE_LOOP('',(#1825,#1826,#1827,#1828));
#370=EDGE_LOOP('',(#1829,#1830,#1831,#1832,#1833,#1834));
#371=EDGE_LOOP('',(#1835,#1836,#1837,#1838));
#372=EDGE_LOOP('',(#1839,#1840,#1841,#1842));
#373=EDGE_LOOP('',(#1843,#1844,#1845,#1846));
#374=EDGE_LOOP('',(#1847,#1848,#1849,#1850,#1851));
#375=EDGE_LOOP('',(#1852,#1853,#1854));
#376=EDGE_LOOP('',(#1855,#1856,#1857,#1858,#1859,#1860,#1861,#1862,#1863,
#1864,#1865,#1866,#1867,#1868,#1869,#1870,#1871,#1872,#1873,#1874,#1875,
#1876));
#377=EDGE_LOOP('',(#1877));
#378=EDGE_LOOP('',(#1878,#1879,#1880,#1881));
#379=EDGE_LOOP('',(#1882,#1883,#1884,#1885));
#380=EDGE_LOOP('',(#1886,#1887,#1888,#1889));
#381=EDGE_LOOP('',(#1890,#1891,#1892,#1893,#1894));
#382=EDGE_LOOP('',(#1895,#1896,#1897,#1898));
#383=EDGE_LOOP('',(#1899,#1900,#1901,#1902,#1903,#1904,#1905,#1906));
#384=EDGE_LOOP('',(#1907,#1908,#1909,#1910,#1911,#1912,#1913,#1914,#1915,
#1916,#1917,#1918,#1919,#1920,#1921,#1922,#1923,#1924,#1925,#1926,#1927,
#1928));
#385=EDGE_LOOP('',(#1929));
#386=EDGE_LOOP('',(#1930,#1931,#1932,#1933));
#387=EDGE_LOOP('',(#1934,#1935,#1936,#1937));
#388=EDGE_LOOP('',(#1938,#1939,#1940,#1941,#1942,#1943,#1944,#1945));
#389=EDGE_LOOP('',(#1946));
#390=EDGE_LOOP('',(#1947,#1948,#1949,#1950));
#391=EDGE_LOOP('',(#1951,#1952,#1953,#1954));
#392=EDGE_LOOP('',(#1955,#1956,#1957,#1958,#1959,#1960));
#393=EDGE_LOOP('',(#1961));
#394=EDGE_LOOP('',(#1962,#1963,#1964,#1965,#1966,#1967,#1968,#1969));
#395=EDGE_LOOP('',(#1970));
#396=EDGE_LOOP('',(#1971,#1972,#1973,#1974));
#397=EDGE_LOOP('',(#1975,#1976,#1977,#1978));
#398=EDGE_LOOP('',(#1979,#1980,#1981,#1982));
#399=EDGE_LOOP('',(#1983,#1984,#1985,#1986));
#400=EDGE_LOOP('',(#1987,#1988,#1989,#1990));
#401=EDGE_LOOP('',(#1991,#1992,#1993,#1994));
#402=EDGE_LOOP('',(#1995,#1996,#1997,#1998));
#403=EDGE_LOOP('',(#1999,#2000,#2001,#2002));
#404=EDGE_LOOP('',(#2003,#2004,#2005,#2006));
#405=EDGE_LOOP('',(#2007,#2008,#2009,#2010));
#406=EDGE_LOOP('',(#2011,#2012,#2013,#2014));
#407=EDGE_LOOP('',(#2015,#2016,#2017,#2018));
#408=EDGE_LOOP('',(#2019,#2020,#2021,#2022));
#409=EDGE_LOOP('',(#2023,#2024,#2025,#2026,#2027));
#410=EDGE_LOOP('',(#2028,#2029,#2030,#2031,#2032));
#411=EDGE_LOOP('',(#2033,#2034,#2035,#2036));
#412=EDGE_LOOP('',(#2037,#2038,#2039,#2040));
#413=EDGE_LOOP('',(#2041,#2042,#2043,#2044));
#414=EDGE_LOOP('',(#2045,#2046,#2047,#2048));
#415=EDGE_LOOP('',(#2049,#2050,#2051,#2052));
#416=EDGE_LOOP('',(#2053,#2054,#2055,#2056));
#417=EDGE_LOOP('',(#2057,#2058,#2059,#2060));
#418=EDGE_LOOP('',(#2061,#2062,#2063,#2064));
#419=EDGE_LOOP('',(#2065,#2066,#2067,#2068));
#420=EDGE_LOOP('',(#2069,#2070,#2071,#2072));
#421=EDGE_LOOP('',(#2073,#2074,#2075,#2076,#2077,#2078,#2079,#2080,#2081,
#2082,#2083,#2084,#2085,#2086,#2087,#2088,#2089,#2090,#2091,#2092));
#422=EDGE_LOOP('',(#2093,#2094,#2095,#2096));
#423=EDGE_LOOP('',(#2097,#2098,#2099,#2100));
#424=EDGE_LOOP('',(#2101,#2102,#2103,#2104));
#425=EDGE_LOOP('',(#2105,#2106,#2107,#2108));
#426=EDGE_LOOP('',(#2109,#2110,#2111,#2112));
#427=EDGE_LOOP('',(#2113,#2114,#2115,#2116));
#428=EDGE_LOOP('',(#2117));
#429=EDGE_LOOP('',(#2118));
#430=EDGE_LOOP('',(#2119));
#431=EDGE_LOOP('',(#2120));
#432=EDGE_LOOP('',(#2121));
#433=EDGE_LOOP('',(#2122));
#434=EDGE_LOOP('',(#2123));
#435=EDGE_LOOP('',(#2124));
#436=EDGE_LOOP('',(#2125,#2126,#2127,#2128,#2129));
#437=EDGE_LOOP('',(#2130,#2131,#2132,#2133));
#438=EDGE_LOOP('',(#2134,#2135,#2136,#2137,#2138));
#439=EDGE_LOOP('',(#2139,#2140,#2141,#2142));
#440=EDGE_LOOP('',(#2143,#2144,#2145,#2146));
#441=EDGE_LOOP('',(#2147,#2148,#2149,#2150));
#442=EDGE_LOOP('',(#2151,#2152,#2153,#2154,#2155,#2156));
#443=EDGE_LOOP('',(#2157,#2158,#2159,#2160));
#444=EDGE_LOOP('',(#2161,#2162,#2163,#2164));
#445=EDGE_LOOP('',(#2165,#2166,#2167,#2168));
#446=EDGE_LOOP('',(#2169,#2170,#2171,#2172));
#447=EDGE_LOOP('',(#2173,#2174,#2175,#2176));
#448=EDGE_LOOP('',(#2177,#2178,#2179,#2180,#2181,#2182,#2183,#2184));
#449=EDGE_LOOP('',(#2185));
#450=EDGE_LOOP('',(#2186,#2187,#2188,#2189));
#451=EDGE_LOOP('',(#2190));
#452=EDGE_LOOP('',(#2191,#2192,#2193,#2194));
#453=EDGE_LOOP('',(#2195,#2196,#2197,#2198));
#454=EDGE_LOOP('',(#2199,#2200,#2201,#2202,#2203,#2204,#2205));
#455=EDGE_LOOP('',(#2206,#2207,#2208,#2209));
#456=EDGE_LOOP('',(#2210,#2211,#2212,#2213,#2214,#2215,#2216));
#457=EDGE_LOOP('',(#2217,#2218,#2219));
#458=EDGE_LOOP('',(#2220,#2221,#2222,#2223));
#459=EDGE_LOOP('',(#2224,#2225,#2226,#2227,#2228,#2229,#2230,#2231));
#460=EDGE_LOOP('',(#2232,#2233,#2234,#2235));
#461=EDGE_LOOP('',(#2236,#2237,#2238,#2239));
#462=EDGE_LOOP('',(#2240,#2241,#2242,#2243));
#463=EDGE_LOOP('',(#2244,#2245,#2246,#2247));
#464=EDGE_LOOP('',(#2248,#2249,#2250,#2251));
#465=EDGE_LOOP('',(#2252,#2253,#2254,#2255,#2256,#2257));
#466=EDGE_LOOP('',(#2258));
#467=EDGE_LOOP('',(#2259,#2260,#2261,#2262));
#468=EDGE_LOOP('',(#2263,#2264,#2265,#2266,#2267,#2268));
#469=EDGE_LOOP('',(#2269));
#470=EDGE_LOOP('',(#2270));
#471=EDGE_LOOP('',(#2271));
#472=EDGE_LOOP('',(#2272,#2273,#2274,#2275,#2276,#2277,#2278,#2279,#2280));
#473=EDGE_LOOP('',(#2281,#2282,#2283,#2284));
#474=EDGE_LOOP('',(#2285,#2286,#2287,#2288));
#475=EDGE_LOOP('',(#2289,#2290,#2291,#2292));
#476=EDGE_LOOP('',(#2293,#2294,#2295,#2296,#2297,#2298,#2299,#2300,#2301));
#477=EDGE_LOOP('',(#2302,#2303,#2304,#2305,#2306,#2307,#2308));
#478=EDGE_LOOP('',(#2309,#2310,#2311,#2312,#2313,#2314,#2315));
#479=EDGE_LOOP('',(#2316,#2317,#2318,#2319));
#480=EDGE_LOOP('',(#2320,#2321,#2322,#2323,#2324));
#481=EDGE_LOOP('',(#2325,#2326,#2327,#2328,#2329));
#482=EDGE_LOOP('',(#2330,#2331,#2332,#2333));
#483=EDGE_LOOP('',(#2334,#2335,#2336,#2337));
#484=EDGE_LOOP('',(#2338,#2339,#2340,#2341));
#485=EDGE_LOOP('',(#2342,#2343,#2344,#2345));
#486=EDGE_LOOP('',(#2346,#2347,#2348,#2349));
#487=EDGE_LOOP('',(#2350,#2351,#2352,#2353));
#488=EDGE_LOOP('',(#2354,#2355,#2356,#2357));
#489=EDGE_LOOP('',(#2358,#2359,#2360,#2361));
#490=EDGE_LOOP('',(#2362,#2363,#2364,#2365));
#491=EDGE_LOOP('',(#2366,#2367,#2368,#2369));
#492=EDGE_LOOP('',(#2370,#2371,#2372,#2373));
#493=EDGE_LOOP('',(#2374,#2375,#2376,#2377));
#494=EDGE_LOOP('',(#2378,#2379,#2380,#2381));
#495=LINE('',#3489,#754);
#496=LINE('',#3496,#755);
#497=LINE('',#3498,#756);
#498=LINE('',#3500,#757);
#499=LINE('',#3502,#758);
#500=LINE('',#3504,#759);
#501=LINE('',#3506,#760);
#502=LINE('',#3508,#761);
#503=LINE('',#3510,#762);
#504=LINE('',#3512,#763);
#505=LINE('',#3514,#764);
#506=LINE('',#3516,#765);
#507=LINE('',#3517,#766);
#508=LINE('',#3538,#767);
#509=LINE('',#3542,#768);
#510=LINE('',#3548,#769);
#511=LINE('',#3552,#770);
#512=LINE('',#3558,#771);
#513=LINE('',#3562,#772);
#514=LINE('',#3568,#773);
#515=LINE('',#3572,#774);
#516=LINE('',#3578,#775);
#517=LINE('',#3582,#776);
#518=LINE('',#3588,#777);
#519=LINE('',#3592,#778);
#520=LINE('',#3598,#779);
#521=LINE('',#3604,#780);
#522=LINE('',#3610,#781);
#523=LINE('',#3615,#782);
#524=LINE('',#3620,#783);
#525=LINE('',#3625,#784);
#526=LINE('',#3630,#785);
#527=LINE('',#3635,#786);
#528=LINE('',#3640,#787);
#529=LINE('',#3645,#788);
#530=LINE('',#3650,#789);
#531=LINE('',#3655,#790);
#532=LINE('',#3660,#791);
#533=LINE('',#3665,#792);
#534=LINE('',#3670,#793);
#535=LINE('',#3672,#794);
#536=LINE('',#3674,#795);
#537=LINE('',#3679,#796);
#538=LINE('',#3681,#797);
#539=LINE('',#3683,#798);
#540=LINE('',#3684,#799);
#541=LINE('',#3688,#800);
#542=LINE('',#3692,#801);
#543=LINE('',#3697,#802);
#544=LINE('',#3698,#803);
#545=LINE('',#3699,#804);
#546=LINE('',#3731,#805);
#547=LINE('',#3732,#806);
#548=LINE('',#3735,#807);
#549=LINE('',#3737,#808);
#550=LINE('',#3739,#809);
#551=LINE('',#3741,#810);
#552=LINE('',#3743,#811);
#553=LINE('',#3745,#812);
#554=LINE('',#3747,#813);
#555=LINE('',#3749,#814);
#556=LINE('',#3751,#815);
#557=LINE('',#3753,#816);
#558=LINE('',#3755,#817);
#559=LINE('',#3757,#818);
#560=LINE('',#3759,#819);
#561=LINE('',#3761,#820);
#562=LINE('',#3762,#821);
#563=LINE('',#3768,#822);
#564=LINE('',#3770,#823);
#565=LINE('',#3772,#824);
#566=LINE('',#3773,#825);
#567=LINE('',#3777,#826);
#568=LINE('',#3781,#827);
#569=LINE('',#3786,#828);
#570=LINE('',#3787,#829);
#571=LINE('',#3788,#830);
#572=LINE('',#3819,#831);
#573=LINE('',#3820,#832);
#574=LINE('',#3823,#833);
#575=LINE('',#3825,#834);
#576=LINE('',#3827,#835);
#577=LINE('',#3829,#836);
#578=LINE('',#3830,#837);
#579=LINE('',#3833,#838);
#580=LINE('',#3835,#839);
#581=LINE('',#3842,#840);
#582=LINE('',#3844,#841);
#583=LINE('',#3846,#842);
#584=LINE('',#3848,#843);
#585=LINE('',#3850,#844);
#586=LINE('',#3852,#845);
#587=LINE('',#3854,#846);
#588=LINE('',#3856,#847);
#589=LINE('',#3858,#848);
#590=LINE('',#3860,#849);
#591=LINE('',#3862,#850);
#592=LINE('',#3864,#851);
#593=LINE('',#3865,#852);
#594=LINE('',#3871,#853);
#595=LINE('',#3873,#854);
#596=LINE('',#3875,#855);
#597=LINE('',#3876,#856);
#598=LINE('',#3880,#857);
#599=LINE('',#3881,#858);
#600=LINE('',#3882,#859);
#601=LINE('',#3885,#860);
#602=LINE('',#3887,#861);
#603=LINE('',#3889,#862);
#604=LINE('',#3891,#863);
#605=LINE('',#3892,#864);
#606=LINE('',#3898,#865);
#607=LINE('',#3900,#866);
#608=LINE('',#3902,#867);
#609=LINE('',#3903,#868);
#610=LINE('',#3907,#869);
#611=LINE('',#3908,#870);
#612=LINE('',#3909,#871);
#613=LINE('',#3912,#872);
#614=LINE('',#3914,#873);
#615=LINE('',#3918,#874);
#616=LINE('',#3919,#875);
#617=LINE('',#3924,#876);
#618=LINE('',#3926,#877);
#619=LINE('',#3928,#878);
#620=LINE('',#3929,#879);
#621=LINE('',#3934,#880);
#622=LINE('',#3936,#881);
#623=LINE('',#3944,#882);
#624=LINE('',#3946,#883);
#625=LINE('',#3948,#884);
#626=LINE('',#3949,#885);
#627=LINE('',#3952,#886);
#628=LINE('',#3954,#887);
#629=LINE('',#3955,#888);
#630=LINE('',#3960,#889);
#631=LINE('',#3969,#890);
#632=LINE('',#3970,#891);
#633=LINE('',#3972,#892);
#634=LINE('',#3973,#893);
#635=LINE('',#3979,#894);
#636=LINE('',#3980,#895);
#637=LINE('',#3982,#896);
#638=LINE('',#3984,#897);
#639=LINE('',#3986,#898);
#640=LINE('',#3988,#899);
#641=LINE('',#3992,#900);
#642=LINE('',#3993,#901);
#643=LINE('',#3996,#902);
#644=LINE('',#3997,#903);
#645=LINE('',#4001,#904);
#646=LINE('',#4002,#905);
#647=LINE('',#4003,#906);
#648=LINE('',#4006,#907);
#649=LINE('',#4007,#908);
#650=LINE('',#4010,#909);
#651=LINE('',#4012,#910);
#652=LINE('',#4013,#911);
#653=LINE('',#4016,#912);
#654=LINE('',#4017,#913);
#655=LINE('',#4019,#914);
#656=LINE('',#4020,#915);
#657=LINE('',#4022,#916);
#658=LINE('',#4024,#917);
#659=LINE('',#4025,#918);
#660=LINE('',#4027,#919);
#661=LINE('',#4029,#920);
#662=LINE('',#4030,#921);
#663=LINE('',#4032,#922);
#664=LINE('',#4035,#923);
#665=LINE('',#4036,#924);
#666=LINE('',#4038,#925);
#667=LINE('',#4039,#926);
#668=LINE('',#4040,#927);
#669=LINE('',#4041,#928);
#670=LINE('',#4046,#929);
#671=LINE('',#4052,#930);
#672=LINE('',#4057,#931);
#673=LINE('',#4059,#932);
#674=LINE('',#4061,#933);
#675=LINE('',#4062,#934);
#676=LINE('',#4065,#935);
#677=LINE('',#4067,#936);
#678=LINE('',#4068,#937);
#679=LINE('',#4083,#938);
#680=LINE('',#4085,#939);
#681=LINE('',#4086,#940);
#682=LINE('',#4089,#941);
#683=LINE('',#4090,#942);
#684=LINE('',#4093,#943);
#685=LINE('',#4094,#944);
#686=LINE('',#4096,#945);
#687=LINE('',#4100,#946);
#688=LINE('',#4104,#947);
#689=LINE('',#4106,#948);
#690=LINE('',#4109,#949);
#691=LINE('',#4114,#950);
#692=LINE('',#4117,#951);
#693=LINE('',#4123,#952);
#694=LINE('',#4128,#953);
#695=LINE('',#4132,#954);
#696=LINE('',#4136,#955);
#697=LINE('',#4138,#956);
#698=LINE('',#4140,#957);
#699=LINE('',#4143,#958);
#700=LINE('',#4144,#959);
#701=LINE('',#4146,#960);
#702=LINE('',#4147,#961);
#703=LINE('',#4149,#962);
#704=LINE('',#4151,#963);
#705=LINE('',#4154,#964);
#706=LINE('',#4155,#965);
#707=LINE('',#4157,#966);
#708=LINE('',#4160,#967);
#709=LINE('',#4162,#968);
#710=LINE('',#4164,#969);
#711=LINE('',#4165,#970);
#712=LINE('',#4166,#971);
#713=LINE('',#4168,#972);
#714=LINE('',#4171,#973);
#715=LINE('',#4174,#974);
#716=LINE('',#4175,#975);
#717=LINE('',#4177,#976);
#718=LINE('',#4180,#977);
#719=LINE('',#4181,#978);
#720=LINE('',#4184,#979);
#721=LINE('',#4185,#980);
#722=LINE('',#4189,#981);
#723=LINE('',#4191,#982);
#724=LINE('',#4192,#983);
#725=LINE('',#4194,#984);
#726=LINE('',#4195,#985);
#727=LINE('',#4204,#986);
#728=LINE('',#4205,#987);
#729=LINE('',#4207,#988);
#730=LINE('',#4208,#989);
#731=LINE('',#4211,#990);
#732=LINE('',#4212,#991);
#733=LINE('',#4215,#992);
#734=LINE('',#4216,#993);
#735=LINE('',#4219,#994);
#736=LINE('',#4220,#995);
#737=LINE('',#4223,#996);
#738=LINE('',#4225,#997);
#739=LINE('',#4226,#998);
#740=LINE('',#4230,#999);
#741=LINE('',#4231,#1000);
#742=LINE('',#4234,#1001);
#743=LINE('',#4238,#1002);
#744=LINE('',#4242,#1003);
#745=LINE('',#4246,#1004);
#746=LINE('',#4249,#1005);
#747=LINE('',#4251,#1006);
#748=LINE('',#4253,#1007);
#749=LINE('',#4255,#1008);
#750=LINE('',#4257,#1009);
#751=LINE('',#4260,#1010);
#752=LINE('',#4262,#1011);
#753=LINE('',#4264,#1012);
#754=VECTOR('',#2781,2.25);
#755=VECTOR('',#2788,10.);
#756=VECTOR('',#2789,10.);
#757=VECTOR('',#2790,10.);
#758=VECTOR('',#2791,10.);
#759=VECTOR('',#2792,1.);
#760=VECTOR('',#2793,1.);
#761=VECTOR('',#2794,1.00000000000064);
#762=VECTOR('',#2795,1.);
#763=VECTOR('',#2796,1.00000000000064);
#764=VECTOR('',#2797,1.);
#765=VECTOR('',#2798,1.);
#766=VECTOR('',#2799,10.);
#767=VECTOR('',#2820,2.);
#768=VECTOR('',#2825,2.25);
#769=VECTOR('',#2832,2.);
#770=VECTOR('',#2837,2.25);
#771=VECTOR('',#2844,2.);
#772=VECTOR('',#2849,2.25);
#773=VECTOR('',#2856,2.);
#774=VECTOR('',#2861,2.25);
#775=VECTOR('',#2868,2.);
#776=VECTOR('',#2873,2.25);
#777=VECTOR('',#2880,2.);
#778=VECTOR('',#2885,2.25);
#779=VECTOR('',#2892,2.);
#780=VECTOR('',#2899,0.825);
#781=VECTOR('',#2906,0.825);
#782=VECTOR('',#2913,1.65);
#783=VECTOR('',#2918,0.825);
#784=VECTOR('',#2925,1.65);
#785=VECTOR('',#2930,0.825);
#786=VECTOR('',#2937,1.65);
#787=VECTOR('',#2942,0.825);
#788=VECTOR('',#2949,1.65);
#789=VECTOR('',#2954,0.825);
#790=VECTOR('',#2961,1.65);
#791=VECTOR('',#2966,0.825);
#792=VECTOR('',#2973,1.65);
#793=VECTOR('',#2978,10.);
#794=VECTOR('',#2979,10.);
#795=VECTOR('',#2980,10.);
#796=VECTOR('',#2985,10.);
#797=VECTOR('',#2986,10.);
#798=VECTOR('',#2987,10.);
#799=VECTOR('',#2988,10.);
#800=VECTOR('',#2991,10.);
#801=VECTOR('',#2994,10.);
#802=VECTOR('',#2999,10.);
#803=VECTOR('',#3000,10.);
#804=VECTOR('',#3001,10.);
#805=VECTOR('',#3004,0.999999999999872);
#806=VECTOR('',#3005,1.);
#807=VECTOR('',#3008,1.);
#808=VECTOR('',#3009,10.);
#809=VECTOR('',#3010,10.);
#810=VECTOR('',#3011,10.);
#811=VECTOR('',#3012,1.);
#812=VECTOR('',#3013,1.00000000000064);
#813=VECTOR('',#3014,1.);
#814=VECTOR('',#3015,1.);
#815=VECTOR('',#3016,1.00000000000064);
#816=VECTOR('',#3017,1.);
#817=VECTOR('',#3018,10.);
#818=VECTOR('',#3019,10.);
#819=VECTOR('',#3020,10.);
#820=VECTOR('',#3021,10.);
#821=VECTOR('',#3022,1.);
#822=VECTOR('',#3027,10.);
#823=VECTOR('',#3028,10.);
#824=VECTOR('',#3029,10.);
#825=VECTOR('',#3030,10.);
#826=VECTOR('',#3033,10.);
#827=VECTOR('',#3036,10.);
#828=VECTOR('',#3041,10.);
#829=VECTOR('',#3042,10.);
#830=VECTOR('',#3043,10.);
#831=VECTOR('',#3046,1.);
#832=VECTOR('',#3047,1.);
#833=VECTOR('',#3050,10.);
#834=VECTOR('',#3051,1.);
#835=VECTOR('',#3052,1.);
#836=VECTOR('',#3053,1.);
#837=VECTOR('',#3054,10.);
#838=VECTOR('',#3057,10.);
#839=VECTOR('',#3058,1.);
#840=VECTOR('',#3059,1.);
#841=VECTOR('',#3060,10.);
#842=VECTOR('',#3061,10.);
#843=VECTOR('',#3062,10.);
#844=VECTOR('',#3063,10.);
#845=VECTOR('',#3064,1.);
#846=VECTOR('',#3065,1.00000000000064);
#847=VECTOR('',#3066,1.);
#848=VECTOR('',#3067,1.);
#849=VECTOR('',#3068,1.00000000000064);
#850=VECTOR('',#3069,1.);
#851=VECTOR('',#3070,10.);
#852=VECTOR('',#3071,10.);
#853=VECTOR('',#3076,10.);
#854=VECTOR('',#3077,10.);
#855=VECTOR('',#3078,10.);
#856=VECTOR('',#3079,10.);
#857=VECTOR('',#3082,10.);
#858=VECTOR('',#3083,10.);
#859=VECTOR('',#3084,10.);
#860=VECTOR('',#3087,1.);
#861=VECTOR('',#3088,1.);
#862=VECTOR('',#3089,10.);
#863=VECTOR('',#3090,10.);
#864=VECTOR('',#3091,10.);
#865=VECTOR('',#3096,10.);
#866=VECTOR('',#3097,10.);
#867=VECTOR('',#3098,10.);
#868=VECTOR('',#3099,10.);
#869=VECTOR('',#3102,10.);
#870=VECTOR('',#3103,10.);
#871=VECTOR('',#3104,10.);
#872=VECTOR('',#3107,1.);
#873=VECTOR('',#3108,1.);
#874=VECTOR('',#3111,1.);
#875=VECTOR('',#3112,1.);
#876=VECTOR('',#3117,1.);
#877=VECTOR('',#3118,10.);
#878=VECTOR('',#3119,10.);
#879=VECTOR('',#3120,10.);
#880=VECTOR('',#3125,10.);
#881=VECTOR('',#3126,10.);
#882=VECTOR('',#3129,10.);
#883=VECTOR('',#3130,10.);
#884=VECTOR('',#3131,10.);
#885=VECTOR('',#3132,10.);
#886=VECTOR('',#3135,10.);
#887=VECTOR('',#3136,10.);
#888=VECTOR('',#3137,10.);
#889=VECTOR('',#3142,10.);
#890=VECTOR('',#3147,10.);
#891=VECTOR('',#3148,10.);
#892=VECTOR('',#3151,10.);
#893=VECTOR('',#3152,10.);
#894=VECTOR('',#3161,1.00000000000043);
#895=VECTOR('',#3162,1.);
#896=VECTOR('',#3165,10.);
#897=VECTOR('',#3168,10.);
#898=VECTOR('',#3171,10.);
#899=VECTOR('',#3174,10.);
#900=VECTOR('',#3179,10.);
#901=VECTOR('',#3180,10.);
#902=VECTOR('',#3183,10.);
#903=VECTOR('',#3184,10.);
#904=VECTOR('',#3187,10.);
#905=VECTOR('',#3188,10.);
#906=VECTOR('',#3189,10.);
#907=VECTOR('',#3192,1.);
#908=VECTOR('',#3193,1.);
#909=VECTOR('',#3196,10.);
#910=VECTOR('',#3197,10.);
#911=VECTOR('',#3198,10.);
#912=VECTOR('',#3201,1.);
#913=VECTOR('',#3202,1.);
#914=VECTOR('',#3205,10.);
#915=VECTOR('',#3206,10.);
#916=VECTOR('',#3209,1.);
#917=VECTOR('',#3212,10.);
#918=VECTOR('',#3213,10.);
#919=VECTOR('',#3216,10.);
#920=VECTOR('',#3219,10.);
#921=VECTOR('',#3220,10.);
#922=VECTOR('',#3223,10.);
#923=VECTOR('',#3226,10.);
#924=VECTOR('',#3227,10.);
#925=VECTOR('',#3228,10.);
#926=VECTOR('',#3229,10.);
#927=VECTOR('',#3230,10.);
#928=VECTOR('',#3231,10.);
#929=VECTOR('',#3236,1.5);
#930=VECTOR('',#3243,1.5);
#931=VECTOR('',#3248,1.00000000000064);
#932=VECTOR('',#3249,1.);
#933=VECTOR('',#3250,1.00000000000064);
#934=VECTOR('',#3251,1.);
#935=VECTOR('',#3254,1.);
#936=VECTOR('',#3255,1.);
#937=VECTOR('',#3256,1.);
#938=VECTOR('',#3275,1.);
#939=VECTOR('',#3276,1.);
#940=VECTOR('',#3277,1.);
#941=VECTOR('',#3280,1.);
#942=VECTOR('',#3281,1.);
#943=VECTOR('',#3284,1.);
#944=VECTOR('',#3285,1.);
#945=VECTOR('',#3288,1.);
#946=VECTOR('',#3293,3.35);
#947=VECTOR('',#3298,3.35);
#948=VECTOR('',#3301,1.);
#949=VECTOR('',#3304,3.25);
#950=VECTOR('',#3311,2.65);
#951=VECTOR('',#3314,3.25);
#952=VECTOR('',#3321,2.65);
#953=VECTOR('',#3326,1.);
#954=VECTOR('',#3329,1.);
#955=VECTOR('',#3334,1.);
#956=VECTOR('',#3335,1.);
#957=VECTOR('',#3336,1.);
#958=VECTOR('',#3339,1.);
#959=VECTOR('',#3340,1.);
#960=VECTOR('',#3343,1.);
#961=VECTOR('',#3344,1.);
#962=VECTOR('',#3347,3.35);
#963=VECTOR('',#3350,1.);
#964=VECTOR('',#3353,1.00000000000064);
#965=VECTOR('',#3354,1.);
#966=VECTOR('',#3357,1.);
#967=VECTOR('',#3362,3.35);
#968=VECTOR('',#3365,1.);
#969=VECTOR('',#3366,1.);
#970=VECTOR('',#3367,1.);
#971=VECTOR('',#3368,1.);
#972=VECTOR('',#3371,1.00000000000064);
#973=VECTOR('',#3376,3.25);
#974=VECTOR('',#3379,1.);
#975=VECTOR('',#3380,1.);
#976=VECTOR('',#3383,3.25);
#977=VECTOR('',#3386,1.);
#978=VECTOR('',#3387,1.);
#979=VECTOR('',#3390,1.);
#980=VECTOR('',#3391,1.);
#981=VECTOR('',#3394,1.);
#982=VECTOR('',#3395,1.00000000000064);
#983=VECTOR('',#3396,1.);
#984=VECTOR('',#3397,1.);
#985=VECTOR('',#3398,1.00000000000064);
#986=VECTOR('',#3407,1.);
#987=VECTOR('',#3408,1.);
#988=VECTOR('',#3409,1.);
#989=VECTOR('',#3410,1.);
#990=VECTOR('',#3413,1.);
#991=VECTOR('',#3414,1.00000000000064);
#992=VECTOR('',#3417,1.);
#993=VECTOR('',#3418,1.);
#994=VECTOR('',#3421,1.00000000000064);
#995=VECTOR('',#3422,1.);
#996=VECTOR('',#3425,1.);
#997=VECTOR('',#3426,1.);
#998=VECTOR('',#3427,1.);
#999=VECTOR('',#3434,1.);
#1000=VECTOR('',#3435,1.);
#1001=VECTOR('',#3440,1.);
#1002=VECTOR('',#3445,2.65);
#1003=VECTOR('',#3450,2.65);
#1004=VECTOR('',#3455,2.65);
#1005=VECTOR('',#3460,1.00000000000026);
#1006=VECTOR('',#3463,1.00000000000026);
#1007=VECTOR('',#3466,1.00000000000026);
#1008=VECTOR('',#3469,1.00000000000026);
#1009=VECTOR('',#3472,1.00000000000043);
#1010=VECTOR('',#3477,2.65);
#1011=VECTOR('',#3480,2.65);
#1012=VECTOR('',#3483,2.65);
#1013=CIRCLE('',#2552,2.5);
#1014=CIRCLE('',#2553,2.);
#1015=CIRCLE('',#2554,2.);
#1016=CIRCLE('',#2556,2.5);
#1017=CIRCLE('',#2557,2.5);
#1018=CIRCLE('',#2558,2.5);
#1019=CIRCLE('',#2559,3.05);
#1020=CIRCLE('',#2560,3.05);
#1021=CIRCLE('',#2561,3.05);
#1022=CIRCLE('',#2562,2.5);
#1023=CIRCLE('',#2563,2.5);
#1024=CIRCLE('',#2564,2.5);
#1025=CIRCLE('',#2566,2.);
#1026=CIRCLE('',#2568,2.);
#1027=CIRCLE('',#2569,2.);
#1028=CIRCLE('',#2571,2.);
#1029=CIRCLE('',#2573,2.);
#1030=CIRCLE('',#2574,2.);
#1031=CIRCLE('',#2576,2.);
#1032=CIRCLE('',#2578,2.);
#1033=CIRCLE('',#2579,2.);
#1034=CIRCLE('',#2581,2.);
#1035=CIRCLE('',#2583,2.);
#1036=CIRCLE('',#2584,2.);
#1037=CIRCLE('',#2586,2.);
#1038=CIRCLE('',#2588,2.);
#1039=CIRCLE('',#2589,2.);
#1040=CIRCLE('',#2591,2.);
#1041=CIRCLE('',#2593,2.);
#1042=CIRCLE('',#2594,2.);
#1043=CIRCLE('',#2596,2.);
#1044=CIRCLE('',#2598,1.65);
#1045=CIRCLE('',#2601,1.65);
#1046=CIRCLE('',#2603,1.65);
#1047=CIRCLE('',#2606,1.65);
#1048=CIRCLE('',#2608,1.65);
#1049=CIRCLE('',#2611,1.65);
#1050=CIRCLE('',#2613,1.65);
#1051=CIRCLE('',#2616,1.65);
#1052=CIRCLE('',#2618,1.65);
#1053=CIRCLE('',#2621,1.65);
#1054=CIRCLE('',#2623,1.65);
#1055=CIRCLE('',#2626,1.65);
#1056=CIRCLE('',#2628,1.65);
#1057=CIRCLE('',#2631,5.);
#1058=CIRCLE('',#2632,5.);
#1059=CIRCLE('',#2635,6.5);
#1060=CIRCLE('',#2636,8.);
#1061=CIRCLE('',#2640,3.35);
#1062=CIRCLE('',#2643,8.);
#1063=CIRCLE('',#2644,6.5);
#1064=CIRCLE('',#2649,3.35);
#1065=CIRCLE('',#2653,3.65);
#1066=CIRCLE('',#2657,7.5);
#1067=CIRCLE('',#2658,2.65);
#1068=CIRCLE('',#2660,3.65);
#1069=CIRCLE('',#2665,5.);
#1070=CIRCLE('',#2666,6.);
#1071=CIRCLE('',#2670,6.);
#1072=CIRCLE('',#2671,5.);
#1073=CIRCLE('',#2692,1.5);
#1074=CIRCLE('',#2693,1.5);
#1075=CIRCLE('',#2695,1.5);
#1076=CIRCLE('',#2696,1.5);
#1077=CIRCLE('',#2700,2.51);
#1078=CIRCLE('',#2702,2.51);
#1079=CIRCLE('',#2704,3.25);
#1080=CIRCLE('',#2706,3.25);
#1081=CIRCLE('',#2712,3.35);
#1082=CIRCLE('',#2714,3.35);
#1083=CIRCLE('',#2717,3.25);
#1084=CIRCLE('',#2719,2.65);
#1085=CIRCLE('',#2721,3.25);
#1086=CIRCLE('',#2723,2.65);
#1087=CIRCLE('',#2724,2.65);
#1088=CIRCLE('',#2726,7.5);
#1089=CIRCLE('',#2727,7.5);
#1090=CIRCLE('',#2729,7.5);
#1091=CIRCLE('',#2746,2.65);
#1092=CIRCLE('',#2747,2.65);
#1093=CIRCLE('',#2748,2.65);
#1094=CIRCLE('',#2761,2.65);
#1095=CIRCLE('',#2763,2.65);
#1096=CIRCLE('',#2765,2.65);
#1097=VERTEX_POINT('',#3486);
#1098=VERTEX_POINT('',#3488);
#1099=VERTEX_POINT('',#3490);
#1100=VERTEX_POINT('',#3494);
#1101=VERTEX_POINT('',#3495);
#1102=VERTEX_POINT('',#3497);
#1103=VERTEX_POINT('',#3499);
#1104=VERTEX_POINT('',#3501);
#1105=VERTEX_POINT('',#3503);
#1106=VERTEX_POINT('',#3505);
#1107=VERTEX_POINT('',#3507);
#1108=VERTEX_POINT('',#3509);
#1109=VERTEX_POINT('',#3511);
#1110=VERTEX_POINT('',#3513);
#1111=VERTEX_POINT('',#3515);
#1112=VERTEX_POINT('',#3518);
#1113=VERTEX_POINT('',#3520);
#1114=VERTEX_POINT('',#3522);
#1115=VERTEX_POINT('',#3524);
#1116=VERTEX_POINT('',#3526);
#1117=VERTEX_POINT('',#3528);
#1118=VERTEX_POINT('',#3530);
#1119=VERTEX_POINT('',#3532);
#1120=VERTEX_POINT('',#3534);
#1121=VERTEX_POINT('',#3537);
#1122=VERTEX_POINT('',#3541);
#1123=VERTEX_POINT('',#3543);
#1124=VERTEX_POINT('',#3547);
#1125=VERTEX_POINT('',#3551);
#1126=VERTEX_POINT('',#3553);
#1127=VERTEX_POINT('',#3557);
#1128=VERTEX_POINT('',#3561);
#1129=VERTEX_POINT('',#3563);
#1130=VERTEX_POINT('',#3567);
#1131=VERTEX_POINT('',#3571);
#1132=VERTEX_POINT('',#3573);
#1133=VERTEX_POINT('',#3577);
#1134=VERTEX_POINT('',#3581);
#1135=VERTEX_POINT('',#3583);
#1136=VERTEX_POINT('',#3587);
#1137=VERTEX_POINT('',#3591);
#1138=VERTEX_POINT('',#3593);
#1139=VERTEX_POINT('',#3597);
#1140=VERTEX_POINT('',#3601);
#1141=VERTEX_POINT('',#3603);
#1142=VERTEX_POINT('',#3607);
#1143=VERTEX_POINT('',#3609);
#1144=VERTEX_POINT('',#3612);
#1145=VERTEX_POINT('',#3617);
#1146=VERTEX_POINT('',#3619);
#1147=VERTEX_POINT('',#3622);
#1148=VERTEX_POINT('',#3627);
#1149=VERTEX_POINT('',#3629);
#1150=VERTEX_POINT('',#3632);
#1151=VERTEX_POINT('',#3637);
#1152=VERTEX_POINT('',#3639);
#1153=VERTEX_POINT('',#3642);
#1154=VERTEX_POINT('',#3647);
#1155=VERTEX_POINT('',#3649);
#1156=VERTEX_POINT('',#3652);
#1157=VERTEX_POINT('',#3657);
#1158=VERTEX_POINT('',#3659);
#1159=VERTEX_POINT('',#3662);
#1160=VERTEX_POINT('',#3667);
#1161=VERTEX_POINT('',#3669);
#1162=VERTEX_POINT('',#3671);
#1163=VERTEX_POINT('',#3673);
#1164=VERTEX_POINT('',#3677);
#1165=VERTEX_POINT('',#3678);
#1166=VERTEX_POINT('',#3680);
#1167=VERTEX_POINT('',#3682);
#1168=VERTEX_POINT('',#3686);
#1169=VERTEX_POINT('',#3687);
#1170=VERTEX_POINT('',#3689);
#1171=VERTEX_POINT('',#3691);
#1172=VERTEX_POINT('',#3695);
#1173=VERTEX_POINT('',#3696);
#1174=VERTEX_POINT('',#3716);
#1175=VERTEX_POINT('',#3730);
#1176=VERTEX_POINT('',#3734);
#1177=VERTEX_POINT('',#3736);
#1178=VERTEX_POINT('',#3738);
#1179=VERTEX_POINT('',#3740);
#1180=VERTEX_POINT('',#3742);
#1181=VERTEX_POINT('',#3744);
#1182=VERTEX_POINT('',#3746);
#1183=VERTEX_POINT('',#3748);
#1184=VERTEX_POINT('',#3750);
#1185=VERTEX_POINT('',#3752);
#1186=VERTEX_POINT('',#3754);
#1187=VERTEX_POINT('',#3756);
#1188=VERTEX_POINT('',#3758);
#1189=VERTEX_POINT('',#3760);
#1190=VERTEX_POINT('',#3763);
#1191=VERTEX_POINT('',#3766);
#1192=VERTEX_POINT('',#3767);
#1193=VERTEX_POINT('',#3769);
#1194=VERTEX_POINT('',#3771);
#1195=VERTEX_POINT('',#3775);
#1196=VERTEX_POINT('',#3776);
#1197=VERTEX_POINT('',#3778);
#1198=VERTEX_POINT('',#3780);
#1199=VERTEX_POINT('',#3784);
#1200=VERTEX_POINT('',#3785);
#1201=VERTEX_POINT('',#3809);
#1202=VERTEX_POINT('',#3822);
#1203=VERTEX_POINT('',#3824);
#1204=VERTEX_POINT('',#3826);
#1205=VERTEX_POINT('',#3828);
#1206=VERTEX_POINT('',#3832);
#1207=VERTEX_POINT('',#3834);
#1208=VERTEX_POINT('',#3836);
#1209=VERTEX_POINT('',#3841);
#1210=VERTEX_POINT('',#3843);
#1211=VERTEX_POINT('',#3845);
#1212=VERTEX_POINT('',#3847);
#1213=VERTEX_POINT('',#3849);
#1214=VERTEX_POINT('',#3851);
#1215=VERTEX_POINT('',#3853);
#1216=VERTEX_POINT('',#3855);
#1217=VERTEX_POINT('',#3857);
#1218=VERTEX_POINT('',#3859);
#1219=VERTEX_POINT('',#3861);
#1220=VERTEX_POINT('',#3863);
#1221=VERTEX_POINT('',#3866);
#1222=VERTEX_POINT('',#3869);
#1223=VERTEX_POINT('',#3870);
#1224=VERTEX_POINT('',#3872);
#1225=VERTEX_POINT('',#3874);
#1226=VERTEX_POINT('',#3878);
#1227=VERTEX_POINT('',#3879);
#1228=VERTEX_POINT('',#3884);
#1229=VERTEX_POINT('',#3886);
#1230=VERTEX_POINT('',#3888);
#1231=VERTEX_POINT('',#3890);
#1232=VERTEX_POINT('',#3893);
#1233=VERTEX_POINT('',#3896);
#1234=VERTEX_POINT('',#3897);
#1235=VERTEX_POINT('',#3899);
#1236=VERTEX_POINT('',#3901);
#1237=VERTEX_POINT('',#3905);
#1238=VERTEX_POINT('',#3906);
#1239=VERTEX_POINT('',#3911);
#1240=VERTEX_POINT('',#3913);
#1241=VERTEX_POINT('',#3915);
#1242=VERTEX_POINT('',#3917);
#1243=VERTEX_POINT('',#3920);
#1244=VERTEX_POINT('',#3923);
#1245=VERTEX_POINT('',#3925);
#1246=VERTEX_POINT('',#3927);
#1247=VERTEX_POINT('',#3930);
#1248=VERTEX_POINT('',#3933);
#1249=VERTEX_POINT('',#3935);
#1250=VERTEX_POINT('',#3942);
#1251=VERTEX_POINT('',#3943);
#1252=VERTEX_POINT('',#3945);
#1253=VERTEX_POINT('',#3947);
#1254=VERTEX_POINT('',#3951);
#1255=VERTEX_POINT('',#3953);
#1256=VERTEX_POINT('',#3957);
#1257=VERTEX_POINT('',#3959);
#1258=VERTEX_POINT('',#3961);
#1259=VERTEX_POINT('',#3968);
#1260=VERTEX_POINT('',#3978);
#1261=VERTEX_POINT('',#3991);
#1262=VERTEX_POINT('',#3995);
#1263=VERTEX_POINT('',#3999);
#1264=VERTEX_POINT('',#4000);
#1265=VERTEX_POINT('',#4005);
#1266=VERTEX_POINT('',#4009);
#1267=VERTEX_POINT('',#4011);
#1268=VERTEX_POINT('',#4015);
#1269=VERTEX_POINT('',#4034);
#1270=VERTEX_POINT('',#4037);
#1271=VERTEX_POINT('',#4043);
#1272=VERTEX_POINT('',#4045);
#1273=VERTEX_POINT('',#4049);
#1274=VERTEX_POINT('',#4051);
#1275=VERTEX_POINT('',#4055);
#1276=VERTEX_POINT('',#4056);
#1277=VERTEX_POINT('',#4058);
#1278=VERTEX_POINT('',#4060);
#1279=VERTEX_POINT('',#4064);
#1280=VERTEX_POINT('',#4066);
#1281=VERTEX_POINT('',#4070);
#1282=VERTEX_POINT('',#4073);
#1283=VERTEX_POINT('',#4076);
#1284=VERTEX_POINT('',#4079);
#1285=VERTEX_POINT('',#4082);
#1286=VERTEX_POINT('',#4084);
#1287=VERTEX_POINT('',#4088);
#1288=VERTEX_POINT('',#4092);
#1289=VERTEX_POINT('',#4098);
#1290=VERTEX_POINT('',#4102);
#1291=VERTEX_POINT('',#4108);
#1292=VERTEX_POINT('',#4112);
#1293=VERTEX_POINT('',#4116);
#1294=VERTEX_POINT('',#4120);
#1295=VERTEX_POINT('',#4122);
#1296=VERTEX_POINT('',#4126);
#1297=VERTEX_POINT('',#4127);
#1298=VERTEX_POINT('',#4129);
#1299=VERTEX_POINT('',#4131);
#1300=VERTEX_POINT('',#4135);
#1301=VERTEX_POINT('',#4137);
#1302=VERTEX_POINT('',#4139);
#1303=VERTEX_POINT('',#4141);
#1304=VERTEX_POINT('',#4153);
#1305=VERTEX_POINT('',#4163);
#1306=VERTEX_POINT('',#4173);
#1307=VERTEX_POINT('',#4179);
#1308=VERTEX_POINT('',#4183);
#1309=VERTEX_POINT('',#4187);
#1310=VERTEX_POINT('',#4188);
#1311=VERTEX_POINT('',#4190);
#1312=VERTEX_POINT('',#4193);
#1313=VERTEX_POINT('',#4196);
#1314=VERTEX_POINT('',#4198);
#1315=VERTEX_POINT('',#4200);
#1316=VERTEX_POINT('',#4203);
#1317=VERTEX_POINT('',#4206);
#1318=VERTEX_POINT('',#4210);
#1319=VERTEX_POINT('',#4214);
#1320=VERTEX_POINT('',#4218);
#1321=VERTEX_POINT('',#4222);
#1322=VERTEX_POINT('',#4224);
#1323=VERTEX_POINT('',#4237);
#1324=VERTEX_POINT('',#4241);
#1325=VERTEX_POINT('',#4245);
#1326=EDGE_CURVE('',#1097,#1097,#1013,.T.);
#1327=EDGE_CURVE('',#1097,#1098,#495,.T.);
#1328=EDGE_CURVE('',#1098,#1099,#1014,.T.);
#1329=EDGE_CURVE('',#1099,#1098,#1015,.T.);
#1330=EDGE_CURVE('',#1100,#1101,#496,.T.);
#1331=EDGE_CURVE('',#1100,#1102,#497,.T.);
#1332=EDGE_CURVE('',#1102,#1103,#498,.T.);
#1333=EDGE_CURVE('',#1104,#1103,#499,.T.);
#1334=EDGE_CURVE('',#1104,#1105,#500,.T.);
#1335=EDGE_CURVE('',#1106,#1105,#501,.T.);
#1336=EDGE_CURVE('',#1107,#1106,#502,.T.);
#1337=EDGE_CURVE('',#1108,#1107,#503,.T.);
#1338=EDGE_CURVE('',#1108,#1109,#504,.T.);
#1339=EDGE_CURVE('',#1109,#1110,#505,.T.);
#1340=EDGE_CURVE('',#1111,#1110,#506,.T.);
#1341=EDGE_CURVE('',#1101,#1111,#507,.T.);
#1342=EDGE_CURVE('',#1112,#1112,#1016,.T.);
#1343=EDGE_CURVE('',#1113,#1113,#1017,.T.);
#1344=EDGE_CURVE('',#1114,#1114,#1018,.T.);
#1345=EDGE_CURVE('',#1115,#1115,#1019,.T.);
#1346=EDGE_CURVE('',#1116,#1116,#1020,.T.);
#1347=EDGE_CURVE('',#1117,#1117,#1021,.T.);
#1348=EDGE_CURVE('',#1118,#1118,#1022,.T.);
#1349=EDGE_CURVE('',#1119,#1119,#1023,.T.);
#1350=EDGE_CURVE('',#1120,#1120,#1024,.T.);
#1351=EDGE_CURVE('',#1099,#1121,#508,.T.);
#1352=EDGE_CURVE('',#1121,#1121,#1025,.T.);
#1353=EDGE_CURVE('',#1112,#1122,#509,.T.);
#1354=EDGE_CURVE('',#1122,#1123,#1026,.T.);
#1355=EDGE_CURVE('',#1123,#1122,#1027,.T.);
#1356=EDGE_CURVE('',#1123,#1124,#510,.T.);
#1357=EDGE_CURVE('',#1124,#1124,#1028,.T.);
#1358=EDGE_CURVE('',#1120,#1125,#511,.T.);
#1359=EDGE_CURVE('',#1125,#1126,#1029,.T.);
#1360=EDGE_CURVE('',#1126,#1125,#1030,.T.);
#1361=EDGE_CURVE('',#1126,#1127,#512,.T.);
#1362=EDGE_CURVE('',#1127,#1127,#1031,.T.);
#1363=EDGE_CURVE('',#1113,#1128,#513,.T.);
#1364=EDGE_CURVE('',#1128,#1129,#1032,.T.);
#1365=EDGE_CURVE('',#1129,#1128,#1033,.T.);
#1366=EDGE_CURVE('',#1129,#1130,#514,.T.);
#1367=EDGE_CURVE('',#1130,#1130,#1034,.T.);
#1368=EDGE_CURVE('',#1119,#1131,#515,.T.);
#1369=EDGE_CURVE('',#1131,#1132,#1035,.T.);
#1370=EDGE_CURVE('',#1132,#1131,#1036,.T.);
#1371=EDGE_CURVE('',#1132,#1133,#516,.T.);
#1372=EDGE_CURVE('',#1133,#1133,#1037,.T.);
#1373=EDGE_CURVE('',#1114,#1134,#517,.T.);
#1374=EDGE_CURVE('',#1134,#1135,#1038,.T.);
#1375=EDGE_CURVE('',#1135,#1134,#1039,.T.);
#1376=EDGE_CURVE('',#1135,#1136,#518,.T.);
#1377=EDGE_CURVE('',#1136,#1136,#1040,.T.);
#1378=EDGE_CURVE('',#1118,#1137,#519,.T.);
#1379=EDGE_CURVE('',#1137,#1138,#1041,.T.);
#1380=EDGE_CURVE('',#1138,#1137,#1042,.T.);
#1381=EDGE_CURVE('',#1138,#1139,#520,.T.);
#1382=EDGE_CURVE('',#1139,#1139,#1043,.T.);
#1383=EDGE_CURVE('',#1140,#1140,#1044,.T.);
#1384=EDGE_CURVE('',#1140,#1141,#521,.T.);
#1385=EDGE_CURVE('',#1142,#1142,#1045,.T.);
#1386=EDGE_CURVE('',#1142,#1143,#522,.T.);
#1387=EDGE_CURVE('',#1144,#1144,#1046,.T.);
#1388=EDGE_CURVE('',#1144,#1142,#523,.T.);
#1389=EDGE_CURVE('',#1145,#1145,#1047,.T.);
#1390=EDGE_CURVE('',#1145,#1146,#524,.T.);
#1391=EDGE_CURVE('',#1147,#1147,#1048,.T.);
#1392=EDGE_CURVE('',#1147,#1145,#525,.T.);
#1393=EDGE_CURVE('',#1148,#1148,#1049,.T.);
#1394=EDGE_CURVE('',#1148,#1149,#526,.T.);
#1395=EDGE_CURVE('',#1150,#1150,#1050,.T.);
#1396=EDGE_CURVE('',#1150,#1148,#527,.T.);
#1397=EDGE_CURVE('',#1151,#1151,#1051,.T.);
#1398=EDGE_CURVE('',#1151,#1152,#528,.T.);
#1399=EDGE_CURVE('',#1153,#1153,#1052,.T.);
#1400=EDGE_CURVE('',#1153,#1151,#529,.T.);
#1401=EDGE_CURVE('',#1154,#1154,#1053,.T.);
#1402=EDGE_CURVE('',#1154,#1155,#530,.T.);
#1403=EDGE_CURVE('',#1156,#1156,#1054,.T.);
#1404=EDGE_CURVE('',#1156,#1154,#531,.T.);
#1405=EDGE_CURVE('',#1157,#1157,#1055,.T.);
#1406=EDGE_CURVE('',#1157,#1158,#532,.T.);
#1407=EDGE_CURVE('',#1159,#1159,#1056,.T.);
#1408=EDGE_CURVE('',#1159,#1157,#533,.T.);
#1409=EDGE_CURVE('',#1160,#1100,#1057,.T.);
#1410=EDGE_CURVE('',#1161,#1160,#534,.T.);
#1411=EDGE_CURVE('',#1162,#1161,#535,.T.);
#1412=EDGE_CURVE('',#1163,#1162,#536,.T.);
#1413=EDGE_CURVE('',#1102,#1163,#1058,.T.);
#1414=EDGE_CURVE('',#1164,#1165,#537,.F.);
#1415=EDGE_CURVE('',#1164,#1166,#538,.T.);
#1416=EDGE_CURVE('',#1166,#1167,#539,.T.);
#1417=EDGE_CURVE('',#1167,#1165,#540,.T.);
#1418=EDGE_CURVE('',#1168,#1169,#541,.T.);
#1419=EDGE_CURVE('',#1169,#1170,#1059,.T.);
#1420=EDGE_CURVE('',#1170,#1171,#542,.T.);
#1421=EDGE_CURVE('',#1171,#1168,#1060,.T.);
#1422=EDGE_CURVE('',#1172,#1173,#543,.T.);
#1423=EDGE_CURVE('',#1173,#1169,#544,.T.);
#1424=EDGE_CURVE('',#1168,#1172,#545,.T.);
#1425=EDGE_CURVE('',#1170,#1174,#15,.T.);
#1426=EDGE_CURVE('',#1174,#1167,#16,.T.);
#1427=EDGE_CURVE('',#1166,#1171,#17,.T.);
#1428=EDGE_CURVE('',#1167,#1175,#546,.T.);
#1429=EDGE_CURVE('',#1175,#1165,#547,.T.);
#1430=EDGE_CURVE('',#1174,#1176,#548,.T.);
#1431=EDGE_CURVE('',#1177,#1173,#549,.F.);
#1432=EDGE_CURVE('',#1177,#1178,#550,.T.);
#1433=EDGE_CURVE('',#1179,#1178,#551,.F.);
#1434=EDGE_CURVE('',#1179,#1180,#552,.T.);
#1435=EDGE_CURVE('',#1180,#1181,#553,.T.);
#1436=EDGE_CURVE('',#1181,#1182,#554,.T.);
#1437=EDGE_CURVE('',#1182,#1183,#555,.T.);
#1438=EDGE_CURVE('',#1184,#1182,#556,.T.);
#1439=EDGE_CURVE('',#1185,#1184,#557,.T.);
#1440=EDGE_CURVE('',#1186,#1185,#558,.F.);
#1441=EDGE_CURVE('',#1187,#1186,#559,.T.);
#1442=EDGE_CURVE('',#1188,#1187,#560,.T.);
#1443=EDGE_CURVE('',#1189,#1188,#561,.T.);
#1444=EDGE_CURVE('',#1189,#1175,#562,.T.);
#1445=EDGE_CURVE('',#1190,#1190,#1061,.T.);
#1446=EDGE_CURVE('',#1191,#1192,#563,.T.);
#1447=EDGE_CURVE('',#1192,#1193,#564,.T.);
#1448=EDGE_CURVE('',#1193,#1194,#565,.T.);
#1449=EDGE_CURVE('',#1194,#1191,#566,.T.);
#1450=EDGE_CURVE('',#1195,#1196,#567,.T.);
#1451=EDGE_CURVE('',#1196,#1197,#1062,.T.);
#1452=EDGE_CURVE('',#1197,#1198,#568,.T.);
#1453=EDGE_CURVE('',#1198,#1195,#1063,.T.);
#1454=EDGE_CURVE('',#1199,#1200,#569,.T.);
#1455=EDGE_CURVE('',#1200,#1196,#570,.T.);
#1456=EDGE_CURVE('',#1195,#1199,#571,.T.);
#1457=EDGE_CURVE('',#1197,#1194,#18,.T.);
#1458=EDGE_CURVE('',#1193,#1201,#19,.T.);
#1459=EDGE_CURVE('',#1201,#1198,#20,.T.);
#1460=EDGE_CURVE('',#1171,#1197,#572,.T.);
#1461=EDGE_CURVE('',#1196,#1168,#573,.T.);
#1462=EDGE_CURVE('',#1202,#1200,#574,.T.);
#1463=EDGE_CURVE('',#1202,#1203,#575,.T.);
#1464=EDGE_CURVE('',#1203,#1204,#576,.T.);
#1465=EDGE_CURVE('',#1205,#1204,#577,.T.);
#1466=EDGE_CURVE('',#1172,#1205,#578,.T.);
#1467=EDGE_CURVE('',#1199,#1206,#579,.T.);
#1468=EDGE_CURVE('',#1201,#1207,#580,.T.);
#1469=EDGE_CURVE('',#1208,#1193,#21,.F.);
#1470=EDGE_CURVE('',#1209,#1208,#581,.T.);
#1471=EDGE_CURVE('',#1210,#1209,#582,.T.);
#1472=EDGE_CURVE('',#1211,#1210,#583,.T.);
#1473=EDGE_CURVE('',#1212,#1211,#584,.T.);
#1474=EDGE_CURVE('',#1213,#1212,#585,.F.);
#1475=EDGE_CURVE('',#1213,#1214,#586,.T.);
#1476=EDGE_CURVE('',#1214,#1215,#587,.T.);
#1477=EDGE_CURVE('',#1215,#1216,#588,.T.);
#1478=EDGE_CURVE('',#1217,#1215,#589,.T.);
#1479=EDGE_CURVE('',#1218,#1217,#590,.T.);
#1480=EDGE_CURVE('',#1219,#1218,#591,.T.);
#1481=EDGE_CURVE('',#1220,#1219,#592,.F.);
#1482=EDGE_CURVE('',#1220,#1206,#593,.T.);
#1483=EDGE_CURVE('',#1221,#1221,#1064,.T.);
#1484=EDGE_CURVE('',#1222,#1223,#594,.T.);
#1485=EDGE_CURVE('',#1223,#1224,#595,.T.);
#1486=EDGE_CURVE('',#1224,#1225,#596,.T.);
#1487=EDGE_CURVE('',#1225,#1222,#597,.T.);
#1488=EDGE_CURVE('',#1226,#1227,#598,.T.);
#1489=EDGE_CURVE('',#1226,#1225,#599,.T.);
#1490=EDGE_CURVE('',#1224,#1227,#600,.T.);
#1491=EDGE_CURVE('',#1225,#1228,#601,.T.);
#1492=EDGE_CURVE('',#1226,#1229,#602,.T.);
#1493=EDGE_CURVE('',#1230,#1229,#603,.T.);
#1494=EDGE_CURVE('',#1231,#1230,#604,.T.);
#1495=EDGE_CURVE('',#1231,#1222,#605,.T.);
#1496=EDGE_CURVE('',#1232,#1232,#1065,.T.);
#1497=EDGE_CURVE('',#1233,#1234,#606,.T.);
#1498=EDGE_CURVE('',#1234,#1235,#607,.T.);
#1499=EDGE_CURVE('',#1235,#1236,#608,.T.);
#1500=EDGE_CURVE('',#1236,#1233,#609,.T.);
#1501=EDGE_CURVE('',#1237,#1238,#610,.T.);
#1502=EDGE_CURVE('',#1237,#1236,#611,.T.);
#1503=EDGE_CURVE('',#1235,#1238,#612,.T.);
#1504=EDGE_CURVE('',#1238,#1239,#613,.T.);
#1505=EDGE_CURVE('',#1239,#1240,#614,.T.);
#1506=EDGE_CURVE('',#1241,#1240,#1066,.T.);
#1507=EDGE_CURVE('',#1242,#1241,#615,.T.);
#1508=EDGE_CURVE('',#1237,#1242,#616,.T.);
#1509=EDGE_CURVE('',#1243,#1243,#1067,.T.);
#1510=EDGE_CURVE('',#1235,#1244,#617,.T.);
#1511=EDGE_CURVE('',#1245,#1234,#618,.T.);
#1512=EDGE_CURVE('',#1246,#1245,#619,.T.);
#1513=EDGE_CURVE('',#1239,#1246,#620,.T.);
#1514=EDGE_CURVE('',#1247,#1247,#1068,.T.);
#1515=EDGE_CURVE('',#1111,#1248,#621,.T.);
#1516=EDGE_CURVE('',#1248,#1249,#622,.T.);
#1517=EDGE_CURVE('',#1249,#1101,#22,.T.);
#1518=EDGE_CURVE('',#1250,#1251,#623,.T.);
#1519=EDGE_CURVE('',#1251,#1252,#624,.T.);
#1520=EDGE_CURVE('',#1252,#1253,#625,.T.);
#1521=EDGE_CURVE('',#1253,#1250,#626,.T.);
#1522=EDGE_CURVE('',#1253,#1254,#627,.T.);
#1523=EDGE_CURVE('',#1254,#1255,#628,.T.);
#1524=EDGE_CURVE('',#1255,#1250,#629,.T.);
#1525=EDGE_CURVE('',#1103,#1256,#1069,.T.);
#1526=EDGE_CURVE('',#1256,#1257,#630,.T.);
#1527=EDGE_CURVE('',#1257,#1258,#1070,.T.);
#1528=EDGE_CURVE('',#1258,#1103,#23,.T.);
#1529=EDGE_CURVE('',#1258,#1259,#631,.T.);
#1530=EDGE_CURVE('',#1259,#1104,#632,.T.);
#1531=EDGE_CURVE('',#1254,#1257,#633,.T.);
#1532=EDGE_CURVE('',#1256,#1255,#634,.T.);
#1533=EDGE_CURVE('',#1249,#1252,#1071,.T.);
#1534=EDGE_CURVE('',#1251,#1101,#1072,.T.);
#1535=EDGE_CURVE('',#1260,#1110,#635,.T.);
#1536=EDGE_CURVE('',#1248,#1260,#636,.T.);
#1537=EDGE_CURVE('',#1251,#1160,#637,.T.);
#1538=EDGE_CURVE('',#1250,#1161,#638,.T.);
#1539=EDGE_CURVE('',#1255,#1162,#639,.T.);
#1540=EDGE_CURVE('',#1256,#1163,#640,.T.);
#1541=EDGE_CURVE('',#1261,#1202,#641,.F.);
#1542=EDGE_CURVE('',#1206,#1261,#642,.T.);
#1543=EDGE_CURVE('',#1205,#1262,#643,.F.);
#1544=EDGE_CURVE('',#1262,#1177,#644,.T.);
#1545=EDGE_CURVE('',#1263,#1264,#645,.F.);
#1546=EDGE_CURVE('',#1264,#1179,#646,.T.);
#1547=EDGE_CURVE('',#1178,#1263,#647,.T.);
#1548=EDGE_CURVE('',#1264,#1265,#648,.T.);
#1549=EDGE_CURVE('',#1265,#1180,#649,.T.);
#1550=EDGE_CURVE('',#1219,#1266,#650,.T.);
#1551=EDGE_CURVE('',#1266,#1267,#651,.F.);
#1552=EDGE_CURVE('',#1267,#1220,#652,.T.);
#1553=EDGE_CURVE('',#1218,#1268,#653,.T.);
#1554=EDGE_CURVE('',#1266,#1268,#654,.T.);
#1555=EDGE_CURVE('',#1185,#1213,#655,.T.);
#1556=EDGE_CURVE('',#1212,#1186,#656,.T.);
#1557=EDGE_CURVE('',#1184,#1214,#657,.T.);
#1558=EDGE_CURVE('',#1230,#1188,#658,.T.);
#1559=EDGE_CURVE('',#1187,#1231,#659,.T.);
#1560=EDGE_CURVE('',#1189,#1229,#660,.T.);
#1561=EDGE_CURVE('',#1245,#1211,#661,.T.);
#1562=EDGE_CURVE('',#1210,#1246,#662,.T.);
#1563=EDGE_CURVE('',#1239,#1209,#663,.T.);
#1564=EDGE_CURVE('',#1269,#1248,#664,.T.);
#1565=EDGE_CURVE('',#1223,#1269,#665,.T.);
#1566=EDGE_CURVE('',#1270,#1233,#666,.T.);
#1567=EDGE_CURVE('',#1270,#1259,#667,.T.);
#1568=EDGE_CURVE('',#1261,#1267,#668,.T.);
#1569=EDGE_CURVE('',#1263,#1262,#669,.T.);
#1570=EDGE_CURVE('',#1271,#1271,#1073,.T.);
#1571=EDGE_CURVE('',#1271,#1272,#670,.T.);
#1572=EDGE_CURVE('',#1272,#1272,#1074,.T.);
#1573=EDGE_CURVE('',#1273,#1273,#1075,.T.);
#1574=EDGE_CURVE('',#1273,#1274,#671,.T.);
#1575=EDGE_CURVE('',#1274,#1274,#1076,.T.);
#1576=EDGE_CURVE('',#1275,#1276,#672,.T.);
#1577=EDGE_CURVE('',#1276,#1277,#673,.T.);
#1578=EDGE_CURVE('',#1278,#1277,#674,.T.);
#1579=EDGE_CURVE('',#1275,#1278,#675,.T.);
#1580=EDGE_CURVE('',#1279,#1276,#676,.T.);
#1581=EDGE_CURVE('',#1280,#1279,#677,.T.);
#1582=EDGE_CURVE('',#1277,#1280,#678,.T.);
#1583=EDGE_CURVE('',#1281,#1281,#1077,.T.);
#1584=EDGE_CURVE('',#1282,#1282,#1078,.T.);
#1585=EDGE_CURVE('',#1283,#1283,#1079,.T.);
#1586=EDGE_CURVE('',#1284,#1284,#1080,.T.);
#1587=EDGE_CURVE('',#1285,#1278,#679,.T.);
#1588=EDGE_CURVE('',#1286,#1280,#680,.T.);
#1589=EDGE_CURVE('',#1285,#1286,#681,.T.);
#1590=EDGE_CURVE('',#1287,#1275,#682,.T.);
#1591=EDGE_CURVE('',#1287,#1285,#683,.T.);
#1592=EDGE_CURVE('',#1288,#1287,#684,.T.);
#1593=EDGE_CURVE('',#1288,#1279,#685,.T.);
#1594=EDGE_CURVE('',#1286,#1288,#686,.T.);
#1595=EDGE_CURVE('',#1289,#1289,#1081,.T.);
#1596=EDGE_CURVE('',#1289,#1281,#687,.T.);
#1597=EDGE_CURVE('',#1290,#1290,#1082,.T.);
#1598=EDGE_CURVE('',#1290,#1282,#688,.T.);
#1599=EDGE_CURVE('',#1164,#1191,#689,.T.);
#1600=EDGE_CURVE('',#1283,#1291,#690,.T.);
#1601=EDGE_CURVE('',#1291,#1291,#1083,.T.);
#1602=EDGE_CURVE('',#1292,#1292,#1084,.T.);
#1603=EDGE_CURVE('',#1292,#1243,#691,.T.);
#1604=EDGE_CURVE('',#1284,#1293,#692,.T.);
#1605=EDGE_CURVE('',#1293,#1293,#1085,.T.);
#1606=EDGE_CURVE('',#1294,#1294,#1086,.T.);
#1607=EDGE_CURVE('',#1294,#1295,#693,.T.);
#1608=EDGE_CURVE('',#1295,#1295,#1087,.T.);
#1609=EDGE_CURVE('',#1296,#1297,#694,.T.);
#1610=EDGE_CURVE('',#1297,#1298,#1088,.T.);
#1611=EDGE_CURVE('',#1299,#1298,#695,.T.);
#1612=EDGE_CURVE('',#1296,#1299,#1089,.T.);
#1613=EDGE_CURVE('',#1297,#1300,#696,.T.);
#1614=EDGE_CURVE('',#1300,#1301,#697,.T.);
#1615=EDGE_CURVE('',#1302,#1301,#698,.T.);
#1616=EDGE_CURVE('',#1302,#1303,#1090,.T.);
#1617=EDGE_CURVE('',#1303,#1191,#699,.T.);
#1618=EDGE_CURVE('',#1164,#1298,#700,.T.);
#1619=EDGE_CURVE('',#1241,#1302,#701,.T.);
#1620=EDGE_CURVE('',#1240,#1303,#702,.T.);
#1621=EDGE_CURVE('',#1190,#1289,#703,.T.);
#1622=EDGE_CURVE('',#1229,#1299,#704,.T.);
#1623=EDGE_CURVE('',#1265,#1304,#705,.T.);
#1624=EDGE_CURVE('',#1304,#1181,#706,.T.);
#1625=EDGE_CURVE('',#1208,#1192,#707,.T.);
#1626=EDGE_CURVE('',#1221,#1290,#708,.T.);
#1627=EDGE_CURVE('',#1204,#1304,#709,.T.);
#1628=EDGE_CURVE('',#1203,#1305,#710,.T.);
#1629=EDGE_CURVE('',#1217,#1305,#711,.T.);
#1630=EDGE_CURVE('',#1182,#1215,#712,.T.);
#1631=EDGE_CURVE('',#1268,#1305,#713,.T.);
#1632=EDGE_CURVE('',#1291,#1247,#714,.T.);
#1633=EDGE_CURVE('',#1306,#1242,#715,.T.);
#1634=EDGE_CURVE('',#1236,#1306,#716,.T.);
#1635=EDGE_CURVE('',#1293,#1232,#717,.T.);
#1636=EDGE_CURVE('',#1227,#1307,#718,.T.);
#1637=EDGE_CURVE('',#1307,#1296,#719,.T.);
#1638=EDGE_CURVE('',#1224,#1308,#720,.T.);
#1639=EDGE_CURVE('',#1308,#1307,#721,.T.);
#1640=EDGE_CURVE('',#1309,#1310,#722,.T.);
#1641=EDGE_CURVE('',#1310,#1311,#723,.T.);
#1642=EDGE_CURVE('',#1301,#1311,#724,.T.);
#1643=EDGE_CURVE('',#1300,#1312,#725,.T.);
#1644=EDGE_CURVE('',#1309,#1312,#726,.T.);
#1645=EDGE_CURVE('',#1313,#1313,#1091,.T.);
#1646=EDGE_CURVE('',#1314,#1314,#1092,.T.);
#1647=EDGE_CURVE('',#1315,#1315,#1093,.T.);
#1648=EDGE_CURVE('',#1316,#1260,#727,.T.);
#1649=EDGE_CURVE('',#1312,#1316,#728,.T.);
#1650=EDGE_CURVE('',#1317,#1308,#729,.T.);
#1651=EDGE_CURVE('',#1317,#1260,#730,.T.);
#1652=EDGE_CURVE('',#1309,#1318,#731,.T.);
#1653=EDGE_CURVE('',#1318,#1316,#732,.T.);
#1654=EDGE_CURVE('',#1318,#1319,#733,.T.);
#1655=EDGE_CURVE('',#1310,#1319,#734,.T.);
#1656=EDGE_CURVE('',#1319,#1320,#735,.T.);
#1657=EDGE_CURVE('',#1311,#1320,#736,.T.);
#1658=EDGE_CURVE('',#1320,#1321,#737,.T.);
#1659=EDGE_CURVE('',#1322,#1321,#738,.T.);
#1660=EDGE_CURVE('',#1322,#1306,#739,.T.);
#1661=EDGE_CURVE('',#1270,#1322,#740,.T.);
#1662=EDGE_CURVE('',#1259,#1321,#741,.T.);
#1663=EDGE_CURVE('',#1269,#1317,#742,.T.);
#1664=EDGE_CURVE('',#1313,#1323,#743,.T.);
#1665=EDGE_CURVE('',#1323,#1323,#1094,.T.);
#1666=EDGE_CURVE('',#1314,#1324,#744,.T.);
#1667=EDGE_CURVE('',#1324,#1324,#1095,.T.);
#1668=EDGE_CURVE('',#1315,#1325,#745,.T.);
#1669=EDGE_CURVE('',#1325,#1325,#1096,.T.);
#1670=EDGE_CURVE('',#1316,#1109,#746,.T.);
#1671=EDGE_CURVE('',#1318,#1108,#747,.T.);
#1672=EDGE_CURVE('',#1107,#1319,#748,.T.);
#1673=EDGE_CURVE('',#1320,#1106,#749,.T.);
#1674=EDGE_CURVE('',#1105,#1321,#750,.T.);
#1675=EDGE_CURVE('',#1323,#1115,#751,.T.);
#1676=EDGE_CURVE('',#1324,#1116,#752,.T.);
#1677=EDGE_CURVE('',#1325,#1117,#753,.T.);
#1678=ORIENTED_EDGE('',*,*,#1326,.T.);
#1679=ORIENTED_EDGE('',*,*,#1327,.T.);
#1680=ORIENTED_EDGE('',*,*,#1328,.T.);
#1681=ORIENTED_EDGE('',*,*,#1329,.T.);
#1682=ORIENTED_EDGE('',*,*,#1327,.F.);
#1683=ORIENTED_EDGE('',*,*,#1330,.F.);
#1684=ORIENTED_EDGE('',*,*,#1331,.T.);
#1685=ORIENTED_EDGE('',*,*,#1332,.T.);
#1686=ORIENTED_EDGE('',*,*,#1333,.F.);
#1687=ORIENTED_EDGE('',*,*,#1334,.T.);
#1688=ORIENTED_EDGE('',*,*,#1335,.F.);
#1689=ORIENTED_EDGE('',*,*,#1336,.F.);
#1690=ORIENTED_EDGE('',*,*,#1337,.F.);
#1691=ORIENTED_EDGE('',*,*,#1338,.T.);
#1692=ORIENTED_EDGE('',*,*,#1339,.T.);
#1693=ORIENTED_EDGE('',*,*,#1340,.F.);
#1694=ORIENTED_EDGE('',*,*,#1341,.F.);
#1695=ORIENTED_EDGE('',*,*,#1342,.F.);
#1696=ORIENTED_EDGE('',*,*,#1343,.F.);
#1697=ORIENTED_EDGE('',*,*,#1344,.F.);
#1698=ORIENTED_EDGE('',*,*,#1345,.F.);
#1699=ORIENTED_EDGE('',*,*,#1346,.F.);
#1700=ORIENTED_EDGE('',*,*,#1347,.F.);
#1701=ORIENTED_EDGE('',*,*,#1348,.F.);
#1702=ORIENTED_EDGE('',*,*,#1349,.F.);
#1703=ORIENTED_EDGE('',*,*,#1350,.F.);
#1704=ORIENTED_EDGE('',*,*,#1326,.F.);
#1705=ORIENTED_EDGE('',*,*,#1328,.F.);
#1706=ORIENTED_EDGE('',*,*,#1329,.F.);
#1707=ORIENTED_EDGE('',*,*,#1351,.T.);
#1708=ORIENTED_EDGE('',*,*,#1352,.T.);
#1709=ORIENTED_EDGE('',*,*,#1351,.F.);
#1710=ORIENTED_EDGE('',*,*,#1342,.T.);
#1711=ORIENTED_EDGE('',*,*,#1353,.T.);
#1712=ORIENTED_EDGE('',*,*,#1354,.T.);
#1713=ORIENTED_EDGE('',*,*,#1355,.T.);
#1714=ORIENTED_EDGE('',*,*,#1353,.F.);
#1715=ORIENTED_EDGE('',*,*,#1354,.F.);
#1716=ORIENTED_EDGE('',*,*,#1355,.F.);
#1717=ORIENTED_EDGE('',*,*,#1356,.T.);
#1718=ORIENTED_EDGE('',*,*,#1357,.T.);
#1719=ORIENTED_EDGE('',*,*,#1356,.F.);
#1720=ORIENTED_EDGE('',*,*,#1350,.T.);
#1721=ORIENTED_EDGE('',*,*,#1358,.T.);
#1722=ORIENTED_EDGE('',*,*,#1359,.T.);
#1723=ORIENTED_EDGE('',*,*,#1360,.T.);
#1724=ORIENTED_EDGE('',*,*,#1358,.F.);
#1725=ORIENTED_EDGE('',*,*,#1359,.F.);
#1726=ORIENTED_EDGE('',*,*,#1360,.F.);
#1727=ORIENTED_EDGE('',*,*,#1361,.T.);
#1728=ORIENTED_EDGE('',*,*,#1362,.T.);
#1729=ORIENTED_EDGE('',*,*,#1361,.F.);
#1730=ORIENTED_EDGE('',*,*,#1343,.T.);
#1731=ORIENTED_EDGE('',*,*,#1363,.T.);
#1732=ORIENTED_EDGE('',*,*,#1364,.T.);
#1733=ORIENTED_EDGE('',*,*,#1365,.T.);
#1734=ORIENTED_EDGE('',*,*,#1363,.F.);
#1735=ORIENTED_EDGE('',*,*,#1364,.F.);
#1736=ORIENTED_EDGE('',*,*,#1365,.F.);
#1737=ORIENTED_EDGE('',*,*,#1366,.T.);
#1738=ORIENTED_EDGE('',*,*,#1367,.T.);
#1739=ORIENTED_EDGE('',*,*,#1366,.F.);
#1740=ORIENTED_EDGE('',*,*,#1349,.T.);
#1741=ORIENTED_EDGE('',*,*,#1368,.T.);
#1742=ORIENTED_EDGE('',*,*,#1369,.T.);
#1743=ORIENTED_EDGE('',*,*,#1370,.T.);
#1744=ORIENTED_EDGE('',*,*,#1368,.F.);
#1745=ORIENTED_EDGE('',*,*,#1369,.F.);
#1746=ORIENTED_EDGE('',*,*,#1370,.F.);
#1747=ORIENTED_EDGE('',*,*,#1371,.T.);
#1748=ORIENTED_EDGE('',*,*,#1372,.T.);
#1749=ORIENTED_EDGE('',*,*,#1371,.F.);
#1750=ORIENTED_EDGE('',*,*,#1344,.T.);
#1751=ORIENTED_EDGE('',*,*,#1373,.T.);
#1752=ORIENTED_EDGE('',*,*,#1374,.T.);
#1753=ORIENTED_EDGE('',*,*,#1375,.T.);
#1754=ORIENTED_EDGE('',*,*,#1373,.F.);
#1755=ORIENTED_EDGE('',*,*,#1374,.F.);
#1756=ORIENTED_EDGE('',*,*,#1375,.F.);
#1757=ORIENTED_EDGE('',*,*,#1376,.T.);
#1758=ORIENTED_EDGE('',*,*,#1377,.T.);
#1759=ORIENTED_EDGE('',*,*,#1376,.F.);
#1760=ORIENTED_EDGE('',*,*,#1348,.T.);
#1761=ORIENTED_EDGE('',*,*,#1378,.T.);
#1762=ORIENTED_EDGE('',*,*,#1379,.T.);
#1763=ORIENTED_EDGE('',*,*,#1380,.T.);
#1764=ORIENTED_EDGE('',*,*,#1378,.F.);
#1765=ORIENTED_EDGE('',*,*,#1379,.F.);
#1766=ORIENTED_EDGE('',*,*,#1380,.F.);
#1767=ORIENTED_EDGE('',*,*,#1381,.T.);
#1768=ORIENTED_EDGE('',*,*,#1382,.T.);
#1769=ORIENTED_EDGE('',*,*,#1381,.F.);
#1770=ORIENTED_EDGE('',*,*,#1383,.T.);
#1771=ORIENTED_EDGE('',*,*,#1384,.T.);
#1772=ORIENTED_EDGE('',*,*,#1384,.F.);
#1773=ORIENTED_EDGE('',*,*,#1367,.F.);
#1774=ORIENTED_EDGE('',*,*,#1383,.F.);
#1775=ORIENTED_EDGE('',*,*,#1385,.F.);
#1776=ORIENTED_EDGE('',*,*,#1386,.T.);
#1777=ORIENTED_EDGE('',*,*,#1386,.F.);
#1778=ORIENTED_EDGE('',*,*,#1352,.F.);
#1779=ORIENTED_EDGE('',*,*,#1387,.T.);
#1780=ORIENTED_EDGE('',*,*,#1387,.F.);
#1781=ORIENTED_EDGE('',*,*,#1388,.T.);
#1782=ORIENTED_EDGE('',*,*,#1385,.T.);
#1783=ORIENTED_EDGE('',*,*,#1388,.F.);
#1784=ORIENTED_EDGE('',*,*,#1389,.F.);
#1785=ORIENTED_EDGE('',*,*,#1390,.T.);
#1786=ORIENTED_EDGE('',*,*,#1390,.F.);
#1787=ORIENTED_EDGE('',*,*,#1377,.F.);
#1788=ORIENTED_EDGE('',*,*,#1391,.T.);
#1789=ORIENTED_EDGE('',*,*,#1391,.F.);
#1790=ORIENTED_EDGE('',*,*,#1392,.T.);
#1791=ORIENTED_EDGE('',*,*,#1389,.T.);
#1792=ORIENTED_EDGE('',*,*,#1392,.F.);
#1793=ORIENTED_EDGE('',*,*,#1393,.F.);
#1794=ORIENTED_EDGE('',*,*,#1394,.T.);
#1795=ORIENTED_EDGE('',*,*,#1394,.F.);
#1796=ORIENTED_EDGE('',*,*,#1362,.F.);
#1797=ORIENTED_EDGE('',*,*,#1395,.T.);
#1798=ORIENTED_EDGE('',*,*,#1395,.F.);
#1799=ORIENTED_EDGE('',*,*,#1396,.T.);
#1800=ORIENTED_EDGE('',*,*,#1393,.T.);
#1801=ORIENTED_EDGE('',*,*,#1396,.F.);
#1802=ORIENTED_EDGE('',*,*,#1397,.F.);
#1803=ORIENTED_EDGE('',*,*,#1398,.T.);
#1804=ORIENTED_EDGE('',*,*,#1398,.F.);
#1805=ORIENTED_EDGE('',*,*,#1372,.F.);
#1806=ORIENTED_EDGE('',*,*,#1399,.T.);
#1807=ORIENTED_EDGE('',*,*,#1399,.F.);
#1808=ORIENTED_EDGE('',*,*,#1400,.T.);
#1809=ORIENTED_EDGE('',*,*,#1397,.T.);
#1810=ORIENTED_EDGE('',*,*,#1400,.F.);
#1811=ORIENTED_EDGE('',*,*,#1401,.F.);
#1812=ORIENTED_EDGE('',*,*,#1402,.T.);
#1813=ORIENTED_EDGE('',*,*,#1402,.F.);
#1814=ORIENTED_EDGE('',*,*,#1382,.F.);
#1815=ORIENTED_EDGE('',*,*,#1403,.T.);
#1816=ORIENTED_EDGE('',*,*,#1403,.F.);
#1817=ORIENTED_EDGE('',*,*,#1404,.T.);
#1818=ORIENTED_EDGE('',*,*,#1401,.T.);
#1819=ORIENTED_EDGE('',*,*,#1404,.F.);
#1820=ORIENTED_EDGE('',*,*,#1405,.F.);
#1821=ORIENTED_EDGE('',*,*,#1406,.T.);
#1822=ORIENTED_EDGE('',*,*,#1406,.F.);
#1823=ORIENTED_EDGE('',*,*,#1357,.F.);
#1824=ORIENTED_EDGE('',*,*,#1407,.T.);
#1825=ORIENTED_EDGE('',*,*,#1407,.F.);
#1826=ORIENTED_EDGE('',*,*,#1408,.T.);
#1827=ORIENTED_EDGE('',*,*,#1405,.T.);
#1828=ORIENTED_EDGE('',*,*,#1408,.F.);
#1829=ORIENTED_EDGE('',*,*,#1331,.F.);
#1830=ORIENTED_EDGE('',*,*,#1409,.F.);
#1831=ORIENTED_EDGE('',*,*,#1410,.F.);
#1832=ORIENTED_EDGE('',*,*,#1411,.F.);
#1833=ORIENTED_EDGE('',*,*,#1412,.F.);
#1834=ORIENTED_EDGE('',*,*,#1413,.F.);
#1835=ORIENTED_EDGE('',*,*,#1414,.F.);
#1836=ORIENTED_EDGE('',*,*,#1415,.T.);
#1837=ORIENTED_EDGE('',*,*,#1416,.T.);
#1838=ORIENTED_EDGE('',*,*,#1417,.T.);
#1839=ORIENTED_EDGE('',*,*,#1418,.T.);
#1840=ORIENTED_EDGE('',*,*,#1419,.T.);
#1841=ORIENTED_EDGE('',*,*,#1420,.T.);
#1842=ORIENTED_EDGE('',*,*,#1421,.T.);
#1843=ORIENTED_EDGE('',*,*,#1422,.T.);
#1844=ORIENTED_EDGE('',*,*,#1423,.T.);
#1845=ORIENTED_EDGE('',*,*,#1418,.F.);
#1846=ORIENTED_EDGE('',*,*,#1424,.T.);
#1847=ORIENTED_EDGE('',*,*,#1420,.F.);
#1848=ORIENTED_EDGE('',*,*,#1425,.T.);
#1849=ORIENTED_EDGE('',*,*,#1426,.T.);
#1850=ORIENTED_EDGE('',*,*,#1416,.F.);
#1851=ORIENTED_EDGE('',*,*,#1427,.T.);
#1852=ORIENTED_EDGE('',*,*,#1417,.F.);
#1853=ORIENTED_EDGE('',*,*,#1428,.T.);
#1854=ORIENTED_EDGE('',*,*,#1429,.T.);
#1855=ORIENTED_EDGE('',*,*,#1426,.F.);
#1856=ORIENTED_EDGE('',*,*,#1430,.T.);
#1857=ORIENTED_EDGE('',*,*,#1430,.F.);
#1858=ORIENTED_EDGE('',*,*,#1425,.F.);
#1859=ORIENTED_EDGE('',*,*,#1419,.F.);
#1860=ORIENTED_EDGE('',*,*,#1423,.F.);
#1861=ORIENTED_EDGE('',*,*,#1431,.F.);
#1862=ORIENTED_EDGE('',*,*,#1432,.T.);
#1863=ORIENTED_EDGE('',*,*,#1433,.F.);
#1864=ORIENTED_EDGE('',*,*,#1434,.T.);
#1865=ORIENTED_EDGE('',*,*,#1435,.T.);
#1866=ORIENTED_EDGE('',*,*,#1436,.T.);
#1867=ORIENTED_EDGE('',*,*,#1437,.T.);
#1868=ORIENTED_EDGE('',*,*,#1437,.F.);
#1869=ORIENTED_EDGE('',*,*,#1438,.F.);
#1870=ORIENTED_EDGE('',*,*,#1439,.F.);
#1871=ORIENTED_EDGE('',*,*,#1440,.F.);
#1872=ORIENTED_EDGE('',*,*,#1441,.F.);
#1873=ORIENTED_EDGE('',*,*,#1442,.F.);
#1874=ORIENTED_EDGE('',*,*,#1443,.F.);
#1875=ORIENTED_EDGE('',*,*,#1444,.T.);
#1876=ORIENTED_EDGE('',*,*,#1428,.F.);
#1877=ORIENTED_EDGE('',*,*,#1445,.F.);
#1878=ORIENTED_EDGE('',*,*,#1446,.T.);
#1879=ORIENTED_EDGE('',*,*,#1447,.T.);
#1880=ORIENTED_EDGE('',*,*,#1448,.T.);
#1881=ORIENTED_EDGE('',*,*,#1449,.T.);
#1882=ORIENTED_EDGE('',*,*,#1450,.T.);
#1883=ORIENTED_EDGE('',*,*,#1451,.T.);
#1884=ORIENTED_EDGE('',*,*,#1452,.T.);
#1885=ORIENTED_EDGE('',*,*,#1453,.T.);
#1886=ORIENTED_EDGE('',*,*,#1454,.T.);
#1887=ORIENTED_EDGE('',*,*,#1455,.T.);
#1888=ORIENTED_EDGE('',*,*,#1450,.F.);
#1889=ORIENTED_EDGE('',*,*,#1456,.T.);
#1890=ORIENTED_EDGE('',*,*,#1452,.F.);
#1891=ORIENTED_EDGE('',*,*,#1457,.T.);
#1892=ORIENTED_EDGE('',*,*,#1448,.F.);
#1893=ORIENTED_EDGE('',*,*,#1458,.T.);
#1894=ORIENTED_EDGE('',*,*,#1459,.T.);
#1895=ORIENTED_EDGE('',*,*,#1421,.F.);
#1896=ORIENTED_EDGE('',*,*,#1460,.T.);
#1897=ORIENTED_EDGE('',*,*,#1451,.F.);
#1898=ORIENTED_EDGE('',*,*,#1461,.T.);
#1899=ORIENTED_EDGE('',*,*,#1424,.F.);
#1900=ORIENTED_EDGE('',*,*,#1461,.F.);
#1901=ORIENTED_EDGE('',*,*,#1455,.F.);
#1902=ORIENTED_EDGE('',*,*,#1462,.F.);
#1903=ORIENTED_EDGE('',*,*,#1463,.T.);
#1904=ORIENTED_EDGE('',*,*,#1464,.T.);
#1905=ORIENTED_EDGE('',*,*,#1465,.F.);
#1906=ORIENTED_EDGE('',*,*,#1466,.F.);
#1907=ORIENTED_EDGE('',*,*,#1467,.F.);
#1908=ORIENTED_EDGE('',*,*,#1456,.F.);
#1909=ORIENTED_EDGE('',*,*,#1453,.F.);
#1910=ORIENTED_EDGE('',*,*,#1459,.F.);
#1911=ORIENTED_EDGE('',*,*,#1468,.T.);
#1912=ORIENTED_EDGE('',*,*,#1468,.F.);
#1913=ORIENTED_EDGE('',*,*,#1458,.F.);
#1914=ORIENTED_EDGE('',*,*,#1469,.F.);
#1915=ORIENTED_EDGE('',*,*,#1470,.F.);
#1916=ORIENTED_EDGE('',*,*,#1471,.F.);
#1917=ORIENTED_EDGE('',*,*,#1472,.F.);
#1918=ORIENTED_EDGE('',*,*,#1473,.F.);
#1919=ORIENTED_EDGE('',*,*,#1474,.F.);
#1920=ORIENTED_EDGE('',*,*,#1475,.T.);
#1921=ORIENTED_EDGE('',*,*,#1476,.T.);
#1922=ORIENTED_EDGE('',*,*,#1477,.T.);
#1923=ORIENTED_EDGE('',*,*,#1477,.F.);
#1924=ORIENTED_EDGE('',*,*,#1478,.F.);
#1925=ORIENTED_EDGE('',*,*,#1479,.F.);
#1926=ORIENTED_EDGE('',*,*,#1480,.F.);
#1927=ORIENTED_EDGE('',*,*,#1481,.F.);
#1928=ORIENTED_EDGE('',*,*,#1482,.T.);
#1929=ORIENTED_EDGE('',*,*,#1483,.T.);
#1930=ORIENTED_EDGE('',*,*,#1484,.T.);
#1931=ORIENTED_EDGE('',*,*,#1485,.T.);
#1932=ORIENTED_EDGE('',*,*,#1486,.T.);
#1933=ORIENTED_EDGE('',*,*,#1487,.T.);
#1934=ORIENTED_EDGE('',*,*,#1488,.F.);
#1935=ORIENTED_EDGE('',*,*,#1489,.T.);
#1936=ORIENTED_EDGE('',*,*,#1486,.F.);
#1937=ORIENTED_EDGE('',*,*,#1490,.T.);
#1938=ORIENTED_EDGE('',*,*,#1487,.F.);
#1939=ORIENTED_EDGE('',*,*,#1491,.T.);
#1940=ORIENTED_EDGE('',*,*,#1491,.F.);
#1941=ORIENTED_EDGE('',*,*,#1489,.F.);
#1942=ORIENTED_EDGE('',*,*,#1492,.T.);
#1943=ORIENTED_EDGE('',*,*,#1493,.F.);
#1944=ORIENTED_EDGE('',*,*,#1494,.F.);
#1945=ORIENTED_EDGE('',*,*,#1495,.T.);
#1946=ORIENTED_EDGE('',*,*,#1496,.T.);
#1947=ORIENTED_EDGE('',*,*,#1497,.T.);
#1948=ORIENTED_EDGE('',*,*,#1498,.T.);
#1949=ORIENTED_EDGE('',*,*,#1499,.T.);
#1950=ORIENTED_EDGE('',*,*,#1500,.T.);
#1951=ORIENTED_EDGE('',*,*,#1501,.F.);
#1952=ORIENTED_EDGE('',*,*,#1502,.T.);
#1953=ORIENTED_EDGE('',*,*,#1499,.F.);
#1954=ORIENTED_EDGE('',*,*,#1503,.T.);
#1955=ORIENTED_EDGE('',*,*,#1501,.T.);
#1956=ORIENTED_EDGE('',*,*,#1504,.T.);
#1957=ORIENTED_EDGE('',*,*,#1505,.T.);
#1958=ORIENTED_EDGE('',*,*,#1506,.F.);
#1959=ORIENTED_EDGE('',*,*,#1507,.F.);
#1960=ORIENTED_EDGE('',*,*,#1508,.F.);
#1961=ORIENTED_EDGE('',*,*,#1509,.F.);
#1962=ORIENTED_EDGE('',*,*,#1503,.F.);
#1963=ORIENTED_EDGE('',*,*,#1510,.T.);
#1964=ORIENTED_EDGE('',*,*,#1510,.F.);
#1965=ORIENTED_EDGE('',*,*,#1498,.F.);
#1966=ORIENTED_EDGE('',*,*,#1511,.F.);
#1967=ORIENTED_EDGE('',*,*,#1512,.F.);
#1968=ORIENTED_EDGE('',*,*,#1513,.F.);
#1969=ORIENTED_EDGE('',*,*,#1504,.F.);
#1970=ORIENTED_EDGE('',*,*,#1514,.F.);
#1971=ORIENTED_EDGE('',*,*,#1341,.T.);
#1972=ORIENTED_EDGE('',*,*,#1515,.T.);
#1973=ORIENTED_EDGE('',*,*,#1516,.T.);
#1974=ORIENTED_EDGE('',*,*,#1517,.T.);
#1975=ORIENTED_EDGE('',*,*,#1518,.T.);
#1976=ORIENTED_EDGE('',*,*,#1519,.T.);
#1977=ORIENTED_EDGE('',*,*,#1520,.T.);
#1978=ORIENTED_EDGE('',*,*,#1521,.T.);
#1979=ORIENTED_EDGE('',*,*,#1522,.T.);
#1980=ORIENTED_EDGE('',*,*,#1523,.T.);
#1981=ORIENTED_EDGE('',*,*,#1524,.T.);
#1982=ORIENTED_EDGE('',*,*,#1521,.F.);
#1983=ORIENTED_EDGE('',*,*,#1525,.T.);
#1984=ORIENTED_EDGE('',*,*,#1526,.T.);
#1985=ORIENTED_EDGE('',*,*,#1527,.T.);
#1986=ORIENTED_EDGE('',*,*,#1528,.T.);
#1987=ORIENTED_EDGE('',*,*,#1529,.T.);
#1988=ORIENTED_EDGE('',*,*,#1530,.T.);
#1989=ORIENTED_EDGE('',*,*,#1333,.T.);
#1990=ORIENTED_EDGE('',*,*,#1528,.F.);
#1991=ORIENTED_EDGE('',*,*,#1531,.T.);
#1992=ORIENTED_EDGE('',*,*,#1526,.F.);
#1993=ORIENTED_EDGE('',*,*,#1532,.T.);
#1994=ORIENTED_EDGE('',*,*,#1523,.F.);
#1995=ORIENTED_EDGE('',*,*,#1533,.T.);
#1996=ORIENTED_EDGE('',*,*,#1519,.F.);
#1997=ORIENTED_EDGE('',*,*,#1534,.T.);
#1998=ORIENTED_EDGE('',*,*,#1517,.F.);
#1999=ORIENTED_EDGE('',*,*,#1515,.F.);
#2000=ORIENTED_EDGE('',*,*,#1340,.T.);
#2001=ORIENTED_EDGE('',*,*,#1535,.F.);
#2002=ORIENTED_EDGE('',*,*,#1536,.F.);
#2003=ORIENTED_EDGE('',*,*,#1534,.F.);
#2004=ORIENTED_EDGE('',*,*,#1537,.T.);
#2005=ORIENTED_EDGE('',*,*,#1409,.T.);
#2006=ORIENTED_EDGE('',*,*,#1330,.T.);
#2007=ORIENTED_EDGE('',*,*,#1518,.F.);
#2008=ORIENTED_EDGE('',*,*,#1538,.T.);
#2009=ORIENTED_EDGE('',*,*,#1410,.T.);
#2010=ORIENTED_EDGE('',*,*,#1537,.F.);
#2011=ORIENTED_EDGE('',*,*,#1524,.F.);
#2012=ORIENTED_EDGE('',*,*,#1539,.T.);
#2013=ORIENTED_EDGE('',*,*,#1411,.T.);
#2014=ORIENTED_EDGE('',*,*,#1538,.F.);
#2015=ORIENTED_EDGE('',*,*,#1532,.F.);
#2016=ORIENTED_EDGE('',*,*,#1540,.T.);
#2017=ORIENTED_EDGE('',*,*,#1412,.T.);
#2018=ORIENTED_EDGE('',*,*,#1539,.F.);
#2019=ORIENTED_EDGE('',*,*,#1525,.F.);
#2020=ORIENTED_EDGE('',*,*,#1332,.F.);
#2021=ORIENTED_EDGE('',*,*,#1413,.T.);
#2022=ORIENTED_EDGE('',*,*,#1540,.F.);
#2023=ORIENTED_EDGE('',*,*,#1541,.T.);
#2024=ORIENTED_EDGE('',*,*,#1462,.T.);
#2025=ORIENTED_EDGE('',*,*,#1454,.F.);
#2026=ORIENTED_EDGE('',*,*,#1467,.T.);
#2027=ORIENTED_EDGE('',*,*,#1542,.T.);
#2028=ORIENTED_EDGE('',*,*,#1431,.T.);
#2029=ORIENTED_EDGE('',*,*,#1422,.F.);
#2030=ORIENTED_EDGE('',*,*,#1466,.T.);
#2031=ORIENTED_EDGE('',*,*,#1543,.T.);
#2032=ORIENTED_EDGE('',*,*,#1544,.T.);
#2033=ORIENTED_EDGE('',*,*,#1545,.T.);
#2034=ORIENTED_EDGE('',*,*,#1546,.T.);
#2035=ORIENTED_EDGE('',*,*,#1433,.T.);
#2036=ORIENTED_EDGE('',*,*,#1547,.T.);
#2037=ORIENTED_EDGE('',*,*,#1546,.F.);
#2038=ORIENTED_EDGE('',*,*,#1548,.T.);
#2039=ORIENTED_EDGE('',*,*,#1549,.T.);
#2040=ORIENTED_EDGE('',*,*,#1434,.F.);
#2041=ORIENTED_EDGE('',*,*,#1481,.T.);
#2042=ORIENTED_EDGE('',*,*,#1550,.T.);
#2043=ORIENTED_EDGE('',*,*,#1551,.T.);
#2044=ORIENTED_EDGE('',*,*,#1552,.T.);
#2045=ORIENTED_EDGE('',*,*,#1550,.F.);
#2046=ORIENTED_EDGE('',*,*,#1480,.T.);
#2047=ORIENTED_EDGE('',*,*,#1553,.T.);
#2048=ORIENTED_EDGE('',*,*,#1554,.F.);
#2049=ORIENTED_EDGE('',*,*,#1440,.T.);
#2050=ORIENTED_EDGE('',*,*,#1555,.T.);
#2051=ORIENTED_EDGE('',*,*,#1474,.T.);
#2052=ORIENTED_EDGE('',*,*,#1556,.T.);
#2053=ORIENTED_EDGE('',*,*,#1555,.F.);
#2054=ORIENTED_EDGE('',*,*,#1439,.T.);
#2055=ORIENTED_EDGE('',*,*,#1557,.T.);
#2056=ORIENTED_EDGE('',*,*,#1475,.F.);
#2057=ORIENTED_EDGE('',*,*,#1494,.T.);
#2058=ORIENTED_EDGE('',*,*,#1558,.T.);
#2059=ORIENTED_EDGE('',*,*,#1442,.T.);
#2060=ORIENTED_EDGE('',*,*,#1559,.T.);
#2061=ORIENTED_EDGE('',*,*,#1558,.F.);
#2062=ORIENTED_EDGE('',*,*,#1493,.T.);
#2063=ORIENTED_EDGE('',*,*,#1560,.F.);
#2064=ORIENTED_EDGE('',*,*,#1443,.T.);
#2065=ORIENTED_EDGE('',*,*,#1512,.T.);
#2066=ORIENTED_EDGE('',*,*,#1561,.T.);
#2067=ORIENTED_EDGE('',*,*,#1472,.T.);
#2068=ORIENTED_EDGE('',*,*,#1562,.T.);
#2069=ORIENTED_EDGE('',*,*,#1562,.F.);
#2070=ORIENTED_EDGE('',*,*,#1471,.T.);
#2071=ORIENTED_EDGE('',*,*,#1563,.F.);
#2072=ORIENTED_EDGE('',*,*,#1513,.T.);
#2073=ORIENTED_EDGE('',*,*,#1516,.F.);
#2074=ORIENTED_EDGE('',*,*,#1564,.F.);
#2075=ORIENTED_EDGE('',*,*,#1565,.F.);
#2076=ORIENTED_EDGE('',*,*,#1484,.F.);
#2077=ORIENTED_EDGE('',*,*,#1495,.F.);
#2078=ORIENTED_EDGE('',*,*,#1559,.F.);
#2079=ORIENTED_EDGE('',*,*,#1441,.T.);
#2080=ORIENTED_EDGE('',*,*,#1556,.F.);
#2081=ORIENTED_EDGE('',*,*,#1473,.T.);
#2082=ORIENTED_EDGE('',*,*,#1561,.F.);
#2083=ORIENTED_EDGE('',*,*,#1511,.T.);
#2084=ORIENTED_EDGE('',*,*,#1497,.F.);
#2085=ORIENTED_EDGE('',*,*,#1566,.F.);
#2086=ORIENTED_EDGE('',*,*,#1567,.T.);
#2087=ORIENTED_EDGE('',*,*,#1529,.F.);
#2088=ORIENTED_EDGE('',*,*,#1527,.F.);
#2089=ORIENTED_EDGE('',*,*,#1531,.F.);
#2090=ORIENTED_EDGE('',*,*,#1522,.F.);
#2091=ORIENTED_EDGE('',*,*,#1520,.F.);
#2092=ORIENTED_EDGE('',*,*,#1533,.F.);
#2093=ORIENTED_EDGE('',*,*,#1482,.F.);
#2094=ORIENTED_EDGE('',*,*,#1552,.F.);
#2095=ORIENTED_EDGE('',*,*,#1568,.F.);
#2096=ORIENTED_EDGE('',*,*,#1542,.F.);
#2097=ORIENTED_EDGE('',*,*,#1569,.F.);
#2098=ORIENTED_EDGE('',*,*,#1547,.F.);
#2099=ORIENTED_EDGE('',*,*,#1432,.F.);
#2100=ORIENTED_EDGE('',*,*,#1544,.F.);
#2101=ORIENTED_EDGE('',*,*,#1570,.F.);
#2102=ORIENTED_EDGE('',*,*,#1571,.T.);
#2103=ORIENTED_EDGE('',*,*,#1572,.T.);
#2104=ORIENTED_EDGE('',*,*,#1571,.F.);
#2105=ORIENTED_EDGE('',*,*,#1573,.F.);
#2106=ORIENTED_EDGE('',*,*,#1574,.T.);
#2107=ORIENTED_EDGE('',*,*,#1575,.T.);
#2108=ORIENTED_EDGE('',*,*,#1574,.F.);
#2109=ORIENTED_EDGE('',*,*,#1576,.T.);
#2110=ORIENTED_EDGE('',*,*,#1577,.T.);
#2111=ORIENTED_EDGE('',*,*,#1578,.F.);
#2112=ORIENTED_EDGE('',*,*,#1579,.F.);
#2113=ORIENTED_EDGE('',*,*,#1580,.F.);
#2114=ORIENTED_EDGE('',*,*,#1581,.F.);
#2115=ORIENTED_EDGE('',*,*,#1582,.F.);
#2116=ORIENTED_EDGE('',*,*,#1577,.F.);
#2117=ORIENTED_EDGE('',*,*,#1583,.T.);
#2118=ORIENTED_EDGE('',*,*,#1575,.F.);
#2119=ORIENTED_EDGE('',*,*,#1584,.F.);
#2120=ORIENTED_EDGE('',*,*,#1570,.T.);
#2121=ORIENTED_EDGE('',*,*,#1585,.T.);
#2122=ORIENTED_EDGE('',*,*,#1572,.F.);
#2123=ORIENTED_EDGE('',*,*,#1586,.F.);
#2124=ORIENTED_EDGE('',*,*,#1573,.T.);
#2125=ORIENTED_EDGE('',*,*,#1587,.T.);
#2126=ORIENTED_EDGE('',*,*,#1578,.T.);
#2127=ORIENTED_EDGE('',*,*,#1582,.T.);
#2128=ORIENTED_EDGE('',*,*,#1588,.F.);
#2129=ORIENTED_EDGE('',*,*,#1589,.F.);
#2130=ORIENTED_EDGE('',*,*,#1590,.T.);
#2131=ORIENTED_EDGE('',*,*,#1579,.T.);
#2132=ORIENTED_EDGE('',*,*,#1587,.F.);
#2133=ORIENTED_EDGE('',*,*,#1591,.F.);
#2134=ORIENTED_EDGE('',*,*,#1590,.F.);
#2135=ORIENTED_EDGE('',*,*,#1592,.F.);
#2136=ORIENTED_EDGE('',*,*,#1593,.T.);
#2137=ORIENTED_EDGE('',*,*,#1580,.T.);
#2138=ORIENTED_EDGE('',*,*,#1576,.F.);
#2139=ORIENTED_EDGE('',*,*,#1588,.T.);
#2140=ORIENTED_EDGE('',*,*,#1581,.T.);
#2141=ORIENTED_EDGE('',*,*,#1593,.F.);
#2142=ORIENTED_EDGE('',*,*,#1594,.F.);
#2143=ORIENTED_EDGE('',*,*,#1595,.T.);
#2144=ORIENTED_EDGE('',*,*,#1596,.T.);
#2145=ORIENTED_EDGE('',*,*,#1583,.F.);
#2146=ORIENTED_EDGE('',*,*,#1596,.F.);
#2147=ORIENTED_EDGE('',*,*,#1597,.F.);
#2148=ORIENTED_EDGE('',*,*,#1598,.T.);
#2149=ORIENTED_EDGE('',*,*,#1584,.T.);
#2150=ORIENTED_EDGE('',*,*,#1598,.F.);
#2151=ORIENTED_EDGE('',*,*,#1415,.F.);
#2152=ORIENTED_EDGE('',*,*,#1599,.T.);
#2153=ORIENTED_EDGE('',*,*,#1449,.F.);
#2154=ORIENTED_EDGE('',*,*,#1457,.F.);
#2155=ORIENTED_EDGE('',*,*,#1460,.F.);
#2156=ORIENTED_EDGE('',*,*,#1427,.F.);
#2157=ORIENTED_EDGE('',*,*,#1585,.F.);
#2158=ORIENTED_EDGE('',*,*,#1600,.T.);
#2159=ORIENTED_EDGE('',*,*,#1601,.T.);
#2160=ORIENTED_EDGE('',*,*,#1600,.F.);
#2161=ORIENTED_EDGE('',*,*,#1602,.F.);
#2162=ORIENTED_EDGE('',*,*,#1603,.T.);
#2163=ORIENTED_EDGE('',*,*,#1509,.T.);
#2164=ORIENTED_EDGE('',*,*,#1603,.F.);
#2165=ORIENTED_EDGE('',*,*,#1586,.T.);
#2166=ORIENTED_EDGE('',*,*,#1604,.T.);
#2167=ORIENTED_EDGE('',*,*,#1605,.F.);
#2168=ORIENTED_EDGE('',*,*,#1604,.F.);
#2169=ORIENTED_EDGE('',*,*,#1606,.F.);
#2170=ORIENTED_EDGE('',*,*,#1607,.T.);
#2171=ORIENTED_EDGE('',*,*,#1608,.T.);
#2172=ORIENTED_EDGE('',*,*,#1607,.F.);
#2173=ORIENTED_EDGE('',*,*,#1609,.T.);
#2174=ORIENTED_EDGE('',*,*,#1610,.T.);
#2175=ORIENTED_EDGE('',*,*,#1611,.F.);
#2176=ORIENTED_EDGE('',*,*,#1612,.F.);
#2177=ORIENTED_EDGE('',*,*,#1613,.T.);
#2178=ORIENTED_EDGE('',*,*,#1614,.T.);
#2179=ORIENTED_EDGE('',*,*,#1615,.F.);
#2180=ORIENTED_EDGE('',*,*,#1616,.T.);
#2181=ORIENTED_EDGE('',*,*,#1617,.T.);
#2182=ORIENTED_EDGE('',*,*,#1599,.F.);
#2183=ORIENTED_EDGE('',*,*,#1618,.T.);
#2184=ORIENTED_EDGE('',*,*,#1610,.F.);
#2185=ORIENTED_EDGE('',*,*,#1606,.T.);
#2186=ORIENTED_EDGE('',*,*,#1594,.T.);
#2187=ORIENTED_EDGE('',*,*,#1592,.T.);
#2188=ORIENTED_EDGE('',*,*,#1591,.T.);
#2189=ORIENTED_EDGE('',*,*,#1589,.T.);
#2190=ORIENTED_EDGE('',*,*,#1602,.T.);
#2191=ORIENTED_EDGE('',*,*,#1619,.F.);
#2192=ORIENTED_EDGE('',*,*,#1506,.T.);
#2193=ORIENTED_EDGE('',*,*,#1620,.T.);
#2194=ORIENTED_EDGE('',*,*,#1616,.F.);
#2195=ORIENTED_EDGE('',*,*,#1445,.T.);
#2196=ORIENTED_EDGE('',*,*,#1621,.T.);
#2197=ORIENTED_EDGE('',*,*,#1595,.F.);
#2198=ORIENTED_EDGE('',*,*,#1621,.F.);
#2199=ORIENTED_EDGE('',*,*,#1560,.T.);
#2200=ORIENTED_EDGE('',*,*,#1622,.T.);
#2201=ORIENTED_EDGE('',*,*,#1611,.T.);
#2202=ORIENTED_EDGE('',*,*,#1618,.F.);
#2203=ORIENTED_EDGE('',*,*,#1414,.T.);
#2204=ORIENTED_EDGE('',*,*,#1429,.F.);
#2205=ORIENTED_EDGE('',*,*,#1444,.F.);
#2206=ORIENTED_EDGE('',*,*,#1623,.T.);
#2207=ORIENTED_EDGE('',*,*,#1624,.T.);
#2208=ORIENTED_EDGE('',*,*,#1435,.F.);
#2209=ORIENTED_EDGE('',*,*,#1549,.F.);
#2210=ORIENTED_EDGE('',*,*,#1563,.T.);
#2211=ORIENTED_EDGE('',*,*,#1470,.T.);
#2212=ORIENTED_EDGE('',*,*,#1625,.T.);
#2213=ORIENTED_EDGE('',*,*,#1446,.F.);
#2214=ORIENTED_EDGE('',*,*,#1617,.F.);
#2215=ORIENTED_EDGE('',*,*,#1620,.F.);
#2216=ORIENTED_EDGE('',*,*,#1505,.F.);
#2217=ORIENTED_EDGE('',*,*,#1447,.F.);
#2218=ORIENTED_EDGE('',*,*,#1625,.F.);
#2219=ORIENTED_EDGE('',*,*,#1469,.T.);
#2220=ORIENTED_EDGE('',*,*,#1483,.F.);
#2221=ORIENTED_EDGE('',*,*,#1626,.T.);
#2222=ORIENTED_EDGE('',*,*,#1597,.T.);
#2223=ORIENTED_EDGE('',*,*,#1626,.F.);
#2224=ORIENTED_EDGE('',*,*,#1436,.F.);
#2225=ORIENTED_EDGE('',*,*,#1624,.F.);
#2226=ORIENTED_EDGE('',*,*,#1627,.F.);
#2227=ORIENTED_EDGE('',*,*,#1464,.F.);
#2228=ORIENTED_EDGE('',*,*,#1628,.T.);
#2229=ORIENTED_EDGE('',*,*,#1629,.F.);
#2230=ORIENTED_EDGE('',*,*,#1478,.T.);
#2231=ORIENTED_EDGE('',*,*,#1630,.F.);
#2232=ORIENTED_EDGE('',*,*,#1479,.T.);
#2233=ORIENTED_EDGE('',*,*,#1629,.T.);
#2234=ORIENTED_EDGE('',*,*,#1631,.F.);
#2235=ORIENTED_EDGE('',*,*,#1553,.F.);
#2236=ORIENTED_EDGE('',*,*,#1438,.T.);
#2237=ORIENTED_EDGE('',*,*,#1630,.T.);
#2238=ORIENTED_EDGE('',*,*,#1476,.F.);
#2239=ORIENTED_EDGE('',*,*,#1557,.F.);
#2240=ORIENTED_EDGE('',*,*,#1601,.F.);
#2241=ORIENTED_EDGE('',*,*,#1632,.T.);
#2242=ORIENTED_EDGE('',*,*,#1514,.T.);
#2243=ORIENTED_EDGE('',*,*,#1632,.F.);
#2244=ORIENTED_EDGE('',*,*,#1502,.F.);
#2245=ORIENTED_EDGE('',*,*,#1508,.T.);
#2246=ORIENTED_EDGE('',*,*,#1633,.F.);
#2247=ORIENTED_EDGE('',*,*,#1634,.F.);
#2248=ORIENTED_EDGE('',*,*,#1605,.T.);
#2249=ORIENTED_EDGE('',*,*,#1635,.T.);
#2250=ORIENTED_EDGE('',*,*,#1496,.F.);
#2251=ORIENTED_EDGE('',*,*,#1635,.F.);
#2252=ORIENTED_EDGE('',*,*,#1488,.T.);
#2253=ORIENTED_EDGE('',*,*,#1636,.T.);
#2254=ORIENTED_EDGE('',*,*,#1637,.T.);
#2255=ORIENTED_EDGE('',*,*,#1612,.T.);
#2256=ORIENTED_EDGE('',*,*,#1622,.F.);
#2257=ORIENTED_EDGE('',*,*,#1492,.F.);
#2258=ORIENTED_EDGE('',*,*,#1608,.F.);
#2259=ORIENTED_EDGE('',*,*,#1490,.F.);
#2260=ORIENTED_EDGE('',*,*,#1638,.T.);
#2261=ORIENTED_EDGE('',*,*,#1639,.T.);
#2262=ORIENTED_EDGE('',*,*,#1636,.F.);
#2263=ORIENTED_EDGE('',*,*,#1640,.T.);
#2264=ORIENTED_EDGE('',*,*,#1641,.T.);
#2265=ORIENTED_EDGE('',*,*,#1642,.F.);
#2266=ORIENTED_EDGE('',*,*,#1614,.F.);
#2267=ORIENTED_EDGE('',*,*,#1643,.T.);
#2268=ORIENTED_EDGE('',*,*,#1644,.F.);
#2269=ORIENTED_EDGE('',*,*,#1645,.T.);
#2270=ORIENTED_EDGE('',*,*,#1646,.T.);
#2271=ORIENTED_EDGE('',*,*,#1647,.T.);
#2272=ORIENTED_EDGE('',*,*,#1648,.F.);
#2273=ORIENTED_EDGE('',*,*,#1649,.F.);
#2274=ORIENTED_EDGE('',*,*,#1643,.F.);
#2275=ORIENTED_EDGE('',*,*,#1613,.F.);
#2276=ORIENTED_EDGE('',*,*,#1609,.F.);
#2277=ORIENTED_EDGE('',*,*,#1637,.F.);
#2278=ORIENTED_EDGE('',*,*,#1639,.F.);
#2279=ORIENTED_EDGE('',*,*,#1650,.F.);
#2280=ORIENTED_EDGE('',*,*,#1651,.T.);
#2281=ORIENTED_EDGE('',*,*,#1652,.F.);
#2282=ORIENTED_EDGE('',*,*,#1644,.T.);
#2283=ORIENTED_EDGE('',*,*,#1649,.T.);
#2284=ORIENTED_EDGE('',*,*,#1653,.F.);
#2285=ORIENTED_EDGE('',*,*,#1652,.T.);
#2286=ORIENTED_EDGE('',*,*,#1654,.T.);
#2287=ORIENTED_EDGE('',*,*,#1655,.F.);
#2288=ORIENTED_EDGE('',*,*,#1640,.F.);
#2289=ORIENTED_EDGE('',*,*,#1655,.T.);
#2290=ORIENTED_EDGE('',*,*,#1656,.T.);
#2291=ORIENTED_EDGE('',*,*,#1657,.F.);
#2292=ORIENTED_EDGE('',*,*,#1641,.F.);
#2293=ORIENTED_EDGE('',*,*,#1657,.T.);
#2294=ORIENTED_EDGE('',*,*,#1658,.T.);
#2295=ORIENTED_EDGE('',*,*,#1659,.F.);
#2296=ORIENTED_EDGE('',*,*,#1660,.T.);
#2297=ORIENTED_EDGE('',*,*,#1633,.T.);
#2298=ORIENTED_EDGE('',*,*,#1507,.T.);
#2299=ORIENTED_EDGE('',*,*,#1619,.T.);
#2300=ORIENTED_EDGE('',*,*,#1615,.T.);
#2301=ORIENTED_EDGE('',*,*,#1642,.T.);
#2302=ORIENTED_EDGE('',*,*,#1623,.F.);
#2303=ORIENTED_EDGE('',*,*,#1548,.F.);
#2304=ORIENTED_EDGE('',*,*,#1545,.F.);
#2305=ORIENTED_EDGE('',*,*,#1569,.T.);
#2306=ORIENTED_EDGE('',*,*,#1543,.F.);
#2307=ORIENTED_EDGE('',*,*,#1465,.T.);
#2308=ORIENTED_EDGE('',*,*,#1627,.T.);
#2309=ORIENTED_EDGE('',*,*,#1568,.T.);
#2310=ORIENTED_EDGE('',*,*,#1551,.F.);
#2311=ORIENTED_EDGE('',*,*,#1554,.T.);
#2312=ORIENTED_EDGE('',*,*,#1631,.T.);
#2313=ORIENTED_EDGE('',*,*,#1628,.F.);
#2314=ORIENTED_EDGE('',*,*,#1463,.F.);
#2315=ORIENTED_EDGE('',*,*,#1541,.F.);
#2316=ORIENTED_EDGE('',*,*,#1567,.F.);
#2317=ORIENTED_EDGE('',*,*,#1661,.T.);
#2318=ORIENTED_EDGE('',*,*,#1659,.T.);
#2319=ORIENTED_EDGE('',*,*,#1662,.F.);
#2320=ORIENTED_EDGE('',*,*,#1500,.F.);
#2321=ORIENTED_EDGE('',*,*,#1634,.T.);
#2322=ORIENTED_EDGE('',*,*,#1660,.F.);
#2323=ORIENTED_EDGE('',*,*,#1661,.F.);
#2324=ORIENTED_EDGE('',*,*,#1566,.T.);
#2325=ORIENTED_EDGE('',*,*,#1485,.F.);
#2326=ORIENTED_EDGE('',*,*,#1565,.T.);
#2327=ORIENTED_EDGE('',*,*,#1663,.T.);
#2328=ORIENTED_EDGE('',*,*,#1650,.T.);
#2329=ORIENTED_EDGE('',*,*,#1638,.F.);
#2330=ORIENTED_EDGE('',*,*,#1564,.T.);
#2331=ORIENTED_EDGE('',*,*,#1536,.T.);
#2332=ORIENTED_EDGE('',*,*,#1651,.F.);
#2333=ORIENTED_EDGE('',*,*,#1663,.F.);
#2334=ORIENTED_EDGE('',*,*,#1645,.F.);
#2335=ORIENTED_EDGE('',*,*,#1664,.T.);
#2336=ORIENTED_EDGE('',*,*,#1665,.T.);
#2337=ORIENTED_EDGE('',*,*,#1664,.F.);
#2338=ORIENTED_EDGE('',*,*,#1646,.F.);
#2339=ORIENTED_EDGE('',*,*,#1666,.T.);
#2340=ORIENTED_EDGE('',*,*,#1667,.T.);
#2341=ORIENTED_EDGE('',*,*,#1666,.F.);
#2342=ORIENTED_EDGE('',*,*,#1647,.F.);
#2343=ORIENTED_EDGE('',*,*,#1668,.T.);
#2344=ORIENTED_EDGE('',*,*,#1669,.T.);
#2345=ORIENTED_EDGE('',*,*,#1668,.F.);
#2346=ORIENTED_EDGE('',*,*,#1670,.F.);
#2347=ORIENTED_EDGE('',*,*,#1648,.T.);
#2348=ORIENTED_EDGE('',*,*,#1535,.T.);
#2349=ORIENTED_EDGE('',*,*,#1339,.F.);
#2350=ORIENTED_EDGE('',*,*,#1671,.F.);
#2351=ORIENTED_EDGE('',*,*,#1653,.T.);
#2352=ORIENTED_EDGE('',*,*,#1670,.T.);
#2353=ORIENTED_EDGE('',*,*,#1338,.F.);
#2354=ORIENTED_EDGE('',*,*,#1671,.T.);
#2355=ORIENTED_EDGE('',*,*,#1337,.T.);
#2356=ORIENTED_EDGE('',*,*,#1672,.T.);
#2357=ORIENTED_EDGE('',*,*,#1654,.F.);
#2358=ORIENTED_EDGE('',*,*,#1672,.F.);
#2359=ORIENTED_EDGE('',*,*,#1336,.T.);
#2360=ORIENTED_EDGE('',*,*,#1673,.F.);
#2361=ORIENTED_EDGE('',*,*,#1656,.F.);
#2362=ORIENTED_EDGE('',*,*,#1673,.T.);
#2363=ORIENTED_EDGE('',*,*,#1335,.T.);
#2364=ORIENTED_EDGE('',*,*,#1674,.T.);
#2365=ORIENTED_EDGE('',*,*,#1658,.F.);
#2366=ORIENTED_EDGE('',*,*,#1530,.F.);
#2367=ORIENTED_EDGE('',*,*,#1662,.T.);
#2368=ORIENTED_EDGE('',*,*,#1674,.F.);
#2369=ORIENTED_EDGE('',*,*,#1334,.F.);
#2370=ORIENTED_EDGE('',*,*,#1665,.F.);
#2371=ORIENTED_EDGE('',*,*,#1675,.T.);
#2372=ORIENTED_EDGE('',*,*,#1345,.T.);
#2373=ORIENTED_EDGE('',*,*,#1675,.F.);
#2374=ORIENTED_EDGE('',*,*,#1667,.F.);
#2375=ORIENTED_EDGE('',*,*,#1676,.T.);
#2376=ORIENTED_EDGE('',*,*,#1346,.T.);
#2377=ORIENTED_EDGE('',*,*,#1676,.F.);
#2378=ORIENTED_EDGE('',*,*,#1669,.F.);
#2379=ORIENTED_EDGE('',*,*,#1677,.T.);
#2380=ORIENTED_EDGE('',*,*,#1347,.T.);
#2381=ORIENTED_EDGE('',*,*,#1677,.F.);
#2382=CONICAL_SURFACE('',#2551,2.25,0.785398163397446);
#2383=CONICAL_SURFACE('',#2567,2.25,0.785398163397448);
#2384=CONICAL_SURFACE('',#2572,2.25,0.785398163397448);
#2385=CONICAL_SURFACE('',#2577,2.25,0.785398163397448);
#2386=CONICAL_SURFACE('',#2582,2.25,0.785398163397448);
#2387=CONICAL_SURFACE('',#2587,2.25,0.785398163397448);
#2388=CONICAL_SURFACE('',#2592,2.25,0.785398163397446);
#2389=CONICAL_SURFACE('',#2597,0.825,1.02974425867665);
#2390=CONICAL_SURFACE('',#2600,0.825,1.02974425867665);
#2391=CONICAL_SURFACE('',#2605,0.825,1.02974425867665);
#2392=CONICAL_SURFACE('',#2610,0.825,1.02974425867665);
#2393=CONICAL_SURFACE('',#2615,0.825,1.02974425867665);
#2394=CONICAL_SURFACE('',#2620,0.825,1.02974425867665);
#2395=CONICAL_SURFACE('',#2625,0.825,1.02974425867665);
#2396=CONICAL_SURFACE('',#2634,7.25,0.785398163397447);
#2397=CONICAL_SURFACE('',#2642,7.25,0.78539816339745);
#2398=CONICAL_SURFACE('',#2664,5.5,0.785398163397448);
#2399=CONICAL_SURFACE('',#2669,5.5,0.785398163397448);
#2400=CONICAL_SURFACE('',#2711,3.35,0.785398163397);
#2401=CONICAL_SURFACE('',#2713,3.35,0.785398163397);
#2402=CONICAL_SURFACE('',#2740,3.25,0.785398163397);
#2403=CONICAL_SURFACE('',#2742,3.25,0.785398163397);
#2404=CONICAL_SURFACE('',#2772,2.65,0.785398163397);
#2405=CONICAL_SURFACE('',#2773,2.65,0.785398163397);
#2406=CONICAL_SURFACE('',#2774,2.65,0.785398163397);
#2407=ADVANCED_FACE('',(#176),#2382,.F.);
#2408=ADVANCED_FACE('',(#177,#55,#56,#57,#58,#59,#60,#61,#62,#63,#64),#90,
 .F.);
#2409=ADVANCED_FACE('',(#178),#26,.F.);
#2410=ADVANCED_FACE('',(#179),#2383,.F.);
#2411=ADVANCED_FACE('',(#180),#27,.F.);
#2412=ADVANCED_FACE('',(#181),#2384,.F.);
#2413=ADVANCED_FACE('',(#182),#28,.F.);
#2414=ADVANCED_FACE('',(#183),#2385,.F.);
#2415=ADVANCED_FACE('',(#184),#29,.F.);
#2416=ADVANCED_FACE('',(#185),#2386,.F.);
#2417=ADVANCED_FACE('',(#186),#30,.F.);
#2418=ADVANCED_FACE('',(#187),#2387,.F.);
#2419=ADVANCED_FACE('',(#188),#31,.F.);
#2420=ADVANCED_FACE('',(#189),#2388,.F.);
#2421=ADVANCED_FACE('',(#190),#32,.F.);
#2422=ADVANCED_FACE('',(#191),#2389,.F.);
#2423=ADVANCED_FACE('',(#192,#65),#91,.F.);
#2424=ADVANCED_FACE('',(#193),#2390,.F.);
#2425=ADVANCED_FACE('',(#194,#66),#92,.F.);
#2426=ADVANCED_FACE('',(#195),#33,.F.);
#2427=ADVANCED_FACE('',(#196),#2391,.F.);
#2428=ADVANCED_FACE('',(#197,#67),#93,.F.);
#2429=ADVANCED_FACE('',(#198),#34,.F.);
#2430=ADVANCED_FACE('',(#199),#2392,.F.);
#2431=ADVANCED_FACE('',(#200,#68),#94,.F.);
#2432=ADVANCED_FACE('',(#201),#35,.F.);
#2433=ADVANCED_FACE('',(#202),#2393,.F.);
#2434=ADVANCED_FACE('',(#203,#69),#95,.F.);
#2435=ADVANCED_FACE('',(#204),#36,.F.);
#2436=ADVANCED_FACE('',(#205),#2394,.F.);
#2437=ADVANCED_FACE('',(#206,#70),#96,.F.);
#2438=ADVANCED_FACE('',(#207),#37,.F.);
#2439=ADVANCED_FACE('',(#208),#2395,.F.);
#2440=ADVANCED_FACE('',(#209,#71),#97,.F.);
#2441=ADVANCED_FACE('',(#210),#38,.F.);
#2442=ADVANCED_FACE('',(#211),#98,.T.);
#2443=ADVANCED_FACE('',(#212),#99,.T.);
#2444=ADVANCED_FACE('',(#213),#2396,.F.);
#2445=ADVANCED_FACE('',(#214),#100,.T.);
#2446=ADVANCED_FACE('',(#215),#24,.T.);
#2447=ADVANCED_FACE('',(#216),#101,.F.);
#2448=ADVANCED_FACE('',(#217,#72),#102,.F.);
#2449=ADVANCED_FACE('',(#218),#103,.T.);
#2450=ADVANCED_FACE('',(#219),#2397,.F.);
#2451=ADVANCED_FACE('',(#220),#104,.T.);
#2452=ADVANCED_FACE('',(#221),#25,.T.);
#2453=ADVANCED_FACE('',(#222),#39,.F.);
#2454=ADVANCED_FACE('',(#223),#105,.F.);
#2455=ADVANCED_FACE('',(#224,#73),#106,.F.);
#2456=ADVANCED_FACE('',(#225),#107,.T.);
#2457=ADVANCED_FACE('',(#226),#108,.T.);
#2458=ADVANCED_FACE('',(#227,#74),#109,.F.);
#2459=ADVANCED_FACE('',(#228),#110,.T.);
#2460=ADVANCED_FACE('',(#229),#111,.T.);
#2461=ADVANCED_FACE('',(#230,#75),#112,.F.);
#2462=ADVANCED_FACE('',(#231,#76),#113,.F.);
#2463=ADVANCED_FACE('',(#232),#114,.T.);
#2464=ADVANCED_FACE('',(#233),#115,.T.);
#2465=ADVANCED_FACE('',(#234),#116,.T.);
#2466=ADVANCED_FACE('',(#235),#2398,.F.);
#2467=ADVANCED_FACE('',(#236),#117,.T.);
#2468=ADVANCED_FACE('',(#237),#118,.T.);
#2469=ADVANCED_FACE('',(#238),#2399,.F.);
#2470=ADVANCED_FACE('',(#239),#119,.F.);
#2471=ADVANCED_FACE('',(#240),#40,.F.);
#2472=ADVANCED_FACE('',(#241),#120,.F.);
#2473=ADVANCED_FACE('',(#242),#121,.F.);
#2474=ADVANCED_FACE('',(#243),#122,.F.);
#2475=ADVANCED_FACE('',(#244),#41,.F.);
#2476=ADVANCED_FACE('',(#245),#123,.T.);
#2477=ADVANCED_FACE('',(#246),#124,.T.);
#2478=ADVANCED_FACE('',(#247),#125,.T.);
#2479=ADVANCED_FACE('',(#248),#126,.F.);
#2480=ADVANCED_FACE('',(#249),#127,.T.);
#2481=ADVANCED_FACE('',(#250),#128,.F.);
#2482=ADVANCED_FACE('',(#251),#129,.T.);
#2483=ADVANCED_FACE('',(#252),#130,.F.);
#2484=ADVANCED_FACE('',(#253),#131,.T.);
#2485=ADVANCED_FACE('',(#254),#132,.T.);
#2486=ADVANCED_FACE('',(#255),#133,.T.);
#2487=ADVANCED_FACE('',(#256),#134,.T.);
#2488=ADVANCED_FACE('',(#257,#77,#78),#135,.F.);
#2489=ADVANCED_FACE('',(#258),#42,.F.);
#2490=ADVANCED_FACE('',(#259),#43,.F.);
#2491=ADVANCED_FACE('',(#260),#136,.F.);
#2492=ADVANCED_FACE('',(#261),#137,.F.);
#2493=ADVANCED_FACE('',(#262,#79),#138,.T.);
#2494=ADVANCED_FACE('',(#263,#80),#139,.T.);
#2495=ADVANCED_FACE('',(#264,#81),#140,.T.);
#2496=ADVANCED_FACE('',(#265,#82),#141,.T.);
#2497=ADVANCED_FACE('',(#266),#142,.T.);
#2498=ADVANCED_FACE('',(#267),#143,.T.);
#2499=ADVANCED_FACE('',(#268),#144,.T.);
#2500=ADVANCED_FACE('',(#269),#145,.T.);
#2501=ADVANCED_FACE('',(#270),#2400,.T.);
#2502=ADVANCED_FACE('',(#271),#2401,.T.);
#2503=ADVANCED_FACE('',(#272),#146,.T.);
#2504=ADVANCED_FACE('',(#273),#44,.F.);
#2505=ADVANCED_FACE('',(#274),#45,.F.);
#2506=ADVANCED_FACE('',(#275),#46,.F.);
#2507=ADVANCED_FACE('',(#276),#47,.F.);
#2508=ADVANCED_FACE('',(#277),#48,.T.);
#2509=ADVANCED_FACE('',(#278,#83,#84,#85),#147,.T.);
#2510=ADVANCED_FACE('',(#279),#49,.T.);
#2511=ADVANCED_FACE('',(#280),#50,.T.);
#2512=ADVANCED_FACE('',(#281),#148,.T.);
#2513=ADVANCED_FACE('',(#282),#149,.F.);
#2514=ADVANCED_FACE('',(#283),#150,.T.);
#2515=ADVANCED_FACE('',(#284),#151,.F.);
#2516=ADVANCED_FACE('',(#285),#51,.T.);
#2517=ADVANCED_FACE('',(#286),#152,.T.);
#2518=ADVANCED_FACE('',(#287),#153,.F.);
#2519=ADVANCED_FACE('',(#288),#154,.F.);
#2520=ADVANCED_FACE('',(#289),#2402,.F.);
#2521=ADVANCED_FACE('',(#290),#155,.T.);
#2522=ADVANCED_FACE('',(#291),#2403,.F.);
#2523=ADVANCED_FACE('',(#292,#86),#156,.F.);
#2524=ADVANCED_FACE('',(#293),#157,.T.);
#2525=ADVANCED_FACE('',(#294,#87,#88,#89),#158,.F.);
#2526=ADVANCED_FACE('',(#295),#159,.T.);
#2527=ADVANCED_FACE('',(#296),#160,.F.);
#2528=ADVANCED_FACE('',(#297),#161,.F.);
#2529=ADVANCED_FACE('',(#298),#162,.F.);
#2530=ADVANCED_FACE('',(#299),#163,.T.);
#2531=ADVANCED_FACE('',(#300),#164,.F.);
#2532=ADVANCED_FACE('',(#301),#165,.F.);
#2533=ADVANCED_FACE('',(#302),#166,.F.);
#2534=ADVANCED_FACE('',(#303),#167,.T.);
#2535=ADVANCED_FACE('',(#304),#168,.T.);
#2536=ADVANCED_FACE('',(#305),#169,.F.);
#2537=ADVANCED_FACE('',(#306),#52,.F.);
#2538=ADVANCED_FACE('',(#307),#53,.F.);
#2539=ADVANCED_FACE('',(#308),#54,.F.);
#2540=ADVANCED_FACE('',(#309),#170,.F.);
#2541=ADVANCED_FACE('',(#310),#171,.T.);
#2542=ADVANCED_FACE('',(#311),#172,.T.);
#2543=ADVANCED_FACE('',(#312),#173,.F.);
#2544=ADVANCED_FACE('',(#313),#174,.F.);
#2545=ADVANCED_FACE('',(#314),#175,.T.);
#2546=ADVANCED_FACE('',(#315),#2404,.F.);
#2547=ADVANCED_FACE('',(#316),#2405,.F.);
#2548=ADVANCED_FACE('',(#317),#2406,.F.);
#2549=CLOSED_SHELL('',(#2407,#2408,#2409,#2410,#2411,#2412,#2413,#2414,
#2415,#2416,#2417,#2418,#2419,#2420,#2421,#2422,#2423,#2424,#2425,#2426,
#2427,#2428,#2429,#2430,#2431,#2432,#2433,#2434,#2435,#2436,#2437,#2438,
#2439,#2440,#2441,#2442,#2443,#2444,#2445,#2446,#2447,#2448,#2449,#2450,
#2451,#2452,#2453,#2454,#2455,#2456,#2457,#2458,#2459,#2460,#2461,#2462,
#2463,#2464,#2465,#2466,#2467,#2468,#2469,#2470,#2471,#2472,#2473,#2474,
#2475,#2476,#2477,#2478,#2479,#2480,#2481,#2482,#2483,#2484,#2485,#2486,
#2487,#2488,#2489,#2490,#2491,#2492,#2493,#2494,#2495,#2496,#2497,#2498,
#2499,#2500,#2501,#2502,#2503,#2504,#2505,#2506,#2507,#2508,#2509,#2510,
#2511,#2512,#2513,#2514,#2515,#2516,#2517,#2518,#2519,#2520,#2521,#2522,
#2523,#2524,#2525,#2526,#2527,#2528,#2529,#2530,#2531,#2532,#2533,#2534,
#2535,#2536,#2537,#2538,#2539,#2540,#2541,#2542,#2543,#2544,#2545,#2546,
#2547,#2548));
#2550=AXIS2_PLACEMENT_3D('',#3484,#2775,#2776);
#2551=AXIS2_PLACEMENT_3D('',#3485,#2777,#2778);
#2552=AXIS2_PLACEMENT_3D('',#3487,#2779,#2780);
#2553=AXIS2_PLACEMENT_3D('',#3491,#2782,#2783);
#2554=AXIS2_PLACEMENT_3D('',#3492,#2784,#2785);
#2555=AXIS2_PLACEMENT_3D('',#3493,#2786,#2787);
#2556=AXIS2_PLACEMENT_3D('',#3519,#2800,#2801);
#2557=AXIS2_PLACEMENT_3D('',#3521,#2802,#2803);
#2558=AXIS2_PLACEMENT_3D('',#3523,#2804,#2805);
#2559=AXIS2_PLACEMENT_3D('',#3525,#2806,#2807);
#2560=AXIS2_PLACEMENT_3D('',#3527,#2808,#2809);
#2561=AXIS2_PLACEMENT_3D('',#3529,#2810,#2811);
#2562=AXIS2_PLACEMENT_3D('',#3531,#2812,#2813);
#2563=AXIS2_PLACEMENT_3D('',#3533,#2814,#2815);
#2564=AXIS2_PLACEMENT_3D('',#3535,#2816,#2817);
#2565=AXIS2_PLACEMENT_3D('',#3536,#2818,#2819);
#2566=AXIS2_PLACEMENT_3D('',#3539,#2821,#2822);
#2567=AXIS2_PLACEMENT_3D('',#3540,#2823,#2824);
#2568=AXIS2_PLACEMENT_3D('',#3544,#2826,#2827);
#2569=AXIS2_PLACEMENT_3D('',#3545,#2828,#2829);
#2570=AXIS2_PLACEMENT_3D('',#3546,#2830,#2831);
#2571=AXIS2_PLACEMENT_3D('',#3549,#2833,#2834);
#2572=AXIS2_PLACEMENT_3D('',#3550,#2835,#2836);
#2573=AXIS2_PLACEMENT_3D('',#3554,#2838,#2839);
#2574=AXIS2_PLACEMENT_3D('',#3555,#2840,#2841);
#2575=AXIS2_PLACEMENT_3D('',#3556,#2842,#2843);
#2576=AXIS2_PLACEMENT_3D('',#3559,#2845,#2846);
#2577=AXIS2_PLACEMENT_3D('',#3560,#2847,#2848);
#2578=AXIS2_PLACEMENT_3D('',#3564,#2850,#2851);
#2579=AXIS2_PLACEMENT_3D('',#3565,#2852,#2853);
#2580=AXIS2_PLACEMENT_3D('',#3566,#2854,#2855);
#2581=AXIS2_PLACEMENT_3D('',#3569,#2857,#2858);
#2582=AXIS2_PLACEMENT_3D('',#3570,#2859,#2860);
#2583=AXIS2_PLACEMENT_3D('',#3574,#2862,#2863);
#2584=AXIS2_PLACEMENT_3D('',#3575,#2864,#2865);
#2585=AXIS2_PLACEMENT_3D('',#3576,#2866,#2867);
#2586=AXIS2_PLACEMENT_3D('',#3579,#2869,#2870);
#2587=AXIS2_PLACEMENT_3D('',#3580,#2871,#2872);
#2588=AXIS2_PLACEMENT_3D('',#3584,#2874,#2875);
#2589=AXIS2_PLACEMENT_3D('',#3585,#2876,#2877);
#2590=AXIS2_PLACEMENT_3D('',#3586,#2878,#2879);
#2591=AXIS2_PLACEMENT_3D('',#3589,#2881,#2882);
#2592=AXIS2_PLACEMENT_3D('',#3590,#2883,#2884);
#2593=AXIS2_PLACEMENT_3D('',#3594,#2886,#2887);
#2594=AXIS2_PLACEMENT_3D('',#3595,#2888,#2889);
#2595=AXIS2_PLACEMENT_3D('',#3596,#2890,#2891);
#2596=AXIS2_PLACEMENT_3D('',#3599,#2893,#2894);
#2597=AXIS2_PLACEMENT_3D('',#3600,#2895,#2896);
#2598=AXIS2_PLACEMENT_3D('',#3602,#2897,#2898);
#2599=AXIS2_PLACEMENT_3D('',#3605,#2900,#2901);
#2600=AXIS2_PLACEMENT_3D('',#3606,#2902,#2903);
#2601=AXIS2_PLACEMENT_3D('',#3608,#2904,#2905);
#2602=AXIS2_PLACEMENT_3D('',#3611,#2907,#2908);
#2603=AXIS2_PLACEMENT_3D('',#3613,#2909,#2910);
#2604=AXIS2_PLACEMENT_3D('',#3614,#2911,#2912);
#2605=AXIS2_PLACEMENT_3D('',#3616,#2914,#2915);
#2606=AXIS2_PLACEMENT_3D('',#3618,#2916,#2917);
#2607=AXIS2_PLACEMENT_3D('',#3621,#2919,#2920);
#2608=AXIS2_PLACEMENT_3D('',#3623,#2921,#2922);
#2609=AXIS2_PLACEMENT_3D('',#3624,#2923,#2924);
#2610=AXIS2_PLACEMENT_3D('',#3626,#2926,#2927);
#2611=AXIS2_PLACEMENT_3D('',#3628,#2928,#2929);
#2612=AXIS2_PLACEMENT_3D('',#3631,#2931,#2932);
#2613=AXIS2_PLACEMENT_3D('',#3633,#2933,#2934);
#2614=AXIS2_PLACEMENT_3D('',#3634,#2935,#2936);
#2615=AXIS2_PLACEMENT_3D('',#3636,#2938,#2939);
#2616=AXIS2_PLACEMENT_3D('',#3638,#2940,#2941);
#2617=AXIS2_PLACEMENT_3D('',#3641,#2943,#2944);
#2618=AXIS2_PLACEMENT_3D('',#3643,#2945,#2946);
#2619=AXIS2_PLACEMENT_3D('',#3644,#2947,#2948);
#2620=AXIS2_PLACEMENT_3D('',#3646,#2950,#2951);
#2621=AXIS2_PLACEMENT_3D('',#3648,#2952,#2953);
#2622=AXIS2_PLACEMENT_3D('',#3651,#2955,#2956);
#2623=AXIS2_PLACEMENT_3D('',#3653,#2957,#2958);
#2624=AXIS2_PLACEMENT_3D('',#3654,#2959,#2960);
#2625=AXIS2_PLACEMENT_3D('',#3656,#2962,#2963);
#2626=AXIS2_PLACEMENT_3D('',#3658,#2964,#2965);
#2627=AXIS2_PLACEMENT_3D('',#3661,#2967,#2968);
#2628=AXIS2_PLACEMENT_3D('',#3663,#2969,#2970);
#2629=AXIS2_PLACEMENT_3D('',#3664,#2971,#2972);
#2630=AXIS2_PLACEMENT_3D('',#3666,#2974,#2975);
#2631=AXIS2_PLACEMENT_3D('',#3668,#2976,#2977);
#2632=AXIS2_PLACEMENT_3D('',#3675,#2981,#2982);
#2633=AXIS2_PLACEMENT_3D('',#3676,#2983,#2984);
#2634=AXIS2_PLACEMENT_3D('',#3685,#2989,#2990);
#2635=AXIS2_PLACEMENT_3D('',#3690,#2992,#2993);
#2636=AXIS2_PLACEMENT_3D('',#3693,#2995,#2996);
#2637=AXIS2_PLACEMENT_3D('',#3694,#2997,#2998);
#2638=AXIS2_PLACEMENT_3D('',#3729,#3002,#3003);
#2639=AXIS2_PLACEMENT_3D('',#3733,#3006,#3007);
#2640=AXIS2_PLACEMENT_3D('',#3764,#3023,#3024);
#2641=AXIS2_PLACEMENT_3D('',#3765,#3025,#3026);
#2642=AXIS2_PLACEMENT_3D('',#3774,#3031,#3032);
#2643=AXIS2_PLACEMENT_3D('',#3779,#3034,#3035);
#2644=AXIS2_PLACEMENT_3D('',#3782,#3037,#3038);
#2645=AXIS2_PLACEMENT_3D('',#3783,#3039,#3040);
#2646=AXIS2_PLACEMENT_3D('',#3818,#3044,#3045);
#2647=AXIS2_PLACEMENT_3D('',#3821,#3048,#3049);
#2648=AXIS2_PLACEMENT_3D('',#3831,#3055,#3056);
#2649=AXIS2_PLACEMENT_3D('',#3867,#3072,#3073);
#2650=AXIS2_PLACEMENT_3D('',#3868,#3074,#3075);
#2651=AXIS2_PLACEMENT_3D('',#3877,#3080,#3081);
#2652=AXIS2_PLACEMENT_3D('',#3883,#3085,#3086);
#2653=AXIS2_PLACEMENT_3D('',#3894,#3092,#3093);
#2654=AXIS2_PLACEMENT_3D('',#3895,#3094,#3095);
#2655=AXIS2_PLACEMENT_3D('',#3904,#3100,#3101);
#2656=AXIS2_PLACEMENT_3D('',#3910,#3105,#3106);
#2657=AXIS2_PLACEMENT_3D('',#3916,#3109,#3110);
#2658=AXIS2_PLACEMENT_3D('',#3921,#3113,#3114);
#2659=AXIS2_PLACEMENT_3D('',#3922,#3115,#3116);
#2660=AXIS2_PLACEMENT_3D('',#3931,#3121,#3122);
#2661=AXIS2_PLACEMENT_3D('',#3932,#3123,#3124);
#2662=AXIS2_PLACEMENT_3D('',#3941,#3127,#3128);
#2663=AXIS2_PLACEMENT_3D('',#3950,#3133,#3134);
#2664=AXIS2_PLACEMENT_3D('',#3956,#3138,#3139);
#2665=AXIS2_PLACEMENT_3D('',#3958,#3140,#3141);
#2666=AXIS2_PLACEMENT_3D('',#3962,#3143,#3144);
#2667=AXIS2_PLACEMENT_3D('',#3967,#3145,#3146);
#2668=AXIS2_PLACEMENT_3D('',#3971,#3149,#3150);
#2669=AXIS2_PLACEMENT_3D('',#3974,#3153,#3154);
#2670=AXIS2_PLACEMENT_3D('',#3975,#3155,#3156);
#2671=AXIS2_PLACEMENT_3D('',#3976,#3157,#3158);
#2672=AXIS2_PLACEMENT_3D('',#3977,#3159,#3160);
#2673=AXIS2_PLACEMENT_3D('',#3981,#3163,#3164);
#2674=AXIS2_PLACEMENT_3D('',#3983,#3166,#3167);
#2675=AXIS2_PLACEMENT_3D('',#3985,#3169,#3170);
#2676=AXIS2_PLACEMENT_3D('',#3987,#3172,#3173);
#2677=AXIS2_PLACEMENT_3D('',#3989,#3175,#3176);
#2678=AXIS2_PLACEMENT_3D('',#3990,#3177,#3178);
#2679=AXIS2_PLACEMENT_3D('',#3994,#3181,#3182);
#2680=AXIS2_PLACEMENT_3D('',#3998,#3185,#3186);
#2681=AXIS2_PLACEMENT_3D('',#4004,#3190,#3191);
#2682=AXIS2_PLACEMENT_3D('',#4008,#3194,#3195);
#2683=AXIS2_PLACEMENT_3D('',#4014,#3199,#3200);
#2684=AXIS2_PLACEMENT_3D('',#4018,#3203,#3204);
#2685=AXIS2_PLACEMENT_3D('',#4021,#3207,#3208);
#2686=AXIS2_PLACEMENT_3D('',#4023,#3210,#3211);
#2687=AXIS2_PLACEMENT_3D('',#4026,#3214,#3215);
#2688=AXIS2_PLACEMENT_3D('',#4028,#3217,#3218);
#2689=AXIS2_PLACEMENT_3D('',#4031,#3221,#3222);
#2690=AXIS2_PLACEMENT_3D('',#4033,#3224,#3225);
#2691=AXIS2_PLACEMENT_3D('',#4042,#3232,#3233);
#2692=AXIS2_PLACEMENT_3D('',#4044,#3234,#3235);
#2693=AXIS2_PLACEMENT_3D('',#4047,#3237,#3238);
#2694=AXIS2_PLACEMENT_3D('',#4048,#3239,#3240);
#2695=AXIS2_PLACEMENT_3D('',#4050,#3241,#3242);
#2696=AXIS2_PLACEMENT_3D('',#4053,#3244,#3245);
#2697=AXIS2_PLACEMENT_3D('',#4054,#3246,#3247);
#2698=AXIS2_PLACEMENT_3D('',#4063,#3252,#3253);
#2699=AXIS2_PLACEMENT_3D('',#4069,#3257,#3258);
#2700=AXIS2_PLACEMENT_3D('',#4071,#3259,#3260);
#2701=AXIS2_PLACEMENT_3D('',#4072,#3261,#3262);
#2702=AXIS2_PLACEMENT_3D('',#4074,#3263,#3264);
#2703=AXIS2_PLACEMENT_3D('',#4075,#3265,#3266);
#2704=AXIS2_PLACEMENT_3D('',#4077,#3267,#3268);
#2705=AXIS2_PLACEMENT_3D('',#4078,#3269,#3270);
#2706=AXIS2_PLACEMENT_3D('',#4080,#3271,#3272);
#2707=AXIS2_PLACEMENT_3D('',#4081,#3273,#3274);
#2708=AXIS2_PLACEMENT_3D('',#4087,#3278,#3279);
#2709=AXIS2_PLACEMENT_3D('',#4091,#3282,#3283);
#2710=AXIS2_PLACEMENT_3D('',#4095,#3286,#3287);
#2711=AXIS2_PLACEMENT_3D('',#4097,#3289,#3290);
#2712=AXIS2_PLACEMENT_3D('',#4099,#3291,#3292);
#2713=AXIS2_PLACEMENT_3D('',#4101,#3294,#3295);
#2714=AXIS2_PLACEMENT_3D('',#4103,#3296,#3297);
#2715=AXIS2_PLACEMENT_3D('',#4105,#3299,#3300);
#2716=AXIS2_PLACEMENT_3D('',#4107,#3302,#3303);
#2717=AXIS2_PLACEMENT_3D('',#4110,#3305,#3306);
#2718=AXIS2_PLACEMENT_3D('',#4111,#3307,#3308);
#2719=AXIS2_PLACEMENT_3D('',#4113,#3309,#3310);
#2720=AXIS2_PLACEMENT_3D('',#4115,#3312,#3313);
#2721=AXIS2_PLACEMENT_3D('',#4118,#3315,#3316);
#2722=AXIS2_PLACEMENT_3D('',#4119,#3317,#3318);
#2723=AXIS2_PLACEMENT_3D('',#4121,#3319,#3320);
#2724=AXIS2_PLACEMENT_3D('',#4124,#3322,#3323);
#2725=AXIS2_PLACEMENT_3D('',#4125,#3324,#3325);
#2726=AXIS2_PLACEMENT_3D('',#4130,#3327,#3328);
#2727=AXIS2_PLACEMENT_3D('',#4133,#3330,#3331);
#2728=AXIS2_PLACEMENT_3D('',#4134,#3332,#3333);
#2729=AXIS2_PLACEMENT_3D('',#4142,#3337,#3338);
#2730=AXIS2_PLACEMENT_3D('',#4145,#3341,#3342);
#2731=AXIS2_PLACEMENT_3D('',#4148,#3345,#3346);
#2732=AXIS2_PLACEMENT_3D('',#4150,#3348,#3349);
#2733=AXIS2_PLACEMENT_3D('',#4152,#3351,#3352);
#2734=AXIS2_PLACEMENT_3D('',#4156,#3355,#3356);
#2735=AXIS2_PLACEMENT_3D('',#4158,#3358,#3359);
#2736=AXIS2_PLACEMENT_3D('',#4159,#3360,#3361);
#2737=AXIS2_PLACEMENT_3D('',#4161,#3363,#3364);
#2738=AXIS2_PLACEMENT_3D('',#4167,#3369,#3370);
#2739=AXIS2_PLACEMENT_3D('',#4169,#3372,#3373);
#2740=AXIS2_PLACEMENT_3D('',#4170,#3374,#3375);
#2741=AXIS2_PLACEMENT_3D('',#4172,#3377,#3378);
#2742=AXIS2_PLACEMENT_3D('',#4176,#3381,#3382);
#2743=AXIS2_PLACEMENT_3D('',#4178,#3384,#3385);
#2744=AXIS2_PLACEMENT_3D('',#4182,#3388,#3389);
#2745=AXIS2_PLACEMENT_3D('',#4186,#3392,#3393);
#2746=AXIS2_PLACEMENT_3D('',#4197,#3399,#3400);
#2747=AXIS2_PLACEMENT_3D('',#4199,#3401,#3402);
#2748=AXIS2_PLACEMENT_3D('',#4201,#3403,#3404);
#2749=AXIS2_PLACEMENT_3D('',#4202,#3405,#3406);
#2750=AXIS2_PLACEMENT_3D('',#4209,#3411,#3412);
#2751=AXIS2_PLACEMENT_3D('',#4213,#3415,#3416);
#2752=AXIS2_PLACEMENT_3D('',#4217,#3419,#3420);
#2753=AXIS2_PLACEMENT_3D('',#4221,#3423,#3424);
#2754=AXIS2_PLACEMENT_3D('',#4227,#3428,#3429);
#2755=AXIS2_PLACEMENT_3D('',#4228,#3430,#3431);
#2756=AXIS2_PLACEMENT_3D('',#4229,#3432,#3433);
#2757=AXIS2_PLACEMENT_3D('',#4232,#3436,#3437);
#2758=AXIS2_PLACEMENT_3D('',#4233,#3438,#3439);
#2759=AXIS2_PLACEMENT_3D('',#4235,#3441,#3442);
#2760=AXIS2_PLACEMENT_3D('',#4236,#3443,#3444);
#2761=AXIS2_PLACEMENT_3D('',#4239,#3446,#3447);
#2762=AXIS2_PLACEMENT_3D('',#4240,#3448,#3449);
#2763=AXIS2_PLACEMENT_3D('',#4243,#3451,#3452);
#2764=AXIS2_PLACEMENT_3D('',#4244,#3453,#3454);
#2765=AXIS2_PLACEMENT_3D('',#4247,#3456,#3457);
#2766=AXIS2_PLACEMENT_3D('',#4248,#3458,#3459);
#2767=AXIS2_PLACEMENT_3D('',#4250,#3461,#3462);
#2768=AXIS2_PLACEMENT_3D('',#4252,#3464,#3465);
#2769=AXIS2_PLACEMENT_3D('',#4254,#3467,#3468);
#2770=AXIS2_PLACEMENT_3D('',#4256,#3470,#3471);
#2771=AXIS2_PLACEMENT_3D('',#4258,#3473,#3474);
#2772=AXIS2_PLACEMENT_3D('',#4259,#3475,#3476);
#2773=AXIS2_PLACEMENT_3D('',#4261,#3478,#3479);
#2774=AXIS2_PLACEMENT_3D('',#4263,#3481,#3482);
#2775=DIRECTION('axis',(0.,0.,1.));
#2776=DIRECTION('refdir',(1.,0.,0.));
#2777=DIRECTION('center_axis',(2.22044604925031E-16,0.,-1.));
#2778=DIRECTION('ref_axis',(1.,-2.22044604925031E-16,2.22044604925031E-16));
#2779=DIRECTION('center_axis',(2.22044604925031E-16,0.,-1.));
#2780=DIRECTION('ref_axis',(1.,-2.22044604925031E-16,2.22044604925031E-16));
#2781=DIRECTION('',(0.707106781186546,-2.43604851491926E-16,0.707106781186549));
#2782=DIRECTION('center_axis',(-2.22044604925031E-16,0.,1.));
#2783=DIRECTION('ref_axis',(1.,-2.22044604925031E-16,2.22044604925031E-16));
#2784=DIRECTION('center_axis',(-2.22044604925031E-16,0.,1.));
#2785=DIRECTION('ref_axis',(1.,-2.22044604925031E-16,2.22044604925031E-16));
#2786=DIRECTION('center_axis',(-2.22044604925031E-16,0.,1.));
#2787=DIRECTION('ref_axis',(-1.,2.22044604925031E-16,-2.22044604925031E-16));
#2788=DIRECTION('',(-1.,2.22044604925031E-16,-2.22044604925031E-16));
#2789=DIRECTION('',(2.52044604925031E-16,1.,5.59651447240642E-32));
#2790=DIRECTION('',(-1.,2.22044604925031E-16,-2.22044604925031E-16));
#2791=DIRECTION('',(-2.22044604925031E-16,-1.,-4.93038065763132E-32));
#2792=DIRECTION('',(0.832050294337998,0.554700196224998,1.84752278884037E-16));
#2793=DIRECTION('',(-1.,2.22044604925031E-16,-2.22044604925031E-16));
#2794=DIRECTION('',(-0.707106781186547,0.707106781186548,-1.57009245868377E-16));
#2795=DIRECTION('',(2.22044604925031E-16,1.,4.93038065763132E-32));
#2796=DIRECTION('',(-0.707106781186548,-0.707106781186547,-1.57009245868378E-16));
#2797=DIRECTION('',(-1.,2.22044604925031E-16,-2.22044604925031E-16));
#2798=DIRECTION('',(0.832050294337997,-0.554700196224999,1.84752278884037E-16));
#2799=DIRECTION('',(-2.22044604925031E-16,-1.,-4.93038065763132E-32));
#2800=DIRECTION('center_axis',(2.22044604925031E-16,0.,-1.));
#2801=DIRECTION('ref_axis',(1.,-2.22044604925031E-16,2.22044604925031E-16));
#2802=DIRECTION('center_axis',(2.22044604925031E-16,0.,-1.));
#2803=DIRECTION('ref_axis',(1.,-2.22044604925031E-16,2.22044604925031E-16));
#2804=DIRECTION('center_axis',(2.22044604925031E-16,0.,-1.));
#2805=DIRECTION('ref_axis',(1.,-2.22044604925031E-16,2.22044604925031E-16));
#2806=DIRECTION('center_axis',(2.22044604925031E-16,0.,-1.));
#2807=DIRECTION('ref_axis',(-1.,2.22044604925031E-16,-2.22044604925031E-16));
#2808=DIRECTION('center_axis',(2.22044604925031E-16,0.,-1.));
#2809=DIRECTION('ref_axis',(-1.,2.22044604925031E-16,-2.22044604925031E-16));
#2810=DIRECTION('center_axis',(2.22044604925031E-16,0.,-1.));
#2811=DIRECTION('ref_axis',(-1.,2.22044604925031E-16,-2.22044604925031E-16));
#2812=DIRECTION('center_axis',(2.22044604925031E-16,0.,-1.));
#2813=DIRECTION('ref_axis',(1.,-2.22044604925031E-16,2.22044604925031E-16));
#2814=DIRECTION('center_axis',(2.22044604925031E-16,0.,-1.));
#2815=DIRECTION('ref_axis',(1.,-2.22044604925031E-16,2.22044604925031E-16));
#2816=DIRECTION('center_axis',(2.22044604925031E-16,0.,-1.));
#2817=DIRECTION('ref_axis',(1.,-2.22044604925031E-16,2.22044604925031E-16));
#2818=DIRECTION('center_axis',(-2.22044604925031E-16,0.,1.));
#2819=DIRECTION('ref_axis',(-1.,2.22044604925031E-16,-2.22044604925031E-16));
#2820=DIRECTION('',(-2.22044604925031E-16,0.,1.));
#2821=DIRECTION('center_axis',(-2.22044604925031E-16,0.,1.));
#2822=DIRECTION('ref_axis',(-1.,2.22044604925031E-16,-2.22044604925031E-16));
#2823=DIRECTION('center_axis',(2.22044604925031E-16,0.,-1.));
#2824=DIRECTION('ref_axis',(1.,-2.22044604925031E-16,2.22044604925031E-16));
#2825=DIRECTION('',(0.707106781186547,-2.43604851491927E-16,0.707106781186548));
#2826=DIRECTION('center_axis',(-2.22044604925031E-16,0.,1.));
#2827=DIRECTION('ref_axis',(1.,-2.22044604925031E-16,2.22044604925031E-16));
#2828=DIRECTION('center_axis',(-2.22044604925031E-16,0.,1.));
#2829=DIRECTION('ref_axis',(1.,-2.22044604925031E-16,2.22044604925031E-16));
#2830=DIRECTION('center_axis',(-2.22044604925031E-16,0.,1.));
#2831=DIRECTION('ref_axis',(-1.,2.22044604925031E-16,-2.22044604925031E-16));
#2832=DIRECTION('',(-2.22044604925031E-16,0.,1.));
#2833=DIRECTION('center_axis',(-2.22044604925031E-16,0.,1.));
#2834=DIRECTION('ref_axis',(-1.,2.22044604925031E-16,-2.22044604925031E-16));
#2835=DIRECTION('center_axis',(2.22044604925031E-16,0.,-1.));
#2836=DIRECTION('ref_axis',(1.,-2.22044604925031E-16,2.22044604925031E-16));
#2837=DIRECTION('',(0.707106781186547,-2.43604851491927E-16,0.707106781186548));
#2838=DIRECTION('center_axis',(-2.22044604925031E-16,0.,1.));
#2839=DIRECTION('ref_axis',(1.,-2.22044604925031E-16,2.22044604925031E-16));
#2840=DIRECTION('center_axis',(-2.22044604925031E-16,0.,1.));
#2841=DIRECTION('ref_axis',(1.,-2.22044604925031E-16,2.22044604925031E-16));
#2842=DIRECTION('center_axis',(-2.22044604925031E-16,0.,1.));
#2843=DIRECTION('ref_axis',(-1.,2.22044604925031E-16,-2.22044604925031E-16));
#2844=DIRECTION('',(-2.22044604925031E-16,0.,1.));
#2845=DIRECTION('center_axis',(-2.22044604925031E-16,0.,1.));
#2846=DIRECTION('ref_axis',(-1.,2.22044604925031E-16,-2.22044604925031E-16));
#2847=DIRECTION('center_axis',(2.22044604925031E-16,0.,-1.));
#2848=DIRECTION('ref_axis',(1.,-2.22044604925031E-16,2.22044604925031E-16));
#2849=DIRECTION('',(0.707106781186547,-2.43604851491927E-16,0.707106781186548));
#2850=DIRECTION('center_axis',(-2.22044604925031E-16,0.,1.));
#2851=DIRECTION('ref_axis',(1.,-2.22044604925031E-16,2.22044604925031E-16));
#2852=DIRECTION('center_axis',(-2.22044604925031E-16,0.,1.));
#2853=DIRECTION('ref_axis',(1.,-2.22044604925031E-16,2.22044604925031E-16));
#2854=DIRECTION('center_axis',(-2.22044604925031E-16,0.,1.));
#2855=DIRECTION('ref_axis',(-1.,2.22044604925031E-16,-2.22044604925031E-16));
#2856=DIRECTION('',(-2.22044604925031E-16,0.,1.));
#2857=DIRECTION('center_axis',(-2.22044604925031E-16,0.,1.));
#2858=DIRECTION('ref_axis',(-1.,2.22044604925031E-16,-2.22044604925031E-16));
#2859=DIRECTION('center_axis',(2.22044604925031E-16,0.,-1.));
#2860=DIRECTION('ref_axis',(1.,-2.22044604925031E-16,2.22044604925031E-16));
#2861=DIRECTION('',(0.707106781186547,-2.43604851491927E-16,0.707106781186548));
#2862=DIRECTION('center_axis',(-2.22044604925031E-16,0.,1.));
#2863=DIRECTION('ref_axis',(1.,-2.22044604925031E-16,2.22044604925031E-16));
#2864=DIRECTION('center_axis',(-2.22044604925031E-16,0.,1.));
#2865=DIRECTION('ref_axis',(1.,-2.22044604925031E-16,2.22044604925031E-16));
#2866=DIRECTION('center_axis',(-2.22044604925031E-16,0.,1.));
#2867=DIRECTION('ref_axis',(-1.,2.22044604925031E-16,-2.22044604925031E-16));
#2868=DIRECTION('',(-2.22044604925031E-16,0.,1.));
#2869=DIRECTION('center_axis',(-2.22044604925031E-16,0.,1.));
#2870=DIRECTION('ref_axis',(-1.,2.22044604925031E-16,-2.22044604925031E-16));
#2871=DIRECTION('center_axis',(2.22044604925031E-16,0.,-1.));
#2872=DIRECTION('ref_axis',(1.,-2.22044604925031E-16,2.22044604925031E-16));
#2873=DIRECTION('',(0.707106781186547,-2.43604851491927E-16,0.707106781186548));
#2874=DIRECTION('center_axis',(-2.22044604925031E-16,0.,1.));
#2875=DIRECTION('ref_axis',(1.,-2.22044604925031E-16,2.22044604925031E-16));
#2876=DIRECTION('center_axis',(-2.22044604925031E-16,0.,1.));
#2877=DIRECTION('ref_axis',(1.,-2.22044604925031E-16,2.22044604925031E-16));
#2878=DIRECTION('center_axis',(-2.22044604925031E-16,0.,1.));
#2879=DIRECTION('ref_axis',(-1.,2.22044604925031E-16,-2.22044604925031E-16));
#2880=DIRECTION('',(-2.22044604925031E-16,0.,1.));
#2881=DIRECTION('center_axis',(-2.22044604925031E-16,0.,1.));
#2882=DIRECTION('ref_axis',(-1.,2.22044604925031E-16,-2.22044604925031E-16));
#2883=DIRECTION('center_axis',(2.22044604925031E-16,0.,-1.));
#2884=DIRECTION('ref_axis',(1.,-2.22044604925031E-16,2.22044604925031E-16));
#2885=DIRECTION('',(0.707106781186546,-2.43604851491926E-16,0.707106781186549));
#2886=DIRECTION('center_axis',(-2.22044604925031E-16,0.,1.));
#2887=DIRECTION('ref_axis',(1.,-2.22044604925031E-16,2.22044604925031E-16));
#2888=DIRECTION('center_axis',(-2.22044604925031E-16,0.,1.));
#2889=DIRECTION('ref_axis',(1.,-2.22044604925031E-16,2.22044604925031E-16));
#2890=DIRECTION('center_axis',(-2.22044604925031E-16,0.,1.));
#2891=DIRECTION('ref_axis',(-1.,2.22044604925031E-16,-2.22044604925031E-16));
#2892=DIRECTION('',(-2.22044604925031E-16,0.,1.));
#2893=DIRECTION('center_axis',(-2.22044604925031E-16,0.,1.));
#2894=DIRECTION('ref_axis',(-1.,2.22044604925031E-16,-2.22044604925031E-16));
#2895=DIRECTION('center_axis',(2.22044604925031E-16,0.,-1.));
#2896=DIRECTION('ref_axis',(-1.,2.22044604925031E-16,-2.22044604925031E-16));
#2897=DIRECTION('center_axis',(2.22044604925031E-16,0.,-1.));
#2898=DIRECTION('ref_axis',(-1.,2.22044604925031E-16,-2.22044604925031E-16));
#2899=DIRECTION('',(-0.857167300702112,8.53566555251941E-17,0.515038074910054));
#2900=DIRECTION('center_axis',(-2.22044604925031E-16,0.,1.));
#2901=DIRECTION('ref_axis',(-1.,2.22044604925031E-16,-2.22044604925031E-16));
#2902=DIRECTION('center_axis',(2.22044604925031E-16,0.,-1.));
#2903=DIRECTION('ref_axis',(-1.,2.22044604925031E-16,-2.22044604925031E-16));
#2904=DIRECTION('center_axis',(-2.22044604925031E-16,0.,1.));
#2905=DIRECTION('ref_axis',(-1.,2.22044604925031E-16,-2.22044604925031E-16));
#2906=DIRECTION('',(-0.857167300702112,8.53566555251941E-17,0.515038074910054));
#2907=DIRECTION('center_axis',(-2.22044604925031E-16,0.,1.));
#2908=DIRECTION('ref_axis',(-1.,2.22044604925031E-16,-2.22044604925031E-16));
#2909=DIRECTION('center_axis',(-2.22044604925031E-16,0.,1.));
#2910=DIRECTION('ref_axis',(-1.,2.22044604925031E-16,-2.22044604925031E-16));
#2911=DIRECTION('center_axis',(-2.22044604925031E-16,0.,1.));
#2912=DIRECTION('ref_axis',(-1.,2.22044604925031E-16,-2.22044604925031E-16));
#2913=DIRECTION('',(-2.22044604925031E-16,0.,1.));
#2914=DIRECTION('center_axis',(2.22044604925031E-16,0.,-1.));
#2915=DIRECTION('ref_axis',(-1.,2.22044604925031E-16,-2.22044604925031E-16));
#2916=DIRECTION('center_axis',(-2.22044604925031E-16,0.,1.));
#2917=DIRECTION('ref_axis',(-1.,2.22044604925031E-16,-2.22044604925031E-16));
#2918=DIRECTION('',(-0.857167300702112,8.53566555251941E-17,0.515038074910054));
#2919=DIRECTION('center_axis',(-2.22044604925031E-16,0.,1.));
#2920=DIRECTION('ref_axis',(-1.,2.22044604925031E-16,-2.22044604925031E-16));
#2921=DIRECTION('center_axis',(-2.22044604925031E-16,0.,1.));
#2922=DIRECTION('ref_axis',(-1.,2.22044604925031E-16,-2.22044604925031E-16));
#2923=DIRECTION('center_axis',(-2.22044604925031E-16,0.,1.));
#2924=DIRECTION('ref_axis',(-1.,2.22044604925031E-16,-2.22044604925031E-16));
#2925=DIRECTION('',(-2.22044604925031E-16,0.,1.));
#2926=DIRECTION('center_axis',(2.22044604925031E-16,0.,-1.));
#2927=DIRECTION('ref_axis',(-1.,2.22044604925031E-16,-2.22044604925031E-16));
#2928=DIRECTION('center_axis',(-2.22044604925031E-16,0.,1.));
#2929=DIRECTION('ref_axis',(-1.,2.22044604925031E-16,-2.22044604925031E-16));
#2930=DIRECTION('',(-0.857167300702112,8.53566555251941E-17,0.515038074910054));
#2931=DIRECTION('center_axis',(-2.22044604925031E-16,0.,1.));
#2932=DIRECTION('ref_axis',(-1.,2.22044604925031E-16,-2.22044604925031E-16));
#2933=DIRECTION('center_axis',(-2.22044604925031E-16,0.,1.));
#2934=DIRECTION('ref_axis',(-1.,2.22044604925031E-16,-2.22044604925031E-16));
#2935=DIRECTION('center_axis',(-2.22044604925031E-16,0.,1.));
#2936=DIRECTION('ref_axis',(-1.,2.22044604925031E-16,-2.22044604925031E-16));
#2937=DIRECTION('',(-2.22044604925031E-16,0.,1.));
#2938=DIRECTION('center_axis',(2.22044604925031E-16,0.,-1.));
#2939=DIRECTION('ref_axis',(-1.,2.22044604925031E-16,-2.22044604925031E-16));
#2940=DIRECTION('center_axis',(-2.22044604925031E-16,0.,1.));
#2941=DIRECTION('ref_axis',(-1.,2.22044604925031E-16,-2.22044604925031E-16));
#2942=DIRECTION('',(-0.857167300702112,8.53566555251941E-17,0.515038074910054));
#2943=DIRECTION('center_axis',(-2.22044604925031E-16,0.,1.));
#2944=DIRECTION('ref_axis',(-1.,2.22044604925031E-16,-2.22044604925031E-16));
#2945=DIRECTION('center_axis',(-2.22044604925031E-16,0.,1.));
#2946=DIRECTION('ref_axis',(-1.,2.22044604925031E-16,-2.22044604925031E-16));
#2947=DIRECTION('center_axis',(-2.22044604925031E-16,0.,1.));
#2948=DIRECTION('ref_axis',(-1.,2.22044604925031E-16,-2.22044604925031E-16));
#2949=DIRECTION('',(-2.22044604925031E-16,0.,1.));
#2950=DIRECTION('center_axis',(2.22044604925031E-16,0.,-1.));
#2951=DIRECTION('ref_axis',(-1.,2.22044604925031E-16,-2.22044604925031E-16));
#2952=DIRECTION('center_axis',(-2.22044604925031E-16,0.,1.));
#2953=DIRECTION('ref_axis',(-1.,2.22044604925031E-16,-2.22044604925031E-16));
#2954=DIRECTION('',(-0.857167300702112,8.53566555251941E-17,0.515038074910054));
#2955=DIRECTION('center_axis',(-2.22044604925031E-16,0.,1.));
#2956=DIRECTION('ref_axis',(-1.,2.22044604925031E-16,-2.22044604925031E-16));
#2957=DIRECTION('center_axis',(-2.22044604925031E-16,0.,1.));
#2958=DIRECTION('ref_axis',(-1.,2.22044604925031E-16,-2.22044604925031E-16));
#2959=DIRECTION('center_axis',(-2.22044604925031E-16,0.,1.));
#2960=DIRECTION('ref_axis',(-1.,2.22044604925031E-16,-2.22044604925031E-16));
#2961=DIRECTION('',(-2.22044604925031E-16,0.,1.));
#2962=DIRECTION('center_axis',(2.22044604925031E-16,0.,-1.));
#2963=DIRECTION('ref_axis',(-1.,2.22044604925031E-16,-2.22044604925031E-16));
#2964=DIRECTION('center_axis',(-2.22044604925031E-16,0.,1.));
#2965=DIRECTION('ref_axis',(-1.,2.22044604925031E-16,-2.22044604925031E-16));
#2966=DIRECTION('',(-0.857167300702112,8.53566555251941E-17,0.515038074910054));
#2967=DIRECTION('center_axis',(-2.22044604925031E-16,0.,1.));
#2968=DIRECTION('ref_axis',(-1.,2.22044604925031E-16,-2.22044604925031E-16));
#2969=DIRECTION('center_axis',(-2.22044604925031E-16,0.,1.));
#2970=DIRECTION('ref_axis',(-1.,2.22044604925031E-16,-2.22044604925031E-16));
#2971=DIRECTION('center_axis',(-2.22044604925031E-16,0.,1.));
#2972=DIRECTION('ref_axis',(-1.,2.22044604925031E-16,-2.22044604925031E-16));
#2973=DIRECTION('',(-2.22044604925031E-16,0.,1.));
#2974=DIRECTION('center_axis',(-1.,2.52044604925031E-16,2.27955395074969E-16));
#2975=DIRECTION('ref_axis',(-2.27955395074969E-16,9.99200722162641E-32,
-1.));
#2976=DIRECTION('center_axis',(1.,-2.22044604925031E-16,2.22044604925031E-16));
#2977=DIRECTION('ref_axis',(-2.22044604925031E-16,0.,1.));
#2978=DIRECTION('',(2.03275598307396E-17,-0.659850084690701,-0.751397275569771));
#2979=DIRECTION('',(-2.22044604925031E-16,-1.,-4.93038065763132E-32));
#2980=DIRECTION('',(-3.1335986256053E-16,-0.659850084690704,0.751397275569768));
#2981=DIRECTION('center_axis',(1.,-2.22044604925031E-16,2.22044604925031E-16));
#2982=DIRECTION('ref_axis',(-2.22044604925031E-16,0.,1.));
#2983=DIRECTION('center_axis',(-0.410511919411663,0.707106781186546,0.575742966974808));
#2984=DIRECTION('ref_axis',(-3.1238496586991E-16,-0.631397338970468,0.775459476917402));
#2985=DIRECTION('',(0.86482410927231,0.502074954584826,1.92029527673012E-16));
#2986=DIRECTION('',(-0.814223512336696,3.59923110831546E-16,-0.580551523947784));
#2987=DIRECTION('',(-0.410511919411662,-0.707106781186548,0.575742966974806));
#2988=DIRECTION('',(0.814223512336696,-3.59923110831546E-16,0.580551523947784));
#2989=DIRECTION('center_axis',(2.22044604925031E-16,1.,4.93038065763132E-32));
#2990=DIRECTION('ref_axis',(2.22044604925031E-16,0.,-1.));
#2991=DIRECTION('',(-3.14018491736755E-16,-0.707106781186549,0.707106781186546));
#2992=DIRECTION('center_axis',(-4.42044604925031E-16,-1.,-9.81536196598201E-32));
#2993=DIRECTION('ref_axis',(2.22044604925031E-16,0.,-1.));
#2994=DIRECTION('',(0.410511919412758,0.707106781185408,-0.575742966975424));
#2995=DIRECTION('center_axis',(4.42044604925031E-16,1.,9.81536196598201E-32));
#2996=DIRECTION('ref_axis',(2.22044604925031E-16,0.,-1.));
#2997=DIRECTION('center_axis',(1.5556349186104E-16,0.707106781186547,0.707106781186548));
#2998=DIRECTION('ref_axis',(-3.14018491736755E-16,-0.707106781186548,0.707106781186547));
#2999=DIRECTION('',(0.577350269189623,-0.577350269189628,0.577350269189626));
#3000=DIRECTION('',(1.,-4.42044604925031E-16,2.22044604925031E-16));
#3001=DIRECTION('',(-1.,4.42044604925031E-16,-2.22044604925031E-16));
#3002=DIRECTION('center_axis',(-4.42044604925031E-16,-1.,-9.81536196598201E-32));
#3003=DIRECTION('ref_axis',(-2.22044604925031E-16,0.,1.));
#3004=DIRECTION('',(0.688310066798088,-1.52835536848103E-16,0.725416605782093));
#3005=DIRECTION('',(1.,-2.22044604925031E-16,2.22044604925031E-16));
#3006=DIRECTION('center_axis',(-4.42044604925031E-16,-1.,-9.81536196598201E-32));
#3007=DIRECTION('ref_axis',(-2.22044604925031E-16,0.,1.));
#3008=DIRECTION('',(-2.22044604925031E-16,0.,1.));
#3009=DIRECTION('',(-0.707106781186546,3.12572737729417E-16,-0.707106781186549));
#3010=DIRECTION('',(-2.22044604925031E-16,0.,1.));
#3011=DIRECTION('',(0.707106781186546,-3.12572737729417E-16,-0.707106781186549));
#3012=DIRECTION('',(1.,-2.22044604925031E-16,2.22044604925031E-16));
#3013=DIRECTION('',(0.707106781186547,-1.57009245868377E-16,0.707106781186548));
#3014=DIRECTION('',(-2.22044604925031E-16,0.,1.));
#3015=DIRECTION('',(-2.22044604925031E-16,0.,1.));
#3016=DIRECTION('',(0.707106781186548,-3.17009245868275E-16,-0.707106781186547));
#3017=DIRECTION('',(1.,-4.42044604925031E-16,2.22044604925031E-16));
#3018=DIRECTION('',(-0.707106781186546,3.12572737729417E-16,-0.707106781186549));
#3019=DIRECTION('',(2.22044604925031E-16,0.,-1.));
#3020=DIRECTION('',(-0.755453954995708,3.3394434507513E-16,-0.655201741360127));
#3021=DIRECTION('',(-0.989949493661167,4.37601832821185E-16,0.141421356237309));
#3022=DIRECTION('',(1.,-2.22044604925031E-16,2.22044604925031E-16));
#3023=DIRECTION('center_axis',(2.22044604925031E-16,1.,4.93038065763132E-32));
#3024=DIRECTION('ref_axis',(-2.22044604925031E-16,0.,1.));
#3025=DIRECTION('center_axis',(-0.410511919411599,-0.707106781186657,0.575742966974717));
#3026=DIRECTION('ref_axis',(3.19882205051305E-17,-0.631397338970349,-0.7754594769175));
#3027=DIRECTION('',(-0.864824109272378,0.502074954584709,-1.92029527673027E-16));
#3028=DIRECTION('',(-0.814223512336696,3.59923110831546E-16,-0.580551523947784));
#3029=DIRECTION('',(0.410511919411725,-0.70710678118644,-0.575742966974894));
#3030=DIRECTION('',(0.814223512336696,-3.59923110831546E-16,0.580551523947784));
#3031=DIRECTION('center_axis',(-2.22044604925031E-16,-1.,-4.93038065763132E-32));
#3032=DIRECTION('ref_axis',(2.22044604925031E-16,0.,-1.));
#3033=DIRECTION('',(8.13512808509168E-31,-0.707106781186546,-0.707106781186549));
#3034=DIRECTION('center_axis',(-4.42044604925031E-16,-1.,-9.81536196598201E-32));
#3035=DIRECTION('ref_axis',(2.22044604925031E-16,0.,-1.));
#3036=DIRECTION('',(-0.41051191941276,0.707106781185405,0.575742966975426));
#3037=DIRECTION('center_axis',(4.42044604925031E-16,1.,9.81536196598201E-32));
#3038=DIRECTION('ref_axis',(2.22044604925031E-16,0.,-1.));
#3039=DIRECTION('center_axis',(-4.69581983597796E-16,-0.707106781186548,
0.707106781186547));
#3040=DIRECTION('ref_axis',(2.2186712959341E-31,-0.707106781186547,-0.707106781186548));
#3041=DIRECTION('',(-0.577350269189624,-0.577350269189626,-0.577350269189627));
#3042=DIRECTION('',(1.,-4.42044604925031E-16,2.22044604925031E-16));
#3043=DIRECTION('',(-1.,4.42044604925031E-16,-2.22044604925031E-16));
#3044=DIRECTION('center_axis',(2.22044604925031E-16,1.,4.93038065763132E-32));
#3045=DIRECTION('ref_axis',(-2.22044604925031E-16,0.,1.));
#3046=DIRECTION('',(2.22044604925031E-16,1.,4.93038065763132E-32));
#3047=DIRECTION('',(-2.22044604925031E-16,-1.,-4.93038065763132E-32));
#3048=DIRECTION('center_axis',(2.22044604925031E-16,0.,-1.));
#3049=DIRECTION('ref_axis',(-1.,2.22044604925031E-16,-2.22044604925031E-16));
#3050=DIRECTION('',(2.22044604925031E-16,1.,4.93038065763132E-32));
#3051=DIRECTION('',(1.,-4.42044604925031E-16,2.22044604925031E-16));
#3052=DIRECTION('',(-2.22044604925031E-16,-1.,-4.93038065763132E-32));
#3053=DIRECTION('',(1.,-4.42044604925031E-16,2.22044604925031E-16));
#3054=DIRECTION('',(2.22044604925031E-16,1.,4.93038065763132E-32));
#3055=DIRECTION('center_axis',(4.42044604925031E-16,1.,9.81536196598201E-32));
#3056=DIRECTION('ref_axis',(2.22044604925031E-16,0.,-1.));
#3057=DIRECTION('',(-0.707106781186546,3.12572737729417E-16,-0.707106781186549));
#3058=DIRECTION('',(-2.22044604925031E-16,0.,1.));
#3059=DIRECTION('',(1.,-2.22044604925031E-16,2.22044604925031E-16));
#3060=DIRECTION('',(0.989949493661167,-4.37601832821185E-16,-0.141421356237309));
#3061=DIRECTION('',(0.755453954995708,-3.3394434507513E-16,0.655201741360127));
#3062=DIRECTION('',(-2.22044604925031E-16,-2.46716227694479E-16,1.));
#3063=DIRECTION('',(0.707106781186546,-3.12572737729417E-16,0.707106781186549));
#3064=DIRECTION('',(1.,-4.42044604925031E-16,2.22044604925031E-16));
#3065=DIRECTION('',(0.707106781186548,-3.17009245868275E-16,-0.707106781186547));
#3066=DIRECTION('',(-2.22044604925031E-16,0.,1.));
#3067=DIRECTION('',(-2.22044604925031E-16,0.,1.));
#3068=DIRECTION('',(0.707106781186547,-1.57009245868377E-16,0.707106781186548));
#3069=DIRECTION('',(1.,-2.22044604925031E-16,2.22044604925031E-16));
#3070=DIRECTION('',(-0.707106781186546,3.12572737729417E-16,0.707106781186549));
#3071=DIRECTION('',(2.22044604925031E-16,0.,-1.));
#3072=DIRECTION('center_axis',(2.22044604925031E-16,1.,4.93038065763132E-32));
#3073=DIRECTION('ref_axis',(-2.22044604925031E-16,0.,1.));
#3074=DIRECTION('center_axis',(-3.14018491736755E-16,-0.707106781186548,
0.707106781186548));
#3075=DIRECTION('ref_axis',(0.,-0.707106781186548,-0.707106781186548));
#3076=DIRECTION('',(0.,-0.707106781186548,-0.707106781186548));
#3077=DIRECTION('',(1.,-2.22044604925031E-16,2.22044604925031E-16));
#3078=DIRECTION('',(0.,0.707106781186547,0.707106781186547));
#3079=DIRECTION('',(-1.,2.22044604925031E-16,-2.22044604925031E-16));
#3080=DIRECTION('center_axis',(-3.14018491736755E-16,-0.707106781186548,
0.707106781186548));
#3081=DIRECTION('ref_axis',(0.,-0.707106781186548,-0.707106781186548));
#3082=DIRECTION('',(0.,-0.707106781186548,-0.707106781186548));
#3083=DIRECTION('',(-1.,2.22044604925031E-16,-2.22044604925031E-16));
#3084=DIRECTION('',(1.,-2.22044604925031E-16,2.22044604925031E-16));
#3085=DIRECTION('center_axis',(2.22044604925031E-16,1.,4.93038065763132E-32));
#3086=DIRECTION('ref_axis',(-2.22044604925031E-16,0.,1.));
#3087=DIRECTION('',(-2.22044604925031E-16,0.,1.));
#3088=DIRECTION('',(-2.22044604925031E-16,0.,1.));
#3089=DIRECTION('',(0.989949493661167,-2.19812944215729E-16,-0.141421356237309));
#3090=DIRECTION('',(0.755453954995708,-1.67744474976074E-16,0.655201741360127));
#3091=DIRECTION('',(2.22044604925031E-16,0.,-1.));
#3092=DIRECTION('center_axis',(2.22044604925031E-16,1.,4.93038065763132E-32));
#3093=DIRECTION('ref_axis',(-2.22044604925031E-16,0.,1.));
#3094=DIRECTION('center_axis',(0.,0.707106781186548,0.707106781186548));
#3095=DIRECTION('ref_axis',(-3.14018491736755E-16,-0.707106781186548,0.707106781186548));
#3096=DIRECTION('',(-3.14018491736755E-16,-0.707106781186548,0.707106781186548));
#3097=DIRECTION('',(1.,-2.22044604925031E-16,2.22044604925031E-16));
#3098=DIRECTION('',(3.14018491736755E-16,0.707106781186547,-0.707106781186547));
#3099=DIRECTION('',(-1.,2.22044604925031E-16,-2.22044604925031E-16));
#3100=DIRECTION('center_axis',(0.,0.707106781186548,0.707106781186548));
#3101=DIRECTION('ref_axis',(-3.14018491736755E-16,-0.707106781186548,0.707106781186548));
#3102=DIRECTION('',(-3.14018491736755E-16,-0.707106781186548,0.707106781186548));
#3103=DIRECTION('',(-1.,2.22044604925031E-16,-2.22044604925031E-16));
#3104=DIRECTION('',(1.,-2.22044604925031E-16,2.22044604925031E-16));
#3105=DIRECTION('center_axis',(1.,-2.22044604925031E-16,2.22044604925031E-16));
#3106=DIRECTION('ref_axis',(-2.22044604925031E-16,0.,1.));
#3107=DIRECTION('',(-2.22044604925031E-16,0.,1.));
#3108=DIRECTION('',(2.22044604925031E-16,1.,4.93038065763132E-32));
#3109=DIRECTION('center_axis',(1.,-2.22044604925031E-16,2.22044604925031E-16));
#3110=DIRECTION('ref_axis',(2.22044604925031E-16,1.,4.93038065763132E-32));
#3111=DIRECTION('',(-2.22044604925031E-16,0.,1.));
#3112=DIRECTION('',(2.22044604925031E-16,1.,4.93038065763132E-32));
#3113=DIRECTION('center_axis',(-1.,2.22044604925031E-16,-2.22044604925031E-16));
#3114=DIRECTION('ref_axis',(-2.22044604925031E-16,0.,1.));
#3115=DIRECTION('center_axis',(-2.22044604925031E-16,-1.,-4.93038065763132E-32));
#3116=DIRECTION('ref_axis',(2.22044604925031E-16,0.,-1.));
#3117=DIRECTION('',(-2.22044604925031E-16,0.,1.));
#3118=DIRECTION('',(2.22044604925031E-16,0.,-1.));
#3119=DIRECTION('',(-0.755453954995708,1.67744474976074E-16,-0.655201741360127));
#3120=DIRECTION('',(-0.989949493661167,2.19812944215729E-16,0.141421356237309));
#3121=DIRECTION('center_axis',(2.22044604925031E-16,1.,4.93038065763132E-32));
#3122=DIRECTION('ref_axis',(-2.22044604925031E-16,0.,1.));
#3123=DIRECTION('center_axis',(-0.707106781186549,1.57009245868378E-16,
-0.707106781186546));
#3124=DIRECTION('ref_axis',(2.22044604925031E-16,1.,4.93038065763132E-32));
#3125=DIRECTION('',(-0.661335502539274,-0.353936019871173,0.661335502539277));
#3126=DIRECTION('',(2.22044604925031E-16,1.,4.93038065763132E-32));
#3127=DIRECTION('center_axis',(-0.707106781186545,0.531318108920484,-0.466584469451314));
#3128=DIRECTION('ref_axis',(-2.03275598307396E-17,0.659850084690701,0.751397275569771));
#3129=DIRECTION('',(2.03275598307396E-17,-0.659850084690701,-0.751397275569771));
#3130=DIRECTION('',(-0.70710678118655,-0.531318108920479,0.466584469451312));
#3131=DIRECTION('',(-2.03275598307396E-17,0.659850084690701,0.751397275569771));
#3132=DIRECTION('',(0.6734460103695,0.304862169241785,-0.6734460103695));
#3133=DIRECTION('center_axis',(-0.707106781186547,1.57009245868377E-16,
-0.707106781186548));
#3134=DIRECTION('ref_axis',(2.22044604925031E-16,1.,4.93038065763132E-32));
#3135=DIRECTION('',(2.22044604925031E-16,1.,4.93038065763132E-32));
#3136=DIRECTION('',(0.673446010369501,-0.30486216924178,-0.673446010369501));
#3137=DIRECTION('',(-2.22044604925031E-16,-1.,-4.93038065763132E-32));
#3138=DIRECTION('center_axis',(-1.,2.22044604925031E-16,-2.22044604925031E-16));
#3139=DIRECTION('ref_axis',(-2.22044604925031E-16,0.,1.));
#3140=DIRECTION('center_axis',(1.,-2.22044604925031E-16,2.22044604925031E-16));
#3141=DIRECTION('ref_axis',(-2.22044604925031E-16,0.,1.));
#3142=DIRECTION('',(-0.707106781186641,0.531318108920515,0.466584469451133));
#3143=DIRECTION('center_axis',(-1.,2.22044604925031E-16,-2.22044604925031E-16));
#3144=DIRECTION('ref_axis',(-2.22044604925031E-16,0.,1.));
#3145=DIRECTION('center_axis',(-0.707106781186549,1.57009245868378E-16,
-0.707106781186546));
#3146=DIRECTION('ref_axis',(2.22044604925031E-16,1.,4.93038065763132E-32));
#3147=DIRECTION('',(2.22044604925031E-16,1.,4.93038065763132E-32));
#3148=DIRECTION('',(0.661335502539274,-0.353936019871173,-0.661335502539277));
#3149=DIRECTION('center_axis',(-0.707106781186545,-0.531318108920482,-0.466584469451317));
#3150=DIRECTION('ref_axis',(3.1335986256053E-16,0.659850084690704,-0.751397275569768));
#3151=DIRECTION('',(3.1335986256053E-16,0.659850084690704,-0.751397275569768));
#3152=DIRECTION('',(-3.1335986256053E-16,-0.659850084690704,0.751397275569768));
#3153=DIRECTION('center_axis',(-1.,2.22044604925031E-16,-2.22044604925031E-16));
#3154=DIRECTION('ref_axis',(-2.22044604925031E-16,0.,1.));
#3155=DIRECTION('center_axis',(-1.,2.22044604925031E-16,-2.22044604925031E-16));
#3156=DIRECTION('ref_axis',(-2.22044604925031E-16,0.,1.));
#3157=DIRECTION('center_axis',(1.,-2.22044604925031E-16,2.22044604925031E-16));
#3158=DIRECTION('ref_axis',(-2.22044604925031E-16,0.,1.));
#3159=DIRECTION('center_axis',(0.392232270275828,0.588348405414742,0.70710678118669));
#3160=DIRECTION('ref_axis',(-0.832050294338138,0.554700196224788,-2.53759691103269E-13));
#3161=DIRECTION('',(0.209350510052909,0.6914377643507,-0.6914377643507));
#3162=DIRECTION('',(0.832050294337997,-0.554700196224999,1.84752278884037E-16));
#3163=DIRECTION('center_axis',(1.,-2.22044604925031E-16,2.22044604925031E-16));
#3164=DIRECTION('ref_axis',(-2.22044604925031E-16,0.,1.));
#3165=DIRECTION('',(1.,-2.22044604925031E-16,2.22044604925031E-16));
#3166=DIRECTION('center_axis',(-3.1335986256053E-16,-0.751397275569771,
0.659850084690701));
#3167=DIRECTION('ref_axis',(2.03275598307396E-17,-0.659850084690701,-0.751397275569771));
#3168=DIRECTION('',(1.,-2.22044604925031E-16,2.22044604925031E-16));
#3169=DIRECTION('center_axis',(-2.22044604925031E-16,0.,1.));
#3170=DIRECTION('ref_axis',(-2.22044604925031E-16,-1.,-4.93038065763132E-32));
#3171=DIRECTION('',(1.,-2.22044604925031E-16,2.22044604925031E-16));
#3172=DIRECTION('center_axis',(2.03275598307381E-17,0.751397275569768,0.659850084690704));
#3173=DIRECTION('ref_axis',(-3.1335986256053E-16,-0.659850084690704,0.751397275569768));
#3174=DIRECTION('',(1.,-2.22044604925031E-16,2.22044604925031E-16));
#3175=DIRECTION('center_axis',(1.,-2.22044604925031E-16,2.22044604925031E-16));
#3176=DIRECTION('ref_axis',(-2.22044604925031E-16,0.,1.));
#3177=DIRECTION('center_axis',(-0.707106781186549,1.57009245868378E-16,
0.707106781186546));
#3178=DIRECTION('ref_axis',(-2.22044604925031E-16,-1.,-4.93038065763132E-32));
#3179=DIRECTION('',(-0.707106781186546,3.12572737729417E-16,-0.707106781186549));
#3180=DIRECTION('',(-2.22044604925031E-16,-1.,-4.93038065763132E-32));
#3181=DIRECTION('center_axis',(-0.707106781186549,1.57009245868378E-16,
0.707106781186546));
#3182=DIRECTION('ref_axis',(-2.22044604925031E-16,-1.,-4.93038065763132E-32));
#3183=DIRECTION('',(0.707106781186546,-3.12572737729417E-16,0.707106781186549));
#3184=DIRECTION('',(-2.22044604925031E-16,-1.,-4.93038065763132E-32));
#3185=DIRECTION('center_axis',(-0.707106781186549,1.57009245868378E-16,
-0.707106781186546));
#3186=DIRECTION('ref_axis',(2.22044604925031E-16,1.,4.93038065763132E-32));
#3187=DIRECTION('',(-0.707106781186546,3.12572737729417E-16,0.707106781186549));
#3188=DIRECTION('',(-2.22044604925031E-16,-1.,-4.93038065763132E-32));
#3189=DIRECTION('',(2.22044604925031E-16,1.,4.93038065763132E-32));
#3190=DIRECTION('center_axis',(-2.22044604925031E-16,0.,1.));
#3191=DIRECTION('ref_axis',(1.,-2.22044604925031E-16,2.22044604925031E-16));
#3192=DIRECTION('',(1.,-4.42044604925031E-16,2.22044604925031E-16));
#3193=DIRECTION('',(-2.22044604925031E-16,-1.,-4.93038065763132E-32));
#3194=DIRECTION('center_axis',(-0.707106781186549,1.57009245868378E-16,
-0.707106781186546));
#3195=DIRECTION('ref_axis',(2.22044604925031E-16,1.,4.93038065763132E-32));
#3196=DIRECTION('',(-2.22044604925031E-16,-1.,-4.93038065763132E-32));
#3197=DIRECTION('',(0.707106781186546,-3.12572737729417E-16,-0.707106781186549));
#3198=DIRECTION('',(2.22044604925031E-16,1.,4.93038065763132E-32));
#3199=DIRECTION('center_axis',(-2.22044604925031E-16,0.,1.));
#3200=DIRECTION('ref_axis',(1.,-2.22044604925031E-16,2.22044604925031E-16));
#3201=DIRECTION('',(-2.22044604925031E-16,-1.,-4.93038065763132E-32));
#3202=DIRECTION('',(1.,-4.42044604925031E-16,2.22044604925031E-16));
#3203=DIRECTION('center_axis',(-0.707106781186549,1.57009245868378E-16,
0.707106781186546));
#3204=DIRECTION('ref_axis',(-2.22044604925031E-16,-1.,-4.93038065763132E-32));
#3205=DIRECTION('',(2.22044604925031E-16,1.,4.93038065763132E-32));
#3206=DIRECTION('',(-2.22044604925031E-16,-1.,-4.93038065763132E-32));
#3207=DIRECTION('center_axis',(2.22044604925031E-16,0.,-1.));
#3208=DIRECTION('ref_axis',(-4.42044604925031E-16,-1.,-9.81536196598201E-32));
#3209=DIRECTION('',(2.22044604925031E-16,1.,4.93038065763132E-32));
#3210=DIRECTION('center_axis',(-0.655201741360127,1.45484011806502E-16,
0.755453954995708));
#3211=DIRECTION('ref_axis',(-2.22044604925031E-16,-1.,-4.93038065763132E-32));
#3212=DIRECTION('',(2.22044604925031E-16,1.,4.93038065763132E-32));
#3213=DIRECTION('',(-2.22044604925031E-16,-1.,-4.93038065763132E-32));
#3214=DIRECTION('center_axis',(0.141421356237309,-3.14018491736755E-17,
0.989949493661167));
#3215=DIRECTION('ref_axis',(-2.22044604925031E-16,-1.,-4.93038065763132E-32));
#3216=DIRECTION('',(-2.22044604925031E-16,-1.,-4.93038065763132E-32));
#3217=DIRECTION('center_axis',(-0.655201741360127,1.45484011806502E-16,
0.755453954995708));
#3218=DIRECTION('ref_axis',(-2.22044604925031E-16,-1.,-4.93038065763132E-32));
#3219=DIRECTION('',(-2.22044604925031E-16,-1.,-4.93038065763132E-32));
#3220=DIRECTION('',(2.22044604925031E-16,1.,4.93038065763132E-32));
#3221=DIRECTION('center_axis',(0.141421356237309,-3.14018491736755E-17,
0.989949493661167));
#3222=DIRECTION('ref_axis',(-2.22044604925031E-16,-1.,-4.93038065763132E-32));
#3223=DIRECTION('',(-2.22044604925031E-16,-1.,-4.93038065763132E-32));
#3224=DIRECTION('center_axis',(1.,-2.22044604925031E-16,2.22044604925031E-16));
#3225=DIRECTION('ref_axis',(-2.22044604925031E-16,0.,1.));
#3226=DIRECTION('',(2.22044604925031E-16,0.,-1.));
#3227=DIRECTION('',(-2.22044604925031E-16,-1.,-4.93038065763132E-32));
#3228=DIRECTION('',(-2.22044604925031E-16,-1.,-4.93038065763132E-32));
#3229=DIRECTION('',(2.22044604925031E-16,0.,-1.));
#3230=DIRECTION('',(-2.22044604925031E-16,0.,1.));
#3231=DIRECTION('',(2.22044604925031E-16,0.,-1.));
#3232=DIRECTION('center_axis',(2.22044604925031E-16,1.,4.93038065763132E-32));
#3233=DIRECTION('ref_axis',(-2.22044604925031E-16,0.,1.));
#3234=DIRECTION('center_axis',(2.22044604925031E-16,1.,4.93038065763132E-32));
#3235=DIRECTION('ref_axis',(-2.22044604925031E-16,0.,1.));
#3236=DIRECTION('',(2.22044604925031E-16,1.,4.93038065763132E-32));
#3237=DIRECTION('center_axis',(2.22044604925031E-16,1.,4.93038065763132E-32));
#3238=DIRECTION('ref_axis',(-2.22044604925031E-16,0.,1.));
#3239=DIRECTION('center_axis',(2.22044604925031E-16,1.,4.93038065763132E-32));
#3240=DIRECTION('ref_axis',(-2.22044604925031E-16,0.,1.));
#3241=DIRECTION('center_axis',(2.22044604925031E-16,1.,4.93038065763132E-32));
#3242=DIRECTION('ref_axis',(-2.22044604925031E-16,0.,1.));
#3243=DIRECTION('',(2.22044604925031E-16,1.,4.93038065763132E-32));
#3244=DIRECTION('center_axis',(2.22044604925031E-16,1.,4.93038065763132E-32));
#3245=DIRECTION('ref_axis',(-2.22044604925031E-16,0.,1.));
#3246=DIRECTION('center_axis',(-0.707106781186548,3.37009245868262E-16,
0.707106781186547));
#3247=DIRECTION('ref_axis',(-4.59323825538538E-16,-1.,1.7279220613487E-17));
#3248=DIRECTION('',(0.707106781186547,-3.17009245868275E-16,0.707106781186548));
#3249=DIRECTION('',(-4.42044604925031E-16,-1.,-9.81536196598201E-32));
#3250=DIRECTION('',(0.707106781186547,-3.17009245868275E-16,0.707106781186548));
#3251=DIRECTION('',(-4.42044604925031E-16,-1.,-9.81536196598201E-32));
#3252=DIRECTION('center_axis',(-1.,4.42044604925031E-16,-2.22044604925031E-16));
#3253=DIRECTION('ref_axis',(-4.42044604925031E-16,-1.,-9.81536196598201E-32));
#3254=DIRECTION('',(2.22044604925031E-16,0.,-1.));
#3255=DIRECTION('',(2.22044604925031E-16,1.,4.93038065763132E-32));
#3256=DIRECTION('',(-2.22044604925031E-16,0.,1.));
#3257=DIRECTION('center_axis',(2.22044604925031E-16,1.,4.93038065763132E-32));
#3258=DIRECTION('ref_axis',(-2.22044604925031E-16,0.,1.));
#3259=DIRECTION('center_axis',(2.22044604925031E-16,1.,4.93038065763132E-32));
#3260=DIRECTION('ref_axis',(-2.22044604925031E-16,0.,1.));
#3261=DIRECTION('center_axis',(-2.22044604925031E-16,-1.,-4.93038065763132E-32));
#3262=DIRECTION('ref_axis',(2.22044604925031E-16,0.,-1.));
#3263=DIRECTION('center_axis',(2.22044604925031E-16,1.,4.93038065763132E-32));
#3264=DIRECTION('ref_axis',(-2.22044604925031E-16,0.,1.));
#3265=DIRECTION('center_axis',(2.22044604925031E-16,1.,4.93038065763132E-32));
#3266=DIRECTION('ref_axis',(-2.22044604925031E-16,0.,1.));
#3267=DIRECTION('center_axis',(2.22044604925031E-16,1.,4.93038065763132E-32));
#3268=DIRECTION('ref_axis',(-2.22044604925031E-16,0.,1.));
#3269=DIRECTION('center_axis',(-2.22044604925031E-16,-1.,-4.93038065763132E-32));
#3270=DIRECTION('ref_axis',(2.22044604925031E-16,0.,-1.));
#3271=DIRECTION('center_axis',(2.22044604925031E-16,1.,4.93038065763132E-32));
#3272=DIRECTION('ref_axis',(-2.22044604925031E-16,0.,1.));
#3273=DIRECTION('center_axis',(-4.42044604925031E-16,-1.,-9.81536196598201E-32));
#3274=DIRECTION('ref_axis',(-2.22044604925031E-16,0.,1.));
#3275=DIRECTION('',(1.,-4.42044604925031E-16,2.22044604925031E-16));
#3276=DIRECTION('',(1.,-4.42044604925031E-16,2.22044604925031E-16));
#3277=DIRECTION('',(-2.22044604925031E-16,0.,1.));
#3278=DIRECTION('center_axis',(2.22044604925031E-16,0.,-1.));
#3279=DIRECTION('ref_axis',(-4.42044604925031E-16,-1.,-9.81536196598201E-32));
#3280=DIRECTION('',(1.,-4.42044604925031E-16,2.22044604925031E-16));
#3281=DIRECTION('',(-2.22044604925031E-16,-1.,-4.93038065763132E-32));
#3282=DIRECTION('center_axis',(4.42044604925031E-16,1.,9.81536196598201E-32));
#3283=DIRECTION('ref_axis',(2.22044604925031E-16,0.,-1.));
#3284=DIRECTION('',(2.22044604925031E-16,0.,-1.));
#3285=DIRECTION('',(1.,-4.42044604925031E-16,2.22044604925031E-16));
#3286=DIRECTION('center_axis',(-2.22044604925031E-16,0.,1.));
#3287=DIRECTION('ref_axis',(4.42044604925031E-16,1.,9.81536196598201E-32));
#3288=DIRECTION('',(2.22044604925031E-16,1.,4.93038065763132E-32));
#3289=DIRECTION('center_axis',(-2.22044604925031E-16,-1.,-4.93038065763132E-32));
#3290=DIRECTION('ref_axis',(-2.22044604925031E-16,0.,1.));
#3291=DIRECTION('center_axis',(2.22044604925031E-16,1.,4.93038065763132E-32));
#3292=DIRECTION('ref_axis',(-2.22044604925031E-16,0.,1.));
#3293=DIRECTION('',(-8.65956056233697E-17,0.707106781186865,0.70710678118623));
#3294=DIRECTION('center_axis',(2.22044604925031E-16,1.,4.93038065763132E-32));
#3295=DIRECTION('ref_axis',(-2.22044604925031E-16,0.,1.));
#3296=DIRECTION('center_axis',(2.22044604925031E-16,1.,4.93038065763132E-32));
#3297=DIRECTION('ref_axis',(-2.22044604925031E-16,0.,1.));
#3298=DIRECTION('',(-2.27422886113244E-16,-0.707106781186865,0.70710678118623));
#3299=DIRECTION('center_axis',(-0.580551523947784,1.2890833377361E-16,0.814223512336696));
#3300=DIRECTION('ref_axis',(-0.814223512336696,1.80793938117473E-16,-0.580551523947784));
#3301=DIRECTION('',(2.22044604925031E-16,1.,4.93038065763132E-32));
#3302=DIRECTION('center_axis',(2.22044604925031E-16,1.,4.93038065763132E-32));
#3303=DIRECTION('ref_axis',(-2.22044604925031E-16,0.,1.));
#3304=DIRECTION('',(2.22044604925031E-16,1.,4.93038065763132E-32));
#3305=DIRECTION('center_axis',(2.22044604925031E-16,1.,4.93038065763132E-32));
#3306=DIRECTION('ref_axis',(-2.22044604925031E-16,0.,1.));
#3307=DIRECTION('center_axis',(-1.,4.42044604925031E-16,-2.22044604925031E-16));
#3308=DIRECTION('ref_axis',(-2.22044604925031E-16,0.,1.));
#3309=DIRECTION('center_axis',(-1.,4.42044604925031E-16,-2.22044604925031E-16));
#3310=DIRECTION('ref_axis',(-2.22044604925031E-16,0.,1.));
#3311=DIRECTION('',(-1.,4.42044604925031E-16,-2.22044604925031E-16));
#3312=DIRECTION('center_axis',(-2.22044604925031E-16,-1.,-4.93038065763132E-32));
#3313=DIRECTION('ref_axis',(-2.22044604925031E-16,0.,1.));
#3314=DIRECTION('',(-2.22044604925031E-16,-1.,-4.93038065763132E-32));
#3315=DIRECTION('center_axis',(2.22044604925031E-16,1.,4.93038065763132E-32));
#3316=DIRECTION('ref_axis',(-2.22044604925031E-16,0.,1.));
#3317=DIRECTION('center_axis',(-1.,4.42044604925031E-16,-2.22044604925031E-16));
#3318=DIRECTION('ref_axis',(-2.22044604925031E-16,0.,1.));
#3319=DIRECTION('center_axis',(-1.,4.42044604925031E-16,-2.22044604925031E-16));
#3320=DIRECTION('ref_axis',(-2.22044604925031E-16,0.,1.));
#3321=DIRECTION('',(-1.,4.42044604925031E-16,-2.22044604925031E-16));
#3322=DIRECTION('center_axis',(-1.,2.22044604925031E-16,-2.22044604925031E-16));
#3323=DIRECTION('ref_axis',(-2.22044604925031E-16,0.,1.));
#3324=DIRECTION('center_axis',(1.,-2.22044604925031E-16,2.22044604925031E-16));
#3325=DIRECTION('ref_axis',(-2.22044604925031E-16,-1.,-4.93038065763132E-32));
#3326=DIRECTION('',(1.,-2.22044604925031E-16,2.22044604925031E-16));
#3327=DIRECTION('center_axis',(-1.,2.22044604925031E-16,-2.22044604925031E-16));
#3328=DIRECTION('ref_axis',(2.22044604925031E-16,1.,4.93038065763132E-32));
#3329=DIRECTION('',(1.,-2.22044604925031E-16,2.22044604925031E-16));
#3330=DIRECTION('center_axis',(-1.,2.22044604925031E-16,-2.22044604925031E-16));
#3331=DIRECTION('ref_axis',(2.22044604925031E-16,1.,4.93038065763132E-32));
#3332=DIRECTION('center_axis',(1.,-2.22044604925031E-16,2.22044604925031E-16));
#3333=DIRECTION('ref_axis',(2.22044604925031E-16,1.,4.93038065763132E-32));
#3334=DIRECTION('',(2.22044604925031E-16,0.,-1.));
#3335=DIRECTION('',(2.22044604925031E-16,1.,4.93038065763132E-32));
#3336=DIRECTION('',(2.22044604925031E-16,0.,-1.));
#3337=DIRECTION('center_axis',(1.,-2.22044604925031E-16,2.22044604925031E-16));
#3338=DIRECTION('ref_axis',(2.22044604925031E-16,1.,4.93038065763132E-32));
#3339=DIRECTION('',(-2.22044604925031E-16,-1.,-4.93038065763132E-32));
#3340=DIRECTION('',(-2.22044604925031E-16,-1.,-4.93038065763132E-32));
#3341=DIRECTION('center_axis',(1.,-2.22044604925031E-16,2.22044604925031E-16));
#3342=DIRECTION('ref_axis',(2.22044604925031E-16,1.,4.93038065763132E-32));
#3343=DIRECTION('',(1.,-2.22044604925031E-16,2.22044604925031E-16));
#3344=DIRECTION('',(1.,-2.22044604925031E-16,2.22044604925031E-16));
#3345=DIRECTION('center_axis',(-2.22044604925031E-16,-1.,-4.93038065763132E-32));
#3346=DIRECTION('ref_axis',(-2.22044604925031E-16,0.,1.));
#3347=DIRECTION('',(2.22044604925031E-16,1.,4.93038065763132E-32));
#3348=DIRECTION('center_axis',(-2.22044604925031E-16,0.,1.));
#3349=DIRECTION('ref_axis',(2.22044604925031E-16,1.,4.93038065763132E-32));
#3350=DIRECTION('',(-2.22044604925031E-16,-1.,-4.93038065763132E-32));
#3351=DIRECTION('center_axis',(-0.707106781186548,1.57009245868377E-16,
0.707106781186547));
#3352=DIRECTION('ref_axis',(-2.22044604925031E-16,-1.,-4.93038065763132E-32));
#3353=DIRECTION('',(0.707106781186547,-3.17009245868275E-16,0.707106781186548));
#3354=DIRECTION('',(-2.22044604925031E-16,-1.,-4.93038065763132E-32));
#3355=DIRECTION('center_axis',(-2.22044604925031E-16,0.,1.));
#3356=DIRECTION('ref_axis',(2.22044604925031E-16,1.,4.93038065763132E-32));
#3357=DIRECTION('',(1.,-2.22044604925031E-16,2.22044604925031E-16));
#3358=DIRECTION('center_axis',(4.42044604925031E-16,1.,9.81536196598201E-32));
#3359=DIRECTION('ref_axis',(2.22044604925031E-16,0.,-1.));
#3360=DIRECTION('center_axis',(2.22044604925031E-16,1.,4.93038065763132E-32));
#3361=DIRECTION('ref_axis',(-2.22044604925031E-16,0.,1.));
#3362=DIRECTION('',(-2.22044604925031E-16,-1.,-4.93038065763132E-32));
#3363=DIRECTION('center_axis',(1.,-2.22044604925031E-16,2.22044604925031E-16));
#3364=DIRECTION('ref_axis',(-2.22044604925031E-16,0.,1.));
#3365=DIRECTION('',(-2.22044604925031E-16,0.,1.));
#3366=DIRECTION('',(-2.22044604925031E-16,0.,1.));
#3367=DIRECTION('',(-2.22044604925031E-16,-1.,-4.93038065763132E-32));
#3368=DIRECTION('',(2.22044604925031E-16,1.,4.93038065763132E-32));
#3369=DIRECTION('center_axis',(-0.707106781186548,1.57009245868377E-16,
0.707106781186547));
#3370=DIRECTION('ref_axis',(-2.22044604925031E-16,-1.,-4.93038065763132E-32));
#3371=DIRECTION('',(0.707106781186547,-3.17009245868275E-16,0.707106781186548));
#3372=DIRECTION('center_axis',(-0.707106781186547,1.57009245868377E-16,
-0.707106781186548));
#3373=DIRECTION('ref_axis',(2.22044604925031E-16,1.,4.93038065763132E-32));
#3374=DIRECTION('center_axis',(2.22044604925031E-16,1.,4.93038065763132E-32));
#3375=DIRECTION('ref_axis',(-2.22044604925031E-16,0.,1.));
#3376=DIRECTION('',(2.27422886113244E-16,0.707106781186865,-0.70710678118623));
#3377=DIRECTION('center_axis',(-2.22044604925031E-16,0.,1.));
#3378=DIRECTION('ref_axis',(1.,-2.22044604925031E-16,2.22044604925031E-16));
#3379=DIRECTION('',(1.,-2.22044604925031E-16,2.22044604925031E-16));
#3380=DIRECTION('',(2.22044604925031E-16,1.,4.93038065763132E-32));
#3381=DIRECTION('center_axis',(-2.22044604925031E-16,-1.,-4.93038065763132E-32));
#3382=DIRECTION('ref_axis',(-2.22044604925031E-16,0.,1.));
#3383=DIRECTION('',(8.65956056233697E-17,-0.707106781186865,-0.70710678118623));
#3384=DIRECTION('center_axis',(1.,-2.22044604925031E-16,2.22044604925031E-16));
#3385=DIRECTION('ref_axis',(2.22044604925031E-16,0.,-1.));
#3386=DIRECTION('',(-2.22044604925031E-16,-1.,-4.93038065763132E-32));
#3387=DIRECTION('',(-2.22044604925031E-16,0.,1.));
#3388=DIRECTION('center_axis',(-2.22044604925031E-16,0.,1.));
#3389=DIRECTION('ref_axis',(-1.,2.22044604925031E-16,-2.22044604925031E-16));
#3390=DIRECTION('',(-2.22044604925031E-16,-1.,-4.93038065763132E-32));
#3391=DIRECTION('',(1.,-2.22044604925031E-16,2.22044604925031E-16));
#3392=DIRECTION('center_axis',(2.22044604925031E-16,0.,-1.));
#3393=DIRECTION('ref_axis',(1.,-2.22044604925031E-16,2.22044604925031E-16));
#3394=DIRECTION('',(2.22044604925031E-16,1.,4.93038065763132E-32));
#3395=DIRECTION('',(-0.707106781186547,0.707106781186548,-1.57009245868377E-16));
#3396=DIRECTION('',(1.,-2.22044604925031E-16,2.22044604925031E-16));
#3397=DIRECTION('',(1.,-2.22044604925031E-16,2.22044604925031E-16));
#3398=DIRECTION('',(-0.707106781186548,-0.707106781186547,-1.57009245868378E-16));
#3399=DIRECTION('center_axis',(2.22044604925031E-16,0.,-1.));
#3400=DIRECTION('ref_axis',(-1.,2.22044604925031E-16,-2.22044604925031E-16));
#3401=DIRECTION('center_axis',(2.22044604925031E-16,0.,-1.));
#3402=DIRECTION('ref_axis',(-1.,2.22044604925031E-16,-2.22044604925031E-16));
#3403=DIRECTION('center_axis',(2.22044604925031E-16,0.,-1.));
#3404=DIRECTION('ref_axis',(-1.,2.22044604925031E-16,-2.22044604925031E-16));
#3405=DIRECTION('center_axis',(-2.22044604925031E-16,-1.,-4.93038065763132E-32));
#3406=DIRECTION('ref_axis',(2.22044604925031E-16,0.,-1.));
#3407=DIRECTION('',(-1.,2.22044604925031E-16,-2.22044604925031E-16));
#3408=DIRECTION('',(2.22044604925031E-16,0.,-1.));
#3409=DIRECTION('',(1.,-2.22044604925031E-16,2.22044604925031E-16));
#3410=DIRECTION('',(2.22044604925031E-16,0.,-1.));
#3411=DIRECTION('center_axis',(-0.707106781186547,0.707106781186548,-1.57009245868377E-16));
#3412=DIRECTION('ref_axis',(2.22044604925031E-16,0.,-1.));
#3413=DIRECTION('',(2.22044604925031E-16,0.,-1.));
#3414=DIRECTION('',(-0.707106781186548,-0.707106781186547,-1.57009245868378E-16));
#3415=DIRECTION('center_axis',(-1.,2.22044604925031E-16,-2.22044604925031E-16));
#3416=DIRECTION('ref_axis',(2.22044604925031E-16,0.,-1.));
#3417=DIRECTION('',(2.22044604925031E-16,1.,4.93038065763132E-32));
#3418=DIRECTION('',(2.22044604925031E-16,0.,-1.));
#3419=DIRECTION('center_axis',(-0.707106781186548,-0.707106781186547,-1.57009245868378E-16));
#3420=DIRECTION('ref_axis',(-2.22044604925031E-16,0.,1.));
#3421=DIRECTION('',(-0.707106781186547,0.707106781186548,-1.57009245868377E-16));
#3422=DIRECTION('',(2.22044604925031E-16,0.,-1.));
#3423=DIRECTION('center_axis',(2.22044604925031E-16,1.,4.93038065763132E-32));
#3424=DIRECTION('ref_axis',(-2.22044604925031E-16,0.,1.));
#3425=DIRECTION('',(-1.,2.22044604925031E-16,-2.22044604925031E-16));
#3426=DIRECTION('',(2.22044604925031E-16,0.,-1.));
#3427=DIRECTION('',(1.,-2.22044604925031E-16,2.22044604925031E-16));
#3428=DIRECTION('center_axis',(4.42044604925031E-16,1.,9.81536196598201E-32));
#3429=DIRECTION('ref_axis',(2.22044604925031E-16,0.,-1.));
#3430=DIRECTION('center_axis',(-4.42044604925031E-16,-1.,-9.81536196598201E-32));
#3431=DIRECTION('ref_axis',(-2.22044604925031E-16,0.,1.));
#3432=DIRECTION('center_axis',(0.554700196224998,-0.832050294337998,1.23168185922617E-16));
#3433=DIRECTION('ref_axis',(0.832050294337998,0.554700196224998,1.84752278884037E-16));
#3434=DIRECTION('',(0.832050294337998,0.554700196224998,1.84752278884037E-16));
#3435=DIRECTION('',(0.832050294337998,0.554700196224998,1.84752278884037E-16));
#3436=DIRECTION('center_axis',(-2.22044604925031E-16,0.,1.));
#3437=DIRECTION('ref_axis',(1.,-2.22044604925031E-16,2.22044604925031E-16));
#3438=DIRECTION('center_axis',(-2.22044604925031E-16,0.,1.));
#3439=DIRECTION('ref_axis',(-1.,2.22044604925031E-16,-2.22044604925031E-16));
#3440=DIRECTION('',(0.832050294337997,-0.554700196224999,1.84752278884037E-16));
#3441=DIRECTION('center_axis',(0.554700196224999,0.832050294337997,1.23168185922617E-16));
#3442=DIRECTION('ref_axis',(-0.832050294337997,0.554700196224999,-1.84752278884037E-16));
#3443=DIRECTION('center_axis',(2.22044604925031E-16,0.,-1.));
#3444=DIRECTION('ref_axis',(-1.,2.22044604925031E-16,-2.22044604925031E-16));
#3445=DIRECTION('',(2.22044604925031E-16,0.,-1.));
#3446=DIRECTION('center_axis',(2.22044604925031E-16,0.,-1.));
#3447=DIRECTION('ref_axis',(-1.,2.22044604925031E-16,-2.22044604925031E-16));
#3448=DIRECTION('center_axis',(2.22044604925031E-16,0.,-1.));
#3449=DIRECTION('ref_axis',(-1.,2.22044604925031E-16,-2.22044604925031E-16));
#3450=DIRECTION('',(2.22044604925031E-16,0.,-1.));
#3451=DIRECTION('center_axis',(2.22044604925031E-16,0.,-1.));
#3452=DIRECTION('ref_axis',(-1.,2.22044604925031E-16,-2.22044604925031E-16));
#3453=DIRECTION('center_axis',(2.22044604925031E-16,0.,-1.));
#3454=DIRECTION('ref_axis',(-1.,2.22044604925031E-16,-2.22044604925031E-16));
#3455=DIRECTION('',(2.22044604925031E-16,0.,-1.));
#3456=DIRECTION('center_axis',(2.22044604925031E-16,0.,-1.));
#3457=DIRECTION('ref_axis',(-1.,2.22044604925031E-16,-2.22044604925031E-16));
#3458=DIRECTION('center_axis',(0.,0.707106781186548,0.707106781186548));
#3459=DIRECTION('ref_axis',(1.,-2.22044604925031E-16,2.22044604925031E-16));
#3460=DIRECTION('',(-0.281084637714927,0.678598344545825,-0.678598344545825));
#3461=DIRECTION('center_axis',(0.49999999999984,-0.49999999999984,-0.707106781186774));
#3462=DIRECTION('ref_axis',(-0.707106781186548,-0.707106781186547,-1.57009245868378E-16));
#3463=DIRECTION('',(-0.678598344545825,0.281084637714928,-0.678598344545825));
#3464=DIRECTION('center_axis',(0.707106781186548,-1.57009245868377E-16,
-0.707106781186547));
#3465=DIRECTION('ref_axis',(2.22044604925031E-16,1.,4.93038065763132E-32));
#3466=DIRECTION('',(0.678598344545825,0.281084637714927,0.678598344545825));
#3467=DIRECTION('center_axis',(-0.49999999999984,-0.49999999999984,0.707106781186774));
#3468=DIRECTION('ref_axis',(0.707106781186547,-0.707106781186548,1.57009245868377E-16));
#3469=DIRECTION('',(-0.281084637714927,-0.678598344545825,-0.678598344545825));
#3470=DIRECTION('center_axis',(-3.14018491736755E-16,-0.707106781186548,
0.707106781186548));
#3471=DIRECTION('ref_axis',(-1.,2.22044604925031E-16,-2.22044604925031E-16));
#3472=DIRECTION('',(-0.209350510052909,0.6914377643507,0.6914377643507));
#3473=DIRECTION('center_axis',(-0.392232270275827,0.588348405414742,-0.70710678118669));
#3474=DIRECTION('ref_axis',(-0.832050294338138,-0.554700196224787,-2.53759691103269E-13));
#3475=DIRECTION('center_axis',(2.22044604925031E-16,0.,-1.));
#3476=DIRECTION('ref_axis',(-1.,2.22044604925031E-16,-2.22044604925031E-16));
#3477=DIRECTION('',(0.707106781186231,-2.43604851491818E-16,-0.707106781186864));
#3478=DIRECTION('center_axis',(2.22044604925031E-16,0.,-1.));
#3479=DIRECTION('ref_axis',(-1.,2.22044604925031E-16,-2.22044604925031E-16));
#3480=DIRECTION('',(0.707106781186231,-2.43604851491818E-16,-0.707106781186864));
#3481=DIRECTION('center_axis',(2.22044604925031E-16,0.,-1.));
#3482=DIRECTION('ref_axis',(-1.,2.22044604925031E-16,-2.22044604925031E-16));
#3483=DIRECTION('',(0.707106781186231,-2.43604851491818E-16,-0.707106781186864));
#3484=CARTESIAN_POINT('',(0.,0.,0.));
#3485=CARTESIAN_POINT('Origin',(-24.5,10.,0.249999999999995));
#3486=CARTESIAN_POINT('',(-27.,10.,0.));
#3487=CARTESIAN_POINT('Origin',(-24.5,10.,0.));
#3488=CARTESIAN_POINT('',(-26.5,10.,0.499999999999998));
#3489=CARTESIAN_POINT('',(-26.75,10.,0.249999999999994));
#3490=CARTESIAN_POINT('',(-22.5,10.,0.499999999999999));
#3491=CARTESIAN_POINT('Origin',(-24.5,10.,0.499999999999998));
#3492=CARTESIAN_POINT('Origin',(-24.5,10.,0.499999999999998));
#3493=CARTESIAN_POINT('Origin',(22.,-35.,4.44089209850063E-15));
#3494=CARTESIAN_POINT('',(0.,-5.,0.));
#3495=CARTESIAN_POINT('',(-29.5,-4.99999999999999,-8.88178419700125E-15));
#3496=CARTESIAN_POINT('',(-35.5,-4.99999999999999,-8.88178419700125E-15));
#3497=CARTESIAN_POINT('',(4.44089209850063E-15,5.,-4.44089209850063E-15));
#3498=CARTESIAN_POINT('',(-8.88178419700125E-15,-17.5,0.));
#3499=CARTESIAN_POINT('',(-29.5,5.00000000000001,-8.88178419700125E-15));
#3500=CARTESIAN_POINT('',(-35.5,5.00000000000001,-8.88178419700125E-15));
#3501=CARTESIAN_POINT('',(-29.5,25.7981495748398,-8.88178419700125E-15));
#3502=CARTESIAN_POINT('',(-29.5,-35.,-8.88178419700125E-15));
#3503=CARTESIAN_POINT('',(-17.19722436226,34.,-4.44089209850063E-15));
#3504=CARTESIAN_POINT('',(-34.94529980377,22.167949705662,-8.88178419700125E-15));
#3505=CARTESIAN_POINT('',(18.585786437627,34.,4.44089209850063E-15));
#3506=CARTESIAN_POINT('',(19.,34.,4.44089209850063E-15));
#3507=CARTESIAN_POINT('',(21.,31.585786437627,4.44089209850063E-15));
#3508=CARTESIAN_POINT('',(21.292893218813,31.292893218813,4.44089209850063E-15));
#3509=CARTESIAN_POINT('',(21.,-31.58578643762,8.88178419700125E-15));
#3510=CARTESIAN_POINT('',(21.,-32.,8.88178419700125E-15));
#3511=CARTESIAN_POINT('',(18.585786437627,-34.,4.44089209850063E-15));
#3512=CARTESIAN_POINT('',(21.292893218813,-31.29289321881,8.88178419700125E-15));
#3513=CARTESIAN_POINT('',(-17.19722436226,-34.,-4.44089209850063E-15));
#3514=CARTESIAN_POINT('',(19.,-34.,4.44089209850063E-15));
#3515=CARTESIAN_POINT('',(-29.5,-25.7981495748378,-8.88178419700125E-15));
#3516=CARTESIAN_POINT('',(-34.94529980377,-22.16794970566,-8.88178419700125E-15));
#3517=CARTESIAN_POINT('',(-29.5,-35.,-8.88178419700125E-15));
#3518=CARTESIAN_POINT('',(-15.,10.,0.));
#3519=CARTESIAN_POINT('Origin',(-12.5,10.,0.));
#3520=CARTESIAN_POINT('',(2.,-9.43689570931383E-15,0.));
#3521=CARTESIAN_POINT('Origin',(4.5,-9.99200722162641E-15,0.));
#3522=CARTESIAN_POINT('',(-15.,-10.,-4.44089209850063E-15));
#3523=CARTESIAN_POINT('Origin',(-12.5,-10.,-4.44089209850063E-15));
#3524=CARTESIAN_POINT('',(17.5499999999998,27.5,-1.70002900645727E-13));
#3525=CARTESIAN_POINT('Origin',(14.5,27.5,8.88178419700125E-15));
#3526=CARTESIAN_POINT('',(17.5499999999998,-1.32632065896379E-14,-1.78468351208494E-13));
#3527=CARTESIAN_POINT('Origin',(14.5,-1.22124532708767E-14,0.));
#3528=CARTESIAN_POINT('',(17.5499999999998,-27.5,-1.78884684842728E-13));
#3529=CARTESIAN_POINT('Origin',(14.5,-27.5,0.));
#3530=CARTESIAN_POINT('',(-27.,-10.,-8.88178419700125E-15));
#3531=CARTESIAN_POINT('Origin',(-24.5,-10.,-8.88178419700125E-15));
#3532=CARTESIAN_POINT('',(-3.,-10.,0.));
#3533=CARTESIAN_POINT('Origin',(-0.500000000000003,-10.,0.));
#3534=CARTESIAN_POINT('',(-3.,10.,4.44089209850063E-15));
#3535=CARTESIAN_POINT('Origin',(-0.499999999999998,10.,4.44089209850063E-15));
#3536=CARTESIAN_POINT('Origin',(-24.5,10.,3.));
#3537=CARTESIAN_POINT('',(-22.5,10.,6.));
#3538=CARTESIAN_POINT('',(-22.5,10.,3.));
#3539=CARTESIAN_POINT('Origin',(-24.5,10.,6.));
#3540=CARTESIAN_POINT('Origin',(-12.5,10.,0.249999999999999));
#3541=CARTESIAN_POINT('',(-14.5,10.,0.499999999999998));
#3542=CARTESIAN_POINT('',(-14.75,10.,0.249999999999999));
#3543=CARTESIAN_POINT('',(-10.5,10.,0.499999999999999));
#3544=CARTESIAN_POINT('Origin',(-12.5,10.,0.499999999999998));
#3545=CARTESIAN_POINT('Origin',(-12.5,10.,0.499999999999998));
#3546=CARTESIAN_POINT('Origin',(-12.5,10.,3.));
#3547=CARTESIAN_POINT('',(-10.5,10.,6.));
#3548=CARTESIAN_POINT('',(-10.5,10.,3.));
#3549=CARTESIAN_POINT('Origin',(-12.5,10.,6.));
#3550=CARTESIAN_POINT('Origin',(-0.499999999999998,10.,0.250000000000004));
#3551=CARTESIAN_POINT('',(-2.5,10.,0.500000000000003));
#3552=CARTESIAN_POINT('',(-2.75,10.,0.250000000000003));
#3553=CARTESIAN_POINT('',(1.5,10.,0.500000000000003));
#3554=CARTESIAN_POINT('Origin',(-0.499999999999998,10.,0.500000000000003));
#3555=CARTESIAN_POINT('Origin',(-0.499999999999998,10.,0.500000000000003));
#3556=CARTESIAN_POINT('Origin',(-0.499999999999998,10.,3.));
#3557=CARTESIAN_POINT('',(1.5,10.,6.));
#3558=CARTESIAN_POINT('',(1.5,10.,3.));
#3559=CARTESIAN_POINT('Origin',(-0.499999999999998,10.,6.));
#3560=CARTESIAN_POINT('Origin',(4.5,-9.99200722162641E-15,0.249999999999999));
#3561=CARTESIAN_POINT('',(2.5,-9.54791803824613E-15,0.499999999999998));
#3562=CARTESIAN_POINT('',(2.25,-9.21686133073693E-15,0.249999999999999));
#3563=CARTESIAN_POINT('',(6.5,-1.0191167071647E-14,0.499999999999999));
#3564=CARTESIAN_POINT('Origin',(4.5,-9.99200722162641E-15,0.499999999999998));
#3565=CARTESIAN_POINT('Origin',(4.5,-9.99200722162641E-15,0.499999999999998));
#3566=CARTESIAN_POINT('Origin',(4.5,-9.99200722162641E-15,3.));
#3567=CARTESIAN_POINT('',(6.5,-1.0191167071647E-14,6.));
#3568=CARTESIAN_POINT('',(6.5,-1.0191167071647E-14,3.));
#3569=CARTESIAN_POINT('Origin',(4.5,-9.99200722162641E-15,6.));
#3570=CARTESIAN_POINT('Origin',(-0.500000000000003,-10.,0.250000000000004));
#3571=CARTESIAN_POINT('',(-2.5,-10.,0.500000000000003));
#3572=CARTESIAN_POINT('',(-2.75,-10.,0.250000000000003));
#3573=CARTESIAN_POINT('',(1.5,-10.,0.500000000000003));
#3574=CARTESIAN_POINT('Origin',(-0.500000000000003,-10.,0.500000000000003));
#3575=CARTESIAN_POINT('Origin',(-0.500000000000003,-10.,0.500000000000003));
#3576=CARTESIAN_POINT('Origin',(-0.500000000000003,-10.,3.));
#3577=CARTESIAN_POINT('',(1.5,-10.,6.00000000000001));
#3578=CARTESIAN_POINT('',(1.5,-10.,3.));
#3579=CARTESIAN_POINT('Origin',(-0.500000000000007,-10.,6.00000000000001));
#3580=CARTESIAN_POINT('Origin',(-12.5,-10.,0.249999999999999));
#3581=CARTESIAN_POINT('',(-14.5,-10.,0.499999999999998));
#3582=CARTESIAN_POINT('',(-14.75,-10.,0.249999999999999));
#3583=CARTESIAN_POINT('',(-10.5,-10.,0.499999999999999));
#3584=CARTESIAN_POINT('Origin',(-12.5,-10.,0.499999999999998));
#3585=CARTESIAN_POINT('Origin',(-12.5,-10.,0.499999999999998));
#3586=CARTESIAN_POINT('Origin',(-12.5,-10.,3.));
#3587=CARTESIAN_POINT('',(-10.5,-10.,6.));
#3588=CARTESIAN_POINT('',(-10.5,-10.,3.));
#3589=CARTESIAN_POINT('Origin',(-12.5,-10.,6.));
#3590=CARTESIAN_POINT('Origin',(-24.5,-10.,0.249999999999995));
#3591=CARTESIAN_POINT('',(-26.5,-10.,0.499999999999998));
#3592=CARTESIAN_POINT('',(-26.75,-10.,0.249999999999994));
#3593=CARTESIAN_POINT('',(-22.5,-10.,0.499999999999999));
#3594=CARTESIAN_POINT('Origin',(-24.5,-10.,0.499999999999998));
#3595=CARTESIAN_POINT('Origin',(-24.5,-10.,0.499999999999998));
#3596=CARTESIAN_POINT('Origin',(-24.5,-10.,3.));
#3597=CARTESIAN_POINT('',(-22.5,-10.,6.));
#3598=CARTESIAN_POINT('',(-22.5,-10.,3.));
#3599=CARTESIAN_POINT('Origin',(-24.5,-10.,6.));
#3600=CARTESIAN_POINT('Origin',(4.5,-9.99200722162641E-15,6.49571001069774));
#3601=CARTESIAN_POINT('',(6.15,-1.01563140978934E-14,6.));
#3602=CARTESIAN_POINT('Origin',(4.5,-9.99200722162641E-15,6.));
#3603=CARTESIAN_POINT('',(4.5,-9.99200722162641E-15,6.99142002139547));
#3604=CARTESIAN_POINT('',(5.325,-1.00741606597599E-14,6.49571001069774));
#3605=CARTESIAN_POINT('Origin',(4.5,-9.99200722162641E-15,6.));
#3606=CARTESIAN_POINT('Origin',(-24.5,10.,9.49571001069773));
#3607=CARTESIAN_POINT('',(-22.85,10.,9.));
#3608=CARTESIAN_POINT('Origin',(-24.5,10.,9.));
#3609=CARTESIAN_POINT('',(-24.5,10.,9.99142002139547));
#3610=CARTESIAN_POINT('',(-23.675,10.,9.49571001069773));
#3611=CARTESIAN_POINT('Origin',(-24.5,10.,6.));
#3612=CARTESIAN_POINT('',(-22.85,10.,6.));
#3613=CARTESIAN_POINT('Origin',(-24.5,10.,6.));
#3614=CARTESIAN_POINT('Origin',(-24.5,10.,4.49999999999999));
#3615=CARTESIAN_POINT('',(-22.85,10.,4.49999999999999));
#3616=CARTESIAN_POINT('Origin',(-12.5,-10.,9.49571001069774));
#3617=CARTESIAN_POINT('',(-10.85,-10.,9.));
#3618=CARTESIAN_POINT('Origin',(-12.5,-10.,9.));
#3619=CARTESIAN_POINT('',(-12.5,-10.,9.99142002139547));
#3620=CARTESIAN_POINT('',(-11.675,-10.,9.49571001069774));
#3621=CARTESIAN_POINT('Origin',(-12.5,-10.,6.));
#3622=CARTESIAN_POINT('',(-10.85,-10.,6.));
#3623=CARTESIAN_POINT('Origin',(-12.5,-10.,6.));
#3624=CARTESIAN_POINT('Origin',(-12.5,-10.,4.5));
#3625=CARTESIAN_POINT('',(-10.85,-10.,4.5));
#3626=CARTESIAN_POINT('Origin',(-0.499999999999998,10.,9.49571001069774));
#3627=CARTESIAN_POINT('',(1.15,10.,9.));
#3628=CARTESIAN_POINT('Origin',(-0.499999999999998,10.,9.));
#3629=CARTESIAN_POINT('',(-0.499999999999998,10.,9.99142002139548));
#3630=CARTESIAN_POINT('',(0.325000000000002,10.,9.49571001069774));
#3631=CARTESIAN_POINT('Origin',(-0.499999999999998,10.,6.));
#3632=CARTESIAN_POINT('',(1.15,10.,6.));
#3633=CARTESIAN_POINT('Origin',(-0.499999999999998,10.,6.));
#3634=CARTESIAN_POINT('Origin',(-0.499999999999998,10.,4.5));
#3635=CARTESIAN_POINT('',(1.15,10.,4.5));
#3636=CARTESIAN_POINT('Origin',(-0.500000000000007,-10.,9.49571001069774));
#3637=CARTESIAN_POINT('',(1.14999999999999,-10.,9.00000000000001));
#3638=CARTESIAN_POINT('Origin',(-0.500000000000007,-10.,9.));
#3639=CARTESIAN_POINT('',(-0.500000000000007,-10.,9.99142002139548));
#3640=CARTESIAN_POINT('',(0.324999999999993,-10.,9.49571001069774));
#3641=CARTESIAN_POINT('Origin',(-0.500000000000007,-10.,6.00000000000001));
#3642=CARTESIAN_POINT('',(1.15,-10.,6.00000000000001));
#3643=CARTESIAN_POINT('Origin',(-0.500000000000007,-10.,6.00000000000001));
#3644=CARTESIAN_POINT('Origin',(-0.500000000000007,-10.,4.5));
#3645=CARTESIAN_POINT('',(1.14999999999999,-10.,4.5));
#3646=CARTESIAN_POINT('Origin',(-24.5,-10.,9.49571001069774));
#3647=CARTESIAN_POINT('',(-22.85,-10.,9.));
#3648=CARTESIAN_POINT('Origin',(-24.5,-10.,9.));
#3649=CARTESIAN_POINT('',(-24.5,-10.,9.99142002139547));
#3650=CARTESIAN_POINT('',(-23.675,-10.,9.49571001069774));
#3651=CARTESIAN_POINT('Origin',(-24.5,-10.,6.));
#3652=CARTESIAN_POINT('',(-22.85,-10.,6.));
#3653=CARTESIAN_POINT('Origin',(-24.5,-10.,6.));
#3654=CARTESIAN_POINT('Origin',(-24.5,-10.,4.49999999999999));
#3655=CARTESIAN_POINT('',(-22.85,-10.,4.49999999999999));
#3656=CARTESIAN_POINT('Origin',(-12.5,10.,9.49571001069773));
#3657=CARTESIAN_POINT('',(-10.85,10.,9.));
#3658=CARTESIAN_POINT('Origin',(-12.5,10.,9.));
#3659=CARTESIAN_POINT('',(-12.5,10.,9.99142002139547));
#3660=CARTESIAN_POINT('',(-11.675,10.,9.49571001069773));
#3661=CARTESIAN_POINT('Origin',(-12.5,10.,6.));
#3662=CARTESIAN_POINT('',(-10.85,10.,6.));
#3663=CARTESIAN_POINT('Origin',(-12.5,10.,6.));
#3664=CARTESIAN_POINT('Origin',(-12.5,10.,4.5));
#3665=CARTESIAN_POINT('',(-10.85,10.,4.5));
#3666=CARTESIAN_POINT('Origin',(0.,-1.78745907229348E-14,1.736224379548));
#3667=CARTESIAN_POINT('',(0.,-3.75698637784979,3.29925042345282));
#3668=CARTESIAN_POINT('Origin',(0.,-1.11022328932295E-16,-8.88178419700125E-15));
#3669=CARTESIAN_POINT('',(0.,-2.00000000000001,5.29999999999999));
#3670=CARTESIAN_POINT('',(0.,-2.,5.29999999999999));
#3671=CARTESIAN_POINT('',(0.,1.99999999999999,5.29999999999999));
#3672=CARTESIAN_POINT('',(0.,-2.,5.29999999999999));
#3673=CARTESIAN_POINT('',(0.,3.75698637784978,3.29925042345284));
#3674=CARTESIAN_POINT('',(0.,1.99999999999999,5.29999999999999));
#3675=CARTESIAN_POINT('Origin',(0.,-1.11022328932295E-16,-8.88178419700125E-15));
#3676=CARTESIAN_POINT('Origin',(-10.3763589561019,-10.,17.8140934359336));
#3677=CARTESIAN_POINT('',(4.49999999999999,-9.25000000000002,27.5));
#3678=CARTESIAN_POINT('',(1.91625000000013,-10.75,27.5));
#3679=CARTESIAN_POINT('',(-4.40785260622402,-14.4214674056456,27.5));
#3680=CARTESIAN_POINT('',(-8.95263011582111,-9.25000000000001,17.9081068692889));
#3681=CARTESIAN_POINT('',(-9.9409453131411,-9.25000000000001,17.203425801681));
#3682=CARTESIAN_POINT('',(-9.82345740174279,-10.75,19.129442137794));
#3683=CARTESIAN_POINT('',(-8.95263011582111,-9.25000000000001,17.9081068692889));
#3684=CARTESIAN_POINT('',(-10.8117725990628,-10.75,18.4247610701861));
#3685=CARTESIAN_POINT('Origin',(-20.5,-10.,19.5));
#3686=CARTESIAN_POINT('',(-20.5,-9.25,11.5));
#3687=CARTESIAN_POINT('',(-20.5,-10.75,13.));
#3688=CARTESIAN_POINT('',(-20.5,-9.25,11.5));
#3689=CARTESIAN_POINT('',(-16.7264150943354,-10.75,14.2075471698143));
#3690=CARTESIAN_POINT('Origin',(-20.5,-10.75,19.5));
#3691=CARTESIAN_POINT('',(-15.85558780841,-9.25000000000001,12.986211901306));
#3692=CARTESIAN_POINT('',(-16.7264150943354,-10.75,14.2075471698143));
#3693=CARTESIAN_POINT('Origin',(-20.5,-9.25,19.5));
#3694=CARTESIAN_POINT('Origin',(-28.,-10.,12.25));
#3695=CARTESIAN_POINT('',(-29.5,-9.25000000000001,11.5));
#3696=CARTESIAN_POINT('',(-28.,-10.75,13.));
#3697=CARTESIAN_POINT('',(-28.6875,-10.0625,12.3125));
#3698=CARTESIAN_POINT('',(-28.,-10.75,13.));
#3699=CARTESIAN_POINT('',(-28.,-9.25000000000001,11.5));
#3700=CARTESIAN_POINT('Ctrl Pts',(-9.82345740174279,-10.75,19.129442137794));
#3701=CARTESIAN_POINT('Ctrl Pts',(-12.1244432992732,-10.75,17.4888104818007));
#3702=CARTESIAN_POINT('Ctrl Pts',(-14.4254291968035,-10.75,15.8481788258074));
#3703=CARTESIAN_POINT('Ctrl Pts',(-16.7264150943339,-10.75,14.2075471698142));
#3704=CARTESIAN_POINT('Ctrl Pts',(-9.5331816397689,-10.25,18.7223303816256));
#3705=CARTESIAN_POINT('Ctrl Pts',(-11.8341675372993,-10.25,17.0816987256324));
#3706=CARTESIAN_POINT('Ctrl Pts',(-14.1351534348296,-10.25,15.4410670696391));
#3707=CARTESIAN_POINT('Ctrl Pts',(-16.43613933236,-10.25,13.8004354136458));
#3708=CARTESIAN_POINT('Ctrl Pts',(-9.242905877795,-9.75000000000001,18.3152186254573));
#3709=CARTESIAN_POINT('Ctrl Pts',(-11.5438917753254,-9.75000000000001,16.674586969464));
#3710=CARTESIAN_POINT('Ctrl Pts',(-13.8448776728557,-9.75000000000001,15.0339553134707));
#3711=CARTESIAN_POINT('Ctrl Pts',(-16.1458635703861,-9.75000000000001,13.3933236574775));
#3712=CARTESIAN_POINT('Ctrl Pts',(-8.95263011582111,-9.25000000000001,17.9081068692889));
#3713=CARTESIAN_POINT('Ctrl Pts',(-11.2536160133515,-9.25000000000001,16.2674752132957));
#3714=CARTESIAN_POINT('Ctrl Pts',(-13.5546019108819,-9.25000000000001,14.6268435573024));
#3715=CARTESIAN_POINT('Ctrl Pts',(-15.8555878084122,-9.25000000000001,12.9862119013091));
#3716=CARTESIAN_POINT('',(-15.85558780841,-10.75,14.8284578906156));
#3717=CARTESIAN_POINT('Ctrl Pts',(-16.7264150943339,-10.75,14.2075471698142));
#3718=CARTESIAN_POINT('Ctrl Pts',(-16.4361393323593,-10.75,14.4145174100813));
#3719=CARTESIAN_POINT('Ctrl Pts',(-16.1458635703846,-10.75,14.6214876503484));
#3720=CARTESIAN_POINT('Ctrl Pts',(-15.85558780841,-10.75,14.8284578906156));
#3721=CARTESIAN_POINT('Ctrl Pts',(-15.85558780841,-10.75,14.8284578906156));
#3722=CARTESIAN_POINT('Ctrl Pts',(-13.8448776728543,-10.75,16.2621193063417));
#3723=CARTESIAN_POINT('Ctrl Pts',(-11.8341675372985,-10.75,17.6957807220678));
#3724=CARTESIAN_POINT('Ctrl Pts',(-9.82345740174279,-10.75,19.129442137794));
#3725=CARTESIAN_POINT('Ctrl Pts',(-8.95263011582111,-9.25000000000001,17.9081068692889));
#3726=CARTESIAN_POINT('Ctrl Pts',(-11.2536160133515,-9.25000000000001,16.2674752132957));
#3727=CARTESIAN_POINT('Ctrl Pts',(-13.5546019108819,-9.25000000000001,14.6268435573024));
#3728=CARTESIAN_POINT('Ctrl Pts',(-15.8555878084122,-9.25000000000001,12.9862119013091));
#3729=CARTESIAN_POINT('Origin',(-35.5,-10.75,22.5));
#3730=CARTESIAN_POINT('',(-1.88107064722201,-10.75,27.5));
#3731=CARTESIAN_POINT('',(-14.69666715374,-10.75,13.993519465614));
#3732=CARTESIAN_POINT('',(-15.85558780841,-10.75,27.5));
#3733=CARTESIAN_POINT('Origin',(-35.5,-10.75,22.5));
#3734=CARTESIAN_POINT('',(-15.85558780841,-10.75,27.5));
#3735=CARTESIAN_POINT('',(-15.85558780841,-10.75,12.986211901306));
#3736=CARTESIAN_POINT('',(-30.5,-10.75,10.5));
#3737=CARTESIAN_POINT('',(-28.5,-10.75,12.5));
#3738=CARTESIAN_POINT('',(-30.5,-10.75,17.5));
#3739=CARTESIAN_POINT('',(-30.5,-10.75,9.9882111799395));
#3740=CARTESIAN_POINT('',(-29.5,-10.75,16.5));
#3741=CARTESIAN_POINT('',(-32.75,-10.75,19.75));
#3742=CARTESIAN_POINT('',(-28.91619848709,-10.75,16.5));
#3743=CARTESIAN_POINT('',(-35.5,-10.75,16.5));
#3744=CARTESIAN_POINT('',(-27.91619848709,-10.75,17.5));
#3745=CARTESIAN_POINT('',(-25.58470063479,-10.75,19.831497852303));
#3746=CARTESIAN_POINT('',(-27.91619848709,-10.75,21.5));
#3747=CARTESIAN_POINT('',(-27.91619848709,-10.75,16.5));
#3748=CARTESIAN_POINT('',(-27.91619848709,-10.75,27.5));
#3749=CARTESIAN_POINT('',(-27.91619848709,-10.75,16.5));
#3750=CARTESIAN_POINT('',(-28.91619848709,-10.75,22.5));
#3751=CARTESIAN_POINT('',(-30.31214886532,-10.75,23.895950378226));
#3752=CARTESIAN_POINT('',(-29.5,-10.75,22.5));
#3753=CARTESIAN_POINT('',(-35.5,-10.75,22.5));
#3754=CARTESIAN_POINT('',(-30.5,-10.75,21.5));
#3755=CARTESIAN_POINT('',(-31.25,-10.75,20.75));
#3756=CARTESIAN_POINT('',(-30.5,-10.75,29.5));
#3757=CARTESIAN_POINT('',(-30.5,-10.75,11.25));
#3758=CARTESIAN_POINT('',(-29.5100505063388,-10.75,30.3585786437627));
#3759=CARTESIAN_POINT('',(-33.4117009357884,-10.75,26.9746951672795));
#3760=CARTESIAN_POINT('',(-9.50000000000001,-10.75,27.5));
#3761=CARTESIAN_POINT('',(-27.14,-10.75,30.02));
#3762=CARTESIAN_POINT('',(-27.91619848709,-10.75,27.5));
#3763=CARTESIAN_POINT('',(-20.5,-10.75,16.15));
#3764=CARTESIAN_POINT('Origin',(-20.5,-10.75,19.5));
#3765=CARTESIAN_POINT('Origin',(-9.1946122037991,9.99999999999998,18.656693615829));
#3766=CARTESIAN_POINT('',(4.49999999999999,9.24999999999998,27.5));
#3767=CARTESIAN_POINT('',(1.91624999999935,10.75,27.5));
#3768=CARTESIAN_POINT('',(-3.96592615350108,14.1649063300429,27.5));
#3769=CARTESIAN_POINT('',(-9.82345740174444,10.75,19.1294421377934));
#3770=CARTESIAN_POINT('',(-9.63002584676007,10.75,19.2673612500817));
#3771=CARTESIAN_POINT('',(-8.9526301158225,9.24999999999998,17.9081068692879));
#3772=CARTESIAN_POINT('',(-9.82345740174444,10.75,19.1294421377934));
#3773=CARTESIAN_POINT('',(-8.75919856083812,9.24999999999998,18.0460259815763));
#3774=CARTESIAN_POINT('Origin',(-20.5,9.99999999999999,19.5));
#3775=CARTESIAN_POINT('',(-20.5,10.75,13.));
#3776=CARTESIAN_POINT('',(-20.5,9.25,11.5));
#3777=CARTESIAN_POINT('',(-20.5,10.75,13.));
#3778=CARTESIAN_POINT('',(-15.85558780841,9.25,12.986211901306));
#3779=CARTESIAN_POINT('Origin',(-20.5,9.24999999999999,19.5));
#3780=CARTESIAN_POINT('',(-16.7264150943354,10.75,14.2075471698143));
#3781=CARTESIAN_POINT('',(-15.85558780841,9.25,12.986211901306));
#3782=CARTESIAN_POINT('Origin',(-20.5,10.75,19.5));
#3783=CARTESIAN_POINT('Origin',(-28.,10.,12.25));
#3784=CARTESIAN_POINT('',(-28.,10.75,13.));
#3785=CARTESIAN_POINT('',(-29.5,9.25000000000001,11.5));
#3786=CARTESIAN_POINT('',(-32.7291666666667,6.02083333333333,8.27083333333331));
#3787=CARTESIAN_POINT('',(-28.,9.24999999999999,11.5));
#3788=CARTESIAN_POINT('',(-28.,10.75,13.));
#3789=CARTESIAN_POINT('Ctrl Pts',(-8.9526301158225,9.24999999999999,17.9081068692879));
#3790=CARTESIAN_POINT('Ctrl Pts',(-11.2536160133527,9.24999999999999,16.2674752132948));
#3791=CARTESIAN_POINT('Ctrl Pts',(-13.5546019108829,9.24999999999999,14.6268435573016));
#3792=CARTESIAN_POINT('Ctrl Pts',(-15.8555878084131,9.24999999999999,12.9862119013084));
#3793=CARTESIAN_POINT('Ctrl Pts',(-9.24290587779648,9.74999999999998,18.3152186254564));
#3794=CARTESIAN_POINT('Ctrl Pts',(-11.5438917753267,9.74999999999999,16.6745869694633));
#3795=CARTESIAN_POINT('Ctrl Pts',(-13.8448776728569,9.74999999999999,15.0339553134701));
#3796=CARTESIAN_POINT('Ctrl Pts',(-16.1458635703871,9.74999999999999,13.3933236574769));
#3797=CARTESIAN_POINT('Ctrl Pts',(-9.53318163977047,10.25,18.7223303816249));
#3798=CARTESIAN_POINT('Ctrl Pts',(-11.8341675373007,10.25,17.0816987256317));
#3799=CARTESIAN_POINT('Ctrl Pts',(-14.1351534348309,10.25,15.4410670696386));
#3800=CARTESIAN_POINT('Ctrl Pts',(-16.4361393323611,10.25,13.8004354136454));
#3801=CARTESIAN_POINT('Ctrl Pts',(-9.82345740174445,10.75,19.1294421377934));
#3802=CARTESIAN_POINT('Ctrl Pts',(-12.1244432992747,10.75,17.4888104818002));
#3803=CARTESIAN_POINT('Ctrl Pts',(-14.4254291968049,10.75,15.848178825807));
#3804=CARTESIAN_POINT('Ctrl Pts',(-16.7264150943351,10.75,14.2075471698139));
#3805=CARTESIAN_POINT('Ctrl Pts',(-15.8555878084131,9.24999999999999,12.9862119013084));
#3806=CARTESIAN_POINT('Ctrl Pts',(-13.5546019108829,9.24999999999999,14.6268435573016));
#3807=CARTESIAN_POINT('Ctrl Pts',(-11.2536160133527,9.24999999999999,16.2674752132948));
#3808=CARTESIAN_POINT('Ctrl Pts',(-8.9526301158225,9.24999999999999,17.9081068692879));
#3809=CARTESIAN_POINT('',(-15.85558780841,10.75,14.8284578906161));
#3810=CARTESIAN_POINT('Ctrl Pts',(-9.82345740174445,10.75,19.1294421377934));
#3811=CARTESIAN_POINT('Ctrl Pts',(-11.8341675372996,10.75,17.6957807220676));
#3812=CARTESIAN_POINT('Ctrl Pts',(-13.8448776728548,10.75,16.2621193063419));
#3813=CARTESIAN_POINT('Ctrl Pts',(-15.85558780841,10.75,14.8284578906161));
#3814=CARTESIAN_POINT('Ctrl Pts',(-15.85558780841,10.75,14.8284578906161));
#3815=CARTESIAN_POINT('Ctrl Pts',(-16.145863570385,10.75,14.6214876503487));
#3816=CARTESIAN_POINT('Ctrl Pts',(-16.4361393323601,10.75,14.4145174100813));
#3817=CARTESIAN_POINT('Ctrl Pts',(-16.7264150943351,10.75,14.2075471698139));
#3818=CARTESIAN_POINT('Origin',(-20.5,10.75,19.5));
#3819=CARTESIAN_POINT('',(-15.85558780841,-10.75,12.986211901306));
#3820=CARTESIAN_POINT('',(-20.5,10.75,11.5));
#3821=CARTESIAN_POINT('Origin',(-20.5,10.75,11.5));
#3822=CARTESIAN_POINT('',(-29.5,0.499999999999996,11.5));
#3823=CARTESIAN_POINT('',(-29.5,-12.125,11.5));
#3824=CARTESIAN_POINT('',(-27.91619848709,0.499999999999995,11.5));
#3825=CARTESIAN_POINT('',(-35.5,0.499999999999997,11.5));
#3826=CARTESIAN_POINT('',(-27.91619848709,-0.500000000000001,11.5));
#3827=CARTESIAN_POINT('',(-27.91619848709,5.125,11.5));
#3828=CARTESIAN_POINT('',(-29.5,-0.500000000000001,11.5));
#3829=CARTESIAN_POINT('',(-35.5,-0.499999999999999,11.5));
#3830=CARTESIAN_POINT('',(-29.5,-12.125,11.5));
#3831=CARTESIAN_POINT('Origin',(-35.5,10.75,27.5));
#3832=CARTESIAN_POINT('',(-30.5,10.75,10.5));
#3833=CARTESIAN_POINT('',(-27.25,10.75,13.75));
#3834=CARTESIAN_POINT('',(-15.85558780841,10.75,27.5));
#3835=CARTESIAN_POINT('',(-15.85558780841,10.75,16.481317130593));
#3836=CARTESIAN_POINT('',(-1.88107064722201,10.75,27.5));
#3837=CARTESIAN_POINT('Ctrl Pts',(-9.82345740174444,10.75,19.1294421377934));
#3838=CARTESIAN_POINT('Ctrl Pts',(-7.17599515023678,10.75,21.9196280918621));
#3839=CARTESIAN_POINT('Ctrl Pts',(-4.5285328987297,10.75,24.7098140459313));
#3840=CARTESIAN_POINT('Ctrl Pts',(-1.88107064722261,10.75,27.5000000000006));
#3841=CARTESIAN_POINT('',(-9.50000000000001,10.75,27.5));
#3842=CARTESIAN_POINT('',(-27.91619848709,10.75,27.5));
#3843=CARTESIAN_POINT('',(-29.5100505063388,10.75,30.3585786437627));
#3844=CARTESIAN_POINT('',(-27.49,10.75,30.07));
#3845=CARTESIAN_POINT('',(-30.5,10.75,29.5));
#3846=CARTESIAN_POINT('',(-32.1742640687119,10.75,28.0479184719829));
#3847=CARTESIAN_POINT('',(-30.5,10.75,21.5));
#3848=CARTESIAN_POINT('',(-30.5,10.75,13.75));
#3849=CARTESIAN_POINT('',(-29.5,10.75,22.5));
#3850=CARTESIAN_POINT('',(-30.,10.75,22.));
#3851=CARTESIAN_POINT('',(-28.91619848709,10.75,22.5));
#3852=CARTESIAN_POINT('',(-35.5,10.75,22.5));
#3853=CARTESIAN_POINT('',(-27.91619848709,10.75,21.5));
#3854=CARTESIAN_POINT('',(-31.56214886532,10.75,25.145950378226));
#3855=CARTESIAN_POINT('',(-27.91619848709,10.75,27.5));
#3856=CARTESIAN_POINT('',(-27.91619848709,10.75,16.5));
#3857=CARTESIAN_POINT('',(-27.91619848709,10.75,17.5));
#3858=CARTESIAN_POINT('',(-27.91619848709,10.75,16.5));
#3859=CARTESIAN_POINT('',(-28.91619848709,10.75,16.5));
#3860=CARTESIAN_POINT('',(-25.58470063479,10.75,19.831497852303));
#3861=CARTESIAN_POINT('',(-29.5,10.75,16.5));
#3862=CARTESIAN_POINT('',(-35.5,10.75,16.5));
#3863=CARTESIAN_POINT('',(-30.5,10.75,17.5));
#3864=CARTESIAN_POINT('',(-34.,10.75,21.));
#3865=CARTESIAN_POINT('',(-30.5,10.75,9.98821117993949));
#3866=CARTESIAN_POINT('',(-20.5,10.75,16.15));
#3867=CARTESIAN_POINT('Origin',(-20.5,10.75,19.5));
#3868=CARTESIAN_POINT('Origin',(-25.5,-22.5,9.99999999999999));
#3869=CARTESIAN_POINT('',(-30.5,-20.,12.5));
#3870=CARTESIAN_POINT('',(-30.5,-25.,7.49999999999999));
#3871=CARTESIAN_POINT('',(-30.5,-28.125,4.37499999999999));
#3872=CARTESIAN_POINT('',(-10.5,-25.,7.5));
#3873=CARTESIAN_POINT('',(-25.5,-25.,7.49999999999999));
#3874=CARTESIAN_POINT('',(-10.5,-20.,12.5));
#3875=CARTESIAN_POINT('',(-10.5,-25.,7.5));
#3876=CARTESIAN_POINT('',(-25.5,-20.,12.5));
#3877=CARTESIAN_POINT('Origin',(-25.5,-22.5,9.99999999999999));
#3878=CARTESIAN_POINT('',(-9.50000000000001,-20.,12.5));
#3879=CARTESIAN_POINT('',(-9.50000000000001,-25.,7.5));
#3880=CARTESIAN_POINT('',(-9.50000000000001,-22.5,10.));
#3881=CARTESIAN_POINT('',(-25.5,-20.,12.5));
#3882=CARTESIAN_POINT('',(-25.5,-25.,7.49999999999999));
#3883=CARTESIAN_POINT('Origin',(-15.5,-20.,17.5));
#3884=CARTESIAN_POINT('',(-10.5,-20.,27.5));
#3885=CARTESIAN_POINT('',(-10.5,-20.,7.5));
#3886=CARTESIAN_POINT('',(-9.50000000000001,-20.,27.5));
#3887=CARTESIAN_POINT('',(-9.50000000000001,-20.,7.5));
#3888=CARTESIAN_POINT('',(-29.5100505063388,-20.,30.3585786437627));
#3889=CARTESIAN_POINT('',(-16.99,-20.,28.57));
#3890=CARTESIAN_POINT('',(-30.5,-20.,29.5));
#3891=CARTESIAN_POINT('',(-28.9420310216783,-20.,30.851219330882));
#3892=CARTESIAN_POINT('',(-30.5,-20.,8.74999999999999));
#3893=CARTESIAN_POINT('',(-20.5,-20.0000000000002,15.8500000000002));
#3894=CARTESIAN_POINT('Origin',(-20.5,-20.,19.5));
#3895=CARTESIAN_POINT('Origin',(-25.5,22.5,9.99999999999999));
#3896=CARTESIAN_POINT('',(-30.5,25.,7.49999999999999));
#3897=CARTESIAN_POINT('',(-30.5,20.,12.5));
#3898=CARTESIAN_POINT('',(-30.5,10.625,21.875));
#3899=CARTESIAN_POINT('',(-10.5,20.,12.5));
#3900=CARTESIAN_POINT('',(-25.5,20.,12.5));
#3901=CARTESIAN_POINT('',(-10.5,25.,7.5));
#3902=CARTESIAN_POINT('',(-10.5,20.,12.5));
#3903=CARTESIAN_POINT('',(-25.5,25.,7.5));
#3904=CARTESIAN_POINT('Origin',(-25.5,22.5,9.99999999999999));
#3905=CARTESIAN_POINT('',(-9.5,25.,7.5));
#3906=CARTESIAN_POINT('',(-9.5,20.,12.5));
#3907=CARTESIAN_POINT('',(-9.5,22.5,10.));
#3908=CARTESIAN_POINT('',(-25.5,25.,7.5));
#3909=CARTESIAN_POINT('',(-25.5,20.,12.5));
#3910=CARTESIAN_POINT('Origin',(-9.5,20.,7.5));
#3911=CARTESIAN_POINT('',(-9.5,20.,27.5));
#3912=CARTESIAN_POINT('',(-9.5,20.,7.5));
#3913=CARTESIAN_POINT('',(-9.5,27.5,27.5));
#3914=CARTESIAN_POINT('',(-9.5,20.,27.5));
#3915=CARTESIAN_POINT('',(-9.5,35.,20.));
#3916=CARTESIAN_POINT('Origin',(-9.5,27.5,20.));
#3917=CARTESIAN_POINT('',(-9.5,35.,7.5));
#3918=CARTESIAN_POINT('',(-9.5,35.,7.5));
#3919=CARTESIAN_POINT('',(-9.5,20.,7.5));
#3920=CARTESIAN_POINT('',(-9.5,27.5,14.85));
#3921=CARTESIAN_POINT('Origin',(-9.5,27.5,17.5));
#3922=CARTESIAN_POINT('Origin',(-15.5,20.,17.5));
#3923=CARTESIAN_POINT('',(-10.5,20.,27.5));
#3924=CARTESIAN_POINT('',(-10.5,20.,7.5));
#3925=CARTESIAN_POINT('',(-30.5,20.,29.5));
#3926=CARTESIAN_POINT('',(-30.5,20.,8.74999999999999));
#3927=CARTESIAN_POINT('',(-29.5100505063388,20.,30.3585786437627));
#3928=CARTESIAN_POINT('',(-28.9420310216783,20.,30.851219330882));
#3929=CARTESIAN_POINT('',(-16.99,20.,28.57));
#3930=CARTESIAN_POINT('',(-20.5,20.0000000000002,15.8500000000002));
#3931=CARTESIAN_POINT('Origin',(-20.5,20.,19.5));
#3932=CARTESIAN_POINT('Origin',(-30.,-35.,0.499999999999989));
#3933=CARTESIAN_POINT('',(-30.5,-26.3333333333313,0.999999999999992));
#3934=CARTESIAN_POINT('',(-31.7802348518945,-27.0184942331074,2.28023485189449));
#3935=CARTESIAN_POINT('',(-30.5,-5.91607978309961,0.999999999999996));
#3936=CARTESIAN_POINT('',(-30.5,-35.,0.999999999999992));
#3937=CARTESIAN_POINT('Ctrl Pts',(-30.5,-5.91607978309961,0.999999999999987));
#3938=CARTESIAN_POINT('Ctrl Pts',(-30.1603526832454,-5.62902540823735,0.660352683245406));
#3939=CARTESIAN_POINT('Ctrl Pts',(-29.8231167948157,-5.32311679481568,0.32311679481567));
#3940=CARTESIAN_POINT('Ctrl Pts',(-29.5,-5.,-1.45716771982052E-14));
#3941=CARTESIAN_POINT('Origin',(-30.,-10.8737291763701,-4.04711697454665));
#3942=CARTESIAN_POINT('',(-29.5,-2.,5.29999999999998));
#3943=CARTESIAN_POINT('',(-29.5,-3.75698637784979,3.29925042345282));
#3944=CARTESIAN_POINT('',(-29.5,-10.4980305385852,-4.377042016892));
#3945=CARTESIAN_POINT('',(-30.5,-4.50838365341955,3.95910050814352));
#3946=CARTESIAN_POINT('',(-29.5,-3.75698637784979,3.29925042345282));
#3947=CARTESIAN_POINT('',(-30.5,-2.45268984379982,6.29999999999998));
#3948=CARTESIAN_POINT('',(-30.5,-11.249427814155,-3.7171919322013));
#3949=CARTESIAN_POINT('',(-30.5,-2.45268984379982,6.29999999999998));
#3950=CARTESIAN_POINT('Origin',(-30.,-16.5,5.79999999999998));
#3951=CARTESIAN_POINT('',(-30.5,2.45268984379982,6.29999999999999));
#3952=CARTESIAN_POINT('',(-30.5,-16.5,6.29999999999998));
#3953=CARTESIAN_POINT('',(-29.5,2.,5.29999999999998));
#3954=CARTESIAN_POINT('',(-30.5,2.45268984379982,6.29999999999999));
#3955=CARTESIAN_POINT('',(-29.5,-16.5,5.29999999999998));
#3956=CARTESIAN_POINT('Origin',(-30.,6.55031581881864E-15,-1.77635683940025E-14));
#3957=CARTESIAN_POINT('',(-29.5,3.75698637784979,3.29925042345283));
#3958=CARTESIAN_POINT('Origin',(-29.5,6.4392935560608E-15,-1.77635683940025E-14));
#3959=CARTESIAN_POINT('',(-30.5,4.50838365341951,3.95910050814319));
#3960=CARTESIAN_POINT('',(-29.5,3.75698637784979,3.29925042345283));
#3961=CARTESIAN_POINT('',(-30.5,5.91607978309962,0.999999999999992));
#3962=CARTESIAN_POINT('Origin',(-30.5,6.66133814775094E-15,-1.77635683940025E-14));
#3963=CARTESIAN_POINT('Ctrl Pts',(-30.5,5.91607978309962,0.999999999999991));
#3964=CARTESIAN_POINT('Ctrl Pts',(-30.1603526832454,5.62902540823738,0.660352683245424));
#3965=CARTESIAN_POINT('Ctrl Pts',(-29.8231167948157,5.3231167948157,0.323116794815678));
#3966=CARTESIAN_POINT('Ctrl Pts',(-29.5,5.00000000000001,-1.10328413072125E-14));
#3967=CARTESIAN_POINT('Origin',(-30.,-35.,0.499999999999989));
#3968=CARTESIAN_POINT('',(-30.5,26.3333333333313,0.999999999999992));
#3969=CARTESIAN_POINT('',(-30.5,-35.,0.999999999999992));
#3970=CARTESIAN_POINT('',(-23.5877689070055,22.6340195174297,-5.9122310929945));
#3971=CARTESIAN_POINT('Origin',(-30.,-3.48685233402648,12.3058426944174));
#3972=CARTESIAN_POINT('',(-30.5,-3.1111536962416,12.6357677367628));
#3973=CARTESIAN_POINT('',(-29.5,-3.86255097181136,11.9759176520721));
#3974=CARTESIAN_POINT('Origin',(-30.,6.55031581881864E-15,-1.77635683940025E-14));
#3975=CARTESIAN_POINT('Origin',(-30.5,6.66133814775094E-15,-1.77635683940025E-14));
#3976=CARTESIAN_POINT('Origin',(-29.5,6.4392935560608E-15,-1.77635683940025E-14));
#3977=CARTESIAN_POINT('Origin',(-35.22264990188,-22.58397485283,0.499999999999994));
#3978=CARTESIAN_POINT('',(-17.5,-35.,0.999999999999992));
#3979=CARTESIAN_POINT('',(-16.08132442599,-30.31443287631,-3.68556712368));
#3980=CARTESIAN_POINT('',(-35.5,-23.,0.999999999999992));
#3981=CARTESIAN_POINT('Origin',(-35.5,7.7715611723761E-15,-1.77635683940025E-14));
#3982=CARTESIAN_POINT('',(-35.5,-3.75698637784979,3.29925042345282));
#3983=CARTESIAN_POINT('Origin',(-35.5,-1.99999999999999,5.29999999999998));
#3984=CARTESIAN_POINT('',(-35.5,-1.99999999999999,5.29999999999998));
#3985=CARTESIAN_POINT('Origin',(-35.5,2.,5.29999999999998));
#3986=CARTESIAN_POINT('',(-35.5,2.,5.29999999999998));
#3987=CARTESIAN_POINT('Origin',(-35.5,3.75698637784979,3.29925042345283));
#3988=CARTESIAN_POINT('',(-35.5,3.75698637784979,3.29925042345283));
#3989=CARTESIAN_POINT('Origin',(-35.5,7.7715611723761E-15,-1.77635683940025E-14));
#3990=CARTESIAN_POINT('Origin',(-30.,-12.125,11.));
#3991=CARTESIAN_POINT('',(-30.5,0.499999999999996,10.5));
#3992=CARTESIAN_POINT('',(-31.25,0.499999999999996,9.74999999999999));
#3993=CARTESIAN_POINT('',(-30.5,-12.125,10.5));
#3994=CARTESIAN_POINT('Origin',(-30.,-12.125,11.));
#3995=CARTESIAN_POINT('',(-30.5,-0.5,10.5));
#3996=CARTESIAN_POINT('',(-30.,-0.500000000000001,11.));
#3997=CARTESIAN_POINT('',(-30.5,-12.125,10.5));
#3998=CARTESIAN_POINT('Origin',(-30.,-12.125,17.));
#3999=CARTESIAN_POINT('',(-30.5,-0.500000000000009,17.5));
#4000=CARTESIAN_POINT('',(-29.5,-0.50000000000001,16.5));
#4001=CARTESIAN_POINT('',(-31.25,-0.500000000000009,18.25));
#4002=CARTESIAN_POINT('',(-29.5,-12.125,16.5));
#4003=CARTESIAN_POINT('',(-30.5,-12.125,17.5));
#4004=CARTESIAN_POINT('Origin',(-35.5,10.75,16.5));
#4005=CARTESIAN_POINT('',(-28.91619848709,-0.50000000000001,16.5));
#4006=CARTESIAN_POINT('',(-35.5,-0.500000000000008,16.5));
#4007=CARTESIAN_POINT('',(-28.91619848709,-0.50000000000001,16.5));
#4008=CARTESIAN_POINT('Origin',(-30.,-12.125,17.));
#4009=CARTESIAN_POINT('',(-29.5,0.499999999999987,16.5));
#4010=CARTESIAN_POINT('',(-29.5,-12.125,16.5));
#4011=CARTESIAN_POINT('',(-30.5,0.499999999999987,17.5));
#4012=CARTESIAN_POINT('',(-30.,0.499999999999987,17.));
#4013=CARTESIAN_POINT('',(-30.5,-12.125,17.5));
#4014=CARTESIAN_POINT('Origin',(-35.5,10.75,16.5));
#4015=CARTESIAN_POINT('',(-28.91619848709,0.499999999999987,16.5));
#4016=CARTESIAN_POINT('',(-28.91619848709,10.75,16.5));
#4017=CARTESIAN_POINT('',(-35.5,0.499999999999988,16.5));
#4018=CARTESIAN_POINT('Origin',(-30.,-12.125,22.));
#4019=CARTESIAN_POINT('',(-29.5,-12.125,22.5));
#4020=CARTESIAN_POINT('',(-30.5,-12.125,21.5));
#4021=CARTESIAN_POINT('Origin',(-35.5,10.75,22.5));
#4022=CARTESIAN_POINT('',(-28.91619848709,-10.75,22.5));
#4023=CARTESIAN_POINT('Origin',(-30.0050252531694,-26.34375,29.9292893218813));
#4024=CARTESIAN_POINT('',(-29.5100505063388,-26.34375,30.3585786437627));
#4025=CARTESIAN_POINT('',(-30.5,-26.34375,29.5));
#4026=CARTESIAN_POINT('Origin',(-20.,-17.6875,29.));
#4027=CARTESIAN_POINT('',(-9.50000000000001,-10.,27.5));
#4028=CARTESIAN_POINT('Origin',(-30.0050252531694,-18.65625,29.9292893218813));
#4029=CARTESIAN_POINT('',(-30.5,-18.65625,29.5));
#4030=CARTESIAN_POINT('',(-29.5100505063388,-18.65625,30.3585786437627));
#4031=CARTESIAN_POINT('Origin',(-20.,-2.31250000000001,29.));
#4032=CARTESIAN_POINT('',(-9.5,5.37499999999999,27.5));
#4033=CARTESIAN_POINT('Origin',(-30.5,-35.,-8.88178419700125E-15));
#4034=CARTESIAN_POINT('',(-30.5,-26.3333333333313,7.49999999999999));
#4035=CARTESIAN_POINT('',(-30.5,-26.3333333333313,3.74999999999999));
#4036=CARTESIAN_POINT('',(-30.5,-35.,7.49999999999999));
#4037=CARTESIAN_POINT('',(-30.5,26.3333333333313,7.49999999999999));
#4038=CARTESIAN_POINT('',(-30.5,-2.22044604925031E-15,7.49999999999999));
#4039=CARTESIAN_POINT('',(-30.5,26.3333333333313,3.74999999999999));
#4040=CARTESIAN_POINT('',(-30.5,0.499999999999996,5.74999999999999));
#4041=CARTESIAN_POINT('',(-30.5,-0.5,8.24999999999999));
#4042=CARTESIAN_POINT('Origin',(-20.5,20.,19.5));
#4043=CARTESIAN_POINT('',(-20.5,9.89999999999999,18.));
#4044=CARTESIAN_POINT('Origin',(-20.5,9.89999999999999,19.5));
#4045=CARTESIAN_POINT('',(-20.5,17.,18.));
#4046=CARTESIAN_POINT('',(-20.5,20.,18.));
#4047=CARTESIAN_POINT('Origin',(-20.5,17.,19.5));
#4048=CARTESIAN_POINT('Origin',(-20.5,20.,19.5));
#4049=CARTESIAN_POINT('',(-20.5,-17.,18.));
#4050=CARTESIAN_POINT('Origin',(-20.5,-17.,19.5));
#4051=CARTESIAN_POINT('',(-20.5,-9.90000000000001,18.));
#4052=CARTESIAN_POINT('',(-20.5,20.,18.));
#4053=CARTESIAN_POINT('Origin',(-20.5,-9.90000000000001,19.5));
#4054=CARTESIAN_POINT('Origin',(5.005,22.5,15.095));
#4055=CARTESIAN_POINT('',(4.51,22.5,14.6));
#4056=CARTESIAN_POINT('',(5.5,22.5,15.59));
#4057=CARTESIAN_POINT('',(6.205,22.5,16.295));
#4058=CARTESIAN_POINT('',(5.49999999999999,-22.5,15.59));
#4059=CARTESIAN_POINT('',(5.5,22.5,15.59));
#4060=CARTESIAN_POINT('',(4.50999999999998,-22.5,14.6));
#4061=CARTESIAN_POINT('',(4.75499999999999,-22.5,14.845));
#4062=CARTESIAN_POINT('',(4.51,22.5,14.6));
#4063=CARTESIAN_POINT('Origin',(5.49999999999999,-1.90958360103178E-14,
17.5));
#4064=CARTESIAN_POINT('',(5.5,22.5,20.4));
#4065=CARTESIAN_POINT('',(5.5,22.5,20.4));
#4066=CARTESIAN_POINT('',(5.49999999999999,-22.5,20.4));
#4067=CARTESIAN_POINT('',(5.49999999999999,-22.5,20.4));
#4068=CARTESIAN_POINT('',(5.49999999999999,-22.5,14.6));
#4069=CARTESIAN_POINT('Origin',(-20.5,-9.90000000000001,19.5));
#4070=CARTESIAN_POINT('',(-20.5,-9.89999999999963,16.9899999999996));
#4071=CARTESIAN_POINT('Origin',(-20.5,-9.90000000000001,19.5));
#4072=CARTESIAN_POINT('Origin',(-20.5,9.89999999999999,19.5));
#4073=CARTESIAN_POINT('',(-20.5,9.89999999999961,16.9899999999996));
#4074=CARTESIAN_POINT('Origin',(-20.5,9.89999999999999,19.5));
#4075=CARTESIAN_POINT('Origin',(-20.5,17.,19.5));
#4076=CARTESIAN_POINT('',(-20.5,17.,16.25));
#4077=CARTESIAN_POINT('Origin',(-20.5,17.,19.5));
#4078=CARTESIAN_POINT('Origin',(-20.5,-17.,19.5));
#4079=CARTESIAN_POINT('',(-20.5,-17.,16.25));
#4080=CARTESIAN_POINT('Origin',(-20.5,-17.,19.5));
#4081=CARTESIAN_POINT('Origin',(4.49999999999998,-22.5,14.6));
#4082=CARTESIAN_POINT('',(4.49999999999998,-22.5,14.6));
#4083=CARTESIAN_POINT('',(4.49999999999998,-22.5,14.6));
#4084=CARTESIAN_POINT('',(4.49999999999998,-22.5,20.4));
#4085=CARTESIAN_POINT('',(4.49999999999998,-22.5,20.4));
#4086=CARTESIAN_POINT('',(4.49999999999999,-22.5,14.6));
#4087=CARTESIAN_POINT('Origin',(4.50000000000001,22.5,14.6));
#4088=CARTESIAN_POINT('',(4.50000000000001,22.5,14.6));
#4089=CARTESIAN_POINT('',(4.50000000000001,22.5,14.6));
#4090=CARTESIAN_POINT('',(4.5,22.5,14.6));
#4091=CARTESIAN_POINT('Origin',(4.50000000000001,22.5,20.4));
#4092=CARTESIAN_POINT('',(4.50000000000001,22.5,20.4));
#4093=CARTESIAN_POINT('',(4.5,22.5,20.4));
#4094=CARTESIAN_POINT('',(4.50000000000001,22.5,20.4));
#4095=CARTESIAN_POINT('Origin',(4.49999999999998,-22.5,20.4));
#4096=CARTESIAN_POINT('',(4.49999999999999,-22.5,20.4));
#4097=CARTESIAN_POINT('Origin',(-20.5,-10.74,19.5));
#4098=CARTESIAN_POINT('',(-20.5,-10.74,16.15));
#4099=CARTESIAN_POINT('Origin',(-20.5,-10.74,19.5));
#4100=CARTESIAN_POINT('',(-20.5,-10.74,16.15));
#4101=CARTESIAN_POINT('Origin',(-20.5,10.74,19.5));
#4102=CARTESIAN_POINT('',(-20.5,10.74,16.15));
#4103=CARTESIAN_POINT('Origin',(-20.5,10.74,19.5));
#4104=CARTESIAN_POINT('',(-20.5,10.74,16.15));
#4105=CARTESIAN_POINT('Origin',(4.49999999999999,-10.75,27.5));
#4106=CARTESIAN_POINT('',(4.49999999999999,-10.75,27.5));
#4107=CARTESIAN_POINT('Origin',(-20.5,20.,19.5));
#4108=CARTESIAN_POINT('',(-20.5,19.6,16.25));
#4109=CARTESIAN_POINT('',(-20.5,20.,16.25));
#4110=CARTESIAN_POINT('Origin',(-20.5,19.6,19.5));
#4111=CARTESIAN_POINT('Origin',(-10.5,27.5,17.5));
#4112=CARTESIAN_POINT('',(4.5,27.5,14.85));
#4113=CARTESIAN_POINT('Origin',(4.5,27.5,17.5));
#4114=CARTESIAN_POINT('',(-10.5,27.5,14.85));
#4115=CARTESIAN_POINT('Origin',(-20.5,-20.,19.5));
#4116=CARTESIAN_POINT('',(-20.5,-19.6,16.25));
#4117=CARTESIAN_POINT('',(-20.5,-20.,16.25));
#4118=CARTESIAN_POINT('Origin',(-20.5,-19.6,19.5));
#4119=CARTESIAN_POINT('Origin',(-10.5,-27.5,17.5));
#4120=CARTESIAN_POINT('',(4.49999999999999,-27.5,14.85));
#4121=CARTESIAN_POINT('Origin',(4.49999999999999,-27.5,17.5));
#4122=CARTESIAN_POINT('',(-9.50000000000001,-27.5,14.85));
#4123=CARTESIAN_POINT('',(-10.5,-27.5,14.85));
#4124=CARTESIAN_POINT('Origin',(-9.50000000000001,-27.5,17.5));
#4125=CARTESIAN_POINT('Origin',(-10.5,-27.5,20.));
#4126=CARTESIAN_POINT('',(-9.50000000000001,-35.,20.));
#4127=CARTESIAN_POINT('',(4.49999999999999,-35.,20.));
#4128=CARTESIAN_POINT('',(-10.5,-35.,20.));
#4129=CARTESIAN_POINT('',(4.49999999999999,-27.5,27.5));
#4130=CARTESIAN_POINT('Origin',(4.49999999999999,-27.5,20.));
#4131=CARTESIAN_POINT('',(-9.50000000000001,-27.5,27.5));
#4132=CARTESIAN_POINT('',(-10.5,-27.5,27.5));
#4133=CARTESIAN_POINT('Origin',(-9.50000000000001,-27.5,20.));
#4134=CARTESIAN_POINT('Origin',(4.5,-1.88737914186277E-14,17.5));
#4135=CARTESIAN_POINT('',(4.49999999999999,-35.,7.5));
#4136=CARTESIAN_POINT('',(4.49999999999998,-35.,27.5));
#4137=CARTESIAN_POINT('',(4.50000000000001,35.,7.5));
#4138=CARTESIAN_POINT('',(4.49999999999999,-35.,7.5));
#4139=CARTESIAN_POINT('',(4.5,35.,20.));
#4140=CARTESIAN_POINT('',(4.5,35.,27.5));
#4141=CARTESIAN_POINT('',(4.5,27.5,27.5));
#4142=CARTESIAN_POINT('Origin',(4.5,27.5,20.));
#4143=CARTESIAN_POINT('',(4.49999999999999,-20.,27.5));
#4144=CARTESIAN_POINT('',(4.49999999999999,-20.,27.5));
#4145=CARTESIAN_POINT('Origin',(-10.5,27.5,20.));
#4146=CARTESIAN_POINT('',(-10.5,35.,20.));
#4147=CARTESIAN_POINT('',(-10.5,27.5,27.5));
#4148=CARTESIAN_POINT('Origin',(-20.5,-10.75,19.5));
#4149=CARTESIAN_POINT('',(-20.5,-10.75,16.15));
#4150=CARTESIAN_POINT('Origin',(-9.37864077669001,-1.57921140985191E-14,
27.5));
#4151=CARTESIAN_POINT('',(-9.50000000000001,-20.,27.5));
#4152=CARTESIAN_POINT('Origin',(-28.41619848709,-0.50000000000001,17.));
#4153=CARTESIAN_POINT('',(-27.91619848709,-0.50000000000001,17.5));
#4154=CARTESIAN_POINT('',(-30.31214886532,-0.500000000000009,15.104049621774));
#4155=CARTESIAN_POINT('',(-27.91619848709,-0.50000000000001,17.5));
#4156=CARTESIAN_POINT('Origin',(-9.37864077669001,-1.57921140985191E-14,
27.5));
#4157=CARTESIAN_POINT('',(-17.96110862308,10.75,27.5));
#4158=CARTESIAN_POINT('Origin',(-35.5,10.75,27.5));
#4159=CARTESIAN_POINT('Origin',(-20.5,10.75,19.5));
#4160=CARTESIAN_POINT('',(-20.5,10.75,16.15));
#4161=CARTESIAN_POINT('Origin',(-27.91619848709,-1.16759494180541E-14,20.866666666667));
#4162=CARTESIAN_POINT('',(-27.91619848709,-0.50000000000001,16.5));
#4163=CARTESIAN_POINT('',(-27.91619848709,0.499999999999987,17.5));
#4164=CARTESIAN_POINT('',(-27.91619848709,0.499999999999987,16.183333333333));
#4165=CARTESIAN_POINT('',(-27.91619848709,10.75,17.5));
#4166=CARTESIAN_POINT('',(-27.91619848709,-10.75,21.5));
#4167=CARTESIAN_POINT('Origin',(-28.41619848709,10.75,17.));
#4168=CARTESIAN_POINT('',(-31.56214886532,0.499999999999996,13.854049621774));
#4169=CARTESIAN_POINT('Origin',(-28.41619848709,-10.75,22.));
#4170=CARTESIAN_POINT('Origin',(-20.5,19.6,19.5));
#4171=CARTESIAN_POINT('',(-20.5,19.6,16.25));
#4172=CARTESIAN_POINT('Origin',(-35.5,35.,7.49999999999999));
#4173=CARTESIAN_POINT('',(-10.5,35.,7.5));
#4174=CARTESIAN_POINT('',(-10.5,35.,7.5));
#4175=CARTESIAN_POINT('',(-10.5,20.,7.5));
#4176=CARTESIAN_POINT('Origin',(-20.5,-19.6,19.5));
#4177=CARTESIAN_POINT('',(-20.5,-19.6,16.25));
#4178=CARTESIAN_POINT('Origin',(-9.50000000000001,-20.,7.5));
#4179=CARTESIAN_POINT('',(-9.50000000000001,-35.,7.5));
#4180=CARTESIAN_POINT('',(-9.50000000000001,-20.,7.5));
#4181=CARTESIAN_POINT('',(-9.50000000000001,-35.,7.5));
#4182=CARTESIAN_POINT('Origin',(-35.5,-35.,7.49999999999999));
#4183=CARTESIAN_POINT('',(-10.5,-35.,7.5));
#4184=CARTESIAN_POINT('',(-10.5,-20.,7.5));
#4185=CARTESIAN_POINT('',(-10.5,-35.,7.5));
#4186=CARTESIAN_POINT('Origin',(4.49999999999999,-35.,7.5));
#4187=CARTESIAN_POINT('',(22.,-32.,7.50000000000001));
#4188=CARTESIAN_POINT('',(22.,32.,7.5));
#4189=CARTESIAN_POINT('',(22.,-35.,7.5));
#4190=CARTESIAN_POINT('',(19.,35.,7.5));
#4191=CARTESIAN_POINT('',(33.625,20.375,7.5));
#4192=CARTESIAN_POINT('',(4.50000000000001,35.,7.5));
#4193=CARTESIAN_POINT('',(19.,-35.,7.5));
#4194=CARTESIAN_POINT('',(4.49999999999999,-35.,7.5));
#4195=CARTESIAN_POINT('',(16.125,-37.875,7.5));
#4196=CARTESIAN_POINT('',(17.15,27.5,7.50000000000001));
#4197=CARTESIAN_POINT('Origin',(14.5,27.5,7.50000000000001));
#4198=CARTESIAN_POINT('',(17.15,-1.31254028757021E-14,7.5));
#4199=CARTESIAN_POINT('Origin',(14.5,-1.22124532708767E-14,7.5));
#4200=CARTESIAN_POINT('',(17.15,-27.5,7.5));
#4201=CARTESIAN_POINT('Origin',(14.5,-27.5,7.5));
#4202=CARTESIAN_POINT('Origin',(0.682835820895988,-35.,10.09328358209));
#4203=CARTESIAN_POINT('',(19.,-35.,1.));
#4204=CARTESIAN_POINT('',(19.,-35.,1.));
#4205=CARTESIAN_POINT('',(19.,-35.,7.5));
#4206=CARTESIAN_POINT('',(-17.5,-35.,7.5));
#4207=CARTESIAN_POINT('',(-35.5,-35.,7.49999999999999));
#4208=CARTESIAN_POINT('',(-17.5,-35.,7.5));
#4209=CARTESIAN_POINT('Origin',(20.5,-33.5,7.5));
#4210=CARTESIAN_POINT('',(22.,-32.,1.00000000000001));
#4211=CARTESIAN_POINT('',(22.,-32.,7.50000000000001));
#4212=CARTESIAN_POINT('',(22.,-32.,1.00000000000001));
#4213=CARTESIAN_POINT('Origin',(22.,-35.,7.5));
#4214=CARTESIAN_POINT('',(22.,32.,1.00000000000001));
#4215=CARTESIAN_POINT('',(22.,-32.,1.00000000000001));
#4216=CARTESIAN_POINT('',(22.,32.,7.5));
#4217=CARTESIAN_POINT('Origin',(20.5,33.5,7.5));
#4218=CARTESIAN_POINT('',(19.,35.,1.00000000000001));
#4219=CARTESIAN_POINT('',(22.,32.,1.00000000000001));
#4220=CARTESIAN_POINT('',(19.,35.,7.5));
#4221=CARTESIAN_POINT('Origin',(0.682835820896006,35.,10.09328358209));
#4222=CARTESIAN_POINT('',(-17.5,35.,0.999999999999996));
#4223=CARTESIAN_POINT('',(19.,35.,1.00000000000001));
#4224=CARTESIAN_POINT('',(-17.5,35.,7.5));
#4225=CARTESIAN_POINT('',(-17.5,35.,7.5));
#4226=CARTESIAN_POINT('',(-35.5,35.,7.49999999999999));
#4227=CARTESIAN_POINT('Origin',(-35.5,-0.500000000000008,16.5));
#4228=CARTESIAN_POINT('Origin',(-35.5,0.499999999999997,11.5));
#4229=CARTESIAN_POINT('Origin',(-35.5,23.,7.49999999999999));
#4230=CARTESIAN_POINT('',(-35.5,23.,7.49999999999999));
#4231=CARTESIAN_POINT('',(-35.5,23.,0.999999999999992));
#4232=CARTESIAN_POINT('Origin',(-35.5,35.,7.49999999999999));
#4233=CARTESIAN_POINT('Origin',(-35.5,-35.,7.49999999999999));
#4234=CARTESIAN_POINT('',(-35.5,-23.,7.49999999999999));
#4235=CARTESIAN_POINT('Origin',(-35.5,-23.,7.49999999999999));
#4236=CARTESIAN_POINT('Origin',(14.5,27.5,8.88178419700125E-15));
#4237=CARTESIAN_POINT('',(17.15,27.5,0.40000000000001));
#4238=CARTESIAN_POINT('',(17.15,27.5,9.47020240005258E-15));
#4239=CARTESIAN_POINT('Origin',(14.5,27.5,0.400000000000009));
#4240=CARTESIAN_POINT('Origin',(14.5,-1.22124532708767E-14,0.));
#4241=CARTESIAN_POINT('',(17.15,-1.31254028757021E-14,0.400000000000001));
#4242=CARTESIAN_POINT('',(17.15,-1.31254028757021E-14,5.88418203051333E-16));
#4243=CARTESIAN_POINT('Origin',(14.5,-1.22124532708767E-14,0.4));
#4244=CARTESIAN_POINT('Origin',(14.5,-27.5,0.));
#4245=CARTESIAN_POINT('',(17.15,-27.5,0.400000000000001));
#4246=CARTESIAN_POINT('',(17.15,-27.5,5.88418203051333E-16));
#4247=CARTESIAN_POINT('Origin',(14.5,-27.5,0.4));
#4248=CARTESIAN_POINT('Origin',(19.,-34.5,0.500000000000003));
#4249=CARTESIAN_POINT('',(18.641653935763,-34.13487607169,0.134876071695005));
#4250=CARTESIAN_POINT('Origin',(21.646446609407,-31.6464466094,0.500000000000007));
#4251=CARTESIAN_POINT('',(21.53950428678,-31.80925643016,0.539504286780006));
#4252=CARTESIAN_POINT('Origin',(21.5,-32.,0.500000000000007));
#4253=CARTESIAN_POINT('',(15.435710052202,29.280982076273,-5.56428994779));
#4254=CARTESIAN_POINT('Origin',(21.646446609407,31.646446609407,0.500000000000007));
#4255=CARTESIAN_POINT('',(18.641653935763,34.134876071695,0.134876071695005));
#4256=CARTESIAN_POINT('Origin',(19.,34.5,0.500000000000003));
#4257=CARTESIAN_POINT('',(-16.08132442599,30.314432876317,-3.68556712368));
#4258=CARTESIAN_POINT('Origin',(-35.22264990188,22.583974852831,0.499999999999989));
#4259=CARTESIAN_POINT('Origin',(14.5,27.5,0.400000000000009));
#4260=CARTESIAN_POINT('',(17.15,27.5,0.40000000000001));
#4261=CARTESIAN_POINT('Origin',(14.5,-1.22124532708767E-14,0.4));
#4262=CARTESIAN_POINT('',(17.15,-1.31254028757021E-14,0.400000000000001));
#4263=CARTESIAN_POINT('Origin',(14.5,-27.5,0.4));
#4264=CARTESIAN_POINT('',(17.15,-27.5,0.400000000000001));
#4265=UNCERTAINTY_MEASURE_WITH_UNIT(LENGTH_MEASURE(0.01),#4269,
'DISTANCE_ACCURACY_VALUE',
'Maximum model space distance between geometric entities at asserted c
onnectivities');
#4266=UNCERTAINTY_MEASURE_WITH_UNIT(LENGTH_MEASURE(0.01),#4269,
'DISTANCE_ACCURACY_VALUE',
'Maximum model space distance between geometric entities at asserted c
onnectivities');
#4267=(
GEOMETRIC_REPRESENTATION_CONTEXT(3)
GLOBAL_UNCERTAINTY_ASSIGNED_CONTEXT((#4265))
GLOBAL_UNIT_ASSIGNED_CONTEXT((#4269,#4270,#4271))
REPRESENTATION_CONTEXT('','3D')
);
#4268=(
GEOMETRIC_REPRESENTATION_CONTEXT(3)
GLOBAL_UNCERTAINTY_ASSIGNED_CONTEXT((#4266))
GLOBAL_UNIT_ASSIGNED_CONTEXT((#4269,#4270,#4271))
REPRESENTATION_CONTEXT('','3D')
);
#4269=(
LENGTH_UNIT()
NAMED_UNIT(*)
SI_UNIT(.MILLI.,.METRE.)
);
#4270=(
NAMED_UNIT(*)
PLANE_ANGLE_UNIT()
SI_UNIT($,.RADIAN.)
);
#4271=(
NAMED_UNIT(*)
SI_UNIT($,.STERADIAN.)
SOLID_ANGLE_UNIT()
);
#4272=SHAPE_DEFINITION_REPRESENTATION(#4273,#4274);
#4273=PRODUCT_DEFINITION_SHAPE('',$,#4276);
#4274=SHAPE_REPRESENTATION('',(#2550),#4267);
#4275=PRODUCT_DEFINITION_CONTEXT('part definition',#4280,'design');
#4276=PRODUCT_DEFINITION('y-rod-mount-common',
'y-rod-mount-y-rod-mount-common v7',#4277,#4275);
#4277=PRODUCT_DEFINITION_FORMATION('',$,#4282);
#4278=PRODUCT_RELATED_PRODUCT_CATEGORY(
'y-rod-mount-y-rod-mount-common v7','y-rod-mount-y-rod-mount-common v7',
(#4282));
#4279=APPLICATION_PROTOCOL_DEFINITION('international standard',
'automotive_design',2009,#4280);
#4280=APPLICATION_CONTEXT(
'Core Data for Automotive Mechanical Design Process');
#4281=PRODUCT_CONTEXT('part definition',#4280,'mechanical');
#4282=PRODUCT('y-rod-mount-common','y-rod-mount-y-rod-mount-common v7',
'FreeCAD Model',(#4281));
#4283=PRESENTATION_STYLE_ASSIGNMENT((#4285));
#4284=PRESENTATION_STYLE_ASSIGNMENT((#4286));
#4285=SURFACE_STYLE_USAGE(.BOTH.,#4287);
#4286=SURFACE_STYLE_USAGE(.BOTH.,#4288);
#4287=SURFACE_SIDE_STYLE('',(#4289));
#4288=SURFACE_SIDE_STYLE('',(#4290));
#4289=SURFACE_STYLE_FILL_AREA(#4291);
#4290=SURFACE_STYLE_FILL_AREA(#4292);
#4291=FILL_AREA_STYLE('Acero - Satinado',(#4293));
#4292=FILL_AREA_STYLE('Opaque(204,204,204)',(#4294));
#4293=FILL_AREA_STYLE_COLOUR('Acero - Satinado',#4295);
#4294=FILL_AREA_STYLE_COLOUR('Opaque(204,204,204)',#4296);
#4295=COLOUR_RGB('Acero - Satinado',0.627450980392157,0.627450980392157,
0.627450980392157);
#4296=COLOUR_RGB('Opaque(204,204,204)',0.8,0.8,0.8);
ENDSEC;
END-ISO-10303-21;
