ISO-10303-21;
HEADER;
/* Generated by software containing ST-Developer
 * from STEP Tools, Inc. (www.steptools.com) 
 */

FILE_DESCRIPTION(
/* description */ ('FreeCAD Model'),
/* implementation_level */ '2;1');

FILE_NAME(
/* name */ 'y-rod-mount-rear-short-8mm-rod.step',
/* time_stamp */ '2026-07-08T19:24:39+02:00',
/* author */ (''),
/* organization */ (''),
/* preprocessor_version */ 'ST-DEVELOPER v20.1',
/* originating_system */ 'Autodesk Translation Framework v15.8.0.0',
/* authorisation */ '');

FILE_SCHEMA (('AUTOMOTIVE_DESIGN { 1 0 10303 214 3 1 1 }'));
ENDSEC;

DATA;
#10=MECHANICAL_DESIGN_GEOMETRIC_PRESENTATION_REPRESENTATION('',(#13),#4236);
#11=SHAPE_REPRESENTATION_RELATIONSHIP('SRR','None',#4242,#12);
#12=ADVANCED_BREP_SHAPE_REPRESENTATION('',(#14),#4235);
#13=STYLED_ITEM('',(#4252),#14);
#14=MANIFOLD_SOLID_BREP('rod-mount-short-8mm',#2531);
#15=B_SPLINE_CURVE_WITH_KNOTS('',3,(#3785,#3786,#3787,#3788),
 .UNSPECIFIED.,.F.,.F.,(4,4),(-24.9999999999843,-23.9304812834043),
 .UNSPECIFIED.);
#16=B_SPLINE_CURVE_WITH_KNOTS('',3,(#3789,#3790,#3791,#3792),
 .UNSPECIFIED.,.F.,.F.,(4,4),(-23.9304812834043,-16.5220359176427),
 .UNSPECIFIED.);
#17=B_SPLINE_CURVE_WITH_KNOTS('',3,(#3793,#3794,#3795,#3796),
 .UNSPECIFIED.,.F.,.F.,(4,4),(16.5220359176427,24.9999999999843),
 .UNSPECIFIED.);
#18=B_SPLINE_CURVE_WITH_KNOTS('',3,(#3867,#3868,#3869,#3870),
 .UNSPECIFIED.,.F.,.F.,(4,4),(-12.81472411419,-4.33676003184894),
 .UNSPECIFIED.);
#19=B_SPLINE_CURVE_WITH_KNOTS('',3,(#3872,#3873,#3874,#3875),
 .UNSPECIFIED.,.F.,.F.,(4,4),(4.33676003184894,11.7452053976085),
 .UNSPECIFIED.);
#20=B_SPLINE_CURVE_WITH_KNOTS('',3,(#3876,#3877,#3878,#3879),
 .UNSPECIFIED.,.F.,.F.,(4,4),(11.7452053976085,12.81472411419),
 .UNSPECIFIED.);
#21=B_SPLINE_CURVE_WITH_KNOTS('',3,(#3898,#3899,#3900,#3901),
 .UNSPECIFIED.,.F.,.F.,(4,4),(4.75000972902673,16.2889761594743),
 .UNSPECIFIED.);
#22=B_SPLINE_SURFACE_WITH_KNOTS('',3,3,((#3768,#3769,#3770,#3771),(#3772,
#3773,#3774,#3775),(#3776,#3777,#3778,#3779),(#3780,#3781,#3782,#3783)),
 .UNSPECIFIED.,.F.,.F.,.F.,(4,4),(4,4),(0.,1.),(16.5220359176427,24.9999999999843),
 .UNSPECIFIED.);
#23=B_SPLINE_SURFACE_WITH_KNOTS('',3,3,((#3851,#3852,#3853,#3854),(#3855,
#3856,#3857,#3858),(#3859,#3860,#3861,#3862),(#3863,#3864,#3865,#3866)),
 .UNSPECIFIED.,.F.,.F.,.F.,(4,4),(4,4),(0.,1.),(4.33676003184894,12.81472411419),
 .UNSPECIFIED.);
#24=CYLINDRICAL_SURFACE('',#2544,4.05);
#25=CYLINDRICAL_SURFACE('',#2557,4.05);
#26=CYLINDRICAL_SURFACE('',#2566,2.);
#27=CYLINDRICAL_SURFACE('',#2571,2.);
#28=CYLINDRICAL_SURFACE('',#2576,2.);
#29=CYLINDRICAL_SURFACE('',#2581,2.);
#30=CYLINDRICAL_SURFACE('',#2586,2.);
#31=CYLINDRICAL_SURFACE('',#2591,2.);
#32=CYLINDRICAL_SURFACE('',#2596,2.);
#33=CYLINDRICAL_SURFACE('',#2605,1.65);
#34=CYLINDRICAL_SURFACE('',#2610,1.65);
#35=CYLINDRICAL_SURFACE('',#2615,1.65);
#36=CYLINDRICAL_SURFACE('',#2620,1.65);
#37=CYLINDRICAL_SURFACE('',#2625,1.65);
#38=CYLINDRICAL_SURFACE('',#2630,1.65);
#39=CYLINDRICAL_SURFACE('',#2645,8.);
#40=CYLINDRICAL_SURFACE('',#2671,1.5);
#41=CYLINDRICAL_SURFACE('',#2674,1.5);
#42=CYLINDRICAL_SURFACE('',#2696,3.25);
#43=CYLINDRICAL_SURFACE('',#2698,2.65);
#44=CYLINDRICAL_SURFACE('',#2700,3.25);
#45=CYLINDRICAL_SURFACE('',#2702,2.65);
#46=CYLINDRICAL_SURFACE('',#2705,7.5);
#47=CYLINDRICAL_SURFACE('',#2710,7.5);
#48=CYLINDRICAL_SURFACE('',#2711,3.35);
#49=CYLINDRICAL_SURFACE('',#2716,3.35);
#50=CYLINDRICAL_SURFACE('',#2740,2.65);
#51=CYLINDRICAL_SURFACE('',#2742,2.65);
#52=CYLINDRICAL_SURFACE('',#2744,2.65);
#53=FACE_BOUND('',#345,.T.);
#54=FACE_BOUND('',#346,.T.);
#55=FACE_BOUND('',#350,.T.);
#56=FACE_BOUND('',#351,.T.);
#57=FACE_BOUND('',#352,.T.);
#58=FACE_BOUND('',#353,.T.);
#59=FACE_BOUND('',#354,.T.);
#60=FACE_BOUND('',#355,.T.);
#61=FACE_BOUND('',#356,.T.);
#62=FACE_BOUND('',#357,.T.);
#63=FACE_BOUND('',#358,.T.);
#64=FACE_BOUND('',#359,.T.);
#65=FACE_BOUND('',#381,.T.);
#66=FACE_BOUND('',#384,.T.);
#67=FACE_BOUND('',#388,.T.);
#68=FACE_BOUND('',#392,.T.);
#69=FACE_BOUND('',#396,.T.);
#70=FACE_BOUND('',#400,.T.);
#71=FACE_BOUND('',#404,.T.);
#72=FACE_BOUND('',#413,.T.);
#73=FACE_BOUND('',#421,.T.);
#74=FACE_BOUND('',#424,.T.);
#75=FACE_BOUND('',#427,.T.);
#76=FACE_BOUND('',#429,.T.);
#77=FACE_BOUND('',#448,.T.);
#78=FACE_BOUND('',#450,.T.);
#79=FACE_BOUND('',#452,.T.);
#80=FACE_BOUND('',#454,.T.);
#81=FACE_BOUND('',#468,.T.);
#82=FACE_BOUND('',#469,.T.);
#83=FACE_BOUND('',#470,.T.);
#84=FACE_BOUND('',#485,.T.);
#85=FACE_BOUND('',#488,.T.);
#86=FACE_BOUND('',#489,.T.);
#87=FACE_BOUND('',#490,.T.);
#88=CIRCLE('',#2536,5.05);
#89=CIRCLE('',#2537,4.05);
#90=CIRCLE('',#2540,4.05);
#91=CIRCLE('',#2541,5.05);
#92=CIRCLE('',#2545,4.05);
#93=CIRCLE('',#2547,2.5);
#94=CIRCLE('',#2548,2.5);
#95=CIRCLE('',#2549,2.5);
#96=CIRCLE('',#2550,3.05);
#97=CIRCLE('',#2551,3.05);
#98=CIRCLE('',#2552,3.05);
#99=CIRCLE('',#2553,2.5);
#100=CIRCLE('',#2554,2.5);
#101=CIRCLE('',#2555,2.5);
#102=CIRCLE('',#2556,2.5);
#103=CIRCLE('',#2558,4.05);
#104=CIRCLE('',#2564,2.);
#105=CIRCLE('',#2565,2.);
#106=CIRCLE('',#2567,2.);
#107=CIRCLE('',#2569,2.);
#108=CIRCLE('',#2570,2.);
#109=CIRCLE('',#2572,2.);
#110=CIRCLE('',#2574,2.);
#111=CIRCLE('',#2575,2.);
#112=CIRCLE('',#2577,2.);
#113=CIRCLE('',#2579,2.);
#114=CIRCLE('',#2580,2.);
#115=CIRCLE('',#2582,2.);
#116=CIRCLE('',#2584,2.);
#117=CIRCLE('',#2585,2.);
#118=CIRCLE('',#2587,2.);
#119=CIRCLE('',#2589,2.);
#120=CIRCLE('',#2590,2.);
#121=CIRCLE('',#2592,2.);
#122=CIRCLE('',#2594,2.);
#123=CIRCLE('',#2595,2.);
#124=CIRCLE('',#2597,2.);
#125=CIRCLE('',#2599,1.65);
#126=CIRCLE('',#2602,1.65);
#127=CIRCLE('',#2604,1.65);
#128=CIRCLE('',#2607,1.65);
#129=CIRCLE('',#2609,1.65);
#130=CIRCLE('',#2612,1.65);
#131=CIRCLE('',#2614,1.65);
#132=CIRCLE('',#2617,1.65);
#133=CIRCLE('',#2619,1.65);
#134=CIRCLE('',#2622,1.65);
#135=CIRCLE('',#2624,1.65);
#136=CIRCLE('',#2627,1.65);
#137=CIRCLE('',#2629,1.65);
#138=CIRCLE('',#2634,6.5);
#139=CIRCLE('',#2635,8.);
#140=CIRCLE('',#2639,3.35);
#141=CIRCLE('',#2642,8.);
#142=CIRCLE('',#2643,6.5);
#143=CIRCLE('',#2648,3.35);
#144=CIRCLE('',#2651,3.65);
#145=CIRCLE('',#2654,7.5);
#146=CIRCLE('',#2655,2.65);
#147=CIRCLE('',#2657,3.65);
#148=CIRCLE('',#2672,1.5);
#149=CIRCLE('',#2673,1.5);
#150=CIRCLE('',#2675,1.5);
#151=CIRCLE('',#2676,1.5);
#152=CIRCLE('',#2680,2.51);
#153=CIRCLE('',#2682,2.51);
#154=CIRCLE('',#2684,3.25);
#155=CIRCLE('',#2686,3.25);
#156=CIRCLE('',#2692,3.35);
#157=CIRCLE('',#2694,3.35);
#158=CIRCLE('',#2697,3.25);
#159=CIRCLE('',#2699,2.65);
#160=CIRCLE('',#2701,3.25);
#161=CIRCLE('',#2703,2.65);
#162=CIRCLE('',#2704,2.65);
#163=CIRCLE('',#2706,7.5);
#164=CIRCLE('',#2707,7.5);
#165=CIRCLE('',#2709,7.5);
#166=CIRCLE('',#2726,2.65);
#167=CIRCLE('',#2727,2.65);
#168=CIRCLE('',#2728,2.65);
#169=CIRCLE('',#2741,2.65);
#170=CIRCLE('',#2743,2.65);
#171=CIRCLE('',#2745,2.65);
#172=(
BOUNDED_CURVE()
B_SPLINE_CURVE(2,(#3477,#3478,#3479),.UNSPECIFIED.,.F.,.F.)
B_SPLINE_CURVE_WITH_KNOTS((3,3),(0.,0.167673584915269),.UNSPECIFIED.)
CURVE()
GEOMETRIC_REPRESENTATION_ITEM()
RATIONAL_B_SPLINE_CURVE((1.,1.,1.))
REPRESENTATION_ITEM('')
);
#173=(
BOUNDED_CURVE()
B_SPLINE_CURVE(2,(#3491,#3492,#3493),.UNSPECIFIED.,.F.,.F.)
B_SPLINE_CURVE_WITH_KNOTS((3,3),(0.,0.167673584915231),.UNSPECIFIED.)
CURVE()
GEOMETRIC_REPRESENTATION_ITEM()
RATIONAL_B_SPLINE_CURVE((1.,1.,1.))
REPRESENTATION_ITEM('')
);
#174=CONICAL_SURFACE('',#2535,4.55,0.785398163397456);
#175=CONICAL_SURFACE('',#2539,4.55,0.785398163397457);
#176=CONICAL_SURFACE('',#2563,2.25,0.785398163397446);
#177=CONICAL_SURFACE('',#2568,2.25,0.785398163397448);
#178=CONICAL_SURFACE('',#2573,2.25,0.785398163397448);
#179=CONICAL_SURFACE('',#2578,2.25,0.785398163397448);
#180=CONICAL_SURFACE('',#2583,2.25,0.785398163397448);
#181=CONICAL_SURFACE('',#2588,2.25,0.785398163397448);
#182=CONICAL_SURFACE('',#2593,2.25,0.785398163397446);
#183=CONICAL_SURFACE('',#2598,0.825,1.02974425867665);
#184=CONICAL_SURFACE('',#2601,0.825,1.02974425867665);
#185=CONICAL_SURFACE('',#2606,0.825,1.02974425867665);
#186=CONICAL_SURFACE('',#2611,0.825,1.02974425867665);
#187=CONICAL_SURFACE('',#2616,0.825,1.02974425867665);
#188=CONICAL_SURFACE('',#2621,0.825,1.02974425867665);
#189=CONICAL_SURFACE('',#2626,0.825,1.02974425867665);
#190=CONICAL_SURFACE('',#2633,7.25,0.785398163397447);
#191=CONICAL_SURFACE('',#2641,7.25,0.78539816339745);
#192=CONICAL_SURFACE('',#2691,3.35,0.785398163397);
#193=CONICAL_SURFACE('',#2693,3.35,0.785398163397);
#194=CONICAL_SURFACE('',#2720,3.25,0.785398163397);
#195=CONICAL_SURFACE('',#2722,3.25,0.785398163397);
#196=CONICAL_SURFACE('',#2752,2.65,0.785398163397);
#197=CONICAL_SURFACE('',#2753,2.65,0.785398163397);
#198=CONICAL_SURFACE('',#2754,2.65,0.785398163397);
#199=FACE_OUTER_BOUND('',#339,.T.);
#200=FACE_OUTER_BOUND('',#340,.T.);
#201=FACE_OUTER_BOUND('',#341,.T.);
#202=FACE_OUTER_BOUND('',#342,.T.);
#203=FACE_OUTER_BOUND('',#343,.T.);
#204=FACE_OUTER_BOUND('',#344,.T.);
#205=FACE_OUTER_BOUND('',#347,.T.);
#206=FACE_OUTER_BOUND('',#348,.T.);
#207=FACE_OUTER_BOUND('',#349,.T.);
#208=FACE_OUTER_BOUND('',#360,.T.);
#209=FACE_OUTER_BOUND('',#361,.T.);
#210=FACE_OUTER_BOUND('',#362,.T.);
#211=FACE_OUTER_BOUND('',#363,.T.);
#212=FACE_OUTER_BOUND('',#364,.T.);
#213=FACE_OUTER_BOUND('',#365,.T.);
#214=FACE_OUTER_BOUND('',#366,.T.);
#215=FACE_OUTER_BOUND('',#367,.T.);
#216=FACE_OUTER_BOUND('',#368,.T.);
#217=FACE_OUTER_BOUND('',#369,.T.);
#218=FACE_OUTER_BOUND('',#370,.T.);
#219=FACE_OUTER_BOUND('',#371,.T.);
#220=FACE_OUTER_BOUND('',#372,.T.);
#221=FACE_OUTER_BOUND('',#373,.T.);
#222=FACE_OUTER_BOUND('',#374,.T.);
#223=FACE_OUTER_BOUND('',#375,.T.);
#224=FACE_OUTER_BOUND('',#376,.T.);
#225=FACE_OUTER_BOUND('',#377,.T.);
#226=FACE_OUTER_BOUND('',#378,.T.);
#227=FACE_OUTER_BOUND('',#379,.T.);
#228=FACE_OUTER_BOUND('',#380,.T.);
#229=FACE_OUTER_BOUND('',#382,.T.);
#230=FACE_OUTER_BOUND('',#383,.T.);
#231=FACE_OUTER_BOUND('',#385,.T.);
#232=FACE_OUTER_BOUND('',#386,.T.);
#233=FACE_OUTER_BOUND('',#387,.T.);
#234=FACE_OUTER_BOUND('',#389,.T.);
#235=FACE_OUTER_BOUND('',#390,.T.);
#236=FACE_OUTER_BOUND('',#391,.T.);
#237=FACE_OUTER_BOUND('',#393,.T.);
#238=FACE_OUTER_BOUND('',#394,.T.);
#239=FACE_OUTER_BOUND('',#395,.T.);
#240=FACE_OUTER_BOUND('',#397,.T.);
#241=FACE_OUTER_BOUND('',#398,.T.);
#242=FACE_OUTER_BOUND('',#399,.T.);
#243=FACE_OUTER_BOUND('',#401,.T.);
#244=FACE_OUTER_BOUND('',#402,.T.);
#245=FACE_OUTER_BOUND('',#403,.T.);
#246=FACE_OUTER_BOUND('',#405,.T.);
#247=FACE_OUTER_BOUND('',#406,.T.);
#248=FACE_OUTER_BOUND('',#407,.T.);
#249=FACE_OUTER_BOUND('',#408,.T.);
#250=FACE_OUTER_BOUND('',#409,.T.);
#251=FACE_OUTER_BOUND('',#410,.T.);
#252=FACE_OUTER_BOUND('',#411,.T.);
#253=FACE_OUTER_BOUND('',#412,.T.);
#254=FACE_OUTER_BOUND('',#414,.T.);
#255=FACE_OUTER_BOUND('',#415,.T.);
#256=FACE_OUTER_BOUND('',#416,.T.);
#257=FACE_OUTER_BOUND('',#417,.T.);
#258=FACE_OUTER_BOUND('',#418,.T.);
#259=FACE_OUTER_BOUND('',#419,.T.);
#260=FACE_OUTER_BOUND('',#420,.T.);
#261=FACE_OUTER_BOUND('',#422,.T.);
#262=FACE_OUTER_BOUND('',#423,.T.);
#263=FACE_OUTER_BOUND('',#425,.T.);
#264=FACE_OUTER_BOUND('',#426,.T.);
#265=FACE_OUTER_BOUND('',#428,.T.);
#266=FACE_OUTER_BOUND('',#430,.T.);
#267=FACE_OUTER_BOUND('',#431,.T.);
#268=FACE_OUTER_BOUND('',#432,.T.);
#269=FACE_OUTER_BOUND('',#433,.T.);
#270=FACE_OUTER_BOUND('',#434,.T.);
#271=FACE_OUTER_BOUND('',#435,.T.);
#272=FACE_OUTER_BOUND('',#436,.T.);
#273=FACE_OUTER_BOUND('',#437,.T.);
#274=FACE_OUTER_BOUND('',#438,.T.);
#275=FACE_OUTER_BOUND('',#439,.T.);
#276=FACE_OUTER_BOUND('',#440,.T.);
#277=FACE_OUTER_BOUND('',#441,.T.);
#278=FACE_OUTER_BOUND('',#442,.T.);
#279=FACE_OUTER_BOUND('',#443,.T.);
#280=FACE_OUTER_BOUND('',#444,.T.);
#281=FACE_OUTER_BOUND('',#445,.T.);
#282=FACE_OUTER_BOUND('',#446,.T.);
#283=FACE_OUTER_BOUND('',#447,.T.);
#284=FACE_OUTER_BOUND('',#449,.T.);
#285=FACE_OUTER_BOUND('',#451,.T.);
#286=FACE_OUTER_BOUND('',#453,.T.);
#287=FACE_OUTER_BOUND('',#455,.T.);
#288=FACE_OUTER_BOUND('',#456,.T.);
#289=FACE_OUTER_BOUND('',#457,.T.);
#290=FACE_OUTER_BOUND('',#458,.T.);
#291=FACE_OUTER_BOUND('',#459,.T.);
#292=FACE_OUTER_BOUND('',#460,.T.);
#293=FACE_OUTER_BOUND('',#461,.T.);
#294=FACE_OUTER_BOUND('',#462,.T.);
#295=FACE_OUTER_BOUND('',#463,.T.);
#296=FACE_OUTER_BOUND('',#464,.T.);
#297=FACE_OUTER_BOUND('',#465,.T.);
#298=FACE_OUTER_BOUND('',#466,.T.);
#299=FACE_OUTER_BOUND('',#467,.T.);
#300=FACE_OUTER_BOUND('',#471,.T.);
#301=FACE_OUTER_BOUND('',#472,.T.);
#302=FACE_OUTER_BOUND('',#473,.T.);
#303=FACE_OUTER_BOUND('',#474,.T.);
#304=FACE_OUTER_BOUND('',#475,.T.);
#305=FACE_OUTER_BOUND('',#476,.T.);
#306=FACE_OUTER_BOUND('',#477,.T.);
#307=FACE_OUTER_BOUND('',#478,.T.);
#308=FACE_OUTER_BOUND('',#479,.T.);
#309=FACE_OUTER_BOUND('',#480,.T.);
#310=FACE_OUTER_BOUND('',#481,.T.);
#311=FACE_OUTER_BOUND('',#482,.T.);
#312=FACE_OUTER_BOUND('',#483,.T.);
#313=FACE_OUTER_BOUND('',#484,.T.);
#314=FACE_OUTER_BOUND('',#486,.T.);
#315=FACE_OUTER_BOUND('',#487,.T.);
#316=FACE_OUTER_BOUND('',#491,.T.);
#317=FACE_OUTER_BOUND('',#492,.T.);
#318=FACE_OUTER_BOUND('',#493,.T.);
#319=FACE_OUTER_BOUND('',#494,.T.);
#320=FACE_OUTER_BOUND('',#495,.T.);
#321=FACE_OUTER_BOUND('',#496,.T.);
#322=FACE_OUTER_BOUND('',#497,.T.);
#323=FACE_OUTER_BOUND('',#498,.T.);
#324=FACE_OUTER_BOUND('',#499,.T.);
#325=FACE_OUTER_BOUND('',#500,.T.);
#326=FACE_OUTER_BOUND('',#501,.T.);
#327=FACE_OUTER_BOUND('',#502,.T.);
#328=FACE_OUTER_BOUND('',#503,.T.);
#329=FACE_OUTER_BOUND('',#504,.T.);
#330=FACE_OUTER_BOUND('',#505,.T.);
#331=FACE_OUTER_BOUND('',#506,.T.);
#332=FACE_OUTER_BOUND('',#507,.T.);
#333=FACE_OUTER_BOUND('',#508,.T.);
#334=FACE_OUTER_BOUND('',#509,.T.);
#335=FACE_OUTER_BOUND('',#510,.T.);
#336=FACE_OUTER_BOUND('',#511,.T.);
#337=FACE_OUTER_BOUND('',#512,.T.);
#338=FACE_OUTER_BOUND('',#513,.T.);
#339=EDGE_LOOP('',(#1607,#1608,#1609,#1610));
#340=EDGE_LOOP('',(#1611,#1612,#1613,#1614));
#341=EDGE_LOOP('',(#1615,#1616,#1617,#1618));
#342=EDGE_LOOP('',(#1619,#1620,#1621,#1622));
#343=EDGE_LOOP('',(#1623,#1624,#1625,#1626));
#344=EDGE_LOOP('',(#1627,#1628,#1629,#1630,#1631,#1632,#1633,#1634,#1635,
#1636,#1637,#1638,#1639,#1640,#1641,#1642,#1643,#1644,#1645,#1646));
#345=EDGE_LOOP('',(#1647,#1648,#1649,#1650));
#346=EDGE_LOOP('',(#1651,#1652,#1653,#1654));
#347=EDGE_LOOP('',(#1655,#1656,#1657,#1658));
#348=EDGE_LOOP('',(#1659,#1660,#1661,#1662));
#349=EDGE_LOOP('',(#1663,#1664,#1665,#1666,#1667,#1668,#1669,#1670,#1671,
#1672,#1673,#1674));
#350=EDGE_LOOP('',(#1675));
#351=EDGE_LOOP('',(#1676));
#352=EDGE_LOOP('',(#1677));
#353=EDGE_LOOP('',(#1678));
#354=EDGE_LOOP('',(#1679));
#355=EDGE_LOOP('',(#1680));
#356=EDGE_LOOP('',(#1681));
#357=EDGE_LOOP('',(#1682));
#358=EDGE_LOOP('',(#1683));
#359=EDGE_LOOP('',(#1684));
#360=EDGE_LOOP('',(#1685,#1686,#1687,#1688));
#361=EDGE_LOOP('',(#1689,#1690,#1691,#1692));
#362=EDGE_LOOP('',(#1693,#1694,#1695,#1696));
#363=EDGE_LOOP('',(#1697,#1698,#1699,#1700));
#364=EDGE_LOOP('',(#1701,#1702,#1703,#1704));
#365=EDGE_LOOP('',(#1705,#1706,#1707,#1708,#1709));
#366=EDGE_LOOP('',(#1710,#1711,#1712,#1713,#1714));
#367=EDGE_LOOP('',(#1715,#1716,#1717,#1718,#1719));
#368=EDGE_LOOP('',(#1720,#1721,#1722,#1723,#1724));
#369=EDGE_LOOP('',(#1725,#1726,#1727,#1728,#1729));
#370=EDGE_LOOP('',(#1730,#1731,#1732,#1733,#1734));
#371=EDGE_LOOP('',(#1735,#1736,#1737,#1738,#1739));
#372=EDGE_LOOP('',(#1740,#1741,#1742,#1743,#1744));
#373=EDGE_LOOP('',(#1745,#1746,#1747,#1748,#1749));
#374=EDGE_LOOP('',(#1750,#1751,#1752,#1753,#1754));
#375=EDGE_LOOP('',(#1755,#1756,#1757,#1758,#1759));
#376=EDGE_LOOP('',(#1760,#1761,#1762,#1763,#1764));
#377=EDGE_LOOP('',(#1765,#1766,#1767,#1768,#1769));
#378=EDGE_LOOP('',(#1770,#1771,#1772,#1773,#1774));
#379=EDGE_LOOP('',(#1775,#1776,#1777));
#380=EDGE_LOOP('',(#1778));
#381=EDGE_LOOP('',(#1779));
#382=EDGE_LOOP('',(#1780,#1781,#1782));
#383=EDGE_LOOP('',(#1783));
#384=EDGE_LOOP('',(#1784));
#385=EDGE_LOOP('',(#1785,#1786,#1787,#1788));
#386=EDGE_LOOP('',(#1789,#1790,#1791));
#387=EDGE_LOOP('',(#1792));
#388=EDGE_LOOP('',(#1793));
#389=EDGE_LOOP('',(#1794,#1795,#1796,#1797));
#390=EDGE_LOOP('',(#1798,#1799,#1800));
#391=EDGE_LOOP('',(#1801));
#392=EDGE_LOOP('',(#1802));
#393=EDGE_LOOP('',(#1803,#1804,#1805,#1806));
#394=EDGE_LOOP('',(#1807,#1808,#1809));
#395=EDGE_LOOP('',(#1810));
#396=EDGE_LOOP('',(#1811));
#397=EDGE_LOOP('',(#1812,#1813,#1814,#1815));
#398=EDGE_LOOP('',(#1816,#1817,#1818));
#399=EDGE_LOOP('',(#1819));
#400=EDGE_LOOP('',(#1820));
#401=EDGE_LOOP('',(#1821,#1822,#1823,#1824));
#402=EDGE_LOOP('',(#1825,#1826,#1827));
#403=EDGE_LOOP('',(#1828));
#404=EDGE_LOOP('',(#1829));
#405=EDGE_LOOP('',(#1830,#1831,#1832,#1833));
#406=EDGE_LOOP('',(#1834,#1835,#1836,#1837,#1838,#1839));
#407=EDGE_LOOP('',(#1840,#1841,#1842,#1843));
#408=EDGE_LOOP('',(#1844,#1845,#1846,#1847));
#409=EDGE_LOOP('',(#1848,#1849,#1850,#1851));
#410=EDGE_LOOP('',(#1852,#1853,#1854,#1855,#1856));
#411=EDGE_LOOP('',(#1857,#1858,#1859));
#412=EDGE_LOOP('',(#1860,#1861,#1862,#1863,#1864,#1865,#1866,#1867,#1868,
#1869,#1870,#1871,#1872,#1873,#1874,#1875,#1876,#1877,#1878,#1879,#1880,
#1881));
#413=EDGE_LOOP('',(#1882));
#414=EDGE_LOOP('',(#1883,#1884,#1885,#1886));
#415=EDGE_LOOP('',(#1887,#1888,#1889,#1890));
#416=EDGE_LOOP('',(#1891,#1892,#1893,#1894));
#417=EDGE_LOOP('',(#1895,#1896,#1897,#1898,#1899));
#418=EDGE_LOOP('',(#1900,#1901,#1902,#1903));
#419=EDGE_LOOP('',(#1904,#1905,#1906,#1907,#1908,#1909,#1910,#1911));
#420=EDGE_LOOP('',(#1912,#1913,#1914,#1915,#1916,#1917,#1918,#1919,#1920,
#1921,#1922,#1923,#1924,#1925,#1926,#1927,#1928,#1929,#1930,#1931,#1932,
#1933));
#421=EDGE_LOOP('',(#1934));
#422=EDGE_LOOP('',(#1935,#1936,#1937,#1938,#1939,#1940));
#423=EDGE_LOOP('',(#1941,#1942,#1943,#1944,#1945,#1946,#1947,#1948));
#424=EDGE_LOOP('',(#1949));
#425=EDGE_LOOP('',(#1950,#1951,#1952,#1953,#1954,#1955));
#426=EDGE_LOOP('',(#1956,#1957,#1958,#1959,#1960,#1961));
#427=EDGE_LOOP('',(#1962));
#428=EDGE_LOOP('',(#1963,#1964,#1965,#1966,#1967,#1968,#1969,#1970));
#429=EDGE_LOOP('',(#1971));
#430=EDGE_LOOP('',(#1972,#1973,#1974,#1975));
#431=EDGE_LOOP('',(#1976,#1977,#1978,#1979,#1980));
#432=EDGE_LOOP('',(#1981,#1982,#1983,#1984,#1985));
#433=EDGE_LOOP('',(#1986,#1987,#1988,#1989));
#434=EDGE_LOOP('',(#1990,#1991,#1992,#1993));
#435=EDGE_LOOP('',(#1994,#1995,#1996,#1997));
#436=EDGE_LOOP('',(#1998,#1999,#2000,#2001));
#437=EDGE_LOOP('',(#2002,#2003,#2004,#2005));
#438=EDGE_LOOP('',(#2006,#2007,#2008,#2009));
#439=EDGE_LOOP('',(#2010,#2011,#2012,#2013));
#440=EDGE_LOOP('',(#2014,#2015,#2016,#2017));
#441=EDGE_LOOP('',(#2018,#2019,#2020,#2021));
#442=EDGE_LOOP('',(#2022,#2023,#2024,#2025));
#443=EDGE_LOOP('',(#2026,#2027,#2028,#2029));
#444=EDGE_LOOP('',(#2030,#2031,#2032,#2033));
#445=EDGE_LOOP('',(#2034,#2035,#2036,#2037));
#446=EDGE_LOOP('',(#2038,#2039,#2040,#2041));
#447=EDGE_LOOP('',(#2042));
#448=EDGE_LOOP('',(#2043));
#449=EDGE_LOOP('',(#2044));
#450=EDGE_LOOP('',(#2045));
#451=EDGE_LOOP('',(#2046));
#452=EDGE_LOOP('',(#2047));
#453=EDGE_LOOP('',(#2048));
#454=EDGE_LOOP('',(#2049));
#455=EDGE_LOOP('',(#2050,#2051,#2052,#2053,#2054));
#456=EDGE_LOOP('',(#2055,#2056,#2057,#2058));
#457=EDGE_LOOP('',(#2059,#2060,#2061,#2062,#2063));
#458=EDGE_LOOP('',(#2064,#2065,#2066,#2067));
#459=EDGE_LOOP('',(#2068,#2069,#2070,#2071));
#460=EDGE_LOOP('',(#2072,#2073,#2074,#2075));
#461=EDGE_LOOP('',(#2076,#2077,#2078,#2079,#2080,#2081));
#462=EDGE_LOOP('',(#2082,#2083,#2084,#2085));
#463=EDGE_LOOP('',(#2086,#2087,#2088,#2089));
#464=EDGE_LOOP('',(#2090,#2091,#2092,#2093));
#465=EDGE_LOOP('',(#2094,#2095,#2096,#2097));
#466=EDGE_LOOP('',(#2098,#2099,#2100,#2101));
#467=EDGE_LOOP('',(#2102,#2103,#2104,#2105,#2106,#2107,#2108,#2109));
#468=EDGE_LOOP('',(#2110));
#469=EDGE_LOOP('',(#2111,#2112,#2113,#2114));
#470=EDGE_LOOP('',(#2115));
#471=EDGE_LOOP('',(#2116,#2117,#2118,#2119));
#472=EDGE_LOOP('',(#2120,#2121,#2122,#2123));
#473=EDGE_LOOP('',(#2124,#2125,#2126,#2127,#2128,#2129,#2130));
#474=EDGE_LOOP('',(#2131,#2132,#2133,#2134));
#475=EDGE_LOOP('',(#2135,#2136,#2137,#2138,#2139,#2140,#2141));
#476=EDGE_LOOP('',(#2142,#2143,#2144));
#477=EDGE_LOOP('',(#2145,#2146,#2147,#2148));
#478=EDGE_LOOP('',(#2149,#2150,#2151,#2152,#2153,#2154,#2155,#2156));
#479=EDGE_LOOP('',(#2157,#2158,#2159,#2160));
#480=EDGE_LOOP('',(#2161,#2162,#2163,#2164));
#481=EDGE_LOOP('',(#2165,#2166,#2167,#2168));
#482=EDGE_LOOP('',(#2169,#2170,#2171,#2172));
#483=EDGE_LOOP('',(#2173,#2174,#2175,#2176));
#484=EDGE_LOOP('',(#2177,#2178,#2179,#2180,#2181,#2182));
#485=EDGE_LOOP('',(#2183));
#486=EDGE_LOOP('',(#2184,#2185,#2186,#2187));
#487=EDGE_LOOP('',(#2188,#2189,#2190,#2191,#2192,#2193));
#488=EDGE_LOOP('',(#2194));
#489=EDGE_LOOP('',(#2195));
#490=EDGE_LOOP('',(#2196));
#491=EDGE_LOOP('',(#2197,#2198,#2199,#2200,#2201,#2202,#2203,#2204,#2205));
#492=EDGE_LOOP('',(#2206,#2207,#2208,#2209));
#493=EDGE_LOOP('',(#2210,#2211,#2212,#2213));
#494=EDGE_LOOP('',(#2214,#2215,#2216,#2217));
#495=EDGE_LOOP('',(#2218,#2219,#2220,#2221,#2222,#2223,#2224,#2225,#2226));
#496=EDGE_LOOP('',(#2227,#2228,#2229,#2230,#2231,#2232,#2233));
#497=EDGE_LOOP('',(#2234,#2235,#2236,#2237,#2238,#2239,#2240));
#498=EDGE_LOOP('',(#2241,#2242,#2243,#2244));
#499=EDGE_LOOP('',(#2245,#2246,#2247,#2248,#2249));
#500=EDGE_LOOP('',(#2250,#2251,#2252,#2253,#2254));
#501=EDGE_LOOP('',(#2255,#2256,#2257,#2258));
#502=EDGE_LOOP('',(#2259,#2260,#2261,#2262));
#503=EDGE_LOOP('',(#2263,#2264,#2265,#2266));
#504=EDGE_LOOP('',(#2267,#2268,#2269,#2270));
#505=EDGE_LOOP('',(#2271,#2272,#2273,#2274));
#506=EDGE_LOOP('',(#2275,#2276,#2277,#2278));
#507=EDGE_LOOP('',(#2279,#2280,#2281,#2282));
#508=EDGE_LOOP('',(#2283,#2284,#2285,#2286));
#509=EDGE_LOOP('',(#2287,#2288,#2289,#2290));
#510=EDGE_LOOP('',(#2291,#2292,#2293,#2294));
#511=EDGE_LOOP('',(#2295,#2296,#2297,#2298));
#512=EDGE_LOOP('',(#2299,#2300,#2301,#2302));
#513=EDGE_LOOP('',(#2303,#2304,#2305,#2306));
#514=LINE('',#3462,#771);
#515=LINE('',#3464,#772);
#516=LINE('',#3466,#773);
#517=LINE('',#3467,#774);
#518=LINE('',#3470,#775);
#519=LINE('',#3472,#776);
#520=LINE('',#3473,#777);
#521=LINE('',#3483,#778);
#522=LINE('',#3486,#779);
#523=LINE('',#3487,#780);
#524=LINE('',#3498,#781);
#525=LINE('',#3500,#782);
#526=LINE('',#3502,#783);
#527=LINE('',#3504,#784);
#528=LINE('',#3506,#785);
#529=LINE('',#3508,#786);
#530=LINE('',#3510,#787);
#531=LINE('',#3512,#788);
#532=LINE('',#3514,#789);
#533=LINE('',#3516,#790);
#534=LINE('',#3518,#791);
#535=LINE('',#3520,#792);
#536=LINE('',#3522,#793);
#537=LINE('',#3524,#794);
#538=LINE('',#3525,#795);
#539=LINE('',#3528,#796);
#540=LINE('',#3530,#797);
#541=LINE('',#3532,#798);
#542=LINE('',#3533,#799);
#543=LINE('',#3536,#800);
#544=LINE('',#3538,#801);
#545=LINE('',#3540,#802);
#546=LINE('',#3541,#803);
#547=LINE('',#3544,#804);
#548=LINE('',#3545,#805);
#549=LINE('',#3548,#806);
#550=LINE('',#3551,#807);
#551=LINE('',#3554,#808);
#552=LINE('',#3555,#809);
#553=LINE('',#3557,#810);
#554=LINE('',#3559,#811);
#555=LINE('',#3561,#812);
#556=LINE('',#3563,#813);
#557=LINE('',#3565,#814);
#558=LINE('',#3567,#815);
#559=LINE('',#3569,#816);
#560=LINE('',#3570,#817);
#561=LINE('',#3594,#818);
#562=LINE('',#3597,#819);
#563=LINE('',#3598,#820);
#564=LINE('',#3601,#821);
#565=LINE('',#3602,#822);
#566=LINE('',#3604,#823);
#567=LINE('',#3606,#824);
#568=LINE('',#3609,#825);
#569=LINE('',#3615,#826);
#570=LINE('',#3619,#827);
#571=LINE('',#3625,#828);
#572=LINE('',#3629,#829);
#573=LINE('',#3635,#830);
#574=LINE('',#3639,#831);
#575=LINE('',#3645,#832);
#576=LINE('',#3649,#833);
#577=LINE('',#3655,#834);
#578=LINE('',#3659,#835);
#579=LINE('',#3665,#836);
#580=LINE('',#3669,#837);
#581=LINE('',#3675,#838);
#582=LINE('',#3681,#839);
#583=LINE('',#3687,#840);
#584=LINE('',#3692,#841);
#585=LINE('',#3697,#842);
#586=LINE('',#3702,#843);
#587=LINE('',#3707,#844);
#588=LINE('',#3712,#845);
#589=LINE('',#3717,#846);
#590=LINE('',#3722,#847);
#591=LINE('',#3727,#848);
#592=LINE('',#3732,#849);
#593=LINE('',#3737,#850);
#594=LINE('',#3742,#851);
#595=LINE('',#3747,#852);
#596=LINE('',#3749,#853);
#597=LINE('',#3751,#854);
#598=LINE('',#3752,#855);
#599=LINE('',#3756,#856);
#600=LINE('',#3760,#857);
#601=LINE('',#3765,#858);
#602=LINE('',#3766,#859);
#603=LINE('',#3767,#860);
#604=LINE('',#3799,#861);
#605=LINE('',#3800,#862);
#606=LINE('',#3803,#863);
#607=LINE('',#3804,#864);
#608=LINE('',#3806,#865);
#609=LINE('',#3808,#866);
#610=LINE('',#3810,#867);
#611=LINE('',#3812,#868);
#612=LINE('',#3814,#869);
#613=LINE('',#3816,#870);
#614=LINE('',#3818,#871);
#615=LINE('',#3819,#872);
#616=LINE('',#3821,#873);
#617=LINE('',#3823,#874);
#618=LINE('',#3824,#875);
#619=LINE('',#3830,#876);
#620=LINE('',#3832,#877);
#621=LINE('',#3834,#878);
#622=LINE('',#3835,#879);
#623=LINE('',#3839,#880);
#624=LINE('',#3843,#881);
#625=LINE('',#3848,#882);
#626=LINE('',#3849,#883);
#627=LINE('',#3850,#884);
#628=LINE('',#3881,#885);
#629=LINE('',#3882,#886);
#630=LINE('',#3885,#887);
#631=LINE('',#3887,#888);
#632=LINE('',#3889,#889);
#633=LINE('',#3891,#890);
#634=LINE('',#3892,#891);
#635=LINE('',#3894,#892);
#636=LINE('',#3896,#893);
#637=LINE('',#3903,#894);
#638=LINE('',#3905,#895);
#639=LINE('',#3906,#896);
#640=LINE('',#3908,#897);
#641=LINE('',#3910,#898);
#642=LINE('',#3912,#899);
#643=LINE('',#3914,#900);
#644=LINE('',#3916,#901);
#645=LINE('',#3918,#902);
#646=LINE('',#3920,#903);
#647=LINE('',#3921,#904);
#648=LINE('',#3926,#905);
#649=LINE('',#3928,#906);
#650=LINE('',#3930,#907);
#651=LINE('',#3932,#908);
#652=LINE('',#3933,#909);
#653=LINE('',#3936,#910);
#654=LINE('',#3938,#911);
#655=LINE('',#3940,#912);
#656=LINE('',#3941,#913);
#657=LINE('',#3946,#914);
#658=LINE('',#3948,#915);
#659=LINE('',#3950,#916);
#660=LINE('',#3952,#917);
#661=LINE('',#3953,#918);
#662=LINE('',#3956,#919);
#663=LINE('',#3958,#920);
#664=LINE('',#3962,#921);
#665=LINE('',#3963,#922);
#666=LINE('',#3968,#923);
#667=LINE('',#3970,#924);
#668=LINE('',#3971,#925);
#669=LINE('',#3976,#926);
#670=LINE('',#3977,#927);
#671=LINE('',#3979,#928);
#672=LINE('',#3981,#929);
#673=LINE('',#3984,#930);
#674=LINE('',#3985,#931);
#675=LINE('',#3988,#932);
#676=LINE('',#3989,#933);
#677=LINE('',#3992,#934);
#678=LINE('',#3993,#935);
#679=LINE('',#3996,#936);
#680=LINE('',#3997,#937);
#681=LINE('',#3999,#938);
#682=LINE('',#4001,#939);
#683=LINE('',#4003,#940);
#684=LINE('',#4005,#941);
#685=LINE('',#4007,#942);
#686=LINE('',#4009,#943);
#687=LINE('',#4014,#944);
#688=LINE('',#4020,#945);
#689=LINE('',#4025,#946);
#690=LINE('',#4027,#947);
#691=LINE('',#4029,#948);
#692=LINE('',#4030,#949);
#693=LINE('',#4033,#950);
#694=LINE('',#4035,#951);
#695=LINE('',#4036,#952);
#696=LINE('',#4051,#953);
#697=LINE('',#4053,#954);
#698=LINE('',#4054,#955);
#699=LINE('',#4057,#956);
#700=LINE('',#4058,#957);
#701=LINE('',#4061,#958);
#702=LINE('',#4062,#959);
#703=LINE('',#4064,#960);
#704=LINE('',#4068,#961);
#705=LINE('',#4072,#962);
#706=LINE('',#4074,#963);
#707=LINE('',#4077,#964);
#708=LINE('',#4082,#965);
#709=LINE('',#4085,#966);
#710=LINE('',#4091,#967);
#711=LINE('',#4096,#968);
#712=LINE('',#4100,#969);
#713=LINE('',#4104,#970);
#714=LINE('',#4106,#971);
#715=LINE('',#4108,#972);
#716=LINE('',#4111,#973);
#717=LINE('',#4112,#974);
#718=LINE('',#4114,#975);
#719=LINE('',#4115,#976);
#720=LINE('',#4117,#977);
#721=LINE('',#4119,#978);
#722=LINE('',#4122,#979);
#723=LINE('',#4123,#980);
#724=LINE('',#4125,#981);
#725=LINE('',#4128,#982);
#726=LINE('',#4130,#983);
#727=LINE('',#4132,#984);
#728=LINE('',#4133,#985);
#729=LINE('',#4134,#986);
#730=LINE('',#4136,#987);
#731=LINE('',#4139,#988);
#732=LINE('',#4142,#989);
#733=LINE('',#4143,#990);
#734=LINE('',#4145,#991);
#735=LINE('',#4148,#992);
#736=LINE('',#4149,#993);
#737=LINE('',#4152,#994);
#738=LINE('',#4153,#995);
#739=LINE('',#4157,#996);
#740=LINE('',#4159,#997);
#741=LINE('',#4160,#998);
#742=LINE('',#4162,#999);
#743=LINE('',#4163,#1000);
#744=LINE('',#4172,#1001);
#745=LINE('',#4173,#1002);
#746=LINE('',#4175,#1003);
#747=LINE('',#4176,#1004);
#748=LINE('',#4179,#1005);
#749=LINE('',#4180,#1006);
#750=LINE('',#4183,#1007);
#751=LINE('',#4184,#1008);
#752=LINE('',#4187,#1009);
#753=LINE('',#4188,#1010);
#754=LINE('',#4191,#1011);
#755=LINE('',#4193,#1012);
#756=LINE('',#4194,#1013);
#757=LINE('',#4198,#1014);
#758=LINE('',#4199,#1015);
#759=LINE('',#4202,#1016);
#760=LINE('',#4206,#1017);
#761=LINE('',#4210,#1018);
#762=LINE('',#4214,#1019);
#763=LINE('',#4217,#1020);
#764=LINE('',#4219,#1021);
#765=LINE('',#4221,#1022);
#766=LINE('',#4223,#1023);
#767=LINE('',#4225,#1024);
#768=LINE('',#4228,#1025);
#769=LINE('',#4230,#1026);
#770=LINE('',#4232,#1027);
#771=VECTOR('',#2759,10.);
#772=VECTOR('',#2760,10.);
#773=VECTOR('',#2761,10.);
#774=VECTOR('',#2762,10.);
#775=VECTOR('',#2765,10.);
#776=VECTOR('',#2766,10.);
#777=VECTOR('',#2767,10.);
#778=VECTOR('',#2772,10.);
#779=VECTOR('',#2777,10.);
#780=VECTOR('',#2778,10.);
#781=VECTOR('',#2787,10.);
#782=VECTOR('',#2788,10.);
#783=VECTOR('',#2789,10.);
#784=VECTOR('',#2790,10.);
#785=VECTOR('',#2791,10.);
#786=VECTOR('',#2792,10.);
#787=VECTOR('',#2793,10.);
#788=VECTOR('',#2794,10.);
#789=VECTOR('',#2795,10.);
#790=VECTOR('',#2796,10.);
#791=VECTOR('',#2797,10.);
#792=VECTOR('',#2798,10.);
#793=VECTOR('',#2799,10.);
#794=VECTOR('',#2800,10.);
#795=VECTOR('',#2801,10.);
#796=VECTOR('',#2802,10.);
#797=VECTOR('',#2803,10.);
#798=VECTOR('',#2804,10.);
#799=VECTOR('',#2805,10.);
#800=VECTOR('',#2806,10.);
#801=VECTOR('',#2807,10.);
#802=VECTOR('',#2808,10.);
#803=VECTOR('',#2809,10.);
#804=VECTOR('',#2812,10.);
#805=VECTOR('',#2813,10.);
#806=VECTOR('',#2816,10.);
#807=VECTOR('',#2819,10.);
#808=VECTOR('',#2822,10.);
#809=VECTOR('',#2823,10.);
#810=VECTOR('',#2824,10.);
#811=VECTOR('',#2825,1.);
#812=VECTOR('',#2826,1.);
#813=VECTOR('',#2827,1.00000000000064);
#814=VECTOR('',#2828,1.);
#815=VECTOR('',#2829,1.00000000000064);
#816=VECTOR('',#2830,1.);
#817=VECTOR('',#2831,1.);
#818=VECTOR('',#2856,10.);
#819=VECTOR('',#2859,10.);
#820=VECTOR('',#2860,10.);
#821=VECTOR('',#2863,10.);
#822=VECTOR('',#2864,10.);
#823=VECTOR('',#2867,10.);
#824=VECTOR('',#2870,10.);
#825=VECTOR('',#2873,2.25);
#826=VECTOR('',#2880,2.);
#827=VECTOR('',#2885,2.25);
#828=VECTOR('',#2892,2.);
#829=VECTOR('',#2897,2.25);
#830=VECTOR('',#2904,2.);
#831=VECTOR('',#2909,2.25);
#832=VECTOR('',#2916,2.);
#833=VECTOR('',#2921,2.25);
#834=VECTOR('',#2928,2.);
#835=VECTOR('',#2933,2.25);
#836=VECTOR('',#2940,2.);
#837=VECTOR('',#2945,2.25);
#838=VECTOR('',#2952,2.);
#839=VECTOR('',#2959,0.825);
#840=VECTOR('',#2966,0.825);
#841=VECTOR('',#2973,1.65);
#842=VECTOR('',#2978,0.825);
#843=VECTOR('',#2985,1.65);
#844=VECTOR('',#2990,0.825);
#845=VECTOR('',#2997,1.65);
#846=VECTOR('',#3002,0.825);
#847=VECTOR('',#3009,1.65);
#848=VECTOR('',#3014,0.825);
#849=VECTOR('',#3021,1.65);
#850=VECTOR('',#3026,0.825);
#851=VECTOR('',#3033,1.65);
#852=VECTOR('',#3038,10.);
#853=VECTOR('',#3039,10.);
#854=VECTOR('',#3040,10.);
#855=VECTOR('',#3041,10.);
#856=VECTOR('',#3044,10.);
#857=VECTOR('',#3047,10.);
#858=VECTOR('',#3052,10.);
#859=VECTOR('',#3053,10.);
#860=VECTOR('',#3054,10.);
#861=VECTOR('',#3057,0.999999999999872);
#862=VECTOR('',#3058,1.);
#863=VECTOR('',#3061,1.);
#864=VECTOR('',#3062,10.);
#865=VECTOR('',#3063,10.);
#866=VECTOR('',#3064,1.);
#867=VECTOR('',#3065,1.00000000000064);
#868=VECTOR('',#3066,1.);
#869=VECTOR('',#3067,1.);
#870=VECTOR('',#3068,1.00000000000064);
#871=VECTOR('',#3069,1.);
#872=VECTOR('',#3070,10.);
#873=VECTOR('',#3071,10.);
#874=VECTOR('',#3072,10.);
#875=VECTOR('',#3073,1.);
#876=VECTOR('',#3078,10.);
#877=VECTOR('',#3079,10.);
#878=VECTOR('',#3080,10.);
#879=VECTOR('',#3081,10.);
#880=VECTOR('',#3084,10.);
#881=VECTOR('',#3087,10.);
#882=VECTOR('',#3092,10.);
#883=VECTOR('',#3093,10.);
#884=VECTOR('',#3094,10.);
#885=VECTOR('',#3097,1.);
#886=VECTOR('',#3098,1.);
#887=VECTOR('',#3101,10.);
#888=VECTOR('',#3102,1.);
#889=VECTOR('',#3103,1.);
#890=VECTOR('',#3104,1.);
#891=VECTOR('',#3105,10.);
#892=VECTOR('',#3108,10.);
#893=VECTOR('',#3109,1.);
#894=VECTOR('',#3110,1.);
#895=VECTOR('',#3111,10.);
#896=VECTOR('',#3112,10.);
#897=VECTOR('',#3113,10.);
#898=VECTOR('',#3114,1.);
#899=VECTOR('',#3115,1.00000000000064);
#900=VECTOR('',#3116,1.);
#901=VECTOR('',#3117,1.);
#902=VECTOR('',#3118,1.00000000000064);
#903=VECTOR('',#3119,1.);
#904=VECTOR('',#3120,10.);
#905=VECTOR('',#3125,10.);
#906=VECTOR('',#3126,10.);
#907=VECTOR('',#3127,10.);
#908=VECTOR('',#3128,10.);
#909=VECTOR('',#3129,10.);
#910=VECTOR('',#3132,1.);
#911=VECTOR('',#3133,1.);
#912=VECTOR('',#3134,10.);
#913=VECTOR('',#3135,10.);
#914=VECTOR('',#3140,10.);
#915=VECTOR('',#3141,10.);
#916=VECTOR('',#3142,10.);
#917=VECTOR('',#3143,10.);
#918=VECTOR('',#3144,10.);
#919=VECTOR('',#3147,1.);
#920=VECTOR('',#3148,1.);
#921=VECTOR('',#3151,1.);
#922=VECTOR('',#3152,1.);
#923=VECTOR('',#3157,1.);
#924=VECTOR('',#3158,10.);
#925=VECTOR('',#3159,10.);
#926=VECTOR('',#3164,1.00000000000043);
#927=VECTOR('',#3165,1.);
#928=VECTOR('',#3168,10.);
#929=VECTOR('',#3171,10.);
#930=VECTOR('',#3174,10.);
#931=VECTOR('',#3175,10.);
#932=VECTOR('',#3178,1.);
#933=VECTOR('',#3179,1.);
#934=VECTOR('',#3182,10.);
#935=VECTOR('',#3183,10.);
#936=VECTOR('',#3186,1.);
#937=VECTOR('',#3187,1.);
#938=VECTOR('',#3190,10.);
#939=VECTOR('',#3193,1.);
#940=VECTOR('',#3196,10.);
#941=VECTOR('',#3199,10.);
#942=VECTOR('',#3202,10.);
#943=VECTOR('',#3205,10.);
#944=VECTOR('',#3210,1.5);
#945=VECTOR('',#3217,1.5);
#946=VECTOR('',#3222,1.00000000000064);
#947=VECTOR('',#3223,1.);
#948=VECTOR('',#3224,1.00000000000064);
#949=VECTOR('',#3225,1.);
#950=VECTOR('',#3228,1.);
#951=VECTOR('',#3229,1.);
#952=VECTOR('',#3230,1.);
#953=VECTOR('',#3249,1.);
#954=VECTOR('',#3250,1.);
#955=VECTOR('',#3251,1.);
#956=VECTOR('',#3254,1.);
#957=VECTOR('',#3255,1.);
#958=VECTOR('',#3258,1.);
#959=VECTOR('',#3259,1.);
#960=VECTOR('',#3262,1.);
#961=VECTOR('',#3267,3.35);
#962=VECTOR('',#3272,3.35);
#963=VECTOR('',#3275,1.);
#964=VECTOR('',#3278,3.25);
#965=VECTOR('',#3285,2.65);
#966=VECTOR('',#3288,3.25);
#967=VECTOR('',#3295,2.65);
#968=VECTOR('',#3300,1.);
#969=VECTOR('',#3303,1.);
#970=VECTOR('',#3308,1.);
#971=VECTOR('',#3309,1.);
#972=VECTOR('',#3310,1.);
#973=VECTOR('',#3313,1.);
#974=VECTOR('',#3314,1.);
#975=VECTOR('',#3317,1.);
#976=VECTOR('',#3318,1.);
#977=VECTOR('',#3321,3.35);
#978=VECTOR('',#3324,1.);
#979=VECTOR('',#3327,1.00000000000064);
#980=VECTOR('',#3328,1.);
#981=VECTOR('',#3331,1.);
#982=VECTOR('',#3336,3.35);
#983=VECTOR('',#3339,1.);
#984=VECTOR('',#3340,1.);
#985=VECTOR('',#3341,1.);
#986=VECTOR('',#3342,1.);
#987=VECTOR('',#3345,1.00000000000064);
#988=VECTOR('',#3350,3.25);
#989=VECTOR('',#3353,1.);
#990=VECTOR('',#3354,1.);
#991=VECTOR('',#3357,3.25);
#992=VECTOR('',#3360,1.);
#993=VECTOR('',#3361,1.);
#994=VECTOR('',#3364,1.);
#995=VECTOR('',#3365,1.);
#996=VECTOR('',#3368,1.);
#997=VECTOR('',#3369,1.00000000000064);
#998=VECTOR('',#3370,1.);
#999=VECTOR('',#3371,1.);
#1000=VECTOR('',#3372,1.00000000000064);
#1001=VECTOR('',#3381,1.);
#1002=VECTOR('',#3382,1.);
#1003=VECTOR('',#3383,1.);
#1004=VECTOR('',#3384,1.);
#1005=VECTOR('',#3387,1.);
#1006=VECTOR('',#3388,1.00000000000064);
#1007=VECTOR('',#3391,1.);
#1008=VECTOR('',#3392,1.);
#1009=VECTOR('',#3395,1.00000000000064);
#1010=VECTOR('',#3396,1.);
#1011=VECTOR('',#3399,1.);
#1012=VECTOR('',#3400,1.);
#1013=VECTOR('',#3401,1.);
#1014=VECTOR('',#3408,1.);
#1015=VECTOR('',#3409,1.);
#1016=VECTOR('',#3414,1.);
#1017=VECTOR('',#3419,2.65);
#1018=VECTOR('',#3424,2.65);
#1019=VECTOR('',#3429,2.65);
#1020=VECTOR('',#3434,1.00000000000026);
#1021=VECTOR('',#3437,1.00000000000026);
#1022=VECTOR('',#3440,1.00000000000026);
#1023=VECTOR('',#3443,1.00000000000026);
#1024=VECTOR('',#3446,1.00000000000043);
#1025=VECTOR('',#3451,2.65);
#1026=VECTOR('',#3454,2.65);
#1027=VECTOR('',#3457,2.65);
#1028=VERTEX_POINT('',#3460);
#1029=VERTEX_POINT('',#3461);
#1030=VERTEX_POINT('',#3463);
#1031=VERTEX_POINT('',#3465);
#1032=VERTEX_POINT('',#3469);
#1033=VERTEX_POINT('',#3471);
#1034=VERTEX_POINT('',#3475);
#1035=VERTEX_POINT('',#3476);
#1036=VERTEX_POINT('',#3480);
#1037=VERTEX_POINT('',#3482);
#1038=VERTEX_POINT('',#3489);
#1039=VERTEX_POINT('',#3490);
#1040=VERTEX_POINT('',#3497);
#1041=VERTEX_POINT('',#3499);
#1042=VERTEX_POINT('',#3501);
#1043=VERTEX_POINT('',#3503);
#1044=VERTEX_POINT('',#3505);
#1045=VERTEX_POINT('',#3507);
#1046=VERTEX_POINT('',#3509);
#1047=VERTEX_POINT('',#3511);
#1048=VERTEX_POINT('',#3513);
#1049=VERTEX_POINT('',#3515);
#1050=VERTEX_POINT('',#3517);
#1051=VERTEX_POINT('',#3519);
#1052=VERTEX_POINT('',#3521);
#1053=VERTEX_POINT('',#3523);
#1054=VERTEX_POINT('',#3526);
#1055=VERTEX_POINT('',#3527);
#1056=VERTEX_POINT('',#3529);
#1057=VERTEX_POINT('',#3531);
#1058=VERTEX_POINT('',#3534);
#1059=VERTEX_POINT('',#3535);
#1060=VERTEX_POINT('',#3537);
#1061=VERTEX_POINT('',#3539);
#1062=VERTEX_POINT('',#3543);
#1063=VERTEX_POINT('',#3547);
#1064=VERTEX_POINT('',#3549);
#1065=VERTEX_POINT('',#3553);
#1066=VERTEX_POINT('',#3556);
#1067=VERTEX_POINT('',#3558);
#1068=VERTEX_POINT('',#3560);
#1069=VERTEX_POINT('',#3562);
#1070=VERTEX_POINT('',#3564);
#1071=VERTEX_POINT('',#3566);
#1072=VERTEX_POINT('',#3568);
#1073=VERTEX_POINT('',#3571);
#1074=VERTEX_POINT('',#3573);
#1075=VERTEX_POINT('',#3575);
#1076=VERTEX_POINT('',#3577);
#1077=VERTEX_POINT('',#3579);
#1078=VERTEX_POINT('',#3581);
#1079=VERTEX_POINT('',#3583);
#1080=VERTEX_POINT('',#3585);
#1081=VERTEX_POINT('',#3587);
#1082=VERTEX_POINT('',#3589);
#1083=VERTEX_POINT('',#3592);
#1084=VERTEX_POINT('',#3596);
#1085=VERTEX_POINT('',#3600);
#1086=VERTEX_POINT('',#3608);
#1087=VERTEX_POINT('',#3610);
#1088=VERTEX_POINT('',#3614);
#1089=VERTEX_POINT('',#3618);
#1090=VERTEX_POINT('',#3620);
#1091=VERTEX_POINT('',#3624);
#1092=VERTEX_POINT('',#3628);
#1093=VERTEX_POINT('',#3630);
#1094=VERTEX_POINT('',#3634);
#1095=VERTEX_POINT('',#3638);
#1096=VERTEX_POINT('',#3640);
#1097=VERTEX_POINT('',#3644);
#1098=VERTEX_POINT('',#3648);
#1099=VERTEX_POINT('',#3650);
#1100=VERTEX_POINT('',#3654);
#1101=VERTEX_POINT('',#3658);
#1102=VERTEX_POINT('',#3660);
#1103=VERTEX_POINT('',#3664);
#1104=VERTEX_POINT('',#3668);
#1105=VERTEX_POINT('',#3670);
#1106=VERTEX_POINT('',#3674);
#1107=VERTEX_POINT('',#3678);
#1108=VERTEX_POINT('',#3680);
#1109=VERTEX_POINT('',#3684);
#1110=VERTEX_POINT('',#3686);
#1111=VERTEX_POINT('',#3689);
#1112=VERTEX_POINT('',#3694);
#1113=VERTEX_POINT('',#3696);
#1114=VERTEX_POINT('',#3699);
#1115=VERTEX_POINT('',#3704);
#1116=VERTEX_POINT('',#3706);
#1117=VERTEX_POINT('',#3709);
#1118=VERTEX_POINT('',#3714);
#1119=VERTEX_POINT('',#3716);
#1120=VERTEX_POINT('',#3719);
#1121=VERTEX_POINT('',#3724);
#1122=VERTEX_POINT('',#3726);
#1123=VERTEX_POINT('',#3729);
#1124=VERTEX_POINT('',#3734);
#1125=VERTEX_POINT('',#3736);
#1126=VERTEX_POINT('',#3739);
#1127=VERTEX_POINT('',#3745);
#1128=VERTEX_POINT('',#3746);
#1129=VERTEX_POINT('',#3748);
#1130=VERTEX_POINT('',#3750);
#1131=VERTEX_POINT('',#3754);
#1132=VERTEX_POINT('',#3755);
#1133=VERTEX_POINT('',#3757);
#1134=VERTEX_POINT('',#3759);
#1135=VERTEX_POINT('',#3763);
#1136=VERTEX_POINT('',#3764);
#1137=VERTEX_POINT('',#3784);
#1138=VERTEX_POINT('',#3798);
#1139=VERTEX_POINT('',#3802);
#1140=VERTEX_POINT('',#3805);
#1141=VERTEX_POINT('',#3807);
#1142=VERTEX_POINT('',#3809);
#1143=VERTEX_POINT('',#3811);
#1144=VERTEX_POINT('',#3813);
#1145=VERTEX_POINT('',#3815);
#1146=VERTEX_POINT('',#3817);
#1147=VERTEX_POINT('',#3820);
#1148=VERTEX_POINT('',#3822);
#1149=VERTEX_POINT('',#3825);
#1150=VERTEX_POINT('',#3828);
#1151=VERTEX_POINT('',#3829);
#1152=VERTEX_POINT('',#3831);
#1153=VERTEX_POINT('',#3833);
#1154=VERTEX_POINT('',#3837);
#1155=VERTEX_POINT('',#3838);
#1156=VERTEX_POINT('',#3840);
#1157=VERTEX_POINT('',#3842);
#1158=VERTEX_POINT('',#3846);
#1159=VERTEX_POINT('',#3847);
#1160=VERTEX_POINT('',#3871);
#1161=VERTEX_POINT('',#3884);
#1162=VERTEX_POINT('',#3886);
#1163=VERTEX_POINT('',#3888);
#1164=VERTEX_POINT('',#3890);
#1165=VERTEX_POINT('',#3895);
#1166=VERTEX_POINT('',#3897);
#1167=VERTEX_POINT('',#3902);
#1168=VERTEX_POINT('',#3904);
#1169=VERTEX_POINT('',#3907);
#1170=VERTEX_POINT('',#3909);
#1171=VERTEX_POINT('',#3911);
#1172=VERTEX_POINT('',#3913);
#1173=VERTEX_POINT('',#3915);
#1174=VERTEX_POINT('',#3917);
#1175=VERTEX_POINT('',#3919);
#1176=VERTEX_POINT('',#3922);
#1177=VERTEX_POINT('',#3925);
#1178=VERTEX_POINT('',#3927);
#1179=VERTEX_POINT('',#3929);
#1180=VERTEX_POINT('',#3931);
#1181=VERTEX_POINT('',#3935);
#1182=VERTEX_POINT('',#3937);
#1183=VERTEX_POINT('',#3939);
#1184=VERTEX_POINT('',#3942);
#1185=VERTEX_POINT('',#3945);
#1186=VERTEX_POINT('',#3947);
#1187=VERTEX_POINT('',#3949);
#1188=VERTEX_POINT('',#3951);
#1189=VERTEX_POINT('',#3955);
#1190=VERTEX_POINT('',#3957);
#1191=VERTEX_POINT('',#3959);
#1192=VERTEX_POINT('',#3961);
#1193=VERTEX_POINT('',#3964);
#1194=VERTEX_POINT('',#3967);
#1195=VERTEX_POINT('',#3969);
#1196=VERTEX_POINT('',#3972);
#1197=VERTEX_POINT('',#3975);
#1198=VERTEX_POINT('',#3983);
#1199=VERTEX_POINT('',#3987);
#1200=VERTEX_POINT('',#3991);
#1201=VERTEX_POINT('',#3995);
#1202=VERTEX_POINT('',#4011);
#1203=VERTEX_POINT('',#4013);
#1204=VERTEX_POINT('',#4017);
#1205=VERTEX_POINT('',#4019);
#1206=VERTEX_POINT('',#4023);
#1207=VERTEX_POINT('',#4024);
#1208=VERTEX_POINT('',#4026);
#1209=VERTEX_POINT('',#4028);
#1210=VERTEX_POINT('',#4032);
#1211=VERTEX_POINT('',#4034);
#1212=VERTEX_POINT('',#4038);
#1213=VERTEX_POINT('',#4041);
#1214=VERTEX_POINT('',#4044);
#1215=VERTEX_POINT('',#4047);
#1216=VERTEX_POINT('',#4050);
#1217=VERTEX_POINT('',#4052);
#1218=VERTEX_POINT('',#4056);
#1219=VERTEX_POINT('',#4060);
#1220=VERTEX_POINT('',#4066);
#1221=VERTEX_POINT('',#4070);
#1222=VERTEX_POINT('',#4076);
#1223=VERTEX_POINT('',#4080);
#1224=VERTEX_POINT('',#4084);
#1225=VERTEX_POINT('',#4088);
#1226=VERTEX_POINT('',#4090);
#1227=VERTEX_POINT('',#4094);
#1228=VERTEX_POINT('',#4095);
#1229=VERTEX_POINT('',#4097);
#1230=VERTEX_POINT('',#4099);
#1231=VERTEX_POINT('',#4103);
#1232=VERTEX_POINT('',#4105);
#1233=VERTEX_POINT('',#4107);
#1234=VERTEX_POINT('',#4109);
#1235=VERTEX_POINT('',#4121);
#1236=VERTEX_POINT('',#4131);
#1237=VERTEX_POINT('',#4141);
#1238=VERTEX_POINT('',#4147);
#1239=VERTEX_POINT('',#4151);
#1240=VERTEX_POINT('',#4155);
#1241=VERTEX_POINT('',#4156);
#1242=VERTEX_POINT('',#4158);
#1243=VERTEX_POINT('',#4161);
#1244=VERTEX_POINT('',#4164);
#1245=VERTEX_POINT('',#4166);
#1246=VERTEX_POINT('',#4168);
#1247=VERTEX_POINT('',#4171);
#1248=VERTEX_POINT('',#4174);
#1249=VERTEX_POINT('',#4178);
#1250=VERTEX_POINT('',#4182);
#1251=VERTEX_POINT('',#4186);
#1252=VERTEX_POINT('',#4190);
#1253=VERTEX_POINT('',#4192);
#1254=VERTEX_POINT('',#4205);
#1255=VERTEX_POINT('',#4209);
#1256=VERTEX_POINT('',#4213);
#1257=EDGE_CURVE('',#1028,#1029,#514,.T.);
#1258=EDGE_CURVE('',#1029,#1030,#515,.T.);
#1259=EDGE_CURVE('',#1030,#1031,#516,.T.);
#1260=EDGE_CURVE('',#1031,#1028,#517,.T.);
#1261=EDGE_CURVE('',#1031,#1032,#518,.T.);
#1262=EDGE_CURVE('',#1032,#1033,#519,.T.);
#1263=EDGE_CURVE('',#1033,#1028,#520,.T.);
#1264=EDGE_CURVE('',#1034,#1035,#172,.T.);
#1265=EDGE_CURVE('',#1035,#1036,#88,.T.);
#1266=EDGE_CURVE('',#1036,#1037,#521,.T.);
#1267=EDGE_CURVE('',#1037,#1034,#89,.T.);
#1268=EDGE_CURVE('',#1032,#1037,#522,.T.);
#1269=EDGE_CURVE('',#1036,#1033,#523,.T.);
#1270=EDGE_CURVE('',#1038,#1039,#173,.T.);
#1271=EDGE_CURVE('',#1039,#1030,#90,.T.);
#1272=EDGE_CURVE('',#1029,#1038,#91,.T.);
#1273=EDGE_CURVE('',#1040,#1035,#524,.T.);
#1274=EDGE_CURVE('',#1041,#1040,#525,.T.);
#1275=EDGE_CURVE('',#1042,#1041,#526,.T.);
#1276=EDGE_CURVE('',#1043,#1042,#527,.T.);
#1277=EDGE_CURVE('',#1044,#1043,#528,.T.);
#1278=EDGE_CURVE('',#1045,#1044,#529,.T.);
#1279=EDGE_CURVE('',#1045,#1046,#530,.T.);
#1280=EDGE_CURVE('',#1047,#1046,#531,.T.);
#1281=EDGE_CURVE('',#1047,#1048,#532,.T.);
#1282=EDGE_CURVE('',#1049,#1048,#533,.T.);
#1283=EDGE_CURVE('',#1049,#1050,#534,.T.);
#1284=EDGE_CURVE('',#1051,#1050,#535,.T.);
#1285=EDGE_CURVE('',#1052,#1051,#536,.T.);
#1286=EDGE_CURVE('',#1052,#1053,#537,.T.);
#1287=EDGE_CURVE('',#1038,#1053,#538,.T.);
#1288=EDGE_CURVE('',#1054,#1055,#539,.T.);
#1289=EDGE_CURVE('',#1056,#1054,#540,.T.);
#1290=EDGE_CURVE('',#1057,#1056,#541,.T.);
#1291=EDGE_CURVE('',#1055,#1057,#542,.T.);
#1292=EDGE_CURVE('',#1058,#1059,#543,.T.);
#1293=EDGE_CURVE('',#1060,#1058,#544,.T.);
#1294=EDGE_CURVE('',#1061,#1060,#545,.T.);
#1295=EDGE_CURVE('',#1059,#1061,#546,.T.);
#1296=EDGE_CURVE('',#1034,#1062,#547,.T.);
#1297=EDGE_CURVE('',#1062,#1040,#548,.T.);
#1298=EDGE_CURVE('',#1037,#1063,#549,.T.);
#1299=EDGE_CURVE('',#1064,#1063,#92,.T.);
#1300=EDGE_CURVE('',#1034,#1064,#550,.T.);
#1301=EDGE_CURVE('',#1064,#1065,#551,.T.);
#1302=EDGE_CURVE('',#1039,#1065,#552,.T.);
#1303=EDGE_CURVE('',#1066,#1039,#553,.T.);
#1304=EDGE_CURVE('',#1066,#1067,#554,.T.);
#1305=EDGE_CURVE('',#1068,#1067,#555,.T.);
#1306=EDGE_CURVE('',#1069,#1068,#556,.T.);
#1307=EDGE_CURVE('',#1070,#1069,#557,.T.);
#1308=EDGE_CURVE('',#1070,#1071,#558,.T.);
#1309=EDGE_CURVE('',#1071,#1072,#559,.T.);
#1310=EDGE_CURVE('',#1062,#1072,#560,.T.);
#1311=EDGE_CURVE('',#1073,#1073,#93,.T.);
#1312=EDGE_CURVE('',#1074,#1074,#94,.T.);
#1313=EDGE_CURVE('',#1075,#1075,#95,.T.);
#1314=EDGE_CURVE('',#1076,#1076,#96,.T.);
#1315=EDGE_CURVE('',#1077,#1077,#97,.T.);
#1316=EDGE_CURVE('',#1078,#1078,#98,.T.);
#1317=EDGE_CURVE('',#1079,#1079,#99,.T.);
#1318=EDGE_CURVE('',#1080,#1080,#100,.T.);
#1319=EDGE_CURVE('',#1081,#1081,#101,.T.);
#1320=EDGE_CURVE('',#1082,#1082,#102,.T.);
#1321=EDGE_CURVE('',#1083,#1065,#103,.T.);
#1322=EDGE_CURVE('',#1030,#1083,#561,.T.);
#1323=EDGE_CURVE('',#1084,#1083,#562,.T.);
#1324=EDGE_CURVE('',#1031,#1084,#563,.T.);
#1325=EDGE_CURVE('',#1085,#1084,#564,.T.);
#1326=EDGE_CURVE('',#1032,#1085,#565,.T.);
#1327=EDGE_CURVE('',#1063,#1085,#566,.T.);
#1328=EDGE_CURVE('',#1053,#1066,#567,.T.);
#1329=EDGE_CURVE('',#1082,#1086,#568,.T.);
#1330=EDGE_CURVE('',#1086,#1087,#104,.T.);
#1331=EDGE_CURVE('',#1087,#1086,#105,.T.);
#1332=EDGE_CURVE('',#1087,#1088,#569,.T.);
#1333=EDGE_CURVE('',#1088,#1088,#106,.T.);
#1334=EDGE_CURVE('',#1073,#1089,#570,.T.);
#1335=EDGE_CURVE('',#1089,#1090,#107,.T.);
#1336=EDGE_CURVE('',#1090,#1089,#108,.T.);
#1337=EDGE_CURVE('',#1090,#1091,#571,.T.);
#1338=EDGE_CURVE('',#1091,#1091,#109,.T.);
#1339=EDGE_CURVE('',#1081,#1092,#572,.T.);
#1340=EDGE_CURVE('',#1092,#1093,#110,.T.);
#1341=EDGE_CURVE('',#1093,#1092,#111,.T.);
#1342=EDGE_CURVE('',#1093,#1094,#573,.T.);
#1343=EDGE_CURVE('',#1094,#1094,#112,.T.);
#1344=EDGE_CURVE('',#1074,#1095,#574,.T.);
#1345=EDGE_CURVE('',#1095,#1096,#113,.T.);
#1346=EDGE_CURVE('',#1096,#1095,#114,.T.);
#1347=EDGE_CURVE('',#1096,#1097,#575,.T.);
#1348=EDGE_CURVE('',#1097,#1097,#115,.T.);
#1349=EDGE_CURVE('',#1080,#1098,#576,.T.);
#1350=EDGE_CURVE('',#1098,#1099,#116,.T.);
#1351=EDGE_CURVE('',#1099,#1098,#117,.T.);
#1352=EDGE_CURVE('',#1099,#1100,#577,.T.);
#1353=EDGE_CURVE('',#1100,#1100,#118,.T.);
#1354=EDGE_CURVE('',#1075,#1101,#578,.T.);
#1355=EDGE_CURVE('',#1101,#1102,#119,.T.);
#1356=EDGE_CURVE('',#1102,#1101,#120,.T.);
#1357=EDGE_CURVE('',#1102,#1103,#579,.T.);
#1358=EDGE_CURVE('',#1103,#1103,#121,.T.);
#1359=EDGE_CURVE('',#1079,#1104,#580,.T.);
#1360=EDGE_CURVE('',#1104,#1105,#122,.T.);
#1361=EDGE_CURVE('',#1105,#1104,#123,.T.);
#1362=EDGE_CURVE('',#1105,#1106,#581,.T.);
#1363=EDGE_CURVE('',#1106,#1106,#124,.T.);
#1364=EDGE_CURVE('',#1107,#1107,#125,.T.);
#1365=EDGE_CURVE('',#1107,#1108,#582,.T.);
#1366=EDGE_CURVE('',#1109,#1109,#126,.T.);
#1367=EDGE_CURVE('',#1109,#1110,#583,.T.);
#1368=EDGE_CURVE('',#1111,#1111,#127,.T.);
#1369=EDGE_CURVE('',#1111,#1109,#584,.T.);
#1370=EDGE_CURVE('',#1112,#1112,#128,.T.);
#1371=EDGE_CURVE('',#1112,#1113,#585,.T.);
#1372=EDGE_CURVE('',#1114,#1114,#129,.T.);
#1373=EDGE_CURVE('',#1114,#1112,#586,.T.);
#1374=EDGE_CURVE('',#1115,#1115,#130,.T.);
#1375=EDGE_CURVE('',#1115,#1116,#587,.T.);
#1376=EDGE_CURVE('',#1117,#1117,#131,.T.);
#1377=EDGE_CURVE('',#1117,#1115,#588,.T.);
#1378=EDGE_CURVE('',#1118,#1118,#132,.T.);
#1379=EDGE_CURVE('',#1118,#1119,#589,.T.);
#1380=EDGE_CURVE('',#1120,#1120,#133,.T.);
#1381=EDGE_CURVE('',#1120,#1118,#590,.T.);
#1382=EDGE_CURVE('',#1121,#1121,#134,.T.);
#1383=EDGE_CURVE('',#1121,#1122,#591,.T.);
#1384=EDGE_CURVE('',#1123,#1123,#135,.T.);
#1385=EDGE_CURVE('',#1123,#1121,#592,.T.);
#1386=EDGE_CURVE('',#1124,#1124,#136,.T.);
#1387=EDGE_CURVE('',#1124,#1125,#593,.T.);
#1388=EDGE_CURVE('',#1126,#1126,#137,.T.);
#1389=EDGE_CURVE('',#1126,#1124,#594,.T.);
#1390=EDGE_CURVE('',#1127,#1128,#595,.F.);
#1391=EDGE_CURVE('',#1127,#1129,#596,.T.);
#1392=EDGE_CURVE('',#1129,#1130,#597,.T.);
#1393=EDGE_CURVE('',#1130,#1128,#598,.T.);
#1394=EDGE_CURVE('',#1131,#1132,#599,.T.);
#1395=EDGE_CURVE('',#1132,#1133,#138,.T.);
#1396=EDGE_CURVE('',#1133,#1134,#600,.T.);
#1397=EDGE_CURVE('',#1134,#1131,#139,.T.);
#1398=EDGE_CURVE('',#1135,#1136,#601,.T.);
#1399=EDGE_CURVE('',#1136,#1132,#602,.T.);
#1400=EDGE_CURVE('',#1131,#1135,#603,.T.);
#1401=EDGE_CURVE('',#1133,#1137,#15,.T.);
#1402=EDGE_CURVE('',#1137,#1130,#16,.T.);
#1403=EDGE_CURVE('',#1129,#1134,#17,.T.);
#1404=EDGE_CURVE('',#1130,#1138,#604,.T.);
#1405=EDGE_CURVE('',#1138,#1128,#605,.T.);
#1406=EDGE_CURVE('',#1137,#1139,#606,.T.);
#1407=EDGE_CURVE('',#1061,#1136,#607,.F.);
#1408=EDGE_CURVE('',#1140,#1060,#608,.F.);
#1409=EDGE_CURVE('',#1140,#1141,#609,.T.);
#1410=EDGE_CURVE('',#1141,#1142,#610,.T.);
#1411=EDGE_CURVE('',#1142,#1143,#611,.T.);
#1412=EDGE_CURVE('',#1143,#1144,#612,.T.);
#1413=EDGE_CURVE('',#1145,#1143,#613,.T.);
#1414=EDGE_CURVE('',#1146,#1145,#614,.T.);
#1415=EDGE_CURVE('',#1046,#1146,#615,.F.);
#1416=EDGE_CURVE('',#1147,#1045,#616,.T.);
#1417=EDGE_CURVE('',#1148,#1147,#617,.T.);
#1418=EDGE_CURVE('',#1148,#1138,#618,.T.);
#1419=EDGE_CURVE('',#1149,#1149,#140,.T.);
#1420=EDGE_CURVE('',#1150,#1151,#619,.T.);
#1421=EDGE_CURVE('',#1151,#1152,#620,.T.);
#1422=EDGE_CURVE('',#1152,#1153,#621,.T.);
#1423=EDGE_CURVE('',#1153,#1150,#622,.T.);
#1424=EDGE_CURVE('',#1154,#1155,#623,.T.);
#1425=EDGE_CURVE('',#1155,#1156,#141,.T.);
#1426=EDGE_CURVE('',#1156,#1157,#624,.T.);
#1427=EDGE_CURVE('',#1157,#1154,#142,.T.);
#1428=EDGE_CURVE('',#1158,#1159,#625,.T.);
#1429=EDGE_CURVE('',#1159,#1155,#626,.T.);
#1430=EDGE_CURVE('',#1154,#1158,#627,.T.);
#1431=EDGE_CURVE('',#1156,#1153,#18,.T.);
#1432=EDGE_CURVE('',#1152,#1160,#19,.T.);
#1433=EDGE_CURVE('',#1160,#1157,#20,.T.);
#1434=EDGE_CURVE('',#1134,#1156,#628,.T.);
#1435=EDGE_CURVE('',#1155,#1131,#629,.T.);
#1436=EDGE_CURVE('',#1161,#1159,#630,.T.);
#1437=EDGE_CURVE('',#1161,#1162,#631,.T.);
#1438=EDGE_CURVE('',#1162,#1163,#632,.T.);
#1439=EDGE_CURVE('',#1164,#1163,#633,.T.);
#1440=EDGE_CURVE('',#1135,#1164,#634,.T.);
#1441=EDGE_CURVE('',#1158,#1055,#635,.T.);
#1442=EDGE_CURVE('',#1160,#1165,#636,.T.);
#1443=EDGE_CURVE('',#1166,#1152,#21,.F.);
#1444=EDGE_CURVE('',#1167,#1166,#637,.T.);
#1445=EDGE_CURVE('',#1168,#1167,#638,.T.);
#1446=EDGE_CURVE('',#1048,#1168,#639,.T.);
#1447=EDGE_CURVE('',#1169,#1047,#640,.F.);
#1448=EDGE_CURVE('',#1169,#1170,#641,.T.);
#1449=EDGE_CURVE('',#1170,#1171,#642,.T.);
#1450=EDGE_CURVE('',#1171,#1172,#643,.T.);
#1451=EDGE_CURVE('',#1173,#1171,#644,.T.);
#1452=EDGE_CURVE('',#1174,#1173,#645,.T.);
#1453=EDGE_CURVE('',#1175,#1174,#646,.T.);
#1454=EDGE_CURVE('',#1054,#1175,#647,.F.);
#1455=EDGE_CURVE('',#1176,#1176,#143,.T.);
#1456=EDGE_CURVE('',#1042,#1177,#648,.T.);
#1457=EDGE_CURVE('',#1177,#1178,#649,.T.);
#1458=EDGE_CURVE('',#1179,#1178,#650,.T.);
#1459=EDGE_CURVE('',#1179,#1180,#651,.T.);
#1460=EDGE_CURVE('',#1180,#1043,#652,.T.);
#1461=EDGE_CURVE('',#1180,#1181,#653,.T.);
#1462=EDGE_CURVE('',#1179,#1182,#654,.T.);
#1463=EDGE_CURVE('',#1183,#1182,#655,.T.);
#1464=EDGE_CURVE('',#1044,#1183,#656,.T.);
#1465=EDGE_CURVE('',#1184,#1184,#144,.T.);
#1466=EDGE_CURVE('',#1050,#1185,#657,.T.);
#1467=EDGE_CURVE('',#1185,#1186,#658,.T.);
#1468=EDGE_CURVE('',#1187,#1186,#659,.T.);
#1469=EDGE_CURVE('',#1187,#1188,#660,.T.);
#1470=EDGE_CURVE('',#1188,#1051,#661,.T.);
#1471=EDGE_CURVE('',#1186,#1189,#662,.T.);
#1472=EDGE_CURVE('',#1189,#1190,#663,.T.);
#1473=EDGE_CURVE('',#1191,#1190,#145,.T.);
#1474=EDGE_CURVE('',#1192,#1191,#664,.T.);
#1475=EDGE_CURVE('',#1187,#1192,#665,.T.);
#1476=EDGE_CURVE('',#1193,#1193,#146,.T.);
#1477=EDGE_CURVE('',#1185,#1194,#666,.T.);
#1478=EDGE_CURVE('',#1195,#1049,#667,.T.);
#1479=EDGE_CURVE('',#1189,#1195,#668,.T.);
#1480=EDGE_CURVE('',#1196,#1196,#147,.T.);
#1481=EDGE_CURVE('',#1197,#1072,#669,.T.);
#1482=EDGE_CURVE('',#1040,#1197,#670,.T.);
#1483=EDGE_CURVE('',#1057,#1161,#671,.F.);
#1484=EDGE_CURVE('',#1164,#1059,#672,.F.);
#1485=EDGE_CURVE('',#1058,#1198,#673,.F.);
#1486=EDGE_CURVE('',#1198,#1140,#674,.T.);
#1487=EDGE_CURVE('',#1198,#1199,#675,.T.);
#1488=EDGE_CURVE('',#1199,#1141,#676,.T.);
#1489=EDGE_CURVE('',#1175,#1200,#677,.T.);
#1490=EDGE_CURVE('',#1200,#1056,#678,.F.);
#1491=EDGE_CURVE('',#1174,#1201,#679,.T.);
#1492=EDGE_CURVE('',#1200,#1201,#680,.T.);
#1493=EDGE_CURVE('',#1146,#1169,#681,.T.);
#1494=EDGE_CURVE('',#1145,#1170,#682,.T.);
#1495=EDGE_CURVE('',#1183,#1147,#683,.T.);
#1496=EDGE_CURVE('',#1148,#1182,#684,.T.);
#1497=EDGE_CURVE('',#1168,#1195,#685,.T.);
#1498=EDGE_CURVE('',#1189,#1167,#686,.T.);
#1499=EDGE_CURVE('',#1202,#1202,#148,.T.);
#1500=EDGE_CURVE('',#1202,#1203,#687,.T.);
#1501=EDGE_CURVE('',#1203,#1203,#149,.T.);
#1502=EDGE_CURVE('',#1204,#1204,#150,.T.);
#1503=EDGE_CURVE('',#1204,#1205,#688,.T.);
#1504=EDGE_CURVE('',#1205,#1205,#151,.T.);
#1505=EDGE_CURVE('',#1206,#1207,#689,.T.);
#1506=EDGE_CURVE('',#1207,#1208,#690,.T.);
#1507=EDGE_CURVE('',#1209,#1208,#691,.T.);
#1508=EDGE_CURVE('',#1206,#1209,#692,.T.);
#1509=EDGE_CURVE('',#1210,#1207,#693,.T.);
#1510=EDGE_CURVE('',#1211,#1210,#694,.T.);
#1511=EDGE_CURVE('',#1208,#1211,#695,.T.);
#1512=EDGE_CURVE('',#1212,#1212,#152,.T.);
#1513=EDGE_CURVE('',#1213,#1213,#153,.T.);
#1514=EDGE_CURVE('',#1214,#1214,#154,.T.);
#1515=EDGE_CURVE('',#1215,#1215,#155,.T.);
#1516=EDGE_CURVE('',#1216,#1209,#696,.T.);
#1517=EDGE_CURVE('',#1217,#1211,#697,.T.);
#1518=EDGE_CURVE('',#1216,#1217,#698,.T.);
#1519=EDGE_CURVE('',#1218,#1206,#699,.T.);
#1520=EDGE_CURVE('',#1218,#1216,#700,.T.);
#1521=EDGE_CURVE('',#1219,#1218,#701,.T.);
#1522=EDGE_CURVE('',#1219,#1210,#702,.T.);
#1523=EDGE_CURVE('',#1217,#1219,#703,.T.);
#1524=EDGE_CURVE('',#1220,#1220,#156,.T.);
#1525=EDGE_CURVE('',#1220,#1212,#704,.T.);
#1526=EDGE_CURVE('',#1221,#1221,#157,.T.);
#1527=EDGE_CURVE('',#1221,#1213,#705,.T.);
#1528=EDGE_CURVE('',#1127,#1150,#706,.T.);
#1529=EDGE_CURVE('',#1214,#1222,#707,.T.);
#1530=EDGE_CURVE('',#1222,#1222,#158,.T.);
#1531=EDGE_CURVE('',#1223,#1223,#159,.T.);
#1532=EDGE_CURVE('',#1223,#1193,#708,.T.);
#1533=EDGE_CURVE('',#1215,#1224,#709,.T.);
#1534=EDGE_CURVE('',#1224,#1224,#160,.T.);
#1535=EDGE_CURVE('',#1225,#1225,#161,.T.);
#1536=EDGE_CURVE('',#1225,#1226,#710,.T.);
#1537=EDGE_CURVE('',#1226,#1226,#162,.T.);
#1538=EDGE_CURVE('',#1227,#1228,#711,.T.);
#1539=EDGE_CURVE('',#1228,#1229,#163,.T.);
#1540=EDGE_CURVE('',#1230,#1229,#712,.T.);
#1541=EDGE_CURVE('',#1227,#1230,#164,.T.);
#1542=EDGE_CURVE('',#1228,#1231,#713,.T.);
#1543=EDGE_CURVE('',#1231,#1232,#714,.T.);
#1544=EDGE_CURVE('',#1233,#1232,#715,.T.);
#1545=EDGE_CURVE('',#1233,#1234,#165,.T.);
#1546=EDGE_CURVE('',#1234,#1150,#716,.T.);
#1547=EDGE_CURVE('',#1127,#1229,#717,.T.);
#1548=EDGE_CURVE('',#1191,#1233,#718,.T.);
#1549=EDGE_CURVE('',#1190,#1234,#719,.T.);
#1550=EDGE_CURVE('',#1149,#1220,#720,.T.);
#1551=EDGE_CURVE('',#1182,#1230,#721,.T.);
#1552=EDGE_CURVE('',#1199,#1235,#722,.T.);
#1553=EDGE_CURVE('',#1235,#1142,#723,.T.);
#1554=EDGE_CURVE('',#1166,#1151,#724,.T.);
#1555=EDGE_CURVE('',#1176,#1221,#725,.T.);
#1556=EDGE_CURVE('',#1163,#1235,#726,.T.);
#1557=EDGE_CURVE('',#1162,#1236,#727,.T.);
#1558=EDGE_CURVE('',#1173,#1236,#728,.T.);
#1559=EDGE_CURVE('',#1143,#1171,#729,.T.);
#1560=EDGE_CURVE('',#1201,#1236,#730,.T.);
#1561=EDGE_CURVE('',#1222,#1196,#731,.T.);
#1562=EDGE_CURVE('',#1237,#1192,#732,.T.);
#1563=EDGE_CURVE('',#1188,#1237,#733,.T.);
#1564=EDGE_CURVE('',#1224,#1184,#734,.T.);
#1565=EDGE_CURVE('',#1178,#1238,#735,.T.);
#1566=EDGE_CURVE('',#1238,#1227,#736,.T.);
#1567=EDGE_CURVE('',#1177,#1239,#737,.T.);
#1568=EDGE_CURVE('',#1239,#1238,#738,.T.);
#1569=EDGE_CURVE('',#1240,#1241,#739,.T.);
#1570=EDGE_CURVE('',#1241,#1242,#740,.T.);
#1571=EDGE_CURVE('',#1232,#1242,#741,.T.);
#1572=EDGE_CURVE('',#1231,#1243,#742,.T.);
#1573=EDGE_CURVE('',#1240,#1243,#743,.T.);
#1574=EDGE_CURVE('',#1244,#1244,#166,.T.);
#1575=EDGE_CURVE('',#1245,#1245,#167,.T.);
#1576=EDGE_CURVE('',#1246,#1246,#168,.T.);
#1577=EDGE_CURVE('',#1247,#1197,#744,.T.);
#1578=EDGE_CURVE('',#1243,#1247,#745,.T.);
#1579=EDGE_CURVE('',#1248,#1239,#746,.T.);
#1580=EDGE_CURVE('',#1248,#1197,#747,.T.);
#1581=EDGE_CURVE('',#1240,#1249,#748,.T.);
#1582=EDGE_CURVE('',#1249,#1247,#749,.T.);
#1583=EDGE_CURVE('',#1249,#1250,#750,.T.);
#1584=EDGE_CURVE('',#1241,#1250,#751,.T.);
#1585=EDGE_CURVE('',#1250,#1251,#752,.T.);
#1586=EDGE_CURVE('',#1242,#1251,#753,.T.);
#1587=EDGE_CURVE('',#1251,#1252,#754,.T.);
#1588=EDGE_CURVE('',#1253,#1252,#755,.T.);
#1589=EDGE_CURVE('',#1253,#1237,#756,.T.);
#1590=EDGE_CURVE('',#1052,#1253,#757,.T.);
#1591=EDGE_CURVE('',#1053,#1252,#758,.T.);
#1592=EDGE_CURVE('',#1041,#1248,#759,.T.);
#1593=EDGE_CURVE('',#1244,#1254,#760,.T.);
#1594=EDGE_CURVE('',#1254,#1254,#169,.T.);
#1595=EDGE_CURVE('',#1245,#1255,#761,.T.);
#1596=EDGE_CURVE('',#1255,#1255,#170,.T.);
#1597=EDGE_CURVE('',#1246,#1256,#762,.T.);
#1598=EDGE_CURVE('',#1256,#1256,#171,.T.);
#1599=EDGE_CURVE('',#1247,#1071,#763,.T.);
#1600=EDGE_CURVE('',#1249,#1070,#764,.T.);
#1601=EDGE_CURVE('',#1069,#1250,#765,.T.);
#1602=EDGE_CURVE('',#1251,#1068,#766,.T.);
#1603=EDGE_CURVE('',#1067,#1252,#767,.T.);
#1604=EDGE_CURVE('',#1254,#1076,#768,.T.);
#1605=EDGE_CURVE('',#1255,#1077,#769,.T.);
#1606=EDGE_CURVE('',#1256,#1078,#770,.T.);
#1607=ORIENTED_EDGE('',*,*,#1257,.T.);
#1608=ORIENTED_EDGE('',*,*,#1258,.T.);
#1609=ORIENTED_EDGE('',*,*,#1259,.T.);
#1610=ORIENTED_EDGE('',*,*,#1260,.T.);
#1611=ORIENTED_EDGE('',*,*,#1261,.T.);
#1612=ORIENTED_EDGE('',*,*,#1262,.T.);
#1613=ORIENTED_EDGE('',*,*,#1263,.T.);
#1614=ORIENTED_EDGE('',*,*,#1260,.F.);
#1615=ORIENTED_EDGE('',*,*,#1264,.T.);
#1616=ORIENTED_EDGE('',*,*,#1265,.T.);
#1617=ORIENTED_EDGE('',*,*,#1266,.T.);
#1618=ORIENTED_EDGE('',*,*,#1267,.T.);
#1619=ORIENTED_EDGE('',*,*,#1268,.T.);
#1620=ORIENTED_EDGE('',*,*,#1266,.F.);
#1621=ORIENTED_EDGE('',*,*,#1269,.T.);
#1622=ORIENTED_EDGE('',*,*,#1262,.F.);
#1623=ORIENTED_EDGE('',*,*,#1270,.T.);
#1624=ORIENTED_EDGE('',*,*,#1271,.T.);
#1625=ORIENTED_EDGE('',*,*,#1258,.F.);
#1626=ORIENTED_EDGE('',*,*,#1272,.T.);
#1627=ORIENTED_EDGE('',*,*,#1272,.F.);
#1628=ORIENTED_EDGE('',*,*,#1257,.F.);
#1629=ORIENTED_EDGE('',*,*,#1263,.F.);
#1630=ORIENTED_EDGE('',*,*,#1269,.F.);
#1631=ORIENTED_EDGE('',*,*,#1265,.F.);
#1632=ORIENTED_EDGE('',*,*,#1273,.F.);
#1633=ORIENTED_EDGE('',*,*,#1274,.F.);
#1634=ORIENTED_EDGE('',*,*,#1275,.F.);
#1635=ORIENTED_EDGE('',*,*,#1276,.F.);
#1636=ORIENTED_EDGE('',*,*,#1277,.F.);
#1637=ORIENTED_EDGE('',*,*,#1278,.F.);
#1638=ORIENTED_EDGE('',*,*,#1279,.T.);
#1639=ORIENTED_EDGE('',*,*,#1280,.F.);
#1640=ORIENTED_EDGE('',*,*,#1281,.T.);
#1641=ORIENTED_EDGE('',*,*,#1282,.F.);
#1642=ORIENTED_EDGE('',*,*,#1283,.T.);
#1643=ORIENTED_EDGE('',*,*,#1284,.F.);
#1644=ORIENTED_EDGE('',*,*,#1285,.F.);
#1645=ORIENTED_EDGE('',*,*,#1286,.T.);
#1646=ORIENTED_EDGE('',*,*,#1287,.F.);
#1647=ORIENTED_EDGE('',*,*,#1288,.F.);
#1648=ORIENTED_EDGE('',*,*,#1289,.F.);
#1649=ORIENTED_EDGE('',*,*,#1290,.F.);
#1650=ORIENTED_EDGE('',*,*,#1291,.F.);
#1651=ORIENTED_EDGE('',*,*,#1292,.F.);
#1652=ORIENTED_EDGE('',*,*,#1293,.F.);
#1653=ORIENTED_EDGE('',*,*,#1294,.F.);
#1654=ORIENTED_EDGE('',*,*,#1295,.F.);
#1655=ORIENTED_EDGE('',*,*,#1264,.F.);
#1656=ORIENTED_EDGE('',*,*,#1296,.T.);
#1657=ORIENTED_EDGE('',*,*,#1297,.T.);
#1658=ORIENTED_EDGE('',*,*,#1273,.T.);
#1659=ORIENTED_EDGE('',*,*,#1267,.F.);
#1660=ORIENTED_EDGE('',*,*,#1298,.T.);
#1661=ORIENTED_EDGE('',*,*,#1299,.F.);
#1662=ORIENTED_EDGE('',*,*,#1300,.F.);
#1663=ORIENTED_EDGE('',*,*,#1296,.F.);
#1664=ORIENTED_EDGE('',*,*,#1300,.T.);
#1665=ORIENTED_EDGE('',*,*,#1301,.T.);
#1666=ORIENTED_EDGE('',*,*,#1302,.F.);
#1667=ORIENTED_EDGE('',*,*,#1303,.F.);
#1668=ORIENTED_EDGE('',*,*,#1304,.T.);
#1669=ORIENTED_EDGE('',*,*,#1305,.F.);
#1670=ORIENTED_EDGE('',*,*,#1306,.F.);
#1671=ORIENTED_EDGE('',*,*,#1307,.F.);
#1672=ORIENTED_EDGE('',*,*,#1308,.T.);
#1673=ORIENTED_EDGE('',*,*,#1309,.T.);
#1674=ORIENTED_EDGE('',*,*,#1310,.F.);
#1675=ORIENTED_EDGE('',*,*,#1311,.F.);
#1676=ORIENTED_EDGE('',*,*,#1312,.F.);
#1677=ORIENTED_EDGE('',*,*,#1313,.F.);
#1678=ORIENTED_EDGE('',*,*,#1314,.F.);
#1679=ORIENTED_EDGE('',*,*,#1315,.F.);
#1680=ORIENTED_EDGE('',*,*,#1316,.F.);
#1681=ORIENTED_EDGE('',*,*,#1317,.F.);
#1682=ORIENTED_EDGE('',*,*,#1318,.F.);
#1683=ORIENTED_EDGE('',*,*,#1319,.F.);
#1684=ORIENTED_EDGE('',*,*,#1320,.F.);
#1685=ORIENTED_EDGE('',*,*,#1271,.F.);
#1686=ORIENTED_EDGE('',*,*,#1302,.T.);
#1687=ORIENTED_EDGE('',*,*,#1321,.F.);
#1688=ORIENTED_EDGE('',*,*,#1322,.F.);
#1689=ORIENTED_EDGE('',*,*,#1259,.F.);
#1690=ORIENTED_EDGE('',*,*,#1322,.T.);
#1691=ORIENTED_EDGE('',*,*,#1323,.F.);
#1692=ORIENTED_EDGE('',*,*,#1324,.F.);
#1693=ORIENTED_EDGE('',*,*,#1261,.F.);
#1694=ORIENTED_EDGE('',*,*,#1324,.T.);
#1695=ORIENTED_EDGE('',*,*,#1325,.F.);
#1696=ORIENTED_EDGE('',*,*,#1326,.F.);
#1697=ORIENTED_EDGE('',*,*,#1268,.F.);
#1698=ORIENTED_EDGE('',*,*,#1326,.T.);
#1699=ORIENTED_EDGE('',*,*,#1327,.F.);
#1700=ORIENTED_EDGE('',*,*,#1298,.F.);
#1701=ORIENTED_EDGE('',*,*,#1270,.F.);
#1702=ORIENTED_EDGE('',*,*,#1287,.T.);
#1703=ORIENTED_EDGE('',*,*,#1328,.T.);
#1704=ORIENTED_EDGE('',*,*,#1303,.T.);
#1705=ORIENTED_EDGE('',*,*,#1320,.T.);
#1706=ORIENTED_EDGE('',*,*,#1329,.T.);
#1707=ORIENTED_EDGE('',*,*,#1330,.T.);
#1708=ORIENTED_EDGE('',*,*,#1331,.T.);
#1709=ORIENTED_EDGE('',*,*,#1329,.F.);
#1710=ORIENTED_EDGE('',*,*,#1330,.F.);
#1711=ORIENTED_EDGE('',*,*,#1331,.F.);
#1712=ORIENTED_EDGE('',*,*,#1332,.T.);
#1713=ORIENTED_EDGE('',*,*,#1333,.T.);
#1714=ORIENTED_EDGE('',*,*,#1332,.F.);
#1715=ORIENTED_EDGE('',*,*,#1311,.T.);
#1716=ORIENTED_EDGE('',*,*,#1334,.T.);
#1717=ORIENTED_EDGE('',*,*,#1335,.T.);
#1718=ORIENTED_EDGE('',*,*,#1336,.T.);
#1719=ORIENTED_EDGE('',*,*,#1334,.F.);
#1720=ORIENTED_EDGE('',*,*,#1335,.F.);
#1721=ORIENTED_EDGE('',*,*,#1336,.F.);
#1722=ORIENTED_EDGE('',*,*,#1337,.T.);
#1723=ORIENTED_EDGE('',*,*,#1338,.T.);
#1724=ORIENTED_EDGE('',*,*,#1337,.F.);
#1725=ORIENTED_EDGE('',*,*,#1319,.T.);
#1726=ORIENTED_EDGE('',*,*,#1339,.T.);
#1727=ORIENTED_EDGE('',*,*,#1340,.T.);
#1728=ORIENTED_EDGE('',*,*,#1341,.T.);
#1729=ORIENTED_EDGE('',*,*,#1339,.F.);
#1730=ORIENTED_EDGE('',*,*,#1340,.F.);
#1731=ORIENTED_EDGE('',*,*,#1341,.F.);
#1732=ORIENTED_EDGE('',*,*,#1342,.T.);
#1733=ORIENTED_EDGE('',*,*,#1343,.T.);
#1734=ORIENTED_EDGE('',*,*,#1342,.F.);
#1735=ORIENTED_EDGE('',*,*,#1312,.T.);
#1736=ORIENTED_EDGE('',*,*,#1344,.T.);
#1737=ORIENTED_EDGE('',*,*,#1345,.T.);
#1738=ORIENTED_EDGE('',*,*,#1346,.T.);
#1739=ORIENTED_EDGE('',*,*,#1344,.F.);
#1740=ORIENTED_EDGE('',*,*,#1345,.F.);
#1741=ORIENTED_EDGE('',*,*,#1346,.F.);
#1742=ORIENTED_EDGE('',*,*,#1347,.T.);
#1743=ORIENTED_EDGE('',*,*,#1348,.T.);
#1744=ORIENTED_EDGE('',*,*,#1347,.F.);
#1745=ORIENTED_EDGE('',*,*,#1318,.T.);
#1746=ORIENTED_EDGE('',*,*,#1349,.T.);
#1747=ORIENTED_EDGE('',*,*,#1350,.T.);
#1748=ORIENTED_EDGE('',*,*,#1351,.T.);
#1749=ORIENTED_EDGE('',*,*,#1349,.F.);
#1750=ORIENTED_EDGE('',*,*,#1350,.F.);
#1751=ORIENTED_EDGE('',*,*,#1351,.F.);
#1752=ORIENTED_EDGE('',*,*,#1352,.T.);
#1753=ORIENTED_EDGE('',*,*,#1353,.T.);
#1754=ORIENTED_EDGE('',*,*,#1352,.F.);
#1755=ORIENTED_EDGE('',*,*,#1313,.T.);
#1756=ORIENTED_EDGE('',*,*,#1354,.T.);
#1757=ORIENTED_EDGE('',*,*,#1355,.T.);
#1758=ORIENTED_EDGE('',*,*,#1356,.T.);
#1759=ORIENTED_EDGE('',*,*,#1354,.F.);
#1760=ORIENTED_EDGE('',*,*,#1355,.F.);
#1761=ORIENTED_EDGE('',*,*,#1356,.F.);
#1762=ORIENTED_EDGE('',*,*,#1357,.T.);
#1763=ORIENTED_EDGE('',*,*,#1358,.T.);
#1764=ORIENTED_EDGE('',*,*,#1357,.F.);
#1765=ORIENTED_EDGE('',*,*,#1317,.T.);
#1766=ORIENTED_EDGE('',*,*,#1359,.T.);
#1767=ORIENTED_EDGE('',*,*,#1360,.T.);
#1768=ORIENTED_EDGE('',*,*,#1361,.T.);
#1769=ORIENTED_EDGE('',*,*,#1359,.F.);
#1770=ORIENTED_EDGE('',*,*,#1360,.F.);
#1771=ORIENTED_EDGE('',*,*,#1361,.F.);
#1772=ORIENTED_EDGE('',*,*,#1362,.T.);
#1773=ORIENTED_EDGE('',*,*,#1363,.T.);
#1774=ORIENTED_EDGE('',*,*,#1362,.F.);
#1775=ORIENTED_EDGE('',*,*,#1364,.T.);
#1776=ORIENTED_EDGE('',*,*,#1365,.T.);
#1777=ORIENTED_EDGE('',*,*,#1365,.F.);
#1778=ORIENTED_EDGE('',*,*,#1348,.F.);
#1779=ORIENTED_EDGE('',*,*,#1364,.F.);
#1780=ORIENTED_EDGE('',*,*,#1366,.F.);
#1781=ORIENTED_EDGE('',*,*,#1367,.T.);
#1782=ORIENTED_EDGE('',*,*,#1367,.F.);
#1783=ORIENTED_EDGE('',*,*,#1333,.F.);
#1784=ORIENTED_EDGE('',*,*,#1368,.T.);
#1785=ORIENTED_EDGE('',*,*,#1368,.F.);
#1786=ORIENTED_EDGE('',*,*,#1369,.T.);
#1787=ORIENTED_EDGE('',*,*,#1366,.T.);
#1788=ORIENTED_EDGE('',*,*,#1369,.F.);
#1789=ORIENTED_EDGE('',*,*,#1370,.F.);
#1790=ORIENTED_EDGE('',*,*,#1371,.T.);
#1791=ORIENTED_EDGE('',*,*,#1371,.F.);
#1792=ORIENTED_EDGE('',*,*,#1358,.F.);
#1793=ORIENTED_EDGE('',*,*,#1372,.T.);
#1794=ORIENTED_EDGE('',*,*,#1372,.F.);
#1795=ORIENTED_EDGE('',*,*,#1373,.T.);
#1796=ORIENTED_EDGE('',*,*,#1370,.T.);
#1797=ORIENTED_EDGE('',*,*,#1373,.F.);
#1798=ORIENTED_EDGE('',*,*,#1374,.F.);
#1799=ORIENTED_EDGE('',*,*,#1375,.T.);
#1800=ORIENTED_EDGE('',*,*,#1375,.F.);
#1801=ORIENTED_EDGE('',*,*,#1343,.F.);
#1802=ORIENTED_EDGE('',*,*,#1376,.T.);
#1803=ORIENTED_EDGE('',*,*,#1376,.F.);
#1804=ORIENTED_EDGE('',*,*,#1377,.T.);
#1805=ORIENTED_EDGE('',*,*,#1374,.T.);
#1806=ORIENTED_EDGE('',*,*,#1377,.F.);
#1807=ORIENTED_EDGE('',*,*,#1378,.F.);
#1808=ORIENTED_EDGE('',*,*,#1379,.T.);
#1809=ORIENTED_EDGE('',*,*,#1379,.F.);
#1810=ORIENTED_EDGE('',*,*,#1353,.F.);
#1811=ORIENTED_EDGE('',*,*,#1380,.T.);
#1812=ORIENTED_EDGE('',*,*,#1380,.F.);
#1813=ORIENTED_EDGE('',*,*,#1381,.T.);
#1814=ORIENTED_EDGE('',*,*,#1378,.T.);
#1815=ORIENTED_EDGE('',*,*,#1381,.F.);
#1816=ORIENTED_EDGE('',*,*,#1382,.F.);
#1817=ORIENTED_EDGE('',*,*,#1383,.T.);
#1818=ORIENTED_EDGE('',*,*,#1383,.F.);
#1819=ORIENTED_EDGE('',*,*,#1363,.F.);
#1820=ORIENTED_EDGE('',*,*,#1384,.T.);
#1821=ORIENTED_EDGE('',*,*,#1384,.F.);
#1822=ORIENTED_EDGE('',*,*,#1385,.T.);
#1823=ORIENTED_EDGE('',*,*,#1382,.T.);
#1824=ORIENTED_EDGE('',*,*,#1385,.F.);
#1825=ORIENTED_EDGE('',*,*,#1386,.F.);
#1826=ORIENTED_EDGE('',*,*,#1387,.T.);
#1827=ORIENTED_EDGE('',*,*,#1387,.F.);
#1828=ORIENTED_EDGE('',*,*,#1338,.F.);
#1829=ORIENTED_EDGE('',*,*,#1388,.T.);
#1830=ORIENTED_EDGE('',*,*,#1388,.F.);
#1831=ORIENTED_EDGE('',*,*,#1389,.T.);
#1832=ORIENTED_EDGE('',*,*,#1386,.T.);
#1833=ORIENTED_EDGE('',*,*,#1389,.F.);
#1834=ORIENTED_EDGE('',*,*,#1321,.T.);
#1835=ORIENTED_EDGE('',*,*,#1301,.F.);
#1836=ORIENTED_EDGE('',*,*,#1299,.T.);
#1837=ORIENTED_EDGE('',*,*,#1327,.T.);
#1838=ORIENTED_EDGE('',*,*,#1325,.T.);
#1839=ORIENTED_EDGE('',*,*,#1323,.T.);
#1840=ORIENTED_EDGE('',*,*,#1390,.F.);
#1841=ORIENTED_EDGE('',*,*,#1391,.T.);
#1842=ORIENTED_EDGE('',*,*,#1392,.T.);
#1843=ORIENTED_EDGE('',*,*,#1393,.T.);
#1844=ORIENTED_EDGE('',*,*,#1394,.T.);
#1845=ORIENTED_EDGE('',*,*,#1395,.T.);
#1846=ORIENTED_EDGE('',*,*,#1396,.T.);
#1847=ORIENTED_EDGE('',*,*,#1397,.T.);
#1848=ORIENTED_EDGE('',*,*,#1398,.T.);
#1849=ORIENTED_EDGE('',*,*,#1399,.T.);
#1850=ORIENTED_EDGE('',*,*,#1394,.F.);
#1851=ORIENTED_EDGE('',*,*,#1400,.T.);
#1852=ORIENTED_EDGE('',*,*,#1396,.F.);
#1853=ORIENTED_EDGE('',*,*,#1401,.T.);
#1854=ORIENTED_EDGE('',*,*,#1402,.T.);
#1855=ORIENTED_EDGE('',*,*,#1392,.F.);
#1856=ORIENTED_EDGE('',*,*,#1403,.T.);
#1857=ORIENTED_EDGE('',*,*,#1393,.F.);
#1858=ORIENTED_EDGE('',*,*,#1404,.T.);
#1859=ORIENTED_EDGE('',*,*,#1405,.T.);
#1860=ORIENTED_EDGE('',*,*,#1402,.F.);
#1861=ORIENTED_EDGE('',*,*,#1406,.T.);
#1862=ORIENTED_EDGE('',*,*,#1406,.F.);
#1863=ORIENTED_EDGE('',*,*,#1401,.F.);
#1864=ORIENTED_EDGE('',*,*,#1395,.F.);
#1865=ORIENTED_EDGE('',*,*,#1399,.F.);
#1866=ORIENTED_EDGE('',*,*,#1407,.F.);
#1867=ORIENTED_EDGE('',*,*,#1294,.T.);
#1868=ORIENTED_EDGE('',*,*,#1408,.F.);
#1869=ORIENTED_EDGE('',*,*,#1409,.T.);
#1870=ORIENTED_EDGE('',*,*,#1410,.T.);
#1871=ORIENTED_EDGE('',*,*,#1411,.T.);
#1872=ORIENTED_EDGE('',*,*,#1412,.T.);
#1873=ORIENTED_EDGE('',*,*,#1412,.F.);
#1874=ORIENTED_EDGE('',*,*,#1413,.F.);
#1875=ORIENTED_EDGE('',*,*,#1414,.F.);
#1876=ORIENTED_EDGE('',*,*,#1415,.F.);
#1877=ORIENTED_EDGE('',*,*,#1279,.F.);
#1878=ORIENTED_EDGE('',*,*,#1416,.F.);
#1879=ORIENTED_EDGE('',*,*,#1417,.F.);
#1880=ORIENTED_EDGE('',*,*,#1418,.T.);
#1881=ORIENTED_EDGE('',*,*,#1404,.F.);
#1882=ORIENTED_EDGE('',*,*,#1419,.F.);
#1883=ORIENTED_EDGE('',*,*,#1420,.T.);
#1884=ORIENTED_EDGE('',*,*,#1421,.T.);
#1885=ORIENTED_EDGE('',*,*,#1422,.T.);
#1886=ORIENTED_EDGE('',*,*,#1423,.T.);
#1887=ORIENTED_EDGE('',*,*,#1424,.T.);
#1888=ORIENTED_EDGE('',*,*,#1425,.T.);
#1889=ORIENTED_EDGE('',*,*,#1426,.T.);
#1890=ORIENTED_EDGE('',*,*,#1427,.T.);
#1891=ORIENTED_EDGE('',*,*,#1428,.T.);
#1892=ORIENTED_EDGE('',*,*,#1429,.T.);
#1893=ORIENTED_EDGE('',*,*,#1424,.F.);
#1894=ORIENTED_EDGE('',*,*,#1430,.T.);
#1895=ORIENTED_EDGE('',*,*,#1426,.F.);
#1896=ORIENTED_EDGE('',*,*,#1431,.T.);
#1897=ORIENTED_EDGE('',*,*,#1422,.F.);
#1898=ORIENTED_EDGE('',*,*,#1432,.T.);
#1899=ORIENTED_EDGE('',*,*,#1433,.T.);
#1900=ORIENTED_EDGE('',*,*,#1397,.F.);
#1901=ORIENTED_EDGE('',*,*,#1434,.T.);
#1902=ORIENTED_EDGE('',*,*,#1425,.F.);
#1903=ORIENTED_EDGE('',*,*,#1435,.T.);
#1904=ORIENTED_EDGE('',*,*,#1400,.F.);
#1905=ORIENTED_EDGE('',*,*,#1435,.F.);
#1906=ORIENTED_EDGE('',*,*,#1429,.F.);
#1907=ORIENTED_EDGE('',*,*,#1436,.F.);
#1908=ORIENTED_EDGE('',*,*,#1437,.T.);
#1909=ORIENTED_EDGE('',*,*,#1438,.T.);
#1910=ORIENTED_EDGE('',*,*,#1439,.F.);
#1911=ORIENTED_EDGE('',*,*,#1440,.F.);
#1912=ORIENTED_EDGE('',*,*,#1441,.F.);
#1913=ORIENTED_EDGE('',*,*,#1430,.F.);
#1914=ORIENTED_EDGE('',*,*,#1427,.F.);
#1915=ORIENTED_EDGE('',*,*,#1433,.F.);
#1916=ORIENTED_EDGE('',*,*,#1442,.T.);
#1917=ORIENTED_EDGE('',*,*,#1442,.F.);
#1918=ORIENTED_EDGE('',*,*,#1432,.F.);
#1919=ORIENTED_EDGE('',*,*,#1443,.F.);
#1920=ORIENTED_EDGE('',*,*,#1444,.F.);
#1921=ORIENTED_EDGE('',*,*,#1445,.F.);
#1922=ORIENTED_EDGE('',*,*,#1446,.F.);
#1923=ORIENTED_EDGE('',*,*,#1281,.F.);
#1924=ORIENTED_EDGE('',*,*,#1447,.F.);
#1925=ORIENTED_EDGE('',*,*,#1448,.T.);
#1926=ORIENTED_EDGE('',*,*,#1449,.T.);
#1927=ORIENTED_EDGE('',*,*,#1450,.T.);
#1928=ORIENTED_EDGE('',*,*,#1450,.F.);
#1929=ORIENTED_EDGE('',*,*,#1451,.F.);
#1930=ORIENTED_EDGE('',*,*,#1452,.F.);
#1931=ORIENTED_EDGE('',*,*,#1453,.F.);
#1932=ORIENTED_EDGE('',*,*,#1454,.F.);
#1933=ORIENTED_EDGE('',*,*,#1288,.T.);
#1934=ORIENTED_EDGE('',*,*,#1455,.T.);
#1935=ORIENTED_EDGE('',*,*,#1276,.T.);
#1936=ORIENTED_EDGE('',*,*,#1456,.T.);
#1937=ORIENTED_EDGE('',*,*,#1457,.T.);
#1938=ORIENTED_EDGE('',*,*,#1458,.F.);
#1939=ORIENTED_EDGE('',*,*,#1459,.T.);
#1940=ORIENTED_EDGE('',*,*,#1460,.T.);
#1941=ORIENTED_EDGE('',*,*,#1460,.F.);
#1942=ORIENTED_EDGE('',*,*,#1461,.T.);
#1943=ORIENTED_EDGE('',*,*,#1461,.F.);
#1944=ORIENTED_EDGE('',*,*,#1459,.F.);
#1945=ORIENTED_EDGE('',*,*,#1462,.T.);
#1946=ORIENTED_EDGE('',*,*,#1463,.F.);
#1947=ORIENTED_EDGE('',*,*,#1464,.F.);
#1948=ORIENTED_EDGE('',*,*,#1277,.T.);
#1949=ORIENTED_EDGE('',*,*,#1465,.T.);
#1950=ORIENTED_EDGE('',*,*,#1284,.T.);
#1951=ORIENTED_EDGE('',*,*,#1466,.T.);
#1952=ORIENTED_EDGE('',*,*,#1467,.T.);
#1953=ORIENTED_EDGE('',*,*,#1468,.F.);
#1954=ORIENTED_EDGE('',*,*,#1469,.T.);
#1955=ORIENTED_EDGE('',*,*,#1470,.T.);
#1956=ORIENTED_EDGE('',*,*,#1468,.T.);
#1957=ORIENTED_EDGE('',*,*,#1471,.T.);
#1958=ORIENTED_EDGE('',*,*,#1472,.T.);
#1959=ORIENTED_EDGE('',*,*,#1473,.F.);
#1960=ORIENTED_EDGE('',*,*,#1474,.F.);
#1961=ORIENTED_EDGE('',*,*,#1475,.F.);
#1962=ORIENTED_EDGE('',*,*,#1476,.F.);
#1963=ORIENTED_EDGE('',*,*,#1467,.F.);
#1964=ORIENTED_EDGE('',*,*,#1477,.T.);
#1965=ORIENTED_EDGE('',*,*,#1477,.F.);
#1966=ORIENTED_EDGE('',*,*,#1466,.F.);
#1967=ORIENTED_EDGE('',*,*,#1283,.F.);
#1968=ORIENTED_EDGE('',*,*,#1478,.F.);
#1969=ORIENTED_EDGE('',*,*,#1479,.F.);
#1970=ORIENTED_EDGE('',*,*,#1471,.F.);
#1971=ORIENTED_EDGE('',*,*,#1480,.F.);
#1972=ORIENTED_EDGE('',*,*,#1297,.F.);
#1973=ORIENTED_EDGE('',*,*,#1310,.T.);
#1974=ORIENTED_EDGE('',*,*,#1481,.F.);
#1975=ORIENTED_EDGE('',*,*,#1482,.F.);
#1976=ORIENTED_EDGE('',*,*,#1483,.T.);
#1977=ORIENTED_EDGE('',*,*,#1436,.T.);
#1978=ORIENTED_EDGE('',*,*,#1428,.F.);
#1979=ORIENTED_EDGE('',*,*,#1441,.T.);
#1980=ORIENTED_EDGE('',*,*,#1291,.T.);
#1981=ORIENTED_EDGE('',*,*,#1407,.T.);
#1982=ORIENTED_EDGE('',*,*,#1398,.F.);
#1983=ORIENTED_EDGE('',*,*,#1440,.T.);
#1984=ORIENTED_EDGE('',*,*,#1484,.T.);
#1985=ORIENTED_EDGE('',*,*,#1295,.T.);
#1986=ORIENTED_EDGE('',*,*,#1485,.T.);
#1987=ORIENTED_EDGE('',*,*,#1486,.T.);
#1988=ORIENTED_EDGE('',*,*,#1408,.T.);
#1989=ORIENTED_EDGE('',*,*,#1293,.T.);
#1990=ORIENTED_EDGE('',*,*,#1486,.F.);
#1991=ORIENTED_EDGE('',*,*,#1487,.T.);
#1992=ORIENTED_EDGE('',*,*,#1488,.T.);
#1993=ORIENTED_EDGE('',*,*,#1409,.F.);
#1994=ORIENTED_EDGE('',*,*,#1454,.T.);
#1995=ORIENTED_EDGE('',*,*,#1489,.T.);
#1996=ORIENTED_EDGE('',*,*,#1490,.T.);
#1997=ORIENTED_EDGE('',*,*,#1289,.T.);
#1998=ORIENTED_EDGE('',*,*,#1489,.F.);
#1999=ORIENTED_EDGE('',*,*,#1453,.T.);
#2000=ORIENTED_EDGE('',*,*,#1491,.T.);
#2001=ORIENTED_EDGE('',*,*,#1492,.F.);
#2002=ORIENTED_EDGE('',*,*,#1415,.T.);
#2003=ORIENTED_EDGE('',*,*,#1493,.T.);
#2004=ORIENTED_EDGE('',*,*,#1447,.T.);
#2005=ORIENTED_EDGE('',*,*,#1280,.T.);
#2006=ORIENTED_EDGE('',*,*,#1493,.F.);
#2007=ORIENTED_EDGE('',*,*,#1414,.T.);
#2008=ORIENTED_EDGE('',*,*,#1494,.T.);
#2009=ORIENTED_EDGE('',*,*,#1448,.F.);
#2010=ORIENTED_EDGE('',*,*,#1464,.T.);
#2011=ORIENTED_EDGE('',*,*,#1495,.T.);
#2012=ORIENTED_EDGE('',*,*,#1416,.T.);
#2013=ORIENTED_EDGE('',*,*,#1278,.T.);
#2014=ORIENTED_EDGE('',*,*,#1495,.F.);
#2015=ORIENTED_EDGE('',*,*,#1463,.T.);
#2016=ORIENTED_EDGE('',*,*,#1496,.F.);
#2017=ORIENTED_EDGE('',*,*,#1417,.T.);
#2018=ORIENTED_EDGE('',*,*,#1478,.T.);
#2019=ORIENTED_EDGE('',*,*,#1282,.T.);
#2020=ORIENTED_EDGE('',*,*,#1446,.T.);
#2021=ORIENTED_EDGE('',*,*,#1497,.T.);
#2022=ORIENTED_EDGE('',*,*,#1497,.F.);
#2023=ORIENTED_EDGE('',*,*,#1445,.T.);
#2024=ORIENTED_EDGE('',*,*,#1498,.F.);
#2025=ORIENTED_EDGE('',*,*,#1479,.T.);
#2026=ORIENTED_EDGE('',*,*,#1499,.F.);
#2027=ORIENTED_EDGE('',*,*,#1500,.T.);
#2028=ORIENTED_EDGE('',*,*,#1501,.T.);
#2029=ORIENTED_EDGE('',*,*,#1500,.F.);
#2030=ORIENTED_EDGE('',*,*,#1502,.F.);
#2031=ORIENTED_EDGE('',*,*,#1503,.T.);
#2032=ORIENTED_EDGE('',*,*,#1504,.T.);
#2033=ORIENTED_EDGE('',*,*,#1503,.F.);
#2034=ORIENTED_EDGE('',*,*,#1505,.T.);
#2035=ORIENTED_EDGE('',*,*,#1506,.T.);
#2036=ORIENTED_EDGE('',*,*,#1507,.F.);
#2037=ORIENTED_EDGE('',*,*,#1508,.F.);
#2038=ORIENTED_EDGE('',*,*,#1509,.F.);
#2039=ORIENTED_EDGE('',*,*,#1510,.F.);
#2040=ORIENTED_EDGE('',*,*,#1511,.F.);
#2041=ORIENTED_EDGE('',*,*,#1506,.F.);
#2042=ORIENTED_EDGE('',*,*,#1512,.T.);
#2043=ORIENTED_EDGE('',*,*,#1504,.F.);
#2044=ORIENTED_EDGE('',*,*,#1513,.F.);
#2045=ORIENTED_EDGE('',*,*,#1499,.T.);
#2046=ORIENTED_EDGE('',*,*,#1514,.T.);
#2047=ORIENTED_EDGE('',*,*,#1501,.F.);
#2048=ORIENTED_EDGE('',*,*,#1515,.F.);
#2049=ORIENTED_EDGE('',*,*,#1502,.T.);
#2050=ORIENTED_EDGE('',*,*,#1516,.T.);
#2051=ORIENTED_EDGE('',*,*,#1507,.T.);
#2052=ORIENTED_EDGE('',*,*,#1511,.T.);
#2053=ORIENTED_EDGE('',*,*,#1517,.F.);
#2054=ORIENTED_EDGE('',*,*,#1518,.F.);
#2055=ORIENTED_EDGE('',*,*,#1519,.T.);
#2056=ORIENTED_EDGE('',*,*,#1508,.T.);
#2057=ORIENTED_EDGE('',*,*,#1516,.F.);
#2058=ORIENTED_EDGE('',*,*,#1520,.F.);
#2059=ORIENTED_EDGE('',*,*,#1519,.F.);
#2060=ORIENTED_EDGE('',*,*,#1521,.F.);
#2061=ORIENTED_EDGE('',*,*,#1522,.T.);
#2062=ORIENTED_EDGE('',*,*,#1509,.T.);
#2063=ORIENTED_EDGE('',*,*,#1505,.F.);
#2064=ORIENTED_EDGE('',*,*,#1517,.T.);
#2065=ORIENTED_EDGE('',*,*,#1510,.T.);
#2066=ORIENTED_EDGE('',*,*,#1522,.F.);
#2067=ORIENTED_EDGE('',*,*,#1523,.F.);
#2068=ORIENTED_EDGE('',*,*,#1524,.T.);
#2069=ORIENTED_EDGE('',*,*,#1525,.T.);
#2070=ORIENTED_EDGE('',*,*,#1512,.F.);
#2071=ORIENTED_EDGE('',*,*,#1525,.F.);
#2072=ORIENTED_EDGE('',*,*,#1526,.F.);
#2073=ORIENTED_EDGE('',*,*,#1527,.T.);
#2074=ORIENTED_EDGE('',*,*,#1513,.T.);
#2075=ORIENTED_EDGE('',*,*,#1527,.F.);
#2076=ORIENTED_EDGE('',*,*,#1391,.F.);
#2077=ORIENTED_EDGE('',*,*,#1528,.T.);
#2078=ORIENTED_EDGE('',*,*,#1423,.F.);
#2079=ORIENTED_EDGE('',*,*,#1431,.F.);
#2080=ORIENTED_EDGE('',*,*,#1434,.F.);
#2081=ORIENTED_EDGE('',*,*,#1403,.F.);
#2082=ORIENTED_EDGE('',*,*,#1514,.F.);
#2083=ORIENTED_EDGE('',*,*,#1529,.T.);
#2084=ORIENTED_EDGE('',*,*,#1530,.T.);
#2085=ORIENTED_EDGE('',*,*,#1529,.F.);
#2086=ORIENTED_EDGE('',*,*,#1531,.F.);
#2087=ORIENTED_EDGE('',*,*,#1532,.T.);
#2088=ORIENTED_EDGE('',*,*,#1476,.T.);
#2089=ORIENTED_EDGE('',*,*,#1532,.F.);
#2090=ORIENTED_EDGE('',*,*,#1515,.T.);
#2091=ORIENTED_EDGE('',*,*,#1533,.T.);
#2092=ORIENTED_EDGE('',*,*,#1534,.F.);
#2093=ORIENTED_EDGE('',*,*,#1533,.F.);
#2094=ORIENTED_EDGE('',*,*,#1535,.F.);
#2095=ORIENTED_EDGE('',*,*,#1536,.T.);
#2096=ORIENTED_EDGE('',*,*,#1537,.T.);
#2097=ORIENTED_EDGE('',*,*,#1536,.F.);
#2098=ORIENTED_EDGE('',*,*,#1538,.T.);
#2099=ORIENTED_EDGE('',*,*,#1539,.T.);
#2100=ORIENTED_EDGE('',*,*,#1540,.F.);
#2101=ORIENTED_EDGE('',*,*,#1541,.F.);
#2102=ORIENTED_EDGE('',*,*,#1542,.T.);
#2103=ORIENTED_EDGE('',*,*,#1543,.T.);
#2104=ORIENTED_EDGE('',*,*,#1544,.F.);
#2105=ORIENTED_EDGE('',*,*,#1545,.T.);
#2106=ORIENTED_EDGE('',*,*,#1546,.T.);
#2107=ORIENTED_EDGE('',*,*,#1528,.F.);
#2108=ORIENTED_EDGE('',*,*,#1547,.T.);
#2109=ORIENTED_EDGE('',*,*,#1539,.F.);
#2110=ORIENTED_EDGE('',*,*,#1535,.T.);
#2111=ORIENTED_EDGE('',*,*,#1523,.T.);
#2112=ORIENTED_EDGE('',*,*,#1521,.T.);
#2113=ORIENTED_EDGE('',*,*,#1520,.T.);
#2114=ORIENTED_EDGE('',*,*,#1518,.T.);
#2115=ORIENTED_EDGE('',*,*,#1531,.T.);
#2116=ORIENTED_EDGE('',*,*,#1548,.F.);
#2117=ORIENTED_EDGE('',*,*,#1473,.T.);
#2118=ORIENTED_EDGE('',*,*,#1549,.T.);
#2119=ORIENTED_EDGE('',*,*,#1545,.F.);
#2120=ORIENTED_EDGE('',*,*,#1419,.T.);
#2121=ORIENTED_EDGE('',*,*,#1550,.T.);
#2122=ORIENTED_EDGE('',*,*,#1524,.F.);
#2123=ORIENTED_EDGE('',*,*,#1550,.F.);
#2124=ORIENTED_EDGE('',*,*,#1496,.T.);
#2125=ORIENTED_EDGE('',*,*,#1551,.T.);
#2126=ORIENTED_EDGE('',*,*,#1540,.T.);
#2127=ORIENTED_EDGE('',*,*,#1547,.F.);
#2128=ORIENTED_EDGE('',*,*,#1390,.T.);
#2129=ORIENTED_EDGE('',*,*,#1405,.F.);
#2130=ORIENTED_EDGE('',*,*,#1418,.F.);
#2131=ORIENTED_EDGE('',*,*,#1552,.T.);
#2132=ORIENTED_EDGE('',*,*,#1553,.T.);
#2133=ORIENTED_EDGE('',*,*,#1410,.F.);
#2134=ORIENTED_EDGE('',*,*,#1488,.F.);
#2135=ORIENTED_EDGE('',*,*,#1498,.T.);
#2136=ORIENTED_EDGE('',*,*,#1444,.T.);
#2137=ORIENTED_EDGE('',*,*,#1554,.T.);
#2138=ORIENTED_EDGE('',*,*,#1420,.F.);
#2139=ORIENTED_EDGE('',*,*,#1546,.F.);
#2140=ORIENTED_EDGE('',*,*,#1549,.F.);
#2141=ORIENTED_EDGE('',*,*,#1472,.F.);
#2142=ORIENTED_EDGE('',*,*,#1421,.F.);
#2143=ORIENTED_EDGE('',*,*,#1554,.F.);
#2144=ORIENTED_EDGE('',*,*,#1443,.T.);
#2145=ORIENTED_EDGE('',*,*,#1455,.F.);
#2146=ORIENTED_EDGE('',*,*,#1555,.T.);
#2147=ORIENTED_EDGE('',*,*,#1526,.T.);
#2148=ORIENTED_EDGE('',*,*,#1555,.F.);
#2149=ORIENTED_EDGE('',*,*,#1411,.F.);
#2150=ORIENTED_EDGE('',*,*,#1553,.F.);
#2151=ORIENTED_EDGE('',*,*,#1556,.F.);
#2152=ORIENTED_EDGE('',*,*,#1438,.F.);
#2153=ORIENTED_EDGE('',*,*,#1557,.T.);
#2154=ORIENTED_EDGE('',*,*,#1558,.F.);
#2155=ORIENTED_EDGE('',*,*,#1451,.T.);
#2156=ORIENTED_EDGE('',*,*,#1559,.F.);
#2157=ORIENTED_EDGE('',*,*,#1452,.T.);
#2158=ORIENTED_EDGE('',*,*,#1558,.T.);
#2159=ORIENTED_EDGE('',*,*,#1560,.F.);
#2160=ORIENTED_EDGE('',*,*,#1491,.F.);
#2161=ORIENTED_EDGE('',*,*,#1413,.T.);
#2162=ORIENTED_EDGE('',*,*,#1559,.T.);
#2163=ORIENTED_EDGE('',*,*,#1449,.F.);
#2164=ORIENTED_EDGE('',*,*,#1494,.F.);
#2165=ORIENTED_EDGE('',*,*,#1530,.F.);
#2166=ORIENTED_EDGE('',*,*,#1561,.T.);
#2167=ORIENTED_EDGE('',*,*,#1480,.T.);
#2168=ORIENTED_EDGE('',*,*,#1561,.F.);
#2169=ORIENTED_EDGE('',*,*,#1469,.F.);
#2170=ORIENTED_EDGE('',*,*,#1475,.T.);
#2171=ORIENTED_EDGE('',*,*,#1562,.F.);
#2172=ORIENTED_EDGE('',*,*,#1563,.F.);
#2173=ORIENTED_EDGE('',*,*,#1534,.T.);
#2174=ORIENTED_EDGE('',*,*,#1564,.T.);
#2175=ORIENTED_EDGE('',*,*,#1465,.F.);
#2176=ORIENTED_EDGE('',*,*,#1564,.F.);
#2177=ORIENTED_EDGE('',*,*,#1458,.T.);
#2178=ORIENTED_EDGE('',*,*,#1565,.T.);
#2179=ORIENTED_EDGE('',*,*,#1566,.T.);
#2180=ORIENTED_EDGE('',*,*,#1541,.T.);
#2181=ORIENTED_EDGE('',*,*,#1551,.F.);
#2182=ORIENTED_EDGE('',*,*,#1462,.F.);
#2183=ORIENTED_EDGE('',*,*,#1537,.F.);
#2184=ORIENTED_EDGE('',*,*,#1457,.F.);
#2185=ORIENTED_EDGE('',*,*,#1567,.T.);
#2186=ORIENTED_EDGE('',*,*,#1568,.T.);
#2187=ORIENTED_EDGE('',*,*,#1565,.F.);
#2188=ORIENTED_EDGE('',*,*,#1569,.T.);
#2189=ORIENTED_EDGE('',*,*,#1570,.T.);
#2190=ORIENTED_EDGE('',*,*,#1571,.F.);
#2191=ORIENTED_EDGE('',*,*,#1543,.F.);
#2192=ORIENTED_EDGE('',*,*,#1572,.T.);
#2193=ORIENTED_EDGE('',*,*,#1573,.F.);
#2194=ORIENTED_EDGE('',*,*,#1574,.T.);
#2195=ORIENTED_EDGE('',*,*,#1575,.T.);
#2196=ORIENTED_EDGE('',*,*,#1576,.T.);
#2197=ORIENTED_EDGE('',*,*,#1577,.F.);
#2198=ORIENTED_EDGE('',*,*,#1578,.F.);
#2199=ORIENTED_EDGE('',*,*,#1572,.F.);
#2200=ORIENTED_EDGE('',*,*,#1542,.F.);
#2201=ORIENTED_EDGE('',*,*,#1538,.F.);
#2202=ORIENTED_EDGE('',*,*,#1566,.F.);
#2203=ORIENTED_EDGE('',*,*,#1568,.F.);
#2204=ORIENTED_EDGE('',*,*,#1579,.F.);
#2205=ORIENTED_EDGE('',*,*,#1580,.T.);
#2206=ORIENTED_EDGE('',*,*,#1581,.F.);
#2207=ORIENTED_EDGE('',*,*,#1573,.T.);
#2208=ORIENTED_EDGE('',*,*,#1578,.T.);
#2209=ORIENTED_EDGE('',*,*,#1582,.F.);
#2210=ORIENTED_EDGE('',*,*,#1581,.T.);
#2211=ORIENTED_EDGE('',*,*,#1583,.T.);
#2212=ORIENTED_EDGE('',*,*,#1584,.F.);
#2213=ORIENTED_EDGE('',*,*,#1569,.F.);
#2214=ORIENTED_EDGE('',*,*,#1584,.T.);
#2215=ORIENTED_EDGE('',*,*,#1585,.T.);
#2216=ORIENTED_EDGE('',*,*,#1586,.F.);
#2217=ORIENTED_EDGE('',*,*,#1570,.F.);
#2218=ORIENTED_EDGE('',*,*,#1586,.T.);
#2219=ORIENTED_EDGE('',*,*,#1587,.T.);
#2220=ORIENTED_EDGE('',*,*,#1588,.F.);
#2221=ORIENTED_EDGE('',*,*,#1589,.T.);
#2222=ORIENTED_EDGE('',*,*,#1562,.T.);
#2223=ORIENTED_EDGE('',*,*,#1474,.T.);
#2224=ORIENTED_EDGE('',*,*,#1548,.T.);
#2225=ORIENTED_EDGE('',*,*,#1544,.T.);
#2226=ORIENTED_EDGE('',*,*,#1571,.T.);
#2227=ORIENTED_EDGE('',*,*,#1552,.F.);
#2228=ORIENTED_EDGE('',*,*,#1487,.F.);
#2229=ORIENTED_EDGE('',*,*,#1485,.F.);
#2230=ORIENTED_EDGE('',*,*,#1292,.T.);
#2231=ORIENTED_EDGE('',*,*,#1484,.F.);
#2232=ORIENTED_EDGE('',*,*,#1439,.T.);
#2233=ORIENTED_EDGE('',*,*,#1556,.T.);
#2234=ORIENTED_EDGE('',*,*,#1290,.T.);
#2235=ORIENTED_EDGE('',*,*,#1490,.F.);
#2236=ORIENTED_EDGE('',*,*,#1492,.T.);
#2237=ORIENTED_EDGE('',*,*,#1560,.T.);
#2238=ORIENTED_EDGE('',*,*,#1557,.F.);
#2239=ORIENTED_EDGE('',*,*,#1437,.F.);
#2240=ORIENTED_EDGE('',*,*,#1483,.F.);
#2241=ORIENTED_EDGE('',*,*,#1286,.F.);
#2242=ORIENTED_EDGE('',*,*,#1590,.T.);
#2243=ORIENTED_EDGE('',*,*,#1588,.T.);
#2244=ORIENTED_EDGE('',*,*,#1591,.F.);
#2245=ORIENTED_EDGE('',*,*,#1470,.F.);
#2246=ORIENTED_EDGE('',*,*,#1563,.T.);
#2247=ORIENTED_EDGE('',*,*,#1589,.F.);
#2248=ORIENTED_EDGE('',*,*,#1590,.F.);
#2249=ORIENTED_EDGE('',*,*,#1285,.T.);
#2250=ORIENTED_EDGE('',*,*,#1456,.F.);
#2251=ORIENTED_EDGE('',*,*,#1275,.T.);
#2252=ORIENTED_EDGE('',*,*,#1592,.T.);
#2253=ORIENTED_EDGE('',*,*,#1579,.T.);
#2254=ORIENTED_EDGE('',*,*,#1567,.F.);
#2255=ORIENTED_EDGE('',*,*,#1274,.T.);
#2256=ORIENTED_EDGE('',*,*,#1482,.T.);
#2257=ORIENTED_EDGE('',*,*,#1580,.F.);
#2258=ORIENTED_EDGE('',*,*,#1592,.F.);
#2259=ORIENTED_EDGE('',*,*,#1574,.F.);
#2260=ORIENTED_EDGE('',*,*,#1593,.T.);
#2261=ORIENTED_EDGE('',*,*,#1594,.T.);
#2262=ORIENTED_EDGE('',*,*,#1593,.F.);
#2263=ORIENTED_EDGE('',*,*,#1575,.F.);
#2264=ORIENTED_EDGE('',*,*,#1595,.T.);
#2265=ORIENTED_EDGE('',*,*,#1596,.T.);
#2266=ORIENTED_EDGE('',*,*,#1595,.F.);
#2267=ORIENTED_EDGE('',*,*,#1576,.F.);
#2268=ORIENTED_EDGE('',*,*,#1597,.T.);
#2269=ORIENTED_EDGE('',*,*,#1598,.T.);
#2270=ORIENTED_EDGE('',*,*,#1597,.F.);
#2271=ORIENTED_EDGE('',*,*,#1599,.F.);
#2272=ORIENTED_EDGE('',*,*,#1577,.T.);
#2273=ORIENTED_EDGE('',*,*,#1481,.T.);
#2274=ORIENTED_EDGE('',*,*,#1309,.F.);
#2275=ORIENTED_EDGE('',*,*,#1600,.F.);
#2276=ORIENTED_EDGE('',*,*,#1582,.T.);
#2277=ORIENTED_EDGE('',*,*,#1599,.T.);
#2278=ORIENTED_EDGE('',*,*,#1308,.F.);
#2279=ORIENTED_EDGE('',*,*,#1600,.T.);
#2280=ORIENTED_EDGE('',*,*,#1307,.T.);
#2281=ORIENTED_EDGE('',*,*,#1601,.T.);
#2282=ORIENTED_EDGE('',*,*,#1583,.F.);
#2283=ORIENTED_EDGE('',*,*,#1601,.F.);
#2284=ORIENTED_EDGE('',*,*,#1306,.T.);
#2285=ORIENTED_EDGE('',*,*,#1602,.F.);
#2286=ORIENTED_EDGE('',*,*,#1585,.F.);
#2287=ORIENTED_EDGE('',*,*,#1602,.T.);
#2288=ORIENTED_EDGE('',*,*,#1305,.T.);
#2289=ORIENTED_EDGE('',*,*,#1603,.T.);
#2290=ORIENTED_EDGE('',*,*,#1587,.F.);
#2291=ORIENTED_EDGE('',*,*,#1328,.F.);
#2292=ORIENTED_EDGE('',*,*,#1591,.T.);
#2293=ORIENTED_EDGE('',*,*,#1603,.F.);
#2294=ORIENTED_EDGE('',*,*,#1304,.F.);
#2295=ORIENTED_EDGE('',*,*,#1594,.F.);
#2296=ORIENTED_EDGE('',*,*,#1604,.T.);
#2297=ORIENTED_EDGE('',*,*,#1314,.T.);
#2298=ORIENTED_EDGE('',*,*,#1604,.F.);
#2299=ORIENTED_EDGE('',*,*,#1596,.F.);
#2300=ORIENTED_EDGE('',*,*,#1605,.T.);
#2301=ORIENTED_EDGE('',*,*,#1315,.T.);
#2302=ORIENTED_EDGE('',*,*,#1605,.F.);
#2303=ORIENTED_EDGE('',*,*,#1598,.F.);
#2304=ORIENTED_EDGE('',*,*,#1606,.T.);
#2305=ORIENTED_EDGE('',*,*,#1316,.T.);
#2306=ORIENTED_EDGE('',*,*,#1606,.F.);
#2307=PLANE('',#2533);
#2308=PLANE('',#2534);
#2309=PLANE('',#2538);
#2310=PLANE('',#2542);
#2311=PLANE('',#2543);
#2312=PLANE('',#2546);
#2313=PLANE('',#2559);
#2314=PLANE('',#2560);
#2315=PLANE('',#2561);
#2316=PLANE('',#2562);
#2317=PLANE('',#2600);
#2318=PLANE('',#2603);
#2319=PLANE('',#2608);
#2320=PLANE('',#2613);
#2321=PLANE('',#2618);
#2322=PLANE('',#2623);
#2323=PLANE('',#2628);
#2324=PLANE('',#2631);
#2325=PLANE('',#2632);
#2326=PLANE('',#2636);
#2327=PLANE('',#2637);
#2328=PLANE('',#2638);
#2329=PLANE('',#2640);
#2330=PLANE('',#2644);
#2331=PLANE('',#2646);
#2332=PLANE('',#2647);
#2333=PLANE('',#2649);
#2334=PLANE('',#2650);
#2335=PLANE('',#2652);
#2336=PLANE('',#2653);
#2337=PLANE('',#2656);
#2338=PLANE('',#2658);
#2339=PLANE('',#2659);
#2340=PLANE('',#2660);
#2341=PLANE('',#2661);
#2342=PLANE('',#2662);
#2343=PLANE('',#2663);
#2344=PLANE('',#2664);
#2345=PLANE('',#2665);
#2346=PLANE('',#2666);
#2347=PLANE('',#2667);
#2348=PLANE('',#2668);
#2349=PLANE('',#2669);
#2350=PLANE('',#2670);
#2351=PLANE('',#2677);
#2352=PLANE('',#2678);
#2353=PLANE('',#2679);
#2354=PLANE('',#2681);
#2355=PLANE('',#2683);
#2356=PLANE('',#2685);
#2357=PLANE('',#2687);
#2358=PLANE('',#2688);
#2359=PLANE('',#2689);
#2360=PLANE('',#2690);
#2361=PLANE('',#2695);
#2362=PLANE('',#2708);
#2363=PLANE('',#2712);
#2364=PLANE('',#2713);
#2365=PLANE('',#2714);
#2366=PLANE('',#2715);
#2367=PLANE('',#2717);
#2368=PLANE('',#2718);
#2369=PLANE('',#2719);
#2370=PLANE('',#2721);
#2371=PLANE('',#2723);
#2372=PLANE('',#2724);
#2373=PLANE('',#2725);
#2374=PLANE('',#2729);
#2375=PLANE('',#2730);
#2376=PLANE('',#2731);
#2377=PLANE('',#2732);
#2378=PLANE('',#2733);
#2379=PLANE('',#2734);
#2380=PLANE('',#2735);
#2381=PLANE('',#2736);
#2382=PLANE('',#2737);
#2383=PLANE('',#2738);
#2384=PLANE('',#2739);
#2385=PLANE('',#2746);
#2386=PLANE('',#2747);
#2387=PLANE('',#2748);
#2388=PLANE('',#2749);
#2389=PLANE('',#2750);
#2390=PLANE('',#2751);
#2391=ADVANCED_FACE('',(#199),#2307,.T.);
#2392=ADVANCED_FACE('',(#200),#2308,.T.);
#2393=ADVANCED_FACE('',(#201),#174,.F.);
#2394=ADVANCED_FACE('',(#202),#2309,.T.);
#2395=ADVANCED_FACE('',(#203),#175,.F.);
#2396=ADVANCED_FACE('',(#204,#53,#54),#2310,.F.);
#2397=ADVANCED_FACE('',(#205),#2311,.T.);
#2398=ADVANCED_FACE('',(#206),#24,.F.);
#2399=ADVANCED_FACE('',(#207,#55,#56,#57,#58,#59,#60,#61,#62,#63,#64),#2312,
 .F.);
#2400=ADVANCED_FACE('',(#208),#25,.F.);
#2401=ADVANCED_FACE('',(#209),#2313,.T.);
#2402=ADVANCED_FACE('',(#210),#2314,.T.);
#2403=ADVANCED_FACE('',(#211),#2315,.T.);
#2404=ADVANCED_FACE('',(#212),#2316,.T.);
#2405=ADVANCED_FACE('',(#213),#176,.F.);
#2406=ADVANCED_FACE('',(#214),#26,.F.);
#2407=ADVANCED_FACE('',(#215),#177,.F.);
#2408=ADVANCED_FACE('',(#216),#27,.F.);
#2409=ADVANCED_FACE('',(#217),#178,.F.);
#2410=ADVANCED_FACE('',(#218),#28,.F.);
#2411=ADVANCED_FACE('',(#219),#179,.F.);
#2412=ADVANCED_FACE('',(#220),#29,.F.);
#2413=ADVANCED_FACE('',(#221),#180,.F.);
#2414=ADVANCED_FACE('',(#222),#30,.F.);
#2415=ADVANCED_FACE('',(#223),#181,.F.);
#2416=ADVANCED_FACE('',(#224),#31,.F.);
#2417=ADVANCED_FACE('',(#225),#182,.F.);
#2418=ADVANCED_FACE('',(#226),#32,.F.);
#2419=ADVANCED_FACE('',(#227),#183,.F.);
#2420=ADVANCED_FACE('',(#228,#65),#2317,.F.);
#2421=ADVANCED_FACE('',(#229),#184,.F.);
#2422=ADVANCED_FACE('',(#230,#66),#2318,.F.);
#2423=ADVANCED_FACE('',(#231),#33,.F.);
#2424=ADVANCED_FACE('',(#232),#185,.F.);
#2425=ADVANCED_FACE('',(#233,#67),#2319,.F.);
#2426=ADVANCED_FACE('',(#234),#34,.F.);
#2427=ADVANCED_FACE('',(#235),#186,.F.);
#2428=ADVANCED_FACE('',(#236,#68),#2320,.F.);
#2429=ADVANCED_FACE('',(#237),#35,.F.);
#2430=ADVANCED_FACE('',(#238),#187,.F.);
#2431=ADVANCED_FACE('',(#239,#69),#2321,.F.);
#2432=ADVANCED_FACE('',(#240),#36,.F.);
#2433=ADVANCED_FACE('',(#241),#188,.F.);
#2434=ADVANCED_FACE('',(#242,#70),#2322,.F.);
#2435=ADVANCED_FACE('',(#243),#37,.F.);
#2436=ADVANCED_FACE('',(#244),#189,.F.);
#2437=ADVANCED_FACE('',(#245,#71),#2323,.F.);
#2438=ADVANCED_FACE('',(#246),#38,.F.);
#2439=ADVANCED_FACE('',(#247),#2324,.T.);
#2440=ADVANCED_FACE('',(#248),#2325,.T.);
#2441=ADVANCED_FACE('',(#249),#190,.F.);
#2442=ADVANCED_FACE('',(#250),#2326,.T.);
#2443=ADVANCED_FACE('',(#251),#22,.T.);
#2444=ADVANCED_FACE('',(#252),#2327,.F.);
#2445=ADVANCED_FACE('',(#253,#72),#2328,.F.);
#2446=ADVANCED_FACE('',(#254),#2329,.T.);
#2447=ADVANCED_FACE('',(#255),#191,.F.);
#2448=ADVANCED_FACE('',(#256),#2330,.T.);
#2449=ADVANCED_FACE('',(#257),#23,.T.);
#2450=ADVANCED_FACE('',(#258),#39,.F.);
#2451=ADVANCED_FACE('',(#259),#2331,.F.);
#2452=ADVANCED_FACE('',(#260,#73),#2332,.F.);
#2453=ADVANCED_FACE('',(#261),#2333,.T.);
#2454=ADVANCED_FACE('',(#262,#74),#2334,.F.);
#2455=ADVANCED_FACE('',(#263),#2335,.T.);
#2456=ADVANCED_FACE('',(#264,#75),#2336,.F.);
#2457=ADVANCED_FACE('',(#265,#76),#2337,.F.);
#2458=ADVANCED_FACE('',(#266),#2338,.F.);
#2459=ADVANCED_FACE('',(#267),#2339,.T.);
#2460=ADVANCED_FACE('',(#268),#2340,.T.);
#2461=ADVANCED_FACE('',(#269),#2341,.T.);
#2462=ADVANCED_FACE('',(#270),#2342,.F.);
#2463=ADVANCED_FACE('',(#271),#2343,.T.);
#2464=ADVANCED_FACE('',(#272),#2344,.F.);
#2465=ADVANCED_FACE('',(#273),#2345,.T.);
#2466=ADVANCED_FACE('',(#274),#2346,.F.);
#2467=ADVANCED_FACE('',(#275),#2347,.T.);
#2468=ADVANCED_FACE('',(#276),#2348,.T.);
#2469=ADVANCED_FACE('',(#277),#2349,.T.);
#2470=ADVANCED_FACE('',(#278),#2350,.T.);
#2471=ADVANCED_FACE('',(#279),#40,.F.);
#2472=ADVANCED_FACE('',(#280),#41,.F.);
#2473=ADVANCED_FACE('',(#281),#2351,.F.);
#2474=ADVANCED_FACE('',(#282),#2352,.F.);
#2475=ADVANCED_FACE('',(#283,#77),#2353,.T.);
#2476=ADVANCED_FACE('',(#284,#78),#2354,.T.);
#2477=ADVANCED_FACE('',(#285,#79),#2355,.T.);
#2478=ADVANCED_FACE('',(#286,#80),#2356,.T.);
#2479=ADVANCED_FACE('',(#287),#2357,.T.);
#2480=ADVANCED_FACE('',(#288),#2358,.T.);
#2481=ADVANCED_FACE('',(#289),#2359,.T.);
#2482=ADVANCED_FACE('',(#290),#2360,.T.);
#2483=ADVANCED_FACE('',(#291),#192,.T.);
#2484=ADVANCED_FACE('',(#292),#193,.T.);
#2485=ADVANCED_FACE('',(#293),#2361,.T.);
#2486=ADVANCED_FACE('',(#294),#42,.F.);
#2487=ADVANCED_FACE('',(#295),#43,.F.);
#2488=ADVANCED_FACE('',(#296),#44,.F.);
#2489=ADVANCED_FACE('',(#297),#45,.F.);
#2490=ADVANCED_FACE('',(#298),#46,.T.);
#2491=ADVANCED_FACE('',(#299,#81,#82,#83),#2362,.T.);
#2492=ADVANCED_FACE('',(#300),#47,.T.);
#2493=ADVANCED_FACE('',(#301),#48,.T.);
#2494=ADVANCED_FACE('',(#302),#2363,.T.);
#2495=ADVANCED_FACE('',(#303),#2364,.F.);
#2496=ADVANCED_FACE('',(#304),#2365,.T.);
#2497=ADVANCED_FACE('',(#305),#2366,.F.);
#2498=ADVANCED_FACE('',(#306),#49,.T.);
#2499=ADVANCED_FACE('',(#307),#2367,.T.);
#2500=ADVANCED_FACE('',(#308),#2368,.F.);
#2501=ADVANCED_FACE('',(#309),#2369,.F.);
#2502=ADVANCED_FACE('',(#310),#194,.F.);
#2503=ADVANCED_FACE('',(#311),#2370,.T.);
#2504=ADVANCED_FACE('',(#312),#195,.F.);
#2505=ADVANCED_FACE('',(#313,#84),#2371,.F.);
#2506=ADVANCED_FACE('',(#314),#2372,.T.);
#2507=ADVANCED_FACE('',(#315,#85,#86,#87),#2373,.F.);
#2508=ADVANCED_FACE('',(#316),#2374,.T.);
#2509=ADVANCED_FACE('',(#317),#2375,.F.);
#2510=ADVANCED_FACE('',(#318),#2376,.F.);
#2511=ADVANCED_FACE('',(#319),#2377,.F.);
#2512=ADVANCED_FACE('',(#320),#2378,.T.);
#2513=ADVANCED_FACE('',(#321),#2379,.F.);
#2514=ADVANCED_FACE('',(#322),#2380,.F.);
#2515=ADVANCED_FACE('',(#323),#2381,.F.);
#2516=ADVANCED_FACE('',(#324),#2382,.T.);
#2517=ADVANCED_FACE('',(#325),#2383,.T.);
#2518=ADVANCED_FACE('',(#326),#2384,.F.);
#2519=ADVANCED_FACE('',(#327),#50,.F.);
#2520=ADVANCED_FACE('',(#328),#51,.F.);
#2521=ADVANCED_FACE('',(#329),#52,.F.);
#2522=ADVANCED_FACE('',(#330),#2385,.F.);
#2523=ADVANCED_FACE('',(#331),#2386,.T.);
#2524=ADVANCED_FACE('',(#332),#2387,.T.);
#2525=ADVANCED_FACE('',(#333),#2388,.F.);
#2526=ADVANCED_FACE('',(#334),#2389,.F.);
#2527=ADVANCED_FACE('',(#335),#2390,.T.);
#2528=ADVANCED_FACE('',(#336),#196,.F.);
#2529=ADVANCED_FACE('',(#337),#197,.F.);
#2530=ADVANCED_FACE('',(#338),#198,.F.);
#2531=CLOSED_SHELL('',(#2391,#2392,#2393,#2394,#2395,#2396,#2397,#2398,
#2399,#2400,#2401,#2402,#2403,#2404,#2405,#2406,#2407,#2408,#2409,#2410,
#2411,#2412,#2413,#2414,#2415,#2416,#2417,#2418,#2419,#2420,#2421,#2422,
#2423,#2424,#2425,#2426,#2427,#2428,#2429,#2430,#2431,#2432,#2433,#2434,
#2435,#2436,#2437,#2438,#2439,#2440,#2441,#2442,#2443,#2444,#2445,#2446,
#2447,#2448,#2449,#2450,#2451,#2452,#2453,#2454,#2455,#2456,#2457,#2458,
#2459,#2460,#2461,#2462,#2463,#2464,#2465,#2466,#2467,#2468,#2469,#2470,
#2471,#2472,#2473,#2474,#2475,#2476,#2477,#2478,#2479,#2480,#2481,#2482,
#2483,#2484,#2485,#2486,#2487,#2488,#2489,#2490,#2491,#2492,#2493,#2494,
#2495,#2496,#2497,#2498,#2499,#2500,#2501,#2502,#2503,#2504,#2505,#2506,
#2507,#2508,#2509,#2510,#2511,#2512,#2513,#2514,#2515,#2516,#2517,#2518,
#2519,#2520,#2521,#2522,#2523,#2524,#2525,#2526,#2527,#2528,#2529,#2530));
#2532=AXIS2_PLACEMENT_3D('',#3458,#2755,#2756);
#2533=AXIS2_PLACEMENT_3D('',#3459,#2757,#2758);
#2534=AXIS2_PLACEMENT_3D('',#3468,#2763,#2764);
#2535=AXIS2_PLACEMENT_3D('',#3474,#2768,#2769);
#2536=AXIS2_PLACEMENT_3D('',#3481,#2770,#2771);
#2537=AXIS2_PLACEMENT_3D('',#3484,#2773,#2774);
#2538=AXIS2_PLACEMENT_3D('',#3485,#2775,#2776);
#2539=AXIS2_PLACEMENT_3D('',#3488,#2779,#2780);
#2540=AXIS2_PLACEMENT_3D('',#3494,#2781,#2782);
#2541=AXIS2_PLACEMENT_3D('',#3495,#2783,#2784);
#2542=AXIS2_PLACEMENT_3D('',#3496,#2785,#2786);
#2543=AXIS2_PLACEMENT_3D('',#3542,#2810,#2811);
#2544=AXIS2_PLACEMENT_3D('',#3546,#2814,#2815);
#2545=AXIS2_PLACEMENT_3D('',#3550,#2817,#2818);
#2546=AXIS2_PLACEMENT_3D('',#3552,#2820,#2821);
#2547=AXIS2_PLACEMENT_3D('',#3572,#2832,#2833);
#2548=AXIS2_PLACEMENT_3D('',#3574,#2834,#2835);
#2549=AXIS2_PLACEMENT_3D('',#3576,#2836,#2837);
#2550=AXIS2_PLACEMENT_3D('',#3578,#2838,#2839);
#2551=AXIS2_PLACEMENT_3D('',#3580,#2840,#2841);
#2552=AXIS2_PLACEMENT_3D('',#3582,#2842,#2843);
#2553=AXIS2_PLACEMENT_3D('',#3584,#2844,#2845);
#2554=AXIS2_PLACEMENT_3D('',#3586,#2846,#2847);
#2555=AXIS2_PLACEMENT_3D('',#3588,#2848,#2849);
#2556=AXIS2_PLACEMENT_3D('',#3590,#2850,#2851);
#2557=AXIS2_PLACEMENT_3D('',#3591,#2852,#2853);
#2558=AXIS2_PLACEMENT_3D('',#3593,#2854,#2855);
#2559=AXIS2_PLACEMENT_3D('',#3595,#2857,#2858);
#2560=AXIS2_PLACEMENT_3D('',#3599,#2861,#2862);
#2561=AXIS2_PLACEMENT_3D('',#3603,#2865,#2866);
#2562=AXIS2_PLACEMENT_3D('',#3605,#2868,#2869);
#2563=AXIS2_PLACEMENT_3D('',#3607,#2871,#2872);
#2564=AXIS2_PLACEMENT_3D('',#3611,#2874,#2875);
#2565=AXIS2_PLACEMENT_3D('',#3612,#2876,#2877);
#2566=AXIS2_PLACEMENT_3D('',#3613,#2878,#2879);
#2567=AXIS2_PLACEMENT_3D('',#3616,#2881,#2882);
#2568=AXIS2_PLACEMENT_3D('',#3617,#2883,#2884);
#2569=AXIS2_PLACEMENT_3D('',#3621,#2886,#2887);
#2570=AXIS2_PLACEMENT_3D('',#3622,#2888,#2889);
#2571=AXIS2_PLACEMENT_3D('',#3623,#2890,#2891);
#2572=AXIS2_PLACEMENT_3D('',#3626,#2893,#2894);
#2573=AXIS2_PLACEMENT_3D('',#3627,#2895,#2896);
#2574=AXIS2_PLACEMENT_3D('',#3631,#2898,#2899);
#2575=AXIS2_PLACEMENT_3D('',#3632,#2900,#2901);
#2576=AXIS2_PLACEMENT_3D('',#3633,#2902,#2903);
#2577=AXIS2_PLACEMENT_3D('',#3636,#2905,#2906);
#2578=AXIS2_PLACEMENT_3D('',#3637,#2907,#2908);
#2579=AXIS2_PLACEMENT_3D('',#3641,#2910,#2911);
#2580=AXIS2_PLACEMENT_3D('',#3642,#2912,#2913);
#2581=AXIS2_PLACEMENT_3D('',#3643,#2914,#2915);
#2582=AXIS2_PLACEMENT_3D('',#3646,#2917,#2918);
#2583=AXIS2_PLACEMENT_3D('',#3647,#2919,#2920);
#2584=AXIS2_PLACEMENT_3D('',#3651,#2922,#2923);
#2585=AXIS2_PLACEMENT_3D('',#3652,#2924,#2925);
#2586=AXIS2_PLACEMENT_3D('',#3653,#2926,#2927);
#2587=AXIS2_PLACEMENT_3D('',#3656,#2929,#2930);
#2588=AXIS2_PLACEMENT_3D('',#3657,#2931,#2932);
#2589=AXIS2_PLACEMENT_3D('',#3661,#2934,#2935);
#2590=AXIS2_PLACEMENT_3D('',#3662,#2936,#2937);
#2591=AXIS2_PLACEMENT_3D('',#3663,#2938,#2939);
#2592=AXIS2_PLACEMENT_3D('',#3666,#2941,#2942);
#2593=AXIS2_PLACEMENT_3D('',#3667,#2943,#2944);
#2594=AXIS2_PLACEMENT_3D('',#3671,#2946,#2947);
#2595=AXIS2_PLACEMENT_3D('',#3672,#2948,#2949);
#2596=AXIS2_PLACEMENT_3D('',#3673,#2950,#2951);
#2597=AXIS2_PLACEMENT_3D('',#3676,#2953,#2954);
#2598=AXIS2_PLACEMENT_3D('',#3677,#2955,#2956);
#2599=AXIS2_PLACEMENT_3D('',#3679,#2957,#2958);
#2600=AXIS2_PLACEMENT_3D('',#3682,#2960,#2961);
#2601=AXIS2_PLACEMENT_3D('',#3683,#2962,#2963);
#2602=AXIS2_PLACEMENT_3D('',#3685,#2964,#2965);
#2603=AXIS2_PLACEMENT_3D('',#3688,#2967,#2968);
#2604=AXIS2_PLACEMENT_3D('',#3690,#2969,#2970);
#2605=AXIS2_PLACEMENT_3D('',#3691,#2971,#2972);
#2606=AXIS2_PLACEMENT_3D('',#3693,#2974,#2975);
#2607=AXIS2_PLACEMENT_3D('',#3695,#2976,#2977);
#2608=AXIS2_PLACEMENT_3D('',#3698,#2979,#2980);
#2609=AXIS2_PLACEMENT_3D('',#3700,#2981,#2982);
#2610=AXIS2_PLACEMENT_3D('',#3701,#2983,#2984);
#2611=AXIS2_PLACEMENT_3D('',#3703,#2986,#2987);
#2612=AXIS2_PLACEMENT_3D('',#3705,#2988,#2989);
#2613=AXIS2_PLACEMENT_3D('',#3708,#2991,#2992);
#2614=AXIS2_PLACEMENT_3D('',#3710,#2993,#2994);
#2615=AXIS2_PLACEMENT_3D('',#3711,#2995,#2996);
#2616=AXIS2_PLACEMENT_3D('',#3713,#2998,#2999);
#2617=AXIS2_PLACEMENT_3D('',#3715,#3000,#3001);
#2618=AXIS2_PLACEMENT_3D('',#3718,#3003,#3004);
#2619=AXIS2_PLACEMENT_3D('',#3720,#3005,#3006);
#2620=AXIS2_PLACEMENT_3D('',#3721,#3007,#3008);
#2621=AXIS2_PLACEMENT_3D('',#3723,#3010,#3011);
#2622=AXIS2_PLACEMENT_3D('',#3725,#3012,#3013);
#2623=AXIS2_PLACEMENT_3D('',#3728,#3015,#3016);
#2624=AXIS2_PLACEMENT_3D('',#3730,#3017,#3018);
#2625=AXIS2_PLACEMENT_3D('',#3731,#3019,#3020);
#2626=AXIS2_PLACEMENT_3D('',#3733,#3022,#3023);
#2627=AXIS2_PLACEMENT_3D('',#3735,#3024,#3025);
#2628=AXIS2_PLACEMENT_3D('',#3738,#3027,#3028);
#2629=AXIS2_PLACEMENT_3D('',#3740,#3029,#3030);
#2630=AXIS2_PLACEMENT_3D('',#3741,#3031,#3032);
#2631=AXIS2_PLACEMENT_3D('',#3743,#3034,#3035);
#2632=AXIS2_PLACEMENT_3D('',#3744,#3036,#3037);
#2633=AXIS2_PLACEMENT_3D('',#3753,#3042,#3043);
#2634=AXIS2_PLACEMENT_3D('',#3758,#3045,#3046);
#2635=AXIS2_PLACEMENT_3D('',#3761,#3048,#3049);
#2636=AXIS2_PLACEMENT_3D('',#3762,#3050,#3051);
#2637=AXIS2_PLACEMENT_3D('',#3797,#3055,#3056);
#2638=AXIS2_PLACEMENT_3D('',#3801,#3059,#3060);
#2639=AXIS2_PLACEMENT_3D('',#3826,#3074,#3075);
#2640=AXIS2_PLACEMENT_3D('',#3827,#3076,#3077);
#2641=AXIS2_PLACEMENT_3D('',#3836,#3082,#3083);
#2642=AXIS2_PLACEMENT_3D('',#3841,#3085,#3086);
#2643=AXIS2_PLACEMENT_3D('',#3844,#3088,#3089);
#2644=AXIS2_PLACEMENT_3D('',#3845,#3090,#3091);
#2645=AXIS2_PLACEMENT_3D('',#3880,#3095,#3096);
#2646=AXIS2_PLACEMENT_3D('',#3883,#3099,#3100);
#2647=AXIS2_PLACEMENT_3D('',#3893,#3106,#3107);
#2648=AXIS2_PLACEMENT_3D('',#3923,#3121,#3122);
#2649=AXIS2_PLACEMENT_3D('',#3924,#3123,#3124);
#2650=AXIS2_PLACEMENT_3D('',#3934,#3130,#3131);
#2651=AXIS2_PLACEMENT_3D('',#3943,#3136,#3137);
#2652=AXIS2_PLACEMENT_3D('',#3944,#3138,#3139);
#2653=AXIS2_PLACEMENT_3D('',#3954,#3145,#3146);
#2654=AXIS2_PLACEMENT_3D('',#3960,#3149,#3150);
#2655=AXIS2_PLACEMENT_3D('',#3965,#3153,#3154);
#2656=AXIS2_PLACEMENT_3D('',#3966,#3155,#3156);
#2657=AXIS2_PLACEMENT_3D('',#3973,#3160,#3161);
#2658=AXIS2_PLACEMENT_3D('',#3974,#3162,#3163);
#2659=AXIS2_PLACEMENT_3D('',#3978,#3166,#3167);
#2660=AXIS2_PLACEMENT_3D('',#3980,#3169,#3170);
#2661=AXIS2_PLACEMENT_3D('',#3982,#3172,#3173);
#2662=AXIS2_PLACEMENT_3D('',#3986,#3176,#3177);
#2663=AXIS2_PLACEMENT_3D('',#3990,#3180,#3181);
#2664=AXIS2_PLACEMENT_3D('',#3994,#3184,#3185);
#2665=AXIS2_PLACEMENT_3D('',#3998,#3188,#3189);
#2666=AXIS2_PLACEMENT_3D('',#4000,#3191,#3192);
#2667=AXIS2_PLACEMENT_3D('',#4002,#3194,#3195);
#2668=AXIS2_PLACEMENT_3D('',#4004,#3197,#3198);
#2669=AXIS2_PLACEMENT_3D('',#4006,#3200,#3201);
#2670=AXIS2_PLACEMENT_3D('',#4008,#3203,#3204);
#2671=AXIS2_PLACEMENT_3D('',#4010,#3206,#3207);
#2672=AXIS2_PLACEMENT_3D('',#4012,#3208,#3209);
#2673=AXIS2_PLACEMENT_3D('',#4015,#3211,#3212);
#2674=AXIS2_PLACEMENT_3D('',#4016,#3213,#3214);
#2675=AXIS2_PLACEMENT_3D('',#4018,#3215,#3216);
#2676=AXIS2_PLACEMENT_3D('',#4021,#3218,#3219);
#2677=AXIS2_PLACEMENT_3D('',#4022,#3220,#3221);
#2678=AXIS2_PLACEMENT_3D('',#4031,#3226,#3227);
#2679=AXIS2_PLACEMENT_3D('',#4037,#3231,#3232);
#2680=AXIS2_PLACEMENT_3D('',#4039,#3233,#3234);
#2681=AXIS2_PLACEMENT_3D('',#4040,#3235,#3236);
#2682=AXIS2_PLACEMENT_3D('',#4042,#3237,#3238);
#2683=AXIS2_PLACEMENT_3D('',#4043,#3239,#3240);
#2684=AXIS2_PLACEMENT_3D('',#4045,#3241,#3242);
#2685=AXIS2_PLACEMENT_3D('',#4046,#3243,#3244);
#2686=AXIS2_PLACEMENT_3D('',#4048,#3245,#3246);
#2687=AXIS2_PLACEMENT_3D('',#4049,#3247,#3248);
#2688=AXIS2_PLACEMENT_3D('',#4055,#3252,#3253);
#2689=AXIS2_PLACEMENT_3D('',#4059,#3256,#3257);
#2690=AXIS2_PLACEMENT_3D('',#4063,#3260,#3261);
#2691=AXIS2_PLACEMENT_3D('',#4065,#3263,#3264);
#2692=AXIS2_PLACEMENT_3D('',#4067,#3265,#3266);
#2693=AXIS2_PLACEMENT_3D('',#4069,#3268,#3269);
#2694=AXIS2_PLACEMENT_3D('',#4071,#3270,#3271);
#2695=AXIS2_PLACEMENT_3D('',#4073,#3273,#3274);
#2696=AXIS2_PLACEMENT_3D('',#4075,#3276,#3277);
#2697=AXIS2_PLACEMENT_3D('',#4078,#3279,#3280);
#2698=AXIS2_PLACEMENT_3D('',#4079,#3281,#3282);
#2699=AXIS2_PLACEMENT_3D('',#4081,#3283,#3284);
#2700=AXIS2_PLACEMENT_3D('',#4083,#3286,#3287);
#2701=AXIS2_PLACEMENT_3D('',#4086,#3289,#3290);
#2702=AXIS2_PLACEMENT_3D('',#4087,#3291,#3292);
#2703=AXIS2_PLACEMENT_3D('',#4089,#3293,#3294);
#2704=AXIS2_PLACEMENT_3D('',#4092,#3296,#3297);
#2705=AXIS2_PLACEMENT_3D('',#4093,#3298,#3299);
#2706=AXIS2_PLACEMENT_3D('',#4098,#3301,#3302);
#2707=AXIS2_PLACEMENT_3D('',#4101,#3304,#3305);
#2708=AXIS2_PLACEMENT_3D('',#4102,#3306,#3307);
#2709=AXIS2_PLACEMENT_3D('',#4110,#3311,#3312);
#2710=AXIS2_PLACEMENT_3D('',#4113,#3315,#3316);
#2711=AXIS2_PLACEMENT_3D('',#4116,#3319,#3320);
#2712=AXIS2_PLACEMENT_3D('',#4118,#3322,#3323);
#2713=AXIS2_PLACEMENT_3D('',#4120,#3325,#3326);
#2714=AXIS2_PLACEMENT_3D('',#4124,#3329,#3330);
#2715=AXIS2_PLACEMENT_3D('',#4126,#3332,#3333);
#2716=AXIS2_PLACEMENT_3D('',#4127,#3334,#3335);
#2717=AXIS2_PLACEMENT_3D('',#4129,#3337,#3338);
#2718=AXIS2_PLACEMENT_3D('',#4135,#3343,#3344);
#2719=AXIS2_PLACEMENT_3D('',#4137,#3346,#3347);
#2720=AXIS2_PLACEMENT_3D('',#4138,#3348,#3349);
#2721=AXIS2_PLACEMENT_3D('',#4140,#3351,#3352);
#2722=AXIS2_PLACEMENT_3D('',#4144,#3355,#3356);
#2723=AXIS2_PLACEMENT_3D('',#4146,#3358,#3359);
#2724=AXIS2_PLACEMENT_3D('',#4150,#3362,#3363);
#2725=AXIS2_PLACEMENT_3D('',#4154,#3366,#3367);
#2726=AXIS2_PLACEMENT_3D('',#4165,#3373,#3374);
#2727=AXIS2_PLACEMENT_3D('',#4167,#3375,#3376);
#2728=AXIS2_PLACEMENT_3D('',#4169,#3377,#3378);
#2729=AXIS2_PLACEMENT_3D('',#4170,#3379,#3380);
#2730=AXIS2_PLACEMENT_3D('',#4177,#3385,#3386);
#2731=AXIS2_PLACEMENT_3D('',#4181,#3389,#3390);
#2732=AXIS2_PLACEMENT_3D('',#4185,#3393,#3394);
#2733=AXIS2_PLACEMENT_3D('',#4189,#3397,#3398);
#2734=AXIS2_PLACEMENT_3D('',#4195,#3402,#3403);
#2735=AXIS2_PLACEMENT_3D('',#4196,#3404,#3405);
#2736=AXIS2_PLACEMENT_3D('',#4197,#3406,#3407);
#2737=AXIS2_PLACEMENT_3D('',#4200,#3410,#3411);
#2738=AXIS2_PLACEMENT_3D('',#4201,#3412,#3413);
#2739=AXIS2_PLACEMENT_3D('',#4203,#3415,#3416);
#2740=AXIS2_PLACEMENT_3D('',#4204,#3417,#3418);
#2741=AXIS2_PLACEMENT_3D('',#4207,#3420,#3421);
#2742=AXIS2_PLACEMENT_3D('',#4208,#3422,#3423);
#2743=AXIS2_PLACEMENT_3D('',#4211,#3425,#3426);
#2744=AXIS2_PLACEMENT_3D('',#4212,#3427,#3428);
#2745=AXIS2_PLACEMENT_3D('',#4215,#3430,#3431);
#2746=AXIS2_PLACEMENT_3D('',#4216,#3432,#3433);
#2747=AXIS2_PLACEMENT_3D('',#4218,#3435,#3436);
#2748=AXIS2_PLACEMENT_3D('',#4220,#3438,#3439);
#2749=AXIS2_PLACEMENT_3D('',#4222,#3441,#3442);
#2750=AXIS2_PLACEMENT_3D('',#4224,#3444,#3445);
#2751=AXIS2_PLACEMENT_3D('',#4226,#3447,#3448);
#2752=AXIS2_PLACEMENT_3D('',#4227,#3449,#3450);
#2753=AXIS2_PLACEMENT_3D('',#4229,#3452,#3453);
#2754=AXIS2_PLACEMENT_3D('',#4231,#3455,#3456);
#2755=DIRECTION('axis',(0.,0.,1.));
#2756=DIRECTION('refdir',(1.,0.,0.));
#2757=DIRECTION('center_axis',(-0.707106781186549,-0.499999999999685,-0.500000000000314));
#2758=DIRECTION('ref_axis',(-0.577350269189867,0.,0.816496580927556));
#2759=DIRECTION('',(3.14018491736755E-16,0.707106781186992,-0.707106781186103));
#2760=DIRECTION('',(0.707106781186305,-0.499999999999858,-0.500000000000485));
#2761=DIRECTION('',(-3.14018491736755E-16,-0.707106781186992,0.707106781186103));
#2762=DIRECTION('',(-0.678598344545894,0.281084637714588,0.678598344545897));
#2763=DIRECTION('center_axis',(-0.707106781186547,1.57009245868377E-16,
-0.707106781186548));
#2764=DIRECTION('ref_axis',(-0.707106781186548,0.,0.707106781186547));
#2765=DIRECTION('',(-2.22044604925031E-16,-1.,0.));
#2766=DIRECTION('',(-0.678598344545896,-0.281084637714592,0.678598344545893));
#2767=DIRECTION('',(2.22044604925031E-16,1.,0.));
#2768=DIRECTION('center_axis',(-1.,2.22044604925033E-16,-2.22044604925031E-16));
#2769=DIRECTION('ref_axis',(-1.23222555480374E-16,-1.,-1.22464679914735E-16));
#2770=DIRECTION('center_axis',(-1.,2.22044604925031E-16,-2.22044604925031E-16));
#2771=DIRECTION('ref_axis',(-2.22044604925031E-16,-1.,-1.22464679914735E-16));
#2772=DIRECTION('',(0.707106781186782,0.499999999999833,-0.499999999999835));
#2773=DIRECTION('center_axis',(1.,-2.22044604925031E-16,2.22044604925031E-16));
#2774=DIRECTION('ref_axis',(0.,-1.,-1.22464679914735E-16));
#2775=DIRECTION('center_axis',(-0.707106781186546,0.499999999999687,-0.500000000000316));
#2776=DIRECTION('ref_axis',(-0.577350269189869,0.,0.816496580927554));
#2777=DIRECTION('',(-1.97437093434846E-28,-0.707106781186992,-0.707106781186103));
#2778=DIRECTION('',(1.97437093434846E-28,0.707106781186992,0.707106781186103));
#2779=DIRECTION('center_axis',(-1.,2.2204460492503E-16,-2.22044604925031E-16));
#2780=DIRECTION('ref_axis',(2.03175027100192E-31,0.707106781186548,0.707106781186547));
#2781=DIRECTION('center_axis',(1.,-2.22044604925031E-16,2.22044604925031E-16));
#2782=DIRECTION('ref_axis',(0.,0.707106781186548,0.707106781186547));
#2783=DIRECTION('center_axis',(-1.,2.22044604925031E-16,-2.22044604925031E-16));
#2784=DIRECTION('ref_axis',(3.66117375566682E-31,0.707106781186548,0.707106781186547));
#2785=DIRECTION('center_axis',(1.,-2.22044604925031E-16,2.22044604925031E-16));
#2786=DIRECTION('ref_axis',(-2.22044604925031E-16,0.,1.));
#2787=DIRECTION('',(2.22044604925031E-16,1.,4.93038065763132E-32));
#2788=DIRECTION('',(2.22044604925031E-16,0.,-1.));
#2789=DIRECTION('',(-2.22044604925031E-16,-1.,-4.93038065763132E-32));
#2790=DIRECTION('',(0.,-0.707106781186548,-0.707106781186548));
#2791=DIRECTION('',(2.22044604925031E-16,0.,-1.));
#2792=DIRECTION('',(-2.22044604925031E-16,-1.,-4.93038065763132E-32));
#2793=DIRECTION('',(2.22044604925031E-16,0.,-1.));
#2794=DIRECTION('',(-2.22044604925031E-16,-1.,-4.93038065763132E-32));
#2795=DIRECTION('',(-2.22044604925031E-16,-2.46716227694479E-16,1.));
#2796=DIRECTION('',(-2.22044604925031E-16,-1.,-4.93038065763132E-32));
#2797=DIRECTION('',(2.22044604925031E-16,0.,-1.));
#2798=DIRECTION('',(-3.14018491736755E-16,-0.707106781186548,0.707106781186548));
#2799=DIRECTION('',(-2.22044604925031E-16,-1.,-4.93038065763132E-32));
#2800=DIRECTION('',(2.22044604925031E-16,0.,-1.));
#2801=DIRECTION('',(2.22044604925031E-16,1.,4.93038065763132E-32));
#2802=DIRECTION('',(2.22044604925031E-16,0.,-1.));
#2803=DIRECTION('',(2.22044604925031E-16,1.,4.93038065763132E-32));
#2804=DIRECTION('',(-2.22044604925031E-16,0.,1.));
#2805=DIRECTION('',(-2.22044604925031E-16,-1.,-4.93038065763132E-32));
#2806=DIRECTION('',(2.22044604925031E-16,0.,-1.));
#2807=DIRECTION('',(2.22044604925031E-16,1.,4.93038065763132E-32));
#2808=DIRECTION('',(-2.22044604925031E-16,0.,1.));
#2809=DIRECTION('',(-2.22044604925031E-16,-1.,-4.93038065763132E-32));
#2810=DIRECTION('center_axis',(-0.707106781186549,1.57009245868378E-16,
-0.707106781186546));
#2811=DIRECTION('ref_axis',(2.22044604925031E-16,1.,4.93038065763132E-32));
#2812=DIRECTION('',(-2.22044604925031E-16,-1.,-4.93038065763132E-32));
#2813=DIRECTION('',(-0.661335502539274,-0.353936019871173,0.661335502539277));
#2814=DIRECTION('center_axis',(1.,0.,0.));
#2815=DIRECTION('ref_axis',(0.,-1.,-1.22464679914735E-16));
#2816=DIRECTION('',(1.,0.,0.));
#2817=DIRECTION('center_axis',(-1.,2.52044604925031E-16,2.27955395074969E-16));
#2818=DIRECTION('ref_axis',(0.,-1.,-1.22464679914735E-16));
#2819=DIRECTION('',(1.,0.,0.));
#2820=DIRECTION('center_axis',(-2.22044604925031E-16,0.,1.));
#2821=DIRECTION('ref_axis',(-1.,2.22044604925031E-16,-2.22044604925031E-16));
#2822=DIRECTION('',(2.52044604925031E-16,1.,5.59651447240642E-32));
#2823=DIRECTION('',(1.,0.,0.));
#2824=DIRECTION('',(-2.22044604925031E-16,-1.,-4.93038065763132E-32));
#2825=DIRECTION('',(0.832050294337998,0.554700196224998,1.84752278884037E-16));
#2826=DIRECTION('',(-1.,2.22044604925031E-16,-2.22044604925031E-16));
#2827=DIRECTION('',(-0.707106781186547,0.707106781186548,-1.57009245868377E-16));
#2828=DIRECTION('',(2.22044604925031E-16,1.,4.93038065763132E-32));
#2829=DIRECTION('',(-0.707106781186548,-0.707106781186547,-1.57009245868378E-16));
#2830=DIRECTION('',(-1.,2.22044604925031E-16,-2.22044604925031E-16));
#2831=DIRECTION('',(0.832050294337997,-0.554700196224999,1.84752278884037E-16));
#2832=DIRECTION('center_axis',(2.22044604925031E-16,0.,-1.));
#2833=DIRECTION('ref_axis',(1.,-2.22044604925031E-16,2.22044604925031E-16));
#2834=DIRECTION('center_axis',(2.22044604925031E-16,0.,-1.));
#2835=DIRECTION('ref_axis',(1.,-2.22044604925031E-16,2.22044604925031E-16));
#2836=DIRECTION('center_axis',(2.22044604925031E-16,0.,-1.));
#2837=DIRECTION('ref_axis',(1.,-2.22044604925031E-16,2.22044604925031E-16));
#2838=DIRECTION('center_axis',(2.22044604925031E-16,0.,-1.));
#2839=DIRECTION('ref_axis',(-1.,2.22044604925031E-16,-2.22044604925031E-16));
#2840=DIRECTION('center_axis',(2.22044604925031E-16,0.,-1.));
#2841=DIRECTION('ref_axis',(-1.,2.22044604925031E-16,-2.22044604925031E-16));
#2842=DIRECTION('center_axis',(2.22044604925031E-16,0.,-1.));
#2843=DIRECTION('ref_axis',(-1.,2.22044604925031E-16,-2.22044604925031E-16));
#2844=DIRECTION('center_axis',(2.22044604925031E-16,0.,-1.));
#2845=DIRECTION('ref_axis',(1.,-2.22044604925031E-16,2.22044604925031E-16));
#2846=DIRECTION('center_axis',(2.22044604925031E-16,0.,-1.));
#2847=DIRECTION('ref_axis',(1.,-2.22044604925031E-16,2.22044604925031E-16));
#2848=DIRECTION('center_axis',(2.22044604925031E-16,0.,-1.));
#2849=DIRECTION('ref_axis',(1.,-2.22044604925031E-16,2.22044604925031E-16));
#2850=DIRECTION('center_axis',(2.22044604925031E-16,0.,-1.));
#2851=DIRECTION('ref_axis',(1.,-2.22044604925031E-16,2.22044604925031E-16));
#2852=DIRECTION('center_axis',(1.,0.,0.));
#2853=DIRECTION('ref_axis',(0.,0.707106781186548,0.707106781186547));
#2854=DIRECTION('center_axis',(-1.,2.52044604925031E-16,2.27955395074969E-16));
#2855=DIRECTION('ref_axis',(0.,0.707106781186548,0.707106781186547));
#2856=DIRECTION('',(1.,0.,0.));
#2857=DIRECTION('center_axis',(0.,-0.707106781186103,-0.707106781186992));
#2858=DIRECTION('ref_axis',(1.97966851690481E-15,0.707106781186992,-0.707106781186103));
#2859=DIRECTION('',(1.70336436386184E-17,0.707106781186992,-0.707106781186103));
#2860=DIRECTION('',(1.,0.,0.));
#2861=DIRECTION('center_axis',(0.,0.,-1.));
#2862=DIRECTION('ref_axis',(1.73802990459687E-15,1.,0.));
#2863=DIRECTION('',(2.52044604925031E-16,1.,0.));
#2864=DIRECTION('',(1.,0.,0.));
#2865=DIRECTION('center_axis',(0.,0.707106781186103,-0.707106781186992));
#2866=DIRECTION('ref_axis',(1.97966851690481E-15,0.707106781186992,0.707106781186103));
#2867=DIRECTION('',(3.39411254969554E-16,0.707106781186992,0.707106781186103));
#2868=DIRECTION('center_axis',(-0.707106781186549,1.57009245868378E-16,
-0.707106781186546));
#2869=DIRECTION('ref_axis',(2.22044604925031E-16,1.,4.93038065763132E-32));
#2870=DIRECTION('',(0.661335502539274,-0.353936019871173,-0.661335502539277));
#2871=DIRECTION('center_axis',(2.22044604925031E-16,0.,-1.));
#2872=DIRECTION('ref_axis',(1.,-2.22044604925031E-16,2.22044604925031E-16));
#2873=DIRECTION('',(0.707106781186546,-2.43604851491926E-16,0.707106781186549));
#2874=DIRECTION('center_axis',(-2.22044604925031E-16,0.,1.));
#2875=DIRECTION('ref_axis',(1.,-2.22044604925031E-16,2.22044604925031E-16));
#2876=DIRECTION('center_axis',(-2.22044604925031E-16,0.,1.));
#2877=DIRECTION('ref_axis',(1.,-2.22044604925031E-16,2.22044604925031E-16));
#2878=DIRECTION('center_axis',(-2.22044604925031E-16,0.,1.));
#2879=DIRECTION('ref_axis',(-1.,2.22044604925031E-16,-2.22044604925031E-16));
#2880=DIRECTION('',(-2.22044604925031E-16,0.,1.));
#2881=DIRECTION('center_axis',(-2.22044604925031E-16,0.,1.));
#2882=DIRECTION('ref_axis',(-1.,2.22044604925031E-16,-2.22044604925031E-16));
#2883=DIRECTION('center_axis',(2.22044604925031E-16,0.,-1.));
#2884=DIRECTION('ref_axis',(1.,-2.22044604925031E-16,2.22044604925031E-16));
#2885=DIRECTION('',(0.707106781186547,-2.43604851491927E-16,0.707106781186548));
#2886=DIRECTION('center_axis',(-2.22044604925031E-16,0.,1.));
#2887=DIRECTION('ref_axis',(1.,-2.22044604925031E-16,2.22044604925031E-16));
#2888=DIRECTION('center_axis',(-2.22044604925031E-16,0.,1.));
#2889=DIRECTION('ref_axis',(1.,-2.22044604925031E-16,2.22044604925031E-16));
#2890=DIRECTION('center_axis',(-2.22044604925031E-16,0.,1.));
#2891=DIRECTION('ref_axis',(-1.,2.22044604925031E-16,-2.22044604925031E-16));
#2892=DIRECTION('',(-2.22044604925031E-16,0.,1.));
#2893=DIRECTION('center_axis',(-2.22044604925031E-16,0.,1.));
#2894=DIRECTION('ref_axis',(-1.,2.22044604925031E-16,-2.22044604925031E-16));
#2895=DIRECTION('center_axis',(2.22044604925031E-16,0.,-1.));
#2896=DIRECTION('ref_axis',(1.,-2.22044604925031E-16,2.22044604925031E-16));
#2897=DIRECTION('',(0.707106781186547,-2.43604851491927E-16,0.707106781186548));
#2898=DIRECTION('center_axis',(-2.22044604925031E-16,0.,1.));
#2899=DIRECTION('ref_axis',(1.,-2.22044604925031E-16,2.22044604925031E-16));
#2900=DIRECTION('center_axis',(-2.22044604925031E-16,0.,1.));
#2901=DIRECTION('ref_axis',(1.,-2.22044604925031E-16,2.22044604925031E-16));
#2902=DIRECTION('center_axis',(-2.22044604925031E-16,0.,1.));
#2903=DIRECTION('ref_axis',(-1.,2.22044604925031E-16,-2.22044604925031E-16));
#2904=DIRECTION('',(-2.22044604925031E-16,0.,1.));
#2905=DIRECTION('center_axis',(-2.22044604925031E-16,0.,1.));
#2906=DIRECTION('ref_axis',(-1.,2.22044604925031E-16,-2.22044604925031E-16));
#2907=DIRECTION('center_axis',(2.22044604925031E-16,0.,-1.));
#2908=DIRECTION('ref_axis',(1.,-2.22044604925031E-16,2.22044604925031E-16));
#2909=DIRECTION('',(0.707106781186547,-2.43604851491927E-16,0.707106781186548));
#2910=DIRECTION('center_axis',(-2.22044604925031E-16,0.,1.));
#2911=DIRECTION('ref_axis',(1.,-2.22044604925031E-16,2.22044604925031E-16));
#2912=DIRECTION('center_axis',(-2.22044604925031E-16,0.,1.));
#2913=DIRECTION('ref_axis',(1.,-2.22044604925031E-16,2.22044604925031E-16));
#2914=DIRECTION('center_axis',(-2.22044604925031E-16,0.,1.));
#2915=DIRECTION('ref_axis',(-1.,2.22044604925031E-16,-2.22044604925031E-16));
#2916=DIRECTION('',(-2.22044604925031E-16,0.,1.));
#2917=DIRECTION('center_axis',(-2.22044604925031E-16,0.,1.));
#2918=DIRECTION('ref_axis',(-1.,2.22044604925031E-16,-2.22044604925031E-16));
#2919=DIRECTION('center_axis',(2.22044604925031E-16,0.,-1.));
#2920=DIRECTION('ref_axis',(1.,-2.22044604925031E-16,2.22044604925031E-16));
#2921=DIRECTION('',(0.707106781186547,-2.43604851491927E-16,0.707106781186548));
#2922=DIRECTION('center_axis',(-2.22044604925031E-16,0.,1.));
#2923=DIRECTION('ref_axis',(1.,-2.22044604925031E-16,2.22044604925031E-16));
#2924=DIRECTION('center_axis',(-2.22044604925031E-16,0.,1.));
#2925=DIRECTION('ref_axis',(1.,-2.22044604925031E-16,2.22044604925031E-16));
#2926=DIRECTION('center_axis',(-2.22044604925031E-16,0.,1.));
#2927=DIRECTION('ref_axis',(-1.,2.22044604925031E-16,-2.22044604925031E-16));
#2928=DIRECTION('',(-2.22044604925031E-16,0.,1.));
#2929=DIRECTION('center_axis',(-2.22044604925031E-16,0.,1.));
#2930=DIRECTION('ref_axis',(-1.,2.22044604925031E-16,-2.22044604925031E-16));
#2931=DIRECTION('center_axis',(2.22044604925031E-16,0.,-1.));
#2932=DIRECTION('ref_axis',(1.,-2.22044604925031E-16,2.22044604925031E-16));
#2933=DIRECTION('',(0.707106781186547,-2.43604851491927E-16,0.707106781186548));
#2934=DIRECTION('center_axis',(-2.22044604925031E-16,0.,1.));
#2935=DIRECTION('ref_axis',(1.,-2.22044604925031E-16,2.22044604925031E-16));
#2936=DIRECTION('center_axis',(-2.22044604925031E-16,0.,1.));
#2937=DIRECTION('ref_axis',(1.,-2.22044604925031E-16,2.22044604925031E-16));
#2938=DIRECTION('center_axis',(-2.22044604925031E-16,0.,1.));
#2939=DIRECTION('ref_axis',(-1.,2.22044604925031E-16,-2.22044604925031E-16));
#2940=DIRECTION('',(-2.22044604925031E-16,0.,1.));
#2941=DIRECTION('center_axis',(-2.22044604925031E-16,0.,1.));
#2942=DIRECTION('ref_axis',(-1.,2.22044604925031E-16,-2.22044604925031E-16));
#2943=DIRECTION('center_axis',(2.22044604925031E-16,0.,-1.));
#2944=DIRECTION('ref_axis',(1.,-2.22044604925031E-16,2.22044604925031E-16));
#2945=DIRECTION('',(0.707106781186546,-2.43604851491926E-16,0.707106781186549));
#2946=DIRECTION('center_axis',(-2.22044604925031E-16,0.,1.));
#2947=DIRECTION('ref_axis',(1.,-2.22044604925031E-16,2.22044604925031E-16));
#2948=DIRECTION('center_axis',(-2.22044604925031E-16,0.,1.));
#2949=DIRECTION('ref_axis',(1.,-2.22044604925031E-16,2.22044604925031E-16));
#2950=DIRECTION('center_axis',(-2.22044604925031E-16,0.,1.));
#2951=DIRECTION('ref_axis',(-1.,2.22044604925031E-16,-2.22044604925031E-16));
#2952=DIRECTION('',(-2.22044604925031E-16,0.,1.));
#2953=DIRECTION('center_axis',(-2.22044604925031E-16,0.,1.));
#2954=DIRECTION('ref_axis',(-1.,2.22044604925031E-16,-2.22044604925031E-16));
#2955=DIRECTION('center_axis',(2.22044604925031E-16,0.,-1.));
#2956=DIRECTION('ref_axis',(-1.,2.22044604925031E-16,-2.22044604925031E-16));
#2957=DIRECTION('center_axis',(2.22044604925031E-16,0.,-1.));
#2958=DIRECTION('ref_axis',(-1.,2.22044604925031E-16,-2.22044604925031E-16));
#2959=DIRECTION('',(-0.857167300702112,8.53566555251941E-17,0.515038074910054));
#2960=DIRECTION('center_axis',(-2.22044604925031E-16,0.,1.));
#2961=DIRECTION('ref_axis',(-1.,2.22044604925031E-16,-2.22044604925031E-16));
#2962=DIRECTION('center_axis',(2.22044604925031E-16,0.,-1.));
#2963=DIRECTION('ref_axis',(-1.,2.22044604925031E-16,-2.22044604925031E-16));
#2964=DIRECTION('center_axis',(-2.22044604925031E-16,0.,1.));
#2965=DIRECTION('ref_axis',(-1.,2.22044604925031E-16,-2.22044604925031E-16));
#2966=DIRECTION('',(-0.857167300702112,8.53566555251941E-17,0.515038074910054));
#2967=DIRECTION('center_axis',(-2.22044604925031E-16,0.,1.));
#2968=DIRECTION('ref_axis',(-1.,2.22044604925031E-16,-2.22044604925031E-16));
#2969=DIRECTION('center_axis',(-2.22044604925031E-16,0.,1.));
#2970=DIRECTION('ref_axis',(-1.,2.22044604925031E-16,-2.22044604925031E-16));
#2971=DIRECTION('center_axis',(-2.22044604925031E-16,0.,1.));
#2972=DIRECTION('ref_axis',(-1.,2.22044604925031E-16,-2.22044604925031E-16));
#2973=DIRECTION('',(-2.22044604925031E-16,0.,1.));
#2974=DIRECTION('center_axis',(2.22044604925031E-16,0.,-1.));
#2975=DIRECTION('ref_axis',(-1.,2.22044604925031E-16,-2.22044604925031E-16));
#2976=DIRECTION('center_axis',(-2.22044604925031E-16,0.,1.));
#2977=DIRECTION('ref_axis',(-1.,2.22044604925031E-16,-2.22044604925031E-16));
#2978=DIRECTION('',(-0.857167300702112,8.53566555251941E-17,0.515038074910054));
#2979=DIRECTION('center_axis',(-2.22044604925031E-16,0.,1.));
#2980=DIRECTION('ref_axis',(-1.,2.22044604925031E-16,-2.22044604925031E-16));
#2981=DIRECTION('center_axis',(-2.22044604925031E-16,0.,1.));
#2982=DIRECTION('ref_axis',(-1.,2.22044604925031E-16,-2.22044604925031E-16));
#2983=DIRECTION('center_axis',(-2.22044604925031E-16,0.,1.));
#2984=DIRECTION('ref_axis',(-1.,2.22044604925031E-16,-2.22044604925031E-16));
#2985=DIRECTION('',(-2.22044604925031E-16,0.,1.));
#2986=DIRECTION('center_axis',(2.22044604925031E-16,0.,-1.));
#2987=DIRECTION('ref_axis',(-1.,2.22044604925031E-16,-2.22044604925031E-16));
#2988=DIRECTION('center_axis',(-2.22044604925031E-16,0.,1.));
#2989=DIRECTION('ref_axis',(-1.,2.22044604925031E-16,-2.22044604925031E-16));
#2990=DIRECTION('',(-0.857167300702112,8.53566555251941E-17,0.515038074910054));
#2991=DIRECTION('center_axis',(-2.22044604925031E-16,0.,1.));
#2992=DIRECTION('ref_axis',(-1.,2.22044604925031E-16,-2.22044604925031E-16));
#2993=DIRECTION('center_axis',(-2.22044604925031E-16,0.,1.));
#2994=DIRECTION('ref_axis',(-1.,2.22044604925031E-16,-2.22044604925031E-16));
#2995=DIRECTION('center_axis',(-2.22044604925031E-16,0.,1.));
#2996=DIRECTION('ref_axis',(-1.,2.22044604925031E-16,-2.22044604925031E-16));
#2997=DIRECTION('',(-2.22044604925031E-16,0.,1.));
#2998=DIRECTION('center_axis',(2.22044604925031E-16,0.,-1.));
#2999=DIRECTION('ref_axis',(-1.,2.22044604925031E-16,-2.22044604925031E-16));
#3000=DIRECTION('center_axis',(-2.22044604925031E-16,0.,1.));
#3001=DIRECTION('ref_axis',(-1.,2.22044604925031E-16,-2.22044604925031E-16));
#3002=DIRECTION('',(-0.857167300702112,8.53566555251941E-17,0.515038074910054));
#3003=DIRECTION('center_axis',(-2.22044604925031E-16,0.,1.));
#3004=DIRECTION('ref_axis',(-1.,2.22044604925031E-16,-2.22044604925031E-16));
#3005=DIRECTION('center_axis',(-2.22044604925031E-16,0.,1.));
#3006=DIRECTION('ref_axis',(-1.,2.22044604925031E-16,-2.22044604925031E-16));
#3007=DIRECTION('center_axis',(-2.22044604925031E-16,0.,1.));
#3008=DIRECTION('ref_axis',(-1.,2.22044604925031E-16,-2.22044604925031E-16));
#3009=DIRECTION('',(-2.22044604925031E-16,0.,1.));
#3010=DIRECTION('center_axis',(2.22044604925031E-16,0.,-1.));
#3011=DIRECTION('ref_axis',(-1.,2.22044604925031E-16,-2.22044604925031E-16));
#3012=DIRECTION('center_axis',(-2.22044604925031E-16,0.,1.));
#3013=DIRECTION('ref_axis',(-1.,2.22044604925031E-16,-2.22044604925031E-16));
#3014=DIRECTION('',(-0.857167300702112,8.53566555251941E-17,0.515038074910054));
#3015=DIRECTION('center_axis',(-2.22044604925031E-16,0.,1.));
#3016=DIRECTION('ref_axis',(-1.,2.22044604925031E-16,-2.22044604925031E-16));
#3017=DIRECTION('center_axis',(-2.22044604925031E-16,0.,1.));
#3018=DIRECTION('ref_axis',(-1.,2.22044604925031E-16,-2.22044604925031E-16));
#3019=DIRECTION('center_axis',(-2.22044604925031E-16,0.,1.));
#3020=DIRECTION('ref_axis',(-1.,2.22044604925031E-16,-2.22044604925031E-16));
#3021=DIRECTION('',(-2.22044604925031E-16,0.,1.));
#3022=DIRECTION('center_axis',(2.22044604925031E-16,0.,-1.));
#3023=DIRECTION('ref_axis',(-1.,2.22044604925031E-16,-2.22044604925031E-16));
#3024=DIRECTION('center_axis',(-2.22044604925031E-16,0.,1.));
#3025=DIRECTION('ref_axis',(-1.,2.22044604925031E-16,-2.22044604925031E-16));
#3026=DIRECTION('',(-0.857167300702112,8.53566555251941E-17,0.515038074910054));
#3027=DIRECTION('center_axis',(-2.22044604925031E-16,0.,1.));
#3028=DIRECTION('ref_axis',(-1.,2.22044604925031E-16,-2.22044604925031E-16));
#3029=DIRECTION('center_axis',(-2.22044604925031E-16,0.,1.));
#3030=DIRECTION('ref_axis',(-1.,2.22044604925031E-16,-2.22044604925031E-16));
#3031=DIRECTION('center_axis',(-2.22044604925031E-16,0.,1.));
#3032=DIRECTION('ref_axis',(-1.,2.22044604925031E-16,-2.22044604925031E-16));
#3033=DIRECTION('',(-2.22044604925031E-16,0.,1.));
#3034=DIRECTION('center_axis',(-1.,2.52044604925031E-16,2.27955395074969E-16));
#3035=DIRECTION('ref_axis',(-2.27955395074969E-16,9.99200722162641E-32,
-1.));
#3036=DIRECTION('center_axis',(-0.410511919411663,0.707106781186546,0.575742966974808));
#3037=DIRECTION('ref_axis',(-3.1238496586991E-16,-0.631397338970468,0.775459476917402));
#3038=DIRECTION('',(0.86482410927231,0.502074954584826,1.92029527673012E-16));
#3039=DIRECTION('',(-0.814223512336696,3.59923110831546E-16,-0.580551523947784));
#3040=DIRECTION('',(-0.410511919411662,-0.707106781186548,0.575742966974806));
#3041=DIRECTION('',(0.814223512336696,-3.59923110831546E-16,0.580551523947784));
#3042=DIRECTION('center_axis',(2.22044604925031E-16,1.,4.93038065763132E-32));
#3043=DIRECTION('ref_axis',(2.22044604925031E-16,0.,-1.));
#3044=DIRECTION('',(-3.14018491736755E-16,-0.707106781186549,0.707106781186546));
#3045=DIRECTION('center_axis',(-4.42044604925031E-16,-1.,-9.81536196598201E-32));
#3046=DIRECTION('ref_axis',(2.22044604925031E-16,0.,-1.));
#3047=DIRECTION('',(0.410511919412758,0.707106781185408,-0.575742966975424));
#3048=DIRECTION('center_axis',(4.42044604925031E-16,1.,9.81536196598201E-32));
#3049=DIRECTION('ref_axis',(2.22044604925031E-16,0.,-1.));
#3050=DIRECTION('center_axis',(1.5556349186104E-16,0.707106781186547,0.707106781186548));
#3051=DIRECTION('ref_axis',(-3.14018491736755E-16,-0.707106781186548,0.707106781186547));
#3052=DIRECTION('',(0.577350269189623,-0.577350269189628,0.577350269189626));
#3053=DIRECTION('',(1.,-4.42044604925031E-16,2.22044604925031E-16));
#3054=DIRECTION('',(-1.,4.42044604925031E-16,-2.22044604925031E-16));
#3055=DIRECTION('center_axis',(-4.42044604925031E-16,-1.,-9.81536196598201E-32));
#3056=DIRECTION('ref_axis',(-2.22044604925031E-16,0.,1.));
#3057=DIRECTION('',(0.688310066798088,-1.52835536848103E-16,0.725416605782093));
#3058=DIRECTION('',(1.,-2.22044604925031E-16,2.22044604925031E-16));
#3059=DIRECTION('center_axis',(-4.42044604925031E-16,-1.,-9.81536196598201E-32));
#3060=DIRECTION('ref_axis',(-2.22044604925031E-16,0.,1.));
#3061=DIRECTION('',(-2.22044604925031E-16,0.,1.));
#3062=DIRECTION('',(-0.707106781186546,3.12572737729417E-16,-0.707106781186549));
#3063=DIRECTION('',(0.707106781186546,-3.12572737729417E-16,-0.707106781186549));
#3064=DIRECTION('',(1.,-2.22044604925031E-16,2.22044604925031E-16));
#3065=DIRECTION('',(0.707106781186547,-1.57009245868377E-16,0.707106781186548));
#3066=DIRECTION('',(-2.22044604925031E-16,0.,1.));
#3067=DIRECTION('',(-2.22044604925031E-16,0.,1.));
#3068=DIRECTION('',(0.707106781186548,-3.17009245868275E-16,-0.707106781186547));
#3069=DIRECTION('',(1.,-4.42044604925031E-16,2.22044604925031E-16));
#3070=DIRECTION('',(-0.707106781186546,3.12572737729417E-16,-0.707106781186549));
#3071=DIRECTION('',(-0.755453954995708,3.3394434507513E-16,-0.655201741360127));
#3072=DIRECTION('',(-0.989949493661167,4.37601832821185E-16,0.141421356237309));
#3073=DIRECTION('',(1.,-2.22044604925031E-16,2.22044604925031E-16));
#3074=DIRECTION('center_axis',(2.22044604925031E-16,1.,4.93038065763132E-32));
#3075=DIRECTION('ref_axis',(-2.22044604925031E-16,0.,1.));
#3076=DIRECTION('center_axis',(-0.410511919411599,-0.707106781186657,0.575742966974717));
#3077=DIRECTION('ref_axis',(3.19882205051305E-17,-0.631397338970349,-0.7754594769175));
#3078=DIRECTION('',(-0.864824109272378,0.502074954584709,-1.92029527673027E-16));
#3079=DIRECTION('',(-0.814223512336696,3.59923110831546E-16,-0.580551523947784));
#3080=DIRECTION('',(0.410511919411725,-0.70710678118644,-0.575742966974894));
#3081=DIRECTION('',(0.814223512336696,-3.59923110831546E-16,0.580551523947784));
#3082=DIRECTION('center_axis',(-2.22044604925031E-16,-1.,-4.93038065763132E-32));
#3083=DIRECTION('ref_axis',(2.22044604925031E-16,0.,-1.));
#3084=DIRECTION('',(8.13512808509168E-31,-0.707106781186546,-0.707106781186549));
#3085=DIRECTION('center_axis',(-4.42044604925031E-16,-1.,-9.81536196598201E-32));
#3086=DIRECTION('ref_axis',(2.22044604925031E-16,0.,-1.));
#3087=DIRECTION('',(-0.41051191941276,0.707106781185405,0.575742966975426));
#3088=DIRECTION('center_axis',(4.42044604925031E-16,1.,9.81536196598201E-32));
#3089=DIRECTION('ref_axis',(2.22044604925031E-16,0.,-1.));
#3090=DIRECTION('center_axis',(-4.69581983597796E-16,-0.707106781186548,
0.707106781186547));
#3091=DIRECTION('ref_axis',(2.2186712959341E-31,-0.707106781186547,-0.707106781186548));
#3092=DIRECTION('',(-0.577350269189624,-0.577350269189626,-0.577350269189627));
#3093=DIRECTION('',(1.,-4.42044604925031E-16,2.22044604925031E-16));
#3094=DIRECTION('',(-1.,4.42044604925031E-16,-2.22044604925031E-16));
#3095=DIRECTION('center_axis',(2.22044604925031E-16,1.,4.93038065763132E-32));
#3096=DIRECTION('ref_axis',(-2.22044604925031E-16,0.,1.));
#3097=DIRECTION('',(2.22044604925031E-16,1.,4.93038065763132E-32));
#3098=DIRECTION('',(-2.22044604925031E-16,-1.,-4.93038065763132E-32));
#3099=DIRECTION('center_axis',(2.22044604925031E-16,0.,-1.));
#3100=DIRECTION('ref_axis',(-1.,2.22044604925031E-16,-2.22044604925031E-16));
#3101=DIRECTION('',(2.22044604925031E-16,1.,4.93038065763132E-32));
#3102=DIRECTION('',(1.,-4.42044604925031E-16,2.22044604925031E-16));
#3103=DIRECTION('',(-2.22044604925031E-16,-1.,-4.93038065763132E-32));
#3104=DIRECTION('',(1.,-4.42044604925031E-16,2.22044604925031E-16));
#3105=DIRECTION('',(2.22044604925031E-16,1.,4.93038065763132E-32));
#3106=DIRECTION('center_axis',(4.42044604925031E-16,1.,9.81536196598201E-32));
#3107=DIRECTION('ref_axis',(2.22044604925031E-16,0.,-1.));
#3108=DIRECTION('',(-0.707106781186546,3.12572737729417E-16,-0.707106781186549));
#3109=DIRECTION('',(-2.22044604925031E-16,0.,1.));
#3110=DIRECTION('',(1.,-2.22044604925031E-16,2.22044604925031E-16));
#3111=DIRECTION('',(0.989949493661167,-4.37601832821185E-16,-0.141421356237309));
#3112=DIRECTION('',(0.755453954995708,-3.3394434507513E-16,0.655201741360127));
#3113=DIRECTION('',(0.707106781186546,-3.12572737729417E-16,0.707106781186549));
#3114=DIRECTION('',(1.,-4.42044604925031E-16,2.22044604925031E-16));
#3115=DIRECTION('',(0.707106781186548,-3.17009245868275E-16,-0.707106781186547));
#3116=DIRECTION('',(-2.22044604925031E-16,0.,1.));
#3117=DIRECTION('',(-2.22044604925031E-16,0.,1.));
#3118=DIRECTION('',(0.707106781186547,-1.57009245868377E-16,0.707106781186548));
#3119=DIRECTION('',(1.,-2.22044604925031E-16,2.22044604925031E-16));
#3120=DIRECTION('',(-0.707106781186546,3.12572737729417E-16,0.707106781186549));
#3121=DIRECTION('center_axis',(2.22044604925031E-16,1.,4.93038065763132E-32));
#3122=DIRECTION('ref_axis',(-2.22044604925031E-16,0.,1.));
#3123=DIRECTION('center_axis',(-3.14018491736755E-16,-0.707106781186548,
0.707106781186548));
#3124=DIRECTION('ref_axis',(0.,-0.707106781186548,-0.707106781186548));
#3125=DIRECTION('',(1.,-2.22044604925031E-16,2.22044604925031E-16));
#3126=DIRECTION('',(1.,-2.22044604925031E-16,2.22044604925031E-16));
#3127=DIRECTION('',(0.,-0.707106781186548,-0.707106781186548));
#3128=DIRECTION('',(-1.,2.22044604925031E-16,-2.22044604925031E-16));
#3129=DIRECTION('',(-1.,2.22044604925031E-16,-2.22044604925031E-16));
#3130=DIRECTION('center_axis',(2.22044604925031E-16,1.,4.93038065763132E-32));
#3131=DIRECTION('ref_axis',(-2.22044604925031E-16,0.,1.));
#3132=DIRECTION('',(-2.22044604925031E-16,0.,1.));
#3133=DIRECTION('',(-2.22044604925031E-16,0.,1.));
#3134=DIRECTION('',(0.989949493661167,-2.19812944215729E-16,-0.141421356237309));
#3135=DIRECTION('',(0.755453954995708,-1.67744474976074E-16,0.655201741360127));
#3136=DIRECTION('center_axis',(2.22044604925031E-16,1.,4.93038065763132E-32));
#3137=DIRECTION('ref_axis',(-2.22044604925031E-16,0.,1.));
#3138=DIRECTION('center_axis',(0.,0.707106781186548,0.707106781186548));
#3139=DIRECTION('ref_axis',(-3.14018491736755E-16,-0.707106781186548,0.707106781186548));
#3140=DIRECTION('',(1.,-2.22044604925031E-16,2.22044604925031E-16));
#3141=DIRECTION('',(1.,-2.22044604925031E-16,2.22044604925031E-16));
#3142=DIRECTION('',(-3.14018491736755E-16,-0.707106781186548,0.707106781186548));
#3143=DIRECTION('',(-1.,2.22044604925031E-16,-2.22044604925031E-16));
#3144=DIRECTION('',(-1.,2.22044604925031E-16,-2.22044604925031E-16));
#3145=DIRECTION('center_axis',(1.,-2.22044604925031E-16,2.22044604925031E-16));
#3146=DIRECTION('ref_axis',(-2.22044604925031E-16,0.,1.));
#3147=DIRECTION('',(-2.22044604925031E-16,0.,1.));
#3148=DIRECTION('',(2.22044604925031E-16,1.,4.93038065763132E-32));
#3149=DIRECTION('center_axis',(1.,-2.22044604925031E-16,2.22044604925031E-16));
#3150=DIRECTION('ref_axis',(2.22044604925031E-16,1.,4.93038065763132E-32));
#3151=DIRECTION('',(-2.22044604925031E-16,0.,1.));
#3152=DIRECTION('',(2.22044604925031E-16,1.,4.93038065763132E-32));
#3153=DIRECTION('center_axis',(-1.,2.22044604925031E-16,-2.22044604925031E-16));
#3154=DIRECTION('ref_axis',(-2.22044604925031E-16,0.,1.));
#3155=DIRECTION('center_axis',(-2.22044604925031E-16,-1.,-4.93038065763132E-32));
#3156=DIRECTION('ref_axis',(2.22044604925031E-16,0.,-1.));
#3157=DIRECTION('',(-2.22044604925031E-16,0.,1.));
#3158=DIRECTION('',(-0.755453954995708,1.67744474976074E-16,-0.655201741360127));
#3159=DIRECTION('',(-0.989949493661167,2.19812944215729E-16,0.141421356237309));
#3160=DIRECTION('center_axis',(2.22044604925031E-16,1.,4.93038065763132E-32));
#3161=DIRECTION('ref_axis',(-2.22044604925031E-16,0.,1.));
#3162=DIRECTION('center_axis',(0.392232270275828,0.588348405414742,0.70710678118669));
#3163=DIRECTION('ref_axis',(-0.832050294338138,0.554700196224788,-2.53759691103269E-13));
#3164=DIRECTION('',(0.209350510052909,0.6914377643507,-0.6914377643507));
#3165=DIRECTION('',(0.832050294337997,-0.554700196224999,1.84752278884037E-16));
#3166=DIRECTION('center_axis',(-0.707106781186549,1.57009245868378E-16,
0.707106781186546));
#3167=DIRECTION('ref_axis',(-2.22044604925031E-16,-1.,-4.93038065763132E-32));
#3168=DIRECTION('',(-0.707106781186546,3.12572737729417E-16,-0.707106781186549));
#3169=DIRECTION('center_axis',(-0.707106781186549,1.57009245868378E-16,
0.707106781186546));
#3170=DIRECTION('ref_axis',(-2.22044604925031E-16,-1.,-4.93038065763132E-32));
#3171=DIRECTION('',(0.707106781186546,-3.12572737729417E-16,0.707106781186549));
#3172=DIRECTION('center_axis',(-0.707106781186549,1.57009245868378E-16,
-0.707106781186546));
#3173=DIRECTION('ref_axis',(2.22044604925031E-16,1.,4.93038065763132E-32));
#3174=DIRECTION('',(-0.707106781186546,3.12572737729417E-16,0.707106781186549));
#3175=DIRECTION('',(-2.22044604925031E-16,-1.,-4.93038065763132E-32));
#3176=DIRECTION('center_axis',(-2.22044604925031E-16,0.,1.));
#3177=DIRECTION('ref_axis',(1.,-2.22044604925031E-16,2.22044604925031E-16));
#3178=DIRECTION('',(1.,-4.42044604925031E-16,2.22044604925031E-16));
#3179=DIRECTION('',(-2.22044604925031E-16,-1.,-4.93038065763132E-32));
#3180=DIRECTION('center_axis',(-0.707106781186549,1.57009245868378E-16,
-0.707106781186546));
#3181=DIRECTION('ref_axis',(2.22044604925031E-16,1.,4.93038065763132E-32));
#3182=DIRECTION('',(-2.22044604925031E-16,-1.,-4.93038065763132E-32));
#3183=DIRECTION('',(0.707106781186546,-3.12572737729417E-16,-0.707106781186549));
#3184=DIRECTION('center_axis',(-2.22044604925031E-16,0.,1.));
#3185=DIRECTION('ref_axis',(1.,-2.22044604925031E-16,2.22044604925031E-16));
#3186=DIRECTION('',(-2.22044604925031E-16,-1.,-4.93038065763132E-32));
#3187=DIRECTION('',(1.,-4.42044604925031E-16,2.22044604925031E-16));
#3188=DIRECTION('center_axis',(-0.707106781186549,1.57009245868378E-16,
0.707106781186546));
#3189=DIRECTION('ref_axis',(-2.22044604925031E-16,-1.,-4.93038065763132E-32));
#3190=DIRECTION('',(2.22044604925031E-16,1.,4.93038065763132E-32));
#3191=DIRECTION('center_axis',(2.22044604925031E-16,0.,-1.));
#3192=DIRECTION('ref_axis',(-4.42044604925031E-16,-1.,-9.81536196598201E-32));
#3193=DIRECTION('',(2.22044604925031E-16,1.,4.93038065763132E-32));
#3194=DIRECTION('center_axis',(-0.655201741360127,1.45484011806502E-16,
0.755453954995708));
#3195=DIRECTION('ref_axis',(-2.22044604925031E-16,-1.,-4.93038065763132E-32));
#3196=DIRECTION('',(2.22044604925031E-16,1.,4.93038065763132E-32));
#3197=DIRECTION('center_axis',(0.141421356237309,-3.14018491736755E-17,
0.989949493661167));
#3198=DIRECTION('ref_axis',(-2.22044604925031E-16,-1.,-4.93038065763132E-32));
#3199=DIRECTION('',(-2.22044604925031E-16,-1.,-4.93038065763132E-32));
#3200=DIRECTION('center_axis',(-0.655201741360127,1.45484011806502E-16,
0.755453954995708));
#3201=DIRECTION('ref_axis',(-2.22044604925031E-16,-1.,-4.93038065763132E-32));
#3202=DIRECTION('',(2.22044604925031E-16,1.,4.93038065763132E-32));
#3203=DIRECTION('center_axis',(0.141421356237309,-3.14018491736755E-17,
0.989949493661167));
#3204=DIRECTION('ref_axis',(-2.22044604925031E-16,-1.,-4.93038065763132E-32));
#3205=DIRECTION('',(-2.22044604925031E-16,-1.,-4.93038065763132E-32));
#3206=DIRECTION('center_axis',(2.22044604925031E-16,1.,4.93038065763132E-32));
#3207=DIRECTION('ref_axis',(-2.22044604925031E-16,0.,1.));
#3208=DIRECTION('center_axis',(2.22044604925031E-16,1.,4.93038065763132E-32));
#3209=DIRECTION('ref_axis',(-2.22044604925031E-16,0.,1.));
#3210=DIRECTION('',(2.22044604925031E-16,1.,4.93038065763132E-32));
#3211=DIRECTION('center_axis',(2.22044604925031E-16,1.,4.93038065763132E-32));
#3212=DIRECTION('ref_axis',(-2.22044604925031E-16,0.,1.));
#3213=DIRECTION('center_axis',(2.22044604925031E-16,1.,4.93038065763132E-32));
#3214=DIRECTION('ref_axis',(-2.22044604925031E-16,0.,1.));
#3215=DIRECTION('center_axis',(2.22044604925031E-16,1.,4.93038065763132E-32));
#3216=DIRECTION('ref_axis',(-2.22044604925031E-16,0.,1.));
#3217=DIRECTION('',(2.22044604925031E-16,1.,4.93038065763132E-32));
#3218=DIRECTION('center_axis',(2.22044604925031E-16,1.,4.93038065763132E-32));
#3219=DIRECTION('ref_axis',(-2.22044604925031E-16,0.,1.));
#3220=DIRECTION('center_axis',(-0.707106781186548,3.37009245868262E-16,
0.707106781186547));
#3221=DIRECTION('ref_axis',(-4.59323825538538E-16,-1.,1.7279220613487E-17));
#3222=DIRECTION('',(0.707106781186547,-3.17009245868275E-16,0.707106781186548));
#3223=DIRECTION('',(-4.42044604925031E-16,-1.,-9.81536196598201E-32));
#3224=DIRECTION('',(0.707106781186547,-3.17009245868275E-16,0.707106781186548));
#3225=DIRECTION('',(-4.42044604925031E-16,-1.,-9.81536196598201E-32));
#3226=DIRECTION('center_axis',(-1.,4.42044604925031E-16,-2.22044604925031E-16));
#3227=DIRECTION('ref_axis',(-4.42044604925031E-16,-1.,-9.81536196598201E-32));
#3228=DIRECTION('',(2.22044604925031E-16,0.,-1.));
#3229=DIRECTION('',(2.22044604925031E-16,1.,4.93038065763132E-32));
#3230=DIRECTION('',(-2.22044604925031E-16,0.,1.));
#3231=DIRECTION('center_axis',(2.22044604925031E-16,1.,4.93038065763132E-32));
#3232=DIRECTION('ref_axis',(-2.22044604925031E-16,0.,1.));
#3233=DIRECTION('center_axis',(2.22044604925031E-16,1.,4.93038065763132E-32));
#3234=DIRECTION('ref_axis',(-2.22044604925031E-16,0.,1.));
#3235=DIRECTION('center_axis',(-2.22044604925031E-16,-1.,-4.93038065763132E-32));
#3236=DIRECTION('ref_axis',(2.22044604925031E-16,0.,-1.));
#3237=DIRECTION('center_axis',(2.22044604925031E-16,1.,4.93038065763132E-32));
#3238=DIRECTION('ref_axis',(-2.22044604925031E-16,0.,1.));
#3239=DIRECTION('center_axis',(2.22044604925031E-16,1.,4.93038065763132E-32));
#3240=DIRECTION('ref_axis',(-2.22044604925031E-16,0.,1.));
#3241=DIRECTION('center_axis',(2.22044604925031E-16,1.,4.93038065763132E-32));
#3242=DIRECTION('ref_axis',(-2.22044604925031E-16,0.,1.));
#3243=DIRECTION('center_axis',(-2.22044604925031E-16,-1.,-4.93038065763132E-32));
#3244=DIRECTION('ref_axis',(2.22044604925031E-16,0.,-1.));
#3245=DIRECTION('center_axis',(2.22044604925031E-16,1.,4.93038065763132E-32));
#3246=DIRECTION('ref_axis',(-2.22044604925031E-16,0.,1.));
#3247=DIRECTION('center_axis',(-4.42044604925031E-16,-1.,-9.81536196598201E-32));
#3248=DIRECTION('ref_axis',(-2.22044604925031E-16,0.,1.));
#3249=DIRECTION('',(1.,-4.42044604925031E-16,2.22044604925031E-16));
#3250=DIRECTION('',(1.,-4.42044604925031E-16,2.22044604925031E-16));
#3251=DIRECTION('',(-2.22044604925031E-16,0.,1.));
#3252=DIRECTION('center_axis',(2.22044604925031E-16,0.,-1.));
#3253=DIRECTION('ref_axis',(-4.42044604925031E-16,-1.,-9.81536196598201E-32));
#3254=DIRECTION('',(1.,-4.42044604925031E-16,2.22044604925031E-16));
#3255=DIRECTION('',(-2.22044604925031E-16,-1.,-4.93038065763132E-32));
#3256=DIRECTION('center_axis',(4.42044604925031E-16,1.,9.81536196598201E-32));
#3257=DIRECTION('ref_axis',(2.22044604925031E-16,0.,-1.));
#3258=DIRECTION('',(2.22044604925031E-16,0.,-1.));
#3259=DIRECTION('',(1.,-4.42044604925031E-16,2.22044604925031E-16));
#3260=DIRECTION('center_axis',(-2.22044604925031E-16,0.,1.));
#3261=DIRECTION('ref_axis',(4.42044604925031E-16,1.,9.81536196598201E-32));
#3262=DIRECTION('',(2.22044604925031E-16,1.,4.93038065763132E-32));
#3263=DIRECTION('center_axis',(-2.22044604925031E-16,-1.,-4.93038065763132E-32));
#3264=DIRECTION('ref_axis',(-2.22044604925031E-16,0.,1.));
#3265=DIRECTION('center_axis',(2.22044604925031E-16,1.,4.93038065763132E-32));
#3266=DIRECTION('ref_axis',(-2.22044604925031E-16,0.,1.));
#3267=DIRECTION('',(-8.65956056233697E-17,0.707106781186865,0.70710678118623));
#3268=DIRECTION('center_axis',(2.22044604925031E-16,1.,4.93038065763132E-32));
#3269=DIRECTION('ref_axis',(-2.22044604925031E-16,0.,1.));
#3270=DIRECTION('center_axis',(2.22044604925031E-16,1.,4.93038065763132E-32));
#3271=DIRECTION('ref_axis',(-2.22044604925031E-16,0.,1.));
#3272=DIRECTION('',(-2.27422886113244E-16,-0.707106781186865,0.70710678118623));
#3273=DIRECTION('center_axis',(-0.580551523947784,1.2890833377361E-16,0.814223512336696));
#3274=DIRECTION('ref_axis',(-0.814223512336696,1.80793938117473E-16,-0.580551523947784));
#3275=DIRECTION('',(2.22044604925031E-16,1.,4.93038065763132E-32));
#3276=DIRECTION('center_axis',(2.22044604925031E-16,1.,4.93038065763132E-32));
#3277=DIRECTION('ref_axis',(-2.22044604925031E-16,0.,1.));
#3278=DIRECTION('',(2.22044604925031E-16,1.,4.93038065763132E-32));
#3279=DIRECTION('center_axis',(2.22044604925031E-16,1.,4.93038065763132E-32));
#3280=DIRECTION('ref_axis',(-2.22044604925031E-16,0.,1.));
#3281=DIRECTION('center_axis',(-1.,4.42044604925031E-16,-2.22044604925031E-16));
#3282=DIRECTION('ref_axis',(-2.22044604925031E-16,0.,1.));
#3283=DIRECTION('center_axis',(-1.,4.42044604925031E-16,-2.22044604925031E-16));
#3284=DIRECTION('ref_axis',(-2.22044604925031E-16,0.,1.));
#3285=DIRECTION('',(-1.,4.42044604925031E-16,-2.22044604925031E-16));
#3286=DIRECTION('center_axis',(-2.22044604925031E-16,-1.,-4.93038065763132E-32));
#3287=DIRECTION('ref_axis',(-2.22044604925031E-16,0.,1.));
#3288=DIRECTION('',(-2.22044604925031E-16,-1.,-4.93038065763132E-32));
#3289=DIRECTION('center_axis',(2.22044604925031E-16,1.,4.93038065763132E-32));
#3290=DIRECTION('ref_axis',(-2.22044604925031E-16,0.,1.));
#3291=DIRECTION('center_axis',(-1.,4.42044604925031E-16,-2.22044604925031E-16));
#3292=DIRECTION('ref_axis',(-2.22044604925031E-16,0.,1.));
#3293=DIRECTION('center_axis',(-1.,4.42044604925031E-16,-2.22044604925031E-16));
#3294=DIRECTION('ref_axis',(-2.22044604925031E-16,0.,1.));
#3295=DIRECTION('',(-1.,4.42044604925031E-16,-2.22044604925031E-16));
#3296=DIRECTION('center_axis',(-1.,2.22044604925031E-16,-2.22044604925031E-16));
#3297=DIRECTION('ref_axis',(-2.22044604925031E-16,0.,1.));
#3298=DIRECTION('center_axis',(1.,-2.22044604925031E-16,2.22044604925031E-16));
#3299=DIRECTION('ref_axis',(-2.22044604925031E-16,-1.,-4.93038065763132E-32));
#3300=DIRECTION('',(1.,-2.22044604925031E-16,2.22044604925031E-16));
#3301=DIRECTION('center_axis',(-1.,2.22044604925031E-16,-2.22044604925031E-16));
#3302=DIRECTION('ref_axis',(2.22044604925031E-16,1.,4.93038065763132E-32));
#3303=DIRECTION('',(1.,-2.22044604925031E-16,2.22044604925031E-16));
#3304=DIRECTION('center_axis',(-1.,2.22044604925031E-16,-2.22044604925031E-16));
#3305=DIRECTION('ref_axis',(2.22044604925031E-16,1.,4.93038065763132E-32));
#3306=DIRECTION('center_axis',(1.,-2.22044604925031E-16,2.22044604925031E-16));
#3307=DIRECTION('ref_axis',(2.22044604925031E-16,1.,4.93038065763132E-32));
#3308=DIRECTION('',(2.22044604925031E-16,0.,-1.));
#3309=DIRECTION('',(2.22044604925031E-16,1.,4.93038065763132E-32));
#3310=DIRECTION('',(2.22044604925031E-16,0.,-1.));
#3311=DIRECTION('center_axis',(1.,-2.22044604925031E-16,2.22044604925031E-16));
#3312=DIRECTION('ref_axis',(2.22044604925031E-16,1.,4.93038065763132E-32));
#3313=DIRECTION('',(-2.22044604925031E-16,-1.,-4.93038065763132E-32));
#3314=DIRECTION('',(-2.22044604925031E-16,-1.,-4.93038065763132E-32));
#3315=DIRECTION('center_axis',(1.,-2.22044604925031E-16,2.22044604925031E-16));
#3316=DIRECTION('ref_axis',(2.22044604925031E-16,1.,4.93038065763132E-32));
#3317=DIRECTION('',(1.,-2.22044604925031E-16,2.22044604925031E-16));
#3318=DIRECTION('',(1.,-2.22044604925031E-16,2.22044604925031E-16));
#3319=DIRECTION('center_axis',(-2.22044604925031E-16,-1.,-4.93038065763132E-32));
#3320=DIRECTION('ref_axis',(-2.22044604925031E-16,0.,1.));
#3321=DIRECTION('',(2.22044604925031E-16,1.,4.93038065763132E-32));
#3322=DIRECTION('center_axis',(-2.22044604925031E-16,0.,1.));
#3323=DIRECTION('ref_axis',(2.22044604925031E-16,1.,4.93038065763132E-32));
#3324=DIRECTION('',(-2.22044604925031E-16,-1.,-4.93038065763132E-32));
#3325=DIRECTION('center_axis',(-0.707106781186548,1.57009245868377E-16,
0.707106781186547));
#3326=DIRECTION('ref_axis',(-2.22044604925031E-16,-1.,-4.93038065763132E-32));
#3327=DIRECTION('',(0.707106781186547,-3.17009245868275E-16,0.707106781186548));
#3328=DIRECTION('',(-2.22044604925031E-16,-1.,-4.93038065763132E-32));
#3329=DIRECTION('center_axis',(-2.22044604925031E-16,0.,1.));
#3330=DIRECTION('ref_axis',(2.22044604925031E-16,1.,4.93038065763132E-32));
#3331=DIRECTION('',(1.,-2.22044604925031E-16,2.22044604925031E-16));
#3332=DIRECTION('center_axis',(4.42044604925031E-16,1.,9.81536196598201E-32));
#3333=DIRECTION('ref_axis',(2.22044604925031E-16,0.,-1.));
#3334=DIRECTION('center_axis',(2.22044604925031E-16,1.,4.93038065763132E-32));
#3335=DIRECTION('ref_axis',(-2.22044604925031E-16,0.,1.));
#3336=DIRECTION('',(-2.22044604925031E-16,-1.,-4.93038065763132E-32));
#3337=DIRECTION('center_axis',(1.,-2.22044604925031E-16,2.22044604925031E-16));
#3338=DIRECTION('ref_axis',(-2.22044604925031E-16,0.,1.));
#3339=DIRECTION('',(-2.22044604925031E-16,0.,1.));
#3340=DIRECTION('',(-2.22044604925031E-16,0.,1.));
#3341=DIRECTION('',(-2.22044604925031E-16,-1.,-4.93038065763132E-32));
#3342=DIRECTION('',(2.22044604925031E-16,1.,4.93038065763132E-32));
#3343=DIRECTION('center_axis',(-0.707106781186548,1.57009245868377E-16,
0.707106781186547));
#3344=DIRECTION('ref_axis',(-2.22044604925031E-16,-1.,-4.93038065763132E-32));
#3345=DIRECTION('',(0.707106781186547,-3.17009245868275E-16,0.707106781186548));
#3346=DIRECTION('center_axis',(-0.707106781186547,1.57009245868377E-16,
-0.707106781186548));
#3347=DIRECTION('ref_axis',(2.22044604925031E-16,1.,4.93038065763132E-32));
#3348=DIRECTION('center_axis',(2.22044604925031E-16,1.,4.93038065763132E-32));
#3349=DIRECTION('ref_axis',(-2.22044604925031E-16,0.,1.));
#3350=DIRECTION('',(2.27422886113244E-16,0.707106781186865,-0.70710678118623));
#3351=DIRECTION('center_axis',(-2.22044604925031E-16,0.,1.));
#3352=DIRECTION('ref_axis',(1.,-2.22044604925031E-16,2.22044604925031E-16));
#3353=DIRECTION('',(1.,-2.22044604925031E-16,2.22044604925031E-16));
#3354=DIRECTION('',(2.22044604925031E-16,1.,4.93038065763132E-32));
#3355=DIRECTION('center_axis',(-2.22044604925031E-16,-1.,-4.93038065763132E-32));
#3356=DIRECTION('ref_axis',(-2.22044604925031E-16,0.,1.));
#3357=DIRECTION('',(8.65956056233697E-17,-0.707106781186865,-0.70710678118623));
#3358=DIRECTION('center_axis',(1.,-2.22044604925031E-16,2.22044604925031E-16));
#3359=DIRECTION('ref_axis',(2.22044604925031E-16,0.,-1.));
#3360=DIRECTION('',(-2.22044604925031E-16,-1.,-4.93038065763132E-32));
#3361=DIRECTION('',(-2.22044604925031E-16,0.,1.));
#3362=DIRECTION('center_axis',(-2.22044604925031E-16,0.,1.));
#3363=DIRECTION('ref_axis',(-1.,2.22044604925031E-16,-2.22044604925031E-16));
#3364=DIRECTION('',(-2.22044604925031E-16,-1.,-4.93038065763132E-32));
#3365=DIRECTION('',(1.,-2.22044604925031E-16,2.22044604925031E-16));
#3366=DIRECTION('center_axis',(2.22044604925031E-16,0.,-1.));
#3367=DIRECTION('ref_axis',(1.,-2.22044604925031E-16,2.22044604925031E-16));
#3368=DIRECTION('',(2.22044604925031E-16,1.,4.93038065763132E-32));
#3369=DIRECTION('',(-0.707106781186547,0.707106781186548,-1.57009245868377E-16));
#3370=DIRECTION('',(1.,-2.22044604925031E-16,2.22044604925031E-16));
#3371=DIRECTION('',(1.,-2.22044604925031E-16,2.22044604925031E-16));
#3372=DIRECTION('',(-0.707106781186548,-0.707106781186547,-1.57009245868378E-16));
#3373=DIRECTION('center_axis',(2.22044604925031E-16,0.,-1.));
#3374=DIRECTION('ref_axis',(-1.,2.22044604925031E-16,-2.22044604925031E-16));
#3375=DIRECTION('center_axis',(2.22044604925031E-16,0.,-1.));
#3376=DIRECTION('ref_axis',(-1.,2.22044604925031E-16,-2.22044604925031E-16));
#3377=DIRECTION('center_axis',(2.22044604925031E-16,0.,-1.));
#3378=DIRECTION('ref_axis',(-1.,2.22044604925031E-16,-2.22044604925031E-16));
#3379=DIRECTION('center_axis',(-2.22044604925031E-16,-1.,-4.93038065763132E-32));
#3380=DIRECTION('ref_axis',(2.22044604925031E-16,0.,-1.));
#3381=DIRECTION('',(-1.,2.22044604925031E-16,-2.22044604925031E-16));
#3382=DIRECTION('',(2.22044604925031E-16,0.,-1.));
#3383=DIRECTION('',(1.,-2.22044604925031E-16,2.22044604925031E-16));
#3384=DIRECTION('',(2.22044604925031E-16,0.,-1.));
#3385=DIRECTION('center_axis',(-0.707106781186547,0.707106781186548,-1.57009245868377E-16));
#3386=DIRECTION('ref_axis',(2.22044604925031E-16,0.,-1.));
#3387=DIRECTION('',(2.22044604925031E-16,0.,-1.));
#3388=DIRECTION('',(-0.707106781186548,-0.707106781186547,-1.57009245868378E-16));
#3389=DIRECTION('center_axis',(-1.,2.22044604925031E-16,-2.22044604925031E-16));
#3390=DIRECTION('ref_axis',(2.22044604925031E-16,0.,-1.));
#3391=DIRECTION('',(2.22044604925031E-16,1.,4.93038065763132E-32));
#3392=DIRECTION('',(2.22044604925031E-16,0.,-1.));
#3393=DIRECTION('center_axis',(-0.707106781186548,-0.707106781186547,-1.57009245868378E-16));
#3394=DIRECTION('ref_axis',(-2.22044604925031E-16,0.,1.));
#3395=DIRECTION('',(-0.707106781186547,0.707106781186548,-1.57009245868377E-16));
#3396=DIRECTION('',(2.22044604925031E-16,0.,-1.));
#3397=DIRECTION('center_axis',(2.22044604925031E-16,1.,4.93038065763132E-32));
#3398=DIRECTION('ref_axis',(-2.22044604925031E-16,0.,1.));
#3399=DIRECTION('',(-1.,2.22044604925031E-16,-2.22044604925031E-16));
#3400=DIRECTION('',(2.22044604925031E-16,0.,-1.));
#3401=DIRECTION('',(1.,-2.22044604925031E-16,2.22044604925031E-16));
#3402=DIRECTION('center_axis',(4.42044604925031E-16,1.,9.81536196598201E-32));
#3403=DIRECTION('ref_axis',(2.22044604925031E-16,0.,-1.));
#3404=DIRECTION('center_axis',(-4.42044604925031E-16,-1.,-9.81536196598201E-32));
#3405=DIRECTION('ref_axis',(-2.22044604925031E-16,0.,1.));
#3406=DIRECTION('center_axis',(0.554700196224998,-0.832050294337998,1.23168185922617E-16));
#3407=DIRECTION('ref_axis',(0.832050294337998,0.554700196224998,1.84752278884037E-16));
#3408=DIRECTION('',(0.832050294337998,0.554700196224998,1.84752278884037E-16));
#3409=DIRECTION('',(0.832050294337998,0.554700196224998,1.84752278884037E-16));
#3410=DIRECTION('center_axis',(-2.22044604925031E-16,0.,1.));
#3411=DIRECTION('ref_axis',(1.,-2.22044604925031E-16,2.22044604925031E-16));
#3412=DIRECTION('center_axis',(-2.22044604925031E-16,0.,1.));
#3413=DIRECTION('ref_axis',(-1.,2.22044604925031E-16,-2.22044604925031E-16));
#3414=DIRECTION('',(0.832050294337997,-0.554700196224999,1.84752278884037E-16));
#3415=DIRECTION('center_axis',(0.554700196224999,0.832050294337997,1.23168185922617E-16));
#3416=DIRECTION('ref_axis',(-0.832050294337997,0.554700196224999,-1.84752278884037E-16));
#3417=DIRECTION('center_axis',(2.22044604925031E-16,0.,-1.));
#3418=DIRECTION('ref_axis',(-1.,2.22044604925031E-16,-2.22044604925031E-16));
#3419=DIRECTION('',(2.22044604925031E-16,0.,-1.));
#3420=DIRECTION('center_axis',(2.22044604925031E-16,0.,-1.));
#3421=DIRECTION('ref_axis',(-1.,2.22044604925031E-16,-2.22044604925031E-16));
#3422=DIRECTION('center_axis',(2.22044604925031E-16,0.,-1.));
#3423=DIRECTION('ref_axis',(-1.,2.22044604925031E-16,-2.22044604925031E-16));
#3424=DIRECTION('',(2.22044604925031E-16,0.,-1.));
#3425=DIRECTION('center_axis',(2.22044604925031E-16,0.,-1.));
#3426=DIRECTION('ref_axis',(-1.,2.22044604925031E-16,-2.22044604925031E-16));
#3427=DIRECTION('center_axis',(2.22044604925031E-16,0.,-1.));
#3428=DIRECTION('ref_axis',(-1.,2.22044604925031E-16,-2.22044604925031E-16));
#3429=DIRECTION('',(2.22044604925031E-16,0.,-1.));
#3430=DIRECTION('center_axis',(2.22044604925031E-16,0.,-1.));
#3431=DIRECTION('ref_axis',(-1.,2.22044604925031E-16,-2.22044604925031E-16));
#3432=DIRECTION('center_axis',(0.,0.707106781186548,0.707106781186548));
#3433=DIRECTION('ref_axis',(1.,-2.22044604925031E-16,2.22044604925031E-16));
#3434=DIRECTION('',(-0.281084637714927,0.678598344545825,-0.678598344545825));
#3435=DIRECTION('center_axis',(0.49999999999984,-0.49999999999984,-0.707106781186774));
#3436=DIRECTION('ref_axis',(-0.707106781186548,-0.707106781186547,-1.57009245868378E-16));
#3437=DIRECTION('',(-0.678598344545825,0.281084637714928,-0.678598344545825));
#3438=DIRECTION('center_axis',(0.707106781186548,-1.57009245868377E-16,
-0.707106781186547));
#3439=DIRECTION('ref_axis',(2.22044604925031E-16,1.,4.93038065763132E-32));
#3440=DIRECTION('',(0.678598344545825,0.281084637714927,0.678598344545825));
#3441=DIRECTION('center_axis',(-0.49999999999984,-0.49999999999984,0.707106781186774));
#3442=DIRECTION('ref_axis',(0.707106781186547,-0.707106781186548,1.57009245868377E-16));
#3443=DIRECTION('',(-0.281084637714927,-0.678598344545825,-0.678598344545825));
#3444=DIRECTION('center_axis',(-3.14018491736755E-16,-0.707106781186548,
0.707106781186548));
#3445=DIRECTION('ref_axis',(-1.,2.22044604925031E-16,-2.22044604925031E-16));
#3446=DIRECTION('',(-0.209350510052909,0.6914377643507,0.6914377643507));
#3447=DIRECTION('center_axis',(-0.392232270275827,0.588348405414742,-0.70710678118669));
#3448=DIRECTION('ref_axis',(-0.832050294338138,-0.554700196224787,-2.53759691103269E-13));
#3449=DIRECTION('center_axis',(2.22044604925031E-16,0.,-1.));
#3450=DIRECTION('ref_axis',(-1.,2.22044604925031E-16,-2.22044604925031E-16));
#3451=DIRECTION('',(0.707106781186231,-2.43604851491818E-16,-0.707106781186864));
#3452=DIRECTION('center_axis',(2.22044604925031E-16,0.,-1.));
#3453=DIRECTION('ref_axis',(-1.,2.22044604925031E-16,-2.22044604925031E-16));
#3454=DIRECTION('',(0.707106781186231,-2.43604851491818E-16,-0.707106781186864));
#3455=DIRECTION('center_axis',(2.22044604925031E-16,0.,-1.));
#3456=DIRECTION('ref_axis',(-1.,2.22044604925031E-16,-2.22044604925031E-16));
#3457=DIRECTION('',(0.707106781186231,-2.43604851491818E-16,-0.707106781186864));
#3458=CARTESIAN_POINT('',(0.,0.,0.));
#3459=CARTESIAN_POINT('Origin',(-30.,-6.32577291371087,12.7604446224974));
#3460=CARTESIAN_POINT('',(-30.5,1.69177848998271,5.45000000000001));
#3461=CARTESIAN_POINT('',(-30.5,3.57088924499208,3.570889244993));
#3462=CARTESIAN_POINT('',(-30.5,-5.97221952311782,13.1139980130909));
#3463=CARTESIAN_POINT('',(-29.5,2.8637824638055,2.86378246380552));
#3464=CARTESIAN_POINT('',(-30.5,3.57088924499208,3.570889244993));
#3465=CARTESIAN_POINT('',(-29.5,1.27756492760998,4.45000000000001));
#3466=CARTESIAN_POINT('',(-29.5,-6.67932630430392,12.4068912319039));
#3467=CARTESIAN_POINT('',(-29.5,1.27756492760998,4.45000000000001));
#3468=CARTESIAN_POINT('Origin',(-30.,-18.138782463805,4.95000000000001));
#3469=CARTESIAN_POINT('',(-29.5,-1.27756492761002,4.45000000000001));
#3470=CARTESIAN_POINT('',(-29.5,-18.138782463805,4.45000000000001));
#3471=CARTESIAN_POINT('',(-30.5,-1.69177848998275,5.45000000000001));
#3472=CARTESIAN_POINT('',(-29.5,-1.27756492761002,4.45000000000001));
#3473=CARTESIAN_POINT('',(-30.5,-18.138782463805,5.45000000000001));
#3474=CARTESIAN_POINT('Origin',(-30.,-2.51810618865701E-14,7.66053886991358E-15));
#3475=CARTESIAN_POINT('',(-29.5,-4.05000000000003,7.27557921872142E-15));
#3476=CARTESIAN_POINT('',(-30.5,-4.95000000000003,1.));
#3477=CARTESIAN_POINT('Ctrl Pts',(-29.5,-4.05000000000001,-2.53269627492616E-15));
#3478=CARTESIAN_POINT('Ctrl Pts',(-29.9500000000009,-4.50000000000091,0.450000000000891));
#3479=CARTESIAN_POINT('Ctrl Pts',(-30.5000000000022,-4.95000000000183,1.00000000000221));
#3480=CARTESIAN_POINT('',(-30.5,-3.57088924499209,3.57088924499208));
#3481=CARTESIAN_POINT('Origin',(-30.5,-2.50700395841076E-14,7.54951656745107E-15));
#3482=CARTESIAN_POINT('',(-29.5,-2.86378246380602,2.86378246380601));
#3483=CARTESIAN_POINT('',(-30.5,-3.57088924499209,3.57088924499208));
#3484=CARTESIAN_POINT('Origin',(-29.5,-2.52920841890327E-14,7.77156117237609E-15));
#3485=CARTESIAN_POINT('Origin',(-30.,-11.9673358544092,-5.5326641455996));
#3486=CARTESIAN_POINT('',(-29.5,-11.6137824638161,-5.88621753619309));
#3487=CARTESIAN_POINT('',(-30.5,-12.3208892450022,-5.1791107550061));
#3488=CARTESIAN_POINT('Origin',(-30.,-2.51810618865702E-14,7.66053886991358E-15));
#3489=CARTESIAN_POINT('',(-30.5,4.94999999999998,1.));
#3490=CARTESIAN_POINT('',(-29.5,4.04999999999998,7.66053886991358E-15));
#3491=CARTESIAN_POINT('Ctrl Pts',(-30.500000000002,4.95000000000159,1.00000000000197));
#3492=CARTESIAN_POINT('Ctrl Pts',(-29.9500000000008,4.50000000000077,0.450000000000806));
#3493=CARTESIAN_POINT('Ctrl Pts',(-29.5,4.04999999999996,-2.53269627492611E-15));
#3494=CARTESIAN_POINT('Origin',(-29.5,-2.52920841890327E-14,7.77156117237609E-15));
#3495=CARTESIAN_POINT('Origin',(-30.5,-2.50700395841076E-14,7.54951656745107E-15));
#3496=CARTESIAN_POINT('Origin',(-30.5,-35.,0.));
#3497=CARTESIAN_POINT('',(-30.5,-26.3333333333313,1.));
#3498=CARTESIAN_POINT('',(-30.5,-35.,1.));
#3499=CARTESIAN_POINT('',(-30.5,-26.3333333333313,7.5));
#3500=CARTESIAN_POINT('',(-30.5,-26.3333333333313,3.75));
#3501=CARTESIAN_POINT('',(-30.5,-25.,7.5));
#3502=CARTESIAN_POINT('',(-30.5,-35.,7.5));
#3503=CARTESIAN_POINT('',(-30.5,-20.,12.5));
#3504=CARTESIAN_POINT('',(-30.5,-28.125,4.375));
#3505=CARTESIAN_POINT('',(-30.5,-20.,29.5));
#3506=CARTESIAN_POINT('',(-30.5,-20.,8.75));
#3507=CARTESIAN_POINT('',(-30.5,-10.75,29.5));
#3508=CARTESIAN_POINT('',(-30.5,-26.34375,29.5));
#3509=CARTESIAN_POINT('',(-30.5,-10.75,21.5));
#3510=CARTESIAN_POINT('',(-30.5,-10.75,11.25));
#3511=CARTESIAN_POINT('',(-30.5,10.75,21.5));
#3512=CARTESIAN_POINT('',(-30.5,-12.125,21.5));
#3513=CARTESIAN_POINT('',(-30.5,10.75,29.5));
#3514=CARTESIAN_POINT('',(-30.5,10.75,13.75));
#3515=CARTESIAN_POINT('',(-30.5,20.,29.5));
#3516=CARTESIAN_POINT('',(-30.5,-18.65625,29.5));
#3517=CARTESIAN_POINT('',(-30.5,20.,12.5));
#3518=CARTESIAN_POINT('',(-30.5,20.,8.75));
#3519=CARTESIAN_POINT('',(-30.5,25.,7.5));
#3520=CARTESIAN_POINT('',(-30.5,10.625,21.875));
#3521=CARTESIAN_POINT('',(-30.5,26.3333333333313,7.5));
#3522=CARTESIAN_POINT('',(-30.5,-1.11022302462516E-14,7.5));
#3523=CARTESIAN_POINT('',(-30.5,26.3333333333313,1.));
#3524=CARTESIAN_POINT('',(-30.5,26.3333333333313,3.75));
#3525=CARTESIAN_POINT('',(-30.5,-35.,1.));
#3526=CARTESIAN_POINT('',(-30.5,10.75,17.5));
#3527=CARTESIAN_POINT('',(-30.5,10.75,10.5));
#3528=CARTESIAN_POINT('',(-30.5,10.75,9.9882111799395));
#3529=CARTESIAN_POINT('',(-30.5,0.499999999999989,17.5));
#3530=CARTESIAN_POINT('',(-30.5,-12.125,17.5));
#3531=CARTESIAN_POINT('',(-30.5,0.499999999999989,10.5));
#3532=CARTESIAN_POINT('',(-30.5,0.499999999999989,5.75));
#3533=CARTESIAN_POINT('',(-30.5,-12.125,10.5));
#3534=CARTESIAN_POINT('',(-30.5,-0.500000000000012,17.5));
#3535=CARTESIAN_POINT('',(-30.5,-0.500000000000012,10.5));
#3536=CARTESIAN_POINT('',(-30.5,-0.500000000000012,8.25));
#3537=CARTESIAN_POINT('',(-30.5,-10.75,17.5));
#3538=CARTESIAN_POINT('',(-30.5,-12.125,17.5));
#3539=CARTESIAN_POINT('',(-30.5,-10.75,10.5));
#3540=CARTESIAN_POINT('',(-30.5,-10.75,9.9882111799395));
#3541=CARTESIAN_POINT('',(-30.5,-12.125,10.5));
#3542=CARTESIAN_POINT('Origin',(-30.,-35.,0.500000000000003));
#3543=CARTESIAN_POINT('',(-29.5,-25.7981495748378,0.));
#3544=CARTESIAN_POINT('',(-29.5,-35.,0.));
#3545=CARTESIAN_POINT('',(-31.7802348518945,-27.0184942331074,2.2802348518945));
#3546=CARTESIAN_POINT('Origin',(-30.5,-2.52920841890327E-14,7.77156117237609E-15));
#3547=CARTESIAN_POINT('',(-8.88178419700125E-15,-2.86378246380602,2.86378246380601));
#3548=CARTESIAN_POINT('',(-30.5,-2.86378246380602,2.86378246380601));
#3549=CARTESIAN_POINT('',(-8.88178419700125E-15,-4.05000000000003,7.21644966006352E-15));
#3550=CARTESIAN_POINT('Origin',(0.,-2.52920841890327E-14,7.77156117237609E-15));
#3551=CARTESIAN_POINT('',(-30.5,-4.05000000000003,7.27557921872142E-15));
#3552=CARTESIAN_POINT('Origin',(22.,-35.,1.33226762955019E-14));
#3553=CARTESIAN_POINT('',(-4.44089209850063E-15,4.04999999999998,7.7715611723761E-15));
#3554=CARTESIAN_POINT('',(-8.88178419700125E-15,-17.5,8.88178419700125E-15));
#3555=CARTESIAN_POINT('',(-30.5,4.04999999999998,7.66053886991358E-15));
#3556=CARTESIAN_POINT('',(-29.5,25.7981495748398,0.));
#3557=CARTESIAN_POINT('',(-29.5,-35.,0.));
#3558=CARTESIAN_POINT('',(-17.19722436226,34.,4.44089209850063E-15));
#3559=CARTESIAN_POINT('',(-34.94529980377,22.167949705662,0.));
#3560=CARTESIAN_POINT('',(18.585786437627,34.,1.33226762955019E-14));
#3561=CARTESIAN_POINT('',(19.,34.,1.33226762955019E-14));
#3562=CARTESIAN_POINT('',(21.,31.585786437627,1.33226762955019E-14));
#3563=CARTESIAN_POINT('',(21.292893218813,31.292893218813,1.33226762955019E-14));
#3564=CARTESIAN_POINT('',(21.,-31.58578643762,1.33226762955019E-14));
#3565=CARTESIAN_POINT('',(21.,-32.,1.33226762955019E-14));
#3566=CARTESIAN_POINT('',(18.585786437627,-34.,1.33226762955019E-14));
#3567=CARTESIAN_POINT('',(21.292893218813,-31.29289321881,1.33226762955019E-14));
#3568=CARTESIAN_POINT('',(-17.19722436226,-34.,4.44089209850063E-15));
#3569=CARTESIAN_POINT('',(19.,-34.,1.33226762955019E-14));
#3570=CARTESIAN_POINT('',(-34.94529980377,-22.16794970566,0.));
#3571=CARTESIAN_POINT('',(-15.,10.,4.44089209850063E-15));
#3572=CARTESIAN_POINT('Origin',(-12.5,10.,4.44089209850063E-15));
#3573=CARTESIAN_POINT('',(2.,-1.80125181931688E-14,8.88178419700125E-15));
#3574=CARTESIAN_POINT('Origin',(4.5,-1.88737914186277E-14,8.88178419700125E-15));
#3575=CARTESIAN_POINT('',(-15.,-10.,4.44089209850063E-15));
#3576=CARTESIAN_POINT('Origin',(-12.5,-10.,4.44089209850063E-15));
#3577=CARTESIAN_POINT('',(17.5499999999998,27.5,-1.70002900645727E-13));
#3578=CARTESIAN_POINT('Origin',(14.5,27.5,8.88178419700125E-15));
#3579=CARTESIAN_POINT('',(17.5499999999998,-2.21449907866392E-14,-1.69586567011493E-13));
#3580=CARTESIAN_POINT('Origin',(14.5,-2.1094237467878E-14,8.88178419700125E-15));
#3581=CARTESIAN_POINT('',(17.5499999999998,-27.5,-1.70002900645727E-13));
#3582=CARTESIAN_POINT('Origin',(14.5,-27.5,8.88178419700125E-15));
#3583=CARTESIAN_POINT('',(-27.,-10.,0.));
#3584=CARTESIAN_POINT('Origin',(-24.5,-10.,0.));
#3585=CARTESIAN_POINT('',(-3.,-10.,8.88178419700125E-15));
#3586=CARTESIAN_POINT('Origin',(-0.500000000000003,-10.,8.88178419700125E-15));
#3587=CARTESIAN_POINT('',(-3.,10.,8.88178419700125E-15));
#3588=CARTESIAN_POINT('Origin',(-0.499999999999998,10.,8.88178419700125E-15));
#3589=CARTESIAN_POINT('',(-27.,10.,0.));
#3590=CARTESIAN_POINT('Origin',(-24.5,10.,0.));
#3591=CARTESIAN_POINT('Origin',(-30.5,-2.52920841890327E-14,7.77156117237609E-15));
#3592=CARTESIAN_POINT('',(-8.88178419700125E-15,2.8637824638055,2.86378246380552));
#3593=CARTESIAN_POINT('Origin',(0.,-2.52920841890327E-14,7.77156117237609E-15));
#3594=CARTESIAN_POINT('',(-30.5,2.8637824638055,2.86378246380552));
#3595=CARTESIAN_POINT('Origin',(-30.5,1.27756492760998,4.45000000000001));
#3596=CARTESIAN_POINT('',(-8.88178419700125E-15,1.27756492760998,4.45000000000001));
#3597=CARTESIAN_POINT('',(-2.22044604925031E-15,1.63661760082008,4.09094732679036));
#3598=CARTESIAN_POINT('',(-30.5,1.27756492760998,4.45000000000001));
#3599=CARTESIAN_POINT('Origin',(-30.5,-1.27756492761002,4.45000000000001));
#3600=CARTESIAN_POINT('',(-8.88178419700125E-15,-1.27756492761002,4.45000000000001));
#3601=CARTESIAN_POINT('',(0.,-0.638782463805026,4.45000000000001));
#3602=CARTESIAN_POINT('',(-30.5,-1.27756492761002,4.45000000000001));
#3603=CARTESIAN_POINT('Origin',(-30.5,-2.86378246380602,2.86378246380601));
#3604=CARTESIAN_POINT('',(2.22044604925031E-15,-2.42972636891812,3.29783855869336));
#3605=CARTESIAN_POINT('Origin',(-30.,-35.,0.500000000000003));
#3606=CARTESIAN_POINT('',(-23.5877689070055,22.6340195174297,-5.9122310929945));
#3607=CARTESIAN_POINT('Origin',(-24.5,10.,0.250000000000004));
#3608=CARTESIAN_POINT('',(-26.5,10.,0.500000000000003));
#3609=CARTESIAN_POINT('',(-26.75,10.,0.250000000000003));
#3610=CARTESIAN_POINT('',(-22.5,10.,0.500000000000003));
#3611=CARTESIAN_POINT('Origin',(-24.5,10.,0.500000000000003));
#3612=CARTESIAN_POINT('Origin',(-24.5,10.,0.500000000000003));
#3613=CARTESIAN_POINT('Origin',(-24.5,10.,3.));
#3614=CARTESIAN_POINT('',(-22.5,10.,6.00000000000001));
#3615=CARTESIAN_POINT('',(-22.5,10.,3.));
#3616=CARTESIAN_POINT('Origin',(-24.5,10.,6.00000000000001));
#3617=CARTESIAN_POINT('Origin',(-12.5,10.,0.250000000000004));
#3618=CARTESIAN_POINT('',(-14.5,10.,0.500000000000007));
#3619=CARTESIAN_POINT('',(-14.75,10.,0.250000000000003));
#3620=CARTESIAN_POINT('',(-10.5,10.,0.500000000000008));
#3621=CARTESIAN_POINT('Origin',(-12.5,10.,0.500000000000007));
#3622=CARTESIAN_POINT('Origin',(-12.5,10.,0.500000000000007));
#3623=CARTESIAN_POINT('Origin',(-12.5,10.,3.00000000000001));
#3624=CARTESIAN_POINT('',(-10.5,10.,6.00000000000001));
#3625=CARTESIAN_POINT('',(-10.5,10.,3.00000000000001));
#3626=CARTESIAN_POINT('Origin',(-12.5,10.,6.00000000000001));
#3627=CARTESIAN_POINT('Origin',(-0.499999999999998,10.,0.250000000000008));
#3628=CARTESIAN_POINT('',(-2.5,10.,0.500000000000007));
#3629=CARTESIAN_POINT('',(-2.75,10.,0.250000000000007));
#3630=CARTESIAN_POINT('',(1.5,10.,0.500000000000008));
#3631=CARTESIAN_POINT('Origin',(-0.499999999999998,10.,0.500000000000007));
#3632=CARTESIAN_POINT('Origin',(-0.499999999999998,10.,0.500000000000007));
#3633=CARTESIAN_POINT('Origin',(-0.499999999999998,10.,3.00000000000001));
#3634=CARTESIAN_POINT('',(1.5,10.,6.00000000000001));
#3635=CARTESIAN_POINT('',(1.5,10.,3.00000000000001));
#3636=CARTESIAN_POINT('Origin',(-0.499999999999998,10.,6.00000000000001));
#3637=CARTESIAN_POINT('Origin',(4.5,-1.88737914186277E-14,0.250000000000008));
#3638=CARTESIAN_POINT('',(2.5,-1.867463153959E-14,0.500000000000007));
#3639=CARTESIAN_POINT('',(2.25,-1.80986455277382E-14,0.250000000000007));
#3640=CARTESIAN_POINT('',(6.5,-1.90729512686483E-14,0.500000000000008));
#3641=CARTESIAN_POINT('Origin',(4.5,-1.88737914186277E-14,0.500000000000007));
#3642=CARTESIAN_POINT('Origin',(4.5,-1.88737914186277E-14,0.500000000000007));
#3643=CARTESIAN_POINT('Origin',(4.5,-1.88737914186277E-14,3.00000000000001));
#3644=CARTESIAN_POINT('',(6.5,-1.90729512686483E-14,6.00000000000001));
#3645=CARTESIAN_POINT('',(6.5,-1.90729512686483E-14,3.00000000000001));
#3646=CARTESIAN_POINT('Origin',(4.5,-1.88737914186277E-14,6.00000000000001));
#3647=CARTESIAN_POINT('Origin',(-0.500000000000003,-10.,0.250000000000008));
#3648=CARTESIAN_POINT('',(-2.5,-10.,0.500000000000007));
#3649=CARTESIAN_POINT('',(-2.75,-10.,0.250000000000007));
#3650=CARTESIAN_POINT('',(1.5,-10.,0.500000000000008));
#3651=CARTESIAN_POINT('Origin',(-0.500000000000003,-10.,0.500000000000007));
#3652=CARTESIAN_POINT('Origin',(-0.500000000000003,-10.,0.500000000000007));
#3653=CARTESIAN_POINT('Origin',(-0.500000000000003,-10.,3.00000000000001));
#3654=CARTESIAN_POINT('',(1.5,-10.,6.00000000000001));
#3655=CARTESIAN_POINT('',(1.5,-10.,3.00000000000001));
#3656=CARTESIAN_POINT('Origin',(-0.500000000000007,-10.,6.00000000000001));
#3657=CARTESIAN_POINT('Origin',(-12.5,-10.,0.250000000000004));
#3658=CARTESIAN_POINT('',(-14.5,-10.,0.500000000000007));
#3659=CARTESIAN_POINT('',(-14.75,-10.,0.250000000000003));
#3660=CARTESIAN_POINT('',(-10.5,-10.,0.500000000000008));
#3661=CARTESIAN_POINT('Origin',(-12.5,-10.,0.500000000000007));
#3662=CARTESIAN_POINT('Origin',(-12.5,-10.,0.500000000000007));
#3663=CARTESIAN_POINT('Origin',(-12.5,-10.,3.00000000000001));
#3664=CARTESIAN_POINT('',(-10.5,-10.,6.00000000000001));
#3665=CARTESIAN_POINT('',(-10.5,-10.,3.00000000000001));
#3666=CARTESIAN_POINT('Origin',(-12.5,-10.,6.00000000000001));
#3667=CARTESIAN_POINT('Origin',(-24.5,-10.,0.250000000000004));
#3668=CARTESIAN_POINT('',(-26.5,-10.,0.500000000000003));
#3669=CARTESIAN_POINT('',(-26.75,-10.,0.250000000000003));
#3670=CARTESIAN_POINT('',(-22.5,-10.,0.500000000000003));
#3671=CARTESIAN_POINT('Origin',(-24.5,-10.,0.500000000000003));
#3672=CARTESIAN_POINT('Origin',(-24.5,-10.,0.500000000000003));
#3673=CARTESIAN_POINT('Origin',(-24.5,-10.,3.));
#3674=CARTESIAN_POINT('',(-22.5,-10.,6.00000000000001));
#3675=CARTESIAN_POINT('',(-22.5,-10.,3.));
#3676=CARTESIAN_POINT('Origin',(-24.5,-10.,6.00000000000001));
#3677=CARTESIAN_POINT('Origin',(4.5,-1.88737914186277E-14,6.49571001069775));
#3678=CARTESIAN_POINT('',(6.15,-1.90380982948946E-14,6.00000000000001));
#3679=CARTESIAN_POINT('Origin',(4.5,-1.88737914186277E-14,6.00000000000001));
#3680=CARTESIAN_POINT('',(4.5,-1.88737914186277E-14,6.99142002139548));
#3681=CARTESIAN_POINT('',(5.325,-1.89559448567612E-14,6.49571001069775));
#3682=CARTESIAN_POINT('Origin',(4.5,-1.88737914186277E-14,6.00000000000001));
#3683=CARTESIAN_POINT('Origin',(-24.5,10.,9.49571001069774));
#3684=CARTESIAN_POINT('',(-22.85,10.,9.00000000000001));
#3685=CARTESIAN_POINT('Origin',(-24.5,10.,9.));
#3686=CARTESIAN_POINT('',(-24.5,10.,9.99142002139548));
#3687=CARTESIAN_POINT('',(-23.675,10.,9.49571001069774));
#3688=CARTESIAN_POINT('Origin',(-24.5,10.,6.00000000000001));
#3689=CARTESIAN_POINT('',(-22.85,10.,6.00000000000001));
#3690=CARTESIAN_POINT('Origin',(-24.5,10.,6.00000000000001));
#3691=CARTESIAN_POINT('Origin',(-24.5,10.,4.5));
#3692=CARTESIAN_POINT('',(-22.85,10.,4.5));
#3693=CARTESIAN_POINT('Origin',(-12.5,-10.,9.49571001069774));
#3694=CARTESIAN_POINT('',(-10.85,-10.,9.00000000000001));
#3695=CARTESIAN_POINT('Origin',(-12.5,-10.,9.));
#3696=CARTESIAN_POINT('',(-12.5,-10.,9.99142002139548));
#3697=CARTESIAN_POINT('',(-11.675,-10.,9.49571001069774));
#3698=CARTESIAN_POINT('Origin',(-12.5,-10.,6.00000000000001));
#3699=CARTESIAN_POINT('',(-10.85,-10.,6.00000000000001));
#3700=CARTESIAN_POINT('Origin',(-12.5,-10.,6.00000000000001));
#3701=CARTESIAN_POINT('Origin',(-12.5,-10.,4.50000000000001));
#3702=CARTESIAN_POINT('',(-10.85,-10.,4.50000000000001));
#3703=CARTESIAN_POINT('Origin',(-0.499999999999998,10.,9.49571001069775));
#3704=CARTESIAN_POINT('',(1.15,10.,9.00000000000001));
#3705=CARTESIAN_POINT('Origin',(-0.499999999999998,10.,9.00000000000001));
#3706=CARTESIAN_POINT('',(-0.499999999999998,10.,9.99142002139548));
#3707=CARTESIAN_POINT('',(0.325000000000002,10.,9.49571001069775));
#3708=CARTESIAN_POINT('Origin',(-0.499999999999998,10.,6.00000000000001));
#3709=CARTESIAN_POINT('',(1.15,10.,6.00000000000001));
#3710=CARTESIAN_POINT('Origin',(-0.499999999999998,10.,6.00000000000001));
#3711=CARTESIAN_POINT('Origin',(-0.499999999999998,10.,4.50000000000001));
#3712=CARTESIAN_POINT('',(1.15,10.,4.50000000000001));
#3713=CARTESIAN_POINT('Origin',(-0.500000000000007,-10.,9.49571001069775));
#3714=CARTESIAN_POINT('',(1.14999999999999,-10.,9.00000000000001));
#3715=CARTESIAN_POINT('Origin',(-0.500000000000007,-10.,9.00000000000001));
#3716=CARTESIAN_POINT('',(-0.500000000000007,-10.,9.99142002139548));
#3717=CARTESIAN_POINT('',(0.324999999999993,-10.,9.49571001069775));
#3718=CARTESIAN_POINT('Origin',(-0.500000000000007,-10.,6.00000000000001));
#3719=CARTESIAN_POINT('',(1.15,-10.,6.00000000000001));
#3720=CARTESIAN_POINT('Origin',(-0.500000000000007,-10.,6.00000000000001));
#3721=CARTESIAN_POINT('Origin',(-0.500000000000007,-10.,4.50000000000001));
#3722=CARTESIAN_POINT('',(1.14999999999999,-10.,4.50000000000001));
#3723=CARTESIAN_POINT('Origin',(-24.5,-10.,9.49571001069774));
#3724=CARTESIAN_POINT('',(-22.85,-10.,9.00000000000001));
#3725=CARTESIAN_POINT('Origin',(-24.5,-10.,9.));
#3726=CARTESIAN_POINT('',(-24.5,-10.,9.99142002139548));
#3727=CARTESIAN_POINT('',(-23.675,-10.,9.49571001069774));
#3728=CARTESIAN_POINT('Origin',(-24.5,-10.,6.00000000000001));
#3729=CARTESIAN_POINT('',(-22.85,-10.,6.00000000000001));
#3730=CARTESIAN_POINT('Origin',(-24.5,-10.,6.00000000000001));
#3731=CARTESIAN_POINT('Origin',(-24.5,-10.,4.5));
#3732=CARTESIAN_POINT('',(-22.85,-10.,4.5));
#3733=CARTESIAN_POINT('Origin',(-12.5,10.,9.49571001069774));
#3734=CARTESIAN_POINT('',(-10.85,10.,9.00000000000001));
#3735=CARTESIAN_POINT('Origin',(-12.5,10.,9.));
#3736=CARTESIAN_POINT('',(-12.5,10.,9.99142002139548));
#3737=CARTESIAN_POINT('',(-11.675,10.,9.49571001069774));
#3738=CARTESIAN_POINT('Origin',(-12.5,10.,6.00000000000001));
#3739=CARTESIAN_POINT('',(-10.85,10.,6.00000000000001));
#3740=CARTESIAN_POINT('Origin',(-12.5,10.,6.00000000000001));
#3741=CARTESIAN_POINT('Origin',(-12.5,10.,4.50000000000001));
#3742=CARTESIAN_POINT('',(-10.85,10.,4.50000000000001));
#3743=CARTESIAN_POINT('Origin',(0.,-2.54845906838362E-14,1.736224379548));
#3744=CARTESIAN_POINT('Origin',(-10.3763589561019,-10.,17.8140934359336));
#3745=CARTESIAN_POINT('',(4.49999999999999,-9.25000000000002,27.5));
#3746=CARTESIAN_POINT('',(1.91625000000013,-10.75,27.5));
#3747=CARTESIAN_POINT('',(-4.40785260622402,-14.4214674056456,27.5));
#3748=CARTESIAN_POINT('',(-8.95263011582111,-9.25000000000001,17.9081068692889));
#3749=CARTESIAN_POINT('',(-9.9409453131411,-9.25000000000001,17.203425801681));
#3750=CARTESIAN_POINT('',(-9.82345740174279,-10.75,19.129442137794));
#3751=CARTESIAN_POINT('',(-8.95263011582111,-9.25000000000001,17.9081068692889));
#3752=CARTESIAN_POINT('',(-10.8117725990628,-10.75,18.4247610701861));
#3753=CARTESIAN_POINT('Origin',(-20.5,-10.,19.5));
#3754=CARTESIAN_POINT('',(-20.5,-9.25000000000001,11.5));
#3755=CARTESIAN_POINT('',(-20.5,-10.75,13.));
#3756=CARTESIAN_POINT('',(-20.5,-9.25000000000001,11.5));
#3757=CARTESIAN_POINT('',(-16.7264150943354,-10.75,14.2075471698143));
#3758=CARTESIAN_POINT('Origin',(-20.5,-10.75,19.5));
#3759=CARTESIAN_POINT('',(-15.85558780841,-9.25000000000001,12.986211901306));
#3760=CARTESIAN_POINT('',(-16.7264150943354,-10.75,14.2075471698143));
#3761=CARTESIAN_POINT('Origin',(-20.5,-9.25000000000001,19.5));
#3762=CARTESIAN_POINT('Origin',(-28.,-10.,12.25));
#3763=CARTESIAN_POINT('',(-29.5,-9.25000000000001,11.5));
#3764=CARTESIAN_POINT('',(-28.,-10.75,13.));
#3765=CARTESIAN_POINT('',(-28.6875,-10.0625,12.3125));
#3766=CARTESIAN_POINT('',(-28.,-10.75,13.));
#3767=CARTESIAN_POINT('',(-28.,-9.25000000000001,11.5));
#3768=CARTESIAN_POINT('Ctrl Pts',(-9.82345740174279,-10.75,19.129442137794));
#3769=CARTESIAN_POINT('Ctrl Pts',(-12.1244432992732,-10.75,17.4888104818007));
#3770=CARTESIAN_POINT('Ctrl Pts',(-14.4254291968035,-10.75,15.8481788258074));
#3771=CARTESIAN_POINT('Ctrl Pts',(-16.7264150943339,-10.75,14.2075471698142));
#3772=CARTESIAN_POINT('Ctrl Pts',(-9.5331816397689,-10.25,18.7223303816256));
#3773=CARTESIAN_POINT('Ctrl Pts',(-11.8341675372993,-10.25,17.0816987256324));
#3774=CARTESIAN_POINT('Ctrl Pts',(-14.1351534348296,-10.25,15.4410670696391));
#3775=CARTESIAN_POINT('Ctrl Pts',(-16.43613933236,-10.25,13.8004354136458));
#3776=CARTESIAN_POINT('Ctrl Pts',(-9.242905877795,-9.75000000000002,18.3152186254573));
#3777=CARTESIAN_POINT('Ctrl Pts',(-11.5438917753254,-9.75000000000002,16.674586969464));
#3778=CARTESIAN_POINT('Ctrl Pts',(-13.8448776728557,-9.75000000000002,15.0339553134707));
#3779=CARTESIAN_POINT('Ctrl Pts',(-16.1458635703861,-9.75000000000002,13.3933236574775));
#3780=CARTESIAN_POINT('Ctrl Pts',(-8.95263011582111,-9.25000000000002,17.9081068692889));
#3781=CARTESIAN_POINT('Ctrl Pts',(-11.2536160133515,-9.25000000000002,16.2674752132957));
#3782=CARTESIAN_POINT('Ctrl Pts',(-13.5546019108819,-9.25000000000001,14.6268435573024));
#3783=CARTESIAN_POINT('Ctrl Pts',(-15.8555878084122,-9.25000000000001,12.9862119013091));
#3784=CARTESIAN_POINT('',(-15.85558780841,-10.75,14.8284578906156));
#3785=CARTESIAN_POINT('Ctrl Pts',(-16.7264150943339,-10.75,14.2075471698142));
#3786=CARTESIAN_POINT('Ctrl Pts',(-16.4361393323593,-10.75,14.4145174100813));
#3787=CARTESIAN_POINT('Ctrl Pts',(-16.1458635703846,-10.75,14.6214876503484));
#3788=CARTESIAN_POINT('Ctrl Pts',(-15.85558780841,-10.75,14.8284578906156));
#3789=CARTESIAN_POINT('Ctrl Pts',(-15.85558780841,-10.75,14.8284578906156));
#3790=CARTESIAN_POINT('Ctrl Pts',(-13.8448776728543,-10.75,16.2621193063417));
#3791=CARTESIAN_POINT('Ctrl Pts',(-11.8341675372985,-10.75,17.6957807220679));
#3792=CARTESIAN_POINT('Ctrl Pts',(-9.82345740174279,-10.75,19.129442137794));
#3793=CARTESIAN_POINT('Ctrl Pts',(-8.95263011582111,-9.25000000000002,17.9081068692889));
#3794=CARTESIAN_POINT('Ctrl Pts',(-11.2536160133515,-9.25000000000002,16.2674752132957));
#3795=CARTESIAN_POINT('Ctrl Pts',(-13.5546019108819,-9.25000000000001,14.6268435573024));
#3796=CARTESIAN_POINT('Ctrl Pts',(-15.8555878084122,-9.25000000000001,12.9862119013091));
#3797=CARTESIAN_POINT('Origin',(-35.5,-10.75,22.5));
#3798=CARTESIAN_POINT('',(-1.88107064722201,-10.75,27.5));
#3799=CARTESIAN_POINT('',(-14.69666715374,-10.75,13.993519465614));
#3800=CARTESIAN_POINT('',(-15.85558780841,-10.75,27.5));
#3801=CARTESIAN_POINT('Origin',(-35.5,-10.75,22.5));
#3802=CARTESIAN_POINT('',(-15.85558780841,-10.75,27.5));
#3803=CARTESIAN_POINT('',(-15.85558780841,-10.75,12.986211901306));
#3804=CARTESIAN_POINT('',(-28.5,-10.75,12.5));
#3805=CARTESIAN_POINT('',(-29.5,-10.75,16.5));
#3806=CARTESIAN_POINT('',(-32.75,-10.75,19.75));
#3807=CARTESIAN_POINT('',(-28.91619848709,-10.75,16.5));
#3808=CARTESIAN_POINT('',(-35.5,-10.75,16.5));
#3809=CARTESIAN_POINT('',(-27.91619848709,-10.75,17.5));
#3810=CARTESIAN_POINT('',(-25.58470063479,-10.75,19.831497852303));
#3811=CARTESIAN_POINT('',(-27.91619848709,-10.75,21.5));
#3812=CARTESIAN_POINT('',(-27.91619848709,-10.75,16.5));
#3813=CARTESIAN_POINT('',(-27.91619848709,-10.75,27.5));
#3814=CARTESIAN_POINT('',(-27.91619848709,-10.75,16.5));
#3815=CARTESIAN_POINT('',(-28.91619848709,-10.75,22.5));
#3816=CARTESIAN_POINT('',(-30.31214886532,-10.75,23.895950378226));
#3817=CARTESIAN_POINT('',(-29.5,-10.75,22.5));
#3818=CARTESIAN_POINT('',(-35.5,-10.75,22.5));
#3819=CARTESIAN_POINT('',(-31.25,-10.75,20.75));
#3820=CARTESIAN_POINT('',(-29.5100505063388,-10.75,30.3585786437627));
#3821=CARTESIAN_POINT('',(-33.4117009357884,-10.75,26.9746951672795));
#3822=CARTESIAN_POINT('',(-9.50000000000001,-10.75,27.5));
#3823=CARTESIAN_POINT('',(-27.14,-10.75,30.02));
#3824=CARTESIAN_POINT('',(-27.91619848709,-10.75,27.5));
#3825=CARTESIAN_POINT('',(-20.5,-10.75,16.15));
#3826=CARTESIAN_POINT('Origin',(-20.5,-10.75,19.5));
#3827=CARTESIAN_POINT('Origin',(-9.1946122037991,9.99999999999998,18.656693615829));
#3828=CARTESIAN_POINT('',(4.49999999999999,9.24999999999998,27.5));
#3829=CARTESIAN_POINT('',(1.91624999999935,10.75,27.5));
#3830=CARTESIAN_POINT('',(-3.96592615350108,14.1649063300429,27.5));
#3831=CARTESIAN_POINT('',(-9.82345740174444,10.75,19.1294421377934));
#3832=CARTESIAN_POINT('',(-9.63002584676007,10.75,19.2673612500817));
#3833=CARTESIAN_POINT('',(-8.9526301158225,9.24999999999998,17.908106869288));
#3834=CARTESIAN_POINT('',(-9.82345740174444,10.75,19.1294421377934));
#3835=CARTESIAN_POINT('',(-8.75919856083812,9.24999999999998,18.0460259815763));
#3836=CARTESIAN_POINT('Origin',(-20.5,9.99999999999999,19.5));
#3837=CARTESIAN_POINT('',(-20.5,10.75,13.));
#3838=CARTESIAN_POINT('',(-20.5,9.24999999999999,11.5));
#3839=CARTESIAN_POINT('',(-20.5,10.75,13.));
#3840=CARTESIAN_POINT('',(-15.85558780841,9.24999999999999,12.986211901306));
#3841=CARTESIAN_POINT('Origin',(-20.5,9.24999999999999,19.5));
#3842=CARTESIAN_POINT('',(-16.7264150943354,10.75,14.2075471698143));
#3843=CARTESIAN_POINT('',(-15.85558780841,9.24999999999999,12.986211901306));
#3844=CARTESIAN_POINT('Origin',(-20.5,10.75,19.5));
#3845=CARTESIAN_POINT('Origin',(-28.,9.99999999999999,12.25));
#3846=CARTESIAN_POINT('',(-28.,10.75,13.));
#3847=CARTESIAN_POINT('',(-29.5,9.24999999999999,11.5));
#3848=CARTESIAN_POINT('',(-32.7291666666667,6.02083333333332,8.27083333333333));
#3849=CARTESIAN_POINT('',(-28.,9.24999999999999,11.5));
#3850=CARTESIAN_POINT('',(-28.,10.75,13.));
#3851=CARTESIAN_POINT('Ctrl Pts',(-8.9526301158225,9.24999999999998,17.908106869288));
#3852=CARTESIAN_POINT('Ctrl Pts',(-11.2536160133527,9.24999999999998,16.2674752132948));
#3853=CARTESIAN_POINT('Ctrl Pts',(-13.5546019108829,9.24999999999999,14.6268435573016));
#3854=CARTESIAN_POINT('Ctrl Pts',(-15.8555878084131,9.24999999999999,12.9862119013085));
#3855=CARTESIAN_POINT('Ctrl Pts',(-9.24290587779648,9.74999999999998,18.3152186254564));
#3856=CARTESIAN_POINT('Ctrl Pts',(-11.5438917753267,9.74999999999998,16.6745869694633));
#3857=CARTESIAN_POINT('Ctrl Pts',(-13.8448776728569,9.74999999999998,15.0339553134701));
#3858=CARTESIAN_POINT('Ctrl Pts',(-16.1458635703871,9.74999999999998,13.3933236574769));
#3859=CARTESIAN_POINT('Ctrl Pts',(-9.53318163977047,10.25,18.7223303816249));
#3860=CARTESIAN_POINT('Ctrl Pts',(-11.8341675373007,10.25,17.0816987256317));
#3861=CARTESIAN_POINT('Ctrl Pts',(-14.1351534348309,10.25,15.4410670696386));
#3862=CARTESIAN_POINT('Ctrl Pts',(-16.4361393323611,10.25,13.8004354136454));
#3863=CARTESIAN_POINT('Ctrl Pts',(-9.82345740174445,10.75,19.1294421377934));
#3864=CARTESIAN_POINT('Ctrl Pts',(-12.1244432992747,10.75,17.4888104818002));
#3865=CARTESIAN_POINT('Ctrl Pts',(-14.4254291968049,10.75,15.848178825807));
#3866=CARTESIAN_POINT('Ctrl Pts',(-16.7264150943351,10.75,14.2075471698139));
#3867=CARTESIAN_POINT('Ctrl Pts',(-15.8555878084131,9.24999999999999,12.9862119013085));
#3868=CARTESIAN_POINT('Ctrl Pts',(-13.5546019108829,9.24999999999999,14.6268435573016));
#3869=CARTESIAN_POINT('Ctrl Pts',(-11.2536160133527,9.24999999999998,16.2674752132948));
#3870=CARTESIAN_POINT('Ctrl Pts',(-8.9526301158225,9.24999999999998,17.908106869288));
#3871=CARTESIAN_POINT('',(-15.85558780841,10.75,14.8284578906161));
#3872=CARTESIAN_POINT('Ctrl Pts',(-9.82345740174445,10.75,19.1294421377934));
#3873=CARTESIAN_POINT('Ctrl Pts',(-11.8341675372996,10.75,17.6957807220676));
#3874=CARTESIAN_POINT('Ctrl Pts',(-13.8448776728548,10.75,16.2621193063419));
#3875=CARTESIAN_POINT('Ctrl Pts',(-15.85558780841,10.75,14.8284578906161));
#3876=CARTESIAN_POINT('Ctrl Pts',(-15.85558780841,10.75,14.8284578906161));
#3877=CARTESIAN_POINT('Ctrl Pts',(-16.145863570385,10.75,14.6214876503487));
#3878=CARTESIAN_POINT('Ctrl Pts',(-16.4361393323601,10.75,14.4145174100813));
#3879=CARTESIAN_POINT('Ctrl Pts',(-16.7264150943351,10.75,14.2075471698139));
#3880=CARTESIAN_POINT('Origin',(-20.5,10.75,19.5));
#3881=CARTESIAN_POINT('',(-15.85558780841,-10.75,12.986211901306));
#3882=CARTESIAN_POINT('',(-20.5,10.75,11.5));
#3883=CARTESIAN_POINT('Origin',(-20.5,10.75,11.5));
#3884=CARTESIAN_POINT('',(-29.5,0.499999999999987,11.5));
#3885=CARTESIAN_POINT('',(-29.5,-12.125,11.5));
#3886=CARTESIAN_POINT('',(-27.91619848709,0.499999999999988,11.5));
#3887=CARTESIAN_POINT('',(-35.5,0.49999999999999,11.5));
#3888=CARTESIAN_POINT('',(-27.91619848709,-0.500000000000012,11.5));
#3889=CARTESIAN_POINT('',(-27.91619848709,5.12499999999999,11.5));
#3890=CARTESIAN_POINT('',(-29.5,-0.500000000000013,11.5));
#3891=CARTESIAN_POINT('',(-35.5,-0.50000000000001,11.5));
#3892=CARTESIAN_POINT('',(-29.5,-12.125,11.5));
#3893=CARTESIAN_POINT('Origin',(-35.5,10.75,27.5));
#3894=CARTESIAN_POINT('',(-27.25,10.75,13.75));
#3895=CARTESIAN_POINT('',(-15.85558780841,10.75,27.5));
#3896=CARTESIAN_POINT('',(-15.85558780841,10.75,16.481317130593));
#3897=CARTESIAN_POINT('',(-1.88107064722201,10.75,27.5));
#3898=CARTESIAN_POINT('Ctrl Pts',(-9.82345740174444,10.75,19.1294421377934));
#3899=CARTESIAN_POINT('Ctrl Pts',(-7.17599515023678,10.75,21.9196280918621));
#3900=CARTESIAN_POINT('Ctrl Pts',(-4.5285328987297,10.75,24.7098140459313));
#3901=CARTESIAN_POINT('Ctrl Pts',(-1.88107064722261,10.75,27.5000000000006));
#3902=CARTESIAN_POINT('',(-9.50000000000001,10.75,27.5));
#3903=CARTESIAN_POINT('',(-27.91619848709,10.75,27.5));
#3904=CARTESIAN_POINT('',(-29.5100505063388,10.75,30.3585786437627));
#3905=CARTESIAN_POINT('',(-27.49,10.75,30.07));
#3906=CARTESIAN_POINT('',(-32.1742640687119,10.75,28.0479184719829));
#3907=CARTESIAN_POINT('',(-29.5,10.75,22.5));
#3908=CARTESIAN_POINT('',(-30.,10.75,22.));
#3909=CARTESIAN_POINT('',(-28.91619848709,10.75,22.5));
#3910=CARTESIAN_POINT('',(-35.5,10.75,22.5));
#3911=CARTESIAN_POINT('',(-27.91619848709,10.75,21.5));
#3912=CARTESIAN_POINT('',(-31.56214886532,10.75,25.145950378226));
#3913=CARTESIAN_POINT('',(-27.91619848709,10.75,27.5));
#3914=CARTESIAN_POINT('',(-27.91619848709,10.75,16.5));
#3915=CARTESIAN_POINT('',(-27.91619848709,10.75,17.5));
#3916=CARTESIAN_POINT('',(-27.91619848709,10.75,16.5));
#3917=CARTESIAN_POINT('',(-28.91619848709,10.75,16.5));
#3918=CARTESIAN_POINT('',(-25.58470063479,10.75,19.831497852303));
#3919=CARTESIAN_POINT('',(-29.5,10.75,16.5));
#3920=CARTESIAN_POINT('',(-35.5,10.75,16.5));
#3921=CARTESIAN_POINT('',(-34.,10.75,21.));
#3922=CARTESIAN_POINT('',(-20.5,10.75,16.15));
#3923=CARTESIAN_POINT('Origin',(-20.5,10.75,19.5));
#3924=CARTESIAN_POINT('Origin',(-25.5,-22.5,10.));
#3925=CARTESIAN_POINT('',(-10.5,-25.,7.5));
#3926=CARTESIAN_POINT('',(-25.5,-25.,7.5));
#3927=CARTESIAN_POINT('',(-9.50000000000001,-25.,7.5));
#3928=CARTESIAN_POINT('',(-25.5,-25.,7.5));
#3929=CARTESIAN_POINT('',(-9.50000000000001,-20.,12.5));
#3930=CARTESIAN_POINT('',(-9.50000000000001,-22.5,10.));
#3931=CARTESIAN_POINT('',(-10.5,-20.,12.5));
#3932=CARTESIAN_POINT('',(-25.5,-20.,12.5));
#3933=CARTESIAN_POINT('',(-25.5,-20.,12.5));
#3934=CARTESIAN_POINT('Origin',(-15.5,-20.,17.5));
#3935=CARTESIAN_POINT('',(-10.5,-20.,27.5));
#3936=CARTESIAN_POINT('',(-10.5,-20.,7.5));
#3937=CARTESIAN_POINT('',(-9.50000000000001,-20.,27.5));
#3938=CARTESIAN_POINT('',(-9.50000000000001,-20.,7.5));
#3939=CARTESIAN_POINT('',(-29.5100505063388,-20.,30.3585786437627));
#3940=CARTESIAN_POINT('',(-16.99,-20.,28.57));
#3941=CARTESIAN_POINT('',(-28.9420310216783,-20.,30.851219330882));
#3942=CARTESIAN_POINT('',(-20.5,-20.0000000000002,15.8500000000002));
#3943=CARTESIAN_POINT('Origin',(-20.5,-20.,19.5));
#3944=CARTESIAN_POINT('Origin',(-25.5,22.5,10.));
#3945=CARTESIAN_POINT('',(-10.5,20.,12.5));
#3946=CARTESIAN_POINT('',(-25.5,20.,12.5));
#3947=CARTESIAN_POINT('',(-9.5,20.,12.5));
#3948=CARTESIAN_POINT('',(-25.5,20.,12.5));
#3949=CARTESIAN_POINT('',(-9.5,25.,7.5));
#3950=CARTESIAN_POINT('',(-9.5,22.5,10.));
#3951=CARTESIAN_POINT('',(-10.5,25.,7.5));
#3952=CARTESIAN_POINT('',(-25.5,25.,7.5));
#3953=CARTESIAN_POINT('',(-25.5,25.,7.5));
#3954=CARTESIAN_POINT('Origin',(-9.5,20.,7.5));
#3955=CARTESIAN_POINT('',(-9.5,20.,27.5));
#3956=CARTESIAN_POINT('',(-9.5,20.,7.5));
#3957=CARTESIAN_POINT('',(-9.5,27.5,27.5));
#3958=CARTESIAN_POINT('',(-9.5,20.,27.5));
#3959=CARTESIAN_POINT('',(-9.5,35.,20.));
#3960=CARTESIAN_POINT('Origin',(-9.5,27.5,20.));
#3961=CARTESIAN_POINT('',(-9.5,35.,7.5));
#3962=CARTESIAN_POINT('',(-9.5,35.,7.5));
#3963=CARTESIAN_POINT('',(-9.5,20.,7.5));
#3964=CARTESIAN_POINT('',(-9.5,27.5,14.85));
#3965=CARTESIAN_POINT('Origin',(-9.5,27.5,17.5));
#3966=CARTESIAN_POINT('Origin',(-15.5,20.,17.5));
#3967=CARTESIAN_POINT('',(-10.5,20.,27.5));
#3968=CARTESIAN_POINT('',(-10.5,20.,7.5));
#3969=CARTESIAN_POINT('',(-29.5100505063388,20.,30.3585786437627));
#3970=CARTESIAN_POINT('',(-28.9420310216783,20.,30.851219330882));
#3971=CARTESIAN_POINT('',(-16.99,20.,28.57));
#3972=CARTESIAN_POINT('',(-20.5,20.0000000000002,15.8500000000002));
#3973=CARTESIAN_POINT('Origin',(-20.5,20.,19.5));
#3974=CARTESIAN_POINT('Origin',(-35.22264990188,-22.58397485283,0.499999999999998));
#3975=CARTESIAN_POINT('',(-17.5,-35.,1.00000000000001));
#3976=CARTESIAN_POINT('',(-16.08132442599,-30.31443287631,-3.68556712368));
#3977=CARTESIAN_POINT('',(-35.5,-23.,1.));
#3978=CARTESIAN_POINT('Origin',(-30.,-12.125,11.));
#3979=CARTESIAN_POINT('',(-31.25,0.499999999999988,9.75));
#3980=CARTESIAN_POINT('Origin',(-30.,-12.125,11.));
#3981=CARTESIAN_POINT('',(-30.,-0.500000000000013,11.));
#3982=CARTESIAN_POINT('Origin',(-30.,-12.125,17.));
#3983=CARTESIAN_POINT('',(-29.5,-0.500000000000013,16.5));
#3984=CARTESIAN_POINT('',(-31.25,-0.500000000000011,18.25));
#3985=CARTESIAN_POINT('',(-29.5,-12.125,16.5));
#3986=CARTESIAN_POINT('Origin',(-35.5,10.75,16.5));
#3987=CARTESIAN_POINT('',(-28.91619848709,-0.500000000000011,16.5));
#3988=CARTESIAN_POINT('',(-35.5,-0.50000000000001,16.5));
#3989=CARTESIAN_POINT('',(-28.91619848709,-0.500000000000011,16.5));
#3990=CARTESIAN_POINT('Origin',(-30.,-12.125,17.));
#3991=CARTESIAN_POINT('',(-29.5,0.499999999999987,16.5));
#3992=CARTESIAN_POINT('',(-29.5,-12.125,16.5));
#3993=CARTESIAN_POINT('',(-30.,0.499999999999989,17.));
#3994=CARTESIAN_POINT('Origin',(-35.5,10.75,16.5));
#3995=CARTESIAN_POINT('',(-28.91619848709,0.499999999999989,16.5));
#3996=CARTESIAN_POINT('',(-28.91619848709,10.75,16.5));
#3997=CARTESIAN_POINT('',(-35.5,0.49999999999999,16.5));
#3998=CARTESIAN_POINT('Origin',(-30.,-12.125,22.));
#3999=CARTESIAN_POINT('',(-29.5,-12.125,22.5));
#4000=CARTESIAN_POINT('Origin',(-35.5,10.75,22.5));
#4001=CARTESIAN_POINT('',(-28.91619848709,-10.75,22.5));
#4002=CARTESIAN_POINT('Origin',(-30.0050252531694,-26.34375,29.9292893218813));
#4003=CARTESIAN_POINT('',(-29.5100505063388,-26.34375,30.3585786437627));
#4004=CARTESIAN_POINT('Origin',(-20.,-17.6875,29.));
#4005=CARTESIAN_POINT('',(-9.50000000000001,-10.,27.5));
#4006=CARTESIAN_POINT('Origin',(-30.0050252531694,-18.65625,29.9292893218813));
#4007=CARTESIAN_POINT('',(-29.5100505063388,-18.65625,30.3585786437627));
#4008=CARTESIAN_POINT('Origin',(-20.,-2.31250000000001,29.));
#4009=CARTESIAN_POINT('',(-9.5,5.37499999999998,27.5));
#4010=CARTESIAN_POINT('Origin',(-20.5,20.,19.5));
#4011=CARTESIAN_POINT('',(-20.5,9.89999999999999,18.));
#4012=CARTESIAN_POINT('Origin',(-20.5,9.89999999999999,19.5));
#4013=CARTESIAN_POINT('',(-20.5,17.,18.));
#4014=CARTESIAN_POINT('',(-20.5,20.,18.));
#4015=CARTESIAN_POINT('Origin',(-20.5,17.,19.5));
#4016=CARTESIAN_POINT('Origin',(-20.5,20.,19.5));
#4017=CARTESIAN_POINT('',(-20.5,-17.,18.));
#4018=CARTESIAN_POINT('Origin',(-20.5,-17.,19.5));
#4019=CARTESIAN_POINT('',(-20.5,-9.90000000000002,18.));
#4020=CARTESIAN_POINT('',(-20.5,20.,18.));
#4021=CARTESIAN_POINT('Origin',(-20.5,-9.90000000000001,19.5));
#4022=CARTESIAN_POINT('Origin',(5.005,22.5,15.095));
#4023=CARTESIAN_POINT('',(4.51,22.5,14.6));
#4024=CARTESIAN_POINT('',(5.5,22.5,15.59));
#4025=CARTESIAN_POINT('',(6.205,22.5,16.295));
#4026=CARTESIAN_POINT('',(5.49999999999999,-22.5,15.59));
#4027=CARTESIAN_POINT('',(5.5,22.5,15.59));
#4028=CARTESIAN_POINT('',(4.50999999999998,-22.5,14.6));
#4029=CARTESIAN_POINT('',(4.75499999999999,-22.5,14.845));
#4030=CARTESIAN_POINT('',(4.51,22.5,14.6));
#4031=CARTESIAN_POINT('Origin',(5.49999999999999,-2.0775835996295E-14,17.5));
#4032=CARTESIAN_POINT('',(5.5,22.5,20.4));
#4033=CARTESIAN_POINT('',(5.5,22.5,20.4));
#4034=CARTESIAN_POINT('',(5.49999999999999,-22.5,20.4));
#4035=CARTESIAN_POINT('',(5.49999999999999,-22.5,20.4));
#4036=CARTESIAN_POINT('',(5.49999999999999,-22.5,14.6));
#4037=CARTESIAN_POINT('Origin',(-20.5,-9.90000000000001,19.5));
#4038=CARTESIAN_POINT('',(-20.5,-9.89999999999964,16.9899999999996));
#4039=CARTESIAN_POINT('Origin',(-20.5,-9.90000000000001,19.5));
#4040=CARTESIAN_POINT('Origin',(-20.5,9.89999999999999,19.5));
#4041=CARTESIAN_POINT('',(-20.5,9.89999999999961,16.9899999999996));
#4042=CARTESIAN_POINT('Origin',(-20.5,9.89999999999999,19.5));
#4043=CARTESIAN_POINT('Origin',(-20.5,17.,19.5));
#4044=CARTESIAN_POINT('',(-20.5,17.,16.25));
#4045=CARTESIAN_POINT('Origin',(-20.5,17.,19.5));
#4046=CARTESIAN_POINT('Origin',(-20.5,-17.,19.5));
#4047=CARTESIAN_POINT('',(-20.5,-17.,16.25));
#4048=CARTESIAN_POINT('Origin',(-20.5,-17.,19.5));
#4049=CARTESIAN_POINT('Origin',(4.49999999999998,-22.5,14.6));
#4050=CARTESIAN_POINT('',(4.49999999999998,-22.5,14.6));
#4051=CARTESIAN_POINT('',(4.49999999999998,-22.5,14.6));
#4052=CARTESIAN_POINT('',(4.49999999999998,-22.5,20.4));
#4053=CARTESIAN_POINT('',(4.49999999999998,-22.5,20.4));
#4054=CARTESIAN_POINT('',(4.49999999999999,-22.5,14.6));
#4055=CARTESIAN_POINT('Origin',(4.50000000000001,22.5,14.6));
#4056=CARTESIAN_POINT('',(4.50000000000001,22.5,14.6));
#4057=CARTESIAN_POINT('',(4.50000000000001,22.5,14.6));
#4058=CARTESIAN_POINT('',(4.5,22.5,14.6));
#4059=CARTESIAN_POINT('Origin',(4.50000000000001,22.5,20.4));
#4060=CARTESIAN_POINT('',(4.50000000000001,22.5,20.4));
#4061=CARTESIAN_POINT('',(4.5,22.5,20.4));
#4062=CARTESIAN_POINT('',(4.50000000000001,22.5,20.4));
#4063=CARTESIAN_POINT('Origin',(4.49999999999998,-22.5,20.4));
#4064=CARTESIAN_POINT('',(4.49999999999999,-22.5,20.4));
#4065=CARTESIAN_POINT('Origin',(-20.5,-10.74,19.5));
#4066=CARTESIAN_POINT('',(-20.5,-10.74,16.15));
#4067=CARTESIAN_POINT('Origin',(-20.5,-10.74,19.5));
#4068=CARTESIAN_POINT('',(-20.5,-10.74,16.15));
#4069=CARTESIAN_POINT('Origin',(-20.5,10.74,19.5));
#4070=CARTESIAN_POINT('',(-20.5,10.74,16.15));
#4071=CARTESIAN_POINT('Origin',(-20.5,10.74,19.5));
#4072=CARTESIAN_POINT('',(-20.5,10.74,16.15));
#4073=CARTESIAN_POINT('Origin',(4.49999999999999,-10.75,27.5));
#4074=CARTESIAN_POINT('',(4.49999999999999,-10.75,27.5));
#4075=CARTESIAN_POINT('Origin',(-20.5,20.,19.5));
#4076=CARTESIAN_POINT('',(-20.5,19.6,16.25));
#4077=CARTESIAN_POINT('',(-20.5,20.,16.25));
#4078=CARTESIAN_POINT('Origin',(-20.5,19.6,19.5));
#4079=CARTESIAN_POINT('Origin',(-10.5,27.5,17.5));
#4080=CARTESIAN_POINT('',(4.5,27.5,14.85));
#4081=CARTESIAN_POINT('Origin',(4.5,27.5,17.5));
#4082=CARTESIAN_POINT('',(-10.5,27.5,14.85));
#4083=CARTESIAN_POINT('Origin',(-20.5,-20.,19.5));
#4084=CARTESIAN_POINT('',(-20.5,-19.6,16.25));
#4085=CARTESIAN_POINT('',(-20.5,-20.,16.25));
#4086=CARTESIAN_POINT('Origin',(-20.5,-19.6,19.5));
#4087=CARTESIAN_POINT('Origin',(-10.5,-27.5,17.5));
#4088=CARTESIAN_POINT('',(4.49999999999999,-27.5,14.85));
#4089=CARTESIAN_POINT('Origin',(4.49999999999999,-27.5,17.5));
#4090=CARTESIAN_POINT('',(-9.50000000000001,-27.5,14.85));
#4091=CARTESIAN_POINT('',(-10.5,-27.5,14.85));
#4092=CARTESIAN_POINT('Origin',(-9.50000000000001,-27.5,17.5));
#4093=CARTESIAN_POINT('Origin',(-10.5,-27.5,20.));
#4094=CARTESIAN_POINT('',(-9.50000000000001,-35.,20.));
#4095=CARTESIAN_POINT('',(4.49999999999999,-35.,20.));
#4096=CARTESIAN_POINT('',(-10.5,-35.,20.));
#4097=CARTESIAN_POINT('',(4.49999999999999,-27.5,27.5));
#4098=CARTESIAN_POINT('Origin',(4.49999999999999,-27.5,20.));
#4099=CARTESIAN_POINT('',(-9.50000000000001,-27.5,27.5));
#4100=CARTESIAN_POINT('',(-10.5,-27.5,27.5));
#4101=CARTESIAN_POINT('Origin',(-9.50000000000001,-27.5,20.));
#4102=CARTESIAN_POINT('Origin',(4.5,-1.88737914186277E-14,17.5));
#4103=CARTESIAN_POINT('',(4.49999999999999,-35.,7.50000000000001));
#4104=CARTESIAN_POINT('',(4.49999999999998,-35.,27.5));
#4105=CARTESIAN_POINT('',(4.50000000000001,35.,7.50000000000001));
#4106=CARTESIAN_POINT('',(4.49999999999999,-35.,7.50000000000001));
#4107=CARTESIAN_POINT('',(4.5,35.,20.));
#4108=CARTESIAN_POINT('',(4.5,35.,27.5));
#4109=CARTESIAN_POINT('',(4.5,27.5,27.5));
#4110=CARTESIAN_POINT('Origin',(4.5,27.5,20.));
#4111=CARTESIAN_POINT('',(4.49999999999999,-20.,27.5));
#4112=CARTESIAN_POINT('',(4.49999999999999,-20.,27.5));
#4113=CARTESIAN_POINT('Origin',(-10.5,27.5,20.));
#4114=CARTESIAN_POINT('',(-10.5,35.,20.));
#4115=CARTESIAN_POINT('',(-10.5,27.5,27.5));
#4116=CARTESIAN_POINT('Origin',(-20.5,-10.75,19.5));
#4117=CARTESIAN_POINT('',(-20.5,-10.75,16.15));
#4118=CARTESIAN_POINT('Origin',(-9.37864077669001,-1.57921140985191E-14,
27.5));
#4119=CARTESIAN_POINT('',(-9.50000000000001,-20.,27.5));
#4120=CARTESIAN_POINT('Origin',(-28.41619848709,-0.500000000000012,17.));
#4121=CARTESIAN_POINT('',(-27.91619848709,-0.500000000000012,17.5));
#4122=CARTESIAN_POINT('',(-30.31214886532,-0.500000000000011,15.104049621774));
#4123=CARTESIAN_POINT('',(-27.91619848709,-0.500000000000012,17.5));
#4124=CARTESIAN_POINT('Origin',(-9.37864077669001,-1.57921140985191E-14,
27.5));
#4125=CARTESIAN_POINT('',(-17.96110862308,10.75,27.5));
#4126=CARTESIAN_POINT('Origin',(-35.5,10.75,27.5));
#4127=CARTESIAN_POINT('Origin',(-20.5,10.75,19.5));
#4128=CARTESIAN_POINT('',(-20.5,10.75,16.15));
#4129=CARTESIAN_POINT('Origin',(-27.91619848709,-1.19259494057261E-14,20.866666666667));
#4130=CARTESIAN_POINT('',(-27.91619848709,-0.500000000000012,16.5));
#4131=CARTESIAN_POINT('',(-27.91619848709,0.499999999999988,17.5));
#4132=CARTESIAN_POINT('',(-27.91619848709,0.499999999999988,16.183333333333));
#4133=CARTESIAN_POINT('',(-27.91619848709,10.75,17.5));
#4134=CARTESIAN_POINT('',(-27.91619848709,-10.75,21.5));
#4135=CARTESIAN_POINT('Origin',(-28.41619848709,10.75,17.));
#4136=CARTESIAN_POINT('',(-31.56214886532,0.499999999999989,13.854049621774));
#4137=CARTESIAN_POINT('Origin',(-28.41619848709,-10.75,22.));
#4138=CARTESIAN_POINT('Origin',(-20.5,19.6,19.5));
#4139=CARTESIAN_POINT('',(-20.5,19.6,16.25));
#4140=CARTESIAN_POINT('Origin',(-35.5,35.,7.5));
#4141=CARTESIAN_POINT('',(-10.5,35.,7.5));
#4142=CARTESIAN_POINT('',(-10.5,35.,7.5));
#4143=CARTESIAN_POINT('',(-10.5,20.,7.5));
#4144=CARTESIAN_POINT('Origin',(-20.5,-19.6,19.5));
#4145=CARTESIAN_POINT('',(-20.5,-19.6,16.25));
#4146=CARTESIAN_POINT('Origin',(-9.50000000000001,-20.,7.5));
#4147=CARTESIAN_POINT('',(-9.50000000000001,-35.,7.5));
#4148=CARTESIAN_POINT('',(-9.50000000000001,-20.,7.5));
#4149=CARTESIAN_POINT('',(-9.50000000000001,-35.,7.5));
#4150=CARTESIAN_POINT('Origin',(-35.5,-35.,7.5));
#4151=CARTESIAN_POINT('',(-10.5,-35.,7.5));
#4152=CARTESIAN_POINT('',(-10.5,-20.,7.5));
#4153=CARTESIAN_POINT('',(-10.5,-35.,7.5));
#4154=CARTESIAN_POINT('Origin',(4.49999999999999,-35.,7.50000000000001));
#4155=CARTESIAN_POINT('',(22.,-32.,7.50000000000001));
#4156=CARTESIAN_POINT('',(22.,32.,7.50000000000001));
#4157=CARTESIAN_POINT('',(22.,-35.,7.50000000000001));
#4158=CARTESIAN_POINT('',(19.,35.,7.50000000000001));
#4159=CARTESIAN_POINT('',(33.625,20.375,7.50000000000001));
#4160=CARTESIAN_POINT('',(4.50000000000001,35.,7.50000000000001));
#4161=CARTESIAN_POINT('',(19.,-35.,7.50000000000001));
#4162=CARTESIAN_POINT('',(4.49999999999999,-35.,7.50000000000001));
#4163=CARTESIAN_POINT('',(16.125,-37.875,7.50000000000001));
#4164=CARTESIAN_POINT('',(17.15,27.5,7.50000000000001));
#4165=CARTESIAN_POINT('Origin',(14.5,27.5,7.50000000000001));
#4166=CARTESIAN_POINT('',(17.15,-2.20071870727034E-14,7.50000000000001));
#4167=CARTESIAN_POINT('Origin',(14.5,-2.1094237467878E-14,7.50000000000001));
#4168=CARTESIAN_POINT('',(17.15,-27.5,7.50000000000001));
#4169=CARTESIAN_POINT('Origin',(14.5,-27.5,7.50000000000001));
#4170=CARTESIAN_POINT('Origin',(0.682835820895988,-35.,10.09328358209));
#4171=CARTESIAN_POINT('',(19.,-35.,1.00000000000001));
#4172=CARTESIAN_POINT('',(19.,-35.,1.00000000000001));
#4173=CARTESIAN_POINT('',(19.,-35.,7.50000000000001));
#4174=CARTESIAN_POINT('',(-17.5,-35.,7.5));
#4175=CARTESIAN_POINT('',(-35.5,-35.,7.5));
#4176=CARTESIAN_POINT('',(-17.5,-35.,7.5));
#4177=CARTESIAN_POINT('Origin',(20.5,-33.5,7.50000000000001));
#4178=CARTESIAN_POINT('',(22.,-32.,1.00000000000001));
#4179=CARTESIAN_POINT('',(22.,-32.,7.50000000000001));
#4180=CARTESIAN_POINT('',(22.,-32.,1.00000000000001));
#4181=CARTESIAN_POINT('Origin',(22.,-35.,7.50000000000001));
#4182=CARTESIAN_POINT('',(22.,32.,1.00000000000001));
#4183=CARTESIAN_POINT('',(22.,-32.,1.00000000000001));
#4184=CARTESIAN_POINT('',(22.,32.,7.50000000000001));
#4185=CARTESIAN_POINT('Origin',(20.5,33.5,7.50000000000001));
#4186=CARTESIAN_POINT('',(19.,35.,1.00000000000001));
#4187=CARTESIAN_POINT('',(22.,32.,1.00000000000001));
#4188=CARTESIAN_POINT('',(19.,35.,7.50000000000001));
#4189=CARTESIAN_POINT('Origin',(0.682835820896006,35.,10.09328358209));
#4190=CARTESIAN_POINT('',(-17.5,35.,1.00000000000001));
#4191=CARTESIAN_POINT('',(19.,35.,1.00000000000001));
#4192=CARTESIAN_POINT('',(-17.5,35.,7.5));
#4193=CARTESIAN_POINT('',(-17.5,35.,7.5));
#4194=CARTESIAN_POINT('',(-35.5,35.,7.5));
#4195=CARTESIAN_POINT('Origin',(-35.5,-0.50000000000001,16.5));
#4196=CARTESIAN_POINT('Origin',(-35.5,0.49999999999999,11.5));
#4197=CARTESIAN_POINT('Origin',(-35.5,23.,7.5));
#4198=CARTESIAN_POINT('',(-35.5,23.,7.5));
#4199=CARTESIAN_POINT('',(-35.5,23.,1.));
#4200=CARTESIAN_POINT('Origin',(-35.5,35.,7.5));
#4201=CARTESIAN_POINT('Origin',(-35.5,-35.,7.5));
#4202=CARTESIAN_POINT('',(-35.5,-23.,7.5));
#4203=CARTESIAN_POINT('Origin',(-35.5,-23.,7.5));
#4204=CARTESIAN_POINT('Origin',(14.5,27.5,8.88178419700125E-15));
#4205=CARTESIAN_POINT('',(17.15,27.5,0.40000000000001));
#4206=CARTESIAN_POINT('',(17.15,27.5,9.47020240005258E-15));
#4207=CARTESIAN_POINT('Origin',(14.5,27.5,0.400000000000009));
#4208=CARTESIAN_POINT('Origin',(14.5,-2.1094237467878E-14,8.88178419700125E-15));
#4209=CARTESIAN_POINT('',(17.15,-2.20071870727034E-14,0.40000000000001));
#4210=CARTESIAN_POINT('',(17.15,-2.20071870727034E-14,9.47020240005258E-15));
#4211=CARTESIAN_POINT('Origin',(14.5,-2.1094237467878E-14,0.400000000000009));
#4212=CARTESIAN_POINT('Origin',(14.5,-27.5,8.88178419700125E-15));
#4213=CARTESIAN_POINT('',(17.15,-27.5,0.40000000000001));
#4214=CARTESIAN_POINT('',(17.15,-27.5,9.47020240005258E-15));
#4215=CARTESIAN_POINT('Origin',(14.5,-27.5,0.400000000000009));
#4216=CARTESIAN_POINT('Origin',(19.,-34.5,0.500000000000012));
#4217=CARTESIAN_POINT('',(18.641653935763,-34.13487607169,0.134876071695014));
#4218=CARTESIAN_POINT('Origin',(21.646446609407,-31.6464466094,0.500000000000012));
#4219=CARTESIAN_POINT('',(21.53950428678,-31.80925643016,0.53950428678001));
#4220=CARTESIAN_POINT('Origin',(21.5,-32.,0.500000000000012));
#4221=CARTESIAN_POINT('',(15.435710052202,29.280982076273,-5.56428994778999));
#4222=CARTESIAN_POINT('Origin',(21.646446609407,31.646446609407,0.500000000000012));
#4223=CARTESIAN_POINT('',(18.641653935763,34.134876071695,0.134876071695014));
#4224=CARTESIAN_POINT('Origin',(19.,34.5,0.500000000000012));
#4225=CARTESIAN_POINT('',(-16.08132442599,30.314432876317,-3.68556712368));
#4226=CARTESIAN_POINT('Origin',(-35.22264990188,22.583974852831,0.499999999999998));
#4227=CARTESIAN_POINT('Origin',(14.5,27.5,0.400000000000009));
#4228=CARTESIAN_POINT('',(17.15,27.5,0.40000000000001));
#4229=CARTESIAN_POINT('Origin',(14.5,-2.1094237467878E-14,0.400000000000009));
#4230=CARTESIAN_POINT('',(17.15,-2.20071870727034E-14,0.40000000000001));
#4231=CARTESIAN_POINT('Origin',(14.5,-27.5,0.400000000000009));
#4232=CARTESIAN_POINT('',(17.15,-27.5,0.40000000000001));
#4233=UNCERTAINTY_MEASURE_WITH_UNIT(LENGTH_MEASURE(0.01),#4237,
'DISTANCE_ACCURACY_VALUE',
'Maximum model space distance between geometric entities at asserted c
onnectivities');
#4234=UNCERTAINTY_MEASURE_WITH_UNIT(LENGTH_MEASURE(0.01),#4237,
'DISTANCE_ACCURACY_VALUE',
'Maximum model space distance between geometric entities at asserted c
onnectivities');
#4235=(
GEOMETRIC_REPRESENTATION_CONTEXT(3)
GLOBAL_UNCERTAINTY_ASSIGNED_CONTEXT((#4233))
GLOBAL_UNIT_ASSIGNED_CONTEXT((#4237,#4238,#4239))
REPRESENTATION_CONTEXT('','3D')
);
#4236=(
GEOMETRIC_REPRESENTATION_CONTEXT(3)
GLOBAL_UNCERTAINTY_ASSIGNED_CONTEXT((#4234))
GLOBAL_UNIT_ASSIGNED_CONTEXT((#4237,#4238,#4239))
REPRESENTATION_CONTEXT('','3D')
);
#4237=(
LENGTH_UNIT()
NAMED_UNIT(*)
SI_UNIT(.MILLI.,.METRE.)
);
#4238=(
NAMED_UNIT(*)
PLANE_ANGLE_UNIT()
SI_UNIT($,.RADIAN.)
);
#4239=(
NAMED_UNIT(*)
SI_UNIT($,.STERADIAN.)
SOLID_ANGLE_UNIT()
);
#4240=SHAPE_DEFINITION_REPRESENTATION(#4241,#4242);
#4241=PRODUCT_DEFINITION_SHAPE('',$,#4244);
#4242=SHAPE_REPRESENTATION('',(#2532),#4235);
#4243=PRODUCT_DEFINITION_CONTEXT('part definition',#4248,'design');
#4244=PRODUCT_DEFINITION('y-rod-mount-common',
'y-rod-mount-rear-short-8mm-rod v3',#4245,#4243);
#4245=PRODUCT_DEFINITION_FORMATION('',$,#4250);
#4246=PRODUCT_RELATED_PRODUCT_CATEGORY(
'y-rod-mount-rear-short-8mm-rod v3','y-rod-mount-rear-short-8mm-rod v3',
(#4250));
#4247=APPLICATION_PROTOCOL_DEFINITION('international standard',
'automotive_design',2009,#4248);
#4248=APPLICATION_CONTEXT(
'Core Data for Automotive Mechanical Design Process');
#4249=PRODUCT_CONTEXT('part definition',#4248,'mechanical');
#4250=PRODUCT('y-rod-mount-common','y-rod-mount-rear-short-8mm-rod v3',
'FreeCAD Model',(#4249));
#4251=PRESENTATION_STYLE_ASSIGNMENT((#4253));
#4252=PRESENTATION_STYLE_ASSIGNMENT((#4254));
#4253=SURFACE_STYLE_USAGE(.BOTH.,#4255);
#4254=SURFACE_STYLE_USAGE(.BOTH.,#4256);
#4255=SURFACE_SIDE_STYLE('',(#4257));
#4256=SURFACE_SIDE_STYLE('',(#4258));
#4257=SURFACE_STYLE_FILL_AREA(#4259);
#4258=SURFACE_STYLE_FILL_AREA(#4260);
#4259=FILL_AREA_STYLE('Acero - Satinado',(#4261));
#4260=FILL_AREA_STYLE('Proosa solid parts (255,170,0)',(#4262));
#4261=FILL_AREA_STYLE_COLOUR('Acero - Satinado',#4263);
#4262=FILL_AREA_STYLE_COLOUR('Proosa solid parts (255,170,0)',#4264);
#4263=COLOUR_RGB('Acero - Satinado',0.627450980392157,0.627450980392157,
0.627450980392157);
#4264=COLOUR_RGB('Proosa solid parts (255,170,0)',0.309803921568627,0.925490196078431,
0.854901960784314);
ENDSEC;
END-ISO-10303-21;
