ISO-10303-21;
HEADER;
/* Generated by software containing ST-Developer
 * from STEP Tools, Inc. (www.steptools.com) 
 */

FILE_DESCRIPTION(
/* description */ ('FreeCAD Model'),
/* implementation_level */ '2;1');

FILE_NAME(
/* name */ 'cable-panel-bottom-cover.step',
/* time_stamp */ '2026-04-24T17:54:24+02:00',
/* author */ (''),
/* organization */ (''),
/* preprocessor_version */ 'ST-DEVELOPER v20.1',
/* originating_system */ 'Autodesk Translation Framework v15.8.0.0',
/* authorisation */ '');

FILE_SCHEMA (('AUTOMOTIVE_DESIGN { 1 0 10303 214 3 1 1 }'));
ENDSEC;

DATA;
#10=MECHANICAL_DESIGN_GEOMETRIC_PRESENTATION_REPRESENTATION('',(#13),#3026);
#11=SHAPE_REPRESENTATION_RELATIONSHIP('SRR','None',#3033,#12);
#12=ADVANCED_BREP_SHAPE_REPRESENTATION('',(#14),#3025);
#13=STYLED_ITEM('',(#3042),#14);
#14=MANIFOLD_SOLID_BREP('Cable-mount-cover-mini',#1782);
#15=FACE_BOUND('',#219,.T.);
#16=FACE_BOUND('',#225,.T.);
#17=FACE_BOUND('',#237,.T.);
#18=FACE_BOUND('',#241,.T.);
#19=FACE_BOUND('',#245,.T.);
#20=FACE_BOUND('',#246,.T.);
#21=FACE_BOUND('',#247,.T.);
#22=FACE_BOUND('',#248,.T.);
#23=FACE_BOUND('',#253,.T.);
#24=FACE_BOUND('',#254,.T.);
#25=FACE_BOUND('',#273,.T.);
#26=FACE_BOUND('',#274,.T.);
#27=FACE_BOUND('',#286,.T.);
#28=FACE_BOUND('',#290,.T.);
#29=FACE_BOUND('',#312,.T.);
#30=FACE_BOUND('',#315,.T.);
#31=FACE_BOUND('',#316,.T.);
#32=FACE_BOUND('',#322,.T.);
#33=PLANE('',#1806);
#34=PLANE('',#1807);
#35=PLANE('',#1808);
#36=PLANE('',#1809);
#37=PLANE('',#1810);
#38=PLANE('',#1811);
#39=PLANE('',#1812);
#40=PLANE('',#1813);
#41=PLANE('',#1814);
#42=PLANE('',#1815);
#43=PLANE('',#1841);
#44=PLANE('',#1851);
#45=PLANE('',#1859);
#46=PLANE('',#1860);
#47=PLANE('',#1874);
#48=PLANE('',#1877);
#49=PLANE('',#1887);
#50=PLANE('',#1894);
#51=PLANE('',#1897);
#52=PLANE('',#1906);
#53=PLANE('',#1911);
#54=PLANE('',#1914);
#55=PLANE('',#1916);
#56=PLANE('',#1920);
#57=PLANE('',#1927);
#58=PLANE('',#1928);
#59=PLANE('',#1929);
#60=PLANE('',#1930);
#61=PLANE('',#1931);
#62=PLANE('',#1932);
#63=PLANE('',#1933);
#64=PLANE('',#1934);
#65=PLANE('',#1938);
#66=PLANE('',#1942);
#67=PLANE('',#1946);
#68=PLANE('',#1950);
#69=PLANE('',#1954);
#70=PLANE('',#1958);
#71=PLANE('',#1962);
#72=PLANE('',#1964);
#73=PLANE('',#1966);
#74=PLANE('',#1968);
#75=PLANE('',#1970);
#76=PLANE('',#1973);
#77=PLANE('',#1975);
#78=PLANE('',#1976);
#79=CYLINDRICAL_SURFACE('',#1799,2.65);
#80=CYLINDRICAL_SURFACE('',#1804,2.65);
#81=CYLINDRICAL_SURFACE('',#1819,1.9);
#82=CYLINDRICAL_SURFACE('',#1824,1.9);
#83=CYLINDRICAL_SURFACE('',#1829,1.9);
#84=CYLINDRICAL_SURFACE('',#1834,1.9);
#85=CYLINDRICAL_SURFACE('',#1839,1.64999999999999);
#86=CYLINDRICAL_SURFACE('',#1849,1.64999999999999);
#87=CYLINDRICAL_SURFACE('',#1856,3.);
#88=CYLINDRICAL_SURFACE('',#1872,3.);
#89=CYLINDRICAL_SURFACE('',#1875,3.);
#90=CYLINDRICAL_SURFACE('',#1885,3.);
#91=CYLINDRICAL_SURFACE('',#1888,3.);
#92=CYLINDRICAL_SURFACE('',#1890,3.);
#93=CYLINDRICAL_SURFACE('',#1892,3.);
#94=CYLINDRICAL_SURFACE('',#1895,3.);
#95=CYLINDRICAL_SURFACE('',#1898,3.);
#96=CYLINDRICAL_SURFACE('',#1900,3.);
#97=CYLINDRICAL_SURFACE('',#1902,3.);
#98=CYLINDRICAL_SURFACE('',#1904,3.);
#99=CYLINDRICAL_SURFACE('',#1907,3.);
#100=CYLINDRICAL_SURFACE('',#1909,3.);
#101=CYLINDRICAL_SURFACE('',#1912,3.);
#102=CYLINDRICAL_SURFACE('',#1917,3.);
#103=CYLINDRICAL_SURFACE('',#1918,3.);
#104=CYLINDRICAL_SURFACE('',#1921,3.);
#105=CYLINDRICAL_SURFACE('',#1923,3.);
#106=CYLINDRICAL_SURFACE('',#1925,3.);
#107=CYLINDRICAL_SURFACE('',#1963,5.00000000000002);
#108=CYLINDRICAL_SURFACE('',#1965,1.);
#109=CYLINDRICAL_SURFACE('',#1967,1.);
#110=CYLINDRICAL_SURFACE('',#1969,1.);
#111=CYLINDRICAL_SURFACE('',#1971,1.);
#112=CYLINDRICAL_SURFACE('',#1972,1.);
#113=CYLINDRICAL_SURFACE('',#1974,1.);
#114=FACE_OUTER_BOUND('',#210,.T.);
#115=FACE_OUTER_BOUND('',#211,.T.);
#116=FACE_OUTER_BOUND('',#212,.T.);
#117=FACE_OUTER_BOUND('',#213,.T.);
#118=FACE_OUTER_BOUND('',#214,.T.);
#119=FACE_OUTER_BOUND('',#215,.T.);
#120=FACE_OUTER_BOUND('',#216,.T.);
#121=FACE_OUTER_BOUND('',#217,.T.);
#122=FACE_OUTER_BOUND('',#218,.T.);
#123=FACE_OUTER_BOUND('',#220,.T.);
#124=FACE_OUTER_BOUND('',#221,.T.);
#125=FACE_OUTER_BOUND('',#222,.T.);
#126=FACE_OUTER_BOUND('',#223,.T.);
#127=FACE_OUTER_BOUND('',#224,.T.);
#128=FACE_OUTER_BOUND('',#226,.T.);
#129=FACE_OUTER_BOUND('',#227,.T.);
#130=FACE_OUTER_BOUND('',#228,.T.);
#131=FACE_OUTER_BOUND('',#229,.T.);
#132=FACE_OUTER_BOUND('',#230,.T.);
#133=FACE_OUTER_BOUND('',#231,.T.);
#134=FACE_OUTER_BOUND('',#232,.T.);
#135=FACE_OUTER_BOUND('',#233,.T.);
#136=FACE_OUTER_BOUND('',#234,.T.);
#137=FACE_OUTER_BOUND('',#235,.T.);
#138=FACE_OUTER_BOUND('',#236,.T.);
#139=FACE_OUTER_BOUND('',#238,.T.);
#140=FACE_OUTER_BOUND('',#239,.T.);
#141=FACE_OUTER_BOUND('',#240,.T.);
#142=FACE_OUTER_BOUND('',#242,.T.);
#143=FACE_OUTER_BOUND('',#243,.T.);
#144=FACE_OUTER_BOUND('',#244,.T.);
#145=FACE_OUTER_BOUND('',#249,.T.);
#146=FACE_OUTER_BOUND('',#250,.T.);
#147=FACE_OUTER_BOUND('',#251,.T.);
#148=FACE_OUTER_BOUND('',#252,.T.);
#149=FACE_OUTER_BOUND('',#255,.T.);
#150=FACE_OUTER_BOUND('',#256,.T.);
#151=FACE_OUTER_BOUND('',#257,.T.);
#152=FACE_OUTER_BOUND('',#258,.T.);
#153=FACE_OUTER_BOUND('',#259,.T.);
#154=FACE_OUTER_BOUND('',#260,.T.);
#155=FACE_OUTER_BOUND('',#261,.T.);
#156=FACE_OUTER_BOUND('',#262,.T.);
#157=FACE_OUTER_BOUND('',#263,.T.);
#158=FACE_OUTER_BOUND('',#264,.T.);
#159=FACE_OUTER_BOUND('',#265,.T.);
#160=FACE_OUTER_BOUND('',#266,.T.);
#161=FACE_OUTER_BOUND('',#267,.T.);
#162=FACE_OUTER_BOUND('',#268,.T.);
#163=FACE_OUTER_BOUND('',#269,.T.);
#164=FACE_OUTER_BOUND('',#270,.T.);
#165=FACE_OUTER_BOUND('',#271,.T.);
#166=FACE_OUTER_BOUND('',#272,.T.);
#167=FACE_OUTER_BOUND('',#275,.T.);
#168=FACE_OUTER_BOUND('',#276,.T.);
#169=FACE_OUTER_BOUND('',#277,.T.);
#170=FACE_OUTER_BOUND('',#278,.T.);
#171=FACE_OUTER_BOUND('',#279,.T.);
#172=FACE_OUTER_BOUND('',#280,.T.);
#173=FACE_OUTER_BOUND('',#281,.T.);
#174=FACE_OUTER_BOUND('',#282,.T.);
#175=FACE_OUTER_BOUND('',#283,.T.);
#176=FACE_OUTER_BOUND('',#284,.T.);
#177=FACE_OUTER_BOUND('',#285,.T.);
#178=FACE_OUTER_BOUND('',#287,.T.);
#179=FACE_OUTER_BOUND('',#288,.T.);
#180=FACE_OUTER_BOUND('',#289,.T.);
#181=FACE_OUTER_BOUND('',#291,.T.);
#182=FACE_OUTER_BOUND('',#292,.T.);
#183=FACE_OUTER_BOUND('',#293,.T.);
#184=FACE_OUTER_BOUND('',#294,.T.);
#185=FACE_OUTER_BOUND('',#295,.T.);
#186=FACE_OUTER_BOUND('',#296,.T.);
#187=FACE_OUTER_BOUND('',#297,.T.);
#188=FACE_OUTER_BOUND('',#298,.T.);
#189=FACE_OUTER_BOUND('',#299,.T.);
#190=FACE_OUTER_BOUND('',#300,.T.);
#191=FACE_OUTER_BOUND('',#301,.T.);
#192=FACE_OUTER_BOUND('',#302,.T.);
#193=FACE_OUTER_BOUND('',#303,.T.);
#194=FACE_OUTER_BOUND('',#304,.T.);
#195=FACE_OUTER_BOUND('',#305,.T.);
#196=FACE_OUTER_BOUND('',#306,.T.);
#197=FACE_OUTER_BOUND('',#307,.T.);
#198=FACE_OUTER_BOUND('',#308,.T.);
#199=FACE_OUTER_BOUND('',#309,.T.);
#200=FACE_OUTER_BOUND('',#310,.T.);
#201=FACE_OUTER_BOUND('',#311,.T.);
#202=FACE_OUTER_BOUND('',#313,.T.);
#203=FACE_OUTER_BOUND('',#314,.T.);
#204=FACE_OUTER_BOUND('',#317,.T.);
#205=FACE_OUTER_BOUND('',#318,.T.);
#206=FACE_OUTER_BOUND('',#319,.T.);
#207=FACE_OUTER_BOUND('',#320,.T.);
#208=FACE_OUTER_BOUND('',#321,.T.);
#209=FACE_OUTER_BOUND('',#323,.T.);
#210=EDGE_LOOP('',(#1163,#1164,#1165,#1166));
#211=EDGE_LOOP('',(#1167,#1168,#1169,#1170));
#212=EDGE_LOOP('',(#1171,#1172,#1173,#1174));
#213=EDGE_LOOP('',(#1175,#1176,#1177,#1178));
#214=EDGE_LOOP('',(#1179,#1180,#1181,#1182));
#215=EDGE_LOOP('',(#1183,#1184,#1185,#1186));
#216=EDGE_LOOP('',(#1187,#1188,#1189,#1190));
#217=EDGE_LOOP('',(#1191,#1192,#1193,#1194));
#218=EDGE_LOOP('',(#1195,#1196,#1197,#1198));
#219=EDGE_LOOP('',(#1199));
#220=EDGE_LOOP('',(#1200,#1201,#1202,#1203));
#221=EDGE_LOOP('',(#1204,#1205,#1206,#1207));
#222=EDGE_LOOP('',(#1208,#1209,#1210,#1211));
#223=EDGE_LOOP('',(#1212,#1213,#1214,#1215));
#224=EDGE_LOOP('',(#1216,#1217,#1218,#1219));
#225=EDGE_LOOP('',(#1220));
#226=EDGE_LOOP('',(#1221,#1222,#1223,#1224));
#227=EDGE_LOOP('',(#1225,#1226,#1227,#1228));
#228=EDGE_LOOP('',(#1229,#1230,#1231,#1232));
#229=EDGE_LOOP('',(#1233,#1234,#1235,#1236));
#230=EDGE_LOOP('',(#1237,#1238,#1239,#1240));
#231=EDGE_LOOP('',(#1241,#1242,#1243,#1244));
#232=EDGE_LOOP('',(#1245,#1246,#1247,#1248));
#233=EDGE_LOOP('',(#1249,#1250,#1251,#1252));
#234=EDGE_LOOP('',(#1253,#1254,#1255,#1256));
#235=EDGE_LOOP('',(#1257,#1258,#1259,#1260));
#236=EDGE_LOOP('',(#1261,#1262,#1263,#1264,#1265,#1266,#1267,#1268));
#237=EDGE_LOOP('',(#1269));
#238=EDGE_LOOP('',(#1270,#1271,#1272,#1273));
#239=EDGE_LOOP('',(#1274,#1275,#1276,#1277));
#240=EDGE_LOOP('',(#1278,#1279,#1280,#1281,#1282,#1283,#1284,#1285));
#241=EDGE_LOOP('',(#1286));
#242=EDGE_LOOP('',(#1287,#1288,#1289,#1290));
#243=EDGE_LOOP('',(#1291,#1292,#1293,#1294));
#244=EDGE_LOOP('',(#1295,#1296,#1297,#1298,#1299,#1300,#1301,#1302,#1303,
#1304,#1305,#1306,#1307,#1308,#1309,#1310,#1311,#1312,#1313,#1314,#1315,
#1316,#1317,#1318,#1319,#1320,#1321,#1322));
#245=EDGE_LOOP('',(#1323));
#246=EDGE_LOOP('',(#1324));
#247=EDGE_LOOP('',(#1325));
#248=EDGE_LOOP('',(#1326));
#249=EDGE_LOOP('',(#1327,#1328,#1329,#1330));
#250=EDGE_LOOP('',(#1331,#1332,#1333,#1334));
#251=EDGE_LOOP('',(#1335,#1336,#1337,#1338));
#252=EDGE_LOOP('',(#1339,#1340,#1341,#1342,#1343,#1344,#1345,#1346,#1347,
#1348,#1349,#1350,#1351,#1352,#1353,#1354,#1355,#1356,#1357,#1358,#1359,
#1360,#1361,#1362,#1363,#1364,#1365,#1366,#1367,#1368,#1369,#1370,#1371,
#1372));
#253=EDGE_LOOP('',(#1373,#1374,#1375,#1376));
#254=EDGE_LOOP('',(#1377,#1378,#1379,#1380));
#255=EDGE_LOOP('',(#1381,#1382,#1383,#1384));
#256=EDGE_LOOP('',(#1385,#1386,#1387,#1388));
#257=EDGE_LOOP('',(#1389,#1390,#1391,#1392));
#258=EDGE_LOOP('',(#1393,#1394,#1395,#1396));
#259=EDGE_LOOP('',(#1397,#1398,#1399,#1400));
#260=EDGE_LOOP('',(#1401,#1402,#1403,#1404));
#261=EDGE_LOOP('',(#1405,#1406,#1407,#1408));
#262=EDGE_LOOP('',(#1409,#1410,#1411,#1412));
#263=EDGE_LOOP('',(#1413,#1414,#1415,#1416));
#264=EDGE_LOOP('',(#1417,#1418,#1419,#1420));
#265=EDGE_LOOP('',(#1421,#1422,#1423,#1424));
#266=EDGE_LOOP('',(#1425,#1426,#1427,#1428));
#267=EDGE_LOOP('',(#1429,#1430,#1431,#1432));
#268=EDGE_LOOP('',(#1433,#1434,#1435,#1436));
#269=EDGE_LOOP('',(#1437,#1438,#1439,#1440));
#270=EDGE_LOOP('',(#1441,#1442,#1443,#1444));
#271=EDGE_LOOP('',(#1445,#1446,#1447,#1448));
#272=EDGE_LOOP('',(#1449,#1450,#1451,#1452,#1453,#1454,#1455,#1456));
#273=EDGE_LOOP('',(#1457));
#274=EDGE_LOOP('',(#1458));
#275=EDGE_LOOP('',(#1459,#1460,#1461,#1462));
#276=EDGE_LOOP('',(#1463,#1464,#1465,#1466));
#277=EDGE_LOOP('',(#1467,#1468,#1469,#1470));
#278=EDGE_LOOP('',(#1471,#1472,#1473,#1474));
#279=EDGE_LOOP('',(#1475,#1476,#1477,#1478));
#280=EDGE_LOOP('',(#1479,#1480,#1481,#1482));
#281=EDGE_LOOP('',(#1483,#1484,#1485,#1486));
#282=EDGE_LOOP('',(#1487,#1488,#1489,#1490));
#283=EDGE_LOOP('',(#1491,#1492,#1493,#1494));
#284=EDGE_LOOP('',(#1495,#1496,#1497,#1498));
#285=EDGE_LOOP('',(#1499,#1500,#1501,#1502,#1503,#1504,#1505,#1506));
#286=EDGE_LOOP('',(#1507));
#287=EDGE_LOOP('',(#1508,#1509,#1510,#1511));
#288=EDGE_LOOP('',(#1512,#1513,#1514,#1515));
#289=EDGE_LOOP('',(#1516,#1517,#1518,#1519,#1520,#1521,#1522,#1523));
#290=EDGE_LOOP('',(#1524));
#291=EDGE_LOOP('',(#1525,#1526,#1527,#1528));
#292=EDGE_LOOP('',(#1529,#1530,#1531,#1532));
#293=EDGE_LOOP('',(#1533,#1534,#1535,#1536));
#294=EDGE_LOOP('',(#1537,#1538,#1539,#1540));
#295=EDGE_LOOP('',(#1541,#1542,#1543,#1544));
#296=EDGE_LOOP('',(#1545,#1546,#1547,#1548));
#297=EDGE_LOOP('',(#1549,#1550,#1551,#1552));
#298=EDGE_LOOP('',(#1553,#1554,#1555,#1556));
#299=EDGE_LOOP('',(#1557,#1558,#1559,#1560));
#300=EDGE_LOOP('',(#1561,#1562,#1563,#1564));
#301=EDGE_LOOP('',(#1565,#1566,#1567,#1568));
#302=EDGE_LOOP('',(#1569,#1570,#1571,#1572));
#303=EDGE_LOOP('',(#1573,#1574,#1575,#1576));
#304=EDGE_LOOP('',(#1577,#1578,#1579,#1580));
#305=EDGE_LOOP('',(#1581,#1582,#1583,#1584));
#306=EDGE_LOOP('',(#1585,#1586,#1587,#1588));
#307=EDGE_LOOP('',(#1589,#1590,#1591,#1592));
#308=EDGE_LOOP('',(#1593,#1594,#1595,#1596));
#309=EDGE_LOOP('',(#1597,#1598,#1599,#1600));
#310=EDGE_LOOP('',(#1601,#1602,#1603,#1604));
#311=EDGE_LOOP('',(#1605,#1606,#1607,#1608,#1609,#1610,#1611,#1612,#1613,
#1614,#1615,#1616));
#312=EDGE_LOOP('',(#1617));
#313=EDGE_LOOP('',(#1618,#1619,#1620,#1621));
#314=EDGE_LOOP('',(#1622,#1623,#1624,#1625,#1626,#1627,#1628,#1629,#1630,
#1631,#1632,#1633,#1634,#1635));
#315=EDGE_LOOP('',(#1636));
#316=EDGE_LOOP('',(#1637));
#317=EDGE_LOOP('',(#1638,#1639,#1640,#1641));
#318=EDGE_LOOP('',(#1642,#1643,#1644,#1645));
#319=EDGE_LOOP('',(#1646,#1647,#1648,#1649));
#320=EDGE_LOOP('',(#1650,#1651,#1652,#1653));
#321=EDGE_LOOP('',(#1654,#1655,#1656,#1657,#1658,#1659,#1660,#1661,#1662,
#1663,#1664,#1665));
#322=EDGE_LOOP('',(#1666));
#323=EDGE_LOOP('',(#1667,#1668,#1669,#1670));
#324=LINE('',#2515,#493);
#325=LINE('',#2519,#494);
#326=LINE('',#2525,#495);
#327=LINE('',#2529,#496);
#328=LINE('',#2534,#497);
#329=LINE('',#2536,#498);
#330=LINE('',#2538,#499);
#331=LINE('',#2539,#500);
#332=LINE('',#2542,#501);
#333=LINE('',#2544,#502);
#334=LINE('',#2545,#503);
#335=LINE('',#2548,#504);
#336=LINE('',#2550,#505);
#337=LINE('',#2551,#506);
#338=LINE('',#2553,#507);
#339=LINE('',#2554,#508);
#340=LINE('',#2559,#509);
#341=LINE('',#2561,#510);
#342=LINE('',#2563,#511);
#343=LINE('',#2564,#512);
#344=LINE('',#2567,#513);
#345=LINE('',#2569,#514);
#346=LINE('',#2570,#515);
#347=LINE('',#2573,#516);
#348=LINE('',#2575,#517);
#349=LINE('',#2576,#518);
#350=LINE('',#2578,#519);
#351=LINE('',#2579,#520);
#352=LINE('',#2585,#521);
#353=LINE('',#2589,#522);
#354=LINE('',#2595,#523);
#355=LINE('',#2599,#524);
#356=LINE('',#2605,#525);
#357=LINE('',#2609,#526);
#358=LINE('',#2615,#527);
#359=LINE('',#2619,#528);
#360=LINE('',#2625,#529);
#361=LINE('',#2630,#530);
#362=LINE('',#2636,#531);
#363=LINE('',#2640,#532);
#364=LINE('',#2644,#533);
#365=LINE('',#2647,#534);
#366=LINE('',#2652,#535);
#367=LINE('',#2656,#536);
#368=LINE('',#2663,#537);
#369=LINE('',#2667,#538);
#370=LINE('',#2671,#539);
#371=LINE('',#2674,#540);
#372=LINE('',#2680,#541);
#373=LINE('',#2683,#542);
#374=LINE('',#2686,#543);
#375=LINE('',#2688,#544);
#376=LINE('',#2689,#545);
#377=LINE('',#2692,#546);
#378=LINE('',#2696,#547);
#379=LINE('',#2698,#548);
#380=LINE('',#2700,#549);
#381=LINE('',#2702,#550);
#382=LINE('',#2704,#551);
#383=LINE('',#2708,#552);
#384=LINE('',#2712,#553);
#385=LINE('',#2716,#554);
#386=LINE('',#2720,#555);
#387=LINE('',#2724,#556);
#388=LINE('',#2728,#557);
#389=LINE('',#2732,#558);
#390=LINE('',#2736,#559);
#391=LINE('',#2740,#560);
#392=LINE('',#2746,#561);
#393=LINE('',#2747,#562);
#394=LINE('',#2750,#563);
#395=LINE('',#2751,#564);
#396=LINE('',#2754,#565);
#397=LINE('',#2758,#566);
#398=LINE('',#2760,#567);
#399=LINE('',#2764,#568);
#400=LINE('',#2768,#569);
#401=LINE('',#2772,#570);
#402=LINE('',#2776,#571);
#403=LINE('',#2780,#572);
#404=LINE('',#2781,#573);
#405=LINE('',#2783,#574);
#406=LINE('',#2785,#575);
#407=LINE('',#2788,#576);
#408=LINE('',#2790,#577);
#409=LINE('',#2791,#578);
#410=LINE('',#2793,#579);
#411=LINE('',#2795,#580);
#412=LINE('',#2796,#581);
#413=LINE('',#2798,#582);
#414=LINE('',#2800,#583);
#415=LINE('',#2801,#584);
#416=LINE('',#2804,#585);
#417=LINE('',#2807,#586);
#418=LINE('',#2810,#587);
#419=LINE('',#2813,#588);
#420=LINE('',#2814,#589);
#421=LINE('',#2820,#590);
#422=LINE('',#2825,#591);
#423=LINE('',#2826,#592);
#424=LINE('',#2828,#593);
#425=LINE('',#2831,#594);
#426=LINE('',#2834,#595);
#427=LINE('',#2837,#596);
#428=LINE('',#2838,#597);
#429=LINE('',#2844,#598);
#430=LINE('',#2848,#599);
#431=LINE('',#2852,#600);
#432=LINE('',#2855,#601);
#433=LINE('',#2856,#602);
#434=LINE('',#2861,#603);
#435=LINE('',#2864,#604);
#436=LINE('',#2867,#605);
#437=LINE('',#2868,#606);
#438=LINE('',#2872,#607);
#439=LINE('',#2875,#608);
#440=LINE('',#2877,#609);
#441=LINE('',#2879,#610);
#442=LINE('',#2884,#611);
#443=LINE('',#2887,#612);
#444=LINE('',#2888,#613);
#445=LINE('',#2892,#614);
#446=LINE('',#2896,#615);
#447=LINE('',#2899,#616);
#448=LINE('',#2902,#617);
#449=LINE('',#2904,#618);
#450=LINE('',#2906,#619);
#451=LINE('',#2908,#620);
#452=LINE('',#2910,#621);
#453=LINE('',#2913,#622);
#454=LINE('',#2918,#623);
#455=LINE('',#2922,#624);
#456=LINE('',#2926,#625);
#457=LINE('',#2927,#626);
#458=LINE('',#2931,#627);
#459=LINE('',#2936,#628);
#460=LINE('',#2938,#629);
#461=LINE('',#2939,#630);
#462=LINE('',#2943,#631);
#463=LINE('',#2948,#632);
#464=LINE('',#2950,#633);
#465=LINE('',#2951,#634);
#466=LINE('',#2955,#635);
#467=LINE('',#2960,#636);
#468=LINE('',#2962,#637);
#469=LINE('',#2963,#638);
#470=LINE('',#2968,#639);
#471=LINE('',#2972,#640);
#472=LINE('',#2974,#641);
#473=LINE('',#2975,#642);
#474=LINE('',#2979,#643);
#475=LINE('',#2984,#644);
#476=LINE('',#2986,#645);
#477=LINE('',#2987,#646);
#478=LINE('',#2991,#647);
#479=LINE('',#2995,#648);
#480=LINE('',#2996,#649);
#481=LINE('',#2998,#650);
#482=LINE('',#2999,#651);
#483=LINE('',#3001,#652);
#484=LINE('',#3003,#653);
#485=LINE('',#3005,#654);
#486=LINE('',#3007,#655);
#487=LINE('',#3009,#656);
#488=LINE('',#3013,#657);
#489=LINE('',#3015,#658);
#490=LINE('',#3016,#659);
#491=LINE('',#3018,#660);
#492=LINE('',#3020,#661);
#493=VECTOR('',#1983,2.85);
#494=VECTOR('',#1988,2.65);
#495=VECTOR('',#1995,2.85);
#496=VECTOR('',#2000,2.65);
#497=VECTOR('',#2005,10.);
#498=VECTOR('',#2006,10.);
#499=VECTOR('',#2007,10.);
#500=VECTOR('',#2008,10.);
#501=VECTOR('',#2011,10.);
#502=VECTOR('',#2012,10.);
#503=VECTOR('',#2013,10.);
#504=VECTOR('',#2016,10.);
#505=VECTOR('',#2017,10.);
#506=VECTOR('',#2018,10.);
#507=VECTOR('',#2021,10.);
#508=VECTOR('',#2022,10.);
#509=VECTOR('',#2027,10.);
#510=VECTOR('',#2028,10.);
#511=VECTOR('',#2029,10.);
#512=VECTOR('',#2030,10.);
#513=VECTOR('',#2033,10.);
#514=VECTOR('',#2034,10.);
#515=VECTOR('',#2035,10.);
#516=VECTOR('',#2038,10.);
#517=VECTOR('',#2039,10.);
#518=VECTOR('',#2040,10.);
#519=VECTOR('',#2043,10.);
#520=VECTOR('',#2044,10.);
#521=VECTOR('',#2051,2.15);
#522=VECTOR('',#2056,1.9);
#523=VECTOR('',#2063,2.15);
#524=VECTOR('',#2068,1.9);
#525=VECTOR('',#2075,2.15);
#526=VECTOR('',#2080,1.9);
#527=VECTOR('',#2087,2.15);
#528=VECTOR('',#2092,1.9);
#529=VECTOR('',#2099,1.89999999999998);
#530=VECTOR('',#2106,1.64999999999999);
#531=VECTOR('',#2111,10.);
#532=VECTOR('',#2114,10.);
#533=VECTOR('',#2117,10.);
#534=VECTOR('',#2120,10.);
#535=VECTOR('',#2125,1.89999999999998);
#536=VECTOR('',#2130,1.64999999999999);
#537=VECTOR('',#2137,10.);
#538=VECTOR('',#2140,10.);
#539=VECTOR('',#2143,10.);
#540=VECTOR('',#2146,10.);
#541=VECTOR('',#2151,10.);
#542=VECTOR('',#2154,10.);
#543=VECTOR('',#2157,10.);
#544=VECTOR('',#2158,10.);
#545=VECTOR('',#2159,10.);
#546=VECTOR('',#2162,10.);
#547=VECTOR('',#2165,10.);
#548=VECTOR('',#2166,10.);
#549=VECTOR('',#2167,10.);
#550=VECTOR('',#2168,10.);
#551=VECTOR('',#2169,10.);
#552=VECTOR('',#2172,10.);
#553=VECTOR('',#2175,10.);
#554=VECTOR('',#2178,10.);
#555=VECTOR('',#2181,10.);
#556=VECTOR('',#2184,10.);
#557=VECTOR('',#2187,10.);
#558=VECTOR('',#2190,10.);
#559=VECTOR('',#2193,10.);
#560=VECTOR('',#2196,10.);
#561=VECTOR('',#2203,10.);
#562=VECTOR('',#2204,10.);
#563=VECTOR('',#2207,10.);
#564=VECTOR('',#2208,10.);
#565=VECTOR('',#2211,10.);
#566=VECTOR('',#2216,10.);
#567=VECTOR('',#2217,10.);
#568=VECTOR('',#2220,10.);
#569=VECTOR('',#2223,10.);
#570=VECTOR('',#2226,10.);
#571=VECTOR('',#2229,10.);
#572=VECTOR('',#2232,10.);
#573=VECTOR('',#2233,10.);
#574=VECTOR('',#2234,10.);
#575=VECTOR('',#2235,10.);
#576=VECTOR('',#2238,10.);
#577=VECTOR('',#2239,10.);
#578=VECTOR('',#2240,10.);
#579=VECTOR('',#2241,10.);
#580=VECTOR('',#2242,10.);
#581=VECTOR('',#2243,10.);
#582=VECTOR('',#2244,10.);
#583=VECTOR('',#2245,10.);
#584=VECTOR('',#2246,10.);
#585=VECTOR('',#2249,10.);
#586=VECTOR('',#2252,10.);
#587=VECTOR('',#2255,10.);
#588=VECTOR('',#2258,10.);
#589=VECTOR('',#2259,10.);
#590=VECTOR('',#2268,10.);
#591=VECTOR('',#2273,10.);
#592=VECTOR('',#2274,10.);
#593=VECTOR('',#2277,10.);
#594=VECTOR('',#2280,10.);
#595=VECTOR('',#2283,10.);
#596=VECTOR('',#2286,10.);
#597=VECTOR('',#2287,10.);
#598=VECTOR('',#2296,10.);
#599=VECTOR('',#2301,10.);
#600=VECTOR('',#2306,10.);
#601=VECTOR('',#2309,10.);
#602=VECTOR('',#2310,10.);
#603=VECTOR('',#2317,10.);
#604=VECTOR('',#2320,10.);
#605=VECTOR('',#2323,10.);
#606=VECTOR('',#2324,10.);
#607=VECTOR('',#2329,10.);
#608=VECTOR('',#2332,10.);
#609=VECTOR('',#2335,10.);
#610=VECTOR('',#2338,10.);
#611=VECTOR('',#2345,10.);
#612=VECTOR('',#2348,10.);
#613=VECTOR('',#2349,10.);
#614=VECTOR('',#2354,10.);
#615=VECTOR('',#2359,10.);
#616=VECTOR('',#2362,10.);
#617=VECTOR('',#2365,10.);
#618=VECTOR('',#2368,10.);
#619=VECTOR('',#2371,10.);
#620=VECTOR('',#2374,10.);
#621=VECTOR('',#2377,10.);
#622=VECTOR('',#2382,10.);
#623=VECTOR('',#2389,10.);
#624=VECTOR('',#2392,10.);
#625=VECTOR('',#2397,10.);
#626=VECTOR('',#2398,10.);
#627=VECTOR('',#2401,10.);
#628=VECTOR('',#2408,10.);
#629=VECTOR('',#2409,10.);
#630=VECTOR('',#2410,10.);
#631=VECTOR('',#2413,10.);
#632=VECTOR('',#2420,10.);
#633=VECTOR('',#2421,10.);
#634=VECTOR('',#2422,10.);
#635=VECTOR('',#2425,10.);
#636=VECTOR('',#2432,10.);
#637=VECTOR('',#2433,10.);
#638=VECTOR('',#2434,10.);
#639=VECTOR('',#2439,10.);
#640=VECTOR('',#2444,10.);
#641=VECTOR('',#2445,10.);
#642=VECTOR('',#2446,10.);
#643=VECTOR('',#2449,10.);
#644=VECTOR('',#2456,10.);
#645=VECTOR('',#2457,10.);
#646=VECTOR('',#2458,10.);
#647=VECTOR('',#2461,10.);
#648=VECTOR('',#2468,10.);
#649=VECTOR('',#2469,10.);
#650=VECTOR('',#2472,10.);
#651=VECTOR('',#2473,10.);
#652=VECTOR('',#2476,10.);
#653=VECTOR('',#2479,10.);
#654=VECTOR('',#2482,10.);
#655=VECTOR('',#2485,10.);
#656=VECTOR('',#2488,10.);
#657=VECTOR('',#2495,10.);
#658=VECTOR('',#2498,10.);
#659=VECTOR('',#2499,10.);
#660=VECTOR('',#2502,10.);
#661=VECTOR('',#2505,10.);
#662=CIRCLE('',#1797,3.05);
#663=CIRCLE('',#1798,2.65);
#664=CIRCLE('',#1800,2.65);
#665=CIRCLE('',#1802,3.05);
#666=CIRCLE('',#1803,2.65);
#667=CIRCLE('',#1805,2.65);
#668=CIRCLE('',#1817,2.39999999999999);
#669=CIRCLE('',#1818,1.9);
#670=CIRCLE('',#1820,1.9);
#671=CIRCLE('',#1822,2.39999999999999);
#672=CIRCLE('',#1823,1.9);
#673=CIRCLE('',#1825,1.9);
#674=CIRCLE('',#1827,2.39999999999999);
#675=CIRCLE('',#1828,1.9);
#676=CIRCLE('',#1830,1.9);
#677=CIRCLE('',#1832,2.39999999999999);
#678=CIRCLE('',#1833,1.9);
#679=CIRCLE('',#1835,1.9);
#680=CIRCLE('',#1837,2.14999999999996);
#681=CIRCLE('',#1838,1.64999999999999);
#682=CIRCLE('',#1840,1.64999999999999);
#683=CIRCLE('',#1842,3.);
#684=CIRCLE('',#1843,3.);
#685=CIRCLE('',#1844,3.);
#686=CIRCLE('',#1845,3.);
#687=CIRCLE('',#1847,2.14999999999996);
#688=CIRCLE('',#1848,1.64999999999999);
#689=CIRCLE('',#1850,1.64999999999999);
#690=CIRCLE('',#1852,3.);
#691=CIRCLE('',#1853,3.);
#692=CIRCLE('',#1854,3.);
#693=CIRCLE('',#1855,3.);
#694=CIRCLE('',#1857,3.);
#695=CIRCLE('',#1858,3.);
#696=CIRCLE('',#1861,3.);
#697=CIRCLE('',#1862,3.);
#698=CIRCLE('',#1863,3.);
#699=CIRCLE('',#1864,3.);
#700=CIRCLE('',#1865,3.);
#701=CIRCLE('',#1866,3.);
#702=CIRCLE('',#1867,3.);
#703=CIRCLE('',#1868,3.);
#704=CIRCLE('',#1869,3.);
#705=CIRCLE('',#1870,3.);
#706=CIRCLE('',#1871,3.);
#707=CIRCLE('',#1873,3.);
#708=CIRCLE('',#1876,3.);
#709=CIRCLE('',#1878,1.);
#710=CIRCLE('',#1879,1.);
#711=CIRCLE('',#1880,5.00000000000002);
#712=CIRCLE('',#1881,1.);
#713=CIRCLE('',#1882,1.);
#714=CIRCLE('',#1883,1.);
#715=CIRCLE('',#1884,1.);
#716=CIRCLE('',#1886,3.);
#717=CIRCLE('',#1889,3.);
#718=CIRCLE('',#1891,3.);
#719=CIRCLE('',#1893,3.);
#720=CIRCLE('',#1896,3.);
#721=CIRCLE('',#1899,3.);
#722=CIRCLE('',#1901,3.);
#723=CIRCLE('',#1903,3.);
#724=CIRCLE('',#1905,3.);
#725=CIRCLE('',#1908,3.);
#726=CIRCLE('',#1910,3.);
#727=CIRCLE('',#1913,3.);
#728=CIRCLE('',#1915,3.);
#729=CIRCLE('',#1919,3.);
#730=CIRCLE('',#1922,3.);
#731=CIRCLE('',#1924,3.);
#732=CIRCLE('',#1926,3.);
#733=CIRCLE('',#1936,1.);
#734=CIRCLE('',#1937,0.599999999999961);
#735=CIRCLE('',#1940,1.);
#736=CIRCLE('',#1941,0.599999999999986);
#737=CIRCLE('',#1944,1.);
#738=CIRCLE('',#1945,0.599999999999961);
#739=CIRCLE('',#1948,1.);
#740=CIRCLE('',#1949,0.599999999999986);
#741=CIRCLE('',#1952,5.40000000000001);
#742=CIRCLE('',#1953,5.00000000000002);
#743=CIRCLE('',#1956,1.);
#744=CIRCLE('',#1957,0.599999999999961);
#745=CIRCLE('',#1960,1.);
#746=CIRCLE('',#1961,0.599999999999986);
#747=VERTEX_POINT('',#2512);
#748=VERTEX_POINT('',#2514);
#749=VERTEX_POINT('',#2518);
#750=VERTEX_POINT('',#2522);
#751=VERTEX_POINT('',#2524);
#752=VERTEX_POINT('',#2528);
#753=VERTEX_POINT('',#2532);
#754=VERTEX_POINT('',#2533);
#755=VERTEX_POINT('',#2535);
#756=VERTEX_POINT('',#2537);
#757=VERTEX_POINT('',#2541);
#758=VERTEX_POINT('',#2543);
#759=VERTEX_POINT('',#2547);
#760=VERTEX_POINT('',#2549);
#761=VERTEX_POINT('',#2557);
#762=VERTEX_POINT('',#2558);
#763=VERTEX_POINT('',#2560);
#764=VERTEX_POINT('',#2562);
#765=VERTEX_POINT('',#2566);
#766=VERTEX_POINT('',#2568);
#767=VERTEX_POINT('',#2572);
#768=VERTEX_POINT('',#2574);
#769=VERTEX_POINT('',#2582);
#770=VERTEX_POINT('',#2584);
#771=VERTEX_POINT('',#2588);
#772=VERTEX_POINT('',#2592);
#773=VERTEX_POINT('',#2594);
#774=VERTEX_POINT('',#2598);
#775=VERTEX_POINT('',#2602);
#776=VERTEX_POINT('',#2604);
#777=VERTEX_POINT('',#2608);
#778=VERTEX_POINT('',#2612);
#779=VERTEX_POINT('',#2614);
#780=VERTEX_POINT('',#2618);
#781=VERTEX_POINT('',#2622);
#782=VERTEX_POINT('',#2624);
#783=VERTEX_POINT('',#2628);
#784=VERTEX_POINT('',#2632);
#785=VERTEX_POINT('',#2633);
#786=VERTEX_POINT('',#2635);
#787=VERTEX_POINT('',#2637);
#788=VERTEX_POINT('',#2639);
#789=VERTEX_POINT('',#2641);
#790=VERTEX_POINT('',#2643);
#791=VERTEX_POINT('',#2645);
#792=VERTEX_POINT('',#2649);
#793=VERTEX_POINT('',#2651);
#794=VERTEX_POINT('',#2655);
#795=VERTEX_POINT('',#2659);
#796=VERTEX_POINT('',#2660);
#797=VERTEX_POINT('',#2662);
#798=VERTEX_POINT('',#2664);
#799=VERTEX_POINT('',#2666);
#800=VERTEX_POINT('',#2668);
#801=VERTEX_POINT('',#2670);
#802=VERTEX_POINT('',#2672);
#803=VERTEX_POINT('',#2676);
#804=VERTEX_POINT('',#2677);
#805=VERTEX_POINT('',#2679);
#806=VERTEX_POINT('',#2681);
#807=VERTEX_POINT('',#2685);
#808=VERTEX_POINT('',#2687);
#809=VERTEX_POINT('',#2691);
#810=VERTEX_POINT('',#2693);
#811=VERTEX_POINT('',#2695);
#812=VERTEX_POINT('',#2697);
#813=VERTEX_POINT('',#2699);
#814=VERTEX_POINT('',#2701);
#815=VERTEX_POINT('',#2703);
#816=VERTEX_POINT('',#2705);
#817=VERTEX_POINT('',#2707);
#818=VERTEX_POINT('',#2709);
#819=VERTEX_POINT('',#2711);
#820=VERTEX_POINT('',#2713);
#821=VERTEX_POINT('',#2715);
#822=VERTEX_POINT('',#2717);
#823=VERTEX_POINT('',#2719);
#824=VERTEX_POINT('',#2721);
#825=VERTEX_POINT('',#2723);
#826=VERTEX_POINT('',#2725);
#827=VERTEX_POINT('',#2727);
#828=VERTEX_POINT('',#2729);
#829=VERTEX_POINT('',#2731);
#830=VERTEX_POINT('',#2733);
#831=VERTEX_POINT('',#2735);
#832=VERTEX_POINT('',#2737);
#833=VERTEX_POINT('',#2739);
#834=VERTEX_POINT('',#2743);
#835=VERTEX_POINT('',#2744);
#836=VERTEX_POINT('',#2749);
#837=VERTEX_POINT('',#2753);
#838=VERTEX_POINT('',#2757);
#839=VERTEX_POINT('',#2759);
#840=VERTEX_POINT('',#2761);
#841=VERTEX_POINT('',#2763);
#842=VERTEX_POINT('',#2765);
#843=VERTEX_POINT('',#2767);
#844=VERTEX_POINT('',#2769);
#845=VERTEX_POINT('',#2771);
#846=VERTEX_POINT('',#2773);
#847=VERTEX_POINT('',#2775);
#848=VERTEX_POINT('',#2777);
#849=VERTEX_POINT('',#2779);
#850=VERTEX_POINT('',#2782);
#851=VERTEX_POINT('',#2784);
#852=VERTEX_POINT('',#2787);
#853=VERTEX_POINT('',#2789);
#854=VERTEX_POINT('',#2792);
#855=VERTEX_POINT('',#2794);
#856=VERTEX_POINT('',#2797);
#857=VERTEX_POINT('',#2799);
#858=VERTEX_POINT('',#2802);
#859=VERTEX_POINT('',#2806);
#860=VERTEX_POINT('',#2808);
#861=VERTEX_POINT('',#2812);
#862=VERTEX_POINT('',#2818);
#863=VERTEX_POINT('',#2822);
#864=VERTEX_POINT('',#2823);
#865=VERTEX_POINT('',#2830);
#866=VERTEX_POINT('',#2832);
#867=VERTEX_POINT('',#2836);
#868=VERTEX_POINT('',#2842);
#869=VERTEX_POINT('',#2846);
#870=VERTEX_POINT('',#2850);
#871=VERTEX_POINT('',#2854);
#872=VERTEX_POINT('',#2860);
#873=VERTEX_POINT('',#2862);
#874=VERTEX_POINT('',#2866);
#875=VERTEX_POINT('',#2870);
#876=VERTEX_POINT('',#2874);
#877=VERTEX_POINT('',#2882);
#878=VERTEX_POINT('',#2886);
#879=VERTEX_POINT('',#2890);
#880=VERTEX_POINT('',#2894);
#881=VERTEX_POINT('',#2898);
#882=VERTEX_POINT('',#2900);
#883=VERTEX_POINT('',#2917);
#884=VERTEX_POINT('',#2919);
#885=VERTEX_POINT('',#2921);
#886=VERTEX_POINT('',#2925);
#887=VERTEX_POINT('',#2929);
#888=VERTEX_POINT('',#2930);
#889=VERTEX_POINT('',#2935);
#890=VERTEX_POINT('',#2937);
#891=VERTEX_POINT('',#2941);
#892=VERTEX_POINT('',#2942);
#893=VERTEX_POINT('',#2947);
#894=VERTEX_POINT('',#2949);
#895=VERTEX_POINT('',#2953);
#896=VERTEX_POINT('',#2954);
#897=VERTEX_POINT('',#2959);
#898=VERTEX_POINT('',#2961);
#899=VERTEX_POINT('',#2965);
#900=VERTEX_POINT('',#2967);
#901=VERTEX_POINT('',#2971);
#902=VERTEX_POINT('',#2973);
#903=VERTEX_POINT('',#2977);
#904=VERTEX_POINT('',#2978);
#905=VERTEX_POINT('',#2983);
#906=VERTEX_POINT('',#2985);
#907=VERTEX_POINT('',#2989);
#908=VERTEX_POINT('',#2990);
#909=EDGE_CURVE('',#747,#747,#662,.T.);
#910=EDGE_CURVE('',#747,#748,#324,.T.);
#911=EDGE_CURVE('',#748,#748,#663,.T.);
#912=EDGE_CURVE('',#748,#749,#325,.T.);
#913=EDGE_CURVE('',#749,#749,#664,.T.);
#914=EDGE_CURVE('',#750,#750,#665,.T.);
#915=EDGE_CURVE('',#750,#751,#326,.T.);
#916=EDGE_CURVE('',#751,#751,#666,.T.);
#917=EDGE_CURVE('',#751,#752,#327,.T.);
#918=EDGE_CURVE('',#752,#752,#667,.T.);
#919=EDGE_CURVE('',#753,#754,#328,.T.);
#920=EDGE_CURVE('',#753,#755,#329,.T.);
#921=EDGE_CURVE('',#756,#755,#330,.T.);
#922=EDGE_CURVE('',#754,#756,#331,.T.);
#923=EDGE_CURVE('',#754,#757,#332,.T.);
#924=EDGE_CURVE('',#758,#756,#333,.T.);
#925=EDGE_CURVE('',#757,#758,#334,.T.);
#926=EDGE_CURVE('',#757,#759,#335,.T.);
#927=EDGE_CURVE('',#760,#758,#336,.T.);
#928=EDGE_CURVE('',#759,#760,#337,.T.);
#929=EDGE_CURVE('',#759,#753,#338,.T.);
#930=EDGE_CURVE('',#755,#760,#339,.T.);
#931=EDGE_CURVE('',#761,#762,#340,.T.);
#932=EDGE_CURVE('',#761,#763,#341,.T.);
#933=EDGE_CURVE('',#764,#763,#342,.T.);
#934=EDGE_CURVE('',#762,#764,#343,.T.);
#935=EDGE_CURVE('',#762,#765,#344,.T.);
#936=EDGE_CURVE('',#766,#764,#345,.T.);
#937=EDGE_CURVE('',#765,#766,#346,.T.);
#938=EDGE_CURVE('',#765,#767,#347,.T.);
#939=EDGE_CURVE('',#768,#766,#348,.T.);
#940=EDGE_CURVE('',#767,#768,#349,.T.);
#941=EDGE_CURVE('',#767,#761,#350,.T.);
#942=EDGE_CURVE('',#763,#768,#351,.T.);
#943=EDGE_CURVE('',#769,#769,#668,.T.);
#944=EDGE_CURVE('',#769,#770,#352,.T.);
#945=EDGE_CURVE('',#770,#770,#669,.T.);
#946=EDGE_CURVE('',#770,#771,#353,.T.);
#947=EDGE_CURVE('',#771,#771,#670,.T.);
#948=EDGE_CURVE('',#772,#772,#671,.T.);
#949=EDGE_CURVE('',#772,#773,#354,.T.);
#950=EDGE_CURVE('',#773,#773,#672,.T.);
#951=EDGE_CURVE('',#773,#774,#355,.T.);
#952=EDGE_CURVE('',#774,#774,#673,.T.);
#953=EDGE_CURVE('',#775,#775,#674,.T.);
#954=EDGE_CURVE('',#775,#776,#356,.T.);
#955=EDGE_CURVE('',#776,#776,#675,.T.);
#956=EDGE_CURVE('',#776,#777,#357,.T.);
#957=EDGE_CURVE('',#777,#777,#676,.T.);
#958=EDGE_CURVE('',#778,#778,#677,.T.);
#959=EDGE_CURVE('',#778,#779,#358,.T.);
#960=EDGE_CURVE('',#779,#779,#678,.T.);
#961=EDGE_CURVE('',#779,#780,#359,.T.);
#962=EDGE_CURVE('',#780,#780,#679,.T.);
#963=EDGE_CURVE('',#781,#781,#680,.T.);
#964=EDGE_CURVE('',#781,#782,#360,.T.);
#965=EDGE_CURVE('',#782,#782,#681,.T.);
#966=EDGE_CURVE('',#783,#783,#682,.T.);
#967=EDGE_CURVE('',#783,#782,#361,.T.);
#968=EDGE_CURVE('',#784,#785,#683,.T.);
#969=EDGE_CURVE('',#786,#784,#362,.T.);
#970=EDGE_CURVE('',#787,#786,#684,.T.);
#971=EDGE_CURVE('',#788,#787,#363,.T.);
#972=EDGE_CURVE('',#789,#788,#685,.T.);
#973=EDGE_CURVE('',#790,#789,#364,.T.);
#974=EDGE_CURVE('',#791,#790,#686,.T.);
#975=EDGE_CURVE('',#791,#785,#365,.T.);
#976=EDGE_CURVE('',#792,#792,#687,.T.);
#977=EDGE_CURVE('',#792,#793,#366,.T.);
#978=EDGE_CURVE('',#793,#793,#688,.T.);
#979=EDGE_CURVE('',#793,#794,#367,.T.);
#980=EDGE_CURVE('',#794,#794,#689,.T.);
#981=EDGE_CURVE('',#795,#796,#690,.T.);
#982=EDGE_CURVE('',#797,#795,#368,.T.);
#983=EDGE_CURVE('',#798,#797,#691,.T.);
#984=EDGE_CURVE('',#799,#798,#369,.T.);
#985=EDGE_CURVE('',#800,#799,#692,.T.);
#986=EDGE_CURVE('',#801,#800,#370,.T.);
#987=EDGE_CURVE('',#802,#801,#693,.T.);
#988=EDGE_CURVE('',#802,#796,#371,.T.);
#989=EDGE_CURVE('',#803,#804,#694,.T.);
#990=EDGE_CURVE('',#804,#805,#372,.T.);
#991=EDGE_CURVE('',#805,#806,#695,.T.);
#992=EDGE_CURVE('',#806,#803,#373,.T.);
#993=EDGE_CURVE('',#804,#807,#374,.T.);
#994=EDGE_CURVE('',#808,#807,#375,.T.);
#995=EDGE_CURVE('',#808,#805,#376,.T.);
#996=EDGE_CURVE('',#809,#803,#377,.T.);
#997=EDGE_CURVE('',#810,#809,#696,.T.);
#998=EDGE_CURVE('',#811,#810,#378,.T.);
#999=EDGE_CURVE('',#812,#811,#379,.T.);
#1000=EDGE_CURVE('',#813,#812,#380,.T.);
#1001=EDGE_CURVE('',#814,#813,#381,.T.);
#1002=EDGE_CURVE('',#815,#814,#382,.T.);
#1003=EDGE_CURVE('',#816,#815,#697,.T.);
#1004=EDGE_CURVE('',#816,#817,#383,.T.);
#1005=EDGE_CURVE('',#818,#817,#698,.T.);
#1006=EDGE_CURVE('',#819,#818,#384,.T.);
#1007=EDGE_CURVE('',#820,#819,#699,.T.);
#1008=EDGE_CURVE('',#821,#820,#385,.T.);
#1009=EDGE_CURVE('',#822,#821,#700,.T.);
#1010=EDGE_CURVE('',#823,#822,#386,.T.);
#1011=EDGE_CURVE('',#824,#823,#701,.T.);
#1012=EDGE_CURVE('',#824,#825,#387,.T.);
#1013=EDGE_CURVE('',#826,#825,#702,.T.);
#1014=EDGE_CURVE('',#827,#826,#388,.T.);
#1015=EDGE_CURVE('',#828,#827,#703,.T.);
#1016=EDGE_CURVE('',#829,#828,#389,.T.);
#1017=EDGE_CURVE('',#830,#829,#704,.T.);
#1018=EDGE_CURVE('',#831,#830,#390,.T.);
#1019=EDGE_CURVE('',#832,#831,#705,.T.);
#1020=EDGE_CURVE('',#832,#833,#391,.T.);
#1021=EDGE_CURVE('',#807,#833,#706,.T.);
#1022=EDGE_CURVE('',#834,#835,#707,.T.);
#1023=EDGE_CURVE('',#835,#795,#392,.T.);
#1024=EDGE_CURVE('',#796,#834,#393,.T.);
#1025=EDGE_CURVE('',#836,#802,#394,.T.);
#1026=EDGE_CURVE('',#836,#834,#395,.T.);
#1027=EDGE_CURVE('',#801,#837,#396,.T.);
#1028=EDGE_CURVE('',#837,#836,#708,.T.);
#1029=EDGE_CURVE('',#838,#800,#397,.T.);
#1030=EDGE_CURVE('',#838,#839,#398,.T.);
#1031=EDGE_CURVE('',#840,#839,#709,.T.);
#1032=EDGE_CURVE('',#840,#841,#399,.T.);
#1033=EDGE_CURVE('',#842,#841,#710,.T.);
#1034=EDGE_CURVE('',#843,#842,#400,.T.);
#1035=EDGE_CURVE('',#843,#844,#711,.T.);
#1036=EDGE_CURVE('',#844,#845,#401,.T.);
#1037=EDGE_CURVE('',#846,#845,#712,.T.);
#1038=EDGE_CURVE('',#846,#847,#402,.T.);
#1039=EDGE_CURVE('',#848,#847,#713,.T.);
#1040=EDGE_CURVE('',#848,#849,#403,.T.);
#1041=EDGE_CURVE('',#790,#849,#404,.T.);
#1042=EDGE_CURVE('',#850,#789,#405,.T.);
#1043=EDGE_CURVE('',#850,#851,#406,.T.);
#1044=EDGE_CURVE('',#811,#851,#714,.T.);
#1045=EDGE_CURVE('',#852,#810,#407,.T.);
#1046=EDGE_CURVE('',#852,#853,#408,.T.);
#1047=EDGE_CURVE('',#831,#853,#409,.T.);
#1048=EDGE_CURVE('',#854,#830,#410,.T.);
#1049=EDGE_CURVE('',#854,#855,#411,.T.);
#1050=EDGE_CURVE('',#823,#855,#412,.T.);
#1051=EDGE_CURVE('',#856,#822,#413,.T.);
#1052=EDGE_CURVE('',#856,#857,#414,.T.);
#1053=EDGE_CURVE('',#815,#857,#415,.T.);
#1054=EDGE_CURVE('',#858,#814,#715,.T.);
#1055=EDGE_CURVE('',#858,#837,#416,.T.);
#1056=EDGE_CURVE('',#797,#859,#417,.T.);
#1057=EDGE_CURVE('',#859,#860,#716,.T.);
#1058=EDGE_CURVE('',#860,#798,#418,.T.);
#1059=EDGE_CURVE('',#861,#860,#419,.T.);
#1060=EDGE_CURVE('',#799,#861,#420,.T.);
#1061=EDGE_CURVE('',#861,#838,#717,.T.);
#1062=EDGE_CURVE('',#849,#862,#718,.T.);
#1063=EDGE_CURVE('',#862,#791,#421,.T.);
#1064=EDGE_CURVE('',#863,#864,#719,.T.);
#1065=EDGE_CURVE('',#864,#784,#422,.T.);
#1066=EDGE_CURVE('',#785,#863,#423,.T.);
#1067=EDGE_CURVE('',#862,#863,#424,.T.);
#1068=EDGE_CURVE('',#786,#865,#425,.T.);
#1069=EDGE_CURVE('',#865,#866,#720,.T.);
#1070=EDGE_CURVE('',#866,#787,#426,.T.);
#1071=EDGE_CURVE('',#867,#866,#427,.T.);
#1072=EDGE_CURVE('',#788,#867,#428,.T.);
#1073=EDGE_CURVE('',#867,#850,#721,.T.);
#1074=EDGE_CURVE('',#868,#852,#722,.T.);
#1075=EDGE_CURVE('',#809,#868,#429,.T.);
#1076=EDGE_CURVE('',#869,#854,#723,.T.);
#1077=EDGE_CURVE('',#829,#869,#430,.T.);
#1078=EDGE_CURVE('',#853,#870,#724,.T.);
#1079=EDGE_CURVE('',#870,#832,#431,.T.);
#1080=EDGE_CURVE('',#870,#871,#432,.T.);
#1081=EDGE_CURVE('',#833,#871,#433,.T.);
#1082=EDGE_CURVE('',#871,#808,#725,.T.);
#1083=EDGE_CURVE('',#827,#872,#434,.T.);
#1084=EDGE_CURVE('',#872,#873,#726,.T.);
#1085=EDGE_CURVE('',#873,#828,#435,.T.);
#1086=EDGE_CURVE('',#874,#826,#436,.T.);
#1087=EDGE_CURVE('',#874,#872,#437,.T.);
#1088=EDGE_CURVE('',#875,#874,#727,.T.);
#1089=EDGE_CURVE('',#825,#875,#438,.T.);
#1090=EDGE_CURVE('',#876,#875,#439,.T.);
#1091=EDGE_CURVE('',#855,#876,#728,.T.);
#1092=EDGE_CURVE('',#869,#873,#440,.T.);
#1093=EDGE_CURVE('',#876,#824,#441,.T.);
#1094=EDGE_CURVE('',#857,#877,#729,.T.);
#1095=EDGE_CURVE('',#877,#816,#442,.T.);
#1096=EDGE_CURVE('',#877,#878,#443,.T.);
#1097=EDGE_CURVE('',#817,#878,#444,.T.);
#1098=EDGE_CURVE('',#879,#856,#730,.T.);
#1099=EDGE_CURVE('',#821,#879,#445,.T.);
#1100=EDGE_CURVE('',#878,#880,#731,.T.);
#1101=EDGE_CURVE('',#880,#818,#446,.T.);
#1102=EDGE_CURVE('',#819,#881,#447,.T.);
#1103=EDGE_CURVE('',#881,#882,#732,.T.);
#1104=EDGE_CURVE('',#882,#820,#448,.T.);
#1105=EDGE_CURVE('',#879,#882,#449,.T.);
#1106=EDGE_CURVE('',#835,#859,#450,.T.);
#1107=EDGE_CURVE('',#864,#865,#451,.T.);
#1108=EDGE_CURVE('',#880,#881,#452,.T.);
#1109=EDGE_CURVE('',#868,#806,#453,.T.);
#1110=EDGE_CURVE('',#883,#812,#454,.T.);
#1111=EDGE_CURVE('',#812,#884,#733,.T.);
#1112=EDGE_CURVE('',#884,#885,#455,.T.);
#1113=EDGE_CURVE('',#885,#883,#734,.T.);
#1114=EDGE_CURVE('',#883,#886,#456,.T.);
#1115=EDGE_CURVE('',#886,#813,#457,.T.);
#1116=EDGE_CURVE('',#887,#888,#458,.T.);
#1117=EDGE_CURVE('',#888,#813,#735,.T.);
#1118=EDGE_CURVE('',#886,#887,#736,.T.);
#1119=EDGE_CURVE('',#887,#889,#459,.T.);
#1120=EDGE_CURVE('',#889,#890,#460,.T.);
#1121=EDGE_CURVE('',#890,#888,#461,.T.);
#1122=EDGE_CURVE('',#891,#892,#462,.T.);
#1123=EDGE_CURVE('',#892,#890,#737,.T.);
#1124=EDGE_CURVE('',#889,#891,#738,.T.);
#1125=EDGE_CURVE('',#891,#893,#463,.T.);
#1126=EDGE_CURVE('',#893,#894,#464,.T.);
#1127=EDGE_CURVE('',#894,#892,#465,.T.);
#1128=EDGE_CURVE('',#895,#896,#466,.T.);
#1129=EDGE_CURVE('',#896,#894,#739,.T.);
#1130=EDGE_CURVE('',#893,#895,#740,.T.);
#1131=EDGE_CURVE('',#895,#897,#467,.T.);
#1132=EDGE_CURVE('',#897,#898,#468,.T.);
#1133=EDGE_CURVE('',#898,#896,#469,.T.);
#1134=EDGE_CURVE('',#897,#899,#741,.T.);
#1135=EDGE_CURVE('',#899,#900,#470,.T.);
#1136=EDGE_CURVE('',#900,#898,#742,.T.);
#1137=EDGE_CURVE('',#899,#901,#471,.T.);
#1138=EDGE_CURVE('',#901,#902,#472,.T.);
#1139=EDGE_CURVE('',#902,#900,#473,.T.);
#1140=EDGE_CURVE('',#903,#904,#474,.T.);
#1141=EDGE_CURVE('',#904,#902,#743,.T.);
#1142=EDGE_CURVE('',#901,#903,#744,.T.);
#1143=EDGE_CURVE('',#903,#905,#475,.T.);
#1144=EDGE_CURVE('',#905,#906,#476,.T.);
#1145=EDGE_CURVE('',#906,#904,#477,.T.);
#1146=EDGE_CURVE('',#907,#908,#478,.T.);
#1147=EDGE_CURVE('',#908,#906,#745,.T.);
#1148=EDGE_CURVE('',#905,#907,#746,.T.);
#1149=EDGE_CURVE('',#907,#885,#479,.T.);
#1150=EDGE_CURVE('',#884,#908,#480,.T.);
#1151=EDGE_CURVE('',#844,#900,#481,.T.);
#1152=EDGE_CURVE('',#843,#898,#482,.T.);
#1153=EDGE_CURVE('',#845,#902,#483,.T.);
#1154=EDGE_CURVE('',#904,#846,#484,.T.);
#1155=EDGE_CURVE('',#847,#906,#485,.T.);
#1156=EDGE_CURVE('',#908,#848,#486,.T.);
#1157=EDGE_CURVE('',#851,#884,#487,.T.);
#1158=EDGE_CURVE('',#888,#858,#488,.T.);
#1159=EDGE_CURVE('',#896,#842,#489,.T.);
#1160=EDGE_CURVE('',#841,#894,#490,.T.);
#1161=EDGE_CURVE('',#892,#840,#491,.T.);
#1162=EDGE_CURVE('',#839,#890,#492,.T.);
#1163=ORIENTED_EDGE('',*,*,#909,.F.);
#1164=ORIENTED_EDGE('',*,*,#910,.T.);
#1165=ORIENTED_EDGE('',*,*,#911,.T.);
#1166=ORIENTED_EDGE('',*,*,#910,.F.);
#1167=ORIENTED_EDGE('',*,*,#911,.F.);
#1168=ORIENTED_EDGE('',*,*,#912,.T.);
#1169=ORIENTED_EDGE('',*,*,#913,.F.);
#1170=ORIENTED_EDGE('',*,*,#912,.F.);
#1171=ORIENTED_EDGE('',*,*,#914,.F.);
#1172=ORIENTED_EDGE('',*,*,#915,.T.);
#1173=ORIENTED_EDGE('',*,*,#916,.T.);
#1174=ORIENTED_EDGE('',*,*,#915,.F.);
#1175=ORIENTED_EDGE('',*,*,#916,.F.);
#1176=ORIENTED_EDGE('',*,*,#917,.T.);
#1177=ORIENTED_EDGE('',*,*,#918,.F.);
#1178=ORIENTED_EDGE('',*,*,#917,.F.);
#1179=ORIENTED_EDGE('',*,*,#919,.F.);
#1180=ORIENTED_EDGE('',*,*,#920,.T.);
#1181=ORIENTED_EDGE('',*,*,#921,.F.);
#1182=ORIENTED_EDGE('',*,*,#922,.F.);
#1183=ORIENTED_EDGE('',*,*,#923,.F.);
#1184=ORIENTED_EDGE('',*,*,#922,.T.);
#1185=ORIENTED_EDGE('',*,*,#924,.F.);
#1186=ORIENTED_EDGE('',*,*,#925,.F.);
#1187=ORIENTED_EDGE('',*,*,#926,.F.);
#1188=ORIENTED_EDGE('',*,*,#925,.T.);
#1189=ORIENTED_EDGE('',*,*,#927,.F.);
#1190=ORIENTED_EDGE('',*,*,#928,.F.);
#1191=ORIENTED_EDGE('',*,*,#929,.F.);
#1192=ORIENTED_EDGE('',*,*,#928,.T.);
#1193=ORIENTED_EDGE('',*,*,#930,.F.);
#1194=ORIENTED_EDGE('',*,*,#920,.F.);
#1195=ORIENTED_EDGE('',*,*,#930,.T.);
#1196=ORIENTED_EDGE('',*,*,#927,.T.);
#1197=ORIENTED_EDGE('',*,*,#924,.T.);
#1198=ORIENTED_EDGE('',*,*,#921,.T.);
#1199=ORIENTED_EDGE('',*,*,#913,.T.);
#1200=ORIENTED_EDGE('',*,*,#931,.F.);
#1201=ORIENTED_EDGE('',*,*,#932,.T.);
#1202=ORIENTED_EDGE('',*,*,#933,.F.);
#1203=ORIENTED_EDGE('',*,*,#934,.F.);
#1204=ORIENTED_EDGE('',*,*,#935,.F.);
#1205=ORIENTED_EDGE('',*,*,#934,.T.);
#1206=ORIENTED_EDGE('',*,*,#936,.F.);
#1207=ORIENTED_EDGE('',*,*,#937,.F.);
#1208=ORIENTED_EDGE('',*,*,#938,.F.);
#1209=ORIENTED_EDGE('',*,*,#937,.T.);
#1210=ORIENTED_EDGE('',*,*,#939,.F.);
#1211=ORIENTED_EDGE('',*,*,#940,.F.);
#1212=ORIENTED_EDGE('',*,*,#941,.F.);
#1213=ORIENTED_EDGE('',*,*,#940,.T.);
#1214=ORIENTED_EDGE('',*,*,#942,.F.);
#1215=ORIENTED_EDGE('',*,*,#932,.F.);
#1216=ORIENTED_EDGE('',*,*,#942,.T.);
#1217=ORIENTED_EDGE('',*,*,#939,.T.);
#1218=ORIENTED_EDGE('',*,*,#936,.T.);
#1219=ORIENTED_EDGE('',*,*,#933,.T.);
#1220=ORIENTED_EDGE('',*,*,#918,.T.);
#1221=ORIENTED_EDGE('',*,*,#943,.F.);
#1222=ORIENTED_EDGE('',*,*,#944,.T.);
#1223=ORIENTED_EDGE('',*,*,#945,.T.);
#1224=ORIENTED_EDGE('',*,*,#944,.F.);
#1225=ORIENTED_EDGE('',*,*,#945,.F.);
#1226=ORIENTED_EDGE('',*,*,#946,.T.);
#1227=ORIENTED_EDGE('',*,*,#947,.F.);
#1228=ORIENTED_EDGE('',*,*,#946,.F.);
#1229=ORIENTED_EDGE('',*,*,#948,.F.);
#1230=ORIENTED_EDGE('',*,*,#949,.T.);
#1231=ORIENTED_EDGE('',*,*,#950,.T.);
#1232=ORIENTED_EDGE('',*,*,#949,.F.);
#1233=ORIENTED_EDGE('',*,*,#950,.F.);
#1234=ORIENTED_EDGE('',*,*,#951,.T.);
#1235=ORIENTED_EDGE('',*,*,#952,.F.);
#1236=ORIENTED_EDGE('',*,*,#951,.F.);
#1237=ORIENTED_EDGE('',*,*,#953,.F.);
#1238=ORIENTED_EDGE('',*,*,#954,.T.);
#1239=ORIENTED_EDGE('',*,*,#955,.T.);
#1240=ORIENTED_EDGE('',*,*,#954,.F.);
#1241=ORIENTED_EDGE('',*,*,#955,.F.);
#1242=ORIENTED_EDGE('',*,*,#956,.T.);
#1243=ORIENTED_EDGE('',*,*,#957,.F.);
#1244=ORIENTED_EDGE('',*,*,#956,.F.);
#1245=ORIENTED_EDGE('',*,*,#958,.F.);
#1246=ORIENTED_EDGE('',*,*,#959,.T.);
#1247=ORIENTED_EDGE('',*,*,#960,.T.);
#1248=ORIENTED_EDGE('',*,*,#959,.F.);
#1249=ORIENTED_EDGE('',*,*,#960,.F.);
#1250=ORIENTED_EDGE('',*,*,#961,.T.);
#1251=ORIENTED_EDGE('',*,*,#962,.F.);
#1252=ORIENTED_EDGE('',*,*,#961,.F.);
#1253=ORIENTED_EDGE('',*,*,#963,.T.);
#1254=ORIENTED_EDGE('',*,*,#964,.T.);
#1255=ORIENTED_EDGE('',*,*,#965,.T.);
#1256=ORIENTED_EDGE('',*,*,#964,.F.);
#1257=ORIENTED_EDGE('',*,*,#966,.F.);
#1258=ORIENTED_EDGE('',*,*,#967,.T.);
#1259=ORIENTED_EDGE('',*,*,#965,.F.);
#1260=ORIENTED_EDGE('',*,*,#967,.F.);
#1261=ORIENTED_EDGE('',*,*,#968,.F.);
#1262=ORIENTED_EDGE('',*,*,#969,.F.);
#1263=ORIENTED_EDGE('',*,*,#970,.F.);
#1264=ORIENTED_EDGE('',*,*,#971,.F.);
#1265=ORIENTED_EDGE('',*,*,#972,.F.);
#1266=ORIENTED_EDGE('',*,*,#973,.F.);
#1267=ORIENTED_EDGE('',*,*,#974,.F.);
#1268=ORIENTED_EDGE('',*,*,#975,.T.);
#1269=ORIENTED_EDGE('',*,*,#963,.F.);
#1270=ORIENTED_EDGE('',*,*,#976,.T.);
#1271=ORIENTED_EDGE('',*,*,#977,.T.);
#1272=ORIENTED_EDGE('',*,*,#978,.T.);
#1273=ORIENTED_EDGE('',*,*,#977,.F.);
#1274=ORIENTED_EDGE('',*,*,#978,.F.);
#1275=ORIENTED_EDGE('',*,*,#979,.T.);
#1276=ORIENTED_EDGE('',*,*,#980,.F.);
#1277=ORIENTED_EDGE('',*,*,#979,.F.);
#1278=ORIENTED_EDGE('',*,*,#981,.F.);
#1279=ORIENTED_EDGE('',*,*,#982,.F.);
#1280=ORIENTED_EDGE('',*,*,#983,.F.);
#1281=ORIENTED_EDGE('',*,*,#984,.F.);
#1282=ORIENTED_EDGE('',*,*,#985,.F.);
#1283=ORIENTED_EDGE('',*,*,#986,.F.);
#1284=ORIENTED_EDGE('',*,*,#987,.F.);
#1285=ORIENTED_EDGE('',*,*,#988,.T.);
#1286=ORIENTED_EDGE('',*,*,#976,.F.);
#1287=ORIENTED_EDGE('',*,*,#989,.T.);
#1288=ORIENTED_EDGE('',*,*,#990,.T.);
#1289=ORIENTED_EDGE('',*,*,#991,.T.);
#1290=ORIENTED_EDGE('',*,*,#992,.T.);
#1291=ORIENTED_EDGE('',*,*,#990,.F.);
#1292=ORIENTED_EDGE('',*,*,#993,.T.);
#1293=ORIENTED_EDGE('',*,*,#994,.F.);
#1294=ORIENTED_EDGE('',*,*,#995,.T.);
#1295=ORIENTED_EDGE('',*,*,#989,.F.);
#1296=ORIENTED_EDGE('',*,*,#996,.F.);
#1297=ORIENTED_EDGE('',*,*,#997,.F.);
#1298=ORIENTED_EDGE('',*,*,#998,.F.);
#1299=ORIENTED_EDGE('',*,*,#999,.F.);
#1300=ORIENTED_EDGE('',*,*,#1000,.F.);
#1301=ORIENTED_EDGE('',*,*,#1001,.F.);
#1302=ORIENTED_EDGE('',*,*,#1002,.F.);
#1303=ORIENTED_EDGE('',*,*,#1003,.F.);
#1304=ORIENTED_EDGE('',*,*,#1004,.T.);
#1305=ORIENTED_EDGE('',*,*,#1005,.F.);
#1306=ORIENTED_EDGE('',*,*,#1006,.F.);
#1307=ORIENTED_EDGE('',*,*,#1007,.F.);
#1308=ORIENTED_EDGE('',*,*,#1008,.F.);
#1309=ORIENTED_EDGE('',*,*,#1009,.F.);
#1310=ORIENTED_EDGE('',*,*,#1010,.F.);
#1311=ORIENTED_EDGE('',*,*,#1011,.F.);
#1312=ORIENTED_EDGE('',*,*,#1012,.T.);
#1313=ORIENTED_EDGE('',*,*,#1013,.F.);
#1314=ORIENTED_EDGE('',*,*,#1014,.F.);
#1315=ORIENTED_EDGE('',*,*,#1015,.F.);
#1316=ORIENTED_EDGE('',*,*,#1016,.F.);
#1317=ORIENTED_EDGE('',*,*,#1017,.F.);
#1318=ORIENTED_EDGE('',*,*,#1018,.F.);
#1319=ORIENTED_EDGE('',*,*,#1019,.F.);
#1320=ORIENTED_EDGE('',*,*,#1020,.T.);
#1321=ORIENTED_EDGE('',*,*,#1021,.F.);
#1322=ORIENTED_EDGE('',*,*,#993,.F.);
#1323=ORIENTED_EDGE('',*,*,#943,.T.);
#1324=ORIENTED_EDGE('',*,*,#948,.T.);
#1325=ORIENTED_EDGE('',*,*,#953,.T.);
#1326=ORIENTED_EDGE('',*,*,#958,.T.);
#1327=ORIENTED_EDGE('',*,*,#1022,.T.);
#1328=ORIENTED_EDGE('',*,*,#1023,.T.);
#1329=ORIENTED_EDGE('',*,*,#981,.T.);
#1330=ORIENTED_EDGE('',*,*,#1024,.T.);
#1331=ORIENTED_EDGE('',*,*,#1024,.F.);
#1332=ORIENTED_EDGE('',*,*,#988,.F.);
#1333=ORIENTED_EDGE('',*,*,#1025,.F.);
#1334=ORIENTED_EDGE('',*,*,#1026,.T.);
#1335=ORIENTED_EDGE('',*,*,#987,.T.);
#1336=ORIENTED_EDGE('',*,*,#1027,.T.);
#1337=ORIENTED_EDGE('',*,*,#1028,.T.);
#1338=ORIENTED_EDGE('',*,*,#1025,.T.);
#1339=ORIENTED_EDGE('',*,*,#1027,.F.);
#1340=ORIENTED_EDGE('',*,*,#986,.T.);
#1341=ORIENTED_EDGE('',*,*,#1029,.F.);
#1342=ORIENTED_EDGE('',*,*,#1030,.T.);
#1343=ORIENTED_EDGE('',*,*,#1031,.F.);
#1344=ORIENTED_EDGE('',*,*,#1032,.T.);
#1345=ORIENTED_EDGE('',*,*,#1033,.F.);
#1346=ORIENTED_EDGE('',*,*,#1034,.F.);
#1347=ORIENTED_EDGE('',*,*,#1035,.T.);
#1348=ORIENTED_EDGE('',*,*,#1036,.T.);
#1349=ORIENTED_EDGE('',*,*,#1037,.F.);
#1350=ORIENTED_EDGE('',*,*,#1038,.T.);
#1351=ORIENTED_EDGE('',*,*,#1039,.F.);
#1352=ORIENTED_EDGE('',*,*,#1040,.T.);
#1353=ORIENTED_EDGE('',*,*,#1041,.F.);
#1354=ORIENTED_EDGE('',*,*,#973,.T.);
#1355=ORIENTED_EDGE('',*,*,#1042,.F.);
#1356=ORIENTED_EDGE('',*,*,#1043,.T.);
#1357=ORIENTED_EDGE('',*,*,#1044,.F.);
#1358=ORIENTED_EDGE('',*,*,#998,.T.);
#1359=ORIENTED_EDGE('',*,*,#1045,.F.);
#1360=ORIENTED_EDGE('',*,*,#1046,.T.);
#1361=ORIENTED_EDGE('',*,*,#1047,.F.);
#1362=ORIENTED_EDGE('',*,*,#1018,.T.);
#1363=ORIENTED_EDGE('',*,*,#1048,.F.);
#1364=ORIENTED_EDGE('',*,*,#1049,.T.);
#1365=ORIENTED_EDGE('',*,*,#1050,.F.);
#1366=ORIENTED_EDGE('',*,*,#1010,.T.);
#1367=ORIENTED_EDGE('',*,*,#1051,.F.);
#1368=ORIENTED_EDGE('',*,*,#1052,.T.);
#1369=ORIENTED_EDGE('',*,*,#1053,.F.);
#1370=ORIENTED_EDGE('',*,*,#1002,.T.);
#1371=ORIENTED_EDGE('',*,*,#1054,.F.);
#1372=ORIENTED_EDGE('',*,*,#1055,.T.);
#1373=ORIENTED_EDGE('',*,*,#919,.T.);
#1374=ORIENTED_EDGE('',*,*,#923,.T.);
#1375=ORIENTED_EDGE('',*,*,#926,.T.);
#1376=ORIENTED_EDGE('',*,*,#929,.T.);
#1377=ORIENTED_EDGE('',*,*,#931,.T.);
#1378=ORIENTED_EDGE('',*,*,#935,.T.);
#1379=ORIENTED_EDGE('',*,*,#938,.T.);
#1380=ORIENTED_EDGE('',*,*,#941,.T.);
#1381=ORIENTED_EDGE('',*,*,#983,.T.);
#1382=ORIENTED_EDGE('',*,*,#1056,.T.);
#1383=ORIENTED_EDGE('',*,*,#1057,.T.);
#1384=ORIENTED_EDGE('',*,*,#1058,.T.);
#1385=ORIENTED_EDGE('',*,*,#1058,.F.);
#1386=ORIENTED_EDGE('',*,*,#1059,.F.);
#1387=ORIENTED_EDGE('',*,*,#1060,.F.);
#1388=ORIENTED_EDGE('',*,*,#984,.T.);
#1389=ORIENTED_EDGE('',*,*,#985,.T.);
#1390=ORIENTED_EDGE('',*,*,#1060,.T.);
#1391=ORIENTED_EDGE('',*,*,#1061,.T.);
#1392=ORIENTED_EDGE('',*,*,#1029,.T.);
#1393=ORIENTED_EDGE('',*,*,#974,.T.);
#1394=ORIENTED_EDGE('',*,*,#1041,.T.);
#1395=ORIENTED_EDGE('',*,*,#1062,.T.);
#1396=ORIENTED_EDGE('',*,*,#1063,.T.);
#1397=ORIENTED_EDGE('',*,*,#1064,.T.);
#1398=ORIENTED_EDGE('',*,*,#1065,.T.);
#1399=ORIENTED_EDGE('',*,*,#968,.T.);
#1400=ORIENTED_EDGE('',*,*,#1066,.T.);
#1401=ORIENTED_EDGE('',*,*,#1063,.F.);
#1402=ORIENTED_EDGE('',*,*,#1067,.T.);
#1403=ORIENTED_EDGE('',*,*,#1066,.F.);
#1404=ORIENTED_EDGE('',*,*,#975,.F.);
#1405=ORIENTED_EDGE('',*,*,#970,.T.);
#1406=ORIENTED_EDGE('',*,*,#1068,.T.);
#1407=ORIENTED_EDGE('',*,*,#1069,.T.);
#1408=ORIENTED_EDGE('',*,*,#1070,.T.);
#1409=ORIENTED_EDGE('',*,*,#1070,.F.);
#1410=ORIENTED_EDGE('',*,*,#1071,.F.);
#1411=ORIENTED_EDGE('',*,*,#1072,.F.);
#1412=ORIENTED_EDGE('',*,*,#971,.T.);
#1413=ORIENTED_EDGE('',*,*,#972,.T.);
#1414=ORIENTED_EDGE('',*,*,#1072,.T.);
#1415=ORIENTED_EDGE('',*,*,#1073,.T.);
#1416=ORIENTED_EDGE('',*,*,#1042,.T.);
#1417=ORIENTED_EDGE('',*,*,#1074,.T.);
#1418=ORIENTED_EDGE('',*,*,#1045,.T.);
#1419=ORIENTED_EDGE('',*,*,#997,.T.);
#1420=ORIENTED_EDGE('',*,*,#1075,.T.);
#1421=ORIENTED_EDGE('',*,*,#1076,.T.);
#1422=ORIENTED_EDGE('',*,*,#1048,.T.);
#1423=ORIENTED_EDGE('',*,*,#1017,.T.);
#1424=ORIENTED_EDGE('',*,*,#1077,.T.);
#1425=ORIENTED_EDGE('',*,*,#1078,.T.);
#1426=ORIENTED_EDGE('',*,*,#1079,.T.);
#1427=ORIENTED_EDGE('',*,*,#1019,.T.);
#1428=ORIENTED_EDGE('',*,*,#1047,.T.);
#1429=ORIENTED_EDGE('',*,*,#1079,.F.);
#1430=ORIENTED_EDGE('',*,*,#1080,.T.);
#1431=ORIENTED_EDGE('',*,*,#1081,.F.);
#1432=ORIENTED_EDGE('',*,*,#1020,.F.);
#1433=ORIENTED_EDGE('',*,*,#1082,.T.);
#1434=ORIENTED_EDGE('',*,*,#994,.T.);
#1435=ORIENTED_EDGE('',*,*,#1021,.T.);
#1436=ORIENTED_EDGE('',*,*,#1081,.T.);
#1437=ORIENTED_EDGE('',*,*,#1015,.T.);
#1438=ORIENTED_EDGE('',*,*,#1083,.T.);
#1439=ORIENTED_EDGE('',*,*,#1084,.T.);
#1440=ORIENTED_EDGE('',*,*,#1085,.T.);
#1441=ORIENTED_EDGE('',*,*,#1083,.F.);
#1442=ORIENTED_EDGE('',*,*,#1014,.T.);
#1443=ORIENTED_EDGE('',*,*,#1086,.F.);
#1444=ORIENTED_EDGE('',*,*,#1087,.T.);
#1445=ORIENTED_EDGE('',*,*,#1088,.T.);
#1446=ORIENTED_EDGE('',*,*,#1086,.T.);
#1447=ORIENTED_EDGE('',*,*,#1013,.T.);
#1448=ORIENTED_EDGE('',*,*,#1089,.T.);
#1449=ORIENTED_EDGE('',*,*,#1084,.F.);
#1450=ORIENTED_EDGE('',*,*,#1087,.F.);
#1451=ORIENTED_EDGE('',*,*,#1088,.F.);
#1452=ORIENTED_EDGE('',*,*,#1090,.F.);
#1453=ORIENTED_EDGE('',*,*,#1091,.F.);
#1454=ORIENTED_EDGE('',*,*,#1049,.F.);
#1455=ORIENTED_EDGE('',*,*,#1076,.F.);
#1456=ORIENTED_EDGE('',*,*,#1092,.T.);
#1457=ORIENTED_EDGE('',*,*,#947,.T.);
#1458=ORIENTED_EDGE('',*,*,#957,.T.);
#1459=ORIENTED_EDGE('',*,*,#1089,.F.);
#1460=ORIENTED_EDGE('',*,*,#1012,.F.);
#1461=ORIENTED_EDGE('',*,*,#1093,.F.);
#1462=ORIENTED_EDGE('',*,*,#1090,.T.);
#1463=ORIENTED_EDGE('',*,*,#1091,.T.);
#1464=ORIENTED_EDGE('',*,*,#1093,.T.);
#1465=ORIENTED_EDGE('',*,*,#1011,.T.);
#1466=ORIENTED_EDGE('',*,*,#1050,.T.);
#1467=ORIENTED_EDGE('',*,*,#1094,.T.);
#1468=ORIENTED_EDGE('',*,*,#1095,.T.);
#1469=ORIENTED_EDGE('',*,*,#1003,.T.);
#1470=ORIENTED_EDGE('',*,*,#1053,.T.);
#1471=ORIENTED_EDGE('',*,*,#1095,.F.);
#1472=ORIENTED_EDGE('',*,*,#1096,.T.);
#1473=ORIENTED_EDGE('',*,*,#1097,.F.);
#1474=ORIENTED_EDGE('',*,*,#1004,.F.);
#1475=ORIENTED_EDGE('',*,*,#1098,.T.);
#1476=ORIENTED_EDGE('',*,*,#1051,.T.);
#1477=ORIENTED_EDGE('',*,*,#1009,.T.);
#1478=ORIENTED_EDGE('',*,*,#1099,.T.);
#1479=ORIENTED_EDGE('',*,*,#1100,.T.);
#1480=ORIENTED_EDGE('',*,*,#1101,.T.);
#1481=ORIENTED_EDGE('',*,*,#1005,.T.);
#1482=ORIENTED_EDGE('',*,*,#1097,.T.);
#1483=ORIENTED_EDGE('',*,*,#1007,.T.);
#1484=ORIENTED_EDGE('',*,*,#1102,.T.);
#1485=ORIENTED_EDGE('',*,*,#1103,.T.);
#1486=ORIENTED_EDGE('',*,*,#1104,.T.);
#1487=ORIENTED_EDGE('',*,*,#1099,.F.);
#1488=ORIENTED_EDGE('',*,*,#1008,.T.);
#1489=ORIENTED_EDGE('',*,*,#1104,.F.);
#1490=ORIENTED_EDGE('',*,*,#1105,.F.);
#1491=ORIENTED_EDGE('',*,*,#1023,.F.);
#1492=ORIENTED_EDGE('',*,*,#1106,.T.);
#1493=ORIENTED_EDGE('',*,*,#1056,.F.);
#1494=ORIENTED_EDGE('',*,*,#982,.T.);
#1495=ORIENTED_EDGE('',*,*,#1065,.F.);
#1496=ORIENTED_EDGE('',*,*,#1107,.T.);
#1497=ORIENTED_EDGE('',*,*,#1068,.F.);
#1498=ORIENTED_EDGE('',*,*,#969,.T.);
#1499=ORIENTED_EDGE('',*,*,#1100,.F.);
#1500=ORIENTED_EDGE('',*,*,#1096,.F.);
#1501=ORIENTED_EDGE('',*,*,#1094,.F.);
#1502=ORIENTED_EDGE('',*,*,#1052,.F.);
#1503=ORIENTED_EDGE('',*,*,#1098,.F.);
#1504=ORIENTED_EDGE('',*,*,#1105,.T.);
#1505=ORIENTED_EDGE('',*,*,#1103,.F.);
#1506=ORIENTED_EDGE('',*,*,#1108,.F.);
#1507=ORIENTED_EDGE('',*,*,#952,.T.);
#1508=ORIENTED_EDGE('',*,*,#1101,.F.);
#1509=ORIENTED_EDGE('',*,*,#1108,.T.);
#1510=ORIENTED_EDGE('',*,*,#1102,.F.);
#1511=ORIENTED_EDGE('',*,*,#1006,.T.);
#1512=ORIENTED_EDGE('',*,*,#992,.F.);
#1513=ORIENTED_EDGE('',*,*,#1109,.F.);
#1514=ORIENTED_EDGE('',*,*,#1075,.F.);
#1515=ORIENTED_EDGE('',*,*,#996,.T.);
#1516=ORIENTED_EDGE('',*,*,#991,.F.);
#1517=ORIENTED_EDGE('',*,*,#995,.F.);
#1518=ORIENTED_EDGE('',*,*,#1082,.F.);
#1519=ORIENTED_EDGE('',*,*,#1080,.F.);
#1520=ORIENTED_EDGE('',*,*,#1078,.F.);
#1521=ORIENTED_EDGE('',*,*,#1046,.F.);
#1522=ORIENTED_EDGE('',*,*,#1074,.F.);
#1523=ORIENTED_EDGE('',*,*,#1109,.T.);
#1524=ORIENTED_EDGE('',*,*,#962,.T.);
#1525=ORIENTED_EDGE('',*,*,#1077,.F.);
#1526=ORIENTED_EDGE('',*,*,#1016,.T.);
#1527=ORIENTED_EDGE('',*,*,#1085,.F.);
#1528=ORIENTED_EDGE('',*,*,#1092,.F.);
#1529=ORIENTED_EDGE('',*,*,#1110,.T.);
#1530=ORIENTED_EDGE('',*,*,#1111,.T.);
#1531=ORIENTED_EDGE('',*,*,#1112,.T.);
#1532=ORIENTED_EDGE('',*,*,#1113,.T.);
#1533=ORIENTED_EDGE('',*,*,#1110,.F.);
#1534=ORIENTED_EDGE('',*,*,#1114,.T.);
#1535=ORIENTED_EDGE('',*,*,#1115,.T.);
#1536=ORIENTED_EDGE('',*,*,#1000,.T.);
#1537=ORIENTED_EDGE('',*,*,#1116,.T.);
#1538=ORIENTED_EDGE('',*,*,#1117,.T.);
#1539=ORIENTED_EDGE('',*,*,#1115,.F.);
#1540=ORIENTED_EDGE('',*,*,#1118,.T.);
#1541=ORIENTED_EDGE('',*,*,#1116,.F.);
#1542=ORIENTED_EDGE('',*,*,#1119,.T.);
#1543=ORIENTED_EDGE('',*,*,#1120,.T.);
#1544=ORIENTED_EDGE('',*,*,#1121,.T.);
#1545=ORIENTED_EDGE('',*,*,#1122,.T.);
#1546=ORIENTED_EDGE('',*,*,#1123,.T.);
#1547=ORIENTED_EDGE('',*,*,#1120,.F.);
#1548=ORIENTED_EDGE('',*,*,#1124,.T.);
#1549=ORIENTED_EDGE('',*,*,#1122,.F.);
#1550=ORIENTED_EDGE('',*,*,#1125,.T.);
#1551=ORIENTED_EDGE('',*,*,#1126,.T.);
#1552=ORIENTED_EDGE('',*,*,#1127,.T.);
#1553=ORIENTED_EDGE('',*,*,#1128,.T.);
#1554=ORIENTED_EDGE('',*,*,#1129,.T.);
#1555=ORIENTED_EDGE('',*,*,#1126,.F.);
#1556=ORIENTED_EDGE('',*,*,#1130,.T.);
#1557=ORIENTED_EDGE('',*,*,#1128,.F.);
#1558=ORIENTED_EDGE('',*,*,#1131,.T.);
#1559=ORIENTED_EDGE('',*,*,#1132,.T.);
#1560=ORIENTED_EDGE('',*,*,#1133,.T.);
#1561=ORIENTED_EDGE('',*,*,#1132,.F.);
#1562=ORIENTED_EDGE('',*,*,#1134,.T.);
#1563=ORIENTED_EDGE('',*,*,#1135,.T.);
#1564=ORIENTED_EDGE('',*,*,#1136,.T.);
#1565=ORIENTED_EDGE('',*,*,#1135,.F.);
#1566=ORIENTED_EDGE('',*,*,#1137,.T.);
#1567=ORIENTED_EDGE('',*,*,#1138,.T.);
#1568=ORIENTED_EDGE('',*,*,#1139,.T.);
#1569=ORIENTED_EDGE('',*,*,#1140,.T.);
#1570=ORIENTED_EDGE('',*,*,#1141,.T.);
#1571=ORIENTED_EDGE('',*,*,#1138,.F.);
#1572=ORIENTED_EDGE('',*,*,#1142,.T.);
#1573=ORIENTED_EDGE('',*,*,#1140,.F.);
#1574=ORIENTED_EDGE('',*,*,#1143,.T.);
#1575=ORIENTED_EDGE('',*,*,#1144,.T.);
#1576=ORIENTED_EDGE('',*,*,#1145,.T.);
#1577=ORIENTED_EDGE('',*,*,#1146,.T.);
#1578=ORIENTED_EDGE('',*,*,#1147,.T.);
#1579=ORIENTED_EDGE('',*,*,#1144,.F.);
#1580=ORIENTED_EDGE('',*,*,#1148,.T.);
#1581=ORIENTED_EDGE('',*,*,#1146,.F.);
#1582=ORIENTED_EDGE('',*,*,#1149,.T.);
#1583=ORIENTED_EDGE('',*,*,#1112,.F.);
#1584=ORIENTED_EDGE('',*,*,#1150,.T.);
#1585=ORIENTED_EDGE('',*,*,#1136,.F.);
#1586=ORIENTED_EDGE('',*,*,#1151,.F.);
#1587=ORIENTED_EDGE('',*,*,#1035,.F.);
#1588=ORIENTED_EDGE('',*,*,#1152,.T.);
#1589=ORIENTED_EDGE('',*,*,#1139,.F.);
#1590=ORIENTED_EDGE('',*,*,#1153,.F.);
#1591=ORIENTED_EDGE('',*,*,#1036,.F.);
#1592=ORIENTED_EDGE('',*,*,#1151,.T.);
#1593=ORIENTED_EDGE('',*,*,#1141,.F.);
#1594=ORIENTED_EDGE('',*,*,#1154,.T.);
#1595=ORIENTED_EDGE('',*,*,#1037,.T.);
#1596=ORIENTED_EDGE('',*,*,#1153,.T.);
#1597=ORIENTED_EDGE('',*,*,#1145,.F.);
#1598=ORIENTED_EDGE('',*,*,#1155,.F.);
#1599=ORIENTED_EDGE('',*,*,#1038,.F.);
#1600=ORIENTED_EDGE('',*,*,#1154,.F.);
#1601=ORIENTED_EDGE('',*,*,#1147,.F.);
#1602=ORIENTED_EDGE('',*,*,#1156,.T.);
#1603=ORIENTED_EDGE('',*,*,#1039,.T.);
#1604=ORIENTED_EDGE('',*,*,#1155,.T.);
#1605=ORIENTED_EDGE('',*,*,#1064,.F.);
#1606=ORIENTED_EDGE('',*,*,#1067,.F.);
#1607=ORIENTED_EDGE('',*,*,#1062,.F.);
#1608=ORIENTED_EDGE('',*,*,#1040,.F.);
#1609=ORIENTED_EDGE('',*,*,#1156,.F.);
#1610=ORIENTED_EDGE('',*,*,#1150,.F.);
#1611=ORIENTED_EDGE('',*,*,#1157,.F.);
#1612=ORIENTED_EDGE('',*,*,#1043,.F.);
#1613=ORIENTED_EDGE('',*,*,#1073,.F.);
#1614=ORIENTED_EDGE('',*,*,#1071,.T.);
#1615=ORIENTED_EDGE('',*,*,#1069,.F.);
#1616=ORIENTED_EDGE('',*,*,#1107,.F.);
#1617=ORIENTED_EDGE('',*,*,#966,.T.);
#1618=ORIENTED_EDGE('',*,*,#1111,.F.);
#1619=ORIENTED_EDGE('',*,*,#999,.T.);
#1620=ORIENTED_EDGE('',*,*,#1044,.T.);
#1621=ORIENTED_EDGE('',*,*,#1157,.T.);
#1622=ORIENTED_EDGE('',*,*,#1113,.F.);
#1623=ORIENTED_EDGE('',*,*,#1149,.F.);
#1624=ORIENTED_EDGE('',*,*,#1148,.F.);
#1625=ORIENTED_EDGE('',*,*,#1143,.F.);
#1626=ORIENTED_EDGE('',*,*,#1142,.F.);
#1627=ORIENTED_EDGE('',*,*,#1137,.F.);
#1628=ORIENTED_EDGE('',*,*,#1134,.F.);
#1629=ORIENTED_EDGE('',*,*,#1131,.F.);
#1630=ORIENTED_EDGE('',*,*,#1130,.F.);
#1631=ORIENTED_EDGE('',*,*,#1125,.F.);
#1632=ORIENTED_EDGE('',*,*,#1124,.F.);
#1633=ORIENTED_EDGE('',*,*,#1119,.F.);
#1634=ORIENTED_EDGE('',*,*,#1118,.F.);
#1635=ORIENTED_EDGE('',*,*,#1114,.F.);
#1636=ORIENTED_EDGE('',*,*,#909,.T.);
#1637=ORIENTED_EDGE('',*,*,#914,.T.);
#1638=ORIENTED_EDGE('',*,*,#1117,.F.);
#1639=ORIENTED_EDGE('',*,*,#1158,.T.);
#1640=ORIENTED_EDGE('',*,*,#1054,.T.);
#1641=ORIENTED_EDGE('',*,*,#1001,.T.);
#1642=ORIENTED_EDGE('',*,*,#1129,.F.);
#1643=ORIENTED_EDGE('',*,*,#1159,.T.);
#1644=ORIENTED_EDGE('',*,*,#1033,.T.);
#1645=ORIENTED_EDGE('',*,*,#1160,.T.);
#1646=ORIENTED_EDGE('',*,*,#1127,.F.);
#1647=ORIENTED_EDGE('',*,*,#1160,.F.);
#1648=ORIENTED_EDGE('',*,*,#1032,.F.);
#1649=ORIENTED_EDGE('',*,*,#1161,.F.);
#1650=ORIENTED_EDGE('',*,*,#1123,.F.);
#1651=ORIENTED_EDGE('',*,*,#1161,.T.);
#1652=ORIENTED_EDGE('',*,*,#1031,.T.);
#1653=ORIENTED_EDGE('',*,*,#1162,.T.);
#1654=ORIENTED_EDGE('',*,*,#1022,.F.);
#1655=ORIENTED_EDGE('',*,*,#1026,.F.);
#1656=ORIENTED_EDGE('',*,*,#1028,.F.);
#1657=ORIENTED_EDGE('',*,*,#1055,.F.);
#1658=ORIENTED_EDGE('',*,*,#1158,.F.);
#1659=ORIENTED_EDGE('',*,*,#1121,.F.);
#1660=ORIENTED_EDGE('',*,*,#1162,.F.);
#1661=ORIENTED_EDGE('',*,*,#1030,.F.);
#1662=ORIENTED_EDGE('',*,*,#1061,.F.);
#1663=ORIENTED_EDGE('',*,*,#1059,.T.);
#1664=ORIENTED_EDGE('',*,*,#1057,.F.);
#1665=ORIENTED_EDGE('',*,*,#1106,.F.);
#1666=ORIENTED_EDGE('',*,*,#980,.T.);
#1667=ORIENTED_EDGE('',*,*,#1133,.F.);
#1668=ORIENTED_EDGE('',*,*,#1152,.F.);
#1669=ORIENTED_EDGE('',*,*,#1034,.T.);
#1670=ORIENTED_EDGE('',*,*,#1159,.F.);
#1671=CONICAL_SURFACE('',#1796,2.85,0.785398163397448);
#1672=CONICAL_SURFACE('',#1801,2.85,0.785398163397448);
#1673=CONICAL_SURFACE('',#1816,2.15,0.785398163397448);
#1674=CONICAL_SURFACE('',#1821,2.15,0.785398163397448);
#1675=CONICAL_SURFACE('',#1826,2.15,0.785398163397448);
#1676=CONICAL_SURFACE('',#1831,2.15,0.785398163397448);
#1677=CONICAL_SURFACE('',#1836,1.89999999999998,0.785398163397413);
#1678=CONICAL_SURFACE('',#1846,1.89999999999998,0.785398163397413);
#1679=CONICAL_SURFACE('',#1935,0.79999999999998,0.785398163397508);
#1680=CONICAL_SURFACE('',#1939,0.799999999999993,0.785398163397477);
#1681=CONICAL_SURFACE('',#1943,0.79999999999998,0.785398163397508);
#1682=CONICAL_SURFACE('',#1947,0.799999999999993,0.785398163397477);
#1683=CONICAL_SURFACE('',#1951,5.20000000000001,0.785398163397447);
#1684=CONICAL_SURFACE('',#1955,0.79999999999998,0.785398163397508);
#1685=CONICAL_SURFACE('',#1959,0.799999999999993,0.785398163397477);
#1686=ADVANCED_FACE('',(#114),#1671,.F.);
#1687=ADVANCED_FACE('',(#115),#79,.F.);
#1688=ADVANCED_FACE('',(#116),#1672,.F.);
#1689=ADVANCED_FACE('',(#117),#80,.F.);
#1690=ADVANCED_FACE('',(#118),#33,.T.);
#1691=ADVANCED_FACE('',(#119),#34,.T.);
#1692=ADVANCED_FACE('',(#120),#35,.T.);
#1693=ADVANCED_FACE('',(#121),#36,.T.);
#1694=ADVANCED_FACE('',(#122,#15),#37,.T.);
#1695=ADVANCED_FACE('',(#123),#38,.T.);
#1696=ADVANCED_FACE('',(#124),#39,.T.);
#1697=ADVANCED_FACE('',(#125),#40,.T.);
#1698=ADVANCED_FACE('',(#126),#41,.T.);
#1699=ADVANCED_FACE('',(#127,#16),#42,.T.);
#1700=ADVANCED_FACE('',(#128),#1673,.F.);
#1701=ADVANCED_FACE('',(#129),#81,.F.);
#1702=ADVANCED_FACE('',(#130),#1674,.F.);
#1703=ADVANCED_FACE('',(#131),#82,.F.);
#1704=ADVANCED_FACE('',(#132),#1675,.F.);
#1705=ADVANCED_FACE('',(#133),#83,.F.);
#1706=ADVANCED_FACE('',(#134),#1676,.F.);
#1707=ADVANCED_FACE('',(#135),#84,.F.);
#1708=ADVANCED_FACE('',(#136),#1677,.F.);
#1709=ADVANCED_FACE('',(#137),#85,.F.);
#1710=ADVANCED_FACE('',(#138,#17),#43,.T.);
#1711=ADVANCED_FACE('',(#139),#1678,.F.);
#1712=ADVANCED_FACE('',(#140),#86,.F.);
#1713=ADVANCED_FACE('',(#141,#18),#44,.T.);
#1714=ADVANCED_FACE('',(#142),#87,.T.);
#1715=ADVANCED_FACE('',(#143),#45,.T.);
#1716=ADVANCED_FACE('',(#144,#19,#20,#21,#22),#46,.T.);
#1717=ADVANCED_FACE('',(#145),#88,.T.);
#1718=ADVANCED_FACE('',(#146),#47,.T.);
#1719=ADVANCED_FACE('',(#147),#89,.F.);
#1720=ADVANCED_FACE('',(#148,#23,#24),#48,.F.);
#1721=ADVANCED_FACE('',(#149),#90,.T.);
#1722=ADVANCED_FACE('',(#150),#49,.T.);
#1723=ADVANCED_FACE('',(#151),#91,.F.);
#1724=ADVANCED_FACE('',(#152),#92,.F.);
#1725=ADVANCED_FACE('',(#153),#93,.T.);
#1726=ADVANCED_FACE('',(#154),#50,.T.);
#1727=ADVANCED_FACE('',(#155),#94,.T.);
#1728=ADVANCED_FACE('',(#156),#51,.T.);
#1729=ADVANCED_FACE('',(#157),#95,.F.);
#1730=ADVANCED_FACE('',(#158),#96,.F.);
#1731=ADVANCED_FACE('',(#159),#97,.F.);
#1732=ADVANCED_FACE('',(#160),#98,.F.);
#1733=ADVANCED_FACE('',(#161),#52,.T.);
#1734=ADVANCED_FACE('',(#162),#99,.T.);
#1735=ADVANCED_FACE('',(#163),#100,.T.);
#1736=ADVANCED_FACE('',(#164),#53,.T.);
#1737=ADVANCED_FACE('',(#165),#101,.T.);
#1738=ADVANCED_FACE('',(#166,#25,#26),#54,.T.);
#1739=ADVANCED_FACE('',(#167),#55,.T.);
#1740=ADVANCED_FACE('',(#168),#102,.F.);
#1741=ADVANCED_FACE('',(#169),#103,.F.);
#1742=ADVANCED_FACE('',(#170),#56,.T.);
#1743=ADVANCED_FACE('',(#171),#104,.F.);
#1744=ADVANCED_FACE('',(#172),#105,.T.);
#1745=ADVANCED_FACE('',(#173),#106,.T.);
#1746=ADVANCED_FACE('',(#174),#57,.T.);
#1747=ADVANCED_FACE('',(#175),#58,.T.);
#1748=ADVANCED_FACE('',(#176),#59,.T.);
#1749=ADVANCED_FACE('',(#177,#27),#60,.T.);
#1750=ADVANCED_FACE('',(#178),#61,.T.);
#1751=ADVANCED_FACE('',(#179),#62,.T.);
#1752=ADVANCED_FACE('',(#180,#28),#63,.T.);
#1753=ADVANCED_FACE('',(#181),#64,.T.);
#1754=ADVANCED_FACE('',(#182),#1679,.T.);
#1755=ADVANCED_FACE('',(#183),#65,.T.);
#1756=ADVANCED_FACE('',(#184),#1680,.T.);
#1757=ADVANCED_FACE('',(#185),#66,.T.);
#1758=ADVANCED_FACE('',(#186),#1681,.T.);
#1759=ADVANCED_FACE('',(#187),#67,.T.);
#1760=ADVANCED_FACE('',(#188),#1682,.T.);
#1761=ADVANCED_FACE('',(#189),#68,.T.);
#1762=ADVANCED_FACE('',(#190),#1683,.F.);
#1763=ADVANCED_FACE('',(#191),#69,.T.);
#1764=ADVANCED_FACE('',(#192),#1684,.T.);
#1765=ADVANCED_FACE('',(#193),#70,.T.);
#1766=ADVANCED_FACE('',(#194),#1685,.T.);
#1767=ADVANCED_FACE('',(#195),#71,.T.);
#1768=ADVANCED_FACE('',(#196),#107,.F.);
#1769=ADVANCED_FACE('',(#197),#72,.T.);
#1770=ADVANCED_FACE('',(#198),#108,.T.);
#1771=ADVANCED_FACE('',(#199),#73,.T.);
#1772=ADVANCED_FACE('',(#200),#109,.T.);
#1773=ADVANCED_FACE('',(#201,#29),#74,.T.);
#1774=ADVANCED_FACE('',(#202),#110,.T.);
#1775=ADVANCED_FACE('',(#203,#30,#31),#75,.T.);
#1776=ADVANCED_FACE('',(#204),#111,.T.);
#1777=ADVANCED_FACE('',(#205),#112,.T.);
#1778=ADVANCED_FACE('',(#206),#76,.T.);
#1779=ADVANCED_FACE('',(#207),#113,.T.);
#1780=ADVANCED_FACE('',(#208,#32),#77,.T.);
#1781=ADVANCED_FACE('',(#209),#78,.T.);
#1782=CLOSED_SHELL('',(#1686,#1687,#1688,#1689,#1690,#1691,#1692,#1693,
#1694,#1695,#1696,#1697,#1698,#1699,#1700,#1701,#1702,#1703,#1704,#1705,
#1706,#1707,#1708,#1709,#1710,#1711,#1712,#1713,#1714,#1715,#1716,#1717,
#1718,#1719,#1720,#1721,#1722,#1723,#1724,#1725,#1726,#1727,#1728,#1729,
#1730,#1731,#1732,#1733,#1734,#1735,#1736,#1737,#1738,#1739,#1740,#1741,
#1742,#1743,#1744,#1745,#1746,#1747,#1748,#1749,#1750,#1751,#1752,#1753,
#1754,#1755,#1756,#1757,#1758,#1759,#1760,#1761,#1762,#1763,#1764,#1765,
#1766,#1767,#1768,#1769,#1770,#1771,#1772,#1773,#1774,#1775,#1776,#1777,
#1778,#1779,#1780,#1781));
#1783=DERIVED_UNIT_ELEMENT(#1785,1.);
#1784=DERIVED_UNIT_ELEMENT(#3028,-3.);
#1785=(
MASS_UNIT()
NAMED_UNIT(*)
SI_UNIT(.KILO.,.GRAM.)
);
#1786=DERIVED_UNIT((#1783,#1784));
#1787=MEASURE_REPRESENTATION_ITEM('density measure',
POSITIVE_RATIO_MEASURE(7850.),#1786);
#1788=PROPERTY_DEFINITION_REPRESENTATION(#1793,#1790);
#1789=PROPERTY_DEFINITION_REPRESENTATION(#1794,#1791);
#1790=REPRESENTATION('material name',(#1792),#3025);
#1791=REPRESENTATION('density',(#1787),#3025);
#1792=DESCRIPTIVE_REPRESENTATION_ITEM('Acero','Acero');
#1793=PROPERTY_DEFINITION('material property','material name',#3035);
#1794=PROPERTY_DEFINITION('material property','density of part',#3035);
#1795=AXIS2_PLACEMENT_3D('',#2510,#1977,#1978);
#1796=AXIS2_PLACEMENT_3D('',#2511,#1979,#1980);
#1797=AXIS2_PLACEMENT_3D('',#2513,#1981,#1982);
#1798=AXIS2_PLACEMENT_3D('',#2516,#1984,#1985);
#1799=AXIS2_PLACEMENT_3D('',#2517,#1986,#1987);
#1800=AXIS2_PLACEMENT_3D('',#2520,#1989,#1990);
#1801=AXIS2_PLACEMENT_3D('',#2521,#1991,#1992);
#1802=AXIS2_PLACEMENT_3D('',#2523,#1993,#1994);
#1803=AXIS2_PLACEMENT_3D('',#2526,#1996,#1997);
#1804=AXIS2_PLACEMENT_3D('',#2527,#1998,#1999);
#1805=AXIS2_PLACEMENT_3D('',#2530,#2001,#2002);
#1806=AXIS2_PLACEMENT_3D('',#2531,#2003,#2004);
#1807=AXIS2_PLACEMENT_3D('',#2540,#2009,#2010);
#1808=AXIS2_PLACEMENT_3D('',#2546,#2014,#2015);
#1809=AXIS2_PLACEMENT_3D('',#2552,#2019,#2020);
#1810=AXIS2_PLACEMENT_3D('',#2555,#2023,#2024);
#1811=AXIS2_PLACEMENT_3D('',#2556,#2025,#2026);
#1812=AXIS2_PLACEMENT_3D('',#2565,#2031,#2032);
#1813=AXIS2_PLACEMENT_3D('',#2571,#2036,#2037);
#1814=AXIS2_PLACEMENT_3D('',#2577,#2041,#2042);
#1815=AXIS2_PLACEMENT_3D('',#2580,#2045,#2046);
#1816=AXIS2_PLACEMENT_3D('',#2581,#2047,#2048);
#1817=AXIS2_PLACEMENT_3D('',#2583,#2049,#2050);
#1818=AXIS2_PLACEMENT_3D('',#2586,#2052,#2053);
#1819=AXIS2_PLACEMENT_3D('',#2587,#2054,#2055);
#1820=AXIS2_PLACEMENT_3D('',#2590,#2057,#2058);
#1821=AXIS2_PLACEMENT_3D('',#2591,#2059,#2060);
#1822=AXIS2_PLACEMENT_3D('',#2593,#2061,#2062);
#1823=AXIS2_PLACEMENT_3D('',#2596,#2064,#2065);
#1824=AXIS2_PLACEMENT_3D('',#2597,#2066,#2067);
#1825=AXIS2_PLACEMENT_3D('',#2600,#2069,#2070);
#1826=AXIS2_PLACEMENT_3D('',#2601,#2071,#2072);
#1827=AXIS2_PLACEMENT_3D('',#2603,#2073,#2074);
#1828=AXIS2_PLACEMENT_3D('',#2606,#2076,#2077);
#1829=AXIS2_PLACEMENT_3D('',#2607,#2078,#2079);
#1830=AXIS2_PLACEMENT_3D('',#2610,#2081,#2082);
#1831=AXIS2_PLACEMENT_3D('',#2611,#2083,#2084);
#1832=AXIS2_PLACEMENT_3D('',#2613,#2085,#2086);
#1833=AXIS2_PLACEMENT_3D('',#2616,#2088,#2089);
#1834=AXIS2_PLACEMENT_3D('',#2617,#2090,#2091);
#1835=AXIS2_PLACEMENT_3D('',#2620,#2093,#2094);
#1836=AXIS2_PLACEMENT_3D('',#2621,#2095,#2096);
#1837=AXIS2_PLACEMENT_3D('',#2623,#2097,#2098);
#1838=AXIS2_PLACEMENT_3D('',#2626,#2100,#2101);
#1839=AXIS2_PLACEMENT_3D('',#2627,#2102,#2103);
#1840=AXIS2_PLACEMENT_3D('',#2629,#2104,#2105);
#1841=AXIS2_PLACEMENT_3D('',#2631,#2107,#2108);
#1842=AXIS2_PLACEMENT_3D('',#2634,#2109,#2110);
#1843=AXIS2_PLACEMENT_3D('',#2638,#2112,#2113);
#1844=AXIS2_PLACEMENT_3D('',#2642,#2115,#2116);
#1845=AXIS2_PLACEMENT_3D('',#2646,#2118,#2119);
#1846=AXIS2_PLACEMENT_3D('',#2648,#2121,#2122);
#1847=AXIS2_PLACEMENT_3D('',#2650,#2123,#2124);
#1848=AXIS2_PLACEMENT_3D('',#2653,#2126,#2127);
#1849=AXIS2_PLACEMENT_3D('',#2654,#2128,#2129);
#1850=AXIS2_PLACEMENT_3D('',#2657,#2131,#2132);
#1851=AXIS2_PLACEMENT_3D('',#2658,#2133,#2134);
#1852=AXIS2_PLACEMENT_3D('',#2661,#2135,#2136);
#1853=AXIS2_PLACEMENT_3D('',#2665,#2138,#2139);
#1854=AXIS2_PLACEMENT_3D('',#2669,#2141,#2142);
#1855=AXIS2_PLACEMENT_3D('',#2673,#2144,#2145);
#1856=AXIS2_PLACEMENT_3D('',#2675,#2147,#2148);
#1857=AXIS2_PLACEMENT_3D('',#2678,#2149,#2150);
#1858=AXIS2_PLACEMENT_3D('',#2682,#2152,#2153);
#1859=AXIS2_PLACEMENT_3D('',#2684,#2155,#2156);
#1860=AXIS2_PLACEMENT_3D('',#2690,#2160,#2161);
#1861=AXIS2_PLACEMENT_3D('',#2694,#2163,#2164);
#1862=AXIS2_PLACEMENT_3D('',#2706,#2170,#2171);
#1863=AXIS2_PLACEMENT_3D('',#2710,#2173,#2174);
#1864=AXIS2_PLACEMENT_3D('',#2714,#2176,#2177);
#1865=AXIS2_PLACEMENT_3D('',#2718,#2179,#2180);
#1866=AXIS2_PLACEMENT_3D('',#2722,#2182,#2183);
#1867=AXIS2_PLACEMENT_3D('',#2726,#2185,#2186);
#1868=AXIS2_PLACEMENT_3D('',#2730,#2188,#2189);
#1869=AXIS2_PLACEMENT_3D('',#2734,#2191,#2192);
#1870=AXIS2_PLACEMENT_3D('',#2738,#2194,#2195);
#1871=AXIS2_PLACEMENT_3D('',#2741,#2197,#2198);
#1872=AXIS2_PLACEMENT_3D('',#2742,#2199,#2200);
#1873=AXIS2_PLACEMENT_3D('',#2745,#2201,#2202);
#1874=AXIS2_PLACEMENT_3D('',#2748,#2205,#2206);
#1875=AXIS2_PLACEMENT_3D('',#2752,#2209,#2210);
#1876=AXIS2_PLACEMENT_3D('',#2755,#2212,#2213);
#1877=AXIS2_PLACEMENT_3D('',#2756,#2214,#2215);
#1878=AXIS2_PLACEMENT_3D('',#2762,#2218,#2219);
#1879=AXIS2_PLACEMENT_3D('',#2766,#2221,#2222);
#1880=AXIS2_PLACEMENT_3D('',#2770,#2224,#2225);
#1881=AXIS2_PLACEMENT_3D('',#2774,#2227,#2228);
#1882=AXIS2_PLACEMENT_3D('',#2778,#2230,#2231);
#1883=AXIS2_PLACEMENT_3D('',#2786,#2236,#2237);
#1884=AXIS2_PLACEMENT_3D('',#2803,#2247,#2248);
#1885=AXIS2_PLACEMENT_3D('',#2805,#2250,#2251);
#1886=AXIS2_PLACEMENT_3D('',#2809,#2253,#2254);
#1887=AXIS2_PLACEMENT_3D('',#2811,#2256,#2257);
#1888=AXIS2_PLACEMENT_3D('',#2815,#2260,#2261);
#1889=AXIS2_PLACEMENT_3D('',#2816,#2262,#2263);
#1890=AXIS2_PLACEMENT_3D('',#2817,#2264,#2265);
#1891=AXIS2_PLACEMENT_3D('',#2819,#2266,#2267);
#1892=AXIS2_PLACEMENT_3D('',#2821,#2269,#2270);
#1893=AXIS2_PLACEMENT_3D('',#2824,#2271,#2272);
#1894=AXIS2_PLACEMENT_3D('',#2827,#2275,#2276);
#1895=AXIS2_PLACEMENT_3D('',#2829,#2278,#2279);
#1896=AXIS2_PLACEMENT_3D('',#2833,#2281,#2282);
#1897=AXIS2_PLACEMENT_3D('',#2835,#2284,#2285);
#1898=AXIS2_PLACEMENT_3D('',#2839,#2288,#2289);
#1899=AXIS2_PLACEMENT_3D('',#2840,#2290,#2291);
#1900=AXIS2_PLACEMENT_3D('',#2841,#2292,#2293);
#1901=AXIS2_PLACEMENT_3D('',#2843,#2294,#2295);
#1902=AXIS2_PLACEMENT_3D('',#2845,#2297,#2298);
#1903=AXIS2_PLACEMENT_3D('',#2847,#2299,#2300);
#1904=AXIS2_PLACEMENT_3D('',#2849,#2302,#2303);
#1905=AXIS2_PLACEMENT_3D('',#2851,#2304,#2305);
#1906=AXIS2_PLACEMENT_3D('',#2853,#2307,#2308);
#1907=AXIS2_PLACEMENT_3D('',#2857,#2311,#2312);
#1908=AXIS2_PLACEMENT_3D('',#2858,#2313,#2314);
#1909=AXIS2_PLACEMENT_3D('',#2859,#2315,#2316);
#1910=AXIS2_PLACEMENT_3D('',#2863,#2318,#2319);
#1911=AXIS2_PLACEMENT_3D('',#2865,#2321,#2322);
#1912=AXIS2_PLACEMENT_3D('',#2869,#2325,#2326);
#1913=AXIS2_PLACEMENT_3D('',#2871,#2327,#2328);
#1914=AXIS2_PLACEMENT_3D('',#2873,#2330,#2331);
#1915=AXIS2_PLACEMENT_3D('',#2876,#2333,#2334);
#1916=AXIS2_PLACEMENT_3D('',#2878,#2336,#2337);
#1917=AXIS2_PLACEMENT_3D('',#2880,#2339,#2340);
#1918=AXIS2_PLACEMENT_3D('',#2881,#2341,#2342);
#1919=AXIS2_PLACEMENT_3D('',#2883,#2343,#2344);
#1920=AXIS2_PLACEMENT_3D('',#2885,#2346,#2347);
#1921=AXIS2_PLACEMENT_3D('',#2889,#2350,#2351);
#1922=AXIS2_PLACEMENT_3D('',#2891,#2352,#2353);
#1923=AXIS2_PLACEMENT_3D('',#2893,#2355,#2356);
#1924=AXIS2_PLACEMENT_3D('',#2895,#2357,#2358);
#1925=AXIS2_PLACEMENT_3D('',#2897,#2360,#2361);
#1926=AXIS2_PLACEMENT_3D('',#2901,#2363,#2364);
#1927=AXIS2_PLACEMENT_3D('',#2903,#2366,#2367);
#1928=AXIS2_PLACEMENT_3D('',#2905,#2369,#2370);
#1929=AXIS2_PLACEMENT_3D('',#2907,#2372,#2373);
#1930=AXIS2_PLACEMENT_3D('',#2909,#2375,#2376);
#1931=AXIS2_PLACEMENT_3D('',#2911,#2378,#2379);
#1932=AXIS2_PLACEMENT_3D('',#2912,#2380,#2381);
#1933=AXIS2_PLACEMENT_3D('',#2914,#2383,#2384);
#1934=AXIS2_PLACEMENT_3D('',#2915,#2385,#2386);
#1935=AXIS2_PLACEMENT_3D('',#2916,#2387,#2388);
#1936=AXIS2_PLACEMENT_3D('',#2920,#2390,#2391);
#1937=AXIS2_PLACEMENT_3D('',#2923,#2393,#2394);
#1938=AXIS2_PLACEMENT_3D('',#2924,#2395,#2396);
#1939=AXIS2_PLACEMENT_3D('',#2928,#2399,#2400);
#1940=AXIS2_PLACEMENT_3D('',#2932,#2402,#2403);
#1941=AXIS2_PLACEMENT_3D('',#2933,#2404,#2405);
#1942=AXIS2_PLACEMENT_3D('',#2934,#2406,#2407);
#1943=AXIS2_PLACEMENT_3D('',#2940,#2411,#2412);
#1944=AXIS2_PLACEMENT_3D('',#2944,#2414,#2415);
#1945=AXIS2_PLACEMENT_3D('',#2945,#2416,#2417);
#1946=AXIS2_PLACEMENT_3D('',#2946,#2418,#2419);
#1947=AXIS2_PLACEMENT_3D('',#2952,#2423,#2424);
#1948=AXIS2_PLACEMENT_3D('',#2956,#2426,#2427);
#1949=AXIS2_PLACEMENT_3D('',#2957,#2428,#2429);
#1950=AXIS2_PLACEMENT_3D('',#2958,#2430,#2431);
#1951=AXIS2_PLACEMENT_3D('',#2964,#2435,#2436);
#1952=AXIS2_PLACEMENT_3D('',#2966,#2437,#2438);
#1953=AXIS2_PLACEMENT_3D('',#2969,#2440,#2441);
#1954=AXIS2_PLACEMENT_3D('',#2970,#2442,#2443);
#1955=AXIS2_PLACEMENT_3D('',#2976,#2447,#2448);
#1956=AXIS2_PLACEMENT_3D('',#2980,#2450,#2451);
#1957=AXIS2_PLACEMENT_3D('',#2981,#2452,#2453);
#1958=AXIS2_PLACEMENT_3D('',#2982,#2454,#2455);
#1959=AXIS2_PLACEMENT_3D('',#2988,#2459,#2460);
#1960=AXIS2_PLACEMENT_3D('',#2992,#2462,#2463);
#1961=AXIS2_PLACEMENT_3D('',#2993,#2464,#2465);
#1962=AXIS2_PLACEMENT_3D('',#2994,#2466,#2467);
#1963=AXIS2_PLACEMENT_3D('',#2997,#2470,#2471);
#1964=AXIS2_PLACEMENT_3D('',#3000,#2474,#2475);
#1965=AXIS2_PLACEMENT_3D('',#3002,#2477,#2478);
#1966=AXIS2_PLACEMENT_3D('',#3004,#2480,#2481);
#1967=AXIS2_PLACEMENT_3D('',#3006,#2483,#2484);
#1968=AXIS2_PLACEMENT_3D('',#3008,#2486,#2487);
#1969=AXIS2_PLACEMENT_3D('',#3010,#2489,#2490);
#1970=AXIS2_PLACEMENT_3D('',#3011,#2491,#2492);
#1971=AXIS2_PLACEMENT_3D('',#3012,#2493,#2494);
#1972=AXIS2_PLACEMENT_3D('',#3014,#2496,#2497);
#1973=AXIS2_PLACEMENT_3D('',#3017,#2500,#2501);
#1974=AXIS2_PLACEMENT_3D('',#3019,#2503,#2504);
#1975=AXIS2_PLACEMENT_3D('',#3021,#2506,#2507);
#1976=AXIS2_PLACEMENT_3D('',#3022,#2508,#2509);
#1977=DIRECTION('axis',(0.,0.,1.));
#1978=DIRECTION('refdir',(1.,0.,0.));
#1979=DIRECTION('center_axis',(0.,-1.22464679914735E-16,-1.));
#1980=DIRECTION('ref_axis',(1.,0.,0.));
#1981=DIRECTION('center_axis',(2.22044604925E-16,1.22464679914735E-16,1.));
#1982=DIRECTION('ref_axis',(1.,0.,0.));
#1983=DIRECTION('',(0.707106781186547,1.73191211247099E-16,0.707106781186548));
#1984=DIRECTION('center_axis',(0.,1.22464679914735E-16,1.));
#1985=DIRECTION('ref_axis',(1.,0.,0.));
#1986=DIRECTION('center_axis',(0.,1.22464679914735E-16,1.));
#1987=DIRECTION('ref_axis',(1.,0.,0.));
#1988=DIRECTION('',(0.,1.22464679914735E-16,1.));
#1989=DIRECTION('center_axis',(0.,-1.22464679914735E-16,-1.));
#1990=DIRECTION('ref_axis',(1.,0.,0.));
#1991=DIRECTION('center_axis',(0.,-1.22464679914735E-16,-1.));
#1992=DIRECTION('ref_axis',(1.,0.,0.));
#1993=DIRECTION('center_axis',(2.22044604925E-16,1.22464679914735E-16,1.));
#1994=DIRECTION('ref_axis',(1.,0.,0.));
#1995=DIRECTION('',(0.707106781186547,1.73191211247099E-16,0.707106781186548));
#1996=DIRECTION('center_axis',(0.,1.22464679914735E-16,1.));
#1997=DIRECTION('ref_axis',(1.,0.,0.));
#1998=DIRECTION('center_axis',(0.,1.22464679914735E-16,1.));
#1999=DIRECTION('ref_axis',(1.,0.,0.));
#2000=DIRECTION('',(0.,1.22464679914735E-16,1.));
#2001=DIRECTION('center_axis',(0.,-1.22464679914735E-16,-1.));
#2002=DIRECTION('ref_axis',(1.,0.,0.));
#2003=DIRECTION('center_axis',(0.,-1.,1.22464679914735E-16));
#2004=DIRECTION('ref_axis',(1.,0.,0.));
#2005=DIRECTION('',(-1.,2.7192621468934E-32,2.22044604925E-16));
#2006=DIRECTION('',(0.,1.22464679914735E-16,1.));
#2007=DIRECTION('',(1.,0.,0.));
#2008=DIRECTION('',(0.,1.22464679914735E-16,1.));
#2009=DIRECTION('center_axis',(-1.,0.,0.));
#2010=DIRECTION('ref_axis',(0.,-1.,1.22464679914735E-16));
#2011=DIRECTION('',(0.,1.,-1.22464679914735E-16));
#2012=DIRECTION('',(0.,-1.,1.22464679914735E-16));
#2013=DIRECTION('',(0.,1.22464679914735E-16,1.));
#2014=DIRECTION('center_axis',(0.,1.,-1.22464679914735E-16));
#2015=DIRECTION('ref_axis',(-1.,0.,0.));
#2016=DIRECTION('',(1.,-2.7192621468934E-32,-2.22044604925E-16));
#2017=DIRECTION('',(-1.,0.,0.));
#2018=DIRECTION('',(0.,1.22464679914735E-16,1.));
#2019=DIRECTION('center_axis',(1.,0.,0.));
#2020=DIRECTION('ref_axis',(0.,1.,-1.22464679914735E-16));
#2021=DIRECTION('',(0.,-1.,1.22464679914735E-16));
#2022=DIRECTION('',(0.,1.,-1.22464679914735E-16));
#2023=DIRECTION('center_axis',(0.,1.22464679914735E-16,1.));
#2024=DIRECTION('ref_axis',(-1.,0.,0.));
#2025=DIRECTION('center_axis',(1.,0.,0.));
#2026=DIRECTION('ref_axis',(0.,1.,-1.22464679914735E-16));
#2027=DIRECTION('',(0.,-1.,1.22464679914735E-16));
#2028=DIRECTION('',(0.,1.22464679914735E-16,1.));
#2029=DIRECTION('',(0.,1.,-1.22464679914735E-16));
#2030=DIRECTION('',(0.,1.22464679914735E-16,1.));
#2031=DIRECTION('center_axis',(0.,-1.,1.22464679914735E-16));
#2032=DIRECTION('ref_axis',(1.,0.,0.));
#2033=DIRECTION('',(-1.,2.7192621468934E-32,2.22044604925E-16));
#2034=DIRECTION('',(1.,0.,0.));
#2035=DIRECTION('',(0.,1.22464679914735E-16,1.));
#2036=DIRECTION('center_axis',(-1.,0.,0.));
#2037=DIRECTION('ref_axis',(0.,-1.,1.22464679914735E-16));
#2038=DIRECTION('',(0.,1.,-1.22464679914735E-16));
#2039=DIRECTION('',(0.,-1.,1.22464679914735E-16));
#2040=DIRECTION('',(0.,1.22464679914735E-16,1.));
#2041=DIRECTION('center_axis',(0.,1.,-1.22464679914735E-16));
#2042=DIRECTION('ref_axis',(-1.,0.,0.));
#2043=DIRECTION('',(1.,-2.7192621468934E-32,-2.22044604925E-16));
#2044=DIRECTION('',(-1.,0.,0.));
#2045=DIRECTION('center_axis',(0.,1.22464679914735E-16,1.));
#2046=DIRECTION('ref_axis',(-1.,0.,0.));
#2047=DIRECTION('center_axis',(0.,-1.,1.22464679914735E-16));
#2048=DIRECTION('ref_axis',(0.,-1.22464679914735E-16,-1.));
#2049=DIRECTION('center_axis',(0.,1.,-1.22464679914735E-16));
#2050=DIRECTION('ref_axis',(0.,-1.22464679914735E-16,-1.));
#2051=DIRECTION('',(-8.65956056235493E-17,0.707106781186547,-0.707106781186548));
#2052=DIRECTION('center_axis',(0.,1.,-1.22464679914735E-16));
#2053=DIRECTION('ref_axis',(0.,-1.22464679914735E-16,-1.));
#2054=DIRECTION('center_axis',(0.,1.,-1.22464679914735E-16));
#2055=DIRECTION('ref_axis',(0.,-1.22464679914735E-16,-1.));
#2056=DIRECTION('',(0.,1.,-1.22464679914735E-16));
#2057=DIRECTION('center_axis',(0.,-1.,1.22464679914735E-16));
#2058=DIRECTION('ref_axis',(0.,-1.22464679914735E-16,-1.));
#2059=DIRECTION('center_axis',(0.,-1.,1.22464679914735E-16));
#2060=DIRECTION('ref_axis',(0.,-1.22464679914735E-16,-1.));
#2061=DIRECTION('center_axis',(0.,1.,-1.22464679914735E-16));
#2062=DIRECTION('ref_axis',(0.,-1.22464679914735E-16,-1.));
#2063=DIRECTION('',(-8.65956056235493E-17,0.707106781186547,-0.707106781186548));
#2064=DIRECTION('center_axis',(0.,1.,-1.22464679914735E-16));
#2065=DIRECTION('ref_axis',(0.,-1.22464679914735E-16,-1.));
#2066=DIRECTION('center_axis',(0.,1.,-1.22464679914735E-16));
#2067=DIRECTION('ref_axis',(0.,-1.22464679914735E-16,-1.));
#2068=DIRECTION('',(0.,1.,-1.22464679914735E-16));
#2069=DIRECTION('center_axis',(0.,-1.,1.22464679914735E-16));
#2070=DIRECTION('ref_axis',(0.,-1.22464679914735E-16,-1.));
#2071=DIRECTION('center_axis',(0.,-1.,1.22464679914735E-16));
#2072=DIRECTION('ref_axis',(0.,-1.22464679914735E-16,-1.));
#2073=DIRECTION('center_axis',(0.,1.,-1.22464679914735E-16));
#2074=DIRECTION('ref_axis',(0.,-1.22464679914735E-16,-1.));
#2075=DIRECTION('',(-8.65956056235493E-17,0.707106781186547,-0.707106781186548));
#2076=DIRECTION('center_axis',(0.,1.,-1.22464679914735E-16));
#2077=DIRECTION('ref_axis',(0.,-1.22464679914735E-16,-1.));
#2078=DIRECTION('center_axis',(0.,1.,-1.22464679914735E-16));
#2079=DIRECTION('ref_axis',(0.,-1.22464679914735E-16,-1.));
#2080=DIRECTION('',(0.,1.,-1.22464679914735E-16));
#2081=DIRECTION('center_axis',(0.,-1.,1.22464679914735E-16));
#2082=DIRECTION('ref_axis',(0.,-1.22464679914735E-16,-1.));
#2083=DIRECTION('center_axis',(0.,-1.,1.22464679914735E-16));
#2084=DIRECTION('ref_axis',(0.,-1.22464679914735E-16,-1.));
#2085=DIRECTION('center_axis',(0.,1.,-1.22464679914735E-16));
#2086=DIRECTION('ref_axis',(0.,-1.22464679914735E-16,-1.));
#2087=DIRECTION('',(-8.65956056235493E-17,0.707106781186547,-0.707106781186548));
#2088=DIRECTION('center_axis',(0.,1.,-1.22464679914735E-16));
#2089=DIRECTION('ref_axis',(0.,-1.22464679914735E-16,-1.));
#2090=DIRECTION('center_axis',(0.,1.,-1.22464679914735E-16));
#2091=DIRECTION('ref_axis',(0.,-1.22464679914735E-16,-1.));
#2092=DIRECTION('',(0.,1.,-1.22464679914735E-16));
#2093=DIRECTION('center_axis',(0.,-1.,1.22464679914735E-16));
#2094=DIRECTION('ref_axis',(0.,-1.22464679914735E-16,-1.));
#2095=DIRECTION('center_axis',(1.,0.,0.));
#2096=DIRECTION('ref_axis',(0.,-1.,1.22464679914735E-16));
#2097=DIRECTION('center_axis',(1.,0.,0.));
#2098=DIRECTION('ref_axis',(0.,-1.,1.22464679914735E-16));
#2099=DIRECTION('',(-0.707106781186573,-0.707106781186522,0.));
#2100=DIRECTION('center_axis',(-1.,0.,0.));
#2101=DIRECTION('ref_axis',(0.,-1.,1.22464679914735E-16));
#2102=DIRECTION('center_axis',(1.,0.,0.));
#2103=DIRECTION('ref_axis',(0.,-1.,1.22464679914735E-16));
#2104=DIRECTION('center_axis',(1.,0.,0.));
#2105=DIRECTION('ref_axis',(0.,-1.,1.22464679914735E-16));
#2106=DIRECTION('',(1.,0.,0.));
#2107=DIRECTION('center_axis',(1.,0.,0.));
#2108=DIRECTION('ref_axis',(0.,1.,-1.22464679914735E-16));
#2109=DIRECTION('center_axis',(-1.,0.,0.));
#2110=DIRECTION('ref_axis',(0.,0.707106781186548,0.707106781186547));
#2111=DIRECTION('',(0.,1.,-1.22464679914735E-16));
#2112=DIRECTION('center_axis',(-1.,0.,0.));
#2113=DIRECTION('ref_axis',(0.,-0.707106781186547,0.707106781186548));
#2114=DIRECTION('',(0.,1.22464679914735E-16,1.));
#2115=DIRECTION('center_axis',(1.,0.,0.));
#2116=DIRECTION('ref_axis',(0.,0.707106781186539,-0.707106781186556));
#2117=DIRECTION('',(0.,-1.,1.22464679914735E-16));
#2118=DIRECTION('center_axis',(1.,0.,0.));
#2119=DIRECTION('ref_axis',(0.,-0.707106781186539,-0.707106781186556));
#2120=DIRECTION('',(0.,1.22464679914735E-16,1.));
#2121=DIRECTION('center_axis',(-1.,0.,0.));
#2122=DIRECTION('ref_axis',(0.,-1.,1.22464679914735E-16));
#2123=DIRECTION('center_axis',(-1.,0.,0.));
#2124=DIRECTION('ref_axis',(0.,-1.,1.22464679914735E-16));
#2125=DIRECTION('',(0.707106781186573,-0.707106781186522,1.73191211247092E-16));
#2126=DIRECTION('center_axis',(1.,0.,0.));
#2127=DIRECTION('ref_axis',(0.,-1.,1.22464679914735E-16));
#2128=DIRECTION('center_axis',(1.,0.,0.));
#2129=DIRECTION('ref_axis',(0.,-1.,1.22464679914735E-16));
#2130=DIRECTION('',(1.,0.,0.));
#2131=DIRECTION('center_axis',(-1.,0.,0.));
#2132=DIRECTION('ref_axis',(0.,-1.,1.22464679914735E-16));
#2133=DIRECTION('center_axis',(-1.,0.,0.));
#2134=DIRECTION('ref_axis',(0.,-1.,1.22464679914735E-16));
#2135=DIRECTION('center_axis',(1.,0.,0.));
#2136=DIRECTION('ref_axis',(0.,-0.707106781186547,0.707106781186548));
#2137=DIRECTION('',(0.,-1.,1.22464679914735E-16));
#2138=DIRECTION('center_axis',(1.,0.,0.));
#2139=DIRECTION('ref_axis',(0.,0.707106781186548,0.707106781186547));
#2140=DIRECTION('',(0.,1.22464679914735E-16,1.));
#2141=DIRECTION('center_axis',(-1.,0.,0.));
#2142=DIRECTION('ref_axis',(0.,-0.707106781186548,-0.707106781186547));
#2143=DIRECTION('',(0.,1.,-1.22464679914735E-16));
#2144=DIRECTION('center_axis',(-1.,0.,0.));
#2145=DIRECTION('ref_axis',(0.,0.707106781186547,-0.707106781186548));
#2146=DIRECTION('',(0.,1.22464679914735E-16,1.));
#2147=DIRECTION('center_axis',(0.,-1.,1.22464679914735E-16));
#2148=DIRECTION('ref_axis',(-0.707106781186552,8.65956056235488E-17,0.707106781186543));
#2149=DIRECTION('center_axis',(0.,1.,-1.22464679914735E-16));
#2150=DIRECTION('ref_axis',(-0.707106781186552,8.65956056235488E-17,0.707106781186543));
#2151=DIRECTION('',(0.,1.,-1.22464679914735E-16));
#2152=DIRECTION('center_axis',(0.,-1.,1.22464679914735E-16));
#2153=DIRECTION('ref_axis',(-0.707106781186552,8.65956056235488E-17,0.707106781186543));
#2154=DIRECTION('',(0.,-1.,1.22464679914735E-16));
#2155=DIRECTION('center_axis',(0.,1.22464679914735E-16,1.));
#2156=DIRECTION('ref_axis',(-1.,0.,0.));
#2157=DIRECTION('',(1.,0.,0.));
#2158=DIRECTION('',(0.,-1.,1.22464679914735E-16));
#2159=DIRECTION('',(-1.,0.,0.));
#2160=DIRECTION('center_axis',(0.,-1.,1.22464679914735E-16));
#2161=DIRECTION('ref_axis',(-1.,2.7192621468934E-32,2.22044604925E-16));
#2162=DIRECTION('',(0.,1.22464679914735E-16,1.));
#2163=DIRECTION('center_axis',(0.,-1.,1.22464679914735E-16));
#2164=DIRECTION('ref_axis',(0.707106781186543,-8.65956056235498E-17,-0.707106781186552));
#2165=DIRECTION('',(1.,-2.7192621468934E-32,-2.22044604925E-16));
#2166=DIRECTION('',(0.,1.22464679914735E-16,1.));
#2167=DIRECTION('',(-1.,2.7192621468934E-32,2.22044604925E-16));
#2168=DIRECTION('',(0.,-1.22464679914735E-16,-1.));
#2169=DIRECTION('',(1.,-2.7192621468934E-32,-2.22044604925E-16));
#2170=DIRECTION('center_axis',(0.,-1.,1.22464679914735E-16));
#2171=DIRECTION('ref_axis',(-0.707106781186556,-8.65956056235483E-17,-0.707106781186539));
#2172=DIRECTION('',(0.,1.22464679914735E-16,1.));
#2173=DIRECTION('center_axis',(0.,1.,-1.22464679914735E-16));
#2174=DIRECTION('ref_axis',(0.707106781186556,8.65956056235483E-17,0.707106781186539));
#2175=DIRECTION('',(1.,0.,0.));
#2176=DIRECTION('center_axis',(0.,1.,-1.22464679914735E-16));
#2177=DIRECTION('ref_axis',(-0.707106781186556,8.65956056235483E-17,0.707106781186539));
#2178=DIRECTION('',(0.,1.22464679914735E-16,1.));
#2179=DIRECTION('center_axis',(0.,-1.,1.22464679914735E-16));
#2180=DIRECTION('ref_axis',(0.707106781186556,-8.65956056235483E-17,-0.707106781186539));
#2181=DIRECTION('',(1.,-2.7192621468934E-32,-2.22044604925E-16));
#2182=DIRECTION('center_axis',(0.,-1.,1.22464679914735E-16));
#2183=DIRECTION('ref_axis',(-0.707106781186556,-8.65956056235483E-17,-0.707106781186539));
#2184=DIRECTION('',(0.,1.22464679914735E-16,1.));
#2185=DIRECTION('center_axis',(0.,1.,-1.22464679914735E-16));
#2186=DIRECTION('ref_axis',(0.707106781186556,8.65956056235483E-17,0.707106781186539));
#2187=DIRECTION('',(1.,-7.37551145309926E-49,-6.02256214463989E-33));
#2188=DIRECTION('center_axis',(0.,1.,-1.22464679914735E-16));
#2189=DIRECTION('ref_axis',(-0.707106781186552,8.65956056235488E-17,0.707106781186543));
#2190=DIRECTION('',(0.,1.22464679914735E-16,1.));
#2191=DIRECTION('center_axis',(0.,-1.,1.22464679914735E-16));
#2192=DIRECTION('ref_axis',(0.707106781186543,-8.65956056235498E-17,-0.707106781186552));
#2193=DIRECTION('',(1.,-2.7192621468934E-32,-2.22044604925E-16));
#2194=DIRECTION('center_axis',(0.,-1.,1.22464679914735E-16));
#2195=DIRECTION('ref_axis',(-0.707106781186543,-8.65956056235498E-17,-0.707106781186552));
#2196=DIRECTION('',(0.,1.22464679914735E-16,1.));
#2197=DIRECTION('center_axis',(0.,1.,-1.22464679914735E-16));
#2198=DIRECTION('ref_axis',(0.707106781186552,8.65956056235488E-17,0.707106781186543));
#2199=DIRECTION('center_axis',(1.,0.,0.));
#2200=DIRECTION('ref_axis',(0.,-0.707106781186547,0.707106781186548));
#2201=DIRECTION('center_axis',(-1.,0.,0.));
#2202=DIRECTION('ref_axis',(0.,-0.707106781186547,0.707106781186548));
#2203=DIRECTION('',(-1.,0.,0.));
#2204=DIRECTION('',(1.,0.,0.));
#2205=DIRECTION('center_axis',(0.,-1.,1.22464679914735E-16));
#2206=DIRECTION('ref_axis',(1.,0.,0.));
#2207=DIRECTION('',(-1.,2.7192621468934E-32,2.22044604925E-16));
#2208=DIRECTION('',(0.,1.22464679914735E-16,1.));
#2209=DIRECTION('center_axis',(-1.,2.7192621468934E-32,2.22044604925E-16));
#2210=DIRECTION('ref_axis',(0.,0.707106781186547,-0.707106781186548));
#2211=DIRECTION('',(1.,-2.7192621468934E-32,-2.22044604925E-16));
#2212=DIRECTION('center_axis',(1.,0.,0.));
#2213=DIRECTION('ref_axis',(0.,0.707106781186547,-0.707106781186548));
#2214=DIRECTION('center_axis',(-2.22044604925E-16,-1.22464679914735E-16,
-1.));
#2215=DIRECTION('ref_axis',(-1.,2.7192621468934E-32,2.22044604925E-16));
#2216=DIRECTION('',(-1.,2.7192621468934E-32,2.22044604925E-16));
#2217=DIRECTION('',(0.,1.,-1.22464679914735E-16));
#2218=DIRECTION('center_axis',(-2.22044604925E-16,-1.22464679914735E-16,
-1.));
#2219=DIRECTION('ref_axis',(0.707106781186573,0.707106781186522,-8.65956056235463E-17));
#2220=DIRECTION('',(-1.,2.7192621468934E-32,2.22044604925E-16));
#2221=DIRECTION('center_axis',(-2.22044604925E-16,-1.22464679914735E-16,
-1.));
#2222=DIRECTION('ref_axis',(-0.707106781186523,0.707106781186573,-8.65956056235524E-17));
#2223=DIRECTION('',(0.,1.,-1.22464679914735E-16));
#2224=DIRECTION('center_axis',(-2.22044604925E-16,-1.22464679914735E-16,
-1.));
#2225=DIRECTION('ref_axis',(-1.,2.7192621468934E-32,2.22044604925E-16));
#2226=DIRECTION('',(0.,1.,-1.22464679914735E-16));
#2227=DIRECTION('center_axis',(-2.22044604925E-16,-1.22464679914735E-16,
-1.));
#2228=DIRECTION('ref_axis',(0.70710678118656,0.707106781186535,-8.65956056235478E-17));
#2229=DIRECTION('',(-1.,2.7192621468934E-32,2.22044604925E-16));
#2230=DIRECTION('center_axis',(-2.22044604925E-16,-1.22464679914735E-16,
-1.));
#2231=DIRECTION('ref_axis',(-0.707106781186523,0.707106781186573,-8.65956056235524E-17));
#2232=DIRECTION('',(0.,-1.,1.22464679914735E-16));
#2233=DIRECTION('',(-1.,2.7192621468934E-32,2.22044604925E-16));
#2234=DIRECTION('',(1.,-2.7192621468934E-32,-2.22044604925E-16));
#2235=DIRECTION('',(0.,-1.,1.22464679914735E-16));
#2236=DIRECTION('center_axis',(-2.22044604925E-16,-1.22464679914735E-16,
-1.));
#2237=DIRECTION('ref_axis',(-0.707106781186573,-0.707106781186522,8.65956056235463E-17));
#2238=DIRECTION('',(0.,-1.,1.22464679914735E-16));
#2239=DIRECTION('',(1.,-2.7192621468934E-32,-2.22044604925E-16));
#2240=DIRECTION('',(0.,1.,-1.22464679914735E-16));
#2241=DIRECTION('',(0.,-1.,1.22464679914735E-16));
#2242=DIRECTION('',(1.,-2.7192621468934E-32,-2.22044604925E-16));
#2243=DIRECTION('',(0.,1.,-1.22464679914735E-16));
#2244=DIRECTION('',(0.,-1.,1.22464679914735E-16));
#2245=DIRECTION('',(1.,-2.7192621468934E-32,-2.22044604925E-16));
#2246=DIRECTION('',(0.,1.,-1.22464679914735E-16));
#2247=DIRECTION('center_axis',(-2.22044604925E-16,-1.22464679914735E-16,
-1.));
#2248=DIRECTION('ref_axis',(0.707106781186523,-0.707106781186573,8.65956056235524E-17));
#2249=DIRECTION('',(0.,1.,-1.22464679914735E-16));
#2250=DIRECTION('center_axis',(-1.,0.,0.));
#2251=DIRECTION('ref_axis',(0.,0.707106781186548,0.707106781186547));
#2252=DIRECTION('',(1.,0.,0.));
#2253=DIRECTION('center_axis',(-1.,0.,0.));
#2254=DIRECTION('ref_axis',(0.,0.707106781186548,0.707106781186547));
#2255=DIRECTION('',(-1.,0.,0.));
#2256=DIRECTION('center_axis',(0.,1.,-1.22464679914735E-16));
#2257=DIRECTION('ref_axis',(-1.,0.,0.));
#2258=DIRECTION('',(0.,1.22464679914735E-16,1.));
#2259=DIRECTION('',(1.,-2.7192621468934E-32,-2.22044604925E-16));
#2260=DIRECTION('center_axis',(1.,-2.7192621468934E-32,-2.22044604925E-16));
#2261=DIRECTION('ref_axis',(0.,-0.707106781186548,-0.707106781186547));
#2262=DIRECTION('center_axis',(1.,0.,0.));
#2263=DIRECTION('ref_axis',(0.,-0.707106781186548,-0.707106781186547));
#2264=DIRECTION('center_axis',(1.,-2.7192621468934E-32,-2.22044604925E-16));
#2265=DIRECTION('ref_axis',(0.,-0.707106781186539,-0.707106781186556));
#2266=DIRECTION('center_axis',(-1.,0.,0.));
#2267=DIRECTION('ref_axis',(0.,-0.707106781186539,-0.707106781186556));
#2268=DIRECTION('',(1.,-2.7192621468934E-32,-2.22044604925E-16));
#2269=DIRECTION('center_axis',(-1.,0.,0.));
#2270=DIRECTION('ref_axis',(0.,0.707106781186548,0.707106781186547));
#2271=DIRECTION('center_axis',(1.,0.,0.));
#2272=DIRECTION('ref_axis',(0.,0.707106781186548,0.707106781186547));
#2273=DIRECTION('',(1.,0.,0.));
#2274=DIRECTION('',(-1.,0.,0.));
#2275=DIRECTION('center_axis',(0.,1.,-1.22464679914735E-16));
#2276=DIRECTION('ref_axis',(-1.,0.,0.));
#2277=DIRECTION('',(0.,1.22464679914735E-16,1.));
#2278=DIRECTION('center_axis',(1.,0.,0.));
#2279=DIRECTION('ref_axis',(0.,-0.707106781186547,0.707106781186548));
#2280=DIRECTION('',(-1.,0.,0.));
#2281=DIRECTION('center_axis',(1.,0.,0.));
#2282=DIRECTION('ref_axis',(0.,-0.707106781186547,0.707106781186548));
#2283=DIRECTION('',(1.,0.,0.));
#2284=DIRECTION('center_axis',(0.,-1.,1.22464679914735E-16));
#2285=DIRECTION('ref_axis',(1.,0.,0.));
#2286=DIRECTION('',(0.,1.22464679914735E-16,1.));
#2287=DIRECTION('',(-1.,2.7192621468934E-32,2.22044604925E-16));
#2288=DIRECTION('center_axis',(-1.,2.7192621468934E-32,2.22044604925E-16));
#2289=DIRECTION('ref_axis',(0.,0.707106781186539,-0.707106781186556));
#2290=DIRECTION('center_axis',(-1.,0.,0.));
#2291=DIRECTION('ref_axis',(0.,0.707106781186539,-0.707106781186556));
#2292=DIRECTION('center_axis',(0.,1.,-1.22464679914735E-16));
#2293=DIRECTION('ref_axis',(0.707106781186543,-8.65956056235498E-17,-0.707106781186552));
#2294=DIRECTION('center_axis',(0.,1.,-1.22464679914735E-16));
#2295=DIRECTION('ref_axis',(0.707106781186543,-8.65956056235498E-17,-0.707106781186552));
#2296=DIRECTION('',(0.,1.,-1.22464679914735E-16));
#2297=DIRECTION('center_axis',(0.,1.,-1.22464679914735E-16));
#2298=DIRECTION('ref_axis',(0.707106781186543,-8.65956056235498E-17,-0.707106781186552));
#2299=DIRECTION('center_axis',(0.,1.,-1.22464679914735E-16));
#2300=DIRECTION('ref_axis',(0.707106781186543,-8.65956056235498E-17,-0.707106781186552));
#2301=DIRECTION('',(0.,1.,-1.22464679914735E-16));
#2302=DIRECTION('center_axis',(0.,-1.,1.22464679914735E-16));
#2303=DIRECTION('ref_axis',(-0.707106781186543,-8.65956056235498E-17,-0.707106781186552));
#2304=DIRECTION('center_axis',(0.,1.,-1.22464679914735E-16));
#2305=DIRECTION('ref_axis',(-0.707106781186543,-8.65956056235498E-17,-0.707106781186552));
#2306=DIRECTION('',(0.,-1.,1.22464679914735E-16));
#2307=DIRECTION('center_axis',(1.,0.,0.));
#2308=DIRECTION('ref_axis',(0.,1.,-1.22464679914735E-16));
#2309=DIRECTION('',(0.,1.22464679914735E-16,1.));
#2310=DIRECTION('',(0.,1.,-1.22464679914735E-16));
#2311=DIRECTION('center_axis',(0.,1.,-1.22464679914735E-16));
#2312=DIRECTION('ref_axis',(0.707106781186552,8.65956056235488E-17,0.707106781186543));
#2313=DIRECTION('center_axis',(0.,-1.,1.22464679914735E-16));
#2314=DIRECTION('ref_axis',(0.707106781186552,8.65956056235488E-17,0.707106781186543));
#2315=DIRECTION('center_axis',(0.,-1.,1.22464679914735E-16));
#2316=DIRECTION('ref_axis',(-0.707106781186552,8.65956056235488E-17,0.707106781186543));
#2317=DIRECTION('',(0.,1.,-1.22464679914735E-16));
#2318=DIRECTION('center_axis',(0.,-1.,1.22464679914735E-16));
#2319=DIRECTION('ref_axis',(-0.707106781186552,8.65956056235488E-17,0.707106781186543));
#2320=DIRECTION('',(0.,-1.,1.22464679914735E-16));
#2321=DIRECTION('center_axis',(0.,1.22464679914735E-16,1.));
#2322=DIRECTION('ref_axis',(-1.,0.,0.));
#2323=DIRECTION('',(0.,-1.,1.22464679914735E-16));
#2324=DIRECTION('',(-1.,0.,0.));
#2325=DIRECTION('center_axis',(0.,1.,-1.22464679914735E-16));
#2326=DIRECTION('ref_axis',(0.707106781186556,8.65956056235483E-17,0.707106781186539));
#2327=DIRECTION('center_axis',(0.,-1.,1.22464679914735E-16));
#2328=DIRECTION('ref_axis',(0.707106781186556,8.65956056235483E-17,0.707106781186539));
#2329=DIRECTION('',(0.,1.,-1.22464679914735E-16));
#2330=DIRECTION('center_axis',(0.,1.,-1.22464679914735E-16));
#2331=DIRECTION('ref_axis',(-1.,0.,0.));
#2332=DIRECTION('',(0.,1.22464679914735E-16,1.));
#2333=DIRECTION('center_axis',(0.,1.,-1.22464679914735E-16));
#2334=DIRECTION('ref_axis',(-0.707106781186556,-8.65956056235483E-17,-0.707106781186539));
#2335=DIRECTION('',(0.,1.22464679914735E-16,1.));
#2336=DIRECTION('center_axis',(1.,0.,0.));
#2337=DIRECTION('ref_axis',(0.,1.,-1.22464679914735E-16));
#2338=DIRECTION('',(0.,-1.,1.22464679914735E-16));
#2339=DIRECTION('center_axis',(0.,-1.,1.22464679914735E-16));
#2340=DIRECTION('ref_axis',(-0.707106781186556,-8.65956056235483E-17,-0.707106781186539));
#2341=DIRECTION('center_axis',(0.,-1.,1.22464679914735E-16));
#2342=DIRECTION('ref_axis',(-0.707106781186556,-8.65956056235483E-17,-0.707106781186539));
#2343=DIRECTION('center_axis',(0.,1.,-1.22464679914735E-16));
#2344=DIRECTION('ref_axis',(-0.707106781186556,-8.65956056235483E-17,-0.707106781186539));
#2345=DIRECTION('',(0.,-1.,1.22464679914735E-16));
#2346=DIRECTION('center_axis',(1.,0.,0.));
#2347=DIRECTION('ref_axis',(0.,1.,-1.22464679914735E-16));
#2348=DIRECTION('',(0.,1.22464679914735E-16,1.));
#2349=DIRECTION('',(0.,1.,-1.22464679914735E-16));
#2350=DIRECTION('center_axis',(0.,1.,-1.22464679914735E-16));
#2351=DIRECTION('ref_axis',(0.707106781186556,-8.65956056235483E-17,-0.707106781186539));
#2352=DIRECTION('center_axis',(0.,1.,-1.22464679914735E-16));
#2353=DIRECTION('ref_axis',(0.707106781186556,-8.65956056235483E-17,-0.707106781186539));
#2354=DIRECTION('',(0.,1.,-1.22464679914735E-16));
#2355=DIRECTION('center_axis',(0.,1.,-1.22464679914735E-16));
#2356=DIRECTION('ref_axis',(0.707106781186556,8.65956056235483E-17,0.707106781186539));
#2357=DIRECTION('center_axis',(0.,-1.,1.22464679914735E-16));
#2358=DIRECTION('ref_axis',(0.707106781186556,8.65956056235483E-17,0.707106781186539));
#2359=DIRECTION('',(0.,-1.,1.22464679914735E-16));
#2360=DIRECTION('center_axis',(0.,-1.,1.22464679914735E-16));
#2361=DIRECTION('ref_axis',(-0.707106781186556,8.65956056235483E-17,0.707106781186539));
#2362=DIRECTION('',(0.,1.,-1.22464679914735E-16));
#2363=DIRECTION('center_axis',(0.,-1.,1.22464679914735E-16));
#2364=DIRECTION('ref_axis',(-0.707106781186556,8.65956056235483E-17,0.707106781186539));
#2365=DIRECTION('',(0.,-1.,1.22464679914735E-16));
#2366=DIRECTION('center_axis',(-1.,0.,0.));
#2367=DIRECTION('ref_axis',(0.,-1.,1.22464679914735E-16));
#2368=DIRECTION('',(0.,1.22464679914735E-16,1.));
#2369=DIRECTION('center_axis',(0.,1.22464679914735E-16,1.));
#2370=DIRECTION('ref_axis',(-1.,0.,0.));
#2371=DIRECTION('',(0.,1.,-1.22464679914735E-16));
#2372=DIRECTION('center_axis',(0.,1.22464679914735E-16,1.));
#2373=DIRECTION('ref_axis',(-1.,0.,0.));
#2374=DIRECTION('',(0.,-1.,1.22464679914735E-16));
#2375=DIRECTION('center_axis',(0.,1.,-1.22464679914735E-16));
#2376=DIRECTION('ref_axis',(-1.,0.,0.));
#2377=DIRECTION('',(-1.,0.,0.));
#2378=DIRECTION('center_axis',(0.,1.22464679914735E-16,1.));
#2379=DIRECTION('ref_axis',(-1.,0.,0.));
#2380=DIRECTION('center_axis',(-1.,0.,0.));
#2381=DIRECTION('ref_axis',(0.,-1.,1.22464679914735E-16));
#2382=DIRECTION('',(0.,1.22464679914735E-16,1.));
#2383=DIRECTION('center_axis',(0.,1.,-1.22464679914735E-16));
#2384=DIRECTION('ref_axis',(-1.,0.,0.));
#2385=DIRECTION('center_axis',(-1.,0.,0.));
#2386=DIRECTION('ref_axis',(0.,-1.,1.22464679914735E-16));
#2387=DIRECTION('center_axis',(0.,1.22464679914735E-16,1.));
#2388=DIRECTION('ref_axis',(-0.707106781186573,-0.707106781186522,1.45474072824179E-16));
#2389=DIRECTION('',(0.,-0.707106781186547,0.707106781186548));
#2390=DIRECTION('center_axis',(-2.22044604925E-16,-1.22464679914735E-16,
-1.));
#2391=DIRECTION('ref_axis',(-0.707106781186573,-0.707106781186522,8.65956056235463E-17));
#2392=DIRECTION('',(0.707106781186595,-8.65956056235436E-17,-0.7071067811865));
#2393=DIRECTION('center_axis',(2.22044604925E-16,1.22464679914735E-16,1.));
#2394=DIRECTION('ref_axis',(-0.707106781186573,-0.707106781186522,2.43604851491907E-16));
#2395=DIRECTION('center_axis',(-1.57009245868362E-16,-0.707106781186516,
-0.707106781186579));
#2396=DIRECTION('ref_axis',(1.,-2.7192621468934E-32,-2.22044604925E-16));
#2397=DIRECTION('',(1.,-2.7192621468934E-32,-2.22044604925E-16));
#2398=DIRECTION('',(0.,-0.707106781186579,0.707106781186516));
#2399=DIRECTION('center_axis',(0.,1.22464679914735E-16,1.));
#2400=DIRECTION('ref_axis',(0.707106781186522,-0.707106781186573,2.77171384229221E-17));
#2401=DIRECTION('',(0.707106781186579,8.65956056235455E-17,0.707106781186516));
#2402=DIRECTION('center_axis',(-2.22044604925E-16,-1.22464679914735E-16,
-1.));
#2403=DIRECTION('ref_axis',(0.707106781186523,-0.707106781186573,8.65956056235524E-17));
#2404=DIRECTION('center_axis',(2.22044604925E-16,1.22464679914735E-16,1.));
#2405=DIRECTION('ref_axis',(0.707106781186522,-0.707106781186573,-7.04136402447974E-17));
#2406=DIRECTION('center_axis',(0.707106781186548,-8.65956056235493E-17,
-0.707106781186548));
#2407=DIRECTION('ref_axis',(0.707106781186548,8.65956056235493E-17,0.707106781186548));
#2408=DIRECTION('',(0.,1.,-1.22464679914735E-16));
#2409=DIRECTION('',(0.707106781186548,8.65956056235493E-17,0.707106781186548));
#2410=DIRECTION('',(0.,-1.,1.22464679914735E-16));
#2411=DIRECTION('center_axis',(0.,1.22464679914735E-16,1.));
#2412=DIRECTION('ref_axis',(0.707106781186573,0.707106781186522,-1.45474072824179E-16));
#2413=DIRECTION('',(0.,0.707106781186548,0.707106781186547));
#2414=DIRECTION('center_axis',(-2.22044604925E-16,-1.22464679914735E-16,
-1.));
#2415=DIRECTION('ref_axis',(0.707106781186573,0.707106781186522,-8.65956056235463E-17));
#2416=DIRECTION('center_axis',(2.22044604925E-16,1.22464679914735E-16,1.));
#2417=DIRECTION('ref_axis',(0.707106781186573,0.707106781186522,-2.43604851491907E-16));
#2418=DIRECTION('center_axis',(-1.57009245868355E-16,0.707106781186547,
-0.707106781186548));
#2419=DIRECTION('ref_axis',(1.,-2.7192621468934E-32,-2.22044604925E-16));
#2420=DIRECTION('',(-1.,2.7192621468934E-32,2.22044604925E-16));
#2421=DIRECTION('',(0.,0.707106781186548,0.707106781186547));
#2422=DIRECTION('',(1.,-2.7192621468934E-32,-2.22044604925E-16));
#2423=DIRECTION('center_axis',(0.,1.22464679914735E-16,1.));
#2424=DIRECTION('ref_axis',(-0.707106781186523,0.707106781186573,-2.77171384229221E-17));
#2425=DIRECTION('',(-0.707106781186579,8.65956056235455E-17,0.707106781186516));
#2426=DIRECTION('center_axis',(-2.22044604925E-16,-1.22464679914735E-16,
-1.));
#2427=DIRECTION('ref_axis',(-0.707106781186523,0.707106781186573,-8.65956056235524E-17));
#2428=DIRECTION('center_axis',(2.22044604925E-16,1.22464679914735E-16,1.));
#2429=DIRECTION('ref_axis',(-0.707106781186522,0.707106781186573,7.04136402447974E-17));
#2430=DIRECTION('center_axis',(-0.707106781186548,-8.65956056235493E-17,
-0.707106781186548));
#2431=DIRECTION('ref_axis',(0.707106781186548,-8.65956056235493E-17,-0.707106781186548));
#2432=DIRECTION('',(0.,-1.,1.22464679914735E-16));
#2433=DIRECTION('',(-0.707106781186548,8.65956056235493E-17,0.707106781186548));
#2434=DIRECTION('',(0.,1.,-1.22464679914735E-16));
#2435=DIRECTION('center_axis',(0.,-1.22464679914735E-16,-1.));
#2436=DIRECTION('ref_axis',(-1.,1.41192457627157E-32,1.1529239101875E-16));
#2437=DIRECTION('center_axis',(-2.22044604925E-16,-1.22464679914735E-16,
-1.));
#2438=DIRECTION('ref_axis',(-1.,2.7192621468934E-32,2.22044604925E-16));
#2439=DIRECTION('',(0.707106781186548,8.65956056235493E-17,0.707106781186548));
#2440=DIRECTION('center_axis',(2.22044604925E-16,1.22464679914735E-16,1.));
#2441=DIRECTION('ref_axis',(-1.,0.,0.));
#2442=DIRECTION('center_axis',(0.707106781186548,-8.65956056235493E-17,
-0.707106781186548));
#2443=DIRECTION('ref_axis',(0.707106781186548,8.65956056235493E-17,0.707106781186548));
#2444=DIRECTION('',(0.,1.,-1.22464679914735E-16));
#2445=DIRECTION('',(0.707106781186548,8.65956056235493E-17,0.707106781186548));
#2446=DIRECTION('',(0.,-1.,1.22464679914735E-16));
#2447=DIRECTION('center_axis',(0.,1.22464679914735E-16,1.));
#2448=DIRECTION('ref_axis',(0.70710678118656,0.707106781186535,-1.4547407282418E-16));
#2449=DIRECTION('',(0.,0.707106781186548,0.707106781186547));
#2450=DIRECTION('center_axis',(-2.22044604925E-16,-1.22464679914735E-16,
-1.));
#2451=DIRECTION('ref_axis',(0.70710678118656,0.707106781186535,-8.65956056235478E-17));
#2452=DIRECTION('center_axis',(2.22044604925E-16,1.22464679914735E-16,1.));
#2453=DIRECTION('ref_axis',(0.70710678118656,0.707106781186535,-2.43604851491906E-16));
#2454=DIRECTION('center_axis',(-1.57009245868348E-16,0.707106781186579,
-0.707106781186516));
#2455=DIRECTION('ref_axis',(1.,-2.7192621468934E-32,-2.22044604925E-16));
#2456=DIRECTION('',(-1.,2.7192621468934E-32,2.22044604925E-16));
#2457=DIRECTION('',(0.,0.707106781186516,0.707106781186579));
#2458=DIRECTION('',(1.,-2.7192621468934E-32,-2.22044604925E-16));
#2459=DIRECTION('center_axis',(0.,1.22464679914735E-16,1.));
#2460=DIRECTION('ref_axis',(-0.707106781186522,0.707106781186573,-2.77171384229221E-17));
#2461=DIRECTION('',(-0.707106781186563,8.65956056235474E-17,0.707106781186532));
#2462=DIRECTION('center_axis',(-2.22044604925E-16,-1.22464679914735E-16,
-1.));
#2463=DIRECTION('ref_axis',(-0.707106781186523,0.707106781186573,-8.65956056235524E-17));
#2464=DIRECTION('center_axis',(2.22044604925E-16,1.22464679914735E-16,1.));
#2465=DIRECTION('ref_axis',(-0.707106781186522,0.707106781186573,7.04136402447974E-17));
#2466=DIRECTION('center_axis',(-0.707106781186548,-8.65956056235493E-17,
-0.707106781186548));
#2467=DIRECTION('ref_axis',(0.707106781186548,-8.65956056235493E-17,-0.707106781186548));
#2468=DIRECTION('',(0.,-1.,1.22464679914735E-16));
#2469=DIRECTION('',(0.,1.,-1.22464679914735E-16));
#2470=DIRECTION('center_axis',(0.,-1.22464679914735E-16,-1.));
#2471=DIRECTION('ref_axis',(-1.,0.,0.));
#2472=DIRECTION('',(0.,-1.22464679914735E-16,-1.));
#2473=DIRECTION('',(0.,-1.22464679914735E-16,-1.));
#2474=DIRECTION('center_axis',(1.,0.,0.));
#2475=DIRECTION('ref_axis',(0.,-1.,1.22464679914735E-16));
#2476=DIRECTION('',(0.,-1.22464679914735E-16,-1.));
#2477=DIRECTION('center_axis',(0.,-1.22464679914735E-16,-1.));
#2478=DIRECTION('ref_axis',(0.70710678118656,0.707106781186535,-8.65956056235478E-17));
#2479=DIRECTION('',(0.,1.22464679914735E-16,1.));
#2480=DIRECTION('center_axis',(0.,1.,-1.22464679914735E-16));
#2481=DIRECTION('ref_axis',(1.,-2.7192621468934E-32,-2.22044604925E-16));
#2482=DIRECTION('',(0.,-1.22464679914735E-16,-1.));
#2483=DIRECTION('center_axis',(0.,-1.22464679914735E-16,-1.));
#2484=DIRECTION('ref_axis',(-0.707106781186523,0.707106781186573,-8.65956056235524E-17));
#2485=DIRECTION('',(0.,1.22464679914735E-16,1.));
#2486=DIRECTION('center_axis',(-1.,0.,0.));
#2487=DIRECTION('ref_axis',(0.,1.,-1.22464679914735E-16));
#2488=DIRECTION('',(0.,-1.22464679914735E-16,-1.));
#2489=DIRECTION('center_axis',(0.,-1.22464679914735E-16,-1.));
#2490=DIRECTION('ref_axis',(-0.707106781186573,-0.707106781186522,8.65956056235463E-17));
#2491=DIRECTION('center_axis',(-2.22044604925E-16,-1.22464679914735E-16,
-1.));
#2492=DIRECTION('ref_axis',(-1.,2.7192621468934E-32,2.22044604925E-16));
#2493=DIRECTION('center_axis',(0.,-1.22464679914735E-16,-1.));
#2494=DIRECTION('ref_axis',(0.707106781186523,-0.707106781186573,8.65956056235524E-17));
#2495=DIRECTION('',(0.,1.22464679914735E-16,1.));
#2496=DIRECTION('center_axis',(0.,-1.22464679914735E-16,-1.));
#2497=DIRECTION('ref_axis',(-0.707106781186523,0.707106781186573,-8.65956056235524E-17));
#2498=DIRECTION('',(0.,1.22464679914735E-16,1.));
#2499=DIRECTION('',(0.,-1.22464679914735E-16,-1.));
#2500=DIRECTION('center_axis',(0.,1.,-1.22464679914735E-16));
#2501=DIRECTION('ref_axis',(1.,-2.7192621468934E-32,-2.22044604925E-16));
#2502=DIRECTION('',(0.,1.22464679914735E-16,1.));
#2503=DIRECTION('center_axis',(0.,-1.22464679914735E-16,-1.));
#2504=DIRECTION('ref_axis',(0.707106781186573,0.707106781186522,-8.65956056235463E-17));
#2505=DIRECTION('',(0.,-1.22464679914735E-16,-1.));
#2506=DIRECTION('center_axis',(1.,0.,0.));
#2507=DIRECTION('ref_axis',(0.,-1.,1.22464679914735E-16));
#2508=DIRECTION('center_axis',(-1.,0.,0.));
#2509=DIRECTION('ref_axis',(0.,1.,-1.22464679914735E-16));
#2510=CARTESIAN_POINT('',(0.,0.,0.));
#2511=CARTESIAN_POINT('Origin',(-26.1249999999999,24.9,0.199999999999996));
#2512=CARTESIAN_POINT('',(-29.1749999999999,24.9,-5.89805981832114E-16));
#2513=CARTESIAN_POINT('Origin',(-26.1249999999999,24.9,0.));
#2514=CARTESIAN_POINT('',(-28.7749999999999,24.9,0.399999999999994));
#2515=CARTESIAN_POINT('',(-28.9749999999999,24.9,0.199999999999996));
#2516=CARTESIAN_POINT('Origin',(-26.1249999999999,24.9,0.399999999999991));
#2517=CARTESIAN_POINT('Origin',(-26.1249999999999,24.9,8.00000000000001));
#2518=CARTESIAN_POINT('',(-28.7749999999999,24.9,5.));
#2519=CARTESIAN_POINT('',(-28.7749999999999,24.9,8.00000000000001));
#2520=CARTESIAN_POINT('Origin',(-26.1249999999999,24.9,5.));
#2521=CARTESIAN_POINT('Origin',(26.1250000000002,24.9,0.199999999999996));
#2522=CARTESIAN_POINT('',(23.0750000000002,24.9,-5.89805981832114E-16));
#2523=CARTESIAN_POINT('Origin',(26.1250000000002,24.9,0.));
#2524=CARTESIAN_POINT('',(23.4750000000002,24.9,0.399999999999994));
#2525=CARTESIAN_POINT('',(23.2750000000002,24.9,0.199999999999996));
#2526=CARTESIAN_POINT('Origin',(26.1250000000002,24.9,0.399999999999991));
#2527=CARTESIAN_POINT('Origin',(26.1250000000002,24.9,8.00000000000001));
#2528=CARTESIAN_POINT('',(23.4750000000002,24.9,5.));
#2529=CARTESIAN_POINT('',(23.4750000000002,24.9,8.00000000000001));
#2530=CARTESIAN_POINT('Origin',(26.1250000000002,24.9,5.));
#2531=CARTESIAN_POINT('Origin',(-42.25,22.,3.99999999999999));
#2532=CARTESIAN_POINT('',(-9.99999999999998,22.,3.99999999999999));
#2533=CARTESIAN_POINT('',(-42.25,22.,3.99999999999999));
#2534=CARTESIAN_POINT('',(-21.125,22.0000000000001,3.99999999999999));
#2535=CARTESIAN_POINT('',(-9.99999999999998,22.,5.));
#2536=CARTESIAN_POINT('',(-9.99999999999998,22.,3.99999999999999));
#2537=CARTESIAN_POINT('',(-42.25,22.,5.));
#2538=CARTESIAN_POINT('',(-42.25,22.,5.));
#2539=CARTESIAN_POINT('',(-42.25,22.,3.99999999999999));
#2540=CARTESIAN_POINT('Origin',(-42.25,27.8,3.99999999999999));
#2541=CARTESIAN_POINT('',(-42.25,27.8,3.99999999999999));
#2542=CARTESIAN_POINT('',(-42.25,13.85,3.99999999999999));
#2543=CARTESIAN_POINT('',(-42.25,27.8,5.));
#2544=CARTESIAN_POINT('',(-42.25,27.8,5.));
#2545=CARTESIAN_POINT('',(-42.25,27.8,3.99999999999999));
#2546=CARTESIAN_POINT('Origin',(-9.99999999999998,27.8,3.99999999999999));
#2547=CARTESIAN_POINT('',(-9.99999999999998,27.8,3.99999999999999));
#2548=CARTESIAN_POINT('',(-4.99999999999998,27.7999999999999,3.99999999999999));
#2549=CARTESIAN_POINT('',(-9.99999999999998,27.8,5.));
#2550=CARTESIAN_POINT('',(-9.99999999999998,27.8,5.));
#2551=CARTESIAN_POINT('',(-9.99999999999998,27.8,3.99999999999999));
#2552=CARTESIAN_POINT('Origin',(-9.99999999999998,22.,3.99999999999999));
#2553=CARTESIAN_POINT('',(-9.99999999999998,10.9500000000001,3.99999999999999));
#2554=CARTESIAN_POINT('',(-9.99999999999998,22.,5.));
#2555=CARTESIAN_POINT('Origin',(-26.125,24.9,5.));
#2556=CARTESIAN_POINT('Origin',(42.2500000000001,22.,3.99999999999999));
#2557=CARTESIAN_POINT('',(42.2500000000001,27.8,3.99999999999999));
#2558=CARTESIAN_POINT('',(42.2500000000001,22.,3.99999999999999));
#2559=CARTESIAN_POINT('',(42.2500000000001,10.9500000000001,3.99999999999999));
#2560=CARTESIAN_POINT('',(42.2500000000001,27.8,5.));
#2561=CARTESIAN_POINT('',(42.2500000000001,27.8,3.99999999999999));
#2562=CARTESIAN_POINT('',(42.2500000000001,22.,5.));
#2563=CARTESIAN_POINT('',(42.2500000000001,27.8,5.));
#2564=CARTESIAN_POINT('',(42.2500000000001,22.,3.99999999999999));
#2565=CARTESIAN_POINT('Origin',(10.0000000000001,22.,3.99999999999999));
#2566=CARTESIAN_POINT('',(10.0000000000001,22.,3.99999999999999));
#2567=CARTESIAN_POINT('',(5.00000000000005,22.0000000000001,3.99999999999999));
#2568=CARTESIAN_POINT('',(10.0000000000001,22.,5.));
#2569=CARTESIAN_POINT('',(42.2500000000001,22.,5.));
#2570=CARTESIAN_POINT('',(10.0000000000001,22.,3.99999999999999));
#2571=CARTESIAN_POINT('Origin',(10.0000000000001,27.8,3.99999999999999));
#2572=CARTESIAN_POINT('',(10.0000000000001,27.8,3.99999999999999));
#2573=CARTESIAN_POINT('',(10.0000000000001,13.85,3.99999999999999));
#2574=CARTESIAN_POINT('',(10.0000000000001,27.8,5.));
#2575=CARTESIAN_POINT('',(10.0000000000001,22.,5.));
#2576=CARTESIAN_POINT('',(10.0000000000001,27.8,3.99999999999999));
#2577=CARTESIAN_POINT('Origin',(42.2500000000001,27.8,3.99999999999999));
#2578=CARTESIAN_POINT('',(21.125,27.7999999999999,3.99999999999999));
#2579=CARTESIAN_POINT('',(10.0000000000001,27.8,5.));
#2580=CARTESIAN_POINT('Origin',(26.1250000000001,24.9,5.));
#2581=CARTESIAN_POINT('Origin',(-5.99999999999996,-34.85,9.00000000000002));
#2582=CARTESIAN_POINT('',(-5.99999999999996,-35.1,11.4));
#2583=CARTESIAN_POINT('Origin',(-5.99999999999996,-35.1,9.00000000000002));
#2584=CARTESIAN_POINT('',(-5.99999999999996,-34.6,10.9));
#2585=CARTESIAN_POINT('',(-5.99999999999996,-34.85,11.15));
#2586=CARTESIAN_POINT('Origin',(-5.99999999999996,-34.6,9.00000000000002));
#2587=CARTESIAN_POINT('Origin',(-5.99999999999996,-27.1,9.00000000000002));
#2588=CARTESIAN_POINT('',(-5.99999999999996,-25.1,10.9));
#2589=CARTESIAN_POINT('',(-5.99999999999996,-27.1,10.9));
#2590=CARTESIAN_POINT('Origin',(-5.99999999999996,-25.1,9.00000000000002));
#2591=CARTESIAN_POINT('Origin',(37.2500000000001,-34.85,8.99999999999999));
#2592=CARTESIAN_POINT('',(37.2500000000001,-35.1,11.4));
#2593=CARTESIAN_POINT('Origin',(37.2500000000001,-35.1,8.99999999999999));
#2594=CARTESIAN_POINT('',(37.2500000000001,-34.6,10.9));
#2595=CARTESIAN_POINT('',(37.2500000000001,-34.85,11.15));
#2596=CARTESIAN_POINT('Origin',(37.2500000000001,-34.6,8.99999999999999));
#2597=CARTESIAN_POINT('Origin',(37.2500000000001,-27.1,8.99999999999999));
#2598=CARTESIAN_POINT('',(37.2500000000001,-25.1,10.9));
#2599=CARTESIAN_POINT('',(37.2500000000001,-27.1,10.9));
#2600=CARTESIAN_POINT('Origin',(37.2500000000001,-25.1,8.99999999999999));
#2601=CARTESIAN_POINT('Origin',(6.00000000000007,-34.85,8.99999999999999));
#2602=CARTESIAN_POINT('',(6.00000000000007,-35.1,11.4));
#2603=CARTESIAN_POINT('Origin',(6.00000000000007,-35.1,8.99999999999999));
#2604=CARTESIAN_POINT('',(6.00000000000007,-34.6,10.9));
#2605=CARTESIAN_POINT('',(6.00000000000007,-34.85,11.15));
#2606=CARTESIAN_POINT('Origin',(6.00000000000007,-34.6,8.99999999999999));
#2607=CARTESIAN_POINT('Origin',(6.00000000000007,-27.1,8.99999999999999));
#2608=CARTESIAN_POINT('',(6.00000000000007,-25.1,10.9));
#2609=CARTESIAN_POINT('',(6.00000000000007,-27.1,10.9));
#2610=CARTESIAN_POINT('Origin',(6.00000000000007,-25.1,8.99999999999999));
#2611=CARTESIAN_POINT('Origin',(-37.25,-34.85,9.00000000000002));
#2612=CARTESIAN_POINT('',(-37.25,-35.1,11.4));
#2613=CARTESIAN_POINT('Origin',(-37.25,-35.1,9.00000000000002));
#2614=CARTESIAN_POINT('',(-37.25,-34.6,10.9));
#2615=CARTESIAN_POINT('',(-37.25,-34.85,11.15));
#2616=CARTESIAN_POINT('Origin',(-37.25,-34.6,9.00000000000002));
#2617=CARTESIAN_POINT('Origin',(-37.25,-27.1,9.00000000000002));
#2618=CARTESIAN_POINT('',(-37.25,-25.1,10.9));
#2619=CARTESIAN_POINT('',(-37.25,-27.1,10.9));
#2620=CARTESIAN_POINT('Origin',(-37.25,-25.1,9.00000000000002));
#2621=CARTESIAN_POINT('Origin',(-37.5,-0.0999999999999801,9.00000000000002));
#2622=CARTESIAN_POINT('',(-37.25,2.04999999999998,9.00000000000002));
#2623=CARTESIAN_POINT('Origin',(-37.25,-0.0999999999999801,9.00000000000002));
#2624=CARTESIAN_POINT('',(-37.75,1.55000000000001,9.00000000000002));
#2625=CARTESIAN_POINT('',(-37.5,1.8,9.00000000000002));
#2626=CARTESIAN_POINT('Origin',(-37.75,-0.0999999999999801,9.00000000000002));
#2627=CARTESIAN_POINT('Origin',(-37.25,-0.0999999999999801,9.00000000000002));
#2628=CARTESIAN_POINT('',(-47.25,1.55000000000001,9.00000000000002));
#2629=CARTESIAN_POINT('Origin',(-47.25,-0.0999999999999801,9.00000000000002));
#2630=CARTESIAN_POINT('',(-37.25,1.55000000000001,9.00000000000002));
#2631=CARTESIAN_POINT('Origin',(-37.25,-5.09999999999998,3.99999999999999));
#2632=CARTESIAN_POINT('',(-37.25,1.90000000000005,14.));
#2633=CARTESIAN_POINT('',(-37.25,4.90000000000002,11.));
#2634=CARTESIAN_POINT('Origin',(-37.25,1.90000000000005,11.));
#2635=CARTESIAN_POINT('',(-37.25,-2.10000000000001,14.));
#2636=CARTESIAN_POINT('',(-37.25,-5.09999999999998,14.));
#2637=CARTESIAN_POINT('',(-37.25,-5.09999999999998,11.));
#2638=CARTESIAN_POINT('Origin',(-37.25,-2.10000000000001,11.));
#2639=CARTESIAN_POINT('',(-37.25,-5.09999999999998,7.00000000000003));
#2640=CARTESIAN_POINT('',(-37.25,-5.09999999999998,3.99999999999999));
#2641=CARTESIAN_POINT('',(-37.25,-8.09999999999995,3.99999999999999));
#2642=CARTESIAN_POINT('Origin',(-37.25,-8.09999999999995,7.00000000000003));
#2643=CARTESIAN_POINT('',(-37.25,7.89999999999999,3.99999999999999));
#2644=CARTESIAN_POINT('',(-37.25,-2.59999999999998,3.99999999999999));
#2645=CARTESIAN_POINT('',(-37.25,4.90000000000002,7.00000000000003));
#2646=CARTESIAN_POINT('Origin',(-37.25,7.89999999999999,7.00000000000003));
#2647=CARTESIAN_POINT('',(-37.25,4.90000000000002,3.99999999999999));
#2648=CARTESIAN_POINT('Origin',(37.5000000000001,-0.0999999999999801,9.00000000000002));
#2649=CARTESIAN_POINT('',(37.2500000000001,2.04999999999998,9.00000000000002));
#2650=CARTESIAN_POINT('Origin',(37.2500000000001,-0.0999999999999801,9.00000000000002));
#2651=CARTESIAN_POINT('',(37.7500000000001,1.55000000000001,9.00000000000002));
#2652=CARTESIAN_POINT('',(37.5000000000001,1.8,9.00000000000002));
#2653=CARTESIAN_POINT('Origin',(37.7500000000001,-0.0999999999999801,9.00000000000002));
#2654=CARTESIAN_POINT('Origin',(-37.25,-0.0999999999999801,9.00000000000002));
#2655=CARTESIAN_POINT('',(47.2500000000001,1.55000000000001,9.00000000000002));
#2656=CARTESIAN_POINT('',(-37.25,1.55000000000001,9.00000000000002));
#2657=CARTESIAN_POINT('Origin',(47.25,-0.0999999999999801,9.00000000000002));
#2658=CARTESIAN_POINT('Origin',(37.2500000000001,4.90000000000002,3.99999999999999));
#2659=CARTESIAN_POINT('',(37.2500000000001,-2.10000000000001,14.));
#2660=CARTESIAN_POINT('',(37.2500000000001,-5.09999999999998,11.));
#2661=CARTESIAN_POINT('Origin',(37.2500000000001,-2.10000000000001,11.));
#2662=CARTESIAN_POINT('',(37.2500000000001,1.90000000000005,14.));
#2663=CARTESIAN_POINT('',(37.2500000000001,-5.09999999999998,14.));
#2664=CARTESIAN_POINT('',(37.2500000000001,4.90000000000002,11.));
#2665=CARTESIAN_POINT('Origin',(37.2500000000001,1.90000000000005,11.));
#2666=CARTESIAN_POINT('',(37.2500000000001,4.90000000000002,6.99999999999999));
#2667=CARTESIAN_POINT('',(37.2500000000001,4.90000000000002,3.99999999999999));
#2668=CARTESIAN_POINT('',(37.2500000000001,7.89999999999999,3.99999999999999));
#2669=CARTESIAN_POINT('Origin',(37.2500000000001,7.89999999999999,6.99999999999999));
#2670=CARTESIAN_POINT('',(37.2500000000001,-8.09999999999995,3.99999999999999));
#2671=CARTESIAN_POINT('',(37.2500000000001,2.40000000000002,3.99999999999999));
#2672=CARTESIAN_POINT('',(37.2500000000001,-5.09999999999998,6.99999999999999));
#2673=CARTESIAN_POINT('Origin',(37.2500000000001,-8.09999999999995,6.99999999999999));
#2674=CARTESIAN_POINT('',(37.2500000000001,-5.09999999999998,3.99999999999999));
#2675=CARTESIAN_POINT('Origin',(-39.25,-27.6,11.));
#2676=CARTESIAN_POINT('',(-42.25,-35.1,11.));
#2677=CARTESIAN_POINT('',(-39.25,-35.1,14.));
#2678=CARTESIAN_POINT('Origin',(-39.25,-35.1,11.));
#2679=CARTESIAN_POINT('',(-39.25,-25.1,14.));
#2680=CARTESIAN_POINT('',(-39.25,-27.6,14.));
#2681=CARTESIAN_POINT('',(-42.25,-25.1,11.));
#2682=CARTESIAN_POINT('Origin',(-39.25,-25.1,11.));
#2683=CARTESIAN_POINT('',(-42.25,-27.6,11.));
#2684=CARTESIAN_POINT('Origin',(-37.25,-30.1,14.));
#2685=CARTESIAN_POINT('',(-35.25,-35.1,14.));
#2686=CARTESIAN_POINT('',(-42.25,-35.1,14.));
#2687=CARTESIAN_POINT('',(-35.25,-25.1,14.));
#2688=CARTESIAN_POINT('',(-35.25,-32.6,14.));
#2689=CARTESIAN_POINT('',(-32.25,-25.1,14.));
#2690=CARTESIAN_POINT('Origin',(47.25,-35.1,3.99999999999995));
#2691=CARTESIAN_POINT('',(-42.25,-35.1,7.00000000000003));
#2692=CARTESIAN_POINT('',(-42.25,-35.1,3.99999999999999));
#2693=CARTESIAN_POINT('',(-45.25,-35.1,3.99999999999999));
#2694=CARTESIAN_POINT('Origin',(-45.25,-35.1,7.00000000000003));
#2695=CARTESIAN_POINT('',(-46.25,-35.1,3.99999999999999));
#2696=CARTESIAN_POINT('',(-47.25,-35.1,3.99999999999999));
#2697=CARTESIAN_POINT('',(-46.25,-35.1,0.399999999999991));
#2698=CARTESIAN_POINT('',(-46.25,-35.1,3.99999999999995));
#2699=CARTESIAN_POINT('',(46.25,-35.1,0.399999999999956));
#2700=CARTESIAN_POINT('',(23.625,-35.1,0.399999999999956));
#2701=CARTESIAN_POINT('',(46.25,-35.1,3.99999999999995));
#2702=CARTESIAN_POINT('',(46.25,-35.1,3.99999999999995));
#2703=CARTESIAN_POINT('',(45.2500000000001,-35.1,3.99999999999995));
#2704=CARTESIAN_POINT('',(-47.25,-35.1,3.99999999999999));
#2705=CARTESIAN_POINT('',(42.2500000000001,-35.1,6.99999999999999));
#2706=CARTESIAN_POINT('Origin',(45.2500000000001,-35.1,6.99999999999999));
#2707=CARTESIAN_POINT('',(42.2500000000001,-35.1,11.));
#2708=CARTESIAN_POINT('',(42.2500000000001,-35.1,3.99999999999999));
#2709=CARTESIAN_POINT('',(39.2500000000001,-35.1,14.));
#2710=CARTESIAN_POINT('Origin',(39.2500000000001,-35.1,11.));
#2711=CARTESIAN_POINT('',(35.2500000000001,-35.1,14.));
#2712=CARTESIAN_POINT('',(42.2500000000001,-35.1,14.));
#2713=CARTESIAN_POINT('',(32.2500000000001,-35.1,11.));
#2714=CARTESIAN_POINT('Origin',(35.2500000000001,-35.1,11.));
#2715=CARTESIAN_POINT('',(32.2500000000001,-35.1,6.99999999999999));
#2716=CARTESIAN_POINT('',(32.2500000000001,-35.1,3.99999999999999));
#2717=CARTESIAN_POINT('',(29.2500000000001,-35.1,3.99999999999999));
#2718=CARTESIAN_POINT('Origin',(29.2500000000001,-35.1,6.99999999999999));
#2719=CARTESIAN_POINT('',(14.0000000000001,-35.1,3.99999999999999));
#2720=CARTESIAN_POINT('',(-47.25,-35.1,3.99999999999999));
#2721=CARTESIAN_POINT('',(11.0000000000001,-35.1,6.99999999999999));
#2722=CARTESIAN_POINT('Origin',(14.0000000000001,-35.1,6.99999999999999));
#2723=CARTESIAN_POINT('',(11.0000000000001,-35.1,11.));
#2724=CARTESIAN_POINT('',(11.0000000000001,-35.1,3.99999999999999));
#2725=CARTESIAN_POINT('',(8.00000000000006,-35.1,14.));
#2726=CARTESIAN_POINT('Origin',(8.00000000000006,-35.1,11.));
#2727=CARTESIAN_POINT('',(-7.99999999999995,-35.1,14.));
#2728=CARTESIAN_POINT('',(-11.,-35.1,14.));
#2729=CARTESIAN_POINT('',(-11.,-35.1,11.));
#2730=CARTESIAN_POINT('Origin',(-7.99999999999995,-35.1,11.));
#2731=CARTESIAN_POINT('',(-11.,-35.1,7.00000000000003));
#2732=CARTESIAN_POINT('',(-11.,-35.1,3.99999999999999));
#2733=CARTESIAN_POINT('',(-14.,-35.1,3.99999999999999));
#2734=CARTESIAN_POINT('Origin',(-14.,-35.1,7.00000000000003));
#2735=CARTESIAN_POINT('',(-29.25,-35.1,3.99999999999999));
#2736=CARTESIAN_POINT('',(-47.25,-35.1,3.99999999999999));
#2737=CARTESIAN_POINT('',(-32.25,-35.1,7.00000000000003));
#2738=CARTESIAN_POINT('Origin',(-29.25,-35.1,7.00000000000003));
#2739=CARTESIAN_POINT('',(-32.25,-35.1,11.));
#2740=CARTESIAN_POINT('',(-32.25,-35.1,3.99999999999999));
#2741=CARTESIAN_POINT('Origin',(-35.25,-35.1,11.));
#2742=CARTESIAN_POINT('Origin',(39.7500000000001,-2.10000000000001,11.));
#2743=CARTESIAN_POINT('',(47.2500000000001,-5.09999999999998,11.));
#2744=CARTESIAN_POINT('',(47.2500000000001,-2.10000000000001,14.));
#2745=CARTESIAN_POINT('Origin',(47.25,-2.10000000000001,11.));
#2746=CARTESIAN_POINT('',(39.7500000000001,-2.10000000000001,14.));
#2747=CARTESIAN_POINT('',(39.7500000000001,-5.09999999999998,11.));
#2748=CARTESIAN_POINT('Origin',(37.2500000000001,-5.09999999999998,3.99999999999999));
#2749=CARTESIAN_POINT('',(47.2500000000001,-5.09999999999998,6.99999999999999));
#2750=CARTESIAN_POINT('',(18.625,-5.09999999999998,6.99999999999999));
#2751=CARTESIAN_POINT('',(47.2500000000001,-5.09999999999998,3.99999999999999));
#2752=CARTESIAN_POINT('Origin',(18.625,-8.09999999999995,6.99999999999999));
#2753=CARTESIAN_POINT('',(47.25,-8.09999999999995,3.99999999999999));
#2754=CARTESIAN_POINT('',(18.625,-8.09999999999995,3.99999999999999));
#2755=CARTESIAN_POINT('Origin',(47.25,-8.09999999999995,6.99999999999999));
#2756=CARTESIAN_POINT('Origin',(0.,-0.0999999999999801,3.99999999999999));
#2757=CARTESIAN_POINT('',(47.25,7.89999999999999,3.99999999999999));
#2758=CARTESIAN_POINT('',(23.625,7.89999999999999,3.99999999999999));
#2759=CARTESIAN_POINT('',(47.25,33.9000000000001,3.99999999999999));
#2760=CARTESIAN_POINT('',(47.25,-35.1,3.99999999999999));
#2761=CARTESIAN_POINT('',(46.25,34.9,3.99999999999999));
#2762=CARTESIAN_POINT('Origin',(46.25,33.9000000000001,3.99999999999999));
#2763=CARTESIAN_POINT('',(6.00000000000003,34.9,3.99999999999999));
#2764=CARTESIAN_POINT('',(47.25,34.9,3.99999999999999));
#2765=CARTESIAN_POINT('',(5.00000000000002,33.9,3.99999999999999));
#2766=CARTESIAN_POINT('Origin',(6.00000000000003,33.9,3.99999999999999));
#2767=CARTESIAN_POINT('',(5.00000000000002,5.39999999999999,3.99999999999999));
#2768=CARTESIAN_POINT('',(5.00000000000002,5.39999999999999,3.99999999999999));
#2769=CARTESIAN_POINT('',(-5.00000000000002,5.39999999999999,3.99999999999999));
#2770=CARTESIAN_POINT('Origin',(0.,5.39999999999999,3.99999999999999));
#2771=CARTESIAN_POINT('',(-5.00000000000002,33.9000000000001,3.99999999999999));
#2772=CARTESIAN_POINT('',(-5.00000000000002,5.39999999999999,3.99999999999999));
#2773=CARTESIAN_POINT('',(-6.00000000000001,34.9,3.99999999999999));
#2774=CARTESIAN_POINT('Origin',(-6.00000000000001,33.9000000000001,3.99999999999999));
#2775=CARTESIAN_POINT('',(-46.25,34.9,4.00000000000002));
#2776=CARTESIAN_POINT('',(47.25,34.9,3.99999999999999));
#2777=CARTESIAN_POINT('',(-47.25,33.9,3.99999999999999));
#2778=CARTESIAN_POINT('Origin',(-46.25,33.9,3.99999999999999));
#2779=CARTESIAN_POINT('',(-47.25,7.89999999999999,3.99999999999999));
#2780=CARTESIAN_POINT('',(-47.25,34.9,3.99999999999999));
#2781=CARTESIAN_POINT('',(-18.625,7.89999999999999,3.99999999999999));
#2782=CARTESIAN_POINT('',(-47.25,-8.09999999999995,3.99999999999999));
#2783=CARTESIAN_POINT('',(-23.625,-8.09999999999995,3.99999999999999));
#2784=CARTESIAN_POINT('',(-47.25,-34.1,3.99999999999999));
#2785=CARTESIAN_POINT('',(-47.25,34.9,3.99999999999999));
#2786=CARTESIAN_POINT('Origin',(-46.25,-34.1,3.99999999999999));
#2787=CARTESIAN_POINT('',(-45.25,-25.1,3.99999999999999));
#2788=CARTESIAN_POINT('',(-45.25,-12.6,3.99999999999999));
#2789=CARTESIAN_POINT('',(-29.25,-25.1,3.99999999999999));
#2790=CARTESIAN_POINT('',(-16.125,-25.1,3.99999999999999));
#2791=CARTESIAN_POINT('',(-29.25,-17.6,3.99999999999999));
#2792=CARTESIAN_POINT('',(-14.,-25.1,3.99999999999999));
#2793=CARTESIAN_POINT('',(-14.,-12.6,3.99999999999999));
#2794=CARTESIAN_POINT('',(14.0000000000001,-25.1,3.99999999999999));
#2795=CARTESIAN_POINT('',(5.50000000000002,-25.1,3.99999999999999));
#2796=CARTESIAN_POINT('',(14.0000000000001,-17.6,3.99999999999999));
#2797=CARTESIAN_POINT('',(29.2500000000001,-25.1,3.99999999999999));
#2798=CARTESIAN_POINT('',(29.2500000000001,-12.6,3.99999999999999));
#2799=CARTESIAN_POINT('',(45.2500000000001,-25.1,3.99999999999999));
#2800=CARTESIAN_POINT('',(21.125,-25.1,3.99999999999999));
#2801=CARTESIAN_POINT('',(45.2500000000001,-17.6,3.99999999999999));
#2802=CARTESIAN_POINT('',(47.25,-34.1,3.99999999999999));
#2803=CARTESIAN_POINT('Origin',(46.25,-34.1,3.99999999999999));
#2804=CARTESIAN_POINT('',(47.25,-35.1,3.99999999999999));
#2805=CARTESIAN_POINT('Origin',(44.7500000000001,1.90000000000005,11.));
#2806=CARTESIAN_POINT('',(47.2500000000001,1.90000000000005,14.));
#2807=CARTESIAN_POINT('',(44.7500000000001,1.90000000000005,14.));
#2808=CARTESIAN_POINT('',(47.2500000000001,4.90000000000002,11.));
#2809=CARTESIAN_POINT('Origin',(47.25,1.90000000000005,11.));
#2810=CARTESIAN_POINT('',(44.7500000000001,4.90000000000002,11.));
#2811=CARTESIAN_POINT('Origin',(47.2500000000001,4.90000000000002,3.99999999999999));
#2812=CARTESIAN_POINT('',(47.2500000000001,4.90000000000002,6.99999999999999));
#2813=CARTESIAN_POINT('',(47.2500000000001,4.90000000000002,3.99999999999999));
#2814=CARTESIAN_POINT('',(23.625,4.90000000000002,6.99999999999999));
#2815=CARTESIAN_POINT('Origin',(23.625,7.89999999999999,6.99999999999999));
#2816=CARTESIAN_POINT('Origin',(47.25,7.89999999999999,6.99999999999999));
#2817=CARTESIAN_POINT('Origin',(-18.625,7.89999999999999,7.00000000000003));
#2818=CARTESIAN_POINT('',(-47.25,4.90000000000002,7.00000000000003));
#2819=CARTESIAN_POINT('Origin',(-47.25,7.89999999999999,7.00000000000003));
#2820=CARTESIAN_POINT('',(-18.625,4.90000000000002,7.00000000000003));
#2821=CARTESIAN_POINT('Origin',(-39.75,1.90000000000005,11.));
#2822=CARTESIAN_POINT('',(-47.25,4.90000000000002,11.));
#2823=CARTESIAN_POINT('',(-47.25,1.90000000000005,14.));
#2824=CARTESIAN_POINT('Origin',(-47.25,1.90000000000005,11.));
#2825=CARTESIAN_POINT('',(-39.75,1.90000000000005,14.));
#2826=CARTESIAN_POINT('',(-39.75,4.90000000000002,11.));
#2827=CARTESIAN_POINT('Origin',(-37.25,4.90000000000002,3.99999999999999));
#2828=CARTESIAN_POINT('',(-47.25,4.90000000000002,3.99999999999999));
#2829=CARTESIAN_POINT('Origin',(-44.75,-2.10000000000001,11.));
#2830=CARTESIAN_POINT('',(-47.25,-2.10000000000001,14.));
#2831=CARTESIAN_POINT('',(-44.75,-2.10000000000001,14.));
#2832=CARTESIAN_POINT('',(-47.25,-5.09999999999998,11.));
#2833=CARTESIAN_POINT('Origin',(-47.25,-2.10000000000001,11.));
#2834=CARTESIAN_POINT('',(-44.75,-5.09999999999998,11.));
#2835=CARTESIAN_POINT('Origin',(-47.25,-5.09999999999998,3.99999999999999));
#2836=CARTESIAN_POINT('',(-47.25,-5.09999999999998,7.00000000000003));
#2837=CARTESIAN_POINT('',(-47.25,-5.09999999999998,3.99999999999999));
#2838=CARTESIAN_POINT('',(-23.625,-5.09999999999998,7.00000000000003));
#2839=CARTESIAN_POINT('Origin',(-23.625,-8.09999999999995,7.00000000000003));
#2840=CARTESIAN_POINT('Origin',(-47.25,-8.09999999999995,7.00000000000003));
#2841=CARTESIAN_POINT('Origin',(-45.25,-12.6,7.00000000000003));
#2842=CARTESIAN_POINT('',(-42.25,-25.1,7.00000000000003));
#2843=CARTESIAN_POINT('Origin',(-45.25,-25.1,7.00000000000003));
#2844=CARTESIAN_POINT('',(-42.25,-12.6,7.00000000000003));
#2845=CARTESIAN_POINT('Origin',(-14.,-12.6,7.00000000000003));
#2846=CARTESIAN_POINT('',(-11.,-25.1,7.00000000000003));
#2847=CARTESIAN_POINT('Origin',(-14.,-25.1,7.00000000000003));
#2848=CARTESIAN_POINT('',(-11.,-12.6,7.00000000000003));
#2849=CARTESIAN_POINT('Origin',(-29.25,-17.6,7.00000000000003));
#2850=CARTESIAN_POINT('',(-32.25,-25.1,7.00000000000003));
#2851=CARTESIAN_POINT('Origin',(-29.25,-25.1,7.00000000000003));
#2852=CARTESIAN_POINT('',(-32.25,-17.6,7.00000000000003));
#2853=CARTESIAN_POINT('Origin',(-32.25,-35.1,3.99999999999999));
#2854=CARTESIAN_POINT('',(-32.25,-25.1,11.));
#2855=CARTESIAN_POINT('',(-32.25,-25.1,3.99999999999999));
#2856=CARTESIAN_POINT('',(-32.25,-32.6,11.));
#2857=CARTESIAN_POINT('Origin',(-35.25,-32.6,11.));
#2858=CARTESIAN_POINT('Origin',(-35.25,-25.1,11.));
#2859=CARTESIAN_POINT('Origin',(-7.99999999999995,-27.6,11.));
#2860=CARTESIAN_POINT('',(-7.99999999999995,-25.1,14.));
#2861=CARTESIAN_POINT('',(-7.99999999999995,-27.6,14.));
#2862=CARTESIAN_POINT('',(-11.,-25.1,11.));
#2863=CARTESIAN_POINT('Origin',(-7.99999999999995,-25.1,11.));
#2864=CARTESIAN_POINT('',(-11.,-27.6,11.));
#2865=CARTESIAN_POINT('Origin',(5.32907051820075E-14,-30.1,14.));
#2866=CARTESIAN_POINT('',(8.00000000000006,-25.1,14.));
#2867=CARTESIAN_POINT('',(8.00000000000006,-32.6,14.));
#2868=CARTESIAN_POINT('',(1.00000000000005,-25.1,14.));
#2869=CARTESIAN_POINT('Origin',(8.00000000000006,-32.6,11.));
#2870=CARTESIAN_POINT('',(11.0000000000001,-25.1,11.));
#2871=CARTESIAN_POINT('Origin',(8.00000000000006,-25.1,11.));
#2872=CARTESIAN_POINT('',(11.0000000000001,-32.6,11.));
#2873=CARTESIAN_POINT('Origin',(11.0000000000001,-25.1,3.99999999999999));
#2874=CARTESIAN_POINT('',(11.0000000000001,-25.1,6.99999999999999));
#2875=CARTESIAN_POINT('',(11.0000000000001,-25.1,3.99999999999999));
#2876=CARTESIAN_POINT('Origin',(14.0000000000001,-25.1,6.99999999999999));
#2877=CARTESIAN_POINT('',(-11.,-25.1,3.99999999999999));
#2878=CARTESIAN_POINT('Origin',(11.0000000000001,-35.1,3.99999999999999));
#2879=CARTESIAN_POINT('',(11.0000000000001,-17.6,6.99999999999999));
#2880=CARTESIAN_POINT('Origin',(14.0000000000001,-17.6,6.99999999999999));
#2881=CARTESIAN_POINT('Origin',(45.2500000000001,-17.6,6.99999999999999));
#2882=CARTESIAN_POINT('',(42.2500000000001,-25.1,6.99999999999999));
#2883=CARTESIAN_POINT('Origin',(45.2500000000001,-25.1,6.99999999999999));
#2884=CARTESIAN_POINT('',(42.2500000000001,-17.6,6.99999999999999));
#2885=CARTESIAN_POINT('Origin',(42.2500000000001,-35.1,3.99999999999999));
#2886=CARTESIAN_POINT('',(42.2500000000001,-25.1,11.));
#2887=CARTESIAN_POINT('',(42.2500000000001,-25.1,3.99999999999999));
#2888=CARTESIAN_POINT('',(42.2500000000001,-32.6,11.));
#2889=CARTESIAN_POINT('Origin',(29.2500000000001,-12.6,6.99999999999999));
#2890=CARTESIAN_POINT('',(32.2500000000001,-25.1,6.99999999999999));
#2891=CARTESIAN_POINT('Origin',(29.2500000000001,-25.1,6.99999999999999));
#2892=CARTESIAN_POINT('',(32.2500000000001,-12.6,6.99999999999999));
#2893=CARTESIAN_POINT('Origin',(39.2500000000001,-32.6,11.));
#2894=CARTESIAN_POINT('',(39.2500000000001,-25.1,14.));
#2895=CARTESIAN_POINT('Origin',(39.2500000000001,-25.1,11.));
#2896=CARTESIAN_POINT('',(39.2500000000001,-32.6,14.));
#2897=CARTESIAN_POINT('Origin',(35.2500000000001,-27.6,11.));
#2898=CARTESIAN_POINT('',(35.2500000000001,-25.1,14.));
#2899=CARTESIAN_POINT('',(35.2500000000001,-27.6,14.));
#2900=CARTESIAN_POINT('',(32.2500000000001,-25.1,11.));
#2901=CARTESIAN_POINT('Origin',(35.2500000000001,-25.1,11.));
#2902=CARTESIAN_POINT('',(32.2500000000001,-27.6,11.));
#2903=CARTESIAN_POINT('Origin',(32.2500000000001,-25.1,3.99999999999999));
#2904=CARTESIAN_POINT('',(32.2500000000001,-25.1,3.99999999999999));
#2905=CARTESIAN_POINT('Origin',(42.2500000000001,-0.0999999999999801,14.));
#2906=CARTESIAN_POINT('',(47.2500000000001,4.90000000000002,14.));
#2907=CARTESIAN_POINT('Origin',(-42.25,-0.0999999999999801,14.));
#2908=CARTESIAN_POINT('',(-47.25,4.90000000000002,14.));
#2909=CARTESIAN_POINT('Origin',(42.2500000000001,-25.1,3.99999999999999));
#2910=CARTESIAN_POINT('',(32.2500000000001,-25.1,14.));
#2911=CARTESIAN_POINT('Origin',(37.2500000000001,-30.1,14.));
#2912=CARTESIAN_POINT('Origin',(-42.25,-25.1,3.99999999999999));
#2913=CARTESIAN_POINT('',(-42.25,-25.1,3.99999999999999));
#2914=CARTESIAN_POINT('Origin',(-32.25,-25.1,3.99999999999999));
#2915=CARTESIAN_POINT('Origin',(-11.,-25.1,3.99999999999999));
#2916=CARTESIAN_POINT('Origin',(-46.25,-34.1,0.199999999999996));
#2917=CARTESIAN_POINT('',(-46.25,-34.7,0.));
#2918=CARTESIAN_POINT('',(-46.25,-34.7,0.));
#2919=CARTESIAN_POINT('',(-47.25,-34.1,0.399999999999991));
#2920=CARTESIAN_POINT('Origin',(-46.25,-34.1,0.399999999999991));
#2921=CARTESIAN_POINT('',(-46.85,-34.1,0.));
#2922=CARTESIAN_POINT('',(-47.25,-34.1,0.399999999999991));
#2923=CARTESIAN_POINT('Origin',(-46.25,-34.1,0.));
#2924=CARTESIAN_POINT('Origin',(23.625,-34.9,0.199999999999996));
#2925=CARTESIAN_POINT('',(46.25,-34.7,0.));
#2926=CARTESIAN_POINT('',(23.625,-34.7,0.));
#2927=CARTESIAN_POINT('',(46.25,-34.7,0.));
#2928=CARTESIAN_POINT('Origin',(46.25,-34.1,0.199999999999996));
#2929=CARTESIAN_POINT('',(46.85,-34.1,0.));
#2930=CARTESIAN_POINT('',(47.25,-34.1,0.399999999999991));
#2931=CARTESIAN_POINT('',(46.85,-34.1,0.));
#2932=CARTESIAN_POINT('Origin',(46.25,-34.1,0.399999999999991));
#2933=CARTESIAN_POINT('Origin',(46.25,-34.1,0.));
#2934=CARTESIAN_POINT('Origin',(47.05,17.4,0.199999999999996));
#2935=CARTESIAN_POINT('',(46.85,33.9000000000001,0.));
#2936=CARTESIAN_POINT('',(46.85,17.4,0.));
#2937=CARTESIAN_POINT('',(47.25,33.9000000000001,0.399999999999991));
#2938=CARTESIAN_POINT('',(46.85,33.9000000000001,0.));
#2939=CARTESIAN_POINT('',(47.25,17.4,0.399999999999991));
#2940=CARTESIAN_POINT('Origin',(46.25,33.9000000000001,0.199999999999996));
#2941=CARTESIAN_POINT('',(46.25,34.5,0.));
#2942=CARTESIAN_POINT('',(46.25,34.9,0.399999999999991));
#2943=CARTESIAN_POINT('',(46.25,34.5,0.));
#2944=CARTESIAN_POINT('Origin',(46.25,33.9000000000001,0.399999999999991));
#2945=CARTESIAN_POINT('Origin',(46.25,33.9000000000001,0.));
#2946=CARTESIAN_POINT('Origin',(2.50000000000002,34.7000000000001,0.199999999999996));
#2947=CARTESIAN_POINT('',(6.00000000000003,34.5,0.));
#2948=CARTESIAN_POINT('',(2.50000000000002,34.5,0.));
#2949=CARTESIAN_POINT('',(6.00000000000003,34.9,0.399999999999991));
#2950=CARTESIAN_POINT('',(6.00000000000003,34.5,0.));
#2951=CARTESIAN_POINT('',(2.50000000000002,34.9,0.399999999999991));
#2952=CARTESIAN_POINT('Origin',(6.00000000000003,33.9,0.199999999999996));
#2953=CARTESIAN_POINT('',(5.40000000000004,33.9,0.));
#2954=CARTESIAN_POINT('',(5.00000000000002,33.9,0.399999999999991));
#2955=CARTESIAN_POINT('',(5.40000000000004,33.9,0.));
#2956=CARTESIAN_POINT('Origin',(6.00000000000003,33.9,0.399999999999991));
#2957=CARTESIAN_POINT('Origin',(6.00000000000003,33.9,0.));
#2958=CARTESIAN_POINT('Origin',(5.20000000000001,2.65000000000001,0.199999999999996));
#2959=CARTESIAN_POINT('',(5.40000000000001,5.39999999999999,0.));
#2960=CARTESIAN_POINT('',(5.40000000000001,2.65000000000001,0.));
#2961=CARTESIAN_POINT('',(5.00000000000002,5.39999999999999,0.399999999999991));
#2962=CARTESIAN_POINT('',(5.40000000000001,5.39999999999999,0.));
#2963=CARTESIAN_POINT('',(5.00000000000002,2.65000000000001,0.399999999999991));
#2964=CARTESIAN_POINT('Origin',(0.,5.39999999999999,0.199999999999996));
#2965=CARTESIAN_POINT('',(-5.40000000000001,5.39999999999999,0.));
#2966=CARTESIAN_POINT('Origin',(0.,5.39999999999999,0.));
#2967=CARTESIAN_POINT('',(-5.00000000000002,5.39999999999999,0.399999999999991));
#2968=CARTESIAN_POINT('',(-5.40000000000001,5.39999999999999,0.));
#2969=CARTESIAN_POINT('Origin',(0.,5.39999999999999,0.399999999999991));
#2970=CARTESIAN_POINT('Origin',(-5.20000000000001,17.4,0.199999999999996));
#2971=CARTESIAN_POINT('',(-5.40000000000001,33.9000000000001,0.));
#2972=CARTESIAN_POINT('',(-5.40000000000001,17.4,0.));
#2973=CARTESIAN_POINT('',(-5.00000000000002,33.9000000000001,0.399999999999991));
#2974=CARTESIAN_POINT('',(-5.40000000000001,33.9000000000001,0.));
#2975=CARTESIAN_POINT('',(-5.00000000000002,17.4,0.399999999999991));
#2976=CARTESIAN_POINT('Origin',(-6.00000000000001,33.9000000000001,0.199999999999996));
#2977=CARTESIAN_POINT('',(-6.00000000000001,34.5,0.));
#2978=CARTESIAN_POINT('',(-6.00000000000001,34.9,0.399999999999991));
#2979=CARTESIAN_POINT('',(-6.00000000000001,34.5,0.));
#2980=CARTESIAN_POINT('Origin',(-6.00000000000001,33.9000000000001,0.399999999999991));
#2981=CARTESIAN_POINT('Origin',(-6.00000000000001,33.9000000000001,0.));
#2982=CARTESIAN_POINT('Origin',(-23.625,34.7000000000001,0.199999999999996));
#2983=CARTESIAN_POINT('',(-46.25,34.5,0.));
#2984=CARTESIAN_POINT('',(-23.625,34.5,0.));
#2985=CARTESIAN_POINT('',(-46.25,34.9,0.400000000000027));
#2986=CARTESIAN_POINT('',(-46.25,34.5,0.));
#2987=CARTESIAN_POINT('',(-23.625,34.9,0.400000000000027));
#2988=CARTESIAN_POINT('Origin',(-46.25,33.9,0.199999999999996));
#2989=CARTESIAN_POINT('',(-46.85,33.9,0.));
#2990=CARTESIAN_POINT('',(-47.25,33.9,0.399999999999991));
#2991=CARTESIAN_POINT('',(-46.85,33.9,0.));
#2992=CARTESIAN_POINT('Origin',(-46.25,33.9,0.399999999999991));
#2993=CARTESIAN_POINT('Origin',(-46.25,33.9,0.));
#2994=CARTESIAN_POINT('Origin',(-47.05,-17.6,0.199999999999996));
#2995=CARTESIAN_POINT('',(-46.85,-17.6,0.));
#2996=CARTESIAN_POINT('',(-47.25,-17.6,0.399999999999991));
#2997=CARTESIAN_POINT('Origin',(0.,5.39999999999999,3.99999999999999));
#2998=CARTESIAN_POINT('',(-5.00000000000002,5.39999999999999,3.99999999999999));
#2999=CARTESIAN_POINT('',(5.00000000000002,5.39999999999999,3.99999999999999));
#3000=CARTESIAN_POINT('Origin',(-5.00000000000002,34.9,3.99999999999999));
#3001=CARTESIAN_POINT('',(-5.00000000000002,33.9000000000001,4.00000000000002));
#3002=CARTESIAN_POINT('Origin',(-6.00000000000001,33.9000000000001,4.00000000000002));
#3003=CARTESIAN_POINT('',(-6.00000000000001,34.9,4.00000000000002));
#3004=CARTESIAN_POINT('Origin',(-47.25,34.9,4.00000000000002));
#3005=CARTESIAN_POINT('',(-46.25,34.9,4.00000000000002));
#3006=CARTESIAN_POINT('Origin',(-46.25,33.9,4.00000000000002));
#3007=CARTESIAN_POINT('',(-47.25,33.9,4.00000000000002));
#3008=CARTESIAN_POINT('Origin',(-47.25,-35.1,3.99999999999999));
#3009=CARTESIAN_POINT('',(-47.25,-34.1,3.99999999999995));
#3010=CARTESIAN_POINT('Origin',(-46.25,-34.1,3.99999999999995));
#3011=CARTESIAN_POINT('Origin',(0.,-0.0999999999999801,0.));
#3012=CARTESIAN_POINT('Origin',(46.25,-34.1,3.99999999999995));
#3013=CARTESIAN_POINT('',(47.25,-34.1,3.99999999999995));
#3014=CARTESIAN_POINT('Origin',(6.00000000000003,33.9,3.99999999999999));
#3015=CARTESIAN_POINT('',(5.00000000000002,33.9,3.99999999999999));
#3016=CARTESIAN_POINT('',(6.00000000000003,34.9,3.99999999999999));
#3017=CARTESIAN_POINT('Origin',(5.00000000000002,34.9,3.99999999999999));
#3018=CARTESIAN_POINT('',(46.25,34.9,3.99999999999999));
#3019=CARTESIAN_POINT('Origin',(46.25,33.9000000000001,3.99999999999999));
#3020=CARTESIAN_POINT('',(47.25,33.9000000000001,3.99999999999999));
#3021=CARTESIAN_POINT('Origin',(47.25,34.9,3.99999999999999));
#3022=CARTESIAN_POINT('Origin',(5.00000000000002,5.39999999999999,3.99999999999999));
#3023=UNCERTAINTY_MEASURE_WITH_UNIT(LENGTH_MEASURE(0.01),#3027,
'DISTANCE_ACCURACY_VALUE',
'Maximum model space distance between geometric entities at asserted c
onnectivities');
#3024=UNCERTAINTY_MEASURE_WITH_UNIT(LENGTH_MEASURE(0.01),#3027,
'DISTANCE_ACCURACY_VALUE',
'Maximum model space distance between geometric entities at asserted c
onnectivities');
#3025=(
GEOMETRIC_REPRESENTATION_CONTEXT(3)
GLOBAL_UNCERTAINTY_ASSIGNED_CONTEXT((#3023))
GLOBAL_UNIT_ASSIGNED_CONTEXT((#3027,#3029,#3030))
REPRESENTATION_CONTEXT('','3D')
);
#3026=(
GEOMETRIC_REPRESENTATION_CONTEXT(3)
GLOBAL_UNCERTAINTY_ASSIGNED_CONTEXT((#3024))
GLOBAL_UNIT_ASSIGNED_CONTEXT((#3027,#3029,#3030))
REPRESENTATION_CONTEXT('','3D')
);
#3027=(
LENGTH_UNIT()
NAMED_UNIT(*)
SI_UNIT(.MILLI.,.METRE.)
);
#3028=(
LENGTH_UNIT()
NAMED_UNIT(*)
SI_UNIT($,.METRE.)
);
#3029=(
NAMED_UNIT(*)
PLANE_ANGLE_UNIT()
SI_UNIT($,.RADIAN.)
);
#3030=(
NAMED_UNIT(*)
SI_UNIT($,.STERADIAN.)
SOLID_ANGLE_UNIT()
);
#3031=SHAPE_DEFINITION_REPRESENTATION(#3032,#3033);
#3032=PRODUCT_DEFINITION_SHAPE('',$,#3035);
#3033=SHAPE_REPRESENTATION('',(#1795),#3025);
#3034=PRODUCT_DEFINITION_CONTEXT('part definition',#3039,'design');
#3035=PRODUCT_DEFINITION('MAIN','Proosa Mini - panels - export v2',#3036,
#3034);
#3036=PRODUCT_DEFINITION_FORMATION('',$,#3041);
#3037=PRODUCT_RELATED_PRODUCT_CATEGORY(
'Proosa Mini - panels - export v2','Proosa Mini - panels - export v2',(#3041));
#3038=APPLICATION_PROTOCOL_DEFINITION('international standard',
'automotive_design',2009,#3039);
#3039=APPLICATION_CONTEXT(
'Core Data for Automotive Mechanical Design Process');
#3040=PRODUCT_CONTEXT('part definition',#3039,'mechanical');
#3041=PRODUCT('MAIN','Proosa Mini - panels - export v2','FreeCAD Model',
(#3040));
#3042=PRESENTATION_STYLE_ASSIGNMENT((#3044));
#3043=PRESENTATION_STYLE_ASSIGNMENT((#3045));
#3044=SURFACE_STYLE_USAGE(.BOTH.,#3046);
#3045=SURFACE_STYLE_USAGE(.BOTH.,#3047);
#3046=SURFACE_SIDE_STYLE('',(#3048));
#3047=SURFACE_SIDE_STYLE('',(#3049));
#3048=SURFACE_STYLE_FILL_AREA(#3050);
#3049=SURFACE_STYLE_FILL_AREA(#3051);
#3050=FILL_AREA_STYLE('Acero - Satinado',(#3052));
#3051=FILL_AREA_STYLE('Opaque(82,82,82)',(#3053));
#3052=FILL_AREA_STYLE_COLOUR('Acero - Satinado',#3054);
#3053=FILL_AREA_STYLE_COLOUR('Opaque(82,82,82)',#3055);
#3054=COLOUR_RGB('Acero - Satinado',0.627450980392157,0.627450980392157,
0.627450980392157);
#3055=COLOUR_RGB('Opaque(82,82,82)',0.32156862745098,0.32156862745098,0.32156862745098);
ENDSEC;
END-ISO-10303-21;
