ISO-10303-21;
HEADER;
/* Generated by software containing ST-Developer
 * from STEP Tools, Inc. (www.steptools.com) 
 */

FILE_DESCRIPTION(
/* description */ ('FreeCAD Model'),
/* implementation_level */ '2;1');

FILE_NAME(
/* name */ 'y-carrier-cap-2xLM10UU.step',
/* time_stamp */ '2026-04-24T16:41:46+02:00',
/* author */ (''),
/* organization */ (''),
/* preprocessor_version */ 'ST-DEVELOPER v20.1',
/* originating_system */ 'Autodesk Translation Framework v15.8.0.0',
/* authorisation */ '');

FILE_SCHEMA (('AUTOMOTIVE_DESIGN { 1 0 10303 214 3 1 1 }'));
ENDSEC;

DATA;
#10=MECHANICAL_DESIGN_GEOMETRIC_PRESENTATION_REPRESENTATION('',(#13),#5669);
#11=SHAPE_REPRESENTATION_RELATIONSHIP('SRR','None',#5676,#12);
#12=ADVANCED_BREP_SHAPE_REPRESENTATION('',(#14),#5668);
#13=STYLED_ITEM('',(#5686),#14);
#14=MANIFOLD_SOLID_BREP('y-carrier-cap-2xLM10UU',#3483);
#15=CYLINDRICAL_SURFACE('',#3566,3.25);
#16=CYLINDRICAL_SURFACE('',#3573,3.25);
#17=CYLINDRICAL_SURFACE('',#3580,3.25);
#18=CYLINDRICAL_SURFACE('',#3596,3.25);
#19=CYLINDRICAL_SURFACE('',#3602,3.25);
#20=CYLINDRICAL_SURFACE('',#3607,3.25);
#21=CYLINDRICAL_SURFACE('',#3614,8.5);
#22=CYLINDRICAL_SURFACE('',#3616,8.5);
#23=CYLINDRICAL_SURFACE('',#3626,9.6);
#24=CYLINDRICAL_SURFACE('',#3628,9.6);
#25=CYLINDRICAL_SURFACE('',#3649,1.65);
#26=CYLINDRICAL_SURFACE('',#3654,1.65);
#27=CYLINDRICAL_SURFACE('',#3659,1.65);
#28=CYLINDRICAL_SURFACE('',#3712,1.65);
#29=CYLINDRICAL_SURFACE('',#3717,1.65);
#30=CYLINDRICAL_SURFACE('',#3722,1.65);
#31=CONICAL_SURFACE('',#3536,3.75,0.785398163397448);
#32=CONICAL_SURFACE('',#3542,3.75,0.785398163397448);
#33=CONICAL_SURFACE('',#3549,3.75,0.785398163397448);
#34=CONICAL_SURFACE('',#3553,3.75,0.785398163397448);
#35=CONICAL_SURFACE('',#3558,3.75,0.785398163397448);
#36=CONICAL_SURFACE('',#3563,3.75,0.785398163397448);
#37=FACE_BOUND('',#315,.T.);
#38=FACE_BOUND('',#316,.T.);
#39=FACE_BOUND('',#317,.T.);
#40=FACE_BOUND('',#389,.T.);
#41=FACE_BOUND('',#390,.T.);
#42=FACE_BOUND('',#391,.T.);
#43=CIRCLE('',#3504,8.5);
#44=CIRCLE('',#3516,8.5);
#45=CIRCLE('',#3523,1.65);
#46=CIRCLE('',#3524,1.65);
#47=CIRCLE('',#3525,1.65);
#48=CIRCLE('',#3537,4.25);
#49=CIRCLE('',#3538,3.25);
#50=CIRCLE('',#3543,4.25);
#51=CIRCLE('',#3544,3.25);
#52=CIRCLE('',#3550,4.25);
#53=CIRCLE('',#3551,3.25);
#54=CIRCLE('',#3554,4.25);
#55=CIRCLE('',#3555,3.25);
#56=CIRCLE('',#3559,4.25);
#57=CIRCLE('',#3560,3.25);
#58=CIRCLE('',#3564,4.25);
#59=CIRCLE('',#3565,3.25);
#60=CIRCLE('',#3567,3.25);
#61=CIRCLE('',#3568,3.25);
#62=CIRCLE('',#3569,3.25);
#63=CIRCLE('',#3574,3.25);
#64=CIRCLE('',#3575,3.25);
#65=CIRCLE('',#3576,3.25);
#66=CIRCLE('',#3581,3.25);
#67=CIRCLE('',#3582,3.25);
#68=CIRCLE('',#3583,3.25);
#69=CIRCLE('',#3597,3.25);
#70=CIRCLE('',#3598,3.25);
#71=CIRCLE('',#3599,3.25);
#72=CIRCLE('',#3603,3.25);
#73=CIRCLE('',#3604,3.25);
#74=CIRCLE('',#3605,3.25);
#75=CIRCLE('',#3608,3.25);
#76=CIRCLE('',#3609,3.25);
#77=CIRCLE('',#3610,3.25);
#78=CIRCLE('',#3615,8.5);
#79=CIRCLE('',#3617,8.5);
#80=CIRCLE('',#3623,9.6);
#81=CIRCLE('',#3624,9.6);
#82=CIRCLE('',#3627,9.6);
#83=CIRCLE('',#3629,9.6);
#84=CIRCLE('',#3633,1.65);
#85=CIRCLE('',#3634,1.65);
#86=CIRCLE('',#3635,1.65);
#87=CIRCLE('',#3650,1.65);
#88=CIRCLE('',#3651,1.65);
#89=CIRCLE('',#3652,1.65);
#90=CIRCLE('',#3653,1.65);
#91=CIRCLE('',#3655,1.65);
#92=CIRCLE('',#3656,1.65);
#93=CIRCLE('',#3657,1.65);
#94=CIRCLE('',#3658,1.65);
#95=CIRCLE('',#3660,1.65);
#96=CIRCLE('',#3661,1.65);
#97=CIRCLE('',#3662,1.65);
#98=CIRCLE('',#3663,1.65);
#99=CIRCLE('',#3713,1.65);
#100=CIRCLE('',#3714,1.65);
#101=CIRCLE('',#3715,1.65);
#102=CIRCLE('',#3716,1.65);
#103=CIRCLE('',#3718,1.65);
#104=CIRCLE('',#3719,1.65);
#105=CIRCLE('',#3720,1.65);
#106=CIRCLE('',#3721,1.65);
#107=CIRCLE('',#3723,1.65);
#108=CIRCLE('',#3724,1.65);
#109=CIRCLE('',#3725,1.65);
#110=CIRCLE('',#3726,1.65);
#111=FACE_OUTER_BOUND('',#291,.T.);
#112=FACE_OUTER_BOUND('',#292,.T.);
#113=FACE_OUTER_BOUND('',#293,.T.);
#114=FACE_OUTER_BOUND('',#294,.T.);
#115=FACE_OUTER_BOUND('',#295,.T.);
#116=FACE_OUTER_BOUND('',#296,.T.);
#117=FACE_OUTER_BOUND('',#297,.T.);
#118=FACE_OUTER_BOUND('',#298,.T.);
#119=FACE_OUTER_BOUND('',#299,.T.);
#120=FACE_OUTER_BOUND('',#300,.T.);
#121=FACE_OUTER_BOUND('',#301,.T.);
#122=FACE_OUTER_BOUND('',#302,.T.);
#123=FACE_OUTER_BOUND('',#303,.T.);
#124=FACE_OUTER_BOUND('',#304,.T.);
#125=FACE_OUTER_BOUND('',#305,.T.);
#126=FACE_OUTER_BOUND('',#306,.T.);
#127=FACE_OUTER_BOUND('',#307,.T.);
#128=FACE_OUTER_BOUND('',#308,.T.);
#129=FACE_OUTER_BOUND('',#309,.T.);
#130=FACE_OUTER_BOUND('',#310,.T.);
#131=FACE_OUTER_BOUND('',#311,.T.);
#132=FACE_OUTER_BOUND('',#312,.T.);
#133=FACE_OUTER_BOUND('',#313,.T.);
#134=FACE_OUTER_BOUND('',#314,.T.);
#135=FACE_OUTER_BOUND('',#318,.T.);
#136=FACE_OUTER_BOUND('',#319,.T.);
#137=FACE_OUTER_BOUND('',#320,.T.);
#138=FACE_OUTER_BOUND('',#321,.T.);
#139=FACE_OUTER_BOUND('',#322,.T.);
#140=FACE_OUTER_BOUND('',#323,.T.);
#141=FACE_OUTER_BOUND('',#324,.T.);
#142=FACE_OUTER_BOUND('',#325,.T.);
#143=FACE_OUTER_BOUND('',#326,.T.);
#144=FACE_OUTER_BOUND('',#327,.T.);
#145=FACE_OUTER_BOUND('',#328,.T.);
#146=FACE_OUTER_BOUND('',#329,.T.);
#147=FACE_OUTER_BOUND('',#330,.T.);
#148=FACE_OUTER_BOUND('',#331,.T.);
#149=FACE_OUTER_BOUND('',#332,.T.);
#150=FACE_OUTER_BOUND('',#333,.T.);
#151=FACE_OUTER_BOUND('',#334,.T.);
#152=FACE_OUTER_BOUND('',#335,.T.);
#153=FACE_OUTER_BOUND('',#336,.T.);
#154=FACE_OUTER_BOUND('',#337,.T.);
#155=FACE_OUTER_BOUND('',#338,.T.);
#156=FACE_OUTER_BOUND('',#339,.T.);
#157=FACE_OUTER_BOUND('',#340,.T.);
#158=FACE_OUTER_BOUND('',#341,.T.);
#159=FACE_OUTER_BOUND('',#342,.T.);
#160=FACE_OUTER_BOUND('',#343,.T.);
#161=FACE_OUTER_BOUND('',#344,.T.);
#162=FACE_OUTER_BOUND('',#345,.T.);
#163=FACE_OUTER_BOUND('',#346,.T.);
#164=FACE_OUTER_BOUND('',#347,.T.);
#165=FACE_OUTER_BOUND('',#348,.T.);
#166=FACE_OUTER_BOUND('',#349,.T.);
#167=FACE_OUTER_BOUND('',#350,.T.);
#168=FACE_OUTER_BOUND('',#351,.T.);
#169=FACE_OUTER_BOUND('',#352,.T.);
#170=FACE_OUTER_BOUND('',#353,.T.);
#171=FACE_OUTER_BOUND('',#354,.T.);
#172=FACE_OUTER_BOUND('',#355,.T.);
#173=FACE_OUTER_BOUND('',#356,.T.);
#174=FACE_OUTER_BOUND('',#357,.T.);
#175=FACE_OUTER_BOUND('',#358,.T.);
#176=FACE_OUTER_BOUND('',#359,.T.);
#177=FACE_OUTER_BOUND('',#360,.T.);
#178=FACE_OUTER_BOUND('',#361,.T.);
#179=FACE_OUTER_BOUND('',#362,.T.);
#180=FACE_OUTER_BOUND('',#363,.T.);
#181=FACE_OUTER_BOUND('',#364,.T.);
#182=FACE_OUTER_BOUND('',#365,.T.);
#183=FACE_OUTER_BOUND('',#366,.T.);
#184=FACE_OUTER_BOUND('',#367,.T.);
#185=FACE_OUTER_BOUND('',#368,.T.);
#186=FACE_OUTER_BOUND('',#369,.T.);
#187=FACE_OUTER_BOUND('',#370,.T.);
#188=FACE_OUTER_BOUND('',#371,.T.);
#189=FACE_OUTER_BOUND('',#372,.T.);
#190=FACE_OUTER_BOUND('',#373,.T.);
#191=FACE_OUTER_BOUND('',#374,.T.);
#192=FACE_OUTER_BOUND('',#375,.T.);
#193=FACE_OUTER_BOUND('',#376,.T.);
#194=FACE_OUTER_BOUND('',#377,.T.);
#195=FACE_OUTER_BOUND('',#378,.T.);
#196=FACE_OUTER_BOUND('',#379,.T.);
#197=FACE_OUTER_BOUND('',#380,.T.);
#198=FACE_OUTER_BOUND('',#381,.T.);
#199=FACE_OUTER_BOUND('',#382,.T.);
#200=FACE_OUTER_BOUND('',#383,.T.);
#201=FACE_OUTER_BOUND('',#384,.T.);
#202=FACE_OUTER_BOUND('',#385,.T.);
#203=FACE_OUTER_BOUND('',#386,.T.);
#204=FACE_OUTER_BOUND('',#387,.T.);
#205=FACE_OUTER_BOUND('',#388,.T.);
#206=FACE_OUTER_BOUND('',#392,.T.);
#207=FACE_OUTER_BOUND('',#393,.T.);
#208=FACE_OUTER_BOUND('',#394,.T.);
#209=FACE_OUTER_BOUND('',#395,.T.);
#210=FACE_OUTER_BOUND('',#396,.T.);
#211=FACE_OUTER_BOUND('',#397,.T.);
#212=FACE_OUTER_BOUND('',#398,.T.);
#213=FACE_OUTER_BOUND('',#399,.T.);
#214=FACE_OUTER_BOUND('',#400,.T.);
#215=FACE_OUTER_BOUND('',#401,.T.);
#216=FACE_OUTER_BOUND('',#402,.T.);
#217=FACE_OUTER_BOUND('',#403,.T.);
#218=FACE_OUTER_BOUND('',#404,.T.);
#219=FACE_OUTER_BOUND('',#405,.T.);
#220=FACE_OUTER_BOUND('',#406,.T.);
#221=FACE_OUTER_BOUND('',#407,.T.);
#222=FACE_OUTER_BOUND('',#408,.T.);
#223=FACE_OUTER_BOUND('',#409,.T.);
#224=FACE_OUTER_BOUND('',#410,.T.);
#225=FACE_OUTER_BOUND('',#411,.T.);
#226=FACE_OUTER_BOUND('',#412,.T.);
#227=FACE_OUTER_BOUND('',#413,.T.);
#228=FACE_OUTER_BOUND('',#414,.T.);
#229=FACE_OUTER_BOUND('',#415,.T.);
#230=FACE_OUTER_BOUND('',#416,.T.);
#231=FACE_OUTER_BOUND('',#417,.T.);
#232=FACE_OUTER_BOUND('',#418,.T.);
#233=FACE_OUTER_BOUND('',#419,.T.);
#234=FACE_OUTER_BOUND('',#420,.T.);
#235=FACE_OUTER_BOUND('',#421,.T.);
#236=FACE_OUTER_BOUND('',#422,.T.);
#237=FACE_OUTER_BOUND('',#423,.T.);
#238=FACE_OUTER_BOUND('',#424,.T.);
#239=FACE_OUTER_BOUND('',#425,.T.);
#240=FACE_OUTER_BOUND('',#426,.T.);
#241=FACE_OUTER_BOUND('',#427,.T.);
#242=FACE_OUTER_BOUND('',#428,.T.);
#243=FACE_OUTER_BOUND('',#429,.T.);
#244=FACE_OUTER_BOUND('',#430,.T.);
#245=FACE_OUTER_BOUND('',#431,.T.);
#246=FACE_OUTER_BOUND('',#432,.T.);
#247=FACE_OUTER_BOUND('',#433,.T.);
#248=FACE_OUTER_BOUND('',#434,.T.);
#249=FACE_OUTER_BOUND('',#435,.T.);
#250=FACE_OUTER_BOUND('',#436,.T.);
#251=FACE_OUTER_BOUND('',#437,.T.);
#252=FACE_OUTER_BOUND('',#438,.T.);
#253=FACE_OUTER_BOUND('',#439,.T.);
#254=FACE_OUTER_BOUND('',#440,.T.);
#255=FACE_OUTER_BOUND('',#441,.T.);
#256=FACE_OUTER_BOUND('',#442,.T.);
#257=FACE_OUTER_BOUND('',#443,.T.);
#258=FACE_OUTER_BOUND('',#444,.T.);
#259=FACE_OUTER_BOUND('',#445,.T.);
#260=FACE_OUTER_BOUND('',#446,.T.);
#261=FACE_OUTER_BOUND('',#447,.T.);
#262=FACE_OUTER_BOUND('',#448,.T.);
#263=FACE_OUTER_BOUND('',#449,.T.);
#264=FACE_OUTER_BOUND('',#450,.T.);
#265=FACE_OUTER_BOUND('',#451,.T.);
#266=FACE_OUTER_BOUND('',#452,.T.);
#267=FACE_OUTER_BOUND('',#453,.T.);
#268=FACE_OUTER_BOUND('',#454,.T.);
#269=FACE_OUTER_BOUND('',#455,.T.);
#270=FACE_OUTER_BOUND('',#456,.T.);
#271=FACE_OUTER_BOUND('',#457,.T.);
#272=FACE_OUTER_BOUND('',#458,.T.);
#273=FACE_OUTER_BOUND('',#459,.T.);
#274=FACE_OUTER_BOUND('',#460,.T.);
#275=FACE_OUTER_BOUND('',#461,.T.);
#276=FACE_OUTER_BOUND('',#462,.T.);
#277=FACE_OUTER_BOUND('',#463,.T.);
#278=FACE_OUTER_BOUND('',#464,.T.);
#279=FACE_OUTER_BOUND('',#465,.T.);
#280=FACE_OUTER_BOUND('',#466,.T.);
#281=FACE_OUTER_BOUND('',#467,.T.);
#282=FACE_OUTER_BOUND('',#468,.T.);
#283=FACE_OUTER_BOUND('',#469,.T.);
#284=FACE_OUTER_BOUND('',#470,.T.);
#285=FACE_OUTER_BOUND('',#471,.T.);
#286=FACE_OUTER_BOUND('',#472,.T.);
#287=FACE_OUTER_BOUND('',#473,.T.);
#288=FACE_OUTER_BOUND('',#474,.T.);
#289=FACE_OUTER_BOUND('',#475,.T.);
#290=FACE_OUTER_BOUND('',#476,.T.);
#291=EDGE_LOOP('',(#2149,#2150,#2151,#2152));
#292=EDGE_LOOP('',(#2153,#2154,#2155,#2156));
#293=EDGE_LOOP('',(#2157,#2158,#2159,#2160));
#294=EDGE_LOOP('',(#2161,#2162,#2163,#2164,#2165));
#295=EDGE_LOOP('',(#2166,#2167,#2168,#2169,#2170));
#296=EDGE_LOOP('',(#2171,#2172,#2173,#2174,#2175,#2176));
#297=EDGE_LOOP('',(#2177,#2178,#2179,#2180,#2181,#2182,#2183,#2184,#2185,
#2186,#2187,#2188,#2189,#2190,#2191));
#298=EDGE_LOOP('',(#2192,#2193,#2194,#2195,#2196));
#299=EDGE_LOOP('',(#2197,#2198,#2199,#2200));
#300=EDGE_LOOP('',(#2201,#2202,#2203,#2204));
#301=EDGE_LOOP('',(#2205,#2206,#2207,#2208));
#302=EDGE_LOOP('',(#2209,#2210,#2211,#2212,#2213,#2214,#2215,#2216,#2217,
#2218));
#303=EDGE_LOOP('',(#2219,#2220,#2221,#2222,#2223));
#304=EDGE_LOOP('',(#2224,#2225,#2226,#2227));
#305=EDGE_LOOP('',(#2228,#2229,#2230,#2231));
#306=EDGE_LOOP('',(#2232,#2233,#2234,#2235));
#307=EDGE_LOOP('',(#2236,#2237,#2238,#2239,#2240,#2241,#2242,#2243,#2244,
#2245));
#308=EDGE_LOOP('',(#2246,#2247,#2248,#2249,#2250,#2251,#2252,#2253,#2254,
#2255,#2256,#2257,#2258,#2259,#2260));
#309=EDGE_LOOP('',(#2261,#2262,#2263,#2264,#2265,#2266));
#310=EDGE_LOOP('',(#2267,#2268,#2269,#2270));
#311=EDGE_LOOP('',(#2271,#2272,#2273,#2274));
#312=EDGE_LOOP('',(#2275,#2276,#2277,#2278));
#313=EDGE_LOOP('',(#2279,#2280,#2281,#2282,#2283));
#314=EDGE_LOOP('',(#2284,#2285,#2286,#2287));
#315=EDGE_LOOP('',(#2288));
#316=EDGE_LOOP('',(#2289));
#317=EDGE_LOOP('',(#2290));
#318=EDGE_LOOP('',(#2291,#2292,#2293,#2294));
#319=EDGE_LOOP('',(#2295,#2296,#2297,#2298,#2299,#2300,#2301,#2302,#2303,
#2304,#2305,#2306,#2307,#2308,#2309,#2310));
#320=EDGE_LOOP('',(#2311,#2312,#2313,#2314,#2315));
#321=EDGE_LOOP('',(#2316,#2317,#2318,#2319,#2320));
#322=EDGE_LOOP('',(#2321,#2322,#2323,#2324,#2325));
#323=EDGE_LOOP('',(#2326,#2327,#2328,#2329));
#324=EDGE_LOOP('',(#2330,#2331,#2332,#2333,#2334));
#325=EDGE_LOOP('',(#2335,#2336,#2337,#2338));
#326=EDGE_LOOP('',(#2339,#2340,#2341,#2342,#2343));
#327=EDGE_LOOP('',(#2344,#2345,#2346,#2347,#2348));
#328=EDGE_LOOP('',(#2349,#2350,#2351,#2352));
#329=EDGE_LOOP('',(#2353,#2354,#2355,#2356,#2357));
#330=EDGE_LOOP('',(#2358,#2359,#2360,#2361,#2362));
#331=EDGE_LOOP('',(#2363,#2364,#2365,#2366));
#332=EDGE_LOOP('',(#2367,#2368,#2369,#2370));
#333=EDGE_LOOP('',(#2371,#2372,#2373,#2374,#2375));
#334=EDGE_LOOP('',(#2376,#2377,#2378,#2379,#2380));
#335=EDGE_LOOP('',(#2381,#2382,#2383,#2384,#2385));
#336=EDGE_LOOP('',(#2386,#2387,#2388,#2389));
#337=EDGE_LOOP('',(#2390,#2391,#2392,#2393));
#338=EDGE_LOOP('',(#2394,#2395,#2396,#2397,#2398));
#339=EDGE_LOOP('',(#2399,#2400,#2401,#2402));
#340=EDGE_LOOP('',(#2403,#2404,#2405,#2406,#2407));
#341=EDGE_LOOP('',(#2408,#2409,#2410,#2411,#2412));
#342=EDGE_LOOP('',(#2413,#2414,#2415,#2416));
#343=EDGE_LOOP('',(#2417,#2418,#2419,#2420,#2421));
#344=EDGE_LOOP('',(#2422,#2423,#2424,#2425,#2426));
#345=EDGE_LOOP('',(#2427,#2428,#2429,#2430));
#346=EDGE_LOOP('',(#2431,#2432,#2433,#2434,#2435,#2436,#2437,#2438));
#347=EDGE_LOOP('',(#2439,#2440,#2441,#2442,#2443,#2444,#2445,#2446));
#348=EDGE_LOOP('',(#2447,#2448,#2449,#2450,#2451,#2452));
#349=EDGE_LOOP('',(#2453,#2454,#2455,#2456,#2457,#2458,#2459,#2460));
#350=EDGE_LOOP('',(#2461,#2462,#2463,#2464,#2465,#2466,#2467,#2468));
#351=EDGE_LOOP('',(#2469,#2470,#2471,#2472,#2473,#2474,#2475,#2476));
#352=EDGE_LOOP('',(#2477,#2478,#2479,#2480,#2481,#2482));
#353=EDGE_LOOP('',(#2483,#2484,#2485,#2486,#2487,#2488,#2489,#2490));
#354=EDGE_LOOP('',(#2491,#2492,#2493,#2494,#2495,#2496,#2497,#2498));
#355=EDGE_LOOP('',(#2499,#2500,#2501,#2502,#2503,#2504,#2505,#2506));
#356=EDGE_LOOP('',(#2507,#2508,#2509,#2510,#2511));
#357=EDGE_LOOP('',(#2512,#2513,#2514,#2515,#2516,#2517,#2518,#2519));
#358=EDGE_LOOP('',(#2520,#2521,#2522,#2523,#2524,#2525,#2526,#2527,#2528,
#2529,#2530,#2531,#2532,#2533,#2534,#2535,#2536,#2537,#2538,#2539,#2540,
#2541,#2542,#2543,#2544,#2545,#2546,#2547));
#359=EDGE_LOOP('',(#2548,#2549,#2550,#2551,#2552,#2553,#2554,#2555));
#360=EDGE_LOOP('',(#2556,#2557,#2558,#2559,#2560,#2561,#2562,#2563));
#361=EDGE_LOOP('',(#2564,#2565,#2566,#2567,#2568,#2569,#2570,#2571));
#362=EDGE_LOOP('',(#2572,#2573,#2574,#2575,#2576,#2577,#2578,#2579));
#363=EDGE_LOOP('',(#2580,#2581,#2582,#2583));
#364=EDGE_LOOP('',(#2584,#2585,#2586,#2587,#2588,#2589,#2590,#2591,#2592,
#2593,#2594,#2595,#2596,#2597,#2598,#2599));
#365=EDGE_LOOP('',(#2600,#2601,#2602,#2603));
#366=EDGE_LOOP('',(#2604,#2605,#2606,#2607));
#367=EDGE_LOOP('',(#2608,#2609,#2610,#2611,#2612,#2613,#2614,#2615));
#368=EDGE_LOOP('',(#2616,#2617,#2618,#2619));
#369=EDGE_LOOP('',(#2620,#2621,#2622,#2623,#2624,#2625,#2626,#2627));
#370=EDGE_LOOP('',(#2628,#2629,#2630,#2631,#2632,#2633,#2634,#2635));
#371=EDGE_LOOP('',(#2636,#2637,#2638,#2639));
#372=EDGE_LOOP('',(#2640,#2641,#2642,#2643,#2644,#2645,#2646,#2647));
#373=EDGE_LOOP('',(#2648,#2649,#2650,#2651));
#374=EDGE_LOOP('',(#2652,#2653,#2654,#2655));
#375=EDGE_LOOP('',(#2656,#2657,#2658,#2659));
#376=EDGE_LOOP('',(#2660,#2661,#2662,#2663));
#377=EDGE_LOOP('',(#2664,#2665,#2666,#2667));
#378=EDGE_LOOP('',(#2668,#2669,#2670,#2671));
#379=EDGE_LOOP('',(#2672,#2673,#2674,#2675));
#380=EDGE_LOOP('',(#2676,#2677,#2678,#2679));
#381=EDGE_LOOP('',(#2680,#2681,#2682,#2683));
#382=EDGE_LOOP('',(#2684,#2685,#2686,#2687,#2688,#2689,#2690,#2691,#2692,
#2693,#2694));
#383=EDGE_LOOP('',(#2695,#2696,#2697,#2698));
#384=EDGE_LOOP('',(#2699,#2700,#2701,#2702));
#385=EDGE_LOOP('',(#2703,#2704,#2705,#2706));
#386=EDGE_LOOP('',(#2707,#2708,#2709,#2710));
#387=EDGE_LOOP('',(#2711,#2712,#2713,#2714));
#388=EDGE_LOOP('',(#2715,#2716,#2717,#2718));
#389=EDGE_LOOP('',(#2719));
#390=EDGE_LOOP('',(#2720));
#391=EDGE_LOOP('',(#2721));
#392=EDGE_LOOP('',(#2722,#2723,#2724,#2725,#2726,#2727,#2728,#2729,#2730,
#2731,#2732));
#393=EDGE_LOOP('',(#2733,#2734,#2735,#2736,#2737));
#394=EDGE_LOOP('',(#2738,#2739,#2740,#2741));
#395=EDGE_LOOP('',(#2742,#2743,#2744,#2745,#2746));
#396=EDGE_LOOP('',(#2747,#2748,#2749,#2750,#2751,#2752));
#397=EDGE_LOOP('',(#2753,#2754,#2755,#2756,#2757,#2758));
#398=EDGE_LOOP('',(#2759,#2760,#2761,#2762));
#399=EDGE_LOOP('',(#2763,#2764,#2765,#2766,#2767,#2768,#2769,#2770));
#400=EDGE_LOOP('',(#2771,#2772,#2773,#2774));
#401=EDGE_LOOP('',(#2775,#2776,#2777,#2778));
#402=EDGE_LOOP('',(#2779,#2780,#2781,#2782,#2783,#2784,#2785,#2786,#2787));
#403=EDGE_LOOP('',(#2788,#2789,#2790,#2791,#2792));
#404=EDGE_LOOP('',(#2793,#2794,#2795,#2796,#2797));
#405=EDGE_LOOP('',(#2798,#2799,#2800,#2801,#2802,#2803,#2804));
#406=EDGE_LOOP('',(#2805,#2806,#2807,#2808,#2809,#2810,#2811));
#407=EDGE_LOOP('',(#2812,#2813,#2814,#2815,#2816,#2817,#2818));
#408=EDGE_LOOP('',(#2819,#2820,#2821,#2822,#2823,#2824,#2825,#2826,#2827));
#409=EDGE_LOOP('',(#2828,#2829,#2830,#2831,#2832));
#410=EDGE_LOOP('',(#2833,#2834,#2835,#2836,#2837));
#411=EDGE_LOOP('',(#2838,#2839,#2840,#2841,#2842,#2843,#2844,#2845,#2846));
#412=EDGE_LOOP('',(#2847,#2848,#2849,#2850,#2851));
#413=EDGE_LOOP('',(#2852,#2853,#2854,#2855,#2856));
#414=EDGE_LOOP('',(#2857,#2858,#2859,#2860,#2861));
#415=EDGE_LOOP('',(#2862,#2863,#2864));
#416=EDGE_LOOP('',(#2865,#2866,#2867));
#417=EDGE_LOOP('',(#2868,#2869,#2870,#2871,#2872));
#418=EDGE_LOOP('',(#2873,#2874,#2875,#2876,#2877,#2878,#2879,#2880,#2881));
#419=EDGE_LOOP('',(#2882,#2883));
#420=EDGE_LOOP('',(#2884,#2885,#2886));
#421=EDGE_LOOP('',(#2887,#2888,#2889));
#422=EDGE_LOOP('',(#2890,#2891,#2892));
#423=EDGE_LOOP('',(#2893,#2894,#2895));
#424=EDGE_LOOP('',(#2896,#2897,#2898));
#425=EDGE_LOOP('',(#2899,#2900,#2901));
#426=EDGE_LOOP('',(#2902,#2903,#2904));
#427=EDGE_LOOP('',(#2905,#2906,#2907));
#428=EDGE_LOOP('',(#2908,#2909,#2910));
#429=EDGE_LOOP('',(#2911,#2912,#2913));
#430=EDGE_LOOP('',(#2914,#2915,#2916,#2917,#2918));
#431=EDGE_LOOP('',(#2919,#2920,#2921,#2922,#2923));
#432=EDGE_LOOP('',(#2924,#2925,#2926,#2927,#2928,#2929,#2930,#2931,#2932));
#433=EDGE_LOOP('',(#2933,#2934));
#434=EDGE_LOOP('',(#2935,#2936,#2937,#2938,#2939));
#435=EDGE_LOOP('',(#2940,#2941,#2942,#2943,#2944));
#436=EDGE_LOOP('',(#2945,#2946,#2947,#2948,#2949,#2950,#2951,#2952,#2953));
#437=EDGE_LOOP('',(#2954,#2955));
#438=EDGE_LOOP('',(#2956,#2957,#2958,#2959));
#439=EDGE_LOOP('',(#2960,#2961,#2962,#2963,#2964,#2965,#2966,#2967,#2968));
#440=EDGE_LOOP('',(#2969,#2970,#2971,#2972,#2973));
#441=EDGE_LOOP('',(#2974,#2975,#2976,#2977,#2978));
#442=EDGE_LOOP('',(#2979,#2980,#2981,#2982,#2983,#2984,#2985,#2986,#2987));
#443=EDGE_LOOP('',(#2988,#2989));
#444=EDGE_LOOP('',(#2990,#2991,#2992,#2993));
#445=EDGE_LOOP('',(#2994,#2995,#2996,#2997,#2998,#2999,#3000,#3001,#3002));
#446=EDGE_LOOP('',(#3003,#3004,#3005,#3006,#3007));
#447=EDGE_LOOP('',(#3008,#3009,#3010,#3011,#3012));
#448=EDGE_LOOP('',(#3013,#3014,#3015,#3016,#3017,#3018,#3019,#3020,#3021));
#449=EDGE_LOOP('',(#3022,#3023));
#450=EDGE_LOOP('',(#3024,#3025,#3026,#3027));
#451=EDGE_LOOP('',(#3028,#3029,#3030,#3031,#3032,#3033,#3034,#3035,#3036));
#452=EDGE_LOOP('',(#3037,#3038,#3039,#3040,#3041));
#453=EDGE_LOOP('',(#3042,#3043,#3044,#3045,#3046));
#454=EDGE_LOOP('',(#3047,#3048,#3049,#3050,#3051,#3052,#3053,#3054,#3055));
#455=EDGE_LOOP('',(#3056,#3057));
#456=EDGE_LOOP('',(#3058,#3059,#3060,#3061,#3062,#3063,#3064));
#457=EDGE_LOOP('',(#3065,#3066,#3067,#3068,#3069,#3070,#3071));
#458=EDGE_LOOP('',(#3072,#3073,#3074,#3075,#3076,#3077,#3078));
#459=EDGE_LOOP('',(#3079,#3080,#3081,#3082,#3083));
#460=EDGE_LOOP('',(#3084,#3085,#3086));
#461=EDGE_LOOP('',(#3087,#3088,#3089));
#462=EDGE_LOOP('',(#3090,#3091,#3092,#3093,#3094));
#463=EDGE_LOOP('',(#3095,#3096,#3097));
#464=EDGE_LOOP('',(#3098,#3099,#3100));
#465=EDGE_LOOP('',(#3101,#3102,#3103,#3104,#3105));
#466=EDGE_LOOP('',(#3106,#3107,#3108));
#467=EDGE_LOOP('',(#3109,#3110,#3111));
#468=EDGE_LOOP('',(#3112,#3113,#3114,#3115,#3116));
#469=EDGE_LOOP('',(#3117,#3118,#3119));
#470=EDGE_LOOP('',(#3120,#3121,#3122));
#471=EDGE_LOOP('',(#3123,#3124,#3125,#3126,#3127));
#472=EDGE_LOOP('',(#3128,#3129,#3130));
#473=EDGE_LOOP('',(#3131,#3132,#3133));
#474=EDGE_LOOP('',(#3134,#3135,#3136,#3137,#3138));
#475=EDGE_LOOP('',(#3139,#3140,#3141));
#476=EDGE_LOOP('',(#3142,#3143,#3144));
#477=LINE('',#4677,#907);
#478=LINE('',#4679,#908);
#479=LINE('',#4681,#909);
#480=LINE('',#4682,#910);
#481=LINE('',#4685,#911);
#482=LINE('',#4687,#912);
#483=LINE('',#4688,#913);
#484=LINE('',#4691,#914);
#485=LINE('',#4693,#915);
#486=LINE('',#4694,#916);
#487=LINE('',#4697,#917);
#488=LINE('',#4699,#918);
#489=LINE('',#4701,#919);
#490=LINE('',#4702,#920);
#491=LINE('',#4705,#921);
#492=LINE('',#4707,#922);
#493=LINE('',#4709,#923);
#494=LINE('',#4710,#924);
#495=LINE('',#4713,#925);
#496=LINE('',#4715,#926);
#497=LINE('',#4717,#927);
#498=LINE('',#4718,#928);
#499=LINE('',#4721,#929);
#500=LINE('',#4723,#930);
#501=LINE('',#4727,#931);
#502=LINE('',#4729,#932);
#503=LINE('',#4731,#933);
#504=LINE('',#4733,#934);
#505=LINE('',#4735,#935);
#506=LINE('',#4737,#936);
#507=LINE('',#4738,#937);
#508=LINE('',#4742,#938);
#509=LINE('',#4743,#939);
#510=LINE('',#4744,#940);
#511=LINE('',#4747,#941);
#512=LINE('',#4748,#942);
#513=LINE('',#4751,#943);
#514=LINE('',#4752,#944);
#515=LINE('',#4755,#945);
#516=LINE('',#4756,#946);
#517=LINE('',#4759,#947);
#518=LINE('',#4761,#948);
#519=LINE('',#4763,#949);
#520=LINE('',#4765,#950);
#521=LINE('',#4767,#951);
#522=LINE('',#4769,#952);
#523=LINE('',#4771,#953);
#524=LINE('',#4772,#954);
#525=LINE('',#4776,#955);
#526=LINE('',#4778,#956);
#527=LINE('',#4780,#957);
#528=LINE('',#4782,#958);
#529=LINE('',#4783,#959);
#530=LINE('',#4786,#960);
#531=LINE('',#4788,#961);
#532=LINE('',#4789,#962);
#533=LINE('',#4792,#963);
#534=LINE('',#4794,#964);
#535=LINE('',#4795,#965);
#536=LINE('',#4798,#966);
#537=LINE('',#4800,#967);
#538=LINE('',#4801,#968);
#539=LINE('',#4803,#969);
#540=LINE('',#4805,#970);
#541=LINE('',#4807,#971);
#542=LINE('',#4809,#972);
#543=LINE('',#4811,#973);
#544=LINE('',#4813,#974);
#545=LINE('',#4814,#975);
#546=LINE('',#4817,#976);
#547=LINE('',#4819,#977);
#548=LINE('',#4821,#978);
#549=LINE('',#4823,#979);
#550=LINE('',#4824,#980);
#551=LINE('',#4826,#981);
#552=LINE('',#4828,#982);
#553=LINE('',#4831,#983);
#554=LINE('',#4834,#984);
#555=LINE('',#4836,#985);
#556=LINE('',#4838,#986);
#557=LINE('',#4839,#987);
#558=LINE('',#4842,#988);
#559=LINE('',#4843,#989);
#560=LINE('',#4846,#990);
#561=LINE('',#4847,#991);
#562=LINE('',#4850,#992);
#563=LINE('',#4851,#993);
#564=LINE('',#4854,#994);
#565=LINE('',#4855,#995);
#566=LINE('',#4857,#996);
#567=LINE('',#4865,#997);
#568=LINE('',#4868,#998);
#569=LINE('',#4870,#999);
#570=LINE('',#4872,#1000);
#571=LINE('',#4874,#1001);
#572=LINE('',#4876,#1002);
#573=LINE('',#4878,#1003);
#574=LINE('',#4880,#1004);
#575=LINE('',#4882,#1005);
#576=LINE('',#4884,#1006);
#577=LINE('',#4886,#1007);
#578=LINE('',#4888,#1008);
#579=LINE('',#4890,#1009);
#580=LINE('',#4891,#1010);
#581=LINE('',#4894,#1011);
#582=LINE('',#4896,#1012);
#583=LINE('',#4897,#1013);
#584=LINE('',#4900,#1014);
#585=LINE('',#4901,#1015);
#586=LINE('',#4905,#1016);
#587=LINE('',#4907,#1017);
#588=LINE('',#4909,#1018);
#589=LINE('',#4911,#1019);
#590=LINE('',#4912,#1020);
#591=LINE('',#4915,#1021);
#592=LINE('',#4917,#1022);
#593=LINE('',#4918,#1023);
#594=LINE('',#4922,#1024);
#595=LINE('',#4924,#1025);
#596=LINE('',#4926,#1026);
#597=LINE('',#4928,#1027);
#598=LINE('',#4929,#1028);
#599=LINE('',#4932,#1029);
#600=LINE('',#4934,#1030);
#601=LINE('',#4935,#1031);
#602=LINE('',#4939,#1032);
#603=LINE('',#4941,#1033);
#604=LINE('',#4943,#1034);
#605=LINE('',#4945,#1035);
#606=LINE('',#4946,#1036);
#607=LINE('',#4950,#1037);
#608=LINE('',#4952,#1038);
#609=LINE('',#4954,#1039);
#610=LINE('',#4956,#1040);
#611=LINE('',#4957,#1041);
#612=LINE('',#4961,#1042);
#613=LINE('',#4965,#1043);
#614=LINE('',#4969,#1044);
#615=LINE('',#4971,#1045);
#616=LINE('',#4973,#1046);
#617=LINE('',#4974,#1047);
#618=LINE('',#4976,#1048);
#619=LINE('',#4978,#1049);
#620=LINE('',#4979,#1050);
#621=LINE('',#4981,#1051);
#622=LINE('',#4982,#1052);
#623=LINE('',#4987,#1053);
#624=LINE('',#4991,#1054);
#625=LINE('',#4993,#1055);
#626=LINE('',#4994,#1056);
#627=LINE('',#4997,#1057);
#628=LINE('',#4999,#1058);
#629=LINE('',#5001,#1059);
#630=LINE('',#5002,#1060);
#631=LINE('',#5006,#1061);
#632=LINE('',#5008,#1062);
#633=LINE('',#5009,#1063);
#634=LINE('',#5010,#1064);
#635=LINE('',#5012,#1065);
#636=LINE('',#5013,#1066);
#637=LINE('',#5017,#1067);
#638=LINE('',#5021,#1068);
#639=LINE('',#5023,#1069);
#640=LINE('',#5024,#1070);
#641=LINE('',#5029,#1071);
#642=LINE('',#5033,#1072);
#643=LINE('',#5035,#1073);
#644=LINE('',#5037,#1074);
#645=LINE('',#5038,#1075);
#646=LINE('',#5040,#1076);
#647=LINE('',#5041,#1077);
#648=LINE('',#5045,#1078);
#649=LINE('',#5049,#1079);
#650=LINE('',#5051,#1080);
#651=LINE('',#5052,#1081);
#652=LINE('',#5055,#1082);
#653=LINE('',#5057,#1083);
#654=LINE('',#5058,#1084);
#655=LINE('',#5064,#1085);
#656=LINE('',#5068,#1086);
#657=LINE('',#5072,#1087);
#658=LINE('',#5075,#1088);
#659=LINE('',#5078,#1089);
#660=LINE('',#5080,#1090);
#661=LINE('',#5082,#1091);
#662=LINE('',#5084,#1092);
#663=LINE('',#5086,#1093);
#664=LINE('',#5087,#1094);
#665=LINE('',#5090,#1095);
#666=LINE('',#5091,#1096);
#667=LINE('',#5094,#1097);
#668=LINE('',#5096,#1098);
#669=LINE('',#5098,#1099);
#670=LINE('',#5100,#1100);
#671=LINE('',#5102,#1101);
#672=LINE('',#5103,#1102);
#673=LINE('',#5106,#1103);
#674=LINE('',#5110,#1104);
#675=LINE('',#5114,#1105);
#676=LINE('',#5118,#1106);
#677=LINE('',#5120,#1107);
#678=LINE('',#5122,#1108);
#679=LINE('',#5124,#1109);
#680=LINE('',#5126,#1110);
#681=LINE('',#5127,#1111);
#682=LINE('',#5130,#1112);
#683=LINE('',#5131,#1113);
#684=LINE('',#5134,#1114);
#685=LINE('',#5136,#1115);
#686=LINE('',#5138,#1116);
#687=LINE('',#5140,#1117);
#688=LINE('',#5142,#1118);
#689=LINE('',#5143,#1119);
#690=LINE('',#5146,#1120);
#691=LINE('',#5150,#1121);
#692=LINE('',#5154,#1122);
#693=LINE('',#5158,#1123);
#694=LINE('',#5160,#1124);
#695=LINE('',#5162,#1125);
#696=LINE('',#5164,#1126);
#697=LINE('',#5166,#1127);
#698=LINE('',#5167,#1128);
#699=LINE('',#5169,#1129);
#700=LINE('',#5172,#1130);
#701=LINE('',#5174,#1131);
#702=LINE('',#5176,#1132);
#703=LINE('',#5178,#1133);
#704=LINE('',#5179,#1134);
#705=LINE('',#5182,#1135);
#706=LINE('',#5184,#1136);
#707=LINE('',#5186,#1137);
#708=LINE('',#5188,#1138);
#709=LINE('',#5190,#1139);
#710=LINE('',#5191,#1140);
#711=LINE('',#5193,#1141);
#712=LINE('',#5195,#1142);
#713=LINE('',#5197,#1143);
#714=LINE('',#5199,#1144);
#715=LINE('',#5201,#1145);
#716=LINE('',#5202,#1146);
#717=LINE('',#5204,#1147);
#718=LINE('',#5206,#1148);
#719=LINE('',#5208,#1149);
#720=LINE('',#5210,#1150);
#721=LINE('',#5212,#1151);
#722=LINE('',#5213,#1152);
#723=LINE('',#5216,#1153);
#724=LINE('',#5218,#1154);
#725=LINE('',#5220,#1155);
#726=LINE('',#5222,#1156);
#727=LINE('',#5224,#1157);
#728=LINE('',#5225,#1158);
#729=LINE('',#5227,#1159);
#730=LINE('',#5228,#1160);
#731=LINE('',#5230,#1161);
#732=LINE('',#5231,#1162);
#733=LINE('',#5232,#1163);
#734=LINE('',#5233,#1164);
#735=LINE('',#5235,#1165);
#736=LINE('',#5237,#1166);
#737=LINE('',#5242,#1167);
#738=LINE('',#5246,#1168);
#739=LINE('',#5249,#1169);
#740=LINE('',#5252,#1170);
#741=LINE('',#5254,#1171);
#742=LINE('',#5256,#1172);
#743=LINE('',#5258,#1173);
#744=LINE('',#5259,#1174);
#745=LINE('',#5260,#1175);
#746=LINE('',#5265,#1176);
#747=LINE('',#5269,#1177);
#748=LINE('',#5272,#1178);
#749=LINE('',#5277,#1179);
#750=LINE('',#5281,#1180);
#751=LINE('',#5284,#1181);
#752=LINE('',#5287,#1182);
#753=LINE('',#5288,#1183);
#754=LINE('',#5291,#1184);
#755=LINE('',#5292,#1185);
#756=LINE('',#5295,#1186);
#757=LINE('',#5296,#1187);
#758=LINE('',#5300,#1188);
#759=LINE('',#5304,#1189);
#760=LINE('',#5307,#1190);
#761=LINE('',#5308,#1191);
#762=LINE('',#5311,#1192);
#763=LINE('',#5312,#1193);
#764=LINE('',#5314,#1194);
#765=LINE('',#5316,#1195);
#766=LINE('',#5321,#1196);
#767=LINE('',#5323,#1197);
#768=LINE('',#5325,#1198);
#769=LINE('',#5330,#1199);
#770=LINE('',#5331,#1200);
#771=LINE('',#5332,#1201);
#772=LINE('',#5338,#1202);
#773=LINE('',#5341,#1203);
#774=LINE('',#5342,#1204);
#775=LINE('',#5344,#1205);
#776=LINE('',#5346,#1206);
#777=LINE('',#5358,#1207);
#778=LINE('',#5362,#1208);
#779=LINE('',#5363,#1209);
#780=LINE('',#5366,#1210);
#781=LINE('',#5367,#1211);
#782=LINE('',#5369,#1212);
#783=LINE('',#5371,#1213);
#784=LINE('',#5374,#1214);
#785=LINE('',#5376,#1215);
#786=LINE('',#5378,#1216);
#787=LINE('',#5380,#1217);
#788=LINE('',#5382,#1218);
#789=LINE('',#5383,#1219);
#790=LINE('',#5386,#1220);
#791=LINE('',#5387,#1221);
#792=LINE('',#5390,#1222);
#793=LINE('',#5391,#1223);
#794=LINE('',#5394,#1224);
#795=LINE('',#5404,#1225);
#796=LINE('',#5414,#1226);
#797=LINE('',#5423,#1227);
#798=LINE('',#5425,#1228);
#799=LINE('',#5426,#1229);
#800=LINE('',#5428,#1230);
#801=LINE('',#5430,#1231);
#802=LINE('',#5431,#1232);
#803=LINE('',#5434,#1233);
#804=LINE('',#5435,#1234);
#805=LINE('',#5438,#1235);
#806=LINE('',#5439,#1236);
#807=LINE('',#5442,#1237);
#808=LINE('',#5444,#1238);
#809=LINE('',#5445,#1239);
#810=LINE('',#5447,#1240);
#811=LINE('',#5449,#1241);
#812=LINE('',#5450,#1242);
#813=LINE('',#5453,#1243);
#814=LINE('',#5454,#1244);
#815=LINE('',#5457,#1245);
#816=LINE('',#5458,#1246);
#817=LINE('',#5461,#1247);
#818=LINE('',#5462,#1248);
#819=LINE('',#5463,#1249);
#820=LINE('',#5466,#1250);
#821=LINE('',#5469,#1251);
#822=LINE('',#5470,#1252);
#823=LINE('',#5472,#1253);
#824=LINE('',#5473,#1254);
#825=LINE('',#5474,#1255);
#826=LINE('',#5478,#1256);
#827=LINE('',#5479,#1257);
#828=LINE('',#5482,#1258);
#829=LINE('',#5483,#1259);
#830=LINE('',#5485,#1260);
#831=LINE('',#5487,#1261);
#832=LINE('',#5490,#1262);
#833=LINE('',#5491,#1263);
#834=LINE('',#5494,#1264);
#835=LINE('',#5495,#1265);
#836=LINE('',#5497,#1266);
#837=LINE('',#5499,#1267);
#838=LINE('',#5503,#1268);
#839=LINE('',#5505,#1269);
#840=LINE('',#5507,#1270);
#841=LINE('',#5510,#1271);
#842=LINE('',#5512,#1272);
#843=LINE('',#5514,#1273);
#844=LINE('',#5517,#1274);
#845=LINE('',#5520,#1275);
#846=LINE('',#5522,#1276);
#847=LINE('',#5524,#1277);
#848=LINE('',#5526,#1278);
#849=LINE('',#5528,#1279);
#850=LINE('',#5529,#1280);
#851=LINE('',#5532,#1281);
#852=LINE('',#5533,#1282);
#853=LINE('',#5536,#1283);
#854=LINE('',#5537,#1284);
#855=LINE('',#5539,#1285);
#856=LINE('',#5541,#1286);
#857=LINE('',#5543,#1287);
#858=LINE('',#5545,#1288);
#859=LINE('',#5546,#1289);
#860=LINE('',#5549,#1290);
#861=LINE('',#5552,#1291);
#862=LINE('',#5554,#1292);
#863=LINE('',#5556,#1293);
#864=LINE('',#5558,#1294);
#865=LINE('',#5560,#1295);
#866=LINE('',#5561,#1296);
#867=LINE('',#5564,#1297);
#868=LINE('',#5565,#1298);
#869=LINE('',#5568,#1299);
#870=LINE('',#5569,#1300);
#871=LINE('',#5571,#1301);
#872=LINE('',#5573,#1302);
#873=LINE('',#5575,#1303);
#874=LINE('',#5577,#1304);
#875=LINE('',#5578,#1305);
#876=LINE('',#5581,#1306);
#877=LINE('',#5584,#1307);
#878=LINE('',#5586,#1308);
#879=LINE('',#5588,#1309);
#880=LINE('',#5590,#1310);
#881=LINE('',#5592,#1311);
#882=LINE('',#5593,#1312);
#883=LINE('',#5596,#1313);
#884=LINE('',#5597,#1314);
#885=LINE('',#5600,#1315);
#886=LINE('',#5601,#1316);
#887=LINE('',#5603,#1317);
#888=LINE('',#5605,#1318);
#889=LINE('',#5607,#1319);
#890=LINE('',#5609,#1320);
#891=LINE('',#5610,#1321);
#892=LINE('',#5613,#1322);
#893=LINE('',#5621,#1323);
#894=LINE('',#5629,#1324);
#895=LINE('',#5637,#1325);
#896=LINE('',#5638,#1326);
#897=LINE('',#5641,#1327);
#898=LINE('',#5643,#1328);
#899=LINE('',#5647,#1329);
#900=LINE('',#5648,#1330);
#901=LINE('',#5651,#1331);
#902=LINE('',#5653,#1332);
#903=LINE('',#5657,#1333);
#904=LINE('',#5658,#1334);
#905=LINE('',#5661,#1335);
#906=LINE('',#5663,#1336);
#907=VECTOR('',#3749,10.);
#908=VECTOR('',#3750,10.);
#909=VECTOR('',#3751,10.);
#910=VECTOR('',#3752,10.);
#911=VECTOR('',#3755,10.);
#912=VECTOR('',#3756,10.);
#913=VECTOR('',#3757,10.);
#914=VECTOR('',#3760,10.);
#915=VECTOR('',#3761,10.);
#916=VECTOR('',#3762,10.);
#917=VECTOR('',#3765,10.);
#918=VECTOR('',#3766,10.);
#919=VECTOR('',#3767,10.);
#920=VECTOR('',#3768,10.);
#921=VECTOR('',#3771,10.);
#922=VECTOR('',#3772,10.);
#923=VECTOR('',#3773,10.);
#924=VECTOR('',#3774,10.);
#925=VECTOR('',#3777,10.);
#926=VECTOR('',#3778,10.);
#927=VECTOR('',#3779,10.);
#928=VECTOR('',#3780,10.);
#929=VECTOR('',#3783,10.);
#930=VECTOR('',#3784,10.);
#931=VECTOR('',#3787,10.);
#932=VECTOR('',#3788,10.);
#933=VECTOR('',#3789,10.);
#934=VECTOR('',#3790,10.);
#935=VECTOR('',#3791,10.);
#936=VECTOR('',#3792,10.);
#937=VECTOR('',#3793,10.);
#938=VECTOR('',#3796,10.);
#939=VECTOR('',#3797,10.);
#940=VECTOR('',#3798,10.);
#941=VECTOR('',#3801,10.);
#942=VECTOR('',#3802,10.);
#943=VECTOR('',#3805,10.);
#944=VECTOR('',#3806,10.);
#945=VECTOR('',#3809,10.);
#946=VECTOR('',#3810,10.);
#947=VECTOR('',#3813,10.);
#948=VECTOR('',#3814,10.);
#949=VECTOR('',#3815,10.);
#950=VECTOR('',#3816,10.);
#951=VECTOR('',#3817,10.);
#952=VECTOR('',#3818,10.);
#953=VECTOR('',#3819,10.);
#954=VECTOR('',#3820,10.);
#955=VECTOR('',#3823,10.);
#956=VECTOR('',#3824,10.);
#957=VECTOR('',#3825,10.);
#958=VECTOR('',#3826,10.);
#959=VECTOR('',#3827,10.);
#960=VECTOR('',#3830,10.);
#961=VECTOR('',#3831,10.);
#962=VECTOR('',#3832,10.);
#963=VECTOR('',#3835,10.);
#964=VECTOR('',#3836,10.);
#965=VECTOR('',#3837,10.);
#966=VECTOR('',#3840,10.);
#967=VECTOR('',#3841,10.);
#968=VECTOR('',#3842,10.);
#969=VECTOR('',#3845,10.);
#970=VECTOR('',#3846,10.);
#971=VECTOR('',#3847,10.);
#972=VECTOR('',#3848,10.);
#973=VECTOR('',#3849,10.);
#974=VECTOR('',#3850,10.);
#975=VECTOR('',#3851,10.);
#976=VECTOR('',#3854,10.);
#977=VECTOR('',#3855,10.);
#978=VECTOR('',#3856,10.);
#979=VECTOR('',#3857,10.);
#980=VECTOR('',#3858,10.);
#981=VECTOR('',#3859,10.);
#982=VECTOR('',#3860,10.);
#983=VECTOR('',#3863,10.);
#984=VECTOR('',#3866,10.);
#985=VECTOR('',#3867,10.);
#986=VECTOR('',#3868,10.);
#987=VECTOR('',#3869,10.);
#988=VECTOR('',#3872,10.);
#989=VECTOR('',#3873,10.);
#990=VECTOR('',#3876,10.);
#991=VECTOR('',#3877,10.);
#992=VECTOR('',#3880,10.);
#993=VECTOR('',#3881,10.);
#994=VECTOR('',#3884,10.);
#995=VECTOR('',#3885,10.);
#996=VECTOR('',#3888,10.);
#997=VECTOR('',#3897,10.);
#998=VECTOR('',#3900,1.);
#999=VECTOR('',#3901,10.);
#1000=VECTOR('',#3902,1.);
#1001=VECTOR('',#3903,10.);
#1002=VECTOR('',#3904,1.);
#1003=VECTOR('',#3905,10.);
#1004=VECTOR('',#3906,1.);
#1005=VECTOR('',#3907,10.);
#1006=VECTOR('',#3908,1.);
#1007=VECTOR('',#3909,10.);
#1008=VECTOR('',#3910,1.);
#1009=VECTOR('',#3911,10.);
#1010=VECTOR('',#3912,10.);
#1011=VECTOR('',#3915,10.);
#1012=VECTOR('',#3916,10.);
#1013=VECTOR('',#3917,10.);
#1014=VECTOR('',#3920,10.);
#1015=VECTOR('',#3921,10.);
#1016=VECTOR('',#3924,10.);
#1017=VECTOR('',#3925,10.);
#1018=VECTOR('',#3926,10.);
#1019=VECTOR('',#3927,10.);
#1020=VECTOR('',#3928,10.);
#1021=VECTOR('',#3931,10.);
#1022=VECTOR('',#3932,10.);
#1023=VECTOR('',#3933,10.);
#1024=VECTOR('',#3936,10.);
#1025=VECTOR('',#3937,10.);
#1026=VECTOR('',#3938,10.);
#1027=VECTOR('',#3939,10.);
#1028=VECTOR('',#3940,10.);
#1029=VECTOR('',#3943,10.);
#1030=VECTOR('',#3944,10.);
#1031=VECTOR('',#3945,10.);
#1032=VECTOR('',#3948,10.);
#1033=VECTOR('',#3949,10.);
#1034=VECTOR('',#3950,10.);
#1035=VECTOR('',#3951,10.);
#1036=VECTOR('',#3952,10.);
#1037=VECTOR('',#3955,10.);
#1038=VECTOR('',#3956,10.);
#1039=VECTOR('',#3957,10.);
#1040=VECTOR('',#3958,10.);
#1041=VECTOR('',#3959,10.);
#1042=VECTOR('',#3962,10.);
#1043=VECTOR('',#3965,10.);
#1044=VECTOR('',#3970,10.);
#1045=VECTOR('',#3971,10.);
#1046=VECTOR('',#3972,10.);
#1047=VECTOR('',#3973,10.);
#1048=VECTOR('',#3976,10.);
#1049=VECTOR('',#3977,10.);
#1050=VECTOR('',#3978,10.);
#1051=VECTOR('',#3981,10.);
#1052=VECTOR('',#3982,10.);
#1053=VECTOR('',#3987,10.);
#1054=VECTOR('',#3992,10.);
#1055=VECTOR('',#3993,10.);
#1056=VECTOR('',#3994,10.);
#1057=VECTOR('',#3997,10.);
#1058=VECTOR('',#3998,10.);
#1059=VECTOR('',#3999,10.);
#1060=VECTOR('',#4000,10.);
#1061=VECTOR('',#4003,10.);
#1062=VECTOR('',#4004,10.);
#1063=VECTOR('',#4005,10.);
#1064=VECTOR('',#4006,10.);
#1065=VECTOR('',#4009,10.);
#1066=VECTOR('',#4010,10.);
#1067=VECTOR('',#4013,10.);
#1068=VECTOR('',#4020,10.);
#1069=VECTOR('',#4021,10.);
#1070=VECTOR('',#4022,10.);
#1071=VECTOR('',#4027,10.);
#1072=VECTOR('',#4032,10.);
#1073=VECTOR('',#4033,10.);
#1074=VECTOR('',#4034,10.);
#1075=VECTOR('',#4035,10.);
#1076=VECTOR('',#4038,10.);
#1077=VECTOR('',#4039,10.);
#1078=VECTOR('',#4042,10.);
#1079=VECTOR('',#4049,10.);
#1080=VECTOR('',#4050,10.);
#1081=VECTOR('',#4051,10.);
#1082=VECTOR('',#4054,10.);
#1083=VECTOR('',#4055,10.);
#1084=VECTOR('',#4056,10.);
#1085=VECTOR('',#4065,1.);
#1086=VECTOR('',#4068,1.);
#1087=VECTOR('',#4071,1.);
#1088=VECTOR('',#4074,1.);
#1089=VECTOR('',#4077,10.);
#1090=VECTOR('',#4078,10.);
#1091=VECTOR('',#4079,1.00000000000064);
#1092=VECTOR('',#4080,1.);
#1093=VECTOR('',#4081,1.);
#1094=VECTOR('',#4082,1.);
#1095=VECTOR('',#4085,10.);
#1096=VECTOR('',#4086,1.);
#1097=VECTOR('',#4089,1.);
#1098=VECTOR('',#4090,1.);
#1099=VECTOR('',#4091,1.);
#1100=VECTOR('',#4092,1.);
#1101=VECTOR('',#4093,1.00000000000064);
#1102=VECTOR('',#4094,10.);
#1103=VECTOR('',#4097,10.);
#1104=VECTOR('',#4100,1.);
#1105=VECTOR('',#4103,1.);
#1106=VECTOR('',#4108,10.);
#1107=VECTOR('',#4109,10.);
#1108=VECTOR('',#4110,1.00000000000064);
#1109=VECTOR('',#4111,1.);
#1110=VECTOR('',#4112,1.);
#1111=VECTOR('',#4113,1.);
#1112=VECTOR('',#4116,10.);
#1113=VECTOR('',#4117,1.);
#1114=VECTOR('',#4120,1.);
#1115=VECTOR('',#4121,1.);
#1116=VECTOR('',#4122,1.);
#1117=VECTOR('',#4123,1.);
#1118=VECTOR('',#4124,1.00000000000064);
#1119=VECTOR('',#4125,10.);
#1120=VECTOR('',#4128,10.);
#1121=VECTOR('',#4131,1.);
#1122=VECTOR('',#4134,1.);
#1123=VECTOR('',#4139,10.);
#1124=VECTOR('',#4140,10.);
#1125=VECTOR('',#4141,1.00000000000064);
#1126=VECTOR('',#4142,1.);
#1127=VECTOR('',#4143,1.);
#1128=VECTOR('',#4144,1.);
#1129=VECTOR('',#4147,1.);
#1130=VECTOR('',#4150,1.);
#1131=VECTOR('',#4151,1.);
#1132=VECTOR('',#4152,1.);
#1133=VECTOR('',#4153,1.);
#1134=VECTOR('',#4154,1.00000000000064);
#1135=VECTOR('',#4159,10.);
#1136=VECTOR('',#4160,1.00000000000064);
#1137=VECTOR('',#4161,1.);
#1138=VECTOR('',#4162,1.);
#1139=VECTOR('',#4163,1.);
#1140=VECTOR('',#4164,10.);
#1141=VECTOR('',#4167,10.);
#1142=VECTOR('',#4168,1.00000000000064);
#1143=VECTOR('',#4169,1.);
#1144=VECTOR('',#4170,1.);
#1145=VECTOR('',#4171,1.);
#1146=VECTOR('',#4172,10.);
#1147=VECTOR('',#4175,10.);
#1148=VECTOR('',#4176,1.00000000000064);
#1149=VECTOR('',#4177,1.);
#1150=VECTOR('',#4178,1.);
#1151=VECTOR('',#4179,1.);
#1152=VECTOR('',#4180,1.);
#1153=VECTOR('',#4183,1.);
#1154=VECTOR('',#4184,1.);
#1155=VECTOR('',#4185,1.);
#1156=VECTOR('',#4186,1.00000000000064);
#1157=VECTOR('',#4187,10.);
#1158=VECTOR('',#4188,10.);
#1159=VECTOR('',#4191,1.);
#1160=VECTOR('',#4192,1.);
#1161=VECTOR('',#4195,10.);
#1162=VECTOR('',#4196,1.);
#1163=VECTOR('',#4197,1.);
#1164=VECTOR('',#4198,10.);
#1165=VECTOR('',#4201,1.);
#1166=VECTOR('',#4204,1.);
#1167=VECTOR('',#4209,1.);
#1168=VECTOR('',#4212,1.);
#1169=VECTOR('',#4217,1.);
#1170=VECTOR('',#4220,1.);
#1171=VECTOR('',#4221,1.);
#1172=VECTOR('',#4222,1.);
#1173=VECTOR('',#4223,1.);
#1174=VECTOR('',#4224,1.00000000000064);
#1175=VECTOR('',#4225,10.);
#1176=VECTOR('',#4230,1.);
#1177=VECTOR('',#4233,1.);
#1178=VECTOR('',#4238,1.);
#1179=VECTOR('',#4243,1.);
#1180=VECTOR('',#4246,1.);
#1181=VECTOR('',#4249,1.);
#1182=VECTOR('',#4252,1.00000000000064);
#1183=VECTOR('',#4253,1.);
#1184=VECTOR('',#4256,10.);
#1185=VECTOR('',#4257,10.);
#1186=VECTOR('',#4260,10.);
#1187=VECTOR('',#4261,10.);
#1188=VECTOR('',#4266,10.);
#1189=VECTOR('',#4271,10.);
#1190=VECTOR('',#4274,10.);
#1191=VECTOR('',#4275,10.);
#1192=VECTOR('',#4278,10.);
#1193=VECTOR('',#4279,10.);
#1194=VECTOR('',#4282,10.);
#1195=VECTOR('',#4285,10.);
#1196=VECTOR('',#4290,10.);
#1197=VECTOR('',#4291,10.);
#1198=VECTOR('',#4292,10.);
#1199=VECTOR('',#4297,10.);
#1200=VECTOR('',#4298,10.);
#1201=VECTOR('',#4299,10.);
#1202=VECTOR('',#4308,10.);
#1203=VECTOR('',#4311,10.);
#1204=VECTOR('',#4312,10.);
#1205=VECTOR('',#4315,10.);
#1206=VECTOR('',#4318,10.);
#1207=VECTOR('',#4335,10.);
#1208=VECTOR('',#4340,1.);
#1209=VECTOR('',#4341,1.);
#1210=VECTOR('',#4344,1.);
#1211=VECTOR('',#4345,1.);
#1212=VECTOR('',#4348,1.);
#1213=VECTOR('',#4351,1.);
#1214=VECTOR('',#4354,1.);
#1215=VECTOR('',#4355,1.);
#1216=VECTOR('',#4356,1.);
#1217=VECTOR('',#4357,1.);
#1218=VECTOR('',#4358,1.);
#1219=VECTOR('',#4359,1.);
#1220=VECTOR('',#4362,1.);
#1221=VECTOR('',#4363,1.);
#1222=VECTOR('',#4366,1.);
#1223=VECTOR('',#4367,1.);
#1224=VECTOR('',#4370,1.65);
#1225=VECTOR('',#4381,1.65);
#1226=VECTOR('',#4392,1.65);
#1227=VECTOR('',#4403,1.);
#1228=VECTOR('',#4404,1.);
#1229=VECTOR('',#4405,1.);
#1230=VECTOR('',#4406,1.);
#1231=VECTOR('',#4407,1.);
#1232=VECTOR('',#4408,1.);
#1233=VECTOR('',#4411,1.);
#1234=VECTOR('',#4412,1.);
#1235=VECTOR('',#4415,1.);
#1236=VECTOR('',#4416,1.);
#1237=VECTOR('',#4419,1.);
#1238=VECTOR('',#4420,1.);
#1239=VECTOR('',#4421,1.);
#1240=VECTOR('',#4422,1.);
#1241=VECTOR('',#4423,1.);
#1242=VECTOR('',#4424,1.);
#1243=VECTOR('',#4427,1.);
#1244=VECTOR('',#4428,1.);
#1245=VECTOR('',#4431,1.);
#1246=VECTOR('',#4432,1.);
#1247=VECTOR('',#4435,1.);
#1248=VECTOR('',#4436,1.);
#1249=VECTOR('',#4437,1.);
#1250=VECTOR('',#4442,1.);
#1251=VECTOR('',#4445,1.);
#1252=VECTOR('',#4446,1.);
#1253=VECTOR('',#4449,1.);
#1254=VECTOR('',#4450,1.);
#1255=VECTOR('',#4451,1.);
#1256=VECTOR('',#4456,1.);
#1257=VECTOR('',#4457,1.);
#1258=VECTOR('',#4460,1.);
#1259=VECTOR('',#4461,1.);
#1260=VECTOR('',#4464,1.);
#1261=VECTOR('',#4467,1.);
#1262=VECTOR('',#4470,1.);
#1263=VECTOR('',#4471,1.);
#1264=VECTOR('',#4474,1.);
#1265=VECTOR('',#4475,1.);
#1266=VECTOR('',#4478,1.);
#1267=VECTOR('',#4481,1.);
#1268=VECTOR('',#4488,1.);
#1269=VECTOR('',#4491,1.);
#1270=VECTOR('',#4494,1.);
#1271=VECTOR('',#4499,1.);
#1272=VECTOR('',#4502,1.);
#1273=VECTOR('',#4505,1.);
#1274=VECTOR('',#4510,1.);
#1275=VECTOR('',#4513,1.);
#1276=VECTOR('',#4514,1.);
#1277=VECTOR('',#4515,1.);
#1278=VECTOR('',#4516,1.);
#1279=VECTOR('',#4517,1.);
#1280=VECTOR('',#4518,1.);
#1281=VECTOR('',#4521,1.);
#1282=VECTOR('',#4522,1.);
#1283=VECTOR('',#4525,1.);
#1284=VECTOR('',#4526,1.);
#1285=VECTOR('',#4529,1.);
#1286=VECTOR('',#4530,1.);
#1287=VECTOR('',#4531,1.);
#1288=VECTOR('',#4532,1.);
#1289=VECTOR('',#4533,1.);
#1290=VECTOR('',#4538,1.);
#1291=VECTOR('',#4541,1.);
#1292=VECTOR('',#4542,1.);
#1293=VECTOR('',#4543,1.);
#1294=VECTOR('',#4544,1.);
#1295=VECTOR('',#4545,1.);
#1296=VECTOR('',#4546,1.);
#1297=VECTOR('',#4549,1.);
#1298=VECTOR('',#4550,1.);
#1299=VECTOR('',#4553,1.);
#1300=VECTOR('',#4554,1.);
#1301=VECTOR('',#4557,1.);
#1302=VECTOR('',#4558,1.);
#1303=VECTOR('',#4559,1.);
#1304=VECTOR('',#4560,1.);
#1305=VECTOR('',#4561,1.);
#1306=VECTOR('',#4566,1.);
#1307=VECTOR('',#4569,1.);
#1308=VECTOR('',#4570,1.);
#1309=VECTOR('',#4571,1.);
#1310=VECTOR('',#4572,1.);
#1311=VECTOR('',#4573,1.);
#1312=VECTOR('',#4574,1.);
#1313=VECTOR('',#4577,1.);
#1314=VECTOR('',#4578,1.);
#1315=VECTOR('',#4581,1.);
#1316=VECTOR('',#4582,1.);
#1317=VECTOR('',#4585,1.);
#1318=VECTOR('',#4586,1.);
#1319=VECTOR('',#4587,1.);
#1320=VECTOR('',#4588,1.);
#1321=VECTOR('',#4589,1.);
#1322=VECTOR('',#4594,1.65);
#1323=VECTOR('',#4605,1.65);
#1324=VECTOR('',#4616,1.65);
#1325=VECTOR('',#4627,1.);
#1326=VECTOR('',#4628,1.);
#1327=VECTOR('',#4633,1.);
#1328=VECTOR('',#4636,1.);
#1329=VECTOR('',#4643,1.);
#1330=VECTOR('',#4644,1.);
#1331=VECTOR('',#4649,1.);
#1332=VECTOR('',#4652,1.);
#1333=VECTOR('',#4659,1.);
#1334=VECTOR('',#4660,1.);
#1335=VECTOR('',#4665,1.);
#1336=VECTOR('',#4668,1.);
#1337=VERTEX_POINT('',#4675);
#1338=VERTEX_POINT('',#4676);
#1339=VERTEX_POINT('',#4678);
#1340=VERTEX_POINT('',#4680);
#1341=VERTEX_POINT('',#4684);
#1342=VERTEX_POINT('',#4686);
#1343=VERTEX_POINT('',#4690);
#1344=VERTEX_POINT('',#4692);
#1345=VERTEX_POINT('',#4696);
#1346=VERTEX_POINT('',#4698);
#1347=VERTEX_POINT('',#4700);
#1348=VERTEX_POINT('',#4704);
#1349=VERTEX_POINT('',#4706);
#1350=VERTEX_POINT('',#4708);
#1351=VERTEX_POINT('',#4712);
#1352=VERTEX_POINT('',#4714);
#1353=VERTEX_POINT('',#4716);
#1354=VERTEX_POINT('',#4720);
#1355=VERTEX_POINT('',#4722);
#1356=VERTEX_POINT('',#4724);
#1357=VERTEX_POINT('',#4726);
#1358=VERTEX_POINT('',#4728);
#1359=VERTEX_POINT('',#4730);
#1360=VERTEX_POINT('',#4732);
#1361=VERTEX_POINT('',#4734);
#1362=VERTEX_POINT('',#4736);
#1363=VERTEX_POINT('',#4740);
#1364=VERTEX_POINT('',#4741);
#1365=VERTEX_POINT('',#4746);
#1366=VERTEX_POINT('',#4750);
#1367=VERTEX_POINT('',#4754);
#1368=VERTEX_POINT('',#4758);
#1369=VERTEX_POINT('',#4760);
#1370=VERTEX_POINT('',#4762);
#1371=VERTEX_POINT('',#4764);
#1372=VERTEX_POINT('',#4766);
#1373=VERTEX_POINT('',#4768);
#1374=VERTEX_POINT('',#4770);
#1375=VERTEX_POINT('',#4774);
#1376=VERTEX_POINT('',#4775);
#1377=VERTEX_POINT('',#4777);
#1378=VERTEX_POINT('',#4779);
#1379=VERTEX_POINT('',#4781);
#1380=VERTEX_POINT('',#4785);
#1381=VERTEX_POINT('',#4787);
#1382=VERTEX_POINT('',#4791);
#1383=VERTEX_POINT('',#4793);
#1384=VERTEX_POINT('',#4797);
#1385=VERTEX_POINT('',#4799);
#1386=VERTEX_POINT('',#4804);
#1387=VERTEX_POINT('',#4806);
#1388=VERTEX_POINT('',#4808);
#1389=VERTEX_POINT('',#4810);
#1390=VERTEX_POINT('',#4812);
#1391=VERTEX_POINT('',#4816);
#1392=VERTEX_POINT('',#4818);
#1393=VERTEX_POINT('',#4820);
#1394=VERTEX_POINT('',#4822);
#1395=VERTEX_POINT('',#4825);
#1396=VERTEX_POINT('',#4827);
#1397=VERTEX_POINT('',#4829);
#1398=VERTEX_POINT('',#4833);
#1399=VERTEX_POINT('',#4835);
#1400=VERTEX_POINT('',#4837);
#1401=VERTEX_POINT('',#4841);
#1402=VERTEX_POINT('',#4845);
#1403=VERTEX_POINT('',#4849);
#1404=VERTEX_POINT('',#4853);
#1405=VERTEX_POINT('',#4858);
#1406=VERTEX_POINT('',#4860);
#1407=VERTEX_POINT('',#4862);
#1408=VERTEX_POINT('',#4867);
#1409=VERTEX_POINT('',#4869);
#1410=VERTEX_POINT('',#4871);
#1411=VERTEX_POINT('',#4873);
#1412=VERTEX_POINT('',#4875);
#1413=VERTEX_POINT('',#4877);
#1414=VERTEX_POINT('',#4879);
#1415=VERTEX_POINT('',#4881);
#1416=VERTEX_POINT('',#4883);
#1417=VERTEX_POINT('',#4885);
#1418=VERTEX_POINT('',#4887);
#1419=VERTEX_POINT('',#4889);
#1420=VERTEX_POINT('',#4893);
#1421=VERTEX_POINT('',#4895);
#1422=VERTEX_POINT('',#4899);
#1423=VERTEX_POINT('',#4903);
#1424=VERTEX_POINT('',#4904);
#1425=VERTEX_POINT('',#4906);
#1426=VERTEX_POINT('',#4908);
#1427=VERTEX_POINT('',#4910);
#1428=VERTEX_POINT('',#4914);
#1429=VERTEX_POINT('',#4916);
#1430=VERTEX_POINT('',#4920);
#1431=VERTEX_POINT('',#4921);
#1432=VERTEX_POINT('',#4923);
#1433=VERTEX_POINT('',#4925);
#1434=VERTEX_POINT('',#4927);
#1435=VERTEX_POINT('',#4931);
#1436=VERTEX_POINT('',#4933);
#1437=VERTEX_POINT('',#4937);
#1438=VERTEX_POINT('',#4938);
#1439=VERTEX_POINT('',#4940);
#1440=VERTEX_POINT('',#4942);
#1441=VERTEX_POINT('',#4944);
#1442=VERTEX_POINT('',#4948);
#1443=VERTEX_POINT('',#4949);
#1444=VERTEX_POINT('',#4951);
#1445=VERTEX_POINT('',#4953);
#1446=VERTEX_POINT('',#4955);
#1447=VERTEX_POINT('',#4959);
#1448=VERTEX_POINT('',#4960);
#1449=VERTEX_POINT('',#4962);
#1450=VERTEX_POINT('',#4964);
#1451=VERTEX_POINT('',#4968);
#1452=VERTEX_POINT('',#4970);
#1453=VERTEX_POINT('',#4972);
#1454=VERTEX_POINT('',#4977);
#1455=VERTEX_POINT('',#4984);
#1456=VERTEX_POINT('',#4986);
#1457=VERTEX_POINT('',#4990);
#1458=VERTEX_POINT('',#4992);
#1459=VERTEX_POINT('',#4996);
#1460=VERTEX_POINT('',#4998);
#1461=VERTEX_POINT('',#5000);
#1462=VERTEX_POINT('',#5004);
#1463=VERTEX_POINT('',#5005);
#1464=VERTEX_POINT('',#5007);
#1465=VERTEX_POINT('',#5015);
#1466=VERTEX_POINT('',#5016);
#1467=VERTEX_POINT('',#5022);
#1468=VERTEX_POINT('',#5026);
#1469=VERTEX_POINT('',#5028);
#1470=VERTEX_POINT('',#5032);
#1471=VERTEX_POINT('',#5034);
#1472=VERTEX_POINT('',#5036);
#1473=VERTEX_POINT('',#5043);
#1474=VERTEX_POINT('',#5044);
#1475=VERTEX_POINT('',#5050);
#1476=VERTEX_POINT('',#5054);
#1477=VERTEX_POINT('',#5056);
#1478=VERTEX_POINT('',#5063);
#1479=VERTEX_POINT('',#5065);
#1480=VERTEX_POINT('',#5067);
#1481=VERTEX_POINT('',#5069);
#1482=VERTEX_POINT('',#5071);
#1483=VERTEX_POINT('',#5073);
#1484=VERTEX_POINT('',#5077);
#1485=VERTEX_POINT('',#5079);
#1486=VERTEX_POINT('',#5081);
#1487=VERTEX_POINT('',#5083);
#1488=VERTEX_POINT('',#5085);
#1489=VERTEX_POINT('',#5089);
#1490=VERTEX_POINT('',#5093);
#1491=VERTEX_POINT('',#5095);
#1492=VERTEX_POINT('',#5097);
#1493=VERTEX_POINT('',#5099);
#1494=VERTEX_POINT('',#5101);
#1495=VERTEX_POINT('',#5105);
#1496=VERTEX_POINT('',#5107);
#1497=VERTEX_POINT('',#5109);
#1498=VERTEX_POINT('',#5111);
#1499=VERTEX_POINT('',#5113);
#1500=VERTEX_POINT('',#5117);
#1501=VERTEX_POINT('',#5119);
#1502=VERTEX_POINT('',#5121);
#1503=VERTEX_POINT('',#5123);
#1504=VERTEX_POINT('',#5125);
#1505=VERTEX_POINT('',#5129);
#1506=VERTEX_POINT('',#5133);
#1507=VERTEX_POINT('',#5135);
#1508=VERTEX_POINT('',#5137);
#1509=VERTEX_POINT('',#5139);
#1510=VERTEX_POINT('',#5141);
#1511=VERTEX_POINT('',#5145);
#1512=VERTEX_POINT('',#5147);
#1513=VERTEX_POINT('',#5149);
#1514=VERTEX_POINT('',#5151);
#1515=VERTEX_POINT('',#5153);
#1516=VERTEX_POINT('',#5157);
#1517=VERTEX_POINT('',#5159);
#1518=VERTEX_POINT('',#5161);
#1519=VERTEX_POINT('',#5163);
#1520=VERTEX_POINT('',#5165);
#1521=VERTEX_POINT('',#5171);
#1522=VERTEX_POINT('',#5173);
#1523=VERTEX_POINT('',#5175);
#1524=VERTEX_POINT('',#5177);
#1525=VERTEX_POINT('',#5183);
#1526=VERTEX_POINT('',#5185);
#1527=VERTEX_POINT('',#5187);
#1528=VERTEX_POINT('',#5189);
#1529=VERTEX_POINT('',#5194);
#1530=VERTEX_POINT('',#5196);
#1531=VERTEX_POINT('',#5198);
#1532=VERTEX_POINT('',#5200);
#1533=VERTEX_POINT('',#5205);
#1534=VERTEX_POINT('',#5207);
#1535=VERTEX_POINT('',#5209);
#1536=VERTEX_POINT('',#5211);
#1537=VERTEX_POINT('',#5215);
#1538=VERTEX_POINT('',#5217);
#1539=VERTEX_POINT('',#5219);
#1540=VERTEX_POINT('',#5221);
#1541=VERTEX_POINT('',#5223);
#1542=VERTEX_POINT('',#5239);
#1543=VERTEX_POINT('',#5241);
#1544=VERTEX_POINT('',#5243);
#1545=VERTEX_POINT('',#5245);
#1546=VERTEX_POINT('',#5251);
#1547=VERTEX_POINT('',#5253);
#1548=VERTEX_POINT('',#5255);
#1549=VERTEX_POINT('',#5257);
#1550=VERTEX_POINT('',#5262);
#1551=VERTEX_POINT('',#5264);
#1552=VERTEX_POINT('',#5266);
#1553=VERTEX_POINT('',#5268);
#1554=VERTEX_POINT('',#5274);
#1555=VERTEX_POINT('',#5276);
#1556=VERTEX_POINT('',#5278);
#1557=VERTEX_POINT('',#5280);
#1558=VERTEX_POINT('',#5282);
#1559=VERTEX_POINT('',#5286);
#1560=VERTEX_POINT('',#5290);
#1561=VERTEX_POINT('',#5294);
#1562=VERTEX_POINT('',#5298);
#1563=VERTEX_POINT('',#5302);
#1564=VERTEX_POINT('',#5306);
#1565=VERTEX_POINT('',#5310);
#1566=VERTEX_POINT('',#5318);
#1567=VERTEX_POINT('',#5320);
#1568=VERTEX_POINT('',#5322);
#1569=VERTEX_POINT('',#5324);
#1570=VERTEX_POINT('',#5328);
#1571=VERTEX_POINT('',#5329);
#1572=VERTEX_POINT('',#5336);
#1573=VERTEX_POINT('',#5340);
#1574=VERTEX_POINT('',#5347);
#1575=VERTEX_POINT('',#5349);
#1576=VERTEX_POINT('',#5351);
#1577=VERTEX_POINT('',#5361);
#1578=VERTEX_POINT('',#5365);
#1579=VERTEX_POINT('',#5373);
#1580=VERTEX_POINT('',#5375);
#1581=VERTEX_POINT('',#5377);
#1582=VERTEX_POINT('',#5379);
#1583=VERTEX_POINT('',#5381);
#1584=VERTEX_POINT('',#5385);
#1585=VERTEX_POINT('',#5389);
#1586=VERTEX_POINT('',#5393);
#1587=VERTEX_POINT('',#5395);
#1588=VERTEX_POINT('',#5397);
#1589=VERTEX_POINT('',#5399);
#1590=VERTEX_POINT('',#5403);
#1591=VERTEX_POINT('',#5405);
#1592=VERTEX_POINT('',#5407);
#1593=VERTEX_POINT('',#5409);
#1594=VERTEX_POINT('',#5413);
#1595=VERTEX_POINT('',#5415);
#1596=VERTEX_POINT('',#5418);
#1597=VERTEX_POINT('',#5422);
#1598=VERTEX_POINT('',#5424);
#1599=VERTEX_POINT('',#5427);
#1600=VERTEX_POINT('',#5429);
#1601=VERTEX_POINT('',#5433);
#1602=VERTEX_POINT('',#5437);
#1603=VERTEX_POINT('',#5441);
#1604=VERTEX_POINT('',#5443);
#1605=VERTEX_POINT('',#5446);
#1606=VERTEX_POINT('',#5448);
#1607=VERTEX_POINT('',#5452);
#1608=VERTEX_POINT('',#5456);
#1609=VERTEX_POINT('',#5460);
#1610=VERTEX_POINT('',#5468);
#1611=VERTEX_POINT('',#5477);
#1612=VERTEX_POINT('',#5481);
#1613=VERTEX_POINT('',#5489);
#1614=VERTEX_POINT('',#5493);
#1615=VERTEX_POINT('',#5519);
#1616=VERTEX_POINT('',#5521);
#1617=VERTEX_POINT('',#5523);
#1618=VERTEX_POINT('',#5525);
#1619=VERTEX_POINT('',#5527);
#1620=VERTEX_POINT('',#5531);
#1621=VERTEX_POINT('',#5535);
#1622=VERTEX_POINT('',#5540);
#1623=VERTEX_POINT('',#5542);
#1624=VERTEX_POINT('',#5544);
#1625=VERTEX_POINT('',#5551);
#1626=VERTEX_POINT('',#5553);
#1627=VERTEX_POINT('',#5555);
#1628=VERTEX_POINT('',#5557);
#1629=VERTEX_POINT('',#5559);
#1630=VERTEX_POINT('',#5563);
#1631=VERTEX_POINT('',#5567);
#1632=VERTEX_POINT('',#5572);
#1633=VERTEX_POINT('',#5574);
#1634=VERTEX_POINT('',#5576);
#1635=VERTEX_POINT('',#5583);
#1636=VERTEX_POINT('',#5585);
#1637=VERTEX_POINT('',#5587);
#1638=VERTEX_POINT('',#5589);
#1639=VERTEX_POINT('',#5591);
#1640=VERTEX_POINT('',#5595);
#1641=VERTEX_POINT('',#5599);
#1642=VERTEX_POINT('',#5604);
#1643=VERTEX_POINT('',#5606);
#1644=VERTEX_POINT('',#5608);
#1645=VERTEX_POINT('',#5614);
#1646=VERTEX_POINT('',#5617);
#1647=VERTEX_POINT('',#5622);
#1648=VERTEX_POINT('',#5625);
#1649=VERTEX_POINT('',#5630);
#1650=VERTEX_POINT('',#5633);
#1651=EDGE_CURVE('',#1337,#1338,#477,.T.);
#1652=EDGE_CURVE('',#1338,#1339,#478,.T.);
#1653=EDGE_CURVE('',#1339,#1340,#479,.T.);
#1654=EDGE_CURVE('',#1340,#1337,#480,.T.);
#1655=EDGE_CURVE('',#1340,#1341,#481,.T.);
#1656=EDGE_CURVE('',#1341,#1342,#482,.T.);
#1657=EDGE_CURVE('',#1342,#1337,#483,.T.);
#1658=EDGE_CURVE('',#1341,#1343,#484,.T.);
#1659=EDGE_CURVE('',#1343,#1344,#485,.T.);
#1660=EDGE_CURVE('',#1344,#1342,#486,.T.);
#1661=EDGE_CURVE('',#1343,#1345,#487,.T.);
#1662=EDGE_CURVE('',#1345,#1346,#488,.T.);
#1663=EDGE_CURVE('',#1346,#1347,#489,.T.);
#1664=EDGE_CURVE('',#1347,#1344,#490,.T.);
#1665=EDGE_CURVE('',#1348,#1346,#491,.T.);
#1666=EDGE_CURVE('',#1348,#1349,#492,.T.);
#1667=EDGE_CURVE('',#1349,#1350,#493,.T.);
#1668=EDGE_CURVE('',#1350,#1347,#494,.T.);
#1669=EDGE_CURVE('',#1345,#1351,#495,.T.);
#1670=EDGE_CURVE('',#1352,#1351,#496,.T.);
#1671=EDGE_CURVE('',#1352,#1353,#497,.T.);
#1672=EDGE_CURVE('',#1353,#1348,#498,.T.);
#1673=EDGE_CURVE('',#1339,#1354,#499,.T.);
#1674=EDGE_CURVE('',#1354,#1355,#500,.T.);
#1675=EDGE_CURVE('',#1355,#1356,#43,.T.);
#1676=EDGE_CURVE('',#1356,#1357,#501,.T.);
#1677=EDGE_CURVE('',#1357,#1358,#502,.T.);
#1678=EDGE_CURVE('',#1358,#1359,#503,.T.);
#1679=EDGE_CURVE('',#1360,#1359,#504,.T.);
#1680=EDGE_CURVE('',#1361,#1360,#505,.T.);
#1681=EDGE_CURVE('',#1362,#1361,#506,.T.);
#1682=EDGE_CURVE('',#1351,#1362,#507,.T.);
#1683=EDGE_CURVE('',#1363,#1364,#508,.T.);
#1684=EDGE_CURVE('',#1364,#1352,#509,.T.);
#1685=EDGE_CURVE('',#1362,#1363,#510,.T.);
#1686=EDGE_CURVE('',#1361,#1365,#511,.T.);
#1687=EDGE_CURVE('',#1365,#1363,#512,.T.);
#1688=EDGE_CURVE('',#1360,#1366,#513,.T.);
#1689=EDGE_CURVE('',#1366,#1365,#514,.T.);
#1690=EDGE_CURVE('',#1359,#1367,#515,.T.);
#1691=EDGE_CURVE('',#1367,#1366,#516,.T.);
#1692=EDGE_CURVE('',#1358,#1368,#517,.T.);
#1693=EDGE_CURVE('',#1369,#1368,#518,.T.);
#1694=EDGE_CURVE('',#1369,#1370,#519,.T.);
#1695=EDGE_CURVE('',#1370,#1371,#520,.T.);
#1696=EDGE_CURVE('',#1371,#1372,#521,.T.);
#1697=EDGE_CURVE('',#1373,#1372,#522,.T.);
#1698=EDGE_CURVE('',#1374,#1373,#523,.T.);
#1699=EDGE_CURVE('',#1367,#1374,#524,.T.);
#1700=EDGE_CURVE('',#1375,#1376,#525,.T.);
#1701=EDGE_CURVE('',#1376,#1377,#526,.T.);
#1702=EDGE_CURVE('',#1377,#1378,#527,.T.);
#1703=EDGE_CURVE('',#1378,#1379,#528,.T.);
#1704=EDGE_CURVE('',#1379,#1375,#529,.T.);
#1705=EDGE_CURVE('',#1379,#1380,#530,.T.);
#1706=EDGE_CURVE('',#1380,#1381,#531,.T.);
#1707=EDGE_CURVE('',#1381,#1375,#532,.T.);
#1708=EDGE_CURVE('',#1380,#1382,#533,.T.);
#1709=EDGE_CURVE('',#1382,#1383,#534,.T.);
#1710=EDGE_CURVE('',#1383,#1381,#535,.T.);
#1711=EDGE_CURVE('',#1382,#1384,#536,.T.);
#1712=EDGE_CURVE('',#1384,#1385,#537,.T.);
#1713=EDGE_CURVE('',#1385,#1383,#538,.T.);
#1714=EDGE_CURVE('',#1385,#1338,#539,.T.);
#1715=EDGE_CURVE('',#1386,#1384,#540,.T.);
#1716=EDGE_CURVE('',#1387,#1386,#541,.T.);
#1717=EDGE_CURVE('',#1387,#1388,#542,.T.);
#1718=EDGE_CURVE('',#1389,#1388,#543,.T.);
#1719=EDGE_CURVE('',#1389,#1390,#544,.T.);
#1720=EDGE_CURVE('',#1354,#1390,#545,.T.);
#1721=EDGE_CURVE('',#1391,#1378,#546,.T.);
#1722=EDGE_CURVE('',#1392,#1391,#547,.T.);
#1723=EDGE_CURVE('',#1393,#1392,#548,.T.);
#1724=EDGE_CURVE('',#1394,#1393,#549,.T.);
#1725=EDGE_CURVE('',#1373,#1394,#550,.T.);
#1726=EDGE_CURVE('',#1372,#1395,#551,.T.);
#1727=EDGE_CURVE('',#1395,#1396,#552,.T.);
#1728=EDGE_CURVE('',#1396,#1397,#44,.T.);
#1729=EDGE_CURVE('',#1397,#1386,#553,.T.);
#1730=EDGE_CURVE('',#1377,#1398,#554,.T.);
#1731=EDGE_CURVE('',#1398,#1399,#555,.T.);
#1732=EDGE_CURVE('',#1399,#1400,#556,.T.);
#1733=EDGE_CURVE('',#1391,#1400,#557,.T.);
#1734=EDGE_CURVE('',#1401,#1374,#558,.T.);
#1735=EDGE_CURVE('',#1394,#1401,#559,.T.);
#1736=EDGE_CURVE('',#1402,#1401,#560,.T.);
#1737=EDGE_CURVE('',#1393,#1402,#561,.T.);
#1738=EDGE_CURVE('',#1403,#1402,#562,.T.);
#1739=EDGE_CURVE('',#1392,#1403,#563,.T.);
#1740=EDGE_CURVE('',#1400,#1404,#564,.T.);
#1741=EDGE_CURVE('',#1404,#1403,#565,.T.);
#1742=EDGE_CURVE('',#1401,#1366,#566,.T.);
#1743=EDGE_CURVE('',#1405,#1405,#45,.T.);
#1744=EDGE_CURVE('',#1406,#1406,#46,.T.);
#1745=EDGE_CURVE('',#1407,#1407,#47,.T.);
#1746=EDGE_CURVE('',#1402,#1365,#567,.T.);
#1747=EDGE_CURVE('',#1408,#1403,#568,.T.);
#1748=EDGE_CURVE('',#1408,#1409,#569,.T.);
#1749=EDGE_CURVE('',#1410,#1409,#570,.T.);
#1750=EDGE_CURVE('',#1410,#1411,#571,.T.);
#1751=EDGE_CURVE('',#1412,#1411,#572,.T.);
#1752=EDGE_CURVE('',#1412,#1413,#573,.T.);
#1753=EDGE_CURVE('',#1414,#1413,#574,.T.);
#1754=EDGE_CURVE('',#1414,#1415,#575,.T.);
#1755=EDGE_CURVE('',#1416,#1415,#576,.T.);
#1756=EDGE_CURVE('',#1417,#1416,#577,.T.);
#1757=EDGE_CURVE('',#1418,#1417,#578,.T.);
#1758=EDGE_CURVE('',#1418,#1419,#579,.T.);
#1759=EDGE_CURVE('',#1419,#1363,#580,.T.);
#1760=EDGE_CURVE('',#1420,#1404,#581,.T.);
#1761=EDGE_CURVE('',#1421,#1420,#582,.T.);
#1762=EDGE_CURVE('',#1421,#1408,#583,.T.);
#1763=EDGE_CURVE('',#1399,#1422,#584,.T.);
#1764=EDGE_CURVE('',#1422,#1420,#585,.T.);
#1765=EDGE_CURVE('',#1423,#1424,#586,.T.);
#1766=EDGE_CURVE('',#1424,#1425,#587,.T.);
#1767=EDGE_CURVE('',#1425,#1426,#588,.T.);
#1768=EDGE_CURVE('',#1426,#1427,#589,.T.);
#1769=EDGE_CURVE('',#1427,#1423,#590,.T.);
#1770=EDGE_CURVE('',#1426,#1428,#591,.T.);
#1771=EDGE_CURVE('',#1428,#1429,#592,.T.);
#1772=EDGE_CURVE('',#1429,#1427,#593,.T.);
#1773=EDGE_CURVE('',#1430,#1431,#594,.T.);
#1774=EDGE_CURVE('',#1431,#1432,#595,.T.);
#1775=EDGE_CURVE('',#1432,#1433,#596,.T.);
#1776=EDGE_CURVE('',#1433,#1434,#597,.T.);
#1777=EDGE_CURVE('',#1434,#1430,#598,.T.);
#1778=EDGE_CURVE('',#1433,#1435,#599,.T.);
#1779=EDGE_CURVE('',#1435,#1436,#600,.T.);
#1780=EDGE_CURVE('',#1436,#1434,#601,.T.);
#1781=EDGE_CURVE('',#1437,#1438,#602,.T.);
#1782=EDGE_CURVE('',#1438,#1439,#603,.T.);
#1783=EDGE_CURVE('',#1439,#1440,#604,.T.);
#1784=EDGE_CURVE('',#1440,#1441,#605,.T.);
#1785=EDGE_CURVE('',#1441,#1437,#606,.T.);
#1786=EDGE_CURVE('',#1442,#1443,#607,.T.);
#1787=EDGE_CURVE('',#1443,#1444,#608,.T.);
#1788=EDGE_CURVE('',#1444,#1445,#609,.T.);
#1789=EDGE_CURVE('',#1445,#1446,#610,.T.);
#1790=EDGE_CURVE('',#1446,#1442,#611,.T.);
#1791=EDGE_CURVE('',#1447,#1448,#612,.T.);
#1792=EDGE_CURVE('',#1448,#1449,#48,.T.);
#1793=EDGE_CURVE('',#1449,#1450,#613,.T.);
#1794=EDGE_CURVE('',#1450,#1447,#49,.T.);
#1795=EDGE_CURVE('',#1451,#1450,#614,.T.);
#1796=EDGE_CURVE('',#1449,#1452,#615,.T.);
#1797=EDGE_CURVE('',#1452,#1453,#616,.T.);
#1798=EDGE_CURVE('',#1453,#1451,#617,.T.);
#1799=EDGE_CURVE('',#1349,#1448,#618,.T.);
#1800=EDGE_CURVE('',#1447,#1454,#619,.T.);
#1801=EDGE_CURVE('',#1454,#1350,#620,.T.);
#1802=EDGE_CURVE('',#1446,#1453,#621,.T.);
#1803=EDGE_CURVE('',#1452,#1442,#622,.T.);
#1804=EDGE_CURVE('',#1443,#1455,#50,.T.);
#1805=EDGE_CURVE('',#1455,#1456,#623,.T.);
#1806=EDGE_CURVE('',#1456,#1444,#51,.T.);
#1807=EDGE_CURVE('',#1364,#1457,#624,.T.);
#1808=EDGE_CURVE('',#1457,#1458,#625,.T.);
#1809=EDGE_CURVE('',#1458,#1353,#626,.T.);
#1810=EDGE_CURVE('',#1459,#1456,#627,.T.);
#1811=EDGE_CURVE('',#1455,#1460,#628,.T.);
#1812=EDGE_CURVE('',#1460,#1461,#629,.T.);
#1813=EDGE_CURVE('',#1461,#1459,#630,.T.);
#1814=EDGE_CURVE('',#1462,#1463,#631,.T.);
#1815=EDGE_CURVE('',#1463,#1464,#632,.T.);
#1816=EDGE_CURVE('',#1464,#1458,#633,.T.);
#1817=EDGE_CURVE('',#1457,#1462,#634,.T.);
#1818=EDGE_CURVE('',#1441,#1461,#635,.T.);
#1819=EDGE_CURVE('',#1460,#1437,#636,.T.);
#1820=EDGE_CURVE('',#1465,#1466,#637,.T.);
#1821=EDGE_CURVE('',#1466,#1464,#52,.T.);
#1822=EDGE_CURVE('',#1463,#1465,#53,.T.);
#1823=EDGE_CURVE('',#1435,#1466,#638,.T.);
#1824=EDGE_CURVE('',#1465,#1467,#639,.T.);
#1825=EDGE_CURVE('',#1467,#1436,#640,.T.);
#1826=EDGE_CURVE('',#1438,#1468,#54,.T.);
#1827=EDGE_CURVE('',#1468,#1469,#641,.T.);
#1828=EDGE_CURVE('',#1469,#1439,#55,.T.);
#1829=EDGE_CURVE('',#1470,#1469,#642,.T.);
#1830=EDGE_CURVE('',#1468,#1471,#643,.T.);
#1831=EDGE_CURVE('',#1471,#1472,#644,.T.);
#1832=EDGE_CURVE('',#1472,#1470,#645,.T.);
#1833=EDGE_CURVE('',#1376,#1472,#646,.T.);
#1834=EDGE_CURVE('',#1471,#1398,#647,.T.);
#1835=EDGE_CURVE('',#1473,#1474,#648,.T.);
#1836=EDGE_CURVE('',#1474,#1432,#56,.T.);
#1837=EDGE_CURVE('',#1431,#1473,#57,.T.);
#1838=EDGE_CURVE('',#1428,#1474,#649,.T.);
#1839=EDGE_CURVE('',#1473,#1475,#650,.T.);
#1840=EDGE_CURVE('',#1475,#1429,#651,.T.);
#1841=EDGE_CURVE('',#1422,#1476,#652,.T.);
#1842=EDGE_CURVE('',#1476,#1477,#653,.T.);
#1843=EDGE_CURVE('',#1477,#1421,#654,.T.);
#1844=EDGE_CURVE('',#1476,#1425,#58,.T.);
#1845=EDGE_CURVE('',#1424,#1477,#59,.T.);
#1846=EDGE_CURVE('',#1450,#1478,#655,.T.);
#1847=EDGE_CURVE('',#1479,#1478,#60,.T.);
#1848=EDGE_CURVE('',#1480,#1479,#656,.T.);
#1849=EDGE_CURVE('',#1481,#1480,#61,.T.);
#1850=EDGE_CURVE('',#1481,#1482,#657,.T.);
#1851=EDGE_CURVE('',#1483,#1482,#62,.T.);
#1852=EDGE_CURVE('',#1447,#1483,#658,.T.);
#1853=EDGE_CURVE('',#1484,#1451,#659,.T.);
#1854=EDGE_CURVE('',#1485,#1484,#660,.T.);
#1855=EDGE_CURVE('',#1485,#1486,#661,.T.);
#1856=EDGE_CURVE('',#1487,#1486,#662,.T.);
#1857=EDGE_CURVE('',#1487,#1488,#663,.T.);
#1858=EDGE_CURVE('',#1478,#1488,#664,.T.);
#1859=EDGE_CURVE('',#1445,#1489,#665,.T.);
#1860=EDGE_CURVE('',#1484,#1489,#666,.T.);
#1861=EDGE_CURVE('',#1444,#1490,#667,.T.);
#1862=EDGE_CURVE('',#1491,#1490,#668,.T.);
#1863=EDGE_CURVE('',#1492,#1491,#669,.T.);
#1864=EDGE_CURVE('',#1493,#1492,#670,.T.);
#1865=EDGE_CURVE('',#1494,#1493,#671,.T.);
#1866=EDGE_CURVE('',#1489,#1494,#672,.T.);
#1867=EDGE_CURVE('',#1495,#1456,#673,.T.);
#1868=EDGE_CURVE('',#1496,#1495,#63,.T.);
#1869=EDGE_CURVE('',#1497,#1496,#674,.T.);
#1870=EDGE_CURVE('',#1498,#1497,#64,.T.);
#1871=EDGE_CURVE('',#1498,#1499,#675,.T.);
#1872=EDGE_CURVE('',#1490,#1499,#65,.T.);
#1873=EDGE_CURVE('',#1459,#1500,#676,.T.);
#1874=EDGE_CURVE('',#1501,#1500,#677,.T.);
#1875=EDGE_CURVE('',#1501,#1502,#678,.T.);
#1876=EDGE_CURVE('',#1503,#1502,#679,.T.);
#1877=EDGE_CURVE('',#1503,#1504,#680,.T.);
#1878=EDGE_CURVE('',#1495,#1504,#681,.T.);
#1879=EDGE_CURVE('',#1440,#1505,#682,.T.);
#1880=EDGE_CURVE('',#1500,#1505,#683,.T.);
#1881=EDGE_CURVE('',#1439,#1506,#684,.T.);
#1882=EDGE_CURVE('',#1507,#1506,#685,.T.);
#1883=EDGE_CURVE('',#1508,#1507,#686,.T.);
#1884=EDGE_CURVE('',#1509,#1508,#687,.T.);
#1885=EDGE_CURVE('',#1510,#1509,#688,.T.);
#1886=EDGE_CURVE('',#1505,#1510,#689,.T.);
#1887=EDGE_CURVE('',#1511,#1469,#690,.T.);
#1888=EDGE_CURVE('',#1512,#1511,#66,.T.);
#1889=EDGE_CURVE('',#1513,#1512,#691,.T.);
#1890=EDGE_CURVE('',#1514,#1513,#67,.T.);
#1891=EDGE_CURVE('',#1514,#1515,#692,.T.);
#1892=EDGE_CURVE('',#1506,#1515,#68,.T.);
#1893=EDGE_CURVE('',#1470,#1516,#693,.T.);
#1894=EDGE_CURVE('',#1517,#1516,#694,.T.);
#1895=EDGE_CURVE('',#1517,#1518,#695,.T.);
#1896=EDGE_CURVE('',#1518,#1519,#696,.T.);
#1897=EDGE_CURVE('',#1519,#1520,#697,.T.);
#1898=EDGE_CURVE('',#1511,#1520,#698,.T.);
#1899=EDGE_CURVE('',#1516,#1375,#699,.T.);
#1900=EDGE_CURVE('',#1477,#1521,#700,.T.);
#1901=EDGE_CURVE('',#1521,#1522,#701,.T.);
#1902=EDGE_CURVE('',#1523,#1522,#702,.T.);
#1903=EDGE_CURVE('',#1523,#1524,#703,.T.);
#1904=EDGE_CURVE('',#1409,#1524,#704,.T.);
#1905=EDGE_CURVE('',#1423,#1411,#705,.T.);
#1906=EDGE_CURVE('',#1410,#1525,#706,.T.);
#1907=EDGE_CURVE('',#1525,#1526,#707,.T.);
#1908=EDGE_CURVE('',#1526,#1527,#708,.T.);
#1909=EDGE_CURVE('',#1527,#1528,#709,.T.);
#1910=EDGE_CURVE('',#1528,#1424,#710,.T.);
#1911=EDGE_CURVE('',#1430,#1415,#711,.T.);
#1912=EDGE_CURVE('',#1414,#1529,#712,.T.);
#1913=EDGE_CURVE('',#1529,#1530,#713,.T.);
#1914=EDGE_CURVE('',#1530,#1531,#714,.T.);
#1915=EDGE_CURVE('',#1531,#1532,#715,.T.);
#1916=EDGE_CURVE('',#1532,#1431,#716,.T.);
#1917=EDGE_CURVE('',#1419,#1462,#717,.T.);
#1918=EDGE_CURVE('',#1418,#1533,#718,.T.);
#1919=EDGE_CURVE('',#1534,#1533,#719,.T.);
#1920=EDGE_CURVE('',#1534,#1535,#720,.T.);
#1921=EDGE_CURVE('',#1535,#1536,#721,.T.);
#1922=EDGE_CURVE('',#1463,#1536,#722,.T.);
#1923=EDGE_CURVE('',#1537,#1483,#723,.T.);
#1924=EDGE_CURVE('',#1538,#1537,#724,.T.);
#1925=EDGE_CURVE('',#1539,#1538,#725,.T.);
#1926=EDGE_CURVE('',#1540,#1539,#726,.T.);
#1927=EDGE_CURVE('',#1540,#1541,#727,.T.);
#1928=EDGE_CURVE('',#1541,#1454,#728,.T.);
#1929=EDGE_CURVE('',#1518,#1509,#729,.T.);
#1930=EDGE_CURVE('',#1517,#1510,#730,.T.);
#1931=EDGE_CURVE('',#1541,#1344,#731,.T.);
#1932=EDGE_CURVE('',#1485,#1540,#732,.T.);
#1933=EDGE_CURVE('',#1501,#1494,#733,.T.);
#1934=EDGE_CURVE('',#1381,#1342,#734,.T.);
#1935=EDGE_CURVE('',#1486,#1539,#735,.T.);
#1936=EDGE_CURVE('',#1502,#1493,#736,.T.);
#1937=EDGE_CURVE('',#1542,#1528,#69,.T.);
#1938=EDGE_CURVE('',#1543,#1542,#737,.T.);
#1939=EDGE_CURVE('',#1544,#1543,#70,.T.);
#1940=EDGE_CURVE('',#1544,#1545,#738,.T.);
#1941=EDGE_CURVE('',#1521,#1545,#71,.T.);
#1942=EDGE_CURVE('',#1524,#1525,#739,.T.);
#1943=EDGE_CURVE('',#1473,#1546,#740,.T.);
#1944=EDGE_CURVE('',#1546,#1547,#741,.T.);
#1945=EDGE_CURVE('',#1548,#1547,#742,.T.);
#1946=EDGE_CURVE('',#1548,#1549,#743,.T.);
#1947=EDGE_CURVE('',#1413,#1549,#744,.T.);
#1948=EDGE_CURVE('',#1475,#1412,#745,.T.);
#1949=EDGE_CURVE('',#1550,#1532,#72,.T.);
#1950=EDGE_CURVE('',#1551,#1550,#746,.T.);
#1951=EDGE_CURVE('',#1552,#1551,#73,.T.);
#1952=EDGE_CURVE('',#1552,#1553,#747,.T.);
#1953=EDGE_CURVE('',#1546,#1553,#74,.T.);
#1954=EDGE_CURVE('',#1549,#1529,#748,.T.);
#1955=EDGE_CURVE('',#1554,#1536,#75,.T.);
#1956=EDGE_CURVE('',#1555,#1554,#749,.T.);
#1957=EDGE_CURVE('',#1556,#1555,#76,.T.);
#1958=EDGE_CURVE('',#1556,#1557,#750,.T.);
#1959=EDGE_CURVE('',#1558,#1557,#77,.T.);
#1960=EDGE_CURVE('',#1465,#1558,#751,.T.);
#1961=EDGE_CURVE('',#1417,#1559,#752,.T.);
#1962=EDGE_CURVE('',#1533,#1559,#753,.T.);
#1963=EDGE_CURVE('',#1560,#1390,#754,.T.);
#1964=EDGE_CURVE('',#1355,#1560,#755,.T.);
#1965=EDGE_CURVE('',#1387,#1561,#756,.T.);
#1966=EDGE_CURVE('',#1561,#1397,#757,.T.);
#1967=EDGE_CURVE('',#1562,#1560,#78,.T.);
#1968=EDGE_CURVE('',#1356,#1562,#758,.T.);
#1969=EDGE_CURVE('',#1561,#1563,#79,.T.);
#1970=EDGE_CURVE('',#1563,#1396,#759,.T.);
#1971=EDGE_CURVE('',#1564,#1562,#760,.T.);
#1972=EDGE_CURVE('',#1357,#1564,#761,.T.);
#1973=EDGE_CURVE('',#1563,#1565,#762,.T.);
#1974=EDGE_CURVE('',#1565,#1395,#763,.T.);
#1975=EDGE_CURVE('',#1368,#1564,#764,.T.);
#1976=EDGE_CURVE('',#1565,#1371,#765,.T.);
#1977=EDGE_CURVE('',#1566,#1370,#80,.T.);
#1978=EDGE_CURVE('',#1567,#1566,#766,.T.);
#1979=EDGE_CURVE('',#1568,#1567,#767,.T.);
#1980=EDGE_CURVE('',#1569,#1568,#768,.T.);
#1981=EDGE_CURVE('',#1388,#1569,#81,.T.);
#1982=EDGE_CURVE('',#1570,#1571,#769,.T.);
#1983=EDGE_CURVE('',#1571,#1569,#770,.T.);
#1984=EDGE_CURVE('',#1570,#1568,#771,.T.);
#1985=EDGE_CURVE('',#1571,#1389,#82,.T.);
#1986=EDGE_CURVE('',#1369,#1572,#83,.T.);
#1987=EDGE_CURVE('',#1572,#1566,#772,.T.);
#1988=EDGE_CURVE('',#1573,#1572,#773,.T.);
#1989=EDGE_CURVE('',#1573,#1567,#774,.T.);
#1990=EDGE_CURVE('',#1573,#1570,#775,.T.);
#1991=EDGE_CURVE('',#1337,#1383,#776,.T.);
#1992=EDGE_CURVE('',#1574,#1574,#84,.T.);
#1993=EDGE_CURVE('',#1575,#1575,#85,.T.);
#1994=EDGE_CURVE('',#1576,#1576,#86,.T.);
#1995=EDGE_CURVE('',#1416,#1467,#777,.T.);
#1996=EDGE_CURVE('',#1559,#1577,#778,.T.);
#1997=EDGE_CURVE('',#1577,#1534,#779,.T.);
#1998=EDGE_CURVE('',#1558,#1578,#780,.T.);
#1999=EDGE_CURVE('',#1577,#1578,#781,.T.);
#2000=EDGE_CURVE('',#1523,#1526,#782,.T.);
#2001=EDGE_CURVE('',#1548,#1530,#783,.T.);
#2002=EDGE_CURVE('',#1578,#1579,#784,.T.);
#2003=EDGE_CURVE('',#1579,#1580,#785,.T.);
#2004=EDGE_CURVE('',#1580,#1581,#786,.T.);
#2005=EDGE_CURVE('',#1581,#1582,#787,.T.);
#2006=EDGE_CURVE('',#1583,#1582,#788,.T.);
#2007=EDGE_CURVE('',#1583,#1535,#789,.T.);
#2008=EDGE_CURVE('',#1554,#1584,#790,.T.);
#2009=EDGE_CURVE('',#1583,#1584,#791,.T.);
#2010=EDGE_CURVE('',#1585,#1557,#792,.T.);
#2011=EDGE_CURVE('',#1585,#1579,#793,.T.);
#2012=EDGE_CURVE('',#1405,#1586,#794,.T.);
#2013=EDGE_CURVE('',#1586,#1587,#87,.T.);
#2014=EDGE_CURVE('',#1587,#1588,#88,.T.);
#2015=EDGE_CURVE('',#1588,#1589,#89,.T.);
#2016=EDGE_CURVE('',#1589,#1586,#90,.T.);
#2017=EDGE_CURVE('',#1406,#1590,#795,.T.);
#2018=EDGE_CURVE('',#1590,#1591,#91,.T.);
#2019=EDGE_CURVE('',#1591,#1592,#92,.T.);
#2020=EDGE_CURVE('',#1592,#1593,#93,.T.);
#2021=EDGE_CURVE('',#1593,#1590,#94,.T.);
#2022=EDGE_CURVE('',#1407,#1594,#796,.T.);
#2023=EDGE_CURVE('',#1594,#1595,#95,.T.);
#2024=EDGE_CURVE('',#1595,#1581,#96,.T.);
#2025=EDGE_CURVE('',#1581,#1596,#97,.T.);
#2026=EDGE_CURVE('',#1596,#1594,#98,.T.);
#2027=EDGE_CURVE('',#1522,#1597,#797,.T.);
#2028=EDGE_CURVE('',#1597,#1598,#798,.T.);
#2029=EDGE_CURVE('',#1598,#1588,#799,.T.);
#2030=EDGE_CURVE('',#1588,#1599,#800,.T.);
#2031=EDGE_CURVE('',#1600,#1599,#801,.T.);
#2032=EDGE_CURVE('',#1600,#1527,#802,.T.);
#2033=EDGE_CURVE('',#1601,#1545,#803,.T.);
#2034=EDGE_CURVE('',#1601,#1597,#804,.T.);
#2035=EDGE_CURVE('',#1542,#1602,#805,.T.);
#2036=EDGE_CURVE('',#1600,#1602,#806,.T.);
#2037=EDGE_CURVE('',#1547,#1603,#807,.T.);
#2038=EDGE_CURVE('',#1603,#1604,#808,.T.);
#2039=EDGE_CURVE('',#1604,#1592,#809,.T.);
#2040=EDGE_CURVE('',#1592,#1605,#810,.T.);
#2041=EDGE_CURVE('',#1606,#1605,#811,.T.);
#2042=EDGE_CURVE('',#1606,#1531,#812,.T.);
#2043=EDGE_CURVE('',#1606,#1607,#813,.T.);
#2044=EDGE_CURVE('',#1607,#1550,#814,.T.);
#2045=EDGE_CURVE('',#1608,#1603,#815,.T.);
#2046=EDGE_CURVE('',#1553,#1608,#816,.T.);
#2047=EDGE_CURVE('',#1585,#1609,#817,.T.);
#2048=EDGE_CURVE('',#1609,#1596,#818,.T.);
#2049=EDGE_CURVE('',#1596,#1580,#819,.T.);
#2050=EDGE_CURVE('',#1582,#1595,#820,.T.);
#2051=EDGE_CURVE('',#1595,#1610,#821,.T.);
#2052=EDGE_CURVE('',#1584,#1610,#822,.T.);
#2053=EDGE_CURVE('',#1555,#1556,#823,.T.);
#2054=EDGE_CURVE('',#1610,#1594,#824,.T.);
#2055=EDGE_CURVE('',#1594,#1609,#825,.T.);
#2056=EDGE_CURVE('',#1586,#1611,#826,.T.);
#2057=EDGE_CURVE('',#1611,#1589,#827,.T.);
#2058=EDGE_CURVE('',#1612,#1586,#828,.T.);
#2059=EDGE_CURVE('',#1587,#1612,#829,.T.);
#2060=EDGE_CURVE('',#1599,#1587,#830,.T.);
#2061=EDGE_CURVE('',#1589,#1598,#831,.T.);
#2062=EDGE_CURVE('',#1590,#1613,#832,.T.);
#2063=EDGE_CURVE('',#1613,#1593,#833,.T.);
#2064=EDGE_CURVE('',#1614,#1590,#834,.T.);
#2065=EDGE_CURVE('',#1591,#1614,#835,.T.);
#2066=EDGE_CURVE('',#1605,#1591,#836,.T.);
#2067=EDGE_CURVE('',#1593,#1604,#837,.T.);
#2068=EDGE_CURVE('',#1601,#1611,#838,.T.);
#2069=EDGE_CURVE('',#1602,#1612,#839,.T.);
#2070=EDGE_CURVE('',#1543,#1544,#840,.T.);
#2071=EDGE_CURVE('',#1608,#1613,#841,.T.);
#2072=EDGE_CURVE('',#1607,#1614,#842,.T.);
#2073=EDGE_CURVE('',#1552,#1551,#843,.T.);
#2074=EDGE_CURVE('',#1487,#1538,#844,.T.);
#2075=EDGE_CURVE('',#1615,#1537,#845,.T.);
#2076=EDGE_CURVE('',#1615,#1616,#846,.T.);
#2077=EDGE_CURVE('',#1616,#1617,#847,.T.);
#2078=EDGE_CURVE('',#1617,#1618,#848,.T.);
#2079=EDGE_CURVE('',#1619,#1618,#849,.T.);
#2080=EDGE_CURVE('',#1488,#1619,#850,.T.);
#2081=EDGE_CURVE('',#1620,#1615,#851,.T.);
#2082=EDGE_CURVE('',#1482,#1620,#852,.T.);
#2083=EDGE_CURVE('',#1619,#1621,#853,.T.);
#2084=EDGE_CURVE('',#1621,#1479,#854,.T.);
#2085=EDGE_CURVE('',#1481,#1480,#855,.T.);
#2086=EDGE_CURVE('',#1621,#1622,#856,.T.);
#2087=EDGE_CURVE('',#1622,#1623,#857,.T.);
#2088=EDGE_CURVE('',#1623,#1624,#858,.T.);
#2089=EDGE_CURVE('',#1620,#1624,#859,.T.);
#2090=EDGE_CURVE('',#1503,#1492,#860,.T.);
#2091=EDGE_CURVE('',#1625,#1491,#861,.T.);
#2092=EDGE_CURVE('',#1625,#1626,#862,.T.);
#2093=EDGE_CURVE('',#1626,#1627,#863,.T.);
#2094=EDGE_CURVE('',#1627,#1628,#864,.T.);
#2095=EDGE_CURVE('',#1629,#1628,#865,.T.);
#2096=EDGE_CURVE('',#1504,#1629,#866,.T.);
#2097=EDGE_CURVE('',#1630,#1625,#867,.T.);
#2098=EDGE_CURVE('',#1630,#1499,#868,.T.);
#2099=EDGE_CURVE('',#1496,#1631,#869,.T.);
#2100=EDGE_CURVE('',#1629,#1631,#870,.T.);
#2101=EDGE_CURVE('',#1497,#1498,#871,.T.);
#2102=EDGE_CURVE('',#1631,#1632,#872,.T.);
#2103=EDGE_CURVE('',#1632,#1633,#873,.T.);
#2104=EDGE_CURVE('',#1633,#1634,#874,.T.);
#2105=EDGE_CURVE('',#1630,#1634,#875,.T.);
#2106=EDGE_CURVE('',#1519,#1508,#876,.T.);
#2107=EDGE_CURVE('',#1635,#1507,#877,.T.);
#2108=EDGE_CURVE('',#1635,#1636,#878,.T.);
#2109=EDGE_CURVE('',#1636,#1637,#879,.T.);
#2110=EDGE_CURVE('',#1637,#1638,#880,.T.);
#2111=EDGE_CURVE('',#1639,#1638,#881,.T.);
#2112=EDGE_CURVE('',#1520,#1639,#882,.T.);
#2113=EDGE_CURVE('',#1640,#1635,#883,.T.);
#2114=EDGE_CURVE('',#1640,#1515,#884,.T.);
#2115=EDGE_CURVE('',#1512,#1641,#885,.T.);
#2116=EDGE_CURVE('',#1639,#1641,#886,.T.);
#2117=EDGE_CURVE('',#1513,#1514,#887,.T.);
#2118=EDGE_CURVE('',#1641,#1642,#888,.T.);
#2119=EDGE_CURVE('',#1642,#1643,#889,.T.);
#2120=EDGE_CURVE('',#1643,#1644,#890,.T.);
#2121=EDGE_CURVE('',#1640,#1644,#891,.T.);
#2122=EDGE_CURVE('',#1576,#1637,#892,.T.);
#2123=EDGE_CURVE('',#1637,#1645,#99,.T.);
#2124=EDGE_CURVE('',#1645,#1643,#100,.T.);
#2125=EDGE_CURVE('',#1643,#1646,#101,.T.);
#2126=EDGE_CURVE('',#1646,#1637,#102,.T.);
#2127=EDGE_CURVE('',#1575,#1627,#893,.T.);
#2128=EDGE_CURVE('',#1627,#1647,#103,.T.);
#2129=EDGE_CURVE('',#1647,#1633,#104,.T.);
#2130=EDGE_CURVE('',#1633,#1648,#105,.T.);
#2131=EDGE_CURVE('',#1648,#1627,#106,.T.);
#2132=EDGE_CURVE('',#1574,#1617,#894,.T.);
#2133=EDGE_CURVE('',#1617,#1649,#107,.T.);
#2134=EDGE_CURVE('',#1649,#1623,#108,.T.);
#2135=EDGE_CURVE('',#1623,#1650,#109,.T.);
#2136=EDGE_CURVE('',#1650,#1617,#110,.T.);
#2137=EDGE_CURVE('',#1624,#1649,#895,.T.);
#2138=EDGE_CURVE('',#1649,#1616,#896,.T.);
#2139=EDGE_CURVE('',#1618,#1650,#897,.T.);
#2140=EDGE_CURVE('',#1650,#1622,#898,.T.);
#2141=EDGE_CURVE('',#1634,#1647,#899,.T.);
#2142=EDGE_CURVE('',#1647,#1626,#900,.T.);
#2143=EDGE_CURVE('',#1628,#1648,#901,.T.);
#2144=EDGE_CURVE('',#1648,#1632,#902,.T.);
#2145=EDGE_CURVE('',#1644,#1645,#903,.T.);
#2146=EDGE_CURVE('',#1645,#1636,#904,.T.);
#2147=EDGE_CURVE('',#1638,#1646,#905,.T.);
#2148=EDGE_CURVE('',#1646,#1642,#906,.T.);
#2149=ORIENTED_EDGE('',*,*,#1651,.T.);
#2150=ORIENTED_EDGE('',*,*,#1652,.T.);
#2151=ORIENTED_EDGE('',*,*,#1653,.T.);
#2152=ORIENTED_EDGE('',*,*,#1654,.T.);
#2153=ORIENTED_EDGE('',*,*,#1655,.T.);
#2154=ORIENTED_EDGE('',*,*,#1656,.T.);
#2155=ORIENTED_EDGE('',*,*,#1657,.T.);
#2156=ORIENTED_EDGE('',*,*,#1654,.F.);
#2157=ORIENTED_EDGE('',*,*,#1658,.T.);
#2158=ORIENTED_EDGE('',*,*,#1659,.T.);
#2159=ORIENTED_EDGE('',*,*,#1660,.T.);
#2160=ORIENTED_EDGE('',*,*,#1656,.F.);
#2161=ORIENTED_EDGE('',*,*,#1661,.T.);
#2162=ORIENTED_EDGE('',*,*,#1662,.T.);
#2163=ORIENTED_EDGE('',*,*,#1663,.T.);
#2164=ORIENTED_EDGE('',*,*,#1664,.T.);
#2165=ORIENTED_EDGE('',*,*,#1659,.F.);
#2166=ORIENTED_EDGE('',*,*,#1663,.F.);
#2167=ORIENTED_EDGE('',*,*,#1665,.F.);
#2168=ORIENTED_EDGE('',*,*,#1666,.T.);
#2169=ORIENTED_EDGE('',*,*,#1667,.T.);
#2170=ORIENTED_EDGE('',*,*,#1668,.T.);
#2171=ORIENTED_EDGE('',*,*,#1662,.F.);
#2172=ORIENTED_EDGE('',*,*,#1669,.T.);
#2173=ORIENTED_EDGE('',*,*,#1670,.F.);
#2174=ORIENTED_EDGE('',*,*,#1671,.T.);
#2175=ORIENTED_EDGE('',*,*,#1672,.T.);
#2176=ORIENTED_EDGE('',*,*,#1665,.T.);
#2177=ORIENTED_EDGE('',*,*,#1661,.F.);
#2178=ORIENTED_EDGE('',*,*,#1658,.F.);
#2179=ORIENTED_EDGE('',*,*,#1655,.F.);
#2180=ORIENTED_EDGE('',*,*,#1653,.F.);
#2181=ORIENTED_EDGE('',*,*,#1673,.T.);
#2182=ORIENTED_EDGE('',*,*,#1674,.T.);
#2183=ORIENTED_EDGE('',*,*,#1675,.T.);
#2184=ORIENTED_EDGE('',*,*,#1676,.T.);
#2185=ORIENTED_EDGE('',*,*,#1677,.T.);
#2186=ORIENTED_EDGE('',*,*,#1678,.T.);
#2187=ORIENTED_EDGE('',*,*,#1679,.F.);
#2188=ORIENTED_EDGE('',*,*,#1680,.F.);
#2189=ORIENTED_EDGE('',*,*,#1681,.F.);
#2190=ORIENTED_EDGE('',*,*,#1682,.F.);
#2191=ORIENTED_EDGE('',*,*,#1669,.F.);
#2192=ORIENTED_EDGE('',*,*,#1683,.T.);
#2193=ORIENTED_EDGE('',*,*,#1684,.T.);
#2194=ORIENTED_EDGE('',*,*,#1670,.T.);
#2195=ORIENTED_EDGE('',*,*,#1682,.T.);
#2196=ORIENTED_EDGE('',*,*,#1685,.T.);
#2197=ORIENTED_EDGE('',*,*,#1681,.T.);
#2198=ORIENTED_EDGE('',*,*,#1686,.T.);
#2199=ORIENTED_EDGE('',*,*,#1687,.T.);
#2200=ORIENTED_EDGE('',*,*,#1685,.F.);
#2201=ORIENTED_EDGE('',*,*,#1680,.T.);
#2202=ORIENTED_EDGE('',*,*,#1688,.T.);
#2203=ORIENTED_EDGE('',*,*,#1689,.T.);
#2204=ORIENTED_EDGE('',*,*,#1686,.F.);
#2205=ORIENTED_EDGE('',*,*,#1679,.T.);
#2206=ORIENTED_EDGE('',*,*,#1690,.T.);
#2207=ORIENTED_EDGE('',*,*,#1691,.T.);
#2208=ORIENTED_EDGE('',*,*,#1688,.F.);
#2209=ORIENTED_EDGE('',*,*,#1690,.F.);
#2210=ORIENTED_EDGE('',*,*,#1678,.F.);
#2211=ORIENTED_EDGE('',*,*,#1692,.T.);
#2212=ORIENTED_EDGE('',*,*,#1693,.F.);
#2213=ORIENTED_EDGE('',*,*,#1694,.T.);
#2214=ORIENTED_EDGE('',*,*,#1695,.T.);
#2215=ORIENTED_EDGE('',*,*,#1696,.T.);
#2216=ORIENTED_EDGE('',*,*,#1697,.F.);
#2217=ORIENTED_EDGE('',*,*,#1698,.F.);
#2218=ORIENTED_EDGE('',*,*,#1699,.F.);
#2219=ORIENTED_EDGE('',*,*,#1700,.T.);
#2220=ORIENTED_EDGE('',*,*,#1701,.T.);
#2221=ORIENTED_EDGE('',*,*,#1702,.T.);
#2222=ORIENTED_EDGE('',*,*,#1703,.T.);
#2223=ORIENTED_EDGE('',*,*,#1704,.T.);
#2224=ORIENTED_EDGE('',*,*,#1705,.T.);
#2225=ORIENTED_EDGE('',*,*,#1706,.T.);
#2226=ORIENTED_EDGE('',*,*,#1707,.T.);
#2227=ORIENTED_EDGE('',*,*,#1704,.F.);
#2228=ORIENTED_EDGE('',*,*,#1708,.T.);
#2229=ORIENTED_EDGE('',*,*,#1709,.T.);
#2230=ORIENTED_EDGE('',*,*,#1710,.T.);
#2231=ORIENTED_EDGE('',*,*,#1706,.F.);
#2232=ORIENTED_EDGE('',*,*,#1711,.T.);
#2233=ORIENTED_EDGE('',*,*,#1712,.T.);
#2234=ORIENTED_EDGE('',*,*,#1713,.T.);
#2235=ORIENTED_EDGE('',*,*,#1709,.F.);
#2236=ORIENTED_EDGE('',*,*,#1652,.F.);
#2237=ORIENTED_EDGE('',*,*,#1714,.F.);
#2238=ORIENTED_EDGE('',*,*,#1712,.F.);
#2239=ORIENTED_EDGE('',*,*,#1715,.F.);
#2240=ORIENTED_EDGE('',*,*,#1716,.F.);
#2241=ORIENTED_EDGE('',*,*,#1717,.T.);
#2242=ORIENTED_EDGE('',*,*,#1718,.F.);
#2243=ORIENTED_EDGE('',*,*,#1719,.T.);
#2244=ORIENTED_EDGE('',*,*,#1720,.F.);
#2245=ORIENTED_EDGE('',*,*,#1673,.F.);
#2246=ORIENTED_EDGE('',*,*,#1711,.F.);
#2247=ORIENTED_EDGE('',*,*,#1708,.F.);
#2248=ORIENTED_EDGE('',*,*,#1705,.F.);
#2249=ORIENTED_EDGE('',*,*,#1703,.F.);
#2250=ORIENTED_EDGE('',*,*,#1721,.F.);
#2251=ORIENTED_EDGE('',*,*,#1722,.F.);
#2252=ORIENTED_EDGE('',*,*,#1723,.F.);
#2253=ORIENTED_EDGE('',*,*,#1724,.F.);
#2254=ORIENTED_EDGE('',*,*,#1725,.F.);
#2255=ORIENTED_EDGE('',*,*,#1697,.T.);
#2256=ORIENTED_EDGE('',*,*,#1726,.T.);
#2257=ORIENTED_EDGE('',*,*,#1727,.T.);
#2258=ORIENTED_EDGE('',*,*,#1728,.T.);
#2259=ORIENTED_EDGE('',*,*,#1729,.T.);
#2260=ORIENTED_EDGE('',*,*,#1715,.T.);
#2261=ORIENTED_EDGE('',*,*,#1702,.F.);
#2262=ORIENTED_EDGE('',*,*,#1730,.T.);
#2263=ORIENTED_EDGE('',*,*,#1731,.T.);
#2264=ORIENTED_EDGE('',*,*,#1732,.T.);
#2265=ORIENTED_EDGE('',*,*,#1733,.F.);
#2266=ORIENTED_EDGE('',*,*,#1721,.T.);
#2267=ORIENTED_EDGE('',*,*,#1734,.T.);
#2268=ORIENTED_EDGE('',*,*,#1698,.T.);
#2269=ORIENTED_EDGE('',*,*,#1725,.T.);
#2270=ORIENTED_EDGE('',*,*,#1735,.T.);
#2271=ORIENTED_EDGE('',*,*,#1736,.T.);
#2272=ORIENTED_EDGE('',*,*,#1735,.F.);
#2273=ORIENTED_EDGE('',*,*,#1724,.T.);
#2274=ORIENTED_EDGE('',*,*,#1737,.T.);
#2275=ORIENTED_EDGE('',*,*,#1738,.T.);
#2276=ORIENTED_EDGE('',*,*,#1737,.F.);
#2277=ORIENTED_EDGE('',*,*,#1723,.T.);
#2278=ORIENTED_EDGE('',*,*,#1739,.T.);
#2279=ORIENTED_EDGE('',*,*,#1722,.T.);
#2280=ORIENTED_EDGE('',*,*,#1733,.T.);
#2281=ORIENTED_EDGE('',*,*,#1740,.T.);
#2282=ORIENTED_EDGE('',*,*,#1741,.T.);
#2283=ORIENTED_EDGE('',*,*,#1739,.F.);
#2284=ORIENTED_EDGE('',*,*,#1691,.F.);
#2285=ORIENTED_EDGE('',*,*,#1699,.T.);
#2286=ORIENTED_EDGE('',*,*,#1734,.F.);
#2287=ORIENTED_EDGE('',*,*,#1742,.T.);
#2288=ORIENTED_EDGE('',*,*,#1743,.T.);
#2289=ORIENTED_EDGE('',*,*,#1744,.T.);
#2290=ORIENTED_EDGE('',*,*,#1745,.T.);
#2291=ORIENTED_EDGE('',*,*,#1689,.F.);
#2292=ORIENTED_EDGE('',*,*,#1742,.F.);
#2293=ORIENTED_EDGE('',*,*,#1736,.F.);
#2294=ORIENTED_EDGE('',*,*,#1746,.T.);
#2295=ORIENTED_EDGE('',*,*,#1687,.F.);
#2296=ORIENTED_EDGE('',*,*,#1746,.F.);
#2297=ORIENTED_EDGE('',*,*,#1738,.F.);
#2298=ORIENTED_EDGE('',*,*,#1747,.F.);
#2299=ORIENTED_EDGE('',*,*,#1748,.T.);
#2300=ORIENTED_EDGE('',*,*,#1749,.F.);
#2301=ORIENTED_EDGE('',*,*,#1750,.T.);
#2302=ORIENTED_EDGE('',*,*,#1751,.F.);
#2303=ORIENTED_EDGE('',*,*,#1752,.T.);
#2304=ORIENTED_EDGE('',*,*,#1753,.F.);
#2305=ORIENTED_EDGE('',*,*,#1754,.T.);
#2306=ORIENTED_EDGE('',*,*,#1755,.F.);
#2307=ORIENTED_EDGE('',*,*,#1756,.F.);
#2308=ORIENTED_EDGE('',*,*,#1757,.F.);
#2309=ORIENTED_EDGE('',*,*,#1758,.T.);
#2310=ORIENTED_EDGE('',*,*,#1759,.T.);
#2311=ORIENTED_EDGE('',*,*,#1741,.F.);
#2312=ORIENTED_EDGE('',*,*,#1760,.F.);
#2313=ORIENTED_EDGE('',*,*,#1761,.F.);
#2314=ORIENTED_EDGE('',*,*,#1762,.T.);
#2315=ORIENTED_EDGE('',*,*,#1747,.T.);
#2316=ORIENTED_EDGE('',*,*,#1740,.F.);
#2317=ORIENTED_EDGE('',*,*,#1732,.F.);
#2318=ORIENTED_EDGE('',*,*,#1763,.T.);
#2319=ORIENTED_EDGE('',*,*,#1764,.T.);
#2320=ORIENTED_EDGE('',*,*,#1760,.T.);
#2321=ORIENTED_EDGE('',*,*,#1765,.T.);
#2322=ORIENTED_EDGE('',*,*,#1766,.T.);
#2323=ORIENTED_EDGE('',*,*,#1767,.T.);
#2324=ORIENTED_EDGE('',*,*,#1768,.T.);
#2325=ORIENTED_EDGE('',*,*,#1769,.T.);
#2326=ORIENTED_EDGE('',*,*,#1770,.T.);
#2327=ORIENTED_EDGE('',*,*,#1771,.T.);
#2328=ORIENTED_EDGE('',*,*,#1772,.T.);
#2329=ORIENTED_EDGE('',*,*,#1768,.F.);
#2330=ORIENTED_EDGE('',*,*,#1773,.T.);
#2331=ORIENTED_EDGE('',*,*,#1774,.T.);
#2332=ORIENTED_EDGE('',*,*,#1775,.T.);
#2333=ORIENTED_EDGE('',*,*,#1776,.T.);
#2334=ORIENTED_EDGE('',*,*,#1777,.T.);
#2335=ORIENTED_EDGE('',*,*,#1778,.T.);
#2336=ORIENTED_EDGE('',*,*,#1779,.T.);
#2337=ORIENTED_EDGE('',*,*,#1780,.T.);
#2338=ORIENTED_EDGE('',*,*,#1776,.F.);
#2339=ORIENTED_EDGE('',*,*,#1781,.T.);
#2340=ORIENTED_EDGE('',*,*,#1782,.T.);
#2341=ORIENTED_EDGE('',*,*,#1783,.T.);
#2342=ORIENTED_EDGE('',*,*,#1784,.T.);
#2343=ORIENTED_EDGE('',*,*,#1785,.T.);
#2344=ORIENTED_EDGE('',*,*,#1786,.T.);
#2345=ORIENTED_EDGE('',*,*,#1787,.T.);
#2346=ORIENTED_EDGE('',*,*,#1788,.T.);
#2347=ORIENTED_EDGE('',*,*,#1789,.T.);
#2348=ORIENTED_EDGE('',*,*,#1790,.T.);
#2349=ORIENTED_EDGE('',*,*,#1791,.T.);
#2350=ORIENTED_EDGE('',*,*,#1792,.T.);
#2351=ORIENTED_EDGE('',*,*,#1793,.T.);
#2352=ORIENTED_EDGE('',*,*,#1794,.T.);
#2353=ORIENTED_EDGE('',*,*,#1795,.T.);
#2354=ORIENTED_EDGE('',*,*,#1793,.F.);
#2355=ORIENTED_EDGE('',*,*,#1796,.T.);
#2356=ORIENTED_EDGE('',*,*,#1797,.T.);
#2357=ORIENTED_EDGE('',*,*,#1798,.T.);
#2358=ORIENTED_EDGE('',*,*,#1799,.T.);
#2359=ORIENTED_EDGE('',*,*,#1791,.F.);
#2360=ORIENTED_EDGE('',*,*,#1800,.T.);
#2361=ORIENTED_EDGE('',*,*,#1801,.T.);
#2362=ORIENTED_EDGE('',*,*,#1667,.F.);
#2363=ORIENTED_EDGE('',*,*,#1802,.T.);
#2364=ORIENTED_EDGE('',*,*,#1797,.F.);
#2365=ORIENTED_EDGE('',*,*,#1803,.T.);
#2366=ORIENTED_EDGE('',*,*,#1790,.F.);
#2367=ORIENTED_EDGE('',*,*,#1787,.F.);
#2368=ORIENTED_EDGE('',*,*,#1804,.T.);
#2369=ORIENTED_EDGE('',*,*,#1805,.T.);
#2370=ORIENTED_EDGE('',*,*,#1806,.T.);
#2371=ORIENTED_EDGE('',*,*,#1684,.F.);
#2372=ORIENTED_EDGE('',*,*,#1807,.T.);
#2373=ORIENTED_EDGE('',*,*,#1808,.T.);
#2374=ORIENTED_EDGE('',*,*,#1809,.T.);
#2375=ORIENTED_EDGE('',*,*,#1671,.F.);
#2376=ORIENTED_EDGE('',*,*,#1810,.T.);
#2377=ORIENTED_EDGE('',*,*,#1805,.F.);
#2378=ORIENTED_EDGE('',*,*,#1811,.T.);
#2379=ORIENTED_EDGE('',*,*,#1812,.T.);
#2380=ORIENTED_EDGE('',*,*,#1813,.T.);
#2381=ORIENTED_EDGE('',*,*,#1814,.T.);
#2382=ORIENTED_EDGE('',*,*,#1815,.T.);
#2383=ORIENTED_EDGE('',*,*,#1816,.T.);
#2384=ORIENTED_EDGE('',*,*,#1808,.F.);
#2385=ORIENTED_EDGE('',*,*,#1817,.T.);
#2386=ORIENTED_EDGE('',*,*,#1818,.T.);
#2387=ORIENTED_EDGE('',*,*,#1812,.F.);
#2388=ORIENTED_EDGE('',*,*,#1819,.T.);
#2389=ORIENTED_EDGE('',*,*,#1785,.F.);
#2390=ORIENTED_EDGE('',*,*,#1820,.T.);
#2391=ORIENTED_EDGE('',*,*,#1821,.T.);
#2392=ORIENTED_EDGE('',*,*,#1815,.F.);
#2393=ORIENTED_EDGE('',*,*,#1822,.T.);
#2394=ORIENTED_EDGE('',*,*,#1823,.T.);
#2395=ORIENTED_EDGE('',*,*,#1820,.F.);
#2396=ORIENTED_EDGE('',*,*,#1824,.T.);
#2397=ORIENTED_EDGE('',*,*,#1825,.T.);
#2398=ORIENTED_EDGE('',*,*,#1779,.F.);
#2399=ORIENTED_EDGE('',*,*,#1782,.F.);
#2400=ORIENTED_EDGE('',*,*,#1826,.T.);
#2401=ORIENTED_EDGE('',*,*,#1827,.T.);
#2402=ORIENTED_EDGE('',*,*,#1828,.T.);
#2403=ORIENTED_EDGE('',*,*,#1829,.T.);
#2404=ORIENTED_EDGE('',*,*,#1827,.F.);
#2405=ORIENTED_EDGE('',*,*,#1830,.T.);
#2406=ORIENTED_EDGE('',*,*,#1831,.T.);
#2407=ORIENTED_EDGE('',*,*,#1832,.T.);
#2408=ORIENTED_EDGE('',*,*,#1701,.F.);
#2409=ORIENTED_EDGE('',*,*,#1833,.T.);
#2410=ORIENTED_EDGE('',*,*,#1831,.F.);
#2411=ORIENTED_EDGE('',*,*,#1834,.T.);
#2412=ORIENTED_EDGE('',*,*,#1730,.F.);
#2413=ORIENTED_EDGE('',*,*,#1835,.T.);
#2414=ORIENTED_EDGE('',*,*,#1836,.T.);
#2415=ORIENTED_EDGE('',*,*,#1774,.F.);
#2416=ORIENTED_EDGE('',*,*,#1837,.T.);
#2417=ORIENTED_EDGE('',*,*,#1838,.T.);
#2418=ORIENTED_EDGE('',*,*,#1835,.F.);
#2419=ORIENTED_EDGE('',*,*,#1839,.T.);
#2420=ORIENTED_EDGE('',*,*,#1840,.T.);
#2421=ORIENTED_EDGE('',*,*,#1771,.F.);
#2422=ORIENTED_EDGE('',*,*,#1841,.T.);
#2423=ORIENTED_EDGE('',*,*,#1842,.T.);
#2424=ORIENTED_EDGE('',*,*,#1843,.T.);
#2425=ORIENTED_EDGE('',*,*,#1761,.T.);
#2426=ORIENTED_EDGE('',*,*,#1764,.F.);
#2427=ORIENTED_EDGE('',*,*,#1842,.F.);
#2428=ORIENTED_EDGE('',*,*,#1844,.T.);
#2429=ORIENTED_EDGE('',*,*,#1766,.F.);
#2430=ORIENTED_EDGE('',*,*,#1845,.T.);
#2431=ORIENTED_EDGE('',*,*,#1794,.F.);
#2432=ORIENTED_EDGE('',*,*,#1846,.T.);
#2433=ORIENTED_EDGE('',*,*,#1847,.F.);
#2434=ORIENTED_EDGE('',*,*,#1848,.F.);
#2435=ORIENTED_EDGE('',*,*,#1849,.F.);
#2436=ORIENTED_EDGE('',*,*,#1850,.T.);
#2437=ORIENTED_EDGE('',*,*,#1851,.F.);
#2438=ORIENTED_EDGE('',*,*,#1852,.F.);
#2439=ORIENTED_EDGE('',*,*,#1795,.F.);
#2440=ORIENTED_EDGE('',*,*,#1853,.F.);
#2441=ORIENTED_EDGE('',*,*,#1854,.F.);
#2442=ORIENTED_EDGE('',*,*,#1855,.T.);
#2443=ORIENTED_EDGE('',*,*,#1856,.F.);
#2444=ORIENTED_EDGE('',*,*,#1857,.T.);
#2445=ORIENTED_EDGE('',*,*,#1858,.F.);
#2446=ORIENTED_EDGE('',*,*,#1846,.F.);
#2447=ORIENTED_EDGE('',*,*,#1798,.F.);
#2448=ORIENTED_EDGE('',*,*,#1802,.F.);
#2449=ORIENTED_EDGE('',*,*,#1789,.F.);
#2450=ORIENTED_EDGE('',*,*,#1859,.T.);
#2451=ORIENTED_EDGE('',*,*,#1860,.F.);
#2452=ORIENTED_EDGE('',*,*,#1853,.T.);
#2453=ORIENTED_EDGE('',*,*,#1788,.F.);
#2454=ORIENTED_EDGE('',*,*,#1861,.T.);
#2455=ORIENTED_EDGE('',*,*,#1862,.F.);
#2456=ORIENTED_EDGE('',*,*,#1863,.F.);
#2457=ORIENTED_EDGE('',*,*,#1864,.F.);
#2458=ORIENTED_EDGE('',*,*,#1865,.F.);
#2459=ORIENTED_EDGE('',*,*,#1866,.F.);
#2460=ORIENTED_EDGE('',*,*,#1859,.F.);
#2461=ORIENTED_EDGE('',*,*,#1806,.F.);
#2462=ORIENTED_EDGE('',*,*,#1867,.F.);
#2463=ORIENTED_EDGE('',*,*,#1868,.F.);
#2464=ORIENTED_EDGE('',*,*,#1869,.F.);
#2465=ORIENTED_EDGE('',*,*,#1870,.F.);
#2466=ORIENTED_EDGE('',*,*,#1871,.T.);
#2467=ORIENTED_EDGE('',*,*,#1872,.F.);
#2468=ORIENTED_EDGE('',*,*,#1861,.F.);
#2469=ORIENTED_EDGE('',*,*,#1810,.F.);
#2470=ORIENTED_EDGE('',*,*,#1873,.T.);
#2471=ORIENTED_EDGE('',*,*,#1874,.F.);
#2472=ORIENTED_EDGE('',*,*,#1875,.T.);
#2473=ORIENTED_EDGE('',*,*,#1876,.F.);
#2474=ORIENTED_EDGE('',*,*,#1877,.T.);
#2475=ORIENTED_EDGE('',*,*,#1878,.F.);
#2476=ORIENTED_EDGE('',*,*,#1867,.T.);
#2477=ORIENTED_EDGE('',*,*,#1813,.F.);
#2478=ORIENTED_EDGE('',*,*,#1818,.F.);
#2479=ORIENTED_EDGE('',*,*,#1784,.F.);
#2480=ORIENTED_EDGE('',*,*,#1879,.T.);
#2481=ORIENTED_EDGE('',*,*,#1880,.F.);
#2482=ORIENTED_EDGE('',*,*,#1873,.F.);
#2483=ORIENTED_EDGE('',*,*,#1783,.F.);
#2484=ORIENTED_EDGE('',*,*,#1881,.T.);
#2485=ORIENTED_EDGE('',*,*,#1882,.F.);
#2486=ORIENTED_EDGE('',*,*,#1883,.F.);
#2487=ORIENTED_EDGE('',*,*,#1884,.F.);
#2488=ORIENTED_EDGE('',*,*,#1885,.F.);
#2489=ORIENTED_EDGE('',*,*,#1886,.F.);
#2490=ORIENTED_EDGE('',*,*,#1879,.F.);
#2491=ORIENTED_EDGE('',*,*,#1828,.F.);
#2492=ORIENTED_EDGE('',*,*,#1887,.F.);
#2493=ORIENTED_EDGE('',*,*,#1888,.F.);
#2494=ORIENTED_EDGE('',*,*,#1889,.F.);
#2495=ORIENTED_EDGE('',*,*,#1890,.F.);
#2496=ORIENTED_EDGE('',*,*,#1891,.T.);
#2497=ORIENTED_EDGE('',*,*,#1892,.F.);
#2498=ORIENTED_EDGE('',*,*,#1881,.F.);
#2499=ORIENTED_EDGE('',*,*,#1829,.F.);
#2500=ORIENTED_EDGE('',*,*,#1893,.T.);
#2501=ORIENTED_EDGE('',*,*,#1894,.F.);
#2502=ORIENTED_EDGE('',*,*,#1895,.T.);
#2503=ORIENTED_EDGE('',*,*,#1896,.T.);
#2504=ORIENTED_EDGE('',*,*,#1897,.T.);
#2505=ORIENTED_EDGE('',*,*,#1898,.F.);
#2506=ORIENTED_EDGE('',*,*,#1887,.T.);
#2507=ORIENTED_EDGE('',*,*,#1700,.F.);
#2508=ORIENTED_EDGE('',*,*,#1899,.F.);
#2509=ORIENTED_EDGE('',*,*,#1893,.F.);
#2510=ORIENTED_EDGE('',*,*,#1832,.F.);
#2511=ORIENTED_EDGE('',*,*,#1833,.F.);
#2512=ORIENTED_EDGE('',*,*,#1843,.F.);
#2513=ORIENTED_EDGE('',*,*,#1900,.T.);
#2514=ORIENTED_EDGE('',*,*,#1901,.T.);
#2515=ORIENTED_EDGE('',*,*,#1902,.F.);
#2516=ORIENTED_EDGE('',*,*,#1903,.T.);
#2517=ORIENTED_EDGE('',*,*,#1904,.F.);
#2518=ORIENTED_EDGE('',*,*,#1748,.F.);
#2519=ORIENTED_EDGE('',*,*,#1762,.F.);
#2520=ORIENTED_EDGE('',*,*,#1792,.F.);
#2521=ORIENTED_EDGE('',*,*,#1799,.F.);
#2522=ORIENTED_EDGE('',*,*,#1666,.F.);
#2523=ORIENTED_EDGE('',*,*,#1672,.F.);
#2524=ORIENTED_EDGE('',*,*,#1809,.F.);
#2525=ORIENTED_EDGE('',*,*,#1816,.F.);
#2526=ORIENTED_EDGE('',*,*,#1821,.F.);
#2527=ORIENTED_EDGE('',*,*,#1823,.F.);
#2528=ORIENTED_EDGE('',*,*,#1778,.F.);
#2529=ORIENTED_EDGE('',*,*,#1775,.F.);
#2530=ORIENTED_EDGE('',*,*,#1836,.F.);
#2531=ORIENTED_EDGE('',*,*,#1838,.F.);
#2532=ORIENTED_EDGE('',*,*,#1770,.F.);
#2533=ORIENTED_EDGE('',*,*,#1767,.F.);
#2534=ORIENTED_EDGE('',*,*,#1844,.F.);
#2535=ORIENTED_EDGE('',*,*,#1841,.F.);
#2536=ORIENTED_EDGE('',*,*,#1763,.F.);
#2537=ORIENTED_EDGE('',*,*,#1731,.F.);
#2538=ORIENTED_EDGE('',*,*,#1834,.F.);
#2539=ORIENTED_EDGE('',*,*,#1830,.F.);
#2540=ORIENTED_EDGE('',*,*,#1826,.F.);
#2541=ORIENTED_EDGE('',*,*,#1781,.F.);
#2542=ORIENTED_EDGE('',*,*,#1819,.F.);
#2543=ORIENTED_EDGE('',*,*,#1811,.F.);
#2544=ORIENTED_EDGE('',*,*,#1804,.F.);
#2545=ORIENTED_EDGE('',*,*,#1786,.F.);
#2546=ORIENTED_EDGE('',*,*,#1803,.F.);
#2547=ORIENTED_EDGE('',*,*,#1796,.F.);
#2548=ORIENTED_EDGE('',*,*,#1765,.F.);
#2549=ORIENTED_EDGE('',*,*,#1905,.T.);
#2550=ORIENTED_EDGE('',*,*,#1750,.F.);
#2551=ORIENTED_EDGE('',*,*,#1906,.T.);
#2552=ORIENTED_EDGE('',*,*,#1907,.T.);
#2553=ORIENTED_EDGE('',*,*,#1908,.T.);
#2554=ORIENTED_EDGE('',*,*,#1909,.T.);
#2555=ORIENTED_EDGE('',*,*,#1910,.T.);
#2556=ORIENTED_EDGE('',*,*,#1773,.F.);
#2557=ORIENTED_EDGE('',*,*,#1911,.T.);
#2558=ORIENTED_EDGE('',*,*,#1754,.F.);
#2559=ORIENTED_EDGE('',*,*,#1912,.T.);
#2560=ORIENTED_EDGE('',*,*,#1913,.T.);
#2561=ORIENTED_EDGE('',*,*,#1914,.T.);
#2562=ORIENTED_EDGE('',*,*,#1915,.T.);
#2563=ORIENTED_EDGE('',*,*,#1916,.T.);
#2564=ORIENTED_EDGE('',*,*,#1814,.F.);
#2565=ORIENTED_EDGE('',*,*,#1917,.F.);
#2566=ORIENTED_EDGE('',*,*,#1758,.F.);
#2567=ORIENTED_EDGE('',*,*,#1918,.T.);
#2568=ORIENTED_EDGE('',*,*,#1919,.F.);
#2569=ORIENTED_EDGE('',*,*,#1920,.T.);
#2570=ORIENTED_EDGE('',*,*,#1921,.T.);
#2571=ORIENTED_EDGE('',*,*,#1922,.F.);
#2572=ORIENTED_EDGE('',*,*,#1800,.F.);
#2573=ORIENTED_EDGE('',*,*,#1852,.T.);
#2574=ORIENTED_EDGE('',*,*,#1923,.F.);
#2575=ORIENTED_EDGE('',*,*,#1924,.F.);
#2576=ORIENTED_EDGE('',*,*,#1925,.F.);
#2577=ORIENTED_EDGE('',*,*,#1926,.F.);
#2578=ORIENTED_EDGE('',*,*,#1927,.T.);
#2579=ORIENTED_EDGE('',*,*,#1928,.T.);
#2580=ORIENTED_EDGE('',*,*,#1885,.T.);
#2581=ORIENTED_EDGE('',*,*,#1929,.F.);
#2582=ORIENTED_EDGE('',*,*,#1895,.F.);
#2583=ORIENTED_EDGE('',*,*,#1930,.T.);
#2584=ORIENTED_EDGE('',*,*,#1660,.F.);
#2585=ORIENTED_EDGE('',*,*,#1931,.F.);
#2586=ORIENTED_EDGE('',*,*,#1927,.F.);
#2587=ORIENTED_EDGE('',*,*,#1932,.F.);
#2588=ORIENTED_EDGE('',*,*,#1854,.T.);
#2589=ORIENTED_EDGE('',*,*,#1860,.T.);
#2590=ORIENTED_EDGE('',*,*,#1866,.T.);
#2591=ORIENTED_EDGE('',*,*,#1933,.F.);
#2592=ORIENTED_EDGE('',*,*,#1874,.T.);
#2593=ORIENTED_EDGE('',*,*,#1880,.T.);
#2594=ORIENTED_EDGE('',*,*,#1886,.T.);
#2595=ORIENTED_EDGE('',*,*,#1930,.F.);
#2596=ORIENTED_EDGE('',*,*,#1894,.T.);
#2597=ORIENTED_EDGE('',*,*,#1899,.T.);
#2598=ORIENTED_EDGE('',*,*,#1707,.F.);
#2599=ORIENTED_EDGE('',*,*,#1934,.T.);
#2600=ORIENTED_EDGE('',*,*,#1855,.F.);
#2601=ORIENTED_EDGE('',*,*,#1932,.T.);
#2602=ORIENTED_EDGE('',*,*,#1926,.T.);
#2603=ORIENTED_EDGE('',*,*,#1935,.F.);
#2604=ORIENTED_EDGE('',*,*,#1865,.T.);
#2605=ORIENTED_EDGE('',*,*,#1936,.F.);
#2606=ORIENTED_EDGE('',*,*,#1875,.F.);
#2607=ORIENTED_EDGE('',*,*,#1933,.T.);
#2608=ORIENTED_EDGE('',*,*,#1845,.F.);
#2609=ORIENTED_EDGE('',*,*,#1910,.F.);
#2610=ORIENTED_EDGE('',*,*,#1937,.F.);
#2611=ORIENTED_EDGE('',*,*,#1938,.F.);
#2612=ORIENTED_EDGE('',*,*,#1939,.F.);
#2613=ORIENTED_EDGE('',*,*,#1940,.T.);
#2614=ORIENTED_EDGE('',*,*,#1941,.F.);
#2615=ORIENTED_EDGE('',*,*,#1900,.F.);
#2616=ORIENTED_EDGE('',*,*,#1904,.T.);
#2617=ORIENTED_EDGE('',*,*,#1942,.T.);
#2618=ORIENTED_EDGE('',*,*,#1906,.F.);
#2619=ORIENTED_EDGE('',*,*,#1749,.T.);
#2620=ORIENTED_EDGE('',*,*,#1839,.F.);
#2621=ORIENTED_EDGE('',*,*,#1943,.T.);
#2622=ORIENTED_EDGE('',*,*,#1944,.T.);
#2623=ORIENTED_EDGE('',*,*,#1945,.F.);
#2624=ORIENTED_EDGE('',*,*,#1946,.T.);
#2625=ORIENTED_EDGE('',*,*,#1947,.F.);
#2626=ORIENTED_EDGE('',*,*,#1752,.F.);
#2627=ORIENTED_EDGE('',*,*,#1948,.F.);
#2628=ORIENTED_EDGE('',*,*,#1837,.F.);
#2629=ORIENTED_EDGE('',*,*,#1916,.F.);
#2630=ORIENTED_EDGE('',*,*,#1949,.F.);
#2631=ORIENTED_EDGE('',*,*,#1950,.F.);
#2632=ORIENTED_EDGE('',*,*,#1951,.F.);
#2633=ORIENTED_EDGE('',*,*,#1952,.T.);
#2634=ORIENTED_EDGE('',*,*,#1953,.F.);
#2635=ORIENTED_EDGE('',*,*,#1943,.F.);
#2636=ORIENTED_EDGE('',*,*,#1947,.T.);
#2637=ORIENTED_EDGE('',*,*,#1954,.T.);
#2638=ORIENTED_EDGE('',*,*,#1912,.F.);
#2639=ORIENTED_EDGE('',*,*,#1753,.T.);
#2640=ORIENTED_EDGE('',*,*,#1822,.F.);
#2641=ORIENTED_EDGE('',*,*,#1922,.T.);
#2642=ORIENTED_EDGE('',*,*,#1955,.F.);
#2643=ORIENTED_EDGE('',*,*,#1956,.F.);
#2644=ORIENTED_EDGE('',*,*,#1957,.F.);
#2645=ORIENTED_EDGE('',*,*,#1958,.T.);
#2646=ORIENTED_EDGE('',*,*,#1959,.F.);
#2647=ORIENTED_EDGE('',*,*,#1960,.F.);
#2648=ORIENTED_EDGE('',*,*,#1918,.F.);
#2649=ORIENTED_EDGE('',*,*,#1757,.T.);
#2650=ORIENTED_EDGE('',*,*,#1961,.T.);
#2651=ORIENTED_EDGE('',*,*,#1962,.F.);
#2652=ORIENTED_EDGE('',*,*,#1963,.F.);
#2653=ORIENTED_EDGE('',*,*,#1964,.F.);
#2654=ORIENTED_EDGE('',*,*,#1674,.F.);
#2655=ORIENTED_EDGE('',*,*,#1720,.T.);
#2656=ORIENTED_EDGE('',*,*,#1965,.F.);
#2657=ORIENTED_EDGE('',*,*,#1716,.T.);
#2658=ORIENTED_EDGE('',*,*,#1729,.F.);
#2659=ORIENTED_EDGE('',*,*,#1966,.F.);
#2660=ORIENTED_EDGE('',*,*,#1967,.F.);
#2661=ORIENTED_EDGE('',*,*,#1968,.F.);
#2662=ORIENTED_EDGE('',*,*,#1675,.F.);
#2663=ORIENTED_EDGE('',*,*,#1964,.T.);
#2664=ORIENTED_EDGE('',*,*,#1969,.F.);
#2665=ORIENTED_EDGE('',*,*,#1966,.T.);
#2666=ORIENTED_EDGE('',*,*,#1728,.F.);
#2667=ORIENTED_EDGE('',*,*,#1970,.F.);
#2668=ORIENTED_EDGE('',*,*,#1971,.F.);
#2669=ORIENTED_EDGE('',*,*,#1972,.F.);
#2670=ORIENTED_EDGE('',*,*,#1676,.F.);
#2671=ORIENTED_EDGE('',*,*,#1968,.T.);
#2672=ORIENTED_EDGE('',*,*,#1973,.F.);
#2673=ORIENTED_EDGE('',*,*,#1970,.T.);
#2674=ORIENTED_EDGE('',*,*,#1727,.F.);
#2675=ORIENTED_EDGE('',*,*,#1974,.F.);
#2676=ORIENTED_EDGE('',*,*,#1975,.F.);
#2677=ORIENTED_EDGE('',*,*,#1692,.F.);
#2678=ORIENTED_EDGE('',*,*,#1677,.F.);
#2679=ORIENTED_EDGE('',*,*,#1972,.T.);
#2680=ORIENTED_EDGE('',*,*,#1976,.F.);
#2681=ORIENTED_EDGE('',*,*,#1974,.T.);
#2682=ORIENTED_EDGE('',*,*,#1726,.F.);
#2683=ORIENTED_EDGE('',*,*,#1696,.F.);
#2684=ORIENTED_EDGE('',*,*,#1965,.T.);
#2685=ORIENTED_EDGE('',*,*,#1969,.T.);
#2686=ORIENTED_EDGE('',*,*,#1973,.T.);
#2687=ORIENTED_EDGE('',*,*,#1976,.T.);
#2688=ORIENTED_EDGE('',*,*,#1695,.F.);
#2689=ORIENTED_EDGE('',*,*,#1977,.F.);
#2690=ORIENTED_EDGE('',*,*,#1978,.F.);
#2691=ORIENTED_EDGE('',*,*,#1979,.F.);
#2692=ORIENTED_EDGE('',*,*,#1980,.F.);
#2693=ORIENTED_EDGE('',*,*,#1981,.F.);
#2694=ORIENTED_EDGE('',*,*,#1717,.F.);
#2695=ORIENTED_EDGE('',*,*,#1982,.T.);
#2696=ORIENTED_EDGE('',*,*,#1983,.T.);
#2697=ORIENTED_EDGE('',*,*,#1980,.T.);
#2698=ORIENTED_EDGE('',*,*,#1984,.F.);
#2699=ORIENTED_EDGE('',*,*,#1985,.T.);
#2700=ORIENTED_EDGE('',*,*,#1718,.T.);
#2701=ORIENTED_EDGE('',*,*,#1981,.T.);
#2702=ORIENTED_EDGE('',*,*,#1983,.F.);
#2703=ORIENTED_EDGE('',*,*,#1986,.T.);
#2704=ORIENTED_EDGE('',*,*,#1987,.T.);
#2705=ORIENTED_EDGE('',*,*,#1977,.T.);
#2706=ORIENTED_EDGE('',*,*,#1694,.F.);
#2707=ORIENTED_EDGE('',*,*,#1988,.F.);
#2708=ORIENTED_EDGE('',*,*,#1989,.T.);
#2709=ORIENTED_EDGE('',*,*,#1978,.T.);
#2710=ORIENTED_EDGE('',*,*,#1987,.F.);
#2711=ORIENTED_EDGE('',*,*,#1990,.T.);
#2712=ORIENTED_EDGE('',*,*,#1984,.T.);
#2713=ORIENTED_EDGE('',*,*,#1979,.T.);
#2714=ORIENTED_EDGE('',*,*,#1989,.F.);
#2715=ORIENTED_EDGE('',*,*,#1651,.F.);
#2716=ORIENTED_EDGE('',*,*,#1991,.T.);
#2717=ORIENTED_EDGE('',*,*,#1713,.F.);
#2718=ORIENTED_EDGE('',*,*,#1714,.T.);
#2719=ORIENTED_EDGE('',*,*,#1992,.T.);
#2720=ORIENTED_EDGE('',*,*,#1993,.T.);
#2721=ORIENTED_EDGE('',*,*,#1994,.T.);
#2722=ORIENTED_EDGE('',*,*,#1963,.T.);
#2723=ORIENTED_EDGE('',*,*,#1719,.F.);
#2724=ORIENTED_EDGE('',*,*,#1985,.F.);
#2725=ORIENTED_EDGE('',*,*,#1982,.F.);
#2726=ORIENTED_EDGE('',*,*,#1990,.F.);
#2727=ORIENTED_EDGE('',*,*,#1988,.T.);
#2728=ORIENTED_EDGE('',*,*,#1986,.F.);
#2729=ORIENTED_EDGE('',*,*,#1693,.T.);
#2730=ORIENTED_EDGE('',*,*,#1975,.T.);
#2731=ORIENTED_EDGE('',*,*,#1971,.T.);
#2732=ORIENTED_EDGE('',*,*,#1967,.T.);
#2733=ORIENTED_EDGE('',*,*,#1664,.F.);
#2734=ORIENTED_EDGE('',*,*,#1668,.F.);
#2735=ORIENTED_EDGE('',*,*,#1801,.F.);
#2736=ORIENTED_EDGE('',*,*,#1928,.F.);
#2737=ORIENTED_EDGE('',*,*,#1931,.T.);
#2738=ORIENTED_EDGE('',*,*,#1657,.F.);
#2739=ORIENTED_EDGE('',*,*,#1934,.F.);
#2740=ORIENTED_EDGE('',*,*,#1710,.F.);
#2741=ORIENTED_EDGE('',*,*,#1991,.F.);
#2742=ORIENTED_EDGE('',*,*,#1683,.F.);
#2743=ORIENTED_EDGE('',*,*,#1759,.F.);
#2744=ORIENTED_EDGE('',*,*,#1917,.T.);
#2745=ORIENTED_EDGE('',*,*,#1817,.F.);
#2746=ORIENTED_EDGE('',*,*,#1807,.F.);
#2747=ORIENTED_EDGE('',*,*,#1825,.F.);
#2748=ORIENTED_EDGE('',*,*,#1995,.F.);
#2749=ORIENTED_EDGE('',*,*,#1755,.T.);
#2750=ORIENTED_EDGE('',*,*,#1911,.F.);
#2751=ORIENTED_EDGE('',*,*,#1777,.F.);
#2752=ORIENTED_EDGE('',*,*,#1780,.F.);
#2753=ORIENTED_EDGE('',*,*,#1840,.F.);
#2754=ORIENTED_EDGE('',*,*,#1948,.T.);
#2755=ORIENTED_EDGE('',*,*,#1751,.T.);
#2756=ORIENTED_EDGE('',*,*,#1905,.F.);
#2757=ORIENTED_EDGE('',*,*,#1769,.F.);
#2758=ORIENTED_EDGE('',*,*,#1772,.F.);
#2759=ORIENTED_EDGE('',*,*,#1996,.T.);
#2760=ORIENTED_EDGE('',*,*,#1997,.T.);
#2761=ORIENTED_EDGE('',*,*,#1919,.T.);
#2762=ORIENTED_EDGE('',*,*,#1962,.T.);
#2763=ORIENTED_EDGE('',*,*,#1824,.F.);
#2764=ORIENTED_EDGE('',*,*,#1960,.T.);
#2765=ORIENTED_EDGE('',*,*,#1998,.T.);
#2766=ORIENTED_EDGE('',*,*,#1999,.F.);
#2767=ORIENTED_EDGE('',*,*,#1996,.F.);
#2768=ORIENTED_EDGE('',*,*,#1961,.F.);
#2769=ORIENTED_EDGE('',*,*,#1756,.T.);
#2770=ORIENTED_EDGE('',*,*,#1995,.T.);
#2771=ORIENTED_EDGE('',*,*,#1903,.F.);
#2772=ORIENTED_EDGE('',*,*,#2000,.T.);
#2773=ORIENTED_EDGE('',*,*,#1907,.F.);
#2774=ORIENTED_EDGE('',*,*,#1942,.F.);
#2775=ORIENTED_EDGE('',*,*,#1946,.F.);
#2776=ORIENTED_EDGE('',*,*,#2001,.T.);
#2777=ORIENTED_EDGE('',*,*,#1913,.F.);
#2778=ORIENTED_EDGE('',*,*,#1954,.F.);
#2779=ORIENTED_EDGE('',*,*,#1997,.F.);
#2780=ORIENTED_EDGE('',*,*,#1999,.T.);
#2781=ORIENTED_EDGE('',*,*,#2002,.T.);
#2782=ORIENTED_EDGE('',*,*,#2003,.T.);
#2783=ORIENTED_EDGE('',*,*,#2004,.T.);
#2784=ORIENTED_EDGE('',*,*,#2005,.T.);
#2785=ORIENTED_EDGE('',*,*,#2006,.F.);
#2786=ORIENTED_EDGE('',*,*,#2007,.T.);
#2787=ORIENTED_EDGE('',*,*,#1920,.F.);
#2788=ORIENTED_EDGE('',*,*,#2008,.F.);
#2789=ORIENTED_EDGE('',*,*,#1955,.T.);
#2790=ORIENTED_EDGE('',*,*,#1921,.F.);
#2791=ORIENTED_EDGE('',*,*,#2007,.F.);
#2792=ORIENTED_EDGE('',*,*,#2009,.T.);
#2793=ORIENTED_EDGE('',*,*,#2010,.F.);
#2794=ORIENTED_EDGE('',*,*,#2011,.T.);
#2795=ORIENTED_EDGE('',*,*,#2002,.F.);
#2796=ORIENTED_EDGE('',*,*,#1998,.F.);
#2797=ORIENTED_EDGE('',*,*,#1959,.T.);
#2798=ORIENTED_EDGE('',*,*,#1743,.F.);
#2799=ORIENTED_EDGE('',*,*,#2012,.T.);
#2800=ORIENTED_EDGE('',*,*,#2013,.T.);
#2801=ORIENTED_EDGE('',*,*,#2014,.T.);
#2802=ORIENTED_EDGE('',*,*,#2015,.T.);
#2803=ORIENTED_EDGE('',*,*,#2016,.T.);
#2804=ORIENTED_EDGE('',*,*,#2012,.F.);
#2805=ORIENTED_EDGE('',*,*,#1744,.F.);
#2806=ORIENTED_EDGE('',*,*,#2017,.T.);
#2807=ORIENTED_EDGE('',*,*,#2018,.T.);
#2808=ORIENTED_EDGE('',*,*,#2019,.T.);
#2809=ORIENTED_EDGE('',*,*,#2020,.T.);
#2810=ORIENTED_EDGE('',*,*,#2021,.T.);
#2811=ORIENTED_EDGE('',*,*,#2017,.F.);
#2812=ORIENTED_EDGE('',*,*,#1745,.F.);
#2813=ORIENTED_EDGE('',*,*,#2022,.T.);
#2814=ORIENTED_EDGE('',*,*,#2023,.T.);
#2815=ORIENTED_EDGE('',*,*,#2024,.T.);
#2816=ORIENTED_EDGE('',*,*,#2025,.T.);
#2817=ORIENTED_EDGE('',*,*,#2026,.T.);
#2818=ORIENTED_EDGE('',*,*,#2022,.F.);
#2819=ORIENTED_EDGE('',*,*,#2000,.F.);
#2820=ORIENTED_EDGE('',*,*,#1902,.T.);
#2821=ORIENTED_EDGE('',*,*,#2027,.T.);
#2822=ORIENTED_EDGE('',*,*,#2028,.T.);
#2823=ORIENTED_EDGE('',*,*,#2029,.T.);
#2824=ORIENTED_EDGE('',*,*,#2030,.T.);
#2825=ORIENTED_EDGE('',*,*,#2031,.F.);
#2826=ORIENTED_EDGE('',*,*,#2032,.T.);
#2827=ORIENTED_EDGE('',*,*,#1908,.F.);
#2828=ORIENTED_EDGE('',*,*,#2033,.F.);
#2829=ORIENTED_EDGE('',*,*,#2034,.T.);
#2830=ORIENTED_EDGE('',*,*,#2027,.F.);
#2831=ORIENTED_EDGE('',*,*,#1901,.F.);
#2832=ORIENTED_EDGE('',*,*,#1941,.T.);
#2833=ORIENTED_EDGE('',*,*,#2035,.F.);
#2834=ORIENTED_EDGE('',*,*,#1937,.T.);
#2835=ORIENTED_EDGE('',*,*,#1909,.F.);
#2836=ORIENTED_EDGE('',*,*,#2032,.F.);
#2837=ORIENTED_EDGE('',*,*,#2036,.T.);
#2838=ORIENTED_EDGE('',*,*,#2001,.F.);
#2839=ORIENTED_EDGE('',*,*,#1945,.T.);
#2840=ORIENTED_EDGE('',*,*,#2037,.T.);
#2841=ORIENTED_EDGE('',*,*,#2038,.T.);
#2842=ORIENTED_EDGE('',*,*,#2039,.T.);
#2843=ORIENTED_EDGE('',*,*,#2040,.T.);
#2844=ORIENTED_EDGE('',*,*,#2041,.F.);
#2845=ORIENTED_EDGE('',*,*,#2042,.T.);
#2846=ORIENTED_EDGE('',*,*,#1914,.F.);
#2847=ORIENTED_EDGE('',*,*,#2043,.T.);
#2848=ORIENTED_EDGE('',*,*,#2044,.T.);
#2849=ORIENTED_EDGE('',*,*,#1949,.T.);
#2850=ORIENTED_EDGE('',*,*,#1915,.F.);
#2851=ORIENTED_EDGE('',*,*,#2042,.F.);
#2852=ORIENTED_EDGE('',*,*,#2045,.T.);
#2853=ORIENTED_EDGE('',*,*,#2037,.F.);
#2854=ORIENTED_EDGE('',*,*,#1944,.F.);
#2855=ORIENTED_EDGE('',*,*,#1953,.T.);
#2856=ORIENTED_EDGE('',*,*,#2046,.T.);
#2857=ORIENTED_EDGE('',*,*,#2011,.F.);
#2858=ORIENTED_EDGE('',*,*,#2047,.T.);
#2859=ORIENTED_EDGE('',*,*,#2048,.T.);
#2860=ORIENTED_EDGE('',*,*,#2049,.T.);
#2861=ORIENTED_EDGE('',*,*,#2003,.F.);
#2862=ORIENTED_EDGE('',*,*,#2025,.F.);
#2863=ORIENTED_EDGE('',*,*,#2004,.F.);
#2864=ORIENTED_EDGE('',*,*,#2049,.F.);
#2865=ORIENTED_EDGE('',*,*,#2024,.F.);
#2866=ORIENTED_EDGE('',*,*,#2050,.F.);
#2867=ORIENTED_EDGE('',*,*,#2005,.F.);
#2868=ORIENTED_EDGE('',*,*,#2009,.F.);
#2869=ORIENTED_EDGE('',*,*,#2006,.T.);
#2870=ORIENTED_EDGE('',*,*,#2050,.T.);
#2871=ORIENTED_EDGE('',*,*,#2051,.T.);
#2872=ORIENTED_EDGE('',*,*,#2052,.F.);
#2873=ORIENTED_EDGE('',*,*,#2053,.F.);
#2874=ORIENTED_EDGE('',*,*,#1956,.T.);
#2875=ORIENTED_EDGE('',*,*,#2008,.T.);
#2876=ORIENTED_EDGE('',*,*,#2052,.T.);
#2877=ORIENTED_EDGE('',*,*,#2054,.T.);
#2878=ORIENTED_EDGE('',*,*,#2055,.T.);
#2879=ORIENTED_EDGE('',*,*,#2047,.F.);
#2880=ORIENTED_EDGE('',*,*,#2010,.T.);
#2881=ORIENTED_EDGE('',*,*,#1958,.F.);
#2882=ORIENTED_EDGE('',*,*,#2053,.T.);
#2883=ORIENTED_EDGE('',*,*,#1957,.T.);
#2884=ORIENTED_EDGE('',*,*,#2056,.F.);
#2885=ORIENTED_EDGE('',*,*,#2016,.F.);
#2886=ORIENTED_EDGE('',*,*,#2057,.F.);
#2887=ORIENTED_EDGE('',*,*,#2058,.F.);
#2888=ORIENTED_EDGE('',*,*,#2059,.F.);
#2889=ORIENTED_EDGE('',*,*,#2013,.F.);
#2890=ORIENTED_EDGE('',*,*,#2014,.F.);
#2891=ORIENTED_EDGE('',*,*,#2060,.F.);
#2892=ORIENTED_EDGE('',*,*,#2030,.F.);
#2893=ORIENTED_EDGE('',*,*,#2015,.F.);
#2894=ORIENTED_EDGE('',*,*,#2029,.F.);
#2895=ORIENTED_EDGE('',*,*,#2061,.F.);
#2896=ORIENTED_EDGE('',*,*,#2062,.F.);
#2897=ORIENTED_EDGE('',*,*,#2021,.F.);
#2898=ORIENTED_EDGE('',*,*,#2063,.F.);
#2899=ORIENTED_EDGE('',*,*,#2064,.F.);
#2900=ORIENTED_EDGE('',*,*,#2065,.F.);
#2901=ORIENTED_EDGE('',*,*,#2018,.F.);
#2902=ORIENTED_EDGE('',*,*,#2019,.F.);
#2903=ORIENTED_EDGE('',*,*,#2066,.F.);
#2904=ORIENTED_EDGE('',*,*,#2040,.F.);
#2905=ORIENTED_EDGE('',*,*,#2020,.F.);
#2906=ORIENTED_EDGE('',*,*,#2039,.F.);
#2907=ORIENTED_EDGE('',*,*,#2067,.F.);
#2908=ORIENTED_EDGE('',*,*,#2055,.F.);
#2909=ORIENTED_EDGE('',*,*,#2026,.F.);
#2910=ORIENTED_EDGE('',*,*,#2048,.F.);
#2911=ORIENTED_EDGE('',*,*,#2054,.F.);
#2912=ORIENTED_EDGE('',*,*,#2051,.F.);
#2913=ORIENTED_EDGE('',*,*,#2023,.F.);
#2914=ORIENTED_EDGE('',*,*,#2034,.F.);
#2915=ORIENTED_EDGE('',*,*,#2068,.T.);
#2916=ORIENTED_EDGE('',*,*,#2057,.T.);
#2917=ORIENTED_EDGE('',*,*,#2061,.T.);
#2918=ORIENTED_EDGE('',*,*,#2028,.F.);
#2919=ORIENTED_EDGE('',*,*,#2036,.F.);
#2920=ORIENTED_EDGE('',*,*,#2031,.T.);
#2921=ORIENTED_EDGE('',*,*,#2060,.T.);
#2922=ORIENTED_EDGE('',*,*,#2059,.T.);
#2923=ORIENTED_EDGE('',*,*,#2069,.F.);
#2924=ORIENTED_EDGE('',*,*,#2070,.F.);
#2925=ORIENTED_EDGE('',*,*,#1938,.T.);
#2926=ORIENTED_EDGE('',*,*,#2035,.T.);
#2927=ORIENTED_EDGE('',*,*,#2069,.T.);
#2928=ORIENTED_EDGE('',*,*,#2058,.T.);
#2929=ORIENTED_EDGE('',*,*,#2056,.T.);
#2930=ORIENTED_EDGE('',*,*,#2068,.F.);
#2931=ORIENTED_EDGE('',*,*,#2033,.T.);
#2932=ORIENTED_EDGE('',*,*,#1940,.F.);
#2933=ORIENTED_EDGE('',*,*,#2070,.T.);
#2934=ORIENTED_EDGE('',*,*,#1939,.T.);
#2935=ORIENTED_EDGE('',*,*,#2045,.F.);
#2936=ORIENTED_EDGE('',*,*,#2071,.T.);
#2937=ORIENTED_EDGE('',*,*,#2063,.T.);
#2938=ORIENTED_EDGE('',*,*,#2067,.T.);
#2939=ORIENTED_EDGE('',*,*,#2038,.F.);
#2940=ORIENTED_EDGE('',*,*,#2043,.F.);
#2941=ORIENTED_EDGE('',*,*,#2041,.T.);
#2942=ORIENTED_EDGE('',*,*,#2066,.T.);
#2943=ORIENTED_EDGE('',*,*,#2065,.T.);
#2944=ORIENTED_EDGE('',*,*,#2072,.F.);
#2945=ORIENTED_EDGE('',*,*,#2073,.T.);
#2946=ORIENTED_EDGE('',*,*,#1950,.T.);
#2947=ORIENTED_EDGE('',*,*,#2044,.F.);
#2948=ORIENTED_EDGE('',*,*,#2072,.T.);
#2949=ORIENTED_EDGE('',*,*,#2064,.T.);
#2950=ORIENTED_EDGE('',*,*,#2062,.T.);
#2951=ORIENTED_EDGE('',*,*,#2071,.F.);
#2952=ORIENTED_EDGE('',*,*,#2046,.F.);
#2953=ORIENTED_EDGE('',*,*,#1952,.F.);
#2954=ORIENTED_EDGE('',*,*,#2073,.F.);
#2955=ORIENTED_EDGE('',*,*,#1951,.T.);
#2956=ORIENTED_EDGE('',*,*,#1925,.T.);
#2957=ORIENTED_EDGE('',*,*,#2074,.F.);
#2958=ORIENTED_EDGE('',*,*,#1856,.T.);
#2959=ORIENTED_EDGE('',*,*,#1935,.T.);
#2960=ORIENTED_EDGE('',*,*,#2074,.T.);
#2961=ORIENTED_EDGE('',*,*,#1924,.T.);
#2962=ORIENTED_EDGE('',*,*,#2075,.F.);
#2963=ORIENTED_EDGE('',*,*,#2076,.T.);
#2964=ORIENTED_EDGE('',*,*,#2077,.T.);
#2965=ORIENTED_EDGE('',*,*,#2078,.T.);
#2966=ORIENTED_EDGE('',*,*,#2079,.F.);
#2967=ORIENTED_EDGE('',*,*,#2080,.F.);
#2968=ORIENTED_EDGE('',*,*,#1857,.F.);
#2969=ORIENTED_EDGE('',*,*,#2081,.T.);
#2970=ORIENTED_EDGE('',*,*,#2075,.T.);
#2971=ORIENTED_EDGE('',*,*,#1923,.T.);
#2972=ORIENTED_EDGE('',*,*,#1851,.T.);
#2973=ORIENTED_EDGE('',*,*,#2082,.T.);
#2974=ORIENTED_EDGE('',*,*,#2083,.T.);
#2975=ORIENTED_EDGE('',*,*,#2084,.T.);
#2976=ORIENTED_EDGE('',*,*,#1847,.T.);
#2977=ORIENTED_EDGE('',*,*,#1858,.T.);
#2978=ORIENTED_EDGE('',*,*,#2080,.T.);
#2979=ORIENTED_EDGE('',*,*,#2085,.T.);
#2980=ORIENTED_EDGE('',*,*,#1848,.T.);
#2981=ORIENTED_EDGE('',*,*,#2084,.F.);
#2982=ORIENTED_EDGE('',*,*,#2086,.T.);
#2983=ORIENTED_EDGE('',*,*,#2087,.T.);
#2984=ORIENTED_EDGE('',*,*,#2088,.T.);
#2985=ORIENTED_EDGE('',*,*,#2089,.F.);
#2986=ORIENTED_EDGE('',*,*,#2082,.F.);
#2987=ORIENTED_EDGE('',*,*,#1850,.F.);
#2988=ORIENTED_EDGE('',*,*,#2085,.F.);
#2989=ORIENTED_EDGE('',*,*,#1849,.T.);
#2990=ORIENTED_EDGE('',*,*,#1864,.T.);
#2991=ORIENTED_EDGE('',*,*,#2090,.F.);
#2992=ORIENTED_EDGE('',*,*,#1876,.T.);
#2993=ORIENTED_EDGE('',*,*,#1936,.T.);
#2994=ORIENTED_EDGE('',*,*,#2090,.T.);
#2995=ORIENTED_EDGE('',*,*,#1863,.T.);
#2996=ORIENTED_EDGE('',*,*,#2091,.F.);
#2997=ORIENTED_EDGE('',*,*,#2092,.T.);
#2998=ORIENTED_EDGE('',*,*,#2093,.T.);
#2999=ORIENTED_EDGE('',*,*,#2094,.T.);
#3000=ORIENTED_EDGE('',*,*,#2095,.F.);
#3001=ORIENTED_EDGE('',*,*,#2096,.F.);
#3002=ORIENTED_EDGE('',*,*,#1877,.F.);
#3003=ORIENTED_EDGE('',*,*,#2097,.T.);
#3004=ORIENTED_EDGE('',*,*,#2091,.T.);
#3005=ORIENTED_EDGE('',*,*,#1862,.T.);
#3006=ORIENTED_EDGE('',*,*,#1872,.T.);
#3007=ORIENTED_EDGE('',*,*,#2098,.F.);
#3008=ORIENTED_EDGE('',*,*,#2099,.F.);
#3009=ORIENTED_EDGE('',*,*,#1868,.T.);
#3010=ORIENTED_EDGE('',*,*,#1878,.T.);
#3011=ORIENTED_EDGE('',*,*,#2096,.T.);
#3012=ORIENTED_EDGE('',*,*,#2100,.T.);
#3013=ORIENTED_EDGE('',*,*,#2101,.F.);
#3014=ORIENTED_EDGE('',*,*,#1869,.T.);
#3015=ORIENTED_EDGE('',*,*,#2099,.T.);
#3016=ORIENTED_EDGE('',*,*,#2102,.T.);
#3017=ORIENTED_EDGE('',*,*,#2103,.T.);
#3018=ORIENTED_EDGE('',*,*,#2104,.T.);
#3019=ORIENTED_EDGE('',*,*,#2105,.F.);
#3020=ORIENTED_EDGE('',*,*,#2098,.T.);
#3021=ORIENTED_EDGE('',*,*,#1871,.F.);
#3022=ORIENTED_EDGE('',*,*,#2101,.T.);
#3023=ORIENTED_EDGE('',*,*,#1870,.T.);
#3024=ORIENTED_EDGE('',*,*,#1884,.T.);
#3025=ORIENTED_EDGE('',*,*,#2106,.F.);
#3026=ORIENTED_EDGE('',*,*,#1896,.F.);
#3027=ORIENTED_EDGE('',*,*,#1929,.T.);
#3028=ORIENTED_EDGE('',*,*,#2106,.T.);
#3029=ORIENTED_EDGE('',*,*,#1883,.T.);
#3030=ORIENTED_EDGE('',*,*,#2107,.F.);
#3031=ORIENTED_EDGE('',*,*,#2108,.T.);
#3032=ORIENTED_EDGE('',*,*,#2109,.T.);
#3033=ORIENTED_EDGE('',*,*,#2110,.T.);
#3034=ORIENTED_EDGE('',*,*,#2111,.F.);
#3035=ORIENTED_EDGE('',*,*,#2112,.F.);
#3036=ORIENTED_EDGE('',*,*,#1897,.F.);
#3037=ORIENTED_EDGE('',*,*,#2113,.T.);
#3038=ORIENTED_EDGE('',*,*,#2107,.T.);
#3039=ORIENTED_EDGE('',*,*,#1882,.T.);
#3040=ORIENTED_EDGE('',*,*,#1892,.T.);
#3041=ORIENTED_EDGE('',*,*,#2114,.F.);
#3042=ORIENTED_EDGE('',*,*,#2115,.F.);
#3043=ORIENTED_EDGE('',*,*,#1888,.T.);
#3044=ORIENTED_EDGE('',*,*,#1898,.T.);
#3045=ORIENTED_EDGE('',*,*,#2112,.T.);
#3046=ORIENTED_EDGE('',*,*,#2116,.T.);
#3047=ORIENTED_EDGE('',*,*,#2117,.F.);
#3048=ORIENTED_EDGE('',*,*,#1889,.T.);
#3049=ORIENTED_EDGE('',*,*,#2115,.T.);
#3050=ORIENTED_EDGE('',*,*,#2118,.T.);
#3051=ORIENTED_EDGE('',*,*,#2119,.T.);
#3052=ORIENTED_EDGE('',*,*,#2120,.T.);
#3053=ORIENTED_EDGE('',*,*,#2121,.F.);
#3054=ORIENTED_EDGE('',*,*,#2114,.T.);
#3055=ORIENTED_EDGE('',*,*,#1891,.F.);
#3056=ORIENTED_EDGE('',*,*,#2117,.T.);
#3057=ORIENTED_EDGE('',*,*,#1890,.T.);
#3058=ORIENTED_EDGE('',*,*,#1994,.F.);
#3059=ORIENTED_EDGE('',*,*,#2122,.T.);
#3060=ORIENTED_EDGE('',*,*,#2123,.T.);
#3061=ORIENTED_EDGE('',*,*,#2124,.T.);
#3062=ORIENTED_EDGE('',*,*,#2125,.T.);
#3063=ORIENTED_EDGE('',*,*,#2126,.T.);
#3064=ORIENTED_EDGE('',*,*,#2122,.F.);
#3065=ORIENTED_EDGE('',*,*,#1993,.F.);
#3066=ORIENTED_EDGE('',*,*,#2127,.T.);
#3067=ORIENTED_EDGE('',*,*,#2128,.T.);
#3068=ORIENTED_EDGE('',*,*,#2129,.T.);
#3069=ORIENTED_EDGE('',*,*,#2130,.T.);
#3070=ORIENTED_EDGE('',*,*,#2131,.T.);
#3071=ORIENTED_EDGE('',*,*,#2127,.F.);
#3072=ORIENTED_EDGE('',*,*,#1992,.F.);
#3073=ORIENTED_EDGE('',*,*,#2132,.T.);
#3074=ORIENTED_EDGE('',*,*,#2133,.T.);
#3075=ORIENTED_EDGE('',*,*,#2134,.T.);
#3076=ORIENTED_EDGE('',*,*,#2135,.T.);
#3077=ORIENTED_EDGE('',*,*,#2136,.T.);
#3078=ORIENTED_EDGE('',*,*,#2132,.F.);
#3079=ORIENTED_EDGE('',*,*,#2081,.F.);
#3080=ORIENTED_EDGE('',*,*,#2089,.T.);
#3081=ORIENTED_EDGE('',*,*,#2137,.T.);
#3082=ORIENTED_EDGE('',*,*,#2138,.T.);
#3083=ORIENTED_EDGE('',*,*,#2076,.F.);
#3084=ORIENTED_EDGE('',*,*,#2077,.F.);
#3085=ORIENTED_EDGE('',*,*,#2138,.F.);
#3086=ORIENTED_EDGE('',*,*,#2133,.F.);
#3087=ORIENTED_EDGE('',*,*,#2078,.F.);
#3088=ORIENTED_EDGE('',*,*,#2136,.F.);
#3089=ORIENTED_EDGE('',*,*,#2139,.F.);
#3090=ORIENTED_EDGE('',*,*,#2083,.F.);
#3091=ORIENTED_EDGE('',*,*,#2079,.T.);
#3092=ORIENTED_EDGE('',*,*,#2139,.T.);
#3093=ORIENTED_EDGE('',*,*,#2140,.T.);
#3094=ORIENTED_EDGE('',*,*,#2086,.F.);
#3095=ORIENTED_EDGE('',*,*,#2135,.F.);
#3096=ORIENTED_EDGE('',*,*,#2087,.F.);
#3097=ORIENTED_EDGE('',*,*,#2140,.F.);
#3098=ORIENTED_EDGE('',*,*,#2134,.F.);
#3099=ORIENTED_EDGE('',*,*,#2137,.F.);
#3100=ORIENTED_EDGE('',*,*,#2088,.F.);
#3101=ORIENTED_EDGE('',*,*,#2097,.F.);
#3102=ORIENTED_EDGE('',*,*,#2105,.T.);
#3103=ORIENTED_EDGE('',*,*,#2141,.T.);
#3104=ORIENTED_EDGE('',*,*,#2142,.T.);
#3105=ORIENTED_EDGE('',*,*,#2092,.F.);
#3106=ORIENTED_EDGE('',*,*,#2093,.F.);
#3107=ORIENTED_EDGE('',*,*,#2142,.F.);
#3108=ORIENTED_EDGE('',*,*,#2128,.F.);
#3109=ORIENTED_EDGE('',*,*,#2094,.F.);
#3110=ORIENTED_EDGE('',*,*,#2131,.F.);
#3111=ORIENTED_EDGE('',*,*,#2143,.F.);
#3112=ORIENTED_EDGE('',*,*,#2100,.F.);
#3113=ORIENTED_EDGE('',*,*,#2095,.T.);
#3114=ORIENTED_EDGE('',*,*,#2143,.T.);
#3115=ORIENTED_EDGE('',*,*,#2144,.T.);
#3116=ORIENTED_EDGE('',*,*,#2102,.F.);
#3117=ORIENTED_EDGE('',*,*,#2130,.F.);
#3118=ORIENTED_EDGE('',*,*,#2103,.F.);
#3119=ORIENTED_EDGE('',*,*,#2144,.F.);
#3120=ORIENTED_EDGE('',*,*,#2129,.F.);
#3121=ORIENTED_EDGE('',*,*,#2141,.F.);
#3122=ORIENTED_EDGE('',*,*,#2104,.F.);
#3123=ORIENTED_EDGE('',*,*,#2113,.F.);
#3124=ORIENTED_EDGE('',*,*,#2121,.T.);
#3125=ORIENTED_EDGE('',*,*,#2145,.T.);
#3126=ORIENTED_EDGE('',*,*,#2146,.T.);
#3127=ORIENTED_EDGE('',*,*,#2108,.F.);
#3128=ORIENTED_EDGE('',*,*,#2109,.F.);
#3129=ORIENTED_EDGE('',*,*,#2146,.F.);
#3130=ORIENTED_EDGE('',*,*,#2123,.F.);
#3131=ORIENTED_EDGE('',*,*,#2110,.F.);
#3132=ORIENTED_EDGE('',*,*,#2126,.F.);
#3133=ORIENTED_EDGE('',*,*,#2147,.F.);
#3134=ORIENTED_EDGE('',*,*,#2116,.F.);
#3135=ORIENTED_EDGE('',*,*,#2111,.T.);
#3136=ORIENTED_EDGE('',*,*,#2147,.T.);
#3137=ORIENTED_EDGE('',*,*,#2148,.T.);
#3138=ORIENTED_EDGE('',*,*,#2118,.F.);
#3139=ORIENTED_EDGE('',*,*,#2125,.F.);
#3140=ORIENTED_EDGE('',*,*,#2119,.F.);
#3141=ORIENTED_EDGE('',*,*,#2148,.F.);
#3142=ORIENTED_EDGE('',*,*,#2124,.F.);
#3143=ORIENTED_EDGE('',*,*,#2145,.F.);
#3144=ORIENTED_EDGE('',*,*,#2120,.F.);
#3145=PLANE('',#3497);
#3146=PLANE('',#3498);
#3147=PLANE('',#3499);
#3148=PLANE('',#3500);
#3149=PLANE('',#3501);
#3150=PLANE('',#3502);
#3151=PLANE('',#3503);
#3152=PLANE('',#3505);
#3153=PLANE('',#3506);
#3154=PLANE('',#3507);
#3155=PLANE('',#3508);
#3156=PLANE('',#3509);
#3157=PLANE('',#3510);
#3158=PLANE('',#3511);
#3159=PLANE('',#3512);
#3160=PLANE('',#3513);
#3161=PLANE('',#3514);
#3162=PLANE('',#3515);
#3163=PLANE('',#3517);
#3164=PLANE('',#3518);
#3165=PLANE('',#3519);
#3166=PLANE('',#3520);
#3167=PLANE('',#3521);
#3168=PLANE('',#3522);
#3169=PLANE('',#3526);
#3170=PLANE('',#3527);
#3171=PLANE('',#3528);
#3172=PLANE('',#3529);
#3173=PLANE('',#3530);
#3174=PLANE('',#3531);
#3175=PLANE('',#3532);
#3176=PLANE('',#3533);
#3177=PLANE('',#3534);
#3178=PLANE('',#3535);
#3179=PLANE('',#3539);
#3180=PLANE('',#3540);
#3181=PLANE('',#3541);
#3182=PLANE('',#3545);
#3183=PLANE('',#3546);
#3184=PLANE('',#3547);
#3185=PLANE('',#3548);
#3186=PLANE('',#3552);
#3187=PLANE('',#3556);
#3188=PLANE('',#3557);
#3189=PLANE('',#3561);
#3190=PLANE('',#3562);
#3191=PLANE('',#3570);
#3192=PLANE('',#3571);
#3193=PLANE('',#3572);
#3194=PLANE('',#3577);
#3195=PLANE('',#3578);
#3196=PLANE('',#3579);
#3197=PLANE('',#3584);
#3198=PLANE('',#3585);
#3199=PLANE('',#3586);
#3200=PLANE('',#3587);
#3201=PLANE('',#3588);
#3202=PLANE('',#3589);
#3203=PLANE('',#3590);
#3204=PLANE('',#3591);
#3205=PLANE('',#3592);
#3206=PLANE('',#3593);
#3207=PLANE('',#3594);
#3208=PLANE('',#3595);
#3209=PLANE('',#3600);
#3210=PLANE('',#3601);
#3211=PLANE('',#3606);
#3212=PLANE('',#3611);
#3213=PLANE('',#3612);
#3214=PLANE('',#3613);
#3215=PLANE('',#3618);
#3216=PLANE('',#3619);
#3217=PLANE('',#3620);
#3218=PLANE('',#3621);
#3219=PLANE('',#3622);
#3220=PLANE('',#3625);
#3221=PLANE('',#3630);
#3222=PLANE('',#3631);
#3223=PLANE('',#3632);
#3224=PLANE('',#3636);
#3225=PLANE('',#3637);
#3226=PLANE('',#3638);
#3227=PLANE('',#3639);
#3228=PLANE('',#3640);
#3229=PLANE('',#3641);
#3230=PLANE('',#3642);
#3231=PLANE('',#3643);
#3232=PLANE('',#3644);
#3233=PLANE('',#3645);
#3234=PLANE('',#3646);
#3235=PLANE('',#3647);
#3236=PLANE('',#3648);
#3237=PLANE('',#3664);
#3238=PLANE('',#3665);
#3239=PLANE('',#3666);
#3240=PLANE('',#3667);
#3241=PLANE('',#3668);
#3242=PLANE('',#3669);
#3243=PLANE('',#3670);
#3244=PLANE('',#3671);
#3245=PLANE('',#3672);
#3246=PLANE('',#3673);
#3247=PLANE('',#3674);
#3248=PLANE('',#3675);
#3249=PLANE('',#3676);
#3250=PLANE('',#3677);
#3251=PLANE('',#3678);
#3252=PLANE('',#3679);
#3253=PLANE('',#3680);
#3254=PLANE('',#3681);
#3255=PLANE('',#3682);
#3256=PLANE('',#3683);
#3257=PLANE('',#3684);
#3258=PLANE('',#3685);
#3259=PLANE('',#3686);
#3260=PLANE('',#3687);
#3261=PLANE('',#3688);
#3262=PLANE('',#3689);
#3263=PLANE('',#3690);
#3264=PLANE('',#3691);
#3265=PLANE('',#3692);
#3266=PLANE('',#3693);
#3267=PLANE('',#3694);
#3268=PLANE('',#3695);
#3269=PLANE('',#3696);
#3270=PLANE('',#3697);
#3271=PLANE('',#3698);
#3272=PLANE('',#3699);
#3273=PLANE('',#3700);
#3274=PLANE('',#3701);
#3275=PLANE('',#3702);
#3276=PLANE('',#3703);
#3277=PLANE('',#3704);
#3278=PLANE('',#3705);
#3279=PLANE('',#3706);
#3280=PLANE('',#3707);
#3281=PLANE('',#3708);
#3282=PLANE('',#3709);
#3283=PLANE('',#3710);
#3284=PLANE('',#3711);
#3285=PLANE('',#3727);
#3286=PLANE('',#3728);
#3287=PLANE('',#3729);
#3288=PLANE('',#3730);
#3289=PLANE('',#3731);
#3290=PLANE('',#3732);
#3291=PLANE('',#3733);
#3292=PLANE('',#3734);
#3293=PLANE('',#3735);
#3294=PLANE('',#3736);
#3295=PLANE('',#3737);
#3296=PLANE('',#3738);
#3297=PLANE('',#3739);
#3298=PLANE('',#3740);
#3299=PLANE('',#3741);
#3300=PLANE('',#3742);
#3301=PLANE('',#3743);
#3302=PLANE('',#3744);
#3303=ADVANCED_FACE('',(#111),#3145,.T.);
#3304=ADVANCED_FACE('',(#112),#3146,.T.);
#3305=ADVANCED_FACE('',(#113),#3147,.T.);
#3306=ADVANCED_FACE('',(#114),#3148,.T.);
#3307=ADVANCED_FACE('',(#115),#3149,.T.);
#3308=ADVANCED_FACE('',(#116),#3150,.T.);
#3309=ADVANCED_FACE('',(#117),#3151,.T.);
#3310=ADVANCED_FACE('',(#118),#3152,.T.);
#3311=ADVANCED_FACE('',(#119),#3153,.T.);
#3312=ADVANCED_FACE('',(#120),#3154,.T.);
#3313=ADVANCED_FACE('',(#121),#3155,.T.);
#3314=ADVANCED_FACE('',(#122),#3156,.F.);
#3315=ADVANCED_FACE('',(#123),#3157,.T.);
#3316=ADVANCED_FACE('',(#124),#3158,.T.);
#3317=ADVANCED_FACE('',(#125),#3159,.T.);
#3318=ADVANCED_FACE('',(#126),#3160,.T.);
#3319=ADVANCED_FACE('',(#127),#3161,.F.);
#3320=ADVANCED_FACE('',(#128),#3162,.T.);
#3321=ADVANCED_FACE('',(#129),#3163,.T.);
#3322=ADVANCED_FACE('',(#130),#3164,.T.);
#3323=ADVANCED_FACE('',(#131),#3165,.T.);
#3324=ADVANCED_FACE('',(#132),#3166,.T.);
#3325=ADVANCED_FACE('',(#133),#3167,.T.);
#3326=ADVANCED_FACE('',(#134,#37,#38,#39),#3168,.F.);
#3327=ADVANCED_FACE('',(#135),#3169,.F.);
#3328=ADVANCED_FACE('',(#136),#3170,.F.);
#3329=ADVANCED_FACE('',(#137),#3171,.T.);
#3330=ADVANCED_FACE('',(#138),#3172,.T.);
#3331=ADVANCED_FACE('',(#139),#3173,.T.);
#3332=ADVANCED_FACE('',(#140),#3174,.T.);
#3333=ADVANCED_FACE('',(#141),#3175,.T.);
#3334=ADVANCED_FACE('',(#142),#3176,.T.);
#3335=ADVANCED_FACE('',(#143),#3177,.T.);
#3336=ADVANCED_FACE('',(#144),#3178,.T.);
#3337=ADVANCED_FACE('',(#145),#31,.F.);
#3338=ADVANCED_FACE('',(#146),#3179,.T.);
#3339=ADVANCED_FACE('',(#147),#3180,.T.);
#3340=ADVANCED_FACE('',(#148),#3181,.T.);
#3341=ADVANCED_FACE('',(#149),#32,.F.);
#3342=ADVANCED_FACE('',(#150),#3182,.T.);
#3343=ADVANCED_FACE('',(#151),#3183,.T.);
#3344=ADVANCED_FACE('',(#152),#3184,.T.);
#3345=ADVANCED_FACE('',(#153),#3185,.T.);
#3346=ADVANCED_FACE('',(#154),#33,.F.);
#3347=ADVANCED_FACE('',(#155),#3186,.T.);
#3348=ADVANCED_FACE('',(#156),#34,.F.);
#3349=ADVANCED_FACE('',(#157),#3187,.T.);
#3350=ADVANCED_FACE('',(#158),#3188,.T.);
#3351=ADVANCED_FACE('',(#159),#35,.F.);
#3352=ADVANCED_FACE('',(#160),#3189,.T.);
#3353=ADVANCED_FACE('',(#161),#3190,.T.);
#3354=ADVANCED_FACE('',(#162),#36,.F.);
#3355=ADVANCED_FACE('',(#163),#15,.F.);
#3356=ADVANCED_FACE('',(#164),#3191,.T.);
#3357=ADVANCED_FACE('',(#165),#3192,.T.);
#3358=ADVANCED_FACE('',(#166),#3193,.T.);
#3359=ADVANCED_FACE('',(#167),#16,.F.);
#3360=ADVANCED_FACE('',(#168),#3194,.T.);
#3361=ADVANCED_FACE('',(#169),#3195,.T.);
#3362=ADVANCED_FACE('',(#170),#3196,.T.);
#3363=ADVANCED_FACE('',(#171),#17,.F.);
#3364=ADVANCED_FACE('',(#172),#3197,.T.);
#3365=ADVANCED_FACE('',(#173),#3198,.T.);
#3366=ADVANCED_FACE('',(#174),#3199,.T.);
#3367=ADVANCED_FACE('',(#175),#3200,.F.);
#3368=ADVANCED_FACE('',(#176),#3201,.T.);
#3369=ADVANCED_FACE('',(#177),#3202,.T.);
#3370=ADVANCED_FACE('',(#178),#3203,.T.);
#3371=ADVANCED_FACE('',(#179),#3204,.T.);
#3372=ADVANCED_FACE('',(#180),#3205,.F.);
#3373=ADVANCED_FACE('',(#181),#3206,.F.);
#3374=ADVANCED_FACE('',(#182),#3207,.F.);
#3375=ADVANCED_FACE('',(#183),#3208,.F.);
#3376=ADVANCED_FACE('',(#184),#18,.F.);
#3377=ADVANCED_FACE('',(#185),#3209,.F.);
#3378=ADVANCED_FACE('',(#186),#3210,.T.);
#3379=ADVANCED_FACE('',(#187),#19,.F.);
#3380=ADVANCED_FACE('',(#188),#3211,.F.);
#3381=ADVANCED_FACE('',(#189),#20,.F.);
#3382=ADVANCED_FACE('',(#190),#3212,.F.);
#3383=ADVANCED_FACE('',(#191),#3213,.F.);
#3384=ADVANCED_FACE('',(#192),#3214,.F.);
#3385=ADVANCED_FACE('',(#193),#21,.F.);
#3386=ADVANCED_FACE('',(#194),#22,.F.);
#3387=ADVANCED_FACE('',(#195),#3215,.F.);
#3388=ADVANCED_FACE('',(#196),#3216,.F.);
#3389=ADVANCED_FACE('',(#197),#3217,.F.);
#3390=ADVANCED_FACE('',(#198),#3218,.F.);
#3391=ADVANCED_FACE('',(#199),#3219,.T.);
#3392=ADVANCED_FACE('',(#200),#3220,.F.);
#3393=ADVANCED_FACE('',(#201),#23,.F.);
#3394=ADVANCED_FACE('',(#202),#24,.F.);
#3395=ADVANCED_FACE('',(#203),#3221,.F.);
#3396=ADVANCED_FACE('',(#204),#3222,.F.);
#3397=ADVANCED_FACE('',(#205,#40,#41,#42),#3223,.F.);
#3398=ADVANCED_FACE('',(#206),#3224,.T.);
#3399=ADVANCED_FACE('',(#207),#3225,.T.);
#3400=ADVANCED_FACE('',(#208),#3226,.T.);
#3401=ADVANCED_FACE('',(#209),#3227,.T.);
#3402=ADVANCED_FACE('',(#210),#3228,.T.);
#3403=ADVANCED_FACE('',(#211),#3229,.T.);
#3404=ADVANCED_FACE('',(#212),#3230,.T.);
#3405=ADVANCED_FACE('',(#213),#3231,.T.);
#3406=ADVANCED_FACE('',(#214),#3232,.T.);
#3407=ADVANCED_FACE('',(#215),#3233,.T.);
#3408=ADVANCED_FACE('',(#216),#3234,.T.);
#3409=ADVANCED_FACE('',(#217),#3235,.T.);
#3410=ADVANCED_FACE('',(#218),#3236,.T.);
#3411=ADVANCED_FACE('',(#219),#25,.F.);
#3412=ADVANCED_FACE('',(#220),#26,.F.);
#3413=ADVANCED_FACE('',(#221),#27,.F.);
#3414=ADVANCED_FACE('',(#222),#3237,.T.);
#3415=ADVANCED_FACE('',(#223),#3238,.T.);
#3416=ADVANCED_FACE('',(#224),#3239,.T.);
#3417=ADVANCED_FACE('',(#225),#3240,.T.);
#3418=ADVANCED_FACE('',(#226),#3241,.T.);
#3419=ADVANCED_FACE('',(#227),#3242,.T.);
#3420=ADVANCED_FACE('',(#228),#3243,.T.);
#3421=ADVANCED_FACE('',(#229),#3244,.F.);
#3422=ADVANCED_FACE('',(#230),#3245,.F.);
#3423=ADVANCED_FACE('',(#231),#3246,.T.);
#3424=ADVANCED_FACE('',(#232),#3247,.T.);
#3425=ADVANCED_FACE('',(#233),#3248,.T.);
#3426=ADVANCED_FACE('',(#234),#3249,.F.);
#3427=ADVANCED_FACE('',(#235),#3250,.F.);
#3428=ADVANCED_FACE('',(#236),#3251,.F.);
#3429=ADVANCED_FACE('',(#237),#3252,.F.);
#3430=ADVANCED_FACE('',(#238),#3253,.F.);
#3431=ADVANCED_FACE('',(#239),#3254,.F.);
#3432=ADVANCED_FACE('',(#240),#3255,.F.);
#3433=ADVANCED_FACE('',(#241),#3256,.F.);
#3434=ADVANCED_FACE('',(#242),#3257,.F.);
#3435=ADVANCED_FACE('',(#243),#3258,.F.);
#3436=ADVANCED_FACE('',(#244),#3259,.T.);
#3437=ADVANCED_FACE('',(#245),#3260,.T.);
#3438=ADVANCED_FACE('',(#246),#3261,.T.);
#3439=ADVANCED_FACE('',(#247),#3262,.T.);
#3440=ADVANCED_FACE('',(#248),#3263,.T.);
#3441=ADVANCED_FACE('',(#249),#3264,.T.);
#3442=ADVANCED_FACE('',(#250),#3265,.T.);
#3443=ADVANCED_FACE('',(#251),#3266,.T.);
#3444=ADVANCED_FACE('',(#252),#3267,.T.);
#3445=ADVANCED_FACE('',(#253),#3268,.T.);
#3446=ADVANCED_FACE('',(#254),#3269,.T.);
#3447=ADVANCED_FACE('',(#255),#3270,.T.);
#3448=ADVANCED_FACE('',(#256),#3271,.T.);
#3449=ADVANCED_FACE('',(#257),#3272,.T.);
#3450=ADVANCED_FACE('',(#258),#3273,.T.);
#3451=ADVANCED_FACE('',(#259),#3274,.T.);
#3452=ADVANCED_FACE('',(#260),#3275,.T.);
#3453=ADVANCED_FACE('',(#261),#3276,.T.);
#3454=ADVANCED_FACE('',(#262),#3277,.T.);
#3455=ADVANCED_FACE('',(#263),#3278,.T.);
#3456=ADVANCED_FACE('',(#264),#3279,.T.);
#3457=ADVANCED_FACE('',(#265),#3280,.T.);
#3458=ADVANCED_FACE('',(#266),#3281,.T.);
#3459=ADVANCED_FACE('',(#267),#3282,.T.);
#3460=ADVANCED_FACE('',(#268),#3283,.T.);
#3461=ADVANCED_FACE('',(#269),#3284,.T.);
#3462=ADVANCED_FACE('',(#270),#28,.F.);
#3463=ADVANCED_FACE('',(#271),#29,.F.);
#3464=ADVANCED_FACE('',(#272),#30,.F.);
#3465=ADVANCED_FACE('',(#273),#3285,.T.);
#3466=ADVANCED_FACE('',(#274),#3286,.F.);
#3467=ADVANCED_FACE('',(#275),#3287,.F.);
#3468=ADVANCED_FACE('',(#276),#3288,.T.);
#3469=ADVANCED_FACE('',(#277),#3289,.F.);
#3470=ADVANCED_FACE('',(#278),#3290,.F.);
#3471=ADVANCED_FACE('',(#279),#3291,.T.);
#3472=ADVANCED_FACE('',(#280),#3292,.F.);
#3473=ADVANCED_FACE('',(#281),#3293,.F.);
#3474=ADVANCED_FACE('',(#282),#3294,.T.);
#3475=ADVANCED_FACE('',(#283),#3295,.F.);
#3476=ADVANCED_FACE('',(#284),#3296,.F.);
#3477=ADVANCED_FACE('',(#285),#3297,.T.);
#3478=ADVANCED_FACE('',(#286),#3298,.F.);
#3479=ADVANCED_FACE('',(#287),#3299,.F.);
#3480=ADVANCED_FACE('',(#288),#3300,.T.);
#3481=ADVANCED_FACE('',(#289),#3301,.F.);
#3482=ADVANCED_FACE('',(#290),#3302,.F.);
#3483=CLOSED_SHELL('',(#3303,#3304,#3305,#3306,#3307,#3308,#3309,#3310,
#3311,#3312,#3313,#3314,#3315,#3316,#3317,#3318,#3319,#3320,#3321,#3322,
#3323,#3324,#3325,#3326,#3327,#3328,#3329,#3330,#3331,#3332,#3333,#3334,
#3335,#3336,#3337,#3338,#3339,#3340,#3341,#3342,#3343,#3344,#3345,#3346,
#3347,#3348,#3349,#3350,#3351,#3352,#3353,#3354,#3355,#3356,#3357,#3358,
#3359,#3360,#3361,#3362,#3363,#3364,#3365,#3366,#3367,#3368,#3369,#3370,
#3371,#3372,#3373,#3374,#3375,#3376,#3377,#3378,#3379,#3380,#3381,#3382,
#3383,#3384,#3385,#3386,#3387,#3388,#3389,#3390,#3391,#3392,#3393,#3394,
#3395,#3396,#3397,#3398,#3399,#3400,#3401,#3402,#3403,#3404,#3405,#3406,
#3407,#3408,#3409,#3410,#3411,#3412,#3413,#3414,#3415,#3416,#3417,#3418,
#3419,#3420,#3421,#3422,#3423,#3424,#3425,#3426,#3427,#3428,#3429,#3430,
#3431,#3432,#3433,#3434,#3435,#3436,#3437,#3438,#3439,#3440,#3441,#3442,
#3443,#3444,#3445,#3446,#3447,#3448,#3449,#3450,#3451,#3452,#3453,#3454,
#3455,#3456,#3457,#3458,#3459,#3460,#3461,#3462,#3463,#3464,#3465,#3466,
#3467,#3468,#3469,#3470,#3471,#3472,#3473,#3474,#3475,#3476,#3477,#3478,
#3479,#3480,#3481,#3482));
#3484=DERIVED_UNIT_ELEMENT(#3486,1.);
#3485=DERIVED_UNIT_ELEMENT(#5671,-3.);
#3486=(
MASS_UNIT()
NAMED_UNIT(*)
SI_UNIT(.KILO.,.GRAM.)
);
#3487=DERIVED_UNIT((#3484,#3485));
#3488=MEASURE_REPRESENTATION_ITEM('density measure',
POSITIVE_RATIO_MEASURE(7850.),#3487);
#3489=PROPERTY_DEFINITION_REPRESENTATION(#3494,#3491);
#3490=PROPERTY_DEFINITION_REPRESENTATION(#3495,#3492);
#3491=REPRESENTATION('material name',(#3493),#5668);
#3492=REPRESENTATION('density',(#3488),#5668);
#3493=DESCRIPTIVE_REPRESENTATION_ITEM('Acero','Acero');
#3494=PROPERTY_DEFINITION('material property','material name',#5678);
#3495=PROPERTY_DEFINITION('material property','density of part',#5678);
#3496=AXIS2_PLACEMENT_3D('',#4673,#3745,#3746);
#3497=AXIS2_PLACEMENT_3D('',#4674,#3747,#3748);
#3498=AXIS2_PLACEMENT_3D('',#4683,#3753,#3754);
#3499=AXIS2_PLACEMENT_3D('',#4689,#3758,#3759);
#3500=AXIS2_PLACEMENT_3D('',#4695,#3763,#3764);
#3501=AXIS2_PLACEMENT_3D('',#4703,#3769,#3770);
#3502=AXIS2_PLACEMENT_3D('',#4711,#3775,#3776);
#3503=AXIS2_PLACEMENT_3D('',#4719,#3781,#3782);
#3504=AXIS2_PLACEMENT_3D('',#4725,#3785,#3786);
#3505=AXIS2_PLACEMENT_3D('',#4739,#3794,#3795);
#3506=AXIS2_PLACEMENT_3D('',#4745,#3799,#3800);
#3507=AXIS2_PLACEMENT_3D('',#4749,#3803,#3804);
#3508=AXIS2_PLACEMENT_3D('',#4753,#3807,#3808);
#3509=AXIS2_PLACEMENT_3D('',#4757,#3811,#3812);
#3510=AXIS2_PLACEMENT_3D('',#4773,#3821,#3822);
#3511=AXIS2_PLACEMENT_3D('',#4784,#3828,#3829);
#3512=AXIS2_PLACEMENT_3D('',#4790,#3833,#3834);
#3513=AXIS2_PLACEMENT_3D('',#4796,#3838,#3839);
#3514=AXIS2_PLACEMENT_3D('',#4802,#3843,#3844);
#3515=AXIS2_PLACEMENT_3D('',#4815,#3852,#3853);
#3516=AXIS2_PLACEMENT_3D('',#4830,#3861,#3862);
#3517=AXIS2_PLACEMENT_3D('',#4832,#3864,#3865);
#3518=AXIS2_PLACEMENT_3D('',#4840,#3870,#3871);
#3519=AXIS2_PLACEMENT_3D('',#4844,#3874,#3875);
#3520=AXIS2_PLACEMENT_3D('',#4848,#3878,#3879);
#3521=AXIS2_PLACEMENT_3D('',#4852,#3882,#3883);
#3522=AXIS2_PLACEMENT_3D('',#4856,#3886,#3887);
#3523=AXIS2_PLACEMENT_3D('',#4859,#3889,#3890);
#3524=AXIS2_PLACEMENT_3D('',#4861,#3891,#3892);
#3525=AXIS2_PLACEMENT_3D('',#4863,#3893,#3894);
#3526=AXIS2_PLACEMENT_3D('',#4864,#3895,#3896);
#3527=AXIS2_PLACEMENT_3D('',#4866,#3898,#3899);
#3528=AXIS2_PLACEMENT_3D('',#4892,#3913,#3914);
#3529=AXIS2_PLACEMENT_3D('',#4898,#3918,#3919);
#3530=AXIS2_PLACEMENT_3D('',#4902,#3922,#3923);
#3531=AXIS2_PLACEMENT_3D('',#4913,#3929,#3930);
#3532=AXIS2_PLACEMENT_3D('',#4919,#3934,#3935);
#3533=AXIS2_PLACEMENT_3D('',#4930,#3941,#3942);
#3534=AXIS2_PLACEMENT_3D('',#4936,#3946,#3947);
#3535=AXIS2_PLACEMENT_3D('',#4947,#3953,#3954);
#3536=AXIS2_PLACEMENT_3D('',#4958,#3960,#3961);
#3537=AXIS2_PLACEMENT_3D('',#4963,#3963,#3964);
#3538=AXIS2_PLACEMENT_3D('',#4966,#3966,#3967);
#3539=AXIS2_PLACEMENT_3D('',#4967,#3968,#3969);
#3540=AXIS2_PLACEMENT_3D('',#4975,#3974,#3975);
#3541=AXIS2_PLACEMENT_3D('',#4980,#3979,#3980);
#3542=AXIS2_PLACEMENT_3D('',#4983,#3983,#3984);
#3543=AXIS2_PLACEMENT_3D('',#4985,#3985,#3986);
#3544=AXIS2_PLACEMENT_3D('',#4988,#3988,#3989);
#3545=AXIS2_PLACEMENT_3D('',#4989,#3990,#3991);
#3546=AXIS2_PLACEMENT_3D('',#4995,#3995,#3996);
#3547=AXIS2_PLACEMENT_3D('',#5003,#4001,#4002);
#3548=AXIS2_PLACEMENT_3D('',#5011,#4007,#4008);
#3549=AXIS2_PLACEMENT_3D('',#5014,#4011,#4012);
#3550=AXIS2_PLACEMENT_3D('',#5018,#4014,#4015);
#3551=AXIS2_PLACEMENT_3D('',#5019,#4016,#4017);
#3552=AXIS2_PLACEMENT_3D('',#5020,#4018,#4019);
#3553=AXIS2_PLACEMENT_3D('',#5025,#4023,#4024);
#3554=AXIS2_PLACEMENT_3D('',#5027,#4025,#4026);
#3555=AXIS2_PLACEMENT_3D('',#5030,#4028,#4029);
#3556=AXIS2_PLACEMENT_3D('',#5031,#4030,#4031);
#3557=AXIS2_PLACEMENT_3D('',#5039,#4036,#4037);
#3558=AXIS2_PLACEMENT_3D('',#5042,#4040,#4041);
#3559=AXIS2_PLACEMENT_3D('',#5046,#4043,#4044);
#3560=AXIS2_PLACEMENT_3D('',#5047,#4045,#4046);
#3561=AXIS2_PLACEMENT_3D('',#5048,#4047,#4048);
#3562=AXIS2_PLACEMENT_3D('',#5053,#4052,#4053);
#3563=AXIS2_PLACEMENT_3D('',#5059,#4057,#4058);
#3564=AXIS2_PLACEMENT_3D('',#5060,#4059,#4060);
#3565=AXIS2_PLACEMENT_3D('',#5061,#4061,#4062);
#3566=AXIS2_PLACEMENT_3D('',#5062,#4063,#4064);
#3567=AXIS2_PLACEMENT_3D('',#5066,#4066,#4067);
#3568=AXIS2_PLACEMENT_3D('',#5070,#4069,#4070);
#3569=AXIS2_PLACEMENT_3D('',#5074,#4072,#4073);
#3570=AXIS2_PLACEMENT_3D('',#5076,#4075,#4076);
#3571=AXIS2_PLACEMENT_3D('',#5088,#4083,#4084);
#3572=AXIS2_PLACEMENT_3D('',#5092,#4087,#4088);
#3573=AXIS2_PLACEMENT_3D('',#5104,#4095,#4096);
#3574=AXIS2_PLACEMENT_3D('',#5108,#4098,#4099);
#3575=AXIS2_PLACEMENT_3D('',#5112,#4101,#4102);
#3576=AXIS2_PLACEMENT_3D('',#5115,#4104,#4105);
#3577=AXIS2_PLACEMENT_3D('',#5116,#4106,#4107);
#3578=AXIS2_PLACEMENT_3D('',#5128,#4114,#4115);
#3579=AXIS2_PLACEMENT_3D('',#5132,#4118,#4119);
#3580=AXIS2_PLACEMENT_3D('',#5144,#4126,#4127);
#3581=AXIS2_PLACEMENT_3D('',#5148,#4129,#4130);
#3582=AXIS2_PLACEMENT_3D('',#5152,#4132,#4133);
#3583=AXIS2_PLACEMENT_3D('',#5155,#4135,#4136);
#3584=AXIS2_PLACEMENT_3D('',#5156,#4137,#4138);
#3585=AXIS2_PLACEMENT_3D('',#5168,#4145,#4146);
#3586=AXIS2_PLACEMENT_3D('',#5170,#4148,#4149);
#3587=AXIS2_PLACEMENT_3D('',#5180,#4155,#4156);
#3588=AXIS2_PLACEMENT_3D('',#5181,#4157,#4158);
#3589=AXIS2_PLACEMENT_3D('',#5192,#4165,#4166);
#3590=AXIS2_PLACEMENT_3D('',#5203,#4173,#4174);
#3591=AXIS2_PLACEMENT_3D('',#5214,#4181,#4182);
#3592=AXIS2_PLACEMENT_3D('',#5226,#4189,#4190);
#3593=AXIS2_PLACEMENT_3D('',#5229,#4193,#4194);
#3594=AXIS2_PLACEMENT_3D('',#5234,#4199,#4200);
#3595=AXIS2_PLACEMENT_3D('',#5236,#4202,#4203);
#3596=AXIS2_PLACEMENT_3D('',#5238,#4205,#4206);
#3597=AXIS2_PLACEMENT_3D('',#5240,#4207,#4208);
#3598=AXIS2_PLACEMENT_3D('',#5244,#4210,#4211);
#3599=AXIS2_PLACEMENT_3D('',#5247,#4213,#4214);
#3600=AXIS2_PLACEMENT_3D('',#5248,#4215,#4216);
#3601=AXIS2_PLACEMENT_3D('',#5250,#4218,#4219);
#3602=AXIS2_PLACEMENT_3D('',#5261,#4226,#4227);
#3603=AXIS2_PLACEMENT_3D('',#5263,#4228,#4229);
#3604=AXIS2_PLACEMENT_3D('',#5267,#4231,#4232);
#3605=AXIS2_PLACEMENT_3D('',#5270,#4234,#4235);
#3606=AXIS2_PLACEMENT_3D('',#5271,#4236,#4237);
#3607=AXIS2_PLACEMENT_3D('',#5273,#4239,#4240);
#3608=AXIS2_PLACEMENT_3D('',#5275,#4241,#4242);
#3609=AXIS2_PLACEMENT_3D('',#5279,#4244,#4245);
#3610=AXIS2_PLACEMENT_3D('',#5283,#4247,#4248);
#3611=AXIS2_PLACEMENT_3D('',#5285,#4250,#4251);
#3612=AXIS2_PLACEMENT_3D('',#5289,#4254,#4255);
#3613=AXIS2_PLACEMENT_3D('',#5293,#4258,#4259);
#3614=AXIS2_PLACEMENT_3D('',#5297,#4262,#4263);
#3615=AXIS2_PLACEMENT_3D('',#5299,#4264,#4265);
#3616=AXIS2_PLACEMENT_3D('',#5301,#4267,#4268);
#3617=AXIS2_PLACEMENT_3D('',#5303,#4269,#4270);
#3618=AXIS2_PLACEMENT_3D('',#5305,#4272,#4273);
#3619=AXIS2_PLACEMENT_3D('',#5309,#4276,#4277);
#3620=AXIS2_PLACEMENT_3D('',#5313,#4280,#4281);
#3621=AXIS2_PLACEMENT_3D('',#5315,#4283,#4284);
#3622=AXIS2_PLACEMENT_3D('',#5317,#4286,#4287);
#3623=AXIS2_PLACEMENT_3D('',#5319,#4288,#4289);
#3624=AXIS2_PLACEMENT_3D('',#5326,#4293,#4294);
#3625=AXIS2_PLACEMENT_3D('',#5327,#4295,#4296);
#3626=AXIS2_PLACEMENT_3D('',#5333,#4300,#4301);
#3627=AXIS2_PLACEMENT_3D('',#5334,#4302,#4303);
#3628=AXIS2_PLACEMENT_3D('',#5335,#4304,#4305);
#3629=AXIS2_PLACEMENT_3D('',#5337,#4306,#4307);
#3630=AXIS2_PLACEMENT_3D('',#5339,#4309,#4310);
#3631=AXIS2_PLACEMENT_3D('',#5343,#4313,#4314);
#3632=AXIS2_PLACEMENT_3D('',#5345,#4316,#4317);
#3633=AXIS2_PLACEMENT_3D('',#5348,#4319,#4320);
#3634=AXIS2_PLACEMENT_3D('',#5350,#4321,#4322);
#3635=AXIS2_PLACEMENT_3D('',#5352,#4323,#4324);
#3636=AXIS2_PLACEMENT_3D('',#5353,#4325,#4326);
#3637=AXIS2_PLACEMENT_3D('',#5354,#4327,#4328);
#3638=AXIS2_PLACEMENT_3D('',#5355,#4329,#4330);
#3639=AXIS2_PLACEMENT_3D('',#5356,#4331,#4332);
#3640=AXIS2_PLACEMENT_3D('',#5357,#4333,#4334);
#3641=AXIS2_PLACEMENT_3D('',#5359,#4336,#4337);
#3642=AXIS2_PLACEMENT_3D('',#5360,#4338,#4339);
#3643=AXIS2_PLACEMENT_3D('',#5364,#4342,#4343);
#3644=AXIS2_PLACEMENT_3D('',#5368,#4346,#4347);
#3645=AXIS2_PLACEMENT_3D('',#5370,#4349,#4350);
#3646=AXIS2_PLACEMENT_3D('',#5372,#4352,#4353);
#3647=AXIS2_PLACEMENT_3D('',#5384,#4360,#4361);
#3648=AXIS2_PLACEMENT_3D('',#5388,#4364,#4365);
#3649=AXIS2_PLACEMENT_3D('',#5392,#4368,#4369);
#3650=AXIS2_PLACEMENT_3D('',#5396,#4371,#4372);
#3651=AXIS2_PLACEMENT_3D('',#5398,#4373,#4374);
#3652=AXIS2_PLACEMENT_3D('',#5400,#4375,#4376);
#3653=AXIS2_PLACEMENT_3D('',#5401,#4377,#4378);
#3654=AXIS2_PLACEMENT_3D('',#5402,#4379,#4380);
#3655=AXIS2_PLACEMENT_3D('',#5406,#4382,#4383);
#3656=AXIS2_PLACEMENT_3D('',#5408,#4384,#4385);
#3657=AXIS2_PLACEMENT_3D('',#5410,#4386,#4387);
#3658=AXIS2_PLACEMENT_3D('',#5411,#4388,#4389);
#3659=AXIS2_PLACEMENT_3D('',#5412,#4390,#4391);
#3660=AXIS2_PLACEMENT_3D('',#5416,#4393,#4394);
#3661=AXIS2_PLACEMENT_3D('',#5417,#4395,#4396);
#3662=AXIS2_PLACEMENT_3D('',#5419,#4397,#4398);
#3663=AXIS2_PLACEMENT_3D('',#5420,#4399,#4400);
#3664=AXIS2_PLACEMENT_3D('',#5421,#4401,#4402);
#3665=AXIS2_PLACEMENT_3D('',#5432,#4409,#4410);
#3666=AXIS2_PLACEMENT_3D('',#5436,#4413,#4414);
#3667=AXIS2_PLACEMENT_3D('',#5440,#4417,#4418);
#3668=AXIS2_PLACEMENT_3D('',#5451,#4425,#4426);
#3669=AXIS2_PLACEMENT_3D('',#5455,#4429,#4430);
#3670=AXIS2_PLACEMENT_3D('',#5459,#4433,#4434);
#3671=AXIS2_PLACEMENT_3D('',#5464,#4438,#4439);
#3672=AXIS2_PLACEMENT_3D('',#5465,#4440,#4441);
#3673=AXIS2_PLACEMENT_3D('',#5467,#4443,#4444);
#3674=AXIS2_PLACEMENT_3D('',#5471,#4447,#4448);
#3675=AXIS2_PLACEMENT_3D('',#5475,#4452,#4453);
#3676=AXIS2_PLACEMENT_3D('',#5476,#4454,#4455);
#3677=AXIS2_PLACEMENT_3D('',#5480,#4458,#4459);
#3678=AXIS2_PLACEMENT_3D('',#5484,#4462,#4463);
#3679=AXIS2_PLACEMENT_3D('',#5486,#4465,#4466);
#3680=AXIS2_PLACEMENT_3D('',#5488,#4468,#4469);
#3681=AXIS2_PLACEMENT_3D('',#5492,#4472,#4473);
#3682=AXIS2_PLACEMENT_3D('',#5496,#4476,#4477);
#3683=AXIS2_PLACEMENT_3D('',#5498,#4479,#4480);
#3684=AXIS2_PLACEMENT_3D('',#5500,#4482,#4483);
#3685=AXIS2_PLACEMENT_3D('',#5501,#4484,#4485);
#3686=AXIS2_PLACEMENT_3D('',#5502,#4486,#4487);
#3687=AXIS2_PLACEMENT_3D('',#5504,#4489,#4490);
#3688=AXIS2_PLACEMENT_3D('',#5506,#4492,#4493);
#3689=AXIS2_PLACEMENT_3D('',#5508,#4495,#4496);
#3690=AXIS2_PLACEMENT_3D('',#5509,#4497,#4498);
#3691=AXIS2_PLACEMENT_3D('',#5511,#4500,#4501);
#3692=AXIS2_PLACEMENT_3D('',#5513,#4503,#4504);
#3693=AXIS2_PLACEMENT_3D('',#5515,#4506,#4507);
#3694=AXIS2_PLACEMENT_3D('',#5516,#4508,#4509);
#3695=AXIS2_PLACEMENT_3D('',#5518,#4511,#4512);
#3696=AXIS2_PLACEMENT_3D('',#5530,#4519,#4520);
#3697=AXIS2_PLACEMENT_3D('',#5534,#4523,#4524);
#3698=AXIS2_PLACEMENT_3D('',#5538,#4527,#4528);
#3699=AXIS2_PLACEMENT_3D('',#5547,#4534,#4535);
#3700=AXIS2_PLACEMENT_3D('',#5548,#4536,#4537);
#3701=AXIS2_PLACEMENT_3D('',#5550,#4539,#4540);
#3702=AXIS2_PLACEMENT_3D('',#5562,#4547,#4548);
#3703=AXIS2_PLACEMENT_3D('',#5566,#4551,#4552);
#3704=AXIS2_PLACEMENT_3D('',#5570,#4555,#4556);
#3705=AXIS2_PLACEMENT_3D('',#5579,#4562,#4563);
#3706=AXIS2_PLACEMENT_3D('',#5580,#4564,#4565);
#3707=AXIS2_PLACEMENT_3D('',#5582,#4567,#4568);
#3708=AXIS2_PLACEMENT_3D('',#5594,#4575,#4576);
#3709=AXIS2_PLACEMENT_3D('',#5598,#4579,#4580);
#3710=AXIS2_PLACEMENT_3D('',#5602,#4583,#4584);
#3711=AXIS2_PLACEMENT_3D('',#5611,#4590,#4591);
#3712=AXIS2_PLACEMENT_3D('',#5612,#4592,#4593);
#3713=AXIS2_PLACEMENT_3D('',#5615,#4595,#4596);
#3714=AXIS2_PLACEMENT_3D('',#5616,#4597,#4598);
#3715=AXIS2_PLACEMENT_3D('',#5618,#4599,#4600);
#3716=AXIS2_PLACEMENT_3D('',#5619,#4601,#4602);
#3717=AXIS2_PLACEMENT_3D('',#5620,#4603,#4604);
#3718=AXIS2_PLACEMENT_3D('',#5623,#4606,#4607);
#3719=AXIS2_PLACEMENT_3D('',#5624,#4608,#4609);
#3720=AXIS2_PLACEMENT_3D('',#5626,#4610,#4611);
#3721=AXIS2_PLACEMENT_3D('',#5627,#4612,#4613);
#3722=AXIS2_PLACEMENT_3D('',#5628,#4614,#4615);
#3723=AXIS2_PLACEMENT_3D('',#5631,#4617,#4618);
#3724=AXIS2_PLACEMENT_3D('',#5632,#4619,#4620);
#3725=AXIS2_PLACEMENT_3D('',#5634,#4621,#4622);
#3726=AXIS2_PLACEMENT_3D('',#5635,#4623,#4624);
#3727=AXIS2_PLACEMENT_3D('',#5636,#4625,#4626);
#3728=AXIS2_PLACEMENT_3D('',#5639,#4629,#4630);
#3729=AXIS2_PLACEMENT_3D('',#5640,#4631,#4632);
#3730=AXIS2_PLACEMENT_3D('',#5642,#4634,#4635);
#3731=AXIS2_PLACEMENT_3D('',#5644,#4637,#4638);
#3732=AXIS2_PLACEMENT_3D('',#5645,#4639,#4640);
#3733=AXIS2_PLACEMENT_3D('',#5646,#4641,#4642);
#3734=AXIS2_PLACEMENT_3D('',#5649,#4645,#4646);
#3735=AXIS2_PLACEMENT_3D('',#5650,#4647,#4648);
#3736=AXIS2_PLACEMENT_3D('',#5652,#4650,#4651);
#3737=AXIS2_PLACEMENT_3D('',#5654,#4653,#4654);
#3738=AXIS2_PLACEMENT_3D('',#5655,#4655,#4656);
#3739=AXIS2_PLACEMENT_3D('',#5656,#4657,#4658);
#3740=AXIS2_PLACEMENT_3D('',#5659,#4661,#4662);
#3741=AXIS2_PLACEMENT_3D('',#5660,#4663,#4664);
#3742=AXIS2_PLACEMENT_3D('',#5662,#4666,#4667);
#3743=AXIS2_PLACEMENT_3D('',#5664,#4669,#4670);
#3744=AXIS2_PLACEMENT_3D('',#5665,#4671,#4672);
#3745=DIRECTION('axis',(0.,0.,1.));
#3746=DIRECTION('refdir',(1.,0.,0.));
#3747=DIRECTION('center_axis',(0.707106781186549,0.,0.707106781186546));
#3748=DIRECTION('ref_axis',(0.707106781186546,0.,-0.707106781186549));
#3749=DIRECTION('',(0.,-1.,0.));
#3750=DIRECTION('',(0.707106781186546,0.,-0.707106781186549));
#3751=DIRECTION('',(0.,1.,0.));
#3752=DIRECTION('',(-0.678598344545846,0.281084637714823,0.678598344545847));
#3753=DIRECTION('center_axis',(0.707106781186549,0.499999999999999,0.499999999999999));
#3754=DIRECTION('ref_axis',(0.577350269189624,0.,-0.816496580927727));
#3755=DIRECTION('',(1.57009245868377E-16,0.707106781186548,-0.707106781186548));
#3756=DIRECTION('',(-0.678598344545846,0.678598344545849,0.28108463771482));
#3757=DIRECTION('',(-1.57009245868377E-16,-0.707106781186548,0.707106781186548));
#3758=DIRECTION('center_axis',(0.707106781186549,0.707106781186546,1.57009245868378E-16));
#3759=DIRECTION('ref_axis',(2.22044604925031E-16,0.,-1.));
#3760=DIRECTION('',(2.22044604925031E-16,0.,-1.));
#3761=DIRECTION('',(-0.697456562333054,0.697456562333057,-0.164647160063921));
#3762=DIRECTION('',(-2.22044604925031E-16,0.,1.));
#3763=DIRECTION('center_axis',(0.707106781186549,0.632455532033675,-0.316227766016837));
#3764=DIRECTION('ref_axis',(-0.408248290463862,0.,-0.912870929175278));
#3765=DIRECTION('',(1.98602732259782E-16,-0.447213595499958,-0.894427190999916));
#3766=DIRECTION('',(-0.647936163294298,0.400446571456081,-0.647936163294298));
#3767=DIRECTION('',(-0.465341127194986,0.752937760164677,0.465341127194985));
#3768=DIRECTION('',(-1.98602732259782E-16,0.447213595499958,0.894427190999916));
#3769=DIRECTION('center_axis',(1.88882422669687E-16,0.525731112119132,-0.850650808352041));
#3770=DIRECTION('ref_axis',(-1.,0.,-2.22044604925031E-16));
#3771=DIRECTION('',(0.465341127194986,0.752937760164677,0.465341127194985));
#3772=DIRECTION('',(-1.,0.,-2.22044604925031E-16));
#3773=DIRECTION('',(-0.465341127194987,0.752937760164677,0.465341127194985));
#3774=DIRECTION('',(1.,0.,2.22044604925031E-16));
#3775=DIRECTION('center_axis',(0.707106781186548,0.,-0.707106781186547));
#3776=DIRECTION('ref_axis',(-0.707106781186547,0.,-0.707106781186548));
#3777=DIRECTION('',(0.,-1.,0.));
#3778=DIRECTION('',(0.647936163294298,0.400446571456081,0.647936163294298));
#3779=DIRECTION('',(-0.465341127194986,0.752937760164677,-0.465341127194985));
#3780=DIRECTION('',(0.,1.,0.));
#3781=DIRECTION('center_axis',(1.,0.,2.22044604925031E-16));
#3782=DIRECTION('ref_axis',(2.22044604925031E-16,0.,-1.));
#3783=DIRECTION('',(2.22044604925031E-16,0.,-1.));
#3784=DIRECTION('',(1.66691886276994E-16,-0.660627894892025,-0.750713516922755));
#3785=DIRECTION('center_axis',(-1.,0.,-2.22044604925031E-16));
#3786=DIRECTION('ref_axis',(-2.22044604925031E-16,0.,1.));
#3787=DIRECTION('',(0.,-1.,0.));
#3788=DIRECTION('',(-1.73387706291057E-16,-0.624695047554424,0.780868809443031));
#3789=DIRECTION('',(-2.22044604925031E-16,0.,1.));
#3790=DIRECTION('',(0.,1.,0.));
#3791=DIRECTION('',(-1.57009245868377E-16,0.707106781186548,0.707106781186548));
#3792=DIRECTION('',(-2.22044604925031E-16,0.,1.));
#3793=DIRECTION('',(-1.98602732259782E-16,-0.447213595499958,0.894427190999916));
#3794=DIRECTION('center_axis',(0.707106781186549,-0.632455532033675,-0.316227766016837));
#3795=DIRECTION('ref_axis',(-0.408248290463862,0.,-0.912870929175278));
#3796=DIRECTION('',(1.98602732259782E-16,0.447213595499958,-0.894427190999916));
#3797=DIRECTION('',(0.465341127194986,0.752937760164677,-0.465341127194985));
#3798=DIRECTION('',(-0.697456562333054,-0.697456562333057,-0.164647160063919));
#3799=DIRECTION('center_axis',(0.707106781186549,-0.707106781186546,1.57009245868378E-16));
#3800=DIRECTION('ref_axis',(2.22044604925031E-16,0.,-1.));
#3801=DIRECTION('',(-0.678598344545845,-0.678598344545848,0.281084637714822));
#3802=DIRECTION('',(2.22044604925031E-16,0.,-1.));
#3803=DIRECTION('center_axis',(0.707106781186549,-0.499999999999999,0.499999999999999));
#3804=DIRECTION('ref_axis',(0.577350269189624,0.,-0.816496580927727));
#3805=DIRECTION('',(-0.678598344545846,-0.281084637714818,0.678598344545849));
#3806=DIRECTION('',(1.57009245868377E-16,-0.707106781186548,-0.707106781186548));
#3807=DIRECTION('center_axis',(0.707106781186549,0.,0.707106781186546));
#3808=DIRECTION('ref_axis',(0.707106781186546,0.,-0.707106781186549));
#3809=DIRECTION('',(-0.707106781186546,0.,0.707106781186549));
#3810=DIRECTION('',(0.,-1.,0.));
#3811=DIRECTION('center_axis',(0.,-1.,0.));
#3812=DIRECTION('ref_axis',(-2.22044604925031E-16,0.,1.));
#3813=DIRECTION('',(-1.,0.,-2.22044604925031E-16));
#3814=DIRECTION('',(-2.22044604925031E-16,0.,1.));
#3815=DIRECTION('',(-1.,0.,-2.22044604925031E-16));
#3816=DIRECTION('',(-2.22044604925031E-16,0.,1.));
#3817=DIRECTION('',(-1.,0.,-2.22044604925031E-16));
#3818=DIRECTION('',(1.52044604925031E-16,0.,-1.));
#3819=DIRECTION('',(-0.707106781186546,0.,-0.707106781186549));
#3820=DIRECTION('',(-1.,0.,-2.22044604925031E-16));
#3821=DIRECTION('center_axis',(-0.707106781186549,0.632455532033675,-0.316227766016838));
#3822=DIRECTION('ref_axis',(-0.408248290463862,0.,0.912870929175277));
#3823=DIRECTION('',(1.35992828889788E-16,-0.447213595499958,-0.894427190999916));
#3824=DIRECTION('',(-0.465341127194986,-0.752937760164677,-0.465341127194985));
#3825=DIRECTION('',(-0.647936163294297,-0.400446571456079,0.6479361632943));
#3826=DIRECTION('',(-1.35992828889788E-16,0.447213595499958,0.894427190999916));
#3827=DIRECTION('',(0.697456562333054,0.697456562333057,-0.164647160063917));
#3828=DIRECTION('center_axis',(-0.707106781186549,0.707106781186546,-1.07511771185319E-16));
#3829=DIRECTION('ref_axis',(-1.52044604925031E-16,0.,1.));
#3830=DIRECTION('',(-1.52044604925031E-16,0.,1.));
#3831=DIRECTION('',(0.678598344545845,0.678598344545849,0.28108463771482));
#3832=DIRECTION('',(1.52044604925031E-16,0.,-1.));
#3833=DIRECTION('center_axis',(-0.707106781186549,0.499999999999999,0.499999999999999));
#3834=DIRECTION('ref_axis',(0.577350269189624,0.,0.816496580927727));
#3835=DIRECTION('',(-1.07511771185319E-16,-0.707106781186548,0.707106781186548));
#3836=DIRECTION('',(0.678598344545845,0.281084637714823,0.678598344545848));
#3837=DIRECTION('',(1.07511771185319E-16,0.707106781186548,-0.707106781186548));
#3838=DIRECTION('center_axis',(-0.707106781186549,0.,0.707106781186546));
#3839=DIRECTION('ref_axis',(0.707106781186546,0.,0.707106781186549));
#3840=DIRECTION('',(0.,-1.,0.));
#3841=DIRECTION('',(0.707106781186546,0.,0.707106781186549));
#3842=DIRECTION('',(0.,1.,0.));
#3843=DIRECTION('center_axis',(0.,1.,0.));
#3844=DIRECTION('ref_axis',(2.22044604925031E-16,0.,-1.));
#3845=DIRECTION('',(1.,0.,2.22044604925031E-16));
#3846=DIRECTION('',(-1.52044604925031E-16,0.,1.));
#3847=DIRECTION('',(-1.,0.,-2.22044604925031E-16));
#3848=DIRECTION('',(2.22044604925031E-16,0.,-1.));
#3849=DIRECTION('',(-1.,0.,-2.22044604925031E-16));
#3850=DIRECTION('',(-2.22044604925031E-16,0.,1.));
#3851=DIRECTION('',(-1.,0.,-2.22044604925031E-16));
#3852=DIRECTION('center_axis',(-1.,0.,-1.52044604925031E-16));
#3853=DIRECTION('ref_axis',(-1.52044604925031E-16,0.,1.));
#3854=DIRECTION('',(0.,1.,0.));
#3855=DIRECTION('',(1.35992828889788E-16,0.447213595499958,-0.894427190999916));
#3856=DIRECTION('',(1.52044604925031E-16,0.,-1.));
#3857=DIRECTION('',(1.07511771185319E-16,-0.707106781186548,-0.707106781186548));
#3858=DIRECTION('',(0.,-1.,0.));
#3859=DIRECTION('',(1.18726889630045E-16,0.624695047554424,-0.780868809443031));
#3860=DIRECTION('',(0.,1.,0.));
#3861=DIRECTION('center_axis',(1.,0.,1.52044604925031E-16));
#3862=DIRECTION('ref_axis',(-2.22044604925031E-16,0.,1.));
#3863=DIRECTION('',(-1.14141940092401E-16,0.660627894892025,0.750713516922755));
#3864=DIRECTION('center_axis',(-0.707106781186549,0.,-0.707106781186546));
#3865=DIRECTION('ref_axis',(-0.707106781186546,0.,0.707106781186549));
#3866=DIRECTION('',(0.465341127194985,-0.752937760164677,-0.465341127194986));
#3867=DIRECTION('',(0.,-1.,0.));
#3868=DIRECTION('',(-0.465341127194985,-0.752937760164677,0.465341127194986));
#3869=DIRECTION('',(0.647936163294297,-0.400446571456079,-0.6479361632943));
#3870=DIRECTION('center_axis',(-0.707106781186549,0.,0.707106781186546));
#3871=DIRECTION('ref_axis',(0.707106781186546,0.,0.707106781186549));
#3872=DIRECTION('',(0.,1.,0.));
#3873=DIRECTION('',(0.678598344545846,-0.28108463771482,0.678598344545848));
#3874=DIRECTION('center_axis',(-0.707106781186549,-0.499999999999999,0.499999999999999));
#3875=DIRECTION('ref_axis',(0.577350269189624,0.,0.816496580927727));
#3876=DIRECTION('',(-1.07511771185319E-16,0.707106781186548,0.707106781186548));
#3877=DIRECTION('',(0.678598344545845,-0.678598344545849,0.281084637714821));
#3878=DIRECTION('center_axis',(-0.707106781186549,-0.707106781186546,-1.07511771185319E-16));
#3879=DIRECTION('ref_axis',(-1.52044604925031E-16,0.,1.));
#3880=DIRECTION('',(-1.52044604925031E-16,0.,1.));
#3881=DIRECTION('',(0.697456562333054,-0.697456562333057,-0.164647160063919));
#3882=DIRECTION('center_axis',(-0.707106781186549,-0.632455532033675,-0.316227766016838));
#3883=DIRECTION('ref_axis',(-0.408248290463862,0.,0.912870929175277));
#3884=DIRECTION('',(0.465341127194986,-0.752937760164677,0.465341127194985));
#3885=DIRECTION('',(-1.35992828889788E-16,-0.447213595499958,0.894427190999916));
#3886=DIRECTION('center_axis',(2.22044604925031E-16,0.,-1.));
#3887=DIRECTION('ref_axis',(0.,1.,0.));
#3888=DIRECTION('',(1.,0.,2.22044604925031E-16));
#3889=DIRECTION('center_axis',(2.22044604925031E-16,0.,-1.));
#3890=DIRECTION('ref_axis',(0.,-1.,0.));
#3891=DIRECTION('center_axis',(2.22044604925031E-16,0.,-1.));
#3892=DIRECTION('ref_axis',(0.,-1.,0.));
#3893=DIRECTION('center_axis',(2.22044604925031E-16,0.,-1.));
#3894=DIRECTION('ref_axis',(0.,-1.,0.));
#3895=DIRECTION('center_axis',(1.57009245868377E-16,0.707106781186548,-0.707106781186548));
#3896=DIRECTION('ref_axis',(-1.,0.,-2.22044604925031E-16));
#3897=DIRECTION('',(1.,0.,2.22044604925031E-16));
#3898=DIRECTION('center_axis',(0.,1.,0.));
#3899=DIRECTION('ref_axis',(-2.22044604925031E-16,0.,1.));
#3900=DIRECTION('',(-1.,0.,-2.22044604925031E-16));
#3901=DIRECTION('',(6.79553950749687E-17,0.,1.));
#3902=DIRECTION('',(-1.,0.,-2.22044604925031E-16));
#3903=DIRECTION('',(5.20446049250313E-17,0.,-1.));
#3904=DIRECTION('',(-1.,0.,-2.22044604925031E-16));
#3905=DIRECTION('',(-2.04460492503126E-18,0.,1.));
#3906=DIRECTION('',(-1.,0.,-2.22044604925031E-16));
#3907=DIRECTION('',(1.32044604925031E-16,0.,-1.));
#3908=DIRECTION('',(-1.,0.,-2.22044604925031E-16));
#3909=DIRECTION('',(2.22044604925031E-16,0.,-1.));
#3910=DIRECTION('',(-1.,0.,-2.22044604925031E-16));
#3911=DIRECTION('',(4.52044604925031E-16,0.,-1.));
#3912=DIRECTION('',(1.,0.,2.22044604925031E-16));
#3913=DIRECTION('center_axis',(9.93013661298909E-17,-0.894427190999916,
-0.447213595499958));
#3914=DIRECTION('ref_axis',(-1.,0.,-2.22044604925031E-16));
#3915=DIRECTION('',(-1.,0.,-2.22044604925031E-16));
#3916=DIRECTION('',(-0.666666666666667,0.333333333333333,-0.666666666666667));
#3917=DIRECTION('',(-6.30088619479986E-18,-0.447213595499958,0.894427190999916));
#3918=DIRECTION('center_axis',(1.88882422669687E-16,-0.525731112119132,
-0.850650808352041));
#3919=DIRECTION('ref_axis',(-1.,0.,-2.22044604925031E-16));
#3920=DIRECTION('',(1.,0.,2.22044604925031E-16));
#3921=DIRECTION('',(0.465341127194986,-0.752937760164677,0.465341127194985));
#3922=DIRECTION('center_axis',(-0.707106781186546,2.12132034355964E-16,
-0.707106781186549));
#3923=DIRECTION('ref_axis',(-0.707106781186549,0.,0.707106781186546));
#3924=DIRECTION('',(3.E-16,1.,6.66133814775094E-32));
#3925=DIRECTION('',(0.707106781186549,0.,-0.707106781186546));
#3926=DIRECTION('',(-3.E-16,-1.,-6.66133814775094E-32));
#3927=DIRECTION('',(-0.465341127194988,-0.752937760164676,0.465341127194985));
#3928=DIRECTION('',(-0.666666666666669,-0.333333333333333,0.666666666666665));
#3929=DIRECTION('center_axis',(1.88882422669687E-16,-0.525731112119132,
-0.850650808352041));
#3930=DIRECTION('ref_axis',(-1.,0.,-2.22044604925031E-16));
#3931=DIRECTION('',(1.,0.,2.22044604925031E-16));
#3932=DIRECTION('',(0.465341127194984,-0.752937760164678,0.465341127194986));
#3933=DIRECTION('',(-1.,0.,-2.22044604925031E-16));
#3934=DIRECTION('center_axis',(-0.707106781186548,1.06066017177982E-16,
-0.707106781186547));
#3935=DIRECTION('ref_axis',(-0.707106781186547,0.,0.707106781186548));
#3936=DIRECTION('',(1.5E-16,1.,3.33066907387547E-32));
#3937=DIRECTION('',(0.707106781186547,0.,-0.707106781186548));
#3938=DIRECTION('',(-1.5E-16,-1.,-3.33066907387547E-32));
#3939=DIRECTION('',(-0.465341127194987,-0.752937760164677,0.465341127194985));
#3940=DIRECTION('',(-0.666666666666667,-0.333333333333333,0.666666666666667));
#3941=DIRECTION('center_axis',(1.88882422669687E-16,-0.525731112119132,
-0.850650808352041));
#3942=DIRECTION('ref_axis',(-1.,0.,-2.22044604925031E-16));
#3943=DIRECTION('',(1.,0.,2.22044604925031E-16));
#3944=DIRECTION('',(0.465341127194986,-0.752937760164677,0.465341127194985));
#3945=DIRECTION('',(-1.,0.,-2.22044604925031E-16));
#3946=DIRECTION('center_axis',(-0.707106781186547,-2.12132034355964E-16,
-0.707106781186548));
#3947=DIRECTION('ref_axis',(-0.707106781186548,0.,0.707106781186547));
#3948=DIRECTION('',(3.E-16,-1.,6.66133814775094E-32));
#3949=DIRECTION('',(-0.707106781186548,0.,0.707106781186547));
#3950=DIRECTION('',(-3.E-16,1.,-6.66133814775094E-32));
#3951=DIRECTION('',(0.666666666666667,-0.333333333333333,-0.666666666666667));
#3952=DIRECTION('',(0.465341127194988,-0.752937760164676,-0.465341127194985));
#3953=DIRECTION('center_axis',(-0.707106781186549,-1.06066017177982E-16,
-0.707106781186546));
#3954=DIRECTION('ref_axis',(-0.707106781186546,0.,0.707106781186549));
#3955=DIRECTION('',(1.5E-16,-1.,3.33066907387547E-32));
#3956=DIRECTION('',(-0.707106781186546,0.,0.707106781186549));
#3957=DIRECTION('',(-1.5E-16,1.,-3.33066907387547E-32));
#3958=DIRECTION('',(0.666666666666665,-0.333333333333334,-0.666666666666668));
#3959=DIRECTION('',(0.465341127194983,-0.752937760164678,-0.465341127194986));
#3960=DIRECTION('center_axis',(2.22044604925031E-16,0.,-1.));
#3961=DIRECTION('ref_axis',(0.,-1.,0.));
#3962=DIRECTION('',(0.707106781186546,0.,-0.707106781186549));
#3963=DIRECTION('center_axis',(2.22044604925031E-16,0.,-1.));
#3964=DIRECTION('ref_axis',(0.,-1.,0.));
#3965=DIRECTION('',(0.707106781186547,0.,0.707106781186548));
#3966=DIRECTION('center_axis',(-2.22044604925031E-16,0.,1.));
#3967=DIRECTION('ref_axis',(0.,-1.,0.));
#3968=DIRECTION('center_axis',(0.707106781186549,0.,-0.707106781186546));
#3969=DIRECTION('ref_axis',(-0.707106781186546,0.,-0.707106781186549));
#3970=DIRECTION('',(0.,-1.,0.));
#3971=DIRECTION('',(0.,1.,0.));
#3972=DIRECTION('',(0.465341127194984,0.752937760164678,0.465341127194986));
#3973=DIRECTION('',(0.666666666666665,0.333333333333334,0.666666666666668));
#3974=DIRECTION('center_axis',(-0.707106781186547,-2.05060966544099E-16,
-0.707106781186548));
#3975=DIRECTION('ref_axis',(-0.707106781186548,0.,0.707106781186547));
#3976=DIRECTION('',(2.9E-16,-1.,6.43929354282591E-32));
#3977=DIRECTION('',(-2.9E-16,1.,-6.43929354282591E-32));
#3978=DIRECTION('',(0.666666666666667,-0.333333333333333,-0.666666666666667));
#3979=DIRECTION('center_axis',(1.88882422669687E-16,0.525731112119132,-0.850650808352041));
#3980=DIRECTION('ref_axis',(-1.,0.,-2.22044604925031E-16));
#3981=DIRECTION('',(1.,0.,2.22044604925031E-16));
#3982=DIRECTION('',(-1.,0.,-2.22044604925031E-16));
#3983=DIRECTION('center_axis',(2.22044604925031E-16,0.,-1.));
#3984=DIRECTION('ref_axis',(0.,-1.,0.));
#3985=DIRECTION('center_axis',(2.22044604925031E-16,0.,-1.));
#3986=DIRECTION('ref_axis',(0.,-1.,0.));
#3987=DIRECTION('',(0.707106781186547,0.,0.707106781186548));
#3988=DIRECTION('center_axis',(-2.22044604925031E-16,0.,1.));
#3989=DIRECTION('ref_axis',(0.,-1.,0.));
#3990=DIRECTION('center_axis',(1.88882422669687E-16,-0.525731112119132,
-0.850650808352041));
#3991=DIRECTION('ref_axis',(-1.,0.,-2.22044604925031E-16));
#3992=DIRECTION('',(-1.,0.,-2.22044604925031E-16));
#3993=DIRECTION('',(0.465341127194987,0.752937760164677,-0.465341127194985));
#3994=DIRECTION('',(1.,0.,2.22044604925031E-16));
#3995=DIRECTION('center_axis',(0.707106781186548,2.12132034355964E-16,-0.707106781186547));
#3996=DIRECTION('ref_axis',(-0.707106781186547,0.,-0.707106781186548));
#3997=DIRECTION('',(3.E-16,-1.,6.66133814775094E-32));
#3998=DIRECTION('',(-3.E-16,1.,-6.66133814775094E-32));
#3999=DIRECTION('',(0.465341127194984,0.752937760164677,0.465341127194986));
#4000=DIRECTION('',(0.666666666666666,0.333333333333334,0.666666666666667));
#4001=DIRECTION('center_axis',(-0.707106781186547,-1.06066017177982E-16,
-0.707106781186548));
#4002=DIRECTION('ref_axis',(-0.707106781186548,0.,0.707106781186547));
#4003=DIRECTION('',(-1.5E-16,1.,-3.33066907387547E-32));
#4004=DIRECTION('',(0.707106781186548,0.,-0.707106781186547));
#4005=DIRECTION('',(1.5E-16,-1.,3.33066907387547E-32));
#4006=DIRECTION('',(-0.666666666666667,-0.333333333333333,0.666666666666667));
#4007=DIRECTION('center_axis',(1.88882422669687E-16,0.525731112119132,-0.850650808352041));
#4008=DIRECTION('ref_axis',(-1.,0.,-2.22044604925031E-16));
#4009=DIRECTION('',(1.,0.,2.22044604925031E-16));
#4010=DIRECTION('',(-1.,0.,-2.22044604925031E-16));
#4011=DIRECTION('center_axis',(2.22044604925031E-16,0.,-1.));
#4012=DIRECTION('ref_axis',(0.,1.,0.));
#4013=DIRECTION('',(-0.707106781186547,0.,-0.707106781186548));
#4014=DIRECTION('center_axis',(2.22044604925031E-16,0.,-1.));
#4015=DIRECTION('ref_axis',(0.,1.,0.));
#4016=DIRECTION('center_axis',(-2.22044604925031E-16,0.,1.));
#4017=DIRECTION('ref_axis',(0.,1.,0.));
#4018=DIRECTION('center_axis',(0.707106781186547,0.,-0.707106781186548));
#4019=DIRECTION('ref_axis',(-0.707106781186548,0.,-0.707106781186547));
#4020=DIRECTION('',(0.,1.,0.));
#4021=DIRECTION('',(0.,-1.,0.));
#4022=DIRECTION('',(-0.666666666666667,0.333333333333333,-0.666666666666666));
#4023=DIRECTION('center_axis',(2.22044604925031E-16,0.,-1.));
#4024=DIRECTION('ref_axis',(0.,-1.,0.));
#4025=DIRECTION('center_axis',(2.22044604925031E-16,0.,-1.));
#4026=DIRECTION('ref_axis',(0.,-1.,0.));
#4027=DIRECTION('',(0.707106781186546,0.,0.707106781186549));
#4028=DIRECTION('center_axis',(-2.22044604925031E-16,0.,1.));
#4029=DIRECTION('ref_axis',(0.,-1.,0.));
#4030=DIRECTION('center_axis',(0.707106781186546,4.24264068711928E-16,-0.707106781186549));
#4031=DIRECTION('ref_axis',(-0.707106781186549,0.,-0.707106781186546));
#4032=DIRECTION('',(6.E-16,-1.,1.33226762955019E-31));
#4033=DIRECTION('',(-6.E-16,1.,-1.33226762955019E-31));
#4034=DIRECTION('',(0.465341127194988,0.752937760164676,0.465341127194985));
#4035=DIRECTION('',(0.666666666666668,0.333333333333333,0.666666666666666));
#4036=DIRECTION('center_axis',(1.88882422669687E-16,0.525731112119132,-0.850650808352041));
#4037=DIRECTION('ref_axis',(-1.,0.,-2.22044604925031E-16));
#4038=DIRECTION('',(1.,0.,2.22044604925031E-16));
#4039=DIRECTION('',(-1.,0.,-2.22044604925031E-16));
#4040=DIRECTION('center_axis',(2.22044604925031E-16,0.,-1.));
#4041=DIRECTION('ref_axis',(0.,1.,0.));
#4042=DIRECTION('',(-0.707106781186547,0.,-0.707106781186548));
#4043=DIRECTION('center_axis',(2.22044604925031E-16,0.,-1.));
#4044=DIRECTION('ref_axis',(0.,1.,0.));
#4045=DIRECTION('center_axis',(-2.22044604925031E-16,0.,1.));
#4046=DIRECTION('ref_axis',(0.,1.,0.));
#4047=DIRECTION('center_axis',(0.707106781186549,-1.34350288425444E-16,
-0.707106781186546));
#4048=DIRECTION('ref_axis',(-0.707106781186546,0.,-0.707106781186549));
#4049=DIRECTION('',(1.9E-16,1.,4.21884749357559E-32));
#4050=DIRECTION('',(-1.9E-16,-1.,-4.21884749357559E-32));
#4051=DIRECTION('',(-0.666666666666665,0.333333333333334,-0.666666666666668));
#4052=DIRECTION('center_axis',(0.707106781186548,-1.06066017177982E-16,
-0.707106781186547));
#4053=DIRECTION('ref_axis',(-0.707106781186547,0.,-0.707106781186548));
#4054=DIRECTION('',(1.5E-16,1.,3.33066907387547E-32));
#4055=DIRECTION('',(0.707106781186547,0.,0.707106781186548));
#4056=DIRECTION('',(-1.5E-16,-1.,-3.33066907387547E-32));
#4057=DIRECTION('center_axis',(2.22044604925031E-16,0.,-1.));
#4058=DIRECTION('ref_axis',(0.,1.,0.));
#4059=DIRECTION('center_axis',(2.22044604925031E-16,0.,-1.));
#4060=DIRECTION('ref_axis',(0.,1.,0.));
#4061=DIRECTION('center_axis',(-2.22044604925031E-16,0.,1.));
#4062=DIRECTION('ref_axis',(0.,1.,0.));
#4063=DIRECTION('center_axis',(2.22044604925031E-16,0.,-1.));
#4064=DIRECTION('ref_axis',(0.,-1.,0.));
#4065=DIRECTION('',(-2.22044604925031E-16,0.,1.));
#4066=DIRECTION('center_axis',(2.22044604925031E-16,0.,-1.));
#4067=DIRECTION('ref_axis',(0.,-1.,0.));
#4068=DIRECTION('',(-2.22044604925031E-16,0.,1.));
#4069=DIRECTION('center_axis',(2.22044604925031E-16,0.,-1.));
#4070=DIRECTION('ref_axis',(0.,-1.,0.));
#4071=DIRECTION('',(-2.22044604925031E-16,0.,1.));
#4072=DIRECTION('center_axis',(2.22044604925031E-16,0.,-1.));
#4073=DIRECTION('ref_axis',(0.,-1.,0.));
#4074=DIRECTION('',(-2.22044604925031E-16,0.,1.));
#4075=DIRECTION('center_axis',(1.,0.,2.22044604925031E-16));
#4076=DIRECTION('ref_axis',(0.,-1.,0.));
#4077=DIRECTION('',(1.98602732259782E-16,-0.447213595499958,-0.894427190999916));
#4078=DIRECTION('',(2.22044604925031E-16,0.,-1.));
#4079=DIRECTION('',(1.57009245868377E-16,-0.707106781186548,-0.707106781186548));
#4080=DIRECTION('',(0.,1.,0.));
#4081=DIRECTION('',(-2.22044604925031E-16,0.,1.));
#4082=DIRECTION('',(0.,1.,0.));
#4083=DIRECTION('center_axis',(9.93013661298909E-17,0.894427190999916,-0.447213595499958));
#4084=DIRECTION('ref_axis',(1.,0.,2.22044604925031E-16));
#4085=DIRECTION('',(-1.85186324394783E-16,0.447213595499958,0.894427190999916));
#4086=DIRECTION('',(-1.,0.,-2.22044604925031E-16));
#4087=DIRECTION('center_axis',(-1.,-1.5E-16,-1.32044604925031E-16));
#4088=DIRECTION('ref_axis',(-1.5E-16,1.,-3.33066907387547E-32));
#4089=DIRECTION('',(-2.22044604925031E-16,0.,1.));
#4090=DIRECTION('',(0.,-1.,0.));
#4091=DIRECTION('',(-2.22044604925031E-16,0.,1.));
#4092=DIRECTION('',(0.,-1.,0.));
#4093=DIRECTION('',(2.07009245868345E-16,-0.707106781186548,-0.707106781186548));
#4094=DIRECTION('',(-1.32044604925031E-16,0.,1.));
#4095=DIRECTION('center_axis',(2.22044604925031E-16,0.,-1.));
#4096=DIRECTION('ref_axis',(0.,-1.,0.));
#4097=DIRECTION('',(2.22044604925031E-16,0.,-1.));
#4098=DIRECTION('center_axis',(2.22044604925031E-16,0.,-1.));
#4099=DIRECTION('ref_axis',(0.,-1.,0.));
#4100=DIRECTION('',(-2.22044604925031E-16,0.,1.));
#4101=DIRECTION('center_axis',(2.22044604925031E-16,0.,-1.));
#4102=DIRECTION('ref_axis',(0.,-1.,0.));
#4103=DIRECTION('',(-2.22044604925031E-16,0.,1.));
#4104=DIRECTION('center_axis',(2.22044604925031E-16,0.,-1.));
#4105=DIRECTION('ref_axis',(0.,-1.,0.));
#4106=DIRECTION('center_axis',(1.,3.E-16,5.20446049250313E-17));
#4107=DIRECTION('ref_axis',(3.E-16,-1.,6.66133814775094E-32));
#4108=DIRECTION('',(-1.80714188439783E-16,0.447213595499958,0.894427190999916));
#4109=DIRECTION('',(5.20446049250313E-17,0.,-1.));
#4110=DIRECTION('',(2.4700924586832E-16,-0.707106781186548,-0.707106781186548));
#4111=DIRECTION('',(0.,1.,0.));
#4112=DIRECTION('',(-2.22044604925031E-16,0.,1.));
#4113=DIRECTION('',(0.,1.,0.));
#4114=DIRECTION('center_axis',(9.93013661298909E-17,0.894427190999916,-0.447213595499958));
#4115=DIRECTION('ref_axis',(1.,0.,2.22044604925031E-16));
#4116=DIRECTION('',(-1.80714188439783E-16,0.447213595499958,0.894427190999916));
#4117=DIRECTION('',(-1.,0.,-2.22044604925031E-16));
#4118=DIRECTION('center_axis',(-1.,-3.E-16,-5.20446049250313E-17));
#4119=DIRECTION('ref_axis',(-3.E-16,1.,-6.66133814775094E-32));
#4120=DIRECTION('',(-2.22044604925031E-16,0.,1.));
#4121=DIRECTION('',(0.,-1.,0.));
#4122=DIRECTION('',(-2.22044604925031E-16,0.,1.));
#4123=DIRECTION('',(0.,-1.,0.));
#4124=DIRECTION('',(2.4700924586832E-16,-0.707106781186548,-0.707106781186548));
#4125=DIRECTION('',(-5.20446049250313E-17,0.,1.));
#4126=DIRECTION('center_axis',(2.22044604925031E-16,0.,-1.));
#4127=DIRECTION('ref_axis',(0.,-1.,0.));
#4128=DIRECTION('',(2.22044604925031E-16,0.,-1.));
#4129=DIRECTION('center_axis',(2.22044604925031E-16,0.,-1.));
#4130=DIRECTION('ref_axis',(0.,-1.,0.));
#4131=DIRECTION('',(-2.22044604925031E-16,0.,1.));
#4132=DIRECTION('center_axis',(2.22044604925031E-16,0.,-1.));
#4133=DIRECTION('ref_axis',(0.,-1.,0.));
#4134=DIRECTION('',(-2.22044604925031E-16,0.,1.));
#4135=DIRECTION('center_axis',(2.22044604925031E-16,0.,-1.));
#4136=DIRECTION('ref_axis',(0.,-1.,0.));
#4137=DIRECTION('center_axis',(1.,6.E-16,-1.17955395074969E-16));
#4138=DIRECTION('ref_axis',(6.E-16,-1.,1.33226762955019E-31));
#4139=DIRECTION('',(-1.62825644619785E-16,0.447213595499958,0.894427190999916));
#4140=DIRECTION('',(-1.17955395074969E-16,0.,-1.));
#4141=DIRECTION('',(3.47009245868256E-16,-0.707106781186548,-0.707106781186548));
#4142=DIRECTION('',(0.,-1.,0.));
#4143=DIRECTION('',(-2.22044604925031E-16,0.,1.));
#4144=DIRECTION('',(0.,1.,0.));
#4145=DIRECTION('center_axis',(9.93013661298909E-17,0.894427190999916,-0.447213595499958));
#4146=DIRECTION('ref_axis',(1.,0.,2.22044604925031E-16));
#4147=DIRECTION('',(-1.,0.,-2.22044604925031E-16));
#4148=DIRECTION('center_axis',(1.,-1.5E-16,-6.79553950749687E-17));
#4149=DIRECTION('ref_axis',(-6.79553950749687E-17,0.,-1.));
#4150=DIRECTION('',(-2.22044604925031E-16,0.,1.));
#4151=DIRECTION('',(0.,-1.,0.));
#4152=DIRECTION('',(-2.22044604925031E-16,0.,1.));
#4153=DIRECTION('',(6.5E-16,-1.,1.4432899320127E-31));
#4154=DIRECTION('',(5.70092458684415E-17,0.707106781186548,-0.707106781186548));
#4155=DIRECTION('center_axis',(-2.22044604925031E-16,0.,1.));
#4156=DIRECTION('ref_axis',(0.,-1.,0.));
#4157=DIRECTION('center_axis',(-1.,3.E-16,-5.20446049250313E-17));
#4158=DIRECTION('ref_axis',(3.E-16,1.,6.66133814775094E-32));
#4159=DIRECTION('',(-1.80714188439783E-16,-0.447213595499958,0.894427190999916));
#4160=DIRECTION('',(2.4700924586832E-16,0.707106781186548,-0.707106781186548));
#4161=DIRECTION('',(0.,1.,0.));
#4162=DIRECTION('',(-2.22044604925031E-16,0.,1.));
#4163=DIRECTION('',(0.,1.,0.));
#4164=DIRECTION('',(2.22044604925031E-16,0.,-1.));
#4165=DIRECTION('center_axis',(-1.,1.5E-16,-1.32044604925031E-16));
#4166=DIRECTION('ref_axis',(1.5E-16,1.,3.33066907387547E-32));
#4167=DIRECTION('',(-1.85186324394783E-16,-0.447213595499958,0.894427190999916));
#4168=DIRECTION('',(2.07009245868345E-16,0.707106781186548,-0.707106781186548));
#4169=DIRECTION('',(0.,1.,0.));
#4170=DIRECTION('',(-2.22044604925031E-16,0.,1.));
#4171=DIRECTION('',(0.,1.,0.));
#4172=DIRECTION('',(2.22044604925031E-16,0.,-1.));
#4173=DIRECTION('center_axis',(-1.,-1.5E-16,-4.52044604925031E-16));
#4174=DIRECTION('ref_axis',(-4.52044604925031E-16,0.,1.));
#4175=DIRECTION('',(3.37238946864769E-16,0.447213595499958,-0.894427190999916));
#4176=DIRECTION('',(2.17009245868339E-16,0.707106781186548,-0.707106781186548));
#4177=DIRECTION('',(0.,-1.,0.));
#4178=DIRECTION('',(-2.22044604925031E-16,0.,1.));
#4179=DIRECTION('',(0.,1.,0.));
#4180=DIRECTION('',(-2.22044604925031E-16,0.,1.));
#4181=DIRECTION('center_axis',(-1.,-2.9E-16,2.47955395074969E-16));
#4182=DIRECTION('ref_axis',(2.47955395074969E-16,0.,1.));
#4183=DIRECTION('',(0.,-1.,0.));
#4184=DIRECTION('',(-2.22044604925031E-16,0.,1.));
#4185=DIRECTION('',(0.,-1.,0.));
#4186=DIRECTION('',(3.70092458684543E-17,-0.707106781186548,-0.707106781186548));
#4187=DIRECTION('',(-2.47955395074969E-16,0.,-1.));
#4188=DIRECTION('',(-9.20861048151909E-17,-0.447213595499958,-0.894427190999916));
#4189=DIRECTION('center_axis',(-1.57009245868377E-16,-0.707106781186548,
0.707106781186548));
#4190=DIRECTION('ref_axis',(-1.,0.,-2.22044604925031E-16));
#4191=DIRECTION('',(1.,0.,2.22044604925031E-16));
#4192=DIRECTION('',(1.,0.,2.22044604925031E-16));
#4193=DIRECTION('center_axis',(0.,-1.,0.));
#4194=DIRECTION('ref_axis',(2.22044604925031E-16,0.,-1.));
#4195=DIRECTION('',(1.,0.,2.22044604925031E-16));
#4196=DIRECTION('',(1.,0.,2.22044604925031E-16));
#4197=DIRECTION('',(1.,0.,2.22044604925031E-16));
#4198=DIRECTION('',(1.,0.,2.22044604925031E-16));
#4199=DIRECTION('center_axis',(-1.57009245868377E-16,-0.707106781186548,
0.707106781186548));
#4200=DIRECTION('ref_axis',(-1.,0.,-2.22044604925031E-16));
#4201=DIRECTION('',(1.,0.,2.22044604925031E-16));
#4202=DIRECTION('center_axis',(-1.57009245868377E-16,-0.707106781186548,
0.707106781186548));
#4203=DIRECTION('ref_axis',(-1.,0.,-2.22044604925031E-16));
#4204=DIRECTION('',(1.,0.,2.22044604925031E-16));
#4205=DIRECTION('center_axis',(2.22044604925031E-16,0.,-1.));
#4206=DIRECTION('ref_axis',(-1.22464679914735E-16,1.,-2.71926214689378E-32));
#4207=DIRECTION('center_axis',(2.22044604925031E-16,0.,-1.));
#4208=DIRECTION('ref_axis',(0.,-1.,0.));
#4209=DIRECTION('',(-2.22044604925031E-16,0.,1.));
#4210=DIRECTION('center_axis',(2.22044604925031E-16,0.,-1.));
#4211=DIRECTION('ref_axis',(0.,-1.,0.));
#4212=DIRECTION('',(-2.22044604925031E-16,0.,1.));
#4213=DIRECTION('center_axis',(2.22044604925031E-16,0.,-1.));
#4214=DIRECTION('ref_axis',(0.,-1.,0.));
#4215=DIRECTION('center_axis',(-1.57009245868377E-16,0.707106781186548,
0.707106781186548));
#4216=DIRECTION('ref_axis',(1.,0.,2.22044604925031E-16));
#4217=DIRECTION('',(1.,0.,2.22044604925031E-16));
#4218=DIRECTION('center_axis',(1.,-1.9E-16,2.04460492503126E-18));
#4219=DIRECTION('ref_axis',(2.04460492503126E-18,0.,-1.));
#4220=DIRECTION('',(-2.22044604925031E-16,0.,1.));
#4221=DIRECTION('',(0.,-1.,0.));
#4222=DIRECTION('',(-2.22044604925031E-16,0.,1.));
#4223=DIRECTION('',(1.6E-16,-1.,3.5527136788005E-32));
#4224=DIRECTION('',(1.3700924586839E-16,0.707106781186548,-0.707106781186548));
#4225=DIRECTION('',(-8.67993333847923E-17,-0.447213595499958,0.894427190999916));
#4226=DIRECTION('center_axis',(2.22044604925031E-16,0.,-1.));
#4227=DIRECTION('ref_axis',(-1.22464679914735E-16,1.,-2.71926214689378E-32));
#4228=DIRECTION('center_axis',(2.22044604925031E-16,0.,-1.));
#4229=DIRECTION('ref_axis',(0.,-1.,0.));
#4230=DIRECTION('',(-2.22044604925031E-16,0.,1.));
#4231=DIRECTION('center_axis',(2.22044604925031E-16,0.,-1.));
#4232=DIRECTION('ref_axis',(0.,-1.,0.));
#4233=DIRECTION('',(-2.22044604925031E-16,0.,1.));
#4234=DIRECTION('center_axis',(2.22044604925031E-16,0.,-1.));
#4235=DIRECTION('ref_axis',(0.,-1.,0.));
#4236=DIRECTION('center_axis',(-1.57009245868377E-16,0.707106781186548,
0.707106781186548));
#4237=DIRECTION('ref_axis',(1.,0.,2.22044604925031E-16));
#4238=DIRECTION('',(1.,0.,2.22044604925031E-16));
#4239=DIRECTION('center_axis',(2.22044604925031E-16,0.,-1.));
#4240=DIRECTION('ref_axis',(-1.22464679914735E-16,1.,-2.71926214689378E-32));
#4241=DIRECTION('center_axis',(2.22044604925031E-16,0.,-1.));
#4242=DIRECTION('ref_axis',(0.,-1.,0.));
#4243=DIRECTION('',(-2.22044604925031E-16,0.,1.));
#4244=DIRECTION('center_axis',(2.22044604925031E-16,0.,-1.));
#4245=DIRECTION('ref_axis',(0.,-1.,0.));
#4246=DIRECTION('',(-2.22044604925031E-16,0.,1.));
#4247=DIRECTION('center_axis',(2.22044604925031E-16,0.,-1.));
#4248=DIRECTION('ref_axis',(0.,-1.,0.));
#4249=DIRECTION('',(-2.22044604925031E-16,0.,1.));
#4250=DIRECTION('center_axis',(-1.57009245868377E-16,0.707106781186548,
0.707106781186548));
#4251=DIRECTION('ref_axis',(1.,0.,2.22044604925031E-16));
#4252=DIRECTION('',(1.57009245868377E-16,0.707106781186548,-0.707106781186548));
#4253=DIRECTION('',(-1.,0.,-2.22044604925031E-16));
#4254=DIRECTION('center_axis',(1.46688859923755E-16,0.750713516922755,-0.660627894892025));
#4255=DIRECTION('ref_axis',(1.66691886276994E-16,-0.660627894892025,-0.750713516922755));
#4256=DIRECTION('',(-1.66691886276994E-16,0.660627894892025,0.750713516922755));
#4257=DIRECTION('',(-1.,0.,-2.22044604925031E-16));
#4258=DIRECTION('center_axis',(1.46688859923755E-16,0.750713516922755,-0.660627894892025));
#4259=DIRECTION('ref_axis',(1.66691886276994E-16,-0.660627894892025,-0.750713516922755));
#4260=DIRECTION('',(1.66691886276994E-16,-0.660627894892025,-0.750713516922755));
#4261=DIRECTION('',(-1.,0.,-2.22044604925031E-16));
#4262=DIRECTION('center_axis',(-1.,0.,-2.22044604925031E-16));
#4263=DIRECTION('ref_axis',(2.22044604925031E-16,1.22464679914735E-16,-1.));
#4264=DIRECTION('center_axis',(1.,0.,2.22044604925031E-16));
#4265=DIRECTION('ref_axis',(-2.22044604925031E-16,0.,1.));
#4266=DIRECTION('',(-1.,0.,-2.22044604925031E-16));
#4267=DIRECTION('center_axis',(-1.,0.,-2.22044604925031E-16));
#4268=DIRECTION('ref_axis',(2.22044604925031E-16,1.22464679914735E-16,-1.));
#4269=DIRECTION('center_axis',(-1.,0.,-2.22044604925031E-16));
#4270=DIRECTION('ref_axis',(-2.22044604925031E-16,0.,1.));
#4271=DIRECTION('',(-1.,0.,-2.22044604925031E-16));
#4272=DIRECTION('center_axis',(2.22044604925031E-16,0.,-1.));
#4273=DIRECTION('ref_axis',(0.,-1.,0.));
#4274=DIRECTION('',(0.,1.,0.));
#4275=DIRECTION('',(-1.,0.,-2.22044604925031E-16));
#4276=DIRECTION('center_axis',(2.22044604925031E-16,0.,-1.));
#4277=DIRECTION('ref_axis',(0.,-1.,0.));
#4278=DIRECTION('',(0.,-1.,0.));
#4279=DIRECTION('',(-1.,0.,-2.22044604925031E-16));
#4280=DIRECTION('center_axis',(1.38710165032846E-16,-0.780868809443031,
-0.624695047554424));
#4281=DIRECTION('ref_axis',(-1.73387706291057E-16,-0.624695047554424,0.780868809443031));
#4282=DIRECTION('',(1.73387706291057E-16,0.624695047554424,-0.780868809443031));
#4283=DIRECTION('center_axis',(1.38710165032846E-16,-0.780868809443031,
-0.624695047554424));
#4284=DIRECTION('ref_axis',(-1.73387706291057E-16,-0.624695047554424,0.780868809443031));
#4285=DIRECTION('',(-1.73387706291057E-16,-0.624695047554424,0.780868809443031));
#4286=DIRECTION('center_axis',(1.,0.,2.22044604925031E-16));
#4287=DIRECTION('ref_axis',(-2.22044604925031E-16,0.,1.));
#4288=DIRECTION('center_axis',(-1.,0.,-2.22044604925031E-16));
#4289=DIRECTION('ref_axis',(-2.22044604925031E-16,0.,1.));
#4290=DIRECTION('',(-2.22044604925031E-16,0.,1.));
#4291=DIRECTION('',(0.,-1.,0.));
#4292=DIRECTION('',(2.22044604925031E-16,0.,-1.));
#4293=DIRECTION('center_axis',(-1.,0.,-2.22044604925031E-16));
#4294=DIRECTION('ref_axis',(-2.22044604925031E-16,0.,1.));
#4295=DIRECTION('center_axis',(0.,1.,0.));
#4296=DIRECTION('ref_axis',(2.22044604925031E-16,0.,-1.));
#4297=DIRECTION('',(-2.22044604925031E-16,0.,1.));
#4298=DIRECTION('',(-1.,0.,-2.22044604925031E-16));
#4299=DIRECTION('',(-1.,0.,-2.22044604925031E-16));
#4300=DIRECTION('center_axis',(-1.,0.,-2.22044604925031E-16));
#4301=DIRECTION('ref_axis',(-2.22044604925031E-16,0.,1.));
#4302=DIRECTION('center_axis',(1.,0.,2.22044604925031E-16));
#4303=DIRECTION('ref_axis',(-2.22044604925031E-16,0.,1.));
#4304=DIRECTION('center_axis',(-1.,0.,-2.22044604925031E-16));
#4305=DIRECTION('ref_axis',(-2.22044604925031E-16,0.,1.));
#4306=DIRECTION('center_axis',(1.,0.,2.22044604925031E-16));
#4307=DIRECTION('ref_axis',(-2.22044604925031E-16,0.,1.));
#4308=DIRECTION('',(-1.,0.,-2.22044604925031E-16));
#4309=DIRECTION('center_axis',(0.,-1.,0.));
#4310=DIRECTION('ref_axis',(-2.22044604925031E-16,0.,1.));
#4311=DIRECTION('',(-2.22044604925031E-16,0.,1.));
#4312=DIRECTION('',(-1.,0.,-2.22044604925031E-16));
#4313=DIRECTION('center_axis',(2.22044604925031E-16,0.,-1.));
#4314=DIRECTION('ref_axis',(0.,-1.,0.));
#4315=DIRECTION('',(0.,1.,0.));
#4316=DIRECTION('center_axis',(2.22044604925031E-16,0.,-1.));
#4317=DIRECTION('ref_axis',(0.,1.,0.));
#4318=DIRECTION('',(-1.,0.,-2.22044604925031E-16));
#4319=DIRECTION('center_axis',(2.22044604925031E-16,0.,-1.));
#4320=DIRECTION('ref_axis',(0.,-1.,0.));
#4321=DIRECTION('center_axis',(2.22044604925031E-16,0.,-1.));
#4322=DIRECTION('ref_axis',(0.,-1.,0.));
#4323=DIRECTION('center_axis',(2.22044604925031E-16,0.,-1.));
#4324=DIRECTION('ref_axis',(0.,-1.,0.));
#4325=DIRECTION('center_axis',(-1.,0.,-2.22044604925031E-16));
#4326=DIRECTION('ref_axis',(-2.22044604925031E-16,0.,1.));
#4327=DIRECTION('center_axis',(9.93013661298909E-17,0.894427190999916,-0.447213595499958));
#4328=DIRECTION('ref_axis',(1.,0.,2.22044604925031E-16));
#4329=DIRECTION('center_axis',(-1.57009245868377E-16,0.707106781186548,
0.707106781186548));
#4330=DIRECTION('ref_axis',(-1.,0.,-2.22044604925031E-16));
#4331=DIRECTION('center_axis',(9.93013661298909E-17,-0.894427190999916,
-0.447213595499958));
#4332=DIRECTION('ref_axis',(-1.,0.,-2.22044604925031E-16));
#4333=DIRECTION('center_axis',(9.93013661298909E-17,-0.894427190999916,
-0.447213595499958));
#4334=DIRECTION('ref_axis',(-1.,0.,-2.22044604925031E-16));
#4335=DIRECTION('',(1.98602732259782E-16,0.447213595499958,-0.894427190999916));
#4336=DIRECTION('center_axis',(9.93013661298909E-17,-0.894427190999916,
-0.447213595499958));
#4337=DIRECTION('ref_axis',(-1.,0.,-2.22044604925031E-16));
#4338=DIRECTION('center_axis',(2.22044604925031E-16,0.,-1.));
#4339=DIRECTION('ref_axis',(1.,0.,2.22044604925031E-16));
#4340=DIRECTION('',(0.,1.,0.));
#4341=DIRECTION('',(1.,0.,2.22044604925031E-16));
#4342=DIRECTION('center_axis',(1.,0.,2.22044604925031E-16));
#4343=DIRECTION('ref_axis',(2.22044604925031E-16,0.,-1.));
#4344=DIRECTION('',(0.,-1.,0.));
#4345=DIRECTION('',(-2.22044604925031E-16,0.,1.));
#4346=DIRECTION('center_axis',(2.22044604925031E-16,0.,-1.));
#4347=DIRECTION('ref_axis',(1.,0.,2.22044604925031E-16));
#4348=DIRECTION('',(1.,0.,2.22044604925031E-16));
#4349=DIRECTION('center_axis',(2.22044604925031E-16,0.,-1.));
#4350=DIRECTION('ref_axis',(1.,0.,2.22044604925031E-16));
#4351=DIRECTION('',(1.,0.,2.22044604925031E-16));
#4352=DIRECTION('center_axis',(9.08162434143378E-31,1.,-4.09E-15));
#4353=DIRECTION('ref_axis',(-2.22044604925031E-16,4.09E-15,1.));
#4354=DIRECTION('',(1.,0.,2.22044604925031E-16));
#4355=DIRECTION('',(-2.22044604925031E-16,0.,1.));
#4356=DIRECTION('',(1.,0.,2.22044604925031E-16));
#4357=DIRECTION('',(1.,0.,2.22044604925031E-16));
#4358=DIRECTION('',(-2.22044604925031E-16,0.,1.));
#4359=DIRECTION('',(1.,0.,2.22044604925031E-16));
#4360=DIRECTION('center_axis',(1.02044604925031E-16,1.7E-16,-1.));
#4361=DIRECTION('ref_axis',(3.77475828372553E-32,-1.,-1.7E-16));
#4362=DIRECTION('',(-1.,0.,-2.22044604925031E-16));
#4363=DIRECTION('',(0.,1.,0.));
#4364=DIRECTION('center_axis',(3.42044604925031E-16,1.7E-16,-1.));
#4365=DIRECTION('ref_axis',(3.77475828372553E-32,-1.,-1.7E-16));
#4366=DIRECTION('',(-1.,0.,-2.22044604925031E-16));
#4367=DIRECTION('',(0.,-1.,0.));
#4368=DIRECTION('center_axis',(2.22044604925031E-16,0.,-1.));
#4369=DIRECTION('ref_axis',(0.,-1.,0.));
#4370=DIRECTION('',(2.22044604925031E-16,0.,-1.));
#4371=DIRECTION('center_axis',(2.22044604925031E-16,0.,-1.));
#4372=DIRECTION('ref_axis',(0.,-1.,0.));
#4373=DIRECTION('center_axis',(2.22044604925031E-16,0.,-1.));
#4374=DIRECTION('ref_axis',(0.,-1.,0.));
#4375=DIRECTION('center_axis',(2.22044604925031E-16,0.,-1.));
#4376=DIRECTION('ref_axis',(0.,-1.,0.));
#4377=DIRECTION('center_axis',(2.22044604925031E-16,0.,-1.));
#4378=DIRECTION('ref_axis',(0.,-1.,0.));
#4379=DIRECTION('center_axis',(2.22044604925031E-16,0.,-1.));
#4380=DIRECTION('ref_axis',(0.,-1.,0.));
#4381=DIRECTION('',(2.22044604925031E-16,0.,-1.));
#4382=DIRECTION('center_axis',(2.22044604925031E-16,0.,-1.));
#4383=DIRECTION('ref_axis',(0.,-1.,0.));
#4384=DIRECTION('center_axis',(2.22044604925031E-16,0.,-1.));
#4385=DIRECTION('ref_axis',(0.,-1.,0.));
#4386=DIRECTION('center_axis',(2.22044604925031E-16,0.,-1.));
#4387=DIRECTION('ref_axis',(0.,-1.,0.));
#4388=DIRECTION('center_axis',(2.22044604925031E-16,0.,-1.));
#4389=DIRECTION('ref_axis',(0.,-1.,0.));
#4390=DIRECTION('center_axis',(2.22044604925031E-16,0.,-1.));
#4391=DIRECTION('ref_axis',(0.,-1.,0.));
#4392=DIRECTION('',(2.22044604925031E-16,0.,-1.));
#4393=DIRECTION('center_axis',(2.22044604925031E-16,0.,-1.));
#4394=DIRECTION('ref_axis',(0.,-1.,0.));
#4395=DIRECTION('center_axis',(2.22044604925031E-16,0.,-1.));
#4396=DIRECTION('ref_axis',(0.,-1.,0.));
#4397=DIRECTION('center_axis',(2.22044604925031E-16,0.,-1.));
#4398=DIRECTION('ref_axis',(0.,-1.,0.));
#4399=DIRECTION('center_axis',(2.22044604925031E-16,0.,-1.));
#4400=DIRECTION('ref_axis',(0.,-1.,0.));
#4401=DIRECTION('center_axis',(-9.08162434143378E-31,1.,4.09E-15));
#4402=DIRECTION('ref_axis',(-2.22044604925031E-16,-4.09E-15,1.));
#4403=DIRECTION('',(1.,0.,2.22044604925031E-16));
#4404=DIRECTION('',(-2.22044604925031E-16,0.,1.));
#4405=DIRECTION('',(1.,0.,2.22044604925031E-16));
#4406=DIRECTION('',(1.,0.,2.22044604925031E-16));
#4407=DIRECTION('',(-2.22044604925031E-16,0.,1.));
#4408=DIRECTION('',(1.,0.,2.22044604925031E-16));
#4409=DIRECTION('center_axis',(3.52044604925031E-16,-1.7E-16,-1.));
#4410=DIRECTION('ref_axis',(-3.77475828372553E-32,-1.,1.7E-16));
#4411=DIRECTION('',(-1.,0.,-2.22044604925031E-16));
#4412=DIRECTION('',(0.,-1.,0.));
#4413=DIRECTION('center_axis',(9.20446049250313E-17,-1.7E-16,-1.));
#4414=DIRECTION('ref_axis',(-3.77475828372553E-32,-1.,1.7E-16));
#4415=DIRECTION('',(-1.,0.,-2.22044604925031E-16));
#4416=DIRECTION('',(0.,1.,0.));
#4417=DIRECTION('center_axis',(-9.08162434143378E-31,1.,4.09E-15));
#4418=DIRECTION('ref_axis',(-2.22044604925031E-16,-4.09E-15,1.));
#4419=DIRECTION('',(1.,0.,2.22044604925031E-16));
#4420=DIRECTION('',(-2.22044604925031E-16,0.,1.));
#4421=DIRECTION('',(1.,0.,2.22044604925031E-16));
#4422=DIRECTION('',(1.,0.,2.22044604925031E-16));
#4423=DIRECTION('',(-2.22044604925031E-16,0.,1.));
#4424=DIRECTION('',(1.,0.,2.22044604925031E-16));
#4425=DIRECTION('center_axis',(9.20446049250313E-17,-1.7E-16,-1.));
#4426=DIRECTION('ref_axis',(-3.77475828372553E-32,-1.,1.7E-16));
#4427=DIRECTION('',(0.,1.,0.));
#4428=DIRECTION('',(1.,0.,2.22044604925031E-16));
#4429=DIRECTION('center_axis',(3.52044604925031E-16,-1.7E-16,-1.));
#4430=DIRECTION('ref_axis',(-3.77475828372553E-32,-1.,1.7E-16));
#4431=DIRECTION('',(0.,-1.,0.));
#4432=DIRECTION('',(1.,0.,2.22044604925031E-16));
#4433=DIRECTION('center_axis',(1.,0.,2.22044604925031E-16));
#4434=DIRECTION('ref_axis',(0.,-1.,0.));
#4435=DIRECTION('',(-2.22044604925031E-16,0.,1.));
#4436=DIRECTION('',(0.,-1.,0.));
#4437=DIRECTION('',(0.,-1.,0.));
#4438=DIRECTION('center_axis',(-2.22044604925031E-16,0.,1.));
#4439=DIRECTION('ref_axis',(-1.,0.,-2.22044604925031E-16));
#4440=DIRECTION('center_axis',(-2.22044604925031E-16,0.,1.));
#4441=DIRECTION('ref_axis',(-1.,0.,-2.22044604925031E-16));
#4442=DIRECTION('',(0.,1.,0.));
#4443=DIRECTION('center_axis',(-1.,0.,-2.22044604925031E-16));
#4444=DIRECTION('ref_axis',(0.,1.,0.));
#4445=DIRECTION('',(0.,1.,0.));
#4446=DIRECTION('',(-2.22044604925031E-16,0.,1.));
#4447=DIRECTION('center_axis',(0.,-1.,0.));
#4448=DIRECTION('ref_axis',(2.22044604925031E-16,0.,-1.));
#4449=DIRECTION('',(-1.,0.,-2.22044604925031E-16));
#4450=DIRECTION('',(-1.,0.,-2.22044604925031E-16));
#4451=DIRECTION('',(-1.,0.,-2.22044604925031E-16));
#4452=DIRECTION('center_axis',(2.22044604925031E-16,0.,-1.));
#4453=DIRECTION('ref_axis',(1.,0.,2.22044604925031E-16));
#4454=DIRECTION('center_axis',(-2.22044604925031E-16,0.,1.));
#4455=DIRECTION('ref_axis',(0.,1.,0.));
#4456=DIRECTION('',(-1.,0.,-2.22044604925031E-16));
#4457=DIRECTION('',(0.,-1.,0.));
#4458=DIRECTION('center_axis',(-2.22044604925031E-16,0.,1.));
#4459=DIRECTION('ref_axis',(0.,1.,0.));
#4460=DIRECTION('',(-1.,0.,-2.22044604925031E-16));
#4461=DIRECTION('',(0.,1.,0.));
#4462=DIRECTION('center_axis',(-2.22044604925031E-16,0.,1.));
#4463=DIRECTION('ref_axis',(0.,1.,0.));
#4464=DIRECTION('',(0.,1.,0.));
#4465=DIRECTION('center_axis',(-2.22044604925031E-16,0.,1.));
#4466=DIRECTION('ref_axis',(0.,1.,0.));
#4467=DIRECTION('',(0.,-1.,0.));
#4468=DIRECTION('center_axis',(-2.22044604925031E-16,0.,1.));
#4469=DIRECTION('ref_axis',(0.,1.,0.));
#4470=DIRECTION('',(-1.,0.,-2.22044604925031E-16));
#4471=DIRECTION('',(0.,-1.,0.));
#4472=DIRECTION('center_axis',(-2.22044604925031E-16,0.,1.));
#4473=DIRECTION('ref_axis',(0.,1.,0.));
#4474=DIRECTION('',(-1.,0.,-2.22044604925031E-16));
#4475=DIRECTION('',(0.,1.,0.));
#4476=DIRECTION('center_axis',(-2.22044604925031E-16,0.,1.));
#4477=DIRECTION('ref_axis',(0.,1.,0.));
#4478=DIRECTION('',(0.,1.,0.));
#4479=DIRECTION('center_axis',(-2.22044604925031E-16,0.,1.));
#4480=DIRECTION('ref_axis',(0.,1.,0.));
#4481=DIRECTION('',(0.,-1.,0.));
#4482=DIRECTION('center_axis',(-2.22044604925031E-16,0.,1.));
#4483=DIRECTION('ref_axis',(-1.,0.,-2.22044604925031E-16));
#4484=DIRECTION('center_axis',(-2.22044604925031E-16,0.,1.));
#4485=DIRECTION('ref_axis',(-1.,0.,-2.22044604925031E-16));
#4486=DIRECTION('center_axis',(1.,0.,2.22044604925031E-16));
#4487=DIRECTION('ref_axis',(0.,-1.,0.));
#4488=DIRECTION('',(-2.22044604925031E-16,0.,1.));
#4489=DIRECTION('center_axis',(-1.,0.,-2.22044604925031E-16));
#4490=DIRECTION('ref_axis',(0.,1.,0.));
#4491=DIRECTION('',(-2.22044604925031E-16,0.,1.));
#4492=DIRECTION('center_axis',(0.,-1.,0.));
#4493=DIRECTION('ref_axis',(1.,0.,2.22044604925031E-16));
#4494=DIRECTION('',(-1.,0.,-2.22044604925031E-16));
#4495=DIRECTION('center_axis',(2.22044604925031E-16,0.,-1.));
#4496=DIRECTION('ref_axis',(1.,0.,2.22044604925031E-16));
#4497=DIRECTION('center_axis',(1.,0.,2.22044604925031E-16));
#4498=DIRECTION('ref_axis',(0.,-1.,0.));
#4499=DIRECTION('',(-2.22044604925031E-16,0.,1.));
#4500=DIRECTION('center_axis',(-1.,0.,-2.22044604925031E-16));
#4501=DIRECTION('ref_axis',(0.,1.,0.));
#4502=DIRECTION('',(-2.22044604925031E-16,0.,1.));
#4503=DIRECTION('center_axis',(0.,-1.,0.));
#4504=DIRECTION('ref_axis',(2.22044604925031E-16,0.,-1.));
#4505=DIRECTION('',(1.,0.,2.22044604925031E-16));
#4506=DIRECTION('center_axis',(2.22044604925031E-16,0.,-1.));
#4507=DIRECTION('ref_axis',(1.,0.,2.22044604925031E-16));
#4508=DIRECTION('center_axis',(2.22044604925031E-16,0.,-1.));
#4509=DIRECTION('ref_axis',(1.,0.,2.22044604925031E-16));
#4510=DIRECTION('',(1.,0.,2.22044604925031E-16));
#4511=DIRECTION('center_axis',(0.,-1.,0.));
#4512=DIRECTION('ref_axis',(2.22044604925031E-16,0.,-1.));
#4513=DIRECTION('',(1.,0.,2.22044604925031E-16));
#4514=DIRECTION('',(-2.22044604925031E-16,0.,1.));
#4515=DIRECTION('',(-1.,0.,-2.22044604925031E-16));
#4516=DIRECTION('',(-1.,0.,-2.22044604925031E-16));
#4517=DIRECTION('',(-2.22044604925031E-16,0.,1.));
#4518=DIRECTION('',(1.,0.,2.22044604925031E-16));
#4519=DIRECTION('center_axis',(2.22044604925031E-16,0.,-1.));
#4520=DIRECTION('ref_axis',(1.,0.,2.22044604925031E-16));
#4521=DIRECTION('',(0.,1.,0.));
#4522=DIRECTION('',(-1.,0.,-2.22044604925031E-16));
#4523=DIRECTION('center_axis',(2.22044604925031E-16,0.,-1.));
#4524=DIRECTION('ref_axis',(0.,-1.,0.));
#4525=DIRECTION('',(0.,-1.,0.));
#4526=DIRECTION('',(-1.,0.,-2.22044604925031E-16));
#4527=DIRECTION('center_axis',(9.37028232783632E-31,1.,-4.22E-15));
#4528=DIRECTION('ref_axis',(-2.22044604925031E-16,4.22E-15,1.));
#4529=DIRECTION('',(-1.,0.,-2.22044604925031E-16));
#4530=DIRECTION('',(-2.22044604925031E-16,0.,1.));
#4531=DIRECTION('',(1.,0.,2.22044604925031E-16));
#4532=DIRECTION('',(1.,0.,2.22044604925031E-16));
#4533=DIRECTION('',(-2.22044604925031E-16,0.,1.));
#4534=DIRECTION('center_axis',(2.22044604925031E-16,0.,-1.));
#4535=DIRECTION('ref_axis',(1.,0.,2.22044604925031E-16));
#4536=DIRECTION('center_axis',(2.22044604925031E-16,0.,-1.));
#4537=DIRECTION('ref_axis',(0.,-1.,0.));
#4538=DIRECTION('',(1.,0.,2.22044604925031E-16));
#4539=DIRECTION('center_axis',(0.,-1.,0.));
#4540=DIRECTION('ref_axis',(2.22044604925031E-16,0.,-1.));
#4541=DIRECTION('',(1.,0.,2.22044604925031E-16));
#4542=DIRECTION('',(-2.22044604925031E-16,0.,1.));
#4543=DIRECTION('',(-1.,0.,-2.22044604925031E-16));
#4544=DIRECTION('',(-1.,0.,-2.22044604925031E-16));
#4545=DIRECTION('',(-2.22044604925031E-16,0.,1.));
#4546=DIRECTION('',(1.,0.,2.22044604925031E-16));
#4547=DIRECTION('center_axis',(1.02044604925031E-16,-1.7E-16,-1.));
#4548=DIRECTION('ref_axis',(-3.77475828372553E-32,-1.,1.7E-16));
#4549=DIRECTION('',(0.,1.,0.));
#4550=DIRECTION('',(1.,0.,2.22044604925031E-16));
#4551=DIRECTION('center_axis',(3.42044604925031E-16,-1.7E-16,-1.));
#4552=DIRECTION('ref_axis',(-3.77475828372553E-32,-1.,1.7E-16));
#4553=DIRECTION('',(1.,0.,2.22044604925031E-16));
#4554=DIRECTION('',(0.,-1.,0.));
#4555=DIRECTION('center_axis',(0.,1.,0.));
#4556=DIRECTION('ref_axis',(-1.,0.,-2.22044604925031E-16));
#4557=DIRECTION('',(1.,0.,2.22044604925031E-16));
#4558=DIRECTION('',(-2.22044604925031E-16,0.,1.));
#4559=DIRECTION('',(1.,0.,2.22044604925031E-16));
#4560=DIRECTION('',(1.,0.,2.22044604925031E-16));
#4561=DIRECTION('',(-2.22044604925031E-16,0.,1.));
#4562=DIRECTION('center_axis',(2.22044604925031E-16,0.,-1.));
#4563=DIRECTION('ref_axis',(0.,-1.,0.));
#4564=DIRECTION('center_axis',(2.22044604925031E-16,0.,-1.));
#4565=DIRECTION('ref_axis',(1.,0.,2.22044604925031E-16));
#4566=DIRECTION('',(1.,0.,2.22044604925031E-16));
#4567=DIRECTION('center_axis',(1.81632486828676E-30,-1.,-8.18E-15));
#4568=DIRECTION('ref_axis',(2.22044604925031E-16,8.18E-15,-1.));
#4569=DIRECTION('',(1.,0.,2.22044604925031E-16));
#4570=DIRECTION('',(-2.22044604925031E-16,0.,1.));
#4571=DIRECTION('',(-1.,0.,-2.22044604925031E-16));
#4572=DIRECTION('',(-1.,0.,-2.22044604925031E-16));
#4573=DIRECTION('',(-2.22044604925031E-16,0.,1.));
#4574=DIRECTION('',(1.,0.,2.22044604925031E-16));
#4575=DIRECTION('center_axis',(2.22044604925031E-16,0.,-1.));
#4576=DIRECTION('ref_axis',(0.,-1.,0.));
#4577=DIRECTION('',(0.,1.,0.));
#4578=DIRECTION('',(1.,0.,2.22044604925031E-16));
#4579=DIRECTION('center_axis',(2.22044604925031E-16,0.,-1.));
#4580=DIRECTION('ref_axis',(1.,0.,2.22044604925031E-16));
#4581=DIRECTION('',(1.,0.,2.22044604925031E-16));
#4582=DIRECTION('',(0.,-1.,0.));
#4583=DIRECTION('center_axis',(0.,1.,0.));
#4584=DIRECTION('ref_axis',(-2.22044604925031E-16,0.,1.));
#4585=DIRECTION('',(1.,0.,2.22044604925031E-16));
#4586=DIRECTION('',(-2.22044604925031E-16,0.,1.));
#4587=DIRECTION('',(1.,0.,2.22044604925031E-16));
#4588=DIRECTION('',(1.,0.,2.22044604925031E-16));
#4589=DIRECTION('',(-2.22044604925031E-16,0.,1.));
#4590=DIRECTION('center_axis',(2.22044604925031E-16,0.,-1.));
#4591=DIRECTION('ref_axis',(1.,0.,2.22044604925031E-16));
#4592=DIRECTION('center_axis',(2.22044604925031E-16,0.,-1.));
#4593=DIRECTION('ref_axis',(0.,-1.,0.));
#4594=DIRECTION('',(2.22044604925031E-16,0.,-1.));
#4595=DIRECTION('center_axis',(2.22044604925031E-16,0.,-1.));
#4596=DIRECTION('ref_axis',(0.,-1.,0.));
#4597=DIRECTION('center_axis',(2.22044604925031E-16,0.,-1.));
#4598=DIRECTION('ref_axis',(0.,-1.,0.));
#4599=DIRECTION('center_axis',(2.22044604925031E-16,0.,-1.));
#4600=DIRECTION('ref_axis',(0.,-1.,0.));
#4601=DIRECTION('center_axis',(2.22044604925031E-16,0.,-1.));
#4602=DIRECTION('ref_axis',(0.,-1.,0.));
#4603=DIRECTION('center_axis',(2.22044604925031E-16,0.,-1.));
#4604=DIRECTION('ref_axis',(0.,-1.,0.));
#4605=DIRECTION('',(2.22044604925031E-16,0.,-1.));
#4606=DIRECTION('center_axis',(2.22044604925031E-16,0.,-1.));
#4607=DIRECTION('ref_axis',(0.,-1.,0.));
#4608=DIRECTION('center_axis',(2.22044604925031E-16,0.,-1.));
#4609=DIRECTION('ref_axis',(0.,-1.,0.));
#4610=DIRECTION('center_axis',(2.22044604925031E-16,0.,-1.));
#4611=DIRECTION('ref_axis',(0.,-1.,0.));
#4612=DIRECTION('center_axis',(2.22044604925031E-16,0.,-1.));
#4613=DIRECTION('ref_axis',(0.,-1.,0.));
#4614=DIRECTION('center_axis',(2.22044604925031E-16,0.,-1.));
#4615=DIRECTION('ref_axis',(0.,-1.,0.));
#4616=DIRECTION('',(2.22044604925031E-16,0.,-1.));
#4617=DIRECTION('center_axis',(2.22044604925031E-16,0.,-1.));
#4618=DIRECTION('ref_axis',(0.,-1.,0.));
#4619=DIRECTION('center_axis',(2.22044604925031E-16,0.,-1.));
#4620=DIRECTION('ref_axis',(0.,-1.,0.));
#4621=DIRECTION('center_axis',(2.22044604925031E-16,0.,-1.));
#4622=DIRECTION('ref_axis',(0.,-1.,0.));
#4623=DIRECTION('center_axis',(2.22044604925031E-16,0.,-1.));
#4624=DIRECTION('ref_axis',(0.,-1.,0.));
#4625=DIRECTION('center_axis',(-1.,0.,-2.22044604925031E-16));
#4626=DIRECTION('ref_axis',(0.,1.,0.));
#4627=DIRECTION('',(0.,1.,0.));
#4628=DIRECTION('',(0.,1.,0.));
#4629=DIRECTION('center_axis',(-2.22044604925031E-16,0.,1.));
#4630=DIRECTION('ref_axis',(-1.,0.,-2.22044604925031E-16));
#4631=DIRECTION('center_axis',(-2.22044604925031E-16,0.,1.));
#4632=DIRECTION('ref_axis',(-1.,0.,-2.22044604925031E-16));
#4633=DIRECTION('',(0.,-1.,0.));
#4634=DIRECTION('center_axis',(1.,0.,2.22044604925031E-16));
#4635=DIRECTION('ref_axis',(0.,-1.,0.));
#4636=DIRECTION('',(0.,-1.,0.));
#4637=DIRECTION('center_axis',(-2.22044604925031E-16,0.,1.));
#4638=DIRECTION('ref_axis',(-1.,0.,-2.22044604925031E-16));
#4639=DIRECTION('center_axis',(-2.22044604925031E-16,0.,1.));
#4640=DIRECTION('ref_axis',(-1.,0.,-2.22044604925031E-16));
#4641=DIRECTION('center_axis',(-1.,0.,-2.22044604925031E-16));
#4642=DIRECTION('ref_axis',(0.,1.,0.));
#4643=DIRECTION('',(0.,1.,0.));
#4644=DIRECTION('',(0.,1.,0.));
#4645=DIRECTION('center_axis',(-2.22044604925031E-16,0.,1.));
#4646=DIRECTION('ref_axis',(0.,1.,0.));
#4647=DIRECTION('center_axis',(-2.22044604925031E-16,0.,1.));
#4648=DIRECTION('ref_axis',(0.,1.,0.));
#4649=DIRECTION('',(0.,-1.,0.));
#4650=DIRECTION('center_axis',(1.,0.,2.22044604925031E-16));
#4651=DIRECTION('ref_axis',(0.,-1.,0.));
#4652=DIRECTION('',(0.,-1.,0.));
#4653=DIRECTION('center_axis',(-2.22044604925031E-16,0.,1.));
#4654=DIRECTION('ref_axis',(0.,1.,0.));
#4655=DIRECTION('center_axis',(-2.22044604925031E-16,0.,1.));
#4656=DIRECTION('ref_axis',(0.,1.,0.));
#4657=DIRECTION('center_axis',(-1.,0.,-2.22044604925031E-16));
#4658=DIRECTION('ref_axis',(0.,1.,0.));
#4659=DIRECTION('',(0.,1.,0.));
#4660=DIRECTION('',(0.,1.,0.));
#4661=DIRECTION('center_axis',(-2.22044604925031E-16,0.,1.));
#4662=DIRECTION('ref_axis',(-1.,0.,-2.22044604925031E-16));
#4663=DIRECTION('center_axis',(-2.22044604925031E-16,0.,1.));
#4664=DIRECTION('ref_axis',(-1.,0.,-2.22044604925031E-16));
#4665=DIRECTION('',(0.,-1.,0.));
#4666=DIRECTION('center_axis',(1.,0.,2.22044604925031E-16));
#4667=DIRECTION('ref_axis',(0.,-1.,0.));
#4668=DIRECTION('',(0.,-1.,0.));
#4669=DIRECTION('center_axis',(-2.22044604925031E-16,0.,1.));
#4670=DIRECTION('ref_axis',(-1.,0.,-2.22044604925031E-16));
#4671=DIRECTION('center_axis',(-2.22044604925031E-16,0.,1.));
#4672=DIRECTION('ref_axis',(-1.,0.,-2.22044604925031E-16));
#4673=CARTESIAN_POINT('',(0.,0.,0.));
#4674=CARTESIAN_POINT('Origin',(29.5,3.8,14.));
#4675=CARTESIAN_POINT('',(29.,16.5,14.5));
#4676=CARTESIAN_POINT('',(29.,9.6,14.5));
#4677=CARTESIAN_POINT('',(29.,3.8,14.5));
#4678=CARTESIAN_POINT('',(30.,9.6,13.5));
#4679=CARTESIAN_POINT('',(29.275,9.6,14.225));
#4680=CARTESIAN_POINT('',(30.,16.0857864376269,13.5));
#4681=CARTESIAN_POINT('',(30.,3.8,13.5));
#4682=CARTESIAN_POINT('',(30.,16.0857864376269,13.5));
#4683=CARTESIAN_POINT('Origin',(29.5,14.0402220393027,16.2526711795107));
#4684=CARTESIAN_POINT('',(30.,16.5,13.0857864376269));
#4685=CARTESIAN_POINT('',(30.,13.6866686487095,15.8991177889175));
#4686=CARTESIAN_POINT('',(29.,17.5,13.5));
#4687=CARTESIAN_POINT('',(30.,16.5,13.0857864376269));
#4688=CARTESIAN_POINT('',(29.,14.393775429896,16.606224570104));
#4689=CARTESIAN_POINT('Origin',(29.5,17.,10.962449140208));
#4690=CARTESIAN_POINT('',(30.,16.5,4.73606797749979));
#4691=CARTESIAN_POINT('',(30.,16.5,10.962449140208));
#4692=CARTESIAN_POINT('',(29.,17.5,4.5));
#4693=CARTESIAN_POINT('',(30.,16.5,4.73606797749979));
#4694=CARTESIAN_POINT('',(29.,17.5,10.962449140208));
#4695=CARTESIAN_POINT('Origin',(29.5,15.5127660605832,1.64356610991638));
#4696=CARTESIAN_POINT('',(30.,14.6319660112501,1.00000000000001));
#4697=CARTESIAN_POINT('',(30.,15.0655524650833,1.86717290766636));
#4698=CARTESIAN_POINT('',(29.4472135955,14.97360679775,0.44721359549996));
#4699=CARTESIAN_POINT('',(30.4690362178148,14.3420856866859,1.46903621781477));
#4700=CARTESIAN_POINT('',(29.,15.6972135955,0.89442719099992));
#4701=CARTESIAN_POINT('',(28.7474398677865,16.1058644736246,1.14698732321341));
#4702=CARTESIAN_POINT('',(29.,15.9599796560832,1.4199593121664));
#4703=CARTESIAN_POINT('Origin',(25.,14.97360679775,0.44721359549996));
#4704=CARTESIAN_POINT('',(29.,14.25,0.));
#4705=CARTESIAN_POINT('',(29.,14.25,0.));
#4706=CARTESIAN_POINT('',(24.25,14.25,0.));
#4707=CARTESIAN_POINT('',(25.,14.25,0.));
#4708=CARTESIAN_POINT('',(23.3555728090001,15.6972135955,0.89442719099992));
#4709=CARTESIAN_POINT('',(24.25,14.25,0.));
#4710=CARTESIAN_POINT('',(25.,15.6972135955,0.89442719099992));
#4711=CARTESIAN_POINT('Origin',(29.5,8.75,0.500000000000007));
#4712=CARTESIAN_POINT('',(30.,-14.6319660112501,1.00000000000001));
#4713=CARTESIAN_POINT('',(30.,8.75,1.00000000000001));
#4714=CARTESIAN_POINT('',(29.4472135955,-14.97360679775,0.44721359549996));
#4715=CARTESIAN_POINT('',(32.7393446000588,-12.9389579415152,3.73934460005884));
#4716=CARTESIAN_POINT('',(29.,-14.25,0.));
#4717=CARTESIAN_POINT('',(29.8944271909999,-15.6972135955,0.89442719099992));
#4718=CARTESIAN_POINT('',(29.,8.75,0.));
#4719=CARTESIAN_POINT('Origin',(30.,1.97044604925031E-15,7.42489828041601));
#4720=CARTESIAN_POINT('',(30.,9.6,13.25));
#4721=CARTESIAN_POINT('',(30.,9.6,10.962449140208));
#4722=CARTESIAN_POINT('',(30.,8.5,12.));
#4723=CARTESIAN_POINT('',(30.,6.06068262138359,9.22804843339045));
#4724=CARTESIAN_POINT('',(30.,-8.5,12.));
#4725=CARTESIAN_POINT('Origin',(30.,2.22044604925031E-15,12.));
#4726=CARTESIAN_POINT('',(30.,-8.6,12.));
#4727=CARTESIAN_POINT('',(30.,-4.25,12.));
#4728=CARTESIAN_POINT('',(30.,-9.6,13.25));
#4729=CARTESIAN_POINT('',(30.,-5.80607275132098,8.50759093915123));
#4730=CARTESIAN_POINT('',(30.,-9.6,13.5));
#4731=CARTESIAN_POINT('',(30.,-9.6,10.337449140208));
#4732=CARTESIAN_POINT('',(30.,-16.0857864376269,13.5));
#4733=CARTESIAN_POINT('',(30.,3.8,13.5));
#4734=CARTESIAN_POINT('',(30.,-16.5,13.0857864376269));
#4735=CARTESIAN_POINT('',(30.,-13.6866686487094,15.8991177889175));
#4736=CARTESIAN_POINT('',(30.,-16.5,4.73606797749979));
#4737=CARTESIAN_POINT('',(30.,-16.5,4.462449140208));
#4738=CARTESIAN_POINT('',(30.,-15.0655524650833,1.86717290766636));
#4739=CARTESIAN_POINT('Origin',(29.5,-15.5127660605832,1.64356610991638));
#4740=CARTESIAN_POINT('',(29.,-17.5,4.5));
#4741=CARTESIAN_POINT('',(29.,-15.6972135955,0.89442719099992));
#4742=CARTESIAN_POINT('',(29.,-15.9599796560832,1.4199593121664));
#4743=CARTESIAN_POINT('',(28.7474398677865,-16.1058644736246,1.14698732321341));
#4744=CARTESIAN_POINT('',(30.,-16.5,4.73606797749979));
#4745=CARTESIAN_POINT('Origin',(29.5,-17.,4.462449140208));
#4746=CARTESIAN_POINT('',(29.,-17.5,13.5));
#4747=CARTESIAN_POINT('',(30.,-16.5,13.0857864376269));
#4748=CARTESIAN_POINT('',(29.,-17.5,4.462449140208));
#4749=CARTESIAN_POINT('Origin',(29.5,-14.0402220393027,16.2526711795107));
#4750=CARTESIAN_POINT('',(29.,-16.5,14.5));
#4751=CARTESIAN_POINT('',(30.,-16.0857864376269,13.5));
#4752=CARTESIAN_POINT('',(29.,-14.393775429896,16.606224570104));
#4753=CARTESIAN_POINT('Origin',(29.5,3.8,14.));
#4754=CARTESIAN_POINT('',(29.,-9.6,14.5));
#4755=CARTESIAN_POINT('',(29.9,-9.6,13.6));
#4756=CARTESIAN_POINT('',(29.,3.8,14.5));
#4757=CARTESIAN_POINT('Origin',(29.1,-9.6,12.));
#4758=CARTESIAN_POINT('',(29.1,-9.6,13.25));
#4759=CARTESIAN_POINT('',(30.,-9.6,13.25));
#4760=CARTESIAN_POINT('',(29.1,-9.6,12.));
#4761=CARTESIAN_POINT('',(29.1,-9.6,12.));
#4762=CARTESIAN_POINT('',(-29.2,-9.6,12.));
#4763=CARTESIAN_POINT('',(29.1,-9.6,12.));
#4764=CARTESIAN_POINT('',(-29.2,-9.6,13.25));
#4765=CARTESIAN_POINT('',(-29.2,-9.6,12.));
#4766=CARTESIAN_POINT('',(-30.,-9.6,13.25));
#4767=CARTESIAN_POINT('',(30.,-9.6,13.25));
#4768=CARTESIAN_POINT('',(-30.,-9.6,13.5));
#4769=CARTESIAN_POINT('',(-30.,-9.6,10.337449140208));
#4770=CARTESIAN_POINT('',(-29.,-9.6,14.5));
#4771=CARTESIAN_POINT('',(-15.3500000000001,-9.6,28.15));
#4772=CARTESIAN_POINT('',(27.05,-9.6,14.5));
#4773=CARTESIAN_POINT('Origin',(-29.5,15.5127660605832,1.64356610991637));
#4774=CARTESIAN_POINT('',(-29.,17.5,4.49999999999999));
#4775=CARTESIAN_POINT('',(-29.,15.6972135955,0.894427190999902));
#4776=CARTESIAN_POINT('',(-29.,15.9599796560832,1.41995931216639));
#4777=CARTESIAN_POINT('',(-29.4472135955,14.97360679775,0.447213595499951));
#4778=CARTESIAN_POINT('',(-23.333880751309,24.865187124192,6.5605464396909));
#4779=CARTESIAN_POINT('',(-30.,14.6319660112501,0.999999999999996));
#4780=CARTESIAN_POINT('',(-30.4690362178148,14.3420856866859,1.46903621781476));
#4781=CARTESIAN_POINT('',(-30.,16.5,4.73606797749978));
#4782=CARTESIAN_POINT('',(-30.,15.0655524650833,1.86717290766635));
#4783=CARTESIAN_POINT('',(-30.,16.5,4.73606797749978));
#4784=CARTESIAN_POINT('Origin',(-29.5,17.,10.962449140208));
#4785=CARTESIAN_POINT('',(-30.,16.5,13.0857864376269));
#4786=CARTESIAN_POINT('',(-30.,16.5,10.962449140208));
#4787=CARTESIAN_POINT('',(-29.,17.5,13.5));
#4788=CARTESIAN_POINT('',(-30.,16.5,13.0857864376269));
#4789=CARTESIAN_POINT('',(-29.,17.5,10.962449140208));
#4790=CARTESIAN_POINT('Origin',(-29.5,14.0402220393027,16.2526711795107));
#4791=CARTESIAN_POINT('',(-30.,16.0857864376269,13.5));
#4792=CARTESIAN_POINT('',(-30.,13.6866686487095,15.8991177889174));
#4793=CARTESIAN_POINT('',(-29.,16.5,14.5));
#4794=CARTESIAN_POINT('',(-30.,16.0857864376269,13.5));
#4795=CARTESIAN_POINT('',(-29.,14.393775429896,16.606224570104));
#4796=CARTESIAN_POINT('Origin',(-29.5,3.8,14.));
#4797=CARTESIAN_POINT('',(-30.,9.6,13.5));
#4798=CARTESIAN_POINT('',(-30.,3.8,13.5));
#4799=CARTESIAN_POINT('',(-29.,9.6,14.5));
#4800=CARTESIAN_POINT('',(-14.7250000000001,9.6,28.775));
#4801=CARTESIAN_POINT('',(-29.,3.8,14.5));
#4802=CARTESIAN_POINT('Origin',(29.1,9.6,14.5));
#4803=CARTESIAN_POINT('',(27.05,9.6,14.5));
#4804=CARTESIAN_POINT('',(-30.,9.6,13.25));
#4805=CARTESIAN_POINT('',(-30.,9.6,10.962449140208));
#4806=CARTESIAN_POINT('',(-29.2,9.6,13.25));
#4807=CARTESIAN_POINT('',(30.,9.6,13.25));
#4808=CARTESIAN_POINT('',(-29.2,9.6,12.));
#4809=CARTESIAN_POINT('',(-29.2,9.6,12.));
#4810=CARTESIAN_POINT('',(29.1,9.6,12.));
#4811=CARTESIAN_POINT('',(29.1,9.6,12.));
#4812=CARTESIAN_POINT('',(29.1,9.6,13.25));
#4813=CARTESIAN_POINT('',(29.1,9.6,12.));
#4814=CARTESIAN_POINT('',(30.,9.6,13.25));
#4815=CARTESIAN_POINT('Origin',(-30.,2.15044604925031E-15,7.424898280416));
#4816=CARTESIAN_POINT('',(-30.,-14.6319660112501,0.999999999999996));
#4817=CARTESIAN_POINT('',(-30.,8.75,0.999999999999996));
#4818=CARTESIAN_POINT('',(-30.,-16.5,4.73606797749978));
#4819=CARTESIAN_POINT('',(-30.,-15.0655524650833,1.86717290766635));
#4820=CARTESIAN_POINT('',(-30.,-16.5,13.0857864376269));
#4821=CARTESIAN_POINT('',(-30.,-16.5,4.462449140208));
#4822=CARTESIAN_POINT('',(-30.,-16.0857864376269,13.5));
#4823=CARTESIAN_POINT('',(-30.,-13.6866686487094,15.8991177889174));
#4824=CARTESIAN_POINT('',(-30.,3.8,13.5));
#4825=CARTESIAN_POINT('',(-30.,-8.6,12.));
#4826=CARTESIAN_POINT('',(-30.,-5.80607275132098,8.50759093915121));
#4827=CARTESIAN_POINT('',(-30.,-8.5,12.));
#4828=CARTESIAN_POINT('',(-30.,-4.25,12.));
#4829=CARTESIAN_POINT('',(-30.,8.5,12.));
#4830=CARTESIAN_POINT('Origin',(-30.,2.22044604925031E-15,12.));
#4831=CARTESIAN_POINT('',(-30.,6.06068262138359,9.22804843339044));
#4832=CARTESIAN_POINT('Origin',(-29.5,8.75,0.499999999999989));
#4833=CARTESIAN_POINT('',(-29.,14.25,-8.88178419700125E-15));
#4834=CARTESIAN_POINT('',(-29.8944271909999,15.6972135955,0.894427190999902));
#4835=CARTESIAN_POINT('',(-29.,-14.25,-8.88178419700125E-15));
#4836=CARTESIAN_POINT('',(-29.,8.75,-8.88178419700125E-15));
#4837=CARTESIAN_POINT('',(-29.4472135955,-14.97360679775,0.447213595499942));
#4838=CARTESIAN_POINT('',(-29.,-14.25,-8.88178419700125E-15));
#4839=CARTESIAN_POINT('',(-32.7393446000588,-12.9389579415153,3.73934460005882));
#4840=CARTESIAN_POINT('Origin',(-29.5,3.8,14.));
#4841=CARTESIAN_POINT('',(-29.,-16.5,14.5));
#4842=CARTESIAN_POINT('',(-29.,3.8,14.5));
#4843=CARTESIAN_POINT('',(-30.,-16.0857864376269,13.5));
#4844=CARTESIAN_POINT('Origin',(-29.5,-14.0402220393027,16.2526711795107));
#4845=CARTESIAN_POINT('',(-29.,-17.5,13.5));
#4846=CARTESIAN_POINT('',(-29.,-14.393775429896,16.606224570104));
#4847=CARTESIAN_POINT('',(-30.,-16.5,13.0857864376269));
#4848=CARTESIAN_POINT('Origin',(-29.5,-17.,4.462449140208));
#4849=CARTESIAN_POINT('',(-29.,-17.5,4.49999999999999));
#4850=CARTESIAN_POINT('',(-29.,-17.5,4.462449140208));
#4851=CARTESIAN_POINT('',(-30.,-16.5,4.73606797749978));
#4852=CARTESIAN_POINT('Origin',(-29.5,-15.5127660605832,1.64356610991637));
#4853=CARTESIAN_POINT('',(-29.,-15.6972135955,0.894427190999902));
#4854=CARTESIAN_POINT('',(-23.333880751309,-24.865187124192,6.56054643969089));
#4855=CARTESIAN_POINT('',(-29.,-15.9599796560832,1.41995931216639));
#4856=CARTESIAN_POINT('Origin',(25.,7.6,14.5));
#4857=CARTESIAN_POINT('',(25.,-16.5,14.5));
#4858=CARTESIAN_POINT('',(-20.,-10.35,14.5));
#4859=CARTESIAN_POINT('Origin',(-20.,-12.,14.5));
#4860=CARTESIAN_POINT('',(-2.68451314216609E-15,-10.35,14.5));
#4861=CARTESIAN_POINT('Origin',(0.,-12.,14.5));
#4862=CARTESIAN_POINT('',(20.,-10.35,14.5));
#4863=CARTESIAN_POINT('Origin',(20.,-12.,14.5));
#4864=CARTESIAN_POINT('Origin',(25.,-17.,14.));
#4865=CARTESIAN_POINT('',(25.,-17.5,13.5));
#4866=CARTESIAN_POINT('Origin',(25.,-17.5,1.5));
#4867=CARTESIAN_POINT('',(-23.25,-17.5,4.49999999999999));
#4868=CARTESIAN_POINT('',(25.,-17.5,4.50000000000001));
#4869=CARTESIAN_POINT('',(-23.25,-17.5,6.49999999999999));
#4870=CARTESIAN_POINT('',(-23.25,-17.5,2.60937128061));
#4871=CARTESIAN_POINT('',(-16.75,-17.5,6.49999999999999));
#4872=CARTESIAN_POINT('',(0.875000000000004,-17.5,6.5));
#4873=CARTESIAN_POINT('',(-16.75,-17.5,4.49999999999999));
#4874=CARTESIAN_POINT('',(-16.75,-17.5,2.60937128061));
#4875=CARTESIAN_POINT('',(-3.25000000000001,-17.5,4.49999999999999));
#4876=CARTESIAN_POINT('',(25.,-17.5,4.50000000000001));
#4877=CARTESIAN_POINT('',(-3.24999999999999,-17.5,6.5));
#4878=CARTESIAN_POINT('',(-3.24999999999999,-17.5,2.60937128061));
#4879=CARTESIAN_POINT('',(3.24999999999999,-17.5,6.5));
#4880=CARTESIAN_POINT('',(10.875,-17.5,6.5));
#4881=CARTESIAN_POINT('',(3.24999999999999,-17.5,4.5));
#4882=CARTESIAN_POINT('',(3.24999999999999,-17.5,2.60937128061));
#4883=CARTESIAN_POINT('',(16.75,-17.5,4.5));
#4884=CARTESIAN_POINT('',(25.,-17.5,4.50000000000001));
#4885=CARTESIAN_POINT('',(16.75,-17.5,6.5));
#4886=CARTESIAN_POINT('',(16.75,-17.5,2.60937128061));
#4887=CARTESIAN_POINT('',(23.25,-17.5,6.5));
#4888=CARTESIAN_POINT('',(24.125,-17.5,6.5));
#4889=CARTESIAN_POINT('',(23.25,-17.5,4.5));
#4890=CARTESIAN_POINT('',(23.25,-17.5,2.60937128061));
#4891=CARTESIAN_POINT('',(25.,-17.5,4.5));
#4892=CARTESIAN_POINT('Origin',(25.,-16.75,3.00000000000001));
#4893=CARTESIAN_POINT('',(-23.3555728090001,-15.6972135955,0.894427190999902));
#4894=CARTESIAN_POINT('',(25.,-15.6972135955,0.89442719099992));
#4895=CARTESIAN_POINT('',(-23.25,-15.75,0.999999999999996));
#4896=CARTESIAN_POINT('',(-14.1133884396606,-20.3183057801697,10.1366115603394));
#4897=CARTESIAN_POINT('',(-23.25,-16.664649320855,2.82929864171));
#4898=CARTESIAN_POINT('Origin',(25.,-14.97360679775,0.44721359549996));
#4899=CARTESIAN_POINT('',(-24.25,-14.25,-8.88178419700125E-15));
#4900=CARTESIAN_POINT('',(25.,-14.25,0.));
#4901=CARTESIAN_POINT('',(-24.25,-14.25,-8.88178419700125E-15));
#4902=CARTESIAN_POINT('Origin',(-16.25,1.52049595694501,0.499999999999998));
#4903=CARTESIAN_POINT('',(-16.75,-15.75,0.999999999999996));
#4904=CARTESIAN_POINT('',(-16.75,-12.,0.999999999999996));
#4905=CARTESIAN_POINT('',(-16.75,1.52049595694501,0.999999999999996));
#4906=CARTESIAN_POINT('',(-15.75,-12.,0.));
#4907=CARTESIAN_POINT('',(-16.75,-12.,0.999999999999996));
#4908=CARTESIAN_POINT('',(-15.75,-14.25,0.));
#4909=CARTESIAN_POINT('',(-15.75,1.52049595694501,0.));
#4910=CARTESIAN_POINT('',(-16.6444271909999,-15.6972135955,0.894427190999911));
#4911=CARTESIAN_POINT('',(-15.75,-14.25,0.));
#4912=CARTESIAN_POINT('',(-5.8866115603394,-10.3183057801697,-9.86338843966056));
#4913=CARTESIAN_POINT('Origin',(25.,-14.97360679775,0.44721359549996));
#4914=CARTESIAN_POINT('',(-4.25000000000001,-14.25,0.));
#4915=CARTESIAN_POINT('',(25.,-14.25,0.));
#4916=CARTESIAN_POINT('',(-3.35557280900009,-15.6972135955,0.894427190999911));
#4917=CARTESIAN_POINT('',(-4.25000000000001,-14.25,0.));
#4918=CARTESIAN_POINT('',(25.,-15.6972135955,0.89442719099992));
#4919=CARTESIAN_POINT('Origin',(3.75,1.520495956945,0.499999999999998));
#4920=CARTESIAN_POINT('',(3.25000000000001,-15.75,0.999999999999996));
#4921=CARTESIAN_POINT('',(3.24999999999999,-12.,0.999999999999996));
#4922=CARTESIAN_POINT('',(3.25000000000001,1.520495956945,0.999999999999996));
#4923=CARTESIAN_POINT('',(4.25000000000001,-12.,0.));
#4924=CARTESIAN_POINT('',(3.24999999999999,-12.,0.999999999999996));
#4925=CARTESIAN_POINT('',(4.24999999999999,-14.25,0.));
#4926=CARTESIAN_POINT('',(4.25000000000001,1.520495956945,0.));
#4927=CARTESIAN_POINT('',(3.35557280900009,-15.6972135955,0.894427190999911));
#4928=CARTESIAN_POINT('',(4.24999999999999,-14.25,0.));
#4929=CARTESIAN_POINT('',(9.6689439952161,-12.5405280023919,-5.41894399521611));
#4930=CARTESIAN_POINT('Origin',(25.,-14.97360679775,0.44721359549996));
#4931=CARTESIAN_POINT('',(15.75,-14.25,0.));
#4932=CARTESIAN_POINT('',(25.,-14.25,0.));
#4933=CARTESIAN_POINT('',(16.6444271909999,-15.6972135955,0.89442719099992));
#4934=CARTESIAN_POINT('',(15.75,-14.25,0.));
#4935=CARTESIAN_POINT('',(25.,-15.6972135955,0.89442719099992));
#4936=CARTESIAN_POINT('Origin',(-16.25,15.979504043055,0.499999999999998));
#4937=CARTESIAN_POINT('',(-15.75,14.25,0.));
#4938=CARTESIAN_POINT('',(-15.75,12.,0.));
#4939=CARTESIAN_POINT('',(-15.75,15.979504043055,0.));
#4940=CARTESIAN_POINT('',(-16.75,12.,0.999999999999996));
#4941=CARTESIAN_POINT('',(-15.75,12.,0.));
#4942=CARTESIAN_POINT('',(-16.75,15.75,0.999999999999996));
#4943=CARTESIAN_POINT('',(-16.75,15.979504043055,0.999999999999996));
#4944=CARTESIAN_POINT('',(-16.6444271909999,15.6972135955,0.894427190999911));
#4945=CARTESIAN_POINT('',(-7.8310560047839,11.2905280023919,-7.91894399521611));
#4946=CARTESIAN_POINT('',(-16.6444271909999,15.6972135955,0.894427190999911));
#4947=CARTESIAN_POINT('Origin',(3.75,15.979504043055,0.500000000000007));
#4948=CARTESIAN_POINT('',(4.25000000000001,14.25,0.));
#4949=CARTESIAN_POINT('',(4.25000000000001,12.,0.));
#4950=CARTESIAN_POINT('',(4.25000000000001,15.979504043055,0.));
#4951=CARTESIAN_POINT('',(3.24999999999999,12.,1.00000000000001));
#4952=CARTESIAN_POINT('',(4.25000000000001,12.,0.));
#4953=CARTESIAN_POINT('',(3.24999999999999,15.75,1.00000000000001));
#4954=CARTESIAN_POINT('',(3.24999999999999,15.979504043055,1.00000000000001));
#4955=CARTESIAN_POINT('',(3.35557280900009,15.6972135955,0.894427190999911));
#4956=CARTESIAN_POINT('',(7.72449955077165,13.5127502246142,-3.47449955077166));
#4957=CARTESIAN_POINT('',(3.35557280900009,15.6972135955,0.894427190999911));
#4958=CARTESIAN_POINT('Origin',(20.,12.,0.500000000000007));
#4959=CARTESIAN_POINT('',(23.25,12.,1.00000000000001));
#4960=CARTESIAN_POINT('',(24.25,12.,0.));
#4961=CARTESIAN_POINT('',(23.25,12.,1.00000000000001));
#4962=CARTESIAN_POINT('',(15.75,12.,0.));
#4963=CARTESIAN_POINT('Origin',(20.,12.,0.));
#4964=CARTESIAN_POINT('',(16.75,12.,1.00000000000001));
#4965=CARTESIAN_POINT('',(15.75,12.,0.));
#4966=CARTESIAN_POINT('Origin',(20.,12.,1.00000000000001));
#4967=CARTESIAN_POINT('Origin',(16.25,15.979504043055,0.500000000000007));
#4968=CARTESIAN_POINT('',(16.75,15.75,1.00000000000001));
#4969=CARTESIAN_POINT('',(16.75,15.979504043055,1.00000000000001));
#4970=CARTESIAN_POINT('',(15.75,14.25,0.));
#4971=CARTESIAN_POINT('',(15.75,15.979504043055,0.));
#4972=CARTESIAN_POINT('',(16.6444271909999,15.6972135955,0.89442719099992));
#4973=CARTESIAN_POINT('',(15.75,14.25,0.));
#4974=CARTESIAN_POINT('',(18.942167115895,16.8460835579475,3.19216711589501));
#4975=CARTESIAN_POINT('Origin',(23.75,15.979504043055,0.500000000000007));
#4976=CARTESIAN_POINT('',(24.25,15.979504043055,0.));
#4977=CARTESIAN_POINT('',(23.25,15.75,1.00000000000001));
#4978=CARTESIAN_POINT('',(23.25,15.979504043055,1.00000000000001));
#4979=CARTESIAN_POINT('',(23.2800551063272,15.7349724468364,0.969944893672778));
#4980=CARTESIAN_POINT('Origin',(25.,14.97360679775,0.44721359549996));
#4981=CARTESIAN_POINT('',(25.,15.6972135955,0.89442719099992));
#4982=CARTESIAN_POINT('',(25.,14.25,0.));
#4983=CARTESIAN_POINT('Origin',(0.,12.,0.499999999999998));
#4984=CARTESIAN_POINT('',(-4.25000000000001,12.,0.));
#4985=CARTESIAN_POINT('Origin',(0.,12.,0.));
#4986=CARTESIAN_POINT('',(-3.24999999999999,12.,0.999999999999996));
#4987=CARTESIAN_POINT('',(-4.25000000000001,12.,0.));
#4988=CARTESIAN_POINT('Origin',(0.,12.,0.999999999999996));
#4989=CARTESIAN_POINT('Origin',(25.,-14.97360679775,0.44721359549996));
#4990=CARTESIAN_POINT('',(23.3555728090001,-15.6972135955,0.89442719099992));
#4991=CARTESIAN_POINT('',(25.,-15.6972135955,0.89442719099992));
#4992=CARTESIAN_POINT('',(24.25,-14.25,0.));
#4993=CARTESIAN_POINT('',(23.3555728090001,-15.6972135955,0.89442719099992));
#4994=CARTESIAN_POINT('',(25.,-14.25,0.));
#4995=CARTESIAN_POINT('Origin',(-3.75,15.979504043055,0.499999999999998));
#4996=CARTESIAN_POINT('',(-3.25000000000001,15.75,0.999999999999996));
#4997=CARTESIAN_POINT('',(-3.24999999999999,15.979504043055,0.999999999999996));
#4998=CARTESIAN_POINT('',(-4.24999999999999,14.25,0.));
#4999=CARTESIAN_POINT('',(-4.25000000000001,15.979504043055,0.));
#5000=CARTESIAN_POINT('',(-3.35557280900009,15.6972135955,0.894427190999911));
#5001=CARTESIAN_POINT('',(-4.24999999999999,14.25,0.));
#5002=CARTESIAN_POINT('',(3.38661156033943,19.0683057801697,7.63661156033944));
#5003=CARTESIAN_POINT('Origin',(23.75,1.520495956945,0.500000000000007));
#5004=CARTESIAN_POINT('',(23.25,-15.75,1.00000000000001));
#5005=CARTESIAN_POINT('',(23.25,-12.,1.00000000000001));
#5006=CARTESIAN_POINT('',(23.25,1.520495956945,1.00000000000001));
#5007=CARTESIAN_POINT('',(24.25,-12.,0.));
#5008=CARTESIAN_POINT('',(23.25,-12.,1.00000000000001));
#5009=CARTESIAN_POINT('',(24.25,1.520495956945,0.));
#5010=CARTESIAN_POINT('',(25.2244995507717,-14.7627502246142,-0.974499550771659));
#5011=CARTESIAN_POINT('Origin',(25.,14.97360679775,0.44721359549996));
#5012=CARTESIAN_POINT('',(25.,15.6972135955,0.89442719099992));
#5013=CARTESIAN_POINT('',(25.,14.25,0.));
#5014=CARTESIAN_POINT('Origin',(20.,-12.,0.500000000000007));
#5015=CARTESIAN_POINT('',(16.75,-12.,1.00000000000001));
#5016=CARTESIAN_POINT('',(15.75,-12.,0.));
#5017=CARTESIAN_POINT('',(16.75,-12.,1.00000000000001));
#5018=CARTESIAN_POINT('Origin',(20.,-12.,0.));
#5019=CARTESIAN_POINT('Origin',(20.,-12.,1.00000000000001));
#5020=CARTESIAN_POINT('Origin',(16.25,1.520495956945,0.500000000000007));
#5021=CARTESIAN_POINT('',(15.75,1.520495956945,0.));
#5022=CARTESIAN_POINT('',(16.75,-15.75,1.00000000000001));
#5023=CARTESIAN_POINT('',(16.75,1.520495956945,1.00000000000001));
#5024=CARTESIAN_POINT('',(16.9977226714506,-15.8738613357253,1.24772267145056));
#5025=CARTESIAN_POINT('Origin',(-20.,12.,0.499999999999989));
#5026=CARTESIAN_POINT('',(-24.25,12.,-8.88178419700125E-15));
#5027=CARTESIAN_POINT('Origin',(-20.,12.,-8.88178419700125E-15));
#5028=CARTESIAN_POINT('',(-23.25,12.,0.999999999999996));
#5029=CARTESIAN_POINT('',(-24.25,12.,-8.88178419700125E-15));
#5030=CARTESIAN_POINT('Origin',(-20.,12.,0.999999999999996));
#5031=CARTESIAN_POINT('Origin',(-23.75,15.979504043055,0.499999999999989));
#5032=CARTESIAN_POINT('',(-23.25,15.75,0.999999999999996));
#5033=CARTESIAN_POINT('',(-23.25,15.979504043055,0.999999999999996));
#5034=CARTESIAN_POINT('',(-24.25,14.25,-8.88178419700125E-15));
#5035=CARTESIAN_POINT('',(-24.25,15.979504043055,-8.88178419700125E-15));
#5036=CARTESIAN_POINT('',(-23.3555728090001,15.6972135955,0.894427190999902));
#5037=CARTESIAN_POINT('',(-24.25,14.25,-8.88178419700125E-15));
#5038=CARTESIAN_POINT('',(-12.1689439952161,21.2905280023919,12.0810560047839));
#5039=CARTESIAN_POINT('Origin',(25.,14.97360679775,0.44721359549996));
#5040=CARTESIAN_POINT('',(25.,15.6972135955,0.89442719099992));
#5041=CARTESIAN_POINT('',(25.,14.25,0.));
#5042=CARTESIAN_POINT('Origin',(0.,-12.,0.499999999999998));
#5043=CARTESIAN_POINT('',(-3.24999999999999,-12.,0.999999999999996));
#5044=CARTESIAN_POINT('',(-4.25000000000001,-12.,0.));
#5045=CARTESIAN_POINT('',(-3.24999999999999,-12.,0.999999999999996));
#5046=CARTESIAN_POINT('Origin',(0.,-12.,0.));
#5047=CARTESIAN_POINT('Origin',(0.,-12.,0.999999999999996));
#5048=CARTESIAN_POINT('Origin',(-3.75,1.520495956945,0.499999999999998));
#5049=CARTESIAN_POINT('',(-4.24999999999999,1.520495956945,0.));
#5050=CARTESIAN_POINT('',(-3.24999999999999,-15.75,1.00000000000001));
#5051=CARTESIAN_POINT('',(-3.24999999999999,1.520495956945,1.00000000000001));
#5052=CARTESIAN_POINT('',(1.44216711589497,-18.0960835579475,5.69216711589499));
#5053=CARTESIAN_POINT('Origin',(-23.75,1.520495956945,0.499999999999998));
#5054=CARTESIAN_POINT('',(-24.25,-12.,-8.88178419700125E-15));
#5055=CARTESIAN_POINT('',(-24.25,1.52049595694501,-8.88178419700125E-15));
#5056=CARTESIAN_POINT('',(-23.25,-12.,0.999999999999996));
#5057=CARTESIAN_POINT('',(-24.25,-12.,-8.88178419700125E-15));
#5058=CARTESIAN_POINT('',(-23.25,1.520495956945,0.999999999999996));
#5059=CARTESIAN_POINT('Origin',(-20.,-12.,0.499999999999989));
#5060=CARTESIAN_POINT('Origin',(-20.,-12.,-8.88178419700125E-15));
#5061=CARTESIAN_POINT('Origin',(-20.,-12.,0.999999999999996));
#5062=CARTESIAN_POINT('Origin',(20.,12.,1.5));
#5063=CARTESIAN_POINT('',(16.75,12.,5.7));
#5064=CARTESIAN_POINT('',(16.75,12.,5.50000000000001));
#5065=CARTESIAN_POINT('',(17.2,10.35,5.7));
#5066=CARTESIAN_POINT('Origin',(20.,12.,5.7));
#5067=CARTESIAN_POINT('',(17.2,10.35,5.50000000000001));
#5068=CARTESIAN_POINT('',(17.2,10.35,5.50000000000001));
#5069=CARTESIAN_POINT('',(22.8,10.35,5.50000000000001));
#5070=CARTESIAN_POINT('Origin',(20.,12.,5.50000000000001));
#5071=CARTESIAN_POINT('',(22.8,10.35,5.7));
#5072=CARTESIAN_POINT('',(22.8,10.35,5.50000000000001));
#5073=CARTESIAN_POINT('',(23.25,12.,5.7));
#5074=CARTESIAN_POINT('Origin',(20.,12.,5.7));
#5075=CARTESIAN_POINT('',(23.25,12.,1.5));
#5076=CARTESIAN_POINT('Origin',(16.75,14.45900808611,3.71874256122));
#5077=CARTESIAN_POINT('',(16.75,17.5,4.5));
#5078=CARTESIAN_POINT('',(16.75,16.664649320855,2.82929864171));
#5079=CARTESIAN_POINT('',(16.75,17.5,6.5));
#5080=CARTESIAN_POINT('',(16.75,17.5,9.10937128061001));
#5081=CARTESIAN_POINT('',(16.75,16.5,5.50000000000001));
#5082=CARTESIAN_POINT('',(16.75,15.794437661833,4.79443766183301));
#5083=CARTESIAN_POINT('',(16.75,13.65,5.50000000000001));
#5084=CARTESIAN_POINT('',(16.75,12.,5.50000000000001));
#5085=CARTESIAN_POINT('',(16.75,13.65,5.7));
#5086=CARTESIAN_POINT('',(16.75,13.65,5.50000000000001));
#5087=CARTESIAN_POINT('',(16.75,12.,5.7));
#5088=CARTESIAN_POINT('Origin',(25.,16.75,3.00000000000001));
#5089=CARTESIAN_POINT('',(3.25000000000001,17.5,4.5));
#5090=CARTESIAN_POINT('',(3.24999999999999,16.664649320855,2.82929864171));
#5091=CARTESIAN_POINT('',(25.,17.5,4.50000000000001));
#5092=CARTESIAN_POINT('Origin',(3.24999999999999,14.45900808611,3.71874256122));
#5093=CARTESIAN_POINT('',(3.24999999999999,12.,5.7));
#5094=CARTESIAN_POINT('',(3.24999999999999,12.,1.5));
#5095=CARTESIAN_POINT('',(3.24999999999999,13.65,5.7));
#5096=CARTESIAN_POINT('',(3.24999999999999,13.65,5.7));
#5097=CARTESIAN_POINT('',(3.24999999999999,13.65,5.5));
#5098=CARTESIAN_POINT('',(3.24999999999999,13.65,5.5));
#5099=CARTESIAN_POINT('',(3.24999999999999,16.5,5.5));
#5100=CARTESIAN_POINT('',(3.24999999999999,17.5,5.5));
#5101=CARTESIAN_POINT('',(3.24999999999999,17.5,6.5));
#5102=CARTESIAN_POINT('',(3.24999999999999,15.794437661833,4.794437661833));
#5103=CARTESIAN_POINT('',(3.24999999999999,17.5,9.10937128061001));
#5104=CARTESIAN_POINT('Origin',(0.,12.,1.5));
#5105=CARTESIAN_POINT('',(-3.24999999999999,12.,5.7));
#5106=CARTESIAN_POINT('',(-3.24999999999999,12.,1.5));
#5107=CARTESIAN_POINT('',(-2.79999999999999,10.35,5.7));
#5108=CARTESIAN_POINT('Origin',(0.,12.,5.7));
#5109=CARTESIAN_POINT('',(-2.79999999999999,10.35,5.5));
#5110=CARTESIAN_POINT('',(-2.79999999999999,10.35,5.5));
#5111=CARTESIAN_POINT('',(2.79999999999999,10.35,5.5));
#5112=CARTESIAN_POINT('Origin',(0.,12.,5.5));
#5113=CARTESIAN_POINT('',(2.79999999999999,10.35,5.7));
#5114=CARTESIAN_POINT('',(2.79999999999999,10.35,5.5));
#5115=CARTESIAN_POINT('Origin',(0.,12.,5.7));
#5116=CARTESIAN_POINT('Origin',(-3.24999999999999,14.45900808611,3.71874256122));
#5117=CARTESIAN_POINT('',(-3.24999999999999,17.5,4.49999999999999));
#5118=CARTESIAN_POINT('',(-3.25000000000001,16.664649320855,2.82929864171));
#5119=CARTESIAN_POINT('',(-3.24999999999999,17.5,6.5));
#5120=CARTESIAN_POINT('',(-3.24999999999999,17.5,9.10937128061001));
#5121=CARTESIAN_POINT('',(-3.24999999999999,16.5,5.5));
#5122=CARTESIAN_POINT('',(-3.24999999999999,15.794437661833,4.794437661833));
#5123=CARTESIAN_POINT('',(-3.24999999999999,13.65,5.5));
#5124=CARTESIAN_POINT('',(-3.24999999999999,12.,5.5));
#5125=CARTESIAN_POINT('',(-3.24999999999999,13.65,5.7));
#5126=CARTESIAN_POINT('',(-3.24999999999999,13.65,5.5));
#5127=CARTESIAN_POINT('',(-3.24999999999999,12.,5.7));
#5128=CARTESIAN_POINT('Origin',(25.,16.75,3.00000000000001));
#5129=CARTESIAN_POINT('',(-16.75,17.5,4.49999999999999));
#5130=CARTESIAN_POINT('',(-16.75,16.664649320855,2.82929864170999));
#5131=CARTESIAN_POINT('',(25.,17.5,4.50000000000001));
#5132=CARTESIAN_POINT('Origin',(-16.75,14.45900808611,3.71874256122));
#5133=CARTESIAN_POINT('',(-16.75,12.,5.69999999999999));
#5134=CARTESIAN_POINT('',(-16.75,12.,1.49999999999999));
#5135=CARTESIAN_POINT('',(-16.75,13.65,5.69999999999999));
#5136=CARTESIAN_POINT('',(-16.75,13.65,5.69999999999999));
#5137=CARTESIAN_POINT('',(-16.75,13.65,5.5));
#5138=CARTESIAN_POINT('',(-16.75,13.65,5.5));
#5139=CARTESIAN_POINT('',(-16.75,16.5,5.5));
#5140=CARTESIAN_POINT('',(-16.75,17.5,5.5));
#5141=CARTESIAN_POINT('',(-16.75,17.5,6.49999999999999));
#5142=CARTESIAN_POINT('',(-16.75,15.794437661833,4.794437661833));
#5143=CARTESIAN_POINT('',(-16.75,17.5,9.10937128061));
#5144=CARTESIAN_POINT('Origin',(-20.,12.,1.49999999999999));
#5145=CARTESIAN_POINT('',(-23.25,12.,5.69999999999999));
#5146=CARTESIAN_POINT('',(-23.25,12.,1.49999999999999));
#5147=CARTESIAN_POINT('',(-22.8,10.35,5.69999999999999));
#5148=CARTESIAN_POINT('Origin',(-20.,12.,5.69999999999999));
#5149=CARTESIAN_POINT('',(-22.8,10.35,5.5));
#5150=CARTESIAN_POINT('',(-22.8,10.35,5.5));
#5151=CARTESIAN_POINT('',(-17.2,10.35,5.5));
#5152=CARTESIAN_POINT('Origin',(-20.,12.,5.5));
#5153=CARTESIAN_POINT('',(-17.2,10.35,5.69999999999999));
#5154=CARTESIAN_POINT('',(-17.2,10.35,5.5));
#5155=CARTESIAN_POINT('Origin',(-20.,12.,5.69999999999999));
#5156=CARTESIAN_POINT('Origin',(-23.25,14.45900808611,3.71874256121999));
#5157=CARTESIAN_POINT('',(-23.25,17.5,4.49999999999999));
#5158=CARTESIAN_POINT('',(-23.25,16.664649320855,2.82929864170999));
#5159=CARTESIAN_POINT('',(-23.25,17.5,6.49999999999999));
#5160=CARTESIAN_POINT('',(-23.25,17.5,9.10937128061001));
#5161=CARTESIAN_POINT('',(-23.25,16.5,5.5));
#5162=CARTESIAN_POINT('',(-23.25,15.794437661833,4.794437661833));
#5163=CARTESIAN_POINT('',(-23.25,13.65,5.5));
#5164=CARTESIAN_POINT('',(-23.25,17.5,5.5));
#5165=CARTESIAN_POINT('',(-23.25,13.65,5.69999999999999));
#5166=CARTESIAN_POINT('',(-23.25,13.65,5.5));
#5167=CARTESIAN_POINT('',(-23.25,12.,5.69999999999999));
#5168=CARTESIAN_POINT('Origin',(25.,16.75,3.00000000000001));
#5169=CARTESIAN_POINT('',(25.,17.5,4.50000000000001));
#5170=CARTESIAN_POINT('Origin',(-23.25,-14.45900808611,3.71874256121999));
#5171=CARTESIAN_POINT('',(-23.25,-12.,5.69999999999999));
#5172=CARTESIAN_POINT('',(-23.25,-12.,1.49999999999999));
#5173=CARTESIAN_POINT('',(-23.25,-13.65,5.69999999999999));
#5174=CARTESIAN_POINT('',(-23.25,-12.,5.69999999999999));
#5175=CARTESIAN_POINT('',(-23.25,-13.65,5.5));
#5176=CARTESIAN_POINT('',(-23.25,-13.65,5.5));
#5177=CARTESIAN_POINT('',(-23.25,-16.5,5.5));
#5178=CARTESIAN_POINT('',(-23.25,-12.,5.5));
#5179=CARTESIAN_POINT('',(-23.25,-15.79443766183,4.794437661833));
#5180=CARTESIAN_POINT('Origin',(25.,17.5,0.));
#5181=CARTESIAN_POINT('Origin',(-16.75,-14.45900808611,3.71874256122));
#5182=CARTESIAN_POINT('',(-16.75,-16.664649320855,2.82929864171));
#5183=CARTESIAN_POINT('',(-16.75,-16.5,5.5));
#5184=CARTESIAN_POINT('',(-16.75,-15.79443766183,4.794437661833));
#5185=CARTESIAN_POINT('',(-16.75,-13.65,5.5));
#5186=CARTESIAN_POINT('',(-16.75,-17.5,5.5));
#5187=CARTESIAN_POINT('',(-16.75,-13.65,5.69999999999999));
#5188=CARTESIAN_POINT('',(-16.75,-13.65,5.5));
#5189=CARTESIAN_POINT('',(-16.75,-12.,5.69999999999999));
#5190=CARTESIAN_POINT('',(-16.75,-13.65,5.69999999999999));
#5191=CARTESIAN_POINT('',(-16.75,-12.,1.49999999999999));
#5192=CARTESIAN_POINT('Origin',(3.24999999999999,-14.45900808611,3.71874256122));
#5193=CARTESIAN_POINT('',(3.25000000000001,-16.664649320855,2.82929864171));
#5194=CARTESIAN_POINT('',(3.24999999999999,-16.5,5.5));
#5195=CARTESIAN_POINT('',(3.24999999999999,-15.79443766183,4.794437661833));
#5196=CARTESIAN_POINT('',(3.24999999999999,-13.65,5.5));
#5197=CARTESIAN_POINT('',(3.24999999999999,-17.5,5.5));
#5198=CARTESIAN_POINT('',(3.24999999999999,-13.65,5.7));
#5199=CARTESIAN_POINT('',(3.24999999999999,-13.65,5.5));
#5200=CARTESIAN_POINT('',(3.24999999999999,-12.,5.7));
#5201=CARTESIAN_POINT('',(3.24999999999999,-13.65,5.7));
#5202=CARTESIAN_POINT('',(3.24999999999999,-12.,1.5));
#5203=CARTESIAN_POINT('Origin',(23.25,-14.45900808611,3.71874256122));
#5204=CARTESIAN_POINT('',(23.25,-16.664649320855,2.82929864171001));
#5205=CARTESIAN_POINT('',(23.25,-16.5,5.50000000000001));
#5206=CARTESIAN_POINT('',(23.25,-15.79443766183,4.79443766183301));
#5207=CARTESIAN_POINT('',(23.25,-13.65,5.50000000000001));
#5208=CARTESIAN_POINT('',(23.25,-12.,5.50000000000001));
#5209=CARTESIAN_POINT('',(23.25,-13.65,5.7));
#5210=CARTESIAN_POINT('',(23.25,-13.65,5.50000000000001));
#5211=CARTESIAN_POINT('',(23.25,-12.,5.7));
#5212=CARTESIAN_POINT('',(23.25,-13.65,5.7));
#5213=CARTESIAN_POINT('',(23.25,-12.,5.50000000000001));
#5214=CARTESIAN_POINT('Origin',(23.25,14.45900808611,3.71874256122));
#5215=CARTESIAN_POINT('',(23.25,13.65,5.7));
#5216=CARTESIAN_POINT('',(23.25,13.65,5.7));
#5217=CARTESIAN_POINT('',(23.25,13.65,5.50000000000001));
#5218=CARTESIAN_POINT('',(23.25,13.65,5.50000000000001));
#5219=CARTESIAN_POINT('',(23.25,16.5,5.50000000000001));
#5220=CARTESIAN_POINT('',(23.25,17.5,5.50000000000001));
#5221=CARTESIAN_POINT('',(23.25,17.5,6.5));
#5222=CARTESIAN_POINT('',(23.25,15.794437661833,4.79443766183301));
#5223=CARTESIAN_POINT('',(23.25,17.5,4.5));
#5224=CARTESIAN_POINT('',(23.25,17.5,9.10937128061001));
#5225=CARTESIAN_POINT('',(23.25,16.664649320855,2.82929864171001));
#5226=CARTESIAN_POINT('Origin',(-23.25,17.,6.));
#5227=CARTESIAN_POINT('',(-23.25,16.5,5.5));
#5228=CARTESIAN_POINT('',(0.875000000000004,17.5,6.5));
#5229=CARTESIAN_POINT('Origin',(25.,17.5,14.5));
#5230=CARTESIAN_POINT('',(25.,17.5,4.5));
#5231=CARTESIAN_POINT('',(20.875,17.5,6.5));
#5232=CARTESIAN_POINT('',(10.875,17.5,6.5));
#5233=CARTESIAN_POINT('',(25.,17.5,13.5));
#5234=CARTESIAN_POINT('Origin',(16.75,17.,6.00000000000001));
#5235=CARTESIAN_POINT('',(16.75,16.5,5.50000000000001));
#5236=CARTESIAN_POINT('Origin',(-3.24999999999999,17.,6.));
#5237=CARTESIAN_POINT('',(-3.24999999999999,16.5,5.5));
#5238=CARTESIAN_POINT('Origin',(-20.,-12.,1.49999999999999));
#5239=CARTESIAN_POINT('',(-17.2,-10.35,5.69999999999999));
#5240=CARTESIAN_POINT('Origin',(-20.,-12.,5.69999999999999));
#5241=CARTESIAN_POINT('',(-17.2,-10.35,5.5));
#5242=CARTESIAN_POINT('',(-17.2,-10.35,5.5));
#5243=CARTESIAN_POINT('',(-22.8,-10.35,5.5));
#5244=CARTESIAN_POINT('Origin',(-20.,-12.,5.5));
#5245=CARTESIAN_POINT('',(-22.8,-10.35,5.69999999999999));
#5246=CARTESIAN_POINT('',(-22.8,-10.35,5.5));
#5247=CARTESIAN_POINT('Origin',(-20.,-12.,5.69999999999999));
#5248=CARTESIAN_POINT('Origin',(-23.25,-17.,6.));
#5249=CARTESIAN_POINT('',(-23.25,-16.5,5.5));
#5250=CARTESIAN_POINT('Origin',(-3.24999999999999,-14.45900808611,3.71874256122));
#5251=CARTESIAN_POINT('',(-3.24999999999999,-12.,5.7));
#5252=CARTESIAN_POINT('',(-3.24999999999999,-12.,1.5));
#5253=CARTESIAN_POINT('',(-3.24999999999999,-13.65,5.7));
#5254=CARTESIAN_POINT('',(-3.24999999999999,-12.,5.7));
#5255=CARTESIAN_POINT('',(-3.24999999999999,-13.65,5.5));
#5256=CARTESIAN_POINT('',(-3.24999999999999,-13.65,5.5));
#5257=CARTESIAN_POINT('',(-3.24999999999999,-16.5,5.5));
#5258=CARTESIAN_POINT('',(-3.24999999999999,-12.,5.5));
#5259=CARTESIAN_POINT('',(-3.24999999999999,-15.79443766183,4.794437661833));
#5260=CARTESIAN_POINT('',(-3.24999999999999,-16.664649320855,2.82929864171));
#5261=CARTESIAN_POINT('Origin',(0.,-12.,1.5));
#5262=CARTESIAN_POINT('',(2.79999999999999,-10.35,5.7));
#5263=CARTESIAN_POINT('Origin',(0.,-12.,5.7));
#5264=CARTESIAN_POINT('',(2.79999999999999,-10.35,5.5));
#5265=CARTESIAN_POINT('',(2.79999999999999,-10.35,5.5));
#5266=CARTESIAN_POINT('',(-2.79999999999999,-10.35,5.5));
#5267=CARTESIAN_POINT('Origin',(0.,-12.,5.5));
#5268=CARTESIAN_POINT('',(-2.79999999999999,-10.35,5.7));
#5269=CARTESIAN_POINT('',(-2.79999999999999,-10.35,5.5));
#5270=CARTESIAN_POINT('Origin',(0.,-12.,5.7));
#5271=CARTESIAN_POINT('Origin',(-3.24999999999999,-17.,6.));
#5272=CARTESIAN_POINT('',(-3.24999999999999,-16.5,5.5));
#5273=CARTESIAN_POINT('Origin',(20.,-12.,1.5));
#5274=CARTESIAN_POINT('',(22.8,-10.35,5.7));
#5275=CARTESIAN_POINT('Origin',(20.,-12.,5.7));
#5276=CARTESIAN_POINT('',(22.8,-10.35,5.50000000000001));
#5277=CARTESIAN_POINT('',(22.8,-10.35,5.50000000000001));
#5278=CARTESIAN_POINT('',(17.2,-10.35,5.50000000000001));
#5279=CARTESIAN_POINT('Origin',(20.,-12.,5.50000000000001));
#5280=CARTESIAN_POINT('',(17.2,-10.35,5.7));
#5281=CARTESIAN_POINT('',(17.2,-10.35,5.50000000000001));
#5282=CARTESIAN_POINT('',(16.75,-12.,5.7));
#5283=CARTESIAN_POINT('Origin',(20.,-12.,5.7));
#5284=CARTESIAN_POINT('',(16.75,-12.,1.5));
#5285=CARTESIAN_POINT('Origin',(23.25,-17.,6.00000000000001));
#5286=CARTESIAN_POINT('',(16.75,-16.5,5.50000000000001));
#5287=CARTESIAN_POINT('',(16.75,-15.79443766183,4.79443766183301));
#5288=CARTESIAN_POINT('',(23.25,-16.5,5.50000000000001));
#5289=CARTESIAN_POINT('Origin',(30.,9.6,13.25));
#5290=CARTESIAN_POINT('',(29.1,8.5,12.));
#5291=CARTESIAN_POINT('',(29.1,6.10222565968449,9.27525643145966));
#5292=CARTESIAN_POINT('',(30.,8.5,12.));
#5293=CARTESIAN_POINT('Origin',(30.,9.6,13.25));
#5294=CARTESIAN_POINT('',(-29.2,8.5,12.));
#5295=CARTESIAN_POINT('',(-29.2,6.29008115419297,9.48872858431018));
#5296=CARTESIAN_POINT('',(30.,8.5,12.));
#5297=CARTESIAN_POINT('Origin',(30.,2.22044604925031E-15,12.));
#5298=CARTESIAN_POINT('',(29.1,-8.5,12.));
#5299=CARTESIAN_POINT('Origin',(29.1,2.22044604925031E-15,12.));
#5300=CARTESIAN_POINT('',(30.,-8.5,12.));
#5301=CARTESIAN_POINT('Origin',(30.,2.22044604925031E-15,12.));
#5302=CARTESIAN_POINT('',(-29.2,-8.5,12.));
#5303=CARTESIAN_POINT('Origin',(-29.2,2.22044604925031E-15,12.));
#5304=CARTESIAN_POINT('',(30.,-8.5,12.));
#5305=CARTESIAN_POINT('Origin',(30.,-8.5,12.));
#5306=CARTESIAN_POINT('',(29.1,-8.6,12.));
#5307=CARTESIAN_POINT('',(29.1,-4.25,12.));
#5308=CARTESIAN_POINT('',(30.,-8.6,12.));
#5309=CARTESIAN_POINT('Origin',(30.,-8.5,12.));
#5310=CARTESIAN_POINT('',(-29.2,-8.6,12.));
#5311=CARTESIAN_POINT('',(-29.2,-4.25,12.));
#5312=CARTESIAN_POINT('',(30.,-8.6,12.));
#5313=CARTESIAN_POINT('Origin',(30.,-8.6,12.));
#5314=CARTESIAN_POINT('',(29.1,-5.84693415218634,8.55866769023294));
#5315=CARTESIAN_POINT('Origin',(30.,-8.6,12.));
#5316=CARTESIAN_POINT('',(-29.2,-6.03170731707317,8.78963414634145));
#5317=CARTESIAN_POINT('Origin',(-29.2,2.22044604925031E-15,8.34999999999999));
#5318=CARTESIAN_POINT('',(-29.2,-1.75,2.56085279275717));
#5319=CARTESIAN_POINT('Origin',(-29.2,2.22044604925031E-15,12.));
#5320=CARTESIAN_POINT('',(-29.2,-1.75,2.19999999999999));
#5321=CARTESIAN_POINT('',(-29.2,-1.75,2.19999999999999));
#5322=CARTESIAN_POINT('',(-29.2,1.75,2.19999999999999));
#5323=CARTESIAN_POINT('',(-29.2,-1.75,2.19999999999999));
#5324=CARTESIAN_POINT('',(-29.2,1.75,2.56085279275717));
#5325=CARTESIAN_POINT('',(-29.2,1.75,2.19999999999999));
#5326=CARTESIAN_POINT('Origin',(-29.2,2.22044604925031E-15,12.));
#5327=CARTESIAN_POINT('Origin',(29.1,1.75,2.56085279275718));
#5328=CARTESIAN_POINT('',(29.1,1.75,2.20000000000001));
#5329=CARTESIAN_POINT('',(29.1,1.75,2.56085279275718));
#5330=CARTESIAN_POINT('',(29.1,1.75,2.20000000000001));
#5331=CARTESIAN_POINT('',(29.1,1.75,2.56085279275718));
#5332=CARTESIAN_POINT('',(29.1,1.75,2.20000000000001));
#5333=CARTESIAN_POINT('Origin',(29.1,2.22044604925031E-15,12.));
#5334=CARTESIAN_POINT('Origin',(29.1,2.22044604925031E-15,12.));
#5335=CARTESIAN_POINT('Origin',(29.1,2.22044604925031E-15,12.));
#5336=CARTESIAN_POINT('',(29.1,-1.75,2.56085279275718));
#5337=CARTESIAN_POINT('Origin',(29.1,2.22044604925031E-15,12.));
#5338=CARTESIAN_POINT('',(29.1,-1.75,2.56085279275718));
#5339=CARTESIAN_POINT('Origin',(29.1,-1.75,2.20000000000001));
#5340=CARTESIAN_POINT('',(29.1,-1.75,2.20000000000001));
#5341=CARTESIAN_POINT('',(29.1,-1.75,2.20000000000001));
#5342=CARTESIAN_POINT('',(29.1,-1.75,2.20000000000001));
#5343=CARTESIAN_POINT('Origin',(29.1,1.75,2.20000000000001));
#5344=CARTESIAN_POINT('',(29.1,-1.75,2.20000000000001));
#5345=CARTESIAN_POINT('Origin',(25.,7.6,14.5));
#5346=CARTESIAN_POINT('',(25.,16.5,14.5));
#5347=CARTESIAN_POINT('',(20.,13.65,14.5));
#5348=CARTESIAN_POINT('Origin',(20.,12.,14.5));
#5349=CARTESIAN_POINT('',(-2.68451314216609E-15,13.65,14.5));
#5350=CARTESIAN_POINT('Origin',(0.,12.,14.5));
#5351=CARTESIAN_POINT('',(-20.,13.65,14.5));
#5352=CARTESIAN_POINT('Origin',(-20.,12.,14.5));
#5353=CARTESIAN_POINT('Origin',(29.1,3.06044604925031E-15,7.59243002396401));
#5354=CARTESIAN_POINT('Origin',(25.,16.75,3.00000000000001));
#5355=CARTESIAN_POINT('Origin',(25.,17.,14.));
#5356=CARTESIAN_POINT('Origin',(25.,-16.75,3.00000000000001));
#5357=CARTESIAN_POINT('Origin',(25.,-16.75,3.00000000000001));
#5358=CARTESIAN_POINT('',(16.75,-16.664649320855,2.82929864171001));
#5359=CARTESIAN_POINT('Origin',(25.,-16.75,3.00000000000001));
#5360=CARTESIAN_POINT('Origin',(20.,-13.75065003101,5.50000000000001));
#5361=CARTESIAN_POINT('',(16.75,-13.65,5.50000000000001));
#5362=CARTESIAN_POINT('',(16.75,-17.5,5.50000000000001));
#5363=CARTESIAN_POINT('',(16.75,-13.65,5.50000000000001));
#5364=CARTESIAN_POINT('Origin',(16.75,-14.45900808611,3.71874256122));
#5365=CARTESIAN_POINT('',(16.75,-13.65,5.7));
#5366=CARTESIAN_POINT('',(16.75,-12.,5.7));
#5367=CARTESIAN_POINT('',(16.75,-13.65,5.50000000000001));
#5368=CARTESIAN_POINT('Origin',(-20.,-13.75065003101,5.5));
#5369=CARTESIAN_POINT('',(-23.25,-13.65,5.5));
#5370=CARTESIAN_POINT('Origin',(0.,-13.75065003101,5.5));
#5371=CARTESIAN_POINT('',(-3.24999999999999,-13.65,5.5));
#5372=CARTESIAN_POINT('Origin',(20.,-13.65,5.65362318840601));
#5373=CARTESIAN_POINT('',(18.35,-13.65,5.7));
#5374=CARTESIAN_POINT('',(16.75,-13.65,5.7));
#5375=CARTESIAN_POINT('',(18.35,-13.65,5.90000000000001));
#5376=CARTESIAN_POINT('',(18.35,-13.65,5.7));
#5377=CARTESIAN_POINT('',(20.,-13.65,5.90000000000001));
#5378=CARTESIAN_POINT('',(18.35,-13.65,5.90000000000001));
#5379=CARTESIAN_POINT('',(21.65,-13.65,5.90000000000001));
#5380=CARTESIAN_POINT('',(18.35,-13.65,5.90000000000001));
#5381=CARTESIAN_POINT('',(21.65,-13.65,5.7));
#5382=CARTESIAN_POINT('',(21.65,-13.65,5.7));
#5383=CARTESIAN_POINT('',(16.75,-13.65,5.7));
#5384=CARTESIAN_POINT('Origin',(21.72917183201,-12.04445865049,5.7));
#5385=CARTESIAN_POINT('',(21.65,-10.35,5.7));
#5386=CARTESIAN_POINT('',(22.8,-10.35,5.7));
#5387=CARTESIAN_POINT('',(21.65,-13.65,5.7));
#5388=CARTESIAN_POINT('Origin',(18.27082816798,-12.04445865049,5.7));
#5389=CARTESIAN_POINT('',(18.35,-10.35,5.7));
#5390=CARTESIAN_POINT('',(22.8,-10.35,5.7));
#5391=CARTESIAN_POINT('',(18.35,-10.35,5.7));
#5392=CARTESIAN_POINT('Origin',(-20.,-12.,1.49999999999999));
#5393=CARTESIAN_POINT('',(-20.,-10.35,5.9));
#5394=CARTESIAN_POINT('',(-20.,-10.35,1.49999999999999));
#5395=CARTESIAN_POINT('',(-18.35,-12.,5.9));
#5396=CARTESIAN_POINT('Origin',(-20.,-12.,5.9));
#5397=CARTESIAN_POINT('',(-20.,-13.65,5.9));
#5398=CARTESIAN_POINT('Origin',(-20.,-12.,5.9));
#5399=CARTESIAN_POINT('',(-21.65,-12.,5.9));
#5400=CARTESIAN_POINT('Origin',(-20.,-12.,5.9));
#5401=CARTESIAN_POINT('Origin',(-20.,-12.,5.9));
#5402=CARTESIAN_POINT('Origin',(0.,-12.,1.5));
#5403=CARTESIAN_POINT('',(0.,-10.35,5.9));
#5404=CARTESIAN_POINT('',(2.02066721859313E-16,-10.35,1.5));
#5405=CARTESIAN_POINT('',(1.64999999999999,-12.,5.9));
#5406=CARTESIAN_POINT('Origin',(0.,-12.,5.9));
#5407=CARTESIAN_POINT('',(0.,-13.65,5.9));
#5408=CARTESIAN_POINT('Origin',(0.,-12.,5.9));
#5409=CARTESIAN_POINT('',(-1.64999999999999,-12.,5.9));
#5410=CARTESIAN_POINT('Origin',(0.,-12.,5.9));
#5411=CARTESIAN_POINT('Origin',(0.,-12.,5.9));
#5412=CARTESIAN_POINT('Origin',(20.,-12.,1.5));
#5413=CARTESIAN_POINT('',(20.,-10.35,5.90000000000001));
#5414=CARTESIAN_POINT('',(20.,-10.35,1.5));
#5415=CARTESIAN_POINT('',(21.65,-12.,5.90000000000001));
#5416=CARTESIAN_POINT('Origin',(20.,-12.,5.90000000000001));
#5417=CARTESIAN_POINT('Origin',(20.,-12.,5.90000000000001));
#5418=CARTESIAN_POINT('',(18.35,-12.,5.90000000000001));
#5419=CARTESIAN_POINT('Origin',(20.,-12.,5.90000000000001));
#5420=CARTESIAN_POINT('Origin',(20.,-12.,5.90000000000001));
#5421=CARTESIAN_POINT('Origin',(-20.,-13.65,5.653623188406));
#5422=CARTESIAN_POINT('',(-21.65,-13.65,5.69999999999999));
#5423=CARTESIAN_POINT('',(-23.25,-13.65,5.69999999999999));
#5424=CARTESIAN_POINT('',(-21.65,-13.65,5.9));
#5425=CARTESIAN_POINT('',(-21.65,-13.65,5.69999999999999));
#5426=CARTESIAN_POINT('',(-21.65,-13.65,5.9));
#5427=CARTESIAN_POINT('',(-18.35,-13.65,5.9));
#5428=CARTESIAN_POINT('',(-21.65,-13.65,5.9));
#5429=CARTESIAN_POINT('',(-18.35,-13.65,5.69999999999999));
#5430=CARTESIAN_POINT('',(-18.35,-13.65,5.69999999999999));
#5431=CARTESIAN_POINT('',(-23.25,-13.65,5.69999999999999));
#5432=CARTESIAN_POINT('Origin',(-21.729171832016,-12.04445865049,5.69999999999999));
#5433=CARTESIAN_POINT('',(-21.65,-10.35,5.69999999999999));
#5434=CARTESIAN_POINT('',(-17.2,-10.35,5.69999999999999));
#5435=CARTESIAN_POINT('',(-21.65,-10.35,5.69999999999999));
#5436=CARTESIAN_POINT('Origin',(-18.270828167984,-12.04445865049,5.69999999999999));
#5437=CARTESIAN_POINT('',(-18.35,-10.35,5.69999999999999));
#5438=CARTESIAN_POINT('',(-17.2,-10.35,5.69999999999999));
#5439=CARTESIAN_POINT('',(-18.35,-13.65,5.69999999999999));
#5440=CARTESIAN_POINT('Origin',(0.,-13.65,5.653623188406));
#5441=CARTESIAN_POINT('',(-1.64999999999999,-13.65,5.7));
#5442=CARTESIAN_POINT('',(-3.24999999999999,-13.65,5.7));
#5443=CARTESIAN_POINT('',(-1.64999999999999,-13.65,5.9));
#5444=CARTESIAN_POINT('',(-1.64999999999999,-13.65,5.7));
#5445=CARTESIAN_POINT('',(-1.64999999999999,-13.65,5.9));
#5446=CARTESIAN_POINT('',(1.64999999999999,-13.65,5.9));
#5447=CARTESIAN_POINT('',(-1.64999999999999,-13.65,5.9));
#5448=CARTESIAN_POINT('',(1.64999999999999,-13.65,5.7));
#5449=CARTESIAN_POINT('',(1.64999999999999,-13.65,5.7));
#5450=CARTESIAN_POINT('',(-3.24999999999999,-13.65,5.7));
#5451=CARTESIAN_POINT('Origin',(1.729171832016,-12.04445865049,5.7));
#5452=CARTESIAN_POINT('',(1.64999999999999,-10.35,5.7));
#5453=CARTESIAN_POINT('',(1.64999999999999,-13.65,5.7));
#5454=CARTESIAN_POINT('',(-2.79999999999999,-10.35,5.7));
#5455=CARTESIAN_POINT('Origin',(-1.729171832016,-12.04445865049,5.7));
#5456=CARTESIAN_POINT('',(-1.64999999999999,-10.35,5.7));
#5457=CARTESIAN_POINT('',(-1.64999999999999,-10.35,5.7));
#5458=CARTESIAN_POINT('',(-2.79999999999999,-10.35,5.7));
#5459=CARTESIAN_POINT('Origin',(18.35,-10.35,5.7));
#5460=CARTESIAN_POINT('',(18.35,-10.35,5.90000000000001));
#5461=CARTESIAN_POINT('',(18.35,-10.35,5.7));
#5462=CARTESIAN_POINT('',(18.35,-10.35,5.90000000000001));
#5463=CARTESIAN_POINT('',(18.35,-10.35,5.90000000000001));
#5464=CARTESIAN_POINT('Origin',(20.,-12.,5.90000000000001));
#5465=CARTESIAN_POINT('Origin',(20.,-12.,5.90000000000001));
#5466=CARTESIAN_POINT('',(21.65,-13.65,5.90000000000001));
#5467=CARTESIAN_POINT('Origin',(21.65,-13.65,5.7));
#5468=CARTESIAN_POINT('',(21.65,-10.35,5.90000000000001));
#5469=CARTESIAN_POINT('',(21.65,-13.65,5.90000000000001));
#5470=CARTESIAN_POINT('',(21.65,-10.35,5.7));
#5471=CARTESIAN_POINT('Origin',(20.,-10.35,5.661666666667));
#5472=CARTESIAN_POINT('',(22.8,-10.35,5.50000000000001));
#5473=CARTESIAN_POINT('',(21.65,-10.35,5.90000000000001));
#5474=CARTESIAN_POINT('',(21.65,-10.35,5.90000000000001));
#5475=CARTESIAN_POINT('Origin',(20.,-13.75065003101,5.50000000000001));
#5476=CARTESIAN_POINT('Origin',(-20.,-12.,5.9));
#5477=CARTESIAN_POINT('',(-21.65,-10.35,5.9));
#5478=CARTESIAN_POINT('',(-18.35,-10.35,5.9));
#5479=CARTESIAN_POINT('',(-21.65,-10.35,5.9));
#5480=CARTESIAN_POINT('Origin',(-20.,-12.,5.9));
#5481=CARTESIAN_POINT('',(-18.35,-10.35,5.9));
#5482=CARTESIAN_POINT('',(-18.35,-10.35,5.9));
#5483=CARTESIAN_POINT('',(-18.35,-13.65,5.9));
#5484=CARTESIAN_POINT('Origin',(-20.,-12.,5.9));
#5485=CARTESIAN_POINT('',(-18.35,-13.65,5.9));
#5486=CARTESIAN_POINT('Origin',(-20.,-12.,5.9));
#5487=CARTESIAN_POINT('',(-21.65,-10.35,5.9));
#5488=CARTESIAN_POINT('Origin',(0.,-12.,5.9));
#5489=CARTESIAN_POINT('',(-1.64999999999999,-10.35,5.9));
#5490=CARTESIAN_POINT('',(1.64999999999999,-10.35,5.9));
#5491=CARTESIAN_POINT('',(-1.64999999999999,-10.35,5.9));
#5492=CARTESIAN_POINT('Origin',(0.,-12.,5.9));
#5493=CARTESIAN_POINT('',(1.64999999999999,-10.35,5.9));
#5494=CARTESIAN_POINT('',(1.64999999999999,-10.35,5.9));
#5495=CARTESIAN_POINT('',(1.64999999999999,-13.65,5.9));
#5496=CARTESIAN_POINT('Origin',(0.,-12.,5.9));
#5497=CARTESIAN_POINT('',(1.64999999999999,-13.65,5.9));
#5498=CARTESIAN_POINT('Origin',(0.,-12.,5.9));
#5499=CARTESIAN_POINT('',(-1.64999999999999,-10.35,5.9));
#5500=CARTESIAN_POINT('Origin',(20.,-12.,5.90000000000001));
#5501=CARTESIAN_POINT('Origin',(20.,-12.,5.90000000000001));
#5502=CARTESIAN_POINT('Origin',(-21.65,-10.35,5.69999999999999));
#5503=CARTESIAN_POINT('',(-21.65,-10.35,5.69999999999999));
#5504=CARTESIAN_POINT('Origin',(-18.35,-13.65,5.69999999999999));
#5505=CARTESIAN_POINT('',(-18.35,-10.35,5.69999999999999));
#5506=CARTESIAN_POINT('Origin',(-20.,-10.35,5.661666666667));
#5507=CARTESIAN_POINT('',(-17.2,-10.35,5.5));
#5508=CARTESIAN_POINT('Origin',(-20.,-13.75065003101,5.5));
#5509=CARTESIAN_POINT('Origin',(-1.64999999999999,-10.35,5.7));
#5510=CARTESIAN_POINT('',(-1.64999999999999,-10.35,5.7));
#5511=CARTESIAN_POINT('Origin',(1.64999999999999,-13.65,5.7));
#5512=CARTESIAN_POINT('',(1.64999999999999,-10.35,5.7));
#5513=CARTESIAN_POINT('Origin',(0.,-10.35,5.661666666667));
#5514=CARTESIAN_POINT('',(-2.79999999999999,-10.35,5.5));
#5515=CARTESIAN_POINT('Origin',(0.,-13.75065003101,5.5));
#5516=CARTESIAN_POINT('Origin',(20.,13.750650031011,5.50000000000001));
#5517=CARTESIAN_POINT('',(16.75,13.65,5.50000000000001));
#5518=CARTESIAN_POINT('Origin',(20.,13.65,5.65362318840601));
#5519=CARTESIAN_POINT('',(21.65,13.65,5.7));
#5520=CARTESIAN_POINT('',(16.75,13.65,5.7));
#5521=CARTESIAN_POINT('',(21.65,13.65,5.90000000000001));
#5522=CARTESIAN_POINT('',(21.65,13.65,5.7));
#5523=CARTESIAN_POINT('',(20.,13.65,5.90000000000001));
#5524=CARTESIAN_POINT('',(21.65,13.65,5.90000000000001));
#5525=CARTESIAN_POINT('',(18.35,13.65,5.90000000000001));
#5526=CARTESIAN_POINT('',(21.65,13.65,5.90000000000001));
#5527=CARTESIAN_POINT('',(18.35,13.65,5.7));
#5528=CARTESIAN_POINT('',(18.35,13.65,5.7));
#5529=CARTESIAN_POINT('',(16.75,13.65,5.7));
#5530=CARTESIAN_POINT('Origin',(21.72917183201,12.044458650497,5.7));
#5531=CARTESIAN_POINT('',(21.65,10.35,5.7));
#5532=CARTESIAN_POINT('',(21.65,10.35,5.7));
#5533=CARTESIAN_POINT('',(22.8,10.35,5.7));
#5534=CARTESIAN_POINT('Origin',(18.27082816798,12.044458650497,5.7));
#5535=CARTESIAN_POINT('',(18.35,10.35,5.7));
#5536=CARTESIAN_POINT('',(18.35,13.65,5.7));
#5537=CARTESIAN_POINT('',(22.8,10.35,5.7));
#5538=CARTESIAN_POINT('Origin',(20.,10.35,5.661666666667));
#5539=CARTESIAN_POINT('',(22.8,10.35,5.50000000000001));
#5540=CARTESIAN_POINT('',(18.35,10.35,5.90000000000001));
#5541=CARTESIAN_POINT('',(18.35,10.35,5.7));
#5542=CARTESIAN_POINT('',(20.,10.35,5.90000000000001));
#5543=CARTESIAN_POINT('',(18.35,10.35,5.90000000000001));
#5544=CARTESIAN_POINT('',(21.65,10.35,5.90000000000001));
#5545=CARTESIAN_POINT('',(18.35,10.35,5.90000000000001));
#5546=CARTESIAN_POINT('',(21.65,10.35,5.7));
#5547=CARTESIAN_POINT('Origin',(20.,13.750650031011,5.50000000000001));
#5548=CARTESIAN_POINT('Origin',(0.,13.750650031011,5.5));
#5549=CARTESIAN_POINT('',(-3.24999999999999,13.65,5.5));
#5550=CARTESIAN_POINT('Origin',(0.,13.65,5.653623188406));
#5551=CARTESIAN_POINT('',(1.64999999999999,13.65,5.7));
#5552=CARTESIAN_POINT('',(-3.24999999999999,13.65,5.7));
#5553=CARTESIAN_POINT('',(1.64999999999999,13.65,5.9));
#5554=CARTESIAN_POINT('',(1.64999999999999,13.65,5.7));
#5555=CARTESIAN_POINT('',(0.,13.65,5.9));
#5556=CARTESIAN_POINT('',(1.64999999999999,13.65,5.9));
#5557=CARTESIAN_POINT('',(-1.64999999999999,13.65,5.9));
#5558=CARTESIAN_POINT('',(1.64999999999999,13.65,5.9));
#5559=CARTESIAN_POINT('',(-1.64999999999999,13.65,5.7));
#5560=CARTESIAN_POINT('',(-1.64999999999999,13.65,5.7));
#5561=CARTESIAN_POINT('',(-3.24999999999999,13.65,5.7));
#5562=CARTESIAN_POINT('Origin',(1.729171832016,12.044458650497,5.7));
#5563=CARTESIAN_POINT('',(1.64999999999999,10.35,5.7));
#5564=CARTESIAN_POINT('',(1.64999999999999,10.35,5.7));
#5565=CARTESIAN_POINT('',(-2.79999999999999,10.35,5.7));
#5566=CARTESIAN_POINT('Origin',(-1.729171832016,12.044458650497,5.7));
#5567=CARTESIAN_POINT('',(-1.64999999999999,10.35,5.7));
#5568=CARTESIAN_POINT('',(-2.79999999999999,10.35,5.7));
#5569=CARTESIAN_POINT('',(-1.64999999999999,13.65,5.7));
#5570=CARTESIAN_POINT('Origin',(0.,10.35,5.661666666667));
#5571=CARTESIAN_POINT('',(-2.79999999999999,10.35,5.5));
#5572=CARTESIAN_POINT('',(-1.64999999999999,10.35,5.9));
#5573=CARTESIAN_POINT('',(-1.64999999999999,10.35,5.7));
#5574=CARTESIAN_POINT('',(0.,10.35,5.9));
#5575=CARTESIAN_POINT('',(-1.64999999999999,10.35,5.9));
#5576=CARTESIAN_POINT('',(1.64999999999999,10.35,5.9));
#5577=CARTESIAN_POINT('',(-1.64999999999999,10.35,5.9));
#5578=CARTESIAN_POINT('',(1.64999999999999,10.35,5.7));
#5579=CARTESIAN_POINT('Origin',(0.,13.750650031011,5.5));
#5580=CARTESIAN_POINT('Origin',(-20.,13.750650031011,5.5));
#5581=CARTESIAN_POINT('',(-23.25,13.65,5.5));
#5582=CARTESIAN_POINT('Origin',(-20.,13.65,5.653623188406));
#5583=CARTESIAN_POINT('',(-18.35,13.65,5.69999999999999));
#5584=CARTESIAN_POINT('',(-23.25,13.65,5.69999999999999));
#5585=CARTESIAN_POINT('',(-18.35,13.65,5.9));
#5586=CARTESIAN_POINT('',(-18.35,13.65,5.69999999999999));
#5587=CARTESIAN_POINT('',(-20.,13.65,5.9));
#5588=CARTESIAN_POINT('',(-18.35,13.65,5.9));
#5589=CARTESIAN_POINT('',(-21.65,13.65,5.9));
#5590=CARTESIAN_POINT('',(-18.35,13.65,5.9));
#5591=CARTESIAN_POINT('',(-21.65,13.65,5.69999999999999));
#5592=CARTESIAN_POINT('',(-21.65,13.65,5.69999999999999));
#5593=CARTESIAN_POINT('',(-23.25,13.65,5.69999999999999));
#5594=CARTESIAN_POINT('Origin',(-18.270828167984,12.044458650497,5.69999999999999));
#5595=CARTESIAN_POINT('',(-18.35,10.35,5.69999999999999));
#5596=CARTESIAN_POINT('',(-18.35,10.35,5.69999999999999));
#5597=CARTESIAN_POINT('',(-22.8,10.35,5.69999999999999));
#5598=CARTESIAN_POINT('Origin',(-21.729171832016,12.044458650497,5.69999999999999));
#5599=CARTESIAN_POINT('',(-21.65,10.35,5.69999999999999));
#5600=CARTESIAN_POINT('',(-22.8,10.35,5.69999999999999));
#5601=CARTESIAN_POINT('',(-21.65,13.65,5.69999999999999));
#5602=CARTESIAN_POINT('Origin',(-20.,10.35,5.661666666667));
#5603=CARTESIAN_POINT('',(-22.8,10.35,5.5));
#5604=CARTESIAN_POINT('',(-21.65,10.35,5.9));
#5605=CARTESIAN_POINT('',(-21.65,10.35,5.69999999999999));
#5606=CARTESIAN_POINT('',(-20.,10.35,5.9));
#5607=CARTESIAN_POINT('',(-21.65,10.35,5.9));
#5608=CARTESIAN_POINT('',(-18.35,10.35,5.9));
#5609=CARTESIAN_POINT('',(-21.65,10.35,5.9));
#5610=CARTESIAN_POINT('',(-18.35,10.35,5.69999999999999));
#5611=CARTESIAN_POINT('Origin',(-20.,13.750650031011,5.5));
#5612=CARTESIAN_POINT('Origin',(-20.,12.,1.49999999999999));
#5613=CARTESIAN_POINT('',(-20.,13.65,1.49999999999999));
#5614=CARTESIAN_POINT('',(-18.35,12.,5.9));
#5615=CARTESIAN_POINT('Origin',(-20.,12.,5.9));
#5616=CARTESIAN_POINT('Origin',(-20.,12.,5.9));
#5617=CARTESIAN_POINT('',(-21.65,12.,5.9));
#5618=CARTESIAN_POINT('Origin',(-20.,12.,5.9));
#5619=CARTESIAN_POINT('Origin',(-20.,12.,5.9));
#5620=CARTESIAN_POINT('Origin',(0.,12.,1.5));
#5621=CARTESIAN_POINT('',(2.02066721859313E-16,13.65,1.5));
#5622=CARTESIAN_POINT('',(1.64999999999999,12.,5.9));
#5623=CARTESIAN_POINT('Origin',(0.,12.,5.9));
#5624=CARTESIAN_POINT('Origin',(0.,12.,5.9));
#5625=CARTESIAN_POINT('',(-1.64999999999999,12.,5.9));
#5626=CARTESIAN_POINT('Origin',(0.,12.,5.9));
#5627=CARTESIAN_POINT('Origin',(0.,12.,5.9));
#5628=CARTESIAN_POINT('Origin',(20.,12.,1.5));
#5629=CARTESIAN_POINT('',(20.,13.65,1.5));
#5630=CARTESIAN_POINT('',(21.65,12.,5.90000000000001));
#5631=CARTESIAN_POINT('Origin',(20.,12.,5.90000000000001));
#5632=CARTESIAN_POINT('Origin',(20.,12.,5.90000000000001));
#5633=CARTESIAN_POINT('',(18.35,12.,5.90000000000001));
#5634=CARTESIAN_POINT('Origin',(20.,12.,5.90000000000001));
#5635=CARTESIAN_POINT('Origin',(20.,12.,5.90000000000001));
#5636=CARTESIAN_POINT('Origin',(21.65,10.35,5.7));
#5637=CARTESIAN_POINT('',(21.65,10.35,5.90000000000001));
#5638=CARTESIAN_POINT('',(21.65,10.35,5.90000000000001));
#5639=CARTESIAN_POINT('Origin',(20.,12.,5.90000000000001));
#5640=CARTESIAN_POINT('Origin',(20.,12.,5.90000000000001));
#5641=CARTESIAN_POINT('',(18.35,13.65,5.90000000000001));
#5642=CARTESIAN_POINT('Origin',(18.35,13.65,5.7));
#5643=CARTESIAN_POINT('',(18.35,13.65,5.90000000000001));
#5644=CARTESIAN_POINT('Origin',(20.,12.,5.90000000000001));
#5645=CARTESIAN_POINT('Origin',(20.,12.,5.90000000000001));
#5646=CARTESIAN_POINT('Origin',(1.64999999999999,10.35,5.7));
#5647=CARTESIAN_POINT('',(1.64999999999999,10.35,5.9));
#5648=CARTESIAN_POINT('',(1.64999999999999,10.35,5.9));
#5649=CARTESIAN_POINT('Origin',(0.,12.,5.9));
#5650=CARTESIAN_POINT('Origin',(0.,12.,5.9));
#5651=CARTESIAN_POINT('',(-1.64999999999999,13.65,5.9));
#5652=CARTESIAN_POINT('Origin',(-1.64999999999999,13.65,5.7));
#5653=CARTESIAN_POINT('',(-1.64999999999999,13.65,5.9));
#5654=CARTESIAN_POINT('Origin',(0.,12.,5.9));
#5655=CARTESIAN_POINT('Origin',(0.,12.,5.9));
#5656=CARTESIAN_POINT('Origin',(-18.35,10.35,5.69999999999999));
#5657=CARTESIAN_POINT('',(-18.35,10.35,5.9));
#5658=CARTESIAN_POINT('',(-18.35,10.35,5.9));
#5659=CARTESIAN_POINT('Origin',(-20.,12.,5.9));
#5660=CARTESIAN_POINT('Origin',(-20.,12.,5.9));
#5661=CARTESIAN_POINT('',(-21.65,13.65,5.9));
#5662=CARTESIAN_POINT('Origin',(-21.65,13.65,5.69999999999999));
#5663=CARTESIAN_POINT('',(-21.65,13.65,5.9));
#5664=CARTESIAN_POINT('Origin',(-20.,12.,5.9));
#5665=CARTESIAN_POINT('Origin',(-20.,12.,5.9));
#5666=UNCERTAINTY_MEASURE_WITH_UNIT(LENGTH_MEASURE(0.01),#5670,
'DISTANCE_ACCURACY_VALUE',
'Maximum model space distance between geometric entities at asserted c
onnectivities');
#5667=UNCERTAINTY_MEASURE_WITH_UNIT(LENGTH_MEASURE(0.01),#5670,
'DISTANCE_ACCURACY_VALUE',
'Maximum model space distance between geometric entities at asserted c
onnectivities');
#5668=(
GEOMETRIC_REPRESENTATION_CONTEXT(3)
GLOBAL_UNCERTAINTY_ASSIGNED_CONTEXT((#5666))
GLOBAL_UNIT_ASSIGNED_CONTEXT((#5670,#5672,#5673))
REPRESENTATION_CONTEXT('','3D')
);
#5669=(
GEOMETRIC_REPRESENTATION_CONTEXT(3)
GLOBAL_UNCERTAINTY_ASSIGNED_CONTEXT((#5667))
GLOBAL_UNIT_ASSIGNED_CONTEXT((#5670,#5672,#5673))
REPRESENTATION_CONTEXT('','3D')
);
#5670=(
LENGTH_UNIT()
NAMED_UNIT(*)
SI_UNIT(.MILLI.,.METRE.)
);
#5671=(
LENGTH_UNIT()
NAMED_UNIT(*)
SI_UNIT($,.METRE.)
);
#5672=(
NAMED_UNIT(*)
PLANE_ANGLE_UNIT()
SI_UNIT($,.RADIAN.)
);
#5673=(
NAMED_UNIT(*)
SI_UNIT($,.STERADIAN.)
SOLID_ANGLE_UNIT()
);
#5674=SHAPE_DEFINITION_REPRESENTATION(#5675,#5676);
#5675=PRODUCT_DEFINITION_SHAPE('',$,#5678);
#5676=SHAPE_REPRESENTATION('',(#3496),#5668);
#5677=PRODUCT_DEFINITION_CONTEXT('part definition',#5682,'design');
#5678=PRODUCT_DEFINITION('y-carrier-cap002',
'y-carrier-assembly-y-carriery-carrier-cap002 v5',#5679,#5677);
#5679=PRODUCT_DEFINITION_FORMATION('',$,#5684);
#5680=PRODUCT_RELATED_PRODUCT_CATEGORY(
'y-carrier-assembly-y-carriery-carrier-cap002 v5',
'y-carrier-assembly-y-carriery-carrier-cap002 v5',(#5684));
#5681=APPLICATION_PROTOCOL_DEFINITION('international standard',
'automotive_design',2009,#5682);
#5682=APPLICATION_CONTEXT(
'Core Data for Automotive Mechanical Design Process');
#5683=PRODUCT_CONTEXT('part definition',#5682,'mechanical');
#5684=PRODUCT('y-carrier-cap002',
'y-carrier-assembly-y-carriery-carrier-cap002 v5','FreeCAD Model',(#5683));
#5685=PRESENTATION_STYLE_ASSIGNMENT((#5687));
#5686=PRESENTATION_STYLE_ASSIGNMENT((#5688));
#5687=SURFACE_STYLE_USAGE(.BOTH.,#5689);
#5688=SURFACE_STYLE_USAGE(.BOTH.,#5690);
#5689=SURFACE_SIDE_STYLE('',(#5691));
#5690=SURFACE_SIDE_STYLE('',(#5692));
#5691=SURFACE_STYLE_FILL_AREA(#5693);
#5692=SURFACE_STYLE_FILL_AREA(#5694);
#5693=FILL_AREA_STYLE('Acero - Satinado',(#5695));
#5694=FILL_AREA_STYLE('Opaque(255,170,0)',(#5696));
#5695=FILL_AREA_STYLE_COLOUR('Acero - Satinado',#5697);
#5696=FILL_AREA_STYLE_COLOUR('Opaque(255,170,0)',#5698);
#5697=COLOUR_RGB('Acero - Satinado',0.627450980392157,0.627450980392157,
0.627450980392157);
#5698=COLOUR_RGB('Opaque(255,170,0)',1.,0.666666666666667,0.);
ENDSEC;
END-ISO-10303-21;
