ISO-10303-21;
HEADER;
/* Generated by software containing ST-Developer
 * from STEP Tools, Inc. (www.steptools.com) 
 */

FILE_DESCRIPTION(
/* description */ ('FreeCAD Model'),
/* implementation_level */ '2;1');

FILE_NAME(
/* name */ 'y-carrier-LM10LUU.step',
/* time_stamp */ '2026-04-24T16:49:20+02:00',
/* author */ (''),
/* organization */ (''),
/* preprocessor_version */ 'ST-DEVELOPER v20.1',
/* originating_system */ 'Autodesk Translation Framework v15.8.0.0',
/* authorisation */ '');

FILE_SCHEMA (('AUTOMOTIVE_DESIGN { 1 0 10303 214 3 1 1 }'));
ENDSEC;

DATA;
#10=MECHANICAL_DESIGN_GEOMETRIC_PRESENTATION_REPRESENTATION('',(#13),#8628);
#11=SHAPE_REPRESENTATION_RELATIONSHIP('SRR','None',#8634,#12);
#12=ADVANCED_BREP_SHAPE_REPRESENTATION('',(#14),#8627);
#13=STYLED_ITEM('',(#8644),#14);
#14=MANIFOLD_SOLID_BREP('y-carrier-LM10LUU',#4956);
#15=B_SPLINE_SURFACE_WITH_KNOTS('',3,3,((#7770,#7771,#7772,#7773,#7774),
(#7775,#7776,#7777,#7778,#7779),(#7780,#7781,#7782,#7783,#7784),(#7785,
#7786,#7787,#7788,#7789)),.UNSPECIFIED.,.F.,.F.,.F.,(4,4),(4,1,4),(0.,1.),
(-0.256000911768163,-0.146286235296093,0.),.UNSPECIFIED.);
#16=B_SPLINE_SURFACE_WITH_KNOTS('',1,6,((#8015,#8016,#8017,#8018,#8019,
#8020,#8021,#8022,#8023,#8024,#8025,#8026,#8027,#8028,#8029,#8030,#8031),
(#8032,#8033,#8034,#8035,#8036,#8037,#8038,#8039,#8040,#8041,#8042,#8043,
#8044,#8045,#8046,#8047,#8048)),.UNSPECIFIED.,.F.,.F.,.F.,(2,2),(7,5,5,
7),(0.,2.224423398854),(-0.422445702274,-0.348533807561,1.875889591293,
1.963299121432),.UNSPECIFIED.);
#17=B_SPLINE_SURFACE_WITH_KNOTS('',1,6,((#8058,#8059,#8060,#8061,#8062,
#8063,#8064,#8065,#8066,#8067,#8068,#8069,#8070,#8071,#8072,#8073,#8074),
(#8075,#8076,#8077,#8078,#8079,#8080,#8081,#8082,#8083,#8084,#8085,#8086,
#8087,#8088,#8089,#8090,#8091)),.UNSPECIFIED.,.F.,.F.,.F.,(2,2),(7,5,5,
7),(0.,2.224423398854),(-0.548014187774,-0.460604657635,1.763818741218,
1.837730635931),.UNSPECIFIED.);
#18=B_SPLINE_SURFACE_WITH_KNOTS('',1,6,((#8132,#8133,#8134,#8135,#8136,
#8137,#8138,#8139,#8140,#8141,#8142,#8143,#8144,#8145,#8146,#8147,#8148),
(#8149,#8150,#8151,#8152,#8153,#8154,#8155,#8156,#8157,#8158,#8159,#8160,
#8161,#8162,#8163,#8164,#8165)),.UNSPECIFIED.,.F.,.F.,.F.,(2,2),(7,5,5,
7),(0.,2.224423398854),(-0.422445702274,-0.348533807561,1.875889591293,
1.963299121432),.UNSPECIFIED.);
#19=B_SPLINE_SURFACE_WITH_KNOTS('',1,6,((#8175,#8176,#8177,#8178,#8179,
#8180,#8181,#8182,#8183,#8184,#8185,#8186,#8187,#8188,#8189,#8190,#8191),
(#8192,#8193,#8194,#8195,#8196,#8197,#8198,#8199,#8200,#8201,#8202,#8203,
#8204,#8205,#8206,#8207,#8208)),.UNSPECIFIED.,.F.,.F.,.F.,(2,2),(7,5,5,
7),(0.,2.224423398854),(-0.548014187774,-0.460604657635,1.763818741218,
1.837730635931),.UNSPECIFIED.);
#20=(
BOUNDED_CURVE()
B_SPLINE_CURVE(2,(#7417,#7418,#7419),.UNSPECIFIED.,.F.,.F.)
B_SPLINE_CURVE_WITH_KNOTS((3,3),(0.273861278752586,0.460944148091279),
 .UNSPECIFIED.)
CURVE()
GEOMETRIC_REPRESENTATION_ITEM()
RATIONAL_B_SPLINE_CURVE((1.74999999999999,1.74999999999999,1.4))
REPRESENTATION_ITEM('')
);
#21=ELLIPSE('',#4997,7.07106781186548,5.);
#22=ELLIPSE('',#5100,28.2842712474618,20.);
#23=ELLIPSE('',#5122,7.07106781186548,5.);
#24=ELLIPSE('',#5133,28.2842712474619,20.);
#25=CYLINDRICAL_SURFACE('',#4995,5.);
#26=CYLINDRICAL_SURFACE('',#4996,5.);
#27=CYLINDRICAL_SURFACE('',#5001,3.);
#28=CYLINDRICAL_SURFACE('',#5004,3.);
#29=CYLINDRICAL_SURFACE('',#5007,3.);
#30=CYLINDRICAL_SURFACE('',#5010,3.);
#31=CYLINDRICAL_SURFACE('',#5040,9.6);
#32=CYLINDRICAL_SURFACE('',#5051,9.6);
#33=CYLINDRICAL_SURFACE('',#5107,1.);
#34=CYLINDRICAL_SURFACE('',#5116,10.0000000000001);
#35=CYLINDRICAL_SURFACE('',#5121,5.);
#36=CYLINDRICAL_SURFACE('',#5123,5.);
#37=CYLINDRICAL_SURFACE('',#5124,5.);
#38=CYLINDRICAL_SURFACE('',#5126,3066.);
#39=CYLINDRICAL_SURFACE('',#5129,70.5);
#40=CYLINDRICAL_SURFACE('',#5132,20.);
#41=CYLINDRICAL_SURFACE('',#5142,70.5);
#42=CYLINDRICAL_SURFACE('',#5145,3.);
#43=CYLINDRICAL_SURFACE('',#5148,3.);
#44=CYLINDRICAL_SURFACE('',#5151,3.);
#45=CYLINDRICAL_SURFACE('',#5160,9.);
#46=CYLINDRICAL_SURFACE('',#5174,9.);
#47=CYLINDRICAL_SURFACE('',#5178,4.);
#48=CYLINDRICAL_SURFACE('',#5185,2.);
#49=CYLINDRICAL_SURFACE('',#5188,1.9);
#50=CYLINDRICAL_SURFACE('',#5201,2.25);
#51=CYLINDRICAL_SURFACE('',#5204,8.);
#52=CYLINDRICAL_SURFACE('',#5206,3.35);
#53=CYLINDRICAL_SURFACE('',#5214,8.);
#54=CYLINDRICAL_SURFACE('',#5252,3.35);
#55=CYLINDRICAL_SURFACE('',#5255,3.);
#56=CYLINDRICAL_SURFACE('',#5256,4.075);
#57=CYLINDRICAL_SURFACE('',#5267,4.075);
#58=CYLINDRICAL_SURFACE('',#5314,1.65);
#59=CYLINDRICAL_SURFACE('',#5316,1.65);
#60=CYLINDRICAL_SURFACE('',#5324,1.65);
#61=CYLINDRICAL_SURFACE('',#5325,1.65);
#62=CYLINDRICAL_SURFACE('',#5328,1.65);
#63=CYLINDRICAL_SURFACE('',#5331,1.65);
#64=CYLINDRICAL_SURFACE('',#5333,3.75);
#65=CYLINDRICAL_SURFACE('',#5335,3.75);
#66=CYLINDRICAL_SURFACE('',#5339,3.25);
#67=CYLINDRICAL_SURFACE('',#5383,1.5);
#68=CYLINDRICAL_SURFACE('',#5387,2.);
#69=CYLINDRICAL_SURFACE('',#5389,2.);
#70=CYLINDRICAL_SURFACE('',#5391,2.);
#71=CYLINDRICAL_SURFACE('',#5393,2.);
#72=CYLINDRICAL_SURFACE('',#5395,2.);
#73=CYLINDRICAL_SURFACE('',#5397,2.);
#74=CYLINDRICAL_SURFACE('',#5399,2.);
#75=CYLINDRICAL_SURFACE('',#5401,2.);
#76=CYLINDRICAL_SURFACE('',#5403,1.5);
#77=CYLINDRICAL_SURFACE('',#5404,4.325);
#78=CYLINDRICAL_SURFACE('',#5406,4.325);
#79=CYLINDRICAL_SURFACE('',#5435,1.65);
#80=CYLINDRICAL_SURFACE('',#5437,1.65);
#81=CYLINDRICAL_SURFACE('',#5439,1.65);
#82=CYLINDRICAL_SURFACE('',#5441,1.65);
#83=CYLINDRICAL_SURFACE('',#5443,1.65);
#84=CYLINDRICAL_SURFACE('',#5445,1.65);
#85=FACE_BOUND('',#744,.T.);
#86=FACE_BOUND('',#745,.T.);
#87=FACE_BOUND('',#749,.T.);
#88=FACE_BOUND('',#750,.T.);
#89=FACE_BOUND('',#755,.T.);
#90=FACE_BOUND('',#776,.T.);
#91=FACE_BOUND('',#777,.T.);
#92=FACE_BOUND('',#778,.T.);
#93=FACE_BOUND('',#779,.T.);
#94=FACE_BOUND('',#795,.T.);
#95=FACE_BOUND('',#806,.T.);
#96=FACE_BOUND('',#807,.T.);
#97=FACE_BOUND('',#808,.T.);
#98=FACE_BOUND('',#809,.T.);
#99=FACE_BOUND('',#812,.T.);
#100=FACE_BOUND('',#834,.T.);
#101=FACE_BOUND('',#836,.T.);
#102=FACE_BOUND('',#838,.T.);
#103=FACE_BOUND('',#846,.T.);
#104=FACE_BOUND('',#850,.T.);
#105=FACE_BOUND('',#856,.T.);
#106=FACE_BOUND('',#857,.T.);
#107=FACE_BOUND('',#858,.T.);
#108=FACE_BOUND('',#859,.T.);
#109=FACE_BOUND('',#860,.T.);
#110=FACE_BOUND('',#861,.T.);
#111=FACE_BOUND('',#869,.T.);
#112=FACE_BOUND('',#876,.T.);
#113=FACE_BOUND('',#878,.T.);
#114=FACE_BOUND('',#936,.T.);
#115=FACE_BOUND('',#939,.T.);
#116=FACE_BOUND('',#944,.T.);
#117=FACE_BOUND('',#947,.T.);
#118=FACE_BOUND('',#949,.T.);
#119=FACE_BOUND('',#952,.T.);
#120=FACE_BOUND('',#955,.T.);
#121=FACE_BOUND('',#958,.T.);
#122=FACE_BOUND('',#994,.T.);
#123=FACE_BOUND('',#1005,.T.);
#124=FACE_BOUND('',#1015,.T.);
#125=FACE_BOUND('',#1018,.T.);
#126=FACE_BOUND('',#1021,.T.);
#127=FACE_BOUND('',#1023,.T.);
#128=FACE_BOUND('',#1028,.T.);
#129=FACE_BOUND('',#1040,.T.);
#130=FACE_BOUND('',#1043,.T.);
#131=FACE_BOUND('',#1045,.T.);
#132=FACE_BOUND('',#1047,.T.);
#133=FACE_BOUND('',#1049,.T.);
#134=FACE_BOUND('',#1051,.T.);
#135=FACE_BOUND('',#1053,.T.);
#136=FACE_BOUND('',#1055,.T.);
#137=FACE_BOUND('',#1057,.T.);
#138=B_SPLINE_CURVE_WITH_KNOTS('',3,(#7036,#7037,#7038,#7039),
 .UNSPECIFIED.,.F.,.F.,(4,4),(0.,0.159298181131026),.UNSPECIFIED.);
#139=B_SPLINE_CURVE_WITH_KNOTS('',3,(#7087,#7088,#7089,#7090,#7091,#7092,
#7093,#7094,#7095,#7096),.UNSPECIFIED.,.F.,.F.,(4,2,2,2,4),(2.0571914274975,
2.28263643988919,2.39535894608504,2.50808145228089,2.57565685932233),
 .UNSPECIFIED.);
#140=B_SPLINE_CURVE_WITH_KNOTS('',3,(#7160,#7161,#7162,#7163),
 .UNSPECIFIED.,.F.,.F.,(4,4),(0.,0.159298181131419),.UNSPECIFIED.);
#141=B_SPLINE_CURVE_WITH_KNOTS('',3,(#7256,#7257,#7258,#7259),
 .UNSPECIFIED.,.F.,.F.,(4,4),(0.,0.159298181131329),.UNSPECIFIED.);
#142=B_SPLINE_CURVE_WITH_KNOTS('',3,(#7273,#7274,#7275,#7276),
 .UNSPECIFIED.,.F.,.F.,(4,4),(0.,0.159298181131333),.UNSPECIFIED.);
#143=B_SPLINE_CURVE_WITH_KNOTS('',3,(#7460,#7461,#7462,#7463,#7464,#7465),
 .UNSPECIFIED.,.F.,.F.,(4,2,4),(0.,0.0222862292848933,0.0467547448048046),
 .UNSPECIFIED.);
#144=B_SPLINE_CURVE_WITH_KNOTS('',3,(#7485,#7486,#7487,#7488,#7489,#7490,
#7491,#7492,#7493,#7494),.UNSPECIFIED.,.F.,.F.,(4,2,2,2,4),(1.53872599567204,
1.60630140271411,1.71902390890996,1.8317464151058,2.0571914274975),
 .UNSPECIFIED.);
#145=B_SPLINE_CURVE_WITH_KNOTS('',3,(#7791,#7792,#7793,#7794,#7795,#7796),
 .UNSPECIFIED.,.F.,.F.,(4,2,4),(-0.00394865456622145,-0.00188553230994806,
-7.09614432167545E-5),.UNSPECIFIED.);
#146=B_SPLINE_CURVE_WITH_KNOTS('',3,(#7797,#7798,#7799,#7800,#7801),
 .UNSPECIFIED.,.F.,.F.,(4,1,4),(0.,0.146286235296093,0.227395251652986),
 .UNSPECIFIED.);
#147=B_SPLINE_CURVE_WITH_KNOTS('',3,(#7803,#7804,#7805,#7806,#7807,#7808),
 .UNSPECIFIED.,.F.,.F.,(4,2,4),(-0.0043644612922406,-0.00216793967383688,
-9.68765535967125E-5),.UNSPECIFIED.);
#148=B_SPLINE_CURVE_WITH_KNOTS('',3,(#7809,#7810,#7811,#7812,#7813,#7814),
 .UNSPECIFIED.,.F.,.F.,(4,2,4),(-0.119469869707646,-0.058468658068923,-4.81659601129604E-5),
 .UNSPECIFIED.);
#149=B_SPLINE_CURVE_WITH_KNOTS('',6,(#7871,#7872,#7873,#7874,#7875,#7876,
#7877),.UNSPECIFIED.,.F.,.F.,(7,7),(-0.0350855743154915,1.39228610465116),
 .UNSPECIFIED.);
#150=B_SPLINE_CURVE_WITH_KNOTS('',6,(#7878,#7879,#7880,#7881,#7882,#7883,
#7884),.UNSPECIFIED.,.F.,.F.,(7,7),(0.0229988290062668,1.4503705079733),
 .UNSPECIFIED.);
#151=B_SPLINE_CURVE_WITH_KNOTS('',3,(#7889,#7890,#7891,#7892,#7893,#7894,
#7895,#7896),.UNSPECIFIED.,.F.,.F.,(4,2,2,4),(-0.0599569384959301,-0.0598883092071503,
-0.0299987380389642,0.),.UNSPECIFIED.);
#152=B_SPLINE_CURVE_WITH_KNOTS('',3,(#7904,#7905,#7906,#7907,#7908,#7909,
#7910,#7911),.UNSPECIFIED.,.F.,.F.,(4,2,2,4),(-0.059956927521008,-0.0598882993530359,
-0.0299987355938472,0.),.UNSPECIFIED.);
#153=B_SPLINE_CURVE_WITH_KNOTS('',6,(#7917,#7918,#7919,#7920,#7921,#7922,
#7923),.UNSPECIFIED.,.F.,.F.,(7,7),(0.0229988287422539,1.45037050797654),
 .UNSPECIFIED.);
#154=B_SPLINE_CURVE_WITH_KNOTS('',6,(#7925,#7926,#7927,#7928,#7929,#7930,
#7931),.UNSPECIFIED.,.F.,.F.,(7,7),(-0.0350855743186775,1.39228610491526),
 .UNSPECIFIED.);
#155=B_SPLINE_CURVE_WITH_KNOTS('',3,(#7935,#7936,#7937,#7938,#7939,#7940,
#7941,#7942),.UNSPECIFIED.,.F.,.F.,(4,2,2,4),(0.,6.86282563562149E-5,0.0299577163849214,
0.0599559721107173),.UNSPECIFIED.);
#156=B_SPLINE_CURVE_WITH_KNOTS('',3,(#7953,#7954,#7955,#7956,#7957,#7958,
#7959,#7960),.UNSPECIFIED.,.F.,.F.,(4,2,2,4),(-0.0599569204595025,-0.0598882918589475,
-0.0299987337349448,0.),.UNSPECIFIED.);
#157=B_SPLINE_CURVE_WITH_KNOTS('',6,(#8051,#8052,#8053,#8054,#8055,#8056,
#8057),.UNSPECIFIED.,.F.,.F.,(7,7),(0.150134174838511,1.23261224771676),
 .UNSPECIFIED.);
#158=B_SPLINE_CURVE_WITH_KNOTS('',6,(#8094,#8095,#8096,#8097,#8098,#8099,
#8100),.UNSPECIFIED.,.F.,.F.,(7,7),(0.182672685940766,1.26515075881893),
 .UNSPECIFIED.);
#159=B_SPLINE_CURVE_WITH_KNOTS('',6,(#8168,#8169,#8170,#8171,#8172,#8173,
#8174),.UNSPECIFIED.,.F.,.F.,(7,7),(0.150134174839938,1.23261224771747),
 .UNSPECIFIED.);
#160=B_SPLINE_CURVE_WITH_KNOTS('',6,(#8211,#8212,#8213,#8214,#8215,#8216,
#8217),.UNSPECIFIED.,.F.,.F.,(7,7),(0.182672685940151,1.2651507588174),
 .UNSPECIFIED.);
#161=B_SPLINE_CURVE_WITH_KNOTS('',3,(#8329,#8330,#8331,#8332,#8333,#8334,
#8335,#8336),.UNSPECIFIED.,.F.,.F.,(4,2,2,4),(1915.16784616955,1947.99503569525,
1979.10108457708,1999.36464087488),.UNSPECIFIED.);
#162=B_SPLINE_CURVE_WITH_KNOTS('',3,(#8343,#8344,#8345,#8346,#8347,#8348,
#8349,#8350),.UNSPECIFIED.,.F.,.F.,(4,2,2,4),(1915.16784616953,1947.99503569521,
1979.10108457706,1999.36464087428),.UNSPECIFIED.);
#163=B_SPLINE_CURVE_WITH_KNOTS('',3,(#8361,#8362,#8363,#8364,#8365,#8366,
#8367,#8368),.UNSPECIFIED.,.F.,.F.,(4,2,2,4),(1915.16784616931,1947.99503569501,
1979.10108457686,1999.36464087455),.UNSPECIFIED.);
#164=B_SPLINE_CURVE_WITH_KNOTS('',3,(#8370,#8371,#8372,#8373,#8374,#8375,
#8376,#8377),.UNSPECIFIED.,.F.,.F.,(4,2,2,4),(1915.16784616937,1947.99503569506,
1979.1010845769,1999.36464087402),.UNSPECIFIED.);
#165=CIRCLE('',#4967,2.);
#166=CIRCLE('',#4968,3.);
#167=CIRCLE('',#4971,2.);
#168=CIRCLE('',#4972,3.);
#169=CIRCLE('',#4975,2.);
#170=CIRCLE('',#4976,3.);
#171=CIRCLE('',#4979,2.);
#172=CIRCLE('',#4980,3.);
#173=CIRCLE('',#4983,5.);
#174=CIRCLE('',#4984,6.);
#175=CIRCLE('',#4986,5.);
#176=CIRCLE('',#4987,4.);
#177=CIRCLE('',#4990,10.6);
#178=CIRCLE('',#4991,9.6);
#179=CIRCLE('',#4994,10.6);
#180=CIRCLE('',#4999,4.15);
#181=CIRCLE('',#5000,4.15);
#182=CIRCLE('',#5002,3.);
#183=CIRCLE('',#5005,3.);
#184=CIRCLE('',#5008,3.);
#185=CIRCLE('',#5011,3.);
#186=CIRCLE('',#5014,9.6);
#187=CIRCLE('',#5017,2.);
#188=CIRCLE('',#5018,3.);
#189=CIRCLE('',#5021,2.);
#190=CIRCLE('',#5022,3.);
#191=CIRCLE('',#5025,2.);
#192=CIRCLE('',#5026,3.);
#193=CIRCLE('',#5029,3.);
#194=CIRCLE('',#5030,2.);
#195=CIRCLE('',#5033,5.);
#196=CIRCLE('',#5034,6.);
#197=CIRCLE('',#5036,5.);
#198=CIRCLE('',#5037,4.);
#199=CIRCLE('',#5041,9.6);
#200=CIRCLE('',#5043,2.4);
#201=CIRCLE('',#5044,2.4);
#202=CIRCLE('',#5045,2.4);
#203=CIRCLE('',#5046,2.4);
#204=CIRCLE('',#5048,9.6);
#205=CIRCLE('',#5049,10.6);
#206=CIRCLE('',#5054,10.6);
#207=CIRCLE('',#5058,8.);
#208=CIRCLE('',#5059,9.);
#209=CIRCLE('',#5062,70.5);
#210=CIRCLE('',#5063,69.5);
#211=CIRCLE('',#5065,3066.);
#212=CIRCLE('',#5066,3067.);
#213=CIRCLE('',#5068,20.);
#214=CIRCLE('',#5069,19.);
#215=CIRCLE('',#5073,4.5);
#216=CIRCLE('',#5078,8.);
#217=CIRCLE('',#5079,9.);
#218=CIRCLE('',#5082,70.5);
#219=CIRCLE('',#5083,69.500000000001);
#220=CIRCLE('',#5085,3066.);
#221=CIRCLE('',#5086,3067.);
#222=CIRCLE('',#5088,20.);
#223=CIRCLE('',#5089,19.);
#224=CIRCLE('',#5092,2.4);
#225=CIRCLE('',#5093,2.4);
#226=CIRCLE('',#5094,2.4);
#227=CIRCLE('',#5095,2.4);
#228=CIRCLE('',#5098,3.65);
#229=CIRCLE('',#5102,20.);
#230=CIRCLE('',#5105,1.5);
#231=CIRCLE('',#5106,1.);
#232=CIRCLE('',#5108,1.);
#233=CIRCLE('',#5114,8.);
#234=CIRCLE('',#5115,3.35);
#235=CIRCLE('',#5117,10.0000000000001);
#236=CIRCLE('',#5118,10.0000000000001);
#237=CIRCLE('',#5127,3066.);
#238=CIRCLE('',#5128,3066.);
#239=CIRCLE('',#5130,70.5);
#240=CIRCLE('',#5134,20.);
#241=CIRCLE('',#5136,9.);
#242=CIRCLE('',#5137,70.5);
#243=CIRCLE('',#5138,4.25);
#244=CIRCLE('',#5140,9.);
#245=CIRCLE('',#5141,4.25);
#246=CIRCLE('',#5146,3.);
#247=CIRCLE('',#5149,3.);
#248=CIRCLE('',#5152,3.);
#249=CIRCLE('',#5155,8.);
#250=CIRCLE('',#5156,3.35);
#251=CIRCLE('',#5162,2.);
#252=CIRCLE('',#5163,2.);
#253=CIRCLE('',#5164,2.);
#254=CIRCLE('',#5165,2.);
#255=CIRCLE('',#5166,2.);
#256=CIRCLE('',#5167,2.);
#257=CIRCLE('',#5168,2.);
#258=CIRCLE('',#5169,2.);
#259=CIRCLE('',#5170,8.);
#260=CIRCLE('',#5171,5.075);
#261=CIRCLE('',#5172,5.075);
#262=CIRCLE('',#5177,4.);
#263=CIRCLE('',#5179,4.);
#264=CIRCLE('',#5181,1.9);
#265=CIRCLE('',#5183,2.);
#266=CIRCLE('',#5186,2.);
#267=CIRCLE('',#5189,1.9);
#268=CIRCLE('',#5191,3.4);
#269=CIRCLE('',#5194,3.4);
#270=CIRCLE('',#5202,2.25);
#271=CIRCLE('',#5203,2.25);
#272=CIRCLE('',#5207,3.35);
#273=CIRCLE('',#5208,3.35);
#274=CIRCLE('',#5228,3.);
#275=CIRCLE('',#5233,4.075);
#276=CIRCLE('',#5238,4.075);
#277=CIRCLE('',#5239,4.075);
#278=CIRCLE('',#5253,3.35);
#279=CIRCLE('',#5257,4.075);
#280=CIRCLE('',#5258,4.075);
#281=CIRCLE('',#5259,4.075);
#282=CIRCLE('',#5260,122.572611752895);
#283=CIRCLE('',#5261,122.572611934321);
#284=CIRCLE('',#5263,1.65);
#285=CIRCLE('',#5266,1.65);
#286=CIRCLE('',#5268,4.075);
#287=CIRCLE('',#5269,4.075);
#288=CIRCLE('',#5270,122.572611643375);
#289=CIRCLE('',#5271,122.572611884715);
#290=CIRCLE('',#5273,1.65);
#291=CIRCLE('',#5276,1.65);
#292=CIRCLE('',#5278,1.65);
#293=CIRCLE('',#5281,1.65);
#294=CIRCLE('',#5284,1.65);
#295=CIRCLE('',#5287,1.65);
#296=CIRCLE('',#5290,3.75);
#297=CIRCLE('',#5292,3.75);
#298=CIRCLE('',#5294,2.51);
#299=CIRCLE('',#5296,3.25);
#300=CIRCLE('',#5298,2.51);
#301=CIRCLE('',#5309,4.315);
#302=CIRCLE('',#5311,4.475);
#303=CIRCLE('',#5315,1.65);
#304=CIRCLE('',#5320,4.475);
#305=CIRCLE('',#5322,4.315);
#306=CIRCLE('',#5326,1.65);
#307=CIRCLE('',#5329,1.65);
#308=CIRCLE('',#5332,1.65);
#309=CIRCLE('',#5334,3.75);
#310=CIRCLE('',#5336,3.75);
#311=CIRCLE('',#5338,1.5);
#312=CIRCLE('',#5340,3.25);
#313=CIRCLE('',#5342,2.);
#314=CIRCLE('',#5344,2.);
#315=CIRCLE('',#5346,2.);
#316=CIRCLE('',#5348,2.);
#317=CIRCLE('',#5350,2.);
#318=CIRCLE('',#5352,2.);
#319=CIRCLE('',#5354,2.);
#320=CIRCLE('',#5356,2.);
#321=CIRCLE('',#5358,1.5);
#322=CIRCLE('',#5361,4.325);
#323=CIRCLE('',#5362,4.325);
#324=CIRCLE('',#5364,4.325);
#325=CIRCLE('',#5365,4.325);
#326=CIRCLE('',#5368,4.325);
#327=CIRCLE('',#5372,4.325);
#328=CIRCLE('',#5374,4.325);
#329=CIRCLE('',#5379,4.325);
#330=CIRCLE('',#5384,1.5);
#331=CIRCLE('',#5386,1.5);
#332=CIRCLE('',#5388,2.);
#333=CIRCLE('',#5390,2.);
#334=CIRCLE('',#5392,2.);
#335=CIRCLE('',#5394,2.);
#336=CIRCLE('',#5396,2.);
#337=CIRCLE('',#5398,2.);
#338=CIRCLE('',#5400,2.);
#339=CIRCLE('',#5402,2.);
#340=CIRCLE('',#5405,4.325);
#341=CIRCLE('',#5407,4.325);
#342=CIRCLE('',#5411,1.89);
#343=CIRCLE('',#5413,1.89);
#344=CIRCLE('',#5415,1.89);
#345=CIRCLE('',#5418,1.89);
#346=CIRCLE('',#5420,1.89);
#347=CIRCLE('',#5422,1.89);
#348=CIRCLE('',#5424,1.65);
#349=CIRCLE('',#5426,1.65);
#350=CIRCLE('',#5428,1.65);
#351=CIRCLE('',#5430,1.65);
#352=CIRCLE('',#5432,1.65);
#353=CIRCLE('',#5434,1.65);
#354=CIRCLE('',#5436,1.65);
#355=CIRCLE('',#5438,1.65);
#356=CIRCLE('',#5440,1.65);
#357=CIRCLE('',#5442,1.65);
#358=CIRCLE('',#5444,1.65);
#359=CIRCLE('',#5446,1.65);
#360=CONICAL_SURFACE('',#4966,2.5,0.785398163397447);
#361=CONICAL_SURFACE('',#4970,2.5,0.785398163397446);
#362=CONICAL_SURFACE('',#4974,2.5,0.785398163397446);
#363=CONICAL_SURFACE('',#4978,2.5,0.785398163397449);
#364=CONICAL_SURFACE('',#4982,5.5,0.785398163397448);
#365=CONICAL_SURFACE('',#4985,4.5,0.785398163397447);
#366=CONICAL_SURFACE('',#4989,10.1,0.785398163397455);
#367=CONICAL_SURFACE('',#5013,10.1,0.785398163397449);
#368=CONICAL_SURFACE('',#5016,2.5,0.785398163397447);
#369=CONICAL_SURFACE('',#5020,2.5,0.785398163397447);
#370=CONICAL_SURFACE('',#5024,2.5,0.785398163397448);
#371=CONICAL_SURFACE('',#5028,2.5,0.785398163397447);
#372=CONICAL_SURFACE('',#5032,5.5,0.785398163397449);
#373=CONICAL_SURFACE('',#5035,4.5,0.785398163397447);
#374=CONICAL_SURFACE('',#5047,10.1,0.785398163397457);
#375=CONICAL_SURFACE('',#5053,10.1,0.785398163397452);
#376=CONICAL_SURFACE('',#5057,8.5,0.785398163397451);
#377=CONICAL_SURFACE('',#5061,70.,0.785398163397446);
#378=CONICAL_SURFACE('',#5064,3066.5,0.78539816339735);
#379=CONICAL_SURFACE('',#5067,19.5,0.785398163397444);
#380=CONICAL_SURFACE('',#5077,8.5,0.785398163397449);
#381=CONICAL_SURFACE('',#5081,70.0000000000005,0.785398163396984);
#382=CONICAL_SURFACE('',#5084,3066.5,0.785398163397353);
#383=CONICAL_SURFACE('',#5087,19.5,0.78539816339745);
#384=CONICAL_SURFACE('',#5104,1.25,0.785398163397447);
#385=CONICAL_SURFACE('',#5176,4.25,0.785398163397446);
#386=CONICAL_SURFACE('',#5190,3.825,0.785398163397447);
#387=CONICAL_SURFACE('',#5195,3.825,0.785398163397449);
#388=CONICAL_SURFACE('',#5216,3.,0.785398163397);
#389=CONICAL_SURFACE('',#5218,3.,0.785398163397);
#390=CONICAL_SURFACE('',#5219,3.,0.785398163397);
#391=CONICAL_SURFACE('',#5222,3.,0.785398163397);
#392=CONICAL_SURFACE('',#5223,3.,0.785398163397);
#393=CONICAL_SURFACE('',#5226,3.,0.785398163397);
#394=CONICAL_SURFACE('',#5227,3.,0.785398163397);
#395=CONICAL_SURFACE('',#5231,3.,0.785398163397);
#396=CONICAL_SURFACE('',#5232,4.075,0.785398163397);
#397=CONICAL_SURFACE('',#5237,4.075,0.785398163397);
#398=CONICAL_SURFACE('',#5289,3.75,0.785398163397);
#399=CONICAL_SURFACE('',#5291,3.75,0.785398163397);
#400=CONICAL_SURFACE('',#5293,3.35,0.785398163397);
#401=CONICAL_SURFACE('',#5295,3.25,0.785398163397);
#402=CONICAL_SURFACE('',#5297,3.35,0.785398163397);
#403=CONICAL_SURFACE('',#5308,4.075,0.785398163397);
#404=CONICAL_SURFACE('',#5310,4.075,0.785398163397);
#405=CONICAL_SURFACE('',#5319,4.075,0.785398163397);
#406=CONICAL_SURFACE('',#5321,4.075,0.785398163397);
#407=CONICAL_SURFACE('',#5341,2.,0.785398163397);
#408=CONICAL_SURFACE('',#5343,2.,0.785398163397);
#409=CONICAL_SURFACE('',#5345,2.,0.785398163397);
#410=CONICAL_SURFACE('',#5347,2.,0.785398163397);
#411=CONICAL_SURFACE('',#5349,2.,0.785398163397);
#412=CONICAL_SURFACE('',#5351,2.,0.785398163397);
#413=CONICAL_SURFACE('',#5353,2.,0.785398163397);
#414=CONICAL_SURFACE('',#5355,2.,0.785398163397);
#415=CONICAL_SURFACE('',#5423,1.65,0.785398163397);
#416=CONICAL_SURFACE('',#5425,1.65,0.785398163397);
#417=CONICAL_SURFACE('',#5427,1.65,0.785398163397);
#418=CONICAL_SURFACE('',#5429,1.65,0.785398163397);
#419=CONICAL_SURFACE('',#5431,1.65,0.785398163397);
#420=CONICAL_SURFACE('',#5433,1.65,0.785398163397);
#421=FACE_OUTER_BOUND('',#722,.T.);
#422=FACE_OUTER_BOUND('',#723,.T.);
#423=FACE_OUTER_BOUND('',#724,.T.);
#424=FACE_OUTER_BOUND('',#725,.T.);
#425=FACE_OUTER_BOUND('',#726,.T.);
#426=FACE_OUTER_BOUND('',#727,.T.);
#427=FACE_OUTER_BOUND('',#728,.T.);
#428=FACE_OUTER_BOUND('',#729,.T.);
#429=FACE_OUTER_BOUND('',#730,.T.);
#430=FACE_OUTER_BOUND('',#731,.T.);
#431=FACE_OUTER_BOUND('',#732,.T.);
#432=FACE_OUTER_BOUND('',#733,.T.);
#433=FACE_OUTER_BOUND('',#734,.T.);
#434=FACE_OUTER_BOUND('',#735,.T.);
#435=FACE_OUTER_BOUND('',#736,.T.);
#436=FACE_OUTER_BOUND('',#737,.T.);
#437=FACE_OUTER_BOUND('',#738,.T.);
#438=FACE_OUTER_BOUND('',#739,.T.);
#439=FACE_OUTER_BOUND('',#740,.T.);
#440=FACE_OUTER_BOUND('',#741,.T.);
#441=FACE_OUTER_BOUND('',#742,.T.);
#442=FACE_OUTER_BOUND('',#743,.T.);
#443=FACE_OUTER_BOUND('',#746,.T.);
#444=FACE_OUTER_BOUND('',#747,.T.);
#445=FACE_OUTER_BOUND('',#748,.T.);
#446=FACE_OUTER_BOUND('',#751,.T.);
#447=FACE_OUTER_BOUND('',#752,.T.);
#448=FACE_OUTER_BOUND('',#753,.T.);
#449=FACE_OUTER_BOUND('',#754,.T.);
#450=FACE_OUTER_BOUND('',#756,.T.);
#451=FACE_OUTER_BOUND('',#757,.T.);
#452=FACE_OUTER_BOUND('',#758,.T.);
#453=FACE_OUTER_BOUND('',#759,.T.);
#454=FACE_OUTER_BOUND('',#760,.T.);
#455=FACE_OUTER_BOUND('',#761,.T.);
#456=FACE_OUTER_BOUND('',#762,.T.);
#457=FACE_OUTER_BOUND('',#763,.T.);
#458=FACE_OUTER_BOUND('',#764,.T.);
#459=FACE_OUTER_BOUND('',#765,.T.);
#460=FACE_OUTER_BOUND('',#766,.T.);
#461=FACE_OUTER_BOUND('',#767,.T.);
#462=FACE_OUTER_BOUND('',#768,.T.);
#463=FACE_OUTER_BOUND('',#769,.T.);
#464=FACE_OUTER_BOUND('',#770,.T.);
#465=FACE_OUTER_BOUND('',#771,.T.);
#466=FACE_OUTER_BOUND('',#772,.T.);
#467=FACE_OUTER_BOUND('',#773,.T.);
#468=FACE_OUTER_BOUND('',#774,.T.);
#469=FACE_OUTER_BOUND('',#775,.T.);
#470=FACE_OUTER_BOUND('',#780,.T.);
#471=FACE_OUTER_BOUND('',#781,.T.);
#472=FACE_OUTER_BOUND('',#782,.T.);
#473=FACE_OUTER_BOUND('',#783,.T.);
#474=FACE_OUTER_BOUND('',#784,.T.);
#475=FACE_OUTER_BOUND('',#785,.T.);
#476=FACE_OUTER_BOUND('',#786,.T.);
#477=FACE_OUTER_BOUND('',#787,.T.);
#478=FACE_OUTER_BOUND('',#788,.T.);
#479=FACE_OUTER_BOUND('',#789,.T.);
#480=FACE_OUTER_BOUND('',#790,.T.);
#481=FACE_OUTER_BOUND('',#791,.T.);
#482=FACE_OUTER_BOUND('',#792,.T.);
#483=FACE_OUTER_BOUND('',#793,.T.);
#484=FACE_OUTER_BOUND('',#794,.T.);
#485=FACE_OUTER_BOUND('',#796,.T.);
#486=FACE_OUTER_BOUND('',#797,.T.);
#487=FACE_OUTER_BOUND('',#798,.T.);
#488=FACE_OUTER_BOUND('',#799,.T.);
#489=FACE_OUTER_BOUND('',#800,.T.);
#490=FACE_OUTER_BOUND('',#801,.T.);
#491=FACE_OUTER_BOUND('',#802,.T.);
#492=FACE_OUTER_BOUND('',#803,.T.);
#493=FACE_OUTER_BOUND('',#804,.T.);
#494=FACE_OUTER_BOUND('',#805,.T.);
#495=FACE_OUTER_BOUND('',#810,.T.);
#496=FACE_OUTER_BOUND('',#811,.T.);
#497=FACE_OUTER_BOUND('',#813,.T.);
#498=FACE_OUTER_BOUND('',#814,.T.);
#499=FACE_OUTER_BOUND('',#815,.T.);
#500=FACE_OUTER_BOUND('',#816,.T.);
#501=FACE_OUTER_BOUND('',#817,.T.);
#502=FACE_OUTER_BOUND('',#818,.T.);
#503=FACE_OUTER_BOUND('',#819,.T.);
#504=FACE_OUTER_BOUND('',#820,.T.);
#505=FACE_OUTER_BOUND('',#821,.T.);
#506=FACE_OUTER_BOUND('',#822,.T.);
#507=FACE_OUTER_BOUND('',#823,.T.);
#508=FACE_OUTER_BOUND('',#824,.T.);
#509=FACE_OUTER_BOUND('',#825,.T.);
#510=FACE_OUTER_BOUND('',#826,.T.);
#511=FACE_OUTER_BOUND('',#827,.T.);
#512=FACE_OUTER_BOUND('',#828,.T.);
#513=FACE_OUTER_BOUND('',#829,.T.);
#514=FACE_OUTER_BOUND('',#830,.T.);
#515=FACE_OUTER_BOUND('',#831,.T.);
#516=FACE_OUTER_BOUND('',#832,.T.);
#517=FACE_OUTER_BOUND('',#833,.T.);
#518=FACE_OUTER_BOUND('',#835,.T.);
#519=FACE_OUTER_BOUND('',#837,.T.);
#520=FACE_OUTER_BOUND('',#839,.T.);
#521=FACE_OUTER_BOUND('',#840,.T.);
#522=FACE_OUTER_BOUND('',#841,.T.);
#523=FACE_OUTER_BOUND('',#842,.T.);
#524=FACE_OUTER_BOUND('',#843,.T.);
#525=FACE_OUTER_BOUND('',#844,.T.);
#526=FACE_OUTER_BOUND('',#845,.T.);
#527=FACE_OUTER_BOUND('',#847,.T.);
#528=FACE_OUTER_BOUND('',#848,.T.);
#529=FACE_OUTER_BOUND('',#849,.T.);
#530=FACE_OUTER_BOUND('',#851,.T.);
#531=FACE_OUTER_BOUND('',#852,.T.);
#532=FACE_OUTER_BOUND('',#853,.T.);
#533=FACE_OUTER_BOUND('',#854,.T.);
#534=FACE_OUTER_BOUND('',#855,.T.);
#535=FACE_OUTER_BOUND('',#862,.T.);
#536=FACE_OUTER_BOUND('',#863,.T.);
#537=FACE_OUTER_BOUND('',#864,.T.);
#538=FACE_OUTER_BOUND('',#865,.T.);
#539=FACE_OUTER_BOUND('',#866,.T.);
#540=FACE_OUTER_BOUND('',#867,.T.);
#541=FACE_OUTER_BOUND('',#868,.T.);
#542=FACE_OUTER_BOUND('',#870,.T.);
#543=FACE_OUTER_BOUND('',#871,.T.);
#544=FACE_OUTER_BOUND('',#872,.T.);
#545=FACE_OUTER_BOUND('',#873,.T.);
#546=FACE_OUTER_BOUND('',#874,.T.);
#547=FACE_OUTER_BOUND('',#875,.T.);
#548=FACE_OUTER_BOUND('',#877,.T.);
#549=FACE_OUTER_BOUND('',#879,.T.);
#550=FACE_OUTER_BOUND('',#880,.T.);
#551=FACE_OUTER_BOUND('',#881,.T.);
#552=FACE_OUTER_BOUND('',#882,.T.);
#553=FACE_OUTER_BOUND('',#883,.T.);
#554=FACE_OUTER_BOUND('',#884,.T.);
#555=FACE_OUTER_BOUND('',#885,.T.);
#556=FACE_OUTER_BOUND('',#886,.T.);
#557=FACE_OUTER_BOUND('',#887,.T.);
#558=FACE_OUTER_BOUND('',#888,.T.);
#559=FACE_OUTER_BOUND('',#889,.T.);
#560=FACE_OUTER_BOUND('',#890,.T.);
#561=FACE_OUTER_BOUND('',#891,.T.);
#562=FACE_OUTER_BOUND('',#892,.T.);
#563=FACE_OUTER_BOUND('',#893,.T.);
#564=FACE_OUTER_BOUND('',#894,.T.);
#565=FACE_OUTER_BOUND('',#895,.T.);
#566=FACE_OUTER_BOUND('',#896,.T.);
#567=FACE_OUTER_BOUND('',#897,.T.);
#568=FACE_OUTER_BOUND('',#898,.T.);
#569=FACE_OUTER_BOUND('',#899,.T.);
#570=FACE_OUTER_BOUND('',#900,.T.);
#571=FACE_OUTER_BOUND('',#901,.T.);
#572=FACE_OUTER_BOUND('',#902,.T.);
#573=FACE_OUTER_BOUND('',#903,.T.);
#574=FACE_OUTER_BOUND('',#904,.T.);
#575=FACE_OUTER_BOUND('',#905,.T.);
#576=FACE_OUTER_BOUND('',#906,.T.);
#577=FACE_OUTER_BOUND('',#907,.T.);
#578=FACE_OUTER_BOUND('',#908,.T.);
#579=FACE_OUTER_BOUND('',#909,.T.);
#580=FACE_OUTER_BOUND('',#910,.T.);
#581=FACE_OUTER_BOUND('',#911,.T.);
#582=FACE_OUTER_BOUND('',#912,.T.);
#583=FACE_OUTER_BOUND('',#913,.T.);
#584=FACE_OUTER_BOUND('',#914,.T.);
#585=FACE_OUTER_BOUND('',#915,.T.);
#586=FACE_OUTER_BOUND('',#916,.T.);
#587=FACE_OUTER_BOUND('',#917,.T.);
#588=FACE_OUTER_BOUND('',#918,.T.);
#589=FACE_OUTER_BOUND('',#919,.T.);
#590=FACE_OUTER_BOUND('',#920,.T.);
#591=FACE_OUTER_BOUND('',#921,.T.);
#592=FACE_OUTER_BOUND('',#922,.T.);
#593=FACE_OUTER_BOUND('',#923,.T.);
#594=FACE_OUTER_BOUND('',#924,.T.);
#595=FACE_OUTER_BOUND('',#925,.T.);
#596=FACE_OUTER_BOUND('',#926,.T.);
#597=FACE_OUTER_BOUND('',#927,.T.);
#598=FACE_OUTER_BOUND('',#928,.T.);
#599=FACE_OUTER_BOUND('',#929,.T.);
#600=FACE_OUTER_BOUND('',#930,.T.);
#601=FACE_OUTER_BOUND('',#931,.T.);
#602=FACE_OUTER_BOUND('',#932,.T.);
#603=FACE_OUTER_BOUND('',#933,.T.);
#604=FACE_OUTER_BOUND('',#934,.T.);
#605=FACE_OUTER_BOUND('',#935,.T.);
#606=FACE_OUTER_BOUND('',#937,.T.);
#607=FACE_OUTER_BOUND('',#938,.T.);
#608=FACE_OUTER_BOUND('',#940,.T.);
#609=FACE_OUTER_BOUND('',#941,.T.);
#610=FACE_OUTER_BOUND('',#942,.T.);
#611=FACE_OUTER_BOUND('',#943,.T.);
#612=FACE_OUTER_BOUND('',#945,.T.);
#613=FACE_OUTER_BOUND('',#946,.T.);
#614=FACE_OUTER_BOUND('',#948,.T.);
#615=FACE_OUTER_BOUND('',#950,.T.);
#616=FACE_OUTER_BOUND('',#951,.T.);
#617=FACE_OUTER_BOUND('',#953,.T.);
#618=FACE_OUTER_BOUND('',#954,.T.);
#619=FACE_OUTER_BOUND('',#956,.T.);
#620=FACE_OUTER_BOUND('',#957,.T.);
#621=FACE_OUTER_BOUND('',#959,.T.);
#622=FACE_OUTER_BOUND('',#960,.T.);
#623=FACE_OUTER_BOUND('',#961,.T.);
#624=FACE_OUTER_BOUND('',#962,.T.);
#625=FACE_OUTER_BOUND('',#963,.T.);
#626=FACE_OUTER_BOUND('',#964,.T.);
#627=FACE_OUTER_BOUND('',#965,.T.);
#628=FACE_OUTER_BOUND('',#966,.T.);
#629=FACE_OUTER_BOUND('',#967,.T.);
#630=FACE_OUTER_BOUND('',#968,.T.);
#631=FACE_OUTER_BOUND('',#969,.T.);
#632=FACE_OUTER_BOUND('',#970,.T.);
#633=FACE_OUTER_BOUND('',#971,.T.);
#634=FACE_OUTER_BOUND('',#972,.T.);
#635=FACE_OUTER_BOUND('',#973,.T.);
#636=FACE_OUTER_BOUND('',#974,.T.);
#637=FACE_OUTER_BOUND('',#975,.T.);
#638=FACE_OUTER_BOUND('',#976,.T.);
#639=FACE_OUTER_BOUND('',#977,.T.);
#640=FACE_OUTER_BOUND('',#978,.T.);
#641=FACE_OUTER_BOUND('',#979,.T.);
#642=FACE_OUTER_BOUND('',#980,.T.);
#643=FACE_OUTER_BOUND('',#981,.T.);
#644=FACE_OUTER_BOUND('',#982,.T.);
#645=FACE_OUTER_BOUND('',#983,.T.);
#646=FACE_OUTER_BOUND('',#984,.T.);
#647=FACE_OUTER_BOUND('',#985,.T.);
#648=FACE_OUTER_BOUND('',#986,.T.);
#649=FACE_OUTER_BOUND('',#987,.T.);
#650=FACE_OUTER_BOUND('',#988,.T.);
#651=FACE_OUTER_BOUND('',#989,.T.);
#652=FACE_OUTER_BOUND('',#990,.T.);
#653=FACE_OUTER_BOUND('',#991,.T.);
#654=FACE_OUTER_BOUND('',#992,.T.);
#655=FACE_OUTER_BOUND('',#993,.T.);
#656=FACE_OUTER_BOUND('',#995,.T.);
#657=FACE_OUTER_BOUND('',#996,.T.);
#658=FACE_OUTER_BOUND('',#997,.T.);
#659=FACE_OUTER_BOUND('',#998,.T.);
#660=FACE_OUTER_BOUND('',#999,.T.);
#661=FACE_OUTER_BOUND('',#1000,.T.);
#662=FACE_OUTER_BOUND('',#1001,.T.);
#663=FACE_OUTER_BOUND('',#1002,.T.);
#664=FACE_OUTER_BOUND('',#1003,.T.);
#665=FACE_OUTER_BOUND('',#1004,.T.);
#666=FACE_OUTER_BOUND('',#1006,.T.);
#667=FACE_OUTER_BOUND('',#1007,.T.);
#668=FACE_OUTER_BOUND('',#1008,.T.);
#669=FACE_OUTER_BOUND('',#1009,.T.);
#670=FACE_OUTER_BOUND('',#1010,.T.);
#671=FACE_OUTER_BOUND('',#1011,.T.);
#672=FACE_OUTER_BOUND('',#1012,.T.);
#673=FACE_OUTER_BOUND('',#1013,.T.);
#674=FACE_OUTER_BOUND('',#1014,.T.);
#675=FACE_OUTER_BOUND('',#1016,.T.);
#676=FACE_OUTER_BOUND('',#1017,.T.);
#677=FACE_OUTER_BOUND('',#1019,.T.);
#678=FACE_OUTER_BOUND('',#1020,.T.);
#679=FACE_OUTER_BOUND('',#1022,.T.);
#680=FACE_OUTER_BOUND('',#1024,.T.);
#681=FACE_OUTER_BOUND('',#1025,.T.);
#682=FACE_OUTER_BOUND('',#1026,.T.);
#683=FACE_OUTER_BOUND('',#1027,.T.);
#684=FACE_OUTER_BOUND('',#1029,.T.);
#685=FACE_OUTER_BOUND('',#1030,.T.);
#686=FACE_OUTER_BOUND('',#1031,.T.);
#687=FACE_OUTER_BOUND('',#1032,.T.);
#688=FACE_OUTER_BOUND('',#1033,.T.);
#689=FACE_OUTER_BOUND('',#1034,.T.);
#690=FACE_OUTER_BOUND('',#1035,.T.);
#691=FACE_OUTER_BOUND('',#1036,.T.);
#692=FACE_OUTER_BOUND('',#1037,.T.);
#693=FACE_OUTER_BOUND('',#1038,.T.);
#694=FACE_OUTER_BOUND('',#1039,.T.);
#695=FACE_OUTER_BOUND('',#1041,.T.);
#696=FACE_OUTER_BOUND('',#1042,.T.);
#697=FACE_OUTER_BOUND('',#1044,.T.);
#698=FACE_OUTER_BOUND('',#1046,.T.);
#699=FACE_OUTER_BOUND('',#1048,.T.);
#700=FACE_OUTER_BOUND('',#1050,.T.);
#701=FACE_OUTER_BOUND('',#1052,.T.);
#702=FACE_OUTER_BOUND('',#1054,.T.);
#703=FACE_OUTER_BOUND('',#1056,.T.);
#704=FACE_OUTER_BOUND('',#1058,.T.);
#705=FACE_OUTER_BOUND('',#1059,.T.);
#706=FACE_OUTER_BOUND('',#1060,.T.);
#707=FACE_OUTER_BOUND('',#1061,.T.);
#708=FACE_OUTER_BOUND('',#1062,.T.);
#709=FACE_OUTER_BOUND('',#1063,.T.);
#710=FACE_OUTER_BOUND('',#1064,.T.);
#711=FACE_OUTER_BOUND('',#1065,.T.);
#712=FACE_OUTER_BOUND('',#1066,.T.);
#713=FACE_OUTER_BOUND('',#1067,.T.);
#714=FACE_OUTER_BOUND('',#1068,.T.);
#715=FACE_OUTER_BOUND('',#1069,.T.);
#716=FACE_OUTER_BOUND('',#1070,.T.);
#717=FACE_OUTER_BOUND('',#1071,.T.);
#718=FACE_OUTER_BOUND('',#1072,.T.);
#719=FACE_OUTER_BOUND('',#1073,.T.);
#720=FACE_OUTER_BOUND('',#1074,.T.);
#721=FACE_OUTER_BOUND('',#1075,.T.);
#722=EDGE_LOOP('',(#3104,#3105,#3106,#3107));
#723=EDGE_LOOP('',(#3108,#3109,#3110,#3111,#3112,#3113,#3114,#3115));
#724=EDGE_LOOP('',(#3116,#3117,#3118,#3119));
#725=EDGE_LOOP('',(#3120,#3121,#3122,#3123));
#726=EDGE_LOOP('',(#3124,#3125,#3126,#3127));
#727=EDGE_LOOP('',(#3128,#3129,#3130,#3131));
#728=EDGE_LOOP('',(#3132,#3133,#3134,#3135));
#729=EDGE_LOOP('',(#3136,#3137,#3138,#3139));
#730=EDGE_LOOP('',(#3140,#3141,#3142,#3143));
#731=EDGE_LOOP('',(#3144,#3145,#3146,#3147));
#732=EDGE_LOOP('',(#3148,#3149,#3150,#3151));
#733=EDGE_LOOP('',(#3152,#3153,#3154,#3155));
#734=EDGE_LOOP('',(#3156,#3157,#3158,#3159));
#735=EDGE_LOOP('',(#3160,#3161,#3162,#3163));
#736=EDGE_LOOP('',(#3164,#3165,#3166,#3167));
#737=EDGE_LOOP('',(#3168,#3169,#3170,#3171));
#738=EDGE_LOOP('',(#3172,#3173,#3174,#3175));
#739=EDGE_LOOP('',(#3176,#3177,#3178,#3179));
#740=EDGE_LOOP('',(#3180,#3181,#3182,#3183));
#741=EDGE_LOOP('',(#3184,#3185,#3186,#3187));
#742=EDGE_LOOP('',(#3188,#3189,#3190,#3191));
#743=EDGE_LOOP('',(#3192,#3193,#3194,#3195,#3196,#3197,#3198,#3199,#3200,
#3201));
#744=EDGE_LOOP('',(#3202,#3203,#3204,#3205,#3206,#3207));
#745=EDGE_LOOP('',(#3208,#3209,#3210,#3211,#3212,#3213));
#746=EDGE_LOOP('',(#3214,#3215,#3216,#3217));
#747=EDGE_LOOP('',(#3218,#3219,#3220,#3221));
#748=EDGE_LOOP('',(#3222,#3223,#3224,#3225,#3226,#3227,#3228,#3229));
#749=EDGE_LOOP('',(#3230));
#750=EDGE_LOOP('',(#3231));
#751=EDGE_LOOP('',(#3232,#3233,#3234,#3235));
#752=EDGE_LOOP('',(#3236,#3237,#3238,#3239));
#753=EDGE_LOOP('',(#3240,#3241,#3242,#3243));
#754=EDGE_LOOP('',(#3244,#3245,#3246,#3247));
#755=EDGE_LOOP('',(#3248,#3249,#3250,#3251));
#756=EDGE_LOOP('',(#3252,#3253,#3254,#3255));
#757=EDGE_LOOP('',(#3256,#3257,#3258,#3259));
#758=EDGE_LOOP('',(#3260,#3261,#3262,#3263));
#759=EDGE_LOOP('',(#3264,#3265,#3266,#3267));
#760=EDGE_LOOP('',(#3268,#3269,#3270,#3271));
#761=EDGE_LOOP('',(#3272,#3273,#3274,#3275));
#762=EDGE_LOOP('',(#3276,#3277,#3278,#3279));
#763=EDGE_LOOP('',(#3280,#3281,#3282,#3283));
#764=EDGE_LOOP('',(#3284,#3285,#3286,#3287));
#765=EDGE_LOOP('',(#3288,#3289,#3290,#3291));
#766=EDGE_LOOP('',(#3292,#3293,#3294,#3295));
#767=EDGE_LOOP('',(#3296,#3297,#3298,#3299));
#768=EDGE_LOOP('',(#3300,#3301,#3302,#3303));
#769=EDGE_LOOP('',(#3304,#3305,#3306,#3307));
#770=EDGE_LOOP('',(#3308,#3309,#3310,#3311));
#771=EDGE_LOOP('',(#3312,#3313,#3314,#3315));
#772=EDGE_LOOP('',(#3316,#3317,#3318,#3319));
#773=EDGE_LOOP('',(#3320,#3321,#3322,#3323,#3324,#3325,#3326,#3327));
#774=EDGE_LOOP('',(#3328,#3329,#3330,#3331));
#775=EDGE_LOOP('',(#3332,#3333,#3334,#3335,#3336,#3337,#3338,#3339,#3340,
#3341,#3342,#3343,#3344,#3345,#3346));
#776=EDGE_LOOP('',(#3347));
#777=EDGE_LOOP('',(#3348));
#778=EDGE_LOOP('',(#3349));
#779=EDGE_LOOP('',(#3350));
#780=EDGE_LOOP('',(#3351,#3352,#3353,#3354));
#781=EDGE_LOOP('',(#3355,#3356,#3357,#3358));
#782=EDGE_LOOP('',(#3359,#3360,#3361,#3362));
#783=EDGE_LOOP('',(#3363,#3364,#3365,#3366));
#784=EDGE_LOOP('',(#3367,#3368,#3369,#3370));
#785=EDGE_LOOP('',(#3371,#3372,#3373,#3374,#3375,#3376,#3377,#3378,#3379,
#3380,#3381,#3382));
#786=EDGE_LOOP('',(#3383,#3384,#3385,#3386));
#787=EDGE_LOOP('',(#3387,#3388,#3389,#3390));
#788=EDGE_LOOP('',(#3391,#3392,#3393,#3394));
#789=EDGE_LOOP('',(#3395,#3396,#3397,#3398));
#790=EDGE_LOOP('',(#3399,#3400,#3401,#3402));
#791=EDGE_LOOP('',(#3403,#3404,#3405,#3406));
#792=EDGE_LOOP('',(#3407,#3408,#3409,#3410));
#793=EDGE_LOOP('',(#3411,#3412,#3413,#3414));
#794=EDGE_LOOP('',(#3415,#3416,#3417,#3418,#3419,#3420,#3421,#3422,#3423));
#795=EDGE_LOOP('',(#3424));
#796=EDGE_LOOP('',(#3425,#3426,#3427,#3428));
#797=EDGE_LOOP('',(#3429,#3430,#3431,#3432));
#798=EDGE_LOOP('',(#3433,#3434,#3435,#3436));
#799=EDGE_LOOP('',(#3437,#3438,#3439,#3440));
#800=EDGE_LOOP('',(#3441,#3442,#3443,#3444));
#801=EDGE_LOOP('',(#3445,#3446,#3447,#3448));
#802=EDGE_LOOP('',(#3449,#3450,#3451,#3452));
#803=EDGE_LOOP('',(#3453,#3454,#3455,#3456));
#804=EDGE_LOOP('',(#3457,#3458,#3459,#3460));
#805=EDGE_LOOP('',(#3461,#3462,#3463,#3464,#3465,#3466,#3467,#3468,#3469,
#3470,#3471,#3472,#3473,#3474,#3475));
#806=EDGE_LOOP('',(#3476));
#807=EDGE_LOOP('',(#3477));
#808=EDGE_LOOP('',(#3478));
#809=EDGE_LOOP('',(#3479));
#810=EDGE_LOOP('',(#3480,#3481,#3482,#3483));
#811=EDGE_LOOP('',(#3484,#3485,#3486,#3487,#3488,#3489,#3490,#3491,#3492));
#812=EDGE_LOOP('',(#3493));
#813=EDGE_LOOP('',(#3494,#3495,#3496,#3497));
#814=EDGE_LOOP('',(#3498,#3499,#3500,#3501));
#815=EDGE_LOOP('',(#3502,#3503,#3504,#3505));
#816=EDGE_LOOP('',(#3506,#3507,#3508,#3509));
#817=EDGE_LOOP('',(#3510,#3511,#3512,#3513));
#818=EDGE_LOOP('',(#3514,#3515,#3516,#3517));
#819=EDGE_LOOP('',(#3518,#3519,#3520,#3521,#3522));
#820=EDGE_LOOP('',(#3523,#3524,#3525,#3526));
#821=EDGE_LOOP('',(#3527,#3528,#3529,#3530,#3531,#3532));
#822=EDGE_LOOP('',(#3533,#3534,#3535,#3536,#3537,#3538,#3539,#3540,#3541,
#3542,#3543,#3544));
#823=EDGE_LOOP('',(#3545,#3546,#3547,#3548));
#824=EDGE_LOOP('',(#3549,#3550,#3551,#3552,#3553,#3554));
#825=EDGE_LOOP('',(#3555,#3556,#3557,#3558,#3559,#3560));
#826=EDGE_LOOP('',(#3561,#3562,#3563,#3564,#3565,#3566));
#827=EDGE_LOOP('',(#3567,#3568,#3569,#3570));
#828=EDGE_LOOP('',(#3571,#3572,#3573,#3574));
#829=EDGE_LOOP('',(#3575,#3576,#3577,#3578));
#830=EDGE_LOOP('',(#3579,#3580,#3581,#3582,#3583,#3584,#3585,#3586));
#831=EDGE_LOOP('',(#3587,#3588,#3589,#3590));
#832=EDGE_LOOP('',(#3591,#3592,#3593,#3594));
#833=EDGE_LOOP('',(#3595,#3596,#3597,#3598));
#834=EDGE_LOOP('',(#3599,#3600,#3601,#3602,#3603,#3604));
#835=EDGE_LOOP('',(#3605,#3606,#3607,#3608,#3609,#3610,#3611,#3612));
#836=EDGE_LOOP('',(#3613));
#837=EDGE_LOOP('',(#3614,#3615,#3616,#3617,#3618,#3619,#3620,#3621));
#838=EDGE_LOOP('',(#3622));
#839=EDGE_LOOP('',(#3623,#3624,#3625,#3626));
#840=EDGE_LOOP('',(#3627,#3628,#3629,#3630));
#841=EDGE_LOOP('',(#3631,#3632,#3633,#3634));
#842=EDGE_LOOP('',(#3635,#3636,#3637,#3638));
#843=EDGE_LOOP('',(#3639,#3640,#3641,#3642));
#844=EDGE_LOOP('',(#3643,#3644,#3645,#3646));
#845=EDGE_LOOP('',(#3647,#3648,#3649,#3650));
#846=EDGE_LOOP('',(#3651,#3652,#3653,#3654));
#847=EDGE_LOOP('',(#3655,#3656,#3657,#3658));
#848=EDGE_LOOP('',(#3659,#3660,#3661,#3662));
#849=EDGE_LOOP('',(#3663,#3664,#3665,#3666,#3667,#3668,#3669,#3670,#3671));
#850=EDGE_LOOP('',(#3672));
#851=EDGE_LOOP('',(#3673,#3674,#3675,#3676));
#852=EDGE_LOOP('',(#3677,#3678,#3679,#3680));
#853=EDGE_LOOP('',(#3681,#3682,#3683,#3684));
#854=EDGE_LOOP('',(#3685,#3686,#3687,#3688));
#855=EDGE_LOOP('',(#3689,#3690,#3691,#3692,#3693,#3694,#3695,#3696,#3697,
#3698,#3699,#3700,#3701,#3702,#3703,#3704,#3705,#3706,#3707,#3708,#3709,
#3710,#3711,#3712));
#856=EDGE_LOOP('',(#3713,#3714,#3715,#3716,#3717,#3718));
#857=EDGE_LOOP('',(#3719,#3720,#3721,#3722));
#858=EDGE_LOOP('',(#3723,#3724,#3725,#3726));
#859=EDGE_LOOP('',(#3727,#3728,#3729,#3730));
#860=EDGE_LOOP('',(#3731,#3732,#3733,#3734));
#861=EDGE_LOOP('',(#3735,#3736,#3737,#3738));
#862=EDGE_LOOP('',(#3739,#3740,#3741,#3742));
#863=EDGE_LOOP('',(#3743,#3744,#3745,#3746));
#864=EDGE_LOOP('',(#3747,#3748,#3749,#3750));
#865=EDGE_LOOP('',(#3751,#3752,#3753,#3754));
#866=EDGE_LOOP('',(#3755,#3756,#3757,#3758));
#867=EDGE_LOOP('',(#3759));
#868=EDGE_LOOP('',(#3760));
#869=EDGE_LOOP('',(#3761,#3762,#3763));
#870=EDGE_LOOP('',(#3764,#3765,#3766,#3767));
#871=EDGE_LOOP('',(#3768,#3769,#3770,#3771));
#872=EDGE_LOOP('',(#3772,#3773,#3774,#3775));
#873=EDGE_LOOP('',(#3776,#3777,#3778,#3779));
#874=EDGE_LOOP('',(#3780,#3781,#3782,#3783));
#875=EDGE_LOOP('',(#3784));
#876=EDGE_LOOP('',(#3785));
#877=EDGE_LOOP('',(#3786));
#878=EDGE_LOOP('',(#3787,#3788,#3789));
#879=EDGE_LOOP('',(#3790,#3791,#3792,#3793));
#880=EDGE_LOOP('',(#3794,#3795,#3796,#3797));
#881=EDGE_LOOP('',(#3798,#3799,#3800,#3801));
#882=EDGE_LOOP('',(#3802,#3803,#3804,#3805));
#883=EDGE_LOOP('',(#3806,#3807,#3808,#3809));
#884=EDGE_LOOP('',(#3810,#3811,#3812,#3813));
#885=EDGE_LOOP('',(#3814,#3815,#3816,#3817));
#886=EDGE_LOOP('',(#3818,#3819,#3820,#3821,#3822,#3823,#3824));
#887=EDGE_LOOP('',(#3825,#3826,#3827,#3828));
#888=EDGE_LOOP('',(#3829,#3830,#3831,#3832,#3833));
#889=EDGE_LOOP('',(#3834,#3835,#3836,#3837,#3838));
#890=EDGE_LOOP('',(#3839,#3840,#3841,#3842,#3843,#3844));
#891=EDGE_LOOP('',(#3845,#3846,#3847,#3848));
#892=EDGE_LOOP('',(#3849,#3850,#3851,#3852,#3853,#3854));
#893=EDGE_LOOP('',(#3855,#3856,#3857,#3858,#3859,#3860));
#894=EDGE_LOOP('',(#3861,#3862,#3863,#3864));
#895=EDGE_LOOP('',(#3865,#3866,#3867,#3868));
#896=EDGE_LOOP('',(#3869,#3870,#3871,#3872));
#897=EDGE_LOOP('',(#3873,#3874,#3875,#3876));
#898=EDGE_LOOP('',(#3877,#3878,#3879,#3880));
#899=EDGE_LOOP('',(#3881,#3882,#3883,#3884));
#900=EDGE_LOOP('',(#3885,#3886,#3887,#3888));
#901=EDGE_LOOP('',(#3889,#3890,#3891,#3892));
#902=EDGE_LOOP('',(#3893,#3894,#3895,#3896));
#903=EDGE_LOOP('',(#3897,#3898,#3899,#3900));
#904=EDGE_LOOP('',(#3901,#3902,#3903,#3904));
#905=EDGE_LOOP('',(#3905,#3906,#3907,#3908));
#906=EDGE_LOOP('',(#3909,#3910,#3911,#3912));
#907=EDGE_LOOP('',(#3913,#3914,#3915,#3916));
#908=EDGE_LOOP('',(#3917,#3918,#3919,#3920));
#909=EDGE_LOOP('',(#3921,#3922,#3923,#3924));
#910=EDGE_LOOP('',(#3925,#3926,#3927,#3928));
#911=EDGE_LOOP('',(#3929,#3930,#3931,#3932));
#912=EDGE_LOOP('',(#3933,#3934,#3935,#3936));
#913=EDGE_LOOP('',(#3937,#3938,#3939,#3940));
#914=EDGE_LOOP('',(#3941,#3942,#3943,#3944));
#915=EDGE_LOOP('',(#3945,#3946,#3947,#3948));
#916=EDGE_LOOP('',(#3949,#3950,#3951,#3952,#3953));
#917=EDGE_LOOP('',(#3954,#3955,#3956,#3957));
#918=EDGE_LOOP('',(#3958,#3959,#3960,#3961));
#919=EDGE_LOOP('',(#3962,#3963,#3964,#3965));
#920=EDGE_LOOP('',(#3966,#3967,#3968,#3969));
#921=EDGE_LOOP('',(#3970,#3971,#3972,#3973));
#922=EDGE_LOOP('',(#3974,#3975,#3976,#3977));
#923=EDGE_LOOP('',(#3978,#3979,#3980,#3981));
#924=EDGE_LOOP('',(#3982,#3983,#3984,#3985));
#925=EDGE_LOOP('',(#3986,#3987,#3988,#3989));
#926=EDGE_LOOP('',(#3990,#3991,#3992,#3993));
#927=EDGE_LOOP('',(#3994,#3995,#3996,#3997));
#928=EDGE_LOOP('',(#3998,#3999,#4000,#4001,#4002,#4003));
#929=EDGE_LOOP('',(#4004,#4005,#4006,#4007));
#930=EDGE_LOOP('',(#4008,#4009,#4010,#4011));
#931=EDGE_LOOP('',(#4012,#4013,#4014,#4015));
#932=EDGE_LOOP('',(#4016,#4017,#4018,#4019,#4020,#4021,#4022,#4023,#4024,
#4025));
#933=EDGE_LOOP('',(#4026,#4027,#4028,#4029,#4030));
#934=EDGE_LOOP('',(#4031,#4032,#4033,#4034,#4035));
#935=EDGE_LOOP('',(#4036,#4037,#4038,#4039,#4040));
#936=EDGE_LOOP('',(#4041));
#937=EDGE_LOOP('',(#4042,#4043,#4044,#4045));
#938=EDGE_LOOP('',(#4046,#4047,#4048,#4049,#4050));
#939=EDGE_LOOP('',(#4051));
#940=EDGE_LOOP('',(#4052,#4053,#4054,#4055,#4056,#4057,#4058,#4059,#4060,
#4061));
#941=EDGE_LOOP('',(#4062,#4063,#4064,#4065,#4066));
#942=EDGE_LOOP('',(#4067,#4068,#4069,#4070,#4071));
#943=EDGE_LOOP('',(#4072,#4073,#4074,#4075,#4076));
#944=EDGE_LOOP('',(#4077));
#945=EDGE_LOOP('',(#4078,#4079,#4080,#4081));
#946=EDGE_LOOP('',(#4082,#4083,#4084,#4085,#4086));
#947=EDGE_LOOP('',(#4087));
#948=EDGE_LOOP('',(#4088,#4089,#4090,#4091));
#949=EDGE_LOOP('',(#4092));
#950=EDGE_LOOP('',(#4093,#4094,#4095,#4096));
#951=EDGE_LOOP('',(#4097,#4098,#4099,#4100));
#952=EDGE_LOOP('',(#4101));
#953=EDGE_LOOP('',(#4102,#4103,#4104,#4105));
#954=EDGE_LOOP('',(#4106,#4107,#4108,#4109));
#955=EDGE_LOOP('',(#4110));
#956=EDGE_LOOP('',(#4111,#4112,#4113,#4114));
#957=EDGE_LOOP('',(#4115,#4116,#4117,#4118));
#958=EDGE_LOOP('',(#4119));
#959=EDGE_LOOP('',(#4120,#4121,#4122,#4123));
#960=EDGE_LOOP('',(#4124,#4125,#4126,#4127));
#961=EDGE_LOOP('',(#4128,#4129,#4130,#4131));
#962=EDGE_LOOP('',(#4132,#4133,#4134,#4135,#4136,#4137));
#963=EDGE_LOOP('',(#4138,#4139,#4140,#4141));
#964=EDGE_LOOP('',(#4142,#4143,#4144,#4145));
#965=EDGE_LOOP('',(#4146,#4147,#4148,#4149));
#966=EDGE_LOOP('',(#4150,#4151,#4152,#4153));
#967=EDGE_LOOP('',(#4154,#4155,#4156,#4157));
#968=EDGE_LOOP('',(#4158,#4159,#4160,#4161));
#969=EDGE_LOOP('',(#4162,#4163,#4164,#4165));
#970=EDGE_LOOP('',(#4166,#4167,#4168,#4169));
#971=EDGE_LOOP('',(#4170,#4171,#4172,#4173));
#972=EDGE_LOOP('',(#4174,#4175,#4176,#4177));
#973=EDGE_LOOP('',(#4178,#4179,#4180,#4181));
#974=EDGE_LOOP('',(#4182,#4183,#4184,#4185));
#975=EDGE_LOOP('',(#4186,#4187,#4188,#4189,#4190));
#976=EDGE_LOOP('',(#4191,#4192,#4193,#4194));
#977=EDGE_LOOP('',(#4195,#4196,#4197,#4198));
#978=EDGE_LOOP('',(#4199,#4200,#4201,#4202));
#979=EDGE_LOOP('',(#4203,#4204,#4205,#4206));
#980=EDGE_LOOP('',(#4207,#4208,#4209,#4210));
#981=EDGE_LOOP('',(#4211,#4212,#4213,#4214));
#982=EDGE_LOOP('',(#4215,#4216,#4217,#4218));
#983=EDGE_LOOP('',(#4219,#4220,#4221,#4222));
#984=EDGE_LOOP('',(#4223,#4224,#4225,#4226));
#985=EDGE_LOOP('',(#4227,#4228,#4229,#4230));
#986=EDGE_LOOP('',(#4231,#4232,#4233,#4234));
#987=EDGE_LOOP('',(#4235,#4236,#4237,#4238));
#988=EDGE_LOOP('',(#4239,#4240,#4241,#4242));
#989=EDGE_LOOP('',(#4243,#4244,#4245,#4246));
#990=EDGE_LOOP('',(#4247,#4248,#4249,#4250));
#991=EDGE_LOOP('',(#4251,#4252,#4253,#4254));
#992=EDGE_LOOP('',(#4255,#4256,#4257,#4258));
#993=EDGE_LOOP('',(#4259));
#994=EDGE_LOOP('',(#4260));
#995=EDGE_LOOP('',(#4261,#4262,#4263,#4264));
#996=EDGE_LOOP('',(#4265,#4266,#4267,#4268));
#997=EDGE_LOOP('',(#4269,#4270,#4271,#4272));
#998=EDGE_LOOP('',(#4273,#4274,#4275,#4276));
#999=EDGE_LOOP('',(#4277,#4278,#4279,#4280));
#1000=EDGE_LOOP('',(#4281,#4282,#4283,#4284));
#1001=EDGE_LOOP('',(#4285,#4286,#4287,#4288));
#1002=EDGE_LOOP('',(#4289,#4290,#4291,#4292));
#1003=EDGE_LOOP('',(#4293,#4294,#4295,#4296));
#1004=EDGE_LOOP('',(#4297));
#1005=EDGE_LOOP('',(#4298));
#1006=EDGE_LOOP('',(#4299,#4300,#4301,#4302));
#1007=EDGE_LOOP('',(#4303,#4304,#4305,#4306,#4307));
#1008=EDGE_LOOP('',(#4308,#4309,#4310,#4311,#4312));
#1009=EDGE_LOOP('',(#4313,#4314,#4315,#4316));
#1010=EDGE_LOOP('',(#4317,#4318,#4319,#4320));
#1011=EDGE_LOOP('',(#4321,#4322,#4323,#4324));
#1012=EDGE_LOOP('',(#4325,#4326,#4327,#4328));
#1013=EDGE_LOOP('',(#4329,#4330,#4331,#4332));
#1014=EDGE_LOOP('',(#4333));
#1015=EDGE_LOOP('',(#4334));
#1016=EDGE_LOOP('',(#4335,#4336));
#1017=EDGE_LOOP('',(#4337));
#1018=EDGE_LOOP('',(#4338));
#1019=EDGE_LOOP('',(#4339,#4340));
#1020=EDGE_LOOP('',(#4341));
#1021=EDGE_LOOP('',(#4342));
#1022=EDGE_LOOP('',(#4343));
#1023=EDGE_LOOP('',(#4344));
#1024=EDGE_LOOP('',(#4345));
#1025=EDGE_LOOP('',(#4346));
#1026=EDGE_LOOP('',(#4347,#4348,#4349,#4350));
#1027=EDGE_LOOP('',(#4351));
#1028=EDGE_LOOP('',(#4352));
#1029=EDGE_LOOP('',(#4353,#4354,#4355,#4356));
#1030=EDGE_LOOP('',(#4357,#4358,#4359,#4360));
#1031=EDGE_LOOP('',(#4361,#4362,#4363,#4364));
#1032=EDGE_LOOP('',(#4365,#4366,#4367,#4368));
#1033=EDGE_LOOP('',(#4369,#4370,#4371,#4372));
#1034=EDGE_LOOP('',(#4373,#4374,#4375,#4376));
#1035=EDGE_LOOP('',(#4377,#4378,#4379,#4380));
#1036=EDGE_LOOP('',(#4381,#4382,#4383,#4384));
#1037=EDGE_LOOP('',(#4385,#4386,#4387,#4388));
#1038=EDGE_LOOP('',(#4389,#4390,#4391,#4392,#4393,#4394,#4395,#4396,#4397,
#4398,#4399,#4400));
#1039=EDGE_LOOP('',(#4401,#4402,#4403,#4404));
#1040=EDGE_LOOP('',(#4405,#4406,#4407,#4408));
#1041=EDGE_LOOP('',(#4409));
#1042=EDGE_LOOP('',(#4410));
#1043=EDGE_LOOP('',(#4411));
#1044=EDGE_LOOP('',(#4412));
#1045=EDGE_LOOP('',(#4413));
#1046=EDGE_LOOP('',(#4414));
#1047=EDGE_LOOP('',(#4415));
#1048=EDGE_LOOP('',(#4416));
#1049=EDGE_LOOP('',(#4417));
#1050=EDGE_LOOP('',(#4418));
#1051=EDGE_LOOP('',(#4419));
#1052=EDGE_LOOP('',(#4420));
#1053=EDGE_LOOP('',(#4421));
#1054=EDGE_LOOP('',(#4422));
#1055=EDGE_LOOP('',(#4423));
#1056=EDGE_LOOP('',(#4424));
#1057=EDGE_LOOP('',(#4425));
#1058=EDGE_LOOP('',(#4426,#4427,#4428,#4429));
#1059=EDGE_LOOP('',(#4430,#4431,#4432,#4433));
#1060=EDGE_LOOP('',(#4434,#4435,#4436,#4437));
#1061=EDGE_LOOP('',(#4438,#4439,#4440,#4441));
#1062=EDGE_LOOP('',(#4442,#4443,#4444,#4445));
#1063=EDGE_LOOP('',(#4446,#4447,#4448,#4449));
#1064=EDGE_LOOP('',(#4450,#4451,#4452,#4453));
#1065=EDGE_LOOP('',(#4454,#4455,#4456,#4457));
#1066=EDGE_LOOP('',(#4458,#4459,#4460,#4461));
#1067=EDGE_LOOP('',(#4462,#4463,#4464,#4465));
#1068=EDGE_LOOP('',(#4466,#4467,#4468,#4469));
#1069=EDGE_LOOP('',(#4470,#4471,#4472,#4473));
#1070=EDGE_LOOP('',(#4474));
#1071=EDGE_LOOP('',(#4475));
#1072=EDGE_LOOP('',(#4476));
#1073=EDGE_LOOP('',(#4477));
#1074=EDGE_LOOP('',(#4478));
#1075=EDGE_LOOP('',(#4479));
#1076=LINE('',#6910,#1537);
#1077=LINE('',#6912,#1538);
#1078=LINE('',#6914,#1539);
#1079=LINE('',#6915,#1540);
#1080=LINE('',#6918,#1541);
#1081=LINE('',#6920,#1542);
#1082=LINE('',#6922,#1543);
#1083=LINE('',#6924,#1544);
#1084=LINE('',#6926,#1545);
#1085=LINE('',#6928,#1546);
#1086=LINE('',#6929,#1547);
#1087=LINE('',#6933,#1548);
#1088=LINE('',#6935,#1549);
#1089=LINE('',#6937,#1550);
#1090=LINE('',#6938,#1551);
#1091=LINE('',#6941,#1552);
#1092=LINE('',#6942,#1553);
#1093=LINE('',#6945,#1554);
#1094=LINE('',#6946,#1555);
#1095=LINE('',#6949,#1556);
#1096=LINE('',#6951,#1557);
#1097=LINE('',#6952,#1558);
#1098=LINE('',#6956,#1559);
#1099=LINE('',#6958,#1560);
#1100=LINE('',#6960,#1561);
#1101=LINE('',#6961,#1562);
#1102=LINE('',#6965,#1563);
#1103=LINE('',#6967,#1564);
#1104=LINE('',#6969,#1565);
#1105=LINE('',#6970,#1566);
#1106=LINE('',#6974,#1567);
#1107=LINE('',#6980,#1568);
#1108=LINE('',#6981,#1569);
#1109=LINE('',#6982,#1570);
#1110=LINE('',#6986,#1571);
#1111=LINE('',#6992,#1572);
#1112=LINE('',#6993,#1573);
#1113=LINE('',#6994,#1574);
#1114=LINE('',#6998,#1575);
#1115=LINE('',#7004,#1576);
#1116=LINE('',#7005,#1577);
#1117=LINE('',#7006,#1578);
#1118=LINE('',#7010,#1579);
#1119=LINE('',#7015,#1580);
#1120=LINE('',#7017,#1581);
#1121=LINE('',#7018,#1582);
#1122=LINE('',#7023,#1583);
#1123=LINE('',#7029,#1584);
#1124=LINE('',#7033,#1585);
#1125=LINE('',#7035,#1586);
#1126=LINE('',#7043,#1587);
#1127=LINE('',#7047,#1588);
#1128=LINE('',#7048,#1589);
#1129=LINE('',#7050,#1590);
#1130=LINE('',#7052,#1591);
#1131=LINE('',#7054,#1592);
#1132=LINE('',#7056,#1593);
#1133=LINE('',#7058,#1594);
#1134=LINE('',#7062,#1595);
#1135=LINE('',#7064,#1596);
#1136=LINE('',#7066,#1597);
#1137=LINE('',#7068,#1598);
#1138=LINE('',#7070,#1599);
#1139=LINE('',#7071,#1600);
#1140=LINE('',#7074,#1601);
#1141=LINE('',#7076,#1602);
#1142=LINE('',#7078,#1603);
#1143=LINE('',#7080,#1604);
#1144=LINE('',#7082,#1605);
#1145=LINE('',#7083,#1606);
#1146=LINE('',#7086,#1607);
#1147=LINE('',#7099,#1608);
#1148=LINE('',#7103,#1609);
#1149=LINE('',#7105,#1610);
#1150=LINE('',#7107,#1611);
#1151=LINE('',#7109,#1612);
#1152=LINE('',#7111,#1613);
#1153=LINE('',#7112,#1614);
#1154=LINE('',#7119,#1615);
#1155=LINE('',#7123,#1616);
#1156=LINE('',#7124,#1617);
#1157=LINE('',#7127,#1618);
#1158=LINE('',#7131,#1619);
#1159=LINE('',#7132,#1620);
#1160=LINE('',#7135,#1621);
#1161=LINE('',#7137,#1622);
#1162=LINE('',#7139,#1623);
#1163=LINE('',#7140,#1624);
#1164=LINE('',#7143,#1625);
#1165=LINE('',#7147,#1626);
#1166=LINE('',#7148,#1627);
#1167=LINE('',#7151,#1628);
#1168=LINE('',#7155,#1629);
#1169=LINE('',#7156,#1630);
#1170=LINE('',#7167,#1631);
#1171=LINE('',#7169,#1632);
#1172=LINE('',#7171,#1633);
#1173=LINE('',#7172,#1634);
#1174=LINE('',#7177,#1635);
#1175=LINE('',#7181,#1636);
#1176=LINE('',#7183,#1637);
#1177=LINE('',#7184,#1638);
#1178=LINE('',#7189,#1639);
#1179=LINE('',#7193,#1640);
#1180=LINE('',#7195,#1641);
#1181=LINE('',#7196,#1642);
#1182=LINE('',#7201,#1643);
#1183=LINE('',#7205,#1644);
#1184=LINE('',#7207,#1645);
#1185=LINE('',#7208,#1646);
#1186=LINE('',#7211,#1647);
#1187=LINE('',#7216,#1648);
#1188=LINE('',#7217,#1649);
#1189=LINE('',#7221,#1650);
#1190=LINE('',#7226,#1651);
#1191=LINE('',#7230,#1652);
#1192=LINE('',#7232,#1653);
#1193=LINE('',#7233,#1654);
#1194=LINE('',#7234,#1655);
#1195=LINE('',#7237,#1656);
#1196=LINE('',#7241,#1657);
#1197=LINE('',#7242,#1658);
#1198=LINE('',#7262,#1659);
#1199=LINE('',#7264,#1660);
#1200=LINE('',#7265,#1661);
#1201=LINE('',#7267,#1662);
#1202=LINE('',#7270,#1663);
#1203=LINE('',#7272,#1664);
#1204=LINE('',#7280,#1665);
#1205=LINE('',#7282,#1666);
#1206=LINE('',#7284,#1667);
#1207=LINE('',#7286,#1668);
#1208=LINE('',#7288,#1669);
#1209=LINE('',#7289,#1670);
#1210=LINE('',#7293,#1671);
#1211=LINE('',#7295,#1672);
#1212=LINE('',#7297,#1673);
#1213=LINE('',#7298,#1674);
#1214=LINE('',#7302,#1675);
#1215=LINE('',#7308,#1676);
#1216=LINE('',#7309,#1677);
#1217=LINE('',#7310,#1678);
#1218=LINE('',#7315,#1679);
#1219=LINE('',#7321,#1680);
#1220=LINE('',#7326,#1681);
#1221=LINE('',#7330,#1682);
#1222=LINE('',#7331,#1683);
#1223=LINE('',#7333,#1684);
#1224=LINE('',#7335,#1685);
#1225=LINE('',#7336,#1686);
#1226=LINE('',#7342,#1687);
#1227=LINE('',#7343,#1688);
#1228=LINE('',#7346,#1689);
#1229=LINE('',#7348,#1690);
#1230=LINE('',#7350,#1691);
#1231=LINE('',#7351,#1692);
#1232=LINE('',#7356,#1693);
#1233=LINE('',#7361,#1694);
#1234=LINE('',#7362,#1695);
#1235=LINE('',#7363,#1696);
#1236=LINE('',#7367,#1697);
#1237=LINE('',#7373,#1698);
#1238=LINE('',#7378,#1699);
#1239=LINE('',#7382,#1700);
#1240=LINE('',#7384,#1701);
#1241=LINE('',#7394,#1702);
#1242=LINE('',#7402,#1703);
#1243=LINE('',#7403,#1704);
#1244=LINE('',#7407,#1705);
#1245=LINE('',#7410,#1706);
#1246=LINE('',#7412,#1707);
#1247=LINE('',#7413,#1708);
#1248=LINE('',#7424,#1709);
#1249=LINE('',#7427,#1710);
#1250=LINE('',#7429,#1711);
#1251=LINE('',#7432,#1712);
#1252=LINE('',#7433,#1713);
#1253=LINE('',#7436,#1714);
#1254=LINE('',#7437,#1715);
#1255=LINE('',#7440,#1716);
#1256=LINE('',#7442,#1717);
#1257=LINE('',#7444,#1718);
#1258=LINE('',#7445,#1719);
#1259=LINE('',#7448,#1720);
#1260=LINE('',#7452,#1721);
#1261=LINE('',#7454,#1722);
#1262=LINE('',#7456,#1723);
#1263=LINE('',#7467,#1724);
#1264=LINE('',#7469,#1725);
#1265=LINE('',#7470,#1726);
#1266=LINE('',#7476,#1727);
#1267=LINE('',#7479,#1728);
#1268=LINE('',#7496,#1729);
#1269=LINE('',#7500,#1730);
#1270=LINE('',#7501,#1731);
#1271=LINE('',#7504,#1732);
#1272=LINE('',#7508,#1733);
#1273=LINE('',#7511,#1734);
#1274=LINE('',#7512,#1735);
#1275=LINE('',#7515,#1736);
#1276=LINE('',#7518,#1737);
#1277=LINE('',#7519,#1738);
#1278=LINE('',#7526,#1739);
#1279=LINE('',#7528,#1740);
#1280=LINE('',#7532,#1741);
#1281=LINE('',#7538,#1742);
#1282=LINE('',#7542,#1743);
#1283=LINE('',#7543,#1744);
#1284=LINE('',#7547,#1745);
#1285=LINE('',#7549,#1746);
#1286=LINE('',#7551,#1747);
#1287=LINE('',#7554,#1748);
#1288=LINE('',#7557,#1749);
#1289=LINE('',#7560,#1750);
#1290=LINE('',#7562,#1751);
#1291=LINE('',#7563,#1752);
#1292=LINE('',#7567,#1753);
#1293=LINE('',#7570,#1754);
#1294=LINE('',#7571,#1755);
#1295=LINE('',#7574,#1756);
#1296=LINE('',#7576,#1757);
#1297=LINE('',#7578,#1758);
#1298=LINE('',#7579,#1759);
#1299=LINE('',#7583,#1760);
#1300=LINE('',#7585,#1761);
#1301=LINE('',#7588,#1762);
#1302=LINE('',#7589,#1763);
#1303=LINE('',#7591,#1764);
#1304=LINE('',#7593,#1765);
#1305=LINE('',#7595,#1766);
#1306=LINE('',#7597,#1767);
#1307=LINE('',#7603,#1768);
#1308=LINE('',#7606,#1769);
#1309=LINE('',#7609,#1770);
#1310=LINE('',#7613,#1771);
#1311=LINE('',#7617,#1772);
#1312=LINE('',#7621,#1773);
#1313=LINE('',#7625,#1774);
#1314=LINE('',#7629,#1775);
#1315=LINE('',#7633,#1776);
#1316=LINE('',#7637,#1777);
#1317=LINE('',#7640,#1778);
#1318=LINE('',#7641,#1779);
#1319=LINE('',#7642,#1780);
#1320=LINE('',#7643,#1781);
#1321=LINE('',#7647,#1782);
#1322=LINE('',#7648,#1783);
#1323=LINE('',#7651,#1784);
#1324=LINE('',#7653,#1785);
#1325=LINE('',#7655,#1786);
#1326=LINE('',#7656,#1787);
#1327=LINE('',#7659,#1788);
#1328=LINE('',#7661,#1789);
#1329=LINE('',#7663,#1790);
#1330=LINE('',#7664,#1791);
#1331=LINE('',#7669,#1792);
#1332=LINE('',#7671,#1793);
#1333=LINE('',#7672,#1794);
#1334=LINE('',#7677,#1795);
#1335=LINE('',#7679,#1796);
#1336=LINE('',#7680,#1797);
#1337=LINE('',#7683,#1798);
#1338=LINE('',#7685,#1799);
#1339=LINE('',#7687,#1800);
#1340=LINE('',#7688,#1801);
#1341=LINE('',#7690,#1802);
#1342=LINE('',#7693,#1803);
#1343=LINE('',#7694,#1804);
#1344=LINE('',#7697,#1805);
#1345=LINE('',#7702,#1806);
#1346=LINE('',#7711,#1807);
#1347=LINE('',#7712,#1808);
#1348=LINE('',#7715,#1809);
#1349=LINE('',#7717,#1810);
#1350=LINE('',#7718,#1811);
#1351=LINE('',#7721,#1812);
#1352=LINE('',#7724,#1813);
#1353=LINE('',#7727,#1814);
#1354=LINE('',#7731,#1815);
#1355=LINE('',#7738,#1816);
#1356=LINE('',#7742,#1817);
#1357=LINE('',#7744,#1818);
#1358=LINE('',#7745,#1819);
#1359=LINE('',#7748,#1820);
#1360=LINE('',#7750,#1821);
#1361=LINE('',#7751,#1822);
#1362=LINE('',#7754,#1823);
#1363=LINE('',#7756,#1824);
#1364=LINE('',#7757,#1825);
#1365=LINE('',#7760,#1826);
#1366=LINE('',#7762,#1827);
#1367=LINE('',#7763,#1828);
#1368=LINE('',#7768,#1829);
#1369=LINE('',#7816,#1830);
#1370=LINE('',#7819,#1831);
#1371=LINE('',#7820,#1832);
#1372=LINE('',#7826,#1833);
#1373=LINE('',#7827,#1834);
#1374=LINE('',#7830,#1835);
#1375=LINE('',#7832,#1836);
#1376=LINE('',#7835,#1837);
#1377=LINE('',#7838,#1838);
#1378=LINE('',#7840,#1839);
#1379=LINE('',#7842,#1840);
#1380=LINE('',#7844,#1841);
#1381=LINE('',#7846,#1842);
#1382=LINE('',#7848,#1843);
#1383=LINE('',#7850,#1844);
#1384=LINE('',#7852,#1845);
#1385=LINE('',#7854,#1846);
#1386=LINE('',#7856,#1847);
#1387=LINE('',#7858,#1848);
#1388=LINE('',#7860,#1849);
#1389=LINE('',#7863,#1850);
#1390=LINE('',#7865,#1851);
#1391=LINE('',#7887,#1852);
#1392=LINE('',#7897,#1853);
#1393=LINE('',#7900,#1854);
#1394=LINE('',#7901,#1855);
#1395=LINE('',#7912,#1856);
#1396=LINE('',#7944,#1857);
#1397=LINE('',#7945,#1858);
#1398=LINE('',#7948,#1859);
#1399=LINE('',#7949,#1860);
#1400=LINE('',#7952,#1861);
#1401=LINE('',#7963,#1862);
#1402=LINE('',#7965,#1863);
#1403=LINE('',#7966,#1864);
#1404=LINE('',#7969,#1865);
#1405=LINE('',#7970,#1866);
#1406=LINE('',#7973,#1867);
#1407=LINE('',#7974,#1868);
#1408=LINE('',#7976,#1869);
#1409=LINE('',#7979,#1870);
#1410=LINE('',#7981,#1871);
#1411=LINE('',#7982,#1872);
#1412=LINE('',#7985,#1873);
#1413=LINE('',#7986,#1874);
#1414=LINE('',#7989,#1875);
#1415=LINE('',#7990,#1876);
#1416=LINE('',#7992,#1877);
#1417=LINE('',#7996,#1878);
#1418=LINE('',#8004,#1879);
#1419=LINE('',#8008,#1880);
#1420=LINE('',#8009,#1881);
#1421=LINE('',#8011,#1882);
#1422=LINE('',#8013,#1883);
#1423=LINE('',#8104,#1884);
#1424=LINE('',#8105,#1885);
#1425=LINE('',#8106,#1886);
#1426=LINE('',#8111,#1887);
#1427=LINE('',#8112,#1888);
#1428=LINE('',#8115,#1889);
#1429=LINE('',#8116,#1890);
#1430=LINE('',#8122,#1891);
#1431=LINE('',#8124,#1892);
#1432=LINE('',#8126,#1893);
#1433=LINE('',#8130,#1894);
#1434=LINE('',#8131,#1895);
#1435=LINE('',#8220,#1896);
#1436=LINE('',#8222,#1897);
#1437=LINE('',#8223,#1898);
#1438=LINE('',#8228,#1899);
#1439=LINE('',#8229,#1900);
#1440=LINE('',#8232,#1901);
#1441=LINE('',#8233,#1902);
#1442=LINE('',#8238,#1903);
#1443=LINE('',#8240,#1904);
#1444=LINE('',#8241,#1905);
#1445=LINE('',#8246,#1906);
#1446=LINE('',#8247,#1907);
#1447=LINE('',#8250,#1908);
#1448=LINE('',#8251,#1909);
#1449=LINE('',#8255,#1910);
#1450=LINE('',#8258,#1911);
#1451=LINE('',#8260,#1912);
#1452=LINE('',#8261,#1913);
#1453=LINE('',#8266,#1914);
#1454=LINE('',#8267,#1915);
#1455=LINE('',#8270,#1916);
#1456=LINE('',#8271,#1917);
#1457=LINE('',#8275,#1918);
#1458=LINE('',#8279,#1919);
#1459=LINE('',#8283,#1920);
#1460=LINE('',#8286,#1921);
#1461=LINE('',#8291,#1922);
#1462=LINE('',#8294,#1923);
#1463=LINE('',#8298,#1924);
#1464=LINE('',#8300,#1925);
#1465=LINE('',#8301,#1926);
#1466=LINE('',#8304,#1927);
#1467=LINE('',#8305,#1928);
#1468=LINE('',#8308,#1929);
#1469=LINE('',#8309,#1930);
#1470=LINE('',#8311,#1931);
#1471=LINE('',#8314,#1932);
#1472=LINE('',#8316,#1933);
#1473=LINE('',#8317,#1934);
#1474=LINE('',#8320,#1935);
#1475=LINE('',#8321,#1936);
#1476=LINE('',#8324,#1937);
#1477=LINE('',#8325,#1938);
#1478=LINE('',#8327,#1939);
#1479=LINE('',#8339,#1940);
#1480=LINE('',#8353,#1941);
#1481=LINE('',#8356,#1942);
#1482=LINE('',#8359,#1943);
#1483=LINE('',#8382,#1944);
#1484=LINE('',#8385,#1945);
#1485=LINE('',#8387,#1946);
#1486=LINE('',#8390,#1947);
#1487=LINE('',#8396,#1948);
#1488=LINE('',#8401,#1949);
#1489=LINE('',#8405,#1950);
#1490=LINE('',#8409,#1951);
#1491=LINE('',#8416,#1952);
#1492=LINE('',#8420,#1953);
#1493=LINE('',#8424,#1954);
#1494=LINE('',#8428,#1955);
#1495=LINE('',#8432,#1956);
#1496=LINE('',#8436,#1957);
#1497=LINE('',#8440,#1958);
#1498=LINE('',#8444,#1959);
#1499=LINE('',#8448,#1960);
#1500=LINE('',#8454,#1961);
#1501=LINE('',#8456,#1962);
#1502=LINE('',#8457,#1963);
#1503=LINE('',#8460,#1964);
#1504=LINE('',#8466,#1965);
#1505=LINE('',#8471,#1966);
#1506=LINE('',#8474,#1967);
#1507=LINE('',#8477,#1968);
#1508=LINE('',#8480,#1969);
#1509=LINE('',#8481,#1970);
#1510=LINE('',#8484,#1971);
#1511=LINE('',#8485,#1972);
#1512=LINE('',#8502,#1973);
#1513=LINE('',#8510,#1974);
#1514=LINE('',#8514,#1975);
#1515=LINE('',#8518,#1976);
#1516=LINE('',#8522,#1977);
#1517=LINE('',#8526,#1978);
#1518=LINE('',#8530,#1979);
#1519=LINE('',#8534,#1980);
#1520=LINE('',#8538,#1981);
#1521=LINE('',#8540,#1982);
#1522=LINE('',#8544,#1983);
#1523=LINE('',#8545,#1984);
#1524=LINE('',#8549,#1985);
#1525=LINE('',#8574,#1986);
#1526=LINE('',#8578,#1987);
#1527=LINE('',#8582,#1988);
#1528=LINE('',#8586,#1989);
#1529=LINE('',#8590,#1990);
#1530=LINE('',#8594,#1991);
#1531=LINE('',#8598,#1992);
#1532=LINE('',#8602,#1993);
#1533=LINE('',#8606,#1994);
#1534=LINE('',#8610,#1995);
#1535=LINE('',#8614,#1996);
#1536=LINE('',#8618,#1997);
#1537=VECTOR('',#5457,10.);
#1538=VECTOR('',#5458,10.);
#1539=VECTOR('',#5459,10.);
#1540=VECTOR('',#5460,10.);
#1541=VECTOR('',#5463,10.);
#1542=VECTOR('',#5464,10.);
#1543=VECTOR('',#5465,10.);
#1544=VECTOR('',#5466,10.);
#1545=VECTOR('',#5467,10.);
#1546=VECTOR('',#5468,10.);
#1547=VECTOR('',#5469,10.);
#1548=VECTOR('',#5472,10.);
#1549=VECTOR('',#5473,10.);
#1550=VECTOR('',#5474,10.);
#1551=VECTOR('',#5475,10.);
#1552=VECTOR('',#5478,10.);
#1553=VECTOR('',#5479,10.);
#1554=VECTOR('',#5482,10.);
#1555=VECTOR('',#5483,10.);
#1556=VECTOR('',#5486,10.);
#1557=VECTOR('',#5487,10.);
#1558=VECTOR('',#5488,10.);
#1559=VECTOR('',#5491,10.);
#1560=VECTOR('',#5492,10.);
#1561=VECTOR('',#5493,10.);
#1562=VECTOR('',#5494,10.);
#1563=VECTOR('',#5497,10.);
#1564=VECTOR('',#5498,10.);
#1565=VECTOR('',#5499,10.);
#1566=VECTOR('',#5500,10.);
#1567=VECTOR('',#5503,10.);
#1568=VECTOR('',#5510,10.);
#1569=VECTOR('',#5511,10.);
#1570=VECTOR('',#5512,10.);
#1571=VECTOR('',#5515,10.);
#1572=VECTOR('',#5522,10.);
#1573=VECTOR('',#5523,10.);
#1574=VECTOR('',#5524,10.);
#1575=VECTOR('',#5527,10.);
#1576=VECTOR('',#5534,10.);
#1577=VECTOR('',#5535,10.);
#1578=VECTOR('',#5536,10.);
#1579=VECTOR('',#5539,10.);
#1580=VECTOR('',#5546,10.);
#1581=VECTOR('',#5547,10.);
#1582=VECTOR('',#5548,10.);
#1583=VECTOR('',#5553,10.);
#1584=VECTOR('',#5560,10.);
#1585=VECTOR('',#5565,10.);
#1586=VECTOR('',#5566,10.);
#1587=VECTOR('',#5571,10.);
#1588=VECTOR('',#5576,10.);
#1589=VECTOR('',#5577,10.);
#1590=VECTOR('',#5580,10.);
#1591=VECTOR('',#5581,10.);
#1592=VECTOR('',#5582,10.);
#1593=VECTOR('',#5583,10.);
#1594=VECTOR('',#5584,10.);
#1595=VECTOR('',#5587,10.);
#1596=VECTOR('',#5588,10.);
#1597=VECTOR('',#5589,10.);
#1598=VECTOR('',#5590,10.);
#1599=VECTOR('',#5591,10.);
#1600=VECTOR('',#5592,10.);
#1601=VECTOR('',#5593,10.);
#1602=VECTOR('',#5594,10.);
#1603=VECTOR('',#5595,10.);
#1604=VECTOR('',#5596,10.);
#1605=VECTOR('',#5597,10.);
#1606=VECTOR('',#5598,10.);
#1607=VECTOR('',#5601,10.);
#1608=VECTOR('',#5604,10.);
#1609=VECTOR('',#5609,1.);
#1610=VECTOR('',#5610,1.);
#1611=VECTOR('',#5611,1.);
#1612=VECTOR('',#5612,10.);
#1613=VECTOR('',#5613,10.);
#1614=VECTOR('',#5614,10.);
#1615=VECTOR('',#5621,1.);
#1616=VECTOR('',#5626,1.);
#1617=VECTOR('',#5627,1.00000000000064);
#1618=VECTOR('',#5630,1.);
#1619=VECTOR('',#5635,1.);
#1620=VECTOR('',#5636,1.);
#1621=VECTOR('',#5637,1.);
#1622=VECTOR('',#5638,1.);
#1623=VECTOR('',#5639,1.);
#1624=VECTOR('',#5640,1.);
#1625=VECTOR('',#5643,1.);
#1626=VECTOR('',#5648,1.);
#1627=VECTOR('',#5649,1.00000000000064);
#1628=VECTOR('',#5652,1.);
#1629=VECTOR('',#5657,1.);
#1630=VECTOR('',#5658,1.);
#1631=VECTOR('',#5665,10.);
#1632=VECTOR('',#5666,10.);
#1633=VECTOR('',#5667,10.);
#1634=VECTOR('',#5668,10.);
#1635=VECTOR('',#5673,10.);
#1636=VECTOR('',#5678,10.);
#1637=VECTOR('',#5679,10.);
#1638=VECTOR('',#5680,10.);
#1639=VECTOR('',#5685,10.);
#1640=VECTOR('',#5690,10.);
#1641=VECTOR('',#5691,10.);
#1642=VECTOR('',#5692,10.);
#1643=VECTOR('',#5697,10.);
#1644=VECTOR('',#5702,10.);
#1645=VECTOR('',#5703,10.);
#1646=VECTOR('',#5704,10.);
#1647=VECTOR('',#5707,10.);
#1648=VECTOR('',#5714,10.);
#1649=VECTOR('',#5715,10.);
#1650=VECTOR('',#5718,10.);
#1651=VECTOR('',#5725,10.);
#1652=VECTOR('',#5732,10.);
#1653=VECTOR('',#5735,10.);
#1654=VECTOR('',#5736,10.);
#1655=VECTOR('',#5737,10.);
#1656=VECTOR('',#5740,10.);
#1657=VECTOR('',#5745,10.);
#1658=VECTOR('',#5746,10.);
#1659=VECTOR('',#5763,10.);
#1660=VECTOR('',#5764,10.);
#1661=VECTOR('',#5765,10.);
#1662=VECTOR('',#5768,10.);
#1663=VECTOR('',#5771,10.);
#1664=VECTOR('',#5772,10.);
#1665=VECTOR('',#5779,10.);
#1666=VECTOR('',#5780,10.);
#1667=VECTOR('',#5781,10.);
#1668=VECTOR('',#5782,20.);
#1669=VECTOR('',#5783,10.);
#1670=VECTOR('',#5784,10.);
#1671=VECTOR('',#5787,10.);
#1672=VECTOR('',#5788,10.);
#1673=VECTOR('',#5789,10.);
#1674=VECTOR('',#5790,10.);
#1675=VECTOR('',#5793,10.);
#1676=VECTOR('',#5800,10.);
#1677=VECTOR('',#5801,10.);
#1678=VECTOR('',#5802,10.);
#1679=VECTOR('',#5807,10.);
#1680=VECTOR('',#5814,10.);
#1681=VECTOR('',#5821,10.);
#1682=VECTOR('',#5826,10.);
#1683=VECTOR('',#5827,10.);
#1684=VECTOR('',#5830,10.);
#1685=VECTOR('',#5833,1.);
#1686=VECTOR('',#5834,1.);
#1687=VECTOR('',#5841,10.);
#1688=VECTOR('',#5842,10.);
#1689=VECTOR('',#5845,10.);
#1690=VECTOR('',#5846,10.);
#1691=VECTOR('',#5847,10.);
#1692=VECTOR('',#5848,10.);
#1693=VECTOR('',#5853,10.);
#1694=VECTOR('',#5858,10.);
#1695=VECTOR('',#5859,10.);
#1696=VECTOR('',#5860,10.);
#1697=VECTOR('',#5863,10.);
#1698=VECTOR('',#5870,10.);
#1699=VECTOR('',#5877,10.);
#1700=VECTOR('',#5884,10.);
#1701=VECTOR('',#5887,1.);
#1702=VECTOR('',#5898,10.);
#1703=VECTOR('',#5907,10.);
#1704=VECTOR('',#5908,10.);
#1705=VECTOR('',#5913,10.);
#1706=VECTOR('',#5916,10.);
#1707=VECTOR('',#5917,10.);
#1708=VECTOR('',#5918,10.);
#1709=VECTOR('',#5927,10.);
#1710=VECTOR('',#5930,10.);
#1711=VECTOR('',#5933,10.);
#1712=VECTOR('',#5936,1.);
#1713=VECTOR('',#5937,1.);
#1714=VECTOR('',#5940,1.);
#1715=VECTOR('',#5941,10.);
#1716=VECTOR('',#5944,10.);
#1717=VECTOR('',#5945,1.);
#1718=VECTOR('',#5946,1.);
#1719=VECTOR('',#5947,1.00000000000064);
#1720=VECTOR('',#5950,10.);
#1721=VECTOR('',#5953,1.);
#1722=VECTOR('',#5954,10.);
#1723=VECTOR('',#5955,10.);
#1724=VECTOR('',#5958,10.);
#1725=VECTOR('',#5959,1.);
#1726=VECTOR('',#5960,1.00000000000064);
#1727=VECTOR('',#5965,10.);
#1728=VECTOR('',#5968,10.);
#1729=VECTOR('',#5979,10.);
#1730=VECTOR('',#5984,10.);
#1731=VECTOR('',#5985,1.);
#1732=VECTOR('',#5988,10.);
#1733=VECTOR('',#5991,10.);
#1734=VECTOR('',#5994,10.);
#1735=VECTOR('',#5995,10.);
#1736=VECTOR('',#5998,10.);
#1737=VECTOR('',#6003,10.);
#1738=VECTOR('',#6004,1.);
#1739=VECTOR('',#6013,10.);
#1740=VECTOR('',#6014,1.);
#1741=VECTOR('',#6017,1.00000000000063);
#1742=VECTOR('',#6024,1.00000000000063);
#1743=VECTOR('',#6027,10.);
#1744=VECTOR('',#6028,10.);
#1745=VECTOR('',#6033,10.);
#1746=VECTOR('',#6036,1.);
#1747=VECTOR('',#6039,1.);
#1748=VECTOR('',#6042,1.);
#1749=VECTOR('',#6045,1.);
#1750=VECTOR('',#6048,1.);
#1751=VECTOR('',#6049,1.00000000000064);
#1752=VECTOR('',#6050,1.);
#1753=VECTOR('',#6055,1.);
#1754=VECTOR('',#6058,1.);
#1755=VECTOR('',#6059,1.);
#1756=VECTOR('',#6060,1.);
#1757=VECTOR('',#6061,1.);
#1758=VECTOR('',#6062,1.);
#1759=VECTOR('',#6063,1.);
#1760=VECTOR('',#6068,1.);
#1761=VECTOR('',#6071,1.00000000000064);
#1762=VECTOR('',#6074,1.);
#1763=VECTOR('',#6075,10.);
#1764=VECTOR('',#6076,1.00000000000064);
#1765=VECTOR('',#6077,1.);
#1766=VECTOR('',#6078,1.00000000000064);
#1767=VECTOR('',#6079,1.);
#1768=VECTOR('',#6088,1.);
#1769=VECTOR('',#6093,1.);
#1770=VECTOR('',#6096,1.);
#1771=VECTOR('',#6099,1.00000000000064);
#1772=VECTOR('',#6102,1.);
#1773=VECTOR('',#6105,1.00000000000064);
#1774=VECTOR('',#6108,1.);
#1775=VECTOR('',#6111,1.00000000000064);
#1776=VECTOR('',#6114,1.);
#1777=VECTOR('',#6117,1.00000000000064);
#1778=VECTOR('',#6120,1.);
#1779=VECTOR('',#6121,10.);
#1780=VECTOR('',#6122,1.);
#1781=VECTOR('',#6123,1.);
#1782=VECTOR('',#6126,10.);
#1783=VECTOR('',#6127,1.);
#1784=VECTOR('',#6128,1.);
#1785=VECTOR('',#6129,1.);
#1786=VECTOR('',#6130,1.);
#1787=VECTOR('',#6131,1.);
#1788=VECTOR('',#6132,1.);
#1789=VECTOR('',#6133,1.);
#1790=VECTOR('',#6134,1.);
#1791=VECTOR('',#6135,1.);
#1792=VECTOR('',#6138,1.);
#1793=VECTOR('',#6139,1.);
#1794=VECTOR('',#6140,1.);
#1795=VECTOR('',#6143,1.);
#1796=VECTOR('',#6144,1.);
#1797=VECTOR('',#6145,1.);
#1798=VECTOR('',#6146,10.);
#1799=VECTOR('',#6147,10.);
#1800=VECTOR('',#6148,10.);
#1801=VECTOR('',#6149,10.);
#1802=VECTOR('',#6152,1.00000000000064);
#1803=VECTOR('',#6157,1.);
#1804=VECTOR('',#6158,1.00000000000064);
#1805=VECTOR('',#6161,4.25);
#1806=VECTOR('',#6168,4.);
#1807=VECTOR('',#6177,10.);
#1808=VECTOR('',#6178,10.);
#1809=VECTOR('',#6181,10.);
#1810=VECTOR('',#6182,10.);
#1811=VECTOR('',#6183,10.);
#1812=VECTOR('',#6186,10.);
#1813=VECTOR('',#6191,10.);
#1814=VECTOR('',#6194,2.);
#1815=VECTOR('',#6199,3.825);
#1816=VECTOR('',#6210,3.825);
#1817=VECTOR('',#6215,10.);
#1818=VECTOR('',#6216,10.);
#1819=VECTOR('',#6217,10.);
#1820=VECTOR('',#6220,10.);
#1821=VECTOR('',#6221,10.);
#1822=VECTOR('',#6222,10.);
#1823=VECTOR('',#6225,10.);
#1824=VECTOR('',#6226,10.);
#1825=VECTOR('',#6227,10.);
#1826=VECTOR('',#6230,10.);
#1827=VECTOR('',#6231,10.);
#1828=VECTOR('',#6232,10.);
#1829=VECTOR('',#6237,2.25);
#1830=VECTOR('',#6242,8.);
#1831=VECTOR('',#6245,10.);
#1832=VECTOR('',#6246,10.);
#1833=VECTOR('',#6255,1.);
#1834=VECTOR('',#6256,1.);
#1835=VECTOR('',#6261,10.);
#1836=VECTOR('',#6264,10.);
#1837=VECTOR('',#6269,1.);
#1838=VECTOR('',#6274,1.00000000000032);
#1839=VECTOR('',#6277,1.00000000000032);
#1840=VECTOR('',#6280,1.00000000000032);
#1841=VECTOR('',#6283,1.00000000000064);
#1842=VECTOR('',#6286,1.00000000000032);
#1843=VECTOR('',#6289,1.00000000000064);
#1844=VECTOR('',#6292,1.00000000000064);
#1845=VECTOR('',#6295,1.00000000000032);
#1846=VECTOR('',#6298,1.00000000000064);
#1847=VECTOR('',#6301,1.00000000000032);
#1848=VECTOR('',#6304,1.00000000000032);
#1849=VECTOR('',#6307,1.00000000000064);
#1850=VECTOR('',#6312,1.00000000000032);
#1851=VECTOR('',#6315,1.00000000000064);
#1852=VECTOR('',#6324,1.00000000000065);
#1853=VECTOR('',#6325,1.);
#1854=VECTOR('',#6328,1.00000000000065);
#1855=VECTOR('',#6329,1.);
#1856=VECTOR('',#6332,1.);
#1857=VECTOR('',#6341,1.);
#1858=VECTOR('',#6342,1.00000000000065);
#1859=VECTOR('',#6345,1.);
#1860=VECTOR('',#6346,1.00000000000065);
#1861=VECTOR('',#6349,1.);
#1862=VECTOR('',#6352,1.00000000000065);
#1863=VECTOR('',#6353,1.);
#1864=VECTOR('',#6354,1.00000000000065);
#1865=VECTOR('',#6357,1.);
#1866=VECTOR('',#6358,1.00000000000065);
#1867=VECTOR('',#6361,1.);
#1868=VECTOR('',#6362,1.00000000000065);
#1869=VECTOR('',#6365,1.);
#1870=VECTOR('',#6368,1.00000000000065);
#1871=VECTOR('',#6369,1.);
#1872=VECTOR('',#6370,1.00000000000065);
#1873=VECTOR('',#6373,1.);
#1874=VECTOR('',#6374,1.00000000000065);
#1875=VECTOR('',#6377,1.);
#1876=VECTOR('',#6378,1.00000000000065);
#1877=VECTOR('',#6381,1.);
#1878=VECTOR('',#6386,3.35);
#1879=VECTOR('',#6397,4.075);
#1880=VECTOR('',#6400,1.);
#1881=VECTOR('',#6401,10.);
#1882=VECTOR('',#6402,10.);
#1883=VECTOR('',#6403,1.);
#1884=VECTOR('',#6412,0.99999999999976);
#1885=VECTOR('',#6413,1.);
#1886=VECTOR('',#6414,1.);
#1887=VECTOR('',#6419,1.);
#1888=VECTOR('',#6420,1.);
#1889=VECTOR('',#6423,0.99999999999976);
#1890=VECTOR('',#6424,1.);
#1891=VECTOR('',#6431,4.075);
#1892=VECTOR('',#6432,10.);
#1893=VECTOR('',#6433,1.);
#1894=VECTOR('',#6436,1.);
#1895=VECTOR('',#6437,10.);
#1896=VECTOR('',#6444,1.);
#1897=VECTOR('',#6445,1.);
#1898=VECTOR('',#6446,0.99999999999976);
#1899=VECTOR('',#6451,1.);
#1900=VECTOR('',#6452,1.);
#1901=VECTOR('',#6455,0.99999999999976);
#1902=VECTOR('',#6456,1.);
#1903=VECTOR('',#6461,1.);
#1904=VECTOR('',#6462,1.);
#1905=VECTOR('',#6463,1.);
#1906=VECTOR('',#6468,1.);
#1907=VECTOR('',#6469,1.);
#1908=VECTOR('',#6472,1.);
#1909=VECTOR('',#6473,1.);
#1910=VECTOR('',#6478,1.);
#1911=VECTOR('',#6481,1.);
#1912=VECTOR('',#6482,1.);
#1913=VECTOR('',#6483,1.);
#1914=VECTOR('',#6488,1.);
#1915=VECTOR('',#6489,1.);
#1916=VECTOR('',#6492,1.);
#1917=VECTOR('',#6493,1.);
#1918=VECTOR('',#6498,1.);
#1919=VECTOR('',#6503,3.75);
#1920=VECTOR('',#6508,3.75);
#1921=VECTOR('',#6511,3.35);
#1922=VECTOR('',#6518,3.25);
#1923=VECTOR('',#6521,3.35);
#1924=VECTOR('',#6526,1.00000000000065);
#1925=VECTOR('',#6527,1.);
#1926=VECTOR('',#6528,1.00000000000065);
#1927=VECTOR('',#6531,1.00000000000065);
#1928=VECTOR('',#6532,1.);
#1929=VECTOR('',#6535,1.);
#1930=VECTOR('',#6536,1.00000000000065);
#1931=VECTOR('',#6539,1.);
#1932=VECTOR('',#6542,1.00000000000065);
#1933=VECTOR('',#6543,1.00000000000065);
#1934=VECTOR('',#6544,1.);
#1935=VECTOR('',#6547,1.00000000000065);
#1936=VECTOR('',#6548,1.);
#1937=VECTOR('',#6551,1.00000000000065);
#1938=VECTOR('',#6552,1.);
#1939=VECTOR('',#6555,1.);
#1940=VECTOR('',#6560,4.075);
#1941=VECTOR('',#6571,1.);
#1942=VECTOR('',#6574,1.65);
#1943=VECTOR('',#6579,1.65);
#1944=VECTOR('',#6590,4.075);
#1945=VECTOR('',#6595,1.);
#1946=VECTOR('',#6598,1.65);
#1947=VECTOR('',#6601,1.65);
#1948=VECTOR('',#6610,1.65);
#1949=VECTOR('',#6617,1.65);
#1950=VECTOR('',#6622,3.75);
#1951=VECTOR('',#6627,3.75);
#1952=VECTOR('',#6636,3.25);
#1953=VECTOR('',#6641,2.);
#1954=VECTOR('',#6646,2.);
#1955=VECTOR('',#6651,2.);
#1956=VECTOR('',#6656,2.);
#1957=VECTOR('',#6661,2.);
#1958=VECTOR('',#6666,2.);
#1959=VECTOR('',#6671,2.);
#1960=VECTOR('',#6676,2.);
#1961=VECTOR('',#6683,1.);
#1962=VECTOR('',#6684,1.);
#1963=VECTOR('',#6685,1.);
#1964=VECTOR('',#6688,1.);
#1965=VECTOR('',#6695,1.);
#1966=VECTOR('',#6702,1.);
#1967=VECTOR('',#6705,1.);
#1968=VECTOR('',#6708,1.);
#1969=VECTOR('',#6711,1.);
#1970=VECTOR('',#6712,1.);
#1971=VECTOR('',#6715,1.);
#1972=VECTOR('',#6716,1.);
#1973=VECTOR('',#6743,1.5);
#1974=VECTOR('',#6754,2.);
#1975=VECTOR('',#6759,2.);
#1976=VECTOR('',#6764,2.);
#1977=VECTOR('',#6769,2.);
#1978=VECTOR('',#6774,2.);
#1979=VECTOR('',#6779,2.);
#1980=VECTOR('',#6784,2.);
#1981=VECTOR('',#6789,2.);
#1982=VECTOR('',#6792,1.5);
#1983=VECTOR('',#6797,4.325);
#1984=VECTOR('',#6798,4.325);
#1985=VECTOR('',#6803,4.325);
#1986=VECTOR('',#6838,1.65);
#1987=VECTOR('',#6843,1.65);
#1988=VECTOR('',#6848,1.65);
#1989=VECTOR('',#6853,1.65);
#1990=VECTOR('',#6858,1.65);
#1991=VECTOR('',#6863,1.65);
#1992=VECTOR('',#6868,1.65);
#1993=VECTOR('',#6873,1.65);
#1994=VECTOR('',#6878,1.65);
#1995=VECTOR('',#6883,1.65);
#1996=VECTOR('',#6888,1.65);
#1997=VECTOR('',#6893,1.65);
#1998=VERTEX_POINT('',#6908);
#1999=VERTEX_POINT('',#6909);
#2000=VERTEX_POINT('',#6911);
#2001=VERTEX_POINT('',#6913);
#2002=VERTEX_POINT('',#6917);
#2003=VERTEX_POINT('',#6919);
#2004=VERTEX_POINT('',#6921);
#2005=VERTEX_POINT('',#6923);
#2006=VERTEX_POINT('',#6925);
#2007=VERTEX_POINT('',#6927);
#2008=VERTEX_POINT('',#6931);
#2009=VERTEX_POINT('',#6932);
#2010=VERTEX_POINT('',#6934);
#2011=VERTEX_POINT('',#6936);
#2012=VERTEX_POINT('',#6940);
#2013=VERTEX_POINT('',#6944);
#2014=VERTEX_POINT('',#6948);
#2015=VERTEX_POINT('',#6950);
#2016=VERTEX_POINT('',#6954);
#2017=VERTEX_POINT('',#6955);
#2018=VERTEX_POINT('',#6957);
#2019=VERTEX_POINT('',#6959);
#2020=VERTEX_POINT('',#6963);
#2021=VERTEX_POINT('',#6964);
#2022=VERTEX_POINT('',#6966);
#2023=VERTEX_POINT('',#6968);
#2024=VERTEX_POINT('',#6972);
#2025=VERTEX_POINT('',#6973);
#2026=VERTEX_POINT('',#6978);
#2027=VERTEX_POINT('',#6979);
#2028=VERTEX_POINT('',#6984);
#2029=VERTEX_POINT('',#6985);
#2030=VERTEX_POINT('',#6990);
#2031=VERTEX_POINT('',#6991);
#2032=VERTEX_POINT('',#6996);
#2033=VERTEX_POINT('',#6997);
#2034=VERTEX_POINT('',#7002);
#2035=VERTEX_POINT('',#7003);
#2036=VERTEX_POINT('',#7008);
#2037=VERTEX_POINT('',#7009);
#2038=VERTEX_POINT('',#7014);
#2039=VERTEX_POINT('',#7016);
#2040=VERTEX_POINT('',#7020);
#2041=VERTEX_POINT('',#7022);
#2042=VERTEX_POINT('',#7026);
#2043=VERTEX_POINT('',#7028);
#2044=VERTEX_POINT('',#7032);
#2045=VERTEX_POINT('',#7034);
#2046=VERTEX_POINT('',#7041);
#2047=VERTEX_POINT('',#7046);
#2048=VERTEX_POINT('',#7051);
#2049=VERTEX_POINT('',#7053);
#2050=VERTEX_POINT('',#7055);
#2051=VERTEX_POINT('',#7057);
#2052=VERTEX_POINT('',#7060);
#2053=VERTEX_POINT('',#7061);
#2054=VERTEX_POINT('',#7063);
#2055=VERTEX_POINT('',#7065);
#2056=VERTEX_POINT('',#7067);
#2057=VERTEX_POINT('',#7069);
#2058=VERTEX_POINT('',#7072);
#2059=VERTEX_POINT('',#7073);
#2060=VERTEX_POINT('',#7075);
#2061=VERTEX_POINT('',#7077);
#2062=VERTEX_POINT('',#7079);
#2063=VERTEX_POINT('',#7081);
#2064=VERTEX_POINT('',#7085);
#2065=VERTEX_POINT('',#7098);
#2066=VERTEX_POINT('',#7102);
#2067=VERTEX_POINT('',#7104);
#2068=VERTEX_POINT('',#7106);
#2069=VERTEX_POINT('',#7108);
#2070=VERTEX_POINT('',#7110);
#2071=VERTEX_POINT('',#7113);
#2072=VERTEX_POINT('',#7115);
#2073=VERTEX_POINT('',#7118);
#2074=VERTEX_POINT('',#7122);
#2075=VERTEX_POINT('',#7126);
#2076=VERTEX_POINT('',#7130);
#2077=VERTEX_POINT('',#7133);
#2078=VERTEX_POINT('',#7134);
#2079=VERTEX_POINT('',#7136);
#2080=VERTEX_POINT('',#7138);
#2081=VERTEX_POINT('',#7142);
#2082=VERTEX_POINT('',#7146);
#2083=VERTEX_POINT('',#7150);
#2084=VERTEX_POINT('',#7154);
#2085=VERTEX_POINT('',#7158);
#2086=VERTEX_POINT('',#7165);
#2087=VERTEX_POINT('',#7166);
#2088=VERTEX_POINT('',#7168);
#2089=VERTEX_POINT('',#7170);
#2090=VERTEX_POINT('',#7174);
#2091=VERTEX_POINT('',#7176);
#2092=VERTEX_POINT('',#7180);
#2093=VERTEX_POINT('',#7182);
#2094=VERTEX_POINT('',#7186);
#2095=VERTEX_POINT('',#7188);
#2096=VERTEX_POINT('',#7192);
#2097=VERTEX_POINT('',#7194);
#2098=VERTEX_POINT('',#7198);
#2099=VERTEX_POINT('',#7200);
#2100=VERTEX_POINT('',#7204);
#2101=VERTEX_POINT('',#7206);
#2102=VERTEX_POINT('',#7210);
#2103=VERTEX_POINT('',#7215);
#2104=VERTEX_POINT('',#7219);
#2105=VERTEX_POINT('',#7220);
#2106=VERTEX_POINT('',#7225);
#2107=VERTEX_POINT('',#7236);
#2108=VERTEX_POINT('',#7240);
#2109=VERTEX_POINT('',#7243);
#2110=VERTEX_POINT('',#7245);
#2111=VERTEX_POINT('',#7247);
#2112=VERTEX_POINT('',#7249);
#2113=VERTEX_POINT('',#7252);
#2114=VERTEX_POINT('',#7254);
#2115=VERTEX_POINT('',#7261);
#2116=VERTEX_POINT('',#7263);
#2117=VERTEX_POINT('',#7269);
#2118=VERTEX_POINT('',#7271);
#2119=VERTEX_POINT('',#7281);
#2120=VERTEX_POINT('',#7283);
#2121=VERTEX_POINT('',#7285);
#2122=VERTEX_POINT('',#7287);
#2123=VERTEX_POINT('',#7291);
#2124=VERTEX_POINT('',#7292);
#2125=VERTEX_POINT('',#7294);
#2126=VERTEX_POINT('',#7296);
#2127=VERTEX_POINT('',#7300);
#2128=VERTEX_POINT('',#7301);
#2129=VERTEX_POINT('',#7306);
#2130=VERTEX_POINT('',#7307);
#2131=VERTEX_POINT('',#7312);
#2132=VERTEX_POINT('',#7314);
#2133=VERTEX_POINT('',#7318);
#2134=VERTEX_POINT('',#7320);
#2135=VERTEX_POINT('',#7325);
#2136=VERTEX_POINT('',#7329);
#2137=VERTEX_POINT('',#7337);
#2138=VERTEX_POINT('',#7341);
#2139=VERTEX_POINT('',#7345);
#2140=VERTEX_POINT('',#7347);
#2141=VERTEX_POINT('',#7349);
#2142=VERTEX_POINT('',#7353);
#2143=VERTEX_POINT('',#7355);
#2144=VERTEX_POINT('',#7359);
#2145=VERTEX_POINT('',#7360);
#2146=VERTEX_POINT('',#7365);
#2147=VERTEX_POINT('',#7366);
#2148=VERTEX_POINT('',#7371);
#2149=VERTEX_POINT('',#7372);
#2150=VERTEX_POINT('',#7377);
#2151=VERTEX_POINT('',#7385);
#2152=VERTEX_POINT('',#7387);
#2153=VERTEX_POINT('',#7389);
#2154=VERTEX_POINT('',#7391);
#2155=VERTEX_POINT('',#7396);
#2156=VERTEX_POINT('',#7399);
#2157=VERTEX_POINT('',#7400);
#2158=VERTEX_POINT('',#7405);
#2159=VERTEX_POINT('',#7409);
#2160=VERTEX_POINT('',#7411);
#2161=VERTEX_POINT('',#7415);
#2162=VERTEX_POINT('',#7416);
#2163=VERTEX_POINT('',#7423);
#2164=VERTEX_POINT('',#7425);
#2165=VERTEX_POINT('',#7431);
#2166=VERTEX_POINT('',#7435);
#2167=VERTEX_POINT('',#7439);
#2168=VERTEX_POINT('',#7441);
#2169=VERTEX_POINT('',#7443);
#2170=VERTEX_POINT('',#7447);
#2171=VERTEX_POINT('',#7449);
#2172=VERTEX_POINT('',#7451);
#2173=VERTEX_POINT('',#7453);
#2174=VERTEX_POINT('',#7455);
#2175=VERTEX_POINT('',#7457);
#2176=VERTEX_POINT('',#7459);
#2177=VERTEX_POINT('',#7466);
#2178=VERTEX_POINT('',#7468);
#2179=VERTEX_POINT('',#7472);
#2180=VERTEX_POINT('',#7473);
#2181=VERTEX_POINT('',#7475);
#2182=VERTEX_POINT('',#7477);
#2183=VERTEX_POINT('',#7483);
#2184=VERTEX_POINT('',#7499);
#2185=VERTEX_POINT('',#7503);
#2186=VERTEX_POINT('',#7505);
#2187=VERTEX_POINT('',#7507);
#2188=VERTEX_POINT('',#7509);
#2189=VERTEX_POINT('',#7514);
#2190=VERTEX_POINT('',#7521);
#2191=VERTEX_POINT('',#7525);
#2192=VERTEX_POINT('',#7527);
#2193=VERTEX_POINT('',#7529);
#2194=VERTEX_POINT('',#7531);
#2195=VERTEX_POINT('',#7534);
#2196=VERTEX_POINT('',#7537);
#2197=VERTEX_POINT('',#7539);
#2198=VERTEX_POINT('',#7541);
#2199=VERTEX_POINT('',#7544);
#2200=VERTEX_POINT('',#7553);
#2201=VERTEX_POINT('',#7555);
#2202=VERTEX_POINT('',#7559);
#2203=VERTEX_POINT('',#7561);
#2204=VERTEX_POINT('',#7565);
#2205=VERTEX_POINT('',#7569);
#2206=VERTEX_POINT('',#7572);
#2207=VERTEX_POINT('',#7573);
#2208=VERTEX_POINT('',#7575);
#2209=VERTEX_POINT('',#7577);
#2210=VERTEX_POINT('',#7581);
#2211=VERTEX_POINT('',#7587);
#2212=VERTEX_POINT('',#7590);
#2213=VERTEX_POINT('',#7592);
#2214=VERTEX_POINT('',#7594);
#2215=VERTEX_POINT('',#7596);
#2216=VERTEX_POINT('',#7599);
#2217=VERTEX_POINT('',#7608);
#2218=VERTEX_POINT('',#7610);
#2219=VERTEX_POINT('',#7612);
#2220=VERTEX_POINT('',#7614);
#2221=VERTEX_POINT('',#7616);
#2222=VERTEX_POINT('',#7618);
#2223=VERTEX_POINT('',#7620);
#2224=VERTEX_POINT('',#7622);
#2225=VERTEX_POINT('',#7624);
#2226=VERTEX_POINT('',#7626);
#2227=VERTEX_POINT('',#7628);
#2228=VERTEX_POINT('',#7630);
#2229=VERTEX_POINT('',#7632);
#2230=VERTEX_POINT('',#7634);
#2231=VERTEX_POINT('',#7636);
#2232=VERTEX_POINT('',#7638);
#2233=VERTEX_POINT('',#7644);
#2234=VERTEX_POINT('',#7646);
#2235=VERTEX_POINT('',#7649);
#2236=VERTEX_POINT('',#7650);
#2237=VERTEX_POINT('',#7652);
#2238=VERTEX_POINT('',#7654);
#2239=VERTEX_POINT('',#7657);
#2240=VERTEX_POINT('',#7658);
#2241=VERTEX_POINT('',#7660);
#2242=VERTEX_POINT('',#7662);
#2243=VERTEX_POINT('',#7665);
#2244=VERTEX_POINT('',#7666);
#2245=VERTEX_POINT('',#7668);
#2246=VERTEX_POINT('',#7670);
#2247=VERTEX_POINT('',#7673);
#2248=VERTEX_POINT('',#7674);
#2249=VERTEX_POINT('',#7676);
#2250=VERTEX_POINT('',#7678);
#2251=VERTEX_POINT('',#7681);
#2252=VERTEX_POINT('',#7682);
#2253=VERTEX_POINT('',#7684);
#2254=VERTEX_POINT('',#7686);
#2255=VERTEX_POINT('',#7696);
#2256=VERTEX_POINT('',#7700);
#2257=VERTEX_POINT('',#7704);
#2258=VERTEX_POINT('',#7707);
#2259=VERTEX_POINT('',#7708);
#2260=VERTEX_POINT('',#7710);
#2261=VERTEX_POINT('',#7714);
#2262=VERTEX_POINT('',#7716);
#2263=VERTEX_POINT('',#7720);
#2264=VERTEX_POINT('',#7726);
#2265=VERTEX_POINT('',#7730);
#2266=VERTEX_POINT('',#7735);
#2267=VERTEX_POINT('',#7741);
#2268=VERTEX_POINT('',#7743);
#2269=VERTEX_POINT('',#7747);
#2270=VERTEX_POINT('',#7749);
#2271=VERTEX_POINT('',#7753);
#2272=VERTEX_POINT('',#7755);
#2273=VERTEX_POINT('',#7759);
#2274=VERTEX_POINT('',#7761);
#2275=VERTEX_POINT('',#7765);
#2276=VERTEX_POINT('',#7767);
#2277=VERTEX_POINT('',#7790);
#2278=VERTEX_POINT('',#7802);
#2279=VERTEX_POINT('',#7818);
#2280=VERTEX_POINT('',#7822);
#2281=VERTEX_POINT('',#7868);
#2282=VERTEX_POINT('',#7869);
#2283=VERTEX_POINT('',#7886);
#2284=VERTEX_POINT('',#7888);
#2285=VERTEX_POINT('',#7899);
#2286=VERTEX_POINT('',#7903);
#2287=VERTEX_POINT('',#7914);
#2288=VERTEX_POINT('',#7915);
#2289=VERTEX_POINT('',#7924);
#2290=VERTEX_POINT('',#7934);
#2291=VERTEX_POINT('',#7943);
#2292=VERTEX_POINT('',#7947);
#2293=VERTEX_POINT('',#7951);
#2294=VERTEX_POINT('',#7962);
#2295=VERTEX_POINT('',#7964);
#2296=VERTEX_POINT('',#7968);
#2297=VERTEX_POINT('',#7972);
#2298=VERTEX_POINT('',#7978);
#2299=VERTEX_POINT('',#7980);
#2300=VERTEX_POINT('',#7984);
#2301=VERTEX_POINT('',#7988);
#2302=VERTEX_POINT('',#7995);
#2303=VERTEX_POINT('',#8001);
#2304=VERTEX_POINT('',#8003);
#2305=VERTEX_POINT('',#8005);
#2306=VERTEX_POINT('',#8007);
#2307=VERTEX_POINT('',#8010);
#2308=VERTEX_POINT('',#8012);
#2309=VERTEX_POINT('',#8049);
#2310=VERTEX_POINT('',#8092);
#2311=VERTEX_POINT('',#8102);
#2312=VERTEX_POINT('',#8103);
#2313=VERTEX_POINT('',#8107);
#2314=VERTEX_POINT('',#8110);
#2315=VERTEX_POINT('',#8114);
#2316=VERTEX_POINT('',#8117);
#2317=VERTEX_POINT('',#8120);
#2318=VERTEX_POINT('',#8123);
#2319=VERTEX_POINT('',#8125);
#2320=VERTEX_POINT('',#8127);
#2321=VERTEX_POINT('',#8129);
#2322=VERTEX_POINT('',#8166);
#2323=VERTEX_POINT('',#8209);
#2324=VERTEX_POINT('',#8219);
#2325=VERTEX_POINT('',#8221);
#2326=VERTEX_POINT('',#8224);
#2327=VERTEX_POINT('',#8227);
#2328=VERTEX_POINT('',#8231);
#2329=VERTEX_POINT('',#8234);
#2330=VERTEX_POINT('',#8237);
#2331=VERTEX_POINT('',#8239);
#2332=VERTEX_POINT('',#8242);
#2333=VERTEX_POINT('',#8245);
#2334=VERTEX_POINT('',#8249);
#2335=VERTEX_POINT('',#8252);
#2336=VERTEX_POINT('',#8257);
#2337=VERTEX_POINT('',#8259);
#2338=VERTEX_POINT('',#8262);
#2339=VERTEX_POINT('',#8265);
#2340=VERTEX_POINT('',#8269);
#2341=VERTEX_POINT('',#8272);
#2342=VERTEX_POINT('',#8277);
#2343=VERTEX_POINT('',#8281);
#2344=VERTEX_POINT('',#8285);
#2345=VERTEX_POINT('',#8289);
#2346=VERTEX_POINT('',#8293);
#2347=VERTEX_POINT('',#8297);
#2348=VERTEX_POINT('',#8299);
#2349=VERTEX_POINT('',#8303);
#2350=VERTEX_POINT('',#8307);
#2351=VERTEX_POINT('',#8313);
#2352=VERTEX_POINT('',#8315);
#2353=VERTEX_POINT('',#8319);
#2354=VERTEX_POINT('',#8323);
#2355=VERTEX_POINT('',#8338);
#2356=VERTEX_POINT('',#8355);
#2357=VERTEX_POINT('',#8381);
#2358=VERTEX_POINT('',#8389);
#2359=VERTEX_POINT('',#8394);
#2360=VERTEX_POINT('',#8399);
#2361=VERTEX_POINT('',#8403);
#2362=VERTEX_POINT('',#8407);
#2363=VERTEX_POINT('',#8411);
#2364=VERTEX_POINT('',#8414);
#2365=VERTEX_POINT('',#8418);
#2366=VERTEX_POINT('',#8422);
#2367=VERTEX_POINT('',#8426);
#2368=VERTEX_POINT('',#8430);
#2369=VERTEX_POINT('',#8434);
#2370=VERTEX_POINT('',#8438);
#2371=VERTEX_POINT('',#8442);
#2372=VERTEX_POINT('',#8446);
#2373=VERTEX_POINT('',#8450);
#2374=VERTEX_POINT('',#8453);
#2375=VERTEX_POINT('',#8455);
#2376=VERTEX_POINT('',#8459);
#2377=VERTEX_POINT('',#8461);
#2378=VERTEX_POINT('',#8465);
#2379=VERTEX_POINT('',#8467);
#2380=VERTEX_POINT('',#8473);
#2381=VERTEX_POINT('',#8475);
#2382=VERTEX_POINT('',#8479);
#2383=VERTEX_POINT('',#8483);
#2384=VERTEX_POINT('',#8489);
#2385=VERTEX_POINT('',#8495);
#2386=VERTEX_POINT('',#8501);
#2387=VERTEX_POINT('',#8505);
#2388=VERTEX_POINT('',#8508);
#2389=VERTEX_POINT('',#8512);
#2390=VERTEX_POINT('',#8516);
#2391=VERTEX_POINT('',#8520);
#2392=VERTEX_POINT('',#8524);
#2393=VERTEX_POINT('',#8528);
#2394=VERTEX_POINT('',#8532);
#2395=VERTEX_POINT('',#8536);
#2396=VERTEX_POINT('',#8542);
#2397=VERTEX_POINT('',#8547);
#2398=VERTEX_POINT('',#8553);
#2399=VERTEX_POINT('',#8556);
#2400=VERTEX_POINT('',#8559);
#2401=VERTEX_POINT('',#8563);
#2402=VERTEX_POINT('',#8566);
#2403=VERTEX_POINT('',#8569);
#2404=VERTEX_POINT('',#8572);
#2405=VERTEX_POINT('',#8576);
#2406=VERTEX_POINT('',#8580);
#2407=VERTEX_POINT('',#8584);
#2408=VERTEX_POINT('',#8588);
#2409=VERTEX_POINT('',#8592);
#2410=VERTEX_POINT('',#8596);
#2411=VERTEX_POINT('',#8600);
#2412=VERTEX_POINT('',#8604);
#2413=VERTEX_POINT('',#8608);
#2414=VERTEX_POINT('',#8612);
#2415=VERTEX_POINT('',#8616);
#2416=EDGE_CURVE('',#1998,#1999,#1076,.T.);
#2417=EDGE_CURVE('',#1998,#2000,#1077,.T.);
#2418=EDGE_CURVE('',#2001,#2000,#1078,.T.);
#2419=EDGE_CURVE('',#1999,#2001,#1079,.T.);
#2420=EDGE_CURVE('',#2002,#1998,#1080,.T.);
#2421=EDGE_CURVE('',#1999,#2003,#1081,.T.);
#2422=EDGE_CURVE('',#2003,#2004,#1082,.T.);
#2423=EDGE_CURVE('',#2004,#2005,#1083,.T.);
#2424=EDGE_CURVE('',#2006,#2005,#1084,.T.);
#2425=EDGE_CURVE('',#2006,#2007,#1085,.T.);
#2426=EDGE_CURVE('',#2002,#2007,#1086,.T.);
#2427=EDGE_CURVE('',#2008,#2009,#1087,.F.);
#2428=EDGE_CURVE('',#2009,#2010,#1088,.T.);
#2429=EDGE_CURVE('',#2011,#2010,#1089,.T.);
#2430=EDGE_CURVE('',#2011,#2008,#1090,.T.);
#2431=EDGE_CURVE('',#2012,#2001,#1091,.T.);
#2432=EDGE_CURVE('',#2012,#2003,#1092,.T.);
#2433=EDGE_CURVE('',#2013,#2012,#1093,.T.);
#2434=EDGE_CURVE('',#2013,#2004,#1094,.T.);
#2435=EDGE_CURVE('',#2005,#2014,#1095,.F.);
#2436=EDGE_CURVE('',#2014,#2015,#1096,.T.);
#2437=EDGE_CURVE('',#2006,#2015,#1097,.T.);
#2438=EDGE_CURVE('',#2016,#2017,#1098,.T.);
#2439=EDGE_CURVE('',#2016,#2018,#1099,.T.);
#2440=EDGE_CURVE('',#2019,#2018,#1100,.T.);
#2441=EDGE_CURVE('',#2019,#2017,#1101,.T.);
#2442=EDGE_CURVE('',#2020,#2021,#1102,.F.);
#2443=EDGE_CURVE('',#2021,#2022,#1103,.T.);
#2444=EDGE_CURVE('',#2022,#2023,#1104,.T.);
#2445=EDGE_CURVE('',#2023,#2020,#1105,.T.);
#2446=EDGE_CURVE('',#2024,#2025,#1106,.T.);
#2447=EDGE_CURVE('',#2025,#2023,#165,.T.);
#2448=EDGE_CURVE('',#2022,#2024,#166,.T.);
#2449=EDGE_CURVE('',#2026,#2027,#1107,.T.);
#2450=EDGE_CURVE('',#2027,#2025,#1108,.T.);
#2451=EDGE_CURVE('',#2024,#2026,#1109,.T.);
#2452=EDGE_CURVE('',#2028,#2029,#1110,.T.);
#2453=EDGE_CURVE('',#2029,#2027,#167,.T.);
#2454=EDGE_CURVE('',#2026,#2028,#168,.T.);
#2455=EDGE_CURVE('',#2030,#2031,#1111,.T.);
#2456=EDGE_CURVE('',#2031,#2029,#1112,.T.);
#2457=EDGE_CURVE('',#2028,#2030,#1113,.T.);
#2458=EDGE_CURVE('',#2032,#2033,#1114,.T.);
#2459=EDGE_CURVE('',#2033,#2031,#169,.T.);
#2460=EDGE_CURVE('',#2030,#2032,#170,.T.);
#2461=EDGE_CURVE('',#2034,#2035,#1115,.T.);
#2462=EDGE_CURVE('',#2035,#2033,#1116,.T.);
#2463=EDGE_CURVE('',#2032,#2034,#1117,.T.);
#2464=EDGE_CURVE('',#2036,#2037,#1118,.T.);
#2465=EDGE_CURVE('',#2037,#2035,#171,.T.);
#2466=EDGE_CURVE('',#2034,#2036,#172,.T.);
#2467=EDGE_CURVE('',#2036,#2038,#1119,.T.);
#2468=EDGE_CURVE('',#2038,#2039,#1120,.T.);
#2469=EDGE_CURVE('',#2039,#2037,#1121,.T.);
#2470=EDGE_CURVE('',#2038,#2040,#173,.T.);
#2471=EDGE_CURVE('',#2040,#2041,#1122,.T.);
#2472=EDGE_CURVE('',#2041,#2039,#174,.T.);
#2473=EDGE_CURVE('',#2040,#2042,#175,.T.);
#2474=EDGE_CURVE('',#2042,#2043,#1123,.T.);
#2475=EDGE_CURVE('',#2043,#2041,#176,.T.);
#2476=EDGE_CURVE('',#2044,#2043,#1124,.T.);
#2477=EDGE_CURVE('',#2042,#2045,#1125,.T.);
#2478=EDGE_CURVE('',#2045,#2044,#138,.T.);
#2479=EDGE_CURVE('',#2045,#2046,#177,.T.);
#2480=EDGE_CURVE('',#2046,#2007,#1126,.T.);
#2481=EDGE_CURVE('',#2007,#2044,#178,.T.);
#2482=EDGE_CURVE('',#2002,#2047,#1127,.T.);
#2483=EDGE_CURVE('',#2046,#2047,#1128,.T.);
#2484=EDGE_CURVE('',#2047,#2009,#1129,.T.);
#2485=EDGE_CURVE('',#2048,#2042,#1130,.T.);
#2486=EDGE_CURVE('',#2048,#2049,#1131,.T.);
#2487=EDGE_CURVE('',#2050,#2049,#1132,.T.);
#2488=EDGE_CURVE('',#2051,#2050,#1133,.T.);
#2489=EDGE_CURVE('',#2010,#2051,#179,.T.);
#2490=EDGE_CURVE('',#2052,#2053,#1134,.T.);
#2491=EDGE_CURVE('',#2053,#2054,#1135,.T.);
#2492=EDGE_CURVE('',#2054,#2055,#1136,.T.);
#2493=EDGE_CURVE('',#2055,#2056,#1137,.T.);
#2494=EDGE_CURVE('',#2057,#2056,#1138,.T.);
#2495=EDGE_CURVE('',#2052,#2057,#1139,.T.);
#2496=EDGE_CURVE('',#2058,#2059,#1140,.T.);
#2497=EDGE_CURVE('',#2059,#2060,#1141,.T.);
#2498=EDGE_CURVE('',#2060,#2061,#1142,.T.);
#2499=EDGE_CURVE('',#2061,#2062,#1143,.T.);
#2500=EDGE_CURVE('',#2063,#2062,#1144,.T.);
#2501=EDGE_CURVE('',#2058,#2063,#1145,.T.);
#2502=EDGE_CURVE('',#2040,#2064,#1146,.T.);
#2503=EDGE_CURVE('',#2064,#2048,#139,.F.);
#2504=EDGE_CURVE('',#2038,#2065,#1147,.T.);
#2505=EDGE_CURVE('',#2065,#2064,#21,.F.);
#2506=EDGE_CURVE('',#2036,#2066,#1148,.T.);
#2507=EDGE_CURVE('',#2066,#2067,#1149,.T.);
#2508=EDGE_CURVE('',#2067,#2068,#1150,.T.);
#2509=EDGE_CURVE('',#2069,#2068,#1151,.T.);
#2510=EDGE_CURVE('',#2070,#2069,#1152,.T.);
#2511=EDGE_CURVE('',#2065,#2070,#1153,.T.);
#2512=EDGE_CURVE('',#2071,#2071,#180,.T.);
#2513=EDGE_CURVE('',#2072,#2072,#181,.T.);
#2514=EDGE_CURVE('',#2034,#2073,#1154,.T.);
#2515=EDGE_CURVE('',#2073,#2066,#182,.T.);
#2516=EDGE_CURVE('',#2032,#2074,#1155,.T.);
#2517=EDGE_CURVE('',#2074,#2073,#1156,.T.);
#2518=EDGE_CURVE('',#2030,#2075,#1157,.T.);
#2519=EDGE_CURVE('',#2075,#2074,#183,.T.);
#2520=EDGE_CURVE('',#2076,#2028,#1158,.T.);
#2521=EDGE_CURVE('',#2076,#2075,#1159,.T.);
#2522=EDGE_CURVE('',#2077,#2078,#1160,.T.);
#2523=EDGE_CURVE('',#2079,#2077,#1161,.T.);
#2524=EDGE_CURVE('',#2080,#2079,#1162,.T.);
#2525=EDGE_CURVE('',#2078,#2080,#1163,.T.);
#2526=EDGE_CURVE('',#2081,#2026,#1164,.T.);
#2527=EDGE_CURVE('',#2081,#2076,#184,.T.);
#2528=EDGE_CURVE('',#2082,#2024,#1165,.T.);
#2529=EDGE_CURVE('',#2082,#2081,#1166,.T.);
#2530=EDGE_CURVE('',#2083,#2022,#1167,.T.);
#2531=EDGE_CURVE('',#2083,#2082,#185,.T.);
#2532=EDGE_CURVE('',#2084,#2021,#1168,.T.);
#2533=EDGE_CURVE('',#2084,#2083,#1169,.T.);
#2534=EDGE_CURVE('',#2085,#2011,#186,.T.);
#2535=EDGE_CURVE('',#2051,#2085,#140,.T.);
#2536=EDGE_CURVE('',#2086,#2087,#1170,.F.);
#2537=EDGE_CURVE('',#2087,#2088,#1171,.T.);
#2538=EDGE_CURVE('',#2088,#2089,#1172,.T.);
#2539=EDGE_CURVE('',#2089,#2086,#1173,.T.);
#2540=EDGE_CURVE('',#2088,#2090,#187,.T.);
#2541=EDGE_CURVE('',#2090,#2091,#1174,.T.);
#2542=EDGE_CURVE('',#2091,#2089,#188,.T.);
#2543=EDGE_CURVE('',#2090,#2092,#1175,.T.);
#2544=EDGE_CURVE('',#2092,#2093,#1176,.T.);
#2545=EDGE_CURVE('',#2093,#2091,#1177,.T.);
#2546=EDGE_CURVE('',#2092,#2094,#189,.T.);
#2547=EDGE_CURVE('',#2094,#2095,#1178,.T.);
#2548=EDGE_CURVE('',#2095,#2093,#190,.T.);
#2549=EDGE_CURVE('',#2094,#2096,#1179,.T.);
#2550=EDGE_CURVE('',#2096,#2097,#1180,.T.);
#2551=EDGE_CURVE('',#2097,#2095,#1181,.T.);
#2552=EDGE_CURVE('',#2096,#2098,#191,.T.);
#2553=EDGE_CURVE('',#2098,#2099,#1182,.T.);
#2554=EDGE_CURVE('',#2099,#2097,#192,.T.);
#2555=EDGE_CURVE('',#2098,#2100,#1183,.T.);
#2556=EDGE_CURVE('',#2100,#2101,#1184,.T.);
#2557=EDGE_CURVE('',#2101,#2099,#1185,.T.);
#2558=EDGE_CURVE('',#2102,#2068,#1186,.T.);
#2559=EDGE_CURVE('',#2068,#2101,#193,.T.);
#2560=EDGE_CURVE('',#2100,#2102,#194,.T.);
#2561=EDGE_CURVE('',#2102,#2103,#1187,.T.);
#2562=EDGE_CURVE('',#2103,#2069,#1188,.T.);
#2563=EDGE_CURVE('',#2104,#2105,#1189,.T.);
#2564=EDGE_CURVE('',#2105,#2069,#195,.T.);
#2565=EDGE_CURVE('',#2103,#2104,#196,.T.);
#2566=EDGE_CURVE('',#2106,#2050,#1190,.T.);
#2567=EDGE_CURVE('',#2050,#2105,#197,.T.);
#2568=EDGE_CURVE('',#2104,#2106,#198,.T.);
#2569=EDGE_CURVE('',#2106,#2085,#1191,.T.);
#2570=EDGE_CURVE('',#2000,#2008,#1192,.T.);
#2571=EDGE_CURVE('',#2018,#2011,#1193,.T.);
#2572=EDGE_CURVE('',#2016,#2013,#1194,.T.);
#2573=EDGE_CURVE('',#2107,#2085,#1195,.T.);
#2574=EDGE_CURVE('',#2018,#2107,#199,.T.);
#2575=EDGE_CURVE('',#2087,#2108,#1196,.T.);
#2576=EDGE_CURVE('',#2107,#2108,#1197,.T.);
#2577=EDGE_CURVE('',#2109,#2109,#200,.T.);
#2578=EDGE_CURVE('',#2110,#2110,#201,.T.);
#2579=EDGE_CURVE('',#2111,#2111,#202,.T.);
#2580=EDGE_CURVE('',#2112,#2112,#203,.T.);
#2581=EDGE_CURVE('',#2113,#2006,#204,.T.);
#2582=EDGE_CURVE('',#2015,#2114,#205,.T.);
#2583=EDGE_CURVE('',#2114,#2113,#141,.T.);
#2584=EDGE_CURVE('',#2114,#2115,#1198,.T.);
#2585=EDGE_CURVE('',#2115,#2116,#1199,.T.);
#2586=EDGE_CURVE('',#2116,#2113,#1200,.T.);
#2587=EDGE_CURVE('',#2044,#2113,#1201,.T.);
#2588=EDGE_CURVE('',#2108,#2117,#1202,.T.);
#2589=EDGE_CURVE('',#2117,#2118,#1203,.T.);
#2590=EDGE_CURVE('',#2118,#2107,#142,.T.);
#2591=EDGE_CURVE('',#2118,#2019,#206,.T.);
#2592=EDGE_CURVE('',#2017,#2014,#1204,.T.);
#2593=EDGE_CURVE('',#2119,#2117,#1205,.T.);
#2594=EDGE_CURVE('',#2120,#2119,#1206,.T.);
#2595=EDGE_CURVE('',#2121,#2120,#1207,.T.);
#2596=EDGE_CURVE('',#2122,#2121,#1208,.T.);
#2597=EDGE_CURVE('',#2115,#2122,#1209,.T.);
#2598=EDGE_CURVE('',#2123,#2124,#1210,.F.);
#2599=EDGE_CURVE('',#2124,#2125,#1211,.T.);
#2600=EDGE_CURVE('',#2125,#2126,#1212,.T.);
#2601=EDGE_CURVE('',#2126,#2123,#1213,.T.);
#2602=EDGE_CURVE('',#2127,#2128,#1214,.T.);
#2603=EDGE_CURVE('',#2128,#2126,#207,.T.);
#2604=EDGE_CURVE('',#2125,#2127,#208,.T.);
#2605=EDGE_CURVE('',#2129,#2130,#1215,.T.);
#2606=EDGE_CURVE('',#2130,#2128,#1216,.T.);
#2607=EDGE_CURVE('',#2127,#2129,#1217,.T.);
#2608=EDGE_CURVE('',#2129,#2131,#209,.T.);
#2609=EDGE_CURVE('',#2131,#2132,#1218,.T.);
#2610=EDGE_CURVE('',#2132,#2130,#210,.T.);
#2611=EDGE_CURVE('',#2131,#2133,#211,.T.);
#2612=EDGE_CURVE('',#2133,#2134,#1219,.T.);
#2613=EDGE_CURVE('',#2134,#2132,#212,.T.);
#2614=EDGE_CURVE('',#2133,#2120,#213,.T.);
#2615=EDGE_CURVE('',#2120,#2135,#1220,.T.);
#2616=EDGE_CURVE('',#2135,#2134,#214,.T.);
#2617=EDGE_CURVE('',#2136,#2135,#1221,.T.);
#2618=EDGE_CURVE('',#2119,#2136,#1222,.T.);
#2619=EDGE_CURVE('',#2108,#2136,#1223,.T.);
#2620=EDGE_CURVE('',#2086,#2136,#1224,.T.);
#2621=EDGE_CURVE('',#2123,#2086,#1225,.T.);
#2622=EDGE_CURVE('',#2137,#2137,#215,.T.);
#2623=EDGE_CURVE('',#2122,#2138,#1226,.T.);
#2624=EDGE_CURVE('',#2138,#2116,#1227,.T.);
#2625=EDGE_CURVE('',#2139,#2084,#1228,.F.);
#2626=EDGE_CURVE('',#2084,#2140,#1229,.T.);
#2627=EDGE_CURVE('',#2140,#2141,#1230,.T.);
#2628=EDGE_CURVE('',#2141,#2139,#1231,.T.);
#2629=EDGE_CURVE('',#2140,#2142,#216,.T.);
#2630=EDGE_CURVE('',#2142,#2143,#1232,.T.);
#2631=EDGE_CURVE('',#2143,#2141,#217,.T.);
#2632=EDGE_CURVE('',#2144,#2145,#1233,.T.);
#2633=EDGE_CURVE('',#2145,#2143,#1234,.T.);
#2634=EDGE_CURVE('',#2142,#2144,#1235,.T.);
#2635=EDGE_CURVE('',#2146,#2147,#1236,.T.);
#2636=EDGE_CURVE('',#2147,#2145,#218,.T.);
#2637=EDGE_CURVE('',#2144,#2146,#219,.T.);
#2638=EDGE_CURVE('',#2148,#2149,#1237,.T.);
#2639=EDGE_CURVE('',#2149,#2147,#220,.T.);
#2640=EDGE_CURVE('',#2146,#2148,#221,.T.);
#2641=EDGE_CURVE('',#2150,#2121,#1238,.T.);
#2642=EDGE_CURVE('',#2121,#2149,#222,.T.);
#2643=EDGE_CURVE('',#2148,#2150,#223,.T.);
#2644=EDGE_CURVE('',#2150,#2138,#1239,.T.);
#2645=EDGE_CURVE('',#2020,#2116,#1240,.T.);
#2646=EDGE_CURVE('',#2151,#2151,#224,.T.);
#2647=EDGE_CURVE('',#2152,#2152,#225,.T.);
#2648=EDGE_CURVE('',#2153,#2153,#226,.T.);
#2649=EDGE_CURVE('',#2154,#2154,#227,.T.);
#2650=EDGE_CURVE('',#2021,#2138,#1241,.T.);
#2651=EDGE_CURVE('',#2155,#2155,#228,.T.);
#2652=EDGE_CURVE('',#2156,#2157,#22,.T.);
#2653=EDGE_CURVE('',#2157,#2057,#1242,.T.);
#2654=EDGE_CURVE('',#2056,#2156,#1243,.T.);
#2655=EDGE_CURVE('',#2157,#2158,#229,.T.);
#2656=EDGE_CURVE('',#2052,#2158,#1244,.T.);
#2657=EDGE_CURVE('',#2063,#2159,#1245,.T.);
#2658=EDGE_CURVE('',#2159,#2160,#1246,.T.);
#2659=EDGE_CURVE('',#2160,#2058,#1247,.T.);
#2660=EDGE_CURVE('',#2161,#2162,#20,.T.);
#2661=EDGE_CURVE('',#2162,#2160,#230,.T.);
#2662=EDGE_CURVE('',#2159,#2161,#231,.T.);
#2663=EDGE_CURVE('',#2159,#2163,#1248,.T.);
#2664=EDGE_CURVE('',#2163,#2164,#232,.F.);
#2665=EDGE_CURVE('',#2161,#2164,#1249,.T.);
#2666=EDGE_CURVE('',#2163,#2062,#1250,.T.);
#2667=EDGE_CURVE('',#2162,#2165,#1251,.T.);
#2668=EDGE_CURVE('',#2165,#2059,#1252,.T.);
#2669=EDGE_CURVE('',#2166,#2055,#1253,.T.);
#2670=EDGE_CURVE('',#2156,#2166,#1254,.T.);
#2671=EDGE_CURVE('',#2167,#2161,#1255,.T.);
#2672=EDGE_CURVE('',#2167,#2168,#1256,.T.);
#2673=EDGE_CURVE('',#2168,#2169,#1257,.T.);
#2674=EDGE_CURVE('',#2169,#2165,#1258,.T.);
#2675=EDGE_CURVE('',#2170,#2164,#1259,.T.);
#2676=EDGE_CURVE('',#2171,#2170,#233,.T.);
#2677=EDGE_CURVE('',#2171,#2172,#1260,.T.);
#2678=EDGE_CURVE('',#2172,#2173,#1261,.T.);
#2679=EDGE_CURVE('',#2173,#2174,#1262,.T.);
#2680=EDGE_CURVE('',#2175,#2174,#234,.T.);
#2681=EDGE_CURVE('',#2176,#2175,#143,.F.);
#2682=EDGE_CURVE('',#2176,#2177,#1263,.T.);
#2683=EDGE_CURVE('',#2177,#2178,#1264,.T.);
#2684=EDGE_CURVE('',#2178,#2167,#1265,.T.);
#2685=EDGE_CURVE('',#2179,#2180,#235,.T.);
#2686=EDGE_CURVE('',#2181,#2179,#1266,.T.);
#2687=EDGE_CURVE('',#2182,#2181,#236,.T.);
#2688=EDGE_CURVE('',#2182,#2180,#1267,.T.);
#2689=EDGE_CURVE('',#2070,#2183,#23,.T.);
#2690=EDGE_CURVE('',#2183,#2049,#144,.T.);
#2691=EDGE_CURVE('',#2183,#2105,#1268,.T.);
#2692=EDGE_CURVE('',#2184,#2158,#1269,.T.);
#2693=EDGE_CURVE('',#2184,#2053,#1270,.T.);
#2694=EDGE_CURVE('',#2131,#2185,#1271,.T.);
#2695=EDGE_CURVE('',#2186,#2185,#237,.F.);
#2696=EDGE_CURVE('',#2186,#2187,#1272,.T.);
#2697=EDGE_CURVE('',#2188,#2187,#238,.F.);
#2698=EDGE_CURVE('',#2188,#2147,#1273,.T.);
#2699=EDGE_CURVE('',#2149,#2133,#1274,.T.);
#2700=EDGE_CURVE('',#2129,#2189,#1275,.T.);
#2701=EDGE_CURVE('',#2189,#2185,#239,.T.);
#2702=EDGE_CURVE('',#2186,#2181,#1276,.T.);
#2703=EDGE_CURVE('',#2187,#2179,#1277,.T.);
#2704=EDGE_CURVE('',#2166,#2190,#24,.T.);
#2705=EDGE_CURVE('',#2190,#2184,#240,.T.);
#2706=EDGE_CURVE('',#2180,#2191,#1278,.T.);
#2707=EDGE_CURVE('',#2191,#2192,#1279,.T.);
#2708=EDGE_CURVE('',#2193,#2192,#241,.T.);
#2709=EDGE_CURVE('',#2194,#2193,#1280,.T.);
#2710=EDGE_CURVE('',#2188,#2194,#242,.T.);
#2711=EDGE_CURVE('',#2195,#2195,#243,.T.);
#2712=EDGE_CURVE('',#2196,#2189,#1281,.T.);
#2713=EDGE_CURVE('',#2196,#2197,#244,.T.);
#2714=EDGE_CURVE('',#2198,#2197,#1282,.T.);
#2715=EDGE_CURVE('',#2198,#2182,#1283,.T.);
#2716=EDGE_CURVE('',#2199,#2199,#245,.T.);
#2717=EDGE_CURVE('',#2194,#2145,#1284,.T.);
#2718=EDGE_CURVE('',#2143,#2193,#1285,.T.);
#2719=EDGE_CURVE('',#2127,#2196,#1286,.T.);
#2720=EDGE_CURVE('',#2200,#2091,#1287,.T.);
#2721=EDGE_CURVE('',#2200,#2201,#246,.T.);
#2722=EDGE_CURVE('',#2201,#2089,#1288,.T.);
#2723=EDGE_CURVE('',#2202,#2101,#1289,.T.);
#2724=EDGE_CURVE('',#2202,#2203,#1290,.T.);
#2725=EDGE_CURVE('',#2203,#2099,#1291,.T.);
#2726=EDGE_CURVE('',#2203,#2204,#247,.T.);
#2727=EDGE_CURVE('',#2204,#2097,#1292,.T.);
#2728=EDGE_CURVE('',#2204,#2205,#1293,.T.);
#2729=EDGE_CURVE('',#2205,#2095,#1294,.T.);
#2730=EDGE_CURVE('',#2206,#2207,#1295,.T.);
#2731=EDGE_CURVE('',#2207,#2208,#1296,.T.);
#2732=EDGE_CURVE('',#2208,#2209,#1297,.T.);
#2733=EDGE_CURVE('',#2209,#2206,#1298,.T.);
#2734=EDGE_CURVE('',#2205,#2210,#248,.T.);
#2735=EDGE_CURVE('',#2210,#2093,#1299,.T.);
#2736=EDGE_CURVE('',#2210,#2200,#1300,.T.);
#2737=EDGE_CURVE('',#2061,#2211,#1301,.T.);
#2738=EDGE_CURVE('',#2169,#2060,#1302,.T.);
#2739=EDGE_CURVE('',#2212,#2168,#1303,.T.);
#2740=EDGE_CURVE('',#2212,#2213,#1304,.T.);
#2741=EDGE_CURVE('',#2213,#2214,#1305,.T.);
#2742=EDGE_CURVE('',#2215,#2214,#1306,.T.);
#2743=EDGE_CURVE('',#2215,#2211,#249,.T.);
#2744=EDGE_CURVE('',#2216,#2216,#250,.T.);
#2745=EDGE_CURVE('',#2190,#2054,#1307,.T.);
#2746=EDGE_CURVE('',#2192,#2141,#1308,.T.);
#2747=EDGE_CURVE('',#2217,#2124,#1309,.T.);
#2748=EDGE_CURVE('',#2218,#2217,#251,.T.);
#2749=EDGE_CURVE('',#2219,#2218,#1310,.T.);
#2750=EDGE_CURVE('',#2220,#2219,#252,.T.);
#2751=EDGE_CURVE('',#2221,#2220,#1311,.T.);
#2752=EDGE_CURVE('',#2222,#2221,#253,.T.);
#2753=EDGE_CURVE('',#2223,#2222,#1312,.T.);
#2754=EDGE_CURVE('',#2224,#2223,#254,.T.);
#2755=EDGE_CURVE('',#2225,#2224,#1313,.T.);
#2756=EDGE_CURVE('',#2226,#2225,#255,.T.);
#2757=EDGE_CURVE('',#2227,#2226,#1314,.T.);
#2758=EDGE_CURVE('',#2228,#2227,#256,.T.);
#2759=EDGE_CURVE('',#2229,#2228,#1315,.T.);
#2760=EDGE_CURVE('',#2230,#2229,#257,.T.);
#2761=EDGE_CURVE('',#2231,#2230,#1316,.T.);
#2762=EDGE_CURVE('',#2232,#2231,#258,.T.);
#2763=EDGE_CURVE('',#2139,#2232,#1317,.T.);
#2764=EDGE_CURVE('',#2191,#2198,#1318,.T.);
#2765=EDGE_CURVE('',#2125,#2197,#1319,.T.);
#2766=EDGE_CURVE('',#2178,#2212,#1320,.T.);
#2767=EDGE_CURVE('',#2233,#2177,#259,.T.);
#2768=EDGE_CURVE('',#2233,#2234,#1321,.T.);
#2769=EDGE_CURVE('',#2213,#2234,#1322,.T.);
#2770=EDGE_CURVE('',#2235,#2236,#1323,.T.);
#2771=EDGE_CURVE('',#2236,#2237,#1324,.T.);
#2772=EDGE_CURVE('',#2237,#2238,#1325,.T.);
#2773=EDGE_CURVE('',#2238,#2235,#1326,.T.);
#2774=EDGE_CURVE('',#2239,#2240,#1327,.T.);
#2775=EDGE_CURVE('',#2240,#2241,#1328,.T.);
#2776=EDGE_CURVE('',#2241,#2242,#1329,.T.);
#2777=EDGE_CURVE('',#2242,#2239,#1330,.T.);
#2778=EDGE_CURVE('',#2243,#2244,#260,.T.);
#2779=EDGE_CURVE('',#2243,#2245,#1331,.T.);
#2780=EDGE_CURVE('',#2245,#2246,#1332,.T.);
#2781=EDGE_CURVE('',#2246,#2244,#1333,.T.);
#2782=EDGE_CURVE('',#2247,#2248,#261,.T.);
#2783=EDGE_CURVE('',#2249,#2247,#1334,.T.);
#2784=EDGE_CURVE('',#2250,#2249,#1335,.T.);
#2785=EDGE_CURVE('',#2248,#2250,#1336,.T.);
#2786=EDGE_CURVE('',#2251,#2252,#1337,.T.);
#2787=EDGE_CURVE('',#2253,#2252,#1338,.T.);
#2788=EDGE_CURVE('',#2253,#2254,#1339,.T.);
#2789=EDGE_CURVE('',#2251,#2254,#1340,.T.);
#2790=EDGE_CURVE('',#2083,#2232,#1341,.T.);
#2791=EDGE_CURVE('',#2201,#2123,#1342,.T.);
#2792=EDGE_CURVE('',#2201,#2217,#1343,.T.);
#2793=EDGE_CURVE('',#2137,#2255,#1344,.T.);
#2794=EDGE_CURVE('',#2255,#2255,#262,.T.);
#2795=EDGE_CURVE('',#2256,#2256,#263,.T.);
#2796=EDGE_CURVE('',#2256,#2255,#1345,.T.);
#2797=EDGE_CURVE('',#2257,#2257,#264,.T.);
#2798=EDGE_CURVE('',#2258,#2259,#265,.T.);
#2799=EDGE_CURVE('',#2259,#2260,#1346,.T.);
#2800=EDGE_CURVE('',#2260,#2258,#1347,.T.);
#2801=EDGE_CURVE('',#2259,#2261,#1348,.T.);
#2802=EDGE_CURVE('',#2262,#2261,#1349,.T.);
#2803=EDGE_CURVE('',#2260,#2262,#1350,.T.);
#2804=EDGE_CURVE('',#2258,#2263,#1351,.T.);
#2805=EDGE_CURVE('',#2261,#2263,#266,.T.);
#2806=EDGE_CURVE('',#2263,#2262,#1352,.T.);
#2807=EDGE_CURVE('',#2257,#2264,#1353,.T.);
#2808=EDGE_CURVE('',#2264,#2264,#267,.F.);
#2809=EDGE_CURVE('',#2195,#2265,#1354,.T.);
#2810=EDGE_CURVE('',#2265,#2265,#268,.T.);
#2811=EDGE_CURVE('',#2266,#2266,#269,.T.);
#2812=EDGE_CURVE('',#2199,#2266,#1355,.T.);
#2813=EDGE_CURVE('',#2252,#2267,#1356,.F.);
#2814=EDGE_CURVE('',#2267,#2268,#1357,.T.);
#2815=EDGE_CURVE('',#2268,#2253,#1358,.F.);
#2816=EDGE_CURVE('',#2267,#2269,#1359,.T.);
#2817=EDGE_CURVE('',#2269,#2270,#1360,.T.);
#2818=EDGE_CURVE('',#2268,#2270,#1361,.T.);
#2819=EDGE_CURVE('',#2254,#2271,#1362,.F.);
#2820=EDGE_CURVE('',#2271,#2272,#1363,.T.);
#2821=EDGE_CURVE('',#2272,#2251,#1364,.F.);
#2822=EDGE_CURVE('',#2271,#2273,#1365,.T.);
#2823=EDGE_CURVE('',#2273,#2274,#1366,.T.);
#2824=EDGE_CURVE('',#2272,#2274,#1367,.T.);
#2825=EDGE_CURVE('',#2275,#2172,#270,.T.);
#2826=EDGE_CURVE('',#2275,#2276,#1368,.T.);
#2827=EDGE_CURVE('',#2276,#2173,#271,.T.);
#2828=EDGE_CURVE('',#2174,#2277,#145,.T.);
#2829=EDGE_CURVE('',#2276,#2176,#146,.T.);
#2830=EDGE_CURVE('',#2278,#2175,#147,.T.);
#2831=EDGE_CURVE('',#2278,#2277,#148,.F.);
#2832=EDGE_CURVE('',#2276,#2233,#1369,.T.);
#2833=EDGE_CURVE('',#2279,#2275,#1370,.T.);
#2834=EDGE_CURVE('',#2234,#2279,#1371,.T.);
#2835=EDGE_CURVE('',#2280,#2277,#272,.T.);
#2836=EDGE_CURVE('',#2278,#2280,#273,.T.);
#2837=EDGE_CURVE('',#2171,#2215,#1372,.T.);
#2838=EDGE_CURVE('',#2279,#2214,#1373,.T.);
#2839=EDGE_CURVE('',#2270,#2273,#1374,.T.);
#2840=EDGE_CURVE('',#2274,#2269,#1375,.T.);
#2841=EDGE_CURVE('',#2170,#2211,#1376,.T.);
#2842=EDGE_CURVE('',#2200,#2218,#1377,.T.);
#2843=EDGE_CURVE('',#2210,#2219,#1378,.T.);
#2844=EDGE_CURVE('',#2082,#2231,#1379,.T.);
#2845=EDGE_CURVE('',#2205,#2220,#1380,.T.);
#2846=EDGE_CURVE('',#2081,#2230,#1381,.T.);
#2847=EDGE_CURVE('',#2204,#2221,#1382,.T.);
#2848=EDGE_CURVE('',#2076,#2229,#1383,.T.);
#2849=EDGE_CURVE('',#2203,#2222,#1384,.T.);
#2850=EDGE_CURVE('',#2075,#2228,#1385,.T.);
#2851=EDGE_CURVE('',#2202,#2223,#1386,.T.);
#2852=EDGE_CURVE('',#2074,#2227,#1387,.T.);
#2853=EDGE_CURVE('',#2067,#2224,#1388,.T.);
#2854=EDGE_CURVE('',#2067,#2202,#274,.T.);
#2855=EDGE_CURVE('',#2073,#2226,#1389,.T.);
#2856=EDGE_CURVE('',#2066,#2225,#1390,.T.);
#2857=EDGE_CURVE('',#2281,#2282,#275,.T.);
#2858=EDGE_CURVE('',#2281,#2247,#149,.T.);
#2859=EDGE_CURVE('',#2248,#2282,#150,.T.);
#2860=EDGE_CURVE('',#2249,#2283,#1391,.T.);
#2861=EDGE_CURVE('',#2247,#2284,#151,.T.);
#2862=EDGE_CURVE('',#2283,#2284,#1392,.T.);
#2863=EDGE_CURVE('',#2250,#2285,#1393,.T.);
#2864=EDGE_CURVE('',#2285,#2283,#1394,.T.);
#2865=EDGE_CURVE('',#2248,#2286,#152,.T.);
#2866=EDGE_CURVE('',#2286,#2285,#1395,.T.);
#2867=EDGE_CURVE('',#2287,#2288,#276,.T.);
#2868=EDGE_CURVE('',#2243,#2287,#153,.T.);
#2869=EDGE_CURVE('',#2289,#2244,#154,.T.);
#2870=EDGE_CURVE('',#2288,#2289,#277,.T.);
#2871=EDGE_CURVE('',#2243,#2290,#155,.T.);
#2872=EDGE_CURVE('',#2290,#2291,#1396,.T.);
#2873=EDGE_CURVE('',#2245,#2291,#1397,.T.);
#2874=EDGE_CURVE('',#2291,#2292,#1398,.T.);
#2875=EDGE_CURVE('',#2246,#2292,#1399,.T.);
#2876=EDGE_CURVE('',#2292,#2293,#1400,.T.);
#2877=EDGE_CURVE('',#2244,#2293,#156,.T.);
#2878=EDGE_CURVE('',#2239,#2294,#1401,.T.);
#2879=EDGE_CURVE('',#2294,#2295,#1402,.T.);
#2880=EDGE_CURVE('',#2240,#2295,#1403,.T.);
#2881=EDGE_CURVE('',#2295,#2296,#1404,.T.);
#2882=EDGE_CURVE('',#2241,#2296,#1405,.T.);
#2883=EDGE_CURVE('',#2296,#2297,#1406,.T.);
#2884=EDGE_CURVE('',#2242,#2297,#1407,.T.);
#2885=EDGE_CURVE('',#2297,#2294,#1408,.T.);
#2886=EDGE_CURVE('',#2235,#2298,#1409,.T.);
#2887=EDGE_CURVE('',#2298,#2299,#1410,.T.);
#2888=EDGE_CURVE('',#2236,#2299,#1411,.T.);
#2889=EDGE_CURVE('',#2299,#2300,#1412,.T.);
#2890=EDGE_CURVE('',#2237,#2300,#1413,.T.);
#2891=EDGE_CURVE('',#2300,#2301,#1414,.T.);
#2892=EDGE_CURVE('',#2238,#2301,#1415,.T.);
#2893=EDGE_CURVE('',#2301,#2298,#1416,.T.);
#2894=EDGE_CURVE('',#2216,#2302,#1417,.T.);
#2895=EDGE_CURVE('',#2302,#2302,#278,.T.);
#2896=EDGE_CURVE('',#2303,#2303,#279,.T.);
#2897=EDGE_CURVE('',#2303,#2304,#1418,.T.);
#2898=EDGE_CURVE('',#2304,#2305,#280,.T.);
#2899=EDGE_CURVE('',#2305,#2306,#1419,.T.);
#2900=EDGE_CURVE('',#2306,#2281,#1420,.T.);
#2901=EDGE_CURVE('',#2307,#2282,#1421,.T.);
#2902=EDGE_CURVE('',#2308,#2307,#1422,.T.);
#2903=EDGE_CURVE('',#2308,#2304,#281,.T.);
#2904=EDGE_CURVE('',#2309,#2307,#282,.T.);
#2905=EDGE_CURVE('',#2286,#2309,#157,.T.);
#2906=EDGE_CURVE('',#2310,#2306,#283,.T.);
#2907=EDGE_CURVE('',#2310,#2284,#158,.T.);
#2908=EDGE_CURVE('',#2311,#2312,#1423,.T.);
#2909=EDGE_CURVE('',#2283,#2312,#1424,.T.);
#2910=EDGE_CURVE('',#2311,#2310,#1425,.T.);
#2911=EDGE_CURVE('',#2313,#2313,#284,.T.);
#2912=EDGE_CURVE('',#2314,#2312,#1426,.T.);
#2913=EDGE_CURVE('',#2285,#2314,#1427,.T.);
#2914=EDGE_CURVE('',#2315,#2314,#1428,.T.);
#2915=EDGE_CURVE('',#2315,#2309,#1429,.T.);
#2916=EDGE_CURVE('',#2316,#2316,#285,.T.);
#2917=EDGE_CURVE('',#2317,#2317,#286,.T.);
#2918=EDGE_CURVE('',#2317,#2288,#1430,.T.);
#2919=EDGE_CURVE('',#2318,#2289,#1431,.T.);
#2920=EDGE_CURVE('',#2319,#2318,#1432,.T.);
#2921=EDGE_CURVE('',#2319,#2320,#287,.T.);
#2922=EDGE_CURVE('',#2320,#2321,#1433,.T.);
#2923=EDGE_CURVE('',#2321,#2287,#1434,.T.);
#2924=EDGE_CURVE('',#2322,#2321,#288,.T.);
#2925=EDGE_CURVE('',#2290,#2322,#159,.T.);
#2926=EDGE_CURVE('',#2323,#2318,#289,.T.);
#2927=EDGE_CURVE('',#2323,#2293,#160,.T.);
#2928=EDGE_CURVE('',#2291,#2324,#1435,.T.);
#2929=EDGE_CURVE('',#2325,#2322,#1436,.T.);
#2930=EDGE_CURVE('',#2325,#2324,#1437,.T.);
#2931=EDGE_CURVE('',#2326,#2326,#290,.T.);
#2932=EDGE_CURVE('',#2324,#2327,#1438,.T.);
#2933=EDGE_CURVE('',#2292,#2327,#1439,.T.);
#2934=EDGE_CURVE('',#2328,#2327,#1440,.T.);
#2935=EDGE_CURVE('',#2328,#2323,#1441,.T.);
#2936=EDGE_CURVE('',#2329,#2329,#291,.T.);
#2937=EDGE_CURVE('',#2294,#2330,#1442,.T.);
#2938=EDGE_CURVE('',#2330,#2331,#1443,.T.);
#2939=EDGE_CURVE('',#2295,#2331,#1444,.T.);
#2940=EDGE_CURVE('',#2332,#2332,#292,.T.);
#2941=EDGE_CURVE('',#2331,#2333,#1445,.T.);
#2942=EDGE_CURVE('',#2296,#2333,#1446,.T.);
#2943=EDGE_CURVE('',#2333,#2334,#1447,.T.);
#2944=EDGE_CURVE('',#2297,#2334,#1448,.T.);
#2945=EDGE_CURVE('',#2335,#2335,#293,.T.);
#2946=EDGE_CURVE('',#2334,#2330,#1449,.T.);
#2947=EDGE_CURVE('',#2298,#2336,#1450,.T.);
#2948=EDGE_CURVE('',#2336,#2337,#1451,.T.);
#2949=EDGE_CURVE('',#2299,#2337,#1452,.T.);
#2950=EDGE_CURVE('',#2338,#2338,#294,.T.);
#2951=EDGE_CURVE('',#2337,#2339,#1453,.T.);
#2952=EDGE_CURVE('',#2300,#2339,#1454,.T.);
#2953=EDGE_CURVE('',#2339,#2340,#1455,.T.);
#2954=EDGE_CURVE('',#2301,#2340,#1456,.T.);
#2955=EDGE_CURVE('',#2341,#2341,#295,.T.);
#2956=EDGE_CURVE('',#2340,#2336,#1457,.T.);
#2957=EDGE_CURVE('',#2342,#2342,#296,.T.);
#2958=EDGE_CURVE('',#2342,#2072,#1458,.T.);
#2959=EDGE_CURVE('',#2343,#2343,#297,.T.);
#2960=EDGE_CURVE('',#2343,#2071,#1459,.T.);
#2961=EDGE_CURVE('',#2280,#2344,#1460,.T.);
#2962=EDGE_CURVE('',#2344,#2344,#298,.T.);
#2963=EDGE_CURVE('',#2345,#2345,#299,.T.);
#2964=EDGE_CURVE('',#2345,#2155,#1461,.T.);
#2965=EDGE_CURVE('',#2302,#2346,#1462,.T.);
#2966=EDGE_CURVE('',#2346,#2346,#300,.T.);
#2967=EDGE_CURVE('',#2206,#2347,#1463,.T.);
#2968=EDGE_CURVE('',#2347,#2348,#1464,.T.);
#2969=EDGE_CURVE('',#2207,#2348,#1465,.T.);
#2970=EDGE_CURVE('',#2209,#2349,#1466,.T.);
#2971=EDGE_CURVE('',#2349,#2347,#1467,.T.);
#2972=EDGE_CURVE('',#2348,#2350,#1468,.T.);
#2973=EDGE_CURVE('',#2208,#2350,#1469,.T.);
#2974=EDGE_CURVE('',#2350,#2349,#1470,.T.);
#2975=EDGE_CURVE('',#2077,#2351,#1471,.T.);
#2976=EDGE_CURVE('',#2078,#2352,#1472,.T.);
#2977=EDGE_CURVE('',#2351,#2352,#1473,.T.);
#2978=EDGE_CURVE('',#2079,#2353,#1474,.T.);
#2979=EDGE_CURVE('',#2353,#2351,#1475,.T.);
#2980=EDGE_CURVE('',#2080,#2354,#1476,.T.);
#2981=EDGE_CURVE('',#2352,#2354,#1477,.T.);
#2982=EDGE_CURVE('',#2354,#2353,#1478,.T.);
#2983=EDGE_CURVE('',#2315,#2308,#161,.F.);
#2984=EDGE_CURVE('',#2303,#2355,#1479,.T.);
#2985=EDGE_CURVE('',#2355,#2355,#301,.T.);
#2986=EDGE_CURVE('',#2315,#2311,#302,.T.);
#2987=EDGE_CURVE('',#2311,#2305,#162,.F.);
#2988=EDGE_CURVE('',#2315,#2311,#1480,.T.);
#2989=EDGE_CURVE('',#2313,#2356,#1481,.T.);
#2990=EDGE_CURVE('',#2356,#2356,#303,.T.);
#2991=EDGE_CURVE('',#2332,#2316,#1482,.T.);
#2992=EDGE_CURVE('',#2325,#2320,#163,.F.);
#2993=EDGE_CURVE('',#2328,#2319,#164,.F.);
#2994=EDGE_CURVE('',#2328,#2325,#304,.T.);
#2995=EDGE_CURVE('',#2317,#2357,#1483,.T.);
#2996=EDGE_CURVE('',#2357,#2357,#305,.T.);
#2997=EDGE_CURVE('',#2325,#2328,#1484,.T.);
#2998=EDGE_CURVE('',#2338,#2326,#1485,.T.);
#2999=EDGE_CURVE('',#2329,#2358,#1486,.T.);
#3000=EDGE_CURVE('',#2358,#2358,#306,.T.);
#3001=EDGE_CURVE('',#2359,#2359,#307,.T.);
#3002=EDGE_CURVE('',#2359,#2335,#1487,.T.);
#3003=EDGE_CURVE('',#2360,#2360,#308,.T.);
#3004=EDGE_CURVE('',#2360,#2341,#1488,.T.);
#3005=EDGE_CURVE('',#2361,#2361,#309,.T.);
#3006=EDGE_CURVE('',#2361,#2342,#1489,.T.);
#3007=EDGE_CURVE('',#2362,#2362,#310,.T.);
#3008=EDGE_CURVE('',#2362,#2343,#1490,.T.);
#3009=EDGE_CURVE('',#2363,#2363,#311,.T.);
#3010=EDGE_CURVE('',#2364,#2364,#312,.T.);
#3011=EDGE_CURVE('',#2364,#2345,#1491,.T.);
#3012=EDGE_CURVE('',#2365,#2365,#313,.T.);
#3013=EDGE_CURVE('',#2365,#2151,#1492,.T.);
#3014=EDGE_CURVE('',#2366,#2366,#314,.T.);
#3015=EDGE_CURVE('',#2366,#2152,#1493,.T.);
#3016=EDGE_CURVE('',#2367,#2367,#315,.T.);
#3017=EDGE_CURVE('',#2367,#2153,#1494,.T.);
#3018=EDGE_CURVE('',#2368,#2368,#316,.T.);
#3019=EDGE_CURVE('',#2368,#2154,#1495,.T.);
#3020=EDGE_CURVE('',#2369,#2369,#317,.T.);
#3021=EDGE_CURVE('',#2369,#2110,#1496,.T.);
#3022=EDGE_CURVE('',#2370,#2370,#318,.T.);
#3023=EDGE_CURVE('',#2370,#2111,#1497,.T.);
#3024=EDGE_CURVE('',#2371,#2371,#319,.T.);
#3025=EDGE_CURVE('',#2371,#2112,#1498,.T.);
#3026=EDGE_CURVE('',#2372,#2372,#320,.T.);
#3027=EDGE_CURVE('',#2372,#2109,#1499,.T.);
#3028=EDGE_CURVE('',#2373,#2373,#321,.T.);
#3029=EDGE_CURVE('',#2348,#2374,#1500,.T.);
#3030=EDGE_CURVE('',#2347,#2375,#1501,.T.);
#3031=EDGE_CURVE('',#2375,#2374,#1502,.T.);
#3032=EDGE_CURVE('',#2349,#2376,#1503,.T.);
#3033=EDGE_CURVE('',#2377,#2376,#322,.T.);
#3034=EDGE_CURVE('',#2375,#2377,#323,.T.);
#3035=EDGE_CURVE('',#2350,#2378,#1504,.T.);
#3036=EDGE_CURVE('',#2379,#2374,#324,.T.);
#3037=EDGE_CURVE('',#2378,#2379,#325,.T.);
#3038=EDGE_CURVE('',#2378,#2376,#1505,.T.);
#3039=EDGE_CURVE('',#2352,#2380,#1506,.T.);
#3040=EDGE_CURVE('',#2381,#2380,#326,.T.);
#3041=EDGE_CURVE('',#2351,#2381,#1507,.T.);
#3042=EDGE_CURVE('',#2381,#2382,#1508,.T.);
#3043=EDGE_CURVE('',#2353,#2382,#1509,.T.);
#3044=EDGE_CURVE('',#2354,#2383,#1510,.T.);
#3045=EDGE_CURVE('',#2383,#2380,#1511,.T.);
#3046=EDGE_CURVE('',#2383,#2382,#327,.T.);
#3047=EDGE_CURVE('',#2384,#2384,#328,.T.);
#3048=EDGE_CURVE('',#2385,#2385,#329,.T.);
#3049=EDGE_CURVE('',#2363,#2386,#1512,.T.);
#3050=EDGE_CURVE('',#2386,#2386,#330,.T.);
#3051=EDGE_CURVE('',#2387,#2387,#331,.T.);
#3052=EDGE_CURVE('',#2388,#2388,#332,.T.);
#3053=EDGE_CURVE('',#2388,#2365,#1513,.T.);
#3054=EDGE_CURVE('',#2389,#2389,#333,.T.);
#3055=EDGE_CURVE('',#2389,#2366,#1514,.T.);
#3056=EDGE_CURVE('',#2390,#2390,#334,.T.);
#3057=EDGE_CURVE('',#2390,#2367,#1515,.T.);
#3058=EDGE_CURVE('',#2391,#2391,#335,.T.);
#3059=EDGE_CURVE('',#2391,#2368,#1516,.T.);
#3060=EDGE_CURVE('',#2392,#2392,#336,.T.);
#3061=EDGE_CURVE('',#2392,#2369,#1517,.T.);
#3062=EDGE_CURVE('',#2393,#2393,#337,.T.);
#3063=EDGE_CURVE('',#2393,#2370,#1518,.T.);
#3064=EDGE_CURVE('',#2394,#2394,#338,.T.);
#3065=EDGE_CURVE('',#2394,#2371,#1519,.T.);
#3066=EDGE_CURVE('',#2395,#2395,#339,.T.);
#3067=EDGE_CURVE('',#2395,#2372,#1520,.T.);
#3068=EDGE_CURVE('',#2387,#2373,#1521,.T.);
#3069=EDGE_CURVE('',#2396,#2396,#340,.T.);
#3070=EDGE_CURVE('',#2396,#2379,#1522,.T.);
#3071=EDGE_CURVE('',#2377,#2385,#1523,.T.);
#3072=EDGE_CURVE('',#2397,#2397,#341,.T.);
#3073=EDGE_CURVE('',#2397,#2384,#1524,.T.);
#3074=EDGE_CURVE('',#2398,#2398,#342,.T.);
#3075=EDGE_CURVE('',#2399,#2399,#343,.T.);
#3076=EDGE_CURVE('',#2400,#2400,#344,.T.);
#3077=EDGE_CURVE('',#2401,#2401,#345,.T.);
#3078=EDGE_CURVE('',#2402,#2402,#346,.T.);
#3079=EDGE_CURVE('',#2403,#2403,#347,.T.);
#3080=EDGE_CURVE('',#2404,#2404,#348,.T.);
#3081=EDGE_CURVE('',#2404,#2398,#1525,.T.);
#3082=EDGE_CURVE('',#2405,#2405,#349,.T.);
#3083=EDGE_CURVE('',#2405,#2399,#1526,.T.);
#3084=EDGE_CURVE('',#2406,#2406,#350,.T.);
#3085=EDGE_CURVE('',#2406,#2400,#1527,.T.);
#3086=EDGE_CURVE('',#2407,#2407,#351,.T.);
#3087=EDGE_CURVE('',#2407,#2401,#1528,.T.);
#3088=EDGE_CURVE('',#2408,#2408,#352,.T.);
#3089=EDGE_CURVE('',#2408,#2402,#1529,.T.);
#3090=EDGE_CURVE('',#2409,#2409,#353,.T.);
#3091=EDGE_CURVE('',#2409,#2403,#1530,.T.);
#3092=EDGE_CURVE('',#2410,#2410,#354,.T.);
#3093=EDGE_CURVE('',#2410,#2404,#1531,.T.);
#3094=EDGE_CURVE('',#2411,#2411,#355,.T.);
#3095=EDGE_CURVE('',#2411,#2405,#1532,.T.);
#3096=EDGE_CURVE('',#2412,#2412,#356,.T.);
#3097=EDGE_CURVE('',#2412,#2406,#1533,.T.);
#3098=EDGE_CURVE('',#2413,#2413,#357,.T.);
#3099=EDGE_CURVE('',#2413,#2407,#1534,.T.);
#3100=EDGE_CURVE('',#2414,#2414,#358,.T.);
#3101=EDGE_CURVE('',#2414,#2408,#1535,.T.);
#3102=EDGE_CURVE('',#2415,#2415,#359,.T.);
#3103=EDGE_CURVE('',#2415,#2409,#1536,.T.);
#3104=ORIENTED_EDGE('',*,*,#2416,.F.);
#3105=ORIENTED_EDGE('',*,*,#2417,.T.);
#3106=ORIENTED_EDGE('',*,*,#2418,.F.);
#3107=ORIENTED_EDGE('',*,*,#2419,.F.);
#3108=ORIENTED_EDGE('',*,*,#2420,.T.);
#3109=ORIENTED_EDGE('',*,*,#2416,.T.);
#3110=ORIENTED_EDGE('',*,*,#2421,.T.);
#3111=ORIENTED_EDGE('',*,*,#2422,.T.);
#3112=ORIENTED_EDGE('',*,*,#2423,.T.);
#3113=ORIENTED_EDGE('',*,*,#2424,.F.);
#3114=ORIENTED_EDGE('',*,*,#2425,.T.);
#3115=ORIENTED_EDGE('',*,*,#2426,.F.);
#3116=ORIENTED_EDGE('',*,*,#2427,.T.);
#3117=ORIENTED_EDGE('',*,*,#2428,.T.);
#3118=ORIENTED_EDGE('',*,*,#2429,.F.);
#3119=ORIENTED_EDGE('',*,*,#2430,.T.);
#3120=ORIENTED_EDGE('',*,*,#2419,.T.);
#3121=ORIENTED_EDGE('',*,*,#2431,.F.);
#3122=ORIENTED_EDGE('',*,*,#2432,.T.);
#3123=ORIENTED_EDGE('',*,*,#2421,.F.);
#3124=ORIENTED_EDGE('',*,*,#2422,.F.);
#3125=ORIENTED_EDGE('',*,*,#2432,.F.);
#3126=ORIENTED_EDGE('',*,*,#2433,.F.);
#3127=ORIENTED_EDGE('',*,*,#2434,.T.);
#3128=ORIENTED_EDGE('',*,*,#2435,.T.);
#3129=ORIENTED_EDGE('',*,*,#2436,.T.);
#3130=ORIENTED_EDGE('',*,*,#2437,.F.);
#3131=ORIENTED_EDGE('',*,*,#2424,.T.);
#3132=ORIENTED_EDGE('',*,*,#2438,.F.);
#3133=ORIENTED_EDGE('',*,*,#2439,.T.);
#3134=ORIENTED_EDGE('',*,*,#2440,.F.);
#3135=ORIENTED_EDGE('',*,*,#2441,.T.);
#3136=ORIENTED_EDGE('',*,*,#2442,.T.);
#3137=ORIENTED_EDGE('',*,*,#2443,.T.);
#3138=ORIENTED_EDGE('',*,*,#2444,.T.);
#3139=ORIENTED_EDGE('',*,*,#2445,.T.);
#3140=ORIENTED_EDGE('',*,*,#2446,.T.);
#3141=ORIENTED_EDGE('',*,*,#2447,.T.);
#3142=ORIENTED_EDGE('',*,*,#2444,.F.);
#3143=ORIENTED_EDGE('',*,*,#2448,.T.);
#3144=ORIENTED_EDGE('',*,*,#2449,.T.);
#3145=ORIENTED_EDGE('',*,*,#2450,.T.);
#3146=ORIENTED_EDGE('',*,*,#2446,.F.);
#3147=ORIENTED_EDGE('',*,*,#2451,.T.);
#3148=ORIENTED_EDGE('',*,*,#2452,.T.);
#3149=ORIENTED_EDGE('',*,*,#2453,.T.);
#3150=ORIENTED_EDGE('',*,*,#2449,.F.);
#3151=ORIENTED_EDGE('',*,*,#2454,.T.);
#3152=ORIENTED_EDGE('',*,*,#2455,.T.);
#3153=ORIENTED_EDGE('',*,*,#2456,.T.);
#3154=ORIENTED_EDGE('',*,*,#2452,.F.);
#3155=ORIENTED_EDGE('',*,*,#2457,.T.);
#3156=ORIENTED_EDGE('',*,*,#2458,.T.);
#3157=ORIENTED_EDGE('',*,*,#2459,.T.);
#3158=ORIENTED_EDGE('',*,*,#2455,.F.);
#3159=ORIENTED_EDGE('',*,*,#2460,.T.);
#3160=ORIENTED_EDGE('',*,*,#2461,.T.);
#3161=ORIENTED_EDGE('',*,*,#2462,.T.);
#3162=ORIENTED_EDGE('',*,*,#2458,.F.);
#3163=ORIENTED_EDGE('',*,*,#2463,.T.);
#3164=ORIENTED_EDGE('',*,*,#2464,.T.);
#3165=ORIENTED_EDGE('',*,*,#2465,.T.);
#3166=ORIENTED_EDGE('',*,*,#2461,.F.);
#3167=ORIENTED_EDGE('',*,*,#2466,.T.);
#3168=ORIENTED_EDGE('',*,*,#2464,.F.);
#3169=ORIENTED_EDGE('',*,*,#2467,.T.);
#3170=ORIENTED_EDGE('',*,*,#2468,.T.);
#3171=ORIENTED_EDGE('',*,*,#2469,.T.);
#3172=ORIENTED_EDGE('',*,*,#2468,.F.);
#3173=ORIENTED_EDGE('',*,*,#2470,.T.);
#3174=ORIENTED_EDGE('',*,*,#2471,.T.);
#3175=ORIENTED_EDGE('',*,*,#2472,.T.);
#3176=ORIENTED_EDGE('',*,*,#2471,.F.);
#3177=ORIENTED_EDGE('',*,*,#2473,.T.);
#3178=ORIENTED_EDGE('',*,*,#2474,.T.);
#3179=ORIENTED_EDGE('',*,*,#2475,.T.);
#3180=ORIENTED_EDGE('',*,*,#2476,.T.);
#3181=ORIENTED_EDGE('',*,*,#2474,.F.);
#3182=ORIENTED_EDGE('',*,*,#2477,.T.);
#3183=ORIENTED_EDGE('',*,*,#2478,.T.);
#3184=ORIENTED_EDGE('',*,*,#2479,.T.);
#3185=ORIENTED_EDGE('',*,*,#2480,.T.);
#3186=ORIENTED_EDGE('',*,*,#2481,.T.);
#3187=ORIENTED_EDGE('',*,*,#2478,.F.);
#3188=ORIENTED_EDGE('',*,*,#2482,.F.);
#3189=ORIENTED_EDGE('',*,*,#2426,.T.);
#3190=ORIENTED_EDGE('',*,*,#2480,.F.);
#3191=ORIENTED_EDGE('',*,*,#2483,.T.);
#3192=ORIENTED_EDGE('',*,*,#2484,.F.);
#3193=ORIENTED_EDGE('',*,*,#2483,.F.);
#3194=ORIENTED_EDGE('',*,*,#2479,.F.);
#3195=ORIENTED_EDGE('',*,*,#2477,.F.);
#3196=ORIENTED_EDGE('',*,*,#2485,.F.);
#3197=ORIENTED_EDGE('',*,*,#2486,.T.);
#3198=ORIENTED_EDGE('',*,*,#2487,.F.);
#3199=ORIENTED_EDGE('',*,*,#2488,.F.);
#3200=ORIENTED_EDGE('',*,*,#2489,.F.);
#3201=ORIENTED_EDGE('',*,*,#2428,.F.);
#3202=ORIENTED_EDGE('',*,*,#2490,.T.);
#3203=ORIENTED_EDGE('',*,*,#2491,.T.);
#3204=ORIENTED_EDGE('',*,*,#2492,.T.);
#3205=ORIENTED_EDGE('',*,*,#2493,.T.);
#3206=ORIENTED_EDGE('',*,*,#2494,.F.);
#3207=ORIENTED_EDGE('',*,*,#2495,.F.);
#3208=ORIENTED_EDGE('',*,*,#2496,.T.);
#3209=ORIENTED_EDGE('',*,*,#2497,.T.);
#3210=ORIENTED_EDGE('',*,*,#2498,.T.);
#3211=ORIENTED_EDGE('',*,*,#2499,.T.);
#3212=ORIENTED_EDGE('',*,*,#2500,.F.);
#3213=ORIENTED_EDGE('',*,*,#2501,.F.);
#3214=ORIENTED_EDGE('',*,*,#2473,.F.);
#3215=ORIENTED_EDGE('',*,*,#2502,.T.);
#3216=ORIENTED_EDGE('',*,*,#2503,.T.);
#3217=ORIENTED_EDGE('',*,*,#2485,.T.);
#3218=ORIENTED_EDGE('',*,*,#2470,.F.);
#3219=ORIENTED_EDGE('',*,*,#2504,.T.);
#3220=ORIENTED_EDGE('',*,*,#2505,.T.);
#3221=ORIENTED_EDGE('',*,*,#2502,.F.);
#3222=ORIENTED_EDGE('',*,*,#2467,.F.);
#3223=ORIENTED_EDGE('',*,*,#2506,.T.);
#3224=ORIENTED_EDGE('',*,*,#2507,.T.);
#3225=ORIENTED_EDGE('',*,*,#2508,.T.);
#3226=ORIENTED_EDGE('',*,*,#2509,.F.);
#3227=ORIENTED_EDGE('',*,*,#2510,.F.);
#3228=ORIENTED_EDGE('',*,*,#2511,.F.);
#3229=ORIENTED_EDGE('',*,*,#2504,.F.);
#3230=ORIENTED_EDGE('',*,*,#2512,.F.);
#3231=ORIENTED_EDGE('',*,*,#2513,.F.);
#3232=ORIENTED_EDGE('',*,*,#2466,.F.);
#3233=ORIENTED_EDGE('',*,*,#2514,.T.);
#3234=ORIENTED_EDGE('',*,*,#2515,.T.);
#3235=ORIENTED_EDGE('',*,*,#2506,.F.);
#3236=ORIENTED_EDGE('',*,*,#2463,.F.);
#3237=ORIENTED_EDGE('',*,*,#2516,.T.);
#3238=ORIENTED_EDGE('',*,*,#2517,.T.);
#3239=ORIENTED_EDGE('',*,*,#2514,.F.);
#3240=ORIENTED_EDGE('',*,*,#2460,.F.);
#3241=ORIENTED_EDGE('',*,*,#2518,.T.);
#3242=ORIENTED_EDGE('',*,*,#2519,.T.);
#3243=ORIENTED_EDGE('',*,*,#2516,.F.);
#3244=ORIENTED_EDGE('',*,*,#2457,.F.);
#3245=ORIENTED_EDGE('',*,*,#2520,.F.);
#3246=ORIENTED_EDGE('',*,*,#2521,.T.);
#3247=ORIENTED_EDGE('',*,*,#2518,.F.);
#3248=ORIENTED_EDGE('',*,*,#2522,.F.);
#3249=ORIENTED_EDGE('',*,*,#2523,.F.);
#3250=ORIENTED_EDGE('',*,*,#2524,.F.);
#3251=ORIENTED_EDGE('',*,*,#2525,.F.);
#3252=ORIENTED_EDGE('',*,*,#2454,.F.);
#3253=ORIENTED_EDGE('',*,*,#2526,.F.);
#3254=ORIENTED_EDGE('',*,*,#2527,.T.);
#3255=ORIENTED_EDGE('',*,*,#2520,.T.);
#3256=ORIENTED_EDGE('',*,*,#2451,.F.);
#3257=ORIENTED_EDGE('',*,*,#2528,.F.);
#3258=ORIENTED_EDGE('',*,*,#2529,.T.);
#3259=ORIENTED_EDGE('',*,*,#2526,.T.);
#3260=ORIENTED_EDGE('',*,*,#2448,.F.);
#3261=ORIENTED_EDGE('',*,*,#2530,.F.);
#3262=ORIENTED_EDGE('',*,*,#2531,.T.);
#3263=ORIENTED_EDGE('',*,*,#2528,.T.);
#3264=ORIENTED_EDGE('',*,*,#2443,.F.);
#3265=ORIENTED_EDGE('',*,*,#2532,.F.);
#3266=ORIENTED_EDGE('',*,*,#2533,.T.);
#3267=ORIENTED_EDGE('',*,*,#2530,.T.);
#3268=ORIENTED_EDGE('',*,*,#2534,.T.);
#3269=ORIENTED_EDGE('',*,*,#2429,.T.);
#3270=ORIENTED_EDGE('',*,*,#2489,.T.);
#3271=ORIENTED_EDGE('',*,*,#2535,.T.);
#3272=ORIENTED_EDGE('',*,*,#2536,.T.);
#3273=ORIENTED_EDGE('',*,*,#2537,.T.);
#3274=ORIENTED_EDGE('',*,*,#2538,.T.);
#3275=ORIENTED_EDGE('',*,*,#2539,.T.);
#3276=ORIENTED_EDGE('',*,*,#2538,.F.);
#3277=ORIENTED_EDGE('',*,*,#2540,.T.);
#3278=ORIENTED_EDGE('',*,*,#2541,.T.);
#3279=ORIENTED_EDGE('',*,*,#2542,.T.);
#3280=ORIENTED_EDGE('',*,*,#2541,.F.);
#3281=ORIENTED_EDGE('',*,*,#2543,.T.);
#3282=ORIENTED_EDGE('',*,*,#2544,.T.);
#3283=ORIENTED_EDGE('',*,*,#2545,.T.);
#3284=ORIENTED_EDGE('',*,*,#2544,.F.);
#3285=ORIENTED_EDGE('',*,*,#2546,.T.);
#3286=ORIENTED_EDGE('',*,*,#2547,.T.);
#3287=ORIENTED_EDGE('',*,*,#2548,.T.);
#3288=ORIENTED_EDGE('',*,*,#2547,.F.);
#3289=ORIENTED_EDGE('',*,*,#2549,.T.);
#3290=ORIENTED_EDGE('',*,*,#2550,.T.);
#3291=ORIENTED_EDGE('',*,*,#2551,.T.);
#3292=ORIENTED_EDGE('',*,*,#2550,.F.);
#3293=ORIENTED_EDGE('',*,*,#2552,.T.);
#3294=ORIENTED_EDGE('',*,*,#2553,.T.);
#3295=ORIENTED_EDGE('',*,*,#2554,.T.);
#3296=ORIENTED_EDGE('',*,*,#2553,.F.);
#3297=ORIENTED_EDGE('',*,*,#2555,.T.);
#3298=ORIENTED_EDGE('',*,*,#2556,.T.);
#3299=ORIENTED_EDGE('',*,*,#2557,.T.);
#3300=ORIENTED_EDGE('',*,*,#2558,.T.);
#3301=ORIENTED_EDGE('',*,*,#2559,.T.);
#3302=ORIENTED_EDGE('',*,*,#2556,.F.);
#3303=ORIENTED_EDGE('',*,*,#2560,.T.);
#3304=ORIENTED_EDGE('',*,*,#2558,.F.);
#3305=ORIENTED_EDGE('',*,*,#2561,.T.);
#3306=ORIENTED_EDGE('',*,*,#2562,.T.);
#3307=ORIENTED_EDGE('',*,*,#2509,.T.);
#3308=ORIENTED_EDGE('',*,*,#2563,.T.);
#3309=ORIENTED_EDGE('',*,*,#2564,.T.);
#3310=ORIENTED_EDGE('',*,*,#2562,.F.);
#3311=ORIENTED_EDGE('',*,*,#2565,.T.);
#3312=ORIENTED_EDGE('',*,*,#2566,.T.);
#3313=ORIENTED_EDGE('',*,*,#2567,.T.);
#3314=ORIENTED_EDGE('',*,*,#2563,.F.);
#3315=ORIENTED_EDGE('',*,*,#2568,.T.);
#3316=ORIENTED_EDGE('',*,*,#2488,.T.);
#3317=ORIENTED_EDGE('',*,*,#2566,.F.);
#3318=ORIENTED_EDGE('',*,*,#2569,.T.);
#3319=ORIENTED_EDGE('',*,*,#2535,.F.);
#3320=ORIENTED_EDGE('',*,*,#2570,.T.);
#3321=ORIENTED_EDGE('',*,*,#2430,.F.);
#3322=ORIENTED_EDGE('',*,*,#2571,.F.);
#3323=ORIENTED_EDGE('',*,*,#2439,.F.);
#3324=ORIENTED_EDGE('',*,*,#2572,.T.);
#3325=ORIENTED_EDGE('',*,*,#2433,.T.);
#3326=ORIENTED_EDGE('',*,*,#2431,.T.);
#3327=ORIENTED_EDGE('',*,*,#2418,.T.);
#3328=ORIENTED_EDGE('',*,*,#2534,.F.);
#3329=ORIENTED_EDGE('',*,*,#2573,.F.);
#3330=ORIENTED_EDGE('',*,*,#2574,.F.);
#3331=ORIENTED_EDGE('',*,*,#2571,.T.);
#3332=ORIENTED_EDGE('',*,*,#2569,.F.);
#3333=ORIENTED_EDGE('',*,*,#2568,.F.);
#3334=ORIENTED_EDGE('',*,*,#2565,.F.);
#3335=ORIENTED_EDGE('',*,*,#2561,.F.);
#3336=ORIENTED_EDGE('',*,*,#2560,.F.);
#3337=ORIENTED_EDGE('',*,*,#2555,.F.);
#3338=ORIENTED_EDGE('',*,*,#2552,.F.);
#3339=ORIENTED_EDGE('',*,*,#2549,.F.);
#3340=ORIENTED_EDGE('',*,*,#2546,.F.);
#3341=ORIENTED_EDGE('',*,*,#2543,.F.);
#3342=ORIENTED_EDGE('',*,*,#2540,.F.);
#3343=ORIENTED_EDGE('',*,*,#2537,.F.);
#3344=ORIENTED_EDGE('',*,*,#2575,.T.);
#3345=ORIENTED_EDGE('',*,*,#2576,.F.);
#3346=ORIENTED_EDGE('',*,*,#2573,.T.);
#3347=ORIENTED_EDGE('',*,*,#2577,.F.);
#3348=ORIENTED_EDGE('',*,*,#2578,.F.);
#3349=ORIENTED_EDGE('',*,*,#2579,.F.);
#3350=ORIENTED_EDGE('',*,*,#2580,.F.);
#3351=ORIENTED_EDGE('',*,*,#2581,.T.);
#3352=ORIENTED_EDGE('',*,*,#2437,.T.);
#3353=ORIENTED_EDGE('',*,*,#2582,.T.);
#3354=ORIENTED_EDGE('',*,*,#2583,.T.);
#3355=ORIENTED_EDGE('',*,*,#2584,.T.);
#3356=ORIENTED_EDGE('',*,*,#2585,.T.);
#3357=ORIENTED_EDGE('',*,*,#2586,.T.);
#3358=ORIENTED_EDGE('',*,*,#2583,.F.);
#3359=ORIENTED_EDGE('',*,*,#2481,.F.);
#3360=ORIENTED_EDGE('',*,*,#2425,.F.);
#3361=ORIENTED_EDGE('',*,*,#2581,.F.);
#3362=ORIENTED_EDGE('',*,*,#2587,.F.);
#3363=ORIENTED_EDGE('',*,*,#2576,.T.);
#3364=ORIENTED_EDGE('',*,*,#2588,.T.);
#3365=ORIENTED_EDGE('',*,*,#2589,.T.);
#3366=ORIENTED_EDGE('',*,*,#2590,.T.);
#3367=ORIENTED_EDGE('',*,*,#2591,.T.);
#3368=ORIENTED_EDGE('',*,*,#2440,.T.);
#3369=ORIENTED_EDGE('',*,*,#2574,.T.);
#3370=ORIENTED_EDGE('',*,*,#2590,.F.);
#3371=ORIENTED_EDGE('',*,*,#2592,.F.);
#3372=ORIENTED_EDGE('',*,*,#2441,.F.);
#3373=ORIENTED_EDGE('',*,*,#2591,.F.);
#3374=ORIENTED_EDGE('',*,*,#2589,.F.);
#3375=ORIENTED_EDGE('',*,*,#2593,.F.);
#3376=ORIENTED_EDGE('',*,*,#2594,.F.);
#3377=ORIENTED_EDGE('',*,*,#2595,.F.);
#3378=ORIENTED_EDGE('',*,*,#2596,.F.);
#3379=ORIENTED_EDGE('',*,*,#2597,.F.);
#3380=ORIENTED_EDGE('',*,*,#2584,.F.);
#3381=ORIENTED_EDGE('',*,*,#2582,.F.);
#3382=ORIENTED_EDGE('',*,*,#2436,.F.);
#3383=ORIENTED_EDGE('',*,*,#2598,.T.);
#3384=ORIENTED_EDGE('',*,*,#2599,.T.);
#3385=ORIENTED_EDGE('',*,*,#2600,.T.);
#3386=ORIENTED_EDGE('',*,*,#2601,.T.);
#3387=ORIENTED_EDGE('',*,*,#2602,.T.);
#3388=ORIENTED_EDGE('',*,*,#2603,.T.);
#3389=ORIENTED_EDGE('',*,*,#2600,.F.);
#3390=ORIENTED_EDGE('',*,*,#2604,.T.);
#3391=ORIENTED_EDGE('',*,*,#2605,.T.);
#3392=ORIENTED_EDGE('',*,*,#2606,.T.);
#3393=ORIENTED_EDGE('',*,*,#2602,.F.);
#3394=ORIENTED_EDGE('',*,*,#2607,.T.);
#3395=ORIENTED_EDGE('',*,*,#2605,.F.);
#3396=ORIENTED_EDGE('',*,*,#2608,.T.);
#3397=ORIENTED_EDGE('',*,*,#2609,.T.);
#3398=ORIENTED_EDGE('',*,*,#2610,.T.);
#3399=ORIENTED_EDGE('',*,*,#2609,.F.);
#3400=ORIENTED_EDGE('',*,*,#2611,.T.);
#3401=ORIENTED_EDGE('',*,*,#2612,.T.);
#3402=ORIENTED_EDGE('',*,*,#2613,.T.);
#3403=ORIENTED_EDGE('',*,*,#2612,.F.);
#3404=ORIENTED_EDGE('',*,*,#2614,.T.);
#3405=ORIENTED_EDGE('',*,*,#2615,.T.);
#3406=ORIENTED_EDGE('',*,*,#2616,.T.);
#3407=ORIENTED_EDGE('',*,*,#2617,.T.);
#3408=ORIENTED_EDGE('',*,*,#2615,.F.);
#3409=ORIENTED_EDGE('',*,*,#2594,.T.);
#3410=ORIENTED_EDGE('',*,*,#2618,.T.);
#3411=ORIENTED_EDGE('',*,*,#2588,.F.);
#3412=ORIENTED_EDGE('',*,*,#2619,.T.);
#3413=ORIENTED_EDGE('',*,*,#2618,.F.);
#3414=ORIENTED_EDGE('',*,*,#2593,.T.);
#3415=ORIENTED_EDGE('',*,*,#2601,.F.);
#3416=ORIENTED_EDGE('',*,*,#2603,.F.);
#3417=ORIENTED_EDGE('',*,*,#2606,.F.);
#3418=ORIENTED_EDGE('',*,*,#2610,.F.);
#3419=ORIENTED_EDGE('',*,*,#2613,.F.);
#3420=ORIENTED_EDGE('',*,*,#2616,.F.);
#3421=ORIENTED_EDGE('',*,*,#2617,.F.);
#3422=ORIENTED_EDGE('',*,*,#2620,.F.);
#3423=ORIENTED_EDGE('',*,*,#2621,.F.);
#3424=ORIENTED_EDGE('',*,*,#2622,.F.);
#3425=ORIENTED_EDGE('',*,*,#2619,.F.);
#3426=ORIENTED_EDGE('',*,*,#2575,.F.);
#3427=ORIENTED_EDGE('',*,*,#2536,.F.);
#3428=ORIENTED_EDGE('',*,*,#2620,.T.);
#3429=ORIENTED_EDGE('',*,*,#2585,.F.);
#3430=ORIENTED_EDGE('',*,*,#2597,.T.);
#3431=ORIENTED_EDGE('',*,*,#2623,.T.);
#3432=ORIENTED_EDGE('',*,*,#2624,.T.);
#3433=ORIENTED_EDGE('',*,*,#2625,.T.);
#3434=ORIENTED_EDGE('',*,*,#2626,.T.);
#3435=ORIENTED_EDGE('',*,*,#2627,.T.);
#3436=ORIENTED_EDGE('',*,*,#2628,.T.);
#3437=ORIENTED_EDGE('',*,*,#2627,.F.);
#3438=ORIENTED_EDGE('',*,*,#2629,.T.);
#3439=ORIENTED_EDGE('',*,*,#2630,.T.);
#3440=ORIENTED_EDGE('',*,*,#2631,.T.);
#3441=ORIENTED_EDGE('',*,*,#2632,.T.);
#3442=ORIENTED_EDGE('',*,*,#2633,.T.);
#3443=ORIENTED_EDGE('',*,*,#2630,.F.);
#3444=ORIENTED_EDGE('',*,*,#2634,.T.);
#3445=ORIENTED_EDGE('',*,*,#2635,.T.);
#3446=ORIENTED_EDGE('',*,*,#2636,.T.);
#3447=ORIENTED_EDGE('',*,*,#2632,.F.);
#3448=ORIENTED_EDGE('',*,*,#2637,.T.);
#3449=ORIENTED_EDGE('',*,*,#2638,.T.);
#3450=ORIENTED_EDGE('',*,*,#2639,.T.);
#3451=ORIENTED_EDGE('',*,*,#2635,.F.);
#3452=ORIENTED_EDGE('',*,*,#2640,.T.);
#3453=ORIENTED_EDGE('',*,*,#2641,.T.);
#3454=ORIENTED_EDGE('',*,*,#2642,.T.);
#3455=ORIENTED_EDGE('',*,*,#2638,.F.);
#3456=ORIENTED_EDGE('',*,*,#2643,.T.);
#3457=ORIENTED_EDGE('',*,*,#2596,.T.);
#3458=ORIENTED_EDGE('',*,*,#2641,.F.);
#3459=ORIENTED_EDGE('',*,*,#2644,.T.);
#3460=ORIENTED_EDGE('',*,*,#2623,.F.);
#3461=ORIENTED_EDGE('',*,*,#2476,.F.);
#3462=ORIENTED_EDGE('',*,*,#2587,.T.);
#3463=ORIENTED_EDGE('',*,*,#2586,.F.);
#3464=ORIENTED_EDGE('',*,*,#2645,.F.);
#3465=ORIENTED_EDGE('',*,*,#2445,.F.);
#3466=ORIENTED_EDGE('',*,*,#2447,.F.);
#3467=ORIENTED_EDGE('',*,*,#2450,.F.);
#3468=ORIENTED_EDGE('',*,*,#2453,.F.);
#3469=ORIENTED_EDGE('',*,*,#2456,.F.);
#3470=ORIENTED_EDGE('',*,*,#2459,.F.);
#3471=ORIENTED_EDGE('',*,*,#2462,.F.);
#3472=ORIENTED_EDGE('',*,*,#2465,.F.);
#3473=ORIENTED_EDGE('',*,*,#2469,.F.);
#3474=ORIENTED_EDGE('',*,*,#2472,.F.);
#3475=ORIENTED_EDGE('',*,*,#2475,.F.);
#3476=ORIENTED_EDGE('',*,*,#2646,.F.);
#3477=ORIENTED_EDGE('',*,*,#2647,.F.);
#3478=ORIENTED_EDGE('',*,*,#2648,.F.);
#3479=ORIENTED_EDGE('',*,*,#2649,.F.);
#3480=ORIENTED_EDGE('',*,*,#2624,.F.);
#3481=ORIENTED_EDGE('',*,*,#2650,.F.);
#3482=ORIENTED_EDGE('',*,*,#2442,.F.);
#3483=ORIENTED_EDGE('',*,*,#2645,.T.);
#3484=ORIENTED_EDGE('',*,*,#2644,.F.);
#3485=ORIENTED_EDGE('',*,*,#2643,.F.);
#3486=ORIENTED_EDGE('',*,*,#2640,.F.);
#3487=ORIENTED_EDGE('',*,*,#2637,.F.);
#3488=ORIENTED_EDGE('',*,*,#2634,.F.);
#3489=ORIENTED_EDGE('',*,*,#2629,.F.);
#3490=ORIENTED_EDGE('',*,*,#2626,.F.);
#3491=ORIENTED_EDGE('',*,*,#2532,.T.);
#3492=ORIENTED_EDGE('',*,*,#2650,.T.);
#3493=ORIENTED_EDGE('',*,*,#2651,.F.);
#3494=ORIENTED_EDGE('',*,*,#2652,.T.);
#3495=ORIENTED_EDGE('',*,*,#2653,.T.);
#3496=ORIENTED_EDGE('',*,*,#2494,.T.);
#3497=ORIENTED_EDGE('',*,*,#2654,.T.);
#3498=ORIENTED_EDGE('',*,*,#2653,.F.);
#3499=ORIENTED_EDGE('',*,*,#2655,.T.);
#3500=ORIENTED_EDGE('',*,*,#2656,.F.);
#3501=ORIENTED_EDGE('',*,*,#2495,.T.);
#3502=ORIENTED_EDGE('',*,*,#2501,.T.);
#3503=ORIENTED_EDGE('',*,*,#2657,.T.);
#3504=ORIENTED_EDGE('',*,*,#2658,.T.);
#3505=ORIENTED_EDGE('',*,*,#2659,.T.);
#3506=ORIENTED_EDGE('',*,*,#2660,.T.);
#3507=ORIENTED_EDGE('',*,*,#2661,.T.);
#3508=ORIENTED_EDGE('',*,*,#2658,.F.);
#3509=ORIENTED_EDGE('',*,*,#2662,.T.);
#3510=ORIENTED_EDGE('',*,*,#2662,.F.);
#3511=ORIENTED_EDGE('',*,*,#2663,.T.);
#3512=ORIENTED_EDGE('',*,*,#2664,.T.);
#3513=ORIENTED_EDGE('',*,*,#2665,.F.);
#3514=ORIENTED_EDGE('',*,*,#2657,.F.);
#3515=ORIENTED_EDGE('',*,*,#2500,.T.);
#3516=ORIENTED_EDGE('',*,*,#2666,.F.);
#3517=ORIENTED_EDGE('',*,*,#2663,.F.);
#3518=ORIENTED_EDGE('',*,*,#2661,.F.);
#3519=ORIENTED_EDGE('',*,*,#2667,.T.);
#3520=ORIENTED_EDGE('',*,*,#2668,.T.);
#3521=ORIENTED_EDGE('',*,*,#2496,.F.);
#3522=ORIENTED_EDGE('',*,*,#2659,.F.);
#3523=ORIENTED_EDGE('',*,*,#2654,.F.);
#3524=ORIENTED_EDGE('',*,*,#2493,.F.);
#3525=ORIENTED_EDGE('',*,*,#2669,.F.);
#3526=ORIENTED_EDGE('',*,*,#2670,.F.);
#3527=ORIENTED_EDGE('',*,*,#2671,.F.);
#3528=ORIENTED_EDGE('',*,*,#2672,.T.);
#3529=ORIENTED_EDGE('',*,*,#2673,.T.);
#3530=ORIENTED_EDGE('',*,*,#2674,.T.);
#3531=ORIENTED_EDGE('',*,*,#2667,.F.);
#3532=ORIENTED_EDGE('',*,*,#2660,.F.);
#3533=ORIENTED_EDGE('',*,*,#2671,.T.);
#3534=ORIENTED_EDGE('',*,*,#2665,.T.);
#3535=ORIENTED_EDGE('',*,*,#2675,.F.);
#3536=ORIENTED_EDGE('',*,*,#2676,.F.);
#3537=ORIENTED_EDGE('',*,*,#2677,.T.);
#3538=ORIENTED_EDGE('',*,*,#2678,.T.);
#3539=ORIENTED_EDGE('',*,*,#2679,.T.);
#3540=ORIENTED_EDGE('',*,*,#2680,.F.);
#3541=ORIENTED_EDGE('',*,*,#2681,.F.);
#3542=ORIENTED_EDGE('',*,*,#2682,.T.);
#3543=ORIENTED_EDGE('',*,*,#2683,.T.);
#3544=ORIENTED_EDGE('',*,*,#2684,.T.);
#3545=ORIENTED_EDGE('',*,*,#2685,.F.);
#3546=ORIENTED_EDGE('',*,*,#2686,.F.);
#3547=ORIENTED_EDGE('',*,*,#2687,.F.);
#3548=ORIENTED_EDGE('',*,*,#2688,.T.);
#3549=ORIENTED_EDGE('',*,*,#2438,.T.);
#3550=ORIENTED_EDGE('',*,*,#2592,.T.);
#3551=ORIENTED_EDGE('',*,*,#2435,.F.);
#3552=ORIENTED_EDGE('',*,*,#2423,.F.);
#3553=ORIENTED_EDGE('',*,*,#2434,.F.);
#3554=ORIENTED_EDGE('',*,*,#2572,.F.);
#3555=ORIENTED_EDGE('',*,*,#2482,.T.);
#3556=ORIENTED_EDGE('',*,*,#2484,.T.);
#3557=ORIENTED_EDGE('',*,*,#2427,.F.);
#3558=ORIENTED_EDGE('',*,*,#2570,.F.);
#3559=ORIENTED_EDGE('',*,*,#2417,.F.);
#3560=ORIENTED_EDGE('',*,*,#2420,.F.);
#3561=ORIENTED_EDGE('',*,*,#2505,.F.);
#3562=ORIENTED_EDGE('',*,*,#2511,.T.);
#3563=ORIENTED_EDGE('',*,*,#2689,.T.);
#3564=ORIENTED_EDGE('',*,*,#2690,.T.);
#3565=ORIENTED_EDGE('',*,*,#2486,.F.);
#3566=ORIENTED_EDGE('',*,*,#2503,.F.);
#3567=ORIENTED_EDGE('',*,*,#2567,.F.);
#3568=ORIENTED_EDGE('',*,*,#2487,.T.);
#3569=ORIENTED_EDGE('',*,*,#2690,.F.);
#3570=ORIENTED_EDGE('',*,*,#2691,.T.);
#3571=ORIENTED_EDGE('',*,*,#2564,.F.);
#3572=ORIENTED_EDGE('',*,*,#2691,.F.);
#3573=ORIENTED_EDGE('',*,*,#2689,.F.);
#3574=ORIENTED_EDGE('',*,*,#2510,.T.);
#3575=ORIENTED_EDGE('',*,*,#2656,.T.);
#3576=ORIENTED_EDGE('',*,*,#2692,.F.);
#3577=ORIENTED_EDGE('',*,*,#2693,.T.);
#3578=ORIENTED_EDGE('',*,*,#2490,.F.);
#3579=ORIENTED_EDGE('',*,*,#2611,.F.);
#3580=ORIENTED_EDGE('',*,*,#2694,.T.);
#3581=ORIENTED_EDGE('',*,*,#2695,.F.);
#3582=ORIENTED_EDGE('',*,*,#2696,.T.);
#3583=ORIENTED_EDGE('',*,*,#2697,.F.);
#3584=ORIENTED_EDGE('',*,*,#2698,.T.);
#3585=ORIENTED_EDGE('',*,*,#2639,.F.);
#3586=ORIENTED_EDGE('',*,*,#2699,.T.);
#3587=ORIENTED_EDGE('',*,*,#2608,.F.);
#3588=ORIENTED_EDGE('',*,*,#2700,.T.);
#3589=ORIENTED_EDGE('',*,*,#2701,.T.);
#3590=ORIENTED_EDGE('',*,*,#2694,.F.);
#3591=ORIENTED_EDGE('',*,*,#2702,.T.);
#3592=ORIENTED_EDGE('',*,*,#2686,.T.);
#3593=ORIENTED_EDGE('',*,*,#2703,.F.);
#3594=ORIENTED_EDGE('',*,*,#2696,.F.);
#3595=ORIENTED_EDGE('',*,*,#2614,.F.);
#3596=ORIENTED_EDGE('',*,*,#2699,.F.);
#3597=ORIENTED_EDGE('',*,*,#2642,.F.);
#3598=ORIENTED_EDGE('',*,*,#2595,.T.);
#3599=ORIENTED_EDGE('',*,*,#2670,.T.);
#3600=ORIENTED_EDGE('',*,*,#2704,.T.);
#3601=ORIENTED_EDGE('',*,*,#2705,.T.);
#3602=ORIENTED_EDGE('',*,*,#2692,.T.);
#3603=ORIENTED_EDGE('',*,*,#2655,.F.);
#3604=ORIENTED_EDGE('',*,*,#2652,.F.);
#3605=ORIENTED_EDGE('',*,*,#2685,.T.);
#3606=ORIENTED_EDGE('',*,*,#2706,.T.);
#3607=ORIENTED_EDGE('',*,*,#2707,.T.);
#3608=ORIENTED_EDGE('',*,*,#2708,.F.);
#3609=ORIENTED_EDGE('',*,*,#2709,.F.);
#3610=ORIENTED_EDGE('',*,*,#2710,.F.);
#3611=ORIENTED_EDGE('',*,*,#2697,.T.);
#3612=ORIENTED_EDGE('',*,*,#2703,.T.);
#3613=ORIENTED_EDGE('',*,*,#2711,.F.);
#3614=ORIENTED_EDGE('',*,*,#2701,.F.);
#3615=ORIENTED_EDGE('',*,*,#2712,.F.);
#3616=ORIENTED_EDGE('',*,*,#2713,.T.);
#3617=ORIENTED_EDGE('',*,*,#2714,.F.);
#3618=ORIENTED_EDGE('',*,*,#2715,.T.);
#3619=ORIENTED_EDGE('',*,*,#2687,.T.);
#3620=ORIENTED_EDGE('',*,*,#2702,.F.);
#3621=ORIENTED_EDGE('',*,*,#2695,.T.);
#3622=ORIENTED_EDGE('',*,*,#2716,.F.);
#3623=ORIENTED_EDGE('',*,*,#2636,.F.);
#3624=ORIENTED_EDGE('',*,*,#2698,.F.);
#3625=ORIENTED_EDGE('',*,*,#2710,.T.);
#3626=ORIENTED_EDGE('',*,*,#2717,.T.);
#3627=ORIENTED_EDGE('',*,*,#2633,.F.);
#3628=ORIENTED_EDGE('',*,*,#2717,.F.);
#3629=ORIENTED_EDGE('',*,*,#2709,.T.);
#3630=ORIENTED_EDGE('',*,*,#2718,.F.);
#3631=ORIENTED_EDGE('',*,*,#2607,.F.);
#3632=ORIENTED_EDGE('',*,*,#2719,.T.);
#3633=ORIENTED_EDGE('',*,*,#2712,.T.);
#3634=ORIENTED_EDGE('',*,*,#2700,.F.);
#3635=ORIENTED_EDGE('',*,*,#2542,.F.);
#3636=ORIENTED_EDGE('',*,*,#2720,.F.);
#3637=ORIENTED_EDGE('',*,*,#2721,.T.);
#3638=ORIENTED_EDGE('',*,*,#2722,.T.);
#3639=ORIENTED_EDGE('',*,*,#2557,.F.);
#3640=ORIENTED_EDGE('',*,*,#2723,.F.);
#3641=ORIENTED_EDGE('',*,*,#2724,.T.);
#3642=ORIENTED_EDGE('',*,*,#2725,.T.);
#3643=ORIENTED_EDGE('',*,*,#2554,.F.);
#3644=ORIENTED_EDGE('',*,*,#2725,.F.);
#3645=ORIENTED_EDGE('',*,*,#2726,.T.);
#3646=ORIENTED_EDGE('',*,*,#2727,.T.);
#3647=ORIENTED_EDGE('',*,*,#2551,.F.);
#3648=ORIENTED_EDGE('',*,*,#2727,.F.);
#3649=ORIENTED_EDGE('',*,*,#2728,.T.);
#3650=ORIENTED_EDGE('',*,*,#2729,.T.);
#3651=ORIENTED_EDGE('',*,*,#2730,.T.);
#3652=ORIENTED_EDGE('',*,*,#2731,.T.);
#3653=ORIENTED_EDGE('',*,*,#2732,.T.);
#3654=ORIENTED_EDGE('',*,*,#2733,.T.);
#3655=ORIENTED_EDGE('',*,*,#2548,.F.);
#3656=ORIENTED_EDGE('',*,*,#2729,.F.);
#3657=ORIENTED_EDGE('',*,*,#2734,.T.);
#3658=ORIENTED_EDGE('',*,*,#2735,.T.);
#3659=ORIENTED_EDGE('',*,*,#2545,.F.);
#3660=ORIENTED_EDGE('',*,*,#2735,.F.);
#3661=ORIENTED_EDGE('',*,*,#2736,.T.);
#3662=ORIENTED_EDGE('',*,*,#2720,.T.);
#3663=ORIENTED_EDGE('',*,*,#2737,.F.);
#3664=ORIENTED_EDGE('',*,*,#2498,.F.);
#3665=ORIENTED_EDGE('',*,*,#2738,.F.);
#3666=ORIENTED_EDGE('',*,*,#2673,.F.);
#3667=ORIENTED_EDGE('',*,*,#2739,.F.);
#3668=ORIENTED_EDGE('',*,*,#2740,.T.);
#3669=ORIENTED_EDGE('',*,*,#2741,.T.);
#3670=ORIENTED_EDGE('',*,*,#2742,.F.);
#3671=ORIENTED_EDGE('',*,*,#2743,.T.);
#3672=ORIENTED_EDGE('',*,*,#2744,.F.);
#3673=ORIENTED_EDGE('',*,*,#2738,.T.);
#3674=ORIENTED_EDGE('',*,*,#2497,.F.);
#3675=ORIENTED_EDGE('',*,*,#2668,.F.);
#3676=ORIENTED_EDGE('',*,*,#2674,.F.);
#3677=ORIENTED_EDGE('',*,*,#2705,.F.);
#3678=ORIENTED_EDGE('',*,*,#2745,.T.);
#3679=ORIENTED_EDGE('',*,*,#2491,.F.);
#3680=ORIENTED_EDGE('',*,*,#2693,.F.);
#3681=ORIENTED_EDGE('',*,*,#2704,.F.);
#3682=ORIENTED_EDGE('',*,*,#2669,.T.);
#3683=ORIENTED_EDGE('',*,*,#2492,.F.);
#3684=ORIENTED_EDGE('',*,*,#2745,.F.);
#3685=ORIENTED_EDGE('',*,*,#2631,.F.);
#3686=ORIENTED_EDGE('',*,*,#2718,.T.);
#3687=ORIENTED_EDGE('',*,*,#2708,.T.);
#3688=ORIENTED_EDGE('',*,*,#2746,.T.);
#3689=ORIENTED_EDGE('',*,*,#2747,.F.);
#3690=ORIENTED_EDGE('',*,*,#2748,.F.);
#3691=ORIENTED_EDGE('',*,*,#2749,.F.);
#3692=ORIENTED_EDGE('',*,*,#2750,.F.);
#3693=ORIENTED_EDGE('',*,*,#2751,.F.);
#3694=ORIENTED_EDGE('',*,*,#2752,.F.);
#3695=ORIENTED_EDGE('',*,*,#2753,.F.);
#3696=ORIENTED_EDGE('',*,*,#2754,.F.);
#3697=ORIENTED_EDGE('',*,*,#2755,.F.);
#3698=ORIENTED_EDGE('',*,*,#2756,.F.);
#3699=ORIENTED_EDGE('',*,*,#2757,.F.);
#3700=ORIENTED_EDGE('',*,*,#2758,.F.);
#3701=ORIENTED_EDGE('',*,*,#2759,.F.);
#3702=ORIENTED_EDGE('',*,*,#2760,.F.);
#3703=ORIENTED_EDGE('',*,*,#2761,.F.);
#3704=ORIENTED_EDGE('',*,*,#2762,.F.);
#3705=ORIENTED_EDGE('',*,*,#2763,.F.);
#3706=ORIENTED_EDGE('',*,*,#2628,.F.);
#3707=ORIENTED_EDGE('',*,*,#2746,.F.);
#3708=ORIENTED_EDGE('',*,*,#2707,.F.);
#3709=ORIENTED_EDGE('',*,*,#2764,.T.);
#3710=ORIENTED_EDGE('',*,*,#2714,.T.);
#3711=ORIENTED_EDGE('',*,*,#2765,.F.);
#3712=ORIENTED_EDGE('',*,*,#2599,.F.);
#3713=ORIENTED_EDGE('',*,*,#2740,.F.);
#3714=ORIENTED_EDGE('',*,*,#2766,.F.);
#3715=ORIENTED_EDGE('',*,*,#2683,.F.);
#3716=ORIENTED_EDGE('',*,*,#2767,.F.);
#3717=ORIENTED_EDGE('',*,*,#2768,.T.);
#3718=ORIENTED_EDGE('',*,*,#2769,.F.);
#3719=ORIENTED_EDGE('',*,*,#2770,.T.);
#3720=ORIENTED_EDGE('',*,*,#2771,.T.);
#3721=ORIENTED_EDGE('',*,*,#2772,.T.);
#3722=ORIENTED_EDGE('',*,*,#2773,.T.);
#3723=ORIENTED_EDGE('',*,*,#2774,.T.);
#3724=ORIENTED_EDGE('',*,*,#2775,.T.);
#3725=ORIENTED_EDGE('',*,*,#2776,.T.);
#3726=ORIENTED_EDGE('',*,*,#2777,.T.);
#3727=ORIENTED_EDGE('',*,*,#2778,.F.);
#3728=ORIENTED_EDGE('',*,*,#2779,.T.);
#3729=ORIENTED_EDGE('',*,*,#2780,.T.);
#3730=ORIENTED_EDGE('',*,*,#2781,.T.);
#3731=ORIENTED_EDGE('',*,*,#2782,.F.);
#3732=ORIENTED_EDGE('',*,*,#2783,.F.);
#3733=ORIENTED_EDGE('',*,*,#2784,.F.);
#3734=ORIENTED_EDGE('',*,*,#2785,.F.);
#3735=ORIENTED_EDGE('',*,*,#2786,.T.);
#3736=ORIENTED_EDGE('',*,*,#2787,.F.);
#3737=ORIENTED_EDGE('',*,*,#2788,.T.);
#3738=ORIENTED_EDGE('',*,*,#2789,.F.);
#3739=ORIENTED_EDGE('',*,*,#2763,.T.);
#3740=ORIENTED_EDGE('',*,*,#2790,.F.);
#3741=ORIENTED_EDGE('',*,*,#2533,.F.);
#3742=ORIENTED_EDGE('',*,*,#2625,.F.);
#3743=ORIENTED_EDGE('',*,*,#2604,.F.);
#3744=ORIENTED_EDGE('',*,*,#2765,.T.);
#3745=ORIENTED_EDGE('',*,*,#2713,.F.);
#3746=ORIENTED_EDGE('',*,*,#2719,.F.);
#3747=ORIENTED_EDGE('',*,*,#2791,.F.);
#3748=ORIENTED_EDGE('',*,*,#2792,.T.);
#3749=ORIENTED_EDGE('',*,*,#2747,.T.);
#3750=ORIENTED_EDGE('',*,*,#2598,.F.);
#3751=ORIENTED_EDGE('',*,*,#2622,.T.);
#3752=ORIENTED_EDGE('',*,*,#2793,.T.);
#3753=ORIENTED_EDGE('',*,*,#2794,.T.);
#3754=ORIENTED_EDGE('',*,*,#2793,.F.);
#3755=ORIENTED_EDGE('',*,*,#2795,.T.);
#3756=ORIENTED_EDGE('',*,*,#2796,.T.);
#3757=ORIENTED_EDGE('',*,*,#2794,.F.);
#3758=ORIENTED_EDGE('',*,*,#2796,.F.);
#3759=ORIENTED_EDGE('',*,*,#2797,.F.);
#3760=ORIENTED_EDGE('',*,*,#2795,.F.);
#3761=ORIENTED_EDGE('',*,*,#2798,.T.);
#3762=ORIENTED_EDGE('',*,*,#2799,.T.);
#3763=ORIENTED_EDGE('',*,*,#2800,.T.);
#3764=ORIENTED_EDGE('',*,*,#2801,.T.);
#3765=ORIENTED_EDGE('',*,*,#2802,.F.);
#3766=ORIENTED_EDGE('',*,*,#2803,.F.);
#3767=ORIENTED_EDGE('',*,*,#2799,.F.);
#3768=ORIENTED_EDGE('',*,*,#2804,.T.);
#3769=ORIENTED_EDGE('',*,*,#2805,.F.);
#3770=ORIENTED_EDGE('',*,*,#2801,.F.);
#3771=ORIENTED_EDGE('',*,*,#2798,.F.);
#3772=ORIENTED_EDGE('',*,*,#2803,.T.);
#3773=ORIENTED_EDGE('',*,*,#2806,.F.);
#3774=ORIENTED_EDGE('',*,*,#2804,.F.);
#3775=ORIENTED_EDGE('',*,*,#2800,.F.);
#3776=ORIENTED_EDGE('',*,*,#2797,.T.);
#3777=ORIENTED_EDGE('',*,*,#2807,.T.);
#3778=ORIENTED_EDGE('',*,*,#2808,.F.);
#3779=ORIENTED_EDGE('',*,*,#2807,.F.);
#3780=ORIENTED_EDGE('',*,*,#2711,.T.);
#3781=ORIENTED_EDGE('',*,*,#2809,.T.);
#3782=ORIENTED_EDGE('',*,*,#2810,.F.);
#3783=ORIENTED_EDGE('',*,*,#2809,.F.);
#3784=ORIENTED_EDGE('',*,*,#2810,.T.);
#3785=ORIENTED_EDGE('',*,*,#2808,.T.);
#3786=ORIENTED_EDGE('',*,*,#2811,.T.);
#3787=ORIENTED_EDGE('',*,*,#2805,.T.);
#3788=ORIENTED_EDGE('',*,*,#2806,.T.);
#3789=ORIENTED_EDGE('',*,*,#2802,.T.);
#3790=ORIENTED_EDGE('',*,*,#2716,.T.);
#3791=ORIENTED_EDGE('',*,*,#2812,.T.);
#3792=ORIENTED_EDGE('',*,*,#2811,.F.);
#3793=ORIENTED_EDGE('',*,*,#2812,.F.);
#3794=ORIENTED_EDGE('',*,*,#2715,.F.);
#3795=ORIENTED_EDGE('',*,*,#2764,.F.);
#3796=ORIENTED_EDGE('',*,*,#2706,.F.);
#3797=ORIENTED_EDGE('',*,*,#2688,.F.);
#3798=ORIENTED_EDGE('',*,*,#2813,.T.);
#3799=ORIENTED_EDGE('',*,*,#2814,.T.);
#3800=ORIENTED_EDGE('',*,*,#2815,.T.);
#3801=ORIENTED_EDGE('',*,*,#2787,.T.);
#3802=ORIENTED_EDGE('',*,*,#2814,.F.);
#3803=ORIENTED_EDGE('',*,*,#2816,.T.);
#3804=ORIENTED_EDGE('',*,*,#2817,.T.);
#3805=ORIENTED_EDGE('',*,*,#2818,.F.);
#3806=ORIENTED_EDGE('',*,*,#2819,.T.);
#3807=ORIENTED_EDGE('',*,*,#2820,.T.);
#3808=ORIENTED_EDGE('',*,*,#2821,.T.);
#3809=ORIENTED_EDGE('',*,*,#2789,.T.);
#3810=ORIENTED_EDGE('',*,*,#2820,.F.);
#3811=ORIENTED_EDGE('',*,*,#2822,.T.);
#3812=ORIENTED_EDGE('',*,*,#2823,.T.);
#3813=ORIENTED_EDGE('',*,*,#2824,.F.);
#3814=ORIENTED_EDGE('',*,*,#2825,.F.);
#3815=ORIENTED_EDGE('',*,*,#2826,.T.);
#3816=ORIENTED_EDGE('',*,*,#2827,.T.);
#3817=ORIENTED_EDGE('',*,*,#2678,.F.);
#3818=ORIENTED_EDGE('',*,*,#2828,.F.);
#3819=ORIENTED_EDGE('',*,*,#2679,.F.);
#3820=ORIENTED_EDGE('',*,*,#2827,.F.);
#3821=ORIENTED_EDGE('',*,*,#2829,.T.);
#3822=ORIENTED_EDGE('',*,*,#2681,.T.);
#3823=ORIENTED_EDGE('',*,*,#2830,.F.);
#3824=ORIENTED_EDGE('',*,*,#2831,.T.);
#3825=ORIENTED_EDGE('',*,*,#2829,.F.);
#3826=ORIENTED_EDGE('',*,*,#2832,.T.);
#3827=ORIENTED_EDGE('',*,*,#2767,.T.);
#3828=ORIENTED_EDGE('',*,*,#2682,.F.);
#3829=ORIENTED_EDGE('',*,*,#2826,.F.);
#3830=ORIENTED_EDGE('',*,*,#2833,.F.);
#3831=ORIENTED_EDGE('',*,*,#2834,.F.);
#3832=ORIENTED_EDGE('',*,*,#2768,.F.);
#3833=ORIENTED_EDGE('',*,*,#2832,.F.);
#3834=ORIENTED_EDGE('',*,*,#2680,.T.);
#3835=ORIENTED_EDGE('',*,*,#2828,.T.);
#3836=ORIENTED_EDGE('',*,*,#2835,.F.);
#3837=ORIENTED_EDGE('',*,*,#2836,.F.);
#3838=ORIENTED_EDGE('',*,*,#2830,.T.);
#3839=ORIENTED_EDGE('',*,*,#2833,.T.);
#3840=ORIENTED_EDGE('',*,*,#2825,.T.);
#3841=ORIENTED_EDGE('',*,*,#2677,.F.);
#3842=ORIENTED_EDGE('',*,*,#2837,.T.);
#3843=ORIENTED_EDGE('',*,*,#2742,.T.);
#3844=ORIENTED_EDGE('',*,*,#2838,.F.);
#3845=ORIENTED_EDGE('',*,*,#2834,.T.);
#3846=ORIENTED_EDGE('',*,*,#2838,.T.);
#3847=ORIENTED_EDGE('',*,*,#2741,.F.);
#3848=ORIENTED_EDGE('',*,*,#2769,.T.);
#3849=ORIENTED_EDGE('',*,*,#2788,.F.);
#3850=ORIENTED_EDGE('',*,*,#2815,.F.);
#3851=ORIENTED_EDGE('',*,*,#2818,.T.);
#3852=ORIENTED_EDGE('',*,*,#2839,.T.);
#3853=ORIENTED_EDGE('',*,*,#2822,.F.);
#3854=ORIENTED_EDGE('',*,*,#2819,.F.);
#3855=ORIENTED_EDGE('',*,*,#2786,.F.);
#3856=ORIENTED_EDGE('',*,*,#2821,.F.);
#3857=ORIENTED_EDGE('',*,*,#2824,.T.);
#3858=ORIENTED_EDGE('',*,*,#2840,.T.);
#3859=ORIENTED_EDGE('',*,*,#2816,.F.);
#3860=ORIENTED_EDGE('',*,*,#2813,.F.);
#3861=ORIENTED_EDGE('',*,*,#2840,.F.);
#3862=ORIENTED_EDGE('',*,*,#2823,.F.);
#3863=ORIENTED_EDGE('',*,*,#2839,.F.);
#3864=ORIENTED_EDGE('',*,*,#2817,.F.);
#3865=ORIENTED_EDGE('',*,*,#2837,.F.);
#3866=ORIENTED_EDGE('',*,*,#2676,.T.);
#3867=ORIENTED_EDGE('',*,*,#2841,.T.);
#3868=ORIENTED_EDGE('',*,*,#2743,.F.);
#3869=ORIENTED_EDGE('',*,*,#2684,.F.);
#3870=ORIENTED_EDGE('',*,*,#2766,.T.);
#3871=ORIENTED_EDGE('',*,*,#2739,.T.);
#3872=ORIENTED_EDGE('',*,*,#2672,.F.);
#3873=ORIENTED_EDGE('',*,*,#2842,.T.);
#3874=ORIENTED_EDGE('',*,*,#2748,.T.);
#3875=ORIENTED_EDGE('',*,*,#2792,.F.);
#3876=ORIENTED_EDGE('',*,*,#2721,.F.);
#3877=ORIENTED_EDGE('',*,*,#2843,.T.);
#3878=ORIENTED_EDGE('',*,*,#2749,.T.);
#3879=ORIENTED_EDGE('',*,*,#2842,.F.);
#3880=ORIENTED_EDGE('',*,*,#2736,.F.);
#3881=ORIENTED_EDGE('',*,*,#2790,.T.);
#3882=ORIENTED_EDGE('',*,*,#2762,.T.);
#3883=ORIENTED_EDGE('',*,*,#2844,.F.);
#3884=ORIENTED_EDGE('',*,*,#2531,.F.);
#3885=ORIENTED_EDGE('',*,*,#2845,.T.);
#3886=ORIENTED_EDGE('',*,*,#2750,.T.);
#3887=ORIENTED_EDGE('',*,*,#2843,.F.);
#3888=ORIENTED_EDGE('',*,*,#2734,.F.);
#3889=ORIENTED_EDGE('',*,*,#2844,.T.);
#3890=ORIENTED_EDGE('',*,*,#2761,.T.);
#3891=ORIENTED_EDGE('',*,*,#2846,.F.);
#3892=ORIENTED_EDGE('',*,*,#2529,.F.);
#3893=ORIENTED_EDGE('',*,*,#2847,.T.);
#3894=ORIENTED_EDGE('',*,*,#2751,.T.);
#3895=ORIENTED_EDGE('',*,*,#2845,.F.);
#3896=ORIENTED_EDGE('',*,*,#2728,.F.);
#3897=ORIENTED_EDGE('',*,*,#2846,.T.);
#3898=ORIENTED_EDGE('',*,*,#2760,.T.);
#3899=ORIENTED_EDGE('',*,*,#2848,.F.);
#3900=ORIENTED_EDGE('',*,*,#2527,.F.);
#3901=ORIENTED_EDGE('',*,*,#2849,.T.);
#3902=ORIENTED_EDGE('',*,*,#2752,.T.);
#3903=ORIENTED_EDGE('',*,*,#2847,.F.);
#3904=ORIENTED_EDGE('',*,*,#2726,.F.);
#3905=ORIENTED_EDGE('',*,*,#2848,.T.);
#3906=ORIENTED_EDGE('',*,*,#2759,.T.);
#3907=ORIENTED_EDGE('',*,*,#2850,.F.);
#3908=ORIENTED_EDGE('',*,*,#2521,.F.);
#3909=ORIENTED_EDGE('',*,*,#2851,.T.);
#3910=ORIENTED_EDGE('',*,*,#2753,.T.);
#3911=ORIENTED_EDGE('',*,*,#2849,.F.);
#3912=ORIENTED_EDGE('',*,*,#2724,.F.);
#3913=ORIENTED_EDGE('',*,*,#2850,.T.);
#3914=ORIENTED_EDGE('',*,*,#2758,.T.);
#3915=ORIENTED_EDGE('',*,*,#2852,.F.);
#3916=ORIENTED_EDGE('',*,*,#2519,.F.);
#3917=ORIENTED_EDGE('',*,*,#2853,.T.);
#3918=ORIENTED_EDGE('',*,*,#2754,.T.);
#3919=ORIENTED_EDGE('',*,*,#2851,.F.);
#3920=ORIENTED_EDGE('',*,*,#2854,.F.);
#3921=ORIENTED_EDGE('',*,*,#2852,.T.);
#3922=ORIENTED_EDGE('',*,*,#2757,.T.);
#3923=ORIENTED_EDGE('',*,*,#2855,.F.);
#3924=ORIENTED_EDGE('',*,*,#2517,.F.);
#3925=ORIENTED_EDGE('',*,*,#2856,.T.);
#3926=ORIENTED_EDGE('',*,*,#2755,.T.);
#3927=ORIENTED_EDGE('',*,*,#2853,.F.);
#3928=ORIENTED_EDGE('',*,*,#2507,.F.);
#3929=ORIENTED_EDGE('',*,*,#2855,.T.);
#3930=ORIENTED_EDGE('',*,*,#2756,.T.);
#3931=ORIENTED_EDGE('',*,*,#2856,.F.);
#3932=ORIENTED_EDGE('',*,*,#2515,.F.);
#3933=ORIENTED_EDGE('',*,*,#2857,.F.);
#3934=ORIENTED_EDGE('',*,*,#2858,.T.);
#3935=ORIENTED_EDGE('',*,*,#2782,.T.);
#3936=ORIENTED_EDGE('',*,*,#2859,.T.);
#3937=ORIENTED_EDGE('',*,*,#2860,.F.);
#3938=ORIENTED_EDGE('',*,*,#2783,.T.);
#3939=ORIENTED_EDGE('',*,*,#2861,.T.);
#3940=ORIENTED_EDGE('',*,*,#2862,.F.);
#3941=ORIENTED_EDGE('',*,*,#2863,.F.);
#3942=ORIENTED_EDGE('',*,*,#2784,.T.);
#3943=ORIENTED_EDGE('',*,*,#2860,.T.);
#3944=ORIENTED_EDGE('',*,*,#2864,.F.);
#3945=ORIENTED_EDGE('',*,*,#2865,.F.);
#3946=ORIENTED_EDGE('',*,*,#2785,.T.);
#3947=ORIENTED_EDGE('',*,*,#2863,.T.);
#3948=ORIENTED_EDGE('',*,*,#2866,.F.);
#3949=ORIENTED_EDGE('',*,*,#2867,.F.);
#3950=ORIENTED_EDGE('',*,*,#2868,.F.);
#3951=ORIENTED_EDGE('',*,*,#2778,.T.);
#3952=ORIENTED_EDGE('',*,*,#2869,.F.);
#3953=ORIENTED_EDGE('',*,*,#2870,.F.);
#3954=ORIENTED_EDGE('',*,*,#2871,.T.);
#3955=ORIENTED_EDGE('',*,*,#2872,.T.);
#3956=ORIENTED_EDGE('',*,*,#2873,.F.);
#3957=ORIENTED_EDGE('',*,*,#2779,.F.);
#3958=ORIENTED_EDGE('',*,*,#2873,.T.);
#3959=ORIENTED_EDGE('',*,*,#2874,.T.);
#3960=ORIENTED_EDGE('',*,*,#2875,.F.);
#3961=ORIENTED_EDGE('',*,*,#2780,.F.);
#3962=ORIENTED_EDGE('',*,*,#2875,.T.);
#3963=ORIENTED_EDGE('',*,*,#2876,.T.);
#3964=ORIENTED_EDGE('',*,*,#2877,.F.);
#3965=ORIENTED_EDGE('',*,*,#2781,.F.);
#3966=ORIENTED_EDGE('',*,*,#2878,.T.);
#3967=ORIENTED_EDGE('',*,*,#2879,.T.);
#3968=ORIENTED_EDGE('',*,*,#2880,.F.);
#3969=ORIENTED_EDGE('',*,*,#2774,.F.);
#3970=ORIENTED_EDGE('',*,*,#2880,.T.);
#3971=ORIENTED_EDGE('',*,*,#2881,.T.);
#3972=ORIENTED_EDGE('',*,*,#2882,.F.);
#3973=ORIENTED_EDGE('',*,*,#2775,.F.);
#3974=ORIENTED_EDGE('',*,*,#2882,.T.);
#3975=ORIENTED_EDGE('',*,*,#2883,.T.);
#3976=ORIENTED_EDGE('',*,*,#2884,.F.);
#3977=ORIENTED_EDGE('',*,*,#2776,.F.);
#3978=ORIENTED_EDGE('',*,*,#2884,.T.);
#3979=ORIENTED_EDGE('',*,*,#2885,.T.);
#3980=ORIENTED_EDGE('',*,*,#2878,.F.);
#3981=ORIENTED_EDGE('',*,*,#2777,.F.);
#3982=ORIENTED_EDGE('',*,*,#2886,.T.);
#3983=ORIENTED_EDGE('',*,*,#2887,.T.);
#3984=ORIENTED_EDGE('',*,*,#2888,.F.);
#3985=ORIENTED_EDGE('',*,*,#2770,.F.);
#3986=ORIENTED_EDGE('',*,*,#2888,.T.);
#3987=ORIENTED_EDGE('',*,*,#2889,.T.);
#3988=ORIENTED_EDGE('',*,*,#2890,.F.);
#3989=ORIENTED_EDGE('',*,*,#2771,.F.);
#3990=ORIENTED_EDGE('',*,*,#2890,.T.);
#3991=ORIENTED_EDGE('',*,*,#2891,.T.);
#3992=ORIENTED_EDGE('',*,*,#2892,.F.);
#3993=ORIENTED_EDGE('',*,*,#2772,.F.);
#3994=ORIENTED_EDGE('',*,*,#2892,.T.);
#3995=ORIENTED_EDGE('',*,*,#2893,.T.);
#3996=ORIENTED_EDGE('',*,*,#2886,.F.);
#3997=ORIENTED_EDGE('',*,*,#2773,.F.);
#3998=ORIENTED_EDGE('',*,*,#2666,.T.);
#3999=ORIENTED_EDGE('',*,*,#2499,.F.);
#4000=ORIENTED_EDGE('',*,*,#2737,.T.);
#4001=ORIENTED_EDGE('',*,*,#2841,.F.);
#4002=ORIENTED_EDGE('',*,*,#2675,.T.);
#4003=ORIENTED_EDGE('',*,*,#2664,.F.);
#4004=ORIENTED_EDGE('',*,*,#2744,.T.);
#4005=ORIENTED_EDGE('',*,*,#2894,.T.);
#4006=ORIENTED_EDGE('',*,*,#2895,.F.);
#4007=ORIENTED_EDGE('',*,*,#2894,.F.);
#4008=ORIENTED_EDGE('',*,*,#2539,.F.);
#4009=ORIENTED_EDGE('',*,*,#2722,.F.);
#4010=ORIENTED_EDGE('',*,*,#2791,.T.);
#4011=ORIENTED_EDGE('',*,*,#2621,.T.);
#4012=ORIENTED_EDGE('',*,*,#2559,.F.);
#4013=ORIENTED_EDGE('',*,*,#2508,.F.);
#4014=ORIENTED_EDGE('',*,*,#2854,.T.);
#4015=ORIENTED_EDGE('',*,*,#2723,.T.);
#4016=ORIENTED_EDGE('',*,*,#2896,.F.);
#4017=ORIENTED_EDGE('',*,*,#2897,.T.);
#4018=ORIENTED_EDGE('',*,*,#2898,.T.);
#4019=ORIENTED_EDGE('',*,*,#2899,.T.);
#4020=ORIENTED_EDGE('',*,*,#2900,.T.);
#4021=ORIENTED_EDGE('',*,*,#2857,.T.);
#4022=ORIENTED_EDGE('',*,*,#2901,.F.);
#4023=ORIENTED_EDGE('',*,*,#2902,.F.);
#4024=ORIENTED_EDGE('',*,*,#2903,.T.);
#4025=ORIENTED_EDGE('',*,*,#2897,.F.);
#4026=ORIENTED_EDGE('',*,*,#2904,.T.);
#4027=ORIENTED_EDGE('',*,*,#2901,.T.);
#4028=ORIENTED_EDGE('',*,*,#2859,.F.);
#4029=ORIENTED_EDGE('',*,*,#2865,.T.);
#4030=ORIENTED_EDGE('',*,*,#2905,.T.);
#4031=ORIENTED_EDGE('',*,*,#2906,.F.);
#4032=ORIENTED_EDGE('',*,*,#2907,.T.);
#4033=ORIENTED_EDGE('',*,*,#2861,.F.);
#4034=ORIENTED_EDGE('',*,*,#2858,.F.);
#4035=ORIENTED_EDGE('',*,*,#2900,.F.);
#4036=ORIENTED_EDGE('',*,*,#2908,.T.);
#4037=ORIENTED_EDGE('',*,*,#2909,.F.);
#4038=ORIENTED_EDGE('',*,*,#2862,.T.);
#4039=ORIENTED_EDGE('',*,*,#2907,.F.);
#4040=ORIENTED_EDGE('',*,*,#2910,.F.);
#4041=ORIENTED_EDGE('',*,*,#2911,.T.);
#4042=ORIENTED_EDGE('',*,*,#2864,.T.);
#4043=ORIENTED_EDGE('',*,*,#2909,.T.);
#4044=ORIENTED_EDGE('',*,*,#2912,.F.);
#4045=ORIENTED_EDGE('',*,*,#2913,.F.);
#4046=ORIENTED_EDGE('',*,*,#2913,.T.);
#4047=ORIENTED_EDGE('',*,*,#2914,.F.);
#4048=ORIENTED_EDGE('',*,*,#2915,.T.);
#4049=ORIENTED_EDGE('',*,*,#2905,.F.);
#4050=ORIENTED_EDGE('',*,*,#2866,.T.);
#4051=ORIENTED_EDGE('',*,*,#2916,.F.);
#4052=ORIENTED_EDGE('',*,*,#2917,.F.);
#4053=ORIENTED_EDGE('',*,*,#2918,.T.);
#4054=ORIENTED_EDGE('',*,*,#2870,.T.);
#4055=ORIENTED_EDGE('',*,*,#2919,.F.);
#4056=ORIENTED_EDGE('',*,*,#2920,.F.);
#4057=ORIENTED_EDGE('',*,*,#2921,.T.);
#4058=ORIENTED_EDGE('',*,*,#2922,.T.);
#4059=ORIENTED_EDGE('',*,*,#2923,.T.);
#4060=ORIENTED_EDGE('',*,*,#2867,.T.);
#4061=ORIENTED_EDGE('',*,*,#2918,.F.);
#4062=ORIENTED_EDGE('',*,*,#2924,.F.);
#4063=ORIENTED_EDGE('',*,*,#2925,.F.);
#4064=ORIENTED_EDGE('',*,*,#2871,.F.);
#4065=ORIENTED_EDGE('',*,*,#2868,.T.);
#4066=ORIENTED_EDGE('',*,*,#2923,.F.);
#4067=ORIENTED_EDGE('',*,*,#2926,.T.);
#4068=ORIENTED_EDGE('',*,*,#2919,.T.);
#4069=ORIENTED_EDGE('',*,*,#2869,.T.);
#4070=ORIENTED_EDGE('',*,*,#2877,.T.);
#4071=ORIENTED_EDGE('',*,*,#2927,.F.);
#4072=ORIENTED_EDGE('',*,*,#2928,.F.);
#4073=ORIENTED_EDGE('',*,*,#2872,.F.);
#4074=ORIENTED_EDGE('',*,*,#2925,.T.);
#4075=ORIENTED_EDGE('',*,*,#2929,.F.);
#4076=ORIENTED_EDGE('',*,*,#2930,.T.);
#4077=ORIENTED_EDGE('',*,*,#2931,.F.);
#4078=ORIENTED_EDGE('',*,*,#2874,.F.);
#4079=ORIENTED_EDGE('',*,*,#2928,.T.);
#4080=ORIENTED_EDGE('',*,*,#2932,.T.);
#4081=ORIENTED_EDGE('',*,*,#2933,.F.);
#4082=ORIENTED_EDGE('',*,*,#2934,.F.);
#4083=ORIENTED_EDGE('',*,*,#2935,.T.);
#4084=ORIENTED_EDGE('',*,*,#2927,.T.);
#4085=ORIENTED_EDGE('',*,*,#2876,.F.);
#4086=ORIENTED_EDGE('',*,*,#2933,.T.);
#4087=ORIENTED_EDGE('',*,*,#2936,.T.);
#4088=ORIENTED_EDGE('',*,*,#2937,.T.);
#4089=ORIENTED_EDGE('',*,*,#2938,.T.);
#4090=ORIENTED_EDGE('',*,*,#2939,.F.);
#4091=ORIENTED_EDGE('',*,*,#2879,.F.);
#4092=ORIENTED_EDGE('',*,*,#2940,.T.);
#4093=ORIENTED_EDGE('',*,*,#2939,.T.);
#4094=ORIENTED_EDGE('',*,*,#2941,.T.);
#4095=ORIENTED_EDGE('',*,*,#2942,.F.);
#4096=ORIENTED_EDGE('',*,*,#2881,.F.);
#4097=ORIENTED_EDGE('',*,*,#2942,.T.);
#4098=ORIENTED_EDGE('',*,*,#2943,.T.);
#4099=ORIENTED_EDGE('',*,*,#2944,.F.);
#4100=ORIENTED_EDGE('',*,*,#2883,.F.);
#4101=ORIENTED_EDGE('',*,*,#2945,.F.);
#4102=ORIENTED_EDGE('',*,*,#2944,.T.);
#4103=ORIENTED_EDGE('',*,*,#2946,.T.);
#4104=ORIENTED_EDGE('',*,*,#2937,.F.);
#4105=ORIENTED_EDGE('',*,*,#2885,.F.);
#4106=ORIENTED_EDGE('',*,*,#2947,.T.);
#4107=ORIENTED_EDGE('',*,*,#2948,.T.);
#4108=ORIENTED_EDGE('',*,*,#2949,.F.);
#4109=ORIENTED_EDGE('',*,*,#2887,.F.);
#4110=ORIENTED_EDGE('',*,*,#2950,.T.);
#4111=ORIENTED_EDGE('',*,*,#2949,.T.);
#4112=ORIENTED_EDGE('',*,*,#2951,.T.);
#4113=ORIENTED_EDGE('',*,*,#2952,.F.);
#4114=ORIENTED_EDGE('',*,*,#2889,.F.);
#4115=ORIENTED_EDGE('',*,*,#2952,.T.);
#4116=ORIENTED_EDGE('',*,*,#2953,.T.);
#4117=ORIENTED_EDGE('',*,*,#2954,.F.);
#4118=ORIENTED_EDGE('',*,*,#2891,.F.);
#4119=ORIENTED_EDGE('',*,*,#2955,.F.);
#4120=ORIENTED_EDGE('',*,*,#2954,.T.);
#4121=ORIENTED_EDGE('',*,*,#2956,.T.);
#4122=ORIENTED_EDGE('',*,*,#2947,.F.);
#4123=ORIENTED_EDGE('',*,*,#2893,.F.);
#4124=ORIENTED_EDGE('',*,*,#2957,.F.);
#4125=ORIENTED_EDGE('',*,*,#2958,.T.);
#4126=ORIENTED_EDGE('',*,*,#2513,.T.);
#4127=ORIENTED_EDGE('',*,*,#2958,.F.);
#4128=ORIENTED_EDGE('',*,*,#2959,.F.);
#4129=ORIENTED_EDGE('',*,*,#2960,.T.);
#4130=ORIENTED_EDGE('',*,*,#2512,.T.);
#4131=ORIENTED_EDGE('',*,*,#2960,.F.);
#4132=ORIENTED_EDGE('',*,*,#2836,.T.);
#4133=ORIENTED_EDGE('',*,*,#2961,.T.);
#4134=ORIENTED_EDGE('',*,*,#2962,.F.);
#4135=ORIENTED_EDGE('',*,*,#2961,.F.);
#4136=ORIENTED_EDGE('',*,*,#2835,.T.);
#4137=ORIENTED_EDGE('',*,*,#2831,.F.);
#4138=ORIENTED_EDGE('',*,*,#2963,.F.);
#4139=ORIENTED_EDGE('',*,*,#2964,.T.);
#4140=ORIENTED_EDGE('',*,*,#2651,.T.);
#4141=ORIENTED_EDGE('',*,*,#2964,.F.);
#4142=ORIENTED_EDGE('',*,*,#2895,.T.);
#4143=ORIENTED_EDGE('',*,*,#2965,.T.);
#4144=ORIENTED_EDGE('',*,*,#2966,.F.);
#4145=ORIENTED_EDGE('',*,*,#2965,.F.);
#4146=ORIENTED_EDGE('',*,*,#2967,.T.);
#4147=ORIENTED_EDGE('',*,*,#2968,.T.);
#4148=ORIENTED_EDGE('',*,*,#2969,.F.);
#4149=ORIENTED_EDGE('',*,*,#2730,.F.);
#4150=ORIENTED_EDGE('',*,*,#2970,.T.);
#4151=ORIENTED_EDGE('',*,*,#2971,.T.);
#4152=ORIENTED_EDGE('',*,*,#2967,.F.);
#4153=ORIENTED_EDGE('',*,*,#2733,.F.);
#4154=ORIENTED_EDGE('',*,*,#2969,.T.);
#4155=ORIENTED_EDGE('',*,*,#2972,.T.);
#4156=ORIENTED_EDGE('',*,*,#2973,.F.);
#4157=ORIENTED_EDGE('',*,*,#2731,.F.);
#4158=ORIENTED_EDGE('',*,*,#2973,.T.);
#4159=ORIENTED_EDGE('',*,*,#2974,.T.);
#4160=ORIENTED_EDGE('',*,*,#2970,.F.);
#4161=ORIENTED_EDGE('',*,*,#2732,.F.);
#4162=ORIENTED_EDGE('',*,*,#2975,.F.);
#4163=ORIENTED_EDGE('',*,*,#2522,.T.);
#4164=ORIENTED_EDGE('',*,*,#2976,.T.);
#4165=ORIENTED_EDGE('',*,*,#2977,.F.);
#4166=ORIENTED_EDGE('',*,*,#2978,.F.);
#4167=ORIENTED_EDGE('',*,*,#2523,.T.);
#4168=ORIENTED_EDGE('',*,*,#2975,.T.);
#4169=ORIENTED_EDGE('',*,*,#2979,.F.);
#4170=ORIENTED_EDGE('',*,*,#2976,.F.);
#4171=ORIENTED_EDGE('',*,*,#2525,.T.);
#4172=ORIENTED_EDGE('',*,*,#2980,.T.);
#4173=ORIENTED_EDGE('',*,*,#2981,.F.);
#4174=ORIENTED_EDGE('',*,*,#2980,.F.);
#4175=ORIENTED_EDGE('',*,*,#2524,.T.);
#4176=ORIENTED_EDGE('',*,*,#2978,.T.);
#4177=ORIENTED_EDGE('',*,*,#2982,.F.);
#4178=ORIENTED_EDGE('',*,*,#2983,.T.);
#4179=ORIENTED_EDGE('',*,*,#2902,.T.);
#4180=ORIENTED_EDGE('',*,*,#2904,.F.);
#4181=ORIENTED_EDGE('',*,*,#2915,.F.);
#4182=ORIENTED_EDGE('',*,*,#2896,.T.);
#4183=ORIENTED_EDGE('',*,*,#2984,.T.);
#4184=ORIENTED_EDGE('',*,*,#2985,.F.);
#4185=ORIENTED_EDGE('',*,*,#2984,.F.);
#4186=ORIENTED_EDGE('',*,*,#2983,.F.);
#4187=ORIENTED_EDGE('',*,*,#2986,.T.);
#4188=ORIENTED_EDGE('',*,*,#2987,.T.);
#4189=ORIENTED_EDGE('',*,*,#2898,.F.);
#4190=ORIENTED_EDGE('',*,*,#2903,.F.);
#4191=ORIENTED_EDGE('',*,*,#2987,.F.);
#4192=ORIENTED_EDGE('',*,*,#2910,.T.);
#4193=ORIENTED_EDGE('',*,*,#2906,.T.);
#4194=ORIENTED_EDGE('',*,*,#2899,.F.);
#4195=ORIENTED_EDGE('',*,*,#2988,.F.);
#4196=ORIENTED_EDGE('',*,*,#2914,.T.);
#4197=ORIENTED_EDGE('',*,*,#2912,.T.);
#4198=ORIENTED_EDGE('',*,*,#2908,.F.);
#4199=ORIENTED_EDGE('',*,*,#2911,.F.);
#4200=ORIENTED_EDGE('',*,*,#2989,.T.);
#4201=ORIENTED_EDGE('',*,*,#2990,.T.);
#4202=ORIENTED_EDGE('',*,*,#2989,.F.);
#4203=ORIENTED_EDGE('',*,*,#2940,.F.);
#4204=ORIENTED_EDGE('',*,*,#2991,.T.);
#4205=ORIENTED_EDGE('',*,*,#2916,.T.);
#4206=ORIENTED_EDGE('',*,*,#2991,.F.);
#4207=ORIENTED_EDGE('',*,*,#2992,.F.);
#4208=ORIENTED_EDGE('',*,*,#2929,.T.);
#4209=ORIENTED_EDGE('',*,*,#2924,.T.);
#4210=ORIENTED_EDGE('',*,*,#2922,.F.);
#4211=ORIENTED_EDGE('',*,*,#2993,.T.);
#4212=ORIENTED_EDGE('',*,*,#2920,.T.);
#4213=ORIENTED_EDGE('',*,*,#2926,.F.);
#4214=ORIENTED_EDGE('',*,*,#2935,.F.);
#4215=ORIENTED_EDGE('',*,*,#2994,.T.);
#4216=ORIENTED_EDGE('',*,*,#2992,.T.);
#4217=ORIENTED_EDGE('',*,*,#2921,.F.);
#4218=ORIENTED_EDGE('',*,*,#2993,.F.);
#4219=ORIENTED_EDGE('',*,*,#2917,.T.);
#4220=ORIENTED_EDGE('',*,*,#2995,.T.);
#4221=ORIENTED_EDGE('',*,*,#2996,.F.);
#4222=ORIENTED_EDGE('',*,*,#2995,.F.);
#4223=ORIENTED_EDGE('',*,*,#2997,.T.);
#4224=ORIENTED_EDGE('',*,*,#2934,.T.);
#4225=ORIENTED_EDGE('',*,*,#2932,.F.);
#4226=ORIENTED_EDGE('',*,*,#2930,.F.);
#4227=ORIENTED_EDGE('',*,*,#2950,.F.);
#4228=ORIENTED_EDGE('',*,*,#2998,.T.);
#4229=ORIENTED_EDGE('',*,*,#2931,.T.);
#4230=ORIENTED_EDGE('',*,*,#2998,.F.);
#4231=ORIENTED_EDGE('',*,*,#2936,.F.);
#4232=ORIENTED_EDGE('',*,*,#2999,.T.);
#4233=ORIENTED_EDGE('',*,*,#3000,.T.);
#4234=ORIENTED_EDGE('',*,*,#2999,.F.);
#4235=ORIENTED_EDGE('',*,*,#2943,.F.);
#4236=ORIENTED_EDGE('',*,*,#2941,.F.);
#4237=ORIENTED_EDGE('',*,*,#2938,.F.);
#4238=ORIENTED_EDGE('',*,*,#2946,.F.);
#4239=ORIENTED_EDGE('',*,*,#3001,.F.);
#4240=ORIENTED_EDGE('',*,*,#3002,.T.);
#4241=ORIENTED_EDGE('',*,*,#2945,.T.);
#4242=ORIENTED_EDGE('',*,*,#3002,.F.);
#4243=ORIENTED_EDGE('',*,*,#2953,.F.);
#4244=ORIENTED_EDGE('',*,*,#2951,.F.);
#4245=ORIENTED_EDGE('',*,*,#2948,.F.);
#4246=ORIENTED_EDGE('',*,*,#2956,.F.);
#4247=ORIENTED_EDGE('',*,*,#3003,.F.);
#4248=ORIENTED_EDGE('',*,*,#3004,.T.);
#4249=ORIENTED_EDGE('',*,*,#2955,.T.);
#4250=ORIENTED_EDGE('',*,*,#3004,.F.);
#4251=ORIENTED_EDGE('',*,*,#3005,.F.);
#4252=ORIENTED_EDGE('',*,*,#3006,.T.);
#4253=ORIENTED_EDGE('',*,*,#2957,.T.);
#4254=ORIENTED_EDGE('',*,*,#3006,.F.);
#4255=ORIENTED_EDGE('',*,*,#3007,.F.);
#4256=ORIENTED_EDGE('',*,*,#3008,.T.);
#4257=ORIENTED_EDGE('',*,*,#2959,.T.);
#4258=ORIENTED_EDGE('',*,*,#3008,.F.);
#4259=ORIENTED_EDGE('',*,*,#2962,.T.);
#4260=ORIENTED_EDGE('',*,*,#3009,.F.);
#4261=ORIENTED_EDGE('',*,*,#3010,.F.);
#4262=ORIENTED_EDGE('',*,*,#3011,.T.);
#4263=ORIENTED_EDGE('',*,*,#2963,.T.);
#4264=ORIENTED_EDGE('',*,*,#3011,.F.);
#4265=ORIENTED_EDGE('',*,*,#3012,.F.);
#4266=ORIENTED_EDGE('',*,*,#3013,.T.);
#4267=ORIENTED_EDGE('',*,*,#2646,.T.);
#4268=ORIENTED_EDGE('',*,*,#3013,.F.);
#4269=ORIENTED_EDGE('',*,*,#3014,.F.);
#4270=ORIENTED_EDGE('',*,*,#3015,.T.);
#4271=ORIENTED_EDGE('',*,*,#2647,.T.);
#4272=ORIENTED_EDGE('',*,*,#3015,.F.);
#4273=ORIENTED_EDGE('',*,*,#3016,.F.);
#4274=ORIENTED_EDGE('',*,*,#3017,.T.);
#4275=ORIENTED_EDGE('',*,*,#2648,.T.);
#4276=ORIENTED_EDGE('',*,*,#3017,.F.);
#4277=ORIENTED_EDGE('',*,*,#3018,.F.);
#4278=ORIENTED_EDGE('',*,*,#3019,.T.);
#4279=ORIENTED_EDGE('',*,*,#2649,.T.);
#4280=ORIENTED_EDGE('',*,*,#3019,.F.);
#4281=ORIENTED_EDGE('',*,*,#3020,.F.);
#4282=ORIENTED_EDGE('',*,*,#3021,.T.);
#4283=ORIENTED_EDGE('',*,*,#2578,.T.);
#4284=ORIENTED_EDGE('',*,*,#3021,.F.);
#4285=ORIENTED_EDGE('',*,*,#3022,.F.);
#4286=ORIENTED_EDGE('',*,*,#3023,.T.);
#4287=ORIENTED_EDGE('',*,*,#2579,.T.);
#4288=ORIENTED_EDGE('',*,*,#3023,.F.);
#4289=ORIENTED_EDGE('',*,*,#3024,.F.);
#4290=ORIENTED_EDGE('',*,*,#3025,.T.);
#4291=ORIENTED_EDGE('',*,*,#2580,.T.);
#4292=ORIENTED_EDGE('',*,*,#3025,.F.);
#4293=ORIENTED_EDGE('',*,*,#3026,.F.);
#4294=ORIENTED_EDGE('',*,*,#3027,.T.);
#4295=ORIENTED_EDGE('',*,*,#2577,.T.);
#4296=ORIENTED_EDGE('',*,*,#3027,.F.);
#4297=ORIENTED_EDGE('',*,*,#2966,.T.);
#4298=ORIENTED_EDGE('',*,*,#3028,.F.);
#4299=ORIENTED_EDGE('',*,*,#3029,.F.);
#4300=ORIENTED_EDGE('',*,*,#2968,.F.);
#4301=ORIENTED_EDGE('',*,*,#3030,.T.);
#4302=ORIENTED_EDGE('',*,*,#3031,.T.);
#4303=ORIENTED_EDGE('',*,*,#3030,.F.);
#4304=ORIENTED_EDGE('',*,*,#2971,.F.);
#4305=ORIENTED_EDGE('',*,*,#3032,.T.);
#4306=ORIENTED_EDGE('',*,*,#3033,.F.);
#4307=ORIENTED_EDGE('',*,*,#3034,.F.);
#4308=ORIENTED_EDGE('',*,*,#3035,.F.);
#4309=ORIENTED_EDGE('',*,*,#2972,.F.);
#4310=ORIENTED_EDGE('',*,*,#3029,.T.);
#4311=ORIENTED_EDGE('',*,*,#3036,.F.);
#4312=ORIENTED_EDGE('',*,*,#3037,.F.);
#4313=ORIENTED_EDGE('',*,*,#3032,.F.);
#4314=ORIENTED_EDGE('',*,*,#2974,.F.);
#4315=ORIENTED_EDGE('',*,*,#3035,.T.);
#4316=ORIENTED_EDGE('',*,*,#3038,.T.);
#4317=ORIENTED_EDGE('',*,*,#2977,.T.);
#4318=ORIENTED_EDGE('',*,*,#3039,.T.);
#4319=ORIENTED_EDGE('',*,*,#3040,.F.);
#4320=ORIENTED_EDGE('',*,*,#3041,.F.);
#4321=ORIENTED_EDGE('',*,*,#3041,.T.);
#4322=ORIENTED_EDGE('',*,*,#3042,.T.);
#4323=ORIENTED_EDGE('',*,*,#3043,.F.);
#4324=ORIENTED_EDGE('',*,*,#2979,.T.);
#4325=ORIENTED_EDGE('',*,*,#3044,.T.);
#4326=ORIENTED_EDGE('',*,*,#3045,.T.);
#4327=ORIENTED_EDGE('',*,*,#3039,.F.);
#4328=ORIENTED_EDGE('',*,*,#2981,.T.);
#4329=ORIENTED_EDGE('',*,*,#3043,.T.);
#4330=ORIENTED_EDGE('',*,*,#3046,.F.);
#4331=ORIENTED_EDGE('',*,*,#3044,.F.);
#4332=ORIENTED_EDGE('',*,*,#2982,.T.);
#4333=ORIENTED_EDGE('',*,*,#3047,.F.);
#4334=ORIENTED_EDGE('',*,*,#2985,.T.);
#4335=ORIENTED_EDGE('',*,*,#2988,.T.);
#4336=ORIENTED_EDGE('',*,*,#2986,.F.);
#4337=ORIENTED_EDGE('',*,*,#3007,.T.);
#4338=ORIENTED_EDGE('',*,*,#2990,.F.);
#4339=ORIENTED_EDGE('',*,*,#2997,.F.);
#4340=ORIENTED_EDGE('',*,*,#2994,.F.);
#4341=ORIENTED_EDGE('',*,*,#3048,.F.);
#4342=ORIENTED_EDGE('',*,*,#2996,.T.);
#4343=ORIENTED_EDGE('',*,*,#3005,.T.);
#4344=ORIENTED_EDGE('',*,*,#3000,.F.);
#4345=ORIENTED_EDGE('',*,*,#3001,.T.);
#4346=ORIENTED_EDGE('',*,*,#3003,.T.);
#4347=ORIENTED_EDGE('',*,*,#3009,.T.);
#4348=ORIENTED_EDGE('',*,*,#3049,.T.);
#4349=ORIENTED_EDGE('',*,*,#3050,.T.);
#4350=ORIENTED_EDGE('',*,*,#3049,.F.);
#4351=ORIENTED_EDGE('',*,*,#3010,.T.);
#4352=ORIENTED_EDGE('',*,*,#3051,.T.);
#4353=ORIENTED_EDGE('',*,*,#3052,.F.);
#4354=ORIENTED_EDGE('',*,*,#3053,.T.);
#4355=ORIENTED_EDGE('',*,*,#3012,.T.);
#4356=ORIENTED_EDGE('',*,*,#3053,.F.);
#4357=ORIENTED_EDGE('',*,*,#3054,.F.);
#4358=ORIENTED_EDGE('',*,*,#3055,.T.);
#4359=ORIENTED_EDGE('',*,*,#3014,.T.);
#4360=ORIENTED_EDGE('',*,*,#3055,.F.);
#4361=ORIENTED_EDGE('',*,*,#3056,.F.);
#4362=ORIENTED_EDGE('',*,*,#3057,.T.);
#4363=ORIENTED_EDGE('',*,*,#3016,.T.);
#4364=ORIENTED_EDGE('',*,*,#3057,.F.);
#4365=ORIENTED_EDGE('',*,*,#3058,.F.);
#4366=ORIENTED_EDGE('',*,*,#3059,.T.);
#4367=ORIENTED_EDGE('',*,*,#3018,.T.);
#4368=ORIENTED_EDGE('',*,*,#3059,.F.);
#4369=ORIENTED_EDGE('',*,*,#3060,.F.);
#4370=ORIENTED_EDGE('',*,*,#3061,.T.);
#4371=ORIENTED_EDGE('',*,*,#3020,.T.);
#4372=ORIENTED_EDGE('',*,*,#3061,.F.);
#4373=ORIENTED_EDGE('',*,*,#3062,.F.);
#4374=ORIENTED_EDGE('',*,*,#3063,.T.);
#4375=ORIENTED_EDGE('',*,*,#3022,.T.);
#4376=ORIENTED_EDGE('',*,*,#3063,.F.);
#4377=ORIENTED_EDGE('',*,*,#3064,.F.);
#4378=ORIENTED_EDGE('',*,*,#3065,.T.);
#4379=ORIENTED_EDGE('',*,*,#3024,.T.);
#4380=ORIENTED_EDGE('',*,*,#3065,.F.);
#4381=ORIENTED_EDGE('',*,*,#3066,.F.);
#4382=ORIENTED_EDGE('',*,*,#3067,.T.);
#4383=ORIENTED_EDGE('',*,*,#3026,.T.);
#4384=ORIENTED_EDGE('',*,*,#3067,.F.);
#4385=ORIENTED_EDGE('',*,*,#3051,.F.);
#4386=ORIENTED_EDGE('',*,*,#3068,.T.);
#4387=ORIENTED_EDGE('',*,*,#3028,.T.);
#4388=ORIENTED_EDGE('',*,*,#3068,.F.);
#4389=ORIENTED_EDGE('',*,*,#3069,.F.);
#4390=ORIENTED_EDGE('',*,*,#3070,.T.);
#4391=ORIENTED_EDGE('',*,*,#3036,.T.);
#4392=ORIENTED_EDGE('',*,*,#3031,.F.);
#4393=ORIENTED_EDGE('',*,*,#3034,.T.);
#4394=ORIENTED_EDGE('',*,*,#3071,.T.);
#4395=ORIENTED_EDGE('',*,*,#3048,.T.);
#4396=ORIENTED_EDGE('',*,*,#3071,.F.);
#4397=ORIENTED_EDGE('',*,*,#3033,.T.);
#4398=ORIENTED_EDGE('',*,*,#3038,.F.);
#4399=ORIENTED_EDGE('',*,*,#3037,.T.);
#4400=ORIENTED_EDGE('',*,*,#3070,.F.);
#4401=ORIENTED_EDGE('',*,*,#3072,.F.);
#4402=ORIENTED_EDGE('',*,*,#3073,.T.);
#4403=ORIENTED_EDGE('',*,*,#3047,.T.);
#4404=ORIENTED_EDGE('',*,*,#3073,.F.);
#4405=ORIENTED_EDGE('',*,*,#3040,.T.);
#4406=ORIENTED_EDGE('',*,*,#3045,.F.);
#4407=ORIENTED_EDGE('',*,*,#3046,.T.);
#4408=ORIENTED_EDGE('',*,*,#3042,.F.);
#4409=ORIENTED_EDGE('',*,*,#3050,.F.);
#4410=ORIENTED_EDGE('',*,*,#3072,.T.);
#4411=ORIENTED_EDGE('',*,*,#3052,.T.);
#4412=ORIENTED_EDGE('',*,*,#3054,.T.);
#4413=ORIENTED_EDGE('',*,*,#3074,.F.);
#4414=ORIENTED_EDGE('',*,*,#3056,.T.);
#4415=ORIENTED_EDGE('',*,*,#3075,.F.);
#4416=ORIENTED_EDGE('',*,*,#3058,.T.);
#4417=ORIENTED_EDGE('',*,*,#3076,.F.);
#4418=ORIENTED_EDGE('',*,*,#3069,.T.);
#4419=ORIENTED_EDGE('',*,*,#3060,.T.);
#4420=ORIENTED_EDGE('',*,*,#3062,.T.);
#4421=ORIENTED_EDGE('',*,*,#3077,.F.);
#4422=ORIENTED_EDGE('',*,*,#3064,.T.);
#4423=ORIENTED_EDGE('',*,*,#3078,.F.);
#4424=ORIENTED_EDGE('',*,*,#3066,.T.);
#4425=ORIENTED_EDGE('',*,*,#3079,.F.);
#4426=ORIENTED_EDGE('',*,*,#3080,.F.);
#4427=ORIENTED_EDGE('',*,*,#3081,.T.);
#4428=ORIENTED_EDGE('',*,*,#3074,.T.);
#4429=ORIENTED_EDGE('',*,*,#3081,.F.);
#4430=ORIENTED_EDGE('',*,*,#3082,.F.);
#4431=ORIENTED_EDGE('',*,*,#3083,.T.);
#4432=ORIENTED_EDGE('',*,*,#3075,.T.);
#4433=ORIENTED_EDGE('',*,*,#3083,.F.);
#4434=ORIENTED_EDGE('',*,*,#3084,.F.);
#4435=ORIENTED_EDGE('',*,*,#3085,.T.);
#4436=ORIENTED_EDGE('',*,*,#3076,.T.);
#4437=ORIENTED_EDGE('',*,*,#3085,.F.);
#4438=ORIENTED_EDGE('',*,*,#3086,.F.);
#4439=ORIENTED_EDGE('',*,*,#3087,.T.);
#4440=ORIENTED_EDGE('',*,*,#3077,.T.);
#4441=ORIENTED_EDGE('',*,*,#3087,.F.);
#4442=ORIENTED_EDGE('',*,*,#3088,.F.);
#4443=ORIENTED_EDGE('',*,*,#3089,.T.);
#4444=ORIENTED_EDGE('',*,*,#3078,.T.);
#4445=ORIENTED_EDGE('',*,*,#3089,.F.);
#4446=ORIENTED_EDGE('',*,*,#3090,.F.);
#4447=ORIENTED_EDGE('',*,*,#3091,.T.);
#4448=ORIENTED_EDGE('',*,*,#3079,.T.);
#4449=ORIENTED_EDGE('',*,*,#3091,.F.);
#4450=ORIENTED_EDGE('',*,*,#3092,.F.);
#4451=ORIENTED_EDGE('',*,*,#3093,.T.);
#4452=ORIENTED_EDGE('',*,*,#3080,.T.);
#4453=ORIENTED_EDGE('',*,*,#3093,.F.);
#4454=ORIENTED_EDGE('',*,*,#3094,.F.);
#4455=ORIENTED_EDGE('',*,*,#3095,.T.);
#4456=ORIENTED_EDGE('',*,*,#3082,.T.);
#4457=ORIENTED_EDGE('',*,*,#3095,.F.);
#4458=ORIENTED_EDGE('',*,*,#3096,.F.);
#4459=ORIENTED_EDGE('',*,*,#3097,.T.);
#4460=ORIENTED_EDGE('',*,*,#3084,.T.);
#4461=ORIENTED_EDGE('',*,*,#3097,.F.);
#4462=ORIENTED_EDGE('',*,*,#3098,.F.);
#4463=ORIENTED_EDGE('',*,*,#3099,.T.);
#4464=ORIENTED_EDGE('',*,*,#3086,.T.);
#4465=ORIENTED_EDGE('',*,*,#3099,.F.);
#4466=ORIENTED_EDGE('',*,*,#3100,.F.);
#4467=ORIENTED_EDGE('',*,*,#3101,.T.);
#4468=ORIENTED_EDGE('',*,*,#3088,.T.);
#4469=ORIENTED_EDGE('',*,*,#3101,.F.);
#4470=ORIENTED_EDGE('',*,*,#3102,.F.);
#4471=ORIENTED_EDGE('',*,*,#3103,.T.);
#4472=ORIENTED_EDGE('',*,*,#3090,.T.);
#4473=ORIENTED_EDGE('',*,*,#3103,.F.);
#4474=ORIENTED_EDGE('',*,*,#3092,.T.);
#4475=ORIENTED_EDGE('',*,*,#3094,.T.);
#4476=ORIENTED_EDGE('',*,*,#3096,.T.);
#4477=ORIENTED_EDGE('',*,*,#3098,.T.);
#4478=ORIENTED_EDGE('',*,*,#3100,.T.);
#4479=ORIENTED_EDGE('',*,*,#3102,.T.);
#4480=PLANE('',#4958);
#4481=PLANE('',#4959);
#4482=PLANE('',#4960);
#4483=PLANE('',#4961);
#4484=PLANE('',#4962);
#4485=PLANE('',#4963);
#4486=PLANE('',#4964);
#4487=PLANE('',#4965);
#4488=PLANE('',#4969);
#4489=PLANE('',#4973);
#4490=PLANE('',#4977);
#4491=PLANE('',#4981);
#4492=PLANE('',#4988);
#4493=PLANE('',#4992);
#4494=PLANE('',#4993);
#4495=PLANE('',#4998);
#4496=PLANE('',#5003);
#4497=PLANE('',#5006);
#4498=PLANE('',#5009);
#4499=PLANE('',#5012);
#4500=PLANE('',#5015);
#4501=PLANE('',#5019);
#4502=PLANE('',#5023);
#4503=PLANE('',#5027);
#4504=PLANE('',#5031);
#4505=PLANE('',#5038);
#4506=PLANE('',#5039);
#4507=PLANE('',#5042);
#4508=PLANE('',#5050);
#4509=PLANE('',#5052);
#4510=PLANE('',#5055);
#4511=PLANE('',#5056);
#4512=PLANE('',#5060);
#4513=PLANE('',#5070);
#4514=PLANE('',#5071);
#4515=PLANE('',#5072);
#4516=PLANE('',#5074);
#4517=PLANE('',#5075);
#4518=PLANE('',#5076);
#4519=PLANE('',#5080);
#4520=PLANE('',#5090);
#4521=PLANE('',#5091);
#4522=PLANE('',#5096);
#4523=PLANE('',#5097);
#4524=PLANE('',#5099);
#4525=PLANE('',#5101);
#4526=PLANE('',#5103);
#4527=PLANE('',#5109);
#4528=PLANE('',#5110);
#4529=PLANE('',#5111);
#4530=PLANE('',#5112);
#4531=PLANE('',#5113);
#4532=PLANE('',#5119);
#4533=PLANE('',#5120);
#4534=PLANE('',#5125);
#4535=PLANE('',#5131);
#4536=PLANE('',#5135);
#4537=PLANE('',#5139);
#4538=PLANE('',#5143);
#4539=PLANE('',#5144);
#4540=PLANE('',#5147);
#4541=PLANE('',#5150);
#4542=PLANE('',#5153);
#4543=PLANE('',#5154);
#4544=PLANE('',#5157);
#4545=PLANE('',#5158);
#4546=PLANE('',#5159);
#4547=PLANE('',#5161);
#4548=PLANE('',#5173);
#4549=PLANE('',#5175);
#4550=PLANE('',#5180);
#4551=PLANE('',#5182);
#4552=PLANE('',#5184);
#4553=PLANE('',#5187);
#4554=PLANE('',#5192);
#4555=PLANE('',#5193);
#4556=PLANE('',#5196);
#4557=PLANE('',#5197);
#4558=PLANE('',#5198);
#4559=PLANE('',#5199);
#4560=PLANE('',#5200);
#4561=PLANE('',#5205);
#4562=PLANE('',#5209);
#4563=PLANE('',#5210);
#4564=PLANE('',#5211);
#4565=PLANE('',#5212);
#4566=PLANE('',#5213);
#4567=PLANE('',#5215);
#4568=PLANE('',#5217);
#4569=PLANE('',#5220);
#4570=PLANE('',#5221);
#4571=PLANE('',#5224);
#4572=PLANE('',#5225);
#4573=PLANE('',#5229);
#4574=PLANE('',#5230);
#4575=PLANE('',#5234);
#4576=PLANE('',#5235);
#4577=PLANE('',#5236);
#4578=PLANE('',#5240);
#4579=PLANE('',#5241);
#4580=PLANE('',#5242);
#4581=PLANE('',#5243);
#4582=PLANE('',#5244);
#4583=PLANE('',#5245);
#4584=PLANE('',#5246);
#4585=PLANE('',#5247);
#4586=PLANE('',#5248);
#4587=PLANE('',#5249);
#4588=PLANE('',#5250);
#4589=PLANE('',#5251);
#4590=PLANE('',#5254);
#4591=PLANE('',#5262);
#4592=PLANE('',#5264);
#4593=PLANE('',#5265);
#4594=PLANE('',#5272);
#4595=PLANE('',#5274);
#4596=PLANE('',#5275);
#4597=PLANE('',#5277);
#4598=PLANE('',#5279);
#4599=PLANE('',#5280);
#4600=PLANE('',#5282);
#4601=PLANE('',#5283);
#4602=PLANE('',#5285);
#4603=PLANE('',#5286);
#4604=PLANE('',#5288);
#4605=PLANE('',#5299);
#4606=PLANE('',#5300);
#4607=PLANE('',#5301);
#4608=PLANE('',#5302);
#4609=PLANE('',#5303);
#4610=PLANE('',#5304);
#4611=PLANE('',#5305);
#4612=PLANE('',#5306);
#4613=PLANE('',#5307);
#4614=PLANE('',#5312);
#4615=PLANE('',#5313);
#4616=PLANE('',#5317);
#4617=PLANE('',#5318);
#4618=PLANE('',#5323);
#4619=PLANE('',#5327);
#4620=PLANE('',#5330);
#4621=PLANE('',#5337);
#4622=PLANE('',#5357);
#4623=PLANE('',#5359);
#4624=PLANE('',#5360);
#4625=PLANE('',#5363);
#4626=PLANE('',#5366);
#4627=PLANE('',#5367);
#4628=PLANE('',#5369);
#4629=PLANE('',#5370);
#4630=PLANE('',#5371);
#4631=PLANE('',#5373);
#4632=PLANE('',#5375);
#4633=PLANE('',#5376);
#4634=PLANE('',#5377);
#4635=PLANE('',#5378);
#4636=PLANE('',#5380);
#4637=PLANE('',#5381);
#4638=PLANE('',#5382);
#4639=PLANE('',#5385);
#4640=PLANE('',#5408);
#4641=PLANE('',#5409);
#4642=PLANE('',#5410);
#4643=PLANE('',#5412);
#4644=PLANE('',#5414);
#4645=PLANE('',#5416);
#4646=PLANE('',#5417);
#4647=PLANE('',#5419);
#4648=PLANE('',#5421);
#4649=PLANE('',#5447);
#4650=PLANE('',#5448);
#4651=PLANE('',#5449);
#4652=PLANE('',#5450);
#4653=PLANE('',#5451);
#4654=PLANE('',#5452);
#4655=ADVANCED_FACE('',(#421),#4480,.T.);
#4656=ADVANCED_FACE('',(#422),#4481,.F.);
#4657=ADVANCED_FACE('',(#423),#4482,.T.);
#4658=ADVANCED_FACE('',(#424),#4483,.F.);
#4659=ADVANCED_FACE('',(#425),#4484,.T.);
#4660=ADVANCED_FACE('',(#426),#4485,.T.);
#4661=ADVANCED_FACE('',(#427),#4486,.T.);
#4662=ADVANCED_FACE('',(#428),#4487,.T.);
#4663=ADVANCED_FACE('',(#429),#360,.T.);
#4664=ADVANCED_FACE('',(#430),#4488,.T.);
#4665=ADVANCED_FACE('',(#431),#361,.T.);
#4666=ADVANCED_FACE('',(#432),#4489,.T.);
#4667=ADVANCED_FACE('',(#433),#362,.T.);
#4668=ADVANCED_FACE('',(#434),#4490,.T.);
#4669=ADVANCED_FACE('',(#435),#363,.T.);
#4670=ADVANCED_FACE('',(#436),#4491,.T.);
#4671=ADVANCED_FACE('',(#437),#364,.F.);
#4672=ADVANCED_FACE('',(#438),#365,.T.);
#4673=ADVANCED_FACE('',(#439),#4492,.T.);
#4674=ADVANCED_FACE('',(#440),#366,.F.);
#4675=ADVANCED_FACE('',(#441),#4493,.T.);
#4676=ADVANCED_FACE('',(#442,#85,#86),#4494,.T.);
#4677=ADVANCED_FACE('',(#443),#25,.T.);
#4678=ADVANCED_FACE('',(#444),#26,.F.);
#4679=ADVANCED_FACE('',(#445,#87,#88),#4495,.T.);
#4680=ADVANCED_FACE('',(#446),#27,.T.);
#4681=ADVANCED_FACE('',(#447),#4496,.T.);
#4682=ADVANCED_FACE('',(#448),#28,.T.);
#4683=ADVANCED_FACE('',(#449,#89),#4497,.T.);
#4684=ADVANCED_FACE('',(#450),#29,.T.);
#4685=ADVANCED_FACE('',(#451),#4498,.F.);
#4686=ADVANCED_FACE('',(#452),#30,.T.);
#4687=ADVANCED_FACE('',(#453),#4499,.F.);
#4688=ADVANCED_FACE('',(#454),#367,.F.);
#4689=ADVANCED_FACE('',(#455),#4500,.T.);
#4690=ADVANCED_FACE('',(#456),#368,.T.);
#4691=ADVANCED_FACE('',(#457),#4501,.T.);
#4692=ADVANCED_FACE('',(#458),#369,.T.);
#4693=ADVANCED_FACE('',(#459),#4502,.T.);
#4694=ADVANCED_FACE('',(#460),#370,.T.);
#4695=ADVANCED_FACE('',(#461),#4503,.T.);
#4696=ADVANCED_FACE('',(#462),#371,.T.);
#4697=ADVANCED_FACE('',(#463),#4504,.T.);
#4698=ADVANCED_FACE('',(#464),#372,.F.);
#4699=ADVANCED_FACE('',(#465),#373,.T.);
#4700=ADVANCED_FACE('',(#466),#4505,.T.);
#4701=ADVANCED_FACE('',(#467),#4506,.F.);
#4702=ADVANCED_FACE('',(#468),#31,.F.);
#4703=ADVANCED_FACE('',(#469,#90,#91,#92,#93),#4507,.T.);
#4704=ADVANCED_FACE('',(#470),#374,.F.);
#4705=ADVANCED_FACE('',(#471),#4508,.T.);
#4706=ADVANCED_FACE('',(#472),#32,.F.);
#4707=ADVANCED_FACE('',(#473),#4509,.T.);
#4708=ADVANCED_FACE('',(#474),#375,.F.);
#4709=ADVANCED_FACE('',(#475),#4510,.T.);
#4710=ADVANCED_FACE('',(#476),#4511,.T.);
#4711=ADVANCED_FACE('',(#477),#376,.T.);
#4712=ADVANCED_FACE('',(#478),#4512,.T.);
#4713=ADVANCED_FACE('',(#479),#377,.T.);
#4714=ADVANCED_FACE('',(#480),#378,.F.);
#4715=ADVANCED_FACE('',(#481),#379,.T.);
#4716=ADVANCED_FACE('',(#482),#4513,.T.);
#4717=ADVANCED_FACE('',(#483),#4514,.T.);
#4718=ADVANCED_FACE('',(#484,#94),#4515,.T.);
#4719=ADVANCED_FACE('',(#485),#4516,.T.);
#4720=ADVANCED_FACE('',(#486),#4517,.T.);
#4721=ADVANCED_FACE('',(#487),#4518,.T.);
#4722=ADVANCED_FACE('',(#488),#380,.T.);
#4723=ADVANCED_FACE('',(#489),#4519,.T.);
#4724=ADVANCED_FACE('',(#490),#381,.T.);
#4725=ADVANCED_FACE('',(#491),#382,.F.);
#4726=ADVANCED_FACE('',(#492),#383,.T.);
#4727=ADVANCED_FACE('',(#493),#4520,.T.);
#4728=ADVANCED_FACE('',(#494,#95,#96,#97,#98),#4521,.T.);
#4729=ADVANCED_FACE('',(#495),#4522,.F.);
#4730=ADVANCED_FACE('',(#496,#99),#4523,.F.);
#4731=ADVANCED_FACE('',(#497),#4524,.T.);
#4732=ADVANCED_FACE('',(#498),#4525,.F.);
#4733=ADVANCED_FACE('',(#499),#4526,.T.);
#4734=ADVANCED_FACE('',(#500),#384,.T.);
#4735=ADVANCED_FACE('',(#501),#33,.T.);
#4736=ADVANCED_FACE('',(#502),#4527,.T.);
#4737=ADVANCED_FACE('',(#503),#4528,.T.);
#4738=ADVANCED_FACE('',(#504),#4529,.F.);
#4739=ADVANCED_FACE('',(#505),#4530,.T.);
#4740=ADVANCED_FACE('',(#506),#4531,.F.);
#4741=ADVANCED_FACE('',(#507),#34,.F.);
#4742=ADVANCED_FACE('',(#508),#4532,.F.);
#4743=ADVANCED_FACE('',(#509),#4533,.T.);
#4744=ADVANCED_FACE('',(#510),#35,.F.);
#4745=ADVANCED_FACE('',(#511),#36,.T.);
#4746=ADVANCED_FACE('',(#512),#37,.F.);
#4747=ADVANCED_FACE('',(#513),#4534,.F.);
#4748=ADVANCED_FACE('',(#514),#38,.F.);
#4749=ADVANCED_FACE('',(#515),#39,.T.);
#4750=ADVANCED_FACE('',(#516),#4535,.F.);
#4751=ADVANCED_FACE('',(#517,#100),#40,.T.);
#4752=ADVANCED_FACE('',(#518,#101),#4536,.F.);
#4753=ADVANCED_FACE('',(#519,#102),#4537,.T.);
#4754=ADVANCED_FACE('',(#520),#41,.T.);
#4755=ADVANCED_FACE('',(#521),#4538,.T.);
#4756=ADVANCED_FACE('',(#522),#4539,.F.);
#4757=ADVANCED_FACE('',(#523),#42,.T.);
#4758=ADVANCED_FACE('',(#524),#4540,.T.);
#4759=ADVANCED_FACE('',(#525),#43,.T.);
#4760=ADVANCED_FACE('',(#526,#103),#4541,.T.);
#4761=ADVANCED_FACE('',(#527),#44,.T.);
#4762=ADVANCED_FACE('',(#528),#4542,.T.);
#4763=ADVANCED_FACE('',(#529,#104),#4543,.T.);
#4764=ADVANCED_FACE('',(#530),#4544,.F.);
#4765=ADVANCED_FACE('',(#531),#4545,.F.);
#4766=ADVANCED_FACE('',(#532),#4546,.F.);
#4767=ADVANCED_FACE('',(#533),#45,.T.);
#4768=ADVANCED_FACE('',(#534,#105,#106,#107,#108,#109,#110),#4547,.T.);
#4769=ADVANCED_FACE('',(#535),#4548,.F.);
#4770=ADVANCED_FACE('',(#536),#46,.T.);
#4771=ADVANCED_FACE('',(#537),#4549,.T.);
#4772=ADVANCED_FACE('',(#538),#385,.F.);
#4773=ADVANCED_FACE('',(#539),#47,.F.);
#4774=ADVANCED_FACE('',(#540),#4550,.F.);
#4775=ADVANCED_FACE('',(#541,#111),#4551,.T.);
#4776=ADVANCED_FACE('',(#542),#4552,.T.);
#4777=ADVANCED_FACE('',(#543),#48,.F.);
#4778=ADVANCED_FACE('',(#544),#4553,.T.);
#4779=ADVANCED_FACE('',(#545),#49,.F.);
#4780=ADVANCED_FACE('',(#546),#386,.T.);
#4781=ADVANCED_FACE('',(#547,#112),#4554,.T.);
#4782=ADVANCED_FACE('',(#548,#113),#4555,.T.);
#4783=ADVANCED_FACE('',(#549),#387,.T.);
#4784=ADVANCED_FACE('',(#550),#4556,.F.);
#4785=ADVANCED_FACE('',(#551),#4557,.T.);
#4786=ADVANCED_FACE('',(#552),#4558,.F.);
#4787=ADVANCED_FACE('',(#553),#4559,.T.);
#4788=ADVANCED_FACE('',(#554),#4560,.F.);
#4789=ADVANCED_FACE('',(#555),#50,.T.);
#4790=ADVANCED_FACE('',(#556),#15,.F.);
#4791=ADVANCED_FACE('',(#557),#51,.T.);
#4792=ADVANCED_FACE('',(#558),#4561,.T.);
#4793=ADVANCED_FACE('',(#559),#52,.T.);
#4794=ADVANCED_FACE('',(#560),#4562,.T.);
#4795=ADVANCED_FACE('',(#561),#4563,.T.);
#4796=ADVANCED_FACE('',(#562),#4564,.F.);
#4797=ADVANCED_FACE('',(#563),#4565,.F.);
#4798=ADVANCED_FACE('',(#564),#4566,.F.);
#4799=ADVANCED_FACE('',(#565),#53,.F.);
#4800=ADVANCED_FACE('',(#566),#4567,.T.);
#4801=ADVANCED_FACE('',(#567),#388,.T.);
#4802=ADVANCED_FACE('',(#568),#4568,.F.);
#4803=ADVANCED_FACE('',(#569),#389,.T.);
#4804=ADVANCED_FACE('',(#570),#390,.T.);
#4805=ADVANCED_FACE('',(#571),#4569,.F.);
#4806=ADVANCED_FACE('',(#572),#4570,.T.);
#4807=ADVANCED_FACE('',(#573),#391,.T.);
#4808=ADVANCED_FACE('',(#574),#392,.T.);
#4809=ADVANCED_FACE('',(#575),#4571,.T.);
#4810=ADVANCED_FACE('',(#576),#4572,.F.);
#4811=ADVANCED_FACE('',(#577),#393,.T.);
#4812=ADVANCED_FACE('',(#578),#394,.T.);
#4813=ADVANCED_FACE('',(#579),#4573,.F.);
#4814=ADVANCED_FACE('',(#580),#4574,.T.);
#4815=ADVANCED_FACE('',(#581),#395,.T.);
#4816=ADVANCED_FACE('',(#582),#396,.F.);
#4817=ADVANCED_FACE('',(#583),#4575,.F.);
#4818=ADVANCED_FACE('',(#584),#4576,.F.);
#4819=ADVANCED_FACE('',(#585),#4577,.F.);
#4820=ADVANCED_FACE('',(#586),#397,.F.);
#4821=ADVANCED_FACE('',(#587),#4578,.T.);
#4822=ADVANCED_FACE('',(#588),#4579,.T.);
#4823=ADVANCED_FACE('',(#589),#4580,.T.);
#4824=ADVANCED_FACE('',(#590),#4581,.T.);
#4825=ADVANCED_FACE('',(#591),#4582,.T.);
#4826=ADVANCED_FACE('',(#592),#4583,.T.);
#4827=ADVANCED_FACE('',(#593),#4584,.T.);
#4828=ADVANCED_FACE('',(#594),#4585,.T.);
#4829=ADVANCED_FACE('',(#595),#4586,.T.);
#4830=ADVANCED_FACE('',(#596),#4587,.T.);
#4831=ADVANCED_FACE('',(#597),#4588,.T.);
#4832=ADVANCED_FACE('',(#598),#4589,.T.);
#4833=ADVANCED_FACE('',(#599),#54,.T.);
#4834=ADVANCED_FACE('',(#600),#4590,.T.);
#4835=ADVANCED_FACE('',(#601),#55,.T.);
#4836=ADVANCED_FACE('',(#602),#56,.F.);
#4837=ADVANCED_FACE('',(#603),#16,.T.);
#4838=ADVANCED_FACE('',(#604),#17,.F.);
#4839=ADVANCED_FACE('',(#605,#114),#4591,.F.);
#4840=ADVANCED_FACE('',(#606),#4592,.F.);
#4841=ADVANCED_FACE('',(#607,#115),#4593,.F.);
#4842=ADVANCED_FACE('',(#608),#57,.F.);
#4843=ADVANCED_FACE('',(#609),#18,.F.);
#4844=ADVANCED_FACE('',(#610),#19,.F.);
#4845=ADVANCED_FACE('',(#611,#116),#4594,.T.);
#4846=ADVANCED_FACE('',(#612),#4595,.T.);
#4847=ADVANCED_FACE('',(#613,#117),#4596,.T.);
#4848=ADVANCED_FACE('',(#614,#118),#4597,.T.);
#4849=ADVANCED_FACE('',(#615),#4598,.T.);
#4850=ADVANCED_FACE('',(#616,#119),#4599,.T.);
#4851=ADVANCED_FACE('',(#617),#4600,.T.);
#4852=ADVANCED_FACE('',(#618,#120),#4601,.T.);
#4853=ADVANCED_FACE('',(#619),#4602,.T.);
#4854=ADVANCED_FACE('',(#620,#121),#4603,.T.);
#4855=ADVANCED_FACE('',(#621),#4604,.T.);
#4856=ADVANCED_FACE('',(#622),#398,.F.);
#4857=ADVANCED_FACE('',(#623),#399,.F.);
#4858=ADVANCED_FACE('',(#624),#400,.T.);
#4859=ADVANCED_FACE('',(#625),#401,.F.);
#4860=ADVANCED_FACE('',(#626),#402,.T.);
#4861=ADVANCED_FACE('',(#627),#4605,.T.);
#4862=ADVANCED_FACE('',(#628),#4606,.T.);
#4863=ADVANCED_FACE('',(#629),#4607,.T.);
#4864=ADVANCED_FACE('',(#630),#4608,.T.);
#4865=ADVANCED_FACE('',(#631),#4609,.F.);
#4866=ADVANCED_FACE('',(#632),#4610,.F.);
#4867=ADVANCED_FACE('',(#633),#4611,.F.);
#4868=ADVANCED_FACE('',(#634),#4612,.F.);
#4869=ADVANCED_FACE('',(#635),#4613,.F.);
#4870=ADVANCED_FACE('',(#636),#403,.F.);
#4871=ADVANCED_FACE('',(#637),#404,.F.);
#4872=ADVANCED_FACE('',(#638),#4614,.T.);
#4873=ADVANCED_FACE('',(#639),#4615,.F.);
#4874=ADVANCED_FACE('',(#640),#58,.F.);
#4875=ADVANCED_FACE('',(#641),#59,.F.);
#4876=ADVANCED_FACE('',(#642),#4616,.T.);
#4877=ADVANCED_FACE('',(#643),#4617,.F.);
#4878=ADVANCED_FACE('',(#644),#405,.F.);
#4879=ADVANCED_FACE('',(#645),#406,.F.);
#4880=ADVANCED_FACE('',(#646),#4618,.T.);
#4881=ADVANCED_FACE('',(#647),#60,.F.);
#4882=ADVANCED_FACE('',(#648),#61,.F.);
#4883=ADVANCED_FACE('',(#649),#4619,.F.);
#4884=ADVANCED_FACE('',(#650),#62,.F.);
#4885=ADVANCED_FACE('',(#651),#4620,.F.);
#4886=ADVANCED_FACE('',(#652),#63,.F.);
#4887=ADVANCED_FACE('',(#653),#64,.F.);
#4888=ADVANCED_FACE('',(#654),#65,.F.);
#4889=ADVANCED_FACE('',(#655,#122),#4621,.T.);
#4890=ADVANCED_FACE('',(#656),#66,.F.);
#4891=ADVANCED_FACE('',(#657),#407,.F.);
#4892=ADVANCED_FACE('',(#658),#408,.F.);
#4893=ADVANCED_FACE('',(#659),#409,.F.);
#4894=ADVANCED_FACE('',(#660),#410,.F.);
#4895=ADVANCED_FACE('',(#661),#411,.F.);
#4896=ADVANCED_FACE('',(#662),#412,.F.);
#4897=ADVANCED_FACE('',(#663),#413,.F.);
#4898=ADVANCED_FACE('',(#664),#414,.F.);
#4899=ADVANCED_FACE('',(#665,#123),#4622,.T.);
#4900=ADVANCED_FACE('',(#666),#4623,.T.);
#4901=ADVANCED_FACE('',(#667),#4624,.T.);
#4902=ADVANCED_FACE('',(#668),#4625,.T.);
#4903=ADVANCED_FACE('',(#669),#4626,.T.);
#4904=ADVANCED_FACE('',(#670),#4627,.T.);
#4905=ADVANCED_FACE('',(#671),#4628,.T.);
#4906=ADVANCED_FACE('',(#672),#4629,.T.);
#4907=ADVANCED_FACE('',(#673),#4630,.T.);
#4908=ADVANCED_FACE('',(#674,#124),#4631,.F.);
#4909=ADVANCED_FACE('',(#675),#4632,.F.);
#4910=ADVANCED_FACE('',(#676,#125),#4633,.T.);
#4911=ADVANCED_FACE('',(#677),#4634,.T.);
#4912=ADVANCED_FACE('',(#678,#126),#4635,.F.);
#4913=ADVANCED_FACE('',(#679,#127),#4636,.T.);
#4914=ADVANCED_FACE('',(#680),#4637,.T.);
#4915=ADVANCED_FACE('',(#681),#4638,.T.);
#4916=ADVANCED_FACE('',(#682),#67,.F.);
#4917=ADVANCED_FACE('',(#683,#128),#4639,.T.);
#4918=ADVANCED_FACE('',(#684),#68,.F.);
#4919=ADVANCED_FACE('',(#685),#69,.F.);
#4920=ADVANCED_FACE('',(#686),#70,.F.);
#4921=ADVANCED_FACE('',(#687),#71,.F.);
#4922=ADVANCED_FACE('',(#688),#72,.F.);
#4923=ADVANCED_FACE('',(#689),#73,.F.);
#4924=ADVANCED_FACE('',(#690),#74,.F.);
#4925=ADVANCED_FACE('',(#691),#75,.F.);
#4926=ADVANCED_FACE('',(#692),#76,.F.);
#4927=ADVANCED_FACE('',(#693),#77,.F.);
#4928=ADVANCED_FACE('',(#694,#129),#78,.F.);
#4929=ADVANCED_FACE('',(#695),#4640,.F.);
#4930=ADVANCED_FACE('',(#696,#130),#4641,.T.);
#4931=ADVANCED_FACE('',(#697,#131),#4642,.T.);
#4932=ADVANCED_FACE('',(#698,#132),#4643,.T.);
#4933=ADVANCED_FACE('',(#699,#133),#4644,.T.);
#4934=ADVANCED_FACE('',(#700,#134),#4645,.T.);
#4935=ADVANCED_FACE('',(#701,#135),#4646,.T.);
#4936=ADVANCED_FACE('',(#702,#136),#4647,.T.);
#4937=ADVANCED_FACE('',(#703,#137),#4648,.T.);
#4938=ADVANCED_FACE('',(#704),#415,.F.);
#4939=ADVANCED_FACE('',(#705),#416,.F.);
#4940=ADVANCED_FACE('',(#706),#417,.F.);
#4941=ADVANCED_FACE('',(#707),#418,.F.);
#4942=ADVANCED_FACE('',(#708),#419,.F.);
#4943=ADVANCED_FACE('',(#709),#420,.F.);
#4944=ADVANCED_FACE('',(#710),#79,.F.);
#4945=ADVANCED_FACE('',(#711),#80,.F.);
#4946=ADVANCED_FACE('',(#712),#81,.F.);
#4947=ADVANCED_FACE('',(#713),#82,.F.);
#4948=ADVANCED_FACE('',(#714),#83,.F.);
#4949=ADVANCED_FACE('',(#715),#84,.F.);
#4950=ADVANCED_FACE('',(#716),#4649,.T.);
#4951=ADVANCED_FACE('',(#717),#4650,.T.);
#4952=ADVANCED_FACE('',(#718),#4651,.T.);
#4953=ADVANCED_FACE('',(#719),#4652,.T.);
#4954=ADVANCED_FACE('',(#720),#4653,.T.);
#4955=ADVANCED_FACE('',(#721),#4654,.T.);
#4956=CLOSED_SHELL('',(#4655,#4656,#4657,#4658,#4659,#4660,#4661,#4662,
#4663,#4664,#4665,#4666,#4667,#4668,#4669,#4670,#4671,#4672,#4673,#4674,
#4675,#4676,#4677,#4678,#4679,#4680,#4681,#4682,#4683,#4684,#4685,#4686,
#4687,#4688,#4689,#4690,#4691,#4692,#4693,#4694,#4695,#4696,#4697,#4698,
#4699,#4700,#4701,#4702,#4703,#4704,#4705,#4706,#4707,#4708,#4709,#4710,
#4711,#4712,#4713,#4714,#4715,#4716,#4717,#4718,#4719,#4720,#4721,#4722,
#4723,#4724,#4725,#4726,#4727,#4728,#4729,#4730,#4731,#4732,#4733,#4734,
#4735,#4736,#4737,#4738,#4739,#4740,#4741,#4742,#4743,#4744,#4745,#4746,
#4747,#4748,#4749,#4750,#4751,#4752,#4753,#4754,#4755,#4756,#4757,#4758,
#4759,#4760,#4761,#4762,#4763,#4764,#4765,#4766,#4767,#4768,#4769,#4770,
#4771,#4772,#4773,#4774,#4775,#4776,#4777,#4778,#4779,#4780,#4781,#4782,
#4783,#4784,#4785,#4786,#4787,#4788,#4789,#4790,#4791,#4792,#4793,#4794,
#4795,#4796,#4797,#4798,#4799,#4800,#4801,#4802,#4803,#4804,#4805,#4806,
#4807,#4808,#4809,#4810,#4811,#4812,#4813,#4814,#4815,#4816,#4817,#4818,
#4819,#4820,#4821,#4822,#4823,#4824,#4825,#4826,#4827,#4828,#4829,#4830,
#4831,#4832,#4833,#4834,#4835,#4836,#4837,#4838,#4839,#4840,#4841,#4842,
#4843,#4844,#4845,#4846,#4847,#4848,#4849,#4850,#4851,#4852,#4853,#4854,
#4855,#4856,#4857,#4858,#4859,#4860,#4861,#4862,#4863,#4864,#4865,#4866,
#4867,#4868,#4869,#4870,#4871,#4872,#4873,#4874,#4875,#4876,#4877,#4878,
#4879,#4880,#4881,#4882,#4883,#4884,#4885,#4886,#4887,#4888,#4889,#4890,
#4891,#4892,#4893,#4894,#4895,#4896,#4897,#4898,#4899,#4900,#4901,#4902,
#4903,#4904,#4905,#4906,#4907,#4908,#4909,#4910,#4911,#4912,#4913,#4914,
#4915,#4916,#4917,#4918,#4919,#4920,#4921,#4922,#4923,#4924,#4925,#4926,
#4927,#4928,#4929,#4930,#4931,#4932,#4933,#4934,#4935,#4936,#4937,#4938,
#4939,#4940,#4941,#4942,#4943,#4944,#4945,#4946,#4947,#4948,#4949,#4950,
#4951,#4952,#4953,#4954,#4955));
#4957=AXIS2_PLACEMENT_3D('',#6906,#5453,#5454);
#4958=AXIS2_PLACEMENT_3D('',#6907,#5455,#5456);
#4959=AXIS2_PLACEMENT_3D('',#6916,#5461,#5462);
#4960=AXIS2_PLACEMENT_3D('',#6930,#5470,#5471);
#4961=AXIS2_PLACEMENT_3D('',#6939,#5476,#5477);
#4962=AXIS2_PLACEMENT_3D('',#6943,#5480,#5481);
#4963=AXIS2_PLACEMENT_3D('',#6947,#5484,#5485);
#4964=AXIS2_PLACEMENT_3D('',#6953,#5489,#5490);
#4965=AXIS2_PLACEMENT_3D('',#6962,#5495,#5496);
#4966=AXIS2_PLACEMENT_3D('',#6971,#5501,#5502);
#4967=AXIS2_PLACEMENT_3D('',#6975,#5504,#5505);
#4968=AXIS2_PLACEMENT_3D('',#6976,#5506,#5507);
#4969=AXIS2_PLACEMENT_3D('',#6977,#5508,#5509);
#4970=AXIS2_PLACEMENT_3D('',#6983,#5513,#5514);
#4971=AXIS2_PLACEMENT_3D('',#6987,#5516,#5517);
#4972=AXIS2_PLACEMENT_3D('',#6988,#5518,#5519);
#4973=AXIS2_PLACEMENT_3D('',#6989,#5520,#5521);
#4974=AXIS2_PLACEMENT_3D('',#6995,#5525,#5526);
#4975=AXIS2_PLACEMENT_3D('',#6999,#5528,#5529);
#4976=AXIS2_PLACEMENT_3D('',#7000,#5530,#5531);
#4977=AXIS2_PLACEMENT_3D('',#7001,#5532,#5533);
#4978=AXIS2_PLACEMENT_3D('',#7007,#5537,#5538);
#4979=AXIS2_PLACEMENT_3D('',#7011,#5540,#5541);
#4980=AXIS2_PLACEMENT_3D('',#7012,#5542,#5543);
#4981=AXIS2_PLACEMENT_3D('',#7013,#5544,#5545);
#4982=AXIS2_PLACEMENT_3D('',#7019,#5549,#5550);
#4983=AXIS2_PLACEMENT_3D('',#7021,#5551,#5552);
#4984=AXIS2_PLACEMENT_3D('',#7024,#5554,#5555);
#4985=AXIS2_PLACEMENT_3D('',#7025,#5556,#5557);
#4986=AXIS2_PLACEMENT_3D('',#7027,#5558,#5559);
#4987=AXIS2_PLACEMENT_3D('',#7030,#5561,#5562);
#4988=AXIS2_PLACEMENT_3D('',#7031,#5563,#5564);
#4989=AXIS2_PLACEMENT_3D('',#7040,#5567,#5568);
#4990=AXIS2_PLACEMENT_3D('',#7042,#5569,#5570);
#4991=AXIS2_PLACEMENT_3D('',#7044,#5572,#5573);
#4992=AXIS2_PLACEMENT_3D('',#7045,#5574,#5575);
#4993=AXIS2_PLACEMENT_3D('',#7049,#5578,#5579);
#4994=AXIS2_PLACEMENT_3D('',#7059,#5585,#5586);
#4995=AXIS2_PLACEMENT_3D('',#7084,#5599,#5600);
#4996=AXIS2_PLACEMENT_3D('',#7097,#5602,#5603);
#4997=AXIS2_PLACEMENT_3D('',#7100,#5605,#5606);
#4998=AXIS2_PLACEMENT_3D('',#7101,#5607,#5608);
#4999=AXIS2_PLACEMENT_3D('',#7114,#5615,#5616);
#5000=AXIS2_PLACEMENT_3D('',#7116,#5617,#5618);
#5001=AXIS2_PLACEMENT_3D('',#7117,#5619,#5620);
#5002=AXIS2_PLACEMENT_3D('',#7120,#5622,#5623);
#5003=AXIS2_PLACEMENT_3D('',#7121,#5624,#5625);
#5004=AXIS2_PLACEMENT_3D('',#7125,#5628,#5629);
#5005=AXIS2_PLACEMENT_3D('',#7128,#5631,#5632);
#5006=AXIS2_PLACEMENT_3D('',#7129,#5633,#5634);
#5007=AXIS2_PLACEMENT_3D('',#7141,#5641,#5642);
#5008=AXIS2_PLACEMENT_3D('',#7144,#5644,#5645);
#5009=AXIS2_PLACEMENT_3D('',#7145,#5646,#5647);
#5010=AXIS2_PLACEMENT_3D('',#7149,#5650,#5651);
#5011=AXIS2_PLACEMENT_3D('',#7152,#5653,#5654);
#5012=AXIS2_PLACEMENT_3D('',#7153,#5655,#5656);
#5013=AXIS2_PLACEMENT_3D('',#7157,#5659,#5660);
#5014=AXIS2_PLACEMENT_3D('',#7159,#5661,#5662);
#5015=AXIS2_PLACEMENT_3D('',#7164,#5663,#5664);
#5016=AXIS2_PLACEMENT_3D('',#7173,#5669,#5670);
#5017=AXIS2_PLACEMENT_3D('',#7175,#5671,#5672);
#5018=AXIS2_PLACEMENT_3D('',#7178,#5674,#5675);
#5019=AXIS2_PLACEMENT_3D('',#7179,#5676,#5677);
#5020=AXIS2_PLACEMENT_3D('',#7185,#5681,#5682);
#5021=AXIS2_PLACEMENT_3D('',#7187,#5683,#5684);
#5022=AXIS2_PLACEMENT_3D('',#7190,#5686,#5687);
#5023=AXIS2_PLACEMENT_3D('',#7191,#5688,#5689);
#5024=AXIS2_PLACEMENT_3D('',#7197,#5693,#5694);
#5025=AXIS2_PLACEMENT_3D('',#7199,#5695,#5696);
#5026=AXIS2_PLACEMENT_3D('',#7202,#5698,#5699);
#5027=AXIS2_PLACEMENT_3D('',#7203,#5700,#5701);
#5028=AXIS2_PLACEMENT_3D('',#7209,#5705,#5706);
#5029=AXIS2_PLACEMENT_3D('',#7212,#5708,#5709);
#5030=AXIS2_PLACEMENT_3D('',#7213,#5710,#5711);
#5031=AXIS2_PLACEMENT_3D('',#7214,#5712,#5713);
#5032=AXIS2_PLACEMENT_3D('',#7218,#5716,#5717);
#5033=AXIS2_PLACEMENT_3D('',#7222,#5719,#5720);
#5034=AXIS2_PLACEMENT_3D('',#7223,#5721,#5722);
#5035=AXIS2_PLACEMENT_3D('',#7224,#5723,#5724);
#5036=AXIS2_PLACEMENT_3D('',#7227,#5726,#5727);
#5037=AXIS2_PLACEMENT_3D('',#7228,#5728,#5729);
#5038=AXIS2_PLACEMENT_3D('',#7229,#5730,#5731);
#5039=AXIS2_PLACEMENT_3D('',#7231,#5733,#5734);
#5040=AXIS2_PLACEMENT_3D('',#7235,#5738,#5739);
#5041=AXIS2_PLACEMENT_3D('',#7238,#5741,#5742);
#5042=AXIS2_PLACEMENT_3D('',#7239,#5743,#5744);
#5043=AXIS2_PLACEMENT_3D('',#7244,#5747,#5748);
#5044=AXIS2_PLACEMENT_3D('',#7246,#5749,#5750);
#5045=AXIS2_PLACEMENT_3D('',#7248,#5751,#5752);
#5046=AXIS2_PLACEMENT_3D('',#7250,#5753,#5754);
#5047=AXIS2_PLACEMENT_3D('',#7251,#5755,#5756);
#5048=AXIS2_PLACEMENT_3D('',#7253,#5757,#5758);
#5049=AXIS2_PLACEMENT_3D('',#7255,#5759,#5760);
#5050=AXIS2_PLACEMENT_3D('',#7260,#5761,#5762);
#5051=AXIS2_PLACEMENT_3D('',#7266,#5766,#5767);
#5052=AXIS2_PLACEMENT_3D('',#7268,#5769,#5770);
#5053=AXIS2_PLACEMENT_3D('',#7277,#5773,#5774);
#5054=AXIS2_PLACEMENT_3D('',#7278,#5775,#5776);
#5055=AXIS2_PLACEMENT_3D('',#7279,#5777,#5778);
#5056=AXIS2_PLACEMENT_3D('',#7290,#5785,#5786);
#5057=AXIS2_PLACEMENT_3D('',#7299,#5791,#5792);
#5058=AXIS2_PLACEMENT_3D('',#7303,#5794,#5795);
#5059=AXIS2_PLACEMENT_3D('',#7304,#5796,#5797);
#5060=AXIS2_PLACEMENT_3D('',#7305,#5798,#5799);
#5061=AXIS2_PLACEMENT_3D('',#7311,#5803,#5804);
#5062=AXIS2_PLACEMENT_3D('',#7313,#5805,#5806);
#5063=AXIS2_PLACEMENT_3D('',#7316,#5808,#5809);
#5064=AXIS2_PLACEMENT_3D('',#7317,#5810,#5811);
#5065=AXIS2_PLACEMENT_3D('',#7319,#5812,#5813);
#5066=AXIS2_PLACEMENT_3D('',#7322,#5815,#5816);
#5067=AXIS2_PLACEMENT_3D('',#7323,#5817,#5818);
#5068=AXIS2_PLACEMENT_3D('',#7324,#5819,#5820);
#5069=AXIS2_PLACEMENT_3D('',#7327,#5822,#5823);
#5070=AXIS2_PLACEMENT_3D('',#7328,#5824,#5825);
#5071=AXIS2_PLACEMENT_3D('',#7332,#5828,#5829);
#5072=AXIS2_PLACEMENT_3D('',#7334,#5831,#5832);
#5073=AXIS2_PLACEMENT_3D('',#7338,#5835,#5836);
#5074=AXIS2_PLACEMENT_3D('',#7339,#5837,#5838);
#5075=AXIS2_PLACEMENT_3D('',#7340,#5839,#5840);
#5076=AXIS2_PLACEMENT_3D('',#7344,#5843,#5844);
#5077=AXIS2_PLACEMENT_3D('',#7352,#5849,#5850);
#5078=AXIS2_PLACEMENT_3D('',#7354,#5851,#5852);
#5079=AXIS2_PLACEMENT_3D('',#7357,#5854,#5855);
#5080=AXIS2_PLACEMENT_3D('',#7358,#5856,#5857);
#5081=AXIS2_PLACEMENT_3D('',#7364,#5861,#5862);
#5082=AXIS2_PLACEMENT_3D('',#7368,#5864,#5865);
#5083=AXIS2_PLACEMENT_3D('',#7369,#5866,#5867);
#5084=AXIS2_PLACEMENT_3D('',#7370,#5868,#5869);
#5085=AXIS2_PLACEMENT_3D('',#7374,#5871,#5872);
#5086=AXIS2_PLACEMENT_3D('',#7375,#5873,#5874);
#5087=AXIS2_PLACEMENT_3D('',#7376,#5875,#5876);
#5088=AXIS2_PLACEMENT_3D('',#7379,#5878,#5879);
#5089=AXIS2_PLACEMENT_3D('',#7380,#5880,#5881);
#5090=AXIS2_PLACEMENT_3D('',#7381,#5882,#5883);
#5091=AXIS2_PLACEMENT_3D('',#7383,#5885,#5886);
#5092=AXIS2_PLACEMENT_3D('',#7386,#5888,#5889);
#5093=AXIS2_PLACEMENT_3D('',#7388,#5890,#5891);
#5094=AXIS2_PLACEMENT_3D('',#7390,#5892,#5893);
#5095=AXIS2_PLACEMENT_3D('',#7392,#5894,#5895);
#5096=AXIS2_PLACEMENT_3D('',#7393,#5896,#5897);
#5097=AXIS2_PLACEMENT_3D('',#7395,#5899,#5900);
#5098=AXIS2_PLACEMENT_3D('',#7397,#5901,#5902);
#5099=AXIS2_PLACEMENT_3D('',#7398,#5903,#5904);
#5100=AXIS2_PLACEMENT_3D('',#7401,#5905,#5906);
#5101=AXIS2_PLACEMENT_3D('',#7404,#5909,#5910);
#5102=AXIS2_PLACEMENT_3D('',#7406,#5911,#5912);
#5103=AXIS2_PLACEMENT_3D('',#7408,#5914,#5915);
#5104=AXIS2_PLACEMENT_3D('',#7414,#5919,#5920);
#5105=AXIS2_PLACEMENT_3D('',#7420,#5921,#5922);
#5106=AXIS2_PLACEMENT_3D('',#7421,#5923,#5924);
#5107=AXIS2_PLACEMENT_3D('',#7422,#5925,#5926);
#5108=AXIS2_PLACEMENT_3D('',#7426,#5928,#5929);
#5109=AXIS2_PLACEMENT_3D('',#7428,#5931,#5932);
#5110=AXIS2_PLACEMENT_3D('',#7430,#5934,#5935);
#5111=AXIS2_PLACEMENT_3D('',#7434,#5938,#5939);
#5112=AXIS2_PLACEMENT_3D('',#7438,#5942,#5943);
#5113=AXIS2_PLACEMENT_3D('',#7446,#5948,#5949);
#5114=AXIS2_PLACEMENT_3D('',#7450,#5951,#5952);
#5115=AXIS2_PLACEMENT_3D('',#7458,#5956,#5957);
#5116=AXIS2_PLACEMENT_3D('',#7471,#5961,#5962);
#5117=AXIS2_PLACEMENT_3D('',#7474,#5963,#5964);
#5118=AXIS2_PLACEMENT_3D('',#7478,#5966,#5967);
#5119=AXIS2_PLACEMENT_3D('',#7480,#5969,#5970);
#5120=AXIS2_PLACEMENT_3D('',#7481,#5971,#5972);
#5121=AXIS2_PLACEMENT_3D('',#7482,#5973,#5974);
#5122=AXIS2_PLACEMENT_3D('',#7484,#5975,#5976);
#5123=AXIS2_PLACEMENT_3D('',#7495,#5977,#5978);
#5124=AXIS2_PLACEMENT_3D('',#7497,#5980,#5981);
#5125=AXIS2_PLACEMENT_3D('',#7498,#5982,#5983);
#5126=AXIS2_PLACEMENT_3D('',#7502,#5986,#5987);
#5127=AXIS2_PLACEMENT_3D('',#7506,#5989,#5990);
#5128=AXIS2_PLACEMENT_3D('',#7510,#5992,#5993);
#5129=AXIS2_PLACEMENT_3D('',#7513,#5996,#5997);
#5130=AXIS2_PLACEMENT_3D('',#7516,#5999,#6000);
#5131=AXIS2_PLACEMENT_3D('',#7517,#6001,#6002);
#5132=AXIS2_PLACEMENT_3D('',#7520,#6005,#6006);
#5133=AXIS2_PLACEMENT_3D('',#7522,#6007,#6008);
#5134=AXIS2_PLACEMENT_3D('',#7523,#6009,#6010);
#5135=AXIS2_PLACEMENT_3D('',#7524,#6011,#6012);
#5136=AXIS2_PLACEMENT_3D('',#7530,#6015,#6016);
#5137=AXIS2_PLACEMENT_3D('',#7533,#6018,#6019);
#5138=AXIS2_PLACEMENT_3D('',#7535,#6020,#6021);
#5139=AXIS2_PLACEMENT_3D('',#7536,#6022,#6023);
#5140=AXIS2_PLACEMENT_3D('',#7540,#6025,#6026);
#5141=AXIS2_PLACEMENT_3D('',#7545,#6029,#6030);
#5142=AXIS2_PLACEMENT_3D('',#7546,#6031,#6032);
#5143=AXIS2_PLACEMENT_3D('',#7548,#6034,#6035);
#5144=AXIS2_PLACEMENT_3D('',#7550,#6037,#6038);
#5145=AXIS2_PLACEMENT_3D('',#7552,#6040,#6041);
#5146=AXIS2_PLACEMENT_3D('',#7556,#6043,#6044);
#5147=AXIS2_PLACEMENT_3D('',#7558,#6046,#6047);
#5148=AXIS2_PLACEMENT_3D('',#7564,#6051,#6052);
#5149=AXIS2_PLACEMENT_3D('',#7566,#6053,#6054);
#5150=AXIS2_PLACEMENT_3D('',#7568,#6056,#6057);
#5151=AXIS2_PLACEMENT_3D('',#7580,#6064,#6065);
#5152=AXIS2_PLACEMENT_3D('',#7582,#6066,#6067);
#5153=AXIS2_PLACEMENT_3D('',#7584,#6069,#6070);
#5154=AXIS2_PLACEMENT_3D('',#7586,#6072,#6073);
#5155=AXIS2_PLACEMENT_3D('',#7598,#6080,#6081);
#5156=AXIS2_PLACEMENT_3D('',#7600,#6082,#6083);
#5157=AXIS2_PLACEMENT_3D('',#7601,#6084,#6085);
#5158=AXIS2_PLACEMENT_3D('',#7602,#6086,#6087);
#5159=AXIS2_PLACEMENT_3D('',#7604,#6089,#6090);
#5160=AXIS2_PLACEMENT_3D('',#7605,#6091,#6092);
#5161=AXIS2_PLACEMENT_3D('',#7607,#6094,#6095);
#5162=AXIS2_PLACEMENT_3D('',#7611,#6097,#6098);
#5163=AXIS2_PLACEMENT_3D('',#7615,#6100,#6101);
#5164=AXIS2_PLACEMENT_3D('',#7619,#6103,#6104);
#5165=AXIS2_PLACEMENT_3D('',#7623,#6106,#6107);
#5166=AXIS2_PLACEMENT_3D('',#7627,#6109,#6110);
#5167=AXIS2_PLACEMENT_3D('',#7631,#6112,#6113);
#5168=AXIS2_PLACEMENT_3D('',#7635,#6115,#6116);
#5169=AXIS2_PLACEMENT_3D('',#7639,#6118,#6119);
#5170=AXIS2_PLACEMENT_3D('',#7645,#6124,#6125);
#5171=AXIS2_PLACEMENT_3D('',#7667,#6136,#6137);
#5172=AXIS2_PLACEMENT_3D('',#7675,#6141,#6142);
#5173=AXIS2_PLACEMENT_3D('',#7689,#6150,#6151);
#5174=AXIS2_PLACEMENT_3D('',#7691,#6153,#6154);
#5175=AXIS2_PLACEMENT_3D('',#7692,#6155,#6156);
#5176=AXIS2_PLACEMENT_3D('',#7695,#6159,#6160);
#5177=AXIS2_PLACEMENT_3D('',#7698,#6162,#6163);
#5178=AXIS2_PLACEMENT_3D('',#7699,#6164,#6165);
#5179=AXIS2_PLACEMENT_3D('',#7701,#6166,#6167);
#5180=AXIS2_PLACEMENT_3D('',#7703,#6169,#6170);
#5181=AXIS2_PLACEMENT_3D('',#7705,#6171,#6172);
#5182=AXIS2_PLACEMENT_3D('',#7706,#6173,#6174);
#5183=AXIS2_PLACEMENT_3D('',#7709,#6175,#6176);
#5184=AXIS2_PLACEMENT_3D('',#7713,#6179,#6180);
#5185=AXIS2_PLACEMENT_3D('',#7719,#6184,#6185);
#5186=AXIS2_PLACEMENT_3D('',#7722,#6187,#6188);
#5187=AXIS2_PLACEMENT_3D('',#7723,#6189,#6190);
#5188=AXIS2_PLACEMENT_3D('',#7725,#6192,#6193);
#5189=AXIS2_PLACEMENT_3D('',#7728,#6195,#6196);
#5190=AXIS2_PLACEMENT_3D('',#7729,#6197,#6198);
#5191=AXIS2_PLACEMENT_3D('',#7732,#6200,#6201);
#5192=AXIS2_PLACEMENT_3D('',#7733,#6202,#6203);
#5193=AXIS2_PLACEMENT_3D('',#7734,#6204,#6205);
#5194=AXIS2_PLACEMENT_3D('',#7736,#6206,#6207);
#5195=AXIS2_PLACEMENT_3D('',#7737,#6208,#6209);
#5196=AXIS2_PLACEMENT_3D('',#7739,#6211,#6212);
#5197=AXIS2_PLACEMENT_3D('',#7740,#6213,#6214);
#5198=AXIS2_PLACEMENT_3D('',#7746,#6218,#6219);
#5199=AXIS2_PLACEMENT_3D('',#7752,#6223,#6224);
#5200=AXIS2_PLACEMENT_3D('',#7758,#6228,#6229);
#5201=AXIS2_PLACEMENT_3D('',#7764,#6233,#6234);
#5202=AXIS2_PLACEMENT_3D('',#7766,#6235,#6236);
#5203=AXIS2_PLACEMENT_3D('',#7769,#6238,#6239);
#5204=AXIS2_PLACEMENT_3D('',#7815,#6240,#6241);
#5205=AXIS2_PLACEMENT_3D('',#7817,#6243,#6244);
#5206=AXIS2_PLACEMENT_3D('',#7821,#6247,#6248);
#5207=AXIS2_PLACEMENT_3D('',#7823,#6249,#6250);
#5208=AXIS2_PLACEMENT_3D('',#7824,#6251,#6252);
#5209=AXIS2_PLACEMENT_3D('',#7825,#6253,#6254);
#5210=AXIS2_PLACEMENT_3D('',#7828,#6257,#6258);
#5211=AXIS2_PLACEMENT_3D('',#7829,#6259,#6260);
#5212=AXIS2_PLACEMENT_3D('',#7831,#6262,#6263);
#5213=AXIS2_PLACEMENT_3D('',#7833,#6265,#6266);
#5214=AXIS2_PLACEMENT_3D('',#7834,#6267,#6268);
#5215=AXIS2_PLACEMENT_3D('',#7836,#6270,#6271);
#5216=AXIS2_PLACEMENT_3D('',#7837,#6272,#6273);
#5217=AXIS2_PLACEMENT_3D('',#7839,#6275,#6276);
#5218=AXIS2_PLACEMENT_3D('',#7841,#6278,#6279);
#5219=AXIS2_PLACEMENT_3D('',#7843,#6281,#6282);
#5220=AXIS2_PLACEMENT_3D('',#7845,#6284,#6285);
#5221=AXIS2_PLACEMENT_3D('',#7847,#6287,#6288);
#5222=AXIS2_PLACEMENT_3D('',#7849,#6290,#6291);
#5223=AXIS2_PLACEMENT_3D('',#7851,#6293,#6294);
#5224=AXIS2_PLACEMENT_3D('',#7853,#6296,#6297);
#5225=AXIS2_PLACEMENT_3D('',#7855,#6299,#6300);
#5226=AXIS2_PLACEMENT_3D('',#7857,#6302,#6303);
#5227=AXIS2_PLACEMENT_3D('',#7859,#6305,#6306);
#5228=AXIS2_PLACEMENT_3D('',#7861,#6308,#6309);
#5229=AXIS2_PLACEMENT_3D('',#7862,#6310,#6311);
#5230=AXIS2_PLACEMENT_3D('',#7864,#6313,#6314);
#5231=AXIS2_PLACEMENT_3D('',#7866,#6316,#6317);
#5232=AXIS2_PLACEMENT_3D('',#7867,#6318,#6319);
#5233=AXIS2_PLACEMENT_3D('',#7870,#6320,#6321);
#5234=AXIS2_PLACEMENT_3D('',#7885,#6322,#6323);
#5235=AXIS2_PLACEMENT_3D('',#7898,#6326,#6327);
#5236=AXIS2_PLACEMENT_3D('',#7902,#6330,#6331);
#5237=AXIS2_PLACEMENT_3D('',#7913,#6333,#6334);
#5238=AXIS2_PLACEMENT_3D('',#7916,#6335,#6336);
#5239=AXIS2_PLACEMENT_3D('',#7932,#6337,#6338);
#5240=AXIS2_PLACEMENT_3D('',#7933,#6339,#6340);
#5241=AXIS2_PLACEMENT_3D('',#7946,#6343,#6344);
#5242=AXIS2_PLACEMENT_3D('',#7950,#6347,#6348);
#5243=AXIS2_PLACEMENT_3D('',#7961,#6350,#6351);
#5244=AXIS2_PLACEMENT_3D('',#7967,#6355,#6356);
#5245=AXIS2_PLACEMENT_3D('',#7971,#6359,#6360);
#5246=AXIS2_PLACEMENT_3D('',#7975,#6363,#6364);
#5247=AXIS2_PLACEMENT_3D('',#7977,#6366,#6367);
#5248=AXIS2_PLACEMENT_3D('',#7983,#6371,#6372);
#5249=AXIS2_PLACEMENT_3D('',#7987,#6375,#6376);
#5250=AXIS2_PLACEMENT_3D('',#7991,#6379,#6380);
#5251=AXIS2_PLACEMENT_3D('',#7993,#6382,#6383);
#5252=AXIS2_PLACEMENT_3D('',#7994,#6384,#6385);
#5253=AXIS2_PLACEMENT_3D('',#7997,#6387,#6388);
#5254=AXIS2_PLACEMENT_3D('',#7998,#6389,#6390);
#5255=AXIS2_PLACEMENT_3D('',#7999,#6391,#6392);
#5256=AXIS2_PLACEMENT_3D('',#8000,#6393,#6394);
#5257=AXIS2_PLACEMENT_3D('',#8002,#6395,#6396);
#5258=AXIS2_PLACEMENT_3D('',#8006,#6398,#6399);
#5259=AXIS2_PLACEMENT_3D('',#8014,#6404,#6405);
#5260=AXIS2_PLACEMENT_3D('',#8050,#6406,#6407);
#5261=AXIS2_PLACEMENT_3D('',#8093,#6408,#6409);
#5262=AXIS2_PLACEMENT_3D('',#8101,#6410,#6411);
#5263=AXIS2_PLACEMENT_3D('',#8108,#6415,#6416);
#5264=AXIS2_PLACEMENT_3D('',#8109,#6417,#6418);
#5265=AXIS2_PLACEMENT_3D('',#8113,#6421,#6422);
#5266=AXIS2_PLACEMENT_3D('',#8118,#6425,#6426);
#5267=AXIS2_PLACEMENT_3D('',#8119,#6427,#6428);
#5268=AXIS2_PLACEMENT_3D('',#8121,#6429,#6430);
#5269=AXIS2_PLACEMENT_3D('',#8128,#6434,#6435);
#5270=AXIS2_PLACEMENT_3D('',#8167,#6438,#6439);
#5271=AXIS2_PLACEMENT_3D('',#8210,#6440,#6441);
#5272=AXIS2_PLACEMENT_3D('',#8218,#6442,#6443);
#5273=AXIS2_PLACEMENT_3D('',#8225,#6447,#6448);
#5274=AXIS2_PLACEMENT_3D('',#8226,#6449,#6450);
#5275=AXIS2_PLACEMENT_3D('',#8230,#6453,#6454);
#5276=AXIS2_PLACEMENT_3D('',#8235,#6457,#6458);
#5277=AXIS2_PLACEMENT_3D('',#8236,#6459,#6460);
#5278=AXIS2_PLACEMENT_3D('',#8243,#6464,#6465);
#5279=AXIS2_PLACEMENT_3D('',#8244,#6466,#6467);
#5280=AXIS2_PLACEMENT_3D('',#8248,#6470,#6471);
#5281=AXIS2_PLACEMENT_3D('',#8253,#6474,#6475);
#5282=AXIS2_PLACEMENT_3D('',#8254,#6476,#6477);
#5283=AXIS2_PLACEMENT_3D('',#8256,#6479,#6480);
#5284=AXIS2_PLACEMENT_3D('',#8263,#6484,#6485);
#5285=AXIS2_PLACEMENT_3D('',#8264,#6486,#6487);
#5286=AXIS2_PLACEMENT_3D('',#8268,#6490,#6491);
#5287=AXIS2_PLACEMENT_3D('',#8273,#6494,#6495);
#5288=AXIS2_PLACEMENT_3D('',#8274,#6496,#6497);
#5289=AXIS2_PLACEMENT_3D('',#8276,#6499,#6500);
#5290=AXIS2_PLACEMENT_3D('',#8278,#6501,#6502);
#5291=AXIS2_PLACEMENT_3D('',#8280,#6504,#6505);
#5292=AXIS2_PLACEMENT_3D('',#8282,#6506,#6507);
#5293=AXIS2_PLACEMENT_3D('',#8284,#6509,#6510);
#5294=AXIS2_PLACEMENT_3D('',#8287,#6512,#6513);
#5295=AXIS2_PLACEMENT_3D('',#8288,#6514,#6515);
#5296=AXIS2_PLACEMENT_3D('',#8290,#6516,#6517);
#5297=AXIS2_PLACEMENT_3D('',#8292,#6519,#6520);
#5298=AXIS2_PLACEMENT_3D('',#8295,#6522,#6523);
#5299=AXIS2_PLACEMENT_3D('',#8296,#6524,#6525);
#5300=AXIS2_PLACEMENT_3D('',#8302,#6529,#6530);
#5301=AXIS2_PLACEMENT_3D('',#8306,#6533,#6534);
#5302=AXIS2_PLACEMENT_3D('',#8310,#6537,#6538);
#5303=AXIS2_PLACEMENT_3D('',#8312,#6540,#6541);
#5304=AXIS2_PLACEMENT_3D('',#8318,#6545,#6546);
#5305=AXIS2_PLACEMENT_3D('',#8322,#6549,#6550);
#5306=AXIS2_PLACEMENT_3D('',#8326,#6553,#6554);
#5307=AXIS2_PLACEMENT_3D('',#8328,#6556,#6557);
#5308=AXIS2_PLACEMENT_3D('',#8337,#6558,#6559);
#5309=AXIS2_PLACEMENT_3D('',#8340,#6561,#6562);
#5310=AXIS2_PLACEMENT_3D('',#8341,#6563,#6564);
#5311=AXIS2_PLACEMENT_3D('',#8342,#6565,#6566);
#5312=AXIS2_PLACEMENT_3D('',#8351,#6567,#6568);
#5313=AXIS2_PLACEMENT_3D('',#8352,#6569,#6570);
#5314=AXIS2_PLACEMENT_3D('',#8354,#6572,#6573);
#5315=AXIS2_PLACEMENT_3D('',#8357,#6575,#6576);
#5316=AXIS2_PLACEMENT_3D('',#8358,#6577,#6578);
#5317=AXIS2_PLACEMENT_3D('',#8360,#6580,#6581);
#5318=AXIS2_PLACEMENT_3D('',#8369,#6582,#6583);
#5319=AXIS2_PLACEMENT_3D('',#8378,#6584,#6585);
#5320=AXIS2_PLACEMENT_3D('',#8379,#6586,#6587);
#5321=AXIS2_PLACEMENT_3D('',#8380,#6588,#6589);
#5322=AXIS2_PLACEMENT_3D('',#8383,#6591,#6592);
#5323=AXIS2_PLACEMENT_3D('',#8384,#6593,#6594);
#5324=AXIS2_PLACEMENT_3D('',#8386,#6596,#6597);
#5325=AXIS2_PLACEMENT_3D('',#8388,#6599,#6600);
#5326=AXIS2_PLACEMENT_3D('',#8391,#6602,#6603);
#5327=AXIS2_PLACEMENT_3D('',#8392,#6604,#6605);
#5328=AXIS2_PLACEMENT_3D('',#8393,#6606,#6607);
#5329=AXIS2_PLACEMENT_3D('',#8395,#6608,#6609);
#5330=AXIS2_PLACEMENT_3D('',#8397,#6611,#6612);
#5331=AXIS2_PLACEMENT_3D('',#8398,#6613,#6614);
#5332=AXIS2_PLACEMENT_3D('',#8400,#6615,#6616);
#5333=AXIS2_PLACEMENT_3D('',#8402,#6618,#6619);
#5334=AXIS2_PLACEMENT_3D('',#8404,#6620,#6621);
#5335=AXIS2_PLACEMENT_3D('',#8406,#6623,#6624);
#5336=AXIS2_PLACEMENT_3D('',#8408,#6625,#6626);
#5337=AXIS2_PLACEMENT_3D('',#8410,#6628,#6629);
#5338=AXIS2_PLACEMENT_3D('',#8412,#6630,#6631);
#5339=AXIS2_PLACEMENT_3D('',#8413,#6632,#6633);
#5340=AXIS2_PLACEMENT_3D('',#8415,#6634,#6635);
#5341=AXIS2_PLACEMENT_3D('',#8417,#6637,#6638);
#5342=AXIS2_PLACEMENT_3D('',#8419,#6639,#6640);
#5343=AXIS2_PLACEMENT_3D('',#8421,#6642,#6643);
#5344=AXIS2_PLACEMENT_3D('',#8423,#6644,#6645);
#5345=AXIS2_PLACEMENT_3D('',#8425,#6647,#6648);
#5346=AXIS2_PLACEMENT_3D('',#8427,#6649,#6650);
#5347=AXIS2_PLACEMENT_3D('',#8429,#6652,#6653);
#5348=AXIS2_PLACEMENT_3D('',#8431,#6654,#6655);
#5349=AXIS2_PLACEMENT_3D('',#8433,#6657,#6658);
#5350=AXIS2_PLACEMENT_3D('',#8435,#6659,#6660);
#5351=AXIS2_PLACEMENT_3D('',#8437,#6662,#6663);
#5352=AXIS2_PLACEMENT_3D('',#8439,#6664,#6665);
#5353=AXIS2_PLACEMENT_3D('',#8441,#6667,#6668);
#5354=AXIS2_PLACEMENT_3D('',#8443,#6669,#6670);
#5355=AXIS2_PLACEMENT_3D('',#8445,#6672,#6673);
#5356=AXIS2_PLACEMENT_3D('',#8447,#6674,#6675);
#5357=AXIS2_PLACEMENT_3D('',#8449,#6677,#6678);
#5358=AXIS2_PLACEMENT_3D('',#8451,#6679,#6680);
#5359=AXIS2_PLACEMENT_3D('',#8452,#6681,#6682);
#5360=AXIS2_PLACEMENT_3D('',#8458,#6686,#6687);
#5361=AXIS2_PLACEMENT_3D('',#8462,#6689,#6690);
#5362=AXIS2_PLACEMENT_3D('',#8463,#6691,#6692);
#5363=AXIS2_PLACEMENT_3D('',#8464,#6693,#6694);
#5364=AXIS2_PLACEMENT_3D('',#8468,#6696,#6697);
#5365=AXIS2_PLACEMENT_3D('',#8469,#6698,#6699);
#5366=AXIS2_PLACEMENT_3D('',#8470,#6700,#6701);
#5367=AXIS2_PLACEMENT_3D('',#8472,#6703,#6704);
#5368=AXIS2_PLACEMENT_3D('',#8476,#6706,#6707);
#5369=AXIS2_PLACEMENT_3D('',#8478,#6709,#6710);
#5370=AXIS2_PLACEMENT_3D('',#8482,#6713,#6714);
#5371=AXIS2_PLACEMENT_3D('',#8486,#6717,#6718);
#5372=AXIS2_PLACEMENT_3D('',#8487,#6719,#6720);
#5373=AXIS2_PLACEMENT_3D('',#8488,#6721,#6722);
#5374=AXIS2_PLACEMENT_3D('',#8490,#6723,#6724);
#5375=AXIS2_PLACEMENT_3D('',#8491,#6725,#6726);
#5376=AXIS2_PLACEMENT_3D('',#8492,#6727,#6728);
#5377=AXIS2_PLACEMENT_3D('',#8493,#6729,#6730);
#5378=AXIS2_PLACEMENT_3D('',#8494,#6731,#6732);
#5379=AXIS2_PLACEMENT_3D('',#8496,#6733,#6734);
#5380=AXIS2_PLACEMENT_3D('',#8497,#6735,#6736);
#5381=AXIS2_PLACEMENT_3D('',#8498,#6737,#6738);
#5382=AXIS2_PLACEMENT_3D('',#8499,#6739,#6740);
#5383=AXIS2_PLACEMENT_3D('',#8500,#6741,#6742);
#5384=AXIS2_PLACEMENT_3D('',#8503,#6744,#6745);
#5385=AXIS2_PLACEMENT_3D('',#8504,#6746,#6747);
#5386=AXIS2_PLACEMENT_3D('',#8506,#6748,#6749);
#5387=AXIS2_PLACEMENT_3D('',#8507,#6750,#6751);
#5388=AXIS2_PLACEMENT_3D('',#8509,#6752,#6753);
#5389=AXIS2_PLACEMENT_3D('',#8511,#6755,#6756);
#5390=AXIS2_PLACEMENT_3D('',#8513,#6757,#6758);
#5391=AXIS2_PLACEMENT_3D('',#8515,#6760,#6761);
#5392=AXIS2_PLACEMENT_3D('',#8517,#6762,#6763);
#5393=AXIS2_PLACEMENT_3D('',#8519,#6765,#6766);
#5394=AXIS2_PLACEMENT_3D('',#8521,#6767,#6768);
#5395=AXIS2_PLACEMENT_3D('',#8523,#6770,#6771);
#5396=AXIS2_PLACEMENT_3D('',#8525,#6772,#6773);
#5397=AXIS2_PLACEMENT_3D('',#8527,#6775,#6776);
#5398=AXIS2_PLACEMENT_3D('',#8529,#6777,#6778);
#5399=AXIS2_PLACEMENT_3D('',#8531,#6780,#6781);
#5400=AXIS2_PLACEMENT_3D('',#8533,#6782,#6783);
#5401=AXIS2_PLACEMENT_3D('',#8535,#6785,#6786);
#5402=AXIS2_PLACEMENT_3D('',#8537,#6787,#6788);
#5403=AXIS2_PLACEMENT_3D('',#8539,#6790,#6791);
#5404=AXIS2_PLACEMENT_3D('',#8541,#6793,#6794);
#5405=AXIS2_PLACEMENT_3D('',#8543,#6795,#6796);
#5406=AXIS2_PLACEMENT_3D('',#8546,#6799,#6800);
#5407=AXIS2_PLACEMENT_3D('',#8548,#6801,#6802);
#5408=AXIS2_PLACEMENT_3D('',#8550,#6804,#6805);
#5409=AXIS2_PLACEMENT_3D('',#8551,#6806,#6807);
#5410=AXIS2_PLACEMENT_3D('',#8552,#6808,#6809);
#5411=AXIS2_PLACEMENT_3D('',#8554,#6810,#6811);
#5412=AXIS2_PLACEMENT_3D('',#8555,#6812,#6813);
#5413=AXIS2_PLACEMENT_3D('',#8557,#6814,#6815);
#5414=AXIS2_PLACEMENT_3D('',#8558,#6816,#6817);
#5415=AXIS2_PLACEMENT_3D('',#8560,#6818,#6819);
#5416=AXIS2_PLACEMENT_3D('',#8561,#6820,#6821);
#5417=AXIS2_PLACEMENT_3D('',#8562,#6822,#6823);
#5418=AXIS2_PLACEMENT_3D('',#8564,#6824,#6825);
#5419=AXIS2_PLACEMENT_3D('',#8565,#6826,#6827);
#5420=AXIS2_PLACEMENT_3D('',#8567,#6828,#6829);
#5421=AXIS2_PLACEMENT_3D('',#8568,#6830,#6831);
#5422=AXIS2_PLACEMENT_3D('',#8570,#6832,#6833);
#5423=AXIS2_PLACEMENT_3D('',#8571,#6834,#6835);
#5424=AXIS2_PLACEMENT_3D('',#8573,#6836,#6837);
#5425=AXIS2_PLACEMENT_3D('',#8575,#6839,#6840);
#5426=AXIS2_PLACEMENT_3D('',#8577,#6841,#6842);
#5427=AXIS2_PLACEMENT_3D('',#8579,#6844,#6845);
#5428=AXIS2_PLACEMENT_3D('',#8581,#6846,#6847);
#5429=AXIS2_PLACEMENT_3D('',#8583,#6849,#6850);
#5430=AXIS2_PLACEMENT_3D('',#8585,#6851,#6852);
#5431=AXIS2_PLACEMENT_3D('',#8587,#6854,#6855);
#5432=AXIS2_PLACEMENT_3D('',#8589,#6856,#6857);
#5433=AXIS2_PLACEMENT_3D('',#8591,#6859,#6860);
#5434=AXIS2_PLACEMENT_3D('',#8593,#6861,#6862);
#5435=AXIS2_PLACEMENT_3D('',#8595,#6864,#6865);
#5436=AXIS2_PLACEMENT_3D('',#8597,#6866,#6867);
#5437=AXIS2_PLACEMENT_3D('',#8599,#6869,#6870);
#5438=AXIS2_PLACEMENT_3D('',#8601,#6871,#6872);
#5439=AXIS2_PLACEMENT_3D('',#8603,#6874,#6875);
#5440=AXIS2_PLACEMENT_3D('',#8605,#6876,#6877);
#5441=AXIS2_PLACEMENT_3D('',#8607,#6879,#6880);
#5442=AXIS2_PLACEMENT_3D('',#8609,#6881,#6882);
#5443=AXIS2_PLACEMENT_3D('',#8611,#6884,#6885);
#5444=AXIS2_PLACEMENT_3D('',#8613,#6886,#6887);
#5445=AXIS2_PLACEMENT_3D('',#8615,#6889,#6890);
#5446=AXIS2_PLACEMENT_3D('',#8617,#6891,#6892);
#5447=AXIS2_PLACEMENT_3D('',#8619,#6894,#6895);
#5448=AXIS2_PLACEMENT_3D('',#8620,#6896,#6897);
#5449=AXIS2_PLACEMENT_3D('',#8621,#6898,#6899);
#5450=AXIS2_PLACEMENT_3D('',#8622,#6900,#6901);
#5451=AXIS2_PLACEMENT_3D('',#8623,#6902,#6903);
#5452=AXIS2_PLACEMENT_3D('',#8624,#6904,#6905);
#5453=DIRECTION('axis',(0.,0.,1.));
#5454=DIRECTION('refdir',(1.,0.,0.));
#5455=DIRECTION('center_axis',(-1.,0.,0.));
#5456=DIRECTION('ref_axis',(0.,0.,1.));
#5457=DIRECTION('',(0.,-0.659219922541602,0.751950193645992));
#5458=DIRECTION('',(2.67798954694663E-32,-1.,-1.92969483611695E-16));
#5459=DIRECTION('',(0.,-0.659219922541606,-0.751950193645988));
#5460=DIRECTION('',(0.,-1.,-2.08166817117217E-15));
#5461=DIRECTION('center_axis',(-1.73843500308147E-16,0.751950193645992,
0.659219922541602));
#5462=DIRECTION('ref_axis',(-3.32970100549437E-17,-0.659219922541602,0.751950193645992));
#5463=DIRECTION('',(-1.,-2.31190179585205E-16,-4.46126495706522E-32));
#5464=DIRECTION('',(-1.,0.,-1.43944455869163E-16));
#5465=DIRECTION('',(0.,0.659219922541602,-0.751950193645992));
#5466=DIRECTION('',(-1.,-2.31190179585205E-16,-4.46126495706522E-32));
#5467=DIRECTION('',(3.6086925313899E-16,-0.659219922541602,0.751950193645992));
#5468=DIRECTION('',(1.,0.,2.63710932215002E-16));
#5469=DIRECTION('',(0.,0.659219922541602,-0.751950193645992));
#5470=DIRECTION('center_axis',(0.70710678118655,0.531709081041614,-0.466138877522439));
#5471=DIRECTION('ref_axis',(-0.550388453599838,0.,-0.834908707670473));
#5472=DIRECTION('',(-0.600997098087577,0.799251204622371,0.));
#5473=DIRECTION('',(0.,-0.659219922541606,-0.751950193645988));
#5474=DIRECTION('',(0.707106781186546,-0.531709081041615,0.466138877522442));
#5475=DIRECTION('',(0.,0.659219922541606,0.751950193645988));
#5476=DIRECTION('center_axis',(-2.63710932215002E-16,-2.08166817117217E-15,
1.));
#5477=DIRECTION('ref_axis',(2.88889491658085E-31,-1.,-2.08166817117217E-15));
#5478=DIRECTION('',(1.,0.,2.63710932215002E-16));
#5479=DIRECTION('',(0.,1.,2.08166817117217E-15));
#5480=DIRECTION('center_axis',(1.,0.,0.));
#5481=DIRECTION('ref_axis',(0.,0.,-1.));
#5482=DIRECTION('',(0.,0.659219922541606,0.751950193645988));
#5483=DIRECTION('',(-2.67798954694663E-32,1.,1.92969483611695E-16));
#5484=DIRECTION('center_axis',(-0.70710678118655,-0.531709081041617,-0.466138877522435));
#5485=DIRECTION('ref_axis',(-0.550388453599834,0.,0.834908707670475));
#5486=DIRECTION('',(0.600997098087579,-0.79925120462237,0.));
#5487=DIRECTION('',(-3.6086925313899E-16,0.659219922541602,-0.751950193645992));
#5488=DIRECTION('',(-0.70710678118654,0.531709081041624,0.466138877522443));
#5489=DIRECTION('center_axis',(-0.707106781186553,0.531709081041612,-0.466138877522437));
#5490=DIRECTION('ref_axis',(-0.550388453599835,0.,0.834908707670475));
#5491=DIRECTION('',(-0.600997098087574,-0.799251204622373,0.));
#5492=DIRECTION('',(-3.60869253138988E-16,-0.659219922541606,-0.751950193645988));
#5493=DIRECTION('',(0.707106781186544,0.531709081041617,-0.466138877522444));
#5494=DIRECTION('',(3.60869253138988E-16,0.659219922541606,0.751950193645988));
#5495=DIRECTION('center_axis',(-0.707106781186548,0.,-0.707106781186547));
#5496=DIRECTION('ref_axis',(-0.707106781186547,0.,0.707106781186548));
#5497=DIRECTION('',(0.577350269189625,-0.577350269189626,-0.577350269189626));
#5498=DIRECTION('',(0.,1.,0.));
#5499=DIRECTION('',(0.707106781186547,0.,-0.707106781186548));
#5500=DIRECTION('',(0.,-1.,0.));
#5501=DIRECTION('center_axis',(0.,0.,1.));
#5502=DIRECTION('ref_axis',(-1.,0.,0.));
#5503=DIRECTION('',(0.500000000000067,-0.49999999999983,-0.707106781186621));
#5504=DIRECTION('center_axis',(0.,0.,1.));
#5505=DIRECTION('ref_axis',(-1.,0.,0.));
#5506=DIRECTION('center_axis',(0.,0.,-1.));
#5507=DIRECTION('ref_axis',(-1.,0.,0.));
#5508=DIRECTION('center_axis',(-0.500000000000001,0.500000000000001,-0.707106781186546));
#5509=DIRECTION('ref_axis',(-0.816496580927725,0.,0.577350269189627));
#5510=DIRECTION('',(0.500000000000001,-0.499999999999998,-0.707106781186548));
#5511=DIRECTION('',(-0.707106781186547,-0.707106781186547,0.));
#5512=DIRECTION('',(0.707106781186548,0.707106781186548,0.));
#5513=DIRECTION('center_axis',(0.,0.,1.));
#5514=DIRECTION('ref_axis',(0.,1.,0.));
#5515=DIRECTION('',(0.,-0.707106781186546,-0.707106781186549));
#5516=DIRECTION('center_axis',(0.,0.,1.));
#5517=DIRECTION('ref_axis',(0.,1.,0.));
#5518=DIRECTION('center_axis',(0.,0.,-1.));
#5519=DIRECTION('ref_axis',(0.,1.,0.));
#5520=DIRECTION('center_axis',(0.,0.707106781186549,-0.707106781186546));
#5521=DIRECTION('ref_axis',(-1.,0.,0.));
#5522=DIRECTION('',(0.,-0.707106781186546,-0.707106781186549));
#5523=DIRECTION('',(-1.,0.,0.));
#5524=DIRECTION('',(1.,0.,0.));
#5525=DIRECTION('center_axis',(0.,0.,1.));
#5526=DIRECTION('ref_axis',(0.707106781186548,0.707106781186548,0.));
#5527=DIRECTION('',(-0.500000000000125,-0.500000000000125,-0.70710678118637));
#5528=DIRECTION('center_axis',(0.,0.,1.));
#5529=DIRECTION('ref_axis',(0.707106781186548,0.707106781186548,0.));
#5530=DIRECTION('center_axis',(0.,0.,-1.));
#5531=DIRECTION('ref_axis',(0.707106781186547,0.707106781186547,0.));
#5532=DIRECTION('center_axis',(0.5,0.5,-0.707106781186547));
#5533=DIRECTION('ref_axis',(-0.816496580927726,0.,-0.577350269189626));
#5534=DIRECTION('',(-0.500000000000001,-0.500000000000003,-0.707106781186544));
#5535=DIRECTION('',(-0.707106781186548,0.707106781186548,0.));
#5536=DIRECTION('',(0.707106781186548,-0.707106781186548,0.));
#5537=DIRECTION('center_axis',(0.,0.,1.));
#5538=DIRECTION('ref_axis',(1.,0.,0.));
#5539=DIRECTION('',(-0.707106781186548,0.,-0.707106781186547));
#5540=DIRECTION('center_axis',(0.,0.,1.));
#5541=DIRECTION('ref_axis',(1.,0.,0.));
#5542=DIRECTION('center_axis',(0.,0.,-1.));
#5543=DIRECTION('ref_axis',(1.,0.,0.));
#5544=DIRECTION('center_axis',(0.707106781186547,0.,-0.707106781186548));
#5545=DIRECTION('ref_axis',(-0.707106781186548,0.,-0.707106781186547));
#5546=DIRECTION('',(0.,-1.,0.));
#5547=DIRECTION('',(-0.707106781186548,0.,-0.707106781186547));
#5548=DIRECTION('',(0.,1.,0.));
#5549=DIRECTION('center_axis',(0.,0.,-1.));
#5550=DIRECTION('ref_axis',(-0.707106781186547,-0.707106781186547,0.));
#5551=DIRECTION('center_axis',(0.,0.,1.));
#5552=DIRECTION('ref_axis',(-0.707106781186547,-0.707106781186547,0.));
#5553=DIRECTION('',(-0.353553390593273,-0.612372435695793,-0.707106781186549));
#5554=DIRECTION('center_axis',(0.,0.,-1.));
#5555=DIRECTION('ref_axis',(-0.707106781186548,-0.707106781186548,0.));
#5556=DIRECTION('center_axis',(0.,0.,1.));
#5557=DIRECTION('ref_axis',(0.866025403784438,0.500000000000001,0.));
#5558=DIRECTION('center_axis',(0.,0.,-1.));
#5559=DIRECTION('ref_axis',(0.866025403784438,0.500000000000001,0.));
#5560=DIRECTION('',(-0.707106781186547,0.,-0.707106781186548));
#5561=DIRECTION('center_axis',(0.,0.,1.));
#5562=DIRECTION('ref_axis',(0.866025403784438,0.500000000000001,0.));
#5563=DIRECTION('center_axis',(0.707106781186549,0.,-0.707106781186546));
#5564=DIRECTION('ref_axis',(-0.707106781186546,0.,-0.707106781186549));
#5565=DIRECTION('',(0.,1.,0.));
#5566=DIRECTION('',(0.,-1.,0.));
#5567=DIRECTION('center_axis',(1.,0.,0.));
#5568=DIRECTION('ref_axis',(0.,1.,0.));
#5569=DIRECTION('center_axis',(1.,0.,0.));
#5570=DIRECTION('ref_axis',(0.,1.,0.));
#5571=DIRECTION('',(-0.707106781186542,-0.531709081041618,-0.466138877522446));
#5572=DIRECTION('center_axis',(-1.,0.,0.));
#5573=DIRECTION('ref_axis',(0.,1.,0.));
#5574=DIRECTION('center_axis',(0.707106781186548,-0.531709081041618,-0.466138877522437));
#5575=DIRECTION('ref_axis',(-0.550388453599838,0.,-0.834908707670473));
#5576=DIRECTION('',(0.600997098087581,0.799251204622368,0.));
#5577=DIRECTION('',(0.,-0.659219922541602,0.751950193645992));
#5578=DIRECTION('center_axis',(1.,0.,0.));
#5579=DIRECTION('ref_axis',(0.,1.,0.));
#5580=DIRECTION('',(0.,-1.,0.));
#5581=DIRECTION('',(0.,0.,-1.));
#5582=DIRECTION('',(0.,-1.,0.));
#5583=DIRECTION('',(0.,0.,1.));
#5584=DIRECTION('',(0.,-1.,0.));
#5585=DIRECTION('center_axis',(1.,0.,0.));
#5586=DIRECTION('ref_axis',(0.,-1.,0.));
#5587=DIRECTION('',(0.,-1.,0.));
#5588=DIRECTION('',(0.,0.,1.));
#5589=DIRECTION('',(0.,0.707106781186548,0.707106781186548));
#5590=DIRECTION('',(0.,1.,0.));
#5591=DIRECTION('',(0.,-0.707106781186546,0.707106781186549));
#5592=DIRECTION('',(0.,0.,1.));
#5593=DIRECTION('',(0.,1.,0.));
#5594=DIRECTION('',(0.,0.707106781186546,-0.707106781186549));
#5595=DIRECTION('',(0.,0.,-1.));
#5596=DIRECTION('',(0.,-1.,0.));
#5597=DIRECTION('',(-4.44089209850062E-16,-9.07986985612656E-34,-1.));
#5598=DIRECTION('',(0.,-0.707106781186543,-0.707106781186552));
#5599=DIRECTION('center_axis',(0.,0.,1.));
#5600=DIRECTION('ref_axis',(0.866025403784438,0.500000000000001,0.));
#5601=DIRECTION('',(0.,0.,1.));
#5602=DIRECTION('center_axis',(0.,0.,-1.));
#5603=DIRECTION('ref_axis',(-0.707106781186547,-0.707106781186547,0.));
#5604=DIRECTION('',(0.,0.,1.));
#5605=DIRECTION('center_axis',(0.,0.707106781186548,-0.707106781186548));
#5606=DIRECTION('ref_axis',(0.,-0.707106781186547,-0.707106781186547));
#5607=DIRECTION('center_axis',(1.,0.,0.));
#5608=DIRECTION('ref_axis',(0.,0.,-1.));
#5609=DIRECTION('',(0.,0.,1.));
#5610=DIRECTION('',(0.,-1.,0.));
#5611=DIRECTION('',(0.,0.,-1.));
#5612=DIRECTION('',(0.,-1.,0.));
#5613=DIRECTION('',(0.,0.,-1.));
#5614=DIRECTION('',(0.,-1.,0.));
#5615=DIRECTION('center_axis',(1.,0.,0.));
#5616=DIRECTION('ref_axis',(0.,0.,1.));
#5617=DIRECTION('center_axis',(1.,0.,0.));
#5618=DIRECTION('ref_axis',(0.,0.,1.));
#5619=DIRECTION('center_axis',(0.,0.,1.));
#5620=DIRECTION('ref_axis',(1.,0.,0.));
#5621=DIRECTION('',(0.,0.,1.));
#5622=DIRECTION('center_axis',(0.,0.,-1.));
#5623=DIRECTION('ref_axis',(0.707106781186547,0.707106781186547,0.));
#5624=DIRECTION('center_axis',(0.707106781186548,0.707106781186548,0.));
#5625=DIRECTION('ref_axis',(0.,0.,-1.));
#5626=DIRECTION('',(0.,0.,1.));
#5627=DIRECTION('',(0.707106781186548,-0.707106781186548,0.));
#5628=DIRECTION('center_axis',(0.,0.,1.));
#5629=DIRECTION('ref_axis',(0.707106781186547,0.707106781186547,0.));
#5630=DIRECTION('',(0.,0.,1.));
#5631=DIRECTION('center_axis',(0.,0.,-1.));
#5632=DIRECTION('ref_axis',(0.,1.,0.));
#5633=DIRECTION('center_axis',(0.,1.,0.));
#5634=DIRECTION('ref_axis',(0.,0.,1.));
#5635=DIRECTION('',(0.,0.,-1.));
#5636=DIRECTION('',(1.,0.,0.));
#5637=DIRECTION('',(-1.,-6.7E-16,0.));
#5638=DIRECTION('',(0.,0.,-1.));
#5639=DIRECTION('',(1.,6.7E-16,0.));
#5640=DIRECTION('',(0.,0.,1.));
#5641=DIRECTION('center_axis',(0.,0.,-1.));
#5642=DIRECTION('ref_axis',(0.,1.,0.));
#5643=DIRECTION('',(0.,0.,-1.));
#5644=DIRECTION('center_axis',(0.,0.,-1.));
#5645=DIRECTION('ref_axis',(-0.707106781186547,0.707106781186547,0.));
#5646=DIRECTION('center_axis',(0.707106781186548,-0.707106781186548,0.));
#5647=DIRECTION('ref_axis',(0.,0.,-1.));
#5648=DIRECTION('',(0.,0.,-1.));
#5649=DIRECTION('',(0.707106781186548,0.707106781186548,0.));
#5650=DIRECTION('center_axis',(0.,0.,-1.));
#5651=DIRECTION('ref_axis',(-1.,0.,0.));
#5652=DIRECTION('',(0.,0.,-1.));
#5653=DIRECTION('center_axis',(0.,0.,-1.));
#5654=DIRECTION('ref_axis',(-1.,0.,0.));
#5655=DIRECTION('center_axis',(1.,0.,0.));
#5656=DIRECTION('ref_axis',(0.,1.,0.));
#5657=DIRECTION('',(0.,0.,-1.));
#5658=DIRECTION('',(0.,1.,0.));
#5659=DIRECTION('center_axis',(1.,0.,0.));
#5660=DIRECTION('ref_axis',(0.,-1.,0.));
#5661=DIRECTION('center_axis',(-1.,0.,0.));
#5662=DIRECTION('ref_axis',(0.,-1.,0.));
#5663=DIRECTION('center_axis',(-0.707106781186548,0.,-0.707106781186547));
#5664=DIRECTION('ref_axis',(-0.707106781186547,0.,0.707106781186548));
#5665=DIRECTION('',(-0.577350269189625,-0.577350269189626,0.577350269189626));
#5666=DIRECTION('',(0.,-1.,0.));
#5667=DIRECTION('',(-0.707106781186547,0.,0.707106781186548));
#5668=DIRECTION('',(0.,1.,0.));
#5669=DIRECTION('center_axis',(0.,0.,1.));
#5670=DIRECTION('ref_axis',(-1.,0.,0.));
#5671=DIRECTION('center_axis',(0.,0.,1.));
#5672=DIRECTION('ref_axis',(-1.,0.,0.));
#5673=DIRECTION('',(-0.500000000000126,-0.500000000000126,0.707106781186369));
#5674=DIRECTION('center_axis',(0.,0.,-1.));
#5675=DIRECTION('ref_axis',(-1.,0.,0.));
#5676=DIRECTION('center_axis',(-0.5,-0.5,-0.707106781186547));
#5677=DIRECTION('ref_axis',(-0.816496580927726,0.,0.577350269189626));
#5678=DIRECTION('',(0.707106781186548,-0.707106781186548,0.));
#5679=DIRECTION('',(-0.5,-0.500000000000001,0.707106781186547));
#5680=DIRECTION('',(-0.707106781186548,0.707106781186548,0.));
#5681=DIRECTION('center_axis',(0.,0.,1.));
#5682=DIRECTION('ref_axis',(0.,-1.,0.));
#5683=DIRECTION('center_axis',(0.,0.,1.));
#5684=DIRECTION('ref_axis',(0.,-1.,0.));
#5685=DIRECTION('',(0.,-0.707106781186547,0.707106781186548));
#5686=DIRECTION('center_axis',(0.,0.,-1.));
#5687=DIRECTION('ref_axis',(0.,-1.,0.));
#5688=DIRECTION('center_axis',(0.,-0.707106781186548,-0.707106781186547));
#5689=DIRECTION('ref_axis',(-1.,0.,0.));
#5690=DIRECTION('',(1.,0.,0.));
#5691=DIRECTION('',(0.,-0.707106781186547,0.707106781186548));
#5692=DIRECTION('',(-1.,0.,0.));
#5693=DIRECTION('center_axis',(0.,0.,1.));
#5694=DIRECTION('ref_axis',(0.707106781186547,-0.707106781186547,0.));
#5695=DIRECTION('center_axis',(0.,0.,1.));
#5696=DIRECTION('ref_axis',(0.707106781186548,-0.707106781186548,0.));
#5697=DIRECTION('',(0.500000000000126,-0.500000000000127,0.707106781186369));
#5698=DIRECTION('center_axis',(0.,0.,-1.));
#5699=DIRECTION('ref_axis',(0.707106781186548,-0.707106781186548,0.));
#5700=DIRECTION('center_axis',(0.5,-0.5,-0.707106781186547));
#5701=DIRECTION('ref_axis',(-0.816496580927726,0.,-0.577350269189627));
#5702=DIRECTION('',(0.707106781186548,0.707106781186548,0.));
#5703=DIRECTION('',(0.5,-0.5,0.707106781186547));
#5704=DIRECTION('',(-0.707106781186548,-0.707106781186548,0.));
#5705=DIRECTION('center_axis',(0.,0.,1.));
#5706=DIRECTION('ref_axis',(1.,0.,0.));
#5707=DIRECTION('',(0.707106781186546,0.,0.707106781186549));
#5708=DIRECTION('center_axis',(0.,0.,-1.));
#5709=DIRECTION('ref_axis',(1.,0.,0.));
#5710=DIRECTION('center_axis',(0.,0.,1.));
#5711=DIRECTION('ref_axis',(1.,0.,0.));
#5712=DIRECTION('center_axis',(0.707106781186548,0.,-0.707106781186547));
#5713=DIRECTION('ref_axis',(-0.707106781186547,0.,-0.707106781186548));
#5714=DIRECTION('',(0.,1.,0.));
#5715=DIRECTION('',(0.707106781186547,0.,0.707106781186548));
#5716=DIRECTION('center_axis',(0.,0.,-1.));
#5717=DIRECTION('ref_axis',(-0.707106781186548,0.707106781186548,0.));
#5718=DIRECTION('',(0.353553390593274,-0.612372435695793,0.707106781186549));
#5719=DIRECTION('center_axis',(0.,0.,1.));
#5720=DIRECTION('ref_axis',(-0.707106781186547,0.707106781186547,0.));
#5721=DIRECTION('center_axis',(0.,0.,-1.));
#5722=DIRECTION('ref_axis',(-0.707106781186548,0.707106781186548,0.));
#5723=DIRECTION('center_axis',(0.,0.,1.));
#5724=DIRECTION('ref_axis',(0.866025403784438,-0.5,0.));
#5725=DIRECTION('',(0.707106781186547,0.,0.707106781186548));
#5726=DIRECTION('center_axis',(0.,0.,-1.));
#5727=DIRECTION('ref_axis',(0.866025403784438,-0.5,0.));
#5728=DIRECTION('center_axis',(0.,0.,1.));
#5729=DIRECTION('ref_axis',(0.866025403784438,-0.5,0.));
#5730=DIRECTION('center_axis',(0.707106781186548,0.,-0.707106781186547));
#5731=DIRECTION('ref_axis',(-0.707106781186547,0.,-0.707106781186548));
#5732=DIRECTION('',(0.,1.,0.));
#5733=DIRECTION('center_axis',(-1.73843500308148E-16,-0.751950193645988,
0.659219922541606));
#5734=DIRECTION('ref_axis',(3.32970100549422E-17,-0.659219922541606,-0.751950193645988));
#5735=DIRECTION('',(1.,-2.31190179585208E-16,-4.46126495706528E-32));
#5736=DIRECTION('',(1.,0.,2.63710932215002E-16));
#5737=DIRECTION('',(1.,-2.31190179585208E-16,-4.46126495706528E-32));
#5738=DIRECTION('center_axis',(1.,0.,2.63710932215002E-16));
#5739=DIRECTION('ref_axis',(0.,1.,0.));
#5740=DIRECTION('',(1.,0.,0.));
#5741=DIRECTION('center_axis',(1.,-1.521E-48,-4.79911111385235E-16));
#5742=DIRECTION('ref_axis',(0.,-1.,0.));
#5743=DIRECTION('center_axis',(0.,0.,-1.));
#5744=DIRECTION('ref_axis',(0.,1.,0.));
#5745=DIRECTION('',(-1.,0.,4.79911111385235E-16));
#5746=DIRECTION('',(-1.521E-48,-1.,0.));
#5747=DIRECTION('center_axis',(0.,0.,-1.));
#5748=DIRECTION('ref_axis',(0.,-1.,0.));
#5749=DIRECTION('center_axis',(0.,0.,-1.));
#5750=DIRECTION('ref_axis',(0.,-1.,0.));
#5751=DIRECTION('center_axis',(0.,0.,-1.));
#5752=DIRECTION('ref_axis',(0.,-1.,0.));
#5753=DIRECTION('center_axis',(0.,0.,-1.));
#5754=DIRECTION('ref_axis',(0.,-1.,0.));
#5755=DIRECTION('center_axis',(-1.,0.,5.5511151231258E-16));
#5756=DIRECTION('ref_axis',(7.98148514851486E-49,1.,-3.83040340812851E-64));
#5757=DIRECTION('center_axis',(1.,-1.521E-48,-4.79911111385235E-16));
#5758=DIRECTION('ref_axis',(0.,1.,0.));
#5759=DIRECTION('center_axis',(-1.,1.521E-48,4.79911111385235E-16));
#5760=DIRECTION('ref_axis',(1.521E-48,1.,-7.29944800416942E-64));
#5761=DIRECTION('center_axis',(-0.707106781186548,1.07550941418474E-48,
-0.707106781186548));
#5762=DIRECTION('ref_axis',(-0.707106781186548,0.,0.707106781186548));
#5763=DIRECTION('',(1.521E-48,1.,0.));
#5764=DIRECTION('',(0.678598344545846,0.281084637714824,-0.678598344545846));
#5765=DIRECTION('',(-1.521E-48,-1.,0.));
#5766=DIRECTION('center_axis',(1.,0.,2.63710932215002E-16));
#5767=DIRECTION('ref_axis',(0.,1.,0.));
#5768=DIRECTION('',(-1.,0.,0.));
#5769=DIRECTION('center_axis',(-0.707106781186547,1.07550941418474E-48,
-0.707106781186548));
#5770=DIRECTION('ref_axis',(-0.707106781186548,0.,0.707106781186547));
#5771=DIRECTION('',(-0.678598344545848,0.28108463771482,0.678598344545847));
#5772=DIRECTION('',(1.521E-48,1.,0.));
#5773=DIRECTION('center_axis',(-1.,0.,5.5511151231258E-16));
#5774=DIRECTION('ref_axis',(-7.98148514851485E-49,-1.,3.83040340812851E-64));
#5775=DIRECTION('center_axis',(-1.,1.521E-48,4.79911111385235E-16));
#5776=DIRECTION('ref_axis',(-1.521E-48,-1.,7.29944800416942E-64));
#5777=DIRECTION('center_axis',(-1.,1.521E-48,4.79911111385235E-16));
#5778=DIRECTION('ref_axis',(-1.521E-48,-1.,0.));
#5779=DIRECTION('',(1.521E-48,1.,0.));
#5780=DIRECTION('',(-3.39348401227272E-16,0.707106781186548,-0.707106781186548));
#5781=DIRECTION('',(-4.79911111385235E-16,0.,-1.));
#5782=DIRECTION('',(-5.21902284628224E-47,-1.,-1.05580444504752E-31));
#5783=DIRECTION('',(4.79911111385235E-16,0.,1.));
#5784=DIRECTION('',(3.39348401227272E-16,0.707106781186548,0.707106781186548));
#5785=DIRECTION('center_axis',(7.77817459305201E-17,-0.707106781186548,
0.707106781186547));
#5786=DIRECTION('ref_axis',(1.,0.,-1.1E-16));
#5787=DIRECTION('',(-0.577350269189626,-0.577350269189625,-0.577350269189626));
#5788=DIRECTION('',(-1.,0.,1.1E-16));
#5789=DIRECTION('',(0.,-0.707106781186547,-0.707106781186548));
#5790=DIRECTION('',(1.,0.,-1.1E-16));
#5791=DIRECTION('center_axis',(0.,1.,0.));
#5792=DIRECTION('ref_axis',(0.,0.,1.));
#5793=DIRECTION('',(0.606339062590891,-0.707106781186469,-0.363803437554553));
#5794=DIRECTION('center_axis',(0.,1.,0.));
#5795=DIRECTION('ref_axis',(0.,0.,1.));
#5796=DIRECTION('center_axis',(0.,-1.,0.));
#5797=DIRECTION('ref_axis',(0.,0.,1.));
#5798=DIRECTION('center_axis',(-0.606339062590771,-0.707106781186546,0.363803437554605));
#5799=DIRECTION('ref_axis',(0.514495755427674,0.,0.857492925712456));
#5800=DIRECTION('',(0.606339062590769,-0.707106781186549,-0.363803437554602));
#5801=DIRECTION('',(0.514495755427674,0.,0.857492925712456));
#5802=DIRECTION('',(-0.514495755427674,0.,-0.857492925712456));
#5803=DIRECTION('center_axis',(0.,1.,0.));
#5804=DIRECTION('ref_axis',(-0.89268971749323,0.,0.4506717966346));
#5805=DIRECTION('center_axis',(0.,-1.,0.));
#5806=DIRECTION('ref_axis',(-0.892689717493229,0.,0.4506717966346));
#5807=DIRECTION('',(0.633678023145307,-0.707106781186549,-0.313770876568641));
#5808=DIRECTION('center_axis',(0.,1.,0.));
#5809=DIRECTION('ref_axis',(-0.89268971749323,0.,0.4506717966346));
#5810=DIRECTION('center_axis',(0.,-1.,0.));
#5811=DIRECTION('ref_axis',(0.895438316355976,0.,-0.445185603542585));
#5812=DIRECTION('center_axis',(0.,1.,0.));
#5813=DIRECTION('ref_axis',(0.895438316355976,0.,-0.445185603542585));
#5814=DIRECTION('',(0.632661336978933,-0.707106781186524,-0.315815820838763));
#5815=DIRECTION('center_axis',(0.,-1.,0.));
#5816=DIRECTION('ref_axis',(0.895438316355976,0.,-0.445185603542585));
#5817=DIRECTION('center_axis',(0.,1.,0.));
#5818=DIRECTION('ref_axis',(-0.75,0.,0.661437827766147));
#5819=DIRECTION('center_axis',(0.,-1.,0.));
#5820=DIRECTION('ref_axis',(-0.75,0.,0.661437827766147));
#5821=DIRECTION('',(0.707106781186546,-0.707106781186549,7.85046229341889E-16));
#5822=DIRECTION('center_axis',(0.,1.,0.));
#5823=DIRECTION('ref_axis',(-0.75,0.,0.661437827766147));
#5824=DIRECTION('center_axis',(-0.707106781186548,-0.707106781186548,3.39348401227272E-16));
#5825=DIRECTION('ref_axis',(4.79911111385235E-16,0.,1.));
#5826=DIRECTION('',(4.79911111385235E-16,0.,1.));
#5827=DIRECTION('',(0.678598344545847,-0.678598344545847,-0.281084637714819));
#5828=DIRECTION('center_axis',(-0.707106781186547,-0.500000000000001,-0.5));
#5829=DIRECTION('ref_axis',(-0.577350269189626,0.,0.816496580927726));
#5830=DIRECTION('',(3.39348401227272E-16,-0.707106781186548,0.707106781186548));
#5831=DIRECTION('center_axis',(0.,-1.,0.));
#5832=DIRECTION('ref_axis',(1.,0.,0.));
#5833=DIRECTION('',(-1.,0.,0.));
#5834=DIRECTION('',(0.,0.,-1.));
#5835=DIRECTION('center_axis',(0.,-1.,0.));
#5836=DIRECTION('ref_axis',(1.,0.,0.));
#5837=DIRECTION('center_axis',(0.,-0.707106781186548,-0.707106781186548));
#5838=DIRECTION('ref_axis',(1.,0.,0.));
#5839=DIRECTION('center_axis',(-0.707106781186549,0.499999999999999,-0.499999999999999));
#5840=DIRECTION('ref_axis',(-0.577350269189624,0.,0.816496580927727));
#5841=DIRECTION('',(0.678598344545831,0.678598344545891,-0.281084637714753));
#5842=DIRECTION('',(-3.39348401227272E-16,-0.707106781186548,-0.707106781186548));
#5843=DIRECTION('center_axis',(7.77817459305201E-17,0.707106781186549,0.707106781186546));
#5844=DIRECTION('ref_axis',(1.,0.,-1.1E-16));
#5845=DIRECTION('',(0.577350269189627,-0.577350269189624,0.577350269189627));
#5846=DIRECTION('',(-1.,0.,1.1E-16));
#5847=DIRECTION('',(0.,-0.707106781186546,0.707106781186549));
#5848=DIRECTION('',(1.,0.,-1.1E-16));
#5849=DIRECTION('center_axis',(0.,-1.,0.));
#5850=DIRECTION('ref_axis',(0.,0.,1.));
#5851=DIRECTION('center_axis',(0.,-1.,0.));
#5852=DIRECTION('ref_axis',(0.,0.,1.));
#5853=DIRECTION('',(-0.606339062590895,-0.707106781186467,0.363803437554552));
#5854=DIRECTION('center_axis',(0.,1.,0.));
#5855=DIRECTION('ref_axis',(0.,0.,1.));
#5856=DIRECTION('center_axis',(-0.60633906259077,0.707106781186547,0.363803437554604));
#5857=DIRECTION('ref_axis',(0.514495755427674,0.,0.857492925712456));
#5858=DIRECTION('',(-0.606339062590767,-0.707106781186551,0.363803437554601));
#5859=DIRECTION('',(0.514495755427674,0.,0.857492925712456));
#5860=DIRECTION('',(-0.514495755427674,0.,-0.857492925712456));
#5861=DIRECTION('center_axis',(0.,-1.,0.));
#5862=DIRECTION('ref_axis',(-0.89268971749323,0.,0.4506717966346));
#5863=DIRECTION('',(-0.633678023145015,-0.707106781186878,0.31377087656849));
#5864=DIRECTION('center_axis',(0.,1.,0.));
#5865=DIRECTION('ref_axis',(-0.89268971749323,0.,0.4506717966346));
#5866=DIRECTION('center_axis',(0.,-1.,0.));
#5867=DIRECTION('ref_axis',(-0.89268971749323,0.,0.4506717966346));
#5868=DIRECTION('center_axis',(0.,1.,0.));
#5869=DIRECTION('ref_axis',(0.895438316355976,0.,-0.445185603542585));
#5870=DIRECTION('',(-0.632661336978934,-0.707106781186523,0.315815820838764));
#5871=DIRECTION('center_axis',(0.,-1.,0.));
#5872=DIRECTION('ref_axis',(0.895438316355976,0.,-0.445185603542585));
#5873=DIRECTION('center_axis',(0.,1.,0.));
#5874=DIRECTION('ref_axis',(0.895438316355976,0.,-0.445185603542585));
#5875=DIRECTION('center_axis',(0.,-1.,0.));
#5876=DIRECTION('ref_axis',(-0.75,0.,0.661437827766147));
#5877=DIRECTION('',(-0.707106781186551,-0.707106781186544,0.));
#5878=DIRECTION('center_axis',(0.,1.,0.));
#5879=DIRECTION('ref_axis',(-0.75,0.,0.661437827766147));
#5880=DIRECTION('center_axis',(0.,-1.,0.));
#5881=DIRECTION('ref_axis',(-0.75,0.,0.661437827766147));
#5882=DIRECTION('center_axis',(-0.707106781186582,0.707106781186513,3.39348401227288E-16));
#5883=DIRECTION('ref_axis',(4.79911111385235E-16,0.,1.));
#5884=DIRECTION('',(-4.79911111385235E-16,0.,-1.));
#5885=DIRECTION('center_axis',(0.,0.,-1.));
#5886=DIRECTION('ref_axis',(0.,1.,0.));
#5887=DIRECTION('',(-1.,0.,0.));
#5888=DIRECTION('center_axis',(0.,0.,-1.));
#5889=DIRECTION('ref_axis',(0.,-1.,0.));
#5890=DIRECTION('center_axis',(0.,0.,-1.));
#5891=DIRECTION('ref_axis',(0.,-1.,0.));
#5892=DIRECTION('center_axis',(0.,0.,-1.));
#5893=DIRECTION('ref_axis',(0.,-1.,0.));
#5894=DIRECTION('center_axis',(0.,0.,-1.));
#5895=DIRECTION('ref_axis',(0.,-1.,0.));
#5896=DIRECTION('center_axis',(0.,-0.707106781186548,0.707106781186548));
#5897=DIRECTION('ref_axis',(1.,0.,0.));
#5898=DIRECTION('',(-1.,0.,4.79911111385235E-16));
#5899=DIRECTION('center_axis',(0.,-1.,0.));
#5900=DIRECTION('ref_axis',(1.,0.,0.));
#5901=DIRECTION('center_axis',(0.,1.,0.));
#5902=DIRECTION('ref_axis',(0.,0.,-1.));
#5903=DIRECTION('center_axis',(0.,-0.707106781186549,-0.707106781186546));
#5904=DIRECTION('ref_axis',(-1.,0.,0.));
#5905=DIRECTION('center_axis',(0.,-0.707106781186549,-0.707106781186546));
#5906=DIRECTION('ref_axis',(0.,-0.707106781186546,0.707106781186549));
#5907=DIRECTION('',(1.,0.,0.));
#5908=DIRECTION('',(-1.,0.,0.));
#5909=DIRECTION('center_axis',(0.,1.,0.));
#5910=DIRECTION('ref_axis',(0.,0.,-1.));
#5911=DIRECTION('center_axis',(0.,-1.,0.));
#5912=DIRECTION('ref_axis',(-0.75,0.,0.661437827766147));
#5913=DIRECTION('',(-1.,0.,0.));
#5914=DIRECTION('center_axis',(0.,0.707106781186552,-0.707106781186543));
#5915=DIRECTION('ref_axis',(-1.,0.,0.));
#5916=DIRECTION('',(-1.,0.,0.));
#5917=DIRECTION('',(0.,0.707106781186543,0.707106781186552));
#5918=DIRECTION('',(1.,0.,0.));
#5919=DIRECTION('center_axis',(0.,0.,1.));
#5920=DIRECTION('ref_axis',(-0.707106781186549,0.707106781186546,0.));
#5921=DIRECTION('center_axis',(0.,0.,-1.));
#5922=DIRECTION('ref_axis',(-0.707106781186549,0.707106781186546,0.));
#5923=DIRECTION('center_axis',(0.,0.,1.));
#5924=DIRECTION('ref_axis',(-0.707106781186549,0.707106781186546,0.));
#5925=DIRECTION('center_axis',(0.,0.,1.));
#5926=DIRECTION('ref_axis',(-0.707106781186549,0.707106781186546,0.));
#5927=DIRECTION('',(0.,0.,-1.));
#5928=DIRECTION('center_axis',(0.,0.,-1.));
#5929=DIRECTION('ref_axis',(-0.707106781186549,0.707106781186546,0.));
#5930=DIRECTION('',(0.,0.,-1.));
#5931=DIRECTION('center_axis',(0.,1.,0.));
#5932=DIRECTION('ref_axis',(0.,0.,1.));
#5933=DIRECTION('',(1.,0.,0.));
#5934=DIRECTION('center_axis',(0.,0.,-1.));
#5935=DIRECTION('ref_axis',(1.,2.2E-16,0.));
#5936=DIRECTION('',(-2.2E-16,1.,0.));
#5937=DIRECTION('',(1.,2.2E-16,0.));
#5938=DIRECTION('center_axis',(0.,0.,1.));
#5939=DIRECTION('ref_axis',(0.,1.,0.));
#5940=DIRECTION('',(1.,0.,0.));
#5941=DIRECTION('',(-5.21902284628224E-47,-1.,-1.05580444504752E-31));
#5942=DIRECTION('center_axis',(-1.,-2.2E-16,0.));
#5943=DIRECTION('ref_axis',(0.,0.,-1.));
#5944=DIRECTION('',(0.,0.,-1.));
#5945=DIRECTION('',(-2.2E-16,1.,0.));
#5946=DIRECTION('',(0.,0.,-1.));
#5947=DIRECTION('',(1.59999999999898E-16,-0.707106781186548,0.707106781186548));
#5948=DIRECTION('center_axis',(2.2E-16,-1.,0.));
#5949=DIRECTION('ref_axis',(1.,2.2E-16,0.));
#5950=DIRECTION('',(1.,0.,0.));
#5951=DIRECTION('center_axis',(0.,-1.,0.));
#5952=DIRECTION('ref_axis',(0.,0.,1.));
#5953=DIRECTION('',(1.3E-16,0.,1.));
#5954=DIRECTION('',(1.,2.2E-16,-2.08876998913524E-18));
#5955=DIRECTION('',(1.,2.2E-16,-2.08876998913524E-18));
#5956=DIRECTION('center_axis',(0.,1.,0.));
#5957=DIRECTION('ref_axis',(0.,0.,-1.));
#5958=DIRECTION('',(2.08876998913524E-18,4.5952939760975E-34,1.));
#5959=DIRECTION('',(1.,2.2E-16,0.));
#5960=DIRECTION('',(-0.707106781186548,-1.59999999999898E-16,-0.707106781186548));
#5961=DIRECTION('center_axis',(0.,1.,0.));
#5962=DIRECTION('ref_axis',(1.,0.,-2.22044604925031E-16));
#5963=DIRECTION('center_axis',(1.55779804661055E-18,-1.,-3.10005280574322E-18));
#5964=DIRECTION('ref_axis',(0.449004716942962,3.46944695195359E-18,-0.893529386289545));
#5965=DIRECTION('',(0.,1.,0.));
#5966=DIRECTION('center_axis',(0.,1.,0.));
#5967=DIRECTION('ref_axis',(1.,0.,-2.22044604925031E-16));
#5968=DIRECTION('',(0.,1.,0.));
#5969=DIRECTION('center_axis',(0.,0.,1.));
#5970=DIRECTION('ref_axis',(0.,1.,0.));
#5971=DIRECTION('center_axis',(0.,0.,-1.));
#5972=DIRECTION('ref_axis',(0.,-1.,0.));
#5973=DIRECTION('center_axis',(0.,1.,0.));
#5974=DIRECTION('ref_axis',(-0.707106781186547,0.,-0.707106781186547));
#5975=DIRECTION('center_axis',(0.,-0.707106781186548,-0.707106781186548));
#5976=DIRECTION('ref_axis',(0.,0.707106781186547,-0.707106781186547));
#5977=DIRECTION('center_axis',(0.,0.,-1.));
#5978=DIRECTION('ref_axis',(0.866025403784439,-0.5,0.));
#5979=DIRECTION('',(0.,0.,-1.));
#5980=DIRECTION('center_axis',(0.,0.,1.));
#5981=DIRECTION('ref_axis',(-0.707106781186547,0.707106781186547,0.));
#5982=DIRECTION('center_axis',(0.,0.,-1.));
#5983=DIRECTION('ref_axis',(0.,-1.,0.));
#5984=DIRECTION('',(5.21902284628224E-47,1.,1.05580444504752E-31));
#5985=DIRECTION('',(1.,0.,0.));
#5986=DIRECTION('center_axis',(5.21902284628224E-47,1.,1.05580444504752E-31));
#5987=DIRECTION('ref_axis',(0.895438316355976,0.,-0.445185603542585));
#5988=DIRECTION('',(5.21902284628224E-47,1.,1.05580444504752E-31));
#5989=DIRECTION('center_axis',(-2.4E-16,1.,0.));
#5990=DIRECTION('ref_axis',(0.895438316355976,0.,-0.445185603542585));
#5991=DIRECTION('',(5.21902284628224E-47,1.,1.05580444504752E-31));
#5992=DIRECTION('center_axis',(2.4E-16,-1.,0.));
#5993=DIRECTION('ref_axis',(0.895438316355976,0.,-0.445185603542585));
#5994=DIRECTION('',(5.21902284628224E-47,1.,1.05580444504752E-31));
#5995=DIRECTION('',(-5.21902284628224E-47,-1.,-1.05580444504752E-31));
#5996=DIRECTION('center_axis',(5.21902284628224E-47,1.,1.05580444504752E-31));
#5997=DIRECTION('ref_axis',(-0.892689717493229,0.,0.4506717966346));
#5998=DIRECTION('',(1.62923655885263E-16,1.,-9.77541935311957E-17));
#5999=DIRECTION('center_axis',(2.4E-16,-1.,0.));
#6000=DIRECTION('ref_axis',(-0.892689717493229,0.,0.4506717966346));
#6001=DIRECTION('center_axis',(-2.22044604925031E-16,0.,-1.));
#6002=DIRECTION('ref_axis',(-1.,0.,2.22044604925031E-16));
#6003=DIRECTION('',(1.,0.,-2.22044604925031E-16));
#6004=DIRECTION('',(1.,0.,0.));
#6005=DIRECTION('center_axis',(-5.21902284628224E-47,-1.,-1.05580444504752E-31));
#6006=DIRECTION('ref_axis',(-0.75,0.,0.661437827766147));
#6007=DIRECTION('center_axis',(0.,-0.707106781186548,0.707106781186548));
#6008=DIRECTION('ref_axis',(0.,0.707106781186547,0.707106781186547));
#6009=DIRECTION('center_axis',(0.,-1.,0.));
#6010=DIRECTION('ref_axis',(-0.75,0.,0.661437827766147));
#6011=DIRECTION('center_axis',(-2.4E-16,1.,0.));
#6012=DIRECTION('ref_axis',(-1.,-2.4E-16,0.));
#6013=DIRECTION('',(7.64940949485009E-16,4.24137769187483E-18,1.));
#6014=DIRECTION('',(-1.,0.,0.));
#6015=DIRECTION('center_axis',(2.2E-16,1.,0.));
#6016=DIRECTION('ref_axis',(0.,0.,1.));
#6017=DIRECTION('',(0.514495755427674,1.29999999999918E-16,0.857492925712456));
#6018=DIRECTION('center_axis',(-2.4E-16,1.,0.));
#6019=DIRECTION('ref_axis',(-0.892689717493252,0.,0.450671796634556));
#6020=DIRECTION('center_axis',(2.4E-16,-1.,0.));
#6021=DIRECTION('ref_axis',(1.,2.4E-16,-2.22044604925031E-16));
#6022=DIRECTION('center_axis',(-2.4E-16,1.,0.));
#6023=DIRECTION('ref_axis',(-1.,-2.4E-16,0.));
#6024=DIRECTION('',(-0.514495755427674,-1.0999999999993E-16,-0.857492925712456));
#6025=DIRECTION('center_axis',(2.2E-16,1.,0.));
#6026=DIRECTION('ref_axis',(0.,0.,1.));
#6027=DIRECTION('',(-1.,0.,1.1E-16));
#6028=DIRECTION('',(-2.22044604925031E-16,0.,-1.));
#6029=DIRECTION('center_axis',(-2.4E-16,1.,0.));
#6030=DIRECTION('ref_axis',(-1.,-2.4E-16,2.22044604925031E-16));
#6031=DIRECTION('center_axis',(5.21902284628224E-47,1.,1.05580444504752E-31));
#6032=DIRECTION('ref_axis',(-0.892689717493229,0.,0.4506717966346));
#6033=DIRECTION('',(2.40098019199335E-16,1.,-1.44058811519657E-16));
#6034=DIRECTION('center_axis',(-0.857492925712456,2.79999999999822E-16,
0.514495755427674));
#6035=DIRECTION('ref_axis',(0.514495755427674,-2.46519032881566E-32,0.857492925712456));
#6036=DIRECTION('',(2.4E-16,-1.,0.));
#6037=DIRECTION('center_axis',(0.857492925712456,-1.89999999999879E-16,
-0.514495755427674));
#6038=DIRECTION('ref_axis',(0.514495755427674,-1.0999999999993E-16,0.857492925712456));
#6039=DIRECTION('',(2.2E-16,1.,0.));
#6040=DIRECTION('center_axis',(0.,0.,-1.));
#6041=DIRECTION('ref_axis',(-1.,0.,0.));
#6042=DIRECTION('',(0.,0.,-1.));
#6043=DIRECTION('center_axis',(0.,0.,-1.));
#6044=DIRECTION('ref_axis',(-0.707106781186547,-0.707106781186547,0.));
#6045=DIRECTION('',(0.,0.,-1.));
#6046=DIRECTION('center_axis',(0.707106781186548,-0.707106781186548,0.));
#6047=DIRECTION('ref_axis',(0.,0.,1.));
#6048=DIRECTION('',(0.,0.,-1.));
#6049=DIRECTION('',(-0.707106781186548,-0.707106781186548,0.));
#6050=DIRECTION('',(0.,0.,-1.));
#6051=DIRECTION('center_axis',(0.,0.,-1.));
#6052=DIRECTION('ref_axis',(0.707106781186547,-0.707106781186547,0.));
#6053=DIRECTION('center_axis',(0.,0.,-1.));
#6054=DIRECTION('ref_axis',(0.707106781186547,-0.707106781186547,0.));
#6055=DIRECTION('',(0.,0.,-1.));
#6056=DIRECTION('center_axis',(0.,-1.,0.));
#6057=DIRECTION('ref_axis',(0.,0.,-1.));
#6058=DIRECTION('',(-1.,0.,0.));
#6059=DIRECTION('',(0.,0.,-1.));
#6060=DIRECTION('',(0.,0.,-1.));
#6061=DIRECTION('',(-1.,2.2E-16,0.));
#6062=DIRECTION('',(0.,0.,1.));
#6063=DIRECTION('',(1.,-2.2E-16,0.));
#6064=DIRECTION('center_axis',(0.,0.,-1.));
#6065=DIRECTION('ref_axis',(0.,-1.,0.));
#6066=DIRECTION('center_axis',(0.,0.,-1.));
#6067=DIRECTION('ref_axis',(0.,-1.,0.));
#6068=DIRECTION('',(0.,0.,-1.));
#6069=DIRECTION('center_axis',(-0.707106781186548,-0.707106781186548,0.));
#6070=DIRECTION('ref_axis',(0.,0.,1.));
#6071=DIRECTION('',(-0.707106781186548,0.707106781186548,0.));
#6072=DIRECTION('center_axis',(2.2E-16,-1.,0.));
#6073=DIRECTION('ref_axis',(1.,2.2E-16,0.));
#6074=DIRECTION('',(-1.,0.,0.));
#6075=DIRECTION('',(1.,0.,0.));
#6076=DIRECTION('',(-0.707106781186548,-1.59999999999898E-16,-0.707106781186548));
#6077=DIRECTION('',(-1.,-2.2E-16,0.));
#6078=DIRECTION('',(0.707106781186548,1.59999999999898E-16,-0.707106781186548));
#6079=DIRECTION('',(1.3E-16,0.,1.));
#6080=DIRECTION('center_axis',(0.,-1.,0.));
#6081=DIRECTION('ref_axis',(0.,0.,1.));
#6082=DIRECTION('center_axis',(0.,-1.,0.));
#6083=DIRECTION('ref_axis',(0.,0.,1.));
#6084=DIRECTION('center_axis',(-1.29999999999917E-16,0.707106781186548,
0.707106781186548));
#6085=DIRECTION('ref_axis',(-1.,-2.01923881554217E-16,1.80761184458324E-17));
#6086=DIRECTION('center_axis',(0.,-1.,0.));
#6087=DIRECTION('ref_axis',(0.,0.,1.));
#6088=DIRECTION('',(1.,0.,0.));
#6089=DIRECTION('center_axis',(0.,-0.707106781186548,0.707106781186548));
#6090=DIRECTION('ref_axis',(1.,0.,0.));
#6091=DIRECTION('center_axis',(2.2E-16,1.,0.));
#6092=DIRECTION('ref_axis',(0.,0.,1.));
#6093=DIRECTION('',(2.2E-16,1.,0.));
#6094=DIRECTION('center_axis',(1.1E-16,-1.E-17,1.));
#6095=DIRECTION('ref_axis',(-1.,0.,1.1E-16));
#6096=DIRECTION('',(0.,1.,0.));
#6097=DIRECTION('center_axis',(0.,0.,-1.));
#6098=DIRECTION('ref_axis',(-0.707106781186548,-0.707106781186548,0.));
#6099=DIRECTION('',(-0.707106781186548,0.707106781186548,0.));
#6100=DIRECTION('center_axis',(0.,0.,-1.));
#6101=DIRECTION('ref_axis',(0.,-1.,0.));
#6102=DIRECTION('',(-1.,0.,0.));
#6103=DIRECTION('center_axis',(0.,0.,-1.));
#6104=DIRECTION('ref_axis',(0.707106781186548,-0.707106781186548,0.));
#6105=DIRECTION('',(-0.707106781186548,-0.707106781186548,0.));
#6106=DIRECTION('center_axis',(0.,0.,-1.));
#6107=DIRECTION('ref_axis',(1.,0.,0.));
#6108=DIRECTION('',(0.,-1.,0.));
#6109=DIRECTION('center_axis',(0.,0.,-1.));
#6110=DIRECTION('ref_axis',(0.707106781186548,0.707106781186548,0.));
#6111=DIRECTION('',(0.707106781186548,-0.707106781186548,0.));
#6112=DIRECTION('center_axis',(0.,0.,-1.));
#6113=DIRECTION('ref_axis',(0.,1.,0.));
#6114=DIRECTION('',(1.,0.,0.));
#6115=DIRECTION('center_axis',(0.,0.,-1.));
#6116=DIRECTION('ref_axis',(-0.707106781186548,0.707106781186548,0.));
#6117=DIRECTION('',(0.707106781186548,0.707106781186548,0.));
#6118=DIRECTION('center_axis',(0.,0.,-1.));
#6119=DIRECTION('ref_axis',(-1.,0.,0.));
#6120=DIRECTION('',(0.,1.,0.));
#6121=DIRECTION('',(-2.22044604925031E-33,-1.,-1.E-17));
#6122=DIRECTION('',(2.2E-16,1.,0.));
#6123=DIRECTION('',(-2.2E-16,1.,0.));
#6124=DIRECTION('center_axis',(-1.1E-16,1.E-17,-1.));
#6125=DIRECTION('ref_axis',(0.364380896178711,0.93125,-3.07693985796582E-17));
#6126=DIRECTION('',(-1.,0.,0.));
#6127=DIRECTION('',(2.4E-16,-1.,0.));
#6128=DIRECTION('',(0.,-1.,0.));
#6129=DIRECTION('',(-1.,0.,0.));
#6130=DIRECTION('',(0.,1.,0.));
#6131=DIRECTION('',(1.,0.,0.));
#6132=DIRECTION('',(0.,-1.,0.));
#6133=DIRECTION('',(-1.,0.,0.));
#6134=DIRECTION('',(0.,1.,0.));
#6135=DIRECTION('',(1.,0.,0.));
#6136=DIRECTION('center_axis',(0.,0.,1.));
#6137=DIRECTION('ref_axis',(0.,1.,0.));
#6138=DIRECTION('',(0.,1.,0.));
#6139=DIRECTION('',(1.,0.,0.));
#6140=DIRECTION('',(0.,-1.,0.));
#6141=DIRECTION('center_axis',(0.,0.,1.));
#6142=DIRECTION('ref_axis',(0.,1.,0.));
#6143=DIRECTION('',(0.,1.,0.));
#6144=DIRECTION('',(1.,0.,0.));
#6145=DIRECTION('',(0.,-1.,0.));
#6146=DIRECTION('',(-1.,0.,1.1E-16));
#6147=DIRECTION('',(0.,-1.,-1.E-17));
#6148=DIRECTION('',(1.,0.,-1.1E-16));
#6149=DIRECTION('',(0.,1.,1.E-17));
#6150=DIRECTION('center_axis',(0.707106781186548,0.,-0.707106781186548));
#6151=DIRECTION('ref_axis',(0.,1.,0.));
#6152=DIRECTION('',(0.707106781186548,0.,0.707106781186548));
#6153=DIRECTION('center_axis',(2.2E-16,1.,0.));
#6154=DIRECTION('ref_axis',(0.,0.,1.));
#6155=DIRECTION('center_axis',(-0.707106781186548,0.,0.707106781186548));
#6156=DIRECTION('ref_axis',(0.,-1.,0.));
#6157=DIRECTION('',(0.,1.,0.));
#6158=DIRECTION('',(0.707106781186548,0.,0.707106781186548));
#6159=DIRECTION('center_axis',(0.,-1.,0.));
#6160=DIRECTION('ref_axis',(1.,0.,0.));
#6161=DIRECTION('',(0.707106781186546,0.707106781186549,8.65956056235491E-17));
#6162=DIRECTION('center_axis',(0.,1.,0.));
#6163=DIRECTION('ref_axis',(1.,0.,0.));
#6164=DIRECTION('center_axis',(0.,1.,0.));
#6165=DIRECTION('ref_axis',(1.,0.,0.));
#6166=DIRECTION('center_axis',(0.,1.,0.));
#6167=DIRECTION('ref_axis',(1.,0.,0.));
#6168=DIRECTION('',(0.,-1.,0.));
#6169=DIRECTION('center_axis',(0.,1.,0.));
#6170=DIRECTION('ref_axis',(-1.,0.,2.22044604925031E-16));
#6171=DIRECTION('center_axis',(0.,1.,0.));
#6172=DIRECTION('ref_axis',(1.,0.,0.));
#6173=DIRECTION('center_axis',(0.,-1.,0.));
#6174=DIRECTION('ref_axis',(1.,0.,-2.22044604925031E-16));
#6175=DIRECTION('center_axis',(0.,1.,0.));
#6176=DIRECTION('ref_axis',(1.,0.,0.));
#6177=DIRECTION('',(0.833333333333333,0.,0.552770798392568));
#6178=DIRECTION('',(0.833333333333334,0.,-0.552770798392566));
#6179=DIRECTION('center_axis',(0.552770798392568,0.,-0.833333333333333));
#6180=DIRECTION('ref_axis',(-0.833333333333333,0.,-0.552770798392568));
#6181=DIRECTION('',(0.,1.,0.));
#6182=DIRECTION('',(-0.833333333333333,0.,-0.552770798392568));
#6183=DIRECTION('',(0.,1.,0.));
#6184=DIRECTION('center_axis',(0.,1.,0.));
#6185=DIRECTION('ref_axis',(3.39190141383284E-15,0.,-1.));
#6186=DIRECTION('',(0.,1.,0.));
#6187=DIRECTION('center_axis',(0.,-1.,0.));
#6188=DIRECTION('ref_axis',(1.,0.,0.));
#6189=DIRECTION('center_axis',(-0.552770798392566,0.,-0.833333333333334));
#6190=DIRECTION('ref_axis',(-0.833333333333334,0.,0.552770798392566));
#6191=DIRECTION('',(-0.833333333333334,0.,0.552770798392566));
#6192=DIRECTION('center_axis',(0.,1.,0.));
#6193=DIRECTION('ref_axis',(1.,0.,0.));
#6194=DIRECTION('',(0.,-1.,0.));
#6195=DIRECTION('center_axis',(0.,-1.,0.));
#6196=DIRECTION('ref_axis',(1.,0.,0.));
#6197=DIRECTION('center_axis',(0.,1.,0.));
#6198=DIRECTION('ref_axis',(1.,0.,-2.22044604925031E-16));
#6199=DIRECTION('',(0.707106781186547,-0.707106781186549,-2.43604851491926E-16));
#6200=DIRECTION('center_axis',(6.81575822110954E-79,-1.,-1.5134023414708E-94));
#6201=DIRECTION('ref_axis',(1.,6.81575822110954E-79,-2.22044604925031E-16));
#6202=DIRECTION('center_axis',(0.,-1.,0.));
#6203=DIRECTION('ref_axis',(1.,0.,-2.22044604925031E-16));
#6204=DIRECTION('center_axis',(0.,1.,0.));
#6205=DIRECTION('ref_axis',(-1.,0.,2.22044604925031E-16));
#6206=DIRECTION('center_axis',(0.,1.,0.));
#6207=DIRECTION('ref_axis',(-1.,0.,2.22044604925031E-16));
#6208=DIRECTION('center_axis',(0.,-1.,0.));
#6209=DIRECTION('ref_axis',(-1.,0.,2.22044604925031E-16));
#6210=DIRECTION('',(-0.707106781186548,0.707106781186547,7.0413640244828E-17));
#6211=DIRECTION('center_axis',(1.,0.,-2.22044604925031E-16));
#6212=DIRECTION('ref_axis',(-2.22044604925031E-16,0.,-1.));
#6213=DIRECTION('center_axis',(0.707106781186546,-7.07106781186549E-18,
0.707106781186549));
#6214=DIRECTION('ref_axis',(0.707106781186549,0.,-0.707106781186546));
#6215=DIRECTION('',(-0.707106781186549,0.,0.707106781186546));
#6216=DIRECTION('',(0.,1.,1.E-17));
#6217=DIRECTION('',(0.707106781186549,0.,-0.707106781186546));
#6218=DIRECTION('center_axis',(-1.,0.,0.));
#6219=DIRECTION('ref_axis',(0.,1.,0.));
#6220=DIRECTION('',(0.,0.,-1.));
#6221=DIRECTION('',(0.,1.,0.));
#6222=DIRECTION('',(0.,0.,-1.));
#6223=DIRECTION('center_axis',(-0.707106781186545,-7.0710678118655E-18,
0.70710678118655));
#6224=DIRECTION('ref_axis',(0.70710678118655,0.,0.707106781186545));
#6225=DIRECTION('',(0.70710678118655,0.,0.707106781186545));
#6226=DIRECTION('',(0.,-1.,-1.E-17));
#6227=DIRECTION('',(-0.70710678118655,0.,-0.707106781186545));
#6228=DIRECTION('center_axis',(1.,0.,0.));
#6229=DIRECTION('ref_axis',(0.,-1.,0.));
#6230=DIRECTION('',(0.,0.,-1.));
#6231=DIRECTION('',(0.,-1.,0.));
#6232=DIRECTION('',(0.,0.,-1.));
#6233=DIRECTION('center_axis',(1.,0.,-2.08876998913524E-18));
#6234=DIRECTION('ref_axis',(-1.36832100389951E-18,0.755555555555555,-0.655084576577053));
#6235=DIRECTION('center_axis',(-1.,-2.4E-16,1.7E-16));
#6236=DIRECTION('ref_axis',(-2.92697711351432E-16,0.755555555555555,-0.655084576577053));
#6237=DIRECTION('',(1.,0.,-2.08876998913522E-18));
#6238=DIRECTION('center_axis',(-1.,-2.46716227694479E-16,9.20620227838819E-17));
#6239=DIRECTION('ref_axis',(-2.46716227694479E-16,1.,0.));
#6240=DIRECTION('center_axis',(2.08876998913524E-18,0.,1.));
#6241=DIRECTION('ref_axis',(0.364380896178711,0.93125,-7.61107880552295E-19));
#6242=DIRECTION('',(2.08876998913522E-18,0.,1.));
#6243=DIRECTION('center_axis',(0.,1.,0.));
#6244=DIRECTION('ref_axis',(1.,0.,0.));
#6245=DIRECTION('',(-1.7E-16,0.,-1.));
#6246=DIRECTION('',(0.707106781186548,0.,-0.707106781186548));
#6247=DIRECTION('center_axis',(2.2E-16,-1.,0.));
#6248=DIRECTION('ref_axis',(0.287217329907869,6.31878125797312E-17,-0.957865442220667));
#6249=DIRECTION('center_axis',(-2.2E-16,1.,0.));
#6250=DIRECTION('ref_axis',(0.,0.,-1.));
#6251=DIRECTION('center_axis',(-2.2E-16,1.,0.));
#6252=DIRECTION('ref_axis',(0.,0.,-1.));
#6253=DIRECTION('center_axis',(1.,2.4E-16,-1.7E-16));
#6254=DIRECTION('ref_axis',(2.4E-16,-1.,0.));
#6255=DIRECTION('',(-2.2E-16,1.,0.));
#6256=DIRECTION('',(-2.2E-16,1.,0.));
#6257=DIRECTION('center_axis',(0.707106781186548,1.69999999999891E-16,0.707106781186548));
#6258=DIRECTION('ref_axis',(-0.707106781186548,0.,0.707106781186548));
#6259=DIRECTION('center_axis',(0.,1.,0.));
#6260=DIRECTION('ref_axis',(1.,0.,0.));
#6261=DIRECTION('',(1.,0.,0.));
#6262=DIRECTION('center_axis',(0.,-1.,0.));
#6263=DIRECTION('ref_axis',(-1.,0.,0.));
#6264=DIRECTION('',(-1.,0.,0.));
#6265=DIRECTION('center_axis',(0.,0.,-1.));
#6266=DIRECTION('ref_axis',(-1.,0.,0.));
#6267=DIRECTION('center_axis',(2.2E-16,-1.,0.));
#6268=DIRECTION('ref_axis',(0.,0.,1.));
#6269=DIRECTION('',(-2.2E-16,1.,0.));
#6270=DIRECTION('center_axis',(-0.707106781186548,-1.19999999999923E-16,
0.707106781186548));
#6271=DIRECTION('ref_axis',(-1.99852813742336E-16,1.,-3.01471862576736E-17));
#6272=DIRECTION('center_axis',(0.,0.,-1.));
#6273=DIRECTION('ref_axis',(-0.707106781186547,-0.707106781186547,0.));
#6274=DIRECTION('',(0.49999999999984,0.49999999999984,0.707106781186774));
#6275=DIRECTION('center_axis',(0.49999999999984,0.49999999999984,-0.707106781186774));
#6276=DIRECTION('ref_axis',(-0.707106781186547,0.707106781186548,3.33066907387547E-16));
#6277=DIRECTION('',(0.49999999999984,0.49999999999984,0.707106781186774));
#6278=DIRECTION('center_axis',(0.,0.,-1.));
#6279=DIRECTION('ref_axis',(-1.,0.,0.));
#6280=DIRECTION('',(0.49999999999984,-0.49999999999984,0.707106781186774));
#6281=DIRECTION('center_axis',(0.,0.,-1.));
#6282=DIRECTION('ref_axis',(0.,-1.,0.));
#6283=DIRECTION('',(0.,0.707106781186548,0.707106781186548));
#6284=DIRECTION('center_axis',(0.49999999999984,-0.49999999999984,-0.707106781186774));
#6285=DIRECTION('ref_axis',(0.707106781186548,0.707106781186548,0.));
#6286=DIRECTION('',(0.49999999999984,-0.49999999999984,0.707106781186774));
#6287=DIRECTION('center_axis',(0.,-0.707106781186548,0.707106781186548));
#6288=DIRECTION('ref_axis',(1.,0.,0.));
#6289=DIRECTION('',(-2.19999999999859E-16,0.707106781186548,0.707106781186548));
#6290=DIRECTION('center_axis',(0.,0.,-1.));
#6291=DIRECTION('ref_axis',(-0.707106781186547,0.707106781186547,0.));
#6292=DIRECTION('',(5.99999999999616E-17,-0.707106781186548,0.707106781186548));
#6293=DIRECTION('center_axis',(0.,0.,-1.));
#6294=DIRECTION('ref_axis',(0.707106781186547,-0.707106781186547,0.));
#6295=DIRECTION('',(-0.49999999999984,0.49999999999984,0.707106781186774));
#6296=DIRECTION('center_axis',(0.,0.707106781186548,0.707106781186548));
#6297=DIRECTION('ref_axis',(-1.,0.,0.));
#6298=DIRECTION('',(0.,-0.707106781186548,0.707106781186548));
#6299=DIRECTION('center_axis',(-0.49999999999984,0.49999999999984,-0.707106781186774));
#6300=DIRECTION('ref_axis',(-0.707106781186548,-0.707106781186548,0.));
#6301=DIRECTION('',(-0.49999999999984,0.49999999999984,0.707106781186774));
#6302=DIRECTION('center_axis',(0.,0.,-1.));
#6303=DIRECTION('ref_axis',(0.,1.,0.));
#6304=DIRECTION('',(-0.49999999999984,-0.49999999999984,0.707106781186774));
#6305=DIRECTION('center_axis',(0.,0.,-1.));
#6306=DIRECTION('ref_axis',(1.,0.,0.));
#6307=DIRECTION('',(-0.707106781186548,0.,0.707106781186548));
#6308=DIRECTION('center_axis',(0.,0.,-1.));
#6309=DIRECTION('ref_axis',(1.,0.,0.));
#6310=DIRECTION('center_axis',(-0.49999999999984,-0.49999999999984,-0.707106781186774));
#6311=DIRECTION('ref_axis',(0.707106781186548,-0.707106781186548,0.));
#6312=DIRECTION('',(-0.49999999999984,-0.49999999999984,0.707106781186774));
#6313=DIRECTION('center_axis',(0.707106781186548,0.,0.707106781186548));
#6314=DIRECTION('ref_axis',(0.,1.,0.));
#6315=DIRECTION('',(-0.707106781186548,-5.99999999999616E-17,0.707106781186548));
#6316=DIRECTION('center_axis',(0.,0.,-1.));
#6317=DIRECTION('ref_axis',(0.707106781186547,0.707106781186547,0.));
#6318=DIRECTION('center_axis',(0.,0.,1.));
#6319=DIRECTION('ref_axis',(0.,1.,0.));
#6320=DIRECTION('center_axis',(0.,0.,1.));
#6321=DIRECTION('ref_axis',(0.,1.,0.));
#6322=DIRECTION('center_axis',(0.707106781186548,0.,-0.707106781186548));
#6323=DIRECTION('ref_axis',(0.,-1.,0.));
#6324=DIRECTION('',(-0.577350269189626,0.577350269189626,-0.577350269189626));
#6325=DIRECTION('',(0.,1.,0.));
#6326=DIRECTION('center_axis',(0.,-0.707106781186548,-0.707106781186548));
#6327=DIRECTION('ref_axis',(-1.,0.,0.));
#6328=DIRECTION('',(0.577350269189626,0.577350269189626,-0.577350269189626));
#6329=DIRECTION('',(1.,0.,0.));
#6330=DIRECTION('center_axis',(-0.707106781186548,0.,-0.707106781186548));
#6331=DIRECTION('ref_axis',(0.,1.,0.));
#6332=DIRECTION('',(0.,-1.,0.));
#6333=DIRECTION('center_axis',(0.,0.,1.));
#6334=DIRECTION('ref_axis',(9.80426510669023E-13,-1.,0.));
#6335=DIRECTION('center_axis',(0.,0.,1.));
#6336=DIRECTION('ref_axis',(0.,1.,0.));
#6337=DIRECTION('center_axis',(0.,0.,1.));
#6338=DIRECTION('ref_axis',(0.,1.,0.));
#6339=DIRECTION('center_axis',(0.707106781186548,0.,0.707106781186548));
#6340=DIRECTION('ref_axis',(0.,-1.,0.));
#6341=DIRECTION('',(0.,1.,0.));
#6342=DIRECTION('',(0.577350269189626,-0.577350269189626,-0.577350269189626));
#6343=DIRECTION('center_axis',(0.,-0.707106781186548,0.707106781186548));
#6344=DIRECTION('ref_axis',(-1.,0.,0.));
#6345=DIRECTION('',(1.,0.,0.));
#6346=DIRECTION('',(-0.577350269189626,-0.577350269189626,-0.577350269189626));
#6347=DIRECTION('center_axis',(-0.707106781186548,0.,0.707106781186548));
#6348=DIRECTION('ref_axis',(0.,1.,0.));
#6349=DIRECTION('',(0.,-1.,0.));
#6350=DIRECTION('center_axis',(-0.707106781186548,0.,0.707106781186548));
#6351=DIRECTION('ref_axis',(0.,1.,0.));
#6352=DIRECTION('',(-0.577350269189626,-0.577350269189626,-0.577350269189626));
#6353=DIRECTION('',(0.,-1.,0.));
#6354=DIRECTION('',(-0.577350269189626,0.577350269189626,-0.577350269189626));
#6355=DIRECTION('center_axis',(0.,0.707106781186548,0.707106781186548));
#6356=DIRECTION('ref_axis',(1.,0.,0.));
#6357=DIRECTION('',(-1.,0.,0.));
#6358=DIRECTION('',(0.577350269189626,0.577350269189626,-0.577350269189626));
#6359=DIRECTION('center_axis',(0.707106781186548,0.,0.707106781186548));
#6360=DIRECTION('ref_axis',(0.,-1.,0.));
#6361=DIRECTION('',(0.,1.,0.));
#6362=DIRECTION('',(0.577350269189626,-0.577350269189626,-0.577350269189626));
#6363=DIRECTION('center_axis',(0.,-0.707106781186548,0.707106781186548));
#6364=DIRECTION('ref_axis',(-1.,0.,0.));
#6365=DIRECTION('',(1.,0.,0.));
#6366=DIRECTION('center_axis',(-0.707106781186548,0.,0.707106781186548));
#6367=DIRECTION('ref_axis',(0.,1.,0.));
#6368=DIRECTION('',(-0.577350269189626,-0.577350269189626,-0.577350269189626));
#6369=DIRECTION('',(0.,-1.,0.));
#6370=DIRECTION('',(-0.577350269189626,0.577350269189626,-0.577350269189626));
#6371=DIRECTION('center_axis',(0.,0.707106781186548,0.707106781186548));
#6372=DIRECTION('ref_axis',(1.,0.,0.));
#6373=DIRECTION('',(-1.,0.,0.));
#6374=DIRECTION('',(0.577350269189626,0.577350269189626,-0.577350269189626));
#6375=DIRECTION('center_axis',(0.707106781186548,0.,0.707106781186548));
#6376=DIRECTION('ref_axis',(0.,-1.,0.));
#6377=DIRECTION('',(0.,1.,0.));
#6378=DIRECTION('',(0.577350269189626,-0.577350269189626,-0.577350269189626));
#6379=DIRECTION('center_axis',(0.,-0.707106781186548,0.707106781186548));
#6380=DIRECTION('ref_axis',(-1.,0.,0.));
#6381=DIRECTION('',(1.,0.,0.));
#6382=DIRECTION('center_axis',(0.,0.,1.));
#6383=DIRECTION('ref_axis',(-1.,-2.2E-16,0.));
#6384=DIRECTION('center_axis',(-2.2E-16,1.,0.));
#6385=DIRECTION('ref_axis',(0.,0.,1.));
#6386=DIRECTION('',(2.2E-16,-1.,0.));
#6387=DIRECTION('center_axis',(0.,-1.,0.));
#6388=DIRECTION('ref_axis',(6.E-17,0.,1.));
#6389=DIRECTION('center_axis',(-1.,0.,0.));
#6390=DIRECTION('ref_axis',(0.,-1.,0.));
#6391=DIRECTION('center_axis',(0.,0.,-1.));
#6392=DIRECTION('ref_axis',(1.,0.,0.));
#6393=DIRECTION('center_axis',(0.,0.,1.));
#6394=DIRECTION('ref_axis',(0.,1.,0.));
#6395=DIRECTION('center_axis',(0.,0.,1.));
#6396=DIRECTION('ref_axis',(0.,1.,0.));
#6397=DIRECTION('',(0.,0.,1.));
#6398=DIRECTION('center_axis',(0.,0.,1.));
#6399=DIRECTION('ref_axis',(-0.0613496932515405,-0.998116333469171,0.));
#6400=DIRECTION('',(0.,0.,1.));
#6401=DIRECTION('',(0.589633505898492,0.0949962011314054,0.802064866761071));
#6402=DIRECTION('',(-0.589633505895685,0.0949962011322066,0.80206486676304));
#6403=DIRECTION('',(0.,0.,1.));
#6404=DIRECTION('center_axis',(0.,0.,1.));
#6405=DIRECTION('ref_axis',(-0.0613496932515405,-0.998116333469171,0.));
#6406=DIRECTION('center_axis',(0.745071493289538,0.666984609932866,-5.34396408037674E-9));
#6407=DIRECTION('ref_axis',(-0.178812009927094,0.19974632715971,-0.963393829070977));
#6408=DIRECTION('center_axis',(0.745071494704336,-0.666984608352431,-2.30831502957919E-9));
#6409=DIRECTION('ref_axis',(0.178812004009875,0.199746332455298,-0.963393829071284));
#6410=DIRECTION('center_axis',(1.,0.,0.));
#6411=DIRECTION('ref_axis',(0.,1.,0.));
#6412=DIRECTION('',(0.,-0.57988865204314,0.814695741508197));
#6413=DIRECTION('',(0.,0.,-1.));
#6414=DIRECTION('',(0.,0.,1.));
#6415=DIRECTION('center_axis',(1.,0.,0.));
#6416=DIRECTION('ref_axis',(0.,0.,1.));
#6417=DIRECTION('center_axis',(0.,-1.,0.));
#6418=DIRECTION('ref_axis',(1.,0.,0.));
#6419=DIRECTION('',(1.,0.,0.));
#6420=DIRECTION('',(0.,0.,-1.));
#6421=DIRECTION('center_axis',(-1.,0.,0.));
#6422=DIRECTION('ref_axis',(0.,-1.,0.));
#6423=DIRECTION('',(0.,-0.57988865204314,0.814695741508197));
#6424=DIRECTION('',(0.,0.,1.));
#6425=DIRECTION('center_axis',(1.,0.,0.));
#6426=DIRECTION('ref_axis',(0.,0.,1.));
#6427=DIRECTION('center_axis',(0.,0.,1.));
#6428=DIRECTION('ref_axis',(0.,1.,0.));
#6429=DIRECTION('center_axis',(0.,0.,1.));
#6430=DIRECTION('ref_axis',(0.,1.,0.));
#6431=DIRECTION('',(0.,0.,1.));
#6432=DIRECTION('',(0.589633505872745,-0.0949962015397289,0.802064866731637));
#6433=DIRECTION('',(0.,0.,1.));
#6434=DIRECTION('center_axis',(0.,0.,1.));
#6435=DIRECTION('ref_axis',(0.,1.,0.));
#6436=DIRECTION('',(0.,0.,1.));
#6437=DIRECTION('',(-0.589633505874203,-0.094996201537979,0.802064866730772));
#6438=DIRECTION('center_axis',(-0.745071493818876,0.666984609341557,2.45577008881695E-9));
#6439=DIRECTION('ref_axis',(-0.178812007697221,-0.199746329159482,-0.963393829070231));
#6440=DIRECTION('center_axis',(-0.745071495309081,-0.666984607676886,5.60675618215593E-9));
#6441=DIRECTION('ref_axis',(0.178812001462236,-0.199746334738106,-0.963393829070833));
#6442=DIRECTION('center_axis',(1.,0.,0.));
#6443=DIRECTION('ref_axis',(0.,1.,0.));
#6444=DIRECTION('',(0.,0.,-1.));
#6445=DIRECTION('',(0.,0.,1.));
#6446=DIRECTION('',(0.,0.57988865204314,0.814695741508197));
#6447=DIRECTION('center_axis',(1.,0.,0.));
#6448=DIRECTION('ref_axis',(0.,0.,1.));
#6449=DIRECTION('center_axis',(0.,-1.,0.));
#6450=DIRECTION('ref_axis',(1.,0.,0.));
#6451=DIRECTION('',(1.,0.,0.));
#6452=DIRECTION('',(0.,0.,-1.));
#6453=DIRECTION('center_axis',(-1.,0.,0.));
#6454=DIRECTION('ref_axis',(0.,-1.,0.));
#6455=DIRECTION('',(0.,0.57988865204314,0.814695741508197));
#6456=DIRECTION('',(0.,0.,1.));
#6457=DIRECTION('center_axis',(1.,0.,0.));
#6458=DIRECTION('ref_axis',(0.,0.,1.));
#6459=DIRECTION('center_axis',(-1.,0.,0.));
#6460=DIRECTION('ref_axis',(0.,-1.,0.));
#6461=DIRECTION('',(0.,0.,-1.));
#6462=DIRECTION('',(0.,-1.,0.));
#6463=DIRECTION('',(0.,0.,-1.));
#6464=DIRECTION('center_axis',(1.,0.,0.));
#6465=DIRECTION('ref_axis',(0.,0.,1.));
#6466=DIRECTION('center_axis',(0.,1.,0.));
#6467=DIRECTION('ref_axis',(-1.,0.,0.));
#6468=DIRECTION('',(-1.,0.,0.));
#6469=DIRECTION('',(0.,0.,-1.));
#6470=DIRECTION('center_axis',(1.,0.,0.));
#6471=DIRECTION('ref_axis',(0.,1.,0.));
#6472=DIRECTION('',(0.,1.,0.));
#6473=DIRECTION('',(0.,0.,-1.));
#6474=DIRECTION('center_axis',(1.,0.,0.));
#6475=DIRECTION('ref_axis',(0.,0.,1.));
#6476=DIRECTION('center_axis',(0.,-1.,0.));
#6477=DIRECTION('ref_axis',(1.,0.,0.));
#6478=DIRECTION('',(1.,0.,0.));
#6479=DIRECTION('center_axis',(-1.,0.,0.));
#6480=DIRECTION('ref_axis',(0.,-1.,0.));
#6481=DIRECTION('',(0.,0.,-1.));
#6482=DIRECTION('',(0.,-1.,0.));
#6483=DIRECTION('',(0.,0.,-1.));
#6484=DIRECTION('center_axis',(1.,0.,0.));
#6485=DIRECTION('ref_axis',(0.,0.,1.));
#6486=DIRECTION('center_axis',(0.,1.,0.));
#6487=DIRECTION('ref_axis',(-1.,0.,0.));
#6488=DIRECTION('',(-1.,0.,0.));
#6489=DIRECTION('',(0.,0.,-1.));
#6490=DIRECTION('center_axis',(1.,0.,0.));
#6491=DIRECTION('ref_axis',(0.,1.,0.));
#6492=DIRECTION('',(0.,1.,0.));
#6493=DIRECTION('',(0.,0.,-1.));
#6494=DIRECTION('center_axis',(1.,0.,0.));
#6495=DIRECTION('ref_axis',(0.,0.,1.));
#6496=DIRECTION('center_axis',(0.,-1.,0.));
#6497=DIRECTION('ref_axis',(1.,0.,0.));
#6498=DIRECTION('',(1.,0.,0.));
#6499=DIRECTION('center_axis',(1.,0.,0.));
#6500=DIRECTION('ref_axis',(0.,0.,1.));
#6501=DIRECTION('center_axis',(1.,0.,0.));
#6502=DIRECTION('ref_axis',(0.,0.,1.));
#6503=DIRECTION('',(0.707106781186865,8.65956056235105E-17,-0.70710678118623));
#6504=DIRECTION('center_axis',(1.,0.,0.));
#6505=DIRECTION('ref_axis',(0.,0.,1.));
#6506=DIRECTION('center_axis',(1.,0.,0.));
#6507=DIRECTION('ref_axis',(0.,0.,1.));
#6508=DIRECTION('',(0.707106781186865,8.65956056235105E-17,-0.70710678118623));
#6509=DIRECTION('center_axis',(2.2E-16,-1.,0.));
#6510=DIRECTION('ref_axis',(0.,0.,-1.));
#6511=DIRECTION('',(-6.89678862375997E-17,0.707106781186865,-0.70710678118623));
#6512=DIRECTION('center_axis',(-2.2E-16,1.,0.));
#6513=DIRECTION('ref_axis',(0.,0.,-1.));
#6514=DIRECTION('center_axis',(0.,1.,0.));
#6515=DIRECTION('ref_axis',(0.,0.,-1.));
#6516=DIRECTION('center_axis',(0.,1.,0.));
#6517=DIRECTION('ref_axis',(0.,0.,-1.));
#6518=DIRECTION('',(8.65956056235105E-17,0.707106781186865,0.70710678118623));
#6519=DIRECTION('center_axis',(0.,1.,0.));
#6520=DIRECTION('ref_axis',(6.E-17,0.,1.));
#6521=DIRECTION('',(1.29022012494684E-16,-0.707106781186865,0.70710678118623));
#6522=DIRECTION('center_axis',(0.,-1.,0.));
#6523=DIRECTION('ref_axis',(6.E-17,0.,1.));
#6524=DIRECTION('center_axis',(-0.707106781186548,-0.707106781186548,0.));
#6525=DIRECTION('ref_axis',(0.,0.,1.));
#6526=DIRECTION('',(-0.577350269189626,0.577350269189626,-0.577350269189626));
#6527=DIRECTION('',(0.,0.,-1.));
#6528=DIRECTION('',(-0.577350269189626,0.577350269189626,0.577350269189626));
#6529=DIRECTION('center_axis',(0.,-0.707106781186548,-0.707106781186548));
#6530=DIRECTION('ref_axis',(-1.,1.1E-16,-1.1E-16));
#6531=DIRECTION('',(0.577350269189626,0.577350269189626,-0.577350269189626));
#6532=DIRECTION('',(1.,-2.2E-16,0.));
#6533=DIRECTION('center_axis',(-9.9999999999936E-18,-0.707106781186548,
0.707106781186548));
#6534=DIRECTION('ref_axis',(1.,-1.22071067811861E-16,-1.07928932188139E-16));
#6535=DIRECTION('',(-1.,2.2E-16,0.));
#6536=DIRECTION('',(0.577350269189626,0.577350269189626,0.577350269189626));
#6537=DIRECTION('center_axis',(0.707106781186548,-0.707106781186548,0.));
#6538=DIRECTION('ref_axis',(0.,0.,-1.));
#6539=DIRECTION('',(0.,0.,1.));
#6540=DIRECTION('center_axis',(9.9999999999936E-18,-0.707106781186548,-0.707106781186548));
#6541=DIRECTION('ref_axis',(1.,3.42071067811861E-16,-3.27928932188139E-16));
#6542=DIRECTION('',(-0.577350269189626,-0.577350269189626,0.577350269189626));
#6543=DIRECTION('',(0.577350269189626,-0.577350269189626,0.577350269189626));
#6544=DIRECTION('',(-1.,-6.7E-16,0.));
#6545=DIRECTION('center_axis',(0.707106781186548,-0.707106781186548,0.));
#6546=DIRECTION('ref_axis',(0.,0.,1.));
#6547=DIRECTION('',(-0.577350269189626,-0.577350269189626,-0.577350269189626));
#6548=DIRECTION('',(0.,0.,-1.));
#6549=DIRECTION('center_axis',(-0.707106781186548,-0.707106781186548,0.));
#6550=DIRECTION('ref_axis',(0.,0.,-1.));
#6551=DIRECTION('',(0.577350269189626,-0.577350269189626,-0.577350269189626));
#6552=DIRECTION('',(0.,0.,1.));
#6553=DIRECTION('center_axis',(0.,-0.707106781186548,0.707106781186548));
#6554=DIRECTION('ref_axis',(-1.,-3.3E-16,-3.3E-16));
#6555=DIRECTION('',(1.,6.7E-16,0.));
#6556=DIRECTION('center_axis',(-0.745071494273132,-0.666984608834118,0.));
#6557=DIRECTION('ref_axis',(0.,0.,1.));
#6558=DIRECTION('center_axis',(0.,0.,-1.));
#6559=DIRECTION('ref_axis',(0.,1.,0.));
#6560=DIRECTION('',(-8.65956056235105E-17,-0.70710678118623,-0.707106781186865));
#6561=DIRECTION('center_axis',(0.,0.,1.));
#6562=DIRECTION('ref_axis',(0.,1.,0.));
#6563=DIRECTION('center_axis',(0.,0.,1.));
#6564=DIRECTION('ref_axis',(-0.0613496932515405,-0.998116333469171,0.));
#6565=DIRECTION('center_axis',(0.,0.,1.));
#6566=DIRECTION('ref_axis',(-0.0613496932515405,-0.998116333469171,0.));
#6567=DIRECTION('center_axis',(-0.745071494273132,0.666984608834118,0.));
#6568=DIRECTION('ref_axis',(0.,0.,1.));
#6569=DIRECTION('center_axis',(0.,-0.814695741508197,-0.57988865204314));
#6570=DIRECTION('ref_axis',(0.,-0.57988865204314,0.814695741508197));
#6571=DIRECTION('',(1.,0.,0.));
#6572=DIRECTION('center_axis',(1.,0.,0.));
#6573=DIRECTION('ref_axis',(0.,0.,1.));
#6574=DIRECTION('',(1.,0.,0.));
#6575=DIRECTION('center_axis',(1.,0.,0.));
#6576=DIRECTION('ref_axis',(0.,0.,1.));
#6577=DIRECTION('center_axis',(1.,0.,0.));
#6578=DIRECTION('ref_axis',(0.,0.,1.));
#6579=DIRECTION('',(1.,0.,0.));
#6580=DIRECTION('center_axis',(0.745071494273132,-0.666984608834118,0.));
#6581=DIRECTION('ref_axis',(0.,0.,1.));
#6582=DIRECTION('center_axis',(0.745071494273132,0.666984608834118,0.));
#6583=DIRECTION('ref_axis',(0.,0.,1.));
#6584=DIRECTION('center_axis',(0.,0.,1.));
#6585=DIRECTION('ref_axis',(0.,1.,0.));
#6586=DIRECTION('center_axis',(0.,0.,1.));
#6587=DIRECTION('ref_axis',(0.,1.,0.));
#6588=DIRECTION('center_axis',(0.,0.,-1.));
#6589=DIRECTION('ref_axis',(0.,1.,0.));
#6590=DIRECTION('',(-8.65956056235105E-17,-0.70710678118623,-0.707106781186865));
#6591=DIRECTION('center_axis',(0.,0.,1.));
#6592=DIRECTION('ref_axis',(0.,1.,0.));
#6593=DIRECTION('center_axis',(0.,-0.814695741508197,0.57988865204314));
#6594=DIRECTION('ref_axis',(0.,0.57988865204314,0.814695741508197));
#6595=DIRECTION('',(1.,0.,0.));
#6596=DIRECTION('center_axis',(1.,0.,0.));
#6597=DIRECTION('ref_axis',(0.,0.,1.));
#6598=DIRECTION('',(1.,0.,0.));
#6599=DIRECTION('center_axis',(1.,0.,0.));
#6600=DIRECTION('ref_axis',(0.,0.,1.));
#6601=DIRECTION('',(1.,0.,0.));
#6602=DIRECTION('center_axis',(1.,0.,0.));
#6603=DIRECTION('ref_axis',(0.,0.,1.));
#6604=DIRECTION('center_axis',(0.,0.,-1.));
#6605=DIRECTION('ref_axis',(1.,0.,0.));
#6606=DIRECTION('center_axis',(1.,0.,0.));
#6607=DIRECTION('ref_axis',(0.,0.,1.));
#6608=DIRECTION('center_axis',(1.,0.,0.));
#6609=DIRECTION('ref_axis',(0.,0.,1.));
#6610=DIRECTION('',(1.,0.,0.));
#6611=DIRECTION('center_axis',(0.,0.,-1.));
#6612=DIRECTION('ref_axis',(1.,0.,0.));
#6613=DIRECTION('center_axis',(1.,0.,0.));
#6614=DIRECTION('ref_axis',(0.,0.,1.));
#6615=DIRECTION('center_axis',(1.,0.,0.));
#6616=DIRECTION('ref_axis',(0.,0.,1.));
#6617=DIRECTION('',(1.,0.,0.));
#6618=DIRECTION('center_axis',(1.,0.,0.));
#6619=DIRECTION('ref_axis',(0.,0.,1.));
#6620=DIRECTION('center_axis',(1.,0.,0.));
#6621=DIRECTION('ref_axis',(0.,0.,1.));
#6622=DIRECTION('',(1.,0.,0.));
#6623=DIRECTION('center_axis',(1.,0.,0.));
#6624=DIRECTION('ref_axis',(0.,0.,1.));
#6625=DIRECTION('center_axis',(1.,0.,0.));
#6626=DIRECTION('ref_axis',(0.,0.,1.));
#6627=DIRECTION('',(1.,0.,0.));
#6628=DIRECTION('center_axis',(-2.2E-16,1.,0.));
#6629=DIRECTION('ref_axis',(-1.,-2.2E-16,0.));
#6630=DIRECTION('center_axis',(-2.2E-16,1.,0.));
#6631=DIRECTION('ref_axis',(0.,0.,-1.));
#6632=DIRECTION('center_axis',(2.2E-16,1.,0.));
#6633=DIRECTION('ref_axis',(0.,0.,-1.));
#6634=DIRECTION('center_axis',(0.,1.,0.));
#6635=DIRECTION('ref_axis',(0.,0.,-1.));
#6636=DIRECTION('',(2.2E-16,1.,0.));
#6637=DIRECTION('center_axis',(0.,0.,-1.));
#6638=DIRECTION('ref_axis',(0.,-1.,0.));
#6639=DIRECTION('center_axis',(0.,0.,-1.));
#6640=DIRECTION('ref_axis',(0.,-1.,0.));
#6641=DIRECTION('',(8.65956056235105E-17,0.70710678118623,-0.707106781186865));
#6642=DIRECTION('center_axis',(0.,0.,-1.));
#6643=DIRECTION('ref_axis',(0.,-1.,0.));
#6644=DIRECTION('center_axis',(0.,0.,-1.));
#6645=DIRECTION('ref_axis',(0.,-1.,0.));
#6646=DIRECTION('',(8.65956056235105E-17,0.70710678118623,-0.707106781186865));
#6647=DIRECTION('center_axis',(0.,0.,-1.));
#6648=DIRECTION('ref_axis',(0.,-1.,0.));
#6649=DIRECTION('center_axis',(0.,0.,-1.));
#6650=DIRECTION('ref_axis',(0.,-1.,0.));
#6651=DIRECTION('',(8.65956056235105E-17,0.70710678118623,-0.707106781186865));
#6652=DIRECTION('center_axis',(0.,0.,-1.));
#6653=DIRECTION('ref_axis',(0.,-1.,0.));
#6654=DIRECTION('center_axis',(0.,0.,-1.));
#6655=DIRECTION('ref_axis',(0.,-1.,0.));
#6656=DIRECTION('',(8.65956056235105E-17,0.70710678118623,-0.707106781186865));
#6657=DIRECTION('center_axis',(0.,0.,-1.));
#6658=DIRECTION('ref_axis',(0.,-1.,0.));
#6659=DIRECTION('center_axis',(0.,0.,-1.));
#6660=DIRECTION('ref_axis',(0.,-1.,0.));
#6661=DIRECTION('',(8.65956056235105E-17,0.70710678118623,-0.707106781186865));
#6662=DIRECTION('center_axis',(0.,0.,-1.));
#6663=DIRECTION('ref_axis',(0.,-1.,0.));
#6664=DIRECTION('center_axis',(0.,0.,-1.));
#6665=DIRECTION('ref_axis',(0.,-1.,0.));
#6666=DIRECTION('',(8.65956056235105E-17,0.70710678118623,-0.707106781186865));
#6667=DIRECTION('center_axis',(0.,0.,-1.));
#6668=DIRECTION('ref_axis',(0.,-1.,0.));
#6669=DIRECTION('center_axis',(0.,0.,-1.));
#6670=DIRECTION('ref_axis',(0.,-1.,0.));
#6671=DIRECTION('',(8.65956056235105E-17,0.70710678118623,-0.707106781186865));
#6672=DIRECTION('center_axis',(0.,0.,-1.));
#6673=DIRECTION('ref_axis',(0.,-1.,0.));
#6674=DIRECTION('center_axis',(0.,0.,-1.));
#6675=DIRECTION('ref_axis',(0.,-1.,0.));
#6676=DIRECTION('',(8.65956056235105E-17,0.70710678118623,-0.707106781186865));
#6677=DIRECTION('center_axis',(0.,-1.,0.));
#6678=DIRECTION('ref_axis',(1.,0.,0.));
#6679=DIRECTION('center_axis',(2.2E-16,-1.,0.));
#6680=DIRECTION('ref_axis',(0.,0.,1.));
#6681=DIRECTION('center_axis',(-1.,2.2E-16,0.));
#6682=DIRECTION('ref_axis',(0.,0.,-1.));
#6683=DIRECTION('',(2.2E-16,1.,0.));
#6684=DIRECTION('',(2.2E-16,1.,0.));
#6685=DIRECTION('',(0.,0.,-1.));
#6686=DIRECTION('center_axis',(0.,0.,-1.));
#6687=DIRECTION('ref_axis',(1.,-2.2E-16,0.));
#6688=DIRECTION('',(2.2E-16,1.,0.));
#6689=DIRECTION('center_axis',(0.,0.,-1.));
#6690=DIRECTION('ref_axis',(0.,1.,0.));
#6691=DIRECTION('center_axis',(0.,0.,-1.));
#6692=DIRECTION('ref_axis',(0.,1.,0.));
#6693=DIRECTION('center_axis',(0.,0.,1.));
#6694=DIRECTION('ref_axis',(-1.,0.,0.));
#6695=DIRECTION('',(2.2E-16,1.,0.));
#6696=DIRECTION('center_axis',(0.,0.,1.));
#6697=DIRECTION('ref_axis',(0.,1.,0.));
#6698=DIRECTION('center_axis',(0.,0.,1.));
#6699=DIRECTION('ref_axis',(0.,1.,0.));
#6700=DIRECTION('center_axis',(1.,-2.2E-16,0.));
#6701=DIRECTION('ref_axis',(0.,0.,1.));
#6702=DIRECTION('',(0.,0.,1.));
#6703=DIRECTION('center_axis',(0.,0.,1.));
#6704=DIRECTION('ref_axis',(-1.,0.,0.));
#6705=DIRECTION('',(6.7E-16,-1.,0.));
#6706=DIRECTION('center_axis',(0.,0.,1.));
#6707=DIRECTION('ref_axis',(0.,1.,0.));
#6708=DIRECTION('',(6.7E-16,-1.,0.));
#6709=DIRECTION('center_axis',(-1.,-6.7E-16,0.));
#6710=DIRECTION('ref_axis',(0.,0.,1.));
#6711=DIRECTION('',(0.,0.,1.));
#6712=DIRECTION('',(6.7E-16,-1.,0.));
#6713=DIRECTION('center_axis',(1.,6.7E-16,0.));
#6714=DIRECTION('ref_axis',(0.,0.,-1.));
#6715=DIRECTION('',(6.7E-16,-1.,0.));
#6716=DIRECTION('',(0.,0.,-1.));
#6717=DIRECTION('center_axis',(0.,0.,-1.));
#6718=DIRECTION('ref_axis',(-1.,-6.7E-16,0.));
#6719=DIRECTION('center_axis',(0.,0.,-1.));
#6720=DIRECTION('ref_axis',(0.,1.,0.));
#6721=DIRECTION('center_axis',(0.,0.,1.));
#6722=DIRECTION('ref_axis',(-1.,0.,0.));
#6723=DIRECTION('center_axis',(0.,0.,1.));
#6724=DIRECTION('ref_axis',(0.,1.,0.));
#6725=DIRECTION('center_axis',(0.,0.,1.));
#6726=DIRECTION('ref_axis',(0.,1.,0.));
#6727=DIRECTION('center_axis',(1.,0.,0.));
#6728=DIRECTION('ref_axis',(0.,0.,-1.));
#6729=DIRECTION('center_axis',(0.,-3.2E-16,-1.));
#6730=DIRECTION('ref_axis',(0.,-1.,3.2E-16));
#6731=DIRECTION('center_axis',(0.,0.,1.));
#6732=DIRECTION('ref_axis',(-1.,0.,0.));
#6733=DIRECTION('center_axis',(0.,0.,1.));
#6734=DIRECTION('ref_axis',(0.,1.,0.));
#6735=DIRECTION('center_axis',(1.,0.,0.));
#6736=DIRECTION('ref_axis',(0.,0.,-1.));
#6737=DIRECTION('center_axis',(1.,0.,0.));
#6738=DIRECTION('ref_axis',(0.,0.,-1.));
#6739=DIRECTION('center_axis',(1.,0.,0.));
#6740=DIRECTION('ref_axis',(0.,0.,-1.));
#6741=DIRECTION('center_axis',(2.2E-16,-1.,0.));
#6742=DIRECTION('ref_axis',(0.,0.,-1.));
#6743=DIRECTION('',(2.2E-16,-1.,0.));
#6744=DIRECTION('center_axis',(-2.2E-16,-1.,0.));
#6745=DIRECTION('ref_axis',(0.,0.,1.));
#6746=DIRECTION('center_axis',(0.,1.,0.));
#6747=DIRECTION('ref_axis',(-1.,0.,0.));
#6748=DIRECTION('center_axis',(-2.2E-16,-1.,0.));
#6749=DIRECTION('ref_axis',(0.,0.,1.));
#6750=DIRECTION('center_axis',(0.,0.,-1.));
#6751=DIRECTION('ref_axis',(0.,-1.,0.));
#6752=DIRECTION('center_axis',(0.,0.,-1.));
#6753=DIRECTION('ref_axis',(0.,-1.,0.));
#6754=DIRECTION('',(0.,0.,-1.));
#6755=DIRECTION('center_axis',(0.,0.,-1.));
#6756=DIRECTION('ref_axis',(0.,-1.,0.));
#6757=DIRECTION('center_axis',(0.,0.,-1.));
#6758=DIRECTION('ref_axis',(0.,-1.,0.));
#6759=DIRECTION('',(0.,0.,-1.));
#6760=DIRECTION('center_axis',(0.,0.,-1.));
#6761=DIRECTION('ref_axis',(0.,-1.,0.));
#6762=DIRECTION('center_axis',(0.,0.,-1.));
#6763=DIRECTION('ref_axis',(0.,-1.,0.));
#6764=DIRECTION('',(0.,0.,-1.));
#6765=DIRECTION('center_axis',(0.,0.,-1.));
#6766=DIRECTION('ref_axis',(0.,-1.,0.));
#6767=DIRECTION('center_axis',(0.,0.,-1.));
#6768=DIRECTION('ref_axis',(0.,-1.,0.));
#6769=DIRECTION('',(0.,0.,-1.));
#6770=DIRECTION('center_axis',(0.,0.,-1.));
#6771=DIRECTION('ref_axis',(0.,-1.,0.));
#6772=DIRECTION('center_axis',(0.,0.,-1.));
#6773=DIRECTION('ref_axis',(0.,-1.,0.));
#6774=DIRECTION('',(0.,0.,-1.));
#6775=DIRECTION('center_axis',(0.,0.,-1.));
#6776=DIRECTION('ref_axis',(0.,-1.,0.));
#6777=DIRECTION('center_axis',(0.,0.,-1.));
#6778=DIRECTION('ref_axis',(0.,-1.,0.));
#6779=DIRECTION('',(0.,0.,-1.));
#6780=DIRECTION('center_axis',(0.,0.,-1.));
#6781=DIRECTION('ref_axis',(0.,-1.,0.));
#6782=DIRECTION('center_axis',(0.,0.,-1.));
#6783=DIRECTION('ref_axis',(0.,-1.,0.));
#6784=DIRECTION('',(0.,0.,-1.));
#6785=DIRECTION('center_axis',(0.,0.,-1.));
#6786=DIRECTION('ref_axis',(0.,-1.,0.));
#6787=DIRECTION('center_axis',(0.,0.,-1.));
#6788=DIRECTION('ref_axis',(0.,-1.,0.));
#6789=DIRECTION('',(0.,0.,-1.));
#6790=DIRECTION('center_axis',(-2.2E-16,-1.,0.));
#6791=DIRECTION('ref_axis',(0.,0.,1.));
#6792=DIRECTION('',(-2.2E-16,-1.,0.));
#6793=DIRECTION('center_axis',(0.,0.,1.));
#6794=DIRECTION('ref_axis',(0.,1.,0.));
#6795=DIRECTION('center_axis',(0.,0.,1.));
#6796=DIRECTION('ref_axis',(0.,1.,0.));
#6797=DIRECTION('',(0.,0.,1.));
#6798=DIRECTION('',(0.,0.,1.));
#6799=DIRECTION('center_axis',(0.,0.,1.));
#6800=DIRECTION('ref_axis',(0.,1.,0.));
#6801=DIRECTION('center_axis',(0.,0.,1.));
#6802=DIRECTION('ref_axis',(0.,1.,0.));
#6803=DIRECTION('',(0.,0.,1.));
#6804=DIRECTION('center_axis',(0.,-1.,0.));
#6805=DIRECTION('ref_axis',(1.,0.,0.));
#6806=DIRECTION('center_axis',(0.,0.,1.));
#6807=DIRECTION('ref_axis',(-1.,0.,0.));
#6808=DIRECTION('center_axis',(0.,0.,-1.));
#6809=DIRECTION('ref_axis',(1.,0.,0.));
#6810=DIRECTION('center_axis',(0.,0.,-1.));
#6811=DIRECTION('ref_axis',(0.,-1.,0.));
#6812=DIRECTION('center_axis',(0.,0.,-1.));
#6813=DIRECTION('ref_axis',(0.,-1.,0.));
#6814=DIRECTION('center_axis',(0.,0.,-1.));
#6815=DIRECTION('ref_axis',(0.,-1.,0.));
#6816=DIRECTION('center_axis',(0.,0.,-1.));
#6817=DIRECTION('ref_axis',(1.,0.,0.));
#6818=DIRECTION('center_axis',(0.,0.,-1.));
#6819=DIRECTION('ref_axis',(0.,-1.,0.));
#6820=DIRECTION('center_axis',(0.,0.,1.));
#6821=DIRECTION('ref_axis',(-1.,0.,0.));
#6822=DIRECTION('center_axis',(0.,0.,-1.));
#6823=DIRECTION('ref_axis',(1.,0.,0.));
#6824=DIRECTION('center_axis',(0.,0.,-1.));
#6825=DIRECTION('ref_axis',(0.,-1.,0.));
#6826=DIRECTION('center_axis',(0.,0.,-1.));
#6827=DIRECTION('ref_axis',(0.,-1.,0.));
#6828=DIRECTION('center_axis',(0.,0.,-1.));
#6829=DIRECTION('ref_axis',(0.,-1.,0.));
#6830=DIRECTION('center_axis',(0.,0.,-1.));
#6831=DIRECTION('ref_axis',(1.,0.,0.));
#6832=DIRECTION('center_axis',(0.,0.,-1.));
#6833=DIRECTION('ref_axis',(0.,-1.,0.));
#6834=DIRECTION('center_axis',(0.,0.,-1.));
#6835=DIRECTION('ref_axis',(0.,-1.,0.));
#6836=DIRECTION('center_axis',(0.,0.,-1.));
#6837=DIRECTION('ref_axis',(0.,-1.,0.));
#6838=DIRECTION('',(8.65956056235105E-17,0.70710678118623,-0.707106781186864));
#6839=DIRECTION('center_axis',(0.,0.,-1.));
#6840=DIRECTION('ref_axis',(0.,-1.,0.));
#6841=DIRECTION('center_axis',(0.,0.,-1.));
#6842=DIRECTION('ref_axis',(0.,-1.,0.));
#6843=DIRECTION('',(8.65956056235105E-17,0.70710678118623,-0.707106781186864));
#6844=DIRECTION('center_axis',(0.,0.,-1.));
#6845=DIRECTION('ref_axis',(0.,-1.,0.));
#6846=DIRECTION('center_axis',(0.,0.,-1.));
#6847=DIRECTION('ref_axis',(0.,-1.,0.));
#6848=DIRECTION('',(8.65956056235105E-17,0.70710678118623,-0.707106781186864));
#6849=DIRECTION('center_axis',(0.,0.,-1.));
#6850=DIRECTION('ref_axis',(0.,-1.,0.));
#6851=DIRECTION('center_axis',(0.,0.,-1.));
#6852=DIRECTION('ref_axis',(0.,-1.,0.));
#6853=DIRECTION('',(8.65956056235105E-17,0.707106781186231,-0.707106781186865));
#6854=DIRECTION('center_axis',(0.,0.,-1.));
#6855=DIRECTION('ref_axis',(0.,-1.,0.));
#6856=DIRECTION('center_axis',(0.,0.,-1.));
#6857=DIRECTION('ref_axis',(0.,-1.,0.));
#6858=DIRECTION('',(8.65956056235105E-17,0.707106781186231,-0.707106781186865));
#6859=DIRECTION('center_axis',(0.,0.,-1.));
#6860=DIRECTION('ref_axis',(0.,-1.,0.));
#6861=DIRECTION('center_axis',(0.,0.,-1.));
#6862=DIRECTION('ref_axis',(0.,-1.,0.));
#6863=DIRECTION('',(8.65956056235105E-17,0.707106781186231,-0.707106781186865));
#6864=DIRECTION('center_axis',(0.,0.,-1.));
#6865=DIRECTION('ref_axis',(0.,-1.,0.));
#6866=DIRECTION('center_axis',(0.,0.,-1.));
#6867=DIRECTION('ref_axis',(0.,-1.,0.));
#6868=DIRECTION('',(0.,0.,-1.));
#6869=DIRECTION('center_axis',(0.,0.,-1.));
#6870=DIRECTION('ref_axis',(0.,-1.,0.));
#6871=DIRECTION('center_axis',(0.,0.,-1.));
#6872=DIRECTION('ref_axis',(0.,-1.,0.));
#6873=DIRECTION('',(0.,0.,-1.));
#6874=DIRECTION('center_axis',(0.,0.,-1.));
#6875=DIRECTION('ref_axis',(0.,-1.,0.));
#6876=DIRECTION('center_axis',(0.,0.,-1.));
#6877=DIRECTION('ref_axis',(0.,-1.,0.));
#6878=DIRECTION('',(0.,0.,-1.));
#6879=DIRECTION('center_axis',(0.,0.,-1.));
#6880=DIRECTION('ref_axis',(0.,-1.,0.));
#6881=DIRECTION('center_axis',(0.,0.,-1.));
#6882=DIRECTION('ref_axis',(0.,-1.,0.));
#6883=DIRECTION('',(0.,0.,-1.));
#6884=DIRECTION('center_axis',(0.,0.,-1.));
#6885=DIRECTION('ref_axis',(0.,-1.,0.));
#6886=DIRECTION('center_axis',(0.,0.,-1.));
#6887=DIRECTION('ref_axis',(0.,-1.,0.));
#6888=DIRECTION('',(0.,0.,-1.));
#6889=DIRECTION('center_axis',(0.,0.,-1.));
#6890=DIRECTION('ref_axis',(0.,-1.,0.));
#6891=DIRECTION('center_axis',(0.,0.,-1.));
#6892=DIRECTION('ref_axis',(0.,-1.,0.));
#6893=DIRECTION('',(0.,0.,-1.));
#6894=DIRECTION('center_axis',(0.,0.,-1.));
#6895=DIRECTION('ref_axis',(0.,-1.,0.));
#6896=DIRECTION('center_axis',(0.,0.,-1.));
#6897=DIRECTION('ref_axis',(0.,-1.,0.));
#6898=DIRECTION('center_axis',(0.,0.,-1.));
#6899=DIRECTION('ref_axis',(0.,-1.,0.));
#6900=DIRECTION('center_axis',(0.,0.,-1.));
#6901=DIRECTION('ref_axis',(0.,-1.,0.));
#6902=DIRECTION('center_axis',(0.,0.,-1.));
#6903=DIRECTION('ref_axis',(0.,-1.,0.));
#6904=DIRECTION('center_axis',(0.,0.,-1.));
#6905=DIRECTION('ref_axis',(0.,-1.,0.));
#6906=CARTESIAN_POINT('',(0.,0.,0.));
#6907=CARTESIAN_POINT('Origin',(21.5995432825094,-16.5,-0.749999999999962));
#6908=CARTESIAN_POINT('',(21.5995432825094,-10.7466393968322,5.5));
#6909=CARTESIAN_POINT('',(21.5995432825094,-12.5,7.50000000000008));
#6910=CARTESIAN_POINT('',(21.5995432825094,-9.71501612085762,4.32326171340815));
#6911=CARTESIAN_POINT('',(21.5995432825094,-22.2533606031678,5.5));
#6912=CARTESIAN_POINT('',(21.5995432825094,-15.1259884525345,5.5));
#6913=CARTESIAN_POINT('',(21.5995432825094,-20.5,7.50000000000006));
#6914=CARTESIAN_POINT('',(21.5995432825094,-21.6756229496416,6.15900608520848));
#6915=CARTESIAN_POINT('',(21.5995432825094,-14.5,7.50000000000007));
#6916=CARTESIAN_POINT('Origin',(18.8895432825094,-9.28127814099849,3.82851125639945));
#6917=CARTESIAN_POINT('',(23.,-10.7466393968322,5.5));
#6918=CARTESIAN_POINT('',(20.9945432825094,-10.7466393968322,5.5));
#6919=CARTESIAN_POINT('',(-33.6004567174906,-12.5,7.50000000000006));
#6920=CARTESIAN_POINT('',(18.8895432825094,-12.5,7.50000000000008));
#6921=CARTESIAN_POINT('',(-33.6004567174906,-10.7466393968322,5.5));
#6922=CARTESIAN_POINT('',(-33.6004567174906,-9.71501612085763,4.32326171340814));
#6923=CARTESIAN_POINT('',(-35.,-10.7466393968322,5.5));
#6924=CARTESIAN_POINT('',(-8.10545671749059,-10.7466393968322,5.5));
#6925=CARTESIAN_POINT('',(-35.,-9.28127814099849,3.82851125639943));
#6926=CARTESIAN_POINT('',(-35.,-11.0273833227743,5.82023523904308));
#6927=CARTESIAN_POINT('',(23.,-9.28127814099849,3.82851125639945));
#6928=CARTESIAN_POINT('',(18.8895432825094,-9.28127814099849,3.82851125639945));
#6929=CARTESIAN_POINT('',(23.,-11.0273833227743,5.82023523904308));
#6930=CARTESIAN_POINT('Origin',(23.5,-20.7392308445479,7.98558957211419));
#6931=CARTESIAN_POINT('',(23.,-22.2533606031678,5.5));
#6932=CARTESIAN_POINT('',(24.,-23.5832359173176,5.5));
#6933=CARTESIAN_POINT('',(16.1074744776448,-13.0871610588397,5.5));
#6934=CARTESIAN_POINT('',(24.,-24.4706720526475,4.48773117894111));
#6935=CARTESIAN_POINT('',(24.,-21.1152059413709,8.315199533385));
#6936=CARTESIAN_POINT('',(23.,-23.7187218590015,3.8285112563995));
#6937=CARTESIAN_POINT('',(23.,-23.7187218590015,3.8285112563995));
#6938=CARTESIAN_POINT('',(23.,-20.3632557477249,7.65597961084339));
#6939=CARTESIAN_POINT('Origin',(18.8895432825094,-12.5,7.50000000000008));
#6940=CARTESIAN_POINT('',(-33.6004567174906,-20.5,7.50000000000005));
#6941=CARTESIAN_POINT('',(18.8895432825094,-20.5,7.50000000000006));
#6942=CARTESIAN_POINT('',(-33.6004567174906,-14.5,7.50000000000006));
#6943=CARTESIAN_POINT('Origin',(-33.6004567174906,-16.5,-0.749999999999971));
#6944=CARTESIAN_POINT('',(-33.6004567174906,-22.2533606031678,5.5));
#6945=CARTESIAN_POINT('',(-33.6004567174906,-21.6756229496416,6.15900608520847));
#6946=CARTESIAN_POINT('',(-33.6004567174906,-15.1259884525345,5.5));
#6947=CARTESIAN_POINT('Origin',(-35.5,-10.6514082259513,6.14984520031388));
#6948=CARTESIAN_POINT('',(-36.,-9.41676408268239,5.5));
#6949=CARTESIAN_POINT('',(-22.5785738366014,-27.2655874180712,5.5));
#6950=CARTESIAN_POINT('',(-36.,-8.52932794735248,4.48773117894105));
#6951=CARTESIAN_POINT('',(-36.,-10.2754331291283,6.47945516158468));
#6952=CARTESIAN_POINT('',(-35.,-9.28127814099849,3.82851125639943));
#6953=CARTESIAN_POINT('Origin',(-35.5,-20.7392308445479,7.9855895721142));
#6954=CARTESIAN_POINT('',(-35.,-22.2533606031678,5.5));
#6955=CARTESIAN_POINT('',(-36.,-23.5832359173176,5.5));
#6956=CARTESIAN_POINT('',(-23.5120539010971,-6.97582467595243,5.5));
#6957=CARTESIAN_POINT('',(-35.,-23.7187218590015,3.82851125639948));
#6958=CARTESIAN_POINT('',(-35.,-20.3632557477249,7.65597961084339));
#6959=CARTESIAN_POINT('',(-36.,-24.4706720526475,4.4877311789411));
#6960=CARTESIAN_POINT('',(-36.,-24.4706720526475,4.4877311789411));
#6961=CARTESIAN_POINT('',(-36.,-21.1152059413709,8.315199533385));
#6962=CARTESIAN_POINT('Origin',(-0.5,-24.,0.500000000000001));
#6963=CARTESIAN_POINT('',(0.,0.,0.));
#6964=CARTESIAN_POINT('',(-1.,0.999999999999996,1.));
#6965=CARTESIAN_POINT('',(3.5,-3.50000000000001,-3.5));
#6966=CARTESIAN_POINT('',(-1.,9.757359312881,1.));
#6967=CARTESIAN_POINT('',(-1.,-24.,1.));
#6968=CARTESIAN_POINT('',(0.,9.757359312881,0.));
#6969=CARTESIAN_POINT('',(-1.,9.757359312881,1.));
#6970=CARTESIAN_POINT('',(0.,-24.,0.));
#6971=CARTESIAN_POINT('Origin',(2.,9.757359312881,0.500000000000001));
#6972=CARTESIAN_POINT('',(-0.121320343560003,11.87867965644,1.));
#6973=CARTESIAN_POINT('',(0.585786437626568,11.1715728752538,0.));
#6974=CARTESIAN_POINT('',(-0.121320343560003,11.87867965644,1.));
#6975=CARTESIAN_POINT('Origin',(2.,9.757359312881,0.));
#6976=CARTESIAN_POINT('Origin',(2.,9.757359312881,1.));
#6977=CARTESIAN_POINT('Origin',(-9.39644660940673,1.89644660940672,0.500000000000001));
#6978=CARTESIAN_POINT('',(3.12132034356,15.12132034356,1.));
#6979=CARTESIAN_POINT('',(3.82842712474655,14.4142135623735,0.));
#6980=CARTESIAN_POINT('',(3.12132034356,15.12132034356,1.));
#6981=CARTESIAN_POINT('',(-9.04289321881345,1.54289321881345,0.));
#6982=CARTESIAN_POINT('',(-9.75,2.25,1.));
#6983=CARTESIAN_POINT('Origin',(5.24264068711,13.,0.500000000000001));
#6984=CARTESIAN_POINT('',(5.24264068711,16.,1.));
#6985=CARTESIAN_POINT('',(5.24264068711,15.,0.));
#6986=CARTESIAN_POINT('',(5.24264068711,16.,1.));
#6987=CARTESIAN_POINT('Origin',(5.24264068711,13.,0.));
#6988=CARTESIAN_POINT('Origin',(5.24264068711,13.,1.));
#6989=CARTESIAN_POINT('Origin',(19.,15.5,0.5));
#6990=CARTESIAN_POINT('',(12.75735931288,16.,1.));
#6991=CARTESIAN_POINT('',(12.75735931288,15.,0.));
#6992=CARTESIAN_POINT('',(12.75735931288,16.,1.));
#6993=CARTESIAN_POINT('',(19.,15.,0.));
#6994=CARTESIAN_POINT('',(19.,16.,1.));
#6995=CARTESIAN_POINT('Origin',(12.75735931288,13.,0.5));
#6996=CARTESIAN_POINT('',(14.87867965644,15.12132034356,1.));
#6997=CARTESIAN_POINT('',(14.1715728752531,14.4142135623731,0.));
#6998=CARTESIAN_POINT('',(14.87867965644,15.12132034356,1.));
#6999=CARTESIAN_POINT('Origin',(12.75735931288,13.,0.));
#7000=CARTESIAN_POINT('Origin',(12.75735931288,13.,1.));
#7001=CARTESIAN_POINT('Origin',(32.3964466094067,-3.10355339059328,0.5));
#7002=CARTESIAN_POINT('',(18.12132034356,11.87867965644,1.));
#7003=CARTESIAN_POINT('',(17.4142135623735,11.1715728752534,0.));
#7004=CARTESIAN_POINT('',(18.12132034356,11.87867965644,1.));
#7005=CARTESIAN_POINT('',(32.0428932188134,-3.45710678118655,0.));
#7006=CARTESIAN_POINT('',(32.75,-2.75,1.));
#7007=CARTESIAN_POINT('Origin',(16.,9.757359312881,0.5));
#7008=CARTESIAN_POINT('',(19.,9.757359312881,1.));
#7009=CARTESIAN_POINT('',(18.,9.757359312881,0.));
#7010=CARTESIAN_POINT('',(19.,9.757359312881,1.));
#7011=CARTESIAN_POINT('Origin',(16.,9.757359312881,0.));
#7012=CARTESIAN_POINT('Origin',(16.,9.757359312881,1.));
#7013=CARTESIAN_POINT('Origin',(18.5,-32.75,0.5));
#7014=CARTESIAN_POINT('',(19.,6.,1.));
#7015=CARTESIAN_POINT('',(19.,-32.75,1.));
#7016=CARTESIAN_POINT('',(18.,6.,0.));
#7017=CARTESIAN_POINT('',(19.,6.,1.));
#7018=CARTESIAN_POINT('',(18.,-32.75,0.));
#7019=CARTESIAN_POINT('Origin',(24.,6.,0.5));
#7020=CARTESIAN_POINT('',(21.5,1.6698729810778,1.));
#7021=CARTESIAN_POINT('Origin',(24.,6.,1.));
#7022=CARTESIAN_POINT('',(21.,0.803847577293366,0.));
#7023=CARTESIAN_POINT('',(21.5,1.6698729810778,1.));
#7024=CARTESIAN_POINT('Origin',(24.,6.,0.));
#7025=CARTESIAN_POINT('Origin',(19.,-2.6602540378444,0.5));
#7026=CARTESIAN_POINT('',(24.,-2.6602540378444,1.));
#7027=CARTESIAN_POINT('Origin',(19.,-2.6602540378444,1.));
#7028=CARTESIAN_POINT('',(23.,-2.6602540378444,0.));
#7029=CARTESIAN_POINT('',(24.,-2.6602540378444,1.));
#7030=CARTESIAN_POINT('Origin',(19.,-2.6602540378444,0.));
#7031=CARTESIAN_POINT('Origin',(23.5,-32.75,0.500000000000001));
#7032=CARTESIAN_POINT('',(23.,-7.23123524950598,0.));
#7033=CARTESIAN_POINT('',(23.,-32.75,0.));
#7034=CARTESIAN_POINT('',(24.,-6.49450151166866,1.00000000000001));
#7035=CARTESIAN_POINT('',(24.,-32.75,1.));
#7036=CARTESIAN_POINT('Ctrl Pts',(24.,-6.49450151166866,1.));
#7037=CARTESIAN_POINT('Ctrl Pts',(23.6644078712641,-6.73264098236105,0.664407871264136));
#7038=CARTESIAN_POINT('Ctrl Pts',(23.3301556210539,-6.97833154846452,0.330155621053886));
#7039=CARTESIAN_POINT('Ctrl Pts',(23.,-7.23123524950599,1.45716771982052E-15));
#7040=CARTESIAN_POINT('Origin',(23.5,-16.5,-2.49999999999993));
#7041=CARTESIAN_POINT('',(24.,-8.52932794735249,4.48773117894106));
#7042=CARTESIAN_POINT('Origin',(24.,-16.5,-2.49999999999993));
#7043=CARTESIAN_POINT('',(24.,-8.52932794735249,4.48773117894106));
#7044=CARTESIAN_POINT('Origin',(23.,-16.5,-2.49999999999993));
#7045=CARTESIAN_POINT('Origin',(23.5,-10.6514082259513,6.14984520031388));
#7046=CARTESIAN_POINT('',(24.,-9.41676408268238,5.5));
#7047=CARTESIAN_POINT('',(16.4940008566255,-19.3988070514861,5.5));
#7048=CARTESIAN_POINT('',(24.,-10.2754331291283,6.47945516158468));
#7049=CARTESIAN_POINT('Origin',(24.,-16.5,4.545));
#7050=CARTESIAN_POINT('',(24.,-16.4999999947762,5.5));
#7051=CARTESIAN_POINT('',(24.,-2.6602540378444,19.507144315464));
#7052=CARTESIAN_POINT('',(24.,-2.6602540378444,9.226848663757));
#7053=CARTESIAN_POINT('',(24.,-30.3397459621556,19.507144315464));
#7054=CARTESIAN_POINT('',(24.,-34.,19.507144315464));
#7055=CARTESIAN_POINT('',(24.,-30.3397459621556,1.));
#7056=CARTESIAN_POINT('',(24.,-30.3397459621556,13.771848663757));
#7057=CARTESIAN_POINT('',(24.,-26.5054984883313,1.));
#7058=CARTESIAN_POINT('',(24.,-32.75,1.));
#7059=CARTESIAN_POINT('Origin',(24.,-16.5,-2.49999999999993));
#7060=CARTESIAN_POINT('',(24.,-18.25,9.09));
#7061=CARTESIAN_POINT('',(24.,-26.75,9.09));
#7062=CARTESIAN_POINT('',(24.,-34.,9.09));
#7063=CARTESIAN_POINT('',(24.,-26.75,13.59));
#7064=CARTESIAN_POINT('',(24.,-26.75,9.09));
#7065=CARTESIAN_POINT('',(24.,-26.25,14.09));
#7066=CARTESIAN_POINT('',(24.,-26.75,13.59));
#7067=CARTESIAN_POINT('',(24.,-18.75,14.09));
#7068=CARTESIAN_POINT('',(24.,-26.25,14.09));
#7069=CARTESIAN_POINT('',(24.,-18.25,13.59));
#7070=CARTESIAN_POINT('',(24.,-15.67625,11.01625));
#7071=CARTESIAN_POINT('',(24.,-18.25,13.59));
#7072=CARTESIAN_POINT('',(24.,-14.75,14.));
#7073=CARTESIAN_POINT('',(24.,-6.25,14.));
#7074=CARTESIAN_POINT('',(24.,-15.75,14.));
#7075=CARTESIAN_POINT('',(24.,-5.75,13.5));
#7076=CARTESIAN_POINT('',(24.,-6.25,14.));
#7077=CARTESIAN_POINT('',(24.,-5.75,9.));
#7078=CARTESIAN_POINT('',(24.,-5.75,13.5));
#7079=CARTESIAN_POINT('',(24.,-15.25,9.));
#7080=CARTESIAN_POINT('',(24.,-5.75,9.));
#7081=CARTESIAN_POINT('',(24.,-15.25,13.5));
#7082=CARTESIAN_POINT('',(24.,-15.25,14.));
#7083=CARTESIAN_POINT('',(24.,-17.67625,11.07375));
#7084=CARTESIAN_POINT('Origin',(19.,-2.6602540378444,9.226848663757));
#7085=CARTESIAN_POINT('',(21.5000000000003,1.6698729810776,20.1770172965416));
#7086=CARTESIAN_POINT('',(21.5,1.6698729810778,9.226848663757));
#7087=CARTESIAN_POINT('Ctrl Pts',(24.,-2.6602540378444,19.507144315464));
#7088=CARTESIAN_POINT('Ctrl Pts',(24.,-1.90877066320541,19.507144315464));
#7089=CARTESIAN_POINT('Ctrl Pts',(23.8201538914242,-1.12003435750434,19.4981221809764));
#7090=CARTESIAN_POINT('Ctrl Pts',(23.2977676624867,-0.0755433593750787,
19.5536067213408));
#7091=CARTESIAN_POINT('Ctrl Pts',(23.0829510481914,0.250765200982013,19.5855893326571));
#7092=CARTESIAN_POINT('Ctrl Pts',(22.5958983024339,0.834604699875481,19.7018159504093));
#7093=CARTESIAN_POINT('Ctrl Pts',(22.3236808708519,1.09205889034348,19.786523371634));
#7094=CARTESIAN_POINT('Ctrl Pts',(21.8717509048732,1.43835339301322,19.978960536332));
#7095=CARTESIAN_POINT('Ctrl Pts',(21.6874223270394,1.56166465010916,20.0688089655738));
#7096=CARTESIAN_POINT('Ctrl Pts',(21.5000000000052,1.66987298107479,20.1770172965388));
#7097=CARTESIAN_POINT('Origin',(24.,6.,9.226848663757));
#7098=CARTESIAN_POINT('',(19.,6.,24.507144315464));
#7099=CARTESIAN_POINT('',(19.,6.,9.226848663757));
#7100=CARTESIAN_POINT('Origin',(24.,6.,24.507144315464));
#7101=CARTESIAN_POINT('Origin',(19.,-16.5,18.453697327514));
#7102=CARTESIAN_POINT('',(19.,9.757359312881,36.));
#7103=CARTESIAN_POINT('',(19.,9.757359312881,2.20233429096648E-18));
#7104=CARTESIAN_POINT('',(19.,-42.75735931288,36.));
#7105=CARTESIAN_POINT('',(19.,9.757359312881,36.));
#7106=CARTESIAN_POINT('',(19.,-42.75735931288,1.));
#7107=CARTESIAN_POINT('',(19.,-42.75735931288,37.));
#7108=CARTESIAN_POINT('',(19.,-39.,1.));
#7109=CARTESIAN_POINT('',(19.,-32.75,1.));
#7110=CARTESIAN_POINT('',(19.,-39.,24.507144315464));
#7111=CARTESIAN_POINT('',(19.,-39.,13.771848663757));
#7112=CARTESIAN_POINT('',(19.,-7.75,24.507144315464));
#7113=CARTESIAN_POINT('',(19.0000000000002,-3.50000000000001,26.8500000000002));
#7114=CARTESIAN_POINT('Origin',(19.,-3.50000000000001,31.));
#7115=CARTESIAN_POINT('',(19.0000000000002,-29.5,26.8500000000002));
#7116=CARTESIAN_POINT('Origin',(19.,-29.5,31.));
#7117=CARTESIAN_POINT('Origin',(16.,9.757359312881,6.68336149066056E-16));
#7118=CARTESIAN_POINT('',(18.12132034356,11.87867965644,36.));
#7119=CARTESIAN_POINT('',(18.12132034356,11.87867965644,1.97308411460843E-16));
#7120=CARTESIAN_POINT('Origin',(16.,9.757359312881,36.));
#7121=CARTESIAN_POINT('Origin',(16.5,13.5,5.57313846603541E-16));
#7122=CARTESIAN_POINT('',(14.87867965644,15.12132034356,36.));
#7123=CARTESIAN_POINT('',(14.87867965644,15.12132034356,9.17319281746237E-16));
#7124=CARTESIAN_POINT('',(14.87867965644,15.12132034356,36.));
#7125=CARTESIAN_POINT('Origin',(12.75735931288,13.,1.38834701935145E-15));
#7126=CARTESIAN_POINT('',(12.75735931288,16.,36.));
#7127=CARTESIAN_POINT('',(12.75735931288,16.,1.38834701935145E-15));
#7128=CARTESIAN_POINT('Origin',(12.75735931288,13.,36.));
#7129=CARTESIAN_POINT('Origin',(19.,16.,2.20233429096648E-18));
#7130=CARTESIAN_POINT('',(5.24264068711,16.,36.));
#7131=CARTESIAN_POINT('',(5.24264068711,16.,37.));
#7132=CARTESIAN_POINT('',(5.24264068711,16.,36.));
#7133=CARTESIAN_POINT('',(10.9,16.,4.6));
#7134=CARTESIAN_POINT('',(7.1,16.,4.6));
#7135=CARTESIAN_POINT('',(10.5,16.,4.6));
#7136=CARTESIAN_POINT('',(10.9,16.,8.4));
#7137=CARTESIAN_POINT('',(10.9,16.,8.));
#7138=CARTESIAN_POINT('',(7.1,16.,8.4));
#7139=CARTESIAN_POINT('',(7.5,16.,8.4));
#7140=CARTESIAN_POINT('',(7.1,16.,5.));
#7141=CARTESIAN_POINT('Origin',(5.24264068711,13.,37.));
#7142=CARTESIAN_POINT('',(3.12132034356,15.12132034356,36.));
#7143=CARTESIAN_POINT('',(3.12132034356,15.12132034356,37.));
#7144=CARTESIAN_POINT('Origin',(5.24264068711,13.,36.));
#7145=CARTESIAN_POINT('Origin',(1.5,13.5,37.));
#7146=CARTESIAN_POINT('',(-0.121320343560003,11.87867965644,36.));
#7147=CARTESIAN_POINT('',(-0.121320343560003,11.87867965644,37.));
#7148=CARTESIAN_POINT('',(-0.121320343560003,11.87867965644,36.));
#7149=CARTESIAN_POINT('Origin',(2.,9.757359312881,37.));
#7150=CARTESIAN_POINT('',(-1.,9.757359312881,36.));
#7151=CARTESIAN_POINT('',(-1.,9.757359312881,37.));
#7152=CARTESIAN_POINT('Origin',(2.,9.757359312881,36.));
#7153=CARTESIAN_POINT('Origin',(-1.,0.999999999999996,37.));
#7154=CARTESIAN_POINT('',(-1.,0.999999999999996,36.));
#7155=CARTESIAN_POINT('',(-1.,0.999999999999996,37.));
#7156=CARTESIAN_POINT('',(-1.,0.999999999999996,36.));
#7157=CARTESIAN_POINT('Origin',(23.5,-16.5,-2.49999999999993));
#7158=CARTESIAN_POINT('',(23.,-25.768764750494,0.));
#7159=CARTESIAN_POINT('Origin',(23.,-16.5,-2.49999999999993));
#7160=CARTESIAN_POINT('Ctrl Pts',(24.,-26.5054984883313,1.));
#7161=CARTESIAN_POINT('Ctrl Pts',(23.6644078712633,-26.2673590176384,0.664407871263306));
#7162=CARTESIAN_POINT('Ctrl Pts',(23.3301556210535,-26.0216684515352,0.330155621053539));
#7163=CARTESIAN_POINT('Ctrl Pts',(23.,-25.768764750494,2.63677968348475E-15));
#7164=CARTESIAN_POINT('Origin',(-0.5,-41.5,0.500000000000001));
#7165=CARTESIAN_POINT('',(-1.,-34.,1.));
#7166=CARTESIAN_POINT('',(0.,-33.,0.));
#7167=CARTESIAN_POINT('',(-1.91666666666667,-34.9166666666667,1.91666666666667));
#7168=CARTESIAN_POINT('',(0.,-42.75735931288,0.));
#7169=CARTESIAN_POINT('',(0.,-41.5,0.));
#7170=CARTESIAN_POINT('',(-1.,-42.75735931288,1.));
#7171=CARTESIAN_POINT('',(0.,-42.75735931288,0.));
#7172=CARTESIAN_POINT('',(-1.,-41.5,1.));
#7173=CARTESIAN_POINT('Origin',(2.,-42.75735931288,0.500000000000001));
#7174=CARTESIAN_POINT('',(0.585786437626903,-44.1715728752531,0.));
#7175=CARTESIAN_POINT('Origin',(2.,-42.75735931288,0.));
#7176=CARTESIAN_POINT('',(-0.121320343560003,-44.87867965644,1.));
#7177=CARTESIAN_POINT('',(0.585786437626903,-44.1715728752531,0.));
#7178=CARTESIAN_POINT('Origin',(2.,-42.75735931288,1.));
#7179=CARTESIAN_POINT('Origin',(6.85355339059327,-51.1464466094067,0.500000000000001));
#7180=CARTESIAN_POINT('',(3.82842712474655,-47.4142135623735,0.));
#7181=CARTESIAN_POINT('',(7.20710678118655,-50.7928932188135,0.));
#7182=CARTESIAN_POINT('',(3.12132034356,-48.12132034356,1.));
#7183=CARTESIAN_POINT('',(3.82842712474655,-47.4142135623735,0.));
#7184=CARTESIAN_POINT('',(6.5,-51.5,1.));
#7185=CARTESIAN_POINT('Origin',(5.24264068711,-46.,0.500000000000001));
#7186=CARTESIAN_POINT('',(5.24264068711,-48.,0.));
#7187=CARTESIAN_POINT('Origin',(5.24264068711,-46.,0.));
#7188=CARTESIAN_POINT('',(5.24264068711,-49.,1.));
#7189=CARTESIAN_POINT('',(5.24264068711,-48.,0.));
#7190=CARTESIAN_POINT('Origin',(5.24264068711,-46.,1.));
#7191=CARTESIAN_POINT('Origin',(19.,-48.5,0.500000000000001));
#7192=CARTESIAN_POINT('',(12.75735931288,-48.,0.));
#7193=CARTESIAN_POINT('',(19.,-48.,0.));
#7194=CARTESIAN_POINT('',(12.75735931288,-49.,1.));
#7195=CARTESIAN_POINT('',(12.75735931288,-48.,0.));
#7196=CARTESIAN_POINT('',(19.,-49.,1.));
#7197=CARTESIAN_POINT('Origin',(12.75735931288,-46.,0.500000000000001));
#7198=CARTESIAN_POINT('',(14.1715728752531,-47.4142135623731,0.));
#7199=CARTESIAN_POINT('Origin',(12.75735931288,-46.,0.));
#7200=CARTESIAN_POINT('',(14.87867965644,-48.12132034356,1.));
#7201=CARTESIAN_POINT('',(14.1715728752531,-47.4142135623731,0.));
#7202=CARTESIAN_POINT('Origin',(12.75735931288,-46.,1.));
#7203=CARTESIAN_POINT('Origin',(16.1464466094067,-46.1464466094067,0.500000000000001));
#7204=CARTESIAN_POINT('',(17.4142135623735,-44.1715728752535,0.));
#7205=CARTESIAN_POINT('',(15.7928932188135,-45.7928932188135,0.));
#7206=CARTESIAN_POINT('',(18.12132034356,-44.87867965644,1.));
#7207=CARTESIAN_POINT('',(17.4142135623735,-44.1715728752535,0.));
#7208=CARTESIAN_POINT('',(16.5,-46.5,1.));
#7209=CARTESIAN_POINT('Origin',(16.,-42.75735931288,0.500000000000001));
#7210=CARTESIAN_POINT('',(18.,-42.75735931288,0.));
#7211=CARTESIAN_POINT('',(18.,-42.75735931288,0.));
#7212=CARTESIAN_POINT('Origin',(16.,-42.75735931288,1.));
#7213=CARTESIAN_POINT('Origin',(16.,-42.75735931288,0.));
#7214=CARTESIAN_POINT('Origin',(18.5,-32.75,0.500000000000001));
#7215=CARTESIAN_POINT('',(18.,-39.,0.));
#7216=CARTESIAN_POINT('',(18.,-32.75,0.));
#7217=CARTESIAN_POINT('',(18.,-39.,0.));
#7218=CARTESIAN_POINT('Origin',(24.,-39.,0.500000000000001));
#7219=CARTESIAN_POINT('',(21.,-33.8038475772934,0.));
#7220=CARTESIAN_POINT('',(21.5,-34.6698729810778,1.));
#7221=CARTESIAN_POINT('',(21.,-33.8038475772934,0.));
#7222=CARTESIAN_POINT('Origin',(24.,-39.,1.));
#7223=CARTESIAN_POINT('Origin',(24.,-39.,0.));
#7224=CARTESIAN_POINT('Origin',(19.,-30.3397459621556,0.500000000000001));
#7225=CARTESIAN_POINT('',(23.,-30.3397459621556,0.));
#7226=CARTESIAN_POINT('',(23.,-30.3397459621556,0.));
#7227=CARTESIAN_POINT('Origin',(19.,-30.3397459621556,1.));
#7228=CARTESIAN_POINT('Origin',(19.,-30.3397459621556,0.));
#7229=CARTESIAN_POINT('Origin',(23.5,-32.75,0.5));
#7230=CARTESIAN_POINT('',(23.,-32.75,0.));
#7231=CARTESIAN_POINT('Origin',(18.8895432825094,-20.5,7.50000000000006));
#7232=CARTESIAN_POINT('',(20.9945432825094,-22.2533606031678,5.5));
#7233=CARTESIAN_POINT('',(18.8895432825094,-23.7187218590015,3.8285112563995));
#7234=CARTESIAN_POINT('',(-8.10545671749059,-22.2533606031678,5.5));
#7235=CARTESIAN_POINT('Origin',(18.8895432825094,-16.5,-2.49999999999993));
#7236=CARTESIAN_POINT('',(-35.,-25.768764750494,0.));
#7237=CARTESIAN_POINT('',(23.0995432825094,-25.768764750494,0.));
#7238=CARTESIAN_POINT('Origin',(-35.,-16.5,-2.49999999999995));
#7239=CARTESIAN_POINT('Origin',(19.,-49.,2.20233429096648E-18));
#7240=CARTESIAN_POINT('',(-35.,-33.,-4.58035555445906E-15));
#7241=CARTESIAN_POINT('',(-31.,-33.,-6.5E-15));
#7242=CARTESIAN_POINT('',(-35.,-32.75,0.));
#7243=CARTESIAN_POINT('',(14.,-26.1000000000002,-1.78190795452338E-13));
#7244=CARTESIAN_POINT('Origin',(14.,-28.5,1.11242535891612E-15));
#7245=CARTESIAN_POINT('',(9.,-36.6000000000002,-1.77080572427713E-13));
#7246=CARTESIAN_POINT('Origin',(9.,-39.,2.22264838354128E-15));
#7247=CARTESIAN_POINT('',(-26.,-26.1000000000002,-1.78260184391377E-13));
#7248=CARTESIAN_POINT('Origin',(-26.,-28.5,1.11242535891612E-15));
#7249=CARTESIAN_POINT('',(-6.,-26.1000000000002,-1.78190795452338E-13));
#7250=CARTESIAN_POINT('Origin',(-6.,-28.5,1.11242535891612E-15));
#7251=CARTESIAN_POINT('Origin',(-35.5,-16.5,-2.49999999999995));
#7252=CARTESIAN_POINT('',(-35.,-7.23123524950598,0.));
#7253=CARTESIAN_POINT('Origin',(-35.,-16.5,-2.49999999999995));
#7254=CARTESIAN_POINT('',(-36.,-6.49450151166866,0.999999999999997));
#7255=CARTESIAN_POINT('Origin',(-36.,-16.5,-2.49999999999995));
#7256=CARTESIAN_POINT('Ctrl Pts',(-36.,-6.49450151166866,0.999999999999998));
#7257=CARTESIAN_POINT('Ctrl Pts',(-35.6644078712635,-6.73264098236151,0.664407871263494));
#7258=CARTESIAN_POINT('Ctrl Pts',(-35.3301556210536,-6.97833154846473,0.330155621053617));
#7259=CARTESIAN_POINT('Ctrl Pts',(-35.,-7.23123524950599,5.27355936696949E-15));
#7260=CARTESIAN_POINT('Origin',(-35.5,-32.75,0.499999999999998));
#7261=CARTESIAN_POINT('',(-36.,-0.414213562373105,0.999999999999996));
#7262=CARTESIAN_POINT('',(-36.,-32.75,0.999999999999997));
#7263=CARTESIAN_POINT('',(-35.,0.,2.2023342909565E-18));
#7264=CARTESIAN_POINT('',(-38.2145298278412,-1.33150185134468,3.21452982784116));
#7265=CARTESIAN_POINT('',(-35.,-32.75,0.));
#7266=CARTESIAN_POINT('Origin',(18.8895432825094,-16.5,-2.49999999999993));
#7267=CARTESIAN_POINT('',(23.0995432825094,-7.23123524950598,0.));
#7268=CARTESIAN_POINT('Origin',(-35.5,-32.75,0.499999999999997));
#7269=CARTESIAN_POINT('',(-36.,-32.5857864376269,0.999999999999995));
#7270=CARTESIAN_POINT('',(-35.1149468180948,-32.9523874689935,0.114946818094749));
#7271=CARTESIAN_POINT('',(-36.,-26.5054984883313,0.999999999999996));
#7272=CARTESIAN_POINT('',(-36.,-32.75,0.999999999999995));
#7273=CARTESIAN_POINT('Ctrl Pts',(-36.,-26.5054984883313,0.999999999999993));
#7274=CARTESIAN_POINT('Ctrl Pts',(-35.6644078712635,-26.2673590176385,0.66440787126348));
#7275=CARTESIAN_POINT('Ctrl Pts',(-35.3301556210536,-26.0216684515353,0.33015562105361));
#7276=CARTESIAN_POINT('Ctrl Pts',(-35.,-25.768764750494,-6.93889390390723E-17));
#7277=CARTESIAN_POINT('Origin',(-35.5,-16.5,-2.49999999999995));
#7278=CARTESIAN_POINT('Origin',(-36.,-16.5,-2.49999999999995));
#7279=CARTESIAN_POINT('Origin',(-36.,-16.5,4.545));
#7280=CARTESIAN_POINT('',(-36.,-17.874011537018,5.5));
#7281=CARTESIAN_POINT('',(-36.,-33.,1.41421356237309));
#7282=CARTESIAN_POINT('',(-36.,-29.5541432188135,-2.03164321881345));
#7283=CARTESIAN_POINT('',(-36.,-33.,6.27838776014106));
#7284=CARTESIAN_POINT('',(-36.,-33.,20.7725));
#7285=CARTESIAN_POINT('',(-36.,0.,6.27838776014106));
#7286=CARTESIAN_POINT('',(-36.,-34.,6.27838776014106));
#7287=CARTESIAN_POINT('',(-36.,-9.76996261670138E-14,1.414213562373));
#7288=CARTESIAN_POINT('',(-36.,-9.76996261670138E-14,20.7725));
#7289=CARTESIAN_POINT('',(-36.,-3.44585678118655,-2.03164321881345));
#7290=CARTESIAN_POINT('Origin',(-15.1323073396015,-33.5,36.5));
#7291=CARTESIAN_POINT('',(-1.,-34.,36.));
#7292=CARTESIAN_POINT('',(-6.66133814775094E-15,-33.,37.));
#7293=CARTESIAN_POINT('',(-4.48161110874692,-37.4816111087469,32.5183888912531));
#7294=CARTESIAN_POINT('',(-16.904286589278,-33.,37.));
#7295=CARTESIAN_POINT('',(-15.1323073396015,-33.,37.));
#7296=CARTESIAN_POINT('',(-16.904286589278,-34.,36.));
#7297=CARTESIAN_POINT('',(-16.904286589278,-33.,37.));
#7298=CARTESIAN_POINT('',(-15.1323073396015,-34.,36.));
#7299=CARTESIAN_POINT('Origin',(-16.904286589278,-33.5,28.));
#7300=CARTESIAN_POINT('',(-24.621722920691,-33.,32.630461798848));
#7301=CARTESIAN_POINT('',(-23.7642299949783,-34.,32.1159660434204));
#7302=CARTESIAN_POINT('',(-24.621722920691,-33.,32.630461798848));
#7303=CARTESIAN_POINT('Origin',(-16.904286589278,-34.,28.));
#7304=CARTESIAN_POINT('Origin',(-16.904286589278,-33.,28.));
#7305=CARTESIAN_POINT('Origin',(-27.2624300077314,-33.5,27.257458004638));
#7306=CARTESIAN_POINT('',(-26.7602846369117,-33.,29.0661922718111));
#7307=CARTESIAN_POINT('',(-25.9027917111992,-34.,28.5516965163834));
#7308=CARTESIAN_POINT('',(-26.7602846369117,-33.,29.0661922718111));
#7309=CARTESIAN_POINT('',(-26.8336835448752,-34.,27.0002101269241));
#7310=CARTESIAN_POINT('',(-27.6911764705876,-33.,27.5147058823518));
#7311=CARTESIAN_POINT('Origin',(33.6929666258164,-33.5,-7.20575848583991));
#7312=CARTESIAN_POINT('',(-29.4860352171293,-33.,24.0778430671952));
#7313=CARTESIAN_POINT('Origin',(33.6929666258164,-33.,-7.20575848583991));
#7314=CARTESIAN_POINT('',(-28.5898791626195,-34.,23.6341040380741));
#7315=CARTESIAN_POINT('',(-29.4860352171293,-33.,24.0778430671952));
#7316=CARTESIAN_POINT('Origin',(33.6929666258164,-34.,-7.20575848583991));
#7317=CARTESIAN_POINT('Origin',(-2777.10049834439,-33.5,1384.58170635238));
#7318=CARTESIAN_POINT('',(-33.894364862893,-33.,15.2110081009851));
#7319=CARTESIAN_POINT('Origin',(-2777.10049834439,-33.,1384.58170635238));
#7320=CARTESIAN_POINT('',(-32.9996466197482,-34.,14.7643770839429));
#7321=CARTESIAN_POINT('',(-33.894364862893,-33.,15.2110081009851));
#7322=CARTESIAN_POINT('Origin',(-2777.10049834439,-34.,1384.58170635238));
#7323=CARTESIAN_POINT('Origin',(-16.,-33.5,6.27838776014105));
#7324=CARTESIAN_POINT('Origin',(-16.,-33.,6.27838776014105));
#7325=CARTESIAN_POINT('',(-35.,-34.,6.27838776014106));
#7326=CARTESIAN_POINT('',(-36.,-33.,6.27838776014106));
#7327=CARTESIAN_POINT('Origin',(-16.,-34.,6.27838776014105));
#7328=CARTESIAN_POINT('Origin',(-35.5,-33.5,20.7725));
#7329=CARTESIAN_POINT('',(-35.,-34.,1.));
#7330=CARTESIAN_POINT('',(-35.,-34.,20.7725));
#7331=CARTESIAN_POINT('',(-36.,-33.,1.41421356237309));
#7332=CARTESIAN_POINT('Origin',(-35.5,-29.9076966094067,-2.38519660940672));
#7333=CARTESIAN_POINT('',(-35.,-30.26125,-2.73874999999999));
#7334=CARTESIAN_POINT('Origin',(-31.,-34.,37.));
#7335=CARTESIAN_POINT('',(-1.,-34.,1.));
#7336=CARTESIAN_POINT('',(-1.,-34.,37.));
#7337=CARTESIAN_POINT('',(-22.3199999999999,-34.,28.8199999999999));
#7338=CARTESIAN_POINT('Origin',(-17.8199999999999,-34.,28.8199999999999));
#7339=CARTESIAN_POINT('Origin',(-1.,-33.5,0.500000000000003));
#7340=CARTESIAN_POINT('Origin',(-35.5,-3.09230339059328,-2.38519660940672));
#7341=CARTESIAN_POINT('',(-35.,0.999999999999988,1.));
#7342=CARTESIAN_POINT('',(-36.,-9.76996261670138E-14,1.414213562373));
#7343=CARTESIAN_POINT('',(-35.,-2.73875,-2.73875));
#7344=CARTESIAN_POINT('Origin',(-15.1323073396015,0.499999999999998,36.5));
#7345=CARTESIAN_POINT('',(-6.66133814775094E-15,0.,37.));
#7346=CARTESIAN_POINT('',(-3.02205122326693,3.0220512232669,33.9779487767331));
#7347=CARTESIAN_POINT('',(-16.904286589278,0.999999999999996,36.));
#7348=CARTESIAN_POINT('',(-15.1323073396015,0.999999999999996,36.));
#7349=CARTESIAN_POINT('',(-16.904286589278,0.,37.));
#7350=CARTESIAN_POINT('',(-16.904286589278,0.999999999999996,36.));
#7351=CARTESIAN_POINT('',(-15.1323073396015,0.,37.));
#7352=CARTESIAN_POINT('Origin',(-16.904286589278,0.499999999999998,28.));
#7353=CARTESIAN_POINT('',(-23.7642299949783,0.999999999999996,32.1159660434204));
#7354=CARTESIAN_POINT('Origin',(-16.904286589278,0.999999999999996,28.));
#7355=CARTESIAN_POINT('',(-24.621722920691,0.,32.630461798848));
#7356=CARTESIAN_POINT('',(-23.7642299949783,0.999999999999996,32.1159660434204));
#7357=CARTESIAN_POINT('Origin',(-16.904286589278,0.,28.));
#7358=CARTESIAN_POINT('Origin',(-25.347219820758,0.499999999999998,30.4494749829283));
#7359=CARTESIAN_POINT('',(-25.9027917111958,0.999999999999996,28.5516965163916));
#7360=CARTESIAN_POINT('',(-26.7602846369083,0.,29.0661922718192));
#7361=CARTESIAN_POINT('',(-25.9027917111958,0.999999999999996,28.5516965163916));
#7362=CARTESIAN_POINT('',(-25.7759662836142,0.,30.7067228606421));
#7363=CARTESIAN_POINT('',(-24.9184733579017,0.999999999999996,30.1922271052145));
#7364=CARTESIAN_POINT('Origin',(33.6929666258164,0.499999999999998,-7.20575848583991));
#7365=CARTESIAN_POINT('',(-28.5898791626203,0.999999999999996,23.6341040380745));
#7366=CARTESIAN_POINT('',(-29.4860352171293,0.,24.0778430671952));
#7367=CARTESIAN_POINT('',(-28.5898791626203,0.999999999999996,23.6341040380745));
#7368=CARTESIAN_POINT('Origin',(33.6929666258164,0.,-7.20575848583991));
#7369=CARTESIAN_POINT('Origin',(33.6929666258164,0.999999999999996,-7.20575848583991));
#7370=CARTESIAN_POINT('Origin',(-2777.10049834439,0.499999999999998,1384.58170635238));
#7371=CARTESIAN_POINT('',(-32.9996466197482,0.999999999999996,14.7643770839429));
#7372=CARTESIAN_POINT('',(-33.894364862893,0.,15.2110081009851));
#7373=CARTESIAN_POINT('',(-32.9996466197482,0.999999999999996,14.7643770839429));
#7374=CARTESIAN_POINT('Origin',(-2777.10049834439,0.,1384.58170635238));
#7375=CARTESIAN_POINT('Origin',(-2777.10049834439,0.999999999999996,1384.58170635238));
#7376=CARTESIAN_POINT('Origin',(-16.,0.499999999999998,6.27838776014105));
#7377=CARTESIAN_POINT('',(-35.,0.999999999999996,6.27838776014106));
#7378=CARTESIAN_POINT('',(-35.,0.999999999999996,6.27838776014106));
#7379=CARTESIAN_POINT('Origin',(-16.,0.,6.27838776014105));
#7380=CARTESIAN_POINT('Origin',(-16.,0.999999999999996,6.27838776014105));
#7381=CARTESIAN_POINT('Origin',(-35.5,0.499999999999954,20.7725));
#7382=CARTESIAN_POINT('',(-35.,0.999999999999996,20.7725));
#7383=CARTESIAN_POINT('Origin',(19.,-49.,2.20233429096648E-18));
#7384=CARTESIAN_POINT('',(-1.,0.,2.2023342909565E-18));
#7385=CARTESIAN_POINT('',(9.,8.3999999999998,-1.77913239696181E-13));
#7386=CARTESIAN_POINT('Origin',(9.,6.,2.22264838354128E-15));
#7387=CARTESIAN_POINT('',(-26.,-2.1000000000002,-1.79023462720807E-13));
#7388=CARTESIAN_POINT('Origin',(-26.,-4.5,1.11242535891612E-15));
#7389=CARTESIAN_POINT('',(-6.,-2.1000000000002,-1.79023462720807E-13));
#7390=CARTESIAN_POINT('Origin',(-6.,-4.5,1.11242535891612E-15));
#7391=CARTESIAN_POINT('',(14.,-2.1000000000002,-1.79023462720807E-13));
#7392=CARTESIAN_POINT('Origin',(14.,-4.5,1.11242535891612E-15));
#7393=CARTESIAN_POINT('Origin',(-1.,0.499999999999998,0.500000000000003));
#7394=CARTESIAN_POINT('',(-31.,0.999999999999988,0.999999999999998));
#7395=CARTESIAN_POINT('Origin',(-31.,0.999999999999996,37.));
#7396=CARTESIAN_POINT('',(-6.,1.0000000000002,20.6499999999998));
#7397=CARTESIAN_POINT('Origin',(-6.,0.999999999999996,17.));
#7398=CARTESIAN_POINT('Origin',(-31.,-18.5,13.84));
#7399=CARTESIAN_POINT('',(-34.4113745878488,-18.75,14.09));
#7400=CARTESIAN_POINT('',(-34.6155936368934,-18.25,13.59));
#7401=CARTESIAN_POINT('Origin',(-16.,-10.9383877601411,6.27838776014105));
#7402=CARTESIAN_POINT('',(-31.,-18.25,13.59));
#7403=CARTESIAN_POINT('',(-31.,-18.75,14.09));
#7404=CARTESIAN_POINT('Origin',(-31.,-18.25,14.09));
#7405=CARTESIAN_POINT('',(-35.8013847145263,-18.25,9.09));
#7406=CARTESIAN_POINT('Origin',(-16.,-18.25,6.27838776014105));
#7407=CARTESIAN_POINT('',(-31.,-18.25,9.09));
#7408=CARTESIAN_POINT('Origin',(7.5,-15.,13.75));
#7409=CARTESIAN_POINT('',(3.,-15.25,13.5));
#7410=CARTESIAN_POINT('',(7.5,-15.25,13.5));
#7411=CARTESIAN_POINT('',(3.,-14.75,14.));
#7412=CARTESIAN_POINT('',(3.,-15.25,13.5));
#7413=CARTESIAN_POINT('',(7.5,-14.75,14.));
#7414=CARTESIAN_POINT('Origin',(3.,-16.25,13.75));
#7415=CARTESIAN_POINT('',(2.,-16.25,13.5));
#7416=CARTESIAN_POINT('',(2.,-15.1319660112501,14.));
#7417=CARTESIAN_POINT('Ctrl Pts',(2.,-16.25,13.5));
#7418=CARTESIAN_POINT('Ctrl Pts',(2.,-15.8027864045,13.5));
#7419=CARTESIAN_POINT('Ctrl Pts',(2.,-15.1319660112501,14.));
#7420=CARTESIAN_POINT('Origin',(3.,-16.25,14.));
#7421=CARTESIAN_POINT('Origin',(3.,-16.25,13.5));
#7422=CARTESIAN_POINT('Origin',(3.,-16.25,24.25));
#7423=CARTESIAN_POINT('',(3.,-15.25,9.));
#7424=CARTESIAN_POINT('',(3.,-15.25,24.25));
#7425=CARTESIAN_POINT('',(2.,-16.25,9.));
#7426=CARTESIAN_POINT('Origin',(3.,-16.25,9.));
#7427=CARTESIAN_POINT('',(2.,-16.25,14.5840662362945));
#7428=CARTESIAN_POINT('Origin',(13.,-15.25,11.5));
#7429=CARTESIAN_POINT('',(16.,-15.25,9.));
#7430=CARTESIAN_POINT('Origin',(2.,-16.25,14.));
#7431=CARTESIAN_POINT('',(2.,-6.25,14.));
#7432=CARTESIAN_POINT('',(2.,-16.25,14.));
#7433=CARTESIAN_POINT('',(2.,-6.25,14.));
#7434=CARTESIAN_POINT('Origin',(-31.,-26.75,14.09));
#7435=CARTESIAN_POINT('',(-34.4113745878488,-26.25,14.09));
#7436=CARTESIAN_POINT('',(-30.6,-26.25,14.09));
#7437=CARTESIAN_POINT('',(-34.4113745878488,-34.,14.09));
#7438=CARTESIAN_POINT('Origin',(2.,-16.25,37.));
#7439=CARTESIAN_POINT('',(2.,-16.25,36.6));
#7440=CARTESIAN_POINT('',(2.,-16.25,14.5840662362945));
#7441=CARTESIAN_POINT('',(2.,-5.75,36.6));
#7442=CARTESIAN_POINT('',(2.,-16.25,36.6));
#7443=CARTESIAN_POINT('',(2.,-5.75,13.5));
#7444=CARTESIAN_POINT('',(2.,-5.75,37.));
#7445=CARTESIAN_POINT('',(2.,-14.375,22.125));
#7446=CARTESIAN_POINT('Origin',(-0.256361157312002,-16.25,20.168132472589));
#7447=CARTESIAN_POINT('',(-6.,-16.25,9.));
#7448=CARTESIAN_POINT('',(19.,-16.25,9.));
#7449=CARTESIAN_POINT('',(-14.,-16.25,17.));
#7450=CARTESIAN_POINT('Origin',(-6.,-16.25,17.));
#7451=CARTESIAN_POINT('',(-14.,-16.25,19.97));
#7452=CARTESIAN_POINT('',(-14.,-16.25,17.));
#7453=CARTESIAN_POINT('',(-9.1600471694297,-16.25,19.97));
#7454=CARTESIAN_POINT('',(-5.750680578656,-16.25,19.97));
#7455=CARTESIAN_POINT('',(-7.5497096502248,-16.25,19.97));
#7456=CARTESIAN_POINT('',(-5.750680578656,-16.25,19.97));
#7457=CARTESIAN_POINT('',(-6.33634728246337,-16.2500198308027,20.3332226778321));
#7458=CARTESIAN_POINT('Origin',(-6.,-16.25,17.));
#7459=CARTESIAN_POINT('',(-6.24580955714597,-16.2505487964831,20.7907814832074));
#7460=CARTESIAN_POINT('Ctrl Pts',(-6.33635859443006,-16.25,20.3333719818918));
#7461=CARTESIAN_POINT('Ctrl Pts',(-6.3062782841205,-16.25,20.4012969208228));
#7462=CARTESIAN_POINT('Ctrl Pts',(-6.28434816920576,-16.25,20.4730010800313));
#7463=CARTESIAN_POINT('Ctrl Pts',(-6.25379931656763,-16.25,20.6261046567215));
#7464=CARTESIAN_POINT('Ctrl Pts',(-6.24662656798888,-16.25,20.70803207578));
#7465=CARTESIAN_POINT('Ctrl Pts',(-6.24721456319779,-16.25,20.7898348604542));
#7466=CARTESIAN_POINT('',(-6.245,-16.25,37.));
#7467=CARTESIAN_POINT('',(-6.245,-16.25,28.5840662362945));
#7468=CARTESIAN_POINT('',(2.4,-16.25,37.));
#7469=CARTESIAN_POINT('',(9.37181942134,-16.25,37.));
#7470=CARTESIAN_POINT('',(-2.572057171181,-16.25,32.027942828819));
#7471=CARTESIAN_POINT('Origin',(-17.82,-27.25,28.82));
#7472=CARTESIAN_POINT('',(-17.82,-16.75,18.8199999999999));
#7473=CARTESIAN_POINT('',(-7.8199999999999,-16.75,28.82));
#7474=CARTESIAN_POINT('Origin',(-17.82,-16.75,28.82));
#7475=CARTESIAN_POINT('',(-17.82,-27.25,18.8199999999999));
#7476=CARTESIAN_POINT('',(-17.82,-27.25,18.8199999999999));
#7477=CARTESIAN_POINT('',(-7.8199999999999,-27.25,28.82));
#7478=CARTESIAN_POINT('Origin',(-17.82,-27.25,28.82));
#7479=CARTESIAN_POINT('',(-7.8199999999999,-27.25,28.82));
#7480=CARTESIAN_POINT('Origin',(23.1,-19.248023074036,5.5));
#7481=CARTESIAN_POINT('Origin',(-6.,-16.4999999895523,5.5));
#7482=CARTESIAN_POINT('Origin',(24.,-7.75,24.507144315464));
#7483=CARTESIAN_POINT('',(21.5000000000004,-34.6698729810776,20.1770172965416));
#7484=CARTESIAN_POINT('Origin',(24.,-39.,24.507144315464));
#7485=CARTESIAN_POINT('Ctrl Pts',(21.5,-34.6698729810778,20.1770172965418));
#7486=CARTESIAN_POINT('Ctrl Pts',(21.6874223270359,-34.5616646501115,20.0688089655755));
#7487=CARTESIAN_POINT('Ctrl Pts',(21.8717509048716,-34.4383533930145,19.9789605363326));
#7488=CARTESIAN_POINT('Ctrl Pts',(22.3236808708519,-34.0920588903435,19.786523371634));
#7489=CARTESIAN_POINT('Ctrl Pts',(22.5958983024339,-33.8346046998755,19.7018159504093));
#7490=CARTESIAN_POINT('Ctrl Pts',(23.0829510481914,-33.250765200982,19.5855893326571));
#7491=CARTESIAN_POINT('Ctrl Pts',(23.2977676624867,-32.9244566406249,19.5536067213408));
#7492=CARTESIAN_POINT('Ctrl Pts',(23.8201538914242,-31.8799656424957,19.4981221809764));
#7493=CARTESIAN_POINT('Ctrl Pts',(24.,-31.0912293367946,19.507144315464));
#7494=CARTESIAN_POINT('Ctrl Pts',(24.,-30.3397459621556,19.507144315464));
#7495=CARTESIAN_POINT('Origin',(19.,-30.3397459621556,13.771848663757));
#7496=CARTESIAN_POINT('',(21.5,-34.6698729810778,13.771848663757));
#7497=CARTESIAN_POINT('Origin',(24.,-39.,13.771848663757));
#7498=CARTESIAN_POINT('Origin',(-31.,-17.25,9.09));
#7499=CARTESIAN_POINT('',(-35.8013847145263,-26.75,9.09));
#7500=CARTESIAN_POINT('',(-35.8013847145263,-34.,9.09));
#7501=CARTESIAN_POINT('',(-31.,-26.75,9.09));
#7502=CARTESIAN_POINT('Origin',(-2777.10049834439,-34.,1384.58170635238));
#7503=CARTESIAN_POINT('',(-29.4860352171293,-27.25,24.0778430671952));
#7504=CARTESIAN_POINT('',(-29.4860352171293,-34.,24.0778430671952));
#7505=CARTESIAN_POINT('',(-32.0957694848099,-27.2499999999993,18.82));
#7506=CARTESIAN_POINT('Origin',(-2777.10049834439,-27.25,1384.58170635238));
#7507=CARTESIAN_POINT('',(-32.0957694848099,-16.75,18.82));
#7508=CARTESIAN_POINT('',(-32.0957694848099,-34.,18.82));
#7509=CARTESIAN_POINT('',(-29.4860352171298,-16.75,24.0778430671954));
#7510=CARTESIAN_POINT('Origin',(-2777.10049834439,-16.75,1384.58170635238));
#7511=CARTESIAN_POINT('',(-29.4860352171293,-34.,24.0778430671952));
#7512=CARTESIAN_POINT('',(-33.894364862893,-34.,15.2110081009851));
#7513=CARTESIAN_POINT('Origin',(33.6929666258164,-34.,-7.20575848583991));
#7514=CARTESIAN_POINT('',(-26.760284636913,-27.25,29.0661922718119));
#7515=CARTESIAN_POINT('',(-26.7602846369117,-34.,29.0661922718111));
#7516=CARTESIAN_POINT('Origin',(33.6929666258164,-27.25,-7.20575848583991));
#7517=CARTESIAN_POINT('Origin',(-17.82,-27.25,18.8199999999999));
#7518=CARTESIAN_POINT('',(-30.9997793116395,-27.25,18.8199999999999));
#7519=CARTESIAN_POINT('',(-16.47,-16.75,18.82));
#7520=CARTESIAN_POINT('Origin',(-16.,-34.,6.27838776014105));
#7521=CARTESIAN_POINT('',(-34.6155936368934,-26.75,13.59));
#7522=CARTESIAN_POINT('Origin',(-16.,-34.061612239859,6.27838776014105));
#7523=CARTESIAN_POINT('Origin',(-16.,-26.75,6.27838776014105));
#7524=CARTESIAN_POINT('Origin',(-20.544445340809,-16.75,28.932325375372));
#7525=CARTESIAN_POINT('',(-7.8199999999999,-16.75,37.));
#7526=CARTESIAN_POINT('',(-7.8199999999999,-16.75,28.82));
#7527=CARTESIAN_POINT('',(-16.904286589278,-16.75,37.));
#7528=CARTESIAN_POINT('',(-8.97,-16.75,37.));
#7529=CARTESIAN_POINT('',(-24.621722920691,-16.75,32.630461798848));
#7530=CARTESIAN_POINT('Origin',(-16.904286589278,-16.75,28.));
#7531=CARTESIAN_POINT('',(-26.760284636908,-16.75,29.0661922718191));
#7532=CARTESIAN_POINT('',(-28.086987168187,-16.75,26.855021386355));
#7533=CARTESIAN_POINT('Origin',(33.6929666258198,-16.75,-7.20575848583176));
#7534=CARTESIAN_POINT('',(-22.0699999999999,-16.75,28.8199999999999));
#7535=CARTESIAN_POINT('Origin',(-17.8199999999999,-16.75,28.8199999999999));
#7536=CARTESIAN_POINT('Origin',(-20.544445340809,-27.25,28.932325375372));
#7537=CARTESIAN_POINT('',(-24.621722920691,-27.25,32.630461798848));
#7538=CARTESIAN_POINT('',(-28.06661756209,-27.25,26.888970729851));
#7539=CARTESIAN_POINT('',(-16.904286589278,-27.25,37.));
#7540=CARTESIAN_POINT('Origin',(-16.904286589278,-27.25,28.));
#7541=CARTESIAN_POINT('',(-7.8199999999999,-27.25,37.));
#7542=CARTESIAN_POINT('',(-9.3372521675115,-27.25,37.));
#7543=CARTESIAN_POINT('',(-7.8199999999999,-27.25,37.));
#7544=CARTESIAN_POINT('',(-13.5699999999999,-27.25,28.8199999999999));
#7545=CARTESIAN_POINT('Origin',(-17.8199999999999,-27.25,28.8199999999999));
#7546=CARTESIAN_POINT('Origin',(33.6929666258164,-34.,-7.20575848583991));
#7547=CARTESIAN_POINT('',(-26.7602846369083,-34.,29.0661922718192));
#7548=CARTESIAN_POINT('Origin',(-27.169579626052,-8.375,28.38403395658));
#7549=CARTESIAN_POINT('',(-24.621722920691,-16.25,32.630461798848));
#7550=CARTESIAN_POINT('Origin',(-31.,-34.,22.));
#7551=CARTESIAN_POINT('',(-24.621722920691,-34.,32.630461798848));
#7552=CARTESIAN_POINT('Origin',(2.,-42.75735931288,37.));
#7553=CARTESIAN_POINT('',(-0.121320343560003,-44.87867965644,36.));
#7554=CARTESIAN_POINT('',(-0.121320343560003,-44.87867965644,37.));
#7555=CARTESIAN_POINT('',(-1.,-42.75735931288,36.));
#7556=CARTESIAN_POINT('Origin',(2.,-42.75735931288,36.));
#7557=CARTESIAN_POINT('',(-1.,-42.75735931288,37.));
#7558=CARTESIAN_POINT('Origin',(16.5,-46.5,37.));
#7559=CARTESIAN_POINT('',(18.12132034356,-44.87867965644,36.));
#7560=CARTESIAN_POINT('',(18.12132034356,-44.87867965644,37.));
#7561=CARTESIAN_POINT('',(14.87867965644,-48.12132034356,36.));
#7562=CARTESIAN_POINT('',(18.12132034356,-44.87867965644,36.));
#7563=CARTESIAN_POINT('',(14.87867965644,-48.12132034356,37.));
#7564=CARTESIAN_POINT('Origin',(12.75735931288,-46.,37.));
#7565=CARTESIAN_POINT('',(12.75735931288,-49.,36.));
#7566=CARTESIAN_POINT('Origin',(12.75735931288,-46.,36.));
#7567=CARTESIAN_POINT('',(12.75735931288,-49.,37.));
#7568=CARTESIAN_POINT('Origin',(19.,-49.,37.));
#7569=CARTESIAN_POINT('',(5.24264068711,-49.,36.));
#7570=CARTESIAN_POINT('',(12.75735931288,-49.,36.));
#7571=CARTESIAN_POINT('',(5.24264068711,-49.,37.));
#7572=CARTESIAN_POINT('',(10.9,-49.,8.4));
#7573=CARTESIAN_POINT('',(10.9,-49.,4.6));
#7574=CARTESIAN_POINT('',(10.9,-49.,8.));
#7575=CARTESIAN_POINT('',(7.1,-49.,4.6));
#7576=CARTESIAN_POINT('',(10.5,-49.,4.6));
#7577=CARTESIAN_POINT('',(7.1,-49.,8.4));
#7578=CARTESIAN_POINT('',(7.1,-49.,5.));
#7579=CARTESIAN_POINT('',(7.5,-49.,8.4));
#7580=CARTESIAN_POINT('Origin',(5.24264068711,-46.,37.));
#7581=CARTESIAN_POINT('',(3.12132034356,-48.12132034356,36.));
#7582=CARTESIAN_POINT('Origin',(5.24264068711,-46.,36.));
#7583=CARTESIAN_POINT('',(3.12132034356,-48.12132034356,37.));
#7584=CARTESIAN_POINT('Origin',(1.5,-46.5,37.));
#7585=CARTESIAN_POINT('',(3.12132034356,-48.12132034356,36.));
#7586=CARTESIAN_POINT('Origin',(-0.256361157312002,-5.75,20.168132472589));
#7587=CARTESIAN_POINT('',(-6.,-5.75,9.));
#7588=CARTESIAN_POINT('',(19.,-5.75,9.));
#7589=CARTESIAN_POINT('',(19.,-5.75,13.5));
#7590=CARTESIAN_POINT('',(2.4,-5.75,37.));
#7591=CARTESIAN_POINT('',(-2.572057171181,-5.75,32.027942828819));
#7592=CARTESIAN_POINT('',(-14.4,-5.75,37.));
#7593=CARTESIAN_POINT('',(9.37181942134,-5.75,37.));
#7594=CARTESIAN_POINT('',(-14.,-5.75,36.6));
#7595=CARTESIAN_POINT('',(-6.556123407475,-5.75,29.156123407475));
#7596=CARTESIAN_POINT('',(-14.,-5.75,17.));
#7597=CARTESIAN_POINT('',(-14.,-5.75,17.));
#7598=CARTESIAN_POINT('Origin',(-6.,-5.75,17.));
#7599=CARTESIAN_POINT('',(-6.,-5.75,13.65));
#7600=CARTESIAN_POINT('Origin',(-6.,-5.75,17.));
#7601=CARTESIAN_POINT('Origin',(2.,-6.00000000000001,13.75));
#7602=CARTESIAN_POINT('Origin',(-31.,-26.75,9.09));
#7603=CARTESIAN_POINT('',(-30.6,-26.75,13.59));
#7604=CARTESIAN_POINT('Origin',(-30.6,-26.5,13.84));
#7605=CARTESIAN_POINT('Origin',(-16.904286589278,-34.,28.));
#7606=CARTESIAN_POINT('',(-16.904286589278,-34.,37.));
#7607=CARTESIAN_POINT('Origin',(0.735385320797,-15.631758204884,37.));
#7608=CARTESIAN_POINT('',(-2.22044604925031E-15,-42.75735931288,37.));
#7609=CARTESIAN_POINT('',(-2.22044604925031E-15,-42.75735931288,37.));
#7610=CARTESIAN_POINT('',(0.585786437626998,-44.17157287525,37.));
#7611=CARTESIAN_POINT('Origin',(2.,-42.75735931288,37.));
#7612=CARTESIAN_POINT('',(3.828427124746,-47.41421356237,37.));
#7613=CARTESIAN_POINT('',(3.828427124746,-47.41421356237,37.));
#7614=CARTESIAN_POINT('',(5.24264068711,-48.,37.));
#7615=CARTESIAN_POINT('Origin',(5.24264068711,-46.,37.));
#7616=CARTESIAN_POINT('',(12.75735931288,-48.,37.));
#7617=CARTESIAN_POINT('',(12.75735931288,-48.,37.));
#7618=CARTESIAN_POINT('',(14.17157287525,-47.41421356237,37.));
#7619=CARTESIAN_POINT('Origin',(12.75735931288,-46.,37.));
#7620=CARTESIAN_POINT('',(17.41421356237,-44.17157287525,37.));
#7621=CARTESIAN_POINT('',(17.41421356237,-44.17157287525,37.));
#7622=CARTESIAN_POINT('',(18.,-42.75735931288,37.));
#7623=CARTESIAN_POINT('Origin',(16.,-42.75735931288,37.));
#7624=CARTESIAN_POINT('',(18.,9.757359312881,37.));
#7625=CARTESIAN_POINT('',(18.,9.757359312881,37.));
#7626=CARTESIAN_POINT('',(17.41421356237,11.171572875254,37.));
#7627=CARTESIAN_POINT('Origin',(16.,9.757359312881,37.));
#7628=CARTESIAN_POINT('',(14.17157287525,14.414213562373,37.));
#7629=CARTESIAN_POINT('',(14.17157287525,14.414213562373,37.));
#7630=CARTESIAN_POINT('',(12.75735931288,15.,37.));
#7631=CARTESIAN_POINT('Origin',(12.75735931288,13.,37.));
#7632=CARTESIAN_POINT('',(5.24264068711,15.,37.));
#7633=CARTESIAN_POINT('',(5.24264068711,15.,37.));
#7634=CARTESIAN_POINT('',(3.828427124746,14.414213562373,37.));
#7635=CARTESIAN_POINT('Origin',(5.24264068711,13.,37.));
#7636=CARTESIAN_POINT('',(0.585786437626998,11.171572875254,37.));
#7637=CARTESIAN_POINT('',(0.585786437626998,11.171572875254,37.));
#7638=CARTESIAN_POINT('',(-2.22044604925031E-15,9.757359312881,37.));
#7639=CARTESIAN_POINT('Origin',(2.,9.757359312881,37.));
#7640=CARTESIAN_POINT('',(-2.22044604925031E-15,0.999999999999996,37.));
#7641=CARTESIAN_POINT('',(-7.8199999999999,-21.440879102442,37.));
#7642=CARTESIAN_POINT('',(-16.904286589278,-34.,37.));
#7643=CARTESIAN_POINT('',(2.4,-16.25,37.));
#7644=CARTESIAN_POINT('',(-9.1600471694297,-15.7,37.));
#7645=CARTESIAN_POINT('Origin',(-9.1600471694297,-23.7,37.));
#7646=CARTESIAN_POINT('',(-14.4,-15.7,37.));
#7647=CARTESIAN_POINT('',(-6.245,-15.7,37.));
#7648=CARTESIAN_POINT('',(-14.4,-16.25,37.));
#7649=CARTESIAN_POINT('',(6.4,-26.3,37.));
#7650=CARTESIAN_POINT('',(6.4,-32.69999999999,37.));
#7651=CARTESIAN_POINT('',(6.4,-26.7,37.));
#7652=CARTESIAN_POINT('',(3.6,-32.69999999999,37.));
#7653=CARTESIAN_POINT('',(6.,-32.69999999999,37.));
#7654=CARTESIAN_POINT('',(3.6,-26.3,37.));
#7655=CARTESIAN_POINT('',(3.6,-32.29999999999,37.));
#7656=CARTESIAN_POINT('',(4.,-26.3,37.));
#7657=CARTESIAN_POINT('',(6.4,-0.299999999999994,37.));
#7658=CARTESIAN_POINT('',(6.4,-6.70000000000001,37.));
#7659=CARTESIAN_POINT('',(6.4,-0.700000000000003,37.));
#7660=CARTESIAN_POINT('',(3.6,-6.70000000000001,37.));
#7661=CARTESIAN_POINT('',(6.,-6.70000000000001,37.));
#7662=CARTESIAN_POINT('',(3.6,-0.299999999999994,37.));
#7663=CARTESIAN_POINT('',(3.6,-6.3,37.));
#7664=CARTESIAN_POINT('',(4.,-0.299999999999994,37.));
#7665=CARTESIAN_POINT('',(8.35045801422187,-33.9672121386565,36.9996290625452));
#7666=CARTESIAN_POINT('',(9.64954198577223,-33.9672121386622,36.9996290625404));
#7667=CARTESIAN_POINT('Origin',(9.,-39.,37.));
#7668=CARTESIAN_POINT('',(8.35,-23.1,37.));
#7669=CARTESIAN_POINT('',(8.35,-33.93116137562,37.));
#7670=CARTESIAN_POINT('',(9.65000000000001,-23.1,37.));
#7671=CARTESIAN_POINT('',(8.75,-23.1,37.));
#7672=CARTESIAN_POINT('',(9.65000000000001,-23.5,37.));
#7673=CARTESIAN_POINT('',(9.64954198575396,0.967212138663491,36.9996290625475));
#7674=CARTESIAN_POINT('',(8.35045801424012,0.967212138657869,36.9996290625522));
#7675=CARTESIAN_POINT('Origin',(9.,6.,37.));
#7676=CARTESIAN_POINT('',(9.65000000000001,-9.9,37.));
#7677=CARTESIAN_POINT('',(9.65000000000001,-9.5,37.));
#7678=CARTESIAN_POINT('',(8.35,-9.9,37.));
#7679=CARTESIAN_POINT('',(8.75,-9.9,37.));
#7680=CARTESIAN_POINT('',(8.35,0.931161375621006,37.));
#7681=CARTESIAN_POINT('',(2.5,-26.75,37.));
#7682=CARTESIAN_POINT('',(-3.5,-26.75,37.));
#7683=CARTESIAN_POINT('',(1.3676926603985,-26.75,37.));
#7684=CARTESIAN_POINT('',(-3.5,-17.25,37.));
#7685=CARTESIAN_POINT('',(-3.5,-21.190879102442,37.));
#7686=CARTESIAN_POINT('',(2.5,-17.25,37.));
#7687=CARTESIAN_POINT('',(-1.1323073396015,-17.25,37.));
#7688=CARTESIAN_POINT('',(2.5,-16.440879102442,37.));
#7689=CARTESIAN_POINT('Origin',(-0.500000000000003,0.999999999999996,36.5));
#7690=CARTESIAN_POINT('',(-0.500000000000003,9.757359312881,36.5));
#7691=CARTESIAN_POINT('Origin',(-16.904286589278,-34.,28.));
#7692=CARTESIAN_POINT('Origin',(-0.500000000000003,-42.75735931288,36.5));
#7693=CARTESIAN_POINT('',(-1.,-42.75735931288,36.));
#7694=CARTESIAN_POINT('',(-1.,-42.75735931288,36.));
#7695=CARTESIAN_POINT('Origin',(-17.8199999999999,-33.75,28.8199999999999));
#7696=CARTESIAN_POINT('',(-21.8199999999999,-33.5,28.8199999999999));
#7697=CARTESIAN_POINT('',(-22.0699999999999,-33.75,28.8199999999999));
#7698=CARTESIAN_POINT('Origin',(-17.8199999999999,-33.5,28.8199999999999));
#7699=CARTESIAN_POINT('Origin',(-17.8199999999999,-34.,28.8199999999999));
#7700=CARTESIAN_POINT('',(-21.8199999999999,-31.5,28.8199999999999));
#7701=CARTESIAN_POINT('Origin',(-17.8199999999999,-31.5,28.8199999999999));
#7702=CARTESIAN_POINT('',(-21.8199999999999,-34.,28.8199999999999));
#7703=CARTESIAN_POINT('Origin',(-17.8199999999999,-5.75,28.8199999999999));
#7704=CARTESIAN_POINT('',(-19.7199999999999,-5.75,28.8199999999999));
#7705=CARTESIAN_POINT('Origin',(-17.8199999999999,-5.75,28.8199999999999));
#7706=CARTESIAN_POINT('Origin',(-17.8199999999999,-31.5,28.8199999999999));
#7707=CARTESIAN_POINT('',(-16.7144584032148,-31.5,30.4866666666666));
#7708=CARTESIAN_POINT('',(-18.925541596785,-31.5,30.4866666666666));
#7709=CARTESIAN_POINT('Origin',(-17.8199999999999,-31.5,28.8199999999999));
#7710=CARTESIAN_POINT('',(-17.8199999999999,-31.5,31.2199999999999));
#7711=CARTESIAN_POINT('',(-18.3151905068932,-31.5,30.8915277777777));
#7712=CARTESIAN_POINT('',(-16.772038694714,-31.5,30.524861111111));
#7713=CARTESIAN_POINT('Origin',(-17.8199999999999,-34.,31.2199999999999));
#7714=CARTESIAN_POINT('',(-18.925541596785,-26.4,30.4866666666666));
#7715=CARTESIAN_POINT('',(-18.925541596785,-34.,30.4866666666666));
#7716=CARTESIAN_POINT('',(-17.8199999999999,-26.4,31.2199999999999));
#7717=CARTESIAN_POINT('',(-17.8199999999999,-26.4,31.2199999999999));
#7718=CARTESIAN_POINT('',(-17.8199999999999,-34.,31.2199999999999));
#7719=CARTESIAN_POINT('Origin',(-17.8199999999999,-34.,28.8199999999999));
#7720=CARTESIAN_POINT('',(-16.7144584032148,-26.4,30.4866666666666));
#7721=CARTESIAN_POINT('',(-16.7144584032148,-34.,30.4866666666666));
#7722=CARTESIAN_POINT('Origin',(-17.8199999999999,-26.4,28.8199999999999));
#7723=CARTESIAN_POINT('Origin',(-16.7144584032148,-34.,30.4866666666666));
#7724=CARTESIAN_POINT('',(-17.8199999999999,-26.4,31.2199999999999));
#7725=CARTESIAN_POINT('Origin',(-17.8199999999999,-17.6,28.8199999999999));
#7726=CARTESIAN_POINT('',(-19.7199999999999,-17.6,28.8199999999999));
#7727=CARTESIAN_POINT('',(-19.7199999999999,-17.6,28.8199999999999));
#7728=CARTESIAN_POINT('Origin',(-17.8199999999999,-17.6,28.8199999999999));
#7729=CARTESIAN_POINT('Origin',(-17.8199999999999,-17.175,28.8199999999999));
#7730=CARTESIAN_POINT('',(-21.2199999999999,-17.6,28.8199999999999));
#7731=CARTESIAN_POINT('',(-21.6449999999999,-17.175,28.8199999999999));
#7732=CARTESIAN_POINT('Origin',(-17.8199999999999,-17.6,28.8199999999999));
#7733=CARTESIAN_POINT('Origin',(-17.8199999999999,-17.6,28.8199999999999));
#7734=CARTESIAN_POINT('Origin',(-17.8199999999999,-26.4,28.8199999999999));
#7735=CARTESIAN_POINT('',(-14.4199999999999,-26.4,28.8199999999999));
#7736=CARTESIAN_POINT('Origin',(-17.8199999999999,-26.4,28.8199999999999));
#7737=CARTESIAN_POINT('Origin',(-17.8199999999999,-26.825,28.8199999999999));
#7738=CARTESIAN_POINT('',(-13.9949999999999,-26.825,28.8199999999999));
#7739=CARTESIAN_POINT('Origin',(-7.8199999999999,-27.25,37.));
#7740=CARTESIAN_POINT('Origin',(-3.25,-21.190879102442,36.75));
#7741=CARTESIAN_POINT('',(-3.,-26.75,36.5));
#7742=CARTESIAN_POINT('',(-2.,-26.75,35.5));
#7743=CARTESIAN_POINT('',(-3.,-17.25,36.5));
#7744=CARTESIAN_POINT('',(-3.,-21.190879102442,36.5));
#7745=CARTESIAN_POINT('',(-3.25,-17.25,36.75));
#7746=CARTESIAN_POINT('Origin',(-3.,-26.75,37.));
#7747=CARTESIAN_POINT('',(-3.,-26.75,27.5));
#7748=CARTESIAN_POINT('',(-3.,-26.75,37.));
#7749=CARTESIAN_POINT('',(-3.,-17.25,27.5));
#7750=CARTESIAN_POINT('',(-3.,-17.25,27.5));
#7751=CARTESIAN_POINT('',(-3.,-17.25,37.));
#7752=CARTESIAN_POINT('Origin',(2.25,-16.440879102442,36.75));
#7753=CARTESIAN_POINT('',(2.,-17.25,36.5));
#7754=CARTESIAN_POINT('',(0.999999999999999,-17.25,35.5));
#7755=CARTESIAN_POINT('',(2.,-26.75,36.5));
#7756=CARTESIAN_POINT('',(2.,-16.440879102442,36.5));
#7757=CARTESIAN_POINT('',(2.25,-26.75,36.75));
#7758=CARTESIAN_POINT('Origin',(2.,-17.25,37.));
#7759=CARTESIAN_POINT('',(2.,-17.25,27.5));
#7760=CARTESIAN_POINT('',(2.,-17.25,37.));
#7761=CARTESIAN_POINT('',(2.,-26.75,27.5));
#7762=CARTESIAN_POINT('',(2.,-26.75,27.5));
#7763=CARTESIAN_POINT('',(2.,-26.75,37.));
#7764=CARTESIAN_POINT('Origin',(-5.750680578656,-17.95,21.4439402972984));
#7765=CARTESIAN_POINT('',(-14.,-15.7,21.4439402972984));
#7766=CARTESIAN_POINT('Origin',(-14.,-17.95,21.4439402972984));
#7767=CARTESIAN_POINT('',(-9.1600471694297,-15.7,21.4439402972984));
#7768=CARTESIAN_POINT('',(-5.750680578656,-15.7,21.4439402972984));
#7769=CARTESIAN_POINT('Origin',(-9.1600471694297,-17.95,21.4439402972984));
#7770=CARTESIAN_POINT('Ctrl Pts',(-6.8914296288622,-16.25,19.97));
#7771=CARTESIAN_POINT('Ctrl Pts',(-7.0864575146119,-16.25,19.97));
#7772=CARTESIAN_POINT('Ctrl Pts',(-7.8043189459732,-16.25,19.97));
#7773=CARTESIAN_POINT('Ctrl Pts',(-8.6724263851094,-16.25,19.97));
#7774=CARTESIAN_POINT('Ctrl Pts',(-9.1600471694297,-16.25,19.97));
#7775=CARTESIAN_POINT('Ctrl Pts',(-6.5836047604592,-16.1977471296631,20.1563613044881));
#7776=CARTESIAN_POINT('Ctrl Pts',(-6.8028900193868,-16.1450411116947,20.2450141362885));
#7777=CARTESIAN_POINT('Ctrl Pts',(-7.6121282338644,-15.9745051549086,20.3611940302611));
#7778=CARTESIAN_POINT('Ctrl Pts',(-8.6030084834259,-15.8990574905956,20.3747669142916));
#7779=CARTESIAN_POINT('Ctrl Pts',(-9.1600471694297,-15.8990574905956,20.3747669142916));
#7780=CARTESIAN_POINT('Ctrl Pts',(-6.2760601886739,-16.232037166702,20.3668048855824));
#7781=CARTESIAN_POINT('Ctrl Pts',(-6.5196914613029,-16.1391983766807,20.560367958155));
#7782=CARTESIAN_POINT('Ctrl Pts',(-7.4206983901425,-15.8370246734265,20.8465533946176));
#7783=CARTESIAN_POINT('Ctrl Pts',(-8.533926986116,-15.7,20.9082193813242));
#7784=CARTESIAN_POINT('Ctrl Pts',(-9.1600471694297,-15.7,20.9082193813242));
#7785=CARTESIAN_POINT('Ctrl Pts',(-6.0037097216836,-16.3489773557718,20.5774402652952));
#7786=CARTESIAN_POINT('Ctrl Pts',(-6.2750528670747,-16.2324696843311,20.8761008904971));
#7787=CARTESIAN_POINT('Ctrl Pts',(-7.2738165976642,-15.8605459512191,21.3331570625331));
#7788=CARTESIAN_POINT('Ctrl Pts',(-8.4816182521145,-15.7,21.4439402972984));
#7789=CARTESIAN_POINT('Ctrl Pts',(-9.1600471694297,-15.7,21.4439402972984));
#7790=CARTESIAN_POINT('',(-7.51639862342592,-16.2399999999996,19.9871449940105));
#7791=CARTESIAN_POINT('Ctrl Pts',(-7.54970965022485,-16.25,19.97));
#7792=CARTESIAN_POINT('Ctrl Pts',(-7.54383411980646,-16.2481633533063,19.9730657798618));
#7793=CARTESIAN_POINT('Ctrl Pts',(-7.53794130716297,-16.2463604373481,19.976118394661));
#7794=CARTESIAN_POINT('Ctrl Pts',(-7.52683350892256,-16.2430347768458,19.9818305785736));
#7795=CARTESIAN_POINT('Ctrl Pts',(-7.52162253115259,-16.2415044884515,19.9844931218208));
#7796=CARTESIAN_POINT('Ctrl Pts',(-7.51639862338216,-16.2400000000776,19.9871449939695));
#7797=CARTESIAN_POINT('Ctrl Pts',(-9.1600471694297,-15.7,21.4439402972984));
#7798=CARTESIAN_POINT('Ctrl Pts',(-8.4816182521145,-15.7,21.4439402972984));
#7799=CARTESIAN_POINT('Ctrl Pts',(-7.40877691235655,-15.8426064724816,21.3455360323511));
#7800=CARTESIAN_POINT('Ctrl Pts',(-6.5008675412012,-16.1519910732692,20.9739206860694));
#7801=CARTESIAN_POINT('Ctrl Pts',(-6.24580955714596,-16.2505487964831,20.7907814832074));
#7802=CARTESIAN_POINT('',(-6.37774182688793,-16.2402151098223,20.3288515128046));
#7803=CARTESIAN_POINT('Ctrl Pts',(-6.37764007092238,-16.2402653469832,20.3286465683268));
#7804=CARTESIAN_POINT('Ctrl Pts',(-6.37054593117341,-16.2418880682001,20.3294514093885));
#7805=CARTESIAN_POINT('Ctrl Pts',(-6.3634555554997,-16.2435386765348,20.3302328521475));
#7806=CARTESIAN_POINT('Ctrl Pts',(-6.34968771130956,-16.2467998726223,20.3317058181396));
#7807=CARTESIAN_POINT('Ctrl Pts',(-6.3430098645201,-16.2484073437824,20.3323999200641));
#7808=CARTESIAN_POINT('Ctrl Pts',(-6.33633597049668,-16.2500396616055,20.3330733737723));
#7809=CARTESIAN_POINT('Ctrl Pts',(-7.51639862341728,-16.2400000000535,19.987144994013));
#7810=CARTESIAN_POINT('Ctrl Pts',(-7.32414395302998,-16.2064326793468,20.0470966178915));
#7811=CARTESIAN_POINT('Ctrl Pts',(-7.12871476634896,-16.1881719473725,20.1056610716276));
#7812=CARTESIAN_POINT('Ctrl Pts',(-6.74739397232623,-16.18721943367,20.2172715700218));
#7813=CARTESIAN_POINT('Ctrl Pts',(-6.55992857791727,-16.2031795832211,20.2709046394622));
#7814=CARTESIAN_POINT('Ctrl Pts',(-6.37774182688793,-16.2402151098223,20.3288515128046));
#7815=CARTESIAN_POINT('Origin',(-9.1600471694297,-23.7,28.5840662362945));
#7816=CARTESIAN_POINT('',(-9.1600471694297,-15.7,28.5840662362945));
#7817=CARTESIAN_POINT('Origin',(-16.245,-15.7,37.));
#7818=CARTESIAN_POINT('',(-14.,-15.7,36.6));
#7819=CARTESIAN_POINT('',(-14.,-15.7,31.913841491316));
#7820=CARTESIAN_POINT('',(-14.76125,-15.7,37.36125));
#7821=CARTESIAN_POINT('Origin',(-6.,-16.25,17.));
#7822=CARTESIAN_POINT('',(-6.,-16.24,20.35));
#7823=CARTESIAN_POINT('Origin',(-6.,-16.24,17.));
#7824=CARTESIAN_POINT('Origin',(-6.,-16.24,17.));
#7825=CARTESIAN_POINT('Origin',(-14.,-11.222317017368,26.827682982632));
#7826=CARTESIAN_POINT('',(-14.,-16.25,17.));
#7827=CARTESIAN_POINT('',(-14.,-16.75,36.6));
#7828=CARTESIAN_POINT('Origin',(-14.2,-11.25,36.8));
#7829=CARTESIAN_POINT('Origin',(-3.,-17.25,37.));
#7830=CARTESIAN_POINT('',(2.,-17.25,27.5));
#7831=CARTESIAN_POINT('Origin',(2.,-26.75,37.));
#7832=CARTESIAN_POINT('',(-3.,-26.75,27.5));
#7833=CARTESIAN_POINT('Origin',(-0.500000000000003,-22.,27.5));
#7834=CARTESIAN_POINT('Origin',(-6.,-16.25,17.));
#7835=CARTESIAN_POINT('',(-6.,-16.25,9.));
#7836=CARTESIAN_POINT('Origin',(2.2,-16.25,36.8));
#7837=CARTESIAN_POINT('Origin',(2.,-42.75735931288,36.));
#7838=CARTESIAN_POINT('',(0.232233047033998,-44.52512626584,36.5));
#7839=CARTESIAN_POINT('Origin',(3.474873734153,-47.76776695296,36.5));
#7840=CARTESIAN_POINT('',(3.12132034356,-48.12132034356,36.));
#7841=CARTESIAN_POINT('Origin',(2.,9.757359312881,36.));
#7842=CARTESIAN_POINT('',(-0.121320343560003,11.87867965644,36.));
#7843=CARTESIAN_POINT('Origin',(5.24264068711,-46.,36.));
#7844=CARTESIAN_POINT('',(5.24264068711,-48.5,36.5));
#7845=CARTESIAN_POINT('Origin',(0.232233047033998,11.525126265847,36.5));
#7846=CARTESIAN_POINT('',(3.474873734153,14.767766952966,36.5));
#7847=CARTESIAN_POINT('Origin',(12.75735931288,-48.5,36.5));
#7848=CARTESIAN_POINT('',(12.75735931288,-49.,36.));
#7849=CARTESIAN_POINT('Origin',(5.24264068711,13.,36.));
#7850=CARTESIAN_POINT('',(5.24264068711,16.,36.));
#7851=CARTESIAN_POINT('Origin',(12.75735931288,-46.,36.));
#7852=CARTESIAN_POINT('',(14.52512626584,-47.76776695296,36.5));
#7853=CARTESIAN_POINT('Origin',(5.24264068711,15.5,36.5));
#7854=CARTESIAN_POINT('',(12.75735931288,15.5,36.5));
#7855=CARTESIAN_POINT('Origin',(17.76776695296,-44.52512626584,36.5));
#7856=CARTESIAN_POINT('',(18.12132034356,-44.87867965644,36.));
#7857=CARTESIAN_POINT('Origin',(12.75735931288,13.,36.));
#7858=CARTESIAN_POINT('',(14.87867965644,15.12132034356,36.));
#7859=CARTESIAN_POINT('Origin',(16.,-42.75735931288,36.));
#7860=CARTESIAN_POINT('',(18.5,-42.75735931288,36.5));
#7861=CARTESIAN_POINT('Origin',(16.,-42.75735931288,36.));
#7862=CARTESIAN_POINT('Origin',(14.52512626584,14.767766952966,36.5));
#7863=CARTESIAN_POINT('',(17.76776695296,11.525126265847,36.5));
#7864=CARTESIAN_POINT('Origin',(18.5,9.757359312881,36.5));
#7865=CARTESIAN_POINT('',(19.,9.757359312881,36.));
#7866=CARTESIAN_POINT('Origin',(16.,9.757359312881,36.));
#7867=CARTESIAN_POINT('Origin',(9.,6.,36.));
#7868=CARTESIAN_POINT('',(9.64877385670924,1.97697657238001,35.9999999958404));
#7869=CARTESIAN_POINT('',(8.3512261432808,1.9769765723805,35.9999999958405));
#7870=CARTESIAN_POINT('Origin',(9.,6.,36.));
#7871=CARTESIAN_POINT('Ctrl Pts',(9.64877385566241,1.9769765681523,35.9999999939846));
#7872=CARTESIAN_POINT('Ctrl Pts',(9.64886400025065,1.8260871972057,36.1489791370847));
#7873=CARTESIAN_POINT('Ctrl Pts',(9.64894601875288,1.6689606323323,36.3042833325888));
#7874=CARTESIAN_POINT('Ctrl Pts',(9.64902096068582,1.5050971632639,36.4664047297936));
#7875=CARTESIAN_POINT('Ctrl Pts',(9.64908963159193,1.3339665552739,36.6358675497888));
#7876=CARTESIAN_POINT('Ctrl Pts',(9.64915275038015,1.1548556925235,36.8133788796336));
#7877=CARTESIAN_POINT('Ctrl Pts',(9.64921088943806,0.967033954790093,36.9996647244899));
#7878=CARTESIAN_POINT('Ctrl Pts',(8.3507891105519,0.967033954790306,36.9996647244897));
#7879=CARTESIAN_POINT('Ctrl Pts',(8.3508472496099,1.1548556925236,36.8133788796334));
#7880=CARTESIAN_POINT('Ctrl Pts',(8.3509103683981,1.33396655527401,36.6358675497887));
#7881=CARTESIAN_POINT('Ctrl Pts',(8.3509790393042,1.5050971632639,36.4664047297935));
#7882=CARTESIAN_POINT('Ctrl Pts',(8.3510539812371,1.6689606323323,36.3042833325888));
#7883=CARTESIAN_POINT('Ctrl Pts',(8.3511359997394,1.8260871972057,36.1489791370847));
#7884=CARTESIAN_POINT('Ctrl Pts',(8.3512261443276,1.97697656815221,35.9999999939846));
#7885=CARTESIAN_POINT('Origin',(9.45,-9.5,36.8));
#7886=CARTESIAN_POINT('',(9.25000000000001,-9.5,36.6));
#7887=CARTESIAN_POINT('',(9.3,-9.55,36.65));
#7888=CARTESIAN_POINT('',(9.25000000000001,0.765621615832002,36.6));
#7889=CARTESIAN_POINT('Ctrl Pts',(9.64921074773465,0.967491674837575,36.9992107477347));
#7890=CARTESIAN_POINT('Ctrl Pts',(9.64905837032516,0.967414902334767,36.9990583703252));
#7891=CARTESIAN_POINT('Ctrl Pts',(9.64890599116159,0.967338128632109,36.9989059911616));
#7892=CARTESIAN_POINT('Ctrl Pts',(9.58238915134775,0.933824589192733,36.9323891513477));
#7893=CARTESIAN_POINT('Ctrl Pts',(9.51603613170722,0.900333629124264,36.8660361317072));
#7894=CARTESIAN_POINT('Ctrl Pts',(9.38311921421123,0.833122273779896,36.7331192142112));
#7895=CARTESIAN_POINT('Ctrl Pts',(9.31655152992319,0.799399514533006,36.6665515299191));
#7896=CARTESIAN_POINT('Ctrl Pts',(9.25000000000099,0.765621615836247,36.5999999999969));
#7897=CARTESIAN_POINT('',(9.25000000000001,-9.5,36.6));
#7898=CARTESIAN_POINT('Origin',(8.75,-9.70000000000001,36.8));
#7899=CARTESIAN_POINT('',(8.75,-9.5,36.6));
#7900=CARTESIAN_POINT('',(10.3551935626,-7.894806437397,34.994806437397));
#7901=CARTESIAN_POINT('',(8.75,-9.5,36.6));
#7902=CARTESIAN_POINT('Origin',(8.55,0.931161375621006,36.8));
#7903=CARTESIAN_POINT('',(8.75,0.765621615832002,36.6));
#7904=CARTESIAN_POINT('Ctrl Pts',(8.35078925225535,0.967491674827494,36.9992107477446));
#7905=CARTESIAN_POINT('Ctrl Pts',(8.35094163456958,0.967414899853525,36.9990583654304));
#7906=CARTESIAN_POINT('Ctrl Pts',(8.35109401128221,0.96733812738572,36.9989059887178));
#7907=CARTESIAN_POINT('Ctrl Pts',(8.41761084865494,0.933824589178789,36.932389151345));
#7908=CARTESIAN_POINT('Ctrl Pts',(8.48396386829301,0.900333629114067,36.866036131707));
#7909=CARTESIAN_POINT('Ctrl Pts',(8.61688079686133,0.833122268175863,36.7331192031387));
#7910=CARTESIAN_POINT('Ctrl Pts',(8.68344847550167,0.799399511768852,36.6665515245025));
#7911=CARTESIAN_POINT('Ctrl Pts',(8.75,0.765621615827472,36.6000000000041));
#7912=CARTESIAN_POINT('',(8.75,0.931161375621006,36.6));
#7913=CARTESIAN_POINT('Origin',(9.,-39.,36.));
#7914=CARTESIAN_POINT('',(8.351226143281,-34.9769765723792,35.9999999958397));
#7915=CARTESIAN_POINT('',(9.,-43.075,36.));
#7916=CARTESIAN_POINT('Origin',(9.,-39.,36.));
#7917=CARTESIAN_POINT('Ctrl Pts',(8.3507891105519,-33.9670339545799,36.9996647246965));
#7918=CARTESIAN_POINT('Ctrl Pts',(8.3508472496098,-34.1548556923546,36.8133788797973));
#7919=CARTESIAN_POINT('Ctrl Pts',(8.350910368398,-34.3339665551422,36.6358675499135));
#7920=CARTESIAN_POINT('Ctrl Pts',(8.3509790393041,-34.5050971631671,36.4664047298828));
#7921=CARTESIAN_POINT('Ctrl Pts',(8.3510539812371,-34.6689606322687,36.304283332645));
#7922=CARTESIAN_POINT('Ctrl Pts',(8.3511359997393,-34.8260871971739,36.1489791371107));
#7923=CARTESIAN_POINT('Ctrl Pts',(8.3512261443276,-34.9769765681493,35.9999999939826));
#7924=CARTESIAN_POINT('',(9.64877385670899,-34.9769765723786,35.9999999958396));
#7925=CARTESIAN_POINT('Ctrl Pts',(9.64877385566242,-34.9769765681493,35.9999999939826));
#7926=CARTESIAN_POINT('Ctrl Pts',(9.64886400025067,-34.8260871971738,36.1489791371106));
#7927=CARTESIAN_POINT('Ctrl Pts',(9.64894601875291,-34.6689606322686,36.3042833326448));
#7928=CARTESIAN_POINT('Ctrl Pts',(9.64902096068587,-34.505097163167,36.4664047298825));
#7929=CARTESIAN_POINT('Ctrl Pts',(9.64908963159198,-34.333966555142,36.6358675499134));
#7930=CARTESIAN_POINT('Ctrl Pts',(9.64915275038021,-34.1548556923544,36.8133788797974));
#7931=CARTESIAN_POINT('Ctrl Pts',(9.64921088943812,-33.9670339545796,36.9996647246967));
#7932=CARTESIAN_POINT('Origin',(9.,-39.,36.));
#7933=CARTESIAN_POINT('Origin',(8.55,-33.93116137562,36.8));
#7934=CARTESIAN_POINT('',(8.75,-33.76562161583,36.6));
#7935=CARTESIAN_POINT('Ctrl Pts',(8.35078925225535,-33.9674916748256,36.9992107477446));
#7936=CARTESIAN_POINT('Ctrl Pts',(8.35094162931765,-33.9674149024978,36.9990583706823));
#7937=CARTESIAN_POINT('Ctrl Pts',(8.35109400865152,-33.9673381287093,36.9989059913485));
#7938=CARTESIAN_POINT('Ctrl Pts',(8.41761084864831,-33.9338245891799,36.9323891513517));
#7939=CARTESIAN_POINT('Ctrl Pts',(8.48396386828498,-33.9003336291154,36.866036131715));
#7940=CARTESIAN_POINT('Ctrl Pts',(8.61688079130106,-33.833122270984,36.7331192086989));
#7941=CARTESIAN_POINT('Ctrl Pts',(8.68344847277779,-33.7993995131516,36.6665515272222));
#7942=CARTESIAN_POINT('Ctrl Pts',(8.75,-33.7656216158274,36.6));
#7943=CARTESIAN_POINT('',(8.75,-23.5,36.6));
#7944=CARTESIAN_POINT('',(8.75,-33.93116137562,36.6));
#7945=CARTESIAN_POINT('',(10.3551935626,-25.105193562603,34.994806437397));
#7946=CARTESIAN_POINT('Origin',(8.75,-23.3,36.8));
#7947=CARTESIAN_POINT('',(9.25000000000001,-23.5,36.6));
#7948=CARTESIAN_POINT('',(8.75,-23.5,36.6));
#7949=CARTESIAN_POINT('',(9.3,-23.45,36.65));
#7950=CARTESIAN_POINT('Origin',(9.45,-23.5,36.8));
#7951=CARTESIAN_POINT('',(9.25000000000001,-33.76562161583,36.6));
#7952=CARTESIAN_POINT('',(9.25000000000001,-23.5,36.6));
#7953=CARTESIAN_POINT('Ctrl Pts',(9.64921074773465,-33.9674916748357,36.9992107477346));
#7954=CARTESIAN_POINT('Ctrl Pts',(9.64905836741158,-33.9674149008649,36.9990583674116));
#7955=CARTESIAN_POINT('Ctrl Pts',(9.6489059897097,-33.9673381278987,36.9989059897097));
#7956=CARTESIAN_POINT('Ctrl Pts',(9.58238915135279,-33.9338245891929,36.9323891513528));
#7957=CARTESIAN_POINT('Ctrl Pts',(9.5160361317145,-33.9003336291251,36.8660361317145));
#7958=CARTESIAN_POINT('Ctrl Pts',(9.38311919471953,-33.83312226392,36.7331191947195));
#7959=CARTESIAN_POINT('Ctrl Pts',(9.31655152037376,-33.7993995096676,36.6665515203842));
#7960=CARTESIAN_POINT('Ctrl Pts',(9.25000000000001,-33.7656216158168,36.6000000000104));
#7961=CARTESIAN_POINT('Origin',(6.2,-0.700000000000003,36.8));
#7962=CARTESIAN_POINT('',(6.,-0.700000000000003,36.6));
#7963=CARTESIAN_POINT('',(5.8,-0.899999999999999,36.4));
#7964=CARTESIAN_POINT('',(6.,-6.3,36.6));
#7965=CARTESIAN_POINT('',(6.,-0.700000000000003,36.6));
#7966=CARTESIAN_POINT('',(5.2,-5.5,35.8));
#7967=CARTESIAN_POINT('Origin',(6.,-6.5,36.8));
#7968=CARTESIAN_POINT('',(4.,-6.3,36.6));
#7969=CARTESIAN_POINT('',(6.,-6.3,36.6));
#7970=CARTESIAN_POINT('',(4.2,-6.1,36.4));
#7971=CARTESIAN_POINT('Origin',(3.8,-6.3,36.8));
#7972=CARTESIAN_POINT('',(4.,-0.700000000000003,36.6));
#7973=CARTESIAN_POINT('',(4.,-6.3,36.6));
#7974=CARTESIAN_POINT('',(4.8,-1.5,35.8));
#7975=CARTESIAN_POINT('Origin',(4.,-0.499999999999998,36.8));
#7976=CARTESIAN_POINT('',(4.,-0.700000000000003,36.6));
#7977=CARTESIAN_POINT('Origin',(6.2,-26.7,36.8));
#7978=CARTESIAN_POINT('',(6.,-26.7,36.6));
#7979=CARTESIAN_POINT('',(5.8,-26.9,36.4));
#7980=CARTESIAN_POINT('',(6.,-32.29999999999,36.6));
#7981=CARTESIAN_POINT('',(6.,-26.7,36.6));
#7982=CARTESIAN_POINT('',(5.2,-31.49999999999,35.800000000002));
#7983=CARTESIAN_POINT('Origin',(6.,-32.49999999999,36.8));
#7984=CARTESIAN_POINT('',(4.,-32.29999999999,36.6));
#7985=CARTESIAN_POINT('',(6.,-32.29999999999,36.6));
#7986=CARTESIAN_POINT('',(4.2,-32.09999999999,36.4));
#7987=CARTESIAN_POINT('Origin',(3.8,-32.29999999999,36.8));
#7988=CARTESIAN_POINT('',(4.,-26.7,36.6));
#7989=CARTESIAN_POINT('',(4.,-32.29999999999,36.6));
#7990=CARTESIAN_POINT('',(4.79999999999,-27.49999999999,35.800000000002));
#7991=CARTESIAN_POINT('Origin',(4.,-26.5,36.8));
#7992=CARTESIAN_POINT('',(4.,-26.7,36.6));
#7993=CARTESIAN_POINT('Origin',(19.,-16.25,9.));
#7994=CARTESIAN_POINT('Origin',(-6.,-5.75,17.));
#7995=CARTESIAN_POINT('',(-6.,-5.76,13.65));
#7996=CARTESIAN_POINT('',(-6.,-5.75,13.65));
#7997=CARTESIAN_POINT('Origin',(-6.,-5.76,17.));
#7998=CARTESIAN_POINT('Origin',(-1.,-34.,37.));
#7999=CARTESIAN_POINT('Origin',(16.,-42.75735931288,37.));
#8000=CARTESIAN_POINT('Origin',(9.,6.,37.));
#8001=CARTESIAN_POINT('',(9.,1.925,10.24));
#8002=CARTESIAN_POINT('Origin',(9.,6.,10.24));
#8003=CARTESIAN_POINT('',(9.,1.925,10.6));
#8004=CARTESIAN_POINT('',(9.,1.925,37.));
#8005=CARTESIAN_POINT('',(9.64756097532,1.97678116637499,10.6));
#8006=CARTESIAN_POINT('Origin',(9.,6.,10.6));
#8007=CARTESIAN_POINT('',(9.64756097532,1.97678116637499,35.998350134806));
#8008=CARTESIAN_POINT('',(9.64756097532,1.97678116637499,11.));
#8009=CARTESIAN_POINT('',(9.64756097532096,1.9767811663758,35.9983501348052));
#8010=CARTESIAN_POINT('',(8.35243902467,1.97678116637499,35.998350134806));
#8011=CARTESIAN_POINT('',(8.352439024669,1.9767811663758,35.9983501348052));
#8012=CARTESIAN_POINT('',(8.35243902467,1.97678116637499,10.6));
#8013=CARTESIAN_POINT('',(8.35243902467,1.97678116637499,11.));
#8014=CARTESIAN_POINT('Origin',(9.,6.,10.6));
#8015=CARTESIAN_POINT('Ctrl Pts',(8.35068701887,0.602559714342004,37.361351080059));
#8016=CARTESIAN_POINT('Ctrl Pts',(8.35068971278,0.612899225688999,37.35108696667));
#8017=CARTESIAN_POINT('Ctrl Pts',(8.35069240663,0.623238508360995,37.340823080287));
#8018=CARTESIAN_POINT('Ctrl Pts',(8.35069510042,0.633577562359005,37.330559420911));
#8019=CARTESIAN_POINT('Ctrl Pts',(8.35069779415,0.643916387681998,37.320295988543));
#8020=CARTESIAN_POINT('Ctrl Pts',(8.35070048782,0.654254984330001,37.310032783182));
#8021=CARTESIAN_POINT('Ctrl Pts',(8.3507842473,0.975732820659996,36.990899232892));
#8022=CARTESIAN_POINT('Ctrl Pts',(8.35087611707,1.263883969887,36.705161542145));
#8023=CARTESIAN_POINT('Ctrl Pts',(8.3509804635,1.531715345568,36.439900177002));
#8024=CARTESIAN_POINT('Ctrl Pts',(8.35110009426,1.782427011278,36.19194098505));
#8025=CARTESIAN_POINT('Ctrl Pts',(8.35123788172,2.017470239762,35.959852235075));
#8026=CARTESIAN_POINT('Ctrl Pts',(8.35140512797,2.247516570236,35.7331235579));
#8027=CARTESIAN_POINT('Ctrl Pts',(8.35141193943,2.256885692151,35.723889554411));
#8028=CARTESIAN_POINT('Ctrl Pts',(8.35141923882,2.266925971088,35.713994073109));
#8029=CARTESIAN_POINT('Ctrl Pts',(8.35142702616,2.277637407046,35.703437113994));
#8030=CARTESIAN_POINT('Ctrl Pts',(8.35143530143,2.289020000025,35.692218677066));
#8031=CARTESIAN_POINT('Ctrl Pts',(8.35144406464,2.301073750026,35.680338762324));
#8032=CARTESIAN_POINT('Ctrl Pts',(8.75,0.303308644250997,37.061774168601));
#8033=CARTESIAN_POINT('Ctrl Pts',(8.75,0.313615570256998,37.051478473834));
#8034=CARTESIAN_POINT('Ctrl Pts',(8.75,0.323922496262004,37.041182779067));
#8035=CARTESIAN_POINT('Ctrl Pts',(8.75,0.334229422268004,37.0308870843));
#8036=CARTESIAN_POINT('Ctrl Pts',(8.75,0.344536348273996,37.020591389534));
#8037=CARTESIAN_POINT('Ctrl Pts',(8.75,0.354843274279997,37.010295694767));
#8038=CARTESIAN_POINT('Ctrl Pts',(8.75,0.675343403513997,36.690144807738));
#8039=CARTESIAN_POINT('Ctrl Pts',(8.75,0.962489936047,36.403357565776));
#8040=CARTESIAN_POINT('Ctrl Pts',(8.75,1.229253497726,36.136977991881));
#8041=CARTESIAN_POINT('Ctrl Pts',(8.75,1.478823160475,35.88781881401));
#8042=CARTESIAN_POINT('Ctrl Pts',(8.75,1.71264486727,35.654439522967));
#8043=CARTESIAN_POINT('Ctrl Pts',(8.75,1.941322142547,35.426259226682));
#8044=CARTESIAN_POINT('Ctrl Pts',(8.75,1.95063486812399,35.416966740235));
#8045=CARTESIAN_POINT('Ctrl Pts',(8.75,1.960614117845,35.407009178184));
#8046=CARTESIAN_POINT('Ctrl Pts',(8.75,1.97125989171,35.396386540532));
#8047=CARTESIAN_POINT('Ctrl Pts',(8.75,1.982572189718,35.385098827278));
#8048=CARTESIAN_POINT('Ctrl Pts',(8.75,1.994551011869,35.373146038421));
#8049=CARTESIAN_POINT('',(8.75,1.532675941113,35.834099825394));
#8050=CARTESIAN_POINT('Origin',(30.2698940942246,-22.5066478416334,154.084047910658));
#8051=CARTESIAN_POINT('Ctrl Pts',(8.75,0.765621615831797,36.5999999999998));
#8052=CARTESIAN_POINT('Ctrl Pts',(8.75,0.904668331256406,36.4611301556617));
#8053=CARTESIAN_POINT('Ctrl Pts',(8.75,1.0388389780059,36.3271420792584));
#8054=CARTESIAN_POINT('Ctrl Pts',(8.75,1.1684476982703,36.197721974709));
#8055=CARTESIAN_POINT('Ctrl Pts',(8.75,1.2937938057293,36.0725708862373));
#8056=CARTESIAN_POINT('Ctrl Pts',(8.75,1.4151275488029,35.9514390143393));
#8057=CARTESIAN_POINT('Ctrl Pts',(8.75,1.5326759411127,35.8340998253948));
#8058=CARTESIAN_POINT('Ctrl Pts',(9.25000000000001,1.994551011869,35.373146038421));
#8059=CARTESIAN_POINT('Ctrl Pts',(9.25000000000001,1.982572189718,35.385098827278));
#8060=CARTESIAN_POINT('Ctrl Pts',(9.25000000000001,1.97125989171,35.396386540532));
#8061=CARTESIAN_POINT('Ctrl Pts',(9.25000000000001,1.960614117845,35.407009178184));
#8062=CARTESIAN_POINT('Ctrl Pts',(9.25000000000001,1.95063486812399,35.416966740235));
#8063=CARTESIAN_POINT('Ctrl Pts',(9.25000000000001,1.941322142547,35.426259226682));
#8064=CARTESIAN_POINT('Ctrl Pts',(9.25000000000001,1.71264486727,35.654439522967));
#8065=CARTESIAN_POINT('Ctrl Pts',(9.25000000000001,1.478823160475,35.88781881401));
#8066=CARTESIAN_POINT('Ctrl Pts',(9.25000000000001,1.22925349772499,36.136977991882));
#8067=CARTESIAN_POINT('Ctrl Pts',(9.25000000000001,0.962489936048003,36.403357565775));
#8068=CARTESIAN_POINT('Ctrl Pts',(9.25000000000001,0.675343403513997,36.690144807738));
#8069=CARTESIAN_POINT('Ctrl Pts',(9.25000000000001,0.354843274279997,37.010295694767));
#8070=CARTESIAN_POINT('Ctrl Pts',(9.25000000000001,0.344536348273996,37.020591389534));
#8071=CARTESIAN_POINT('Ctrl Pts',(9.25000000000001,0.334229422268004,37.0308870843));
#8072=CARTESIAN_POINT('Ctrl Pts',(9.25000000000001,0.323922496262004,37.041182779067));
#8073=CARTESIAN_POINT('Ctrl Pts',(9.25000000000001,0.313615570256998,37.051478473834));
#8074=CARTESIAN_POINT('Ctrl Pts',(9.25000000000001,0.303308644250997,37.061774168601));
#8075=CARTESIAN_POINT('Ctrl Pts',(9.64855593535001,2.301073750026,35.680338762324));
#8076=CARTESIAN_POINT('Ctrl Pts',(9.64856469856,2.289020000025,35.692218677066));
#8077=CARTESIAN_POINT('Ctrl Pts',(9.64857297383,2.277637407046,35.703437113994));
#8078=CARTESIAN_POINT('Ctrl Pts',(9.64858076117,2.266925971088,35.713994073109));
#8079=CARTESIAN_POINT('Ctrl Pts',(9.64858806056,2.256885692151,35.723889554411));
#8080=CARTESIAN_POINT('Ctrl Pts',(9.64859487202,2.247516570236,35.7331235579));
#8081=CARTESIAN_POINT('Ctrl Pts',(9.64876211827,2.017470239762,35.959852235075));
#8082=CARTESIAN_POINT('Ctrl Pts',(9.64889990573,1.782427011278,36.19194098505));
#8083=CARTESIAN_POINT('Ctrl Pts',(9.64901953649,1.531715345568,36.439900177002));
#8084=CARTESIAN_POINT('Ctrl Pts',(9.64912388292,1.263883969887,36.705161542145));
#8085=CARTESIAN_POINT('Ctrl Pts',(9.64921575269001,0.975732820659996,36.990899232892));
#8086=CARTESIAN_POINT('Ctrl Pts',(9.64929951217,0.654254984330001,37.310032783182));
#8087=CARTESIAN_POINT('Ctrl Pts',(9.64930220584001,0.643916387681998,37.320295988543));
#8088=CARTESIAN_POINT('Ctrl Pts',(9.64930489957,0.633577562359005,37.330559420911));
#8089=CARTESIAN_POINT('Ctrl Pts',(9.64930759336,0.623238508360995,37.340823080287));
#8090=CARTESIAN_POINT('Ctrl Pts',(9.64931028721,0.612899225688999,37.35108696667));
#8091=CARTESIAN_POINT('Ctrl Pts',(9.64931298112,0.602559714342004,37.361351080059));
#8092=CARTESIAN_POINT('',(9.25000000000001,1.532675941113,35.834099825394));
#8093=CARTESIAN_POINT('Origin',(-12.2698934013782,-22.5066485269744,154.08404808548));
#8094=CARTESIAN_POINT('Ctrl Pts',(9.25000000000001,1.5326759411127,35.8340998253948));
#8095=CARTESIAN_POINT('Ctrl Pts',(9.25000000000001,1.4151275488028,35.9514390143394));
#8096=CARTESIAN_POINT('Ctrl Pts',(9.25000000000001,1.2937938057292,36.0725708862374));
#8097=CARTESIAN_POINT('Ctrl Pts',(9.25000000000001,1.1684476982703,36.1977219747091));
#8098=CARTESIAN_POINT('Ctrl Pts',(9.25000000000001,1.038838978006,36.3271420792584));
#8099=CARTESIAN_POINT('Ctrl Pts',(9.25000000000001,0.904668331256504,36.4611301556616));
#8100=CARTESIAN_POINT('Ctrl Pts',(9.25000000000001,0.765621615831797,36.5999999999998));
#8101=CARTESIAN_POINT('Origin',(9.25000000000001,-9.5,37.));
#8102=CARTESIAN_POINT('',(9.24990703276195,1.53232926064532,10.9998729060042));
#8103=CARTESIAN_POINT('',(9.25,-9.5,26.5));
#8104=CARTESIAN_POINT('',(9.25,1.532675941113,11.));
#8105=CARTESIAN_POINT('',(9.25000000000001,-9.5,37.));
#8106=CARTESIAN_POINT('',(9.25,1.532675941113,11.));
#8107=CARTESIAN_POINT('',(9.25,-3.50000000000001,29.35));
#8108=CARTESIAN_POINT('Origin',(9.25,-3.50000000000001,31.));
#8109=CARTESIAN_POINT('Origin',(8.75,-9.5,37.));
#8110=CARTESIAN_POINT('',(8.75,-9.5,26.5));
#8111=CARTESIAN_POINT('',(8.75,-9.5,26.5));
#8112=CARTESIAN_POINT('',(8.75,-9.5,37.));
#8113=CARTESIAN_POINT('Origin',(8.75,2.5,37.));
#8114=CARTESIAN_POINT('',(8.75009296723727,1.53232926064502,10.999872906006));
#8115=CARTESIAN_POINT('',(8.75,1.532675941113,11.));
#8116=CARTESIAN_POINT('',(8.75,1.532675941113,11.));
#8117=CARTESIAN_POINT('',(8.75,-3.50000000000001,29.35));
#8118=CARTESIAN_POINT('Origin',(8.75,-3.50000000000001,31.));
#8119=CARTESIAN_POINT('Origin',(9.,-39.,37.));
#8120=CARTESIAN_POINT('',(9.,-43.075,10.24));
#8121=CARTESIAN_POINT('Origin',(9.,-39.,10.24));
#8122=CARTESIAN_POINT('',(9.,-43.075,37.));
#8123=CARTESIAN_POINT('',(9.64756097532,-34.97678116637,35.998350134806));
#8124=CARTESIAN_POINT('',(9.64756097532078,-34.9767811663739,35.998350134805));
#8125=CARTESIAN_POINT('',(9.64756097532,-34.97678116637,10.6));
#8126=CARTESIAN_POINT('',(9.64756097532,-34.97678116637,11.));
#8127=CARTESIAN_POINT('',(8.35243902467,-34.97678116637,10.6));
#8128=CARTESIAN_POINT('Origin',(9.,-39.,10.6));
#8129=CARTESIAN_POINT('',(8.35243902467,-34.97678116637,35.998350134806));
#8130=CARTESIAN_POINT('',(8.35243902467,-34.97678116637,11.));
#8131=CARTESIAN_POINT('',(8.3524390246692,-34.9767811663739,35.998350134805));
#8132=CARTESIAN_POINT('Ctrl Pts',(8.35068701887,-33.60255971434,37.361351080059));
#8133=CARTESIAN_POINT('Ctrl Pts',(8.35068971278,-33.61289922568,37.35108696667));
#8134=CARTESIAN_POINT('Ctrl Pts',(8.35069240663,-33.62323850836,37.340823080287));
#8135=CARTESIAN_POINT('Ctrl Pts',(8.35069510042,-33.63357756235,37.330559420911));
#8136=CARTESIAN_POINT('Ctrl Pts',(8.35069779415,-33.64391638768,37.320295988543));
#8137=CARTESIAN_POINT('Ctrl Pts',(8.35070048782,-33.65425498433,37.310032783182));
#8138=CARTESIAN_POINT('Ctrl Pts',(8.3507842473,-33.97573282066,36.990899232892));
#8139=CARTESIAN_POINT('Ctrl Pts',(8.35087611707,-34.26388396988,36.705161542145));
#8140=CARTESIAN_POINT('Ctrl Pts',(8.3509804635,-34.53171534556,36.439900177003));
#8141=CARTESIAN_POINT('Ctrl Pts',(8.35110009426,-34.78242701127,36.19194098505));
#8142=CARTESIAN_POINT('Ctrl Pts',(8.35123788172,-35.01747023976,35.959852235075));
#8143=CARTESIAN_POINT('Ctrl Pts',(8.35140512797,-35.24751657023,35.7331235579));
#8144=CARTESIAN_POINT('Ctrl Pts',(8.35141193943,-35.25688569215,35.723889554411));
#8145=CARTESIAN_POINT('Ctrl Pts',(8.35141923882,-35.26692597108,35.713994073109));
#8146=CARTESIAN_POINT('Ctrl Pts',(8.35142702616,-35.27763740704,35.703437113994));
#8147=CARTESIAN_POINT('Ctrl Pts',(8.35143530143,-35.28902000002,35.692218677066));
#8148=CARTESIAN_POINT('Ctrl Pts',(8.35144406464,-35.30107375002,35.680338762324));
#8149=CARTESIAN_POINT('Ctrl Pts',(8.75,-33.30330864425,37.061774168601));
#8150=CARTESIAN_POINT('Ctrl Pts',(8.75,-33.31361557025,37.051478473834));
#8151=CARTESIAN_POINT('Ctrl Pts',(8.75,-33.32392249626,37.041182779067));
#8152=CARTESIAN_POINT('Ctrl Pts',(8.75,-33.33422942226,37.0308870843));
#8153=CARTESIAN_POINT('Ctrl Pts',(8.75,-33.34453634827,37.020591389534));
#8154=CARTESIAN_POINT('Ctrl Pts',(8.75,-33.35484327428,37.010295694767));
#8155=CARTESIAN_POINT('Ctrl Pts',(8.75,-33.67534340351,36.690144807738));
#8156=CARTESIAN_POINT('Ctrl Pts',(8.75,-33.96248993604,36.403357565776));
#8157=CARTESIAN_POINT('Ctrl Pts',(8.75,-34.22925349772,36.136977991881));
#8158=CARTESIAN_POINT('Ctrl Pts',(8.75,-34.47882316047,35.88781881401));
#8159=CARTESIAN_POINT('Ctrl Pts',(8.75,-34.71264486727,35.654439522967));
#8160=CARTESIAN_POINT('Ctrl Pts',(8.75,-34.94132214254,35.426259226682));
#8161=CARTESIAN_POINT('Ctrl Pts',(8.75,-34.95063486812,35.416966740235));
#8162=CARTESIAN_POINT('Ctrl Pts',(8.75,-34.96061411784,35.407009178184));
#8163=CARTESIAN_POINT('Ctrl Pts',(8.75,-34.97125989171,35.396386540532));
#8164=CARTESIAN_POINT('Ctrl Pts',(8.75,-34.98257218971,35.385098827278));
#8165=CARTESIAN_POINT('Ctrl Pts',(8.75,-34.99455101186,35.373146038421));
#8166=CARTESIAN_POINT('',(8.75,-34.53267594111,35.834099825394));
#8167=CARTESIAN_POINT('Origin',(30.2698938013142,-10.4933519351156,154.084047805056));
#8168=CARTESIAN_POINT('Ctrl Pts',(8.75,-33.7656216158287,36.5999999999987));
#8169=CARTESIAN_POINT('Ctrl Pts',(8.75,-33.9046683312522,36.4611301556607));
#8170=CARTESIAN_POINT('Ctrl Pts',(8.75,-34.0388389780012,36.3271420792576));
#8171=CARTESIAN_POINT('Ctrl Pts',(8.75,-34.1684476982655,36.1977219747083));
#8172=CARTESIAN_POINT('Ctrl Pts',(8.75,-34.2937938057249,36.0725708862366));
#8173=CARTESIAN_POINT('Ctrl Pts',(8.75,-34.415127548799,35.9514390143388));
#8174=CARTESIAN_POINT('Ctrl Pts',(8.75,-34.5326759411092,35.8340998253944));
#8175=CARTESIAN_POINT('Ctrl Pts',(9.64855593535001,-35.30107375002,35.680338762324));
#8176=CARTESIAN_POINT('Ctrl Pts',(9.64856469856,-35.28902000002,35.692218677066));
#8177=CARTESIAN_POINT('Ctrl Pts',(9.64857297383,-35.27763740704,35.703437113994));
#8178=CARTESIAN_POINT('Ctrl Pts',(9.64858076117,-35.26692597108,35.71399407311));
#8179=CARTESIAN_POINT('Ctrl Pts',(9.64858806056,-35.25688569215,35.723889554411));
#8180=CARTESIAN_POINT('Ctrl Pts',(9.64859487202,-35.24751657023,35.7331235579));
#8181=CARTESIAN_POINT('Ctrl Pts',(9.64876211827,-35.01747023976,35.959852235075));
#8182=CARTESIAN_POINT('Ctrl Pts',(9.64889990573,-34.78242701127,36.19194098505));
#8183=CARTESIAN_POINT('Ctrl Pts',(9.64901953649,-34.53171534556,36.439900177002));
#8184=CARTESIAN_POINT('Ctrl Pts',(9.64912388292,-34.26388396988,36.705161542145));
#8185=CARTESIAN_POINT('Ctrl Pts',(9.64921575269001,-33.97573282066,36.990899232892));
#8186=CARTESIAN_POINT('Ctrl Pts',(9.64929951217,-33.65425498433,37.310032783182));
#8187=CARTESIAN_POINT('Ctrl Pts',(9.64930220584001,-33.64391638768,37.320295988543));
#8188=CARTESIAN_POINT('Ctrl Pts',(9.64930489957,-33.63357756235,37.330559420911));
#8189=CARTESIAN_POINT('Ctrl Pts',(9.64930759336,-33.62323850836,37.340823080287));
#8190=CARTESIAN_POINT('Ctrl Pts',(9.64931028721,-33.61289922568,37.35108696667));
#8191=CARTESIAN_POINT('Ctrl Pts',(9.64931298112,-33.60255971434,37.361351080059));
#8192=CARTESIAN_POINT('Ctrl Pts',(9.25000000000001,-34.99455101186,35.373146038421));
#8193=CARTESIAN_POINT('Ctrl Pts',(9.25000000000001,-34.98257218971,35.385098827278));
#8194=CARTESIAN_POINT('Ctrl Pts',(9.25000000000001,-34.97125989171,35.396386540532));
#8195=CARTESIAN_POINT('Ctrl Pts',(9.25000000000001,-34.96061411784,35.407009178184));
#8196=CARTESIAN_POINT('Ctrl Pts',(9.25000000000001,-34.95063486812,35.416966740235));
#8197=CARTESIAN_POINT('Ctrl Pts',(9.25000000000001,-34.94132214254,35.426259226682));
#8198=CARTESIAN_POINT('Ctrl Pts',(9.25000000000001,-34.71264486727,35.654439522967));
#8199=CARTESIAN_POINT('Ctrl Pts',(9.25000000000001,-34.47882316047,35.88781881401));
#8200=CARTESIAN_POINT('Ctrl Pts',(9.25000000000001,-34.22925349772,36.136977991882));
#8201=CARTESIAN_POINT('Ctrl Pts',(9.25000000000001,-33.96248993604,36.403357565775));
#8202=CARTESIAN_POINT('Ctrl Pts',(9.25000000000001,-33.67534340351,36.690144807738));
#8203=CARTESIAN_POINT('Ctrl Pts',(9.25000000000001,-33.35484327428,37.010295694767));
#8204=CARTESIAN_POINT('Ctrl Pts',(9.25000000000001,-33.34453634827,37.020591389534));
#8205=CARTESIAN_POINT('Ctrl Pts',(9.25000000000001,-33.33422942226,37.0308870843));
#8206=CARTESIAN_POINT('Ctrl Pts',(9.25000000000001,-33.32392249626,37.041182779067));
#8207=CARTESIAN_POINT('Ctrl Pts',(9.25000000000001,-33.31361557025,37.051478473834));
#8208=CARTESIAN_POINT('Ctrl Pts',(9.25000000000001,-33.30330864425,37.061774168601));
#8209=CARTESIAN_POINT('',(9.25000000000001,-34.53267594111,35.834099825394));
#8210=CARTESIAN_POINT('Origin',(-12.2698930802478,-10.4933512031291,154.084048037634));
#8211=CARTESIAN_POINT('Ctrl Pts',(9.25000000000001,-34.5326759411093,35.8340998253944));
#8212=CARTESIAN_POINT('Ctrl Pts',(9.25000000000001,-34.4151275487991,35.9514390143389));
#8213=CARTESIAN_POINT('Ctrl Pts',(9.25000000000001,-34.2937938057249,36.0725708862368));
#8214=CARTESIAN_POINT('Ctrl Pts',(9.25000000000001,-34.1684476982655,36.1977219747083));
#8215=CARTESIAN_POINT('Ctrl Pts',(9.25000000000001,-34.0388389780012,36.3271420792575));
#8216=CARTESIAN_POINT('Ctrl Pts',(9.25000000000001,-33.9046683312522,36.4611301556606));
#8217=CARTESIAN_POINT('Ctrl Pts',(9.25000000000001,-33.7656216158286,36.5999999999986));
#8218=CARTESIAN_POINT('Origin',(8.75,-35.5,37.));
#8219=CARTESIAN_POINT('',(8.75,-23.5,26.5));
#8220=CARTESIAN_POINT('',(8.75,-23.5,37.));
#8221=CARTESIAN_POINT('',(8.75009296723777,-34.5323292606439,10.9998729060045));
#8222=CARTESIAN_POINT('',(8.75,-34.53267594111,11.));
#8223=CARTESIAN_POINT('',(8.75,-34.53267594111,11.));
#8224=CARTESIAN_POINT('',(8.75,-29.5,29.35));
#8225=CARTESIAN_POINT('Origin',(8.75,-29.5,31.));
#8226=CARTESIAN_POINT('Origin',(8.75,-23.5,37.));
#8227=CARTESIAN_POINT('',(9.25,-23.5,26.5));
#8228=CARTESIAN_POINT('',(8.75,-23.5,26.5));
#8229=CARTESIAN_POINT('',(9.25000000000001,-23.5,37.));
#8230=CARTESIAN_POINT('Origin',(9.25000000000001,-23.5,37.));
#8231=CARTESIAN_POINT('',(9.24990703276151,-34.5323292606442,10.9998729060029));
#8232=CARTESIAN_POINT('',(9.25,-34.53267594111,11.));
#8233=CARTESIAN_POINT('',(9.25,-34.53267594111,11.));
#8234=CARTESIAN_POINT('',(9.25,-29.5,29.35));
#8235=CARTESIAN_POINT('Origin',(9.25,-29.5,31.));
#8236=CARTESIAN_POINT('Origin',(6.,-0.700000000000003,37.));
#8237=CARTESIAN_POINT('',(6.,-0.700000000000003,28.2));
#8238=CARTESIAN_POINT('',(6.,-0.700000000000003,37.));
#8239=CARTESIAN_POINT('',(6.,-6.3,28.2));
#8240=CARTESIAN_POINT('',(6.,-0.700000000000003,28.2));
#8241=CARTESIAN_POINT('',(6.,-6.3,37.));
#8242=CARTESIAN_POINT('',(6.,-3.50000000000001,29.35));
#8243=CARTESIAN_POINT('Origin',(6.,-3.50000000000001,31.));
#8244=CARTESIAN_POINT('Origin',(6.,-6.3,37.));
#8245=CARTESIAN_POINT('',(4.,-6.3,28.2));
#8246=CARTESIAN_POINT('',(6.,-6.3,28.2));
#8247=CARTESIAN_POINT('',(4.,-6.3,37.));
#8248=CARTESIAN_POINT('Origin',(4.,-6.3,37.));
#8249=CARTESIAN_POINT('',(4.,-0.700000000000003,28.2));
#8250=CARTESIAN_POINT('',(4.,-6.3,28.2));
#8251=CARTESIAN_POINT('',(4.,-0.700000000000003,37.));
#8252=CARTESIAN_POINT('',(4.,-3.50000000000001,29.35));
#8253=CARTESIAN_POINT('Origin',(4.,-3.50000000000001,31.));
#8254=CARTESIAN_POINT('Origin',(4.,-0.700000000000003,37.));
#8255=CARTESIAN_POINT('',(4.,-0.700000000000003,28.2));
#8256=CARTESIAN_POINT('Origin',(6.,-26.7,37.));
#8257=CARTESIAN_POINT('',(6.,-26.7,28.2));
#8258=CARTESIAN_POINT('',(6.,-26.7,37.));
#8259=CARTESIAN_POINT('',(6.,-32.29999999999,28.2));
#8260=CARTESIAN_POINT('',(6.,-26.7,28.2));
#8261=CARTESIAN_POINT('',(6.,-32.29999999999,37.));
#8262=CARTESIAN_POINT('',(6.,-29.5,29.35));
#8263=CARTESIAN_POINT('Origin',(6.,-29.5,31.));
#8264=CARTESIAN_POINT('Origin',(6.,-32.29999999999,37.));
#8265=CARTESIAN_POINT('',(4.,-32.29999999999,28.2));
#8266=CARTESIAN_POINT('',(6.,-32.29999999999,28.2));
#8267=CARTESIAN_POINT('',(4.,-32.29999999999,37.));
#8268=CARTESIAN_POINT('Origin',(4.,-32.29999999999,37.));
#8269=CARTESIAN_POINT('',(4.,-26.7,28.2));
#8270=CARTESIAN_POINT('',(4.,-32.29999999999,28.2));
#8271=CARTESIAN_POINT('',(4.,-26.7,37.));
#8272=CARTESIAN_POINT('',(4.,-29.5,29.35));
#8273=CARTESIAN_POINT('Origin',(4.,-29.5,31.));
#8274=CARTESIAN_POINT('Origin',(4.,-26.7,37.));
#8275=CARTESIAN_POINT('',(4.,-26.7,28.2));
#8276=CARTESIAN_POINT('Origin',(18.6,-29.5,31.));
#8277=CARTESIAN_POINT('',(18.6,-29.5,27.25));
#8278=CARTESIAN_POINT('Origin',(18.6,-29.5,31.));
#8279=CARTESIAN_POINT('',(18.6,-29.5,27.25));
#8280=CARTESIAN_POINT('Origin',(18.6,-3.50000000000001,31.));
#8281=CARTESIAN_POINT('',(18.6,-3.50000000000001,27.25));
#8282=CARTESIAN_POINT('Origin',(18.6,-3.50000000000001,31.));
#8283=CARTESIAN_POINT('',(18.6,-3.5,27.25));
#8284=CARTESIAN_POINT('Origin',(-6.,-16.24,17.));
#8285=CARTESIAN_POINT('',(-6.,-15.3999999999996,19.5100000000004));
#8286=CARTESIAN_POINT('',(-6.,-16.24,20.35));
#8287=CARTESIAN_POINT('Origin',(-6.,-15.4,17.));
#8288=CARTESIAN_POINT('Origin',(-6.,0.600000000000005,17.));
#8289=CARTESIAN_POINT('',(-6.,0.600000000000005,20.25));
#8290=CARTESIAN_POINT('Origin',(-6.,0.600000000000005,17.));
#8291=CARTESIAN_POINT('',(-6.,0.600000000000005,20.25));
#8292=CARTESIAN_POINT('Origin',(-6.,-5.76,17.));
#8293=CARTESIAN_POINT('',(-6.,-6.6000000000004,14.4899999999996));
#8294=CARTESIAN_POINT('',(-6.,-5.76,13.65));
#8295=CARTESIAN_POINT('Origin',(-6.,-6.6,17.));
#8296=CARTESIAN_POINT('Origin',(10.7,-48.8,8.));
#8297=CARTESIAN_POINT('',(10.5,-48.6,8.));
#8298=CARTESIAN_POINT('',(10.13333333333,-48.23333333333,7.633333333333));
#8299=CARTESIAN_POINT('',(10.5,-48.6,5.));
#8300=CARTESIAN_POINT('',(10.5,-48.6,8.));
#8301=CARTESIAN_POINT('',(10.13333333333,-48.23333333333,5.366666666667));
#8302=CARTESIAN_POINT('Origin',(7.5,-48.8,8.2));
#8303=CARTESIAN_POINT('',(7.5,-48.6,8.));
#8304=CARTESIAN_POINT('',(7.86666666666,-48.23333333333,7.633333333333));
#8305=CARTESIAN_POINT('',(7.5,-48.6,8.));
#8306=CARTESIAN_POINT('Origin',(10.5,-48.8,4.8));
#8307=CARTESIAN_POINT('',(7.5,-48.6,5.));
#8308=CARTESIAN_POINT('',(10.5,-48.6,5.));
#8309=CARTESIAN_POINT('',(7.86666666666,-48.23333333333,5.366666666667));
#8310=CARTESIAN_POINT('Origin',(7.3,-48.8,5.));
#8311=CARTESIAN_POINT('',(7.5,-48.6,5.));
#8312=CARTESIAN_POINT('Origin',(10.5,15.8,4.8));
#8313=CARTESIAN_POINT('',(10.5,15.6,5.));
#8314=CARTESIAN_POINT('',(10.13333333333,15.233333333333,5.366666666667));
#8315=CARTESIAN_POINT('',(7.5,15.6,5.));
#8316=CARTESIAN_POINT('',(7.86666666666,15.233333333333,5.366666666667));
#8317=CARTESIAN_POINT('',(10.5,15.6,5.));
#8318=CARTESIAN_POINT('Origin',(10.7,15.8,8.));
#8319=CARTESIAN_POINT('',(10.5,15.6,8.));
#8320=CARTESIAN_POINT('',(10.13333333333,15.233333333333,7.633333333333));
#8321=CARTESIAN_POINT('',(10.5,15.6,8.));
#8322=CARTESIAN_POINT('Origin',(7.3,15.8,5.));
#8323=CARTESIAN_POINT('',(7.5,15.6,8.));
#8324=CARTESIAN_POINT('',(7.86666666666,15.233333333333,7.633333333333));
#8325=CARTESIAN_POINT('',(7.5,15.6,5.));
#8326=CARTESIAN_POINT('Origin',(7.5,15.8,8.2));
#8327=CARTESIAN_POINT('',(7.5,15.6,8.));
#8328=CARTESIAN_POINT('Origin',(8.75,1.532675941113,11.));
#8329=CARTESIAN_POINT('Ctrl Pts',(8.3524390246696,1.9767811663773,10.6000000000031));
#8330=CARTESIAN_POINT('Ctrl Pts',(8.4005303966737,1.9230595213406,10.6453967701443));
#8331=CARTESIAN_POINT('Ctrl Pts',(8.4498757456979,1.86793709055889,10.6931311283476));
#8332=CARTESIAN_POINT('Ctrl Pts',(8.5487545103018,1.7574821446434,10.7911047812871));
#8333=CARTESIAN_POINT('Ctrl Pts',(8.5981423423988,1.7023122571046,10.841081427255));
#8334=CARTESIAN_POINT('Ctrl Pts',(8.6820914384524,1.60853486312719,10.927810161355));
#8335=CARTESIAN_POINT('Ctrl Pts',(8.7158206423575,1.5708568297493,10.9631004813202));
#8336=CARTESIAN_POINT('Ctrl Pts',(8.7502157033597,1.5324349843917,10.9995423635921));
#8337=CARTESIAN_POINT('Origin',(9.,6.,10.24));
#8338=CARTESIAN_POINT('',(9.,1.68500000000011,9.99999999999989));
#8339=CARTESIAN_POINT('',(9.,1.925,10.24));
#8340=CARTESIAN_POINT('Origin',(9.,6.,10.));
#8341=CARTESIAN_POINT('Origin',(9.,6.,10.6));
#8342=CARTESIAN_POINT('Origin',(9.,6.,11.));
#8343=CARTESIAN_POINT('Ctrl Pts',(9.64756097532591,1.97678116637229,10.6000000000031));
#8344=CARTESIAN_POINT('Ctrl Pts',(9.59946960332188,1.9230595213357,10.6453967701442));
#8345=CARTESIAN_POINT('Ctrl Pts',(9.55012425429765,1.867937090554,10.6931311283475));
#8346=CARTESIAN_POINT('Ctrl Pts',(9.45124548969383,1.7574821446385,10.7911047812869));
#8347=CARTESIAN_POINT('Ctrl Pts',(9.4018576575968,1.7023122570997,10.8410814272549));
#8348=CARTESIAN_POINT('Ctrl Pts',(9.31790856154411,1.6085348631233,10.9278101613539));
#8349=CARTESIAN_POINT('Ctrl Pts',(9.28417935764,1.57085682974651,10.963100481318));
#8350=CARTESIAN_POINT('Ctrl Pts',(9.24978429663879,1.53243498439,10.9995423635889));
#8351=CARTESIAN_POINT('Origin',(9.25,1.532675941113,11.));
#8352=CARTESIAN_POINT('Origin',(8.75,1.532675941113,11.));
#8353=CARTESIAN_POINT('',(8.75,1.532675941113,11.));
#8354=CARTESIAN_POINT('Origin',(19.,-3.50000000000001,31.));
#8355=CARTESIAN_POINT('',(16.,-3.50000000000001,29.35));
#8356=CARTESIAN_POINT('',(19.,-3.50000000000001,29.35));
#8357=CARTESIAN_POINT('Origin',(16.,-3.50000000000001,31.));
#8358=CARTESIAN_POINT('Origin',(19.,-3.50000000000001,31.));
#8359=CARTESIAN_POINT('',(19.,-3.50000000000001,29.35));
#8360=CARTESIAN_POINT('Origin',(8.75,-34.53267594111,11.));
#8361=CARTESIAN_POINT('Ctrl Pts',(8.352439024671,-34.9767811663727,10.6000000000022));
#8362=CARTESIAN_POINT('Ctrl Pts',(8.4005303966751,-34.9230595213361,10.6453967701432));
#8363=CARTESIAN_POINT('Ctrl Pts',(8.4498757456993,-34.8679370905543,10.6931311283466));
#8364=CARTESIAN_POINT('Ctrl Pts',(8.5487545103031,-34.7574821446388,10.791104781286));
#8365=CARTESIAN_POINT('Ctrl Pts',(8.5981423424002,-34.7023122571001,10.8410814272539));
#8366=CARTESIAN_POINT('Ctrl Pts',(8.6820914384536,-34.6085348631229,10.9278101613537));
#8367=CARTESIAN_POINT('Ctrl Pts',(8.7158206423585,-34.5708568297452,10.9631004813186));
#8368=CARTESIAN_POINT('Ctrl Pts',(8.7502157033605,-34.5324349843877,10.9995423635904));
#8369=CARTESIAN_POINT('Origin',(9.25,-34.53267594111,11.));
#8370=CARTESIAN_POINT('Ctrl Pts',(9.64756097532464,-34.9767811663679,10.6000000000024));
#8371=CARTESIAN_POINT('Ctrl Pts',(9.59946960332061,-34.9230595213312,10.6453967701435));
#8372=CARTESIAN_POINT('Ctrl Pts',(9.55012425429638,-34.8679370905496,10.6931311283468));
#8373=CARTESIAN_POINT('Ctrl Pts',(9.45124548969258,-34.7574821446341,10.7911047812862));
#8374=CARTESIAN_POINT('Ctrl Pts',(9.40185765759557,-34.7023122570954,10.8410814272541));
#8375=CARTESIAN_POINT('Ctrl Pts',(9.31790856154308,-34.6085348631191,10.9278101613529));
#8376=CARTESIAN_POINT('Ctrl Pts',(9.28417935763915,-34.5708568297425,10.9631004813169));
#8377=CARTESIAN_POINT('Ctrl Pts',(9.24978429663814,-34.5324349843862,10.9995423635875));
#8378=CARTESIAN_POINT('Origin',(9.,-39.,10.6));
#8379=CARTESIAN_POINT('Origin',(9.,-39.,11.));
#8380=CARTESIAN_POINT('Origin',(9.,-39.,10.24));
#8381=CARTESIAN_POINT('',(9.,-43.3149999999999,9.99999999999989));
#8382=CARTESIAN_POINT('',(9.,-43.075,10.24));
#8383=CARTESIAN_POINT('Origin',(9.,-39.,10.));
#8384=CARTESIAN_POINT('Origin',(8.75,-34.53267594111,11.));
#8385=CARTESIAN_POINT('',(8.75,-34.53267594111,11.));
#8386=CARTESIAN_POINT('Origin',(19.,-29.5,31.));
#8387=CARTESIAN_POINT('',(19.,-29.5,29.35));
#8388=CARTESIAN_POINT('Origin',(19.,-29.5,31.));
#8389=CARTESIAN_POINT('',(16.,-29.5,29.35));
#8390=CARTESIAN_POINT('',(19.,-29.5,29.35));
#8391=CARTESIAN_POINT('Origin',(16.,-29.5,31.));
#8392=CARTESIAN_POINT('Origin',(5.,-3.50000000000001,28.2));
#8393=CARTESIAN_POINT('Origin',(19.,-3.50000000000001,31.));
#8394=CARTESIAN_POINT('',(-2.22044604925031E-15,-3.50000000000001,29.35));
#8395=CARTESIAN_POINT('Origin',(-2.22044604925031E-15,-3.50000000000001,
31.));
#8396=CARTESIAN_POINT('',(19.,-3.50000000000001,29.35));
#8397=CARTESIAN_POINT('Origin',(5.,-29.49999999999,28.2));
#8398=CARTESIAN_POINT('Origin',(19.,-29.5,31.));
#8399=CARTESIAN_POINT('',(-2.22044604925031E-15,-29.5,29.35));
#8400=CARTESIAN_POINT('Origin',(-2.22044604925031E-15,-29.5,31.));
#8401=CARTESIAN_POINT('',(19.,-29.5,29.35));
#8402=CARTESIAN_POINT('Origin',(19.,-29.5,31.));
#8403=CARTESIAN_POINT('',(16.,-29.5,27.25));
#8404=CARTESIAN_POINT('Origin',(16.,-29.5,31.));
#8405=CARTESIAN_POINT('',(19.,-29.5,27.25));
#8406=CARTESIAN_POINT('Origin',(19.,-3.50000000000001,31.));
#8407=CARTESIAN_POINT('',(16.,-3.50000000000001,27.25));
#8408=CARTESIAN_POINT('Origin',(16.,-3.50000000000001,31.));
#8409=CARTESIAN_POINT('',(19.,-3.5,27.25));
#8410=CARTESIAN_POINT('Origin',(-6.,-15.4,17.));
#8411=CARTESIAN_POINT('',(-6.,-15.4,18.5));
#8412=CARTESIAN_POINT('Origin',(-6.,-15.4,17.));
#8413=CARTESIAN_POINT('Origin',(-6.,0.999999999999996,17.));
#8414=CARTESIAN_POINT('',(-6.,-2.,20.25));
#8415=CARTESIAN_POINT('Origin',(-6.,-2.,17.));
#8416=CARTESIAN_POINT('',(-6.,0.999999999999996,20.25));
#8417=CARTESIAN_POINT('Origin',(9.,6.,0.400000000000002));
#8418=CARTESIAN_POINT('',(9.,8.,0.400000000000002));
#8419=CARTESIAN_POINT('Origin',(9.,6.,0.400000000000002));
#8420=CARTESIAN_POINT('',(9.,8.,0.400000000000002));
#8421=CARTESIAN_POINT('Origin',(-26.,-4.5,0.400000000000001));
#8422=CARTESIAN_POINT('',(-26.,-2.5,0.400000000000001));
#8423=CARTESIAN_POINT('Origin',(-26.,-4.5,0.400000000000001));
#8424=CARTESIAN_POINT('',(-26.,-2.5,0.400000000000001));
#8425=CARTESIAN_POINT('Origin',(-6.,-4.5,0.400000000000001));
#8426=CARTESIAN_POINT('',(-6.,-2.5,0.400000000000001));
#8427=CARTESIAN_POINT('Origin',(-6.,-4.5,0.400000000000001));
#8428=CARTESIAN_POINT('',(-6.,-2.5,0.400000000000001));
#8429=CARTESIAN_POINT('Origin',(14.,-4.5,0.400000000000001));
#8430=CARTESIAN_POINT('',(14.,-2.5,0.400000000000001));
#8431=CARTESIAN_POINT('Origin',(14.,-4.5,0.400000000000001));
#8432=CARTESIAN_POINT('',(14.,-2.5,0.400000000000001));
#8433=CARTESIAN_POINT('Origin',(9.,-39.,0.400000000000002));
#8434=CARTESIAN_POINT('',(9.,-37.,0.400000000000003));
#8435=CARTESIAN_POINT('Origin',(9.,-39.,0.400000000000002));
#8436=CARTESIAN_POINT('',(9.,-37.,0.400000000000002));
#8437=CARTESIAN_POINT('Origin',(-26.,-28.5,0.400000000000001));
#8438=CARTESIAN_POINT('',(-26.,-26.5,0.400000000000002));
#8439=CARTESIAN_POINT('Origin',(-26.,-28.5,0.400000000000001));
#8440=CARTESIAN_POINT('',(-26.,-26.5,0.400000000000001));
#8441=CARTESIAN_POINT('Origin',(-6.,-28.5,0.400000000000001));
#8442=CARTESIAN_POINT('',(-6.,-26.5,0.400000000000002));
#8443=CARTESIAN_POINT('Origin',(-6.,-28.5,0.400000000000001));
#8444=CARTESIAN_POINT('',(-6.,-26.5,0.400000000000001));
#8445=CARTESIAN_POINT('Origin',(14.,-28.5,0.400000000000001));
#8446=CARTESIAN_POINT('',(14.,-26.5,0.400000000000002));
#8447=CARTESIAN_POINT('Origin',(14.,-28.5,0.400000000000001));
#8448=CARTESIAN_POINT('',(14.,-26.5,0.400000000000001));
#8449=CARTESIAN_POINT('Origin',(-6.,-6.6,17.));
#8450=CARTESIAN_POINT('',(-6.,-6.6,15.5));
#8451=CARTESIAN_POINT('Origin',(-6.,-6.6,17.));
#8452=CARTESIAN_POINT('Origin',(10.5,-49.,8.));
#8453=CARTESIAN_POINT('',(10.5,-43.05655333996,5.));
#8454=CARTESIAN_POINT('',(10.5,-49.,5.));
#8455=CARTESIAN_POINT('',(10.5,-43.05655333996,8.));
#8456=CARTESIAN_POINT('',(10.5,-49.,8.));
#8457=CARTESIAN_POINT('',(10.5,-43.05655333996,5.));
#8458=CARTESIAN_POINT('Origin',(7.5,-49.,8.));
#8459=CARTESIAN_POINT('',(7.5,-43.05655333996,8.));
#8460=CARTESIAN_POINT('',(7.5,-49.,8.));
#8461=CARTESIAN_POINT('',(9.,-43.325,8.));
#8462=CARTESIAN_POINT('Origin',(9.,-39.,8.));
#8463=CARTESIAN_POINT('Origin',(9.,-39.,8.));
#8464=CARTESIAN_POINT('Origin',(9.,-41.62461858989,5.));
#8465=CARTESIAN_POINT('',(7.5,-43.05655333996,5.));
#8466=CARTESIAN_POINT('',(7.5,-49.,5.));
#8467=CARTESIAN_POINT('',(9.,-43.325,5.));
#8468=CARTESIAN_POINT('Origin',(9.,-39.,5.));
#8469=CARTESIAN_POINT('Origin',(9.,-39.,5.));
#8470=CARTESIAN_POINT('Origin',(7.5,-49.,5.));
#8471=CARTESIAN_POINT('',(7.5,-43.05655333996,6.));
#8472=CARTESIAN_POINT('Origin',(9.,8.904210747561,5.));
#8473=CARTESIAN_POINT('',(7.5,10.056553339967,5.));
#8474=CARTESIAN_POINT('',(7.5,16.,5.));
#8475=CARTESIAN_POINT('',(10.5,10.056553339967,5.));
#8476=CARTESIAN_POINT('Origin',(9.,6.,5.));
#8477=CARTESIAN_POINT('',(10.5,16.,5.));
#8478=CARTESIAN_POINT('Origin',(10.5,16.,8.));
#8479=CARTESIAN_POINT('',(10.5,10.056553339967,8.));
#8480=CARTESIAN_POINT('',(10.5,10.056553339967,6.));
#8481=CARTESIAN_POINT('',(10.5,16.,8.));
#8482=CARTESIAN_POINT('Origin',(7.5,16.,5.));
#8483=CARTESIAN_POINT('',(7.5,10.056553339967,8.));
#8484=CARTESIAN_POINT('',(7.5,16.,8.));
#8485=CARTESIAN_POINT('',(7.5,10.056553339967,5.));
#8486=CARTESIAN_POINT('Origin',(7.5,16.,8.));
#8487=CARTESIAN_POINT('Origin',(9.,6.,8.));
#8488=CARTESIAN_POINT('Origin',(9.,6.,10.));
#8489=CARTESIAN_POINT('',(9.,1.675,10.));
#8490=CARTESIAN_POINT('Origin',(9.,6.,10.));
#8491=CARTESIAN_POINT('Origin',(8.75,-9.5,11.));
#8492=CARTESIAN_POINT('Origin',(16.,-3.50000000000001,31.));
#8493=CARTESIAN_POINT('Origin',(8.75,-23.5,11.));
#8494=CARTESIAN_POINT('Origin',(9.,-39.,10.));
#8495=CARTESIAN_POINT('',(9.,-43.325,10.));
#8496=CARTESIAN_POINT('Origin',(9.,-39.,10.));
#8497=CARTESIAN_POINT('Origin',(16.,-29.5,31.));
#8498=CARTESIAN_POINT('Origin',(-2.22044604925031E-15,-3.50000000000001,
31.));
#8499=CARTESIAN_POINT('Origin',(-2.22044604925031E-15,-29.5,31.));
#8500=CARTESIAN_POINT('Origin',(-6.,-16.25,17.));
#8501=CARTESIAN_POINT('',(-6.,-24.,18.5));
#8502=CARTESIAN_POINT('',(-6.,-16.25,18.5));
#8503=CARTESIAN_POINT('Origin',(-6.,-24.,17.));
#8504=CARTESIAN_POINT('Origin',(-6.,-2.,17.));
#8505=CARTESIAN_POINT('',(-6.,-2.,15.5));
#8506=CARTESIAN_POINT('Origin',(-6.,-2.,17.));
#8507=CARTESIAN_POINT('Origin',(9.,6.,2.22264838354128E-15));
#8508=CARTESIAN_POINT('',(9.,8.,4.5));
#8509=CARTESIAN_POINT('Origin',(9.,6.,4.5));
#8510=CARTESIAN_POINT('',(9.,8.,2.22264838354128E-15));
#8511=CARTESIAN_POINT('Origin',(-26.,-4.5,1.11242535891612E-15));
#8512=CARTESIAN_POINT('',(-26.,-2.5,6.));
#8513=CARTESIAN_POINT('Origin',(-26.,-4.5,6.));
#8514=CARTESIAN_POINT('',(-26.,-2.5,1.11242535891612E-15));
#8515=CARTESIAN_POINT('Origin',(-6.,-4.5,1.11242535891612E-15));
#8516=CARTESIAN_POINT('',(-6.,-2.5,6.));
#8517=CARTESIAN_POINT('Origin',(-6.,-4.5,6.));
#8518=CARTESIAN_POINT('',(-6.,-2.5,1.11242535891612E-15));
#8519=CARTESIAN_POINT('Origin',(14.,-4.5,1.11242535891612E-15));
#8520=CARTESIAN_POINT('',(14.,-2.5,6.));
#8521=CARTESIAN_POINT('Origin',(14.,-4.5,6.));
#8522=CARTESIAN_POINT('',(14.,-2.5,1.11242535891612E-15));
#8523=CARTESIAN_POINT('Origin',(9.,-39.,2.22264838354128E-15));
#8524=CARTESIAN_POINT('',(9.,-37.,4.5));
#8525=CARTESIAN_POINT('Origin',(9.,-39.,4.5));
#8526=CARTESIAN_POINT('',(9.,-37.,2.22264838354128E-15));
#8527=CARTESIAN_POINT('Origin',(-26.,-28.5,1.11242535891612E-15));
#8528=CARTESIAN_POINT('',(-26.,-26.5,6.));
#8529=CARTESIAN_POINT('Origin',(-26.,-28.5,6.));
#8530=CARTESIAN_POINT('',(-26.,-26.5,1.11242535891612E-15));
#8531=CARTESIAN_POINT('Origin',(-6.,-28.5,1.11242535891612E-15));
#8532=CARTESIAN_POINT('',(-6.,-26.5,6.));
#8533=CARTESIAN_POINT('Origin',(-6.,-28.5,6.));
#8534=CARTESIAN_POINT('',(-6.,-26.5,1.11242535891612E-15));
#8535=CARTESIAN_POINT('Origin',(14.,-28.5,1.11242535891612E-15));
#8536=CARTESIAN_POINT('',(14.,-26.5,6.));
#8537=CARTESIAN_POINT('Origin',(14.,-28.5,6.));
#8538=CARTESIAN_POINT('',(14.,-26.5,1.11242535891612E-15));
#8539=CARTESIAN_POINT('Origin',(-6.,-34.,17.));
#8540=CARTESIAN_POINT('',(-6.,-34.,15.5));
#8541=CARTESIAN_POINT('Origin',(9.,-39.,6.));
#8542=CARTESIAN_POINT('',(9.,-43.325,4.5));
#8543=CARTESIAN_POINT('Origin',(9.,-39.,4.5));
#8544=CARTESIAN_POINT('',(9.,-43.325,6.));
#8545=CARTESIAN_POINT('',(9.,-43.325,6.));
#8546=CARTESIAN_POINT('Origin',(9.,6.,6.));
#8547=CARTESIAN_POINT('',(9.,1.675,4.5));
#8548=CARTESIAN_POINT('Origin',(9.,6.,4.5));
#8549=CARTESIAN_POINT('',(9.,1.675,6.));
#8550=CARTESIAN_POINT('Origin',(-6.,-24.,17.));
#8551=CARTESIAN_POINT('Origin',(9.,6.,4.5));
#8552=CARTESIAN_POINT('Origin',(-26.,-4.5,6.));
#8553=CARTESIAN_POINT('',(-26.,-2.6100000000001,5.99999999999989));
#8554=CARTESIAN_POINT('Origin',(-26.,-4.5,6.));
#8555=CARTESIAN_POINT('Origin',(-6.,-4.5,6.));
#8556=CARTESIAN_POINT('',(-6.,-2.6100000000001,5.99999999999989));
#8557=CARTESIAN_POINT('Origin',(-6.,-4.5,6.));
#8558=CARTESIAN_POINT('Origin',(14.,-4.5,6.));
#8559=CARTESIAN_POINT('',(14.,-2.6100000000001,5.99999999999989));
#8560=CARTESIAN_POINT('Origin',(14.,-4.5,6.));
#8561=CARTESIAN_POINT('Origin',(9.,-39.,4.5));
#8562=CARTESIAN_POINT('Origin',(-26.,-28.5,6.));
#8563=CARTESIAN_POINT('',(-26.,-26.6100000000001,5.99999999999989));
#8564=CARTESIAN_POINT('Origin',(-26.,-28.5,6.));
#8565=CARTESIAN_POINT('Origin',(-6.,-28.5,6.));
#8566=CARTESIAN_POINT('',(-6.,-26.6100000000001,5.99999999999989));
#8567=CARTESIAN_POINT('Origin',(-6.,-28.5,6.));
#8568=CARTESIAN_POINT('Origin',(14.,-28.5,6.));
#8569=CARTESIAN_POINT('',(14.,-26.6100000000001,5.99999999999989));
#8570=CARTESIAN_POINT('Origin',(14.,-28.5,6.));
#8571=CARTESIAN_POINT('Origin',(-26.,-4.5,6.24));
#8572=CARTESIAN_POINT('',(-26.,-2.85,6.24));
#8573=CARTESIAN_POINT('Origin',(-26.,-4.5,6.24));
#8574=CARTESIAN_POINT('',(-26.,-2.85,6.24));
#8575=CARTESIAN_POINT('Origin',(-6.,-4.5,6.24));
#8576=CARTESIAN_POINT('',(-6.,-2.85,6.24));
#8577=CARTESIAN_POINT('Origin',(-6.,-4.5,6.24));
#8578=CARTESIAN_POINT('',(-6.,-2.85,6.24));
#8579=CARTESIAN_POINT('Origin',(14.,-4.5,6.24));
#8580=CARTESIAN_POINT('',(14.,-2.85,6.24));
#8581=CARTESIAN_POINT('Origin',(14.,-4.5,6.24));
#8582=CARTESIAN_POINT('',(14.,-2.85,6.24));
#8583=CARTESIAN_POINT('Origin',(-26.,-28.5,6.24));
#8584=CARTESIAN_POINT('',(-26.,-26.85,6.24));
#8585=CARTESIAN_POINT('Origin',(-26.,-28.5,6.24));
#8586=CARTESIAN_POINT('',(-26.,-26.85,6.24));
#8587=CARTESIAN_POINT('Origin',(-6.,-28.5,6.24));
#8588=CARTESIAN_POINT('',(-6.,-26.85,6.24));
#8589=CARTESIAN_POINT('Origin',(-6.,-28.5,6.24));
#8590=CARTESIAN_POINT('',(-6.,-26.85,6.24));
#8591=CARTESIAN_POINT('Origin',(14.,-28.5,6.24));
#8592=CARTESIAN_POINT('',(14.,-26.85,6.24));
#8593=CARTESIAN_POINT('Origin',(14.,-28.5,6.24));
#8594=CARTESIAN_POINT('',(14.,-26.85,6.24));
#8595=CARTESIAN_POINT('Origin',(-26.,-4.5,1.11242535891612E-15));
#8596=CARTESIAN_POINT('',(-26.,-2.85,7.5));
#8597=CARTESIAN_POINT('Origin',(-26.,-4.5,7.5));
#8598=CARTESIAN_POINT('',(-26.,-2.85,1.11242535891612E-15));
#8599=CARTESIAN_POINT('Origin',(-6.,-4.5,1.11242535891612E-15));
#8600=CARTESIAN_POINT('',(-6.,-2.85,7.5));
#8601=CARTESIAN_POINT('Origin',(-6.,-4.5,7.5));
#8602=CARTESIAN_POINT('',(-6.,-2.85,1.11242535891612E-15));
#8603=CARTESIAN_POINT('Origin',(14.,-4.5,1.11242535891612E-15));
#8604=CARTESIAN_POINT('',(14.,-2.85,7.5));
#8605=CARTESIAN_POINT('Origin',(14.,-4.5,7.5));
#8606=CARTESIAN_POINT('',(14.,-2.85,1.11242535891612E-15));
#8607=CARTESIAN_POINT('Origin',(-26.,-28.5,1.11242535891612E-15));
#8608=CARTESIAN_POINT('',(-26.,-26.85,7.5));
#8609=CARTESIAN_POINT('Origin',(-26.,-28.5,7.5));
#8610=CARTESIAN_POINT('',(-26.,-26.85,1.11242535891612E-15));
#8611=CARTESIAN_POINT('Origin',(-6.,-28.5,1.11242535891612E-15));
#8612=CARTESIAN_POINT('',(-6.,-26.85,7.5));
#8613=CARTESIAN_POINT('Origin',(-6.,-28.5,7.5));
#8614=CARTESIAN_POINT('',(-6.,-26.85,1.11242535891612E-15));
#8615=CARTESIAN_POINT('Origin',(14.,-28.5,1.11242535891612E-15));
#8616=CARTESIAN_POINT('',(14.,-26.85,7.5));
#8617=CARTESIAN_POINT('Origin',(14.,-28.5,7.5));
#8618=CARTESIAN_POINT('',(14.,-26.85,1.11242535891612E-15));
#8619=CARTESIAN_POINT('Origin',(-26.,-4.5,7.5));
#8620=CARTESIAN_POINT('Origin',(-6.,-4.5,7.5));
#8621=CARTESIAN_POINT('Origin',(14.,-4.5,7.5));
#8622=CARTESIAN_POINT('Origin',(-26.,-28.5,7.5));
#8623=CARTESIAN_POINT('Origin',(-6.,-28.5,7.5));
#8624=CARTESIAN_POINT('Origin',(14.,-28.5,7.5));
#8625=UNCERTAINTY_MEASURE_WITH_UNIT(LENGTH_MEASURE(0.01),#8629,
'DISTANCE_ACCURACY_VALUE',
'Maximum model space distance between geometric entities at asserted c
onnectivities');
#8626=UNCERTAINTY_MEASURE_WITH_UNIT(LENGTH_MEASURE(0.01),#8629,
'DISTANCE_ACCURACY_VALUE',
'Maximum model space distance between geometric entities at asserted c
onnectivities');
#8627=(
GEOMETRIC_REPRESENTATION_CONTEXT(3)
GLOBAL_UNCERTAINTY_ASSIGNED_CONTEXT((#8625))
GLOBAL_UNIT_ASSIGNED_CONTEXT((#8629,#8630,#8631))
REPRESENTATION_CONTEXT('','3D')
);
#8628=(
GEOMETRIC_REPRESENTATION_CONTEXT(3)
GLOBAL_UNCERTAINTY_ASSIGNED_CONTEXT((#8626))
GLOBAL_UNIT_ASSIGNED_CONTEXT((#8629,#8630,#8631))
REPRESENTATION_CONTEXT('','3D')
);
#8629=(
LENGTH_UNIT()
NAMED_UNIT(*)
SI_UNIT(.MILLI.,.METRE.)
);
#8630=(
NAMED_UNIT(*)
PLANE_ANGLE_UNIT()
SI_UNIT($,.RADIAN.)
);
#8631=(
NAMED_UNIT(*)
SI_UNIT($,.STERADIAN.)
SOLID_ANGLE_UNIT()
);
#8632=SHAPE_DEFINITION_REPRESENTATION(#8633,#8634);
#8633=PRODUCT_DEFINITION_SHAPE('',$,#8636);
#8634=SHAPE_REPRESENTATION('',(#4957),#8627);
#8635=PRODUCT_DEFINITION_CONTEXT('part definition',#8640,'design');
#8636=PRODUCT_DEFINITION('y-carrier-common',
'Proosa mini y carrier 20T 4mm id v7',#8637,#8635);
#8637=PRODUCT_DEFINITION_FORMATION('',$,#8642);
#8638=PRODUCT_RELATED_PRODUCT_CATEGORY(
'Proosa mini y carrier 20T 4mm id v7',
'Proosa mini y carrier 20T 4mm id v7',(#8642));
#8639=APPLICATION_PROTOCOL_DEFINITION('international standard',
'automotive_design',2009,#8640);
#8640=APPLICATION_CONTEXT(
'Core Data for Automotive Mechanical Design Process');
#8641=PRODUCT_CONTEXT('part definition',#8640,'mechanical');
#8642=PRODUCT('y-carrier-common','Proosa mini y carrier 20T 4mm id v7',
'FreeCAD Model',(#8641));
#8643=PRESENTATION_STYLE_ASSIGNMENT((#8645));
#8644=PRESENTATION_STYLE_ASSIGNMENT((#8646));
#8645=SURFACE_STYLE_USAGE(.BOTH.,#8647);
#8646=SURFACE_STYLE_USAGE(.BOTH.,#8648);
#8647=SURFACE_SIDE_STYLE('',(#8649));
#8648=SURFACE_SIDE_STYLE('',(#8650));
#8649=SURFACE_STYLE_FILL_AREA(#8651);
#8650=SURFACE_STYLE_FILL_AREA(#8652);
#8651=FILL_AREA_STYLE('Acero - Satinado',(#8653));
#8652=FILL_AREA_STYLE('Opaque(204,204,204)',(#8654));
#8653=FILL_AREA_STYLE_COLOUR('Acero - Satinado',#8655);
#8654=FILL_AREA_STYLE_COLOUR('Opaque(204,204,204)',#8656);
#8655=COLOUR_RGB('Acero - Satinado',0.627450980392157,0.627450980392157,
0.627450980392157);
#8656=COLOUR_RGB('Opaque(204,204,204)',0.8,0.8,0.8);
ENDSEC;
END-ISO-10303-21;
