ISO-10303-21;
HEADER;
/* Generated by software containing ST-Developer
 * from STEP Tools, Inc. (www.steptools.com) 
 */

FILE_DESCRIPTION(
/* description */ (''),
/* implementation_level */ '2;1');

FILE_NAME(
/* name */ 'bed-cable-cover-top.step',
/* time_stamp */ '2026-04-24T16:57:12+02:00',
/* author */ (''),
/* organization */ (''),
/* preprocessor_version */ 'ST-DEVELOPER v20.1',
/* originating_system */ 'Autodesk Translation Framework v15.8.0.0',
/* authorisation */ '');

FILE_SCHEMA (('AUTOMOTIVE_DESIGN { 1 0 10303 214 3 1 1 }'));
ENDSEC;

DATA;
#10=MECHANICAL_DESIGN_GEOMETRIC_PRESENTATION_REPRESENTATION('',(#13),#3656);
#11=SHAPE_REPRESENTATION_RELATIONSHIP('SRR','None',#3663,#12);
#12=ADVANCED_BREP_SHAPE_REPRESENTATION('',(#14),#3655);
#13=STYLED_ITEM('',(#3673),#14);
#14=MANIFOLD_SOLID_BREP('bed-cable-cover-top',#2235);
#15=ELLIPSE('',#2375,3.62346663143503,3.49999999999985);
#16=CYLINDRICAL_SURFACE('',#2270,5.09166666661753);
#17=CYLINDRICAL_SURFACE('',#2273,4.875);
#18=CYLINDRICAL_SURFACE('',#2283,5.09166666661752);
#19=CYLINDRICAL_SURFACE('',#2286,4.875);
#20=CYLINDRICAL_SURFACE('',#2313,3.50000000000002);
#21=CYLINDRICAL_SURFACE('',#2318,4.125);
#22=CYLINDRICAL_SURFACE('',#2373,3.50000000000002);
#23=CYLINDRICAL_SURFACE('',#2401,1.7);
#24=CYLINDRICAL_SURFACE('',#2402,3.);
#25=(
BOUNDED_CURVE()
B_SPLINE_CURVE(2,(#3071,#3072,#3073),.UNSPECIFIED.,.F.,.F.)
B_SPLINE_CURVE_WITH_KNOTS((3,3),(0.,0.0111300760497298),.UNSPECIFIED.)
CURVE()
GEOMETRIC_REPRESENTATION_ITEM()
RATIONAL_B_SPLINE_CURVE((1.,1.00780763675403,1.01538935056941))
REPRESENTATION_ITEM('')
);
#26=(
BOUNDED_CURVE()
B_SPLINE_CURVE(2,(#3077,#3078,#3079),.UNSPECIFIED.,.F.,.F.)
B_SPLINE_CURVE_WITH_KNOTS((3,3),(0.364184958599811,0.396278883626914),
 .UNSPECIFIED.)
CURVE()
GEOMETRIC_REPRESENTATION_ITEM()
RATIONAL_B_SPLINE_CURVE((1.01320284201438,1.00718317350925,1.))
REPRESENTATION_ITEM('')
);
#27=(
BOUNDED_CURVE()
B_SPLINE_CURVE(2,(#3101,#3102,#3103),.UNSPECIFIED.,.F.,.F.)
B_SPLINE_CURVE_WITH_KNOTS((3,3),(-0.567668470525351,-0.218810120140639),
 .UNSPECIFIED.)
CURVE()
GEOMETRIC_REPRESENTATION_ITEM()
RATIONAL_B_SPLINE_CURVE((1.0089300323469,1.02438790750169,1.01747405811791))
REPRESENTATION_ITEM('')
);
#28=(
BOUNDED_CURVE()
B_SPLINE_CURVE(2,(#3119,#3120,#3121),.UNSPECIFIED.,.F.,.F.)
B_SPLINE_CURVE_WITH_KNOTS((3,3),(0.,0.0320939250271027),.UNSPECIFIED.)
CURVE()
GEOMETRIC_REPRESENTATION_ITEM()
RATIONAL_B_SPLINE_CURVE((1.,1.00718317350925,1.01320284201439))
REPRESENTATION_ITEM('')
);
#29=(
BOUNDED_CURVE()
B_SPLINE_CURVE(2,(#3128,#3129,#3130),.UNSPECIFIED.,.F.,.F.)
B_SPLINE_CURVE_WITH_KNOTS((3,3),(0.758155162188972,0.769285238242497),
 .UNSPECIFIED.)
CURVE()
GEOMETRIC_REPRESENTATION_ITEM()
RATIONAL_B_SPLINE_CURVE((1.01538935057458,1.00780763675669,1.))
REPRESENTATION_ITEM('')
);
#30=(
BOUNDED_CURVE()
B_SPLINE_CURVE(2,(#3149,#3150,#3151),.UNSPECIFIED.,.F.,.F.)
B_SPLINE_CURVE_WITH_KNOTS((3,3),(-1.43891139855591,-1.12684018048579),
 .UNSPECIFIED.)
CURVE()
GEOMETRIC_REPRESENTATION_ITEM()
RATIONAL_B_SPLINE_CURVE((1.0390648762535,1.13671433097454,1.19016984938595))
REPRESENTATION_ITEM('')
);
#31=(
BOUNDED_CURVE()
B_SPLINE_CURVE(2,(#3278,#3279,#3280),.UNSPECIFIED.,.F.,.F.)
B_SPLINE_CURVE_WITH_KNOTS((3,3),(-0.43443534712575,-0.0855769967407018),
 .UNSPECIFIED.)
CURVE()
GEOMETRIC_REPRESENTATION_ITEM()
RATIONAL_B_SPLINE_CURVE((1.01747405811776,1.02438790750162,1.00893003234688))
REPRESENTATION_ITEM('')
);
#32=(
BOUNDED_CURVE()
B_SPLINE_CURVE(2,(#3401,#3402,#3403),.UNSPECIFIED.,.F.,.F.)
B_SPLINE_CURVE_WITH_KNOTS((3,3),(1.1268401804858,1.43891139855591),
 .UNSPECIFIED.)
CURVE()
GEOMETRIC_REPRESENTATION_ITEM()
RATIONAL_B_SPLINE_CURVE((1.19016984938595,1.13671433097455,1.0390648762535))
REPRESENTATION_ITEM('')
);
#33=CONICAL_SURFACE('',#2264,3.5,1.24904577239825);
#34=CONICAL_SURFACE('',#2277,3.5,1.24904577239825);
#35=CONICAL_SURFACE('',#2338,6.49999999992951,0.408907828951776);
#36=CONICAL_SURFACE('',#2398,1.84433756732005,0.523598775592442);
#37=CONICAL_SURFACE('',#2400,6.49999999992951,0.408907828951776);
#38=FACE_BOUND('',#209,.T.);
#39=FACE_BOUND('',#285,.T.);
#40=CIRCLE('',#2259,3.);
#41=CIRCLE('',#2261,2.);
#42=CIRCLE('',#2263,2.);
#43=CIRCLE('',#2265,5.);
#44=CIRCLE('',#2266,4.875);
#45=CIRCLE('',#2267,4.875);
#46=CIRCLE('',#2269,5.09166666661753);
#47=CIRCLE('',#2271,5.09166666661752);
#48=CIRCLE('',#2274,4.875);
#49=CIRCLE('',#2275,4.875);
#50=CIRCLE('',#2276,4.875);
#51=CIRCLE('',#2278,5.);
#52=CIRCLE('',#2279,5.);
#53=CIRCLE('',#2280,4.875);
#54=CIRCLE('',#2282,5.09166666661752);
#55=CIRCLE('',#2284,5.09166666661752);
#56=CIRCLE('',#2287,4.875);
#57=CIRCLE('',#2288,4.875);
#58=CIRCLE('',#2289,4.875);
#59=CIRCLE('',#2299,4.125);
#60=CIRCLE('',#2300,3.50000000000002);
#61=CIRCLE('',#2314,3.50000000000002);
#62=CIRCLE('',#2315,3.50000000000002);
#63=CIRCLE('',#2319,4.125);
#64=CIRCLE('',#2321,1.84433756732005);
#65=CIRCLE('',#2323,1.84433756732005);
#66=CIRCLE('',#2325,1.84433756732005);
#67=CIRCLE('',#2327,1.84433756732005);
#68=CIRCLE('',#2339,6.49999999995415);
#69=CIRCLE('',#2348,3.50000000000002);
#70=CIRCLE('',#2364,6.49999999995415);
#71=CIRCLE('',#2365,1.7);
#72=CIRCLE('',#2374,3.50000000000002);
#73=CIRCLE('',#2377,3.);
#74=CIRCLE('',#2379,3.);
#75=CIRCLE('',#2381,3.);
#76=CIRCLE('',#2383,3.);
#77=CIRCLE('',#2384,3.);
#78=CIRCLE('',#2399,1.7);
#79=FACE_OUTER_BOUND('',#199,.T.);
#80=FACE_OUTER_BOUND('',#200,.T.);
#81=FACE_OUTER_BOUND('',#201,.T.);
#82=FACE_OUTER_BOUND('',#202,.T.);
#83=FACE_OUTER_BOUND('',#203,.T.);
#84=FACE_OUTER_BOUND('',#204,.T.);
#85=FACE_OUTER_BOUND('',#205,.T.);
#86=FACE_OUTER_BOUND('',#206,.T.);
#87=FACE_OUTER_BOUND('',#207,.T.);
#88=FACE_OUTER_BOUND('',#208,.T.);
#89=FACE_OUTER_BOUND('',#210,.T.);
#90=FACE_OUTER_BOUND('',#211,.T.);
#91=FACE_OUTER_BOUND('',#212,.T.);
#92=FACE_OUTER_BOUND('',#213,.T.);
#93=FACE_OUTER_BOUND('',#214,.T.);
#94=FACE_OUTER_BOUND('',#215,.T.);
#95=FACE_OUTER_BOUND('',#216,.T.);
#96=FACE_OUTER_BOUND('',#217,.T.);
#97=FACE_OUTER_BOUND('',#218,.T.);
#98=FACE_OUTER_BOUND('',#219,.T.);
#99=FACE_OUTER_BOUND('',#220,.T.);
#100=FACE_OUTER_BOUND('',#221,.T.);
#101=FACE_OUTER_BOUND('',#222,.T.);
#102=FACE_OUTER_BOUND('',#223,.T.);
#103=FACE_OUTER_BOUND('',#224,.T.);
#104=FACE_OUTER_BOUND('',#225,.T.);
#105=FACE_OUTER_BOUND('',#226,.T.);
#106=FACE_OUTER_BOUND('',#227,.T.);
#107=FACE_OUTER_BOUND('',#228,.T.);
#108=FACE_OUTER_BOUND('',#229,.T.);
#109=FACE_OUTER_BOUND('',#230,.T.);
#110=FACE_OUTER_BOUND('',#231,.T.);
#111=FACE_OUTER_BOUND('',#232,.T.);
#112=FACE_OUTER_BOUND('',#233,.T.);
#113=FACE_OUTER_BOUND('',#234,.T.);
#114=FACE_OUTER_BOUND('',#235,.T.);
#115=FACE_OUTER_BOUND('',#236,.T.);
#116=FACE_OUTER_BOUND('',#237,.T.);
#117=FACE_OUTER_BOUND('',#238,.T.);
#118=FACE_OUTER_BOUND('',#239,.T.);
#119=FACE_OUTER_BOUND('',#240,.T.);
#120=FACE_OUTER_BOUND('',#241,.T.);
#121=FACE_OUTER_BOUND('',#242,.T.);
#122=FACE_OUTER_BOUND('',#243,.T.);
#123=FACE_OUTER_BOUND('',#244,.T.);
#124=FACE_OUTER_BOUND('',#245,.T.);
#125=FACE_OUTER_BOUND('',#246,.T.);
#126=FACE_OUTER_BOUND('',#247,.T.);
#127=FACE_OUTER_BOUND('',#248,.T.);
#128=FACE_OUTER_BOUND('',#249,.T.);
#129=FACE_OUTER_BOUND('',#250,.T.);
#130=FACE_OUTER_BOUND('',#251,.T.);
#131=FACE_OUTER_BOUND('',#252,.T.);
#132=FACE_OUTER_BOUND('',#253,.T.);
#133=FACE_OUTER_BOUND('',#254,.T.);
#134=FACE_OUTER_BOUND('',#255,.T.);
#135=FACE_OUTER_BOUND('',#256,.T.);
#136=FACE_OUTER_BOUND('',#257,.T.);
#137=FACE_OUTER_BOUND('',#258,.T.);
#138=FACE_OUTER_BOUND('',#259,.T.);
#139=FACE_OUTER_BOUND('',#260,.T.);
#140=FACE_OUTER_BOUND('',#261,.T.);
#141=FACE_OUTER_BOUND('',#262,.T.);
#142=FACE_OUTER_BOUND('',#263,.T.);
#143=FACE_OUTER_BOUND('',#264,.T.);
#144=FACE_OUTER_BOUND('',#265,.T.);
#145=FACE_OUTER_BOUND('',#266,.T.);
#146=FACE_OUTER_BOUND('',#267,.T.);
#147=FACE_OUTER_BOUND('',#268,.T.);
#148=FACE_OUTER_BOUND('',#269,.T.);
#149=FACE_OUTER_BOUND('',#270,.T.);
#150=FACE_OUTER_BOUND('',#271,.T.);
#151=FACE_OUTER_BOUND('',#272,.T.);
#152=FACE_OUTER_BOUND('',#273,.T.);
#153=FACE_OUTER_BOUND('',#274,.T.);
#154=FACE_OUTER_BOUND('',#275,.T.);
#155=FACE_OUTER_BOUND('',#276,.T.);
#156=FACE_OUTER_BOUND('',#277,.T.);
#157=FACE_OUTER_BOUND('',#278,.T.);
#158=FACE_OUTER_BOUND('',#279,.T.);
#159=FACE_OUTER_BOUND('',#280,.T.);
#160=FACE_OUTER_BOUND('',#281,.T.);
#161=FACE_OUTER_BOUND('',#282,.T.);
#162=FACE_OUTER_BOUND('',#283,.T.);
#163=FACE_OUTER_BOUND('',#284,.T.);
#164=FACE_OUTER_BOUND('',#286,.T.);
#165=FACE_OUTER_BOUND('',#287,.T.);
#166=FACE_OUTER_BOUND('',#288,.T.);
#167=FACE_OUTER_BOUND('',#289,.T.);
#168=FACE_OUTER_BOUND('',#290,.T.);
#169=FACE_OUTER_BOUND('',#291,.T.);
#170=FACE_OUTER_BOUND('',#292,.T.);
#171=FACE_OUTER_BOUND('',#293,.T.);
#172=FACE_OUTER_BOUND('',#294,.T.);
#173=FACE_OUTER_BOUND('',#295,.T.);
#174=FACE_OUTER_BOUND('',#296,.T.);
#175=FACE_OUTER_BOUND('',#297,.T.);
#176=FACE_OUTER_BOUND('',#298,.T.);
#177=FACE_OUTER_BOUND('',#299,.T.);
#178=FACE_OUTER_BOUND('',#300,.T.);
#179=FACE_OUTER_BOUND('',#301,.T.);
#180=FACE_OUTER_BOUND('',#302,.T.);
#181=FACE_OUTER_BOUND('',#303,.T.);
#182=FACE_OUTER_BOUND('',#304,.T.);
#183=FACE_OUTER_BOUND('',#305,.T.);
#184=FACE_OUTER_BOUND('',#306,.T.);
#185=FACE_OUTER_BOUND('',#307,.T.);
#186=FACE_OUTER_BOUND('',#308,.T.);
#187=FACE_OUTER_BOUND('',#309,.T.);
#188=FACE_OUTER_BOUND('',#310,.T.);
#189=FACE_OUTER_BOUND('',#311,.T.);
#190=FACE_OUTER_BOUND('',#312,.T.);
#191=FACE_OUTER_BOUND('',#313,.T.);
#192=FACE_OUTER_BOUND('',#314,.T.);
#193=FACE_OUTER_BOUND('',#315,.T.);
#194=FACE_OUTER_BOUND('',#316,.T.);
#195=FACE_OUTER_BOUND('',#317,.T.);
#196=FACE_OUTER_BOUND('',#318,.T.);
#197=FACE_OUTER_BOUND('',#319,.T.);
#198=FACE_OUTER_BOUND('',#320,.T.);
#199=EDGE_LOOP('',(#1375,#1376,#1377,#1378));
#200=EDGE_LOOP('',(#1379,#1380,#1381,#1382));
#201=EDGE_LOOP('',(#1383,#1384,#1385,#1386));
#202=EDGE_LOOP('',(#1387,#1388,#1389,#1390));
#203=EDGE_LOOP('',(#1391,#1392,#1393,#1394));
#204=EDGE_LOOP('',(#1395,#1396,#1397,#1398));
#205=EDGE_LOOP('',(#1399,#1400,#1401,#1402));
#206=EDGE_LOOP('',(#1403,#1404,#1405,#1406));
#207=EDGE_LOOP('',(#1407,#1408,#1409,#1410));
#208=EDGE_LOOP('',(#1411,#1412,#1413,#1414,#1415,#1416,#1417,#1418,#1419,
#1420));
#209=EDGE_LOOP('',(#1421));
#210=EDGE_LOOP('',(#1422));
#211=EDGE_LOOP('',(#1423));
#212=EDGE_LOOP('',(#1424,#1425,#1426,#1427,#1428,#1429,#1430,#1431));
#213=EDGE_LOOP('',(#1432,#1433,#1434,#1435));
#214=EDGE_LOOP('',(#1436,#1437,#1438,#1439));
#215=EDGE_LOOP('',(#1440,#1441,#1442,#1443,#1444,#1445));
#216=EDGE_LOOP('',(#1446,#1447,#1448,#1449,#1450,#1451,#1452,#1453,#1454));
#217=EDGE_LOOP('',(#1455,#1456,#1457,#1458,#1459,#1460,#1461,#1462));
#218=EDGE_LOOP('',(#1463,#1464,#1465,#1466,#1467));
#219=EDGE_LOOP('',(#1468,#1469,#1470,#1471));
#220=EDGE_LOOP('',(#1472,#1473,#1474,#1475,#1476,#1477));
#221=EDGE_LOOP('',(#1478,#1479,#1480,#1481,#1482,#1483,#1484,#1485));
#222=EDGE_LOOP('',(#1486,#1487,#1488,#1489));
#223=EDGE_LOOP('',(#1490,#1491,#1492,#1493));
#224=EDGE_LOOP('',(#1494,#1495,#1496,#1497,#1498));
#225=EDGE_LOOP('',(#1499,#1500,#1501,#1502));
#226=EDGE_LOOP('',(#1503,#1504,#1505,#1506));
#227=EDGE_LOOP('',(#1507,#1508,#1509,#1510,#1511,#1512,#1513,#1514));
#228=EDGE_LOOP('',(#1515,#1516,#1517,#1518));
#229=EDGE_LOOP('',(#1519,#1520,#1521,#1522,#1523));
#230=EDGE_LOOP('',(#1524,#1525,#1526,#1527));
#231=EDGE_LOOP('',(#1528,#1529,#1530,#1531));
#232=EDGE_LOOP('',(#1532,#1533,#1534,#1535,#1536,#1537));
#233=EDGE_LOOP('',(#1538,#1539,#1540,#1541));
#234=EDGE_LOOP('',(#1542,#1543,#1544,#1545));
#235=EDGE_LOOP('',(#1546,#1547,#1548,#1549,#1550,#1551));
#236=EDGE_LOOP('',(#1552,#1553,#1554,#1555));
#237=EDGE_LOOP('',(#1556,#1557,#1558,#1559));
#238=EDGE_LOOP('',(#1560,#1561,#1562,#1563));
#239=EDGE_LOOP('',(#1564,#1565,#1566,#1567,#1568,#1569));
#240=EDGE_LOOP('',(#1570,#1571,#1572,#1573));
#241=EDGE_LOOP('',(#1574,#1575,#1576,#1577));
#242=EDGE_LOOP('',(#1578,#1579,#1580,#1581,#1582,#1583,#1584,#1585,#1586,
#1587,#1588,#1589,#1590,#1591,#1592));
#243=EDGE_LOOP('',(#1593,#1594,#1595,#1596,#1597));
#244=EDGE_LOOP('',(#1598,#1599,#1600,#1601,#1602,#1603));
#245=EDGE_LOOP('',(#1604,#1605,#1606,#1607));
#246=EDGE_LOOP('',(#1608,#1609,#1610,#1611));
#247=EDGE_LOOP('',(#1612,#1613,#1614));
#248=EDGE_LOOP('',(#1615,#1616,#1617));
#249=EDGE_LOOP('',(#1618,#1619,#1620));
#250=EDGE_LOOP('',(#1621,#1622,#1623));
#251=EDGE_LOOP('',(#1624,#1625,#1626,#1627,#1628));
#252=EDGE_LOOP('',(#1629,#1630,#1631,#1632));
#253=EDGE_LOOP('',(#1633,#1634,#1635,#1636));
#254=EDGE_LOOP('',(#1637,#1638,#1639,#1640,#1641));
#255=EDGE_LOOP('',(#1642,#1643,#1644,#1645,#1646,#1647,#1648,#1649,#1650,
#1651,#1652));
#256=EDGE_LOOP('',(#1653,#1654,#1655,#1656,#1657));
#257=EDGE_LOOP('',(#1658,#1659,#1660,#1661));
#258=EDGE_LOOP('',(#1662,#1663,#1664,#1665,#1666,#1667));
#259=EDGE_LOOP('',(#1668,#1669,#1670,#1671));
#260=EDGE_LOOP('',(#1672,#1673,#1674,#1675));
#261=EDGE_LOOP('',(#1676,#1677,#1678,#1679));
#262=EDGE_LOOP('',(#1680,#1681,#1682,#1683,#1684,#1685));
#263=EDGE_LOOP('',(#1686,#1687,#1688,#1689));
#264=EDGE_LOOP('',(#1690,#1691,#1692,#1693));
#265=EDGE_LOOP('',(#1694,#1695,#1696,#1697,#1698));
#266=EDGE_LOOP('',(#1699,#1700,#1701,#1702,#1703,#1704,#1705,#1706,#1707,
#1708,#1709));
#267=EDGE_LOOP('',(#1710,#1711,#1712,#1713));
#268=EDGE_LOOP('',(#1714,#1715,#1716,#1717,#1718));
#269=EDGE_LOOP('',(#1719,#1720,#1721,#1722));
#270=EDGE_LOOP('',(#1723,#1724,#1725,#1726,#1727));
#271=EDGE_LOOP('',(#1728,#1729,#1730,#1731,#1732,#1733,#1734,#1735,#1736));
#272=EDGE_LOOP('',(#1737,#1738,#1739,#1740,#1741));
#273=EDGE_LOOP('',(#1742,#1743,#1744,#1745,#1746,#1747,#1748,#1749,#1750));
#274=EDGE_LOOP('',(#1751,#1752,#1753,#1754,#1755,#1756,#1757,#1758,#1759,
#1760,#1761));
#275=EDGE_LOOP('',(#1762,#1763,#1764,#1765));
#276=EDGE_LOOP('',(#1766,#1767,#1768,#1769));
#277=EDGE_LOOP('',(#1770,#1771,#1772,#1773,#1774,#1775));
#278=EDGE_LOOP('',(#1776,#1777,#1778,#1779,#1780));
#279=EDGE_LOOP('',(#1781,#1782,#1783));
#280=EDGE_LOOP('',(#1784,#1785,#1786,#1787,#1788));
#281=EDGE_LOOP('',(#1789,#1790,#1791,#1792));
#282=EDGE_LOOP('',(#1793,#1794,#1795,#1796));
#283=EDGE_LOOP('',(#1797,#1798,#1799,#1800));
#284=EDGE_LOOP('',(#1801,#1802,#1803,#1804,#1805,#1806,#1807,#1808,#1809,
#1810,#1811,#1812,#1813,#1814,#1815,#1816,#1817,#1818));
#285=EDGE_LOOP('',(#1819));
#286=EDGE_LOOP('',(#1820,#1821,#1822,#1823,#1824));
#287=EDGE_LOOP('',(#1825,#1826,#1827,#1828,#1829));
#288=EDGE_LOOP('',(#1830,#1831,#1832));
#289=EDGE_LOOP('',(#1833,#1834,#1835,#1836,#1837));
#290=EDGE_LOOP('',(#1838,#1839,#1840,#1841,#1842,#1843,#1844,#1845,#1846,
#1847,#1848,#1849));
#291=EDGE_LOOP('',(#1850,#1851,#1852,#1853));
#292=EDGE_LOOP('',(#1854,#1855,#1856,#1857,#1858,#1859));
#293=EDGE_LOOP('',(#1860,#1861,#1862,#1863,#1864));
#294=EDGE_LOOP('',(#1865,#1866,#1867,#1868));
#295=EDGE_LOOP('',(#1869,#1870));
#296=EDGE_LOOP('',(#1871,#1872,#1873,#1874));
#297=EDGE_LOOP('',(#1875,#1876,#1877));
#298=EDGE_LOOP('',(#1878,#1879,#1880,#1881,#1882,#1883,#1884,#1885));
#299=EDGE_LOOP('',(#1886,#1887,#1888,#1889));
#300=EDGE_LOOP('',(#1890,#1891,#1892,#1893,#1894,#1895,#1896,#1897,#1898));
#301=EDGE_LOOP('',(#1899,#1900,#1901,#1902,#1903,#1904,#1905,#1906,#1907,
#1908,#1909,#1910));
#302=EDGE_LOOP('',(#1911,#1912,#1913,#1914,#1915,#1916,#1917));
#303=EDGE_LOOP('',(#1918,#1919,#1920,#1921));
#304=EDGE_LOOP('',(#1922,#1923,#1924,#1925,#1926,#1927,#1928));
#305=EDGE_LOOP('',(#1929,#1930,#1931,#1932,#1933));
#306=EDGE_LOOP('',(#1934,#1935,#1936,#1937,#1938,#1939));
#307=EDGE_LOOP('',(#1940,#1941,#1942,#1943));
#308=EDGE_LOOP('',(#1944,#1945,#1946,#1947));
#309=EDGE_LOOP('',(#1948,#1949,#1950,#1951));
#310=EDGE_LOOP('',(#1952,#1953,#1954,#1955));
#311=EDGE_LOOP('',(#1956,#1957,#1958,#1959,#1960,#1961,#1962));
#312=EDGE_LOOP('',(#1963,#1964,#1965,#1966));
#313=EDGE_LOOP('',(#1967,#1968,#1969,#1970));
#314=EDGE_LOOP('',(#1971,#1972,#1973,#1974,#1975,#1976,#1977,#1978,#1979,
#1980,#1981,#1982));
#315=EDGE_LOOP('',(#1983,#1984,#1985,#1986,#1987,#1988));
#316=EDGE_LOOP('',(#1989,#1990,#1991,#1992));
#317=EDGE_LOOP('',(#1993,#1994,#1995,#1996));
#318=EDGE_LOOP('',(#1997,#1998,#1999,#2000));
#319=EDGE_LOOP('',(#2001,#2002,#2003,#2004));
#320=EDGE_LOOP('',(#2005,#2006,#2007,#2008));
#321=LINE('',#3004,#590);
#322=LINE('',#3006,#591);
#323=LINE('',#3008,#592);
#324=LINE('',#3009,#593);
#325=LINE('',#3013,#594);
#326=LINE('',#3015,#595);
#327=LINE('',#3017,#596);
#328=LINE('',#3018,#597);
#329=LINE('',#3021,#598);
#330=LINE('',#3023,#599);
#331=LINE('',#3024,#600);
#332=LINE('',#3027,#601);
#333=LINE('',#3029,#602);
#334=LINE('',#3030,#603);
#335=LINE('',#3033,#604);
#336=LINE('',#3035,#605);
#337=LINE('',#3036,#606);
#338=LINE('',#3039,#607);
#339=LINE('',#3041,#608);
#340=LINE('',#3042,#609);
#341=LINE('',#3045,#610);
#342=LINE('',#3047,#611);
#343=LINE('',#3048,#612);
#344=LINE('',#3051,#613);
#345=LINE('',#3053,#614);
#346=LINE('',#3054,#615);
#347=LINE('',#3056,#616);
#348=LINE('',#3057,#617);
#349=LINE('',#3059,#618);
#350=LINE('',#3082,#619);
#351=LINE('',#3086,#620);
#352=LINE('',#3089,#621);
#353=LINE('',#3094,#622);
#354=LINE('',#3095,#623);
#355=LINE('',#3098,#624);
#356=LINE('',#3100,#625);
#357=LINE('',#3106,#626);
#358=LINE('',#3110,#627);
#359=LINE('',#3114,#628);
#360=LINE('',#3124,#629);
#361=LINE('',#3134,#630);
#362=LINE('',#3137,#631);
#363=LINE('',#3142,#632);
#364=LINE('',#3143,#633);
#365=LINE('',#3146,#634);
#366=LINE('',#3148,#635);
#367=LINE('',#3154,#636);
#368=LINE('',#3158,#637);
#369=LINE('',#3162,#638);
#370=LINE('',#3167,#639);
#371=LINE('',#3169,#640);
#372=LINE('',#3171,#641);
#373=LINE('',#3172,#642);
#374=LINE('',#3176,#643);
#375=LINE('',#3178,#644);
#376=LINE('',#3180,#645);
#377=LINE('',#3181,#646);
#378=LINE('',#3185,#647);
#379=LINE('',#3187,#648);
#380=LINE('',#3189,#649);
#381=LINE('',#3191,#650);
#382=LINE('',#3192,#651);
#383=LINE('',#3194,#652);
#384=LINE('',#3195,#653);
#385=LINE('',#3199,#654);
#386=LINE('',#3201,#655);
#387=LINE('',#3203,#656);
#388=LINE('',#3204,#657);
#389=LINE('',#3207,#658);
#390=LINE('',#3209,#659);
#391=LINE('',#3210,#660);
#392=LINE('',#3211,#661);
#393=LINE('',#3212,#662);
#394=LINE('',#3216,#663);
#395=LINE('',#3217,#664);
#396=LINE('',#3218,#665);
#397=LINE('',#3222,#666);
#398=LINE('',#3224,#667);
#399=LINE('',#3226,#668);
#400=LINE('',#3228,#669);
#401=LINE('',#3229,#670);
#402=LINE('',#3235,#671);
#403=LINE('',#3238,#672);
#404=LINE('',#3241,#673);
#405=LINE('',#3243,#674);
#406=LINE('',#3244,#675);
#407=LINE('',#3247,#676);
#408=LINE('',#3249,#677);
#409=LINE('',#3251,#678);
#410=LINE('',#3252,#679);
#411=LINE('',#3255,#680);
#412=LINE('',#3256,#681);
#413=LINE('',#3260,#682);
#414=LINE('',#3262,#683);
#415=LINE('',#3264,#684);
#416=LINE('',#3265,#685);
#417=LINE('',#3268,#686);
#418=LINE('',#3269,#687);
#419=LINE('',#3270,#688);
#420=LINE('',#3272,#689);
#421=LINE('',#3274,#690);
#422=LINE('',#3276,#691);
#423=LINE('',#3282,#692);
#424=LINE('',#3283,#693);
#425=LINE('',#3287,#694);
#426=LINE('',#3288,#695);
#427=LINE('',#3289,#696);
#428=LINE('',#3291,#697);
#429=LINE('',#3292,#698);
#430=LINE('',#3294,#699);
#431=LINE('',#3295,#700);
#432=LINE('',#3298,#701);
#433=LINE('',#3302,#702);
#434=LINE('',#3305,#703);
#435=LINE('',#3307,#704);
#436=LINE('',#3309,#705);
#437=LINE('',#3310,#706);
#438=LINE('',#3313,#707);
#439=LINE('',#3314,#708);
#440=LINE('',#3319,#709);
#441=LINE('',#3320,#710);
#442=LINE('',#3326,#711);
#443=LINE('',#3327,#712);
#444=LINE('',#3331,#713);
#445=LINE('',#3333,#714);
#446=LINE('',#3336,#715);
#447=LINE('',#3339,#716);
#448=LINE('',#3343,#717);
#449=LINE('',#3344,#718);
#450=LINE('',#3346,#719);
#451=LINE('',#3349,#720);
#452=LINE('',#3350,#721);
#453=LINE('',#3354,#722);
#454=LINE('',#3356,#723);
#455=LINE('',#3358,#724);
#456=LINE('',#3359,#725);
#457=LINE('',#3363,#726);
#458=LINE('',#3364,#727);
#459=LINE('',#3366,#728);
#460=LINE('',#3367,#729);
#461=LINE('',#3371,#730);
#462=LINE('',#3372,#731);
#463=LINE('',#3374,#732);
#464=LINE('',#3375,#733);
#465=LINE('',#3376,#734);
#466=LINE('',#3379,#735);
#467=LINE('',#3381,#736);
#468=LINE('',#3382,#737);
#469=LINE('',#3384,#738);
#470=LINE('',#3386,#739);
#471=LINE('',#3388,#740);
#472=LINE('',#3392,#741);
#473=LINE('',#3394,#742);
#474=LINE('',#3396,#743);
#475=LINE('',#3397,#744);
#476=LINE('',#3406,#745);
#477=LINE('',#3408,#746);
#478=LINE('',#3409,#747);
#479=LINE('',#3413,#748);
#480=LINE('',#3414,#749);
#481=LINE('',#3415,#750);
#482=LINE('',#3418,#751);
#483=LINE('',#3419,#752);
#484=LINE('',#3421,#753);
#485=LINE('',#3425,#754);
#486=LINE('',#3427,#755);
#487=LINE('',#3429,#756);
#488=LINE('',#3431,#757);
#489=LINE('',#3433,#758);
#490=LINE('',#3434,#759);
#491=LINE('',#3435,#760);
#492=LINE('',#3438,#761);
#493=LINE('',#3440,#762);
#494=LINE('',#3441,#763);
#495=LINE('',#3444,#764);
#496=LINE('',#3446,#765);
#497=LINE('',#3447,#766);
#498=LINE('',#3452,#767);
#499=LINE('',#3453,#768);
#500=LINE('',#3456,#769);
#501=LINE('',#3458,#770);
#502=LINE('',#3459,#771);
#503=LINE('',#3462,#772);
#504=LINE('',#3464,#773);
#505=LINE('',#3466,#774);
#506=LINE('',#3468,#775);
#507=LINE('',#3470,#776);
#508=LINE('',#3471,#777);
#509=LINE('',#3474,#778);
#510=LINE('',#3475,#779);
#511=LINE('',#3479,#780);
#512=LINE('',#3481,#781);
#513=LINE('',#3483,#782);
#514=LINE('',#3484,#783);
#515=LINE('',#3485,#784);
#516=LINE('',#3488,#785);
#517=LINE('',#3490,#786);
#518=LINE('',#3491,#787);
#519=LINE('',#3493,#788);
#520=LINE('',#3497,#789);
#521=LINE('',#3498,#790);
#522=LINE('',#3499,#791);
#523=LINE('',#3502,#792);
#524=LINE('',#3504,#793);
#525=LINE('',#3506,#794);
#526=LINE('',#3507,#795);
#527=LINE('',#3510,#796);
#528=LINE('',#3511,#797);
#529=LINE('',#3513,#798);
#530=LINE('',#3515,#799);
#531=LINE('',#3518,#800);
#532=LINE('',#3520,#801);
#533=LINE('',#3521,#802);
#534=LINE('',#3524,#803);
#535=LINE('',#3525,#804);
#536=LINE('',#3528,#805);
#537=LINE('',#3529,#806);
#538=LINE('',#3531,#807);
#539=LINE('',#3533,#808);
#540=LINE('',#3534,#809);
#541=LINE('',#3536,#810);
#542=LINE('',#3537,#811);
#543=LINE('',#3543,#812);
#544=LINE('',#3544,#813);
#545=LINE('',#3547,#814);
#546=LINE('',#3548,#815);
#547=LINE('',#3551,#816);
#548=LINE('',#3552,#817);
#549=LINE('',#3555,#818);
#550=LINE('',#3556,#819);
#551=LINE('',#3559,#820);
#552=LINE('',#3561,#821);
#553=LINE('',#3563,#822);
#554=LINE('',#3564,#823);
#555=LINE('',#3566,#824);
#556=LINE('',#3569,#825);
#557=LINE('',#3571,#826);
#558=LINE('',#3572,#827);
#559=LINE('',#3589,#828);
#560=LINE('',#3591,#829);
#561=LINE('',#3592,#830);
#562=LINE('',#3595,#831);
#563=LINE('',#3596,#832);
#564=LINE('',#3599,#833);
#565=LINE('',#3600,#834);
#566=LINE('',#3603,#835);
#567=LINE('',#3605,#836);
#568=LINE('',#3607,#837);
#569=LINE('',#3608,#838);
#570=LINE('',#3611,#839);
#571=LINE('',#3612,#840);
#572=LINE('',#3615,#841);
#573=LINE('',#3616,#842);
#574=LINE('',#3619,#843);
#575=LINE('',#3620,#844);
#576=LINE('',#3622,#845);
#577=LINE('',#3624,#846);
#578=LINE('',#3625,#847);
#579=LINE('',#3627,#848);
#580=LINE('',#3629,#849);
#581=LINE('',#3631,#850);
#582=LINE('',#3633,#851);
#583=LINE('',#3637,#852);
#584=LINE('',#3640,#853);
#585=LINE('',#3642,#854);
#586=LINE('',#3645,#855);
#587=LINE('',#3647,#856);
#588=LINE('',#3649,#857);
#589=LINE('',#3651,#858);
#590=VECTOR('',#2413,10.);
#591=VECTOR('',#2414,10.);
#592=VECTOR('',#2415,10.);
#593=VECTOR('',#2416,10.);
#594=VECTOR('',#2419,10.);
#595=VECTOR('',#2420,10.);
#596=VECTOR('',#2421,10.);
#597=VECTOR('',#2422,10.);
#598=VECTOR('',#2425,10.);
#599=VECTOR('',#2426,10.);
#600=VECTOR('',#2427,10.);
#601=VECTOR('',#2430,10.);
#602=VECTOR('',#2431,10.);
#603=VECTOR('',#2432,10.);
#604=VECTOR('',#2435,10.);
#605=VECTOR('',#2436,10.);
#606=VECTOR('',#2437,10.);
#607=VECTOR('',#2440,10.);
#608=VECTOR('',#2441,10.);
#609=VECTOR('',#2442,10.);
#610=VECTOR('',#2445,10.);
#611=VECTOR('',#2446,10.);
#612=VECTOR('',#2447,10.);
#613=VECTOR('',#2450,10.);
#614=VECTOR('',#2451,10.);
#615=VECTOR('',#2452,10.);
#616=VECTOR('',#2455,10.);
#617=VECTOR('',#2456,10.);
#618=VECTOR('',#2459,10.);
#619=VECTOR('',#2476,3.5);
#620=VECTOR('',#2481,10.);
#621=VECTOR('',#2484,10.);
#622=VECTOR('',#2489,10.);
#623=VECTOR('',#2490,10.);
#624=VECTOR('',#2493,1000.);
#625=VECTOR('',#2494,1000.);
#626=VECTOR('',#2497,1000.);
#627=VECTOR('',#2500,1000.);
#628=VECTOR('',#2503,1000.);
#629=VECTOR('',#2510,3.5);
#630=VECTOR('',#2517,10.);
#631=VECTOR('',#2520,10.);
#632=VECTOR('',#2525,10.);
#633=VECTOR('',#2526,10.);
#634=VECTOR('',#2529,1000.);
#635=VECTOR('',#2530,1000.);
#636=VECTOR('',#2533,1000.);
#637=VECTOR('',#2536,1000.);
#638=VECTOR('',#2539,1000.);
#639=VECTOR('',#2544,1000.);
#640=VECTOR('',#2545,1000.);
#641=VECTOR('',#2546,1000.);
#642=VECTOR('',#2547,1000.);
#643=VECTOR('',#2550,1000.);
#644=VECTOR('',#2551,1000.);
#645=VECTOR('',#2552,1000.);
#646=VECTOR('',#2553,1000.);
#647=VECTOR('',#2556,1000.);
#648=VECTOR('',#2557,1000.);
#649=VECTOR('',#2558,1000.);
#650=VECTOR('',#2559,1000.);
#651=VECTOR('',#2560,1000.);
#652=VECTOR('',#2563,1000.);
#653=VECTOR('',#2564,1000.);
#654=VECTOR('',#2567,1000.);
#655=VECTOR('',#2568,1000.);
#656=VECTOR('',#2569,1000.);
#657=VECTOR('',#2570,1000.);
#658=VECTOR('',#2573,1000.);
#659=VECTOR('',#2574,1000.);
#660=VECTOR('',#2575,1000.);
#661=VECTOR('',#2576,1000.);
#662=VECTOR('',#2577,1000.);
#663=VECTOR('',#2580,1000.);
#664=VECTOR('',#2581,1000.);
#665=VECTOR('',#2582,1000.);
#666=VECTOR('',#2585,1000.);
#667=VECTOR('',#2586,1000.);
#668=VECTOR('',#2587,1000.);
#669=VECTOR('',#2588,1000.);
#670=VECTOR('',#2589,1000.);
#671=VECTOR('',#2594,1000.);
#672=VECTOR('',#2597,1000.);
#673=VECTOR('',#2600,1000.);
#674=VECTOR('',#2601,1000.);
#675=VECTOR('',#2602,1000.);
#676=VECTOR('',#2605,1000.);
#677=VECTOR('',#2606,1000.);
#678=VECTOR('',#2607,1000.);
#679=VECTOR('',#2608,1000.);
#680=VECTOR('',#2611,1000.);
#681=VECTOR('',#2612,1000.);
#682=VECTOR('',#2615,1000.);
#683=VECTOR('',#2616,1000.);
#684=VECTOR('',#2617,1000.);
#685=VECTOR('',#2618,1000.);
#686=VECTOR('',#2621,1000.);
#687=VECTOR('',#2622,1000.);
#688=VECTOR('',#2623,1000.);
#689=VECTOR('',#2626,1000.);
#690=VECTOR('',#2629,1000.);
#691=VECTOR('',#2632,1000.);
#692=VECTOR('',#2637,1000.);
#693=VECTOR('',#2638,999.999999999999);
#694=VECTOR('',#2641,1000.);
#695=VECTOR('',#2642,999.999999999999);
#696=VECTOR('',#2643,1000.);
#697=VECTOR('',#2646,1000.);
#698=VECTOR('',#2647,1000.);
#699=VECTOR('',#2648,1000.);
#700=VECTOR('',#2649,1000.);
#701=VECTOR('',#2652,1000.);
#702=VECTOR('',#2657,1000.);
#703=VECTOR('',#2660,1000.);
#704=VECTOR('',#2661,1000.);
#705=VECTOR('',#2662,1000.);
#706=VECTOR('',#2663,1000.);
#707=VECTOR('',#2666,1000.);
#708=VECTOR('',#2667,1000.);
#709=VECTOR('',#2672,1000.);
#710=VECTOR('',#2673,1000.);
#711=VECTOR('',#2678,1000.);
#712=VECTOR('',#2679,1000.);
#713=VECTOR('',#2682,1000.);
#714=VECTOR('',#2685,1000.);
#715=VECTOR('',#2688,1000.);
#716=VECTOR('',#2691,1000.);
#717=VECTOR('',#2696,1000.);
#718=VECTOR('',#2697,1000.);
#719=VECTOR('',#2700,1000.);
#720=VECTOR('',#2703,1000.);
#721=VECTOR('',#2704,1000.);
#722=VECTOR('',#2707,1000.);
#723=VECTOR('',#2708,1000.);
#724=VECTOR('',#2709,1000.);
#725=VECTOR('',#2710,1000.);
#726=VECTOR('',#2713,1000.);
#727=VECTOR('',#2714,1000.);
#728=VECTOR('',#2715,1000.);
#729=VECTOR('',#2716,1000.);
#730=VECTOR('',#2719,1000.);
#731=VECTOR('',#2720,1000.);
#732=VECTOR('',#2721,1000.);
#733=VECTOR('',#2722,1000.);
#734=VECTOR('',#2723,1000.);
#735=VECTOR('',#2726,1000.);
#736=VECTOR('',#2727,1000.);
#737=VECTOR('',#2728,1000.);
#738=VECTOR('',#2731,1000.);
#739=VECTOR('',#2734,1000.);
#740=VECTOR('',#2737,1000.);
#741=VECTOR('',#2740,1000.);
#742=VECTOR('',#2741,1000.);
#743=VECTOR('',#2742,1000.);
#744=VECTOR('',#2743,1000.);
#745=VECTOR('',#2750,1000.);
#746=VECTOR('',#2751,1000.);
#747=VECTOR('',#2752,1000.);
#748=VECTOR('',#2755,1000.);
#749=VECTOR('',#2756,1000.);
#750=VECTOR('',#2757,1000.);
#751=VECTOR('',#2760,1000.);
#752=VECTOR('',#2761,1000.);
#753=VECTOR('',#2764,1000.);
#754=VECTOR('',#2767,1000.);
#755=VECTOR('',#2768,1000.);
#756=VECTOR('',#2769,1000.);
#757=VECTOR('',#2770,1000.);
#758=VECTOR('',#2771,1000.);
#759=VECTOR('',#2772,1000.);
#760=VECTOR('',#2773,1000.);
#761=VECTOR('',#2776,1000.);
#762=VECTOR('',#2777,1000.);
#763=VECTOR('',#2778,1000.);
#764=VECTOR('',#2781,1000.);
#765=VECTOR('',#2782,1000.);
#766=VECTOR('',#2783,1000.);
#767=VECTOR('',#2788,1000.);
#768=VECTOR('',#2789,1000.);
#769=VECTOR('',#2792,1000.);
#770=VECTOR('',#2793,1000.);
#771=VECTOR('',#2794,1000.);
#772=VECTOR('',#2797,1000.);
#773=VECTOR('',#2798,1000.);
#774=VECTOR('',#2799,1000.);
#775=VECTOR('',#2800,1000.);
#776=VECTOR('',#2801,1000.);
#777=VECTOR('',#2802,1000.);
#778=VECTOR('',#2805,1000.);
#779=VECTOR('',#2806,1000.);
#780=VECTOR('',#2809,1000.);
#781=VECTOR('',#2810,1000.);
#782=VECTOR('',#2811,1000.);
#783=VECTOR('',#2812,1000.);
#784=VECTOR('',#2813,1000.);
#785=VECTOR('',#2816,1000.);
#786=VECTOR('',#2817,1000.);
#787=VECTOR('',#2818,1000.);
#788=VECTOR('',#2821,1000.);
#789=VECTOR('',#2824,1000.);
#790=VECTOR('',#2825,1000.);
#791=VECTOR('',#2826,1000.);
#792=VECTOR('',#2829,1000.);
#793=VECTOR('',#2830,1000.);
#794=VECTOR('',#2831,1000.);
#795=VECTOR('',#2832,1000.);
#796=VECTOR('',#2835,1000.);
#797=VECTOR('',#2836,1000.);
#798=VECTOR('',#2839,1000.);
#799=VECTOR('',#2842,1000.);
#800=VECTOR('',#2845,1000.);
#801=VECTOR('',#2846,1000.);
#802=VECTOR('',#2847,1000.);
#803=VECTOR('',#2850,1000.);
#804=VECTOR('',#2851,1000.);
#805=VECTOR('',#2854,1000.);
#806=VECTOR('',#2855,1000.);
#807=VECTOR('',#2858,1000.);
#808=VECTOR('',#2859,1000.);
#809=VECTOR('',#2860,1000.);
#810=VECTOR('',#2861,1000.);
#811=VECTOR('',#2862,1000.);
#812=VECTOR('',#2869,1000.);
#813=VECTOR('',#2870,1000.);
#814=VECTOR('',#2873,1000.);
#815=VECTOR('',#2874,1000.);
#816=VECTOR('',#2877,1000.);
#817=VECTOR('',#2878,1000.);
#818=VECTOR('',#2881,1000.);
#819=VECTOR('',#2882,1000.);
#820=VECTOR('',#2885,1000.);
#821=VECTOR('',#2886,1000.);
#822=VECTOR('',#2887,1000.);
#823=VECTOR('',#2888,1000.);
#824=VECTOR('',#2891,1000.);
#825=VECTOR('',#2894,1000.);
#826=VECTOR('',#2895,1000.);
#827=VECTOR('',#2896,1000.);
#828=VECTOR('',#2923,1000.);
#829=VECTOR('',#2924,1000.);
#830=VECTOR('',#2925,1000.);
#831=VECTOR('',#2928,1000.);
#832=VECTOR('',#2929,1000.);
#833=VECTOR('',#2932,1000.);
#834=VECTOR('',#2933,1000.);
#835=VECTOR('',#2936,1000.);
#836=VECTOR('',#2937,1000.);
#837=VECTOR('',#2938,1000.);
#838=VECTOR('',#2939,1000.);
#839=VECTOR('',#2942,1000.);
#840=VECTOR('',#2943,1000.);
#841=VECTOR('',#2946,1000.);
#842=VECTOR('',#2947,1000.);
#843=VECTOR('',#2950,1000.);
#844=VECTOR('',#2951,1000.);
#845=VECTOR('',#2954,1000.);
#846=VECTOR('',#2957,1000.);
#847=VECTOR('',#2958,1000.);
#848=VECTOR('',#2961,1000.);
#849=VECTOR('',#2964,1000.);
#850=VECTOR('',#2967,1000.);
#851=VECTOR('',#2970,1000.);
#852=VECTOR('',#2975,1.84433756732005);
#853=VECTOR('',#2980,1.7);
#854=VECTOR('',#2983,3.);
#855=VECTOR('',#2988,1000.);
#856=VECTOR('',#2991,1000.);
#857=VECTOR('',#2994,1000.);
#858=VECTOR('',#2997,1000.);
#859=VERTEX_POINT('',#3002);
#860=VERTEX_POINT('',#3003);
#861=VERTEX_POINT('',#3005);
#862=VERTEX_POINT('',#3007);
#863=VERTEX_POINT('',#3011);
#864=VERTEX_POINT('',#3012);
#865=VERTEX_POINT('',#3014);
#866=VERTEX_POINT('',#3016);
#867=VERTEX_POINT('',#3020);
#868=VERTEX_POINT('',#3022);
#869=VERTEX_POINT('',#3026);
#870=VERTEX_POINT('',#3028);
#871=VERTEX_POINT('',#3032);
#872=VERTEX_POINT('',#3034);
#873=VERTEX_POINT('',#3038);
#874=VERTEX_POINT('',#3040);
#875=VERTEX_POINT('',#3044);
#876=VERTEX_POINT('',#3046);
#877=VERTEX_POINT('',#3050);
#878=VERTEX_POINT('',#3052);
#879=VERTEX_POINT('',#3060);
#880=VERTEX_POINT('',#3063);
#881=VERTEX_POINT('',#3066);
#882=VERTEX_POINT('',#3069);
#883=VERTEX_POINT('',#3070);
#884=VERTEX_POINT('',#3074);
#885=VERTEX_POINT('',#3076);
#886=VERTEX_POINT('',#3080);
#887=VERTEX_POINT('',#3085);
#888=VERTEX_POINT('',#3087);
#889=VERTEX_POINT('',#3091);
#890=VERTEX_POINT('',#3092);
#891=VERTEX_POINT('',#3097);
#892=VERTEX_POINT('',#3099);
#893=VERTEX_POINT('',#3105);
#894=VERTEX_POINT('',#3107);
#895=VERTEX_POINT('',#3109);
#896=VERTEX_POINT('',#3111);
#897=VERTEX_POINT('',#3113);
#898=VERTEX_POINT('',#3117);
#899=VERTEX_POINT('',#3118);
#900=VERTEX_POINT('',#3122);
#901=VERTEX_POINT('',#3125);
#902=VERTEX_POINT('',#3127);
#903=VERTEX_POINT('',#3133);
#904=VERTEX_POINT('',#3135);
#905=VERTEX_POINT('',#3139);
#906=VERTEX_POINT('',#3140);
#907=VERTEX_POINT('',#3145);
#908=VERTEX_POINT('',#3147);
#909=VERTEX_POINT('',#3153);
#910=VERTEX_POINT('',#3155);
#911=VERTEX_POINT('',#3157);
#912=VERTEX_POINT('',#3159);
#913=VERTEX_POINT('',#3161);
#914=VERTEX_POINT('',#3165);
#915=VERTEX_POINT('',#3166);
#916=VERTEX_POINT('',#3168);
#917=VERTEX_POINT('',#3170);
#918=VERTEX_POINT('',#3174);
#919=VERTEX_POINT('',#3175);
#920=VERTEX_POINT('',#3177);
#921=VERTEX_POINT('',#3179);
#922=VERTEX_POINT('',#3183);
#923=VERTEX_POINT('',#3184);
#924=VERTEX_POINT('',#3186);
#925=VERTEX_POINT('',#3188);
#926=VERTEX_POINT('',#3190);
#927=VERTEX_POINT('',#3197);
#928=VERTEX_POINT('',#3198);
#929=VERTEX_POINT('',#3200);
#930=VERTEX_POINT('',#3202);
#931=VERTEX_POINT('',#3206);
#932=VERTEX_POINT('',#3208);
#933=VERTEX_POINT('',#3214);
#934=VERTEX_POINT('',#3215);
#935=VERTEX_POINT('',#3220);
#936=VERTEX_POINT('',#3221);
#937=VERTEX_POINT('',#3223);
#938=VERTEX_POINT('',#3225);
#939=VERTEX_POINT('',#3227);
#940=VERTEX_POINT('',#3231);
#941=VERTEX_POINT('',#3232);
#942=VERTEX_POINT('',#3234);
#943=VERTEX_POINT('',#3236);
#944=VERTEX_POINT('',#3240);
#945=VERTEX_POINT('',#3242);
#946=VERTEX_POINT('',#3246);
#947=VERTEX_POINT('',#3248);
#948=VERTEX_POINT('',#3250);
#949=VERTEX_POINT('',#3254);
#950=VERTEX_POINT('',#3258);
#951=VERTEX_POINT('',#3259);
#952=VERTEX_POINT('',#3261);
#953=VERTEX_POINT('',#3263);
#954=VERTEX_POINT('',#3267);
#955=VERTEX_POINT('',#3285);
#956=VERTEX_POINT('',#3286);
#957=VERTEX_POINT('',#3293);
#958=VERTEX_POINT('',#3297);
#959=VERTEX_POINT('',#3300);
#960=VERTEX_POINT('',#3304);
#961=VERTEX_POINT('',#3306);
#962=VERTEX_POINT('',#3308);
#963=VERTEX_POINT('',#3312);
#964=VERTEX_POINT('',#3316);
#965=VERTEX_POINT('',#3317);
#966=VERTEX_POINT('',#3322);
#967=VERTEX_POINT('',#3323);
#968=VERTEX_POINT('',#3325);
#969=VERTEX_POINT('',#3329);
#970=VERTEX_POINT('',#3330);
#971=VERTEX_POINT('',#3335);
#972=VERTEX_POINT('',#3337);
#973=VERTEX_POINT('',#3342);
#974=VERTEX_POINT('',#3348);
#975=VERTEX_POINT('',#3352);
#976=VERTEX_POINT('',#3353);
#977=VERTEX_POINT('',#3355);
#978=VERTEX_POINT('',#3357);
#979=VERTEX_POINT('',#3361);
#980=VERTEX_POINT('',#3362);
#981=VERTEX_POINT('',#3365);
#982=VERTEX_POINT('',#3369);
#983=VERTEX_POINT('',#3370);
#984=VERTEX_POINT('',#3373);
#985=VERTEX_POINT('',#3378);
#986=VERTEX_POINT('',#3380);
#987=VERTEX_POINT('',#3390);
#988=VERTEX_POINT('',#3391);
#989=VERTEX_POINT('',#3393);
#990=VERTEX_POINT('',#3395);
#991=VERTEX_POINT('',#3399);
#992=VERTEX_POINT('',#3405);
#993=VERTEX_POINT('',#3407);
#994=VERTEX_POINT('',#3411);
#995=VERTEX_POINT('',#3412);
#996=VERTEX_POINT('',#3417);
#997=VERTEX_POINT('',#3423);
#998=VERTEX_POINT('',#3424);
#999=VERTEX_POINT('',#3426);
#1000=VERTEX_POINT('',#3428);
#1001=VERTEX_POINT('',#3430);
#1002=VERTEX_POINT('',#3432);
#1003=VERTEX_POINT('',#3437);
#1004=VERTEX_POINT('',#3439);
#1005=VERTEX_POINT('',#3443);
#1006=VERTEX_POINT('',#3445);
#1007=VERTEX_POINT('',#3449);
#1008=VERTEX_POINT('',#3450);
#1009=VERTEX_POINT('',#3455);
#1010=VERTEX_POINT('',#3457);
#1011=VERTEX_POINT('',#3461);
#1012=VERTEX_POINT('',#3463);
#1013=VERTEX_POINT('',#3465);
#1014=VERTEX_POINT('',#3467);
#1015=VERTEX_POINT('',#3469);
#1016=VERTEX_POINT('',#3473);
#1017=VERTEX_POINT('',#3477);
#1018=VERTEX_POINT('',#3478);
#1019=VERTEX_POINT('',#3480);
#1020=VERTEX_POINT('',#3482);
#1021=VERTEX_POINT('',#3487);
#1022=VERTEX_POINT('',#3489);
#1023=VERTEX_POINT('',#3495);
#1024=VERTEX_POINT('',#3496);
#1025=VERTEX_POINT('',#3501);
#1026=VERTEX_POINT('',#3503);
#1027=VERTEX_POINT('',#3505);
#1028=VERTEX_POINT('',#3509);
#1029=VERTEX_POINT('',#3517);
#1030=VERTEX_POINT('',#3519);
#1031=VERTEX_POINT('',#3523);
#1032=VERTEX_POINT('',#3527);
#1033=VERTEX_POINT('',#3532);
#1034=VERTEX_POINT('',#3535);
#1035=VERTEX_POINT('',#3539);
#1036=VERTEX_POINT('',#3542);
#1037=VERTEX_POINT('',#3546);
#1038=VERTEX_POINT('',#3550);
#1039=VERTEX_POINT('',#3554);
#1040=VERTEX_POINT('',#3558);
#1041=VERTEX_POINT('',#3560);
#1042=VERTEX_POINT('',#3562);
#1043=VERTEX_POINT('',#3568);
#1044=VERTEX_POINT('',#3570);
#1045=VERTEX_POINT('',#3574);
#1046=VERTEX_POINT('',#3584);
#1047=VERTEX_POINT('',#3588);
#1048=VERTEX_POINT('',#3590);
#1049=VERTEX_POINT('',#3594);
#1050=VERTEX_POINT('',#3598);
#1051=VERTEX_POINT('',#3602);
#1052=VERTEX_POINT('',#3604);
#1053=VERTEX_POINT('',#3606);
#1054=VERTEX_POINT('',#3610);
#1055=VERTEX_POINT('',#3614);
#1056=VERTEX_POINT('',#3618);
#1057=VERTEX_POINT('',#3635);
#1058=EDGE_CURVE('',#859,#860,#321,.T.);
#1059=EDGE_CURVE('',#860,#861,#322,.T.);
#1060=EDGE_CURVE('',#861,#862,#323,.T.);
#1061=EDGE_CURVE('',#859,#862,#324,.T.);
#1062=EDGE_CURVE('',#863,#864,#325,.T.);
#1063=EDGE_CURVE('',#864,#865,#326,.T.);
#1064=EDGE_CURVE('',#865,#866,#327,.T.);
#1065=EDGE_CURVE('',#863,#866,#328,.T.);
#1066=EDGE_CURVE('',#864,#867,#329,.T.);
#1067=EDGE_CURVE('',#867,#868,#330,.T.);
#1068=EDGE_CURVE('',#868,#865,#331,.T.);
#1069=EDGE_CURVE('',#867,#869,#332,.T.);
#1070=EDGE_CURVE('',#869,#870,#333,.T.);
#1071=EDGE_CURVE('',#870,#868,#334,.T.);
#1072=EDGE_CURVE('',#869,#871,#335,.T.);
#1073=EDGE_CURVE('',#871,#872,#336,.T.);
#1074=EDGE_CURVE('',#872,#870,#337,.T.);
#1075=EDGE_CURVE('',#873,#872,#338,.T.);
#1076=EDGE_CURVE('',#871,#874,#339,.T.);
#1077=EDGE_CURVE('',#874,#873,#340,.T.);
#1078=EDGE_CURVE('',#875,#873,#341,.T.);
#1079=EDGE_CURVE('',#874,#876,#342,.T.);
#1080=EDGE_CURVE('',#876,#875,#343,.T.);
#1081=EDGE_CURVE('',#877,#875,#344,.T.);
#1082=EDGE_CURVE('',#876,#878,#345,.T.);
#1083=EDGE_CURVE('',#878,#877,#346,.T.);
#1084=EDGE_CURVE('',#862,#877,#347,.T.);
#1085=EDGE_CURVE('',#878,#859,#348,.T.);
#1086=EDGE_CURVE('',#860,#863,#349,.T.);
#1087=EDGE_CURVE('',#879,#879,#40,.T.);
#1088=EDGE_CURVE('',#880,#880,#41,.T.);
#1089=EDGE_CURVE('',#881,#881,#42,.T.);
#1090=EDGE_CURVE('',#882,#883,#25,.T.);
#1091=EDGE_CURVE('',#882,#884,#43,.T.);
#1092=EDGE_CURVE('',#885,#884,#26,.T.);
#1093=EDGE_CURVE('',#886,#885,#44,.T.);
#1094=EDGE_CURVE('',#886,#881,#350,.T.);
#1095=EDGE_CURVE('',#883,#886,#45,.T.);
#1096=EDGE_CURVE('',#887,#882,#351,.T.);
#1097=EDGE_CURVE('',#887,#888,#46,.T.);
#1098=EDGE_CURVE('',#884,#888,#352,.T.);
#1099=EDGE_CURVE('',#889,#890,#47,.T.);
#1100=EDGE_CURVE('',#888,#890,#353,.T.);
#1101=EDGE_CURVE('',#889,#887,#354,.T.);
#1102=EDGE_CURVE('',#883,#891,#355,.T.);
#1103=EDGE_CURVE('',#891,#892,#356,.T.);
#1104=EDGE_CURVE('',#892,#889,#27,.T.);
#1105=EDGE_CURVE('',#893,#885,#357,.T.);
#1106=EDGE_CURVE('',#893,#894,#48,.T.);
#1107=EDGE_CURVE('',#894,#895,#358,.T.);
#1108=EDGE_CURVE('',#896,#895,#49,.T.);
#1109=EDGE_CURVE('',#897,#896,#359,.T.);
#1110=EDGE_CURVE('',#897,#891,#50,.T.);
#1111=EDGE_CURVE('',#898,#899,#28,.T.);
#1112=EDGE_CURVE('',#898,#900,#51,.T.);
#1113=EDGE_CURVE('',#900,#880,#360,.T.);
#1114=EDGE_CURVE('',#900,#901,#52,.T.);
#1115=EDGE_CURVE('',#902,#901,#29,.T.);
#1116=EDGE_CURVE('',#899,#902,#53,.T.);
#1117=EDGE_CURVE('',#903,#898,#361,.T.);
#1118=EDGE_CURVE('',#903,#904,#54,.T.);
#1119=EDGE_CURVE('',#901,#904,#362,.T.);
#1120=EDGE_CURVE('',#905,#906,#55,.T.);
#1121=EDGE_CURVE('',#904,#906,#363,.T.);
#1122=EDGE_CURVE('',#905,#903,#364,.T.);
#1123=EDGE_CURVE('',#899,#907,#365,.T.);
#1124=EDGE_CURVE('',#907,#908,#366,.T.);
#1125=EDGE_CURVE('',#908,#905,#30,.T.);
#1126=EDGE_CURVE('',#909,#902,#367,.T.);
#1127=EDGE_CURVE('',#909,#910,#56,.T.);
#1128=EDGE_CURVE('',#910,#911,#368,.T.);
#1129=EDGE_CURVE('',#912,#911,#57,.T.);
#1130=EDGE_CURVE('',#913,#912,#369,.T.);
#1131=EDGE_CURVE('',#913,#907,#58,.T.);
#1132=EDGE_CURVE('',#914,#915,#370,.T.);
#1133=EDGE_CURVE('',#916,#914,#371,.T.);
#1134=EDGE_CURVE('',#917,#916,#372,.T.);
#1135=EDGE_CURVE('',#917,#915,#373,.T.);
#1136=EDGE_CURVE('',#918,#919,#374,.T.);
#1137=EDGE_CURVE('',#920,#918,#375,.T.);
#1138=EDGE_CURVE('',#921,#920,#376,.T.);
#1139=EDGE_CURVE('',#921,#919,#377,.T.);
#1140=EDGE_CURVE('',#922,#923,#378,.T.);
#1141=EDGE_CURVE('',#923,#924,#379,.T.);
#1142=EDGE_CURVE('',#925,#924,#380,.T.);
#1143=EDGE_CURVE('',#926,#925,#381,.T.);
#1144=EDGE_CURVE('',#922,#926,#382,.T.);
#1145=EDGE_CURVE('',#923,#911,#383,.T.);
#1146=EDGE_CURVE('',#910,#924,#384,.T.);
#1147=EDGE_CURVE('',#927,#928,#385,.T.);
#1148=EDGE_CURVE('',#927,#929,#386,.T.);
#1149=EDGE_CURVE('',#929,#930,#387,.T.);
#1150=EDGE_CURVE('',#930,#928,#388,.T.);
#1151=EDGE_CURVE('',#930,#931,#389,.T.);
#1152=EDGE_CURVE('',#932,#931,#390,.T.);
#1153=EDGE_CURVE('',#915,#932,#391,.T.);
#1154=EDGE_CURVE('',#919,#917,#392,.T.);
#1155=EDGE_CURVE('',#928,#921,#393,.T.);
#1156=EDGE_CURVE('',#933,#934,#394,.T.);
#1157=EDGE_CURVE('',#932,#934,#395,.T.);
#1158=EDGE_CURVE('',#931,#933,#396,.T.);
#1159=EDGE_CURVE('',#935,#936,#397,.T.);
#1160=EDGE_CURVE('',#937,#935,#398,.T.);
#1161=EDGE_CURVE('',#937,#938,#399,.T.);
#1162=EDGE_CURVE('',#938,#939,#400,.T.);
#1163=EDGE_CURVE('',#936,#939,#401,.T.);
#1164=EDGE_CURVE('',#940,#941,#59,.T.);
#1165=EDGE_CURVE('',#942,#941,#402,.T.);
#1166=EDGE_CURVE('',#942,#943,#60,.T.);
#1167=EDGE_CURVE('',#940,#943,#403,.T.);
#1168=EDGE_CURVE('',#944,#926,#404,.T.);
#1169=EDGE_CURVE('',#945,#944,#405,.T.);
#1170=EDGE_CURVE('',#945,#922,#406,.T.);
#1171=EDGE_CURVE('',#946,#925,#407,.T.);
#1172=EDGE_CURVE('',#946,#947,#408,.T.);
#1173=EDGE_CURVE('',#947,#948,#409,.T.);
#1174=EDGE_CURVE('',#944,#948,#410,.T.);
#1175=EDGE_CURVE('',#949,#924,#411,.T.);
#1176=EDGE_CURVE('',#949,#946,#412,.T.);
#1177=EDGE_CURVE('',#950,#951,#413,.T.);
#1178=EDGE_CURVE('',#952,#951,#414,.T.);
#1179=EDGE_CURVE('',#952,#953,#415,.T.);
#1180=EDGE_CURVE('',#950,#953,#416,.T.);
#1181=EDGE_CURVE('',#954,#909,#417,.T.);
#1182=EDGE_CURVE('',#953,#954,#418,.T.);
#1183=EDGE_CURVE('',#924,#952,#419,.T.);
#1184=EDGE_CURVE('',#914,#934,#420,.T.);
#1185=EDGE_CURVE('',#927,#920,#421,.T.);
#1186=EDGE_CURVE('',#918,#916,#422,.T.);
#1187=EDGE_CURVE('',#906,#954,#31,.T.);
#1188=EDGE_CURVE('',#896,#938,#423,.T.);
#1189=EDGE_CURVE('',#937,#897,#424,.T.);
#1190=EDGE_CURVE('',#955,#956,#425,.T.);
#1191=EDGE_CURVE('',#936,#955,#426,.T.);
#1192=EDGE_CURVE('',#939,#956,#427,.T.);
#1193=EDGE_CURVE('',#895,#933,#428,.T.);
#1194=EDGE_CURVE('',#929,#912,#429,.T.);
#1195=EDGE_CURVE('',#957,#945,#430,.T.);
#1196=EDGE_CURVE('',#956,#957,#431,.T.);
#1197=EDGE_CURVE('',#958,#942,#432,.T.);
#1198=EDGE_CURVE('',#957,#958,#61,.T.);
#1199=EDGE_CURVE('',#959,#957,#62,.T.);
#1200=EDGE_CURVE('',#943,#959,#433,.T.);
#1201=EDGE_CURVE('',#960,#955,#434,.T.);
#1202=EDGE_CURVE('',#960,#961,#435,.T.);
#1203=EDGE_CURVE('',#961,#962,#436,.T.);
#1204=EDGE_CURVE('',#935,#962,#437,.T.);
#1205=EDGE_CURVE('',#937,#963,#438,.T.);
#1206=EDGE_CURVE('',#962,#963,#439,.T.);
#1207=EDGE_CURVE('',#964,#965,#63,.T.);
#1208=EDGE_CURVE('',#941,#965,#440,.T.);
#1209=EDGE_CURVE('',#964,#940,#441,.T.);
#1210=EDGE_CURVE('',#966,#967,#64,.T.);
#1211=EDGE_CURVE('',#968,#967,#442,.T.);
#1212=EDGE_CURVE('',#966,#968,#443,.T.);
#1213=EDGE_CURVE('',#969,#970,#444,.T.);
#1214=EDGE_CURVE('',#969,#966,#65,.T.);
#1215=EDGE_CURVE('',#970,#966,#445,.T.);
#1216=EDGE_CURVE('',#967,#971,#446,.T.);
#1217=EDGE_CURVE('',#967,#972,#66,.T.);
#1218=EDGE_CURVE('',#971,#972,#447,.T.);
#1219=EDGE_CURVE('',#972,#969,#67,.T.);
#1220=EDGE_CURVE('',#973,#969,#448,.T.);
#1221=EDGE_CURVE('',#972,#973,#449,.T.);
#1222=EDGE_CURVE('',#959,#948,#450,.T.);
#1223=EDGE_CURVE('',#974,#949,#451,.T.);
#1224=EDGE_CURVE('',#947,#974,#452,.T.);
#1225=EDGE_CURVE('',#975,#976,#453,.T.);
#1226=EDGE_CURVE('',#977,#976,#454,.T.);
#1227=EDGE_CURVE('',#977,#978,#455,.T.);
#1228=EDGE_CURVE('',#978,#975,#456,.T.);
#1229=EDGE_CURVE('',#979,#980,#457,.T.);
#1230=EDGE_CURVE('',#976,#980,#458,.T.);
#1231=EDGE_CURVE('',#975,#981,#459,.T.);
#1232=EDGE_CURVE('',#979,#981,#460,.T.);
#1233=EDGE_CURVE('',#982,#983,#461,.T.);
#1234=EDGE_CURVE('',#983,#977,#462,.T.);
#1235=EDGE_CURVE('',#980,#984,#463,.T.);
#1236=EDGE_CURVE('',#974,#984,#464,.T.);
#1237=EDGE_CURVE('',#982,#951,#465,.T.);
#1238=EDGE_CURVE('',#954,#985,#466,.T.);
#1239=EDGE_CURVE('',#985,#986,#467,.T.);
#1240=EDGE_CURVE('',#950,#986,#468,.T.);
#1241=EDGE_CURVE('',#894,#934,#469,.T.);
#1242=EDGE_CURVE('',#934,#927,#470,.T.);
#1243=EDGE_CURVE('',#927,#913,#471,.T.);
#1244=EDGE_CURVE('',#987,#988,#472,.T.);
#1245=EDGE_CURVE('',#988,#989,#473,.T.);
#1246=EDGE_CURVE('',#989,#990,#474,.T.);
#1247=EDGE_CURVE('',#990,#987,#475,.T.);
#1248=EDGE_CURVE('',#892,#991,#68,.T.);
#1249=EDGE_CURVE('',#890,#991,#32,.T.);
#1250=EDGE_CURVE('',#992,#937,#476,.T.);
#1251=EDGE_CURVE('',#993,#992,#477,.T.);
#1252=EDGE_CURVE('',#892,#993,#478,.T.);
#1253=EDGE_CURVE('',#994,#995,#479,.T.);
#1254=EDGE_CURVE('',#993,#995,#480,.T.);
#1255=EDGE_CURVE('',#994,#992,#481,.T.);
#1256=EDGE_CURVE('',#996,#961,#482,.T.);
#1257=EDGE_CURVE('',#963,#996,#483,.T.);
#1258=EDGE_CURVE('',#960,#958,#484,.T.);
#1259=EDGE_CURVE('',#997,#998,#485,.T.);
#1260=EDGE_CURVE('',#999,#997,#486,.T.);
#1261=EDGE_CURVE('',#1000,#999,#487,.T.);
#1262=EDGE_CURVE('',#1001,#1000,#488,.T.);
#1263=EDGE_CURVE('',#1002,#1001,#489,.T.);
#1264=EDGE_CURVE('',#994,#1002,#490,.T.);
#1265=EDGE_CURVE('',#998,#996,#491,.T.);
#1266=EDGE_CURVE('',#1003,#999,#492,.T.);
#1267=EDGE_CURVE('',#1004,#1003,#493,.T.);
#1268=EDGE_CURVE('',#1000,#1004,#494,.T.);
#1269=EDGE_CURVE('',#1005,#997,#495,.T.);
#1270=EDGE_CURVE('',#1005,#1006,#496,.T.);
#1271=EDGE_CURVE('',#1003,#1006,#497,.T.);
#1272=EDGE_CURVE('',#1007,#1008,#69,.T.);
#1273=EDGE_CURVE('',#965,#1008,#498,.T.);
#1274=EDGE_CURVE('',#1007,#964,#499,.T.);
#1275=EDGE_CURVE('',#1009,#971,#500,.T.);
#1276=EDGE_CURVE('',#1010,#1009,#501,.T.);
#1277=EDGE_CURVE('',#968,#1010,#502,.T.);
#1278=EDGE_CURVE('',#1011,#1010,#503,.T.);
#1279=EDGE_CURVE('',#1011,#1012,#504,.T.);
#1280=EDGE_CURVE('',#1013,#1012,#505,.T.);
#1281=EDGE_CURVE('',#1013,#1014,#506,.T.);
#1282=EDGE_CURVE('',#1014,#1015,#507,.T.);
#1283=EDGE_CURVE('',#970,#1015,#508,.T.);
#1284=EDGE_CURVE('',#1016,#1015,#509,.T.);
#1285=EDGE_CURVE('',#973,#1016,#510,.T.);
#1286=EDGE_CURVE('',#1017,#1018,#511,.T.);
#1287=EDGE_CURVE('',#1019,#1018,#512,.T.);
#1288=EDGE_CURVE('',#1019,#1020,#513,.T.);
#1289=EDGE_CURVE('',#1009,#1020,#514,.T.);
#1290=EDGE_CURVE('',#1017,#1016,#515,.T.);
#1291=EDGE_CURVE('',#984,#1021,#516,.T.);
#1292=EDGE_CURVE('',#1022,#1021,#517,.T.);
#1293=EDGE_CURVE('',#1022,#1007,#518,.T.);
#1294=EDGE_CURVE('',#1021,#979,#519,.T.);
#1295=EDGE_CURVE('',#1023,#1024,#520,.T.);
#1296=EDGE_CURVE('',#986,#1023,#521,.T.);
#1297=EDGE_CURVE('',#985,#1024,#522,.T.);
#1298=EDGE_CURVE('',#978,#1025,#523,.T.);
#1299=EDGE_CURVE('',#1026,#1025,#524,.T.);
#1300=EDGE_CURVE('',#1027,#1026,#525,.T.);
#1301=EDGE_CURVE('',#981,#1027,#526,.T.);
#1302=EDGE_CURVE('',#983,#1028,#527,.T.);
#1303=EDGE_CURVE('',#1025,#1028,#528,.T.);
#1304=EDGE_CURVE('',#1028,#982,#529,.T.);
#1305=EDGE_CURVE('',#982,#1023,#530,.T.);
#1306=EDGE_CURVE('',#989,#1029,#531,.T.);
#1307=EDGE_CURVE('',#1030,#1029,#532,.T.);
#1308=EDGE_CURVE('',#1030,#990,#533,.T.);
#1309=EDGE_CURVE('',#988,#1031,#534,.T.);
#1310=EDGE_CURVE('',#1029,#1031,#535,.T.);
#1311=EDGE_CURVE('',#987,#1032,#536,.T.);
#1312=EDGE_CURVE('',#1031,#1032,#537,.T.);
#1313=EDGE_CURVE('',#991,#893,#538,.T.);
#1314=EDGE_CURVE('',#1033,#892,#539,.T.);
#1315=EDGE_CURVE('',#1032,#1033,#540,.T.);
#1316=EDGE_CURVE('',#1034,#1030,#541,.T.);
#1317=EDGE_CURVE('',#1024,#1034,#542,.T.);
#1318=EDGE_CURVE('',#908,#954,#70,.T.);
#1319=EDGE_CURVE('',#1035,#1035,#71,.T.);
#1320=EDGE_CURVE('',#1033,#1036,#543,.T.);
#1321=EDGE_CURVE('',#1036,#995,#544,.T.);
#1322=EDGE_CURVE('',#1037,#1002,#545,.T.);
#1323=EDGE_CURVE('',#1036,#1037,#546,.T.);
#1324=EDGE_CURVE('',#1038,#1001,#547,.T.);
#1325=EDGE_CURVE('',#1002,#1038,#548,.T.);
#1326=EDGE_CURVE('',#1039,#1004,#549,.T.);
#1327=EDGE_CURVE('',#1038,#1039,#550,.T.);
#1328=EDGE_CURVE('',#1008,#1040,#551,.T.);
#1329=EDGE_CURVE('',#1040,#1041,#552,.T.);
#1330=EDGE_CURVE('',#1041,#1042,#553,.T.);
#1331=EDGE_CURVE('',#998,#1042,#554,.T.);
#1332=EDGE_CURVE('',#1042,#1005,#555,.T.);
#1333=EDGE_CURVE('',#1006,#1043,#556,.T.);
#1334=EDGE_CURVE('',#1044,#1043,#557,.T.);
#1335=EDGE_CURVE('',#1039,#1044,#558,.T.);
#1336=EDGE_CURVE('',#1040,#1045,#72,.T.);
#1337=EDGE_CURVE('',#1045,#1022,#15,.T.);
#1338=EDGE_CURVE('',#1020,#1011,#73,.T.);
#1339=EDGE_CURVE('',#1012,#1013,#74,.T.);
#1340=EDGE_CURVE('',#1014,#1017,#75,.T.);
#1341=EDGE_CURVE('',#1018,#1046,#76,.T.);
#1342=EDGE_CURVE('',#1046,#1019,#77,.T.);
#1343=EDGE_CURVE('',#1047,#1027,#559,.T.);
#1344=EDGE_CURVE('',#1048,#1047,#560,.T.);
#1345=EDGE_CURVE('',#1045,#1048,#561,.T.);
#1346=EDGE_CURVE('',#1049,#1026,#562,.T.);
#1347=EDGE_CURVE('',#1047,#1049,#563,.T.);
#1348=EDGE_CURVE('',#1050,#1034,#564,.T.);
#1349=EDGE_CURVE('',#1049,#1050,#565,.T.);
#1350=EDGE_CURVE('',#1051,#1050,#566,.T.);
#1351=EDGE_CURVE('',#1052,#1037,#567,.T.);
#1352=EDGE_CURVE('',#1052,#1053,#568,.T.);
#1353=EDGE_CURVE('',#1053,#1051,#569,.T.);
#1354=EDGE_CURVE('',#1054,#1044,#570,.T.);
#1355=EDGE_CURVE('',#1052,#1054,#571,.T.);
#1356=EDGE_CURVE('',#1043,#1055,#572,.T.);
#1357=EDGE_CURVE('',#1054,#1055,#573,.T.);
#1358=EDGE_CURVE('',#1056,#1041,#574,.T.);
#1359=EDGE_CURVE('',#1055,#1056,#575,.T.);
#1360=EDGE_CURVE('',#1056,#1048,#576,.T.);
#1361=EDGE_CURVE('',#1051,#866,#577,.T.);
#1362=EDGE_CURVE('',#1053,#861,#578,.T.);
#1363=EDGE_CURVE('',#862,#1052,#579,.T.);
#1364=EDGE_CURVE('',#877,#1054,#580,.T.);
#1365=EDGE_CURVE('',#875,#1055,#581,.T.);
#1366=EDGE_CURVE('',#873,#1056,#582,.T.);
#1367=EDGE_CURVE('',#1057,#1057,#78,.T.);
#1368=EDGE_CURVE('',#1057,#966,#583,.T.);
#1369=EDGE_CURVE('',#1035,#1057,#584,.T.);
#1370=EDGE_CURVE('',#879,#1046,#585,.T.);
#1371=EDGE_CURVE('',#1048,#872,#586,.T.);
#1372=EDGE_CURVE('',#870,#1047,#587,.T.);
#1373=EDGE_CURVE('',#868,#1049,#588,.T.);
#1374=EDGE_CURVE('',#1050,#865,#589,.T.);
#1375=ORIENTED_EDGE('',*,*,#1058,.T.);
#1376=ORIENTED_EDGE('',*,*,#1059,.T.);
#1377=ORIENTED_EDGE('',*,*,#1060,.T.);
#1378=ORIENTED_EDGE('',*,*,#1061,.F.);
#1379=ORIENTED_EDGE('',*,*,#1062,.T.);
#1380=ORIENTED_EDGE('',*,*,#1063,.T.);
#1381=ORIENTED_EDGE('',*,*,#1064,.T.);
#1382=ORIENTED_EDGE('',*,*,#1065,.F.);
#1383=ORIENTED_EDGE('',*,*,#1066,.T.);
#1384=ORIENTED_EDGE('',*,*,#1067,.T.);
#1385=ORIENTED_EDGE('',*,*,#1068,.T.);
#1386=ORIENTED_EDGE('',*,*,#1063,.F.);
#1387=ORIENTED_EDGE('',*,*,#1069,.T.);
#1388=ORIENTED_EDGE('',*,*,#1070,.T.);
#1389=ORIENTED_EDGE('',*,*,#1071,.T.);
#1390=ORIENTED_EDGE('',*,*,#1067,.F.);
#1391=ORIENTED_EDGE('',*,*,#1072,.T.);
#1392=ORIENTED_EDGE('',*,*,#1073,.T.);
#1393=ORIENTED_EDGE('',*,*,#1074,.T.);
#1394=ORIENTED_EDGE('',*,*,#1070,.F.);
#1395=ORIENTED_EDGE('',*,*,#1075,.T.);
#1396=ORIENTED_EDGE('',*,*,#1073,.F.);
#1397=ORIENTED_EDGE('',*,*,#1076,.T.);
#1398=ORIENTED_EDGE('',*,*,#1077,.T.);
#1399=ORIENTED_EDGE('',*,*,#1078,.T.);
#1400=ORIENTED_EDGE('',*,*,#1077,.F.);
#1401=ORIENTED_EDGE('',*,*,#1079,.T.);
#1402=ORIENTED_EDGE('',*,*,#1080,.T.);
#1403=ORIENTED_EDGE('',*,*,#1081,.T.);
#1404=ORIENTED_EDGE('',*,*,#1080,.F.);
#1405=ORIENTED_EDGE('',*,*,#1082,.T.);
#1406=ORIENTED_EDGE('',*,*,#1083,.T.);
#1407=ORIENTED_EDGE('',*,*,#1084,.T.);
#1408=ORIENTED_EDGE('',*,*,#1083,.F.);
#1409=ORIENTED_EDGE('',*,*,#1085,.T.);
#1410=ORIENTED_EDGE('',*,*,#1061,.T.);
#1411=ORIENTED_EDGE('',*,*,#1058,.F.);
#1412=ORIENTED_EDGE('',*,*,#1085,.F.);
#1413=ORIENTED_EDGE('',*,*,#1082,.F.);
#1414=ORIENTED_EDGE('',*,*,#1079,.F.);
#1415=ORIENTED_EDGE('',*,*,#1076,.F.);
#1416=ORIENTED_EDGE('',*,*,#1072,.F.);
#1417=ORIENTED_EDGE('',*,*,#1069,.F.);
#1418=ORIENTED_EDGE('',*,*,#1066,.F.);
#1419=ORIENTED_EDGE('',*,*,#1062,.F.);
#1420=ORIENTED_EDGE('',*,*,#1086,.F.);
#1421=ORIENTED_EDGE('',*,*,#1087,.T.);
#1422=ORIENTED_EDGE('',*,*,#1088,.T.);
#1423=ORIENTED_EDGE('',*,*,#1089,.T.);
#1424=ORIENTED_EDGE('',*,*,#1090,.F.);
#1425=ORIENTED_EDGE('',*,*,#1091,.T.);
#1426=ORIENTED_EDGE('',*,*,#1092,.F.);
#1427=ORIENTED_EDGE('',*,*,#1093,.F.);
#1428=ORIENTED_EDGE('',*,*,#1094,.T.);
#1429=ORIENTED_EDGE('',*,*,#1089,.F.);
#1430=ORIENTED_EDGE('',*,*,#1094,.F.);
#1431=ORIENTED_EDGE('',*,*,#1095,.F.);
#1432=ORIENTED_EDGE('',*,*,#1091,.F.);
#1433=ORIENTED_EDGE('',*,*,#1096,.F.);
#1434=ORIENTED_EDGE('',*,*,#1097,.T.);
#1435=ORIENTED_EDGE('',*,*,#1098,.F.);
#1436=ORIENTED_EDGE('',*,*,#1099,.T.);
#1437=ORIENTED_EDGE('',*,*,#1100,.F.);
#1438=ORIENTED_EDGE('',*,*,#1097,.F.);
#1439=ORIENTED_EDGE('',*,*,#1101,.F.);
#1440=ORIENTED_EDGE('',*,*,#1101,.T.);
#1441=ORIENTED_EDGE('',*,*,#1096,.T.);
#1442=ORIENTED_EDGE('',*,*,#1090,.T.);
#1443=ORIENTED_EDGE('',*,*,#1102,.T.);
#1444=ORIENTED_EDGE('',*,*,#1103,.T.);
#1445=ORIENTED_EDGE('',*,*,#1104,.T.);
#1446=ORIENTED_EDGE('',*,*,#1095,.T.);
#1447=ORIENTED_EDGE('',*,*,#1093,.T.);
#1448=ORIENTED_EDGE('',*,*,#1105,.F.);
#1449=ORIENTED_EDGE('',*,*,#1106,.T.);
#1450=ORIENTED_EDGE('',*,*,#1107,.T.);
#1451=ORIENTED_EDGE('',*,*,#1108,.F.);
#1452=ORIENTED_EDGE('',*,*,#1109,.F.);
#1453=ORIENTED_EDGE('',*,*,#1110,.T.);
#1454=ORIENTED_EDGE('',*,*,#1102,.F.);
#1455=ORIENTED_EDGE('',*,*,#1111,.F.);
#1456=ORIENTED_EDGE('',*,*,#1112,.T.);
#1457=ORIENTED_EDGE('',*,*,#1113,.T.);
#1458=ORIENTED_EDGE('',*,*,#1088,.F.);
#1459=ORIENTED_EDGE('',*,*,#1113,.F.);
#1460=ORIENTED_EDGE('',*,*,#1114,.T.);
#1461=ORIENTED_EDGE('',*,*,#1115,.F.);
#1462=ORIENTED_EDGE('',*,*,#1116,.F.);
#1463=ORIENTED_EDGE('',*,*,#1112,.F.);
#1464=ORIENTED_EDGE('',*,*,#1117,.F.);
#1465=ORIENTED_EDGE('',*,*,#1118,.T.);
#1466=ORIENTED_EDGE('',*,*,#1119,.F.);
#1467=ORIENTED_EDGE('',*,*,#1114,.F.);
#1468=ORIENTED_EDGE('',*,*,#1120,.T.);
#1469=ORIENTED_EDGE('',*,*,#1121,.F.);
#1470=ORIENTED_EDGE('',*,*,#1118,.F.);
#1471=ORIENTED_EDGE('',*,*,#1122,.F.);
#1472=ORIENTED_EDGE('',*,*,#1122,.T.);
#1473=ORIENTED_EDGE('',*,*,#1117,.T.);
#1474=ORIENTED_EDGE('',*,*,#1111,.T.);
#1475=ORIENTED_EDGE('',*,*,#1123,.T.);
#1476=ORIENTED_EDGE('',*,*,#1124,.T.);
#1477=ORIENTED_EDGE('',*,*,#1125,.T.);
#1478=ORIENTED_EDGE('',*,*,#1116,.T.);
#1479=ORIENTED_EDGE('',*,*,#1126,.F.);
#1480=ORIENTED_EDGE('',*,*,#1127,.T.);
#1481=ORIENTED_EDGE('',*,*,#1128,.T.);
#1482=ORIENTED_EDGE('',*,*,#1129,.F.);
#1483=ORIENTED_EDGE('',*,*,#1130,.F.);
#1484=ORIENTED_EDGE('',*,*,#1131,.T.);
#1485=ORIENTED_EDGE('',*,*,#1123,.F.);
#1486=ORIENTED_EDGE('',*,*,#1132,.F.);
#1487=ORIENTED_EDGE('',*,*,#1133,.F.);
#1488=ORIENTED_EDGE('',*,*,#1134,.F.);
#1489=ORIENTED_EDGE('',*,*,#1135,.T.);
#1490=ORIENTED_EDGE('',*,*,#1136,.F.);
#1491=ORIENTED_EDGE('',*,*,#1137,.F.);
#1492=ORIENTED_EDGE('',*,*,#1138,.F.);
#1493=ORIENTED_EDGE('',*,*,#1139,.T.);
#1494=ORIENTED_EDGE('',*,*,#1140,.T.);
#1495=ORIENTED_EDGE('',*,*,#1141,.T.);
#1496=ORIENTED_EDGE('',*,*,#1142,.F.);
#1497=ORIENTED_EDGE('',*,*,#1143,.F.);
#1498=ORIENTED_EDGE('',*,*,#1144,.F.);
#1499=ORIENTED_EDGE('',*,*,#1141,.F.);
#1500=ORIENTED_EDGE('',*,*,#1145,.T.);
#1501=ORIENTED_EDGE('',*,*,#1128,.F.);
#1502=ORIENTED_EDGE('',*,*,#1146,.T.);
#1503=ORIENTED_EDGE('',*,*,#1147,.F.);
#1504=ORIENTED_EDGE('',*,*,#1148,.T.);
#1505=ORIENTED_EDGE('',*,*,#1149,.T.);
#1506=ORIENTED_EDGE('',*,*,#1150,.T.);
#1507=ORIENTED_EDGE('',*,*,#1150,.F.);
#1508=ORIENTED_EDGE('',*,*,#1151,.T.);
#1509=ORIENTED_EDGE('',*,*,#1152,.F.);
#1510=ORIENTED_EDGE('',*,*,#1153,.F.);
#1511=ORIENTED_EDGE('',*,*,#1135,.F.);
#1512=ORIENTED_EDGE('',*,*,#1154,.F.);
#1513=ORIENTED_EDGE('',*,*,#1139,.F.);
#1514=ORIENTED_EDGE('',*,*,#1155,.F.);
#1515=ORIENTED_EDGE('',*,*,#1156,.T.);
#1516=ORIENTED_EDGE('',*,*,#1157,.F.);
#1517=ORIENTED_EDGE('',*,*,#1152,.T.);
#1518=ORIENTED_EDGE('',*,*,#1158,.T.);
#1519=ORIENTED_EDGE('',*,*,#1159,.F.);
#1520=ORIENTED_EDGE('',*,*,#1160,.F.);
#1521=ORIENTED_EDGE('',*,*,#1161,.T.);
#1522=ORIENTED_EDGE('',*,*,#1162,.T.);
#1523=ORIENTED_EDGE('',*,*,#1163,.F.);
#1524=ORIENTED_EDGE('',*,*,#1164,.T.);
#1525=ORIENTED_EDGE('',*,*,#1165,.F.);
#1526=ORIENTED_EDGE('',*,*,#1166,.T.);
#1527=ORIENTED_EDGE('',*,*,#1167,.F.);
#1528=ORIENTED_EDGE('',*,*,#1144,.T.);
#1529=ORIENTED_EDGE('',*,*,#1168,.F.);
#1530=ORIENTED_EDGE('',*,*,#1169,.F.);
#1531=ORIENTED_EDGE('',*,*,#1170,.T.);
#1532=ORIENTED_EDGE('',*,*,#1168,.T.);
#1533=ORIENTED_EDGE('',*,*,#1143,.T.);
#1534=ORIENTED_EDGE('',*,*,#1171,.F.);
#1535=ORIENTED_EDGE('',*,*,#1172,.T.);
#1536=ORIENTED_EDGE('',*,*,#1173,.T.);
#1537=ORIENTED_EDGE('',*,*,#1174,.F.);
#1538=ORIENTED_EDGE('',*,*,#1175,.F.);
#1539=ORIENTED_EDGE('',*,*,#1176,.T.);
#1540=ORIENTED_EDGE('',*,*,#1171,.T.);
#1541=ORIENTED_EDGE('',*,*,#1142,.T.);
#1542=ORIENTED_EDGE('',*,*,#1177,.T.);
#1543=ORIENTED_EDGE('',*,*,#1178,.F.);
#1544=ORIENTED_EDGE('',*,*,#1179,.T.);
#1545=ORIENTED_EDGE('',*,*,#1180,.F.);
#1546=ORIENTED_EDGE('',*,*,#1181,.F.);
#1547=ORIENTED_EDGE('',*,*,#1182,.F.);
#1548=ORIENTED_EDGE('',*,*,#1179,.F.);
#1549=ORIENTED_EDGE('',*,*,#1183,.F.);
#1550=ORIENTED_EDGE('',*,*,#1146,.F.);
#1551=ORIENTED_EDGE('',*,*,#1127,.F.);
#1552=ORIENTED_EDGE('',*,*,#1184,.F.);
#1553=ORIENTED_EDGE('',*,*,#1132,.T.);
#1554=ORIENTED_EDGE('',*,*,#1153,.T.);
#1555=ORIENTED_EDGE('',*,*,#1157,.T.);
#1556=ORIENTED_EDGE('',*,*,#1185,.F.);
#1557=ORIENTED_EDGE('',*,*,#1147,.T.);
#1558=ORIENTED_EDGE('',*,*,#1155,.T.);
#1559=ORIENTED_EDGE('',*,*,#1138,.T.);
#1560=ORIENTED_EDGE('',*,*,#1186,.F.);
#1561=ORIENTED_EDGE('',*,*,#1136,.T.);
#1562=ORIENTED_EDGE('',*,*,#1154,.T.);
#1563=ORIENTED_EDGE('',*,*,#1134,.T.);
#1564=ORIENTED_EDGE('',*,*,#1121,.T.);
#1565=ORIENTED_EDGE('',*,*,#1187,.T.);
#1566=ORIENTED_EDGE('',*,*,#1181,.T.);
#1567=ORIENTED_EDGE('',*,*,#1126,.T.);
#1568=ORIENTED_EDGE('',*,*,#1115,.T.);
#1569=ORIENTED_EDGE('',*,*,#1119,.T.);
#1570=ORIENTED_EDGE('',*,*,#1109,.T.);
#1571=ORIENTED_EDGE('',*,*,#1188,.T.);
#1572=ORIENTED_EDGE('',*,*,#1161,.F.);
#1573=ORIENTED_EDGE('',*,*,#1189,.T.);
#1574=ORIENTED_EDGE('',*,*,#1190,.F.);
#1575=ORIENTED_EDGE('',*,*,#1191,.F.);
#1576=ORIENTED_EDGE('',*,*,#1163,.T.);
#1577=ORIENTED_EDGE('',*,*,#1192,.T.);
#1578=ORIENTED_EDGE('',*,*,#1162,.F.);
#1579=ORIENTED_EDGE('',*,*,#1188,.F.);
#1580=ORIENTED_EDGE('',*,*,#1108,.T.);
#1581=ORIENTED_EDGE('',*,*,#1193,.T.);
#1582=ORIENTED_EDGE('',*,*,#1158,.F.);
#1583=ORIENTED_EDGE('',*,*,#1151,.F.);
#1584=ORIENTED_EDGE('',*,*,#1149,.F.);
#1585=ORIENTED_EDGE('',*,*,#1194,.T.);
#1586=ORIENTED_EDGE('',*,*,#1129,.T.);
#1587=ORIENTED_EDGE('',*,*,#1145,.F.);
#1588=ORIENTED_EDGE('',*,*,#1140,.F.);
#1589=ORIENTED_EDGE('',*,*,#1170,.F.);
#1590=ORIENTED_EDGE('',*,*,#1195,.F.);
#1591=ORIENTED_EDGE('',*,*,#1196,.F.);
#1592=ORIENTED_EDGE('',*,*,#1192,.F.);
#1593=ORIENTED_EDGE('',*,*,#1166,.F.);
#1594=ORIENTED_EDGE('',*,*,#1197,.F.);
#1595=ORIENTED_EDGE('',*,*,#1198,.F.);
#1596=ORIENTED_EDGE('',*,*,#1199,.F.);
#1597=ORIENTED_EDGE('',*,*,#1200,.F.);
#1598=ORIENTED_EDGE('',*,*,#1159,.T.);
#1599=ORIENTED_EDGE('',*,*,#1191,.T.);
#1600=ORIENTED_EDGE('',*,*,#1201,.F.);
#1601=ORIENTED_EDGE('',*,*,#1202,.T.);
#1602=ORIENTED_EDGE('',*,*,#1203,.T.);
#1603=ORIENTED_EDGE('',*,*,#1204,.F.);
#1604=ORIENTED_EDGE('',*,*,#1205,.F.);
#1605=ORIENTED_EDGE('',*,*,#1160,.T.);
#1606=ORIENTED_EDGE('',*,*,#1204,.T.);
#1607=ORIENTED_EDGE('',*,*,#1206,.T.);
#1608=ORIENTED_EDGE('',*,*,#1207,.T.);
#1609=ORIENTED_EDGE('',*,*,#1208,.F.);
#1610=ORIENTED_EDGE('',*,*,#1164,.F.);
#1611=ORIENTED_EDGE('',*,*,#1209,.F.);
#1612=ORIENTED_EDGE('',*,*,#1210,.T.);
#1613=ORIENTED_EDGE('',*,*,#1211,.F.);
#1614=ORIENTED_EDGE('',*,*,#1212,.F.);
#1615=ORIENTED_EDGE('',*,*,#1213,.F.);
#1616=ORIENTED_EDGE('',*,*,#1214,.T.);
#1617=ORIENTED_EDGE('',*,*,#1215,.F.);
#1618=ORIENTED_EDGE('',*,*,#1216,.F.);
#1619=ORIENTED_EDGE('',*,*,#1217,.T.);
#1620=ORIENTED_EDGE('',*,*,#1218,.F.);
#1621=ORIENTED_EDGE('',*,*,#1219,.T.);
#1622=ORIENTED_EDGE('',*,*,#1220,.F.);
#1623=ORIENTED_EDGE('',*,*,#1221,.F.);
#1624=ORIENTED_EDGE('',*,*,#1199,.T.);
#1625=ORIENTED_EDGE('',*,*,#1195,.T.);
#1626=ORIENTED_EDGE('',*,*,#1169,.T.);
#1627=ORIENTED_EDGE('',*,*,#1174,.T.);
#1628=ORIENTED_EDGE('',*,*,#1222,.F.);
#1629=ORIENTED_EDGE('',*,*,#1176,.F.);
#1630=ORIENTED_EDGE('',*,*,#1223,.F.);
#1631=ORIENTED_EDGE('',*,*,#1224,.F.);
#1632=ORIENTED_EDGE('',*,*,#1172,.F.);
#1633=ORIENTED_EDGE('',*,*,#1225,.T.);
#1634=ORIENTED_EDGE('',*,*,#1226,.F.);
#1635=ORIENTED_EDGE('',*,*,#1227,.T.);
#1636=ORIENTED_EDGE('',*,*,#1228,.T.);
#1637=ORIENTED_EDGE('',*,*,#1229,.T.);
#1638=ORIENTED_EDGE('',*,*,#1230,.F.);
#1639=ORIENTED_EDGE('',*,*,#1225,.F.);
#1640=ORIENTED_EDGE('',*,*,#1231,.T.);
#1641=ORIENTED_EDGE('',*,*,#1232,.F.);
#1642=ORIENTED_EDGE('',*,*,#1233,.T.);
#1643=ORIENTED_EDGE('',*,*,#1234,.T.);
#1644=ORIENTED_EDGE('',*,*,#1226,.T.);
#1645=ORIENTED_EDGE('',*,*,#1230,.T.);
#1646=ORIENTED_EDGE('',*,*,#1235,.T.);
#1647=ORIENTED_EDGE('',*,*,#1236,.F.);
#1648=ORIENTED_EDGE('',*,*,#1223,.T.);
#1649=ORIENTED_EDGE('',*,*,#1175,.T.);
#1650=ORIENTED_EDGE('',*,*,#1183,.T.);
#1651=ORIENTED_EDGE('',*,*,#1178,.T.);
#1652=ORIENTED_EDGE('',*,*,#1237,.F.);
#1653=ORIENTED_EDGE('',*,*,#1182,.T.);
#1654=ORIENTED_EDGE('',*,*,#1238,.T.);
#1655=ORIENTED_EDGE('',*,*,#1239,.T.);
#1656=ORIENTED_EDGE('',*,*,#1240,.F.);
#1657=ORIENTED_EDGE('',*,*,#1180,.T.);
#1658=ORIENTED_EDGE('',*,*,#1156,.F.);
#1659=ORIENTED_EDGE('',*,*,#1193,.F.);
#1660=ORIENTED_EDGE('',*,*,#1107,.F.);
#1661=ORIENTED_EDGE('',*,*,#1241,.T.);
#1662=ORIENTED_EDGE('',*,*,#1186,.T.);
#1663=ORIENTED_EDGE('',*,*,#1133,.T.);
#1664=ORIENTED_EDGE('',*,*,#1184,.T.);
#1665=ORIENTED_EDGE('',*,*,#1242,.T.);
#1666=ORIENTED_EDGE('',*,*,#1185,.T.);
#1667=ORIENTED_EDGE('',*,*,#1137,.T.);
#1668=ORIENTED_EDGE('',*,*,#1130,.T.);
#1669=ORIENTED_EDGE('',*,*,#1194,.F.);
#1670=ORIENTED_EDGE('',*,*,#1148,.F.);
#1671=ORIENTED_EDGE('',*,*,#1243,.T.);
#1672=ORIENTED_EDGE('',*,*,#1244,.T.);
#1673=ORIENTED_EDGE('',*,*,#1245,.T.);
#1674=ORIENTED_EDGE('',*,*,#1246,.T.);
#1675=ORIENTED_EDGE('',*,*,#1247,.T.);
#1676=ORIENTED_EDGE('',*,*,#1099,.F.);
#1677=ORIENTED_EDGE('',*,*,#1104,.F.);
#1678=ORIENTED_EDGE('',*,*,#1248,.T.);
#1679=ORIENTED_EDGE('',*,*,#1249,.F.);
#1680=ORIENTED_EDGE('',*,*,#1110,.F.);
#1681=ORIENTED_EDGE('',*,*,#1189,.F.);
#1682=ORIENTED_EDGE('',*,*,#1250,.F.);
#1683=ORIENTED_EDGE('',*,*,#1251,.F.);
#1684=ORIENTED_EDGE('',*,*,#1252,.F.);
#1685=ORIENTED_EDGE('',*,*,#1103,.F.);
#1686=ORIENTED_EDGE('',*,*,#1253,.T.);
#1687=ORIENTED_EDGE('',*,*,#1254,.F.);
#1688=ORIENTED_EDGE('',*,*,#1251,.T.);
#1689=ORIENTED_EDGE('',*,*,#1255,.F.);
#1690=ORIENTED_EDGE('',*,*,#1256,.F.);
#1691=ORIENTED_EDGE('',*,*,#1257,.F.);
#1692=ORIENTED_EDGE('',*,*,#1206,.F.);
#1693=ORIENTED_EDGE('',*,*,#1203,.F.);
#1694=ORIENTED_EDGE('',*,*,#1258,.F.);
#1695=ORIENTED_EDGE('',*,*,#1201,.T.);
#1696=ORIENTED_EDGE('',*,*,#1190,.T.);
#1697=ORIENTED_EDGE('',*,*,#1196,.T.);
#1698=ORIENTED_EDGE('',*,*,#1198,.T.);
#1699=ORIENTED_EDGE('',*,*,#1259,.F.);
#1700=ORIENTED_EDGE('',*,*,#1260,.F.);
#1701=ORIENTED_EDGE('',*,*,#1261,.F.);
#1702=ORIENTED_EDGE('',*,*,#1262,.F.);
#1703=ORIENTED_EDGE('',*,*,#1263,.F.);
#1704=ORIENTED_EDGE('',*,*,#1264,.F.);
#1705=ORIENTED_EDGE('',*,*,#1255,.T.);
#1706=ORIENTED_EDGE('',*,*,#1250,.T.);
#1707=ORIENTED_EDGE('',*,*,#1205,.T.);
#1708=ORIENTED_EDGE('',*,*,#1257,.T.);
#1709=ORIENTED_EDGE('',*,*,#1265,.F.);
#1710=ORIENTED_EDGE('',*,*,#1266,.F.);
#1711=ORIENTED_EDGE('',*,*,#1267,.F.);
#1712=ORIENTED_EDGE('',*,*,#1268,.F.);
#1713=ORIENTED_EDGE('',*,*,#1261,.T.);
#1714=ORIENTED_EDGE('',*,*,#1260,.T.);
#1715=ORIENTED_EDGE('',*,*,#1269,.F.);
#1716=ORIENTED_EDGE('',*,*,#1270,.T.);
#1717=ORIENTED_EDGE('',*,*,#1271,.F.);
#1718=ORIENTED_EDGE('',*,*,#1266,.T.);
#1719=ORIENTED_EDGE('',*,*,#1272,.T.);
#1720=ORIENTED_EDGE('',*,*,#1273,.F.);
#1721=ORIENTED_EDGE('',*,*,#1207,.F.);
#1722=ORIENTED_EDGE('',*,*,#1274,.F.);
#1723=ORIENTED_EDGE('',*,*,#1275,.F.);
#1724=ORIENTED_EDGE('',*,*,#1276,.F.);
#1725=ORIENTED_EDGE('',*,*,#1277,.F.);
#1726=ORIENTED_EDGE('',*,*,#1211,.T.);
#1727=ORIENTED_EDGE('',*,*,#1216,.T.);
#1728=ORIENTED_EDGE('',*,*,#1277,.T.);
#1729=ORIENTED_EDGE('',*,*,#1278,.F.);
#1730=ORIENTED_EDGE('',*,*,#1279,.T.);
#1731=ORIENTED_EDGE('',*,*,#1280,.F.);
#1732=ORIENTED_EDGE('',*,*,#1281,.T.);
#1733=ORIENTED_EDGE('',*,*,#1282,.T.);
#1734=ORIENTED_EDGE('',*,*,#1283,.F.);
#1735=ORIENTED_EDGE('',*,*,#1215,.T.);
#1736=ORIENTED_EDGE('',*,*,#1212,.T.);
#1737=ORIENTED_EDGE('',*,*,#1220,.T.);
#1738=ORIENTED_EDGE('',*,*,#1213,.T.);
#1739=ORIENTED_EDGE('',*,*,#1283,.T.);
#1740=ORIENTED_EDGE('',*,*,#1284,.F.);
#1741=ORIENTED_EDGE('',*,*,#1285,.F.);
#1742=ORIENTED_EDGE('',*,*,#1286,.T.);
#1743=ORIENTED_EDGE('',*,*,#1287,.F.);
#1744=ORIENTED_EDGE('',*,*,#1288,.T.);
#1745=ORIENTED_EDGE('',*,*,#1289,.F.);
#1746=ORIENTED_EDGE('',*,*,#1275,.T.);
#1747=ORIENTED_EDGE('',*,*,#1218,.T.);
#1748=ORIENTED_EDGE('',*,*,#1221,.T.);
#1749=ORIENTED_EDGE('',*,*,#1285,.T.);
#1750=ORIENTED_EDGE('',*,*,#1290,.F.);
#1751=ORIENTED_EDGE('',*,*,#1236,.T.);
#1752=ORIENTED_EDGE('',*,*,#1291,.T.);
#1753=ORIENTED_EDGE('',*,*,#1292,.F.);
#1754=ORIENTED_EDGE('',*,*,#1293,.T.);
#1755=ORIENTED_EDGE('',*,*,#1274,.T.);
#1756=ORIENTED_EDGE('',*,*,#1209,.T.);
#1757=ORIENTED_EDGE('',*,*,#1167,.T.);
#1758=ORIENTED_EDGE('',*,*,#1200,.T.);
#1759=ORIENTED_EDGE('',*,*,#1222,.T.);
#1760=ORIENTED_EDGE('',*,*,#1173,.F.);
#1761=ORIENTED_EDGE('',*,*,#1224,.T.);
#1762=ORIENTED_EDGE('',*,*,#1291,.F.);
#1763=ORIENTED_EDGE('',*,*,#1235,.F.);
#1764=ORIENTED_EDGE('',*,*,#1229,.F.);
#1765=ORIENTED_EDGE('',*,*,#1294,.F.);
#1766=ORIENTED_EDGE('',*,*,#1295,.F.);
#1767=ORIENTED_EDGE('',*,*,#1296,.F.);
#1768=ORIENTED_EDGE('',*,*,#1239,.F.);
#1769=ORIENTED_EDGE('',*,*,#1297,.T.);
#1770=ORIENTED_EDGE('',*,*,#1231,.F.);
#1771=ORIENTED_EDGE('',*,*,#1228,.F.);
#1772=ORIENTED_EDGE('',*,*,#1298,.T.);
#1773=ORIENTED_EDGE('',*,*,#1299,.F.);
#1774=ORIENTED_EDGE('',*,*,#1300,.F.);
#1775=ORIENTED_EDGE('',*,*,#1301,.F.);
#1776=ORIENTED_EDGE('',*,*,#1234,.F.);
#1777=ORIENTED_EDGE('',*,*,#1302,.T.);
#1778=ORIENTED_EDGE('',*,*,#1303,.F.);
#1779=ORIENTED_EDGE('',*,*,#1298,.F.);
#1780=ORIENTED_EDGE('',*,*,#1227,.F.);
#1781=ORIENTED_EDGE('',*,*,#1302,.F.);
#1782=ORIENTED_EDGE('',*,*,#1233,.F.);
#1783=ORIENTED_EDGE('',*,*,#1304,.F.);
#1784=ORIENTED_EDGE('',*,*,#1296,.T.);
#1785=ORIENTED_EDGE('',*,*,#1305,.F.);
#1786=ORIENTED_EDGE('',*,*,#1237,.T.);
#1787=ORIENTED_EDGE('',*,*,#1177,.F.);
#1788=ORIENTED_EDGE('',*,*,#1240,.T.);
#1789=ORIENTED_EDGE('',*,*,#1306,.T.);
#1790=ORIENTED_EDGE('',*,*,#1307,.F.);
#1791=ORIENTED_EDGE('',*,*,#1308,.T.);
#1792=ORIENTED_EDGE('',*,*,#1246,.F.);
#1793=ORIENTED_EDGE('',*,*,#1309,.T.);
#1794=ORIENTED_EDGE('',*,*,#1310,.F.);
#1795=ORIENTED_EDGE('',*,*,#1306,.F.);
#1796=ORIENTED_EDGE('',*,*,#1245,.F.);
#1797=ORIENTED_EDGE('',*,*,#1311,.T.);
#1798=ORIENTED_EDGE('',*,*,#1312,.F.);
#1799=ORIENTED_EDGE('',*,*,#1309,.F.);
#1800=ORIENTED_EDGE('',*,*,#1244,.F.);
#1801=ORIENTED_EDGE('',*,*,#1313,.F.);
#1802=ORIENTED_EDGE('',*,*,#1248,.F.);
#1803=ORIENTED_EDGE('',*,*,#1314,.F.);
#1804=ORIENTED_EDGE('',*,*,#1315,.F.);
#1805=ORIENTED_EDGE('',*,*,#1311,.F.);
#1806=ORIENTED_EDGE('',*,*,#1247,.F.);
#1807=ORIENTED_EDGE('',*,*,#1308,.F.);
#1808=ORIENTED_EDGE('',*,*,#1316,.F.);
#1809=ORIENTED_EDGE('',*,*,#1317,.F.);
#1810=ORIENTED_EDGE('',*,*,#1297,.F.);
#1811=ORIENTED_EDGE('',*,*,#1238,.F.);
#1812=ORIENTED_EDGE('',*,*,#1318,.F.);
#1813=ORIENTED_EDGE('',*,*,#1124,.F.);
#1814=ORIENTED_EDGE('',*,*,#1131,.F.);
#1815=ORIENTED_EDGE('',*,*,#1243,.F.);
#1816=ORIENTED_EDGE('',*,*,#1242,.F.);
#1817=ORIENTED_EDGE('',*,*,#1241,.F.);
#1818=ORIENTED_EDGE('',*,*,#1106,.F.);
#1819=ORIENTED_EDGE('',*,*,#1319,.F.);
#1820=ORIENTED_EDGE('',*,*,#1320,.F.);
#1821=ORIENTED_EDGE('',*,*,#1314,.T.);
#1822=ORIENTED_EDGE('',*,*,#1252,.T.);
#1823=ORIENTED_EDGE('',*,*,#1254,.T.);
#1824=ORIENTED_EDGE('',*,*,#1321,.F.);
#1825=ORIENTED_EDGE('',*,*,#1321,.T.);
#1826=ORIENTED_EDGE('',*,*,#1253,.F.);
#1827=ORIENTED_EDGE('',*,*,#1264,.T.);
#1828=ORIENTED_EDGE('',*,*,#1322,.F.);
#1829=ORIENTED_EDGE('',*,*,#1323,.F.);
#1830=ORIENTED_EDGE('',*,*,#1263,.T.);
#1831=ORIENTED_EDGE('',*,*,#1324,.F.);
#1832=ORIENTED_EDGE('',*,*,#1325,.F.);
#1833=ORIENTED_EDGE('',*,*,#1324,.T.);
#1834=ORIENTED_EDGE('',*,*,#1262,.T.);
#1835=ORIENTED_EDGE('',*,*,#1268,.T.);
#1836=ORIENTED_EDGE('',*,*,#1326,.F.);
#1837=ORIENTED_EDGE('',*,*,#1327,.F.);
#1838=ORIENTED_EDGE('',*,*,#1328,.T.);
#1839=ORIENTED_EDGE('',*,*,#1329,.T.);
#1840=ORIENTED_EDGE('',*,*,#1330,.T.);
#1841=ORIENTED_EDGE('',*,*,#1331,.F.);
#1842=ORIENTED_EDGE('',*,*,#1265,.T.);
#1843=ORIENTED_EDGE('',*,*,#1256,.T.);
#1844=ORIENTED_EDGE('',*,*,#1202,.F.);
#1845=ORIENTED_EDGE('',*,*,#1258,.T.);
#1846=ORIENTED_EDGE('',*,*,#1197,.T.);
#1847=ORIENTED_EDGE('',*,*,#1165,.T.);
#1848=ORIENTED_EDGE('',*,*,#1208,.T.);
#1849=ORIENTED_EDGE('',*,*,#1273,.T.);
#1850=ORIENTED_EDGE('',*,*,#1259,.T.);
#1851=ORIENTED_EDGE('',*,*,#1331,.T.);
#1852=ORIENTED_EDGE('',*,*,#1332,.T.);
#1853=ORIENTED_EDGE('',*,*,#1269,.T.);
#1854=ORIENTED_EDGE('',*,*,#1267,.T.);
#1855=ORIENTED_EDGE('',*,*,#1271,.T.);
#1856=ORIENTED_EDGE('',*,*,#1333,.T.);
#1857=ORIENTED_EDGE('',*,*,#1334,.F.);
#1858=ORIENTED_EDGE('',*,*,#1335,.F.);
#1859=ORIENTED_EDGE('',*,*,#1326,.T.);
#1860=ORIENTED_EDGE('',*,*,#1336,.F.);
#1861=ORIENTED_EDGE('',*,*,#1328,.F.);
#1862=ORIENTED_EDGE('',*,*,#1272,.F.);
#1863=ORIENTED_EDGE('',*,*,#1293,.F.);
#1864=ORIENTED_EDGE('',*,*,#1337,.F.);
#1865=ORIENTED_EDGE('',*,*,#1289,.T.);
#1866=ORIENTED_EDGE('',*,*,#1338,.T.);
#1867=ORIENTED_EDGE('',*,*,#1278,.T.);
#1868=ORIENTED_EDGE('',*,*,#1276,.T.);
#1869=ORIENTED_EDGE('',*,*,#1339,.T.);
#1870=ORIENTED_EDGE('',*,*,#1280,.T.);
#1871=ORIENTED_EDGE('',*,*,#1290,.T.);
#1872=ORIENTED_EDGE('',*,*,#1284,.T.);
#1873=ORIENTED_EDGE('',*,*,#1282,.F.);
#1874=ORIENTED_EDGE('',*,*,#1340,.T.);
#1875=ORIENTED_EDGE('',*,*,#1287,.T.);
#1876=ORIENTED_EDGE('',*,*,#1341,.T.);
#1877=ORIENTED_EDGE('',*,*,#1342,.T.);
#1878=ORIENTED_EDGE('',*,*,#1301,.T.);
#1879=ORIENTED_EDGE('',*,*,#1343,.F.);
#1880=ORIENTED_EDGE('',*,*,#1344,.F.);
#1881=ORIENTED_EDGE('',*,*,#1345,.F.);
#1882=ORIENTED_EDGE('',*,*,#1337,.T.);
#1883=ORIENTED_EDGE('',*,*,#1292,.T.);
#1884=ORIENTED_EDGE('',*,*,#1294,.T.);
#1885=ORIENTED_EDGE('',*,*,#1232,.T.);
#1886=ORIENTED_EDGE('',*,*,#1346,.F.);
#1887=ORIENTED_EDGE('',*,*,#1347,.F.);
#1888=ORIENTED_EDGE('',*,*,#1343,.T.);
#1889=ORIENTED_EDGE('',*,*,#1300,.T.);
#1890=ORIENTED_EDGE('',*,*,#1304,.T.);
#1891=ORIENTED_EDGE('',*,*,#1305,.T.);
#1892=ORIENTED_EDGE('',*,*,#1295,.T.);
#1893=ORIENTED_EDGE('',*,*,#1317,.T.);
#1894=ORIENTED_EDGE('',*,*,#1348,.F.);
#1895=ORIENTED_EDGE('',*,*,#1349,.F.);
#1896=ORIENTED_EDGE('',*,*,#1346,.T.);
#1897=ORIENTED_EDGE('',*,*,#1299,.T.);
#1898=ORIENTED_EDGE('',*,*,#1303,.T.);
#1899=ORIENTED_EDGE('',*,*,#1350,.T.);
#1900=ORIENTED_EDGE('',*,*,#1348,.T.);
#1901=ORIENTED_EDGE('',*,*,#1316,.T.);
#1902=ORIENTED_EDGE('',*,*,#1307,.T.);
#1903=ORIENTED_EDGE('',*,*,#1310,.T.);
#1904=ORIENTED_EDGE('',*,*,#1312,.T.);
#1905=ORIENTED_EDGE('',*,*,#1315,.T.);
#1906=ORIENTED_EDGE('',*,*,#1320,.T.);
#1907=ORIENTED_EDGE('',*,*,#1323,.T.);
#1908=ORIENTED_EDGE('',*,*,#1351,.F.);
#1909=ORIENTED_EDGE('',*,*,#1352,.T.);
#1910=ORIENTED_EDGE('',*,*,#1353,.T.);
#1911=ORIENTED_EDGE('',*,*,#1335,.T.);
#1912=ORIENTED_EDGE('',*,*,#1354,.F.);
#1913=ORIENTED_EDGE('',*,*,#1355,.F.);
#1914=ORIENTED_EDGE('',*,*,#1351,.T.);
#1915=ORIENTED_EDGE('',*,*,#1322,.T.);
#1916=ORIENTED_EDGE('',*,*,#1325,.T.);
#1917=ORIENTED_EDGE('',*,*,#1327,.T.);
#1918=ORIENTED_EDGE('',*,*,#1354,.T.);
#1919=ORIENTED_EDGE('',*,*,#1334,.T.);
#1920=ORIENTED_EDGE('',*,*,#1356,.T.);
#1921=ORIENTED_EDGE('',*,*,#1357,.F.);
#1922=ORIENTED_EDGE('',*,*,#1356,.F.);
#1923=ORIENTED_EDGE('',*,*,#1333,.F.);
#1924=ORIENTED_EDGE('',*,*,#1270,.F.);
#1925=ORIENTED_EDGE('',*,*,#1332,.F.);
#1926=ORIENTED_EDGE('',*,*,#1330,.F.);
#1927=ORIENTED_EDGE('',*,*,#1358,.F.);
#1928=ORIENTED_EDGE('',*,*,#1359,.F.);
#1929=ORIENTED_EDGE('',*,*,#1329,.F.);
#1930=ORIENTED_EDGE('',*,*,#1336,.T.);
#1931=ORIENTED_EDGE('',*,*,#1345,.T.);
#1932=ORIENTED_EDGE('',*,*,#1360,.F.);
#1933=ORIENTED_EDGE('',*,*,#1358,.T.);
#1934=ORIENTED_EDGE('',*,*,#1361,.F.);
#1935=ORIENTED_EDGE('',*,*,#1353,.F.);
#1936=ORIENTED_EDGE('',*,*,#1362,.T.);
#1937=ORIENTED_EDGE('',*,*,#1059,.F.);
#1938=ORIENTED_EDGE('',*,*,#1086,.T.);
#1939=ORIENTED_EDGE('',*,*,#1065,.T.);
#1940=ORIENTED_EDGE('',*,*,#1060,.F.);
#1941=ORIENTED_EDGE('',*,*,#1362,.F.);
#1942=ORIENTED_EDGE('',*,*,#1352,.F.);
#1943=ORIENTED_EDGE('',*,*,#1363,.F.);
#1944=ORIENTED_EDGE('',*,*,#1084,.F.);
#1945=ORIENTED_EDGE('',*,*,#1363,.T.);
#1946=ORIENTED_EDGE('',*,*,#1355,.T.);
#1947=ORIENTED_EDGE('',*,*,#1364,.F.);
#1948=ORIENTED_EDGE('',*,*,#1081,.F.);
#1949=ORIENTED_EDGE('',*,*,#1364,.T.);
#1950=ORIENTED_EDGE('',*,*,#1357,.T.);
#1951=ORIENTED_EDGE('',*,*,#1365,.F.);
#1952=ORIENTED_EDGE('',*,*,#1078,.F.);
#1953=ORIENTED_EDGE('',*,*,#1365,.T.);
#1954=ORIENTED_EDGE('',*,*,#1359,.T.);
#1955=ORIENTED_EDGE('',*,*,#1366,.F.);
#1956=ORIENTED_EDGE('',*,*,#1367,.T.);
#1957=ORIENTED_EDGE('',*,*,#1368,.T.);
#1958=ORIENTED_EDGE('',*,*,#1214,.F.);
#1959=ORIENTED_EDGE('',*,*,#1219,.F.);
#1960=ORIENTED_EDGE('',*,*,#1217,.F.);
#1961=ORIENTED_EDGE('',*,*,#1210,.F.);
#1962=ORIENTED_EDGE('',*,*,#1368,.F.);
#1963=ORIENTED_EDGE('',*,*,#1120,.F.);
#1964=ORIENTED_EDGE('',*,*,#1125,.F.);
#1965=ORIENTED_EDGE('',*,*,#1318,.T.);
#1966=ORIENTED_EDGE('',*,*,#1187,.F.);
#1967=ORIENTED_EDGE('',*,*,#1319,.T.);
#1968=ORIENTED_EDGE('',*,*,#1369,.T.);
#1969=ORIENTED_EDGE('',*,*,#1367,.F.);
#1970=ORIENTED_EDGE('',*,*,#1369,.F.);
#1971=ORIENTED_EDGE('',*,*,#1087,.F.);
#1972=ORIENTED_EDGE('',*,*,#1370,.T.);
#1973=ORIENTED_EDGE('',*,*,#1341,.F.);
#1974=ORIENTED_EDGE('',*,*,#1286,.F.);
#1975=ORIENTED_EDGE('',*,*,#1340,.F.);
#1976=ORIENTED_EDGE('',*,*,#1281,.F.);
#1977=ORIENTED_EDGE('',*,*,#1339,.F.);
#1978=ORIENTED_EDGE('',*,*,#1279,.F.);
#1979=ORIENTED_EDGE('',*,*,#1338,.F.);
#1980=ORIENTED_EDGE('',*,*,#1288,.F.);
#1981=ORIENTED_EDGE('',*,*,#1342,.F.);
#1982=ORIENTED_EDGE('',*,*,#1370,.F.);
#1983=ORIENTED_EDGE('',*,*,#1100,.T.);
#1984=ORIENTED_EDGE('',*,*,#1249,.T.);
#1985=ORIENTED_EDGE('',*,*,#1313,.T.);
#1986=ORIENTED_EDGE('',*,*,#1105,.T.);
#1987=ORIENTED_EDGE('',*,*,#1092,.T.);
#1988=ORIENTED_EDGE('',*,*,#1098,.T.);
#1989=ORIENTED_EDGE('',*,*,#1075,.F.);
#1990=ORIENTED_EDGE('',*,*,#1366,.T.);
#1991=ORIENTED_EDGE('',*,*,#1360,.T.);
#1992=ORIENTED_EDGE('',*,*,#1371,.T.);
#1993=ORIENTED_EDGE('',*,*,#1074,.F.);
#1994=ORIENTED_EDGE('',*,*,#1371,.F.);
#1995=ORIENTED_EDGE('',*,*,#1344,.T.);
#1996=ORIENTED_EDGE('',*,*,#1372,.F.);
#1997=ORIENTED_EDGE('',*,*,#1071,.F.);
#1998=ORIENTED_EDGE('',*,*,#1372,.T.);
#1999=ORIENTED_EDGE('',*,*,#1347,.T.);
#2000=ORIENTED_EDGE('',*,*,#1373,.F.);
#2001=ORIENTED_EDGE('',*,*,#1068,.F.);
#2002=ORIENTED_EDGE('',*,*,#1373,.T.);
#2003=ORIENTED_EDGE('',*,*,#1349,.T.);
#2004=ORIENTED_EDGE('',*,*,#1374,.T.);
#2005=ORIENTED_EDGE('',*,*,#1064,.F.);
#2006=ORIENTED_EDGE('',*,*,#1374,.F.);
#2007=ORIENTED_EDGE('',*,*,#1350,.F.);
#2008=ORIENTED_EDGE('',*,*,#1361,.T.);
#2009=PLANE('',#2249);
#2010=PLANE('',#2250);
#2011=PLANE('',#2251);
#2012=PLANE('',#2252);
#2013=PLANE('',#2253);
#2014=PLANE('',#2254);
#2015=PLANE('',#2255);
#2016=PLANE('',#2256);
#2017=PLANE('',#2257);
#2018=PLANE('',#2258);
#2019=PLANE('',#2260);
#2020=PLANE('',#2262);
#2021=PLANE('',#2268);
#2022=PLANE('',#2272);
#2023=PLANE('',#2281);
#2024=PLANE('',#2285);
#2025=PLANE('',#2290);
#2026=PLANE('',#2291);
#2027=PLANE('',#2292);
#2028=PLANE('',#2293);
#2029=PLANE('',#2294);
#2030=PLANE('',#2295);
#2031=PLANE('',#2296);
#2032=PLANE('',#2297);
#2033=PLANE('',#2298);
#2034=PLANE('',#2301);
#2035=PLANE('',#2302);
#2036=PLANE('',#2303);
#2037=PLANE('',#2304);
#2038=PLANE('',#2305);
#2039=PLANE('',#2306);
#2040=PLANE('',#2307);
#2041=PLANE('',#2308);
#2042=PLANE('',#2309);
#2043=PLANE('',#2310);
#2044=PLANE('',#2311);
#2045=PLANE('',#2312);
#2046=PLANE('',#2316);
#2047=PLANE('',#2317);
#2048=PLANE('',#2320);
#2049=PLANE('',#2322);
#2050=PLANE('',#2324);
#2051=PLANE('',#2326);
#2052=PLANE('',#2328);
#2053=PLANE('',#2329);
#2054=PLANE('',#2330);
#2055=PLANE('',#2331);
#2056=PLANE('',#2332);
#2057=PLANE('',#2333);
#2058=PLANE('',#2334);
#2059=PLANE('',#2335);
#2060=PLANE('',#2336);
#2061=PLANE('',#2337);
#2062=PLANE('',#2340);
#2063=PLANE('',#2341);
#2064=PLANE('',#2342);
#2065=PLANE('',#2343);
#2066=PLANE('',#2344);
#2067=PLANE('',#2345);
#2068=PLANE('',#2346);
#2069=PLANE('',#2347);
#2070=PLANE('',#2349);
#2071=PLANE('',#2350);
#2072=PLANE('',#2351);
#2073=PLANE('',#2352);
#2074=PLANE('',#2353);
#2075=PLANE('',#2354);
#2076=PLANE('',#2355);
#2077=PLANE('',#2356);
#2078=PLANE('',#2357);
#2079=PLANE('',#2358);
#2080=PLANE('',#2359);
#2081=PLANE('',#2360);
#2082=PLANE('',#2361);
#2083=PLANE('',#2362);
#2084=PLANE('',#2363);
#2085=PLANE('',#2366);
#2086=PLANE('',#2367);
#2087=PLANE('',#2368);
#2088=PLANE('',#2369);
#2089=PLANE('',#2370);
#2090=PLANE('',#2371);
#2091=PLANE('',#2372);
#2092=PLANE('',#2376);
#2093=PLANE('',#2378);
#2094=PLANE('',#2380);
#2095=PLANE('',#2382);
#2096=PLANE('',#2385);
#2097=PLANE('',#2386);
#2098=PLANE('',#2387);
#2099=PLANE('',#2388);
#2100=PLANE('',#2389);
#2101=PLANE('',#2390);
#2102=PLANE('',#2391);
#2103=PLANE('',#2392);
#2104=PLANE('',#2393);
#2105=PLANE('',#2394);
#2106=PLANE('',#2395);
#2107=PLANE('',#2396);
#2108=PLANE('',#2397);
#2109=PLANE('',#2403);
#2110=PLANE('',#2404);
#2111=PLANE('',#2405);
#2112=PLANE('',#2406);
#2113=PLANE('',#2407);
#2114=PLANE('',#2408);
#2115=ADVANCED_FACE('',(#79),#2009,.T.);
#2116=ADVANCED_FACE('',(#80),#2010,.T.);
#2117=ADVANCED_FACE('',(#81),#2011,.T.);
#2118=ADVANCED_FACE('',(#82),#2012,.T.);
#2119=ADVANCED_FACE('',(#83),#2013,.T.);
#2120=ADVANCED_FACE('',(#84),#2014,.T.);
#2121=ADVANCED_FACE('',(#85),#2015,.T.);
#2122=ADVANCED_FACE('',(#86),#2016,.T.);
#2123=ADVANCED_FACE('',(#87),#2017,.T.);
#2124=ADVANCED_FACE('',(#88,#38),#2018,.T.);
#2125=ADVANCED_FACE('',(#89),#2019,.F.);
#2126=ADVANCED_FACE('',(#90),#2020,.F.);
#2127=ADVANCED_FACE('',(#91),#33,.F.);
#2128=ADVANCED_FACE('',(#92),#2021,.F.);
#2129=ADVANCED_FACE('',(#93),#16,.T.);
#2130=ADVANCED_FACE('',(#94),#2022,.T.);
#2131=ADVANCED_FACE('',(#95),#17,.F.);
#2132=ADVANCED_FACE('',(#96),#34,.F.);
#2133=ADVANCED_FACE('',(#97),#2023,.F.);
#2134=ADVANCED_FACE('',(#98),#18,.T.);
#2135=ADVANCED_FACE('',(#99),#2024,.T.);
#2136=ADVANCED_FACE('',(#100),#19,.F.);
#2137=ADVANCED_FACE('',(#101),#2025,.F.);
#2138=ADVANCED_FACE('',(#102),#2026,.F.);
#2139=ADVANCED_FACE('',(#103),#2027,.F.);
#2140=ADVANCED_FACE('',(#104),#2028,.F.);
#2141=ADVANCED_FACE('',(#105),#2029,.T.);
#2142=ADVANCED_FACE('',(#106),#2030,.F.);
#2143=ADVANCED_FACE('',(#107),#2031,.T.);
#2144=ADVANCED_FACE('',(#108),#2032,.F.);
#2145=ADVANCED_FACE('',(#109),#2033,.F.);
#2146=ADVANCED_FACE('',(#110),#2034,.T.);
#2147=ADVANCED_FACE('',(#111),#2035,.T.);
#2148=ADVANCED_FACE('',(#112),#2036,.T.);
#2149=ADVANCED_FACE('',(#113),#2037,.T.);
#2150=ADVANCED_FACE('',(#114),#2038,.F.);
#2151=ADVANCED_FACE('',(#115),#2039,.T.);
#2152=ADVANCED_FACE('',(#116),#2040,.T.);
#2153=ADVANCED_FACE('',(#117),#2041,.T.);
#2154=ADVANCED_FACE('',(#118),#2042,.T.);
#2155=ADVANCED_FACE('',(#119),#2043,.F.);
#2156=ADVANCED_FACE('',(#120),#2044,.T.);
#2157=ADVANCED_FACE('',(#121),#2045,.F.);
#2158=ADVANCED_FACE('',(#122),#20,.F.);
#2159=ADVANCED_FACE('',(#123),#2046,.T.);
#2160=ADVANCED_FACE('',(#124),#2047,.T.);
#2161=ADVANCED_FACE('',(#125),#21,.F.);
#2162=ADVANCED_FACE('',(#126),#2048,.T.);
#2163=ADVANCED_FACE('',(#127),#2049,.T.);
#2164=ADVANCED_FACE('',(#128),#2050,.T.);
#2165=ADVANCED_FACE('',(#129),#2051,.T.);
#2166=ADVANCED_FACE('',(#130),#2052,.T.);
#2167=ADVANCED_FACE('',(#131),#2053,.F.);
#2168=ADVANCED_FACE('',(#132),#2054,.T.);
#2169=ADVANCED_FACE('',(#133),#2055,.F.);
#2170=ADVANCED_FACE('',(#134),#2056,.T.);
#2171=ADVANCED_FACE('',(#135),#2057,.T.);
#2172=ADVANCED_FACE('',(#136),#2058,.F.);
#2173=ADVANCED_FACE('',(#137),#2059,.T.);
#2174=ADVANCED_FACE('',(#138),#2060,.F.);
#2175=ADVANCED_FACE('',(#139),#2061,.T.);
#2176=ADVANCED_FACE('',(#140),#35,.F.);
#2177=ADVANCED_FACE('',(#141),#2062,.F.);
#2178=ADVANCED_FACE('',(#142),#2063,.T.);
#2179=ADVANCED_FACE('',(#143),#2064,.F.);
#2180=ADVANCED_FACE('',(#144),#2065,.T.);
#2181=ADVANCED_FACE('',(#145),#2066,.T.);
#2182=ADVANCED_FACE('',(#146),#2067,.T.);
#2183=ADVANCED_FACE('',(#147),#2068,.T.);
#2184=ADVANCED_FACE('',(#148),#2069,.F.);
#2185=ADVANCED_FACE('',(#149),#2070,.T.);
#2186=ADVANCED_FACE('',(#150),#2071,.T.);
#2187=ADVANCED_FACE('',(#151),#2072,.T.);
#2188=ADVANCED_FACE('',(#152),#2073,.T.);
#2189=ADVANCED_FACE('',(#153),#2074,.T.);
#2190=ADVANCED_FACE('',(#154),#2075,.F.);
#2191=ADVANCED_FACE('',(#155),#2076,.F.);
#2192=ADVANCED_FACE('',(#156),#2077,.F.);
#2193=ADVANCED_FACE('',(#157),#2078,.F.);
#2194=ADVANCED_FACE('',(#158),#2079,.F.);
#2195=ADVANCED_FACE('',(#159),#2080,.T.);
#2196=ADVANCED_FACE('',(#160),#2081,.F.);
#2197=ADVANCED_FACE('',(#161),#2082,.F.);
#2198=ADVANCED_FACE('',(#162),#2083,.F.);
#2199=ADVANCED_FACE('',(#163,#39),#2084,.F.);
#2200=ADVANCED_FACE('',(#164),#2085,.T.);
#2201=ADVANCED_FACE('',(#165),#2086,.T.);
#2202=ADVANCED_FACE('',(#166),#2087,.T.);
#2203=ADVANCED_FACE('',(#167),#2088,.T.);
#2204=ADVANCED_FACE('',(#168),#2089,.T.);
#2205=ADVANCED_FACE('',(#169),#2090,.T.);
#2206=ADVANCED_FACE('',(#170),#2091,.T.);
#2207=ADVANCED_FACE('',(#171),#22,.F.);
#2208=ADVANCED_FACE('',(#172),#2092,.T.);
#2209=ADVANCED_FACE('',(#173),#2093,.T.);
#2210=ADVANCED_FACE('',(#174),#2094,.T.);
#2211=ADVANCED_FACE('',(#175),#2095,.T.);
#2212=ADVANCED_FACE('',(#176),#2096,.T.);
#2213=ADVANCED_FACE('',(#177),#2097,.T.);
#2214=ADVANCED_FACE('',(#178),#2098,.T.);
#2215=ADVANCED_FACE('',(#179),#2099,.T.);
#2216=ADVANCED_FACE('',(#180),#2100,.T.);
#2217=ADVANCED_FACE('',(#181),#2101,.T.);
#2218=ADVANCED_FACE('',(#182),#2102,.F.);
#2219=ADVANCED_FACE('',(#183),#2103,.T.);
#2220=ADVANCED_FACE('',(#184),#2104,.F.);
#2221=ADVANCED_FACE('',(#185),#2105,.F.);
#2222=ADVANCED_FACE('',(#186),#2106,.T.);
#2223=ADVANCED_FACE('',(#187),#2107,.T.);
#2224=ADVANCED_FACE('',(#188),#2108,.T.);
#2225=ADVANCED_FACE('',(#189),#36,.F.);
#2226=ADVANCED_FACE('',(#190),#37,.F.);
#2227=ADVANCED_FACE('',(#191),#23,.F.);
#2228=ADVANCED_FACE('',(#192),#24,.F.);
#2229=ADVANCED_FACE('',(#193),#2109,.T.);
#2230=ADVANCED_FACE('',(#194),#2110,.T.);
#2231=ADVANCED_FACE('',(#195),#2111,.T.);
#2232=ADVANCED_FACE('',(#196),#2112,.T.);
#2233=ADVANCED_FACE('',(#197),#2113,.T.);
#2234=ADVANCED_FACE('',(#198),#2114,.F.);
#2235=CLOSED_SHELL('',(#2115,#2116,#2117,#2118,#2119,#2120,#2121,#2122,
#2123,#2124,#2125,#2126,#2127,#2128,#2129,#2130,#2131,#2132,#2133,#2134,
#2135,#2136,#2137,#2138,#2139,#2140,#2141,#2142,#2143,#2144,#2145,#2146,
#2147,#2148,#2149,#2150,#2151,#2152,#2153,#2154,#2155,#2156,#2157,#2158,
#2159,#2160,#2161,#2162,#2163,#2164,#2165,#2166,#2167,#2168,#2169,#2170,
#2171,#2172,#2173,#2174,#2175,#2176,#2177,#2178,#2179,#2180,#2181,#2182,
#2183,#2184,#2185,#2186,#2187,#2188,#2189,#2190,#2191,#2192,#2193,#2194,
#2195,#2196,#2197,#2198,#2199,#2200,#2201,#2202,#2203,#2204,#2205,#2206,
#2207,#2208,#2209,#2210,#2211,#2212,#2213,#2214,#2215,#2216,#2217,#2218,
#2219,#2220,#2221,#2222,#2223,#2224,#2225,#2226,#2227,#2228,#2229,#2230,
#2231,#2232,#2233,#2234));
#2236=DERIVED_UNIT_ELEMENT(#2238,1.);
#2237=DERIVED_UNIT_ELEMENT(#3658,-3.);
#2238=(
MASS_UNIT()
NAMED_UNIT(*)
SI_UNIT(.KILO.,.GRAM.)
);
#2239=DERIVED_UNIT((#2236,#2237));
#2240=MEASURE_REPRESENTATION_ITEM('density measure',
POSITIVE_RATIO_MEASURE(7850.),#2239);
#2241=PROPERTY_DEFINITION_REPRESENTATION(#2246,#2243);
#2242=PROPERTY_DEFINITION_REPRESENTATION(#2247,#2244);
#2243=REPRESENTATION('material name',(#2245),#3655);
#2244=REPRESENTATION('density',(#2240),#3655);
#2245=DESCRIPTIVE_REPRESENTATION_ITEM('Acero','Acero');
#2246=PROPERTY_DEFINITION('material property','material name',#3665);
#2247=PROPERTY_DEFINITION('material property','density of part',#3665);
#2248=AXIS2_PLACEMENT_3D('',#3000,#2409,#2410);
#2249=AXIS2_PLACEMENT_3D('',#3001,#2411,#2412);
#2250=AXIS2_PLACEMENT_3D('',#3010,#2417,#2418);
#2251=AXIS2_PLACEMENT_3D('',#3019,#2423,#2424);
#2252=AXIS2_PLACEMENT_3D('',#3025,#2428,#2429);
#2253=AXIS2_PLACEMENT_3D('',#3031,#2433,#2434);
#2254=AXIS2_PLACEMENT_3D('',#3037,#2438,#2439);
#2255=AXIS2_PLACEMENT_3D('',#3043,#2443,#2444);
#2256=AXIS2_PLACEMENT_3D('',#3049,#2448,#2449);
#2257=AXIS2_PLACEMENT_3D('',#3055,#2453,#2454);
#2258=AXIS2_PLACEMENT_3D('',#3058,#2457,#2458);
#2259=AXIS2_PLACEMENT_3D('',#3061,#2460,#2461);
#2260=AXIS2_PLACEMENT_3D('',#3062,#2462,#2463);
#2261=AXIS2_PLACEMENT_3D('',#3064,#2464,#2465);
#2262=AXIS2_PLACEMENT_3D('',#3065,#2466,#2467);
#2263=AXIS2_PLACEMENT_3D('',#3067,#2468,#2469);
#2264=AXIS2_PLACEMENT_3D('',#3068,#2470,#2471);
#2265=AXIS2_PLACEMENT_3D('',#3075,#2472,#2473);
#2266=AXIS2_PLACEMENT_3D('',#3081,#2474,#2475);
#2267=AXIS2_PLACEMENT_3D('',#3083,#2477,#2478);
#2268=AXIS2_PLACEMENT_3D('',#3084,#2479,#2480);
#2269=AXIS2_PLACEMENT_3D('',#3088,#2482,#2483);
#2270=AXIS2_PLACEMENT_3D('',#3090,#2485,#2486);
#2271=AXIS2_PLACEMENT_3D('',#3093,#2487,#2488);
#2272=AXIS2_PLACEMENT_3D('',#3096,#2491,#2492);
#2273=AXIS2_PLACEMENT_3D('',#3104,#2495,#2496);
#2274=AXIS2_PLACEMENT_3D('',#3108,#2498,#2499);
#2275=AXIS2_PLACEMENT_3D('',#3112,#2501,#2502);
#2276=AXIS2_PLACEMENT_3D('',#3115,#2504,#2505);
#2277=AXIS2_PLACEMENT_3D('',#3116,#2506,#2507);
#2278=AXIS2_PLACEMENT_3D('',#3123,#2508,#2509);
#2279=AXIS2_PLACEMENT_3D('',#3126,#2511,#2512);
#2280=AXIS2_PLACEMENT_3D('',#3131,#2513,#2514);
#2281=AXIS2_PLACEMENT_3D('',#3132,#2515,#2516);
#2282=AXIS2_PLACEMENT_3D('',#3136,#2518,#2519);
#2283=AXIS2_PLACEMENT_3D('',#3138,#2521,#2522);
#2284=AXIS2_PLACEMENT_3D('',#3141,#2523,#2524);
#2285=AXIS2_PLACEMENT_3D('',#3144,#2527,#2528);
#2286=AXIS2_PLACEMENT_3D('',#3152,#2531,#2532);
#2287=AXIS2_PLACEMENT_3D('',#3156,#2534,#2535);
#2288=AXIS2_PLACEMENT_3D('',#3160,#2537,#2538);
#2289=AXIS2_PLACEMENT_3D('',#3163,#2540,#2541);
#2290=AXIS2_PLACEMENT_3D('',#3164,#2542,#2543);
#2291=AXIS2_PLACEMENT_3D('',#3173,#2548,#2549);
#2292=AXIS2_PLACEMENT_3D('',#3182,#2554,#2555);
#2293=AXIS2_PLACEMENT_3D('',#3193,#2561,#2562);
#2294=AXIS2_PLACEMENT_3D('',#3196,#2565,#2566);
#2295=AXIS2_PLACEMENT_3D('',#3205,#2571,#2572);
#2296=AXIS2_PLACEMENT_3D('',#3213,#2578,#2579);
#2297=AXIS2_PLACEMENT_3D('',#3219,#2583,#2584);
#2298=AXIS2_PLACEMENT_3D('',#3230,#2590,#2591);
#2299=AXIS2_PLACEMENT_3D('',#3233,#2592,#2593);
#2300=AXIS2_PLACEMENT_3D('',#3237,#2595,#2596);
#2301=AXIS2_PLACEMENT_3D('',#3239,#2598,#2599);
#2302=AXIS2_PLACEMENT_3D('',#3245,#2603,#2604);
#2303=AXIS2_PLACEMENT_3D('',#3253,#2609,#2610);
#2304=AXIS2_PLACEMENT_3D('',#3257,#2613,#2614);
#2305=AXIS2_PLACEMENT_3D('',#3266,#2619,#2620);
#2306=AXIS2_PLACEMENT_3D('',#3271,#2624,#2625);
#2307=AXIS2_PLACEMENT_3D('',#3273,#2627,#2628);
#2308=AXIS2_PLACEMENT_3D('',#3275,#2630,#2631);
#2309=AXIS2_PLACEMENT_3D('',#3277,#2633,#2634);
#2310=AXIS2_PLACEMENT_3D('',#3281,#2635,#2636);
#2311=AXIS2_PLACEMENT_3D('',#3284,#2639,#2640);
#2312=AXIS2_PLACEMENT_3D('',#3290,#2644,#2645);
#2313=AXIS2_PLACEMENT_3D('',#3296,#2650,#2651);
#2314=AXIS2_PLACEMENT_3D('',#3299,#2653,#2654);
#2315=AXIS2_PLACEMENT_3D('',#3301,#2655,#2656);
#2316=AXIS2_PLACEMENT_3D('',#3303,#2658,#2659);
#2317=AXIS2_PLACEMENT_3D('',#3311,#2664,#2665);
#2318=AXIS2_PLACEMENT_3D('',#3315,#2668,#2669);
#2319=AXIS2_PLACEMENT_3D('',#3318,#2670,#2671);
#2320=AXIS2_PLACEMENT_3D('',#3321,#2674,#2675);
#2321=AXIS2_PLACEMENT_3D('',#3324,#2676,#2677);
#2322=AXIS2_PLACEMENT_3D('',#3328,#2680,#2681);
#2323=AXIS2_PLACEMENT_3D('',#3332,#2683,#2684);
#2324=AXIS2_PLACEMENT_3D('',#3334,#2686,#2687);
#2325=AXIS2_PLACEMENT_3D('',#3338,#2689,#2690);
#2326=AXIS2_PLACEMENT_3D('',#3340,#2692,#2693);
#2327=AXIS2_PLACEMENT_3D('',#3341,#2694,#2695);
#2328=AXIS2_PLACEMENT_3D('',#3345,#2698,#2699);
#2329=AXIS2_PLACEMENT_3D('',#3347,#2701,#2702);
#2330=AXIS2_PLACEMENT_3D('',#3351,#2705,#2706);
#2331=AXIS2_PLACEMENT_3D('',#3360,#2711,#2712);
#2332=AXIS2_PLACEMENT_3D('',#3368,#2717,#2718);
#2333=AXIS2_PLACEMENT_3D('',#3377,#2724,#2725);
#2334=AXIS2_PLACEMENT_3D('',#3383,#2729,#2730);
#2335=AXIS2_PLACEMENT_3D('',#3385,#2732,#2733);
#2336=AXIS2_PLACEMENT_3D('',#3387,#2735,#2736);
#2337=AXIS2_PLACEMENT_3D('',#3389,#2738,#2739);
#2338=AXIS2_PLACEMENT_3D('',#3398,#2744,#2745);
#2339=AXIS2_PLACEMENT_3D('',#3400,#2746,#2747);
#2340=AXIS2_PLACEMENT_3D('',#3404,#2748,#2749);
#2341=AXIS2_PLACEMENT_3D('',#3410,#2753,#2754);
#2342=AXIS2_PLACEMENT_3D('',#3416,#2758,#2759);
#2343=AXIS2_PLACEMENT_3D('',#3420,#2762,#2763);
#2344=AXIS2_PLACEMENT_3D('',#3422,#2765,#2766);
#2345=AXIS2_PLACEMENT_3D('',#3436,#2774,#2775);
#2346=AXIS2_PLACEMENT_3D('',#3442,#2779,#2780);
#2347=AXIS2_PLACEMENT_3D('',#3448,#2784,#2785);
#2348=AXIS2_PLACEMENT_3D('',#3451,#2786,#2787);
#2349=AXIS2_PLACEMENT_3D('',#3454,#2790,#2791);
#2350=AXIS2_PLACEMENT_3D('',#3460,#2795,#2796);
#2351=AXIS2_PLACEMENT_3D('',#3472,#2803,#2804);
#2352=AXIS2_PLACEMENT_3D('',#3476,#2807,#2808);
#2353=AXIS2_PLACEMENT_3D('',#3486,#2814,#2815);
#2354=AXIS2_PLACEMENT_3D('',#3492,#2819,#2820);
#2355=AXIS2_PLACEMENT_3D('',#3494,#2822,#2823);
#2356=AXIS2_PLACEMENT_3D('',#3500,#2827,#2828);
#2357=AXIS2_PLACEMENT_3D('',#3508,#2833,#2834);
#2358=AXIS2_PLACEMENT_3D('',#3512,#2837,#2838);
#2359=AXIS2_PLACEMENT_3D('',#3514,#2840,#2841);
#2360=AXIS2_PLACEMENT_3D('',#3516,#2843,#2844);
#2361=AXIS2_PLACEMENT_3D('',#3522,#2848,#2849);
#2362=AXIS2_PLACEMENT_3D('',#3526,#2852,#2853);
#2363=AXIS2_PLACEMENT_3D('',#3530,#2856,#2857);
#2364=AXIS2_PLACEMENT_3D('',#3538,#2863,#2864);
#2365=AXIS2_PLACEMENT_3D('',#3540,#2865,#2866);
#2366=AXIS2_PLACEMENT_3D('',#3541,#2867,#2868);
#2367=AXIS2_PLACEMENT_3D('',#3545,#2871,#2872);
#2368=AXIS2_PLACEMENT_3D('',#3549,#2875,#2876);
#2369=AXIS2_PLACEMENT_3D('',#3553,#2879,#2880);
#2370=AXIS2_PLACEMENT_3D('',#3557,#2883,#2884);
#2371=AXIS2_PLACEMENT_3D('',#3565,#2889,#2890);
#2372=AXIS2_PLACEMENT_3D('',#3567,#2892,#2893);
#2373=AXIS2_PLACEMENT_3D('',#3573,#2897,#2898);
#2374=AXIS2_PLACEMENT_3D('',#3575,#2899,#2900);
#2375=AXIS2_PLACEMENT_3D('',#3576,#2901,#2902);
#2376=AXIS2_PLACEMENT_3D('',#3577,#2903,#2904);
#2377=AXIS2_PLACEMENT_3D('',#3578,#2905,#2906);
#2378=AXIS2_PLACEMENT_3D('',#3579,#2907,#2908);
#2379=AXIS2_PLACEMENT_3D('',#3580,#2909,#2910);
#2380=AXIS2_PLACEMENT_3D('',#3581,#2911,#2912);
#2381=AXIS2_PLACEMENT_3D('',#3582,#2913,#2914);
#2382=AXIS2_PLACEMENT_3D('',#3583,#2915,#2916);
#2383=AXIS2_PLACEMENT_3D('',#3585,#2917,#2918);
#2384=AXIS2_PLACEMENT_3D('',#3586,#2919,#2920);
#2385=AXIS2_PLACEMENT_3D('',#3587,#2921,#2922);
#2386=AXIS2_PLACEMENT_3D('',#3593,#2926,#2927);
#2387=AXIS2_PLACEMENT_3D('',#3597,#2930,#2931);
#2388=AXIS2_PLACEMENT_3D('',#3601,#2934,#2935);
#2389=AXIS2_PLACEMENT_3D('',#3609,#2940,#2941);
#2390=AXIS2_PLACEMENT_3D('',#3613,#2944,#2945);
#2391=AXIS2_PLACEMENT_3D('',#3617,#2948,#2949);
#2392=AXIS2_PLACEMENT_3D('',#3621,#2952,#2953);
#2393=AXIS2_PLACEMENT_3D('',#3623,#2955,#2956);
#2394=AXIS2_PLACEMENT_3D('',#3626,#2959,#2960);
#2395=AXIS2_PLACEMENT_3D('',#3628,#2962,#2963);
#2396=AXIS2_PLACEMENT_3D('',#3630,#2965,#2966);
#2397=AXIS2_PLACEMENT_3D('',#3632,#2968,#2969);
#2398=AXIS2_PLACEMENT_3D('',#3634,#2971,#2972);
#2399=AXIS2_PLACEMENT_3D('',#3636,#2973,#2974);
#2400=AXIS2_PLACEMENT_3D('',#3638,#2976,#2977);
#2401=AXIS2_PLACEMENT_3D('',#3639,#2978,#2979);
#2402=AXIS2_PLACEMENT_3D('',#3641,#2981,#2982);
#2403=AXIS2_PLACEMENT_3D('',#3643,#2984,#2985);
#2404=AXIS2_PLACEMENT_3D('',#3644,#2986,#2987);
#2405=AXIS2_PLACEMENT_3D('',#3646,#2989,#2990);
#2406=AXIS2_PLACEMENT_3D('',#3648,#2992,#2993);
#2407=AXIS2_PLACEMENT_3D('',#3650,#2995,#2996);
#2408=AXIS2_PLACEMENT_3D('',#3652,#2998,#2999);
#2409=DIRECTION('axis',(0.,0.,1.));
#2410=DIRECTION('refdir',(1.,0.,0.));
#2411=DIRECTION('center_axis',(-0.0806392746877606,-0.702493635115529,-0.707106781186549));
#2412=DIRECTION('ref_axis',(-0.993560055210875,0.,0.113306737175526));
#2413=DIRECTION('',(0.993476026261159,-0.114041155923361,1.21665723559036E-16));
#2414=DIRECTION('',(-0.0404185343630289,-0.706528959802761,0.706528959802763));
#2415=DIRECTION('',(-0.993476026261159,0.11404115592336,-1.21665723559036E-16));
#2416=DIRECTION('',(-0.598120163851954,-0.533389669179506,0.598120163851954));
#2417=DIRECTION('center_axis',(0.080639274687761,-0.702493635115533,-0.707106781186545));
#2418=DIRECTION('ref_axis',(-0.993560055210875,0.,-0.113306737175527));
#2419=DIRECTION('',(0.993476026261159,0.114041155923361,1.21665723559036E-16));
#2420=DIRECTION('',(0.598120163851956,-0.533389669179501,0.598120163851957));
#2421=DIRECTION('',(-0.993476026261159,-0.11404115592336,-1.21665723559036E-16));
#2422=DIRECTION('',(0.04041853436297,-0.706528959802762,0.706528959802764));
#2423=DIRECTION('center_axis',(0.707106781186548,-8.82747035623114E-17,
-0.707106781186547));
#2424=DIRECTION('ref_axis',(-0.707106781186547,0.,-0.707106781186548));
#2425=DIRECTION('',(1.24839282992285E-16,1.,1.52884028324353E-32));
#2426=DIRECTION('',(0.701673843159863,0.123724030206482,0.701673843159864));
#2427=DIRECTION('',(1.16094097824523E-16,-1.,1.42174265300702E-32));
#2428=DIRECTION('center_axis',(0.664463024388674,0.241844762647976,-0.707106781186548));
#2429=DIRECTION('ref_axis',(-0.728739444818683,0.,-0.684791078771736));
#2430=DIRECTION('',(-0.34202014332567,0.939692620785908,-4.188538737677E-17));
#2431=DIRECTION('',(0.50541346261594,0.551562008307631,0.663578618400426));
#2432=DIRECTION('',(0.34202014332567,-0.939692620785908,4.18853873767701E-17));
#2433=DIRECTION('center_axis',(0.18301270189222,0.683012701892218,-0.707106781186548));
#2434=DIRECTION('ref_axis',(-0.968100345886375,0.,-0.250562807085732));
#2435=DIRECTION('',(-0.965925826289068,0.258819045102522,-1.18291797137867E-16));
#2436=DIRECTION('',(0.0926915987235726,0.704062592219637,0.704062592219637));
#2437=DIRECTION('',(0.965925826289068,-0.258819045102521,1.18291797137867E-16));
#2438=DIRECTION('center_axis',(8.65956056235493E-17,0.707106781186548,-0.707106781186548));
#2439=DIRECTION('ref_axis',(-1.,0.,-1.22464679914735E-16));
#2440=DIRECTION('',(1.,0.,1.22464679914735E-16));
#2441=DIRECTION('',(-1.,0.,-1.22464679914735E-16));
#2442=DIRECTION('',(-0.0926915987235902,0.704062592219635,0.704062592219635));
#2443=DIRECTION('center_axis',(-0.18301270189222,0.683012701892218,-0.707106781186549));
#2444=DIRECTION('ref_axis',(-0.968100345886375,0.,0.250562807085733));
#2445=DIRECTION('',(0.965925826289068,0.258819045102521,1.18291797137867E-16));
#2446=DIRECTION('',(-0.965925826289068,-0.258819045102523,-1.18291797137867E-16));
#2447=DIRECTION('',(-0.505413462615939,0.551562008307637,0.663578618400423));
#2448=DIRECTION('center_axis',(-0.664463024388674,0.241844762647977,-0.707106781186548));
#2449=DIRECTION('ref_axis',(-0.728739444818684,0.,0.684791078771735));
#2450=DIRECTION('',(0.34202014332567,0.939692620785908,4.18853873767701E-17));
#2451=DIRECTION('',(-0.342020143325671,-0.939692620785907,-4.18853873767702E-17));
#2452=DIRECTION('',(-0.701673843159863,0.12372403020649,0.701673843159863));
#2453=DIRECTION('center_axis',(-0.707106781186547,-4.41373517811557E-16,
-0.707106781186548));
#2454=DIRECTION('ref_axis',(-0.707106781186548,0.,0.707106781186547));
#2455=DIRECTION('',(1.16094097824523E-16,1.,1.42174265300702E-32));
#2456=DIRECTION('',(6.24196414961427E-16,-1.,7.64420141621765E-32));
#2457=DIRECTION('center_axis',(1.22464679914735E-16,0.,-1.));
#2458=DIRECTION('ref_axis',(-1.,0.,-1.22464679914735E-16));
#2459=DIRECTION('',(1.,0.,1.22464679914735E-16));
#2460=DIRECTION('center_axis',(-1.22464679914735E-16,0.,1.));
#2461=DIRECTION('ref_axis',(-1.,0.,-1.22464679914735E-16));
#2462=DIRECTION('center_axis',(1.22464679914735E-16,0.,-1.));
#2463=DIRECTION('ref_axis',(-1.,0.,-1.22464679914735E-16));
#2464=DIRECTION('center_axis',(-1.22464679914735E-16,0.,1.));
#2465=DIRECTION('ref_axis',(-1.,0.,-1.22464679914735E-16));
#2466=DIRECTION('center_axis',(1.22464679914735E-16,0.,-1.));
#2467=DIRECTION('ref_axis',(-1.,0.,-1.22464679914735E-16));
#2468=DIRECTION('center_axis',(-1.22464679914735E-16,0.,1.));
#2469=DIRECTION('ref_axis',(-1.,0.,-1.22464679914735E-16));
#2470=DIRECTION('center_axis',(-1.22464679914735E-16,0.,1.));
#2471=DIRECTION('ref_axis',(-1.,0.,-1.22464679914735E-16));
#2472=DIRECTION('center_axis',(-1.22464679914735E-16,0.,1.));
#2473=DIRECTION('ref_axis',(-1.,0.,-1.22464679914735E-16));
#2474=DIRECTION('center_axis',(1.22464679914735E-16,0.,-1.));
#2475=DIRECTION('ref_axis',(0.270318200471966,0.962771037419385,3.31044318959266E-17));
#2476=DIRECTION('',(-0.948683298050514,-1.16180196436212E-16,-0.316227766016838));
#2477=DIRECTION('center_axis',(1.22464679914735E-16,0.,-1.));
#2478=DIRECTION('ref_axis',(0.270318200471966,0.962771037419385,3.31044318959266E-17));
#2479=DIRECTION('center_axis',(1.22464679914735E-16,0.,-1.));
#2480=DIRECTION('ref_axis',(-1.,0.,-1.22464679914735E-16));
#2481=DIRECTION('',(0.866025403784451,0.499999999999978,1.06057523872492E-16));
#2482=DIRECTION('center_axis',(-1.22464679914735E-16,0.,1.));
#2483=DIRECTION('ref_axis',(0.901995131361889,-0.431746202067197,1.10462545046883E-16));
#2484=DIRECTION('',(1.87683955739317E-16,-1.,2.29846555647468E-32));
#2485=DIRECTION('center_axis',(-1.22464679914735E-16,0.,1.));
#2486=DIRECTION('ref_axis',(0.901995131361889,-0.431746202067197,1.10462545046883E-16));
#2487=DIRECTION('center_axis',(-1.22464679914735E-16,0.,1.));
#2488=DIRECTION('ref_axis',(-0.270318200469576,-0.962771037420056,-3.31044318956339E-17));
#2489=DIRECTION('',(1.22464679914735E-16,0.,-1.));
#2490=DIRECTION('',(-1.22464679914735E-16,0.,1.));
#2491=DIRECTION('center_axis',(0.499999999999978,-0.866025403784451,6.1232339957365E-17));
#2492=DIRECTION('ref_axis',(-0.866025403784451,-0.499999999999978,-1.06057523872492E-16));
#2493=DIRECTION('',(-1.22464679914735E-16,0.,1.));
#2494=DIRECTION('',(-0.866025403784449,-0.499999999999982,-1.06057523872492E-16));
#2495=DIRECTION('center_axis',(1.22464679914735E-16,0.,-1.));
#2496=DIRECTION('ref_axis',(0.270318200471966,0.962771037419385,3.31044318959266E-17));
#2497=DIRECTION('',(1.22464679914735E-16,0.,-1.));
#2498=DIRECTION('center_axis',(-1.22464679914735E-16,0.,1.));
#2499=DIRECTION('ref_axis',(-1.,3.5527136788005E-15,-1.22464679914735E-16));
#2500=DIRECTION('',(1.22464679914735E-16,0.,-1.));
#2501=DIRECTION('center_axis',(1.22464679914735E-16,0.,-1.));
#2502=DIRECTION('ref_axis',(-1.,0.,-1.22464679914735E-16));
#2503=DIRECTION('',(1.22464679914735E-16,0.,-1.));
#2504=DIRECTION('center_axis',(-1.22464679914735E-16,0.,1.));
#2505=DIRECTION('ref_axis',(-1.,-5.32907051820075E-15,-1.22464679914735E-16));
#2506=DIRECTION('center_axis',(-1.22464679914735E-16,0.,1.));
#2507=DIRECTION('ref_axis',(-1.,0.,-1.22464679914735E-16));
#2508=DIRECTION('center_axis',(-1.22464679914735E-16,0.,1.));
#2509=DIRECTION('ref_axis',(-1.,0.,-1.22464679914735E-16));
#2510=DIRECTION('',(-0.948683298050514,-1.16180196436212E-16,-0.316227766016838));
#2511=DIRECTION('center_axis',(-1.22464679914735E-16,0.,1.));
#2512=DIRECTION('ref_axis',(-1.,0.,-1.22464679914735E-16));
#2513=DIRECTION('center_axis',(1.22464679914735E-16,0.,-1.));
#2514=DIRECTION('ref_axis',(-1.,0.,-1.22464679914735E-16));
#2515=DIRECTION('center_axis',(1.22464679914735E-16,0.,-1.));
#2516=DIRECTION('ref_axis',(-1.,0.,-1.22464679914735E-16));
#2517=DIRECTION('',(1.87683955739317E-16,1.,2.29846555647468E-32));
#2518=DIRECTION('center_axis',(-1.22464679914735E-16,0.,1.));
#2519=DIRECTION('ref_axis',(0.985913027346059,0.167258789034623,1.20739523317703E-16));
#2520=DIRECTION('',(0.866025403784451,-0.499999999999978,1.06057523872492E-16));
#2521=DIRECTION('center_axis',(-1.22464679914735E-16,0.,1.));
#2522=DIRECTION('ref_axis',(0.985913027346059,0.167258789034623,1.20739523317703E-16));
#2523=DIRECTION('center_axis',(-1.22464679914735E-16,0.,1.));
#2524=DIRECTION('ref_axis',(1.,0.,1.22464679914735E-16));
#2525=DIRECTION('',(1.22464679914735E-16,0.,-1.));
#2526=DIRECTION('',(-1.22464679914735E-16,0.,1.));
#2527=DIRECTION('center_axis',(1.,-1.87683955739317E-16,1.22464679914735E-16));
#2528=DIRECTION('ref_axis',(-1.87683955739317E-16,-1.,-2.29846555647468E-32));
#2529=DIRECTION('',(-1.22464679914735E-16,0.,1.));
#2530=DIRECTION('',(0.,-1.,0.));
#2531=DIRECTION('center_axis',(1.22464679914735E-16,0.,-1.));
#2532=DIRECTION('ref_axis',(-1.,0.,-1.22464679914735E-16));
#2533=DIRECTION('',(1.22464679914735E-16,0.,-1.));
#2534=DIRECTION('center_axis',(-1.22464679914735E-16,0.,1.));
#2535=DIRECTION('ref_axis',(-1.,-5.32907051820075E-15,-1.22464679914735E-16));
#2536=DIRECTION('',(1.22464679914735E-16,0.,-1.));
#2537=DIRECTION('center_axis',(1.22464679914735E-16,0.,-1.));
#2538=DIRECTION('ref_axis',(-1.,0.,-1.22464679914735E-16));
#2539=DIRECTION('',(1.22464679914735E-16,0.,-1.));
#2540=DIRECTION('center_axis',(-1.22464679914735E-16,0.,1.));
#2541=DIRECTION('ref_axis',(-1.,-1.86517468137026E-14,-1.22464679914735E-16));
#2542=DIRECTION('center_axis',(0.978147600733805,-0.20791169081776,1.19788532833232E-16));
#2543=DIRECTION('ref_axis',(-0.20791169081776,-0.978147600733805,-2.54618386665284E-17));
#2544=DIRECTION('',(0.20791169081776,0.978147600733805,-2.92691087451594E-16));
#2545=DIRECTION('',(1.22464679914735E-16,0.,-1.));
#2546=DIRECTION('',(-0.20791169081776,-0.978147600733805,-2.54618386665284E-17));
#2547=DIRECTION('',(1.22464679914735E-16,0.,-1.));
#2548=DIRECTION('center_axis',(-0.978147600733805,-0.20791169081776,-1.19788532833232E-16));
#2549=DIRECTION('ref_axis',(-0.20791169081776,0.978147600733805,-2.54618386665284E-17));
#2550=DIRECTION('',(-0.20791169081776,0.978147600733805,-2.54618386665284E-17));
#2551=DIRECTION('',(-1.22464679914735E-16,0.,1.));
#2552=DIRECTION('',(0.20791169081776,-0.978147600733806,2.37563789411944E-16));
#2553=DIRECTION('',(-1.22464679914735E-16,0.,1.));
#2554=DIRECTION('center_axis',(0.978147600733806,0.207911690817759,1.19788532833232E-16));
#2555=DIRECTION('ref_axis',(0.207911690817759,-0.978147600733806,2.54618386665283E-17));
#2556=DIRECTION('',(0.20791169081776,-0.978147600733806,2.54618386665284E-17));
#2557=DIRECTION('',(-1.22464679914735E-16,0.,1.));
#2558=DIRECTION('',(0.20791169081776,-0.978147600733806,-4.44789636815913E-16));
#2559=DIRECTION('',(0.0946315973694724,-0.44520666229849,-0.890413324599503));
#2560=DIRECTION('',(-1.22464679914735E-16,0.,1.));
#2561=DIRECTION('center_axis',(0.879442259275851,0.47600558042925,1.07700614785709E-16));
#2562=DIRECTION('ref_axis',(0.47600558042925,-0.879442259275851,5.82938710448959E-17));
#2563=DIRECTION('',(0.476005580429253,-0.879442259275849,5.82938710448963E-17));
#2564=DIRECTION('',(-0.476005580429253,0.879442259275849,-5.82938710448963E-17));
#2565=DIRECTION('center_axis',(0.978147600733806,0.20791169081776,1.19788532833232E-16));
#2566=DIRECTION('ref_axis',(0.20791169081776,-0.978147600733805,2.54618386665284E-17));
#2567=DIRECTION('',(-0.20791169081776,0.978147600733806,1.86640112078887E-16));
#2568=DIRECTION('',(1.22464679914735E-16,0.,-1.));
#2569=DIRECTION('',(-0.207911690817761,0.978147600733805,-2.54618386665285E-17));
#2570=DIRECTION('',(-1.22464679914735E-16,0.,1.));
#2571=DIRECTION('center_axis',(0.,-1.,0.));
#2572=DIRECTION('ref_axis',(-1.22464679914735E-16,0.,1.));
#2573=DIRECTION('',(-1.,0.,-1.22464679914735E-16));
#2574=DIRECTION('',(1.22464679914735E-16,0.,-1.));
#2575=DIRECTION('',(-0.508307672000618,0.,-0.861175539936726));
#2576=DIRECTION('',(-1.,0.,-1.22464679914735E-16));
#2577=DIRECTION('',(-0.508307672000618,0.,0.861175539936726));
#2578=DIRECTION('center_axis',(-0.978147600733806,0.20791169081776,-1.19788532833232E-16));
#2579=DIRECTION('ref_axis',(0.20791169081776,0.978147600733805,2.54618386665284E-17));
#2580=DIRECTION('',(-1.22464679914735E-16,0.,1.));
#2581=DIRECTION('',(-0.207911690817761,-0.978147600733805,-9.5340787317772E-16));
#2582=DIRECTION('',(-0.20791169081776,-0.978147600733806,-2.54618386665284E-17));
#2583=DIRECTION('center_axis',(-0.978147600733806,0.20791169081776,-1.19788532833232E-16));
#2584=DIRECTION('ref_axis',(0.20791169081776,0.978147600733805,2.54618386665284E-17));
#2585=DIRECTION('',(0.0946315973688603,0.445206662298018,0.890413324599804));
#2586=DIRECTION('',(0.20791169081776,0.978147600733805,4.49111816578637E-16));
#2587=DIRECTION('',(1.22464679914735E-16,0.,-1.));
#2588=DIRECTION('',(0.20791169081776,0.978147600733806,2.54618386665284E-17));
#2589=DIRECTION('',(1.22464679914735E-16,0.,-1.));
#2590=DIRECTION('center_axis',(0.,-1.,0.));
#2591=DIRECTION('ref_axis',(-1.22464679914735E-16,0.,1.));
#2592=DIRECTION('center_axis',(0.,1.,0.));
#2593=DIRECTION('ref_axis',(-1.22464679914735E-16,0.,1.));
#2594=DIRECTION('',(-1.,0.,-1.22464679914735E-16));
#2595=DIRECTION('center_axis',(0.,-1.,0.));
#2596=DIRECTION('ref_axis',(-1.22464679914735E-16,0.,1.));
#2597=DIRECTION('',(-1.,0.,-1.22464679914735E-16));
#2598=DIRECTION('center_axis',(-0.629320391049838,-0.77714596145697,-7.70695202537345E-17));
#2599=DIRECTION('ref_axis',(-0.77714596145697,0.629320391049838,-9.51729314168571E-17));
#2600=DIRECTION('',(0.76632719105612,-0.620559523520426,-0.166278423182742));
#2601=DIRECTION('',(-1.22464679914735E-16,0.,1.));
#2602=DIRECTION('',(0.777145961456972,-0.629320391049836,9.51729314168573E-17));
#2603=DIRECTION('center_axis',(-0.551402296890456,-0.768133063339926,0.325464443507968));
#2604=DIRECTION('ref_axis',(-0.812362737671584,0.583152452145002,-1.82752469490495E-16));
#2605=DIRECTION('',(-0.508307672000618,0.,-0.861175539936726));
#2606=DIRECTION('',(-0.0946315973705988,0.44520666229926,0.890413324598998));
#2607=DIRECTION('',(-0.812362737671584,0.583152452145002,-9.94857426436086E-17));
#2608=DIRECTION('',(0.508307672000618,0.,0.861175539936726));
#2609=DIRECTION('center_axis',(-0.847100670886274,-0.180056805991956,0.5));
#2610=DIRECTION('ref_axis',(0.508307672000618,-1.38777878078145E-17,0.861175539936727));
#2611=DIRECTION('',(-0.508307672000617,0.,-0.861175539936727));
#2612=DIRECTION('',(-0.20791169081776,0.978147600733806,-2.54618386665284E-17));
#2613=DIRECTION('center_axis',(-0.939692620785907,-0.342020143325673,-1.15079156022785E-16));
#2614=DIRECTION('ref_axis',(-0.342020143325673,0.939692620785907,-4.18853873767704E-17));
#2615=DIRECTION('',(-0.342020143325673,0.939692620785907,-4.18853873767704E-17));
#2616=DIRECTION('',(-1.22464679914735E-16,0.,1.));
#2617=DIRECTION('',(0.342020143325668,-0.939692620785909,4.18853873767698E-17));
#2618=DIRECTION('',(1.22464679914735E-16,0.,-1.));
#2619=DIRECTION('center_axis',(1.22464679914735E-16,0.,-1.));
#2620=DIRECTION('ref_axis',(-1.,0.,-1.22464679914735E-16));
#2621=DIRECTION('',(-0.866025403784451,0.499999999999978,-1.06057523872492E-16));
#2622=DIRECTION('',(0.,-1.,0.));
#2623=DIRECTION('',(1.,0.,1.22464679914735E-16));
#2624=DIRECTION('center_axis',(-0.847100670886274,0.180056805991956,0.5));
#2625=DIRECTION('ref_axis',(0.508307672000618,9.71445146547013E-17,0.861175539936727));
#2626=DIRECTION('',(-0.50830767200062,0.,-0.861175539936725));
#2627=DIRECTION('center_axis',(0.847100670886274,0.180056805991956,0.5));
#2628=DIRECTION('ref_axis',(0.508307672000618,-1.38777878078144E-17,-0.861175539936726));
#2629=DIRECTION('',(-0.508307672000617,0.,0.861175539936727));
#2630=DIRECTION('center_axis',(-1.22464679914735E-16,0.,1.));
#2631=DIRECTION('ref_axis',(1.,0.,1.22464679914735E-16));
#2632=DIRECTION('',(-1.,0.,-1.22464679914735E-16));
#2633=DIRECTION('center_axis',(-0.499999999999978,-0.866025403784451,-6.1232339957365E-17));
#2634=DIRECTION('ref_axis',(-0.866025403784451,0.499999999999978,-1.06057523872492E-16));
#2635=DIRECTION('center_axis',(-0.879442259275851,0.47600558042925,-1.07700614785709E-16));
#2636=DIRECTION('ref_axis',(0.47600558042925,0.879442259275851,5.82938710448959E-17));
#2637=DIRECTION('',(0.476005580429254,0.879442259275849,5.82938710448964E-17));
#2638=DIRECTION('',(-0.476005580429254,-0.879442259275849,-5.82938710448964E-17));
#2639=DIRECTION('center_axis',(0.629320391049837,-0.777145961456971,7.70695202537344E-17));
#2640=DIRECTION('ref_axis',(-0.777145961456971,-0.629320391049837,-9.51729314168572E-17));
#2641=DIRECTION('',(1.22464679914735E-16,0.,-1.));
#2642=DIRECTION('',(0.766327191056121,0.620559523520426,0.166278423182737));
#2643=DIRECTION('',(0.777145961456972,0.629320391049836,9.51729314168573E-17));
#2644=DIRECTION('center_axis',(1.22464679914735E-16,0.,-1.));
#2645=DIRECTION('ref_axis',(-1.,0.,-1.22464679914735E-16));
#2646=DIRECTION('',(-0.0329222569511552,0.999457915570857,-4.03181365959389E-18));
#2647=DIRECTION('',(-0.0329222569511549,-0.999457915570857,-4.03181365959385E-18));
#2648=DIRECTION('',(1.,0.,1.22464679914735E-16));
#2649=DIRECTION('',(1.,-6.58864664729714E-16,1.22464679914735E-16));
#2650=DIRECTION('center_axis',(0.,-1.,0.));
#2651=DIRECTION('ref_axis',(3.34561544624981E-31,0.,-1.));
#2652=DIRECTION('',(0.,1.,0.));
#2653=DIRECTION('center_axis',(0.,1.,0.));
#2654=DIRECTION('ref_axis',(-1.22464679914735E-16,0.,1.));
#2655=DIRECTION('center_axis',(0.,1.,0.));
#2656=DIRECTION('ref_axis',(-1.22464679914735E-16,0.,1.));
#2657=DIRECTION('',(0.,-1.,0.));
#2658=DIRECTION('center_axis',(0.551402296890456,-0.768133063339925,0.325464443507969));
#2659=DIRECTION('ref_axis',(-0.812362737671584,-0.583152452145003,-7.17301670279797E-17));
#2660=DIRECTION('',(0.508307672000618,0.,-0.861175539936726));
#2661=DIRECTION('',(-0.812362737671584,-0.583152452145003,-9.94857426436086E-17));
#2662=DIRECTION('',(-0.0946315973707851,-0.445206662298691,-0.890413324599263));
#2663=DIRECTION('',(-0.508307672000618,0.,0.861175539936726));
#2664=DIRECTION('center_axis',(0.847100670886274,-0.180056805991956,0.5));
#2665=DIRECTION('ref_axis',(0.508307672000618,1.38777878078144E-17,-0.861175539936726));
#2666=DIRECTION('',(-0.50830767200062,0.,0.861175539936725));
#2667=DIRECTION('',(-0.20791169081776,-0.978147600733806,-2.54618386665284E-17));
#2668=DIRECTION('center_axis',(0.,-1.,0.));
#2669=DIRECTION('ref_axis',(3.28692043842088E-31,0.,-1.));
#2670=DIRECTION('center_axis',(0.,1.,0.));
#2671=DIRECTION('ref_axis',(-1.22464679914735E-16,0.,1.));
#2672=DIRECTION('',(0.,1.,0.));
#2673=DIRECTION('',(0.,-1.,0.));
#2674=DIRECTION('center_axis',(1.22464679914735E-16,0.,-1.));
#2675=DIRECTION('ref_axis',(-1.,0.,-1.22464679914735E-16));
#2676=DIRECTION('center_axis',(-1.22464679914735E-16,0.,1.));
#2677=DIRECTION('ref_axis',(-1.,0.,-1.22464679914735E-16));
#2678=DIRECTION('',(-1.,0.,-1.22464679914735E-16));
#2679=DIRECTION('',(1.85037170770859E-16,1.,2.26605178907815E-32));
#2680=DIRECTION('center_axis',(1.22464679914735E-16,0.,-1.));
#2681=DIRECTION('ref_axis',(-1.,0.,-1.22464679914735E-16));
#2682=DIRECTION('',(1.,-9.25185853854297E-17,1.22464679914735E-16));
#2683=DIRECTION('center_axis',(-1.22464679914735E-16,0.,1.));
#2684=DIRECTION('ref_axis',(-1.,0.,-1.22464679914735E-16));
#2685=DIRECTION('',(1.85037170770859E-16,1.,2.26605178907815E-32));
#2686=DIRECTION('center_axis',(1.22464679914735E-16,0.,-1.));
#2687=DIRECTION('ref_axis',(-1.,0.,-1.22464679914735E-16));
#2688=DIRECTION('',(-1.,0.,-1.22464679914735E-16));
#2689=DIRECTION('center_axis',(-1.22464679914735E-16,0.,1.));
#2690=DIRECTION('ref_axis',(-1.,0.,-1.22464679914735E-16));
#2691=DIRECTION('',(-1.38777878078144E-16,-1.,-1.69953884180861E-32));
#2692=DIRECTION('center_axis',(1.22464679914735E-16,0.,-1.));
#2693=DIRECTION('ref_axis',(-1.,0.,-1.22464679914735E-16));
#2694=DIRECTION('center_axis',(-1.22464679914735E-16,0.,1.));
#2695=DIRECTION('ref_axis',(-1.,0.,-1.22464679914735E-16));
#2696=DIRECTION('',(1.,-9.25185853854297E-17,1.22464679914735E-16));
#2697=DIRECTION('',(-1.38777878078144E-16,-1.,-1.69953884180861E-32));
#2698=DIRECTION('center_axis',(0.,-1.,0.));
#2699=DIRECTION('ref_axis',(-1.22464679914735E-16,0.,1.));
#2700=DIRECTION('',(1.,0.,1.22464679914735E-16));
#2701=DIRECTION('center_axis',(0.978147600733806,0.20791169081776,1.19788532833232E-16));
#2702=DIRECTION('ref_axis',(0.20791169081776,-0.978147600733805,2.54618386665284E-17));
#2703=DIRECTION('',(1.22464679914735E-16,0.,-1.));
#2704=DIRECTION('',(0.20791169081776,-0.978147600733806,2.54618386665284E-17));
#2705=DIRECTION('center_axis',(-2.16481569345888E-16,-0.707106781186546,
0.707106781186549));
#2706=DIRECTION('ref_axis',(-8.65956056235491E-17,0.707106781186549,0.707106781186546));
#2707=DIRECTION('',(0.148630766248358,-0.699252778086872,-0.699252778086879));
#2708=DIRECTION('',(-1.,0.,-1.22464679914735E-16));
#2709=DIRECTION('',(-0.148630766248341,0.699252778086878,0.699252778086876));
#2710=DIRECTION('',(-1.,0.,-3.06151171372765E-16));
#2711=DIRECTION('center_axis',(0.978147600733806,0.20791169081776,1.19788532833232E-16));
#2712=DIRECTION('ref_axis',(0.20791169081776,-0.978147600733805,2.54618386665284E-17));
#2713=DIRECTION('',(0.20791169081776,-0.978147600733805,8.12135083776842E-16));
#2714=DIRECTION('',(1.22464679914735E-16,0.,-1.));
#2715=DIRECTION('',(-0.207911690817759,0.978147600733806,-2.54618386665283E-17));
#2716=DIRECTION('',(-1.22464679914735E-16,0.,1.));
#2717=DIRECTION('center_axis',(0.,-1.,0.));
#2718=DIRECTION('ref_axis',(-1.22464679914735E-16,0.,1.));
#2719=DIRECTION('',(1.,0.,1.58584944853681E-16));
#2720=DIRECTION('',(-1.22464679914735E-16,0.,1.));
#2721=DIRECTION('',(0.5,0.,-0.866025403784438));
#2722=DIRECTION('',(1.,0.,1.22464679914735E-16));
#2723=DIRECTION('',(-1.,0.,-1.22464679914735E-16));
#2724=DIRECTION('center_axis',(-1.,0.,-1.22464679914735E-16));
#2725=DIRECTION('ref_axis',(-1.22464679914735E-16,0.,1.));
#2726=DIRECTION('',(0.,-1.,0.));
#2727=DIRECTION('',(-1.22464679914735E-16,0.,1.));
#2728=DIRECTION('',(0.,-1.,0.));
#2729=DIRECTION('center_axis',(0.999457915570857,0.0329222569511552,1.22398293718634E-16));
#2730=DIRECTION('ref_axis',(0.0329222569511552,-0.999457915570857,4.03181365959389E-18));
#2731=DIRECTION('',(-0.0329222569511562,0.999457915570857,-4.03181365959401E-18));
#2732=DIRECTION('center_axis',(0.,-1.,0.));
#2733=DIRECTION('ref_axis',(-1.22464679914735E-16,0.,1.));
#2734=DIRECTION('',(1.,0.,1.22464679914735E-16));
#2735=DIRECTION('center_axis',(-0.999457915570857,0.0329222569511549,-1.22398293718634E-16));
#2736=DIRECTION('ref_axis',(0.0329222569511549,0.999457915570857,4.03181365959385E-18));
#2737=DIRECTION('',(-0.0329222569511548,-0.999457915570857,-4.03181365959384E-18));
#2738=DIRECTION('center_axis',(-6.12323399573676E-17,-0.866025403784439,
0.5));
#2739=DIRECTION('ref_axis',(-1.06057523872491E-16,0.5,0.866025403784439));
#2740=DIRECTION('',(1.06057523872491E-16,-0.499999999999999,-0.866025403784439));
#2741=DIRECTION('',(1.,0.,1.22464679914735E-16));
#2742=DIRECTION('',(-1.06057523872491E-16,0.499999999999999,0.866025403784439));
#2743=DIRECTION('',(-1.,0.,-1.22464679914735E-16));
#2744=DIRECTION('center_axis',(-1.22464679914735E-16,0.,1.));
#2745=DIRECTION('ref_axis',(-0.270318200469576,-0.962771037420056,-3.31044318956339E-17));
#2746=DIRECTION('center_axis',(-1.22464679914735E-16,0.,1.));
#2747=DIRECTION('ref_axis',(1.,0.,1.22464679914735E-16));
#2748=DIRECTION('center_axis',(1.22464679914735E-16,0.,-1.));
#2749=DIRECTION('ref_axis',(-1.,0.,-1.22464679914735E-16));
#2750=DIRECTION('',(1.,0.,1.22464679914735E-16));
#2751=DIRECTION('',(0.342020143325673,0.939692620785907,4.18853873767704E-17));
#2752=DIRECTION('',(0.,1.,0.));
#2753=DIRECTION('center_axis',(0.939692620785907,-0.342020143325673,1.15079156022785E-16));
#2754=DIRECTION('ref_axis',(-0.342020143325673,-0.939692620785907,-4.18853873767704E-17));
#2755=DIRECTION('',(-0.342020143325673,-0.939692620785907,-4.18853873767704E-17));
#2756=DIRECTION('',(-1.22464679914735E-16,0.,1.));
#2757=DIRECTION('',(1.22464679914735E-16,0.,-1.));
#2758=DIRECTION('center_axis',(-0.978147600733806,0.20791169081776,-1.19788532833232E-16));
#2759=DIRECTION('ref_axis',(0.20791169081776,0.978147600733805,2.54618386665284E-17));
#2760=DIRECTION('',(0.20791169081776,0.978147600733806,2.54618386665284E-17));
#2761=DIRECTION('',(-1.22464679914735E-16,0.,1.));
#2762=DIRECTION('center_axis',(-6.58864664729714E-16,-1.,-8.06876502732538E-32));
#2763=DIRECTION('ref_axis',(-1.,6.58864664729714E-16,-1.22464679914735E-16));
#2764=DIRECTION('',(1.,0.,1.22464679914735E-16));
#2765=DIRECTION('center_axis',(0.,-1.,0.));
#2766=DIRECTION('ref_axis',(-1.22464679914735E-16,0.,1.));
#2767=DIRECTION('',(-0.5,0.,-0.866025403784438));
#2768=DIRECTION('',(1.22464679914735E-16,0.,-1.));
#2769=DIRECTION('',(1.,9.18432457290149E-17,3.062143418572E-17));
#2770=DIRECTION('',(-1.22464679914735E-16,0.,1.));
#2771=DIRECTION('',(-1.,0.,-8.63444149757897E-17));
#2772=DIRECTION('',(-1.,0.,-1.22464679914735E-16));
#2773=DIRECTION('',(1.,0.,1.22464679914735E-16));
#2774=DIRECTION('center_axis',(4.32903580987885E-17,-0.707106781186546,
0.707106781186549));
#2775=DIRECTION('ref_axis',(-8.65956056235491E-17,0.707106781186549,0.707106781186546));
#2776=DIRECTION('',(-0.148630766248358,-0.699252778086872,-0.699252778086879));
#2777=DIRECTION('',(1.,0.,-6.12218115432947E-17));
#2778=DIRECTION('',(0.14863076624836,0.699252778086873,0.699252778086878));
#2779=DIRECTION('center_axis',(0.978147600733806,-0.20791169081776,1.19788532833232E-16));
#2780=DIRECTION('ref_axis',(-0.20791169081776,-0.978147600733805,-2.54618386665284E-17));
#2781=DIRECTION('',(-0.20791169081776,-0.978147600733805,7.61211406443785E-16));
#2782=DIRECTION('',(-1.22464679914735E-16,0.,1.));
#2783=DIRECTION('',(0.207911690817759,0.978147600733806,2.54618386665283E-17));
#2784=DIRECTION('center_axis',(0.,1.,0.));
#2785=DIRECTION('ref_axis',(1.22464679914735E-16,0.,-1.));
#2786=DIRECTION('center_axis',(0.,1.,0.));
#2787=DIRECTION('ref_axis',(-1.22464679914735E-16,0.,1.));
#2788=DIRECTION('',(1.,0.,1.22464679914735E-16));
#2789=DIRECTION('',(1.,0.,1.22464679914735E-16));
#2790=DIRECTION('center_axis',(0.,-1.,0.));
#2791=DIRECTION('ref_axis',(-1.22464679914735E-16,0.,1.));
#2792=DIRECTION('',(-1.22464679914735E-16,0.,1.));
#2793=DIRECTION('',(-1.,0.,-1.22464679914735E-16));
#2794=DIRECTION('',(1.22464679914735E-16,0.,-1.));
#2795=DIRECTION('center_axis',(-1.,1.85037170770859E-16,-1.22464679914735E-16));
#2796=DIRECTION('ref_axis',(1.85037170770859E-16,1.,2.26605178907815E-32));
#2797=DIRECTION('',(0.,-1.,0.));
#2798=DIRECTION('',(1.22464679914735E-16,0.,-1.));
#2799=DIRECTION('',(0.,1.,0.));
#2800=DIRECTION('',(-1.22464679914735E-16,0.,1.));
#2801=DIRECTION('',(1.85037170770859E-16,1.,2.26605178907815E-32));
#2802=DIRECTION('',(1.22464679914735E-16,0.,-1.));
#2803=DIRECTION('center_axis',(9.25185853854297E-17,1.,1.13302589453908E-32));
#2804=DIRECTION('ref_axis',(1.,-9.25185853854297E-17,1.22464679914735E-16));
#2805=DIRECTION('',(1.,0.,1.22464679914735E-16));
#2806=DIRECTION('',(1.22464679914735E-16,0.,-1.));
#2807=DIRECTION('center_axis',(1.,-1.38777878078144E-16,1.22464679914735E-16));
#2808=DIRECTION('ref_axis',(-1.38777878078144E-16,-1.,-1.69953884180861E-32));
#2809=DIRECTION('',(1.22464679914735E-16,0.,-1.));
#2810=DIRECTION('',(0.,-1.,0.));
#2811=DIRECTION('',(-1.22464679914735E-16,0.,1.));
#2812=DIRECTION('',(0.,1.,0.));
#2813=DIRECTION('',(0.,1.,0.));
#2814=DIRECTION('center_axis',(-1.22464679914735E-16,0.,1.));
#2815=DIRECTION('ref_axis',(1.,0.,1.22464679914735E-16));
#2816=DIRECTION('',(-0.207911690817759,0.978147600733806,-1.77594929628963E-15));
#2817=DIRECTION('',(0.965925826289068,-0.258819045102521,1.18291797137867E-16));
#2818=DIRECTION('',(0.,-1.,0.));
#2819=DIRECTION('center_axis',(0.851715338458667,0.181037683864394,0.491738079932045));
#2820=DIRECTION('ref_axis',(0.5,9.71445146547011E-17,-0.866025403784438));
#2821=DIRECTION('',(-0.517101377290021,0.138556896449883,0.844634922348668));
#2822=DIRECTION('center_axis',(0.,1.,0.));
#2823=DIRECTION('ref_axis',(1.22464679914735E-16,0.,-1.));
#2824=DIRECTION('',(1.22464679914735E-16,0.,-1.));
#2825=DIRECTION('',(1.,0.,1.22464679914735E-16));
#2826=DIRECTION('',(1.,0.,1.22464679914735E-16));
#2827=DIRECTION('center_axis',(3.06151171372765E-16,3.90437690495487E-17,
-1.));
#2828=DIRECTION('ref_axis',(-1.,0.,-3.06151171372765E-16));
#2829=DIRECTION('',(-0.20791169081776,0.978147600733806,-2.54618386665284E-17));
#2830=DIRECTION('',(1.16094097824523E-16,-1.,1.42174265300702E-32));
#2831=DIRECTION('',(0.34202014332567,-0.939692620785908,4.18853873767701E-17));
#2832=DIRECTION('',(0.965925826289068,-0.258819045102521,1.18291797137867E-16));
#2833=DIRECTION('center_axis',(-0.978147600733806,-0.20791169081776,-1.19788532833232E-16));
#2834=DIRECTION('ref_axis',(-0.20791169081776,0.978147600733805,-2.54618386665284E-17));
#2835=DIRECTION('',(-0.20791169081775,0.978147600733808,-2.54618386665272E-17));
#2836=DIRECTION('',(1.22464679914735E-16,0.,-1.));
#2837=DIRECTION('center_axis',(-1.58584944853681E-16,-7.67759932203255E-18,
1.));
#2838=DIRECTION('ref_axis',(1.,0.,1.58584944853681E-16));
#2839=DIRECTION('',(1.16094097824523E-16,-1.,1.42174265300702E-32));
#2840=DIRECTION('center_axis',(-1.22464679914735E-16,0.,1.));
#2841=DIRECTION('ref_axis',(1.,0.,1.22464679914735E-16));
#2842=DIRECTION('',(1.16094097824523E-16,-1.,1.42174265300702E-32));
#2843=DIRECTION('center_axis',(1.,1.85037170770859E-16,1.22464679914735E-16));
#2844=DIRECTION('ref_axis',(1.85037170770859E-16,-1.,2.26605178907815E-32));
#2845=DIRECTION('',(0.,-1.,0.));
#2846=DIRECTION('',(1.22464679914735E-16,0.,-1.));
#2847=DIRECTION('',(0.,1.,0.));
#2848=DIRECTION('center_axis',(1.22464679914735E-16,0.,-1.));
#2849=DIRECTION('ref_axis',(-1.,0.,-1.22464679914735E-16));
#2850=DIRECTION('',(-1.85037170770859E-16,-1.,-2.26605178907815E-32));
#2851=DIRECTION('',(-1.,0.,-1.22464679914735E-16));
#2852=DIRECTION('center_axis',(-1.,1.85037170770859E-16,-1.22464679914735E-16));
#2853=DIRECTION('ref_axis',(1.85037170770859E-16,1.,2.26605178907815E-32));
#2854=DIRECTION('',(0.,-1.,0.));
#2855=DIRECTION('',(-1.22464679914735E-16,0.,1.));
#2856=DIRECTION('center_axis',(1.22464679914735E-16,0.,-1.));
#2857=DIRECTION('ref_axis',(-1.,0.,-1.22464679914735E-16));
#2858=DIRECTION('',(0.,1.,0.));
#2859=DIRECTION('',(0.,1.,0.));
#2860=DIRECTION('',(-1.,0.,-1.22464679914735E-16));
#2861=DIRECTION('',(-1.,0.,-1.22464679914735E-16));
#2862=DIRECTION('',(1.16094097824523E-16,-1.,1.42174265300702E-32));
#2863=DIRECTION('center_axis',(-1.22464679914735E-16,0.,1.));
#2864=DIRECTION('ref_axis',(1.,0.,1.22464679914735E-16));
#2865=DIRECTION('center_axis',(-1.22464679914735E-16,0.,1.));
#2866=DIRECTION('ref_axis',(-1.,0.,-1.22464679914735E-16));
#2867=DIRECTION('center_axis',(1.,0.,1.22464679914735E-16));
#2868=DIRECTION('ref_axis',(1.22464679914735E-16,0.,-1.));
#2869=DIRECTION('',(-1.22464679914735E-16,0.,1.));
#2870=DIRECTION('',(0.,1.,0.));
#2871=DIRECTION('center_axis',(-1.22464679914735E-16,0.,1.));
#2872=DIRECTION('ref_axis',(1.,0.,1.22464679914735E-16));
#2873=DIRECTION('',(1.16094097824523E-16,1.,1.42174265300702E-32));
#2874=DIRECTION('',(-1.,0.,-1.22464679914735E-16));
#2875=DIRECTION('center_axis',(8.63444149757897E-17,7.67759932203255E-18,
-1.));
#2876=DIRECTION('ref_axis',(-1.,0.,-8.63444149757897E-17));
#2877=DIRECTION('',(-0.20791169081776,-0.978147600733806,-2.54618386665284E-17));
#2878=DIRECTION('',(1.16094097824523E-16,1.,1.42174265300702E-32));
#2879=DIRECTION('center_axis',(-0.978147600733806,0.20791169081776,-1.19788532833232E-16));
#2880=DIRECTION('ref_axis',(0.20791169081776,0.978147600733805,2.54618386665284E-17));
#2881=DIRECTION('',(-0.207911690817772,-0.978147600733803,-2.54618386665299E-17));
#2882=DIRECTION('',(-1.22464679914735E-16,0.,1.));
#2883=DIRECTION('center_axis',(-1.22464679914735E-16,0.,1.));
#2884=DIRECTION('ref_axis',(1.,0.,1.22464679914735E-16));
#2885=DIRECTION('',(0.,1.,0.));
#2886=DIRECTION('',(-1.,0.,-1.22464679914735E-16));
#2887=DIRECTION('',(-0.965925826289068,-0.258819045102521,-1.18291797137867E-16));
#2888=DIRECTION('',(0.207911690817759,0.978147600733806,-1.72502561895657E-15));
#2889=DIRECTION('center_axis',(0.851715338458667,-0.181037683864394,-0.491738079932045));
#2890=DIRECTION('ref_axis',(-0.5,9.71445146547012E-17,-0.866025403784439));
#2891=DIRECTION('',(0.517101377290021,0.138556896449883,0.844634922348668));
#2892=DIRECTION('center_axis',(6.12218115432947E-17,-3.90437690495487E-17,
1.));
#2893=DIRECTION('ref_axis',(1.,0.,-6.12218115432947E-17));
#2894=DIRECTION('',(-0.965925826289068,-0.258819045102521,-1.18291797137867E-16));
#2895=DIRECTION('',(0.34202014332567,0.939692620785908,4.18853873767701E-17));
#2896=DIRECTION('',(1.16094097824523E-16,1.,1.42174265300702E-32));
#2897=DIRECTION('center_axis',(0.,-1.,0.));
#2898=DIRECTION('ref_axis',(4.44089209850062E-16,0.,-1.));
#2899=DIRECTION('center_axis',(0.,-1.,0.));
#2900=DIRECTION('ref_axis',(-1.22464679914735E-16,0.,1.));
#2901=DIRECTION('center_axis',(-0.258819045102521,-0.965925826289068,-1.40172651746571E-15));
#2902=DIRECTION('ref_axis',(-0.965925826289068,0.258819045102521,-5.32730883244221E-13));
#2903=DIRECTION('center_axis',(1.22464679914735E-16,0.,-1.));
#2904=DIRECTION('ref_axis',(-1.,0.,-1.22464679914735E-16));
#2905=DIRECTION('center_axis',(1.22464679914735E-16,0.,-1.));
#2906=DIRECTION('ref_axis',(1.,0.,1.22464679914735E-16));
#2907=DIRECTION('center_axis',(1.22464679914735E-16,0.,-1.));
#2908=DIRECTION('ref_axis',(-1.,0.,-1.22464679914735E-16));
#2909=DIRECTION('center_axis',(1.22464679914735E-16,0.,-1.));
#2910=DIRECTION('ref_axis',(1.,0.,1.22464679914735E-16));
#2911=DIRECTION('center_axis',(1.22464679914735E-16,0.,-1.));
#2912=DIRECTION('ref_axis',(-1.,0.,-1.22464679914735E-16));
#2913=DIRECTION('center_axis',(1.22464679914735E-16,0.,-1.));
#2914=DIRECTION('ref_axis',(1.,0.,1.22464679914735E-16));
#2915=DIRECTION('center_axis',(1.22464679914735E-16,0.,-1.));
#2916=DIRECTION('ref_axis',(-1.,0.,-1.22464679914735E-16));
#2917=DIRECTION('center_axis',(1.22464679914735E-16,0.,-1.));
#2918=DIRECTION('ref_axis',(1.,1.77635683940025E-15,1.22464679914735E-16));
#2919=DIRECTION('center_axis',(1.22464679914735E-16,0.,-1.));
#2920=DIRECTION('ref_axis',(1.,1.77635683940025E-15,1.22464679914735E-16));
#2921=DIRECTION('center_axis',(0.258819045102521,0.965925826289068,3.16961915143177E-17));
#2922=DIRECTION('ref_axis',(0.965925826289068,-0.258819045102521,1.18291797137867E-16));
#2923=DIRECTION('',(-1.22464679914735E-16,0.,1.));
#2924=DIRECTION('',(0.965925826289068,-0.258819045102521,-2.9674170545105E-16));
#2925=DIRECTION('',(1.22464679914735E-16,0.,-1.));
#2926=DIRECTION('center_axis',(0.939692620785908,0.34202014332567,1.15079156022785E-16));
#2927=DIRECTION('ref_axis',(0.34202014332567,-0.939692620785908,4.18853873767701E-17));
#2928=DIRECTION('',(-1.22464679914735E-16,0.,1.));
#2929=DIRECTION('',(0.34202014332567,-0.939692620785908,-1.17654750254243E-15));
#2930=DIRECTION('center_axis',(1.,1.16094097824523E-16,1.22464679914735E-16));
#2931=DIRECTION('ref_axis',(1.16094097824523E-16,-1.,1.42174265300702E-32));
#2932=DIRECTION('',(-1.22464679914735E-16,0.,1.));
#2933=DIRECTION('',(8.70705733683925E-17,-1.,-5.02702189727365E-17));
#2934=DIRECTION('center_axis',(0.,-1.,0.));
#2935=DIRECTION('ref_axis',(-1.22464679914735E-16,0.,1.));
#2936=DIRECTION('',(0.993389775462552,-1.95085648787572E-16,0.114790043150354));
#2937=DIRECTION('',(-1.22464679914735E-16,0.,1.));
#2938=DIRECTION('',(0.993389775462552,1.95085648787572E-16,-0.114790043150354));
#2939=DIRECTION('',(1.,-2.4532694666934E-18,1.20011410448042E-16));
#2940=DIRECTION('center_axis',(-1.,1.16094097824523E-16,-1.22464679914735E-16));
#2941=DIRECTION('ref_axis',(1.16094097824523E-16,1.,1.42174265300702E-32));
#2942=DIRECTION('',(-1.22464679914735E-16,0.,1.));
#2943=DIRECTION('',(8.70705733683925E-17,1.,5.02702189727365E-17));
#2944=DIRECTION('center_axis',(-0.939692620785908,0.34202014332567,-1.15079156022785E-16));
#2945=DIRECTION('ref_axis',(0.34202014332567,0.939692620785908,4.18853873767701E-17));
#2946=DIRECTION('',(1.22464679914735E-16,0.,-1.));
#2947=DIRECTION('',(0.342020143325669,0.939692620785908,2.05229965574345E-15));
#2948=DIRECTION('center_axis',(0.258819045102521,-0.965925826289068,3.16961915143177E-17));
#2949=DIRECTION('ref_axis',(-0.965925826289068,-0.258819045102521,-1.18291797137867E-16));
#2950=DIRECTION('',(-1.22464679914735E-16,0.,1.));
#2951=DIRECTION('',(0.965925826289068,0.258819045102521,5.33325299726784E-16));
#2952=DIRECTION('center_axis',(0.,1.,0.));
#2953=DIRECTION('ref_axis',(1.22464679914735E-16,0.,-1.));
#2954=DIRECTION('',(1.,0.,1.22464679914735E-16));
#2955=DIRECTION('center_axis',(-8.31261586715957E-17,0.707106781186548,
0.707106781186547));
#2956=DIRECTION('ref_axis',(8.65956056235494E-17,0.707106781186547,-0.707106781186548));
#2957=DIRECTION('',(0.0406852749363215,0.706521304846271,-0.706521304846272));
#2958=DIRECTION('',(-0.0406852749363208,0.706521304846271,-0.706521304846272));
#2959=DIRECTION('center_axis',(0.0811688179243113,0.707106781186548,0.702432646590952));
#2960=DIRECTION('ref_axis',(7.99433913132201E-17,0.704758089137263,-0.709447697716747));
#2961=DIRECTION('',(-0.389881158972669,-0.626075656380691,0.675293976254501));
#2962=DIRECTION('center_axis',(-0.866025403784439,1.00540437945473E-16,
-0.5));
#2963=DIRECTION('ref_axis',(-0.5,0.,0.866025403784439));
#2964=DIRECTION('',(-0.498068054943675,0.0878228363155518,0.862679176789446));
#2965=DIRECTION('center_axis',(-0.813797681349373,0.296198132726025,-0.500000000000001));
#2966=DIRECTION('ref_axis',(-0.523490857349934,-8.32667268468868E-17,0.852031291837941));
#2967=DIRECTION('',(-0.368544676234747,0.40219593819879,0.838100977755915));
#2968=DIRECTION('center_axis',(-0.224143868042013,0.836516303737807,-0.500000000000001));
#2969=DIRECTION('ref_axis',(1.32873900687033E-16,-0.513054114868207,-0.858356263574048));
#2970=DIRECTION('',(-0.0656840949062161,0.498920234024526,0.864155194254634));
#2971=DIRECTION('center_axis',(1.22464679914735E-16,0.,-1.));
#2972=DIRECTION('ref_axis',(-1.,0.,-1.22464679914735E-16));
#2973=DIRECTION('center_axis',(-1.22464679914735E-16,0.,1.));
#2974=DIRECTION('ref_axis',(-1.,0.,-1.22464679914735E-16));
#2975=DIRECTION('',(0.499999999994928,-6.12323399567465E-17,-0.866025403787367));
#2976=DIRECTION('center_axis',(-1.22464679914735E-16,0.,1.));
#2977=DIRECTION('ref_axis',(1.,0.,1.22464679914735E-16));
#2978=DIRECTION('center_axis',(1.22464679914735E-16,0.,-1.));
#2979=DIRECTION('ref_axis',(-1.,0.,-1.22464679914735E-16));
#2980=DIRECTION('',(1.22464679914735E-16,0.,-1.));
#2981=DIRECTION('center_axis',(-1.22464679914735E-16,0.,1.));
#2982=DIRECTION('ref_axis',(1.,0.,1.22464679914735E-16));
#2983=DIRECTION('',(-1.22464679914735E-16,0.,1.));
#2984=DIRECTION('center_axis',(-1.,-1.87683955739317E-16,-1.22464679914735E-16));
#2985=DIRECTION('ref_axis',(-1.87683955739317E-16,1.,-2.29846555647468E-32));
#2986=DIRECTION('center_axis',(6.12323399573676E-17,0.866025403784439,-0.5));
#2987=DIRECTION('ref_axis',(1.06057523872491E-16,-0.5,-0.866025403784439));
#2988=DIRECTION('',(-0.0656840949062167,-0.498920234024526,-0.864155194254634));
#2989=DIRECTION('center_axis',(0.224143868042013,0.836516303737807,-0.500000000000001));
#2990=DIRECTION('ref_axis',(7.73627494557751E-17,-0.513054114868207,-0.858356263574048));
#2991=DIRECTION('',(0.368544676234741,0.402195938198787,0.838100977755919));
#2992=DIRECTION('center_axis',(0.813797681349373,0.296198132726025,-0.500000000000001));
#2993=DIRECTION('ref_axis',(-0.523490857349934,8.32667268468868E-17,-0.852031291837941));
#2994=DIRECTION('',(0.498068054943672,0.0878228363155511,0.862679176789448));
#2995=DIRECTION('center_axis',(0.866025403784439,1.00540437945473E-16,-0.5));
#2996=DIRECTION('ref_axis',(-0.5,0.,-0.866025403784439));
#2997=DIRECTION('',(-0.389881158972669,0.62607565638069,-0.675293976254502));
#2998=DIRECTION('center_axis',(-0.0811688179243115,0.707106781186548,0.702432646590952));
#2999=DIRECTION('ref_axis',(9.38211791210346E-17,0.704758089137263,-0.709447697716747));
#3000=CARTESIAN_POINT('',(0.,0.,0.));
#3001=CARTESIAN_POINT('Origin',(-3.02465561735025,-15.4813242183278,0.199999999999998));
#3002=CARTESIAN_POINT('',(-15.9273502691896,-13.7989099793933,-4.44089209850063E-15));
#3003=CARTESIAN_POINT('',(-4.25590979898513,-15.1386751345948,-2.22044604925031E-15));
#3004=CARTESIAN_POINT('',(-3.00184738616558,-15.2826290130756,-2.22044604925031E-15));
#3005=CARTESIAN_POINT('',(-4.27879267380703,-15.5386751345948,0.399999999999998));
#3006=CARTESIAN_POINT('',(-4.25590979898513,-15.1386751345948,-2.22044604925031E-15));
#3007=CARTESIAN_POINT('',(-16.3273502691896,-14.1556206883213,0.399999999999996));
#3008=CARTESIAN_POINT('',(-3.02398277803974,-15.6827148166754,0.399999999999998));
#3009=CARTESIAN_POINT('',(-15.9273502691896,-13.7989099793933,-4.44089209850063E-15));
#3010=CARTESIAN_POINT('Origin',(9.04893441504155,-14.7897969951911,0.2));
#3011=CARTESIAN_POINT('',(4.25590979898519,-15.1386751345948,0.));
#3012=CARTESIAN_POINT('',(15.9273502691896,-13.7989099793933,0.));
#3013=CARTESIAN_POINT('',(9.02612618385688,-14.5911017899389,0.));
#3014=CARTESIAN_POINT('',(16.3273502691896,-14.1556206883213,0.4));
#3015=CARTESIAN_POINT('',(15.9273502691896,-13.7989099793933,0.));
#3016=CARTESIAN_POINT('',(4.27879267380705,-15.5386751345948,0.4));
#3017=CARTESIAN_POINT('',(9.56282210079602,-14.932121168663,0.4));
#3018=CARTESIAN_POINT('',(4.25590979898519,-15.1386751345948,0.));
#3019=CARTESIAN_POINT('Origin',(16.1273502691896,1.81540818460775,0.2));
#3020=CARTESIAN_POINT('',(15.9273502691896,3.56028557693212,0.));
#3021=CARTESIAN_POINT('',(15.9273502691896,1.81540818460775,0.));
#3022=CARTESIAN_POINT('',(16.3273502691896,3.63081636921551,0.4));
#3023=CARTESIAN_POINT('',(15.9273502691896,3.56028557693212,0.));
#3024=CARTESIAN_POINT('',(16.3273502691896,-0.151541758711339,0.4));
#3025=CARTESIAN_POINT('Origin',(14.0816101935699,9.21617563691236,0.2));
#3026=CARTESIAN_POINT('',(12.6501031595668,12.5644480085937,0.));
#3027=CARTESIAN_POINT('',(13.8936716694127,9.14777160824723,0.));
#3028=CARTESIAN_POINT('',(12.9547624409851,12.8969252723351,0.4));
#3029=CARTESIAN_POINT('',(12.6501031595668,12.5644480085937,0.));
#3030=CARTESIAN_POINT('',(16.0198173575713,4.47575609962616,0.4));
#3031=CARTESIAN_POINT('Origin',(3.54206298386809,15.2119952543844,0.2));
#3032=CARTESIAN_POINT('',(3.04295673510869,15.1386751345948,0.));
#3033=CARTESIAN_POINT('',(3.49029917484758,15.0188100891266,0.));
#3034=CARTESIAN_POINT('',(3.09561773414365,15.5386751345948,0.4));
#3035=CARTESIAN_POINT('',(3.04295673510869,15.1386751345948,0.));
#3036=CARTESIAN_POINT('',(6.73286269270206,14.5640782852749,0.4));
#3037=CARTESIAN_POINT('Origin',(-1.54780886707181,15.3386751345948,0.2));
#3038=CARTESIAN_POINT('',(-3.09561773414362,15.5386751345948,0.399999999999998));
#3039=CARTESIAN_POINT('',(-4.25,15.5386751345948,0.399999999999998));
#3040=CARTESIAN_POINT('',(-3.04295673510865,15.1386751345948,-2.22044604925031E-15));
#3041=CARTESIAN_POINT('',(-1.54780886707181,15.1386751345948,0.));
#3042=CARTESIAN_POINT('',(-3.04295673510865,15.1386751345948,-2.22044604925031E-15));
#3043=CARTESIAN_POINT('Origin',(-8.47163533728878,13.8911203232545,0.199999999999998));
#3044=CARTESIAN_POINT('',(-12.954762440985,12.8969252723351,0.399999999999998));
#3045=CARTESIAN_POINT('',(-6.73286269270206,14.5640782852749,0.399999999999998));
#3046=CARTESIAN_POINT('',(-12.6501031595668,12.5644480085937,-2.22044604925031E-15));
#3047=CARTESIAN_POINT('',(-8.41987152826828,13.6979351579967,-2.22044604925031E-15));
#3048=CARTESIAN_POINT('',(-12.6501031595668,12.5644480085937,-2.22044604925031E-15));
#3049=CARTESIAN_POINT('Origin',(-15.7679041076722,4.5831211853526,0.199999999999998));
#3050=CARTESIAN_POINT('',(-16.3273502691896,3.63081636921551,0.399999999999996));
#3051=CARTESIAN_POINT('',(-16.1448173575713,4.1323214221943,0.399999999999996));
#3052=CARTESIAN_POINT('',(-15.9273502691896,3.56028557693212,-4.44089209850063E-15));
#3053=CARTESIAN_POINT('',(-15.579965583515,4.51471715668746,-2.22044604925031E-15));
#3054=CARTESIAN_POINT('',(-15.9273502691896,3.56028557693212,-4.44089209850063E-15));
#3055=CARTESIAN_POINT('Origin',(-16.1273502691896,-7.07781034416066,0.199999999999996));
#3056=CARTESIAN_POINT('',(-16.3273502691896,-4.93310708127951,0.399999999999996));
#3057=CARTESIAN_POINT('',(-15.9273502691896,-7.07781034416066,-4.44089209850063E-15));
#3058=CARTESIAN_POINT('Origin',(4.44089209850063E-15,0.,0.));
#3059=CARTESIAN_POINT('',(2.13939633690353,-15.1386751345948,0.));
#3060=CARTESIAN_POINT('',(-2.99999999999999,-8.78867513459481,-3.46944695195361E-16));
#3061=CARTESIAN_POINT('Origin',(8.88178419700125E-15,-8.78867513459481,
0.));
#3062=CARTESIAN_POINT('Origin',(4.44089209850063E-15,0.,0.4));
#3063=CARTESIAN_POINT('',(10.5,-8.78867513459481,0.4));
#3064=CARTESIAN_POINT('Origin',(8.50000000000001,-8.78867513459481,0.4));
#3065=CARTESIAN_POINT('Origin',(4.44089209850063E-15,0.,0.4));
#3066=CARTESIAN_POINT('',(-6.49999999999999,-8.78867513459481,0.399999999999998));
#3067=CARTESIAN_POINT('Origin',(-8.49999999999999,-8.78867513459481,0.399999999999998));
#3068=CARTESIAN_POINT('Origin',(-8.49999999999999,-8.78867513459481,0.899999999999999));
#3069=CARTESIAN_POINT('',(-13.4162122719934,-7.87716161483698,1.4));
#3070=CARTESIAN_POINT('',(-13.2724841206428,-7.79418012796458,1.35833333333333));
#3071=CARTESIAN_POINT('Ctrl Pts',(-13.4162122719934,-7.87716161483698,1.4));
#3072=CARTESIAN_POINT('Ctrl Pts',(-13.3434385244741,-7.83514567211678,1.37870179394676));
#3073=CARTESIAN_POINT('Ctrl Pts',(-13.2724841206428,-7.79418012796458,1.35833333333333));
#3074=CARTESIAN_POINT('',(-3.90734145619336,-10.7654117128975,1.4));
#3075=CARTESIAN_POINT('Origin',(-8.49999999999999,-8.78867513459481,1.4));
#3076=CARTESIAN_POINT('',(-3.90734145619336,-10.4236407305631,1.35833333333333));
#3077=CARTESIAN_POINT('Ctrl Pts',(-3.90734145619336,-10.4236407305631,1.35833333333333));
#3078=CARTESIAN_POINT('Ctrl Pts',(-3.90734145619336,-10.5923631142472,1.37719523368159));
#3079=CARTESIAN_POINT('Ctrl Pts',(-3.90734145619336,-10.7654117128975,1.4));
#3080=CARTESIAN_POINT('',(-3.62499999999999,-8.78867513459481,1.35833333333333));
#3081=CARTESIAN_POINT('Origin',(-8.49999999999999,-8.78867513459481,1.35833333333333));
#3082=CARTESIAN_POINT('',(-4.99999999999999,-8.78867513459481,0.899999999999999));
#3083=CARTESIAN_POINT('Origin',(-8.49999999999999,-8.78867513459481,1.35833333333333));
#3084=CARTESIAN_POINT('Origin',(-8.60833333330876,-8.89700846790358,1.4));
#3085=CARTESIAN_POINT('',(-13.5199404975219,-7.93704913376842,1.4));
#3086=CARTESIAN_POINT('',(-12.1928258848319,-7.17083915488641,1.4));
#3087=CARTESIAN_POINT('',(-3.90734145619336,-10.9869828800991,1.4));
#3088=CARTESIAN_POINT('Origin',(-8.49999999999999,-8.78867513459481,1.4));
#3089=CARTESIAN_POINT('',(-3.90734145619336,-10.3997478361929,1.4));
#3090=CARTESIAN_POINT('Origin',(-8.49999999999999,-8.78867513459481,0.399999999999998));
#3091=CARTESIAN_POINT('',(-13.5199404975219,-7.93704913376841,0.399999999999998));
#3092=CARTESIAN_POINT('',(-3.90734145619336,-10.9869828800991,0.399999999999998));
#3093=CARTESIAN_POINT('Origin',(-8.49999999999999,-8.78867513459481,0.399999999999998));
#3094=CARTESIAN_POINT('',(-3.90734145619336,-10.9869828800991,0.399999999999998));
#3095=CARTESIAN_POINT('',(-13.5199404975219,-7.93704913376842,0.399999999999998));
#3096=CARTESIAN_POINT('Origin',(-14.1337420603214,-8.29142763127969,3.65));
#3097=CARTESIAN_POINT('',(-13.2724841206428,-7.79418012796457,3.65));
#3098=CARTESIAN_POINT('',(-13.2724841206428,-7.79418012796458,3.65));
#3099=CARTESIAN_POINT('',(-14.9999996890673,-8.79156162829162,3.65000003215859));
#3100=CARTESIAN_POINT('',(-13.2724841206428,-7.79418012796457,3.65));
#3101=CARTESIAN_POINT('Ctrl Pts',(-14.9999994287519,-8.79156155613051,3.65000016079297));
#3102=CARTESIAN_POINT('Ctrl Pts',(-14.1700598372375,-8.31239570955859,1.73426410604372));
#3103=CARTESIAN_POINT('Ctrl Pts',(-13.5199404975219,-7.93704913376841,0.399999999999998));
#3104=CARTESIAN_POINT('Origin',(-8.49999999999999,-8.78867513459481,3.65));
#3105=CARTESIAN_POINT('',(-3.90734145619336,-10.4236407305631,3.65));
#3106=CARTESIAN_POINT('',(-3.90734145619336,-10.4236407305631,3.65));
#3107=CARTESIAN_POINT('',(-3.62764266159206,-8.62817913195793,3.65));
#3108=CARTESIAN_POINT('Origin',(-8.49999999999999,-8.78867513459481,3.65));
#3109=CARTESIAN_POINT('',(-3.62764266159206,-8.62817913195793,2.65));
#3110=CARTESIAN_POINT('',(-3.62764266159206,-8.62817913195793,3.65));
#3111=CARTESIAN_POINT('',(-12.7872810139698,-6.4681479300022,2.65));
#3112=CARTESIAN_POINT('Origin',(-8.49999999999999,-8.78867513459481,2.65));
#3113=CARTESIAN_POINT('',(-12.7872810139698,-6.4681479300022,3.65));
#3114=CARTESIAN_POINT('',(-12.7872810139698,-6.46814793000222,3.65));
#3115=CARTESIAN_POINT('Origin',(-8.49999999999999,-8.78867513459481,3.65));
#3116=CARTESIAN_POINT('Origin',(8.50000000000001,-8.78867513459481,0.900000000000001));
#3117=CARTESIAN_POINT('',(3.90734145619338,-10.7654117128975,1.4));
#3118=CARTESIAN_POINT('',(3.90734145619339,-10.4236407305631,1.35833333333333));
#3119=CARTESIAN_POINT('Ctrl Pts',(3.90734145619338,-10.7654117128975,1.4));
#3120=CARTESIAN_POINT('Ctrl Pts',(3.90734145619339,-10.5923631142472,1.37719523368159));
#3121=CARTESIAN_POINT('Ctrl Pts',(3.90734145619339,-10.4236407305631,1.35833333333333));
#3122=CARTESIAN_POINT('',(13.5,-8.78867513459481,1.4));
#3123=CARTESIAN_POINT('Origin',(8.50000000000001,-8.78867513459481,1.4));
#3124=CARTESIAN_POINT('',(12.,-8.78867513459481,0.900000000000001));
#3125=CARTESIAN_POINT('',(13.4162122719934,-7.87716161483698,1.4));
#3126=CARTESIAN_POINT('Origin',(8.50000000000001,-8.78867513459481,1.4));
#3127=CARTESIAN_POINT('',(13.2724841206428,-7.79418012796457,1.35833333333333));
#3128=CARTESIAN_POINT('Ctrl Pts',(13.2724841206428,-7.79418012796457,1.35833333333333));
#3129=CARTESIAN_POINT('Ctrl Pts',(13.3434385244975,-7.83514567213029,1.37870179395335));
#3130=CARTESIAN_POINT('Ctrl Pts',(13.4162122719934,-7.87716161483698,1.4));
#3131=CARTESIAN_POINT('Origin',(8.50000000000001,-8.78867513459481,1.35833333333333));
#3132=CARTESIAN_POINT('Origin',(8.60833333330877,-8.89700846790358,1.4));
#3133=CARTESIAN_POINT('',(3.90734145619338,-10.9869828800991,1.4));
#3134=CARTESIAN_POINT('',(3.90734145619338,-10.3997478361929,1.4));
#3135=CARTESIAN_POINT('',(13.5199404975219,-7.93704913376841,1.4));
#3136=CARTESIAN_POINT('Origin',(8.50000000000001,-8.78867513459481,1.4));
#3137=CARTESIAN_POINT('',(12.1928258848319,-7.17083915488641,1.4));
#3138=CARTESIAN_POINT('Origin',(8.50000000000001,-8.78867513459481,0.4));
#3139=CARTESIAN_POINT('',(3.90734145619338,-10.9869828800991,0.4));
#3140=CARTESIAN_POINT('',(13.5199404975219,-7.93704913376841,0.4));
#3141=CARTESIAN_POINT('Origin',(8.50000000000001,-8.78867513459481,0.4));
#3142=CARTESIAN_POINT('',(13.5199404975219,-7.93704913376841,0.4));
#3143=CARTESIAN_POINT('',(3.90734145619338,-10.9869828800991,0.4));
#3144=CARTESIAN_POINT('Origin',(3.90734145619338,-11.9024872044823,3.65));
#3145=CARTESIAN_POINT('',(3.90734145619338,-10.4236407305631,3.65));
#3146=CARTESIAN_POINT('',(3.90734145619338,-10.4236407305631,3.65));
#3147=CARTESIAN_POINT('',(3.90734145619333,-13.3884020285969,3.65000000000003));
#3148=CARTESIAN_POINT('',(3.90734145619338,-1.34686279160707,3.65));
#3149=CARTESIAN_POINT('Ctrl Pts',(3.90734145619338,-13.3884020285967,3.65000000000012));
#3150=CARTESIAN_POINT('Ctrl Pts',(3.90734145619338,-12.0418118518675,1.45096554397788));
#3151=CARTESIAN_POINT('Ctrl Pts',(3.90734145619338,-10.9869828800991,0.4));
#3152=CARTESIAN_POINT('Origin',(8.50000000000001,-8.78867513459481,3.65));
#3153=CARTESIAN_POINT('',(13.2724841206428,-7.79418012796457,3.65));
#3154=CARTESIAN_POINT('',(13.2724841206428,-7.79418012796458,3.65));
#3155=CARTESIAN_POINT('',(12.7872810139698,-6.46814793000221,3.65));
#3156=CARTESIAN_POINT('Origin',(8.50000000000001,-8.78867513459481,3.65));
#3157=CARTESIAN_POINT('',(12.7872810139698,-6.4681479300022,2.65));
#3158=CARTESIAN_POINT('',(12.7872810139698,-6.46814793000222,3.65));
#3159=CARTESIAN_POINT('',(3.62764266159208,-8.62817913195793,2.65));
#3160=CARTESIAN_POINT('Origin',(8.50000000000001,-8.78867513459481,2.65));
#3161=CARTESIAN_POINT('',(3.62764266159208,-8.62817913195793,3.65));
#3162=CARTESIAN_POINT('',(3.62764266159208,-8.62817913195793,3.65));
#3163=CARTESIAN_POINT('Origin',(8.50000000000001,-8.78867513459481,3.65));
#3164=CARTESIAN_POINT('Origin',(-4.34287269688132,-9.67229982057029,3.65));
#3165=CARTESIAN_POINT('',(-2.45459997846343,-0.788675134594812,6.07487113059643));
#3166=CARTESIAN_POINT('',(-1.60437373178334,3.21132486540519,6.07487113059643));
#3167=CARTESIAN_POINT('',(-2.45459997846343,-0.788675134594812,6.07487113059643));
#3168=CARTESIAN_POINT('',(-2.45459997846343,-0.788675134594812,6.15));
#3169=CARTESIAN_POINT('',(-2.45459997846343,-0.788675134594812,3.65));
#3170=CARTESIAN_POINT('',(-1.60437373178334,3.21132486540519,6.15));
#3171=CARTESIAN_POINT('',(-1.60437373178334,3.21132486540519,6.15));
#3172=CARTESIAN_POINT('',(-1.60437373178334,3.21132486540519,3.65));
#3173=CARTESIAN_POINT('Origin',(1.17926060844331,5.21132486540519,3.65));
#3174=CARTESIAN_POINT('',(2.45459997846345,-0.788675134594812,6.15));
#3175=CARTESIAN_POINT('',(1.60437373178336,3.21132486540519,6.15));
#3176=CARTESIAN_POINT('',(2.45459997846345,-0.788675134594812,6.15));
#3177=CARTESIAN_POINT('',(2.45459997846345,-0.788675134594812,6.07487113059643));
#3178=CARTESIAN_POINT('',(2.45459997846345,-0.788675134594812,3.65));
#3179=CARTESIAN_POINT('',(1.60437373178336,3.21132486540519,6.07487113059643));
#3180=CARTESIAN_POINT('',(1.60437373178336,3.21132486540519,6.07487113059643));
#3181=CARTESIAN_POINT('',(1.60437373178336,3.21132486540519,3.65));
#3182=CARTESIAN_POINT('Origin',(7.58765258530494,9.21132486540519,3.65));
#3183=CARTESIAN_POINT('',(7.05161631027762,11.7331772646714,2.65));
#3184=CARTESIAN_POINT('',(9.71321820200518,-0.788675134594832,2.65));
#3185=CARTESIAN_POINT('',(7.05161631027762,11.7331772646714,2.65));
#3186=CARTESIAN_POINT('',(9.71321820200517,-0.788675134594812,3.65));
#3187=CARTESIAN_POINT('',(9.71321820200517,-0.788675134594812,3.65));
#3188=CARTESIAN_POINT('',(7.05278720209472,11.7276686517737,3.65000000000001));
#3189=CARTESIAN_POINT('',(7.05278720209472,11.7276686517737,3.65000000000001));
#3190=CARTESIAN_POINT('',(7.05161631027761,11.7331772646714,3.66101722579552));
#3191=CARTESIAN_POINT('',(7.05161631027761,11.7331772646714,3.66101722579552));
#3192=CARTESIAN_POINT('',(7.05161631027762,11.7331772646714,4.9));
#3193=CARTESIAN_POINT('Origin',(9.71321820200517,-0.788675134594812,3.65));
#3194=CARTESIAN_POINT('',(9.71321820200517,-0.788675134594812,2.65));
#3195=CARTESIAN_POINT('',(12.7872810139698,-6.46814793000221,3.65));
#3196=CARTESIAN_POINT('Origin',(1.76031119457426,9.21132486540519,3.65));
#3197=CARTESIAN_POINT('',(3.88587681127449,-0.788675134594812,3.65));
#3198=CARTESIAN_POINT('',(3.0356505645944,3.21132486540519,3.65));
#3199=CARTESIAN_POINT('',(3.88587681127449,-0.788675134594812,3.65));
#3200=CARTESIAN_POINT('',(3.88587681127449,-0.788675134594812,2.65));
#3201=CARTESIAN_POINT('',(3.88587681127449,-0.788675134594812,3.65));
#3202=CARTESIAN_POINT('',(3.0356505645944,3.21132486540519,2.65));
#3203=CARTESIAN_POINT('',(3.8858768112745,-0.788675134594832,2.65));
#3204=CARTESIAN_POINT('',(3.0356505645944,3.21132486540519,3.65));
#3205=CARTESIAN_POINT('Origin',(-8.86299195532505,3.21132486540519,3.65));
#3206=CARTESIAN_POINT('',(-3.03565056459438,3.21132486540519,2.65));
#3207=CARTESIAN_POINT('',(-4.26941571640763,3.21132486540519,2.65));
#3208=CARTESIAN_POINT('',(-3.03565056459438,3.21132486540519,3.65));
#3209=CARTESIAN_POINT('',(-3.03565056459438,3.21132486540519,3.65));
#3210=CARTESIAN_POINT('',(-2.81523263259244,3.21132486540519,4.02343235614842));
#3211=CARTESIAN_POINT('',(8.88178419700125E-15,3.21132486540519,6.15));
#3212=CARTESIAN_POINT('',(2.40653082359101,3.21132486540519,4.71585550934355));
#3213=CARTESIAN_POINT('Origin',(-3.88587681127447,-0.788675134594801,3.65));
#3214=CARTESIAN_POINT('',(-3.88587681127447,-0.788675134594812,2.65));
#3215=CARTESIAN_POINT('',(-3.88587681127448,-0.788675134594812,3.65));
#3216=CARTESIAN_POINT('',(-3.88587681127447,-0.788675134594812,3.65));
#3217=CARTESIAN_POINT('',(-3.03565056459438,3.21132486540519,3.65));
#3218=CARTESIAN_POINT('',(-3.03565056459438,3.21132486540519,2.65));
#3219=CARTESIAN_POINT('Origin',(-9.71321820200515,-0.788675134594822,3.65));
#3220=CARTESIAN_POINT('',(-7.05278720209471,11.7276686517737,3.65));
#3221=CARTESIAN_POINT('',(-7.0516163102776,11.7331772646714,3.66101722579552));
#3222=CARTESIAN_POINT('',(-7.05278720209468,11.7276686517737,3.65000000000002));
#3223=CARTESIAN_POINT('',(-9.71321820200515,-0.788675134594812,3.65));
#3224=CARTESIAN_POINT('',(-9.71321820200516,-0.788675134594812,3.64999999999999));
#3225=CARTESIAN_POINT('',(-9.71321820200516,-0.788675134594801,2.65));
#3226=CARTESIAN_POINT('',(-9.71321820200517,-0.788675134594792,3.65));
#3227=CARTESIAN_POINT('',(-7.0516163102776,11.7331772646714,2.65));
#3228=CARTESIAN_POINT('',(-9.71321820200515,-0.788675134594822,2.65));
#3229=CARTESIAN_POINT('',(-7.0516163102776,11.7331772646714,4.9));
#3230=CARTESIAN_POINT('Origin',(-2.00000000000002,13.9613248654052,6.15));
#3231=CARTESIAN_POINT('',(5.62500000000001,13.9613248654052,6.15));
#3232=CARTESIAN_POINT('',(-2.62499999999999,13.9613248654052,6.15));
#3233=CARTESIAN_POINT('Origin',(1.50000000000001,13.9613248654052,6.15));
#3234=CARTESIAN_POINT('',(-2.00000000000001,13.9613248654052,6.15));
#3235=CARTESIAN_POINT('',(-2.00000000000002,13.9613248654052,6.15));
#3236=CARTESIAN_POINT('',(5.00000000000003,13.9613248654052,6.15));
#3237=CARTESIAN_POINT('Origin',(1.50000000000001,13.9613248654052,6.15));
#3238=CARTESIAN_POINT('',(-2.00000000000002,13.9613248654052,6.15));
#3239=CARTESIAN_POINT('Origin',(6.44766046486874,12.2222510650383,4.9));
#3240=CARTESIAN_POINT('',(5.84370461945986,12.7113248654052,3.92311108549058));
#3241=CARTESIAN_POINT('',(5.84370461945985,12.7113248654052,3.92311108549058));
#3242=CARTESIAN_POINT('',(5.84370461945986,12.7113248654052,2.65));
#3243=CARTESIAN_POINT('',(5.84370461945986,12.7113248654052,6.15));
#3244=CARTESIAN_POINT('',(5.84370461945986,12.7113248654052,2.65));
#3245=CARTESIAN_POINT('Origin',(6.97946028247978,12.2194967585894,4.68653964405249));
#3246=CARTESIAN_POINT('',(8.48406403490577,11.7276686517737,6.07487113059644));
#3247=CARTESIAN_POINT('',(8.65028989362167,11.7276686517737,6.35649120347021));
#3248=CARTESIAN_POINT('',(8.47607946782449,11.7652330864754,6.15));
#3249=CARTESIAN_POINT('',(8.48406403490575,11.7276686517737,6.07487113059645));
#3250=CARTESIAN_POINT('',(7.1581227229065,12.7113248654052,6.15));
#3251=CARTESIAN_POINT('',(7.27321182322574,12.6287084577907,6.15));
#3252=CARTESIAN_POINT('',(5.84370461945986,12.7113248654052,3.92311108549058));
#3253=CARTESIAN_POINT('Origin',(11.1815209604955,-4.32968246069789,4.86243556529821));
#3254=CARTESIAN_POINT('',(11.1444950348162,-0.788675134594812,6.07487113059643));
#3255=CARTESIAN_POINT('',(11.1444950348162,-0.788675134594812,6.07487113059643));
#3256=CARTESIAN_POINT('',(12.6571273031187,-7.90505044861933,6.07487113059643));
#3257=CARTESIAN_POINT('Origin',(14.8180148828669,-0.788675134594812,3.65));
#3258=CARTESIAN_POINT('',(15.,-1.28867513459481,6.15));
#3259=CARTESIAN_POINT('',(14.8180148828669,-0.788675134594812,6.15));
#3260=CARTESIAN_POINT('',(14.8180148828669,-0.788675134594812,6.15));
#3261=CARTESIAN_POINT('',(14.8180148828669,-0.788675134594812,3.65));
#3262=CARTESIAN_POINT('',(14.8180148828669,-0.788675134594812,3.65));
#3263=CARTESIAN_POINT('',(15.,-1.28867513459481,3.65));
#3264=CARTESIAN_POINT('',(14.8180148828669,-0.788675134594812,3.65));
#3265=CARTESIAN_POINT('',(15.,-1.28867513459481,3.65));
#3266=CARTESIAN_POINT('Origin',(-6.91819395578098,-1.34686279160707,3.65));
#3267=CARTESIAN_POINT('',(14.9999996890673,-8.79156162829162,3.6500000321586));
#3268=CARTESIAN_POINT('',(14.1337420603214,-8.29142763127969,3.65));
#3269=CARTESIAN_POINT('',(15.,-1.28867513459481,3.65));
#3270=CARTESIAN_POINT('',(-14.8180148828669,-0.788675134594812,3.65));
#3271=CARTESIAN_POINT('Origin',(-4.23667299528548,-5.80585546550399,4.86243556529821));
#3272=CARTESIAN_POINT('',(-2.45459997846343,-0.788675134594812,6.07487113059643));
#3273=CARTESIAN_POINT('Origin',(2.65486695106648,1.63595687748379,4.86243556529821));
#3274=CARTESIAN_POINT('',(3.88587681127449,-0.788675134594812,3.65));
#3275=CARTESIAN_POINT('Origin',(8.88178419700125E-15,-2.60380680555405,
6.15));
#3276=CARTESIAN_POINT('',(-14.8180148828669,-0.788675134594812,6.15));
#3277=CARTESIAN_POINT('Origin',(14.1337420603214,-8.29142763127969,3.65));
#3278=CARTESIAN_POINT('Ctrl Pts',(13.5199404975219,-7.93704913376841,0.4));
#3279=CARTESIAN_POINT('Ctrl Pts',(14.1700598372375,-8.31239570955858,1.73426410604369));
#3280=CARTESIAN_POINT('Ctrl Pts',(14.9999994287519,-8.79156155613051,3.65000016079297));
#3281=CARTESIAN_POINT('Origin',(-12.7872810139698,-6.46814793000221,3.65));
#3282=CARTESIAN_POINT('',(-12.7872810139698,-6.46814793000221,2.65));
#3283=CARTESIAN_POINT('',(-9.71321820200514,-0.788675134594812,3.65));
#3284=CARTESIAN_POINT('Origin',(-6.44766046486872,12.2222510650383,4.9));
#3285=CARTESIAN_POINT('',(-5.84370461945984,12.7113248654052,3.92311108549057));
#3286=CARTESIAN_POINT('',(-5.84370461945984,12.7113248654052,2.65));
#3287=CARTESIAN_POINT('',(-5.84370461945984,12.7113248654052,6.15));
#3288=CARTESIAN_POINT('',(-7.05161631027759,11.7331772646714,3.66101722579552));
#3289=CARTESIAN_POINT('',(-7.0516163102776,11.7331772646714,2.65));
#3290=CARTESIAN_POINT('Origin',(-4.26941571640763,0.899713016804119,2.65));
#3291=CARTESIAN_POINT('',(-3.88587681127447,-0.788675134594812,2.65));
#3292=CARTESIAN_POINT('',(3.62764266159208,-8.62817913195793,2.65));
#3293=CARTESIAN_POINT('',(1.50000000000001,12.7113248654052,2.64999999999999));
#3294=CARTESIAN_POINT('',(1.77635683940025E-14,12.7113248654052,2.65));
#3295=CARTESIAN_POINT('',(9.23148597978601,12.7113248654052,2.65));
#3296=CARTESIAN_POINT('Origin',(1.50000000000001,13.3363248654052,6.15));
#3297=CARTESIAN_POINT('',(-2.00000000000001,12.7113248654052,6.15));
#3298=CARTESIAN_POINT('',(-2.00000000000001,13.3363248654052,6.15));
#3299=CARTESIAN_POINT('Origin',(1.50000000000001,12.7113248654052,6.15));
#3300=CARTESIAN_POINT('',(5.00000000000003,12.7113248654052,6.15));
#3301=CARTESIAN_POINT('Origin',(1.50000000000001,12.7113248654052,6.15));
#3302=CARTESIAN_POINT('',(5.00000000000003,13.3363248654052,6.15));
#3303=CARTESIAN_POINT('Origin',(-5.58250898506143,12.2194967585894,2.31982288157545));
#3304=CARTESIAN_POINT('',(-7.15812272290648,12.7113248654052,6.15));
#3305=CARTESIAN_POINT('',(-7.15812272290648,12.7113248654052,6.15));
#3306=CARTESIAN_POINT('',(-8.47607946782448,11.7652330864754,6.15));
#3307=CARTESIAN_POINT('',(-6.35131725874964,13.2904880433909,6.15));
#3308=CARTESIAN_POINT('',(-8.48406403490576,11.7276686517737,6.07487113059643));
#3309=CARTESIAN_POINT('',(-8.47607946782448,11.7652330864754,6.15));
#3310=CARTESIAN_POINT('',(-8.24158808462021,11.7276686517737,5.66406805027508));
#3311=CARTESIAN_POINT('Origin',(-9.59971491627649,3.11212988228989,4.86243556529821));
#3312=CARTESIAN_POINT('',(-11.1444950348162,-0.788675134594812,6.07487113059643));
#3313=CARTESIAN_POINT('',(-9.71321820200514,-0.788675134594812,3.65));
#3314=CARTESIAN_POINT('',(-9.49351521468065,6.97857423735619,6.07487113059643));
#3315=CARTESIAN_POINT('Origin',(1.50000000000001,14.7113248654052,6.15));
#3316=CARTESIAN_POINT('',(5.62500000000001,15.4613248654052,6.15));
#3317=CARTESIAN_POINT('',(-2.62499999999999,15.4613248654052,6.15));
#3318=CARTESIAN_POINT('Origin',(1.50000000000001,15.4613248654052,6.15));
#3319=CARTESIAN_POINT('',(-2.62499999999999,14.7113248654052,6.15));
#3320=CARTESIAN_POINT('',(5.62500000000001,14.7113248654052,6.15));
#3321=CARTESIAN_POINT('Origin',(8.88178419700125E-15,-8.78867513459481,
2.45));
#3322=CARTESIAN_POINT('',(1.84433756730874,-8.78867513459481,2.44999999998008));
#3323=CARTESIAN_POINT('',(8.88178419700125E-15,-6.94433756728608,2.44999999998008));
#3324=CARTESIAN_POINT('Origin',(8.88178419700125E-15,-8.78867513459481,
2.44999999996016));
#3325=CARTESIAN_POINT('',(1.84433756729742,-6.9443375672974,2.45));
#3326=CARTESIAN_POINT('',(3.00000000000001,-6.9443375672974,2.45));
#3327=CARTESIAN_POINT('',(1.84433756729742,-11.7886751345948,2.45));
#3328=CARTESIAN_POINT('Origin',(8.88178419700125E-15,-8.78867513459481,
2.45));
#3329=CARTESIAN_POINT('',(8.88178419700125E-15,-10.6330127019035,2.44999999998008));
#3330=CARTESIAN_POINT('',(1.84433756729742,-10.6330127018922,2.45));
#3331=CARTESIAN_POINT('',(-2.99999999999999,-10.6330127018922,2.45));
#3332=CARTESIAN_POINT('Origin',(8.88178419700125E-15,-8.78867513459481,
2.44999999996016));
#3333=CARTESIAN_POINT('',(1.84433756729742,-11.7886751345948,2.45));
#3334=CARTESIAN_POINT('Origin',(8.88178419700125E-15,-8.78867513459481,
2.45));
#3335=CARTESIAN_POINT('',(-1.8443375672974,-6.9443375672974,2.45));
#3336=CARTESIAN_POINT('',(3.00000000000001,-6.9443375672974,2.45));
#3337=CARTESIAN_POINT('',(-1.84433756730872,-8.78867513459481,2.44999999998008));
#3338=CARTESIAN_POINT('Origin',(8.88178419700125E-15,-8.78867513459481,
2.44999999996016));
#3339=CARTESIAN_POINT('',(-1.8443375672974,-5.78867513459481,2.45));
#3340=CARTESIAN_POINT('Origin',(8.88178419700125E-15,-8.78867513459481,
2.45));
#3341=CARTESIAN_POINT('Origin',(8.88178419700125E-15,-8.78867513459481,
2.44999999996016));
#3342=CARTESIAN_POINT('',(-1.8443375672974,-10.6330127018922,2.45));
#3343=CARTESIAN_POINT('',(-2.99999999999999,-10.6330127018922,2.45));
#3344=CARTESIAN_POINT('',(-1.8443375672974,-5.78867513459481,2.45));
#3345=CARTESIAN_POINT('Origin',(1.33226762955019E-14,12.7113248654052,6.15));
#3346=CARTESIAN_POINT('',(8.88178419700125E-15,12.7113248654052,6.15));
#3347=CARTESIAN_POINT('Origin',(12.6571273031187,-7.90505044861933,3.65));
#3348=CARTESIAN_POINT('',(11.1444950348162,-0.788675134594812,6.15));
#3349=CARTESIAN_POINT('',(11.1444950348162,-0.788675134594812,3.65));
#3350=CARTESIAN_POINT('',(8.47607946782449,11.7652330864754,6.15));
#3351=CARTESIAN_POINT('Origin',(-2.65900744143344,-0.538675134594812,10.65));
#3352=CARTESIAN_POINT('',(11.5192873358652,-0.288675134594801,10.9));
#3353=CARTESIAN_POINT('',(11.6255656167002,-0.788675134594801,10.4));
#3354=CARTESIAN_POINT('',(11.5192873358652,-0.288675134594801,10.9));
#3355=CARTESIAN_POINT('',(17.6696846796354,-0.788675134594801,10.4));
#3356=CARTESIAN_POINT('',(-14.8180148828669,-0.788675134594812,10.4));
#3357=CARTESIAN_POINT('',(17.5634063988004,-0.288675134594801,10.9));
#3358=CARTESIAN_POINT('',(17.6696846796354,-0.788675134594812,10.4));
#3359=CARTESIAN_POINT('',(9.50000000000001,-0.288675134594801,10.9));
#3360=CARTESIAN_POINT('Origin',(9.50000000000001,9.21132486540519,10.2203193977869));
#3361=CARTESIAN_POINT('',(8.18701002929409,15.3884570150315,10.2203193977869));
#3362=CARTESIAN_POINT('',(11.6255656167002,-0.788675134594801,10.2203193977869));
#3363=CARTESIAN_POINT('',(8.18701002929409,15.3884570150315,10.2203193977869));
#3364=CARTESIAN_POINT('',(11.6255656167002,-0.788675134594812,3.65));
#3365=CARTESIAN_POINT('',(8.18701002929409,15.3884570150315,10.9));
#3366=CARTESIAN_POINT('',(11.5192873358652,-0.288675134594801,10.9));
#3367=CARTESIAN_POINT('',(8.18701002929409,15.3884570150315,10.2203193977869));
#3368=CARTESIAN_POINT('Origin',(-14.8180148828669,-0.788675134594812,3.65));
#3369=CARTESIAN_POINT('',(17.5,-0.788675134594801,6.15));
#3370=CARTESIAN_POINT('',(17.6696846796354,-0.788675134594801,6.15));
#3371=CARTESIAN_POINT('',(15.5441190629352,-0.788675134594801,6.15));
#3372=CARTESIAN_POINT('',(17.6696846796354,-0.788675134594792,10.9));
#3373=CARTESIAN_POINT('',(13.9755656167002,-0.788675134594801,6.15000000000001));
#3374=CARTESIAN_POINT('',(13.4441742125252,-0.788675134594801,7.07039691073657));
#3375=CARTESIAN_POINT('',(8.88178419700125E-15,-0.788675134594812,6.15));
#3376=CARTESIAN_POINT('',(8.88178419700125E-15,-0.788675134594801,6.15));
#3377=CARTESIAN_POINT('Origin',(15.,-1.28867513459481,3.65));
#3378=CARTESIAN_POINT('',(15.,-9.78867513459481,3.65));
#3379=CARTESIAN_POINT('',(15.,-1.28867513459481,3.65));
#3380=CARTESIAN_POINT('',(15.,-9.78867513459481,6.15));
#3381=CARTESIAN_POINT('',(15.,-9.78867513459481,6.15));
#3382=CARTESIAN_POINT('',(15.,-2.60380680555405,6.15));
#3383=CARTESIAN_POINT('Origin',(-3.88587681127447,-0.788675134594812,3.65));
#3384=CARTESIAN_POINT('',(-3.62764266159206,-8.62817913195793,3.65));
#3385=CARTESIAN_POINT('Origin',(-14.8180148828669,-0.788675134594812,3.65));
#3386=CARTESIAN_POINT('',(-6.91819395578098,-0.788675134594812,3.65));
#3387=CARTESIAN_POINT('Origin',(3.62764266159208,-8.62817913195793,3.65));
#3388=CARTESIAN_POINT('',(3.88587681127449,-0.788675134594812,3.65));
#3389=CARTESIAN_POINT('Origin',(-1.74999999999999,-12.8660254037844,2.65));
#3390=CARTESIAN_POINT('',(-3.49999999999999,-12.2886751345948,3.65));
#3391=CARTESIAN_POINT('',(-3.49999999999999,-13.4433756729741,1.65));
#3392=CARTESIAN_POINT('',(-3.49999999999999,-12.2886751345948,3.65));
#3393=CARTESIAN_POINT('',(3.50000000000001,-13.4433756729741,1.65));
#3394=CARTESIAN_POINT('',(8.88178419700125E-15,-13.4433756729741,1.65));
#3395=CARTESIAN_POINT('',(3.50000000000001,-12.2886751345948,3.65));
#3396=CARTESIAN_POINT('',(3.50000000000001,-13.4433756729741,1.65));
#3397=CARTESIAN_POINT('',(-6.91819395578098,-12.2886751345948,3.65));
#3398=CARTESIAN_POINT('Origin',(-8.49999999999999,-8.78867513459481,3.64999999994316));
#3399=CARTESIAN_POINT('',(-3.90734145619331,-13.3884020285969,3.65000000000003));
#3400=CARTESIAN_POINT('Origin',(-8.49999999999999,-8.78867513459481,3.65));
#3401=CARTESIAN_POINT('Ctrl Pts',(-3.90734145619336,-10.9869828800991,0.399999999999998));
#3402=CARTESIAN_POINT('Ctrl Pts',(-3.90734145619336,-12.0418118518675,1.45096554397788));
#3403=CARTESIAN_POINT('Ctrl Pts',(-3.90734145619336,-13.3884020285967,3.65000000000012));
#3404=CARTESIAN_POINT('Origin',(-6.91819395578098,-1.34686279160707,3.65));
#3405=CARTESIAN_POINT('',(-14.8180148828669,-0.788675134594812,3.65));
#3406=CARTESIAN_POINT('',(-14.8180148828669,-0.788675134594812,3.65));
#3407=CARTESIAN_POINT('',(-15.,-1.28867513459481,3.65));
#3408=CARTESIAN_POINT('',(-15.,-1.28867513459481,3.65));
#3409=CARTESIAN_POINT('',(-15.,-15.2886751345948,3.65));
#3410=CARTESIAN_POINT('Origin',(-15.,-1.28867513459481,3.65));
#3411=CARTESIAN_POINT('',(-14.8180148828669,-0.788675134594812,6.15));
#3412=CARTESIAN_POINT('',(-15.,-1.28867513459481,6.15));
#3413=CARTESIAN_POINT('',(-15.,-1.28867513459481,6.15));
#3414=CARTESIAN_POINT('',(-15.,-1.28867513459481,3.65));
#3415=CARTESIAN_POINT('',(-14.8180148828669,-0.788675134594812,3.65));
#3416=CARTESIAN_POINT('Origin',(-9.49351521468065,6.97857423735619,3.65));
#3417=CARTESIAN_POINT('',(-11.1444950348162,-0.788675134594812,6.15));
#3418=CARTESIAN_POINT('',(-11.1444950348162,-0.788675134594812,6.15));
#3419=CARTESIAN_POINT('',(-11.1444950348162,-0.788675134594812,3.65));
#3420=CARTESIAN_POINT('Origin',(9.23148597978601,12.7113248654052,6.15));
#3421=CARTESIAN_POINT('',(8.88178419700125E-15,12.7113248654052,6.15));
#3422=CARTESIAN_POINT('Origin',(-14.8180148828669,-0.788675134594812,3.65));
#3423=CARTESIAN_POINT('',(-11.6255656167002,-0.788675134594801,10.2203193977869));
#3424=CARTESIAN_POINT('',(-13.9755656167002,-0.788675134594801,6.15));
#3425=CARTESIAN_POINT('',(-13.4441742125252,-0.788675134594801,7.07039691073657));
#3426=CARTESIAN_POINT('',(-11.6255656167002,-0.788675134594801,10.4));
#3427=CARTESIAN_POINT('',(-11.6255656167002,-0.788675134594792,10.2203193977869));
#3428=CARTESIAN_POINT('',(-17.6696846796354,-0.788675134594801,10.4));
#3429=CARTESIAN_POINT('',(-12.1590074414334,-0.788675134594812,10.4));
#3430=CARTESIAN_POINT('',(-17.6696846796354,-0.788675134594801,6.15));
#3431=CARTESIAN_POINT('',(-17.6696846796354,-0.788675134594792,10.9));
#3432=CARTESIAN_POINT('',(-17.5,-0.788675134594812,6.15));
#3433=CARTESIAN_POINT('',(-15.5441190629352,-0.788675134594801,6.15));
#3434=CARTESIAN_POINT('',(8.88178419700125E-15,-0.788675134594812,6.15));
#3435=CARTESIAN_POINT('',(8.88178419700125E-15,-0.788675134594801,6.15));
#3436=CARTESIAN_POINT('Origin',(-12.1590074414334,-0.538675134594812,10.65));
#3437=CARTESIAN_POINT('',(-11.5192873358652,-0.288675134594801,10.9));
#3438=CARTESIAN_POINT('',(-11.5192873358652,-0.288675134594801,10.9));
#3439=CARTESIAN_POINT('',(-17.5634063988004,-0.288675134594801,10.9));
#3440=CARTESIAN_POINT('',(-9.49999999999999,-0.288675134594801,10.9));
#3441=CARTESIAN_POINT('',(-17.6696846796354,-0.788675134594792,10.4));
#3442=CARTESIAN_POINT('Origin',(-9.49999999999999,9.21132486540519,10.2203193977869));
#3443=CARTESIAN_POINT('',(-8.18701002929408,15.3884570150315,10.2203193977869));
#3444=CARTESIAN_POINT('',(-8.18701002929408,15.3884570150315,10.2203193977869));
#3445=CARTESIAN_POINT('',(-8.18701002929408,15.3884570150315,10.9));
#3446=CARTESIAN_POINT('',(-8.18701002929408,15.3884570150315,10.2203193977869));
#3447=CARTESIAN_POINT('',(-11.5192873358652,-0.288675134594801,10.9));
#3448=CARTESIAN_POINT('Origin',(-2.62499999999999,15.4613248654052,6.15));
#3449=CARTESIAN_POINT('',(5.00000000000003,15.4613248654052,6.15));
#3450=CARTESIAN_POINT('',(-2.00000000000001,15.4613248654052,6.15));
#3451=CARTESIAN_POINT('Origin',(1.50000000000001,15.4613248654052,6.15));
#3452=CARTESIAN_POINT('',(8.88178419700125E-15,15.4613248654052,6.15));
#3453=CARTESIAN_POINT('',(8.88178419700125E-15,15.4613248654052,6.15));
#3454=CARTESIAN_POINT('Origin',(3.00000000000001,-6.9443375672974,2.6));
#3455=CARTESIAN_POINT('',(-1.8443375672974,-6.9443375672974,2.15));
#3456=CARTESIAN_POINT('',(-1.8443375672974,-6.9443375672974,2.6));
#3457=CARTESIAN_POINT('',(1.84433756729742,-6.9443375672974,2.15));
#3458=CARTESIAN_POINT('',(8.88178419700125E-15,-6.9443375672974,2.15));
#3459=CARTESIAN_POINT('',(1.84433756729742,-6.9443375672974,2.6));
#3460=CARTESIAN_POINT('Origin',(1.84433756729742,-11.7886751345948,2.6));
#3461=CARTESIAN_POINT('',(1.84433756729742,-6.42257730528692,2.15));
#3462=CARTESIAN_POINT('',(1.84433756729742,-6.36650635094611,2.15));
#3463=CARTESIAN_POINT('',(1.84433756729742,-6.42257730528692,1.85));
#3464=CARTESIAN_POINT('',(1.84433756729742,-6.42257730528692,2.6));
#3465=CARTESIAN_POINT('',(1.84433756729742,-11.1547729639027,1.85));
#3466=CARTESIAN_POINT('',(1.84433756729742,-8.78867513459481,1.85));
#3467=CARTESIAN_POINT('',(1.84433756729742,-11.1547729639027,2.15));
#3468=CARTESIAN_POINT('',(1.84433756729742,-11.1547729639027,2.6));
#3469=CARTESIAN_POINT('',(1.84433756729742,-10.6330127018922,2.15));
#3470=CARTESIAN_POINT('',(1.84433756729742,-11.7886751345948,2.15));
#3471=CARTESIAN_POINT('',(1.84433756729742,-10.6330127018922,2.6));
#3472=CARTESIAN_POINT('Origin',(-2.99999999999999,-10.6330127018922,2.6));
#3473=CARTESIAN_POINT('',(-1.8443375672974,-10.6330127018922,2.15));
#3474=CARTESIAN_POINT('',(8.88178419700125E-15,-10.6330127018922,2.15));
#3475=CARTESIAN_POINT('',(-1.8443375672974,-10.6330127018922,2.6));
#3476=CARTESIAN_POINT('Origin',(-1.8443375672974,-5.78867513459481,2.6));
#3477=CARTESIAN_POINT('',(-1.8443375672974,-11.1547729639027,2.15));
#3478=CARTESIAN_POINT('',(-1.8443375672974,-11.1547729639027,1.85));
#3479=CARTESIAN_POINT('',(-1.8443375672974,-11.1547729639027,2.6));
#3480=CARTESIAN_POINT('',(-1.8443375672974,-6.42257730528692,1.85));
#3481=CARTESIAN_POINT('',(-1.8443375672974,-8.78867513459481,1.85));
#3482=CARTESIAN_POINT('',(-1.8443375672974,-6.42257730528692,2.15));
#3483=CARTESIAN_POINT('',(-1.8443375672974,-6.42257730528692,2.6));
#3484=CARTESIAN_POINT('',(-1.8443375672974,-6.36650635094611,2.15));
#3485=CARTESIAN_POINT('',(-1.8443375672974,-11.2108439182435,2.15));
#3486=CARTESIAN_POINT('Origin',(8.88178419700125E-15,-2.60380680555405,
6.15));
#3487=CARTESIAN_POINT('',(10.6789360803188,14.7207474420613,6.14999999999999));
#3488=CARTESIAN_POINT('',(13.9755656167002,-0.788675134594801,6.15000000000001));
#3489=CARTESIAN_POINT('',(5.00000000000003,16.2424137786507,6.15));
#3490=CARTESIAN_POINT('',(13.847909001845,13.8716237069023,6.15));
#3491=CARTESIAN_POINT('',(5.00000000000003,16.0863248654052,6.15));
#3492=CARTESIAN_POINT('Origin',(11.85,9.21132486540519,6.15));
#3493=CARTESIAN_POINT('',(10.6789360803188,14.7207474420613,6.15));
#3494=CARTESIAN_POINT('Origin',(15.,-9.78867513459481,6.15));
#3495=CARTESIAN_POINT('',(17.5,-9.78867513459481,6.15));
#3496=CARTESIAN_POINT('',(17.5,-9.78867513459481,3.65));
#3497=CARTESIAN_POINT('',(17.5,-9.78867513459481,3.65));
#3498=CARTESIAN_POINT('',(8.88178419700125E-15,-9.78867513459481,6.15));
#3499=CARTESIAN_POINT('',(-6.91819395578098,-9.78867513459481,3.65));
#3500=CARTESIAN_POINT('Origin',(9.50000000000001,9.21132486540519,10.9));
#3501=CARTESIAN_POINT('',(17.5,0.00962851833510858,10.9));
#3502=CARTESIAN_POINT('',(15.5441190629352,9.21132486540519,10.9));
#3503=CARTESIAN_POINT('',(17.5,3.83758615567789,10.9));
#3504=CARTESIAN_POINT('',(17.5,3.83758615567789,10.9));
#3505=CARTESIAN_POINT('',(13.847909001845,13.8716237069023,10.9));
#3506=CARTESIAN_POINT('',(17.,5.21132486540519,10.9));
#3507=CARTESIAN_POINT('',(13.847909001845,13.8716237069023,10.9));
#3508=CARTESIAN_POINT('Origin',(15.5441190629352,9.21132486540519,10.9));
#3509=CARTESIAN_POINT('',(17.5,0.00962851833513856,6.15));
#3510=CARTESIAN_POINT('',(17.6696846796354,-0.788675134594801,6.15));
#3511=CARTESIAN_POINT('',(17.5,0.00962851833512857,3.65));
#3512=CARTESIAN_POINT('Origin',(15.5441190629352,9.21132486540519,6.15));
#3513=CARTESIAN_POINT('',(17.5,3.83758615567789,6.15));
#3514=CARTESIAN_POINT('Origin',(8.88178419700125E-15,-2.60380680555405,
6.15));
#3515=CARTESIAN_POINT('',(17.5,3.83758615567789,6.15));
#3516=CARTESIAN_POINT('Origin',(3.50000000000001,-12.2886751345948,3.65));
#3517=CARTESIAN_POINT('',(3.50000000000001,-16.0386751345948,1.65));
#3518=CARTESIAN_POINT('',(3.50000000000001,-13.7886751345948,1.65));
#3519=CARTESIAN_POINT('',(3.50000000000001,-16.0386751345948,3.65));
#3520=CARTESIAN_POINT('',(3.50000000000001,-16.0386751345948,3.65));
#3521=CARTESIAN_POINT('',(3.50000000000001,-1.34686279160707,3.65));
#3522=CARTESIAN_POINT('Origin',(8.88178419700125E-15,-13.7886751345948,
1.65));
#3523=CARTESIAN_POINT('',(-3.49999999999999,-16.0386751345948,1.65));
#3524=CARTESIAN_POINT('',(-3.49999999999999,-15.2886751345948,1.65));
#3525=CARTESIAN_POINT('',(17.5,-16.0386751345948,1.65));
#3526=CARTESIAN_POINT('Origin',(-3.49999999999999,-15.2886751345948,3.65));
#3527=CARTESIAN_POINT('',(-3.49999999999999,-16.0386751345948,3.65));
#3528=CARTESIAN_POINT('',(-3.49999999999999,-1.34686279160707,3.65));
#3529=CARTESIAN_POINT('',(-3.49999999999999,-16.0386751345948,3.65));
#3530=CARTESIAN_POINT('Origin',(-6.91819395578098,-1.34686279160707,3.65));
#3531=CARTESIAN_POINT('',(-3.90734145619336,-1.34686279160707,3.65));
#3532=CARTESIAN_POINT('',(-15.,-16.0386751345948,3.65));
#3533=CARTESIAN_POINT('',(-15.,-15.2886751345948,3.65));
#3534=CARTESIAN_POINT('',(17.5,-16.0386751345948,3.65));
#3535=CARTESIAN_POINT('',(17.5,-16.0386751345948,3.65));
#3536=CARTESIAN_POINT('',(17.5,-16.0386751345948,3.65));
#3537=CARTESIAN_POINT('',(17.5,3.83758615567789,3.65));
#3538=CARTESIAN_POINT('Origin',(8.50000000000001,-8.78867513459481,3.65));
#3539=CARTESIAN_POINT('',(1.70000000000001,-8.78867513459481,3.65));
#3540=CARTESIAN_POINT('Origin',(8.88178419700125E-15,-8.78867513459481,
3.65));
#3541=CARTESIAN_POINT('Origin',(-15.,-15.2886751345948,3.65));
#3542=CARTESIAN_POINT('',(-15.,-16.0386751345948,6.15));
#3543=CARTESIAN_POINT('',(-15.,-16.0386751345948,3.65));
#3544=CARTESIAN_POINT('',(-15.,-2.60380680555405,6.15));
#3545=CARTESIAN_POINT('Origin',(8.88178419700125E-15,-2.60380680555405,
6.15));
#3546=CARTESIAN_POINT('',(-17.5,-16.0386751345948,6.15));
#3547=CARTESIAN_POINT('',(-17.5,-15.2886751345948,6.15));
#3548=CARTESIAN_POINT('',(17.5,-16.0386751345948,6.15));
#3549=CARTESIAN_POINT('Origin',(-15.5441190629352,9.21132486540519,6.15));
#3550=CARTESIAN_POINT('',(-17.5,0.00962851833513856,6.15));
#3551=CARTESIAN_POINT('',(-15.5441190629352,9.21132486540519,6.15));
#3552=CARTESIAN_POINT('',(-17.5,-15.2886751345948,6.15));
#3553=CARTESIAN_POINT('Origin',(-15.5441190629352,9.21132486540519,10.9));
#3554=CARTESIAN_POINT('',(-17.5,0.00962851833511746,10.9));
#3555=CARTESIAN_POINT('',(-17.5,0.00962851833512857,10.9));
#3556=CARTESIAN_POINT('',(-17.5,0.00962851833512857,3.65));
#3557=CARTESIAN_POINT('Origin',(8.88178419700125E-15,-2.60380680555405,
6.15));
#3558=CARTESIAN_POINT('',(-2.00000000000001,16.7113248654052,6.15));
#3559=CARTESIAN_POINT('',(-2.00000000000001,16.0863248654052,6.15));
#3560=CARTESIAN_POINT('',(-3.24999999999999,16.7113248654052,6.15));
#3561=CARTESIAN_POINT('',(8.88178419700125E-15,16.7113248654052,6.15));
#3562=CARTESIAN_POINT('',(-10.6789360803188,14.7207474420614,6.15));
#3563=CARTESIAN_POINT('',(-13.847909001845,13.8716237069023,6.15));
#3564=CARTESIAN_POINT('',(-13.9755656167002,-0.788675134594801,6.15000000000001));
#3565=CARTESIAN_POINT('Origin',(-11.85,9.21132486540519,6.15));
#3566=CARTESIAN_POINT('',(-10.6789360803188,14.7207474420613,6.15));
#3567=CARTESIAN_POINT('Origin',(-9.49999999999999,9.21132486540519,10.9));
#3568=CARTESIAN_POINT('',(-13.847909001845,13.8716237069023,10.9));
#3569=CARTESIAN_POINT('',(-13.847909001845,13.8716237069023,10.9));
#3570=CARTESIAN_POINT('',(-17.5,3.83758615567789,10.9));
#3571=CARTESIAN_POINT('',(-17.5,3.83758615567789,10.9));
#3572=CARTESIAN_POINT('',(-17.5,-15.2886751345948,10.9));
#3573=CARTESIAN_POINT('Origin',(1.50000000000001,16.0863248654052,6.15));
#3574=CARTESIAN_POINT('',(3.25,16.7113248654052,3.11891108675444));
#3575=CARTESIAN_POINT('Origin',(1.50000000000001,16.7113248654052,6.15));
#3576=CARTESIAN_POINT('Origin',(1.50000000000028,17.1802359521596,6.14999999999987));
#3577=CARTESIAN_POINT('Origin',(8.88178419700125E-15,-6.36650635094611,
2.15));
#3578=CARTESIAN_POINT('Origin',(8.88178419700125E-15,-8.78867513459481,
2.15));
#3579=CARTESIAN_POINT('Origin',(2.42216878364871,-8.78867513459481,1.85));
#3580=CARTESIAN_POINT('Origin',(8.88178419700125E-15,-8.78867513459481,
1.85));
#3581=CARTESIAN_POINT('Origin',(8.88178419700125E-15,-11.2108439182435,
2.15));
#3582=CARTESIAN_POINT('Origin',(8.88178419700125E-15,-8.78867513459481,
2.15));
#3583=CARTESIAN_POINT('Origin',(-2.42216878364869,-8.78867513459481,1.85));
#3584=CARTESIAN_POINT('',(-2.99999999999999,-8.78867513459481,1.85));
#3585=CARTESIAN_POINT('Origin',(8.88178419700125E-15,-8.78867513459481,
1.85));
#3586=CARTESIAN_POINT('Origin',(8.88178419700125E-15,-8.78867513459481,
1.85));
#3587=CARTESIAN_POINT('Origin',(13.847909001845,13.8716237069023,-0.599999999999998));
#3588=CARTESIAN_POINT('',(13.847909001845,13.8716237069023,2.43108891324554));
#3589=CARTESIAN_POINT('',(13.847909001845,13.8716237069023,3.65));
#3590=CARTESIAN_POINT('',(3.25000000000001,16.7113248654052,2.43108891324554));
#3591=CARTESIAN_POINT('',(3.25,16.7113248654052,2.43108891324556));
#3592=CARTESIAN_POINT('',(3.25000000000001,16.7113248654052,3.65));
#3593=CARTESIAN_POINT('Origin',(17.,5.21132486540519,3.65));
#3594=CARTESIAN_POINT('',(17.5,3.83758615567789,2.43108891324553));
#3595=CARTESIAN_POINT('',(17.5,3.83758615567789,3.65));
#3596=CARTESIAN_POINT('',(13.847909001845,13.8716237069023,2.43108891324553));
#3597=CARTESIAN_POINT('Origin',(17.5,3.83758615567789,3.65));
#3598=CARTESIAN_POINT('',(17.5,-16.0386751345948,2.43108891324554));
#3599=CARTESIAN_POINT('',(17.5,-16.0386751345948,3.65));
#3600=CARTESIAN_POINT('',(17.5,-0.639408382827873,2.43108891324554));
#3601=CARTESIAN_POINT('Origin',(17.5,-16.0386751345948,3.65));
#3602=CARTESIAN_POINT('',(4.25000000000004,-16.0386751345948,0.900000000000001));
#3603=CARTESIAN_POINT('',(4.25000000000002,-16.0386751345948,0.900000000000001));
#3604=CARTESIAN_POINT('',(-17.5,-16.0386751345948,2.43108891324554));
#3605=CARTESIAN_POINT('',(-17.5,-16.0386751345948,3.65));
#3606=CARTESIAN_POINT('',(-4.25000000000002,-16.0386751345948,0.899999999999999));
#3607=CARTESIAN_POINT('',(-17.5,-16.0386751345948,2.43108891324554));
#3608=CARTESIAN_POINT('',(4.25000000000001,-16.0386751345948,0.900000000000001));
#3609=CARTESIAN_POINT('Origin',(-17.5,-15.2886751345948,3.65));
#3610=CARTESIAN_POINT('',(-17.5,3.83758615567789,2.43108891324553));
#3611=CARTESIAN_POINT('',(-17.5,3.83758615567789,3.65));
#3612=CARTESIAN_POINT('',(-17.5,-10.2025390279642,2.43108891324554));
#3613=CARTESIAN_POINT('Origin',(-17.5,3.83758615567789,3.65));
#3614=CARTESIAN_POINT('',(-13.847909001845,13.8716237069023,2.43108891324554));
#3615=CARTESIAN_POINT('',(-13.847909001845,13.8716237069023,-0.600000000000003));
#3616=CARTESIAN_POINT('',(-17.5,3.83758615567789,2.43108891324552));
#3617=CARTESIAN_POINT('Origin',(-13.847909001845,13.8716237069023,-0.600000000000003));
#3618=CARTESIAN_POINT('',(-3.24999999999999,16.7113248654052,2.43108891324554));
#3619=CARTESIAN_POINT('',(-3.24999999999999,16.7113248654052,3.65));
#3620=CARTESIAN_POINT('',(-13.847909001845,13.8716237069023,2.43108891324555));
#3621=CARTESIAN_POINT('Origin',(-17.,16.7113248654052,3.65));
#3622=CARTESIAN_POINT('',(-8.49999999999999,16.7113248654052,2.43108891324554));
#3623=CARTESIAN_POINT('Origin',(4.25000000000001,-16.0386751345948,0.900000000000001));
#3624=CARTESIAN_POINT('',(4.25000000000002,-16.0386751345948,0.900000000000001));
#3625=CARTESIAN_POINT('',(-4.24999999999999,-16.0386751345948,0.899999999999999));
#3626=CARTESIAN_POINT('Origin',(-4.24999999999999,-16.0386751345948,0.899999999999999));
#3627=CARTESIAN_POINT('',(-15.75,-13.2285049751719,-0.600000000000003));
#3628=CARTESIAN_POINT('Origin',(-16.625,-10.2025390279642,0.915544456622768));
#3629=CARTESIAN_POINT('',(-15.75,3.52901393943809,-0.600000000000012));
#3630=CARTESIAN_POINT('Origin',(-17.0930917044508,2.39722865934549,0.915544456622768));
#3631=CARTESIAN_POINT('',(-12.5150246456402,12.4170356780338,-0.599999999999992));
#3632=CARTESIAN_POINT('Origin',(-9.53480816922528,14.1214489340179,0.915544456622768));
#3633=CARTESIAN_POINT('',(-3.01960812922205,14.9613248654052,-0.600000000000001));
#3634=CARTESIAN_POINT('Origin',(8.88178419700125E-15,-8.78867513459481,
2.44999999996016));
#3635=CARTESIAN_POINT('',(1.70000000000001,-8.78867513459481,2.7));
#3636=CARTESIAN_POINT('Origin',(8.88178419700125E-15,-8.78867513459481,
2.7));
#3637=CARTESIAN_POINT('',(1.84433756732006,-8.78867513459481,2.44999999996016));
#3638=CARTESIAN_POINT('Origin',(8.50000000000001,-8.78867513459481,3.64999999994316));
#3639=CARTESIAN_POINT('Origin',(8.88178419700125E-15,-8.78867513459481,
3.65));
#3640=CARTESIAN_POINT('',(1.70000000000001,-8.78867513459481,3.65));
#3641=CARTESIAN_POINT('Origin',(8.88178419700125E-15,-8.78867513459481,
-0.600000000000001));
#3642=CARTESIAN_POINT('',(-2.99999999999999,-8.78867513459481,-0.600000000000001));
#3643=CARTESIAN_POINT('Origin',(-3.90734145619336,-11.9024872044823,3.65));
#3644=CARTESIAN_POINT('Origin',(-8.49999999999999,15.8363248654052,0.915544456622768));
#3645=CARTESIAN_POINT('',(3.25000000000002,16.7113248654052,2.43108891324554));
#3646=CARTESIAN_POINT('Origin',(9.53480816922529,14.1214489340179,0.915544456622772));
#3647=CARTESIAN_POINT('',(12.5150246456402,12.4170356780338,-0.600000000000018));
#3648=CARTESIAN_POINT('Origin',(16.8430917044508,3.08409801420919,0.915544456622772));
#3649=CARTESIAN_POINT('',(15.75,3.52901393943809,-0.599999999999998));
#3650=CARTESIAN_POINT('Origin',(16.625,-0.639408382827873,0.915544456622772));
#3651=CARTESIAN_POINT('',(17.5,-16.0386751345948,2.43108891324554));
#3652=CARTESIAN_POINT('Origin',(17.5,-16.0386751345948,2.43108891324554));
#3653=UNCERTAINTY_MEASURE_WITH_UNIT(LENGTH_MEASURE(0.01),#3657,
'DISTANCE_ACCURACY_VALUE',
'Maximum model space distance between geometric entities at asserted c
onnectivities');
#3654=UNCERTAINTY_MEASURE_WITH_UNIT(LENGTH_MEASURE(0.01),#3657,
'DISTANCE_ACCURACY_VALUE',
'Maximum model space distance between geometric entities at asserted c
onnectivities');
#3655=(
GEOMETRIC_REPRESENTATION_CONTEXT(3)
GLOBAL_UNCERTAINTY_ASSIGNED_CONTEXT((#3653))
GLOBAL_UNIT_ASSIGNED_CONTEXT((#3657,#3659,#3660))
REPRESENTATION_CONTEXT('','3D')
);
#3656=(
GEOMETRIC_REPRESENTATION_CONTEXT(3)
GLOBAL_UNCERTAINTY_ASSIGNED_CONTEXT((#3654))
GLOBAL_UNIT_ASSIGNED_CONTEXT((#3657,#3659,#3660))
REPRESENTATION_CONTEXT('','3D')
);
#3657=(
LENGTH_UNIT()
NAMED_UNIT(*)
SI_UNIT(.MILLI.,.METRE.)
);
#3658=(
LENGTH_UNIT()
NAMED_UNIT(*)
SI_UNIT($,.METRE.)
);
#3659=(
NAMED_UNIT(*)
PLANE_ANGLE_UNIT()
SI_UNIT($,.RADIAN.)
);
#3660=(
NAMED_UNIT(*)
SI_UNIT($,.STERADIAN.)
SOLID_ANGLE_UNIT()
);
#3661=SHAPE_DEFINITION_REPRESENTATION(#3662,#3663);
#3662=PRODUCT_DEFINITION_SHAPE('',$,#3665);
#3663=SHAPE_REPRESENTATION('',(#2248),#3655);
#3664=PRODUCT_DEFINITION_CONTEXT('part definition',#3669,'design');
#3665=PRODUCT_DEFINITION('MINI-heatbed-cable-cover-top',
'MINI-heatbed-cable-cover-top - low profile v1',#3666,#3664);
#3666=PRODUCT_DEFINITION_FORMATION('',$,#3671);
#3667=PRODUCT_RELATED_PRODUCT_CATEGORY(
'MINI-heatbed-cable-cover-top - low profile v1',
'MINI-heatbed-cable-cover-top - low profile v1',(#3671));
#3668=APPLICATION_PROTOCOL_DEFINITION('international standard',
'automotive_design',2009,#3669);
#3669=APPLICATION_CONTEXT(
'Core Data for Automotive Mechanical Design Process');
#3670=PRODUCT_CONTEXT('part definition',#3669,'mechanical');
#3671=PRODUCT('MINI-heatbed-cable-cover-top',
'MINI-heatbed-cable-cover-top - low profile v1',$,(#3670));
#3672=PRESENTATION_STYLE_ASSIGNMENT((#3674));
#3673=PRESENTATION_STYLE_ASSIGNMENT((#3675));
#3674=SURFACE_STYLE_USAGE(.BOTH.,#3676);
#3675=SURFACE_STYLE_USAGE(.BOTH.,#3677);
#3676=SURFACE_SIDE_STYLE('',(#3678));
#3677=SURFACE_SIDE_STYLE('',(#3679));
#3678=SURFACE_STYLE_FILL_AREA(#3680);
#3679=SURFACE_STYLE_FILL_AREA(#3681);
#3680=FILL_AREA_STYLE('Acero - Satinado',(#3682));
#3681=FILL_AREA_STYLE('Opaque(160,160,160)',(#3683));
#3682=FILL_AREA_STYLE_COLOUR('Acero - Satinado',#3684);
#3683=FILL_AREA_STYLE_COLOUR('Opaque(160,160,160)',#3685);
#3684=COLOUR_RGB('Acero - Satinado',0.627450980392157,0.627450980392157,
0.627450980392157);
#3685=COLOUR_RGB('Opaque(160,160,160)',0.627450980392157,0.627450980392157,
0.627450980392157);
ENDSEC;
END-ISO-10303-21;
