ISO-10303-21;
HEADER;
/* Generated by software containing ST-Developer
 * from STEP Tools, Inc. (www.steptools.com) 
 */

FILE_DESCRIPTION(
/* description */ (''),
/* implementation_level */ '2;1');

FILE_NAME(
/* name */ 'MINI-heatbed-cable-cover-bottom.step',
/* time_stamp */ '2026-04-18T15:29:36+02:00',
/* author */ (''),
/* organization */ (''),
/* preprocessor_version */ 'ST-DEVELOPER v20.1',
/* originating_system */ 'Autodesk Translation Framework v14.24.0.0',
/* authorisation */ '');

FILE_SCHEMA (('AUTOMOTIVE_DESIGN { 1 0 10303 214 3 1 1 }'));
ENDSEC;

DATA;
#10=MECHANICAL_DESIGN_GEOMETRIC_PRESENTATION_REPRESENTATION('',(#13),#3016);
#11=SHAPE_REPRESENTATION_RELATIONSHIP('SRR','None',#3023,#12);
#12=ADVANCED_BREP_SHAPE_REPRESENTATION('',(#14),#3015);
#13=STYLED_ITEM('',(#3032),#14);
#14=MANIFOLD_SOLID_BREP('Cuerpo1',#1860);
#15=(
BOUNDED_CURVE()
B_SPLINE_CURVE(2,(#2932,#2933,#2934),.UNSPECIFIED.,.F.,.F.)
B_SPLINE_CURVE_WITH_KNOTS((3,3),(-0.433209624457127,-0.400117432062204),
 .UNSPECIFIED.)
CURVE()
GEOMETRIC_REPRESENTATION_ITEM()
RATIONAL_B_SPLINE_CURVE((1.01727610155103,1.0198993133798,1.02202094996296))
REPRESENTATION_ITEM('')
);
#16=FACE_BOUND('',#234,.T.);
#17=FACE_BOUND('',#271,.T.);
#18=FACE_BOUND('',#281,.T.);
#19=PLANE('',#1896);
#20=PLANE('',#1897);
#21=PLANE('',#1898);
#22=PLANE('',#1899);
#23=PLANE('',#1900);
#24=PLANE('',#1901);
#25=PLANE('',#1902);
#26=PLANE('',#1903);
#27=PLANE('',#1904);
#28=PLANE('',#1905);
#29=PLANE('',#1906);
#30=PLANE('',#1908);
#31=PLANE('',#1910);
#32=PLANE('',#1911);
#33=PLANE('',#1912);
#34=PLANE('',#1913);
#35=PLANE('',#1914);
#36=PLANE('',#1915);
#37=PLANE('',#1916);
#38=PLANE('',#1917);
#39=PLANE('',#1918);
#40=PLANE('',#1919);
#41=PLANE('',#1920);
#42=PLANE('',#1921);
#43=PLANE('',#1922);
#44=PLANE('',#1925);
#45=PLANE('',#1926);
#46=PLANE('',#1927);
#47=PLANE('',#1928);
#48=PLANE('',#1929);
#49=PLANE('',#1930);
#50=PLANE('',#1931);
#51=PLANE('',#1932);
#52=PLANE('',#1933);
#53=PLANE('',#1934);
#54=PLANE('',#1935);
#55=PLANE('',#1936);
#56=PLANE('',#1937);
#57=PLANE('',#1938);
#58=PLANE('',#1939);
#59=PLANE('',#1940);
#60=PLANE('',#1941);
#61=PLANE('',#1942);
#62=PLANE('',#1943);
#63=PLANE('',#1944);
#64=PLANE('',#1945);
#65=PLANE('',#1946);
#66=PLANE('',#1947);
#67=PLANE('',#1949);
#68=PLANE('',#1951);
#69=PLANE('',#1953);
#70=PLANE('',#1954);
#71=PLANE('',#1955);
#72=PLANE('',#1956);
#73=PLANE('',#1959);
#74=PLANE('',#1960);
#75=PLANE('',#1961);
#76=PLANE('',#1962);
#77=PLANE('',#1963);
#78=PLANE('',#1964);
#79=PLANE('',#1965);
#80=PLANE('',#1966);
#81=PLANE('',#1967);
#82=PLANE('',#1968);
#83=PLANE('',#1971);
#84=PLANE('',#1972);
#85=PLANE('',#1973);
#86=PLANE('',#1977);
#87=PLANE('',#1978);
#88=PLANE('',#1979);
#89=PLANE('',#1981);
#90=PLANE('',#1983);
#91=PLANE('',#1984);
#92=PLANE('',#1985);
#93=PLANE('',#1986);
#94=PLANE('',#1987);
#95=PLANE('',#1988);
#96=PLANE('',#1989);
#97=PLANE('',#1991);
#98=PLANE('',#1992);
#99=PLANE('',#1993);
#100=PLANE('',#1994);
#101=PLANE('',#1995);
#102=PLANE('',#1996);
#103=ELLIPSE('',#1879,4.68238219889501,4.40000000000052);
#104=ELLIPSE('',#1882,8.80000000000009,4.40000000000004);
#105=ELLIPSE('',#1884,4.68238219889367,4.39999999999957);
#106=ELLIPSE('',#1889,8.79999999999966,4.39999999999989);
#107=ELLIPSE('',#1895,8.80000000008799,4.40000000002208);
#108=ELLIPSE('',#1909,3.62346663143569,3.50000000000025);
#109=ELLIPSE('',#1982,3.62593205139177,3.13277859913633);
#110=CYLINDRICAL_SURFACE('',#1878,4.4);
#111=CYLINDRICAL_SURFACE('',#1885,1.75);
#112=CYLINDRICAL_SURFACE('',#1887,4.4);
#113=CYLINDRICAL_SURFACE('',#1923,3.5);
#114=CYLINDRICAL_SURFACE('',#1969,3.5);
#115=CYLINDRICAL_SURFACE('',#1974,4.125);
#116=CYLINDRICAL_SURFACE('',#1990,3.13277859889929);
#117=FACE_OUTER_BOUND('',#211,.T.);
#118=FACE_OUTER_BOUND('',#212,.T.);
#119=FACE_OUTER_BOUND('',#213,.T.);
#120=FACE_OUTER_BOUND('',#214,.T.);
#121=FACE_OUTER_BOUND('',#215,.T.);
#122=FACE_OUTER_BOUND('',#216,.T.);
#123=FACE_OUTER_BOUND('',#217,.T.);
#124=FACE_OUTER_BOUND('',#218,.T.);
#125=FACE_OUTER_BOUND('',#219,.T.);
#126=FACE_OUTER_BOUND('',#220,.T.);
#127=FACE_OUTER_BOUND('',#221,.T.);
#128=FACE_OUTER_BOUND('',#222,.T.);
#129=FACE_OUTER_BOUND('',#223,.T.);
#130=FACE_OUTER_BOUND('',#224,.T.);
#131=FACE_OUTER_BOUND('',#225,.T.);
#132=FACE_OUTER_BOUND('',#226,.T.);
#133=FACE_OUTER_BOUND('',#227,.T.);
#134=FACE_OUTER_BOUND('',#228,.T.);
#135=FACE_OUTER_BOUND('',#229,.T.);
#136=FACE_OUTER_BOUND('',#230,.T.);
#137=FACE_OUTER_BOUND('',#231,.T.);
#138=FACE_OUTER_BOUND('',#232,.T.);
#139=FACE_OUTER_BOUND('',#233,.T.);
#140=FACE_OUTER_BOUND('',#235,.T.);
#141=FACE_OUTER_BOUND('',#236,.T.);
#142=FACE_OUTER_BOUND('',#237,.T.);
#143=FACE_OUTER_BOUND('',#238,.T.);
#144=FACE_OUTER_BOUND('',#239,.T.);
#145=FACE_OUTER_BOUND('',#240,.T.);
#146=FACE_OUTER_BOUND('',#241,.T.);
#147=FACE_OUTER_BOUND('',#242,.T.);
#148=FACE_OUTER_BOUND('',#243,.T.);
#149=FACE_OUTER_BOUND('',#244,.T.);
#150=FACE_OUTER_BOUND('',#245,.T.);
#151=FACE_OUTER_BOUND('',#246,.T.);
#152=FACE_OUTER_BOUND('',#247,.T.);
#153=FACE_OUTER_BOUND('',#248,.T.);
#154=FACE_OUTER_BOUND('',#249,.T.);
#155=FACE_OUTER_BOUND('',#250,.T.);
#156=FACE_OUTER_BOUND('',#251,.T.);
#157=FACE_OUTER_BOUND('',#252,.T.);
#158=FACE_OUTER_BOUND('',#253,.T.);
#159=FACE_OUTER_BOUND('',#254,.T.);
#160=FACE_OUTER_BOUND('',#255,.T.);
#161=FACE_OUTER_BOUND('',#256,.T.);
#162=FACE_OUTER_BOUND('',#257,.T.);
#163=FACE_OUTER_BOUND('',#258,.T.);
#164=FACE_OUTER_BOUND('',#259,.T.);
#165=FACE_OUTER_BOUND('',#260,.T.);
#166=FACE_OUTER_BOUND('',#261,.T.);
#167=FACE_OUTER_BOUND('',#262,.T.);
#168=FACE_OUTER_BOUND('',#263,.T.);
#169=FACE_OUTER_BOUND('',#264,.T.);
#170=FACE_OUTER_BOUND('',#265,.T.);
#171=FACE_OUTER_BOUND('',#266,.T.);
#172=FACE_OUTER_BOUND('',#267,.T.);
#173=FACE_OUTER_BOUND('',#268,.T.);
#174=FACE_OUTER_BOUND('',#269,.T.);
#175=FACE_OUTER_BOUND('',#270,.T.);
#176=FACE_OUTER_BOUND('',#272,.T.);
#177=FACE_OUTER_BOUND('',#273,.T.);
#178=FACE_OUTER_BOUND('',#274,.T.);
#179=FACE_OUTER_BOUND('',#275,.T.);
#180=FACE_OUTER_BOUND('',#276,.T.);
#181=FACE_OUTER_BOUND('',#277,.T.);
#182=FACE_OUTER_BOUND('',#278,.T.);
#183=FACE_OUTER_BOUND('',#279,.T.);
#184=FACE_OUTER_BOUND('',#280,.T.);
#185=FACE_OUTER_BOUND('',#282,.T.);
#186=FACE_OUTER_BOUND('',#283,.T.);
#187=FACE_OUTER_BOUND('',#284,.T.);
#188=FACE_OUTER_BOUND('',#285,.T.);
#189=FACE_OUTER_BOUND('',#286,.T.);
#190=FACE_OUTER_BOUND('',#287,.T.);
#191=FACE_OUTER_BOUND('',#288,.T.);
#192=FACE_OUTER_BOUND('',#289,.T.);
#193=FACE_OUTER_BOUND('',#290,.T.);
#194=FACE_OUTER_BOUND('',#291,.T.);
#195=FACE_OUTER_BOUND('',#292,.T.);
#196=FACE_OUTER_BOUND('',#293,.T.);
#197=FACE_OUTER_BOUND('',#294,.T.);
#198=FACE_OUTER_BOUND('',#295,.T.);
#199=FACE_OUTER_BOUND('',#296,.T.);
#200=FACE_OUTER_BOUND('',#297,.T.);
#201=FACE_OUTER_BOUND('',#298,.T.);
#202=FACE_OUTER_BOUND('',#299,.T.);
#203=FACE_OUTER_BOUND('',#300,.T.);
#204=FACE_OUTER_BOUND('',#301,.T.);
#205=FACE_OUTER_BOUND('',#302,.T.);
#206=FACE_OUTER_BOUND('',#303,.T.);
#207=FACE_OUTER_BOUND('',#304,.T.);
#208=FACE_OUTER_BOUND('',#305,.T.);
#209=FACE_OUTER_BOUND('',#306,.T.);
#210=FACE_OUTER_BOUND('',#307,.T.);
#211=EDGE_LOOP('',(#1235,#1236,#1237,#1238,#1239));
#212=EDGE_LOOP('',(#1240,#1241,#1242,#1243,#1244,#1245,#1246,#1247,#1248,
#1249));
#213=EDGE_LOOP('',(#1250,#1251,#1252,#1253,#1254));
#214=EDGE_LOOP('',(#1255,#1256,#1257,#1258,#1259,#1260,#1261,#1262,#1263,
#1264,#1265,#1266,#1267,#1268));
#215=EDGE_LOOP('',(#1269,#1270,#1271,#1272,#1273,#1274,#1275,#1276,#1277,
#1278,#1279));
#216=EDGE_LOOP('',(#1280,#1281,#1282,#1283,#1284,#1285,#1286,#1287));
#217=EDGE_LOOP('',(#1288,#1289,#1290,#1291,#1292,#1293));
#218=EDGE_LOOP('',(#1294,#1295,#1296,#1297));
#219=EDGE_LOOP('',(#1298,#1299,#1300,#1301));
#220=EDGE_LOOP('',(#1302,#1303,#1304,#1305));
#221=EDGE_LOOP('',(#1306,#1307,#1308,#1309));
#222=EDGE_LOOP('',(#1310,#1311,#1312,#1313,#1314,#1315));
#223=EDGE_LOOP('',(#1316,#1317,#1318,#1319,#1320,#1321,#1322,#1323));
#224=EDGE_LOOP('',(#1324,#1325,#1326,#1327,#1328));
#225=EDGE_LOOP('',(#1329,#1330,#1331,#1332,#1333));
#226=EDGE_LOOP('',(#1334,#1335,#1336,#1337,#1338,#1339));
#227=EDGE_LOOP('',(#1340,#1341,#1342,#1343));
#228=EDGE_LOOP('',(#1344,#1345,#1346,#1347));
#229=EDGE_LOOP('',(#1348,#1349,#1350,#1351,#1352));
#230=EDGE_LOOP('',(#1353,#1354,#1355,#1356));
#231=EDGE_LOOP('',(#1357,#1358,#1359,#1360,#1361,#1362,#1363,#1364,#1365,
#1366,#1367,#1368,#1369,#1370,#1371,#1372,#1373,#1374,#1375));
#232=EDGE_LOOP('',(#1376,#1377,#1378,#1379));
#233=EDGE_LOOP('',(#1380,#1381,#1382,#1383,#1384,#1385,#1386,#1387,#1388,
#1389,#1390,#1391,#1392,#1393));
#234=EDGE_LOOP('',(#1394,#1395,#1396,#1397,#1398,#1399));
#235=EDGE_LOOP('',(#1400,#1401,#1402,#1403));
#236=EDGE_LOOP('',(#1404,#1405,#1406,#1407));
#237=EDGE_LOOP('',(#1408,#1409,#1410,#1411));
#238=EDGE_LOOP('',(#1412,#1413,#1414,#1415,#1416));
#239=EDGE_LOOP('',(#1417,#1418,#1419,#1420));
#240=EDGE_LOOP('',(#1421,#1422,#1423,#1424,#1425,#1426,#1427,#1428,#1429,
#1430,#1431,#1432,#1433));
#241=EDGE_LOOP('',(#1434,#1435,#1436,#1437,#1438));
#242=EDGE_LOOP('',(#1439,#1440,#1441,#1442,#1443,#1444,#1445,#1446,#1447,
#1448,#1449,#1450));
#243=EDGE_LOOP('',(#1451,#1452,#1453,#1454,#1455,#1456));
#244=EDGE_LOOP('',(#1457,#1458,#1459,#1460,#1461,#1462,#1463,#1464));
#245=EDGE_LOOP('',(#1465,#1466,#1467,#1468));
#246=EDGE_LOOP('',(#1469,#1470,#1471,#1472));
#247=EDGE_LOOP('',(#1473,#1474,#1475,#1476,#1477,#1478));
#248=EDGE_LOOP('',(#1479,#1480,#1481,#1482));
#249=EDGE_LOOP('',(#1483,#1484,#1485,#1486));
#250=EDGE_LOOP('',(#1487,#1488,#1489,#1490));
#251=EDGE_LOOP('',(#1491,#1492,#1493,#1494));
#252=EDGE_LOOP('',(#1495,#1496,#1497,#1498));
#253=EDGE_LOOP('',(#1499,#1500,#1501,#1502));
#254=EDGE_LOOP('',(#1503,#1504,#1505,#1506));
#255=EDGE_LOOP('',(#1507,#1508,#1509,#1510));
#256=EDGE_LOOP('',(#1511,#1512,#1513,#1514,#1515,#1516,#1517,#1518,#1519));
#257=EDGE_LOOP('',(#1520,#1521,#1522,#1523));
#258=EDGE_LOOP('',(#1524,#1525,#1526,#1527));
#259=EDGE_LOOP('',(#1528,#1529,#1530,#1531));
#260=EDGE_LOOP('',(#1532,#1533,#1534,#1535));
#261=EDGE_LOOP('',(#1536,#1537,#1538,#1539));
#262=EDGE_LOOP('',(#1540,#1541,#1542,#1543));
#263=EDGE_LOOP('',(#1544,#1545,#1546,#1547,#1548,#1549,#1550,#1551));
#264=EDGE_LOOP('',(#1552,#1553,#1554,#1555,#1556,#1557));
#265=EDGE_LOOP('',(#1558,#1559,#1560,#1561));
#266=EDGE_LOOP('',(#1562,#1563,#1564,#1565,#1566,#1567,#1568));
#267=EDGE_LOOP('',(#1569,#1570,#1571,#1572));
#268=EDGE_LOOP('',(#1573,#1574,#1575,#1576));
#269=EDGE_LOOP('',(#1577,#1578,#1579,#1580));
#270=EDGE_LOOP('',(#1581,#1582,#1583,#1584,#1585,#1586,#1587,#1588,#1589,
#1590,#1591,#1592));
#271=EDGE_LOOP('',(#1593));
#272=EDGE_LOOP('',(#1594,#1595,#1596,#1597));
#273=EDGE_LOOP('',(#1598,#1599,#1600,#1601));
#274=EDGE_LOOP('',(#1602,#1603,#1604,#1605,#1606,#1607));
#275=EDGE_LOOP('',(#1608,#1609,#1610,#1611,#1612,#1613));
#276=EDGE_LOOP('',(#1614,#1615,#1616,#1617));
#277=EDGE_LOOP('',(#1618,#1619,#1620,#1621));
#278=EDGE_LOOP('',(#1622,#1623,#1624,#1625,#1626,#1627));
#279=EDGE_LOOP('',(#1628,#1629,#1630,#1631));
#280=EDGE_LOOP('',(#1632,#1633,#1634,#1635,#1636,#1637));
#281=EDGE_LOOP('',(#1638));
#282=EDGE_LOOP('',(#1639,#1640,#1641,#1642));
#283=EDGE_LOOP('',(#1643,#1644,#1645,#1646));
#284=EDGE_LOOP('',(#1647,#1648,#1649,#1650,#1651,#1652));
#285=EDGE_LOOP('',(#1653,#1654,#1655,#1656,#1657,#1658,#1659,#1660,#1661,
#1662,#1663,#1664,#1665,#1666,#1667));
#286=EDGE_LOOP('',(#1668,#1669,#1670,#1671,#1672,#1673));
#287=EDGE_LOOP('',(#1674,#1675,#1676,#1677));
#288=EDGE_LOOP('',(#1678,#1679,#1680,#1681));
#289=EDGE_LOOP('',(#1682,#1683,#1684,#1685));
#290=EDGE_LOOP('',(#1686,#1687,#1688,#1689,#1690));
#291=EDGE_LOOP('',(#1691,#1692,#1693,#1694));
#292=EDGE_LOOP('',(#1695,#1696,#1697,#1698));
#293=EDGE_LOOP('',(#1699,#1700,#1701,#1702,#1703,#1704,#1705));
#294=EDGE_LOOP('',(#1706,#1707,#1708,#1709));
#295=EDGE_LOOP('',(#1710,#1711,#1712,#1713));
#296=EDGE_LOOP('',(#1714,#1715,#1716,#1717));
#297=EDGE_LOOP('',(#1718,#1719,#1720,#1721));
#298=EDGE_LOOP('',(#1722,#1723,#1724,#1725));
#299=EDGE_LOOP('',(#1726,#1727,#1728,#1729));
#300=EDGE_LOOP('',(#1730,#1731,#1732,#1733,#1734,#1735));
#301=EDGE_LOOP('',(#1736,#1737,#1738,#1739));
#302=EDGE_LOOP('',(#1740,#1741,#1742,#1743));
#303=EDGE_LOOP('',(#1744,#1745,#1746,#1747,#1748,#1749));
#304=EDGE_LOOP('',(#1750,#1751,#1752));
#305=EDGE_LOOP('',(#1753,#1754,#1755,#1756));
#306=EDGE_LOOP('',(#1757,#1758,#1759,#1760));
#307=EDGE_LOOP('',(#1761,#1762));
#308=LINE('',#2486,#542);
#309=LINE('',#2493,#543);
#310=LINE('',#2497,#544);
#311=LINE('',#2503,#545);
#312=LINE('',#2507,#546);
#313=LINE('',#2511,#547);
#314=LINE('',#2518,#548);
#315=LINE('',#2524,#549);
#316=LINE('',#2528,#550);
#317=LINE('',#2532,#551);
#318=LINE('',#2536,#552);
#319=LINE('',#2541,#553);
#320=LINE('',#2545,#554);
#321=LINE('',#2547,#555);
#322=LINE('',#2549,#556);
#323=LINE('',#2551,#557);
#324=LINE('',#2553,#558);
#325=LINE('',#2555,#559);
#326=LINE('',#2557,#560);
#327=LINE('',#2559,#561);
#328=LINE('',#2561,#562);
#329=LINE('',#2563,#563);
#330=LINE('',#2564,#564);
#331=LINE('',#2568,#565);
#332=LINE('',#2570,#566);
#333=LINE('',#2571,#567);
#334=LINE('',#2573,#568);
#335=LINE('',#2575,#569);
#336=LINE('',#2577,#570);
#337=LINE('',#2578,#571);
#338=LINE('',#2581,#572);
#339=LINE('',#2583,#573);
#340=LINE('',#2585,#574);
#341=LINE('',#2586,#575);
#342=LINE('',#2589,#576);
#343=LINE('',#2590,#577);
#344=LINE('',#2593,#578);
#345=LINE('',#2594,#579);
#346=LINE('',#2597,#580);
#347=LINE('',#2598,#581);
#348=LINE('',#2601,#582);
#349=LINE('',#2602,#583);
#350=LINE('',#2605,#584);
#351=LINE('',#2607,#585);
#352=LINE('',#2609,#586);
#353=LINE('',#2610,#587);
#354=LINE('',#2614,#588);
#355=LINE('',#2616,#589);
#356=LINE('',#2618,#590);
#357=LINE('',#2620,#591);
#358=LINE('',#2621,#592);
#359=LINE('',#2622,#593);
#360=LINE('',#2625,#594);
#361=LINE('',#2627,#595);
#362=LINE('',#2628,#596);
#363=LINE('',#2631,#597);
#364=LINE('',#2634,#598);
#365=LINE('',#2637,#599);
#366=LINE('',#2639,#600);
#367=LINE('',#2643,#601);
#368=LINE('',#2644,#602);
#369=LINE('',#2647,#603);
#370=LINE('',#2648,#604);
#371=LINE('',#2651,#605);
#372=LINE('',#2653,#606);
#373=LINE('',#2654,#607);
#374=LINE('',#2657,#608);
#375=LINE('',#2658,#609);
#376=LINE('',#2662,#610);
#377=LINE('',#2664,#611);
#378=LINE('',#2666,#612);
#379=LINE('',#2668,#613);
#380=LINE('',#2670,#614);
#381=LINE('',#2671,#615);
#382=LINE('',#2673,#616);
#383=LINE('',#2675,#617);
#384=LINE('',#2677,#618);
#385=LINE('',#2679,#619);
#386=LINE('',#2681,#620);
#387=LINE('',#2683,#621);
#388=LINE('',#2685,#622);
#389=LINE('',#2686,#623);
#390=LINE('',#2687,#624);
#391=LINE('',#2690,#625);
#392=LINE('',#2691,#626);
#393=LINE('',#2695,#627);
#394=LINE('',#2697,#628);
#395=LINE('',#2699,#629);
#396=LINE('',#2700,#630);
#397=LINE('',#2702,#631);
#398=LINE('',#2704,#632);
#399=LINE('',#2705,#633);
#400=LINE('',#2708,#634);
#401=LINE('',#2710,#635);
#402=LINE('',#2712,#636);
#403=LINE('',#2714,#637);
#404=LINE('',#2716,#638);
#405=LINE('',#2717,#639);
#406=LINE('',#2719,#640);
#407=LINE('',#2722,#641);
#408=LINE('',#2723,#642);
#409=LINE('',#2726,#643);
#410=LINE('',#2727,#644);
#411=LINE('',#2730,#645);
#412=LINE('',#2732,#646);
#413=LINE('',#2733,#647);
#414=LINE('',#2736,#648);
#415=LINE('',#2737,#649);
#416=LINE('',#2740,#650);
#417=LINE('',#2742,#651);
#418=LINE('',#2744,#652);
#419=LINE('',#2746,#653);
#420=LINE('',#2748,#654);
#421=LINE('',#2750,#655);
#422=LINE('',#2752,#656);
#423=LINE('',#2753,#657);
#424=LINE('',#2756,#658);
#425=LINE('',#2760,#659);
#426=LINE('',#2762,#660);
#427=LINE('',#2764,#661);
#428=LINE('',#2766,#662);
#429=LINE('',#2768,#663);
#430=LINE('',#2770,#664);
#431=LINE('',#2771,#665);
#432=LINE('',#2774,#666);
#433=LINE('',#2776,#667);
#434=LINE('',#2778,#668);
#435=LINE('',#2779,#669);
#436=LINE('',#2782,#670);
#437=LINE('',#2784,#671);
#438=LINE('',#2785,#672);
#439=LINE('',#2786,#673);
#440=LINE('',#2789,#674);
#441=LINE('',#2791,#675);
#442=LINE('',#2792,#676);
#443=LINE('',#2795,#677);
#444=LINE('',#2796,#678);
#445=LINE('',#2799,#679);
#446=LINE('',#2801,#680);
#447=LINE('',#2802,#681);
#448=LINE('',#2804,#682);
#449=LINE('',#2806,#683);
#450=LINE('',#2808,#684);
#451=LINE('',#2810,#685);
#452=LINE('',#2812,#686);
#453=LINE('',#2816,#687);
#454=LINE('',#2817,#688);
#455=LINE('',#2820,#689);
#456=LINE('',#2821,#690);
#457=LINE('',#2825,#691);
#458=LINE('',#2827,#692);
#459=LINE('',#2829,#693);
#460=LINE('',#2831,#694);
#461=LINE('',#2832,#695);
#462=LINE('',#2833,#696);
#463=LINE('',#2836,#697);
#464=LINE('',#2838,#698);
#465=LINE('',#2839,#699);
#466=LINE('',#2842,#700);
#467=LINE('',#2843,#701);
#468=LINE('',#2846,#702);
#469=LINE('',#2847,#703);
#470=LINE('',#2850,#704);
#471=LINE('',#2851,#705);
#472=LINE('',#2854,#706);
#473=LINE('',#2855,#707);
#474=LINE('',#2857,#708);
#475=LINE('',#2860,#709);
#476=LINE('',#2861,#710);
#477=LINE('',#2863,#711);
#478=LINE('',#2864,#712);
#479=LINE('',#2868,#713);
#480=LINE('',#2870,#714);
#481=LINE('',#2871,#715);
#482=LINE('',#2878,#716);
#483=LINE('',#2880,#717);
#484=LINE('',#2882,#718);
#485=LINE('',#2883,#719);
#486=LINE('',#2886,#720);
#487=LINE('',#2887,#721);
#488=LINE('',#2891,#722);
#489=LINE('',#2892,#723);
#490=LINE('',#2893,#724);
#491=LINE('',#2895,#725);
#492=LINE('',#2900,#726);
#493=LINE('',#2902,#727);
#494=LINE('',#2904,#728);
#495=LINE('',#2908,#729);
#496=LINE('',#2910,#730);
#497=LINE('',#2911,#731);
#498=LINE('',#2913,#732);
#499=LINE('',#2915,#733);
#500=LINE('',#2918,#734);
#501=LINE('',#2920,#735);
#502=LINE('',#2921,#736);
#503=LINE('',#2922,#737);
#504=LINE('',#2925,#738);
#505=LINE('',#2926,#739);
#506=LINE('',#2927,#740);
#507=LINE('',#2930,#741);
#508=LINE('',#2935,#742);
#509=LINE('',#2940,#743);
#510=LINE('',#2941,#744);
#511=LINE('',#2946,#745);
#512=LINE('',#2947,#746);
#513=LINE('',#2950,#747);
#514=LINE('',#2952,#748);
#515=LINE('',#2954,#749);
#516=LINE('',#2956,#750);
#517=LINE('',#2958,#751);
#518=LINE('',#2959,#752);
#519=LINE('',#2960,#753);
#520=LINE('',#2961,#754);
#521=LINE('',#2963,#755);
#522=LINE('',#2964,#756);
#523=LINE('',#2966,#757);
#524=LINE('',#2973,#758);
#525=LINE('',#2974,#759);
#526=LINE('',#2975,#760);
#527=LINE('',#2977,#761);
#528=LINE('',#2979,#762);
#529=LINE('',#2980,#763);
#530=LINE('',#2984,#764);
#531=LINE('',#2986,#765);
#532=LINE('',#2988,#766);
#533=LINE('',#2993,#767);
#534=LINE('',#2994,#768);
#535=LINE('',#2996,#769);
#536=LINE('',#2999,#770);
#537=LINE('',#3000,#771);
#538=LINE('',#3002,#772);
#539=LINE('',#3006,#773);
#540=LINE('',#3009,#774);
#541=LINE('',#3011,#775);
#542=VECTOR('',#2005,1.96547005384673);
#543=VECTOR('',#2012,1000.);
#544=VECTOR('',#2015,1000.);
#545=VECTOR('',#2020,1000.);
#546=VECTOR('',#2023,1000.);
#547=VECTOR('',#2028,1.75);
#548=VECTOR('',#2035,1000.);
#549=VECTOR('',#2040,1000.);
#550=VECTOR('',#2043,1000.);
#551=VECTOR('',#2046,1000.);
#552=VECTOR('',#2049,1000.);
#553=VECTOR('',#2054,1000.);
#554=VECTOR('',#2057,1000.);
#555=VECTOR('',#2058,1000.);
#556=VECTOR('',#2059,1000.);
#557=VECTOR('',#2060,1000.);
#558=VECTOR('',#2061,1000.);
#559=VECTOR('',#2062,1000.);
#560=VECTOR('',#2063,1000.);
#561=VECTOR('',#2064,1000.);
#562=VECTOR('',#2065,1000.);
#563=VECTOR('',#2066,1000.);
#564=VECTOR('',#2067,1000.);
#565=VECTOR('',#2070,1000.);
#566=VECTOR('',#2071,1000.);
#567=VECTOR('',#2072,1000.);
#568=VECTOR('',#2073,1000.);
#569=VECTOR('',#2074,1000.);
#570=VECTOR('',#2075,1000.);
#571=VECTOR('',#2076,1000.);
#572=VECTOR('',#2079,1000.);
#573=VECTOR('',#2080,1000.);
#574=VECTOR('',#2081,1000.);
#575=VECTOR('',#2082,1000.);
#576=VECTOR('',#2085,1000.);
#577=VECTOR('',#2086,1000.);
#578=VECTOR('',#2089,1000.);
#579=VECTOR('',#2090,1000.);
#580=VECTOR('',#2093,1000.);
#581=VECTOR('',#2094,1000.);
#582=VECTOR('',#2097,1000.);
#583=VECTOR('',#2098,1000.);
#584=VECTOR('',#2101,1000.);
#585=VECTOR('',#2102,1000.);
#586=VECTOR('',#2103,1000.);
#587=VECTOR('',#2104,1000.);
#588=VECTOR('',#2107,1000.);
#589=VECTOR('',#2108,1000.);
#590=VECTOR('',#2109,1000.);
#591=VECTOR('',#2110,1000.);
#592=VECTOR('',#2111,1000.);
#593=VECTOR('',#2112,1000.);
#594=VECTOR('',#2115,1000.);
#595=VECTOR('',#2116,1000.);
#596=VECTOR('',#2117,1000.);
#597=VECTOR('',#2120,1000.);
#598=VECTOR('',#2123,1000.);
#599=VECTOR('',#2126,1000.);
#600=VECTOR('',#2127,1000.);
#601=VECTOR('',#2132,1000.);
#602=VECTOR('',#2133,1000.);
#603=VECTOR('',#2136,1000.);
#604=VECTOR('',#2137,1000.);
#605=VECTOR('',#2140,1000.);
#606=VECTOR('',#2141,1000.);
#607=VECTOR('',#2142,1000.);
#608=VECTOR('',#2145,1000.);
#609=VECTOR('',#2146,1000.);
#610=VECTOR('',#2149,1000.);
#611=VECTOR('',#2150,1000.);
#612=VECTOR('',#2151,1000.);
#613=VECTOR('',#2152,1000.);
#614=VECTOR('',#2153,1000.);
#615=VECTOR('',#2154,1000.);
#616=VECTOR('',#2155,1000.);
#617=VECTOR('',#2156,1000.);
#618=VECTOR('',#2157,1000.);
#619=VECTOR('',#2158,1000.);
#620=VECTOR('',#2159,1000.);
#621=VECTOR('',#2160,1000.);
#622=VECTOR('',#2161,1000.);
#623=VECTOR('',#2162,1000.);
#624=VECTOR('',#2163,1000.);
#625=VECTOR('',#2166,1000.);
#626=VECTOR('',#2167,1000.);
#627=VECTOR('',#2170,1000.);
#628=VECTOR('',#2171,1000.);
#629=VECTOR('',#2172,1000.);
#630=VECTOR('',#2173,1000.);
#631=VECTOR('',#2174,1000.);
#632=VECTOR('',#2175,1000.);
#633=VECTOR('',#2176,1000.);
#634=VECTOR('',#2177,1000.);
#635=VECTOR('',#2178,1000.);
#636=VECTOR('',#2179,1000.);
#637=VECTOR('',#2180,1000.);
#638=VECTOR('',#2181,1000.);
#639=VECTOR('',#2182,1000.);
#640=VECTOR('',#2185,1000.);
#641=VECTOR('',#2188,1000.);
#642=VECTOR('',#2189,1000.);
#643=VECTOR('',#2192,1000.);
#644=VECTOR('',#2193,1000.);
#645=VECTOR('',#2196,1000.);
#646=VECTOR('',#2197,1000.);
#647=VECTOR('',#2198,1000.);
#648=VECTOR('',#2201,1000.);
#649=VECTOR('',#2202,1000.);
#650=VECTOR('',#2205,1000.);
#651=VECTOR('',#2206,1000.);
#652=VECTOR('',#2207,1000.);
#653=VECTOR('',#2208,1000.);
#654=VECTOR('',#2209,1000.);
#655=VECTOR('',#2210,1000.);
#656=VECTOR('',#2211,1000.);
#657=VECTOR('',#2212,1000.);
#658=VECTOR('',#2215,1000.);
#659=VECTOR('',#2220,1000.);
#660=VECTOR('',#2221,1000.);
#661=VECTOR('',#2222,1000.);
#662=VECTOR('',#2223,1000.);
#663=VECTOR('',#2224,1000.);
#664=VECTOR('',#2225,1000.);
#665=VECTOR('',#2226,1000.);
#666=VECTOR('',#2229,1000.);
#667=VECTOR('',#2230,1000.);
#668=VECTOR('',#2231,1000.);
#669=VECTOR('',#2232,1000.);
#670=VECTOR('',#2235,1000.);
#671=VECTOR('',#2236,1000.);
#672=VECTOR('',#2237,1000.);
#673=VECTOR('',#2238,1000.);
#674=VECTOR('',#2241,1000.);
#675=VECTOR('',#2242,1000.);
#676=VECTOR('',#2243,1000.);
#677=VECTOR('',#2246,1000.);
#678=VECTOR('',#2247,1000.);
#679=VECTOR('',#2250,1000.);
#680=VECTOR('',#2251,1000.);
#681=VECTOR('',#2252,1000.);
#682=VECTOR('',#2255,1000.);
#683=VECTOR('',#2258,1000.);
#684=VECTOR('',#2261,1000.);
#685=VECTOR('',#2264,1000.);
#686=VECTOR('',#2267,1000.);
#687=VECTOR('',#2272,1000.);
#688=VECTOR('',#2273,1000.);
#689=VECTOR('',#2276,1000.);
#690=VECTOR('',#2277,1000.);
#691=VECTOR('',#2280,1000.);
#692=VECTOR('',#2281,1000.);
#693=VECTOR('',#2282,1000.);
#694=VECTOR('',#2283,1000.);
#695=VECTOR('',#2284,1000.);
#696=VECTOR('',#2285,1000.);
#697=VECTOR('',#2288,1000.);
#698=VECTOR('',#2289,1000.);
#699=VECTOR('',#2290,1000.);
#700=VECTOR('',#2293,1000.);
#701=VECTOR('',#2294,1000.);
#702=VECTOR('',#2297,1000.);
#703=VECTOR('',#2298,1000.);
#704=VECTOR('',#2301,1000.);
#705=VECTOR('',#2302,1000.);
#706=VECTOR('',#2305,1000.);
#707=VECTOR('',#2306,1000.);
#708=VECTOR('',#2309,1000.);
#709=VECTOR('',#2312,1000.);
#710=VECTOR('',#2313,1000.);
#711=VECTOR('',#2314,1000.);
#712=VECTOR('',#2315,1000.);
#713=VECTOR('',#2320,1000.);
#714=VECTOR('',#2321,1000.);
#715=VECTOR('',#2322,1000.);
#716=VECTOR('',#2331,1000.);
#717=VECTOR('',#2332,1000.);
#718=VECTOR('',#2333,1000.);
#719=VECTOR('',#2334,1000.);
#720=VECTOR('',#2337,1000.);
#721=VECTOR('',#2338,1000.);
#722=VECTOR('',#2341,1000.);
#723=VECTOR('',#2342,1000.);
#724=VECTOR('',#2343,1000.);
#725=VECTOR('',#2346,1000.);
#726=VECTOR('',#2351,1000.);
#727=VECTOR('',#2352,1000.);
#728=VECTOR('',#2353,1000.);
#729=VECTOR('',#2356,1000.);
#730=VECTOR('',#2357,1000.);
#731=VECTOR('',#2358,1000.);
#732=VECTOR('',#2361,1000.);
#733=VECTOR('',#2364,1000.);
#734=VECTOR('',#2367,1000.);
#735=VECTOR('',#2368,1000.);
#736=VECTOR('',#2369,1000.);
#737=VECTOR('',#2370,1000.);
#738=VECTOR('',#2373,1000.);
#739=VECTOR('',#2374,1000.);
#740=VECTOR('',#2375,1000.);
#741=VECTOR('',#2380,1000.);
#742=VECTOR('',#2383,1000.);
#743=VECTOR('',#2390,1000.);
#744=VECTOR('',#2391,1000.);
#745=VECTOR('',#2398,1000.);
#746=VECTOR('',#2399,1000.);
#747=VECTOR('',#2402,1000.);
#748=VECTOR('',#2403,1000.);
#749=VECTOR('',#2404,1000.);
#750=VECTOR('',#2405,1000.);
#751=VECTOR('',#2406,1000.);
#752=VECTOR('',#2407,1000.);
#753=VECTOR('',#2408,1000.);
#754=VECTOR('',#2409,1000.);
#755=VECTOR('',#2410,1000.);
#756=VECTOR('',#2411,1000.);
#757=VECTOR('',#2414,1000.);
#758=VECTOR('',#2425,1000.);
#759=VECTOR('',#2426,1000.);
#760=VECTOR('',#2427,1000.);
#761=VECTOR('',#2430,1000.);
#762=VECTOR('',#2431,1000.);
#763=VECTOR('',#2432,1000.);
#764=VECTOR('',#2437,1000.);
#765=VECTOR('',#2440,1000.);
#766=VECTOR('',#2443,1000.);
#767=VECTOR('',#2450,1000.);
#768=VECTOR('',#2451,1000.);
#769=VECTOR('',#2454,1000.);
#770=VECTOR('',#2457,1000.);
#771=VECTOR('',#2458,1000.);
#772=VECTOR('',#2461,1000.);
#773=VECTOR('',#2468,1000.);
#774=VECTOR('',#2473,1000.);
#775=VECTOR('',#2476,1000.);
#776=CIRCLE('',#1875,1.75000000001546);
#777=CIRCLE('',#1876,1.75000000001546);
#778=CIRCLE('',#1877,1.96547005384673);
#779=CIRCLE('',#1880,4.4);
#780=CIRCLE('',#1881,4.4);
#781=CIRCLE('',#1883,4.40000000000191);
#782=CIRCLE('',#1886,1.75);
#783=CIRCLE('',#1888,4.40000000000191);
#784=CIRCLE('',#1890,4.4);
#785=CIRCLE('',#1891,4.4);
#786=CIRCLE('',#1892,4.4);
#787=CIRCLE('',#1893,4.4);
#788=CIRCLE('',#1894,4.4);
#789=CIRCLE('',#1907,3.5);
#790=CIRCLE('',#1924,3.5);
#791=CIRCLE('',#1948,3.5);
#792=CIRCLE('',#1950,4.125);
#793=CIRCLE('',#1952,4.60000000000855);
#794=CIRCLE('',#1957,4.60000000000855);
#795=CIRCLE('',#1958,3.13277859889929);
#796=CIRCLE('',#1970,3.5);
#797=CIRCLE('',#1975,4.125);
#798=VERTEX_POINT('',#2481);
#799=VERTEX_POINT('',#2482);
#800=VERTEX_POINT('',#2485);
#801=VERTEX_POINT('',#2489);
#802=VERTEX_POINT('',#2490);
#803=VERTEX_POINT('',#2492);
#804=VERTEX_POINT('',#2494);
#805=VERTEX_POINT('',#2496);
#806=VERTEX_POINT('',#2498);
#807=VERTEX_POINT('',#2500);
#808=VERTEX_POINT('',#2502);
#809=VERTEX_POINT('',#2504);
#810=VERTEX_POINT('',#2506);
#811=VERTEX_POINT('',#2510);
#812=VERTEX_POINT('',#2514);
#813=VERTEX_POINT('',#2515);
#814=VERTEX_POINT('',#2517);
#815=VERTEX_POINT('',#2519);
#816=VERTEX_POINT('',#2521);
#817=VERTEX_POINT('',#2523);
#818=VERTEX_POINT('',#2525);
#819=VERTEX_POINT('',#2527);
#820=VERTEX_POINT('',#2529);
#821=VERTEX_POINT('',#2531);
#822=VERTEX_POINT('',#2533);
#823=VERTEX_POINT('',#2535);
#824=VERTEX_POINT('',#2537);
#825=VERTEX_POINT('',#2539);
#826=VERTEX_POINT('',#2543);
#827=VERTEX_POINT('',#2544);
#828=VERTEX_POINT('',#2546);
#829=VERTEX_POINT('',#2548);
#830=VERTEX_POINT('',#2550);
#831=VERTEX_POINT('',#2552);
#832=VERTEX_POINT('',#2554);
#833=VERTEX_POINT('',#2556);
#834=VERTEX_POINT('',#2558);
#835=VERTEX_POINT('',#2560);
#836=VERTEX_POINT('',#2562);
#837=VERTEX_POINT('',#2566);
#838=VERTEX_POINT('',#2567);
#839=VERTEX_POINT('',#2569);
#840=VERTEX_POINT('',#2572);
#841=VERTEX_POINT('',#2574);
#842=VERTEX_POINT('',#2576);
#843=VERTEX_POINT('',#2580);
#844=VERTEX_POINT('',#2582);
#845=VERTEX_POINT('',#2584);
#846=VERTEX_POINT('',#2588);
#847=VERTEX_POINT('',#2592);
#848=VERTEX_POINT('',#2596);
#849=VERTEX_POINT('',#2600);
#850=VERTEX_POINT('',#2604);
#851=VERTEX_POINT('',#2606);
#852=VERTEX_POINT('',#2608);
#853=VERTEX_POINT('',#2612);
#854=VERTEX_POINT('',#2613);
#855=VERTEX_POINT('',#2615);
#856=VERTEX_POINT('',#2617);
#857=VERTEX_POINT('',#2619);
#858=VERTEX_POINT('',#2624);
#859=VERTEX_POINT('',#2626);
#860=VERTEX_POINT('',#2630);
#861=VERTEX_POINT('',#2632);
#862=VERTEX_POINT('',#2636);
#863=VERTEX_POINT('',#2638);
#864=VERTEX_POINT('',#2642);
#865=VERTEX_POINT('',#2646);
#866=VERTEX_POINT('',#2650);
#867=VERTEX_POINT('',#2652);
#868=VERTEX_POINT('',#2656);
#869=VERTEX_POINT('',#2660);
#870=VERTEX_POINT('',#2661);
#871=VERTEX_POINT('',#2663);
#872=VERTEX_POINT('',#2665);
#873=VERTEX_POINT('',#2667);
#874=VERTEX_POINT('',#2669);
#875=VERTEX_POINT('',#2672);
#876=VERTEX_POINT('',#2674);
#877=VERTEX_POINT('',#2676);
#878=VERTEX_POINT('',#2678);
#879=VERTEX_POINT('',#2680);
#880=VERTEX_POINT('',#2682);
#881=VERTEX_POINT('',#2684);
#882=VERTEX_POINT('',#2689);
#883=VERTEX_POINT('',#2693);
#884=VERTEX_POINT('',#2694);
#885=VERTEX_POINT('',#2696);
#886=VERTEX_POINT('',#2698);
#887=VERTEX_POINT('',#2701);
#888=VERTEX_POINT('',#2703);
#889=VERTEX_POINT('',#2706);
#890=VERTEX_POINT('',#2707);
#891=VERTEX_POINT('',#2709);
#892=VERTEX_POINT('',#2711);
#893=VERTEX_POINT('',#2713);
#894=VERTEX_POINT('',#2715);
#895=VERTEX_POINT('',#2721);
#896=VERTEX_POINT('',#2725);
#897=VERTEX_POINT('',#2729);
#898=VERTEX_POINT('',#2731);
#899=VERTEX_POINT('',#2735);
#900=VERTEX_POINT('',#2739);
#901=VERTEX_POINT('',#2741);
#902=VERTEX_POINT('',#2743);
#903=VERTEX_POINT('',#2745);
#904=VERTEX_POINT('',#2747);
#905=VERTEX_POINT('',#2749);
#906=VERTEX_POINT('',#2751);
#907=VERTEX_POINT('',#2755);
#908=VERTEX_POINT('',#2759);
#909=VERTEX_POINT('',#2761);
#910=VERTEX_POINT('',#2763);
#911=VERTEX_POINT('',#2765);
#912=VERTEX_POINT('',#2767);
#913=VERTEX_POINT('',#2769);
#914=VERTEX_POINT('',#2773);
#915=VERTEX_POINT('',#2775);
#916=VERTEX_POINT('',#2777);
#917=VERTEX_POINT('',#2781);
#918=VERTEX_POINT('',#2783);
#919=VERTEX_POINT('',#2788);
#920=VERTEX_POINT('',#2790);
#921=VERTEX_POINT('',#2794);
#922=VERTEX_POINT('',#2798);
#923=VERTEX_POINT('',#2800);
#924=VERTEX_POINT('',#2815);
#925=VERTEX_POINT('',#2819);
#926=VERTEX_POINT('',#2823);
#927=VERTEX_POINT('',#2824);
#928=VERTEX_POINT('',#2826);
#929=VERTEX_POINT('',#2828);
#930=VERTEX_POINT('',#2830);
#931=VERTEX_POINT('',#2835);
#932=VERTEX_POINT('',#2837);
#933=VERTEX_POINT('',#2841);
#934=VERTEX_POINT('',#2845);
#935=VERTEX_POINT('',#2849);
#936=VERTEX_POINT('',#2853);
#937=VERTEX_POINT('',#2859);
#938=VERTEX_POINT('',#2862);
#939=VERTEX_POINT('',#2867);
#940=VERTEX_POINT('',#2869);
#941=VERTEX_POINT('',#2875);
#942=VERTEX_POINT('',#2877);
#943=VERTEX_POINT('',#2879);
#944=VERTEX_POINT('',#2881);
#945=VERTEX_POINT('',#2885);
#946=VERTEX_POINT('',#2889);
#947=VERTEX_POINT('',#2890);
#948=VERTEX_POINT('',#2897);
#949=VERTEX_POINT('',#2899);
#950=VERTEX_POINT('',#2901);
#951=VERTEX_POINT('',#2903);
#952=VERTEX_POINT('',#2905);
#953=VERTEX_POINT('',#2907);
#954=VERTEX_POINT('',#2909);
#955=VERTEX_POINT('',#2917);
#956=VERTEX_POINT('',#2919);
#957=VERTEX_POINT('',#2924);
#958=VERTEX_POINT('',#2939);
#959=VERTEX_POINT('',#2945);
#960=VERTEX_POINT('',#2949);
#961=VERTEX_POINT('',#2951);
#962=VERTEX_POINT('',#2953);
#963=VERTEX_POINT('',#2955);
#964=VERTEX_POINT('',#2957);
#965=VERTEX_POINT('',#2962);
#966=VERTEX_POINT('',#2972);
#967=VERTEX_POINT('',#2978);
#968=VERTEX_POINT('',#2983);
#969=VERTEX_POINT('',#2992);
#970=VERTEX_POINT('',#2998);
#971=EDGE_CURVE('',#798,#799,#776,.T.);
#972=EDGE_CURVE('',#799,#798,#777,.T.);
#973=EDGE_CURVE('',#799,#800,#308,.T.);
#974=EDGE_CURVE('',#800,#800,#778,.T.);
#975=EDGE_CURVE('',#801,#802,#103,.T.);
#976=EDGE_CURVE('',#803,#802,#309,.T.);
#977=EDGE_CURVE('',#804,#803,#779,.T.);
#978=EDGE_CURVE('',#805,#804,#310,.T.);
#979=EDGE_CURVE('',#806,#805,#780,.T.);
#980=EDGE_CURVE('',#806,#807,#104,.T.);
#981=EDGE_CURVE('',#808,#807,#311,.T.);
#982=EDGE_CURVE('',#808,#809,#781,.T.);
#983=EDGE_CURVE('',#809,#810,#312,.T.);
#984=EDGE_CURVE('',#810,#801,#105,.T.);
#985=EDGE_CURVE('',#798,#811,#313,.T.);
#986=EDGE_CURVE('',#811,#811,#782,.T.);
#987=EDGE_CURVE('',#812,#813,#783,.T.);
#988=EDGE_CURVE('',#814,#813,#314,.T.);
#989=EDGE_CURVE('',#815,#814,#106,.T.);
#990=EDGE_CURVE('',#816,#815,#784,.T.);
#991=EDGE_CURVE('',#817,#816,#315,.T.);
#992=EDGE_CURVE('',#818,#817,#785,.T.);
#993=EDGE_CURVE('',#819,#818,#316,.T.);
#994=EDGE_CURVE('',#820,#819,#786,.T.);
#995=EDGE_CURVE('',#821,#820,#317,.T.);
#996=EDGE_CURVE('',#822,#821,#787,.T.);
#997=EDGE_CURVE('',#823,#822,#318,.T.);
#998=EDGE_CURVE('',#824,#823,#788,.T.);
#999=EDGE_CURVE('',#825,#824,#107,.T.);
#1000=EDGE_CURVE('',#812,#825,#319,.T.);
#1001=EDGE_CURVE('',#826,#827,#320,.T.);
#1002=EDGE_CURVE('',#827,#828,#321,.T.);
#1003=EDGE_CURVE('',#828,#829,#322,.T.);
#1004=EDGE_CURVE('',#829,#830,#323,.T.);
#1005=EDGE_CURVE('',#830,#831,#324,.T.);
#1006=EDGE_CURVE('',#831,#832,#325,.T.);
#1007=EDGE_CURVE('',#832,#833,#326,.T.);
#1008=EDGE_CURVE('',#833,#834,#327,.T.);
#1009=EDGE_CURVE('',#834,#835,#328,.T.);
#1010=EDGE_CURVE('',#835,#836,#329,.T.);
#1011=EDGE_CURVE('',#836,#826,#330,.T.);
#1012=EDGE_CURVE('',#837,#838,#331,.T.);
#1013=EDGE_CURVE('',#838,#839,#332,.T.);
#1014=EDGE_CURVE('',#839,#828,#333,.T.);
#1015=EDGE_CURVE('',#827,#840,#334,.T.);
#1016=EDGE_CURVE('',#840,#841,#335,.T.);
#1017=EDGE_CURVE('',#841,#842,#336,.T.);
#1018=EDGE_CURVE('',#842,#837,#337,.T.);
#1019=EDGE_CURVE('',#843,#840,#338,.T.);
#1020=EDGE_CURVE('',#826,#844,#339,.T.);
#1021=EDGE_CURVE('',#844,#845,#340,.T.);
#1022=EDGE_CURVE('',#845,#843,#341,.T.);
#1023=EDGE_CURVE('',#846,#844,#342,.T.);
#1024=EDGE_CURVE('',#836,#846,#343,.T.);
#1025=EDGE_CURVE('',#835,#847,#344,.T.);
#1026=EDGE_CURVE('',#847,#846,#345,.T.);
#1027=EDGE_CURVE('',#834,#848,#346,.T.);
#1028=EDGE_CURVE('',#848,#847,#347,.T.);
#1029=EDGE_CURVE('',#849,#848,#348,.T.);
#1030=EDGE_CURVE('',#833,#849,#349,.T.);
#1031=EDGE_CURVE('',#850,#849,#350,.T.);
#1032=EDGE_CURVE('',#832,#851,#351,.T.);
#1033=EDGE_CURVE('',#851,#852,#352,.T.);
#1034=EDGE_CURVE('',#852,#850,#353,.T.);
#1035=EDGE_CURVE('',#853,#854,#354,.T.);
#1036=EDGE_CURVE('',#855,#853,#355,.T.);
#1037=EDGE_CURVE('',#856,#855,#356,.T.);
#1038=EDGE_CURVE('',#857,#856,#357,.T.);
#1039=EDGE_CURVE('',#851,#857,#358,.T.);
#1040=EDGE_CURVE('',#854,#831,#359,.T.);
#1041=EDGE_CURVE('',#858,#830,#360,.T.);
#1042=EDGE_CURVE('',#859,#858,#361,.T.);
#1043=EDGE_CURVE('',#854,#859,#362,.T.);
#1044=EDGE_CURVE('',#829,#860,#363,.T.);
#1045=EDGE_CURVE('',#860,#861,#789,.T.);
#1046=EDGE_CURVE('',#861,#858,#364,.T.);
#1047=EDGE_CURVE('',#839,#862,#365,.T.);
#1048=EDGE_CURVE('',#862,#863,#366,.T.);
#1049=EDGE_CURVE('',#863,#860,#108,.T.);
#1050=EDGE_CURVE('',#864,#838,#367,.T.);
#1051=EDGE_CURVE('',#862,#864,#368,.T.);
#1052=EDGE_CURVE('',#837,#865,#369,.T.);
#1053=EDGE_CURVE('',#865,#864,#370,.T.);
#1054=EDGE_CURVE('',#866,#842,#371,.T.);
#1055=EDGE_CURVE('',#867,#866,#372,.T.);
#1056=EDGE_CURVE('',#865,#867,#373,.T.);
#1057=EDGE_CURVE('',#868,#841,#374,.T.);
#1058=EDGE_CURVE('',#866,#868,#375,.T.);
#1059=EDGE_CURVE('',#869,#870,#376,.T.);
#1060=EDGE_CURVE('',#870,#871,#377,.T.);
#1061=EDGE_CURVE('',#871,#872,#378,.T.);
#1062=EDGE_CURVE('',#872,#873,#379,.T.);
#1063=EDGE_CURVE('',#873,#874,#380,.T.);
#1064=EDGE_CURVE('',#874,#841,#381,.T.);
#1065=EDGE_CURVE('',#843,#875,#382,.T.);
#1066=EDGE_CURVE('',#875,#876,#383,.T.);
#1067=EDGE_CURVE('',#876,#877,#384,.T.);
#1068=EDGE_CURVE('',#877,#878,#385,.T.);
#1069=EDGE_CURVE('',#878,#879,#386,.T.);
#1070=EDGE_CURVE('',#879,#880,#387,.T.);
#1071=EDGE_CURVE('',#880,#881,#388,.T.);
#1072=EDGE_CURVE('',#881,#852,#389,.T.);
#1073=EDGE_CURVE('',#857,#869,#390,.T.);
#1074=EDGE_CURVE('',#845,#882,#391,.T.);
#1075=EDGE_CURVE('',#882,#875,#392,.T.);
#1076=EDGE_CURVE('',#883,#884,#393,.T.);
#1077=EDGE_CURVE('',#884,#885,#394,.T.);
#1078=EDGE_CURVE('',#885,#886,#395,.T.);
#1079=EDGE_CURVE('',#886,#882,#396,.T.);
#1080=EDGE_CURVE('',#850,#887,#397,.T.);
#1081=EDGE_CURVE('',#887,#888,#398,.T.);
#1082=EDGE_CURVE('',#888,#883,#399,.T.);
#1083=EDGE_CURVE('',#889,#890,#400,.T.);
#1084=EDGE_CURVE('',#890,#891,#401,.T.);
#1085=EDGE_CURVE('',#891,#892,#402,.T.);
#1086=EDGE_CURVE('',#892,#893,#403,.T.);
#1087=EDGE_CURVE('',#893,#894,#404,.T.);
#1088=EDGE_CURVE('',#894,#889,#405,.T.);
#1089=EDGE_CURVE('',#881,#887,#406,.T.);
#1090=EDGE_CURVE('',#895,#859,#407,.T.);
#1091=EDGE_CURVE('',#853,#895,#408,.T.);
#1092=EDGE_CURVE('',#895,#896,#409,.T.);
#1093=EDGE_CURVE('',#896,#855,#410,.T.);
#1094=EDGE_CURVE('',#856,#897,#411,.T.);
#1095=EDGE_CURVE('',#898,#896,#412,.T.);
#1096=EDGE_CURVE('',#897,#898,#413,.T.);
#1097=EDGE_CURVE('',#857,#899,#414,.T.);
#1098=EDGE_CURVE('',#899,#897,#415,.T.);
#1099=EDGE_CURVE('',#861,#900,#416,.T.);
#1100=EDGE_CURVE('',#900,#901,#417,.T.);
#1101=EDGE_CURVE('',#901,#902,#418,.T.);
#1102=EDGE_CURVE('',#902,#903,#419,.T.);
#1103=EDGE_CURVE('',#903,#904,#420,.T.);
#1104=EDGE_CURVE('',#904,#905,#421,.T.);
#1105=EDGE_CURVE('',#906,#905,#422,.T.);
#1106=EDGE_CURVE('',#906,#898,#423,.T.);
#1107=EDGE_CURVE('',#907,#863,#424,.T.);
#1108=EDGE_CURVE('',#900,#907,#790,.T.);
#1109=EDGE_CURVE('',#908,#907,#425,.T.);
#1110=EDGE_CURVE('',#867,#909,#426,.T.);
#1111=EDGE_CURVE('',#910,#909,#427,.T.);
#1112=EDGE_CURVE('',#910,#911,#428,.T.);
#1113=EDGE_CURVE('',#911,#912,#429,.T.);
#1114=EDGE_CURVE('',#912,#913,#430,.T.);
#1115=EDGE_CURVE('',#913,#908,#431,.T.);
#1116=EDGE_CURVE('',#914,#868,#432,.T.);
#1117=EDGE_CURVE('',#874,#915,#433,.T.);
#1118=EDGE_CURVE('',#916,#915,#434,.T.);
#1119=EDGE_CURVE('',#916,#914,#435,.T.);
#1120=EDGE_CURVE('',#917,#808,#436,.T.);
#1121=EDGE_CURVE('',#808,#918,#437,.T.);
#1122=EDGE_CURVE('',#909,#918,#438,.T.);
#1123=EDGE_CURVE('',#914,#917,#439,.T.);
#1124=EDGE_CURVE('',#870,#919,#440,.T.);
#1125=EDGE_CURVE('',#919,#920,#441,.T.);
#1126=EDGE_CURVE('',#920,#871,#442,.T.);
#1127=EDGE_CURVE('',#869,#921,#443,.T.);
#1128=EDGE_CURVE('',#921,#919,#444,.T.);
#1129=EDGE_CURVE('',#921,#922,#445,.T.);
#1130=EDGE_CURVE('',#923,#899,#446,.T.);
#1131=EDGE_CURVE('',#922,#923,#447,.T.);
#1132=EDGE_CURVE('',#880,#888,#448,.T.);
#1133=EDGE_CURVE('',#879,#883,#449,.T.);
#1134=EDGE_CURVE('',#878,#884,#450,.T.);
#1135=EDGE_CURVE('',#877,#885,#451,.T.);
#1136=EDGE_CURVE('',#876,#886,#452,.T.);
#1137=EDGE_CURVE('',#873,#924,#453,.T.);
#1138=EDGE_CURVE('',#924,#915,#454,.T.);
#1139=EDGE_CURVE('',#872,#925,#455,.T.);
#1140=EDGE_CURVE('',#925,#924,#456,.T.);
#1141=EDGE_CURVE('',#926,#927,#457,.T.);
#1142=EDGE_CURVE('',#927,#928,#458,.T.);
#1143=EDGE_CURVE('',#928,#929,#459,.T.);
#1144=EDGE_CURVE('',#929,#930,#460,.T.);
#1145=EDGE_CURVE('',#930,#925,#461,.T.);
#1146=EDGE_CURVE('',#920,#926,#462,.T.);
#1147=EDGE_CURVE('',#931,#890,#463,.T.);
#1148=EDGE_CURVE('',#932,#931,#464,.T.);
#1149=EDGE_CURVE('',#891,#932,#465,.T.);
#1150=EDGE_CURVE('',#933,#889,#466,.T.);
#1151=EDGE_CURVE('',#931,#933,#467,.T.);
#1152=EDGE_CURVE('',#934,#894,#468,.T.);
#1153=EDGE_CURVE('',#933,#934,#469,.T.);
#1154=EDGE_CURVE('',#935,#893,#470,.T.);
#1155=EDGE_CURVE('',#934,#935,#471,.T.);
#1156=EDGE_CURVE('',#936,#892,#472,.T.);
#1157=EDGE_CURVE('',#935,#936,#473,.T.);
#1158=EDGE_CURVE('',#936,#932,#474,.T.);
#1159=EDGE_CURVE('',#937,#906,#475,.T.);
#1160=EDGE_CURVE('',#937,#813,#476,.T.);
#1161=EDGE_CURVE('',#813,#938,#477,.T.);
#1162=EDGE_CURVE('',#938,#923,#478,.T.);
#1163=EDGE_CURVE('',#904,#911,#791,.T.);
#1164=EDGE_CURVE('',#910,#939,#479,.T.);
#1165=EDGE_CURVE('',#939,#940,#480,.T.);
#1166=EDGE_CURVE('',#940,#905,#481,.T.);
#1167=EDGE_CURVE('',#901,#908,#792,.T.);
#1168=EDGE_CURVE('',#941,#917,#793,.T.);
#1169=EDGE_CURVE('',#916,#942,#482,.T.);
#1170=EDGE_CURVE('',#942,#943,#483,.T.);
#1171=EDGE_CURVE('',#943,#944,#484,.T.);
#1172=EDGE_CURVE('',#944,#941,#485,.T.);
#1173=EDGE_CURVE('',#945,#807,#486,.T.);
#1174=EDGE_CURVE('',#918,#945,#487,.T.);
#1175=EDGE_CURVE('',#946,#947,#488,.T.);
#1176=EDGE_CURVE('',#947,#920,#489,.T.);
#1177=EDGE_CURVE('',#919,#946,#490,.T.);
#1178=EDGE_CURVE('',#922,#946,#491,.T.);
#1179=EDGE_CURVE('',#938,#948,#794,.T.);
#1180=EDGE_CURVE('',#948,#949,#492,.T.);
#1181=EDGE_CURVE('',#949,#950,#493,.T.);
#1182=EDGE_CURVE('',#950,#951,#494,.T.);
#1183=EDGE_CURVE('',#952,#951,#795,.T.);
#1184=EDGE_CURVE('',#952,#953,#495,.T.);
#1185=EDGE_CURVE('',#953,#954,#496,.T.);
#1186=EDGE_CURVE('',#954,#947,#497,.T.);
#1187=EDGE_CURVE('',#924,#942,#498,.T.);
#1188=EDGE_CURVE('',#925,#943,#499,.T.);
#1189=EDGE_CURVE('',#955,#927,#500,.T.);
#1190=EDGE_CURVE('',#956,#955,#501,.T.);
#1191=EDGE_CURVE('',#956,#802,#502,.T.);
#1192=EDGE_CURVE('',#928,#801,#503,.T.);
#1193=EDGE_CURVE('',#957,#953,#504,.T.);
#1194=EDGE_CURVE('',#955,#957,#505,.T.);
#1195=EDGE_CURVE('',#954,#926,#506,.T.);
#1196=EDGE_CURVE('',#930,#944,#507,.T.);
#1197=EDGE_CURVE('',#941,#809,#15,.T.);
#1198=EDGE_CURVE('',#810,#929,#508,.T.);
#1199=EDGE_CURVE('',#937,#958,#509,.T.);
#1200=EDGE_CURVE('',#958,#814,#510,.T.);
#1201=EDGE_CURVE('',#912,#903,#796,.T.);
#1202=EDGE_CURVE('',#940,#959,#511,.T.);
#1203=EDGE_CURVE('',#959,#958,#512,.T.);
#1204=EDGE_CURVE('',#805,#960,#513,.T.);
#1205=EDGE_CURVE('',#960,#961,#514,.T.);
#1206=EDGE_CURVE('',#961,#962,#515,.T.);
#1207=EDGE_CURVE('',#962,#963,#516,.T.);
#1208=EDGE_CURVE('',#963,#964,#517,.T.);
#1209=EDGE_CURVE('',#964,#824,#518,.T.);
#1210=EDGE_CURVE('',#823,#816,#519,.T.);
#1211=EDGE_CURVE('',#815,#959,#520,.T.);
#1212=EDGE_CURVE('',#939,#965,#521,.T.);
#1213=EDGE_CURVE('',#965,#806,#522,.T.);
#1214=EDGE_CURVE('',#945,#965,#523,.T.);
#1215=EDGE_CURVE('',#902,#913,#797,.T.);
#1216=EDGE_CURVE('',#951,#966,#524,.T.);
#1217=EDGE_CURVE('',#963,#950,#525,.T.);
#1218=EDGE_CURVE('',#966,#962,#526,.T.);
#1219=EDGE_CURVE('',#948,#812,#527,.T.);
#1220=EDGE_CURVE('',#812,#967,#528,.T.);
#1221=EDGE_CURVE('',#967,#949,#529,.T.);
#1222=EDGE_CURVE('',#957,#968,#530,.T.);
#1223=EDGE_CURVE('',#968,#966,#109,.T.);
#1224=EDGE_CURVE('',#961,#956,#531,.T.);
#1225=EDGE_CURVE('',#968,#952,#532,.T.);
#1226=EDGE_CURVE('',#804,#969,#533,.T.);
#1227=EDGE_CURVE('',#969,#960,#534,.T.);
#1228=EDGE_CURVE('',#822,#817,#535,.T.);
#1229=EDGE_CURVE('',#970,#825,#536,.T.);
#1230=EDGE_CURVE('',#964,#970,#537,.T.);
#1231=EDGE_CURVE('',#970,#967,#538,.T.);
#1232=EDGE_CURVE('',#803,#969,#539,.T.);
#1233=EDGE_CURVE('',#818,#821,#540,.T.);
#1234=EDGE_CURVE('',#820,#819,#541,.T.);
#1235=ORIENTED_EDGE('',*,*,#971,.F.);
#1236=ORIENTED_EDGE('',*,*,#972,.F.);
#1237=ORIENTED_EDGE('',*,*,#973,.T.);
#1238=ORIENTED_EDGE('',*,*,#974,.F.);
#1239=ORIENTED_EDGE('',*,*,#973,.F.);
#1240=ORIENTED_EDGE('',*,*,#975,.T.);
#1241=ORIENTED_EDGE('',*,*,#976,.F.);
#1242=ORIENTED_EDGE('',*,*,#977,.F.);
#1243=ORIENTED_EDGE('',*,*,#978,.F.);
#1244=ORIENTED_EDGE('',*,*,#979,.F.);
#1245=ORIENTED_EDGE('',*,*,#980,.T.);
#1246=ORIENTED_EDGE('',*,*,#981,.F.);
#1247=ORIENTED_EDGE('',*,*,#982,.T.);
#1248=ORIENTED_EDGE('',*,*,#983,.T.);
#1249=ORIENTED_EDGE('',*,*,#984,.T.);
#1250=ORIENTED_EDGE('',*,*,#971,.T.);
#1251=ORIENTED_EDGE('',*,*,#972,.T.);
#1252=ORIENTED_EDGE('',*,*,#985,.T.);
#1253=ORIENTED_EDGE('',*,*,#986,.T.);
#1254=ORIENTED_EDGE('',*,*,#985,.F.);
#1255=ORIENTED_EDGE('',*,*,#987,.T.);
#1256=ORIENTED_EDGE('',*,*,#988,.F.);
#1257=ORIENTED_EDGE('',*,*,#989,.F.);
#1258=ORIENTED_EDGE('',*,*,#990,.F.);
#1259=ORIENTED_EDGE('',*,*,#991,.F.);
#1260=ORIENTED_EDGE('',*,*,#992,.F.);
#1261=ORIENTED_EDGE('',*,*,#993,.F.);
#1262=ORIENTED_EDGE('',*,*,#994,.F.);
#1263=ORIENTED_EDGE('',*,*,#995,.F.);
#1264=ORIENTED_EDGE('',*,*,#996,.F.);
#1265=ORIENTED_EDGE('',*,*,#997,.F.);
#1266=ORIENTED_EDGE('',*,*,#998,.F.);
#1267=ORIENTED_EDGE('',*,*,#999,.F.);
#1268=ORIENTED_EDGE('',*,*,#1000,.F.);
#1269=ORIENTED_EDGE('',*,*,#1001,.T.);
#1270=ORIENTED_EDGE('',*,*,#1002,.T.);
#1271=ORIENTED_EDGE('',*,*,#1003,.T.);
#1272=ORIENTED_EDGE('',*,*,#1004,.T.);
#1273=ORIENTED_EDGE('',*,*,#1005,.T.);
#1274=ORIENTED_EDGE('',*,*,#1006,.T.);
#1275=ORIENTED_EDGE('',*,*,#1007,.T.);
#1276=ORIENTED_EDGE('',*,*,#1008,.T.);
#1277=ORIENTED_EDGE('',*,*,#1009,.T.);
#1278=ORIENTED_EDGE('',*,*,#1010,.T.);
#1279=ORIENTED_EDGE('',*,*,#1011,.T.);
#1280=ORIENTED_EDGE('',*,*,#1012,.T.);
#1281=ORIENTED_EDGE('',*,*,#1013,.T.);
#1282=ORIENTED_EDGE('',*,*,#1014,.T.);
#1283=ORIENTED_EDGE('',*,*,#1002,.F.);
#1284=ORIENTED_EDGE('',*,*,#1015,.T.);
#1285=ORIENTED_EDGE('',*,*,#1016,.T.);
#1286=ORIENTED_EDGE('',*,*,#1017,.T.);
#1287=ORIENTED_EDGE('',*,*,#1018,.T.);
#1288=ORIENTED_EDGE('',*,*,#1019,.T.);
#1289=ORIENTED_EDGE('',*,*,#1015,.F.);
#1290=ORIENTED_EDGE('',*,*,#1001,.F.);
#1291=ORIENTED_EDGE('',*,*,#1020,.T.);
#1292=ORIENTED_EDGE('',*,*,#1021,.T.);
#1293=ORIENTED_EDGE('',*,*,#1022,.T.);
#1294=ORIENTED_EDGE('',*,*,#1023,.T.);
#1295=ORIENTED_EDGE('',*,*,#1020,.F.);
#1296=ORIENTED_EDGE('',*,*,#1011,.F.);
#1297=ORIENTED_EDGE('',*,*,#1024,.T.);
#1298=ORIENTED_EDGE('',*,*,#1025,.T.);
#1299=ORIENTED_EDGE('',*,*,#1026,.T.);
#1300=ORIENTED_EDGE('',*,*,#1024,.F.);
#1301=ORIENTED_EDGE('',*,*,#1010,.F.);
#1302=ORIENTED_EDGE('',*,*,#1025,.F.);
#1303=ORIENTED_EDGE('',*,*,#1009,.F.);
#1304=ORIENTED_EDGE('',*,*,#1027,.T.);
#1305=ORIENTED_EDGE('',*,*,#1028,.T.);
#1306=ORIENTED_EDGE('',*,*,#1029,.T.);
#1307=ORIENTED_EDGE('',*,*,#1027,.F.);
#1308=ORIENTED_EDGE('',*,*,#1008,.F.);
#1309=ORIENTED_EDGE('',*,*,#1030,.T.);
#1310=ORIENTED_EDGE('',*,*,#1031,.T.);
#1311=ORIENTED_EDGE('',*,*,#1030,.F.);
#1312=ORIENTED_EDGE('',*,*,#1007,.F.);
#1313=ORIENTED_EDGE('',*,*,#1032,.T.);
#1314=ORIENTED_EDGE('',*,*,#1033,.T.);
#1315=ORIENTED_EDGE('',*,*,#1034,.T.);
#1316=ORIENTED_EDGE('',*,*,#1035,.F.);
#1317=ORIENTED_EDGE('',*,*,#1036,.F.);
#1318=ORIENTED_EDGE('',*,*,#1037,.F.);
#1319=ORIENTED_EDGE('',*,*,#1038,.F.);
#1320=ORIENTED_EDGE('',*,*,#1039,.F.);
#1321=ORIENTED_EDGE('',*,*,#1032,.F.);
#1322=ORIENTED_EDGE('',*,*,#1006,.F.);
#1323=ORIENTED_EDGE('',*,*,#1040,.F.);
#1324=ORIENTED_EDGE('',*,*,#1041,.F.);
#1325=ORIENTED_EDGE('',*,*,#1042,.F.);
#1326=ORIENTED_EDGE('',*,*,#1043,.F.);
#1327=ORIENTED_EDGE('',*,*,#1040,.T.);
#1328=ORIENTED_EDGE('',*,*,#1005,.F.);
#1329=ORIENTED_EDGE('',*,*,#1041,.T.);
#1330=ORIENTED_EDGE('',*,*,#1004,.F.);
#1331=ORIENTED_EDGE('',*,*,#1044,.T.);
#1332=ORIENTED_EDGE('',*,*,#1045,.T.);
#1333=ORIENTED_EDGE('',*,*,#1046,.T.);
#1334=ORIENTED_EDGE('',*,*,#1047,.T.);
#1335=ORIENTED_EDGE('',*,*,#1048,.T.);
#1336=ORIENTED_EDGE('',*,*,#1049,.T.);
#1337=ORIENTED_EDGE('',*,*,#1044,.F.);
#1338=ORIENTED_EDGE('',*,*,#1003,.F.);
#1339=ORIENTED_EDGE('',*,*,#1014,.F.);
#1340=ORIENTED_EDGE('',*,*,#1013,.F.);
#1341=ORIENTED_EDGE('',*,*,#1050,.F.);
#1342=ORIENTED_EDGE('',*,*,#1051,.F.);
#1343=ORIENTED_EDGE('',*,*,#1047,.F.);
#1344=ORIENTED_EDGE('',*,*,#1052,.T.);
#1345=ORIENTED_EDGE('',*,*,#1053,.T.);
#1346=ORIENTED_EDGE('',*,*,#1050,.T.);
#1347=ORIENTED_EDGE('',*,*,#1012,.F.);
#1348=ORIENTED_EDGE('',*,*,#1054,.F.);
#1349=ORIENTED_EDGE('',*,*,#1055,.F.);
#1350=ORIENTED_EDGE('',*,*,#1056,.F.);
#1351=ORIENTED_EDGE('',*,*,#1052,.F.);
#1352=ORIENTED_EDGE('',*,*,#1018,.F.);
#1353=ORIENTED_EDGE('',*,*,#1057,.F.);
#1354=ORIENTED_EDGE('',*,*,#1058,.F.);
#1355=ORIENTED_EDGE('',*,*,#1054,.T.);
#1356=ORIENTED_EDGE('',*,*,#1017,.F.);
#1357=ORIENTED_EDGE('',*,*,#1059,.T.);
#1358=ORIENTED_EDGE('',*,*,#1060,.T.);
#1359=ORIENTED_EDGE('',*,*,#1061,.T.);
#1360=ORIENTED_EDGE('',*,*,#1062,.T.);
#1361=ORIENTED_EDGE('',*,*,#1063,.T.);
#1362=ORIENTED_EDGE('',*,*,#1064,.T.);
#1363=ORIENTED_EDGE('',*,*,#1016,.F.);
#1364=ORIENTED_EDGE('',*,*,#1019,.F.);
#1365=ORIENTED_EDGE('',*,*,#1065,.T.);
#1366=ORIENTED_EDGE('',*,*,#1066,.T.);
#1367=ORIENTED_EDGE('',*,*,#1067,.T.);
#1368=ORIENTED_EDGE('',*,*,#1068,.T.);
#1369=ORIENTED_EDGE('',*,*,#1069,.T.);
#1370=ORIENTED_EDGE('',*,*,#1070,.T.);
#1371=ORIENTED_EDGE('',*,*,#1071,.T.);
#1372=ORIENTED_EDGE('',*,*,#1072,.T.);
#1373=ORIENTED_EDGE('',*,*,#1033,.F.);
#1374=ORIENTED_EDGE('',*,*,#1039,.T.);
#1375=ORIENTED_EDGE('',*,*,#1073,.T.);
#1376=ORIENTED_EDGE('',*,*,#1074,.T.);
#1377=ORIENTED_EDGE('',*,*,#1075,.T.);
#1378=ORIENTED_EDGE('',*,*,#1065,.F.);
#1379=ORIENTED_EDGE('',*,*,#1022,.F.);
#1380=ORIENTED_EDGE('',*,*,#1076,.T.);
#1381=ORIENTED_EDGE('',*,*,#1077,.T.);
#1382=ORIENTED_EDGE('',*,*,#1078,.T.);
#1383=ORIENTED_EDGE('',*,*,#1079,.T.);
#1384=ORIENTED_EDGE('',*,*,#1074,.F.);
#1385=ORIENTED_EDGE('',*,*,#1021,.F.);
#1386=ORIENTED_EDGE('',*,*,#1023,.F.);
#1387=ORIENTED_EDGE('',*,*,#1026,.F.);
#1388=ORIENTED_EDGE('',*,*,#1028,.F.);
#1389=ORIENTED_EDGE('',*,*,#1029,.F.);
#1390=ORIENTED_EDGE('',*,*,#1031,.F.);
#1391=ORIENTED_EDGE('',*,*,#1080,.T.);
#1392=ORIENTED_EDGE('',*,*,#1081,.T.);
#1393=ORIENTED_EDGE('',*,*,#1082,.T.);
#1394=ORIENTED_EDGE('',*,*,#1083,.T.);
#1395=ORIENTED_EDGE('',*,*,#1084,.T.);
#1396=ORIENTED_EDGE('',*,*,#1085,.T.);
#1397=ORIENTED_EDGE('',*,*,#1086,.T.);
#1398=ORIENTED_EDGE('',*,*,#1087,.T.);
#1399=ORIENTED_EDGE('',*,*,#1088,.T.);
#1400=ORIENTED_EDGE('',*,*,#1080,.F.);
#1401=ORIENTED_EDGE('',*,*,#1034,.F.);
#1402=ORIENTED_EDGE('',*,*,#1072,.F.);
#1403=ORIENTED_EDGE('',*,*,#1089,.T.);
#1404=ORIENTED_EDGE('',*,*,#1090,.F.);
#1405=ORIENTED_EDGE('',*,*,#1091,.F.);
#1406=ORIENTED_EDGE('',*,*,#1035,.T.);
#1407=ORIENTED_EDGE('',*,*,#1043,.T.);
#1408=ORIENTED_EDGE('',*,*,#1091,.T.);
#1409=ORIENTED_EDGE('',*,*,#1092,.T.);
#1410=ORIENTED_EDGE('',*,*,#1093,.T.);
#1411=ORIENTED_EDGE('',*,*,#1036,.T.);
#1412=ORIENTED_EDGE('',*,*,#1094,.F.);
#1413=ORIENTED_EDGE('',*,*,#1037,.T.);
#1414=ORIENTED_EDGE('',*,*,#1093,.F.);
#1415=ORIENTED_EDGE('',*,*,#1095,.F.);
#1416=ORIENTED_EDGE('',*,*,#1096,.F.);
#1417=ORIENTED_EDGE('',*,*,#1097,.F.);
#1418=ORIENTED_EDGE('',*,*,#1038,.T.);
#1419=ORIENTED_EDGE('',*,*,#1094,.T.);
#1420=ORIENTED_EDGE('',*,*,#1098,.F.);
#1421=ORIENTED_EDGE('',*,*,#1092,.F.);
#1422=ORIENTED_EDGE('',*,*,#1090,.T.);
#1423=ORIENTED_EDGE('',*,*,#1042,.T.);
#1424=ORIENTED_EDGE('',*,*,#1046,.F.);
#1425=ORIENTED_EDGE('',*,*,#1099,.T.);
#1426=ORIENTED_EDGE('',*,*,#1100,.T.);
#1427=ORIENTED_EDGE('',*,*,#1101,.T.);
#1428=ORIENTED_EDGE('',*,*,#1102,.T.);
#1429=ORIENTED_EDGE('',*,*,#1103,.T.);
#1430=ORIENTED_EDGE('',*,*,#1104,.T.);
#1431=ORIENTED_EDGE('',*,*,#1105,.F.);
#1432=ORIENTED_EDGE('',*,*,#1106,.T.);
#1433=ORIENTED_EDGE('',*,*,#1095,.T.);
#1434=ORIENTED_EDGE('',*,*,#1107,.F.);
#1435=ORIENTED_EDGE('',*,*,#1108,.F.);
#1436=ORIENTED_EDGE('',*,*,#1099,.F.);
#1437=ORIENTED_EDGE('',*,*,#1045,.F.);
#1438=ORIENTED_EDGE('',*,*,#1049,.F.);
#1439=ORIENTED_EDGE('',*,*,#1109,.T.);
#1440=ORIENTED_EDGE('',*,*,#1107,.T.);
#1441=ORIENTED_EDGE('',*,*,#1048,.F.);
#1442=ORIENTED_EDGE('',*,*,#1051,.T.);
#1443=ORIENTED_EDGE('',*,*,#1053,.F.);
#1444=ORIENTED_EDGE('',*,*,#1056,.T.);
#1445=ORIENTED_EDGE('',*,*,#1110,.T.);
#1446=ORIENTED_EDGE('',*,*,#1111,.F.);
#1447=ORIENTED_EDGE('',*,*,#1112,.T.);
#1448=ORIENTED_EDGE('',*,*,#1113,.T.);
#1449=ORIENTED_EDGE('',*,*,#1114,.T.);
#1450=ORIENTED_EDGE('',*,*,#1115,.T.);
#1451=ORIENTED_EDGE('',*,*,#1116,.T.);
#1452=ORIENTED_EDGE('',*,*,#1057,.T.);
#1453=ORIENTED_EDGE('',*,*,#1064,.F.);
#1454=ORIENTED_EDGE('',*,*,#1117,.T.);
#1455=ORIENTED_EDGE('',*,*,#1118,.F.);
#1456=ORIENTED_EDGE('',*,*,#1119,.T.);
#1457=ORIENTED_EDGE('',*,*,#1120,.T.);
#1458=ORIENTED_EDGE('',*,*,#1121,.T.);
#1459=ORIENTED_EDGE('',*,*,#1122,.F.);
#1460=ORIENTED_EDGE('',*,*,#1110,.F.);
#1461=ORIENTED_EDGE('',*,*,#1055,.T.);
#1462=ORIENTED_EDGE('',*,*,#1058,.T.);
#1463=ORIENTED_EDGE('',*,*,#1116,.F.);
#1464=ORIENTED_EDGE('',*,*,#1123,.T.);
#1465=ORIENTED_EDGE('',*,*,#1060,.F.);
#1466=ORIENTED_EDGE('',*,*,#1124,.T.);
#1467=ORIENTED_EDGE('',*,*,#1125,.T.);
#1468=ORIENTED_EDGE('',*,*,#1126,.T.);
#1469=ORIENTED_EDGE('',*,*,#1124,.F.);
#1470=ORIENTED_EDGE('',*,*,#1059,.F.);
#1471=ORIENTED_EDGE('',*,*,#1127,.T.);
#1472=ORIENTED_EDGE('',*,*,#1128,.T.);
#1473=ORIENTED_EDGE('',*,*,#1129,.F.);
#1474=ORIENTED_EDGE('',*,*,#1127,.F.);
#1475=ORIENTED_EDGE('',*,*,#1073,.F.);
#1476=ORIENTED_EDGE('',*,*,#1097,.T.);
#1477=ORIENTED_EDGE('',*,*,#1130,.F.);
#1478=ORIENTED_EDGE('',*,*,#1131,.F.);
#1479=ORIENTED_EDGE('',*,*,#1081,.F.);
#1480=ORIENTED_EDGE('',*,*,#1089,.F.);
#1481=ORIENTED_EDGE('',*,*,#1071,.F.);
#1482=ORIENTED_EDGE('',*,*,#1132,.T.);
#1483=ORIENTED_EDGE('',*,*,#1082,.F.);
#1484=ORIENTED_EDGE('',*,*,#1132,.F.);
#1485=ORIENTED_EDGE('',*,*,#1070,.F.);
#1486=ORIENTED_EDGE('',*,*,#1133,.T.);
#1487=ORIENTED_EDGE('',*,*,#1134,.T.);
#1488=ORIENTED_EDGE('',*,*,#1076,.F.);
#1489=ORIENTED_EDGE('',*,*,#1133,.F.);
#1490=ORIENTED_EDGE('',*,*,#1069,.F.);
#1491=ORIENTED_EDGE('',*,*,#1134,.F.);
#1492=ORIENTED_EDGE('',*,*,#1068,.F.);
#1493=ORIENTED_EDGE('',*,*,#1135,.T.);
#1494=ORIENTED_EDGE('',*,*,#1077,.F.);
#1495=ORIENTED_EDGE('',*,*,#1078,.F.);
#1496=ORIENTED_EDGE('',*,*,#1135,.F.);
#1497=ORIENTED_EDGE('',*,*,#1067,.F.);
#1498=ORIENTED_EDGE('',*,*,#1136,.T.);
#1499=ORIENTED_EDGE('',*,*,#1075,.F.);
#1500=ORIENTED_EDGE('',*,*,#1079,.F.);
#1501=ORIENTED_EDGE('',*,*,#1136,.F.);
#1502=ORIENTED_EDGE('',*,*,#1066,.F.);
#1503=ORIENTED_EDGE('',*,*,#1137,.T.);
#1504=ORIENTED_EDGE('',*,*,#1138,.T.);
#1505=ORIENTED_EDGE('',*,*,#1117,.F.);
#1506=ORIENTED_EDGE('',*,*,#1063,.F.);
#1507=ORIENTED_EDGE('',*,*,#1062,.F.);
#1508=ORIENTED_EDGE('',*,*,#1139,.T.);
#1509=ORIENTED_EDGE('',*,*,#1140,.T.);
#1510=ORIENTED_EDGE('',*,*,#1137,.F.);
#1511=ORIENTED_EDGE('',*,*,#1141,.T.);
#1512=ORIENTED_EDGE('',*,*,#1142,.T.);
#1513=ORIENTED_EDGE('',*,*,#1143,.T.);
#1514=ORIENTED_EDGE('',*,*,#1144,.T.);
#1515=ORIENTED_EDGE('',*,*,#1145,.T.);
#1516=ORIENTED_EDGE('',*,*,#1139,.F.);
#1517=ORIENTED_EDGE('',*,*,#1061,.F.);
#1518=ORIENTED_EDGE('',*,*,#1126,.F.);
#1519=ORIENTED_EDGE('',*,*,#1146,.T.);
#1520=ORIENTED_EDGE('',*,*,#1147,.F.);
#1521=ORIENTED_EDGE('',*,*,#1148,.F.);
#1522=ORIENTED_EDGE('',*,*,#1149,.F.);
#1523=ORIENTED_EDGE('',*,*,#1084,.F.);
#1524=ORIENTED_EDGE('',*,*,#1150,.F.);
#1525=ORIENTED_EDGE('',*,*,#1151,.F.);
#1526=ORIENTED_EDGE('',*,*,#1147,.T.);
#1527=ORIENTED_EDGE('',*,*,#1083,.F.);
#1528=ORIENTED_EDGE('',*,*,#1152,.F.);
#1529=ORIENTED_EDGE('',*,*,#1153,.F.);
#1530=ORIENTED_EDGE('',*,*,#1150,.T.);
#1531=ORIENTED_EDGE('',*,*,#1088,.F.);
#1532=ORIENTED_EDGE('',*,*,#1154,.F.);
#1533=ORIENTED_EDGE('',*,*,#1155,.F.);
#1534=ORIENTED_EDGE('',*,*,#1152,.T.);
#1535=ORIENTED_EDGE('',*,*,#1087,.F.);
#1536=ORIENTED_EDGE('',*,*,#1156,.F.);
#1537=ORIENTED_EDGE('',*,*,#1157,.F.);
#1538=ORIENTED_EDGE('',*,*,#1154,.T.);
#1539=ORIENTED_EDGE('',*,*,#1086,.F.);
#1540=ORIENTED_EDGE('',*,*,#1149,.T.);
#1541=ORIENTED_EDGE('',*,*,#1158,.F.);
#1542=ORIENTED_EDGE('',*,*,#1156,.T.);
#1543=ORIENTED_EDGE('',*,*,#1085,.F.);
#1544=ORIENTED_EDGE('',*,*,#1096,.T.);
#1545=ORIENTED_EDGE('',*,*,#1106,.F.);
#1546=ORIENTED_EDGE('',*,*,#1159,.F.);
#1547=ORIENTED_EDGE('',*,*,#1160,.T.);
#1548=ORIENTED_EDGE('',*,*,#1161,.T.);
#1549=ORIENTED_EDGE('',*,*,#1162,.T.);
#1550=ORIENTED_EDGE('',*,*,#1130,.T.);
#1551=ORIENTED_EDGE('',*,*,#1098,.T.);
#1552=ORIENTED_EDGE('',*,*,#1163,.T.);
#1553=ORIENTED_EDGE('',*,*,#1112,.F.);
#1554=ORIENTED_EDGE('',*,*,#1164,.T.);
#1555=ORIENTED_EDGE('',*,*,#1165,.T.);
#1556=ORIENTED_EDGE('',*,*,#1166,.T.);
#1557=ORIENTED_EDGE('',*,*,#1104,.F.);
#1558=ORIENTED_EDGE('',*,*,#1167,.F.);
#1559=ORIENTED_EDGE('',*,*,#1100,.F.);
#1560=ORIENTED_EDGE('',*,*,#1108,.T.);
#1561=ORIENTED_EDGE('',*,*,#1109,.F.);
#1562=ORIENTED_EDGE('',*,*,#1168,.T.);
#1563=ORIENTED_EDGE('',*,*,#1123,.F.);
#1564=ORIENTED_EDGE('',*,*,#1119,.F.);
#1565=ORIENTED_EDGE('',*,*,#1169,.T.);
#1566=ORIENTED_EDGE('',*,*,#1170,.T.);
#1567=ORIENTED_EDGE('',*,*,#1171,.T.);
#1568=ORIENTED_EDGE('',*,*,#1172,.T.);
#1569=ORIENTED_EDGE('',*,*,#1121,.F.);
#1570=ORIENTED_EDGE('',*,*,#981,.T.);
#1571=ORIENTED_EDGE('',*,*,#1173,.F.);
#1572=ORIENTED_EDGE('',*,*,#1174,.F.);
#1573=ORIENTED_EDGE('',*,*,#1175,.T.);
#1574=ORIENTED_EDGE('',*,*,#1176,.T.);
#1575=ORIENTED_EDGE('',*,*,#1125,.F.);
#1576=ORIENTED_EDGE('',*,*,#1177,.T.);
#1577=ORIENTED_EDGE('',*,*,#1177,.F.);
#1578=ORIENTED_EDGE('',*,*,#1128,.F.);
#1579=ORIENTED_EDGE('',*,*,#1129,.T.);
#1580=ORIENTED_EDGE('',*,*,#1178,.T.);
#1581=ORIENTED_EDGE('',*,*,#1175,.F.);
#1582=ORIENTED_EDGE('',*,*,#1178,.F.);
#1583=ORIENTED_EDGE('',*,*,#1131,.T.);
#1584=ORIENTED_EDGE('',*,*,#1162,.F.);
#1585=ORIENTED_EDGE('',*,*,#1179,.T.);
#1586=ORIENTED_EDGE('',*,*,#1180,.T.);
#1587=ORIENTED_EDGE('',*,*,#1181,.T.);
#1588=ORIENTED_EDGE('',*,*,#1182,.T.);
#1589=ORIENTED_EDGE('',*,*,#1183,.F.);
#1590=ORIENTED_EDGE('',*,*,#1184,.T.);
#1591=ORIENTED_EDGE('',*,*,#1185,.T.);
#1592=ORIENTED_EDGE('',*,*,#1186,.T.);
#1593=ORIENTED_EDGE('',*,*,#974,.T.);
#1594=ORIENTED_EDGE('',*,*,#1187,.T.);
#1595=ORIENTED_EDGE('',*,*,#1169,.F.);
#1596=ORIENTED_EDGE('',*,*,#1118,.T.);
#1597=ORIENTED_EDGE('',*,*,#1138,.F.);
#1598=ORIENTED_EDGE('',*,*,#1170,.F.);
#1599=ORIENTED_EDGE('',*,*,#1187,.F.);
#1600=ORIENTED_EDGE('',*,*,#1140,.F.);
#1601=ORIENTED_EDGE('',*,*,#1188,.T.);
#1602=ORIENTED_EDGE('',*,*,#1142,.F.);
#1603=ORIENTED_EDGE('',*,*,#1189,.F.);
#1604=ORIENTED_EDGE('',*,*,#1190,.F.);
#1605=ORIENTED_EDGE('',*,*,#1191,.T.);
#1606=ORIENTED_EDGE('',*,*,#975,.F.);
#1607=ORIENTED_EDGE('',*,*,#1192,.F.);
#1608=ORIENTED_EDGE('',*,*,#1193,.F.);
#1609=ORIENTED_EDGE('',*,*,#1194,.F.);
#1610=ORIENTED_EDGE('',*,*,#1189,.T.);
#1611=ORIENTED_EDGE('',*,*,#1141,.F.);
#1612=ORIENTED_EDGE('',*,*,#1195,.F.);
#1613=ORIENTED_EDGE('',*,*,#1185,.F.);
#1614=ORIENTED_EDGE('',*,*,#1176,.F.);
#1615=ORIENTED_EDGE('',*,*,#1186,.F.);
#1616=ORIENTED_EDGE('',*,*,#1195,.T.);
#1617=ORIENTED_EDGE('',*,*,#1146,.F.);
#1618=ORIENTED_EDGE('',*,*,#1188,.F.);
#1619=ORIENTED_EDGE('',*,*,#1145,.F.);
#1620=ORIENTED_EDGE('',*,*,#1196,.T.);
#1621=ORIENTED_EDGE('',*,*,#1171,.F.);
#1622=ORIENTED_EDGE('',*,*,#1197,.F.);
#1623=ORIENTED_EDGE('',*,*,#1172,.F.);
#1624=ORIENTED_EDGE('',*,*,#1196,.F.);
#1625=ORIENTED_EDGE('',*,*,#1144,.F.);
#1626=ORIENTED_EDGE('',*,*,#1198,.F.);
#1627=ORIENTED_EDGE('',*,*,#983,.F.);
#1628=ORIENTED_EDGE('',*,*,#984,.F.);
#1629=ORIENTED_EDGE('',*,*,#1198,.T.);
#1630=ORIENTED_EDGE('',*,*,#1143,.F.);
#1631=ORIENTED_EDGE('',*,*,#1192,.T.);
#1632=ORIENTED_EDGE('',*,*,#1158,.T.);
#1633=ORIENTED_EDGE('',*,*,#1148,.T.);
#1634=ORIENTED_EDGE('',*,*,#1151,.T.);
#1635=ORIENTED_EDGE('',*,*,#1153,.T.);
#1636=ORIENTED_EDGE('',*,*,#1155,.T.);
#1637=ORIENTED_EDGE('',*,*,#1157,.T.);
#1638=ORIENTED_EDGE('',*,*,#986,.F.);
#1639=ORIENTED_EDGE('',*,*,#988,.T.);
#1640=ORIENTED_EDGE('',*,*,#1160,.F.);
#1641=ORIENTED_EDGE('',*,*,#1199,.T.);
#1642=ORIENTED_EDGE('',*,*,#1200,.T.);
#1643=ORIENTED_EDGE('',*,*,#1163,.F.);
#1644=ORIENTED_EDGE('',*,*,#1103,.F.);
#1645=ORIENTED_EDGE('',*,*,#1201,.F.);
#1646=ORIENTED_EDGE('',*,*,#1113,.F.);
#1647=ORIENTED_EDGE('',*,*,#1105,.T.);
#1648=ORIENTED_EDGE('',*,*,#1166,.F.);
#1649=ORIENTED_EDGE('',*,*,#1202,.T.);
#1650=ORIENTED_EDGE('',*,*,#1203,.T.);
#1651=ORIENTED_EDGE('',*,*,#1199,.F.);
#1652=ORIENTED_EDGE('',*,*,#1159,.T.);
#1653=ORIENTED_EDGE('',*,*,#1204,.T.);
#1654=ORIENTED_EDGE('',*,*,#1205,.T.);
#1655=ORIENTED_EDGE('',*,*,#1206,.T.);
#1656=ORIENTED_EDGE('',*,*,#1207,.T.);
#1657=ORIENTED_EDGE('',*,*,#1208,.T.);
#1658=ORIENTED_EDGE('',*,*,#1209,.T.);
#1659=ORIENTED_EDGE('',*,*,#998,.T.);
#1660=ORIENTED_EDGE('',*,*,#1210,.T.);
#1661=ORIENTED_EDGE('',*,*,#990,.T.);
#1662=ORIENTED_EDGE('',*,*,#1211,.T.);
#1663=ORIENTED_EDGE('',*,*,#1202,.F.);
#1664=ORIENTED_EDGE('',*,*,#1165,.F.);
#1665=ORIENTED_EDGE('',*,*,#1212,.T.);
#1666=ORIENTED_EDGE('',*,*,#1213,.T.);
#1667=ORIENTED_EDGE('',*,*,#979,.T.);
#1668=ORIENTED_EDGE('',*,*,#1174,.T.);
#1669=ORIENTED_EDGE('',*,*,#1214,.T.);
#1670=ORIENTED_EDGE('',*,*,#1212,.F.);
#1671=ORIENTED_EDGE('',*,*,#1164,.F.);
#1672=ORIENTED_EDGE('',*,*,#1111,.T.);
#1673=ORIENTED_EDGE('',*,*,#1122,.T.);
#1674=ORIENTED_EDGE('',*,*,#1215,.F.);
#1675=ORIENTED_EDGE('',*,*,#1101,.F.);
#1676=ORIENTED_EDGE('',*,*,#1167,.T.);
#1677=ORIENTED_EDGE('',*,*,#1115,.F.);
#1678=ORIENTED_EDGE('',*,*,#982,.F.);
#1679=ORIENTED_EDGE('',*,*,#1120,.F.);
#1680=ORIENTED_EDGE('',*,*,#1168,.F.);
#1681=ORIENTED_EDGE('',*,*,#1197,.T.);
#1682=ORIENTED_EDGE('',*,*,#1214,.F.);
#1683=ORIENTED_EDGE('',*,*,#1173,.T.);
#1684=ORIENTED_EDGE('',*,*,#980,.F.);
#1685=ORIENTED_EDGE('',*,*,#1213,.F.);
#1686=ORIENTED_EDGE('',*,*,#1216,.F.);
#1687=ORIENTED_EDGE('',*,*,#1182,.F.);
#1688=ORIENTED_EDGE('',*,*,#1217,.F.);
#1689=ORIENTED_EDGE('',*,*,#1207,.F.);
#1690=ORIENTED_EDGE('',*,*,#1218,.F.);
#1691=ORIENTED_EDGE('',*,*,#1219,.T.);
#1692=ORIENTED_EDGE('',*,*,#1220,.T.);
#1693=ORIENTED_EDGE('',*,*,#1221,.T.);
#1694=ORIENTED_EDGE('',*,*,#1180,.F.);
#1695=ORIENTED_EDGE('',*,*,#1179,.F.);
#1696=ORIENTED_EDGE('',*,*,#1161,.F.);
#1697=ORIENTED_EDGE('',*,*,#987,.F.);
#1698=ORIENTED_EDGE('',*,*,#1219,.F.);
#1699=ORIENTED_EDGE('',*,*,#1222,.T.);
#1700=ORIENTED_EDGE('',*,*,#1223,.T.);
#1701=ORIENTED_EDGE('',*,*,#1218,.T.);
#1702=ORIENTED_EDGE('',*,*,#1206,.F.);
#1703=ORIENTED_EDGE('',*,*,#1224,.T.);
#1704=ORIENTED_EDGE('',*,*,#1190,.T.);
#1705=ORIENTED_EDGE('',*,*,#1194,.T.);
#1706=ORIENTED_EDGE('',*,*,#1193,.T.);
#1707=ORIENTED_EDGE('',*,*,#1184,.F.);
#1708=ORIENTED_EDGE('',*,*,#1225,.F.);
#1709=ORIENTED_EDGE('',*,*,#1222,.F.);
#1710=ORIENTED_EDGE('',*,*,#1200,.F.);
#1711=ORIENTED_EDGE('',*,*,#1203,.F.);
#1712=ORIENTED_EDGE('',*,*,#1211,.F.);
#1713=ORIENTED_EDGE('',*,*,#989,.T.);
#1714=ORIENTED_EDGE('',*,*,#1201,.T.);
#1715=ORIENTED_EDGE('',*,*,#1102,.F.);
#1716=ORIENTED_EDGE('',*,*,#1215,.T.);
#1717=ORIENTED_EDGE('',*,*,#1114,.F.);
#1718=ORIENTED_EDGE('',*,*,#1226,.T.);
#1719=ORIENTED_EDGE('',*,*,#1227,.T.);
#1720=ORIENTED_EDGE('',*,*,#1204,.F.);
#1721=ORIENTED_EDGE('',*,*,#978,.T.);
#1722=ORIENTED_EDGE('',*,*,#1210,.F.);
#1723=ORIENTED_EDGE('',*,*,#997,.T.);
#1724=ORIENTED_EDGE('',*,*,#1228,.T.);
#1725=ORIENTED_EDGE('',*,*,#991,.T.);
#1726=ORIENTED_EDGE('',*,*,#1229,.T.);
#1727=ORIENTED_EDGE('',*,*,#999,.T.);
#1728=ORIENTED_EDGE('',*,*,#1209,.F.);
#1729=ORIENTED_EDGE('',*,*,#1230,.T.);
#1730=ORIENTED_EDGE('',*,*,#1217,.T.);
#1731=ORIENTED_EDGE('',*,*,#1181,.F.);
#1732=ORIENTED_EDGE('',*,*,#1221,.F.);
#1733=ORIENTED_EDGE('',*,*,#1231,.F.);
#1734=ORIENTED_EDGE('',*,*,#1230,.F.);
#1735=ORIENTED_EDGE('',*,*,#1208,.F.);
#1736=ORIENTED_EDGE('',*,*,#1183,.T.);
#1737=ORIENTED_EDGE('',*,*,#1216,.T.);
#1738=ORIENTED_EDGE('',*,*,#1223,.F.);
#1739=ORIENTED_EDGE('',*,*,#1225,.T.);
#1740=ORIENTED_EDGE('',*,*,#1000,.T.);
#1741=ORIENTED_EDGE('',*,*,#1229,.F.);
#1742=ORIENTED_EDGE('',*,*,#1231,.T.);
#1743=ORIENTED_EDGE('',*,*,#1220,.F.);
#1744=ORIENTED_EDGE('',*,*,#976,.T.);
#1745=ORIENTED_EDGE('',*,*,#1191,.F.);
#1746=ORIENTED_EDGE('',*,*,#1224,.F.);
#1747=ORIENTED_EDGE('',*,*,#1205,.F.);
#1748=ORIENTED_EDGE('',*,*,#1227,.F.);
#1749=ORIENTED_EDGE('',*,*,#1232,.F.);
#1750=ORIENTED_EDGE('',*,*,#977,.T.);
#1751=ORIENTED_EDGE('',*,*,#1232,.T.);
#1752=ORIENTED_EDGE('',*,*,#1226,.F.);
#1753=ORIENTED_EDGE('',*,*,#996,.T.);
#1754=ORIENTED_EDGE('',*,*,#1233,.F.);
#1755=ORIENTED_EDGE('',*,*,#992,.T.);
#1756=ORIENTED_EDGE('',*,*,#1228,.F.);
#1757=ORIENTED_EDGE('',*,*,#993,.T.);
#1758=ORIENTED_EDGE('',*,*,#1233,.T.);
#1759=ORIENTED_EDGE('',*,*,#995,.T.);
#1760=ORIENTED_EDGE('',*,*,#1234,.T.);
#1761=ORIENTED_EDGE('',*,*,#1234,.F.);
#1762=ORIENTED_EDGE('',*,*,#994,.T.);
#1763=CONICAL_SURFACE('',#1874,1.96547005384673,0.523598775611069);
#1764=CONICAL_SURFACE('',#1976,4.60000000000855,0.52359877559552);
#1765=CONICAL_SURFACE('',#1980,4.60000000000855,0.52359877559552);
#1766=ADVANCED_FACE('',(#117),#1763,.F.);
#1767=ADVANCED_FACE('',(#118),#110,.F.);
#1768=ADVANCED_FACE('',(#119),#111,.F.);
#1769=ADVANCED_FACE('',(#120),#112,.F.);
#1770=ADVANCED_FACE('',(#121),#19,.T.);
#1771=ADVANCED_FACE('',(#122),#20,.T.);
#1772=ADVANCED_FACE('',(#123),#21,.T.);
#1773=ADVANCED_FACE('',(#124),#22,.T.);
#1774=ADVANCED_FACE('',(#125),#23,.T.);
#1775=ADVANCED_FACE('',(#126),#24,.T.);
#1776=ADVANCED_FACE('',(#127),#25,.T.);
#1777=ADVANCED_FACE('',(#128),#26,.T.);
#1778=ADVANCED_FACE('',(#129),#27,.F.);
#1779=ADVANCED_FACE('',(#130),#28,.F.);
#1780=ADVANCED_FACE('',(#131),#29,.T.);
#1781=ADVANCED_FACE('',(#132),#30,.T.);
#1782=ADVANCED_FACE('',(#133),#31,.F.);
#1783=ADVANCED_FACE('',(#134),#32,.T.);
#1784=ADVANCED_FACE('',(#135),#33,.F.);
#1785=ADVANCED_FACE('',(#136),#34,.F.);
#1786=ADVANCED_FACE('',(#137),#35,.T.);
#1787=ADVANCED_FACE('',(#138),#36,.T.);
#1788=ADVANCED_FACE('',(#139,#16),#37,.T.);
#1789=ADVANCED_FACE('',(#140),#38,.T.);
#1790=ADVANCED_FACE('',(#141),#39,.F.);
#1791=ADVANCED_FACE('',(#142),#40,.T.);
#1792=ADVANCED_FACE('',(#143),#41,.F.);
#1793=ADVANCED_FACE('',(#144),#42,.F.);
#1794=ADVANCED_FACE('',(#145),#43,.T.);
#1795=ADVANCED_FACE('',(#146),#113,.F.);
#1796=ADVANCED_FACE('',(#147),#44,.T.);
#1797=ADVANCED_FACE('',(#148),#45,.T.);
#1798=ADVANCED_FACE('',(#149),#46,.T.);
#1799=ADVANCED_FACE('',(#150),#47,.T.);
#1800=ADVANCED_FACE('',(#151),#48,.T.);
#1801=ADVANCED_FACE('',(#152),#49,.F.);
#1802=ADVANCED_FACE('',(#153),#50,.T.);
#1803=ADVANCED_FACE('',(#154),#51,.T.);
#1804=ADVANCED_FACE('',(#155),#52,.T.);
#1805=ADVANCED_FACE('',(#156),#53,.T.);
#1806=ADVANCED_FACE('',(#157),#54,.T.);
#1807=ADVANCED_FACE('',(#158),#55,.T.);
#1808=ADVANCED_FACE('',(#159),#56,.T.);
#1809=ADVANCED_FACE('',(#160),#57,.T.);
#1810=ADVANCED_FACE('',(#161),#58,.T.);
#1811=ADVANCED_FACE('',(#162),#59,.F.);
#1812=ADVANCED_FACE('',(#163),#60,.F.);
#1813=ADVANCED_FACE('',(#164),#61,.F.);
#1814=ADVANCED_FACE('',(#165),#62,.F.);
#1815=ADVANCED_FACE('',(#166),#63,.F.);
#1816=ADVANCED_FACE('',(#167),#64,.F.);
#1817=ADVANCED_FACE('',(#168),#65,.T.);
#1818=ADVANCED_FACE('',(#169),#66,.T.);
#1819=ADVANCED_FACE('',(#170),#67,.F.);
#1820=ADVANCED_FACE('',(#171),#68,.T.);
#1821=ADVANCED_FACE('',(#172),#69,.F.);
#1822=ADVANCED_FACE('',(#173),#70,.T.);
#1823=ADVANCED_FACE('',(#174),#71,.T.);
#1824=ADVANCED_FACE('',(#175,#17),#72,.T.);
#1825=ADVANCED_FACE('',(#176),#73,.T.);
#1826=ADVANCED_FACE('',(#177),#74,.T.);
#1827=ADVANCED_FACE('',(#178),#75,.F.);
#1828=ADVANCED_FACE('',(#179),#76,.F.);
#1829=ADVANCED_FACE('',(#180),#77,.T.);
#1830=ADVANCED_FACE('',(#181),#78,.T.);
#1831=ADVANCED_FACE('',(#182),#79,.F.);
#1832=ADVANCED_FACE('',(#183),#80,.F.);
#1833=ADVANCED_FACE('',(#184,#18),#81,.F.);
#1834=ADVANCED_FACE('',(#185),#82,.T.);
#1835=ADVANCED_FACE('',(#186),#114,.F.);
#1836=ADVANCED_FACE('',(#187),#83,.T.);
#1837=ADVANCED_FACE('',(#188),#84,.T.);
#1838=ADVANCED_FACE('',(#189),#85,.T.);
#1839=ADVANCED_FACE('',(#190),#115,.F.);
#1840=ADVANCED_FACE('',(#191),#1764,.F.);
#1841=ADVANCED_FACE('',(#192),#86,.F.);
#1842=ADVANCED_FACE('',(#193),#87,.F.);
#1843=ADVANCED_FACE('',(#194),#88,.T.);
#1844=ADVANCED_FACE('',(#195),#1765,.F.);
#1845=ADVANCED_FACE('',(#196),#89,.T.);
#1846=ADVANCED_FACE('',(#197),#90,.F.);
#1847=ADVANCED_FACE('',(#198),#91,.T.);
#1848=ADVANCED_FACE('',(#199),#92,.F.);
#1849=ADVANCED_FACE('',(#200),#93,.T.);
#1850=ADVANCED_FACE('',(#201),#94,.T.);
#1851=ADVANCED_FACE('',(#202),#95,.T.);
#1852=ADVANCED_FACE('',(#203),#96,.F.);
#1853=ADVANCED_FACE('',(#204),#116,.T.);
#1854=ADVANCED_FACE('',(#205),#97,.T.);
#1855=ADVANCED_FACE('',(#206),#98,.F.);
#1856=ADVANCED_FACE('',(#207),#99,.F.);
#1857=ADVANCED_FACE('',(#208),#100,.F.);
#1858=ADVANCED_FACE('',(#209),#101,.T.);
#1859=ADVANCED_FACE('',(#210),#102,.F.);
#1860=CLOSED_SHELL('',(#1766,#1767,#1768,#1769,#1770,#1771,#1772,#1773,
#1774,#1775,#1776,#1777,#1778,#1779,#1780,#1781,#1782,#1783,#1784,#1785,
#1786,#1787,#1788,#1789,#1790,#1791,#1792,#1793,#1794,#1795,#1796,#1797,
#1798,#1799,#1800,#1801,#1802,#1803,#1804,#1805,#1806,#1807,#1808,#1809,
#1810,#1811,#1812,#1813,#1814,#1815,#1816,#1817,#1818,#1819,#1820,#1821,
#1822,#1823,#1824,#1825,#1826,#1827,#1828,#1829,#1830,#1831,#1832,#1833,
#1834,#1835,#1836,#1837,#1838,#1839,#1840,#1841,#1842,#1843,#1844,#1845,
#1846,#1847,#1848,#1849,#1850,#1851,#1852,#1853,#1854,#1855,#1856,#1857,
#1858,#1859));
#1861=DERIVED_UNIT_ELEMENT(#1863,1.);
#1862=DERIVED_UNIT_ELEMENT(#3018,-3.);
#1863=(
MASS_UNIT()
NAMED_UNIT(*)
SI_UNIT(.KILO.,.GRAM.)
);
#1864=DERIVED_UNIT((#1861,#1862));
#1865=MEASURE_REPRESENTATION_ITEM('density measure',
POSITIVE_RATIO_MEASURE(7850.),#1864);
#1866=PROPERTY_DEFINITION_REPRESENTATION(#1871,#1868);
#1867=PROPERTY_DEFINITION_REPRESENTATION(#1872,#1869);
#1868=REPRESENTATION('material name',(#1870),#3015);
#1869=REPRESENTATION('density',(#1865),#3015);
#1870=DESCRIPTIVE_REPRESENTATION_ITEM('Acero','Acero');
#1871=PROPERTY_DEFINITION('material property','material name',#3025);
#1872=PROPERTY_DEFINITION('material property','density of part',#3025);
#1873=AXIS2_PLACEMENT_3D('',#2479,#1997,#1998);
#1874=AXIS2_PLACEMENT_3D('',#2480,#1999,#2000);
#1875=AXIS2_PLACEMENT_3D('',#2483,#2001,#2002);
#1876=AXIS2_PLACEMENT_3D('',#2484,#2003,#2004);
#1877=AXIS2_PLACEMENT_3D('',#2487,#2006,#2007);
#1878=AXIS2_PLACEMENT_3D('',#2488,#2008,#2009);
#1879=AXIS2_PLACEMENT_3D('',#2491,#2010,#2011);
#1880=AXIS2_PLACEMENT_3D('',#2495,#2013,#2014);
#1881=AXIS2_PLACEMENT_3D('',#2499,#2016,#2017);
#1882=AXIS2_PLACEMENT_3D('',#2501,#2018,#2019);
#1883=AXIS2_PLACEMENT_3D('',#2505,#2021,#2022);
#1884=AXIS2_PLACEMENT_3D('',#2508,#2024,#2025);
#1885=AXIS2_PLACEMENT_3D('',#2509,#2026,#2027);
#1886=AXIS2_PLACEMENT_3D('',#2512,#2029,#2030);
#1887=AXIS2_PLACEMENT_3D('',#2513,#2031,#2032);
#1888=AXIS2_PLACEMENT_3D('',#2516,#2033,#2034);
#1889=AXIS2_PLACEMENT_3D('',#2520,#2036,#2037);
#1890=AXIS2_PLACEMENT_3D('',#2522,#2038,#2039);
#1891=AXIS2_PLACEMENT_3D('',#2526,#2041,#2042);
#1892=AXIS2_PLACEMENT_3D('',#2530,#2044,#2045);
#1893=AXIS2_PLACEMENT_3D('',#2534,#2047,#2048);
#1894=AXIS2_PLACEMENT_3D('',#2538,#2050,#2051);
#1895=AXIS2_PLACEMENT_3D('',#2540,#2052,#2053);
#1896=AXIS2_PLACEMENT_3D('',#2542,#2055,#2056);
#1897=AXIS2_PLACEMENT_3D('',#2565,#2068,#2069);
#1898=AXIS2_PLACEMENT_3D('',#2579,#2077,#2078);
#1899=AXIS2_PLACEMENT_3D('',#2587,#2083,#2084);
#1900=AXIS2_PLACEMENT_3D('',#2591,#2087,#2088);
#1901=AXIS2_PLACEMENT_3D('',#2595,#2091,#2092);
#1902=AXIS2_PLACEMENT_3D('',#2599,#2095,#2096);
#1903=AXIS2_PLACEMENT_3D('',#2603,#2099,#2100);
#1904=AXIS2_PLACEMENT_3D('',#2611,#2105,#2106);
#1905=AXIS2_PLACEMENT_3D('',#2623,#2113,#2114);
#1906=AXIS2_PLACEMENT_3D('',#2629,#2118,#2119);
#1907=AXIS2_PLACEMENT_3D('',#2633,#2121,#2122);
#1908=AXIS2_PLACEMENT_3D('',#2635,#2124,#2125);
#1909=AXIS2_PLACEMENT_3D('',#2640,#2128,#2129);
#1910=AXIS2_PLACEMENT_3D('',#2641,#2130,#2131);
#1911=AXIS2_PLACEMENT_3D('',#2645,#2134,#2135);
#1912=AXIS2_PLACEMENT_3D('',#2649,#2138,#2139);
#1913=AXIS2_PLACEMENT_3D('',#2655,#2143,#2144);
#1914=AXIS2_PLACEMENT_3D('',#2659,#2147,#2148);
#1915=AXIS2_PLACEMENT_3D('',#2688,#2164,#2165);
#1916=AXIS2_PLACEMENT_3D('',#2692,#2168,#2169);
#1917=AXIS2_PLACEMENT_3D('',#2718,#2183,#2184);
#1918=AXIS2_PLACEMENT_3D('',#2720,#2186,#2187);
#1919=AXIS2_PLACEMENT_3D('',#2724,#2190,#2191);
#1920=AXIS2_PLACEMENT_3D('',#2728,#2194,#2195);
#1921=AXIS2_PLACEMENT_3D('',#2734,#2199,#2200);
#1922=AXIS2_PLACEMENT_3D('',#2738,#2203,#2204);
#1923=AXIS2_PLACEMENT_3D('',#2754,#2213,#2214);
#1924=AXIS2_PLACEMENT_3D('',#2757,#2216,#2217);
#1925=AXIS2_PLACEMENT_3D('',#2758,#2218,#2219);
#1926=AXIS2_PLACEMENT_3D('',#2772,#2227,#2228);
#1927=AXIS2_PLACEMENT_3D('',#2780,#2233,#2234);
#1928=AXIS2_PLACEMENT_3D('',#2787,#2239,#2240);
#1929=AXIS2_PLACEMENT_3D('',#2793,#2244,#2245);
#1930=AXIS2_PLACEMENT_3D('',#2797,#2248,#2249);
#1931=AXIS2_PLACEMENT_3D('',#2803,#2253,#2254);
#1932=AXIS2_PLACEMENT_3D('',#2805,#2256,#2257);
#1933=AXIS2_PLACEMENT_3D('',#2807,#2259,#2260);
#1934=AXIS2_PLACEMENT_3D('',#2809,#2262,#2263);
#1935=AXIS2_PLACEMENT_3D('',#2811,#2265,#2266);
#1936=AXIS2_PLACEMENT_3D('',#2813,#2268,#2269);
#1937=AXIS2_PLACEMENT_3D('',#2814,#2270,#2271);
#1938=AXIS2_PLACEMENT_3D('',#2818,#2274,#2275);
#1939=AXIS2_PLACEMENT_3D('',#2822,#2278,#2279);
#1940=AXIS2_PLACEMENT_3D('',#2834,#2286,#2287);
#1941=AXIS2_PLACEMENT_3D('',#2840,#2291,#2292);
#1942=AXIS2_PLACEMENT_3D('',#2844,#2295,#2296);
#1943=AXIS2_PLACEMENT_3D('',#2848,#2299,#2300);
#1944=AXIS2_PLACEMENT_3D('',#2852,#2303,#2304);
#1945=AXIS2_PLACEMENT_3D('',#2856,#2307,#2308);
#1946=AXIS2_PLACEMENT_3D('',#2858,#2310,#2311);
#1947=AXIS2_PLACEMENT_3D('',#2865,#2316,#2317);
#1948=AXIS2_PLACEMENT_3D('',#2866,#2318,#2319);
#1949=AXIS2_PLACEMENT_3D('',#2872,#2323,#2324);
#1950=AXIS2_PLACEMENT_3D('',#2873,#2325,#2326);
#1951=AXIS2_PLACEMENT_3D('',#2874,#2327,#2328);
#1952=AXIS2_PLACEMENT_3D('',#2876,#2329,#2330);
#1953=AXIS2_PLACEMENT_3D('',#2884,#2335,#2336);
#1954=AXIS2_PLACEMENT_3D('',#2888,#2339,#2340);
#1955=AXIS2_PLACEMENT_3D('',#2894,#2344,#2345);
#1956=AXIS2_PLACEMENT_3D('',#2896,#2347,#2348);
#1957=AXIS2_PLACEMENT_3D('',#2898,#2349,#2350);
#1958=AXIS2_PLACEMENT_3D('',#2906,#2354,#2355);
#1959=AXIS2_PLACEMENT_3D('',#2912,#2359,#2360);
#1960=AXIS2_PLACEMENT_3D('',#2914,#2362,#2363);
#1961=AXIS2_PLACEMENT_3D('',#2916,#2365,#2366);
#1962=AXIS2_PLACEMENT_3D('',#2923,#2371,#2372);
#1963=AXIS2_PLACEMENT_3D('',#2928,#2376,#2377);
#1964=AXIS2_PLACEMENT_3D('',#2929,#2378,#2379);
#1965=AXIS2_PLACEMENT_3D('',#2931,#2381,#2382);
#1966=AXIS2_PLACEMENT_3D('',#2936,#2384,#2385);
#1967=AXIS2_PLACEMENT_3D('',#2937,#2386,#2387);
#1968=AXIS2_PLACEMENT_3D('',#2938,#2388,#2389);
#1969=AXIS2_PLACEMENT_3D('',#2942,#2392,#2393);
#1970=AXIS2_PLACEMENT_3D('',#2943,#2394,#2395);
#1971=AXIS2_PLACEMENT_3D('',#2944,#2396,#2397);
#1972=AXIS2_PLACEMENT_3D('',#2948,#2400,#2401);
#1973=AXIS2_PLACEMENT_3D('',#2965,#2412,#2413);
#1974=AXIS2_PLACEMENT_3D('',#2967,#2415,#2416);
#1975=AXIS2_PLACEMENT_3D('',#2968,#2417,#2418);
#1976=AXIS2_PLACEMENT_3D('',#2969,#2419,#2420);
#1977=AXIS2_PLACEMENT_3D('',#2970,#2421,#2422);
#1978=AXIS2_PLACEMENT_3D('',#2971,#2423,#2424);
#1979=AXIS2_PLACEMENT_3D('',#2976,#2428,#2429);
#1980=AXIS2_PLACEMENT_3D('',#2981,#2433,#2434);
#1981=AXIS2_PLACEMENT_3D('',#2982,#2435,#2436);
#1982=AXIS2_PLACEMENT_3D('',#2985,#2438,#2439);
#1983=AXIS2_PLACEMENT_3D('',#2987,#2441,#2442);
#1984=AXIS2_PLACEMENT_3D('',#2989,#2444,#2445);
#1985=AXIS2_PLACEMENT_3D('',#2990,#2446,#2447);
#1986=AXIS2_PLACEMENT_3D('',#2991,#2448,#2449);
#1987=AXIS2_PLACEMENT_3D('',#2995,#2452,#2453);
#1988=AXIS2_PLACEMENT_3D('',#2997,#2455,#2456);
#1989=AXIS2_PLACEMENT_3D('',#3001,#2459,#2460);
#1990=AXIS2_PLACEMENT_3D('',#3003,#2462,#2463);
#1991=AXIS2_PLACEMENT_3D('',#3004,#2464,#2465);
#1992=AXIS2_PLACEMENT_3D('',#3005,#2466,#2467);
#1993=AXIS2_PLACEMENT_3D('',#3007,#2469,#2470);
#1994=AXIS2_PLACEMENT_3D('',#3008,#2471,#2472);
#1995=AXIS2_PLACEMENT_3D('',#3010,#2474,#2475);
#1996=AXIS2_PLACEMENT_3D('',#3012,#2477,#2478);
#1997=DIRECTION('axis',(0.,0.,1.));
#1998=DIRECTION('refdir',(1.,0.,0.));
#1999=DIRECTION('center_axis',(6.17594954239913E-20,1.31273881007408E-20,
-1.));
#2000=DIRECTION('ref_axis',(-1.,0.,-6.17594954239913E-20));
#2001=DIRECTION('center_axis',(6.17594979179063E-20,1.31273865278971E-20,
-1.));
#2002=DIRECTION('ref_axis',(-1.,1.36280098733297E-31,-6.17594979179063E-20));
#2003=DIRECTION('center_axis',(6.17594979179063E-20,1.31273865278971E-20,
-1.));
#2004=DIRECTION('ref_axis',(-1.,1.36280098733297E-31,-6.17594979179063E-20));
#2005=DIRECTION('',(0.500000000011059,-6.12209713071415E-17,-0.866025403778054));
#2006=DIRECTION('center_axis',(-6.17594954239913E-20,-1.31273881007408E-20,
1.));
#2007=DIRECTION('ref_axis',(-1.,0.,-6.17594954239913E-20));
#2008=DIRECTION('center_axis',(0.,0.,1.));
#2009=DIRECTION('ref_axis',(0.477130351041822,-0.878832537014139,0.));
#2010=DIRECTION('center_axis',(0.342020143325671,5.92501426912987E-16,-0.939692620785908));
#2011=DIRECTION('ref_axis',(0.939692620785908,5.89263175479771E-13,0.342020143325671));
#2012=DIRECTION('',(0.,0.,-1.));
#2013=DIRECTION('center_axis',(0.,0.,-1.));
#2014=DIRECTION('ref_axis',(1.,0.,0.));
#2015=DIRECTION('',(0.,0.,1.));
#2016=DIRECTION('center_axis',(0.,0.,-1.));
#2017=DIRECTION('ref_axis',(1.,0.,0.));
#2018=DIRECTION('center_axis',(-0.847100670886274,-0.180056805991955,-0.500000000000001));
#2019=DIRECTION('ref_axis',(0.489073800366903,0.103955845408882,-0.866025403784438));
#2020=DIRECTION('',(0.,0.,1.));
#2021=DIRECTION('center_axis',(0.,1.31273865278971E-20,-1.));
#2022=DIRECTION('ref_axis',(1.,1.705856029288E-31,2.23934314574074E-51));
#2023=DIRECTION('',(0.,0.,1.));
#2024=DIRECTION('center_axis',(-0.34202014332567,-5.09367976858713E-15,
-0.939692620785908));
#2025=DIRECTION('ref_axis',(0.939692620785908,-4.24458675586051E-13,-0.34202014332567));
#2026=DIRECTION('center_axis',(0.,0.,1.));
#2027=DIRECTION('ref_axis',(1.,0.,0.));
#2028=DIRECTION('',(0.,0.,1.));
#2029=DIRECTION('center_axis',(0.,0.,1.));
#2030=DIRECTION('ref_axis',(1.,0.,0.));
#2031=DIRECTION('center_axis',(0.,0.,1.));
#2032=DIRECTION('ref_axis',(-0.207911690815201,-0.978147600734349,0.));
#2033=DIRECTION('center_axis',(0.,1.31273865278971E-20,-1.));
#2034=DIRECTION('ref_axis',(-1.,1.705856029288E-31,2.23934314574074E-51));
#2035=DIRECTION('',(0.,0.,-1.));
#2036=DIRECTION('center_axis',(-0.847100670886273,0.180056805991955,0.500000000000001));
#2037=DIRECTION('ref_axis',(0.489073800366907,-0.103955845408865,0.866025403784438));
#2038=DIRECTION('center_axis',(0.,0.,-1.));
#2039=DIRECTION('ref_axis',(1.,2.57571741713036E-14,0.));
#2040=DIRECTION('',(0.,0.,-1.));
#2041=DIRECTION('center_axis',(0.,0.,-1.));
#2042=DIRECTION('ref_axis',(1.,0.,0.));
#2043=DIRECTION('',(0.,0.,1.));
#2044=DIRECTION('center_axis',(0.,0.,-1.));
#2045=DIRECTION('ref_axis',(1.,0.,0.));
#2046=DIRECTION('',(0.,0.,-1.));
#2047=DIRECTION('center_axis',(0.,0.,-1.));
#2048=DIRECTION('ref_axis',(1.,1.77635683940025E-15,0.));
#2049=DIRECTION('',(0.,0.,1.));
#2050=DIRECTION('center_axis',(0.,0.,-1.));
#2051=DIRECTION('ref_axis',(1.,4.79616346638068E-14,0.));
#2052=DIRECTION('center_axis',(0.847100670886252,-0.180056805991963,0.500000000000034));
#2053=DIRECTION('ref_axis',(0.48907380036707,-0.103955845408258,-0.866025403784419));
#2054=DIRECTION('',(0.,0.,1.));
#2055=DIRECTION('center_axis',(0.,0.,1.));
#2056=DIRECTION('ref_axis',(1.,0.,0.));
#2057=DIRECTION('',(0.866025403784436,-0.500000000000004,0.));
#2058=DIRECTION('',(-0.207911690817758,0.978147600733806,0.));
#2059=DIRECTION('',(-0.96592582628907,0.258819045102513,0.));
#2060=DIRECTION('',(-1.,0.,0.));
#2061=DIRECTION('',(-0.96592582628907,-0.258819045102513,0.));
#2062=DIRECTION('',(-0.207911690817758,-0.978147600733806,0.));
#2063=DIRECTION('',(0.866025403784436,0.500000000000004,0.));
#2064=DIRECTION('',(0.866025403784438,-0.500000000000001,0.));
#2065=DIRECTION('',(0.866025403784438,0.500000000000002,0.));
#2066=DIRECTION('',(0.866025403784438,-0.500000000000001,0.));
#2067=DIRECTION('',(0.866025403784438,0.500000000000001,0.));
#2068=DIRECTION('center_axis',(0.847100670886274,0.180056805991956,0.5));
#2069=DIRECTION('ref_axis',(0.508307672000618,1.38777878078145E-17,-0.861175539936727));
#2070=DIRECTION('',(-0.20791169081776,0.978147600733805,-1.5839538926593E-16));
#2071=DIRECTION('',(-0.410007388325903,0.820014776651812,0.399336584338138));
#2072=DIRECTION('',(-0.525264028106656,0.140744072144307,0.83921916501794));
#2073=DIRECTION('',(0.52447729551879,-0.13153410624366,-0.84120291569869));
#2074=DIRECTION('',(-0.207911690817758,0.978147600733806,-2.63068282727277E-15));
#2075=DIRECTION('',(-0.207911690817759,0.978147600733806,-1.21430643318377E-15));
#2076=DIRECTION('',(0.489073800366901,0.103955845408886,-0.866025403784439));
#2077=DIRECTION('center_axis',(0.492403876506104,0.852868531952443,0.17364817766693));
#2078=DIRECTION('ref_axis',(-0.866025403784439,0.5,1.38777878078145E-17));
#2079=DIRECTION('',(-0.866025403784438,0.5,0.));
#2080=DIRECTION('',(0.,-0.199511483278864,0.979895488325091));
#2081=DIRECTION('',(0.866025403784438,-0.5,0.));
#2082=DIRECTION('',(0.172782012866197,0.0997557416394394,-0.979895488325092));
#2083=DIRECTION('center_axis',(-0.492403876506105,0.852868531952443,0.17364817766693));
#2084=DIRECTION('ref_axis',(-0.866025403784438,-0.500000000000001,1.38777878078145E-17));
#2085=DIRECTION('',(0.866025403784438,0.500000000000001,0.));
#2086=DIRECTION('',(8.49923853800646E-16,-0.199511483278863,0.979895488325091));
#2087=DIRECTION('center_axis',(0.492403876506104,0.852868531952443,0.17364817766693));
#2088=DIRECTION('ref_axis',(-0.866025403784439,0.5,1.38777878078145E-17));
#2089=DIRECTION('',(7.25976625121385E-16,-0.199511483278864,0.979895488325091));
#2090=DIRECTION('',(0.866025403784438,-0.5,0.));
#2091=DIRECTION('center_axis',(-0.492403876506104,0.852868531952443,0.17364817766693));
#2092=DIRECTION('ref_axis',(-0.866025403784439,-0.5,-1.38777878078145E-17));
#2093=DIRECTION('',(-1.41653975633441E-15,-0.199511483278864,0.97989548832509));
#2094=DIRECTION('',(0.866025403784438,0.5,0.));
#2095=DIRECTION('center_axis',(0.492403876506104,0.852868531952443,0.17364817766693));
#2096=DIRECTION('ref_axis',(-0.866025403784439,0.5,1.38777878078145E-17));
#2097=DIRECTION('',(0.866025403784438,-0.5,0.));
#2098=DIRECTION('',(-1.69984770760129E-15,-0.199511483278862,0.979895488325091));
#2099=DIRECTION('center_axis',(-0.492403876506105,0.852868531952443,0.17364817766693));
#2100=DIRECTION('ref_axis',(-0.866025403784438,-0.500000000000001,0.));
#2101=DIRECTION('',(0.866025403784438,0.500000000000001,0.));
#2102=DIRECTION('',(-0.524477295518803,-0.131534106243667,-0.841202915698681));
#2103=DIRECTION('',(-0.866025403784438,-0.500000000000001,0.));
#2104=DIRECTION('',(0.172782012866197,-0.0997557416394393,0.979895488325092));
#2105=DIRECTION('center_axis',(0.847100670886274,-0.180056805991956,-0.5));
#2106=DIRECTION('ref_axis',(-0.508307672000618,1.38777878078145E-17,-0.861175539936727));
#2107=DIRECTION('',(0.410007388325903,0.820014776651812,0.399336584338139));
#2108=DIRECTION('',(0.20791169081776,0.978147600733805,5.54383862430756E-16));
#2109=DIRECTION('',(-0.489073800366901,0.103955845408885,-0.866025403784439));
#2110=DIRECTION('',(0.207911690817759,0.978147600733806,-1.21430643318377E-15));
#2111=DIRECTION('',(0.207911690817758,0.978147600733806,-2.63068282727277E-15));
#2112=DIRECTION('',(0.525264028106656,0.140744072144307,0.83921916501794));
#2113=DIRECTION('center_axis',(0.258819045102521,-0.965925826289068,0.));
#2114=DIRECTION('ref_axis',(0.965925826289068,0.258819045102521,0.));
#2115=DIRECTION('',(0.,0.,1.));
#2116=DIRECTION('',(0.965925826289068,0.258819045102521,0.));
#2117=DIRECTION('',(0.,0.,-1.));
#2118=DIRECTION('center_axis',(0.,1.,0.));
#2119=DIRECTION('ref_axis',(0.,0.,1.));
#2120=DIRECTION('',(0.,0.,-1.));
#2121=DIRECTION('center_axis',(8.10740800937212E-40,-1.,-1.31273865278971E-20));
#2122=DIRECTION('ref_axis',(-1.06429078678397E-59,1.31273865278971E-20,
-1.));
#2123=DIRECTION('',(-1.,0.,0.));
#2124=DIRECTION('center_axis',(0.258819045102521,0.965925826289068,0.));
#2125=DIRECTION('ref_axis',(-0.965925826289068,0.258819045102521,0.));
#2126=DIRECTION('',(0.,0.,-1.));
#2127=DIRECTION('',(-0.965925826289068,0.258819045102521,0.));
#2128=DIRECTION('center_axis',(-0.258819045102545,-0.965925826289062,-1.28350209483867E-14));
#2129=DIRECTION('ref_axis',(0.965925826289062,-0.258819045102545,8.45498576267494E-13));
#2130=DIRECTION('center_axis',(-0.894427190999916,-0.447213595499958,0.));
#2131=DIRECTION('ref_axis',(0.447213595499958,-0.894427190999916,0.));
#2132=DIRECTION('',(0.,0.,1.));
#2133=DIRECTION('',(0.447213595499958,-0.894427190999916,0.));
#2134=DIRECTION('center_axis',(0.978147600733806,0.20791169081776,-3.34389571197638E-15));
#2135=DIRECTION('ref_axis',(-0.20791169081776,0.978147600733805,9.86076131526264E-32));
#2136=DIRECTION('',(-3.27082356777375E-15,-6.95235011395266E-16,-1.));
#2137=DIRECTION('',(-0.20791169081776,0.978147600733805,0.));
#2138=DIRECTION('center_axis',(-0.207911690817761,0.978147600733805,0.));
#2139=DIRECTION('ref_axis',(-0.978147600733805,-0.207911690817761,0.));
#2140=DIRECTION('',(0.,0.,1.));
#2141=DIRECTION('',(-0.48907380036689,-0.103955845408937,0.866025403784439));
#2142=DIRECTION('',(-0.978147600733805,-0.207911690817761,0.));
#2143=DIRECTION('center_axis',(-0.978147600733806,-0.207911690817759,0.));
#2144=DIRECTION('ref_axis',(0.207911690817759,-0.978147600733806,0.));
#2145=DIRECTION('',(0.,0.,1.));
#2146=DIRECTION('',(0.207911690817759,-0.978147600733806,0.));
#2147=DIRECTION('center_axis',(0.,0.,1.));
#2148=DIRECTION('ref_axis',(1.,0.,0.));
#2149=DIRECTION('',(0.,-1.,0.));
#2150=DIRECTION('',(0.707106781186546,-0.707106781186549,0.));
#2151=DIRECTION('',(1.,0.,0.));
#2152=DIRECTION('',(0.707106781186548,0.707106781186547,0.));
#2153=DIRECTION('',(0.,1.,0.));
#2154=DIRECTION('',(-1.,0.,0.));
#2155=DIRECTION('',(0.,-1.,0.));
#2156=DIRECTION('',(-0.866025403784437,-0.500000000000002,0.));
#2157=DIRECTION('',(-0.866025403784439,0.499999999999999,0.));
#2158=DIRECTION('',(-0.866025403784439,-0.499999999999999,0.));
#2159=DIRECTION('',(-0.866025403784439,0.499999999999999,0.));
#2160=DIRECTION('',(-0.866025403784438,-0.5,0.));
#2161=DIRECTION('',(-0.866025403784438,0.500000000000002,0.));
#2162=DIRECTION('',(0.,1.,0.));
#2163=DIRECTION('',(-1.,0.,0.));
#2164=DIRECTION('center_axis',(0.984807753012208,3.36417305299544E-16,0.17364817766693));
#2165=DIRECTION('ref_axis',(0.17364817766693,-1.23259516440783E-32,-0.984807753012208));
#2166=DIRECTION('',(3.31306370506466E-16,-1.,5.8418252000885E-17));
#2167=DIRECTION('',(0.17278201286621,-0.0997557416394318,-0.979895488325091));
#2168=DIRECTION('center_axis',(0.,0.,1.));
#2169=DIRECTION('ref_axis',(1.,0.,0.));
#2170=DIRECTION('',(0.86602540378444,-0.499999999999998,0.));
#2171=DIRECTION('',(0.866025403784441,0.499999999999995,0.));
#2172=DIRECTION('',(0.86602540378444,-0.499999999999998,0.));
#2173=DIRECTION('',(0.86602540378444,0.499999999999997,0.));
#2174=DIRECTION('',(0.,-1.,0.));
#2175=DIRECTION('',(0.866025403784441,-0.499999999999997,0.));
#2176=DIRECTION('',(0.866025403784438,0.5,0.));
#2177=DIRECTION('',(0.866025403784439,-0.5,0.));
#2178=DIRECTION('',(0.,-1.,0.));
#2179=DIRECTION('',(-0.866025403784439,-0.5,0.));
#2180=DIRECTION('',(-0.866025403784439,0.499999999999999,0.));
#2181=DIRECTION('',(0.,1.,0.));
#2182=DIRECTION('',(0.866025403784439,0.5,0.));
#2183=DIRECTION('center_axis',(-0.984807753012208,-6.72834610599088E-16,
0.17364817766693));
#2184=DIRECTION('ref_axis',(0.17364817766693,-2.46519032881566E-32,0.984807753012208));
#2185=DIRECTION('',(0.172782012866209,0.099755741639434,0.97989548832509));
#2186=DIRECTION('center_axis',(0.894427190999918,-0.447213595499955,0.));
#2187=DIRECTION('ref_axis',(0.447213595499955,0.894427190999918,0.));
#2188=DIRECTION('',(0.447213595499955,0.894427190999918,0.));
#2189=DIRECTION('',(0.,0.,-1.));
#2190=DIRECTION('center_axis',(-0.978147600733806,0.20791169081776,0.));
#2191=DIRECTION('ref_axis',(-0.20791169081776,-0.978147600733805,0.));
#2192=DIRECTION('',(-0.20791169081776,-0.978147600733806,0.));
#2193=DIRECTION('',(0.,0.,1.));
#2194=DIRECTION('center_axis',(0.20791169081776,0.978147600733806,0.));
#2195=DIRECTION('ref_axis',(-0.978147600733805,0.20791169081776,0.));
#2196=DIRECTION('',(0.,0.,-1.));
#2197=DIRECTION('',(-0.978147600733805,0.20791169081776,0.));
#2198=DIRECTION('',(-0.48907380036689,0.103955845408937,-0.866025403784439));
#2199=DIRECTION('center_axis',(0.978147600733806,-0.207911690817759,0.));
#2200=DIRECTION('ref_axis',(0.207911690817759,0.978147600733806,0.));
#2201=DIRECTION('',(0.,0.,-1.));
#2202=DIRECTION('',(0.207911690817759,0.978147600733806,0.));
#2203=DIRECTION('center_axis',(6.17594979179063E-20,1.31273865278971E-20,
-1.));
#2204=DIRECTION('ref_axis',(-1.,0.,-6.17594979179063E-20));
#2205=DIRECTION('',(8.10740800937212E-40,-1.,-1.31273865278971E-20));
#2206=DIRECTION('',(-1.,-8.10740800937212E-40,-1.06429078678397E-59));
#2207=DIRECTION('',(8.10740800937212E-40,-1.,-1.31273865278971E-20));
#2208=DIRECTION('',(1.,8.10740800937212E-40,1.06429078678397E-59));
#2209=DIRECTION('',(8.10740800937212E-40,-1.,-1.31273865278971E-20));
#2210=DIRECTION('',(-1.,0.,-6.17594979179063E-20));
#2211=DIRECTION('',(0.812362737671584,0.583152452145002,0.));
#2212=DIRECTION('',(-0.207911690817758,-0.978147600733806,-2.56810432723355E-20));
#2213=DIRECTION('center_axis',(8.10740800937212E-40,-1.,-1.31273865278971E-20));
#2214=DIRECTION('ref_axis',(1.22464679914735E-16,-1.31273865278971E-20,
1.));
#2215=DIRECTION('',(-8.10740800937212E-40,1.,1.31273865278971E-20));
#2216=DIRECTION('center_axis',(-8.10740800937212E-40,1.,1.31273865278971E-20));
#2217=DIRECTION('ref_axis',(-1.06429078678397E-59,1.31273865278971E-20,
-1.));
#2218=DIRECTION('center_axis',(6.17594979179063E-20,1.31273865278971E-20,
-1.));
#2219=DIRECTION('ref_axis',(-1.,0.,-6.17594979179063E-20));
#2220=DIRECTION('',(-1.,0.,-6.17594979179063E-20));
#2221=DIRECTION('',(-0.207911690817758,0.978147600733806,1.83198967421448E-34));
#2222=DIRECTION('',(0.812362737671584,-0.583152452145003,0.));
#2223=DIRECTION('',(-1.,0.,-6.17594979179063E-20));
#2224=DIRECTION('',(-8.10740800937212E-40,1.,1.31273865278971E-20));
#2225=DIRECTION('',(1.,8.10740800937212E-40,1.06429078678397E-59));
#2226=DIRECTION('',(-8.10740800937212E-40,1.,1.31273865278971E-20));
#2227=DIRECTION('center_axis',(-4.44089209850063E-16,1.,-9.93147808999618E-17));
#2228=DIRECTION('ref_axis',(-1.,-4.44089209850063E-16,0.));
#2229=DIRECTION('',(-0.50830767200067,0.,0.861175539936696));
#2230=DIRECTION('',(4.41046225762962E-32,-9.93147808999618E-17,-1.));
#2231=DIRECTION('',(0.5,0.,0.866025403784439));
#2232=DIRECTION('',(-1.,-4.44089209850063E-16,0.));
#2233=DIRECTION('center_axis',(-0.847100670886274,-0.180056805991956,-0.499999999999999));
#2234=DIRECTION('ref_axis',(-0.508307672000617,0.,0.861175539936727));
#2235=DIRECTION('',(-0.489073800366903,-0.10395584540888,0.866025403784438));
#2236=DIRECTION('',(-0.207911690817759,0.978147600733806,-1.29341451361105E-15));
#2237=DIRECTION('',(-0.508307672000605,-8.6250439048154E-15,0.861175539936734));
#2238=DIRECTION('',(0.207911690817759,-0.978147600733806,2.50603705264562E-15));
#2239=DIRECTION('center_axis',(-0.707106781186548,-0.707106781186547,0.));
#2240=DIRECTION('ref_axis',(0.707106781186547,-0.707106781186548,0.));
#2241=DIRECTION('',(0.,0.,-1.));
#2242=DIRECTION('',(0.707106781186547,-0.707106781186548,0.));
#2243=DIRECTION('',(0.,0.,1.));
#2244=DIRECTION('center_axis',(-1.,-1.4797996443277E-16,0.));
#2245=DIRECTION('ref_axis',(1.4797996443277E-16,-1.,0.));
#2246=DIRECTION('',(0.,0.,-1.));
#2247=DIRECTION('',(1.4797996443277E-16,-1.,0.));
#2248=DIRECTION('center_axis',(-4.44089209850063E-16,-1.,9.93147808999618E-17));
#2249=DIRECTION('ref_axis',(1.,-4.44089209850063E-16,0.));
#2250=DIRECTION('',(0.500000000000004,0.,-0.866025403784436));
#2251=DIRECTION('',(0.508307672000672,0.,0.861175539936695));
#2252=DIRECTION('',(1.,-4.44089209850063E-16,0.));
#2253=DIRECTION('center_axis',(-0.492403876506104,-0.852868531952443,0.17364817766693));
#2254=DIRECTION('ref_axis',(0.866025403784439,-0.5,1.38777878078145E-17));
#2255=DIRECTION('',(-7.99928332988843E-16,0.199511483278864,0.97989548832509));
#2256=DIRECTION('center_axis',(0.492403876506104,-0.852868531952443,0.17364817766693));
#2257=DIRECTION('ref_axis',(0.866025403784439,0.5,-1.38777878078145E-17));
#2258=DIRECTION('',(-1.69984770760129E-15,0.199511483278862,0.979895488325091));
#2259=DIRECTION('center_axis',(-0.492403876506104,-0.852868531952443,0.17364817766693));
#2260=DIRECTION('ref_axis',(0.866025403784439,-0.5,1.38777878078145E-17));
#2261=DIRECTION('',(9.99910416236053E-17,0.199511483278863,0.979895488325091));
#2262=DIRECTION('center_axis',(0.492403876506104,-0.852868531952443,0.17364817766693));
#2263=DIRECTION('ref_axis',(0.866025403784439,0.5,-1.38777878078145E-17));
#2264=DIRECTION('',(5.99946249741632E-16,0.199511483278864,0.979895488325091));
#2265=DIRECTION('center_axis',(-0.492403876506103,-0.852868531952444,0.17364817766693));
#2266=DIRECTION('ref_axis',(0.866025403784439,-0.499999999999999,0.));
#2267=DIRECTION('',(0.,0.199511483278863,0.979895488325091));
#2268=DIRECTION('center_axis',(0.492403876506105,-0.852868531952443,0.17364817766693));
#2269=DIRECTION('ref_axis',(0.866025403784438,0.500000000000001,0.));
#2270=DIRECTION('center_axis',(1.,-1.4797996443277E-16,0.));
#2271=DIRECTION('ref_axis',(1.4797996443277E-16,1.,0.));
#2272=DIRECTION('',(0.,0.,-1.));
#2273=DIRECTION('',(1.4797996443277E-16,1.,0.));
#2274=DIRECTION('center_axis',(0.707106781186547,-0.707106781186549,0.));
#2275=DIRECTION('ref_axis',(0.707106781186549,0.707106781186547,0.));
#2276=DIRECTION('',(0.,0.,-1.));
#2277=DIRECTION('',(0.707106781186549,0.707106781186547,0.));
#2278=DIRECTION('center_axis',(2.50695521689552E-16,-1.,0.));
#2279=DIRECTION('ref_axis',(1.,2.50695521689552E-16,0.));
#2280=DIRECTION('',(0.,0.,1.));
#2281=DIRECTION('',(0.939692620785908,0.,0.342020143325671));
#2282=DIRECTION('',(0.939692620785908,0.,-0.342020143325669));
#2283=DIRECTION('',(0.,0.,-1.));
#2284=DIRECTION('',(1.,2.50695521689552E-16,0.));
#2285=DIRECTION('',(1.,2.50695521689552E-16,0.));
#2286=DIRECTION('center_axis',(1.,1.71693096998533E-16,0.));
#2287=DIRECTION('ref_axis',(-1.71693096998533E-16,1.,0.));
#2288=DIRECTION('',(0.,0.,1.));
#2289=DIRECTION('',(-1.71693096998533E-16,1.,0.));
#2290=DIRECTION('',(0.,0.,-1.));
#2291=DIRECTION('center_axis',(0.5,0.866025403784439,0.));
#2292=DIRECTION('ref_axis',(-0.866025403784439,0.5,0.));
#2293=DIRECTION('',(0.,0.,1.));
#2294=DIRECTION('',(-0.866025403784439,0.5,0.));
#2295=DIRECTION('center_axis',(-0.5,0.866025403784438,0.));
#2296=DIRECTION('ref_axis',(-0.866025403784438,-0.5,0.));
#2297=DIRECTION('',(0.,0.,1.));
#2298=DIRECTION('',(-0.866025403784438,-0.5,0.));
#2299=DIRECTION('center_axis',(-1.,-3.43386193997065E-16,0.));
#2300=DIRECTION('ref_axis',(3.43386193997065E-16,-1.,0.));
#2301=DIRECTION('',(0.,0.,1.));
#2302=DIRECTION('',(3.43386193997065E-16,-1.,0.));
#2303=DIRECTION('center_axis',(-0.5,-0.866025403784439,0.));
#2304=DIRECTION('ref_axis',(0.866025403784439,-0.5,0.));
#2305=DIRECTION('',(0.,0.,1.));
#2306=DIRECTION('',(0.866025403784439,-0.5,0.));
#2307=DIRECTION('center_axis',(0.5,-0.866025403784439,0.));
#2308=DIRECTION('ref_axis',(0.866025403784439,0.5,0.));
#2309=DIRECTION('',(0.866025403784439,0.5,0.));
#2310=DIRECTION('center_axis',(0.847100670886275,-0.180056805991956,-0.499999999999997));
#2311=DIRECTION('ref_axis',(-0.508307672000615,-1.38777878078145E-17,-0.861175539936728));
#2312=DIRECTION('',(-0.508307672000613,8.62504390481539E-15,-0.861175539936729));
#2313=DIRECTION('',(-0.207911690817759,-0.978147600733806,1.19640842509022E-15));
#2314=DIRECTION('',(-0.489073800366903,0.103955845408881,-0.866025403784438));
#2315=DIRECTION('',(0.207911690817758,0.978147600733806,-2.34742711260476E-15));
#2316=DIRECTION('center_axis',(-2.31554425030874E-16,-1.,0.));
#2317=DIRECTION('ref_axis',(1.,-2.31554425030874E-16,0.));
#2318=DIRECTION('center_axis',(-8.10740800937212E-40,1.,1.31273865278971E-20));
#2319=DIRECTION('ref_axis',(-1.06429078678397E-59,1.31273865278971E-20,
-1.));
#2320=DIRECTION('',(-0.508307672000616,0.,0.861175539936727));
#2321=DIRECTION('',(-1.,2.31554425030874E-16,0.));
#2322=DIRECTION('',(-0.508307672000618,0.,-0.861175539936726));
#2323=DIRECTION('center_axis',(-8.10740800937212E-40,1.,1.31273865278971E-20));
#2324=DIRECTION('ref_axis',(0.,-1.31273865278971E-20,1.));
#2325=DIRECTION('center_axis',(-8.10740800937212E-40,1.,1.31273865278971E-20));
#2326=DIRECTION('ref_axis',(-1.06429078678397E-59,1.31273865278971E-20,
-1.));
#2327=DIRECTION('center_axis',(6.17594979179063E-20,1.31273865278971E-20,
-1.));
#2328=DIRECTION('ref_axis',(-1.,0.,-6.17594979179063E-20));
#2329=DIRECTION('center_axis',(0.,-1.31273863061381E-20,1.));
#2330=DIRECTION('ref_axis',(0.,1.,1.31273863061381E-20));
#2331=DIRECTION('',(8.10740800937212E-40,-1.,-1.31273865278971E-20));
#2332=DIRECTION('',(-0.707106781186546,-0.707106781186549,-5.29530238135605E-20));
#2333=DIRECTION('',(-1.,0.,-6.17594979179063E-20));
#2334=DIRECTION('',(-8.10740800937212E-40,1.,1.31273865278971E-20));
#2335=DIRECTION('center_axis',(0.978147600733806,0.20791169081776,0.));
#2336=DIRECTION('ref_axis',(-0.20791169081776,0.978147600733805,0.));
#2337=DIRECTION('',(0.20791169081776,-0.978147600733805,0.));
#2338=DIRECTION('',(0.0946315973710383,-0.445206662299829,0.890413324598667));
#2339=DIRECTION('center_axis',(-0.612372435695795,-0.612372435695794,-0.5));
#2340=DIRECTION('ref_axis',(0.707106781186547,-0.707106781186548,0.));
#2341=DIRECTION('',(0.707106781186547,-0.707106781186548,0.));
#2342=DIRECTION('',(-0.202803010333575,-0.489609778037499,0.848029011443424));
#2343=DIRECTION('',(0.489609778037479,0.202803010333602,-0.848029011443429));
#2344=DIRECTION('center_axis',(-0.866025403784441,-1.28147844756633E-16,
-0.499999999999996));
#2345=DIRECTION('ref_axis',(-0.499999999999996,6.16297582203915E-33,0.866025403784441));
#2346=DIRECTION('',(1.10979288999469E-16,-1.,6.4073922378316E-17));
#2347=DIRECTION('center_axis',(6.17594979179063E-20,1.31273865278971E-20,
-1.));
#2348=DIRECTION('ref_axis',(-1.,0.,-6.17594979179063E-20));
#2349=DIRECTION('center_axis',(0.,-1.31273863061381E-20,1.));
#2350=DIRECTION('ref_axis',(0.,1.,1.31273863061381E-20));
#2351=DIRECTION('',(0.20791169081776,0.978147600733806,2.56810432723356E-20));
#2352=DIRECTION('',(1.,-3.32560110133413E-16,0.));
#2353=DIRECTION('',(0.20791169081776,-0.978147600733805,0.));
#2354=DIRECTION('center_axis',(0.,0.,1.));
#2355=DIRECTION('ref_axis',(-1.,7.105427357601E-15,0.));
#2356=DIRECTION('',(0.978147600733805,0.207911690817761,0.));
#2357=DIRECTION('',(8.10740800937212E-40,-1.,-1.31273865278971E-20));
#2358=DIRECTION('',(-1.,0.,-6.17594979179063E-20));
#2359=DIRECTION('center_axis',(0.866025403784439,-1.28147844756632E-16,
-0.5));
#2360=DIRECTION('ref_axis',(-0.5,6.16297582203915E-33,-0.866025403784439));
#2361=DIRECTION('',(-0.489609778037479,0.202803010333585,-0.848029011443433));
#2362=DIRECTION('center_axis',(0.612372435695799,-0.612372435695801,-0.499999999999987));
#2363=DIRECTION('ref_axis',(0.707106781186549,0.707106781186546,2.77555756156289E-17));
#2364=DIRECTION('',(-0.202803010333567,0.489609778037487,-0.848029011443433));
#2365=DIRECTION('center_axis',(-0.342020143325669,-8.93578975919573E-17,
0.939692620785908));
#2366=DIRECTION('ref_axis',(0.939692620785908,0.,0.342020143325669));
#2367=DIRECTION('',(3.05622009416817E-17,-1.,-8.39689569761051E-17));
#2368=DIRECTION('',(-0.702656433794005,-0.663978844403482,-0.255746026816659));
#2369=DIRECTION('',(3.65888226611204E-16,-1.,0.));
#2370=DIRECTION('',(-3.05622009416817E-17,1.,8.39689569761051E-17));
#2371=DIRECTION('center_axis',(-1.,-2.61228946970625E-16,-7.19111266625483E-17));
#2372=DIRECTION('ref_axis',(2.61228946970625E-16,-1.,0.));
#2373=DIRECTION('',(7.19111266625483E-17,1.87852678935287E-32,-1.));
#2374=DIRECTION('',(0.,-0.872838198522215,-0.488009712198942));
#2375=DIRECTION('',(0.,-0.499999999999999,0.866025403784439));
#2376=DIRECTION('center_axis',(2.17139570147104E-16,-0.86602540378444,-0.499999999999998));
#2377=DIRECTION('ref_axis',(0.,0.499999999999998,-0.86602540378444));
#2378=DIRECTION('center_axis',(2.17139570147104E-16,-0.86602540378444,-0.499999999999998));
#2379=DIRECTION('ref_axis',(0.,0.499999999999998,-0.86602540378444));
#2380=DIRECTION('',(0.,0.499999999999998,-0.86602540378444));
#2381=DIRECTION('center_axis',(1.,1.30614473485313E-16,0.));
#2382=DIRECTION('ref_axis',(-1.30614473485313E-16,1.,0.));
#2383=DIRECTION('',(1.30614473485313E-16,-1.,0.));
#2384=DIRECTION('center_axis',(0.342020143325668,8.93332261754562E-17,0.939692620785909));
#2385=DIRECTION('ref_axis',(0.939692620785909,0.,-0.342020143325668));
#2386=DIRECTION('center_axis',(0.,0.,-1.));
#2387=DIRECTION('ref_axis',(-1.,0.,0.));
#2388=DIRECTION('center_axis',(0.978147600733806,-0.20791169081776,0.));
#2389=DIRECTION('ref_axis',(0.20791169081776,0.978147600733805,0.));
#2390=DIRECTION('',(-0.0946315973710378,-0.445206662299827,0.890413324598668));
#2391=DIRECTION('',(-0.20791169081776,-0.978147600733805,0.));
#2392=DIRECTION('center_axis',(8.10740800937212E-40,-1.,-1.31273865278971E-20));
#2393=DIRECTION('ref_axis',(1.22464679914735E-16,-1.31273865278971E-20,
1.));
#2394=DIRECTION('center_axis',(8.10740800937212E-40,-1.,-1.31273865278971E-20));
#2395=DIRECTION('ref_axis',(-1.06429078678397E-59,1.31273865278971E-20,
-1.));
#2396=DIRECTION('center_axis',(0.551402296890456,-0.768133063339926,-0.325464443507968));
#2397=DIRECTION('ref_axis',(0.812362737671584,0.583152452145002,-2.77555756156289E-17));
#2398=DIRECTION('',(-0.812362737671584,-0.583152452145002,0.));
#2399=DIRECTION('',(-0.508307672000618,-7.84094900437757E-16,-0.861175539936726));
#2400=DIRECTION('center_axis',(0.,0.,-1.));
#2401=DIRECTION('ref_axis',(-1.,0.,0.));
#2402=DIRECTION('',(-0.978147600733806,-0.207911690817757,0.));
#2403=DIRECTION('',(-3.65888226611204E-16,1.,0.));
#2404=DIRECTION('',(-0.959403853220256,-0.282035895634094,0.));
#2405=DIRECTION('',(-0.20791169081776,0.978147600733805,0.));
#2406=DIRECTION('',(-1.,0.,0.));
#2407=DIRECTION('',(-0.20791169081776,-0.978147600733805,0.));
#2408=DIRECTION('',(-0.978147600733806,0.207911690817756,0.));
#2409=DIRECTION('',(0.207911690817761,0.978147600733805,0.));
#2410=DIRECTION('',(0.812362737671571,-0.58315245214502,0.));
#2411=DIRECTION('',(0.20791169081776,-0.978147600733805,0.));
#2412=DIRECTION('center_axis',(-0.551402296890456,-0.768133063339925,-0.325464443507969));
#2413=DIRECTION('ref_axis',(0.812362737671584,-0.583152452145003,2.77555756156289E-17));
#2414=DIRECTION('',(-0.508307672000617,-7.84094900437758E-16,0.861175539936727));
#2415=DIRECTION('center_axis',(8.10740800937212E-40,-1.,-1.31273865278971E-20));
#2416=DIRECTION('ref_axis',(1.22464679914735E-16,-1.31273865278971E-20,
1.));
#2417=DIRECTION('center_axis',(-8.10740800937212E-40,1.,1.31273865278971E-20));
#2418=DIRECTION('ref_axis',(-1.06429078678397E-59,1.31273865278971E-20,
-1.));
#2419=DIRECTION('center_axis',(0.,1.31273863061381E-20,-1.));
#2420=DIRECTION('ref_axis',(0.750183545153708,-0.661229648897124,-8.68021703814464E-21));
#2421=DIRECTION('center_axis',(0.847100670886274,0.180056805991956,0.5));
#2422=DIRECTION('ref_axis',(0.508307672000618,1.38777878078145E-17,-0.861175539936727));
#2423=DIRECTION('center_axis',(-0.978147600733806,-0.20791169081776,-7.19111266625482E-17));
#2424=DIRECTION('ref_axis',(0.20791169081776,-0.978147600733805,0.));
#2425=DIRECTION('',(-7.03396960110364E-17,-1.49511639330205E-17,1.));
#2426=DIRECTION('',(7.03396960110364E-17,1.49511639330205E-17,-1.));
#2427=DIRECTION('',(-0.179767231386709,0.845738329479486,0.502404638283532));
#2428=DIRECTION('center_axis',(-0.847100670886274,0.180056805991956,-0.5));
#2429=DIRECTION('ref_axis',(-0.508307672000618,1.38777878078145E-17,0.861175539936727));
#2430=DIRECTION('',(-0.489073800366904,0.103955845408877,0.866025403784438));
#2431=DIRECTION('',(0.20791169081776,0.978147600733805,0.));
#2432=DIRECTION('',(0.508307672000618,0.,-0.861175539936727));
#2433=DIRECTION('center_axis',(0.,1.31273863061381E-20,-1.));
#2434=DIRECTION('ref_axis',(-0.207911690817927,-0.97814760073377,-1.28405214192544E-20));
#2435=DIRECTION('center_axis',(-0.142006325700419,0.483064099881063,-0.86399263820195));
#2436=DIRECTION('ref_axis',(0.,0.872838198522213,0.488009712198946));
#2437=DIRECTION('',(-0.977179503257294,-0.207705915346946,0.0444800083601066));
#2438=DIRECTION('center_axis',(0.142006325700412,-0.483064099881064,0.86399263820195));
#2439=DIRECTION('ref_axis',(0.24367693757957,-0.828917866232239,-0.50350444003289));
#2440=DIRECTION('',(0.,-0.872838198522213,-0.488009712198946));
#2441=DIRECTION('center_axis',(0.207911690817761,-0.978147600733805,0.));
#2442=DIRECTION('ref_axis',(0.978147600733805,0.207911690817761,0.));
#2443=DIRECTION('',(0.,0.,-1.));
#2444=DIRECTION('center_axis',(0.847100670886274,-0.180056805991956,-0.5));
#2445=DIRECTION('ref_axis',(-0.508307672000618,1.38777878078145E-17,-0.861175539936727));
#2446=DIRECTION('center_axis',(8.10740800937212E-40,-1.,-1.31273865278971E-20));
#2447=DIRECTION('ref_axis',(0.,1.31273865278971E-20,-1.));
#2448=DIRECTION('center_axis',(0.20791169081776,-0.978147600733806,0.));
#2449=DIRECTION('ref_axis',(0.978147600733805,0.20791169081776,0.));
#2450=DIRECTION('',(-0.978147600733805,-0.20791169081776,0.));
#2451=DIRECTION('',(0.,0.,-1.));
#2452=DIRECTION('center_axis',(-0.20791169081776,-0.978147600733806,0.));
#2453=DIRECTION('ref_axis',(0.978147600733805,-0.20791169081776,0.));
#2454=DIRECTION('',(-0.978147600733805,0.20791169081776,0.));
#2455=DIRECTION('center_axis',(-0.847100670886274,0.180056805991956,-0.5));
#2456=DIRECTION('ref_axis',(-0.508307672000618,1.38777878078145E-17,0.861175539936727));
#2457=DIRECTION('',(-0.20791169081776,-0.978147600733805,1.88866283102943E-16));
#2458=DIRECTION('',(0.508307672000618,0.,-0.861175539936727));
#2459=DIRECTION('center_axis',(-3.32560110133413E-16,-1.,0.));
#2460=DIRECTION('ref_axis',(1.,-3.32560110133413E-16,0.));
#2461=DIRECTION('',(0.,0.,-1.));
#2462=DIRECTION('center_axis',(0.,0.,-1.));
#2463=DIRECTION('ref_axis',(0.994561437989438,0.104151553345986,0.));
#2464=DIRECTION('center_axis',(-0.978147600733806,0.20791169081776,0.));
#2465=DIRECTION('ref_axis',(-0.20791169081776,-0.978147600733805,0.));
#2466=DIRECTION('center_axis',(-1.,-3.65888226611204E-16,0.));
#2467=DIRECTION('ref_axis',(3.65888226611204E-16,-1.,0.));
#2468=DIRECTION('',(-3.65888226611204E-16,1.,0.));
#2469=DIRECTION('center_axis',(0.,0.,1.));
#2470=DIRECTION('ref_axis',(1.,0.,0.));
#2471=DIRECTION('center_axis',(0.,0.,1.));
#2472=DIRECTION('ref_axis',(1.,0.,0.));
#2473=DIRECTION('',(0.,1.,0.));
#2474=DIRECTION('center_axis',(-1.,-2.2623090428042E-16,0.));
#2475=DIRECTION('ref_axis',(2.2623090428042E-16,-1.,0.));
#2476=DIRECTION('',(2.2623090428042E-16,-1.,0.));
#2477=DIRECTION('center_axis',(0.,0.,1.));
#2478=DIRECTION('ref_axis',(1.,0.,0.));
#2479=CARTESIAN_POINT('',(0.,0.,0.));
#2480=CARTESIAN_POINT('Origin',(3.89757211729302E-46,4.54746008663639E-21,
5.68434189821944E-11));
#2481=CARTESIAN_POINT('',(-1.75000000001546,2.1431318985268E-16,0.373205080791195));
#2482=CARTESIAN_POINT('',(1.75000000001546,-2.1431354160053E-16,0.373205080791195));
#2483=CARTESIAN_POINT('Origin',(-1.65484076132425E-21,-3.51747262338479E-22,
0.373205080791195));
#2484=CARTESIAN_POINT('Origin',(-1.65484076132425E-21,-3.51747262338479E-22,
0.373205080791195));
#2485=CARTESIAN_POINT('',(1.96547005384673,-2.40696113566251E-16,5.68432879466894E-11));
#2486=CARTESIAN_POINT('',(1.96547005384673,-2.40696113566251E-16,5.68434191035809E-11));
#2487=CARTESIAN_POINT('Origin',(1.49935304227789E-38,4.54746008663639E-21,
5.68434187394216E-11));
#2488=CARTESIAN_POINT('Origin',(8.5,0.,0.));
#2489=CARTESIAN_POINT('',(5.3827785988993,-3.10530686672344,3.50091814423206));
#2490=CARTESIAN_POINT('',(4.24999999999999,1.13907857498942,3.08862045221894));
#2491=CARTESIAN_POINT('Origin',(8.50000000000093,3.26405569239796E-13,4.63549394785065));
#2492=CARTESIAN_POINT('',(4.24999999999999,1.13907857498942,7.5));
#2493=CARTESIAN_POINT('',(4.24999999999999,1.13907857498943,0.));
#2494=CARTESIAN_POINT('',(10.0189593405997,4.12949906424557,7.5));
#2495=CARTESIAN_POINT('Origin',(8.5,0.,7.5));
#2496=CARTESIAN_POINT('',(10.0189593405997,4.12949906424556,4.31051177665153));
#2497=CARTESIAN_POINT('',(10.0189593405997,4.12949906424556,0.));
#2498=CARTESIAN_POINT('',(9.85967477524978,4.18464867169868,4.31051177665153));
#2499=CARTESIAN_POINT('Origin',(8.5,0.,4.31051177665153));
#2500=CARTESIAN_POINT('',(12.8038494432287,0.914811439598149,0.500000000000009));
#2501=CARTESIAN_POINT('Origin',(8.49999999999996,-3.60822483003176E-14,
8.12102355330314));
#2502=CARTESIAN_POINT('',(12.803849443215,0.914811439596773,0.346410161527237));
#2503=CARTESIAN_POINT('',(12.8038494432287,0.914811439598152,0.));
#2504=CARTESIAN_POINT('',(8.1327785988993,-4.38464918123532,0.346410161507775));
#2505=CARTESIAN_POINT('Origin',(8.5,1.97953248678473E-32,0.346410161512267));
#2506=CARTESIAN_POINT('',(8.1327785988993,-4.38464918124285,2.5));
#2507=CARTESIAN_POINT('',(8.1327785988993,-4.38464918124285,-1.13701934649145E-17));
#2508=CARTESIAN_POINT('Origin',(8.49999999999972,-4.2632564145606E-13,2.36634234061389));
#2509=CARTESIAN_POINT('Origin',(0.,0.,0.));
#2510=CARTESIAN_POINT('',(-1.75,-2.14313189850787E-16,5.45));
#2511=CARTESIAN_POINT('',(-1.75,-2.14313189850787E-16,0.));
#2512=CARTESIAN_POINT('Origin',(0.,0.,5.45));
#2513=CARTESIAN_POINT('Origin',(-8.5,0.,0.));
#2514=CARTESIAN_POINT('',(-4.19615055677079,-0.91481143959824,0.346410161513397));
#2515=CARTESIAN_POINT('',(-12.803849443215,0.914811439596773,0.346410161527236));
#2516=CARTESIAN_POINT('Origin',(-8.5,1.97953248678473E-32,0.346410161512267));
#2517=CARTESIAN_POINT('',(-12.8038494432287,0.914811439598152,0.500000000000011));
#2518=CARTESIAN_POINT('',(-12.8038494432287,0.91481143959815,0.));
#2519=CARTESIAN_POINT('',(-9.85967477524978,4.18464867169867,4.31051177665153));
#2520=CARTESIAN_POINT('Origin',(-8.50000000000014,1.31561428418081E-13,
8.12102355330277));
#2521=CARTESIAN_POINT('',(-10.0189593405997,4.12949906424557,4.31051177665153));
#2522=CARTESIAN_POINT('Origin',(-8.5,0.,4.31051177665153));
#2523=CARTESIAN_POINT('',(-10.0189593405997,4.12949906424557,7.5));
#2524=CARTESIAN_POINT('',(-10.0189593405997,4.12949906424557,4.31051177665153));
#2525=CARTESIAN_POINT('',(-4.24999999999999,-1.13907857498942,7.5));
#2526=CARTESIAN_POINT('Origin',(-8.5,0.,7.5));
#2527=CARTESIAN_POINT('',(-4.24999999999999,-1.13907857498942,3.));
#2528=CARTESIAN_POINT('',(-4.24999999999999,-1.13907857498943,0.));
#2529=CARTESIAN_POINT('',(-4.24999999999999,1.13907857498942,3.));
#2530=CARTESIAN_POINT('Origin',(-8.5,0.,3.));
#2531=CARTESIAN_POINT('',(-4.24999999999999,1.13907857498942,7.5));
#2532=CARTESIAN_POINT('',(-4.24999999999999,1.13907857498943,0.));
#2533=CARTESIAN_POINT('',(-5.43274300707547,3.15466868931676,7.5));
#2534=CARTESIAN_POINT('Origin',(-8.5,0.,7.5));
#2535=CARTESIAN_POINT('',(-5.43274300707549,3.15466868931677,4.31051177665153));
#2536=CARTESIAN_POINT('',(-5.43274300707548,3.15466868931676,4.31051177665153));
#2537=CARTESIAN_POINT('',(-5.55582533202102,3.26983723210053,4.31051177665153));
#2538=CARTESIAN_POINT('Origin',(-8.5,0.,4.31051177665153));
#2539=CARTESIAN_POINT('',(-4.19615055677126,-0.914811439598142,0.500000000000019));
#2540=CARTESIAN_POINT('Origin',(-8.50000000004421,5.09425834849253E-12,
8.12102355337911));
#2541=CARTESIAN_POINT('',(-4.19615055677126,-0.914811439598141,0.500000000000001));
#2542=CARTESIAN_POINT('Origin',(-2.22044604925031E-15,-7.44417840356105,
5.5));
#2543=CARTESIAN_POINT('',(8.5,7.11081457866456,5.5));
#2544=CARTESIAN_POINT('',(11.1504247509216,5.58059113525312,5.5));
#2545=CARTESIAN_POINT('',(8.5,7.11081457866456,5.5));
#2546=CARTESIAN_POINT('',(7.13785392022001,24.4582526817869,5.5));
#2547=CARTESIAN_POINT('',(11.1504247509216,5.58059113525311,5.5));
#2548=CARTESIAN_POINT('',(3.25,25.5,5.5));
#2549=CARTESIAN_POINT('',(7.13785392022002,24.4582526817869,5.5));
#2550=CARTESIAN_POINT('',(-3.25,25.5,5.5));
#2551=CARTESIAN_POINT('',(-2.22044604925031E-15,25.5,5.5));
#2552=CARTESIAN_POINT('',(-7.13785392022001,24.4582526817869,5.5));
#2553=CARTESIAN_POINT('',(-3.25,25.5,5.5));
#2554=CARTESIAN_POINT('',(-11.1504247509216,5.58059113525311,5.5));
#2555=CARTESIAN_POINT('',(-7.13785392022002,24.4582526817869,5.5));
#2556=CARTESIAN_POINT('',(-8.5,7.11081457866456,5.5));
#2557=CARTESIAN_POINT('',(-11.1504247509216,5.58059113525311,5.5));
#2558=CARTESIAN_POINT('',(-2.87083487540114,3.86081457866456,5.5));
#2559=CARTESIAN_POINT('',(-8.5,7.11081457866456,5.5));
#2560=CARTESIAN_POINT('',(-2.3356425300769E-15,5.51829186677637,5.5));
#2561=CARTESIAN_POINT('',(-2.87083487540114,3.86081457866455,5.5));
#2562=CARTESIAN_POINT('',(2.87083487540114,3.86081457866455,5.5));
#2563=CARTESIAN_POINT('',(-1.66533453693773E-15,5.51829186677637,5.5));
#2564=CARTESIAN_POINT('',(2.87083487540114,3.86081457866455,5.5));
#2565=CARTESIAN_POINT('Origin',(11.2119851452397,19.1754793439359,0.5));
#2566=CARTESIAN_POINT('',(12.4436820495125,12.965601332398,0.649519052838338));
#2567=CARTESIAN_POINT('',(10.7359178936408,21.,0.649519052838335));
#2568=CARTESIAN_POINT('',(12.4436820495125,12.965601332398,0.649519052838334));
#2569=CARTESIAN_POINT('',(9.29591721069662,23.8800013658884,2.0520424476471));
#2570=CARTESIAN_POINT('',(10.7359178936408,21.,0.649519052838333));
#2571=CARTESIAN_POINT('',(9.29591721069661,23.8800013658884,2.05204244764709));
#2572=CARTESIAN_POINT('',(11.9297808458229,5.38513575851085,4.25));
#2573=CARTESIAN_POINT('',(11.1504247509216,5.58059113525311,5.50000000000001));
#2574=CARTESIAN_POINT('',(11.4499272863654,7.64266926247508,4.25));
#2575=CARTESIAN_POINT('',(11.9297808458229,5.38513575851085,4.24999999999999));
#2576=CARTESIAN_POINT('',(10.4103688322766,12.5334072661441,4.24999999999999));
#2577=CARTESIAN_POINT('',(11.4499272863654,7.64266926247508,4.24999999999998));
#2578=CARTESIAN_POINT('',(10.4103688322766,12.5334072661441,4.24999999999998));
#2579=CARTESIAN_POINT('Origin',(14.6066976131829,4.0771105324924,3.08355735843286));
#2580=CARTESIAN_POINT('',(14.8785547926098,3.68266032655407,4.25000000000001));
#2581=CARTESIAN_POINT('',(14.5038599586043,3.8989904898311,4.25));
#2582=CARTESIAN_POINT('',(8.5,6.50000000000001,8.5));
#2583=CARTESIAN_POINT('',(8.5,7.11081457866456,5.5));
#2584=CARTESIAN_POINT('',(14.1291651245989,3.25,8.5));
#2585=CARTESIAN_POINT('',(14.1291651245988,3.25000000000001,8.5));
#2586=CARTESIAN_POINT('',(14.1291651245989,3.24999999999998,8.5));
#2587=CARTESIAN_POINT('Origin',(8.02246751141594,7.3271105324924,3.08355735843286));
#2588=CARTESIAN_POINT('',(2.87083487540114,3.25,8.5));
#2589=CARTESIAN_POINT('',(8.5,6.50000000000001,8.5));
#2590=CARTESIAN_POINT('',(2.87083487540114,3.86081457866455,5.5));
#2591=CARTESIAN_POINT('Origin',(3.3483673639852,4.07711053249239,3.08355735843286));
#2592=CARTESIAN_POINT('',(-2.0897727449907E-15,4.90747728811181,8.5));
#2593=CARTESIAN_POINT('',(-1.95156391047391E-15,5.51829186677637,5.5));
#2594=CARTESIAN_POINT('',(2.87083487540114,3.25,8.5));
#2595=CARTESIAN_POINT('Origin',(-0.477532488584058,5.73458782060421,3.08355735843286));
#2596=CARTESIAN_POINT('',(-2.87083487540115,3.25,8.5));
#2597=CARTESIAN_POINT('',(-2.87083487540115,3.86081457866456,5.5));
#2598=CARTESIAN_POINT('',(-7.04731412115578E-16,4.90747728811182,8.5));
#2599=CARTESIAN_POINT('Origin',(-2.39330238681709,4.0771105324924,3.08355735843286));
#2600=CARTESIAN_POINT('',(-8.50000000000001,6.5,8.5));
#2601=CARTESIAN_POINT('',(-2.87083487540115,3.25000000000001,8.5));
#2602=CARTESIAN_POINT('',(-8.5,7.11081457866457,5.5));
#2603=CARTESIAN_POINT('Origin',(-8.97753248858406,7.3271105324924,3.08355735843286));
#2604=CARTESIAN_POINT('',(-14.1291651245989,3.25,8.5));
#2605=CARTESIAN_POINT('',(-8.5,6.50000000000001,8.5));
#2606=CARTESIAN_POINT('',(-11.9297808458229,5.38513575851085,4.24999999999999));
#2607=CARTESIAN_POINT('',(-11.1504247509216,5.58059113525312,5.5));
#2608=CARTESIAN_POINT('',(-14.8785547926098,3.68266032655406,4.25));
#2609=CARTESIAN_POINT('',(-8.87469483400549,7.1489904898311,4.25));
#2610=CARTESIAN_POINT('',(-14.8785547926098,3.68266032655407,4.25));
#2611=CARTESIAN_POINT('Origin',(-11.2119851452397,19.1754793439359,0.5));
#2612=CARTESIAN_POINT('',(-10.7359178936408,21.,0.64951905283833));
#2613=CARTESIAN_POINT('',(-9.29591721069663,23.8800013658884,2.0520424476471));
#2614=CARTESIAN_POINT('',(-10.7359178936408,21.,0.64951905283833));
#2615=CARTESIAN_POINT('',(-12.4436820495125,12.965601332398,0.64951905283833));
#2616=CARTESIAN_POINT('',(-12.4436820495125,12.965601332398,0.649519052838326));
#2617=CARTESIAN_POINT('',(-10.4103688322766,12.5334072661441,4.24999999999999));
#2618=CARTESIAN_POINT('',(-10.4103688322766,12.5334072661441,4.24999999999998));
#2619=CARTESIAN_POINT('',(-11.4499272863654,7.64266926247508,4.25));
#2620=CARTESIAN_POINT('',(-11.4499272863654,7.64266926247508,4.24999999999998));
#2621=CARTESIAN_POINT('',(-11.9297808458229,5.38513575851085,4.24999999999999));
#2622=CARTESIAN_POINT('',(-9.29591721069661,23.8800013658884,2.05204244764709));
#2623=CARTESIAN_POINT('Origin',(-9.29591721069662,23.8800013658884,0.));
#2624=CARTESIAN_POINT('',(-3.25,25.5,-1.16087308811229E-17));
#2625=CARTESIAN_POINT('',(-3.25,25.5,0.));
#2626=CARTESIAN_POINT('',(-9.29591721069663,23.8800013658884,-3.0053790434438E-18));
#2627=CARTESIAN_POINT('',(-9.29591721069662,23.8800013658884,0.));
#2628=CARTESIAN_POINT('',(-9.29591721069662,23.8800013658884,0.));
#2629=CARTESIAN_POINT('Origin',(15.5,25.5,0.));
#2630=CARTESIAN_POINT('',(3.24999999999998,25.5,3.03108891324555));
#2631=CARTESIAN_POINT('',(3.25,25.5,0.));
#2632=CARTESIAN_POINT('',(-2.,25.5,-1.15644259515912E-17));
#2633=CARTESIAN_POINT('Origin',(1.5,25.5,-1.13925726384103E-17));
#2634=CARTESIAN_POINT('',(15.5,25.5,-1.16087308811229E-17));
#2635=CARTESIAN_POINT('Origin',(9.29591721069662,23.8800013658884,0.));
#2636=CARTESIAN_POINT('',(9.29591721069662,23.8800013658884,-5.78241158658936E-16));
#2637=CARTESIAN_POINT('',(9.29591721069662,23.8800013658884,0.));
#2638=CARTESIAN_POINT('',(5.,25.0310889132455,-1.1285595903314E-16));
#2639=CARTESIAN_POINT('',(9.29591721069662,23.8800013658884,0.));
#2640=CARTESIAN_POINT('Origin',(1.49999999999963,25.9689110867546,-2.08661966715096E-13));
#2641=CARTESIAN_POINT('Origin',(10.7359178936408,21.,5.5));
#2642=CARTESIAN_POINT('',(10.7359178936408,21.,-1.73472347597681E-15));
#2643=CARTESIAN_POINT('',(10.7359178936408,21.,5.5));
#2644=CARTESIAN_POINT('',(10.7359178936408,21.,-1.73472347597681E-15));
#2645=CARTESIAN_POINT('Origin',(11.12754668526,19.1575313952099,0.324759526419165));
#2646=CARTESIAN_POINT('',(12.4436820495125,12.965601332398,-5.78241158658936E-16));
#2647=CARTESIAN_POINT('',(12.4436820495125,12.965601332398,0.324759526419165));
#2648=CARTESIAN_POINT('',(11.12754668526,19.1575313952099,0.));
#2649=CARTESIAN_POINT('Origin',(10.4103688322766,12.5334072661441,5.5));
#2650=CARTESIAN_POINT('',(10.4103688322766,12.5334072661441,0.217433714816817));
#2651=CARTESIAN_POINT('',(10.4103688322766,12.5334072661441,5.5));
#2652=CARTESIAN_POINT('',(10.533160996073,12.5595075462807,-6.54169800410505E-16));
#2653=CARTESIAN_POINT('',(10.533160996073,12.5595075462807,-2.16840434497101E-16));
#2654=CARTESIAN_POINT('',(10.4103688322766,12.5334072661441,-1.73472347597681E-15));
#2655=CARTESIAN_POINT('Origin',(11.4499272863654,7.64266926247508,5.5));
#2656=CARTESIAN_POINT('',(11.4499272863654,7.64266926247508,0.217433714816828));
#2657=CARTESIAN_POINT('',(11.4499272863654,7.64266926247508,5.5));
#2658=CARTESIAN_POINT('',(11.4499272863654,7.64266926247508,0.217433714816827));
#2659=CARTESIAN_POINT('Origin',(-2.22044604925031E-15,-7.44417840356105,
4.25));
#2660=CARTESIAN_POINT('',(-17.5,7.64266926247508,4.25));
#2661=CARTESIAN_POINT('',(-17.5,-6.5,4.25));
#2662=CARTESIAN_POINT('',(-17.5,-7.44417840356105,4.25));
#2663=CARTESIAN_POINT('',(-15.5,-8.50000000000001,4.25));
#2664=CARTESIAN_POINT('',(-17.5,-6.5,4.25));
#2665=CARTESIAN_POINT('',(15.5,-8.5,4.25));
#2666=CARTESIAN_POINT('',(-2.22044604925031E-15,-8.50000000000001,4.25));
#2667=CARTESIAN_POINT('',(17.5,-6.5,4.25));
#2668=CARTESIAN_POINT('',(15.5,-8.5,4.25));
#2669=CARTESIAN_POINT('',(17.5,7.64266926247508,4.25));
#2670=CARTESIAN_POINT('',(17.5,-7.44417840356105,4.25));
#2671=CARTESIAN_POINT('',(-2.22044604925031E-15,7.64266926247508,4.25));
#2672=CARTESIAN_POINT('',(14.8785547926098,-3.68266032655406,4.25000000000001));
#2673=CARTESIAN_POINT('',(14.8785547926098,-7.44417840356105,4.25));
#2674=CARTESIAN_POINT('',(8.50000000000001,-7.36532065310812,4.25));
#2675=CARTESIAN_POINT('',(14.8785547926098,-3.68266032655406,4.25));
#2676=CARTESIAN_POINT('',(2.87083487540114,-4.11532065310812,4.25));
#2677=CARTESIAN_POINT('',(8.50000000000001,-7.36532065310812,4.25));
#2678=CARTESIAN_POINT('',(1.47207549969219E-15,-5.77279794121993,4.25));
#2679=CARTESIAN_POINT('',(2.87083487540114,-4.11532065310812,4.25));
#2680=CARTESIAN_POINT('',(-2.87083487540114,-4.11532065310812,4.25));
#2681=CARTESIAN_POINT('',(4.85722573273506E-16,-5.77279794121993,4.25));
#2682=CARTESIAN_POINT('',(-8.5,-7.36532065310813,4.25));
#2683=CARTESIAN_POINT('',(-2.87083487540114,-4.11532065310812,4.25));
#2684=CARTESIAN_POINT('',(-14.8785547926098,-3.68266032655407,4.25000000000001));
#2685=CARTESIAN_POINT('',(-8.5,-7.36532065310813,4.25));
#2686=CARTESIAN_POINT('',(-14.8785547926098,-7.44417840356105,4.25));
#2687=CARTESIAN_POINT('',(-2.22044604925031E-15,7.64266926247508,4.25));
#2688=CARTESIAN_POINT('Origin',(15.084230101767,-3.25,3.08355735843286));
#2689=CARTESIAN_POINT('',(14.1291651245989,-3.25,8.5));
#2690=CARTESIAN_POINT('',(14.1291651245989,-3.25,8.5));
#2691=CARTESIAN_POINT('',(14.1291651245989,-3.25,8.5));
#2692=CARTESIAN_POINT('Origin',(-5.55111512312578E-16,5.55111512312578E-16,
8.5));
#2693=CARTESIAN_POINT('',(-2.87083487540115,-3.25,8.5));
#2694=CARTESIAN_POINT('',(8.45956543793475E-16,-4.90747728811181,8.5));
#2695=CARTESIAN_POINT('',(-2.87083487540115,-3.25,8.5));
#2696=CARTESIAN_POINT('',(2.87083487540115,-3.25000000000001,8.5));
#2697=CARTESIAN_POINT('',(-5.55111512312578E-16,-4.90747728811181,8.5));
#2698=CARTESIAN_POINT('',(8.50000000000001,-6.50000000000001,8.5));
#2699=CARTESIAN_POINT('',(2.87083487540115,-3.25000000000001,8.5));
#2700=CARTESIAN_POINT('',(8.50000000000001,-6.5,8.5));
#2701=CARTESIAN_POINT('',(-14.1291651245989,-3.25,8.5));
#2702=CARTESIAN_POINT('',(-14.1291651245989,5.55111512312578E-16,8.5));
#2703=CARTESIAN_POINT('',(-8.5,-6.5,8.5));
#2704=CARTESIAN_POINT('',(-14.1291651245989,-3.25,8.5));
#2705=CARTESIAN_POINT('',(-8.5,-6.5,8.5));
#2706=CARTESIAN_POINT('',(-3.1655523534528E-16,3.2331615074619,8.5));
#2707=CARTESIAN_POINT('',(2.8,1.61658075373095,8.5));
#2708=CARTESIAN_POINT('',(3.09525916457639E-17,3.2331615074619,8.5));
#2709=CARTESIAN_POINT('',(2.8,-1.61658075373095,8.5));
#2710=CARTESIAN_POINT('',(2.8,5.55111512312578E-16,8.5));
#2711=CARTESIAN_POINT('',(1.39568365703654E-15,-3.2331615074619,8.5));
#2712=CARTESIAN_POINT('',(2.8,-1.61658075373095,8.5));
#2713=CARTESIAN_POINT('',(-2.8,-1.61658075373095,8.5));
#2714=CARTESIAN_POINT('',(1.93957630190603E-15,-3.2331615074619,8.5));
#2715=CARTESIAN_POINT('',(-2.8,1.61658075373095,8.5));
#2716=CARTESIAN_POINT('',(-2.8,5.55111512312578E-16,8.5));
#2717=CARTESIAN_POINT('',(-2.8,1.61658075373095,8.5));
#2718=CARTESIAN_POINT('Origin',(-15.084230101767,3.25,3.08355735843286));
#2719=CARTESIAN_POINT('',(-14.8785547926099,-3.68266032655407,4.25000000000001));
#2720=CARTESIAN_POINT('Origin',(-7.73591789364085,27.,5.5));
#2721=CARTESIAN_POINT('',(-10.7359178936408,21.,-3.03706419602154E-18));
#2722=CARTESIAN_POINT('',(-7.73591789364085,27.,0.));
#2723=CARTESIAN_POINT('',(-10.7359178936408,21.,5.5));
#2724=CARTESIAN_POINT('Origin',(-11.15553306876,19.0258658127404,0.324759526419165));
#2725=CARTESIAN_POINT('',(-12.4436820495125,12.965601332398,-3.08979952443596E-18));
#2726=CARTESIAN_POINT('',(-11.15553306876,19.0258658127404,0.));
#2727=CARTESIAN_POINT('',(-12.4436820495125,12.965601332398,0.324759526419165));
#2728=CARTESIAN_POINT('Origin',(-12.4436820495125,12.965601332398,5.5));
#2729=CARTESIAN_POINT('',(-10.4103688322766,12.5334072661441,0.217433714816827));
#2730=CARTESIAN_POINT('',(-10.4103688322766,12.5334072661441,5.5));
#2731=CARTESIAN_POINT('',(-10.533160996073,12.5595075462807,4.30619234937497E-16));
#2732=CARTESIAN_POINT('',(-12.4436820495125,12.965601332398,0.));
#2733=CARTESIAN_POINT('',(-10.4103688322766,12.5334072661441,0.217433714816821));
#2734=CARTESIAN_POINT('Origin',(-10.4103688322766,12.5334072661441,5.5));
#2735=CARTESIAN_POINT('',(-11.4499272863654,7.64266926247508,0.217433714816832));
#2736=CARTESIAN_POINT('',(-11.4499272863654,7.64266926247508,5.5));
#2737=CARTESIAN_POINT('',(-10.4103688322766,12.5334072661441,0.217433714816834));
#2738=CARTESIAN_POINT('Origin',(-0.647424247168111,16.6546840600485,-1.15822391236616E-17));
#2739=CARTESIAN_POINT('',(-2.,24.25,-1.1595603494595E-17));
#2740=CARTESIAN_POINT('',(-2.,16.6546840600485,-1.16657735230524E-17));
#2741=CARTESIAN_POINT('',(-2.625,24.25,3.67358042493286E-16));
#2742=CARTESIAN_POINT('',(5.625,24.25,-1.16251401142828E-17));
#2743=CARTESIAN_POINT('',(-2.625,22.75,5.56820292795729E-16));
#2744=CARTESIAN_POINT('',(-2.625,23.5,7.46331379560959E-16));
#2745=CARTESIAN_POINT('',(-2.,22.75,3.09913732860363E-16));
#2746=CARTESIAN_POINT('',(5.,22.75,-1.16834308802733E-17));
#2747=CARTESIAN_POINT('',(-2.,21.5,3.0994616008999E-16));
#2748=CARTESIAN_POINT('',(-2.,22.125,6.31502691984418E-16));
#2749=CARTESIAN_POINT('',(-7.56225340964967,21.5,-4.7564014191167E-15));
#2750=CARTESIAN_POINT('',(-0.647424247168111,21.5,-1.15186327884681E-17));
#2751=CARTESIAN_POINT('',(-8.82555997912046,20.5931387056116,-1.00690220395951E-14));
#2752=CARTESIAN_POINT('',(-8.35556949189563,20.9305201392991,-1.51246203061728E-14));
#2753=CARTESIAN_POINT('',(-8.82555997912048,20.5931387056116,-1.20356150639166E-17));
#2754=CARTESIAN_POINT('Origin',(1.5,24.875,-1.14007772549902E-17));
#2755=CARTESIAN_POINT('',(5.,24.25,-1.18427961055919E-16));
#2756=CARTESIAN_POINT('',(5.,24.875,-2.25713967105777E-16));
#2757=CARTESIAN_POINT('Origin',(1.5,24.25,-1.14089818715701E-17));
#2758=CARTESIAN_POINT('Origin',(-0.647424247168111,16.6546840600485,-1.15822391236616E-17));
#2759=CARTESIAN_POINT('',(5.625,24.25,-1.37543767449497E-16));
#2760=CARTESIAN_POINT('',(-0.647424247168111,24.25,-1.14825324755164E-17));
#2761=CARTESIAN_POINT('',(8.82555997912046,20.5931387056116,-2.25992206530078E-15));
#2762=CARTESIAN_POINT('',(10.533160996073,12.5595075462807,-1.09454907576069E-17));
#2763=CARTESIAN_POINT('',(7.56225340964967,21.5,-9.10707957818881E-16));
#2764=CARTESIAN_POINT('',(6.72048402295906,22.1042619377105,-3.46944695195361E-15));
#2765=CARTESIAN_POINT('',(5.,21.5,-1.18464061368871E-16));
#2766=CARTESIAN_POINT('',(-0.647424247168111,21.5,-1.15186327884681E-17));
#2767=CARTESIAN_POINT('',(5.,22.75,-1.18477188755399E-16));
#2768=CARTESIAN_POINT('',(5.,22.125,-2.25750067418729E-16));
#2769=CARTESIAN_POINT('',(5.625,22.75,-1.37612294992076E-16));
#2770=CARTESIAN_POINT('',(5.,22.75,-1.12125147086493E-17));
#2771=CARTESIAN_POINT('',(5.625,23.5,-2.64002229735608E-16));
#2772=CARTESIAN_POINT('Origin',(15.3604480544062,7.64266926247508,-2.29422863405994));
#2773=CARTESIAN_POINT('',(11.5782672359663,7.64266926247507,-1.69135538907739E-14));
#2774=CARTESIAN_POINT('',(11.5782672359663,7.64266926247508,0.));
#2775=CARTESIAN_POINT('',(17.5,7.64266926247508,0.346410161513779));
#2776=CARTESIAN_POINT('',(17.5,7.64266926247508,-2.29422863405994));
#2777=CARTESIAN_POINT('',(17.3,7.64266926247508,6.87494383607404E-17));
#2778=CARTESIAN_POINT('',(17.4,7.64266926247508,0.173205080756888));
#2779=CARTESIAN_POINT('',(15.3604480544062,7.64266926247508,0.));
#2780=CARTESIAN_POINT('Origin',(9.11921087174708,18.7306464400108,0.173205080756888));
#2781=CARTESIAN_POINT('',(12.9994789633588,0.956393777758672,-1.42108004988159E-11));
#2782=CARTESIAN_POINT('',(12.9994789633588,0.956393777758672,-1.42108004988159E-11));
#2783=CARTESIAN_POINT('',(8.62109186014747,20.5931387056116,0.346410161513768));
#2784=CARTESIAN_POINT('',(12.8038494432287,0.914811439598151,0.346410161513794));
#2785=CARTESIAN_POINT('',(8.82555997912045,20.5931387056116,-1.47451495458029E-14));
#2786=CARTESIAN_POINT('',(11.5782672359663,7.64266926247508,-1.69135538907739E-14));
#2787=CARTESIAN_POINT('Origin',(-17.5,-6.50000000000001,0.));
#2788=CARTESIAN_POINT('',(-17.5,-6.5,0.346410161513779));
#2789=CARTESIAN_POINT('',(-17.5,-6.50000000000001,0.));
#2790=CARTESIAN_POINT('',(-15.5,-8.5,0.346410161513777));
#2791=CARTESIAN_POINT('',(-17.5,-6.50000000000001,0.346410161513776));
#2792=CARTESIAN_POINT('',(-15.5,-8.50000000000001,0.));
#2793=CARTESIAN_POINT('Origin',(-17.5,8.50504516109075,0.));
#2794=CARTESIAN_POINT('',(-17.5,7.64266926247508,0.346410161513777));
#2795=CARTESIAN_POINT('',(-17.5,7.64266926247508,0.));
#2796=CARTESIAN_POINT('',(-17.5,8.50504516109075,0.346410161513776));
#2797=CARTESIAN_POINT('Origin',(-15.3604480544062,7.64266926247508,-2.29422863405994));
#2798=CARTESIAN_POINT('',(-17.3,7.64266926247508,8.14148258404396E-18));
#2799=CARTESIAN_POINT('',(-17.5,7.64266926247508,0.346410161513776));
#2800=CARTESIAN_POINT('',(-11.5782672359663,7.64266926247507,-1.69135538907739E-14));
#2801=CARTESIAN_POINT('',(-11.5782672359663,7.64266926247508,0.));
#2802=CARTESIAN_POINT('',(-15.3604480544062,7.64266926247508,0.));
#2803=CARTESIAN_POINT('Origin',(-14.6066976131829,-4.0771105324924,3.08355735843286));
#2804=CARTESIAN_POINT('',(-8.5,-7.36532065310813,4.25));
#2805=CARTESIAN_POINT('Origin',(-8.02246751141594,-7.3271105324924,3.08355735843286));
#2806=CARTESIAN_POINT('',(-2.87083487540114,-4.11532065310812,4.25));
#2807=CARTESIAN_POINT('Origin',(-4.72753248858405,-3.2808491765483,3.08355735843285));
#2808=CARTESIAN_POINT('',(0.,-5.77279794121993,4.25));
#2809=CARTESIAN_POINT('Origin',(0.477532488584054,-5.73458782060421,3.08355735843286));
#2810=CARTESIAN_POINT('',(2.87083487540114,-4.11532065310812,4.25));
#2811=CARTESIAN_POINT('Origin',(2.39330238681709,-4.0771105324924,3.08355735843286));
#2812=CARTESIAN_POINT('',(8.50000000000001,-7.36532065310813,4.25));
#2813=CARTESIAN_POINT('Origin',(8.97753248858407,-7.3271105324924,3.08355735843286));
#2814=CARTESIAN_POINT('Origin',(17.5,-6.5,0.));
#2815=CARTESIAN_POINT('',(17.5,-6.50000000000001,0.346410161513778));
#2816=CARTESIAN_POINT('',(17.5,-6.5,0.));
#2817=CARTESIAN_POINT('',(17.5,-6.5,0.346410161513779));
#2818=CARTESIAN_POINT('Origin',(15.5,-8.5,0.));
#2819=CARTESIAN_POINT('',(15.5,-8.49999999999999,0.346410161513785));
#2820=CARTESIAN_POINT('',(15.5,-8.5,0.));
#2821=CARTESIAN_POINT('',(15.5,-8.5,0.346410161513776));
#2822=CARTESIAN_POINT('Origin',(-15.5,-8.50000000000001,0.));
#2823=CARTESIAN_POINT('',(2.6327785988993,-8.5,0.346410161513777));
#2824=CARTESIAN_POINT('',(2.6327785988993,-8.5,2.5));
#2825=CARTESIAN_POINT('',(2.6327785988993,-8.50000000000001,0.));
#2826=CARTESIAN_POINT('',(5.38277859889929,-8.5,3.50091814423205));
#2827=CARTESIAN_POINT('',(2.6327785988993,-8.50000000000001,2.5));
#2828=CARTESIAN_POINT('',(8.1327785988993,-8.50000000000001,2.5));
#2829=CARTESIAN_POINT('',(5.38277859889929,-8.50000000000001,3.50091814423206));
#2830=CARTESIAN_POINT('',(8.1327785988993,-8.5,0.346410161513777));
#2831=CARTESIAN_POINT('',(8.1327785988993,-8.50000000000001,0.));
#2832=CARTESIAN_POINT('',(-15.5,-8.50000000000001,0.346410161513776));
#2833=CARTESIAN_POINT('',(-15.5,-8.50000000000001,0.346410161513777));
#2834=CARTESIAN_POINT('Origin',(2.8,1.61658075373095,8.5));
#2835=CARTESIAN_POINT('',(2.8,1.61658075373095,5.45));
#2836=CARTESIAN_POINT('',(2.8,1.61658075373095,8.5));
#2837=CARTESIAN_POINT('',(2.8,-1.61658075373095,5.45));
#2838=CARTESIAN_POINT('',(2.8,1.61658075373095,5.45));
#2839=CARTESIAN_POINT('',(2.8,-1.61658075373095,8.5));
#2840=CARTESIAN_POINT('Origin',(3.09525916457639E-17,3.2331615074619,8.5));
#2841=CARTESIAN_POINT('',(-1.52957640983524E-16,3.2331615074619,5.45));
#2842=CARTESIAN_POINT('',(3.09525916457639E-17,3.2331615074619,8.5));
#2843=CARTESIAN_POINT('',(3.09525916457639E-17,3.2331615074619,5.45));
#2844=CARTESIAN_POINT('Origin',(-2.8,1.61658075373095,8.5));
#2845=CARTESIAN_POINT('',(-2.8,1.61658075373095,5.45));
#2846=CARTESIAN_POINT('',(-2.8,1.61658075373095,8.5));
#2847=CARTESIAN_POINT('',(-2.8,1.61658075373095,5.45));
#2848=CARTESIAN_POINT('Origin',(-2.8,-1.61658075373095,8.5));
#2849=CARTESIAN_POINT('',(-2.8,-1.61658075373095,5.45));
#2850=CARTESIAN_POINT('',(-2.8,-1.61658075373095,8.5));
#2851=CARTESIAN_POINT('',(-2.8,-1.61658075373095,5.45));
#2852=CARTESIAN_POINT('Origin',(1.93957630190603E-15,-3.2331615074619,8.5));
#2853=CARTESIAN_POINT('',(1.49332160923244E-15,-3.2331615074619,5.45));
#2854=CARTESIAN_POINT('',(1.93957630190603E-15,-3.2331615074619,8.5));
#2855=CARTESIAN_POINT('',(1.93957630190603E-15,-3.2331615074619,5.45));
#2856=CARTESIAN_POINT('Origin',(2.8,-1.61658075373095,8.5));
#2857=CARTESIAN_POINT('',(2.8,-1.61658075373095,5.45));
#2858=CARTESIAN_POINT('Origin',(-9.14719725524708,18.5989808575413,0.173205080756888));
#2859=CARTESIAN_POINT('',(-8.62109186014747,20.5931387056116,0.346410161513766));
#2860=CARTESIAN_POINT('',(-8.62109186014745,20.5931387056116,0.346410161513759));
#2861=CARTESIAN_POINT('',(-8.62109186014747,20.5931387056116,0.346410161513769));
#2862=CARTESIAN_POINT('',(-12.9994789633588,0.956393777758672,-1.42110715556365E-11));
#2863=CARTESIAN_POINT('',(-12.803849443215,0.914811439596773,0.346410161527236));
#2864=CARTESIAN_POINT('',(-12.9994789633755,0.956393777761702,-8.67361737988404E-16));
#2865=CARTESIAN_POINT('Origin',(-9.58930518798875,21.5,-1.21299521051904E-17));
#2866=CARTESIAN_POINT('Origin',(1.5,21.5,-1.14450821845218E-17));
#2867=CARTESIAN_POINT('',(5.01797979212221,21.5,4.31051177665153));
#2868=CARTESIAN_POINT('',(7.56225340964967,21.5,-1.10706804576907E-17));
#2869=CARTESIAN_POINT('',(-5.0179797921222,21.5,4.31051177665153));
#2870=CARTESIAN_POINT('',(-9.58930518798875,21.5,4.31051177665153));
#2871=CARTESIAN_POINT('',(-5.0179797921222,21.5,4.31051177665153));
#2872=CARTESIAN_POINT('Origin',(5.625,24.25,-1.11542239426587E-17));
#2873=CARTESIAN_POINT('Origin',(1.5,24.25,-1.14089818715701E-17));
#2874=CARTESIAN_POINT('Origin',(-0.647424247168111,16.6546840600485,-1.15822391236616E-17));
#2875=CARTESIAN_POINT('',(8.1327785988993,-4.58531879399393,-3.83280992040526E-11));
#2876=CARTESIAN_POINT('Origin',(8.5,4.5474600881288E-21,-5.6843418860808E-11));
#2877=CARTESIAN_POINT('',(17.3,-6.41715728752539,3.00006156742548E-16));
#2878=CARTESIAN_POINT('',(17.3,16.6546840600485,-1.04738152132368E-17));
#2879=CARTESIAN_POINT('',(15.4171572875254,-8.29999999999999,5.39566236727466E-15));
#2880=CARTESIAN_POINT('',(17.3,-6.41715728752539,-1.07766881925168E-17));
#2881=CARTESIAN_POINT('',(8.1327785988993,-8.3,5.07417653272209E-16));
#2882=CARTESIAN_POINT('',(-0.647424247168111,-8.3,-1.19098289069994E-17));
#2883=CARTESIAN_POINT('',(8.1327785988993,16.6546840600485,-1.10399782042711E-17));
#2884=CARTESIAN_POINT('Origin',(9.0213961116737,18.7098552709291,0.));
#2885=CARTESIAN_POINT('',(8.63741512413554,20.5163437863684,0.499999999999998));
#2886=CARTESIAN_POINT('',(9.0213961116737,18.7098552709291,0.499999999999999));
#2887=CARTESIAN_POINT('',(8.62109186014748,20.5931387056116,0.346410161513776));
#2888=CARTESIAN_POINT('Origin',(-19.0048163986855,-4.85376224507718,0.173205080756888));
#2889=CARTESIAN_POINT('',(-17.3,-6.41715728752538,1.23849113442499E-15));
#2890=CARTESIAN_POINT('',(-15.4171572875254,-8.3,1.4063637645244E-15));
#2891=CARTESIAN_POINT('',(-18.9341057205668,-4.78305156695853,2.27682456221956E-15));
#2892=CARTESIAN_POINT('',(-15.4171572875254,-8.3,1.11672823766007E-14));
#2893=CARTESIAN_POINT('',(-17.5,-6.5,0.34641016151378));
#2894=CARTESIAN_POINT('Origin',(-17.4,12.5798646105696,0.173205080756888));
#2895=CARTESIAN_POINT('',(-17.3,12.5798646105696,-1.0842021724855E-16));
#2896=CARTESIAN_POINT('Origin',(-0.647424247168111,16.6546840600485,-1.15822391236616E-17));
#2897=CARTESIAN_POINT('',(-4.00052103660845,-0.956393777765104,-2.84231281178838E-11));
#2898=CARTESIAN_POINT('Origin',(-8.5,4.5474600881288E-21,-5.6843418873363E-11));
#2899=CARTESIAN_POINT('',(-1.24655452358059,12.,-1.23265591046542E-15));
#2900=CARTESIAN_POINT('',(-4.00052103662449,-0.956393777761699,-1.20205121237984E-17));
#2901=CARTESIAN_POINT('',(0.140917698906346,12.,-3.8648851192353E-18));
#2902=CARTESIAN_POINT('',(8.346032723075,12.,0.));
#2903=CARTESIAN_POINT('',(2.55314957271104,0.65134129545485,0.));
#2904=CARTESIAN_POINT('',(0.140917698906346,12.,-1.15946553577059E-17));
#2905=CARTESIAN_POINT('',(2.62160740157799,-0.00237451129235139,0.));
#2906=CARTESIAN_POINT('Origin',(-0.511170297432517,4.44089209850063E-15,
0.));
#2907=CARTESIAN_POINT('',(2.63277859889929,3.08997619158369E-15,-1.51788304147971E-15));
#2908=CARTESIAN_POINT('',(4.06793769213124,0.305052482306855,-1.73472347597681E-15));
#2909=CARTESIAN_POINT('',(2.6327785988993,-8.3,1.22318740396895E-15));
#2910=CARTESIAN_POINT('',(2.63277859889929,16.6546840600485,-1.13796554428196E-17));
#2911=CARTESIAN_POINT('',(-0.647424247168111,-8.3,-1.19098289069994E-17));
#2912=CARTESIAN_POINT('Origin',(17.4,5.07734203002426,0.173205080756888));
#2913=CARTESIAN_POINT('',(17.5,-6.50000000000001,0.34641016151378));
#2914=CARTESIAN_POINT('Origin',(17.6811042751014,-6.17747436866126,0.17320508075689));
#2915=CARTESIAN_POINT('',(15.5,-8.49999999999998,0.346410161513789));
#2916=CARTESIAN_POINT('Origin',(2.6327785988993,-8.5,2.5));
#2917=CARTESIAN_POINT('',(2.63277859889929,0.413551723531318,2.5));
#2918=CARTESIAN_POINT('',(2.63277859889929,-8.5,2.5));
#2919=CARTESIAN_POINT('',(4.24999999999999,1.94175348103807,3.08862045221894));
#2920=CARTESIAN_POINT('',(4.24999999999999,1.94175348103807,3.08862045221894));
#2921=CARTESIAN_POINT('',(4.24999999999999,2.90326890239355,3.08862045221894));
#2922=CARTESIAN_POINT('',(5.38277859889929,-8.5,3.50091814423205));
#2923=CARTESIAN_POINT('Origin',(2.6327785988993,-8.5,-0.179852646161096));
#2924=CARTESIAN_POINT('',(2.63277859889929,4.04402689413417E-15,2.26878044760004));
#2925=CARTESIAN_POINT('',(2.6327785988993,3.46944695195361E-15,-0.179852646161096));
#2926=CARTESIAN_POINT('',(2.6327785988993,0.41355172353132,2.5));
#2927=CARTESIAN_POINT('',(2.6327785988993,-8.3,0.));
#2928=CARTESIAN_POINT('Origin',(-8.07371212358405,-8.4,0.173205080756888));
#2929=CARTESIAN_POINT('Origin',(-8.07371212358405,-8.4,0.173205080756888));
#2930=CARTESIAN_POINT('',(8.1327785988993,-8.4,0.17320508075689));
#2931=CARTESIAN_POINT('Origin',(8.1327785988993,-8.5,-1.13701934649145E-17));
#2932=CARTESIAN_POINT('Ctrl Pts',(8.1327785988993,-4.58531879399395,-3.83490496742337E-11));
#2933=CARTESIAN_POINT('Ctrl Pts',(8.1327785988993,-4.48275432524791,0.177079899076158));
#2934=CARTESIAN_POINT('Ctrl Pts',(8.1327785988993,-4.38464918123012,0.346410161495954));
#2935=CARTESIAN_POINT('',(8.1327785988993,-8.5,2.5));
#2936=CARTESIAN_POINT('Origin',(5.63277859889929,-8.5,3.40992558566551));
#2937=CARTESIAN_POINT('Origin',(1.20721708827093E-15,-5.55111512312578E-16,
5.45));
#2938=CARTESIAN_POINT('Origin',(-9.0213961116737,18.7098552709291,0.));
#2939=CARTESIAN_POINT('',(-8.63741512413554,20.5163437863684,0.500000000000002));
#2940=CARTESIAN_POINT('',(-8.62109186014748,20.5931387056116,0.346410161513775));
#2941=CARTESIAN_POINT('',(-9.0213961116737,18.7098552709291,0.499999999999999));
#2942=CARTESIAN_POINT('Origin',(1.5,22.125,-1.14368775679419E-17));
#2943=CARTESIAN_POINT('Origin',(1.5,22.75,-1.1428672951362E-17));
#2944=CARTESIAN_POINT('Origin',(-8.41131159895145,21.0081718931842,-0.277705313905841));
#2945=CARTESIAN_POINT('',(-6.38826581543247,20.5163437863684,4.31051177665153));
#2946=CARTESIAN_POINT('',(-7.49034654912914,19.7252180336547,4.31051177665153));
#2947=CARTESIAN_POINT('',(-6.38826581543246,20.5163437863684,4.31051177665154));
#2948=CARTESIAN_POINT('Origin',(-2.56562194683058,17.3376381115318,4.31051177665153));
#2949=CARTESIAN_POINT('',(4.24999999999999,2.90326890239355,4.31051177665153));
#2950=CARTESIAN_POINT('',(10.0189593405997,4.12949906424557,4.31051177665153));
#2951=CARTESIAN_POINT('',(4.24999999999999,4.1271883110172,4.31051177665153));
#2952=CARTESIAN_POINT('',(4.24999999999999,2.90326890239355,4.31051177665153));
#2953=CARTESIAN_POINT('',(1.95757802029633,3.45328515329393,4.31051177665153));
#2954=CARTESIAN_POINT('',(4.24999999999999,4.1271883110172,4.31051177665153));
#2955=CARTESIAN_POINT('',(0.140917698906348,12.,4.31051177665153));
#2956=CARTESIAN_POINT('',(1.95757802029633,3.45328515329393,4.31051177665153));
#2957=CARTESIAN_POINT('',(-3.70017195125666,12.,4.31051177665153));
#2958=CARTESIAN_POINT('',(-2.56562194683058,12.,4.31051177665153));
#2959=CARTESIAN_POINT('',(-3.70017195125666,12.,4.31051177665153));
#2960=CARTESIAN_POINT('',(-5.43274300707548,3.15466868931678,4.31051177665153));
#2961=CARTESIAN_POINT('',(-9.85967477524977,4.18464867169868,4.31051177665153));
#2962=CARTESIAN_POINT('',(6.38826581543246,20.5163437863684,4.31051177665153));
#2963=CARTESIAN_POINT('',(5.01797979212221,21.5,4.31051177665153));
#2964=CARTESIAN_POINT('',(6.38826581543246,20.5163437863684,4.31051177665153));
#2965=CARTESIAN_POINT('Origin',(5.93365867069183,21.0081718931842,3.91993760159829));
#2966=CARTESIAN_POINT('',(8.63741512413553,20.5163437863684,0.500000000000006));
#2967=CARTESIAN_POINT('Origin',(1.5,23.5,-1.1418827411466E-17));
#2968=CARTESIAN_POINT('Origin',(1.5,22.75,-1.14286729513619E-17));
#2969=CARTESIAN_POINT('Origin',(8.5,4.5474600881288E-21,-5.6843418860808E-11));
#2970=CARTESIAN_POINT('Origin',(9.0213961116737,18.7098552709291,0.499999999999998));
#2971=CARTESIAN_POINT('Origin',(2.57524606977665,0.547385450045963,-0.179852646161096));
#2972=CARTESIAN_POINT('',(2.55314957271104,0.65134129545485,2.64603762274297));
#2973=CARTESIAN_POINT('',(2.55314957271104,0.651341295454849,-0.179852646161096));
#2974=CARTESIAN_POINT('',(0.140917698906346,12.,-0.179852646161096));
#2975=CARTESIAN_POINT('',(2.55314957271104,0.651341295454849,2.64603762274297));
#2976=CARTESIAN_POINT('Origin',(-0.343868848642831,16.7277756401815,0.173205080756888));
#2977=CARTESIAN_POINT('',(-4.0005210366245,-0.956393777761692,-5.42101086242752E-15));
#2978=CARTESIAN_POINT('',(-1.4510226425536,12.,0.346410161513773));
#2979=CARTESIAN_POINT('',(-4.19615055677126,-0.914811439598141,0.346410161513773));
#2980=CARTESIAN_POINT('',(-1.08914074895907,12.,-0.266690628177272));
#2981=CARTESIAN_POINT('Origin',(-8.5,4.5474600881288E-21,-5.6843418860808E-11));
#2982=CARTESIAN_POINT('Origin',(2.35831648159845,1.2549634844132,3.01554973043356));
#2983=CARTESIAN_POINT('',(2.62160740157799,-0.00237451129235137,2.26928894675356));
#2984=CARTESIAN_POINT('',(2.63277859889929,3.86924650305764E-15,2.26878044760004));
#2985=CARTESIAN_POINT('Origin',(-0.511170297671698,-2.67801159394877E-11,
2.78552169195612));
#2986=CARTESIAN_POINT('',(4.24999999999999,1.38740018057806,2.77867779036929));
#2987=CARTESIAN_POINT('Origin',(4.06793769213124,0.305052482306855,4.31051177665153));
#2988=CARTESIAN_POINT('',(2.62160740157799,-0.00237451129235061,4.31051177665153));
#2989=CARTESIAN_POINT('Origin',(-9.0213961116737,18.7098552709291,0.499999999999998));
#2990=CARTESIAN_POINT('Origin',(5.,22.75,-1.12125147086493E-17));
#2991=CARTESIAN_POINT('Origin',(5.43274300707548,3.15466868931678,4.31051177665153));
#2992=CARTESIAN_POINT('',(4.24999999999999,2.90326890239355,7.5));
#2993=CARTESIAN_POINT('',(5.43274300707548,3.15466868931678,7.5));
#2994=CARTESIAN_POINT('',(4.24999999999999,2.90326890239355,4.31051177665153));
#2995=CARTESIAN_POINT('Origin',(-10.0189593405997,4.12949906424557,4.31051177665153));
#2996=CARTESIAN_POINT('',(-10.0189593405997,4.12949906424557,7.5));
#2997=CARTESIAN_POINT('Origin',(-2.56562194683058,17.3376381115318,4.31051177665153));
#2998=CARTESIAN_POINT('',(-1.4510226425536,12.,0.500000000000005));
#2999=CARTESIAN_POINT('',(-1.45102264255359,12.,0.500000000000006));
#3000=CARTESIAN_POINT('',(-3.40703067713763,12.,3.81387143671016));
#3001=CARTESIAN_POINT('Origin',(8.346032723075,12.,4.31051177665153));
#3002=CARTESIAN_POINT('',(-1.4510226425536,12.,4.31051177665153));
#3003=CARTESIAN_POINT('Origin',(-0.511170297432517,4.44089209850063E-15,
4.31051177665153));
#3004=CARTESIAN_POINT('Origin',(-0.41369722521621,16.8802323917328,0.500000000000001));
#3005=CARTESIAN_POINT('Origin',(4.24999999999999,2.90326890239355,4.31051177665153));
#3006=CARTESIAN_POINT('',(4.24999999999999,2.90326890239355,7.5));
#3007=CARTESIAN_POINT('Origin',(-3.59092583135561E-16,3.98991759039513E-16,
7.5));
#3008=CARTESIAN_POINT('Origin',(-3.59092583135561E-16,3.98991759039513E-16,
7.5));
#3009=CARTESIAN_POINT('',(-4.24999999999999,3.98991759039513E-16,7.5));
#3010=CARTESIAN_POINT('Origin',(-4.24999999999999,2.45373864405591,3.));
#3011=CARTESIAN_POINT('',(-4.24999999999999,2.45373864405591,3.));
#3012=CARTESIAN_POINT('Origin',(6.00925839494864E-16,-2.12091472762893E-16,
3.));
#3013=UNCERTAINTY_MEASURE_WITH_UNIT(LENGTH_MEASURE(0.01),#3017,
'DISTANCE_ACCURACY_VALUE',
'Maximum model space distance between geometric entities at asserted c
onnectivities');
#3014=UNCERTAINTY_MEASURE_WITH_UNIT(LENGTH_MEASURE(0.01),#3017,
'DISTANCE_ACCURACY_VALUE',
'Maximum model space distance between geometric entities at asserted c
onnectivities');
#3015=(
GEOMETRIC_REPRESENTATION_CONTEXT(3)
GLOBAL_UNCERTAINTY_ASSIGNED_CONTEXT((#3013))
GLOBAL_UNIT_ASSIGNED_CONTEXT((#3017,#3019,#3020))
REPRESENTATION_CONTEXT('','3D')
);
#3016=(
GEOMETRIC_REPRESENTATION_CONTEXT(3)
GLOBAL_UNCERTAINTY_ASSIGNED_CONTEXT((#3014))
GLOBAL_UNIT_ASSIGNED_CONTEXT((#3017,#3019,#3020))
REPRESENTATION_CONTEXT('','3D')
);
#3017=(
LENGTH_UNIT()
NAMED_UNIT(*)
SI_UNIT(.MILLI.,.METRE.)
);
#3018=(
LENGTH_UNIT()
NAMED_UNIT(*)
SI_UNIT($,.METRE.)
);
#3019=(
NAMED_UNIT(*)
PLANE_ANGLE_UNIT()
SI_UNIT($,.RADIAN.)
);
#3020=(
NAMED_UNIT(*)
SI_UNIT($,.STERADIAN.)
SOLID_ANGLE_UNIT()
);
#3021=SHAPE_DEFINITION_REPRESENTATION(#3022,#3023);
#3022=PRODUCT_DEFINITION_SHAPE('',$,#3025);
#3023=SHAPE_REPRESENTATION('',(#1873),#3015);
#3024=PRODUCT_DEFINITION_CONTEXT('part definition',#3029,'design');
#3025=PRODUCT_DEFINITION('MINI-heatbed-cable-cover-bottom',
'MINI-heatbed-cable-cover-bottom',#3026,#3024);
#3026=PRODUCT_DEFINITION_FORMATION('',$,#3031);
#3027=PRODUCT_RELATED_PRODUCT_CATEGORY(
'MINI-heatbed-cable-cover-bottom','MINI-heatbed-cable-cover-bottom',(#3031));
#3028=APPLICATION_PROTOCOL_DEFINITION('international standard',
'automotive_design',2009,#3029);
#3029=APPLICATION_CONTEXT(
'Core Data for Automotive Mechanical Design Process');
#3030=PRODUCT_CONTEXT('part definition',#3029,'mechanical');
#3031=PRODUCT('MINI-heatbed-cable-cover-bottom',
'MINI-heatbed-cable-cover-bottom',$,(#3030));
#3032=PRESENTATION_STYLE_ASSIGNMENT((#3033));
#3033=SURFACE_STYLE_USAGE(.BOTH.,#3034);
#3034=SURFACE_SIDE_STYLE('',(#3035));
#3035=SURFACE_STYLE_FILL_AREA(#3036);
#3036=FILL_AREA_STYLE('Acero - Satinado',(#3037));
#3037=FILL_AREA_STYLE_COLOUR('Acero - Satinado',#3038);
#3038=COLOUR_RGB('Acero - Satinado',0.627450980392157,0.627450980392157,
0.627450980392157);
ENDSEC;
END-ISO-10303-21;
