ISO-10303-21;
HEADER;
/* Generated by software containing ST-Developer
 * from STEP Tools, Inc. (www.steptools.com) 
 */

FILE_DESCRIPTION(
/* description */ ('STEP AP203'),
/* implementation_level */ '2;1');

FILE_NAME(
/* name */ 'Prusa mini - bed helper.step',
/* time_stamp */ '2026-04-24T17:05:39+02:00',
/* author */ (''),
/* organization */ (''),
/* preprocessor_version */ 'ST-DEVELOPER v20.1',
/* originating_system */ 'Autodesk Translation Framework v15.8.0.0',
/* authorisation */ '');

FILE_SCHEMA (('AUTOMOTIVE_DESIGN { 1 0 10303 214 3 1 1 }'));
ENDSEC;

DATA;
#10=MECHANICAL_DESIGN_GEOMETRIC_PRESENTATION_REPRESENTATION('',(#13),#11734);
#11=SHAPE_REPRESENTATION_RELATIONSHIP('SRR','None',#11740,#12);
#12=ADVANCED_BREP_SHAPE_REPRESENTATION('',(#14),#11733);
#13=STYLED_ITEM('',(#11749),#14);
#14=MANIFOLD_SOLID_BREP('prusa-mini-bed-helper',#7363);
#15=ELLIPSE('',#7656,0.565685424949244,0.400000000000005);
#16=ELLIPSE('',#7658,0.565685424949242,0.400000000000001);
#17=ELLIPSE('',#7671,0.565685424949268,0.400000000000021);
#18=ELLIPSE('',#7672,0.565685424949269,0.400000000000021);
#19=ELLIPSE('',#7690,0.565685424949239,0.400000000000001);
#20=ELLIPSE('',#7692,0.565685424949227,0.399999999999992);
#21=ELLIPSE('',#7707,0.56568542494924,0.400000000000001);
#22=ELLIPSE('',#7708,0.565685424949239,0.400000000000001);
#23=FACE_BOUND('',#807,.T.);
#24=FACE_BOUND('',#811,.T.);
#25=FACE_BOUND('',#815,.T.);
#26=FACE_BOUND('',#819,.T.);
#27=FACE_BOUND('',#877,.T.);
#28=FACE_BOUND('',#897,.T.);
#29=FACE_BOUND('',#908,.T.);
#30=FACE_BOUND('',#971,.T.);
#31=FACE_BOUND('',#972,.T.);
#32=FACE_BOUND('',#973,.T.);
#33=FACE_BOUND('',#974,.T.);
#34=FACE_BOUND('',#975,.T.);
#35=FACE_BOUND('',#976,.T.);
#36=FACE_BOUND('',#978,.T.);
#37=FACE_BOUND('',#979,.T.);
#38=FACE_BOUND('',#980,.T.);
#39=FACE_BOUND('',#981,.T.);
#40=FACE_BOUND('',#982,.T.);
#41=FACE_BOUND('',#983,.T.);
#42=FACE_BOUND('',#995,.T.);
#43=FACE_BOUND('',#997,.T.);
#44=FACE_BOUND('',#999,.T.);
#45=FACE_BOUND('',#1001,.T.);
#46=FACE_BOUND('',#1003,.T.);
#47=FACE_BOUND('',#1005,.T.);
#48=FACE_BOUND('',#1151,.T.);
#49=FACE_BOUND('',#1209,.T.);
#50=PLANE('',#7370);
#51=PLANE('',#7376);
#52=PLANE('',#7382);
#53=PLANE('',#7388);
#54=PLANE('',#7389);
#55=PLANE('',#7390);
#56=PLANE('',#7391);
#57=PLANE('',#7392);
#58=PLANE('',#7393);
#59=PLANE('',#7394);
#60=PLANE('',#7395);
#61=PLANE('',#7396);
#62=PLANE('',#7397);
#63=PLANE('',#7398);
#64=PLANE('',#7399);
#65=PLANE('',#7400);
#66=PLANE('',#7401);
#67=PLANE('',#7402);
#68=PLANE('',#7403);
#69=PLANE('',#7404);
#70=PLANE('',#7405);
#71=PLANE('',#7406);
#72=PLANE('',#7407);
#73=PLANE('',#7408);
#74=PLANE('',#7409);
#75=PLANE('',#7410);
#76=PLANE('',#7411);
#77=PLANE('',#7412);
#78=PLANE('',#7416);
#79=PLANE('',#7420);
#80=PLANE('',#7424);
#81=PLANE('',#7428);
#82=PLANE('',#7432);
#83=PLANE('',#7436);
#84=PLANE('',#7443);
#85=PLANE('',#7444);
#86=PLANE('',#7445);
#87=PLANE('',#7446);
#88=PLANE('',#7447);
#89=PLANE('',#7448);
#90=PLANE('',#7449);
#91=PLANE('',#7450);
#92=PLANE('',#7451);
#93=PLANE('',#7452);
#94=PLANE('',#7453);
#95=PLANE('',#7454);
#96=PLANE('',#7455);
#97=PLANE('',#7456);
#98=PLANE('',#7457);
#99=PLANE('',#7458);
#100=PLANE('',#7459);
#101=PLANE('',#7460);
#102=PLANE('',#7461);
#103=PLANE('',#7462);
#104=PLANE('',#7463);
#105=PLANE('',#7464);
#106=PLANE('',#7465);
#107=PLANE('',#7466);
#108=PLANE('',#7467);
#109=PLANE('',#7468);
#110=PLANE('',#7469);
#111=PLANE('',#7470);
#112=PLANE('',#7471);
#113=PLANE('',#7472);
#114=PLANE('',#7473);
#115=PLANE('',#7474);
#116=PLANE('',#7475);
#117=PLANE('',#7476);
#118=PLANE('',#7477);
#119=PLANE('',#7478);
#120=PLANE('',#7479);
#121=PLANE('',#7480);
#122=PLANE('',#7481);
#123=PLANE('',#7482);
#124=PLANE('',#7483);
#125=PLANE('',#7484);
#126=PLANE('',#7485);
#127=PLANE('',#7486);
#128=PLANE('',#7487);
#129=PLANE('',#7488);
#130=PLANE('',#7489);
#131=PLANE('',#7490);
#132=PLANE('',#7491);
#133=PLANE('',#7492);
#134=PLANE('',#7493);
#135=PLANE('',#7494);
#136=PLANE('',#7495);
#137=PLANE('',#7496);
#138=PLANE('',#7497);
#139=PLANE('',#7498);
#140=PLANE('',#7499);
#141=PLANE('',#7500);
#142=PLANE('',#7501);
#143=PLANE('',#7502);
#144=PLANE('',#7503);
#145=PLANE('',#7504);
#146=PLANE('',#7505);
#147=PLANE('',#7506);
#148=PLANE('',#7507);
#149=PLANE('',#7508);
#150=PLANE('',#7509);
#151=PLANE('',#7510);
#152=PLANE('',#7511);
#153=PLANE('',#7512);
#154=PLANE('',#7513);
#155=PLANE('',#7514);
#156=PLANE('',#7515);
#157=PLANE('',#7516);
#158=PLANE('',#7517);
#159=PLANE('',#7518);
#160=PLANE('',#7519);
#161=PLANE('',#7526);
#162=PLANE('',#7527);
#163=PLANE('',#7528);
#164=PLANE('',#7529);
#165=PLANE('',#7530);
#166=PLANE('',#7531);
#167=PLANE('',#7532);
#168=PLANE('',#7533);
#169=PLANE('',#7534);
#170=PLANE('',#7535);
#171=PLANE('',#7536);
#172=PLANE('',#7537);
#173=PLANE('',#7538);
#174=PLANE('',#7539);
#175=PLANE('',#7540);
#176=PLANE('',#7541);
#177=PLANE('',#7542);
#178=PLANE('',#7543);
#179=PLANE('',#7544);
#180=PLANE('',#7545);
#181=PLANE('',#7546);
#182=PLANE('',#7547);
#183=PLANE('',#7548);
#184=PLANE('',#7549);
#185=PLANE('',#7550);
#186=PLANE('',#7551);
#187=PLANE('',#7552);
#188=PLANE('',#7553);
#189=PLANE('',#7554);
#190=PLANE('',#7555);
#191=PLANE('',#7556);
#192=PLANE('',#7557);
#193=PLANE('',#7558);
#194=PLANE('',#7559);
#195=PLANE('',#7560);
#196=PLANE('',#7561);
#197=PLANE('',#7562);
#198=PLANE('',#7563);
#199=PLANE('',#7564);
#200=PLANE('',#7565);
#201=PLANE('',#7566);
#202=PLANE('',#7567);
#203=PLANE('',#7568);
#204=PLANE('',#7569);
#205=PLANE('',#7570);
#206=PLANE('',#7571);
#207=PLANE('',#7572);
#208=PLANE('',#7573);
#209=PLANE('',#7574);
#210=PLANE('',#7575);
#211=PLANE('',#7576);
#212=PLANE('',#7577);
#213=PLANE('',#7578);
#214=PLANE('',#7579);
#215=PLANE('',#7580);
#216=PLANE('',#7581);
#217=PLANE('',#7582);
#218=PLANE('',#7583);
#219=PLANE('',#7584);
#220=PLANE('',#7585);
#221=PLANE('',#7586);
#222=PLANE('',#7587);
#223=PLANE('',#7588);
#224=PLANE('',#7589);
#225=PLANE('',#7590);
#226=PLANE('',#7591);
#227=PLANE('',#7592);
#228=PLANE('',#7593);
#229=PLANE('',#7594);
#230=PLANE('',#7595);
#231=PLANE('',#7596);
#232=PLANE('',#7597);
#233=PLANE('',#7598);
#234=PLANE('',#7599);
#235=PLANE('',#7600);
#236=PLANE('',#7601);
#237=PLANE('',#7602);
#238=PLANE('',#7603);
#239=PLANE('',#7604);
#240=PLANE('',#7605);
#241=PLANE('',#7606);
#242=PLANE('',#7607);
#243=PLANE('',#7608);
#244=PLANE('',#7609);
#245=PLANE('',#7610);
#246=PLANE('',#7611);
#247=PLANE('',#7612);
#248=PLANE('',#7613);
#249=PLANE('',#7614);
#250=PLANE('',#7615);
#251=PLANE('',#7616);
#252=PLANE('',#7617);
#253=PLANE('',#7618);
#254=PLANE('',#7619);
#255=PLANE('',#7620);
#256=PLANE('',#7621);
#257=PLANE('',#7622);
#258=PLANE('',#7623);
#259=PLANE('',#7624);
#260=PLANE('',#7625);
#261=PLANE('',#7626);
#262=PLANE('',#7627);
#263=PLANE('',#7628);
#264=PLANE('',#7629);
#265=PLANE('',#7630);
#266=PLANE('',#7631);
#267=PLANE('',#7632);
#268=PLANE('',#7633);
#269=PLANE('',#7634);
#270=PLANE('',#7635);
#271=PLANE('',#7636);
#272=PLANE('',#7637);
#273=PLANE('',#7638);
#274=PLANE('',#7639);
#275=PLANE('',#7640);
#276=PLANE('',#7641);
#277=PLANE('',#7642);
#278=PLANE('',#7643);
#279=PLANE('',#7644);
#280=PLANE('',#7645);
#281=PLANE('',#7646);
#282=PLANE('',#7647);
#283=PLANE('',#7648);
#284=PLANE('',#7649);
#285=PLANE('',#7650);
#286=PLANE('',#7651);
#287=PLANE('',#7659);
#288=PLANE('',#7663);
#289=PLANE('',#7664);
#290=PLANE('',#7668);
#291=PLANE('',#7669);
#292=PLANE('',#7673);
#293=PLANE('',#7677);
#294=PLANE('',#7678);
#295=PLANE('',#7679);
#296=PLANE('',#7683);
#297=PLANE('',#7684);
#298=PLANE('',#7685);
#299=PLANE('',#7693);
#300=PLANE('',#7697);
#301=PLANE('',#7698);
#302=PLANE('',#7699);
#303=PLANE('',#7703);
#304=PLANE('',#7704);
#305=PLANE('',#7705);
#306=PLANE('',#7709);
#307=PLANE('',#7713);
#308=PLANE('',#7714);
#309=PLANE('',#7715);
#310=PLANE('',#7719);
#311=PLANE('',#7720);
#312=PLANE('',#7721);
#313=PLANE('',#7722);
#314=PLANE('',#7723);
#315=PLANE('',#7724);
#316=PLANE('',#7725);
#317=PLANE('',#7726);
#318=PLANE('',#7727);
#319=PLANE('',#7728);
#320=PLANE('',#7729);
#321=PLANE('',#7730);
#322=PLANE('',#7731);
#323=PLANE('',#7732);
#324=PLANE('',#7733);
#325=PLANE('',#7734);
#326=PLANE('',#7735);
#327=PLANE('',#7736);
#328=PLANE('',#7737);
#329=PLANE('',#7738);
#330=PLANE('',#7739);
#331=PLANE('',#7740);
#332=PLANE('',#7741);
#333=PLANE('',#7742);
#334=PLANE('',#7743);
#335=PLANE('',#7744);
#336=PLANE('',#7745);
#337=PLANE('',#7746);
#338=PLANE('',#7747);
#339=PLANE('',#7748);
#340=PLANE('',#7749);
#341=PLANE('',#7750);
#342=PLANE('',#7751);
#343=PLANE('',#7752);
#344=PLANE('',#7753);
#345=PLANE('',#7754);
#346=PLANE('',#7755);
#347=PLANE('',#7756);
#348=PLANE('',#7757);
#349=PLANE('',#7758);
#350=PLANE('',#7759);
#351=PLANE('',#7760);
#352=PLANE('',#7761);
#353=PLANE('',#7762);
#354=PLANE('',#7763);
#355=PLANE('',#7764);
#356=PLANE('',#7765);
#357=PLANE('',#7766);
#358=PLANE('',#7767);
#359=PLANE('',#7768);
#360=PLANE('',#7769);
#361=PLANE('',#7770);
#362=PLANE('',#7771);
#363=PLANE('',#7772);
#364=PLANE('',#7773);
#365=PLANE('',#7774);
#366=PLANE('',#7775);
#367=PLANE('',#7776);
#368=PLANE('',#7777);
#369=PLANE('',#7778);
#370=PLANE('',#7779);
#371=PLANE('',#7780);
#372=PLANE('',#7781);
#373=PLANE('',#7782);
#374=PLANE('',#7783);
#375=PLANE('',#7784);
#376=PLANE('',#7785);
#377=PLANE('',#7786);
#378=PLANE('',#7787);
#379=PLANE('',#7788);
#380=PLANE('',#7789);
#381=PLANE('',#7790);
#382=PLANE('',#7791);
#383=PLANE('',#7792);
#384=PLANE('',#7793);
#385=PLANE('',#7794);
#386=PLANE('',#7795);
#387=PLANE('',#7796);
#388=PLANE('',#7797);
#389=PLANE('',#7798);
#390=PLANE('',#7799);
#391=PLANE('',#7800);
#392=PLANE('',#7801);
#393=PLANE('',#7802);
#394=PLANE('',#7803);
#395=CYLINDRICAL_SURFACE('',#7368,3.);
#396=CYLINDRICAL_SURFACE('',#7374,3.00000000000001);
#397=CYLINDRICAL_SURFACE('',#7380,3.00000000000001);
#398=CYLINDRICAL_SURFACE('',#7386,3.);
#399=CYLINDRICAL_SURFACE('',#7413,5.);
#400=CYLINDRICAL_SURFACE('',#7417,5.);
#401=CYLINDRICAL_SURFACE('',#7421,5.);
#402=CYLINDRICAL_SURFACE('',#7425,5.);
#403=CYLINDRICAL_SURFACE('',#7429,5.);
#404=CYLINDRICAL_SURFACE('',#7433,5.);
#405=CYLINDRICAL_SURFACE('',#7437,5.);
#406=CYLINDRICAL_SURFACE('',#7440,5.);
#407=CYLINDRICAL_SURFACE('',#7520,1.25);
#408=CYLINDRICAL_SURFACE('',#7523,1.25);
#409=CYLINDRICAL_SURFACE('',#7652,0.400000000000002);
#410=CYLINDRICAL_SURFACE('',#7655,0.400000000000005);
#411=CYLINDRICAL_SURFACE('',#7657,0.400000000000001);
#412=CYLINDRICAL_SURFACE('',#7660,0.399999999999987);
#413=CYLINDRICAL_SURFACE('',#7665,0.399999999999987);
#414=CYLINDRICAL_SURFACE('',#7670,0.400000000000021);
#415=CYLINDRICAL_SURFACE('',#7674,0.399999999999987);
#416=CYLINDRICAL_SURFACE('',#7680,0.399999999999984);
#417=CYLINDRICAL_SURFACE('',#7686,0.4);
#418=CYLINDRICAL_SURFACE('',#7689,0.400000000000001);
#419=CYLINDRICAL_SURFACE('',#7691,0.399999999999992);
#420=CYLINDRICAL_SURFACE('',#7694,0.4);
#421=CYLINDRICAL_SURFACE('',#7700,0.399999999999995);
#422=CYLINDRICAL_SURFACE('',#7706,0.4);
#423=CYLINDRICAL_SURFACE('',#7710,0.400000000000003);
#424=CYLINDRICAL_SURFACE('',#7716,0.4);
#425=FACE_OUTER_BOUND('',#804,.T.);
#426=FACE_OUTER_BOUND('',#805,.T.);
#427=FACE_OUTER_BOUND('',#806,.T.);
#428=FACE_OUTER_BOUND('',#808,.T.);
#429=FACE_OUTER_BOUND('',#809,.T.);
#430=FACE_OUTER_BOUND('',#810,.T.);
#431=FACE_OUTER_BOUND('',#812,.T.);
#432=FACE_OUTER_BOUND('',#813,.T.);
#433=FACE_OUTER_BOUND('',#814,.T.);
#434=FACE_OUTER_BOUND('',#816,.T.);
#435=FACE_OUTER_BOUND('',#817,.T.);
#436=FACE_OUTER_BOUND('',#818,.T.);
#437=FACE_OUTER_BOUND('',#820,.T.);
#438=FACE_OUTER_BOUND('',#821,.T.);
#439=FACE_OUTER_BOUND('',#822,.T.);
#440=FACE_OUTER_BOUND('',#823,.T.);
#441=FACE_OUTER_BOUND('',#824,.T.);
#442=FACE_OUTER_BOUND('',#825,.T.);
#443=FACE_OUTER_BOUND('',#826,.T.);
#444=FACE_OUTER_BOUND('',#827,.T.);
#445=FACE_OUTER_BOUND('',#828,.T.);
#446=FACE_OUTER_BOUND('',#829,.T.);
#447=FACE_OUTER_BOUND('',#830,.T.);
#448=FACE_OUTER_BOUND('',#831,.T.);
#449=FACE_OUTER_BOUND('',#832,.T.);
#450=FACE_OUTER_BOUND('',#833,.T.);
#451=FACE_OUTER_BOUND('',#834,.T.);
#452=FACE_OUTER_BOUND('',#835,.T.);
#453=FACE_OUTER_BOUND('',#836,.T.);
#454=FACE_OUTER_BOUND('',#837,.T.);
#455=FACE_OUTER_BOUND('',#838,.T.);
#456=FACE_OUTER_BOUND('',#839,.T.);
#457=FACE_OUTER_BOUND('',#840,.T.);
#458=FACE_OUTER_BOUND('',#841,.T.);
#459=FACE_OUTER_BOUND('',#842,.T.);
#460=FACE_OUTER_BOUND('',#843,.T.);
#461=FACE_OUTER_BOUND('',#844,.T.);
#462=FACE_OUTER_BOUND('',#845,.T.);
#463=FACE_OUTER_BOUND('',#846,.T.);
#464=FACE_OUTER_BOUND('',#847,.T.);
#465=FACE_OUTER_BOUND('',#848,.T.);
#466=FACE_OUTER_BOUND('',#849,.T.);
#467=FACE_OUTER_BOUND('',#850,.T.);
#468=FACE_OUTER_BOUND('',#851,.T.);
#469=FACE_OUTER_BOUND('',#852,.T.);
#470=FACE_OUTER_BOUND('',#853,.T.);
#471=FACE_OUTER_BOUND('',#854,.T.);
#472=FACE_OUTER_BOUND('',#855,.T.);
#473=FACE_OUTER_BOUND('',#856,.T.);
#474=FACE_OUTER_BOUND('',#857,.T.);
#475=FACE_OUTER_BOUND('',#858,.T.);
#476=FACE_OUTER_BOUND('',#859,.T.);
#477=FACE_OUTER_BOUND('',#860,.T.);
#478=FACE_OUTER_BOUND('',#861,.T.);
#479=FACE_OUTER_BOUND('',#862,.T.);
#480=FACE_OUTER_BOUND('',#863,.T.);
#481=FACE_OUTER_BOUND('',#864,.T.);
#482=FACE_OUTER_BOUND('',#865,.T.);
#483=FACE_OUTER_BOUND('',#866,.T.);
#484=FACE_OUTER_BOUND('',#867,.T.);
#485=FACE_OUTER_BOUND('',#868,.T.);
#486=FACE_OUTER_BOUND('',#869,.T.);
#487=FACE_OUTER_BOUND('',#870,.T.);
#488=FACE_OUTER_BOUND('',#871,.T.);
#489=FACE_OUTER_BOUND('',#872,.T.);
#490=FACE_OUTER_BOUND('',#873,.T.);
#491=FACE_OUTER_BOUND('',#874,.T.);
#492=FACE_OUTER_BOUND('',#875,.T.);
#493=FACE_OUTER_BOUND('',#876,.T.);
#494=FACE_OUTER_BOUND('',#878,.T.);
#495=FACE_OUTER_BOUND('',#879,.T.);
#496=FACE_OUTER_BOUND('',#880,.T.);
#497=FACE_OUTER_BOUND('',#881,.T.);
#498=FACE_OUTER_BOUND('',#882,.T.);
#499=FACE_OUTER_BOUND('',#883,.T.);
#500=FACE_OUTER_BOUND('',#884,.T.);
#501=FACE_OUTER_BOUND('',#885,.T.);
#502=FACE_OUTER_BOUND('',#886,.T.);
#503=FACE_OUTER_BOUND('',#887,.T.);
#504=FACE_OUTER_BOUND('',#888,.T.);
#505=FACE_OUTER_BOUND('',#889,.T.);
#506=FACE_OUTER_BOUND('',#890,.T.);
#507=FACE_OUTER_BOUND('',#891,.T.);
#508=FACE_OUTER_BOUND('',#892,.T.);
#509=FACE_OUTER_BOUND('',#893,.T.);
#510=FACE_OUTER_BOUND('',#894,.T.);
#511=FACE_OUTER_BOUND('',#895,.T.);
#512=FACE_OUTER_BOUND('',#896,.T.);
#513=FACE_OUTER_BOUND('',#898,.T.);
#514=FACE_OUTER_BOUND('',#899,.T.);
#515=FACE_OUTER_BOUND('',#900,.T.);
#516=FACE_OUTER_BOUND('',#901,.T.);
#517=FACE_OUTER_BOUND('',#902,.T.);
#518=FACE_OUTER_BOUND('',#903,.T.);
#519=FACE_OUTER_BOUND('',#904,.T.);
#520=FACE_OUTER_BOUND('',#905,.T.);
#521=FACE_OUTER_BOUND('',#906,.T.);
#522=FACE_OUTER_BOUND('',#907,.T.);
#523=FACE_OUTER_BOUND('',#909,.T.);
#524=FACE_OUTER_BOUND('',#910,.T.);
#525=FACE_OUTER_BOUND('',#911,.T.);
#526=FACE_OUTER_BOUND('',#912,.T.);
#527=FACE_OUTER_BOUND('',#913,.T.);
#528=FACE_OUTER_BOUND('',#914,.T.);
#529=FACE_OUTER_BOUND('',#915,.T.);
#530=FACE_OUTER_BOUND('',#916,.T.);
#531=FACE_OUTER_BOUND('',#917,.T.);
#532=FACE_OUTER_BOUND('',#918,.T.);
#533=FACE_OUTER_BOUND('',#919,.T.);
#534=FACE_OUTER_BOUND('',#920,.T.);
#535=FACE_OUTER_BOUND('',#921,.T.);
#536=FACE_OUTER_BOUND('',#922,.T.);
#537=FACE_OUTER_BOUND('',#923,.T.);
#538=FACE_OUTER_BOUND('',#924,.T.);
#539=FACE_OUTER_BOUND('',#925,.T.);
#540=FACE_OUTER_BOUND('',#926,.T.);
#541=FACE_OUTER_BOUND('',#927,.T.);
#542=FACE_OUTER_BOUND('',#928,.T.);
#543=FACE_OUTER_BOUND('',#929,.T.);
#544=FACE_OUTER_BOUND('',#930,.T.);
#545=FACE_OUTER_BOUND('',#931,.T.);
#546=FACE_OUTER_BOUND('',#932,.T.);
#547=FACE_OUTER_BOUND('',#933,.T.);
#548=FACE_OUTER_BOUND('',#934,.T.);
#549=FACE_OUTER_BOUND('',#935,.T.);
#550=FACE_OUTER_BOUND('',#936,.T.);
#551=FACE_OUTER_BOUND('',#937,.T.);
#552=FACE_OUTER_BOUND('',#938,.T.);
#553=FACE_OUTER_BOUND('',#939,.T.);
#554=FACE_OUTER_BOUND('',#940,.T.);
#555=FACE_OUTER_BOUND('',#941,.T.);
#556=FACE_OUTER_BOUND('',#942,.T.);
#557=FACE_OUTER_BOUND('',#943,.T.);
#558=FACE_OUTER_BOUND('',#944,.T.);
#559=FACE_OUTER_BOUND('',#945,.T.);
#560=FACE_OUTER_BOUND('',#946,.T.);
#561=FACE_OUTER_BOUND('',#947,.T.);
#562=FACE_OUTER_BOUND('',#948,.T.);
#563=FACE_OUTER_BOUND('',#949,.T.);
#564=FACE_OUTER_BOUND('',#950,.T.);
#565=FACE_OUTER_BOUND('',#951,.T.);
#566=FACE_OUTER_BOUND('',#952,.T.);
#567=FACE_OUTER_BOUND('',#953,.T.);
#568=FACE_OUTER_BOUND('',#954,.T.);
#569=FACE_OUTER_BOUND('',#955,.T.);
#570=FACE_OUTER_BOUND('',#956,.T.);
#571=FACE_OUTER_BOUND('',#957,.T.);
#572=FACE_OUTER_BOUND('',#958,.T.);
#573=FACE_OUTER_BOUND('',#959,.T.);
#574=FACE_OUTER_BOUND('',#960,.T.);
#575=FACE_OUTER_BOUND('',#961,.T.);
#576=FACE_OUTER_BOUND('',#962,.T.);
#577=FACE_OUTER_BOUND('',#963,.T.);
#578=FACE_OUTER_BOUND('',#964,.T.);
#579=FACE_OUTER_BOUND('',#965,.T.);
#580=FACE_OUTER_BOUND('',#966,.T.);
#581=FACE_OUTER_BOUND('',#967,.T.);
#582=FACE_OUTER_BOUND('',#968,.T.);
#583=FACE_OUTER_BOUND('',#969,.T.);
#584=FACE_OUTER_BOUND('',#970,.T.);
#585=FACE_OUTER_BOUND('',#977,.T.);
#586=FACE_OUTER_BOUND('',#984,.T.);
#587=FACE_OUTER_BOUND('',#985,.T.);
#588=FACE_OUTER_BOUND('',#986,.T.);
#589=FACE_OUTER_BOUND('',#987,.T.);
#590=FACE_OUTER_BOUND('',#988,.T.);
#591=FACE_OUTER_BOUND('',#989,.T.);
#592=FACE_OUTER_BOUND('',#990,.T.);
#593=FACE_OUTER_BOUND('',#991,.T.);
#594=FACE_OUTER_BOUND('',#992,.T.);
#595=FACE_OUTER_BOUND('',#993,.T.);
#596=FACE_OUTER_BOUND('',#994,.T.);
#597=FACE_OUTER_BOUND('',#996,.T.);
#598=FACE_OUTER_BOUND('',#998,.T.);
#599=FACE_OUTER_BOUND('',#1000,.T.);
#600=FACE_OUTER_BOUND('',#1002,.T.);
#601=FACE_OUTER_BOUND('',#1004,.T.);
#602=FACE_OUTER_BOUND('',#1006,.T.);
#603=FACE_OUTER_BOUND('',#1007,.T.);
#604=FACE_OUTER_BOUND('',#1008,.T.);
#605=FACE_OUTER_BOUND('',#1009,.T.);
#606=FACE_OUTER_BOUND('',#1010,.T.);
#607=FACE_OUTER_BOUND('',#1011,.T.);
#608=FACE_OUTER_BOUND('',#1012,.T.);
#609=FACE_OUTER_BOUND('',#1013,.T.);
#610=FACE_OUTER_BOUND('',#1014,.T.);
#611=FACE_OUTER_BOUND('',#1015,.T.);
#612=FACE_OUTER_BOUND('',#1016,.T.);
#613=FACE_OUTER_BOUND('',#1017,.T.);
#614=FACE_OUTER_BOUND('',#1018,.T.);
#615=FACE_OUTER_BOUND('',#1019,.T.);
#616=FACE_OUTER_BOUND('',#1020,.T.);
#617=FACE_OUTER_BOUND('',#1021,.T.);
#618=FACE_OUTER_BOUND('',#1022,.T.);
#619=FACE_OUTER_BOUND('',#1023,.T.);
#620=FACE_OUTER_BOUND('',#1024,.T.);
#621=FACE_OUTER_BOUND('',#1025,.T.);
#622=FACE_OUTER_BOUND('',#1026,.T.);
#623=FACE_OUTER_BOUND('',#1027,.T.);
#624=FACE_OUTER_BOUND('',#1028,.T.);
#625=FACE_OUTER_BOUND('',#1029,.T.);
#626=FACE_OUTER_BOUND('',#1030,.T.);
#627=FACE_OUTER_BOUND('',#1031,.T.);
#628=FACE_OUTER_BOUND('',#1032,.T.);
#629=FACE_OUTER_BOUND('',#1033,.T.);
#630=FACE_OUTER_BOUND('',#1034,.T.);
#631=FACE_OUTER_BOUND('',#1035,.T.);
#632=FACE_OUTER_BOUND('',#1036,.T.);
#633=FACE_OUTER_BOUND('',#1037,.T.);
#634=FACE_OUTER_BOUND('',#1038,.T.);
#635=FACE_OUTER_BOUND('',#1039,.T.);
#636=FACE_OUTER_BOUND('',#1040,.T.);
#637=FACE_OUTER_BOUND('',#1041,.T.);
#638=FACE_OUTER_BOUND('',#1042,.T.);
#639=FACE_OUTER_BOUND('',#1043,.T.);
#640=FACE_OUTER_BOUND('',#1044,.T.);
#641=FACE_OUTER_BOUND('',#1045,.T.);
#642=FACE_OUTER_BOUND('',#1046,.T.);
#643=FACE_OUTER_BOUND('',#1047,.T.);
#644=FACE_OUTER_BOUND('',#1048,.T.);
#645=FACE_OUTER_BOUND('',#1049,.T.);
#646=FACE_OUTER_BOUND('',#1050,.T.);
#647=FACE_OUTER_BOUND('',#1051,.T.);
#648=FACE_OUTER_BOUND('',#1052,.T.);
#649=FACE_OUTER_BOUND('',#1053,.T.);
#650=FACE_OUTER_BOUND('',#1054,.T.);
#651=FACE_OUTER_BOUND('',#1055,.T.);
#652=FACE_OUTER_BOUND('',#1056,.T.);
#653=FACE_OUTER_BOUND('',#1057,.T.);
#654=FACE_OUTER_BOUND('',#1058,.T.);
#655=FACE_OUTER_BOUND('',#1059,.T.);
#656=FACE_OUTER_BOUND('',#1060,.T.);
#657=FACE_OUTER_BOUND('',#1061,.T.);
#658=FACE_OUTER_BOUND('',#1062,.T.);
#659=FACE_OUTER_BOUND('',#1063,.T.);
#660=FACE_OUTER_BOUND('',#1064,.T.);
#661=FACE_OUTER_BOUND('',#1065,.T.);
#662=FACE_OUTER_BOUND('',#1066,.T.);
#663=FACE_OUTER_BOUND('',#1067,.T.);
#664=FACE_OUTER_BOUND('',#1068,.T.);
#665=FACE_OUTER_BOUND('',#1069,.T.);
#666=FACE_OUTER_BOUND('',#1070,.T.);
#667=FACE_OUTER_BOUND('',#1071,.T.);
#668=FACE_OUTER_BOUND('',#1072,.T.);
#669=FACE_OUTER_BOUND('',#1073,.T.);
#670=FACE_OUTER_BOUND('',#1074,.T.);
#671=FACE_OUTER_BOUND('',#1075,.T.);
#672=FACE_OUTER_BOUND('',#1076,.T.);
#673=FACE_OUTER_BOUND('',#1077,.T.);
#674=FACE_OUTER_BOUND('',#1078,.T.);
#675=FACE_OUTER_BOUND('',#1079,.T.);
#676=FACE_OUTER_BOUND('',#1080,.T.);
#677=FACE_OUTER_BOUND('',#1081,.T.);
#678=FACE_OUTER_BOUND('',#1082,.T.);
#679=FACE_OUTER_BOUND('',#1083,.T.);
#680=FACE_OUTER_BOUND('',#1084,.T.);
#681=FACE_OUTER_BOUND('',#1085,.T.);
#682=FACE_OUTER_BOUND('',#1086,.T.);
#683=FACE_OUTER_BOUND('',#1087,.T.);
#684=FACE_OUTER_BOUND('',#1088,.T.);
#685=FACE_OUTER_BOUND('',#1089,.T.);
#686=FACE_OUTER_BOUND('',#1090,.T.);
#687=FACE_OUTER_BOUND('',#1091,.T.);
#688=FACE_OUTER_BOUND('',#1092,.T.);
#689=FACE_OUTER_BOUND('',#1093,.T.);
#690=FACE_OUTER_BOUND('',#1094,.T.);
#691=FACE_OUTER_BOUND('',#1095,.T.);
#692=FACE_OUTER_BOUND('',#1096,.T.);
#693=FACE_OUTER_BOUND('',#1097,.T.);
#694=FACE_OUTER_BOUND('',#1098,.T.);
#695=FACE_OUTER_BOUND('',#1099,.T.);
#696=FACE_OUTER_BOUND('',#1100,.T.);
#697=FACE_OUTER_BOUND('',#1101,.T.);
#698=FACE_OUTER_BOUND('',#1102,.T.);
#699=FACE_OUTER_BOUND('',#1103,.T.);
#700=FACE_OUTER_BOUND('',#1104,.T.);
#701=FACE_OUTER_BOUND('',#1105,.T.);
#702=FACE_OUTER_BOUND('',#1106,.T.);
#703=FACE_OUTER_BOUND('',#1107,.T.);
#704=FACE_OUTER_BOUND('',#1108,.T.);
#705=FACE_OUTER_BOUND('',#1109,.T.);
#706=FACE_OUTER_BOUND('',#1110,.T.);
#707=FACE_OUTER_BOUND('',#1111,.T.);
#708=FACE_OUTER_BOUND('',#1112,.T.);
#709=FACE_OUTER_BOUND('',#1113,.T.);
#710=FACE_OUTER_BOUND('',#1114,.T.);
#711=FACE_OUTER_BOUND('',#1115,.T.);
#712=FACE_OUTER_BOUND('',#1116,.T.);
#713=FACE_OUTER_BOUND('',#1117,.T.);
#714=FACE_OUTER_BOUND('',#1118,.T.);
#715=FACE_OUTER_BOUND('',#1119,.T.);
#716=FACE_OUTER_BOUND('',#1120,.T.);
#717=FACE_OUTER_BOUND('',#1121,.T.);
#718=FACE_OUTER_BOUND('',#1122,.T.);
#719=FACE_OUTER_BOUND('',#1123,.T.);
#720=FACE_OUTER_BOUND('',#1124,.T.);
#721=FACE_OUTER_BOUND('',#1125,.T.);
#722=FACE_OUTER_BOUND('',#1126,.T.);
#723=FACE_OUTER_BOUND('',#1127,.T.);
#724=FACE_OUTER_BOUND('',#1128,.T.);
#725=FACE_OUTER_BOUND('',#1129,.T.);
#726=FACE_OUTER_BOUND('',#1130,.T.);
#727=FACE_OUTER_BOUND('',#1131,.T.);
#728=FACE_OUTER_BOUND('',#1132,.T.);
#729=FACE_OUTER_BOUND('',#1133,.T.);
#730=FACE_OUTER_BOUND('',#1134,.T.);
#731=FACE_OUTER_BOUND('',#1135,.T.);
#732=FACE_OUTER_BOUND('',#1136,.T.);
#733=FACE_OUTER_BOUND('',#1137,.T.);
#734=FACE_OUTER_BOUND('',#1138,.T.);
#735=FACE_OUTER_BOUND('',#1139,.T.);
#736=FACE_OUTER_BOUND('',#1140,.T.);
#737=FACE_OUTER_BOUND('',#1141,.T.);
#738=FACE_OUTER_BOUND('',#1142,.T.);
#739=FACE_OUTER_BOUND('',#1143,.T.);
#740=FACE_OUTER_BOUND('',#1144,.T.);
#741=FACE_OUTER_BOUND('',#1145,.T.);
#742=FACE_OUTER_BOUND('',#1146,.T.);
#743=FACE_OUTER_BOUND('',#1147,.T.);
#744=FACE_OUTER_BOUND('',#1148,.T.);
#745=FACE_OUTER_BOUND('',#1149,.T.);
#746=FACE_OUTER_BOUND('',#1150,.T.);
#747=FACE_OUTER_BOUND('',#1152,.T.);
#748=FACE_OUTER_BOUND('',#1153,.T.);
#749=FACE_OUTER_BOUND('',#1154,.T.);
#750=FACE_OUTER_BOUND('',#1155,.T.);
#751=FACE_OUTER_BOUND('',#1156,.T.);
#752=FACE_OUTER_BOUND('',#1157,.T.);
#753=FACE_OUTER_BOUND('',#1158,.T.);
#754=FACE_OUTER_BOUND('',#1159,.T.);
#755=FACE_OUTER_BOUND('',#1160,.T.);
#756=FACE_OUTER_BOUND('',#1161,.T.);
#757=FACE_OUTER_BOUND('',#1162,.T.);
#758=FACE_OUTER_BOUND('',#1163,.T.);
#759=FACE_OUTER_BOUND('',#1164,.T.);
#760=FACE_OUTER_BOUND('',#1165,.T.);
#761=FACE_OUTER_BOUND('',#1166,.T.);
#762=FACE_OUTER_BOUND('',#1167,.T.);
#763=FACE_OUTER_BOUND('',#1168,.T.);
#764=FACE_OUTER_BOUND('',#1169,.T.);
#765=FACE_OUTER_BOUND('',#1170,.T.);
#766=FACE_OUTER_BOUND('',#1171,.T.);
#767=FACE_OUTER_BOUND('',#1172,.T.);
#768=FACE_OUTER_BOUND('',#1173,.T.);
#769=FACE_OUTER_BOUND('',#1174,.T.);
#770=FACE_OUTER_BOUND('',#1175,.T.);
#771=FACE_OUTER_BOUND('',#1176,.T.);
#772=FACE_OUTER_BOUND('',#1177,.T.);
#773=FACE_OUTER_BOUND('',#1178,.T.);
#774=FACE_OUTER_BOUND('',#1179,.T.);
#775=FACE_OUTER_BOUND('',#1180,.T.);
#776=FACE_OUTER_BOUND('',#1181,.T.);
#777=FACE_OUTER_BOUND('',#1182,.T.);
#778=FACE_OUTER_BOUND('',#1183,.T.);
#779=FACE_OUTER_BOUND('',#1184,.T.);
#780=FACE_OUTER_BOUND('',#1185,.T.);
#781=FACE_OUTER_BOUND('',#1186,.T.);
#782=FACE_OUTER_BOUND('',#1187,.T.);
#783=FACE_OUTER_BOUND('',#1188,.T.);
#784=FACE_OUTER_BOUND('',#1189,.T.);
#785=FACE_OUTER_BOUND('',#1190,.T.);
#786=FACE_OUTER_BOUND('',#1191,.T.);
#787=FACE_OUTER_BOUND('',#1192,.T.);
#788=FACE_OUTER_BOUND('',#1193,.T.);
#789=FACE_OUTER_BOUND('',#1194,.T.);
#790=FACE_OUTER_BOUND('',#1195,.T.);
#791=FACE_OUTER_BOUND('',#1196,.T.);
#792=FACE_OUTER_BOUND('',#1197,.T.);
#793=FACE_OUTER_BOUND('',#1198,.T.);
#794=FACE_OUTER_BOUND('',#1199,.T.);
#795=FACE_OUTER_BOUND('',#1200,.T.);
#796=FACE_OUTER_BOUND('',#1201,.T.);
#797=FACE_OUTER_BOUND('',#1202,.T.);
#798=FACE_OUTER_BOUND('',#1203,.T.);
#799=FACE_OUTER_BOUND('',#1204,.T.);
#800=FACE_OUTER_BOUND('',#1205,.T.);
#801=FACE_OUTER_BOUND('',#1206,.T.);
#802=FACE_OUTER_BOUND('',#1207,.T.);
#803=FACE_OUTER_BOUND('',#1208,.T.);
#804=EDGE_LOOP('',(#4906,#4907,#4908,#4909));
#805=EDGE_LOOP('',(#4910,#4911,#4912,#4913));
#806=EDGE_LOOP('',(#4914,#4915,#4916,#4917,#4918,#4919,#4920,#4921));
#807=EDGE_LOOP('',(#4922));
#808=EDGE_LOOP('',(#4923,#4924,#4925,#4926));
#809=EDGE_LOOP('',(#4927,#4928,#4929,#4930));
#810=EDGE_LOOP('',(#4931,#4932,#4933,#4934,#4935,#4936,#4937,#4938,#4939,
#4940,#4941,#4942));
#811=EDGE_LOOP('',(#4943));
#812=EDGE_LOOP('',(#4944,#4945,#4946,#4947));
#813=EDGE_LOOP('',(#4948,#4949,#4950,#4951));
#814=EDGE_LOOP('',(#4952,#4953,#4954,#4955,#4956,#4957,#4958,#4959,#4960,
#4961,#4962,#4963));
#815=EDGE_LOOP('',(#4964));
#816=EDGE_LOOP('',(#4965,#4966,#4967,#4968));
#817=EDGE_LOOP('',(#4969,#4970,#4971,#4972));
#818=EDGE_LOOP('',(#4973,#4974,#4975,#4976,#4977,#4978,#4979,#4980));
#819=EDGE_LOOP('',(#4981));
#820=EDGE_LOOP('',(#4982,#4983,#4984,#4985));
#821=EDGE_LOOP('',(#4986,#4987,#4988,#4989));
#822=EDGE_LOOP('',(#4990,#4991,#4992,#4993));
#823=EDGE_LOOP('',(#4994,#4995,#4996,#4997));
#824=EDGE_LOOP('',(#4998,#4999,#5000,#5001));
#825=EDGE_LOOP('',(#5002,#5003,#5004,#5005));
#826=EDGE_LOOP('',(#5006,#5007,#5008,#5009));
#827=EDGE_LOOP('',(#5010,#5011,#5012,#5013));
#828=EDGE_LOOP('',(#5014,#5015,#5016,#5017));
#829=EDGE_LOOP('',(#5018,#5019,#5020,#5021));
#830=EDGE_LOOP('',(#5022,#5023,#5024,#5025));
#831=EDGE_LOOP('',(#5026,#5027,#5028,#5029));
#832=EDGE_LOOP('',(#5030,#5031,#5032,#5033));
#833=EDGE_LOOP('',(#5034,#5035,#5036,#5037));
#834=EDGE_LOOP('',(#5038,#5039,#5040,#5041));
#835=EDGE_LOOP('',(#5042,#5043,#5044,#5045));
#836=EDGE_LOOP('',(#5046,#5047,#5048,#5049));
#837=EDGE_LOOP('',(#5050,#5051,#5052,#5053));
#838=EDGE_LOOP('',(#5054,#5055,#5056,#5057));
#839=EDGE_LOOP('',(#5058,#5059,#5060,#5061));
#840=EDGE_LOOP('',(#5062,#5063,#5064,#5065));
#841=EDGE_LOOP('',(#5066,#5067,#5068,#5069));
#842=EDGE_LOOP('',(#5070,#5071,#5072,#5073));
#843=EDGE_LOOP('',(#5074,#5075,#5076,#5077));
#844=EDGE_LOOP('',(#5078,#5079,#5080,#5081));
#845=EDGE_LOOP('',(#5082,#5083,#5084,#5085));
#846=EDGE_LOOP('',(#5086,#5087,#5088,#5089));
#847=EDGE_LOOP('',(#5090,#5091,#5092,#5093));
#848=EDGE_LOOP('',(#5094,#5095,#5096,#5097));
#849=EDGE_LOOP('',(#5098,#5099,#5100,#5101));
#850=EDGE_LOOP('',(#5102,#5103,#5104,#5105));
#851=EDGE_LOOP('',(#5106,#5107,#5108,#5109));
#852=EDGE_LOOP('',(#5110,#5111,#5112,#5113));
#853=EDGE_LOOP('',(#5114,#5115,#5116,#5117));
#854=EDGE_LOOP('',(#5118,#5119,#5120,#5121));
#855=EDGE_LOOP('',(#5122,#5123,#5124,#5125));
#856=EDGE_LOOP('',(#5126,#5127,#5128,#5129));
#857=EDGE_LOOP('',(#5130,#5131,#5132,#5133));
#858=EDGE_LOOP('',(#5134,#5135,#5136,#5137));
#859=EDGE_LOOP('',(#5138,#5139,#5140,#5141));
#860=EDGE_LOOP('',(#5142,#5143,#5144,#5145));
#861=EDGE_LOOP('',(#5146,#5147,#5148,#5149));
#862=EDGE_LOOP('',(#5150,#5151,#5152,#5153));
#863=EDGE_LOOP('',(#5154,#5155,#5156,#5157));
#864=EDGE_LOOP('',(#5158,#5159,#5160,#5161));
#865=EDGE_LOOP('',(#5162,#5163,#5164,#5165));
#866=EDGE_LOOP('',(#5166,#5167,#5168,#5169));
#867=EDGE_LOOP('',(#5170,#5171,#5172,#5173));
#868=EDGE_LOOP('',(#5174,#5175,#5176,#5177));
#869=EDGE_LOOP('',(#5178,#5179,#5180,#5181));
#870=EDGE_LOOP('',(#5182,#5183,#5184,#5185));
#871=EDGE_LOOP('',(#5186,#5187,#5188,#5189));
#872=EDGE_LOOP('',(#5190,#5191,#5192,#5193));
#873=EDGE_LOOP('',(#5194,#5195,#5196,#5197));
#874=EDGE_LOOP('',(#5198,#5199,#5200,#5201));
#875=EDGE_LOOP('',(#5202,#5203,#5204,#5205));
#876=EDGE_LOOP('',(#5206,#5207,#5208,#5209,#5210,#5211,#5212,#5213,#5214,
#5215,#5216,#5217));
#877=EDGE_LOOP('',(#5218,#5219,#5220,#5221,#5222,#5223));
#878=EDGE_LOOP('',(#5224,#5225,#5226,#5227));
#879=EDGE_LOOP('',(#5228,#5229,#5230,#5231));
#880=EDGE_LOOP('',(#5232,#5233,#5234,#5235));
#881=EDGE_LOOP('',(#5236,#5237,#5238,#5239));
#882=EDGE_LOOP('',(#5240,#5241,#5242,#5243));
#883=EDGE_LOOP('',(#5244,#5245,#5246,#5247));
#884=EDGE_LOOP('',(#5248,#5249,#5250,#5251));
#885=EDGE_LOOP('',(#5252,#5253,#5254,#5255));
#886=EDGE_LOOP('',(#5256,#5257,#5258,#5259));
#887=EDGE_LOOP('',(#5260,#5261,#5262,#5263));
#888=EDGE_LOOP('',(#5264,#5265,#5266,#5267));
#889=EDGE_LOOP('',(#5268,#5269,#5270,#5271));
#890=EDGE_LOOP('',(#5272,#5273,#5274,#5275));
#891=EDGE_LOOP('',(#5276,#5277,#5278,#5279));
#892=EDGE_LOOP('',(#5280,#5281,#5282,#5283));
#893=EDGE_LOOP('',(#5284,#5285,#5286,#5287));
#894=EDGE_LOOP('',(#5288,#5289,#5290,#5291));
#895=EDGE_LOOP('',(#5292,#5293,#5294,#5295));
#896=EDGE_LOOP('',(#5296,#5297,#5298,#5299,#5300,#5301,#5302,#5303,#5304,
#5305,#5306,#5307));
#897=EDGE_LOOP('',(#5308,#5309,#5310,#5311,#5312,#5313));
#898=EDGE_LOOP('',(#5314,#5315,#5316,#5317));
#899=EDGE_LOOP('',(#5318,#5319,#5320,#5321));
#900=EDGE_LOOP('',(#5322,#5323,#5324,#5325));
#901=EDGE_LOOP('',(#5326,#5327,#5328,#5329));
#902=EDGE_LOOP('',(#5330,#5331,#5332,#5333));
#903=EDGE_LOOP('',(#5334,#5335,#5336,#5337));
#904=EDGE_LOOP('',(#5338,#5339,#5340,#5341));
#905=EDGE_LOOP('',(#5342,#5343,#5344,#5345));
#906=EDGE_LOOP('',(#5346,#5347,#5348,#5349));
#907=EDGE_LOOP('',(#5350,#5351,#5352,#5353,#5354,#5355,#5356,#5357,#5358,
#5359,#5360,#5361,#5362,#5363));
#908=EDGE_LOOP('',(#5364,#5365,#5366,#5367,#5368,#5369));
#909=EDGE_LOOP('',(#5370,#5371,#5372,#5373,#5374,#5375,#5376,#5377,#5378,
#5379));
#910=EDGE_LOOP('',(#5380,#5381,#5382,#5383));
#911=EDGE_LOOP('',(#5384,#5385,#5386,#5387,#5388,#5389,#5390,#5391,#5392,
#5393));
#912=EDGE_LOOP('',(#5394,#5395,#5396,#5397));
#913=EDGE_LOOP('',(#5398,#5399,#5400,#5401,#5402,#5403,#5404,#5405,#5406,
#5407,#5408,#5409,#5410));
#914=EDGE_LOOP('',(#5411,#5412,#5413,#5414));
#915=EDGE_LOOP('',(#5415,#5416,#5417,#5418));
#916=EDGE_LOOP('',(#5419,#5420,#5421,#5422));
#917=EDGE_LOOP('',(#5423,#5424,#5425,#5426,#5427,#5428,#5429,#5430,#5431,
#5432,#5433));
#918=EDGE_LOOP('',(#5434,#5435,#5436,#5437));
#919=EDGE_LOOP('',(#5438,#5439,#5440,#5441));
#920=EDGE_LOOP('',(#5442,#5443,#5444,#5445,#5446,#5447,#5448,#5449,#5450,
#5451,#5452));
#921=EDGE_LOOP('',(#5453,#5454,#5455,#5456));
#922=EDGE_LOOP('',(#5457,#5458,#5459,#5460,#5461,#5462,#5463,#5464,#5465));
#923=EDGE_LOOP('',(#5466,#5467,#5468,#5469));
#924=EDGE_LOOP('',(#5470,#5471,#5472,#5473,#5474,#5475,#5476,#5477,#5478,
#5479,#5480,#5481,#5482));
#925=EDGE_LOOP('',(#5483,#5484,#5485,#5486));
#926=EDGE_LOOP('',(#5487,#5488,#5489,#5490));
#927=EDGE_LOOP('',(#5491,#5492,#5493,#5494));
#928=EDGE_LOOP('',(#5495,#5496,#5497,#5498,#5499,#5500,#5501,#5502,#5503,
#5504,#5505));
#929=EDGE_LOOP('',(#5506,#5507,#5508,#5509));
#930=EDGE_LOOP('',(#5510,#5511,#5512,#5513));
#931=EDGE_LOOP('',(#5514,#5515,#5516,#5517));
#932=EDGE_LOOP('',(#5518,#5519,#5520,#5521));
#933=EDGE_LOOP('',(#5522,#5523,#5524,#5525));
#934=EDGE_LOOP('',(#5526,#5527,#5528,#5529));
#935=EDGE_LOOP('',(#5530,#5531,#5532,#5533));
#936=EDGE_LOOP('',(#5534,#5535,#5536,#5537));
#937=EDGE_LOOP('',(#5538,#5539,#5540,#5541));
#938=EDGE_LOOP('',(#5542,#5543,#5544,#5545));
#939=EDGE_LOOP('',(#5546,#5547,#5548,#5549));
#940=EDGE_LOOP('',(#5550,#5551,#5552,#5553));
#941=EDGE_LOOP('',(#5554,#5555,#5556,#5557));
#942=EDGE_LOOP('',(#5558,#5559,#5560,#5561));
#943=EDGE_LOOP('',(#5562,#5563,#5564,#5565));
#944=EDGE_LOOP('',(#5566,#5567,#5568,#5569));
#945=EDGE_LOOP('',(#5570,#5571,#5572,#5573));
#946=EDGE_LOOP('',(#5574,#5575,#5576,#5577));
#947=EDGE_LOOP('',(#5578,#5579,#5580,#5581));
#948=EDGE_LOOP('',(#5582,#5583,#5584,#5585));
#949=EDGE_LOOP('',(#5586,#5587,#5588,#5589));
#950=EDGE_LOOP('',(#5590,#5591,#5592,#5593));
#951=EDGE_LOOP('',(#5594,#5595,#5596,#5597));
#952=EDGE_LOOP('',(#5598,#5599,#5600,#5601));
#953=EDGE_LOOP('',(#5602,#5603,#5604,#5605));
#954=EDGE_LOOP('',(#5606,#5607,#5608,#5609));
#955=EDGE_LOOP('',(#5610,#5611,#5612,#5613));
#956=EDGE_LOOP('',(#5614,#5615,#5616,#5617));
#957=EDGE_LOOP('',(#5618,#5619,#5620,#5621));
#958=EDGE_LOOP('',(#5622,#5623,#5624,#5625));
#959=EDGE_LOOP('',(#5626,#5627,#5628,#5629));
#960=EDGE_LOOP('',(#5630,#5631,#5632,#5633));
#961=EDGE_LOOP('',(#5634,#5635,#5636,#5637));
#962=EDGE_LOOP('',(#5638,#5639,#5640,#5641));
#963=EDGE_LOOP('',(#5642,#5643,#5644,#5645));
#964=EDGE_LOOP('',(#5646,#5647,#5648,#5649));
#965=EDGE_LOOP('',(#5650,#5651,#5652,#5653));
#966=EDGE_LOOP('',(#5654,#5655,#5656,#5657));
#967=EDGE_LOOP('',(#5658,#5659,#5660,#5661));
#968=EDGE_LOOP('',(#5662,#5663,#5664,#5665));
#969=EDGE_LOOP('',(#5666,#5667,#5668,#5669));
#970=EDGE_LOOP('',(#5670,#5671,#5672,#5673,#5674,#5675,#5676,#5677,#5678,
#5679,#5680,#5681,#5682,#5683,#5684,#5685,#5686,#5687,#5688,#5689,#5690,
#5691,#5692,#5693,#5694,#5695,#5696,#5697,#5698,#5699,#5700,#5701,#5702,
#5703,#5704,#5705,#5706,#5707,#5708,#5709,#5710,#5711,#5712,#5713,#5714,
#5715,#5716,#5717));
#971=EDGE_LOOP('',(#5718,#5719,#5720,#5721,#5722,#5723));
#972=EDGE_LOOP('',(#5724,#5725,#5726,#5727,#5728,#5729,#5730,#5731));
#973=EDGE_LOOP('',(#5732));
#974=EDGE_LOOP('',(#5733));
#975=EDGE_LOOP('',(#5734,#5735,#5736,#5737,#5738,#5739,#5740,#5741));
#976=EDGE_LOOP('',(#5742,#5743,#5744,#5745,#5746,#5747));
#977=EDGE_LOOP('',(#5748,#5749,#5750,#5751,#5752,#5753,#5754,#5755,#5756,
#5757,#5758,#5759,#5760,#5761,#5762,#5763,#5764,#5765,#5766,#5767,#5768,
#5769,#5770,#5771,#5772,#5773,#5774,#5775,#5776,#5777,#5778,#5779,#5780,
#5781,#5782,#5783,#5784,#5785,#5786,#5787,#5788,#5789,#5790,#5791,#5792,
#5793,#5794,#5795));
#978=EDGE_LOOP('',(#5796,#5797,#5798,#5799,#5800,#5801));
#979=EDGE_LOOP('',(#5802,#5803,#5804,#5805,#5806,#5807));
#980=EDGE_LOOP('',(#5808,#5809,#5810,#5811,#5812,#5813,#5814,#5815));
#981=EDGE_LOOP('',(#5816));
#982=EDGE_LOOP('',(#5817));
#983=EDGE_LOOP('',(#5818,#5819,#5820,#5821,#5822,#5823,#5824,#5825));
#984=EDGE_LOOP('',(#5826,#5827,#5828,#5829));
#985=EDGE_LOOP('',(#5830,#5831,#5832,#5833,#5834,#5835,#5836,#5837,#5838,
#5839));
#986=EDGE_LOOP('',(#5840,#5841,#5842,#5843));
#987=EDGE_LOOP('',(#5844,#5845,#5846,#5847,#5848,#5849,#5850,#5851,#5852,
#5853));
#988=EDGE_LOOP('',(#5854,#5855,#5856,#5857,#5858,#5859,#5860,#5861,#5862,
#5863,#5864,#5865));
#989=EDGE_LOOP('',(#5866,#5867,#5868,#5869));
#990=EDGE_LOOP('',(#5870,#5871,#5872,#5873,#5874,#5875,#5876,#5877,#5878));
#991=EDGE_LOOP('',(#5879,#5880,#5881,#5882));
#992=EDGE_LOOP('',(#5883,#5884,#5885,#5886));
#993=EDGE_LOOP('',(#5887,#5888,#5889,#5890));
#994=EDGE_LOOP('',(#5891,#5892,#5893,#5894,#5895,#5896,#5897,#5898,#5899,
#5900));
#995=EDGE_LOOP('',(#5901));
#996=EDGE_LOOP('',(#5902,#5903,#5904,#5905,#5906,#5907,#5908,#5909,#5910,
#5911));
#997=EDGE_LOOP('',(#5912));
#998=EDGE_LOOP('',(#5913,#5914,#5915,#5916,#5917,#5918,#5919,#5920));
#999=EDGE_LOOP('',(#5921,#5922,#5923,#5924,#5925,#5926));
#1000=EDGE_LOOP('',(#5927,#5928,#5929,#5930,#5931,#5932,#5933,#5934,#5935));
#1001=EDGE_LOOP('',(#5936,#5937,#5938,#5939,#5940,#5941));
#1002=EDGE_LOOP('',(#5942,#5943,#5944,#5945,#5946,#5947,#5948,#5949,#5950,
#5951,#5952,#5953));
#1003=EDGE_LOOP('',(#5954));
#1004=EDGE_LOOP('',(#5955,#5956,#5957,#5958,#5959,#5960,#5961,#5962,#5963,
#5964,#5965,#5966));
#1005=EDGE_LOOP('',(#5967));
#1006=EDGE_LOOP('',(#5968,#5969,#5970,#5971));
#1007=EDGE_LOOP('',(#5972,#5973,#5974,#5975));
#1008=EDGE_LOOP('',(#5976,#5977,#5978,#5979));
#1009=EDGE_LOOP('',(#5980,#5981,#5982,#5983));
#1010=EDGE_LOOP('',(#5984,#5985,#5986,#5987));
#1011=EDGE_LOOP('',(#5988,#5989,#5990,#5991));
#1012=EDGE_LOOP('',(#5992,#5993,#5994,#5995));
#1013=EDGE_LOOP('',(#5996,#5997,#5998,#5999));
#1014=EDGE_LOOP('',(#6000,#6001,#6002,#6003));
#1015=EDGE_LOOP('',(#6004,#6005,#6006,#6007));
#1016=EDGE_LOOP('',(#6008,#6009,#6010,#6011));
#1017=EDGE_LOOP('',(#6012,#6013,#6014,#6015));
#1018=EDGE_LOOP('',(#6016,#6017,#6018,#6019));
#1019=EDGE_LOOP('',(#6020,#6021,#6022,#6023));
#1020=EDGE_LOOP('',(#6024,#6025,#6026,#6027));
#1021=EDGE_LOOP('',(#6028,#6029,#6030,#6031));
#1022=EDGE_LOOP('',(#6032,#6033,#6034,#6035,#6036));
#1023=EDGE_LOOP('',(#6037,#6038,#6039,#6040));
#1024=EDGE_LOOP('',(#6041,#6042,#6043,#6044,#6045));
#1025=EDGE_LOOP('',(#6046,#6047,#6048,#6049));
#1026=EDGE_LOOP('',(#6050,#6051,#6052,#6053,#6054));
#1027=EDGE_LOOP('',(#6055,#6056,#6057,#6058));
#1028=EDGE_LOOP('',(#6059,#6060,#6061,#6062));
#1029=EDGE_LOOP('',(#6063,#6064,#6065,#6066));
#1030=EDGE_LOOP('',(#6067,#6068,#6069,#6070));
#1031=EDGE_LOOP('',(#6071,#6072,#6073,#6074));
#1032=EDGE_LOOP('',(#6075,#6076,#6077,#6078));
#1033=EDGE_LOOP('',(#6079,#6080,#6081,#6082));
#1034=EDGE_LOOP('',(#6083,#6084,#6085,#6086));
#1035=EDGE_LOOP('',(#6087,#6088,#6089,#6090));
#1036=EDGE_LOOP('',(#6091,#6092,#6093,#6094));
#1037=EDGE_LOOP('',(#6095,#6096,#6097,#6098));
#1038=EDGE_LOOP('',(#6099,#6100,#6101,#6102));
#1039=EDGE_LOOP('',(#6103,#6104,#6105,#6106));
#1040=EDGE_LOOP('',(#6107,#6108,#6109,#6110));
#1041=EDGE_LOOP('',(#6111,#6112,#6113,#6114));
#1042=EDGE_LOOP('',(#6115,#6116,#6117,#6118));
#1043=EDGE_LOOP('',(#6119,#6120,#6121,#6122));
#1044=EDGE_LOOP('',(#6123,#6124,#6125,#6126,#6127));
#1045=EDGE_LOOP('',(#6128,#6129,#6130,#6131));
#1046=EDGE_LOOP('',(#6132,#6133,#6134,#6135,#6136));
#1047=EDGE_LOOP('',(#6137,#6138,#6139,#6140));
#1048=EDGE_LOOP('',(#6141,#6142,#6143,#6144,#6145));
#1049=EDGE_LOOP('',(#6146,#6147,#6148,#6149));
#1050=EDGE_LOOP('',(#6150,#6151,#6152,#6153));
#1051=EDGE_LOOP('',(#6154,#6155,#6156,#6157));
#1052=EDGE_LOOP('',(#6158,#6159,#6160,#6161));
#1053=EDGE_LOOP('',(#6162,#6163,#6164,#6165));
#1054=EDGE_LOOP('',(#6166,#6167,#6168,#6169,#6170));
#1055=EDGE_LOOP('',(#6171,#6172,#6173,#6174));
#1056=EDGE_LOOP('',(#6175,#6176,#6177,#6178));
#1057=EDGE_LOOP('',(#6179,#6180,#6181,#6182));
#1058=EDGE_LOOP('',(#6183,#6184,#6185,#6186));
#1059=EDGE_LOOP('',(#6187,#6188,#6189,#6190));
#1060=EDGE_LOOP('',(#6191,#6192,#6193,#6194,#6195));
#1061=EDGE_LOOP('',(#6196,#6197,#6198,#6199));
#1062=EDGE_LOOP('',(#6200,#6201,#6202,#6203));
#1063=EDGE_LOOP('',(#6204,#6205,#6206,#6207));
#1064=EDGE_LOOP('',(#6208,#6209,#6210,#6211));
#1065=EDGE_LOOP('',(#6212,#6213,#6214,#6215));
#1066=EDGE_LOOP('',(#6216,#6217,#6218,#6219));
#1067=EDGE_LOOP('',(#6220,#6221,#6222,#6223));
#1068=EDGE_LOOP('',(#6224,#6225,#6226,#6227));
#1069=EDGE_LOOP('',(#6228,#6229,#6230,#6231));
#1070=EDGE_LOOP('',(#6232,#6233,#6234,#6235));
#1071=EDGE_LOOP('',(#6236,#6237,#6238,#6239));
#1072=EDGE_LOOP('',(#6240,#6241,#6242,#6243));
#1073=EDGE_LOOP('',(#6244,#6245,#6246,#6247));
#1074=EDGE_LOOP('',(#6248,#6249,#6250,#6251));
#1075=EDGE_LOOP('',(#6252,#6253,#6254,#6255));
#1076=EDGE_LOOP('',(#6256,#6257,#6258,#6259));
#1077=EDGE_LOOP('',(#6260,#6261,#6262,#6263));
#1078=EDGE_LOOP('',(#6264,#6265,#6266,#6267));
#1079=EDGE_LOOP('',(#6268,#6269,#6270,#6271));
#1080=EDGE_LOOP('',(#6272,#6273,#6274,#6275));
#1081=EDGE_LOOP('',(#6276,#6277,#6278,#6279));
#1082=EDGE_LOOP('',(#6280,#6281,#6282,#6283));
#1083=EDGE_LOOP('',(#6284,#6285,#6286,#6287));
#1084=EDGE_LOOP('',(#6288,#6289,#6290,#6291));
#1085=EDGE_LOOP('',(#6292,#6293,#6294));
#1086=EDGE_LOOP('',(#6295,#6296,#6297));
#1087=EDGE_LOOP('',(#6298,#6299,#6300,#6301,#6302,#6303));
#1088=EDGE_LOOP('',(#6304,#6305,#6306,#6307));
#1089=EDGE_LOOP('',(#6308,#6309,#6310,#6311));
#1090=EDGE_LOOP('',(#6312,#6313,#6314,#6315));
#1091=EDGE_LOOP('',(#6316,#6317,#6318,#6319));
#1092=EDGE_LOOP('',(#6320,#6321,#6322,#6323));
#1093=EDGE_LOOP('',(#6324,#6325,#6326,#6327));
#1094=EDGE_LOOP('',(#6328,#6329,#6330,#6331));
#1095=EDGE_LOOP('',(#6332,#6333,#6334,#6335));
#1096=EDGE_LOOP('',(#6336,#6337,#6338,#6339));
#1097=EDGE_LOOP('',(#6340,#6341,#6342,#6343));
#1098=EDGE_LOOP('',(#6344,#6345,#6346,#6347));
#1099=EDGE_LOOP('',(#6348,#6349,#6350,#6351));
#1100=EDGE_LOOP('',(#6352,#6353,#6354,#6355));
#1101=EDGE_LOOP('',(#6356,#6357,#6358,#6359));
#1102=EDGE_LOOP('',(#6360,#6361,#6362,#6363));
#1103=EDGE_LOOP('',(#6364,#6365,#6366,#6367));
#1104=EDGE_LOOP('',(#6368,#6369,#6370,#6371));
#1105=EDGE_LOOP('',(#6372,#6373,#6374));
#1106=EDGE_LOOP('',(#6375,#6376,#6377));
#1107=EDGE_LOOP('',(#6378,#6379,#6380,#6381,#6382,#6383));
#1108=EDGE_LOOP('',(#6384,#6385,#6386,#6387));
#1109=EDGE_LOOP('',(#6388,#6389,#6390,#6391));
#1110=EDGE_LOOP('',(#6392,#6393,#6394,#6395));
#1111=EDGE_LOOP('',(#6396,#6397,#6398,#6399));
#1112=EDGE_LOOP('',(#6400,#6401,#6402,#6403));
#1113=EDGE_LOOP('',(#6404,#6405,#6406,#6407));
#1114=EDGE_LOOP('',(#6408,#6409,#6410,#6411));
#1115=EDGE_LOOP('',(#6412,#6413,#6414,#6415));
#1116=EDGE_LOOP('',(#6416,#6417,#6418,#6419));
#1117=EDGE_LOOP('',(#6420,#6421,#6422,#6423));
#1118=EDGE_LOOP('',(#6424,#6425,#6426,#6427));
#1119=EDGE_LOOP('',(#6428,#6429,#6430,#6431));
#1120=EDGE_LOOP('',(#6432,#6433,#6434,#6435));
#1121=EDGE_LOOP('',(#6436,#6437,#6438,#6439));
#1122=EDGE_LOOP('',(#6440,#6441,#6442,#6443));
#1123=EDGE_LOOP('',(#6444,#6445,#6446,#6447));
#1124=EDGE_LOOP('',(#6448,#6449,#6450,#6451));
#1125=EDGE_LOOP('',(#6452,#6453,#6454,#6455));
#1126=EDGE_LOOP('',(#6456,#6457,#6458,#6459));
#1127=EDGE_LOOP('',(#6460,#6461,#6462,#6463));
#1128=EDGE_LOOP('',(#6464,#6465,#6466,#6467));
#1129=EDGE_LOOP('',(#6468,#6469,#6470,#6471));
#1130=EDGE_LOOP('',(#6472,#6473,#6474,#6475));
#1131=EDGE_LOOP('',(#6476,#6477,#6478,#6479));
#1132=EDGE_LOOP('',(#6480,#6481,#6482,#6483));
#1133=EDGE_LOOP('',(#6484,#6485,#6486,#6487));
#1134=EDGE_LOOP('',(#6488,#6489,#6490,#6491,#6492,#6493,#6494));
#1135=EDGE_LOOP('',(#6495,#6496,#6497,#6498));
#1136=EDGE_LOOP('',(#6499,#6500,#6501,#6502,#6503,#6504,#6505,#6506,#6507));
#1137=EDGE_LOOP('',(#6508,#6509,#6510,#6511,#6512,#6513,#6514,#6515,#6516));
#1138=EDGE_LOOP('',(#6517,#6518,#6519,#6520));
#1139=EDGE_LOOP('',(#6521,#6522,#6523,#6524));
#1140=EDGE_LOOP('',(#6525,#6526,#6527,#6528,#6529,#6530,#6531,#6532,#6533));
#1141=EDGE_LOOP('',(#6534,#6535,#6536,#6537));
#1142=EDGE_LOOP('',(#6538,#6539,#6540,#6541,#6542,#6543,#6544));
#1143=EDGE_LOOP('',(#6545,#6546,#6547,#6548));
#1144=EDGE_LOOP('',(#6549,#6550,#6551,#6552));
#1145=EDGE_LOOP('',(#6553,#6554,#6555,#6556));
#1146=EDGE_LOOP('',(#6557,#6558,#6559,#6560));
#1147=EDGE_LOOP('',(#6561,#6562,#6563,#6564,#6565,#6566,#6567,#6568));
#1148=EDGE_LOOP('',(#6569,#6570,#6571,#6572));
#1149=EDGE_LOOP('',(#6573,#6574,#6575,#6576,#6577,#6578,#6579,#6580,#6581));
#1150=EDGE_LOOP('',(#6582,#6583,#6584,#6585,#6586,#6587,#6588,#6589,#6590,
#6591,#6592,#6593,#6594,#6595,#6596,#6597));
#1151=EDGE_LOOP('',(#6598,#6599,#6600,#6601,#6602,#6603));
#1152=EDGE_LOOP('',(#6604,#6605,#6606,#6607));
#1153=EDGE_LOOP('',(#6608,#6609,#6610,#6611,#6612,#6613,#6614));
#1154=EDGE_LOOP('',(#6615,#6616,#6617,#6618));
#1155=EDGE_LOOP('',(#6619,#6620,#6621,#6622,#6623,#6624,#6625));
#1156=EDGE_LOOP('',(#6626,#6627,#6628,#6629));
#1157=EDGE_LOOP('',(#6630,#6631,#6632,#6633,#6634,#6635,#6636,#6637,#6638));
#1158=EDGE_LOOP('',(#6639,#6640,#6641,#6642));
#1159=EDGE_LOOP('',(#6643,#6644,#6645,#6646));
#1160=EDGE_LOOP('',(#6647,#6648,#6649,#6650));
#1161=EDGE_LOOP('',(#6651,#6652,#6653,#6654));
#1162=EDGE_LOOP('',(#6655,#6656,#6657,#6658,#6659,#6660,#6661));
#1163=EDGE_LOOP('',(#6662,#6663,#6664,#6665));
#1164=EDGE_LOOP('',(#6666,#6667,#6668,#6669,#6670,#6671,#6672,#6673,#6674));
#1165=EDGE_LOOP('',(#6675,#6676,#6677,#6678));
#1166=EDGE_LOOP('',(#6679,#6680,#6681,#6682));
#1167=EDGE_LOOP('',(#6683,#6684,#6685,#6686));
#1168=EDGE_LOOP('',(#6687,#6688,#6689,#6690));
#1169=EDGE_LOOP('',(#6691,#6692,#6693,#6694,#6695,#6696,#6697));
#1170=EDGE_LOOP('',(#6698,#6699,#6700,#6701));
#1171=EDGE_LOOP('',(#6702,#6703,#6704,#6705));
#1172=EDGE_LOOP('',(#6706,#6707,#6708,#6709));
#1173=EDGE_LOOP('',(#6710,#6711,#6712,#6713));
#1174=EDGE_LOOP('',(#6714,#6715,#6716,#6717,#6718,#6719,#6720,#6721,#6722));
#1175=EDGE_LOOP('',(#6723,#6724,#6725,#6726));
#1176=EDGE_LOOP('',(#6727,#6728,#6729,#6730));
#1177=EDGE_LOOP('',(#6731,#6732,#6733,#6734));
#1178=EDGE_LOOP('',(#6735,#6736,#6737,#6738,#6739,#6740,#6741,#6742));
#1179=EDGE_LOOP('',(#6743,#6744,#6745,#6746));
#1180=EDGE_LOOP('',(#6747,#6748,#6749,#6750));
#1181=EDGE_LOOP('',(#6751,#6752,#6753,#6754));
#1182=EDGE_LOOP('',(#6755,#6756,#6757,#6758,#6759,#6760,#6761,#6762,#6763));
#1183=EDGE_LOOP('',(#6764,#6765,#6766,#6767));
#1184=EDGE_LOOP('',(#6768,#6769,#6770,#6771));
#1185=EDGE_LOOP('',(#6772,#6773,#6774,#6775));
#1186=EDGE_LOOP('',(#6776,#6777,#6778,#6779));
#1187=EDGE_LOOP('',(#6780,#6781,#6782,#6783));
#1188=EDGE_LOOP('',(#6784,#6785,#6786,#6787));
#1189=EDGE_LOOP('',(#6788,#6789,#6790,#6791));
#1190=EDGE_LOOP('',(#6792,#6793,#6794,#6795));
#1191=EDGE_LOOP('',(#6796,#6797,#6798,#6799));
#1192=EDGE_LOOP('',(#6800,#6801,#6802,#6803));
#1193=EDGE_LOOP('',(#6804,#6805,#6806,#6807));
#1194=EDGE_LOOP('',(#6808,#6809,#6810,#6811));
#1195=EDGE_LOOP('',(#6812,#6813,#6814,#6815));
#1196=EDGE_LOOP('',(#6816,#6817,#6818,#6819));
#1197=EDGE_LOOP('',(#6820,#6821,#6822,#6823));
#1198=EDGE_LOOP('',(#6824,#6825,#6826,#6827));
#1199=EDGE_LOOP('',(#6828,#6829,#6830,#6831));
#1200=EDGE_LOOP('',(#6832,#6833,#6834,#6835));
#1201=EDGE_LOOP('',(#6836,#6837,#6838,#6839));
#1202=EDGE_LOOP('',(#6840,#6841,#6842,#6843));
#1203=EDGE_LOOP('',(#6844,#6845,#6846,#6847));
#1204=EDGE_LOOP('',(#6848,#6849,#6850,#6851));
#1205=EDGE_LOOP('',(#6852,#6853,#6854,#6855));
#1206=EDGE_LOOP('',(#6856,#6857,#6858,#6859));
#1207=EDGE_LOOP('',(#6860,#6861,#6862,#6863));
#1208=EDGE_LOOP('',(#6864,#6865,#6866,#6867,#6868,#6869,#6870,#6871,#6872,
#6873,#6874,#6875,#6876,#6877,#6878,#6879,#6880,#6881,#6882,#6883,#6884,
#6885,#6886,#6887,#6888,#6889,#6890,#6891,#6892,#6893,#6894,#6895,#6896,
#6897,#6898,#6899,#6900,#6901,#6902,#6903,#6904,#6905,#6906,#6907));
#1209=EDGE_LOOP('',(#6908,#6909,#6910,#6911,#6912,#6913,#6914,#6915,#6916,
#6917,#6918,#6919,#6920,#6921,#6922,#6923,#6924,#6925,#6926,#6927,#6928,
#6929,#6930,#6931,#6932,#6933,#6934,#6935,#6936,#6937,#6938,#6939,#6940,
#6941,#6942,#6943,#6944,#6945,#6946,#6947,#6948,#6949,#6950,#6951,#6952,
#6953,#6954,#6955,#6956,#6957,#6958,#6959,#6960,#6961,#6962,#6963,#6964,
#6965,#6966,#6967,#6968,#6969,#6970,#6971,#6972,#6973,#6974,#6975,#6976,
#6977,#6978,#6979));
#1210=LINE('',#9666,#2187);
#1211=LINE('',#9670,#2188);
#1212=LINE('',#9675,#2189);
#1213=LINE('',#9677,#2190);
#1214=LINE('',#9679,#2191);
#1215=LINE('',#9681,#2192);
#1216=LINE('',#9683,#2193);
#1217=LINE('',#9685,#2194);
#1218=LINE('',#9687,#2195);
#1219=LINE('',#9688,#2196);
#1220=LINE('',#9693,#2197);
#1221=LINE('',#9697,#2198);
#1222=LINE('',#9702,#2199);
#1223=LINE('',#9704,#2200);
#1224=LINE('',#9706,#2201);
#1225=LINE('',#9708,#2202);
#1226=LINE('',#9710,#2203);
#1227=LINE('',#9712,#2204);
#1228=LINE('',#9714,#2205);
#1229=LINE('',#9716,#2206);
#1230=LINE('',#9718,#2207);
#1231=LINE('',#9720,#2208);
#1232=LINE('',#9722,#2209);
#1233=LINE('',#9723,#2210);
#1234=LINE('',#9728,#2211);
#1235=LINE('',#9732,#2212);
#1236=LINE('',#9737,#2213);
#1237=LINE('',#9739,#2214);
#1238=LINE('',#9741,#2215);
#1239=LINE('',#9743,#2216);
#1240=LINE('',#9745,#2217);
#1241=LINE('',#9747,#2218);
#1242=LINE('',#9749,#2219);
#1243=LINE('',#9751,#2220);
#1244=LINE('',#9753,#2221);
#1245=LINE('',#9755,#2222);
#1246=LINE('',#9757,#2223);
#1247=LINE('',#9758,#2224);
#1248=LINE('',#9763,#2225);
#1249=LINE('',#9767,#2226);
#1250=LINE('',#9772,#2227);
#1251=LINE('',#9774,#2228);
#1252=LINE('',#9776,#2229);
#1253=LINE('',#9778,#2230);
#1254=LINE('',#9780,#2231);
#1255=LINE('',#9782,#2232);
#1256=LINE('',#9784,#2233);
#1257=LINE('',#9785,#2234);
#1258=LINE('',#9789,#2235);
#1259=LINE('',#9791,#2236);
#1260=LINE('',#9793,#2237);
#1261=LINE('',#9794,#2238);
#1262=LINE('',#9797,#2239);
#1263=LINE('',#9799,#2240);
#1264=LINE('',#9800,#2241);
#1265=LINE('',#9804,#2242);
#1266=LINE('',#9806,#2243);
#1267=LINE('',#9808,#2244);
#1268=LINE('',#9809,#2245);
#1269=LINE('',#9812,#2246);
#1270=LINE('',#9814,#2247);
#1271=LINE('',#9815,#2248);
#1272=LINE('',#9819,#2249);
#1273=LINE('',#9821,#2250);
#1274=LINE('',#9823,#2251);
#1275=LINE('',#9824,#2252);
#1276=LINE('',#9827,#2253);
#1277=LINE('',#9829,#2254);
#1278=LINE('',#9830,#2255);
#1279=LINE('',#9834,#2256);
#1280=LINE('',#9836,#2257);
#1281=LINE('',#9838,#2258);
#1282=LINE('',#9839,#2259);
#1283=LINE('',#9842,#2260);
#1284=LINE('',#9844,#2261);
#1285=LINE('',#9845,#2262);
#1286=LINE('',#9849,#2263);
#1287=LINE('',#9850,#2264);
#1288=LINE('',#9851,#2265);
#1289=LINE('',#9854,#2266);
#1290=LINE('',#9856,#2267);
#1291=LINE('',#9857,#2268);
#1292=LINE('',#9860,#2269);
#1293=LINE('',#9862,#2270);
#1294=LINE('',#9863,#2271);
#1295=LINE('',#9866,#2272);
#1296=LINE('',#9868,#2273);
#1297=LINE('',#9869,#2274);
#1298=LINE('',#9873,#2275);
#1299=LINE('',#9874,#2276);
#1300=LINE('',#9875,#2277);
#1301=LINE('',#9878,#2278);
#1302=LINE('',#9880,#2279);
#1303=LINE('',#9881,#2280);
#1304=LINE('',#9884,#2281);
#1305=LINE('',#9886,#2282);
#1306=LINE('',#9887,#2283);
#1307=LINE('',#9890,#2284);
#1308=LINE('',#9892,#2285);
#1309=LINE('',#9893,#2286);
#1310=LINE('',#9896,#2287);
#1311=LINE('',#9898,#2288);
#1312=LINE('',#9900,#2289);
#1313=LINE('',#9901,#2290);
#1314=LINE('',#9904,#2291);
#1315=LINE('',#9906,#2292);
#1316=LINE('',#9907,#2293);
#1317=LINE('',#9911,#2294);
#1318=LINE('',#9912,#2295);
#1319=LINE('',#9914,#2296);
#1320=LINE('',#9915,#2297);
#1321=LINE('',#9918,#2298);
#1322=LINE('',#9920,#2299);
#1323=LINE('',#9921,#2300);
#1324=LINE('',#9925,#2301);
#1325=LINE('',#9926,#2302);
#1326=LINE('',#9928,#2303);
#1327=LINE('',#9929,#2304);
#1328=LINE('',#9932,#2305);
#1329=LINE('',#9934,#2306);
#1330=LINE('',#9935,#2307);
#1331=LINE('',#9938,#2308);
#1332=LINE('',#9940,#2309);
#1333=LINE('',#9942,#2310);
#1334=LINE('',#9943,#2311);
#1335=LINE('',#9946,#2312);
#1336=LINE('',#9948,#2313);
#1337=LINE('',#9949,#2314);
#1338=LINE('',#9955,#2315);
#1339=LINE('',#9958,#2316);
#1340=LINE('',#9961,#2317);
#1341=LINE('',#9963,#2318);
#1342=LINE('',#9964,#2319);
#1343=LINE('',#9970,#2320);
#1344=LINE('',#9973,#2321);
#1345=LINE('',#9976,#2322);
#1346=LINE('',#9978,#2323);
#1347=LINE('',#9979,#2324);
#1348=LINE('',#9985,#2325);
#1349=LINE('',#9988,#2326);
#1350=LINE('',#9991,#2327);
#1351=LINE('',#9993,#2328);
#1352=LINE('',#9994,#2329);
#1353=LINE('',#10000,#2330);
#1354=LINE('',#10003,#2331);
#1355=LINE('',#10006,#2332);
#1356=LINE('',#10008,#2333);
#1357=LINE('',#10009,#2334);
#1358=LINE('',#10015,#2335);
#1359=LINE('',#10018,#2336);
#1360=LINE('',#10020,#2337);
#1361=LINE('',#10021,#2338);
#1362=LINE('',#10027,#2339);
#1363=LINE('',#10030,#2340);
#1364=LINE('',#10032,#2341);
#1365=LINE('',#10033,#2342);
#1366=LINE('',#10039,#2343);
#1367=LINE('',#10042,#2344);
#1368=LINE('',#10048,#2345);
#1369=LINE('',#10052,#2346);
#1370=LINE('',#10054,#2347);
#1371=LINE('',#10056,#2348);
#1372=LINE('',#10057,#2349);
#1373=LINE('',#10061,#2350);
#1374=LINE('',#10063,#2351);
#1375=LINE('',#10065,#2352);
#1376=LINE('',#10066,#2353);
#1377=LINE('',#10069,#2354);
#1378=LINE('',#10071,#2355);
#1379=LINE('',#10072,#2356);
#1380=LINE('',#10074,#2357);
#1381=LINE('',#10075,#2358);
#1382=LINE('',#10078,#2359);
#1383=LINE('',#10080,#2360);
#1384=LINE('',#10081,#2361);
#1385=LINE('',#10083,#2362);
#1386=LINE('',#10084,#2363);
#1387=LINE('',#10087,#2364);
#1388=LINE('',#10089,#2365);
#1389=LINE('',#10090,#2366);
#1390=LINE('',#10093,#2367);
#1391=LINE('',#10094,#2368);
#1392=LINE('',#10097,#2369);
#1393=LINE('',#10098,#2370);
#1394=LINE('',#10102,#2371);
#1395=LINE('',#10104,#2372);
#1396=LINE('',#10106,#2373);
#1397=LINE('',#10107,#2374);
#1398=LINE('',#10110,#2375);
#1399=LINE('',#10112,#2376);
#1400=LINE('',#10113,#2377);
#1401=LINE('',#10116,#2378);
#1402=LINE('',#10118,#2379);
#1403=LINE('',#10119,#2380);
#1404=LINE('',#10123,#2381);
#1405=LINE('',#10125,#2382);
#1406=LINE('',#10127,#2383);
#1407=LINE('',#10128,#2384);
#1408=LINE('',#10130,#2385);
#1409=LINE('',#10131,#2386);
#1410=LINE('',#10133,#2387);
#1411=LINE('',#10134,#2388);
#1412=LINE('',#10137,#2389);
#1413=LINE('',#10139,#2390);
#1414=LINE('',#10140,#2391);
#1415=LINE('',#10143,#2392);
#1416=LINE('',#10144,#2393);
#1417=LINE('',#10147,#2394);
#1418=LINE('',#10148,#2395);
#1419=LINE('',#10152,#2396);
#1420=LINE('',#10153,#2397);
#1421=LINE('',#10155,#2398);
#1422=LINE('',#10157,#2399);
#1423=LINE('',#10158,#2400);
#1424=LINE('',#10160,#2401);
#1425=LINE('',#10162,#2402);
#1426=LINE('',#10164,#2403);
#1427=LINE('',#10166,#2404);
#1428=LINE('',#10167,#2405);
#1429=LINE('',#10171,#2406);
#1430=LINE('',#10173,#2407);
#1431=LINE('',#10175,#2408);
#1432=LINE('',#10176,#2409);
#1433=LINE('',#10179,#2410);
#1434=LINE('',#10181,#2411);
#1435=LINE('',#10182,#2412);
#1436=LINE('',#10185,#2413);
#1437=LINE('',#10187,#2414);
#1438=LINE('',#10188,#2415);
#1439=LINE('',#10192,#2416);
#1440=LINE('',#10194,#2417);
#1441=LINE('',#10196,#2418);
#1442=LINE('',#10197,#2419);
#1443=LINE('',#10199,#2420);
#1444=LINE('',#10200,#2421);
#1445=LINE('',#10202,#2422);
#1446=LINE('',#10203,#2423);
#1447=LINE('',#10206,#2424);
#1448=LINE('',#10208,#2425);
#1449=LINE('',#10209,#2426);
#1450=LINE('',#10212,#2427);
#1451=LINE('',#10213,#2428);
#1452=LINE('',#10216,#2429);
#1453=LINE('',#10217,#2430);
#1454=LINE('',#10221,#2431);
#1455=LINE('',#10223,#2432);
#1456=LINE('',#10225,#2433);
#1457=LINE('',#10226,#2434);
#1458=LINE('',#10229,#2435);
#1459=LINE('',#10231,#2436);
#1460=LINE('',#10232,#2437);
#1461=LINE('',#10235,#2438);
#1462=LINE('',#10237,#2439);
#1463=LINE('',#10238,#2440);
#1464=LINE('',#10241,#2441);
#1465=LINE('',#10243,#2442);
#1466=LINE('',#10244,#2443);
#1467=LINE('',#10247,#2444);
#1468=LINE('',#10249,#2445);
#1469=LINE('',#10250,#2446);
#1470=LINE('',#10252,#2447);
#1471=LINE('',#10253,#2448);
#1472=LINE('',#10256,#2449);
#1473=LINE('',#10258,#2450);
#1474=LINE('',#10259,#2451);
#1475=LINE('',#10262,#2452);
#1476=LINE('',#10263,#2453);
#1477=LINE('',#10266,#2454);
#1478=LINE('',#10267,#2455);
#1479=LINE('',#10270,#2456);
#1480=LINE('',#10272,#2457);
#1481=LINE('',#10274,#2458);
#1482=LINE('',#10276,#2459);
#1483=LINE('',#10278,#2460);
#1484=LINE('',#10280,#2461);
#1485=LINE('',#10282,#2462);
#1486=LINE('',#10283,#2463);
#1487=LINE('',#10285,#2464);
#1488=LINE('',#10286,#2465);
#1489=LINE('',#10290,#2466);
#1490=LINE('',#10292,#2467);
#1491=LINE('',#10294,#2468);
#1492=LINE('',#10295,#2469);
#1493=LINE('',#10298,#2470);
#1494=LINE('',#10300,#2471);
#1495=LINE('',#10301,#2472);
#1496=LINE('',#10304,#2473);
#1497=LINE('',#10306,#2474);
#1498=LINE('',#10307,#2475);
#1499=LINE('',#10310,#2476);
#1500=LINE('',#10312,#2477);
#1501=LINE('',#10313,#2478);
#1502=LINE('',#10316,#2479);
#1503=LINE('',#10318,#2480);
#1504=LINE('',#10319,#2481);
#1505=LINE('',#10321,#2482);
#1506=LINE('',#10322,#2483);
#1507=LINE('',#10325,#2484);
#1508=LINE('',#10327,#2485);
#1509=LINE('',#10328,#2486);
#1510=LINE('',#10331,#2487);
#1511=LINE('',#10332,#2488);
#1512=LINE('',#10335,#2489);
#1513=LINE('',#10336,#2490);
#1514=LINE('',#10340,#2491);
#1515=LINE('',#10341,#2492);
#1516=LINE('',#10343,#2493);
#1517=LINE('',#10345,#2494);
#1518=LINE('',#10346,#2495);
#1519=LINE('',#10347,#2496);
#1520=LINE('',#10349,#2497);
#1521=LINE('',#10351,#2498);
#1522=LINE('',#10353,#2499);
#1523=LINE('',#10355,#2500);
#1524=LINE('',#10356,#2501);
#1525=LINE('',#10360,#2502);
#1526=LINE('',#10362,#2503);
#1527=LINE('',#10364,#2504);
#1528=LINE('',#10366,#2505);
#1529=LINE('',#10367,#2506);
#1530=LINE('',#10368,#2507);
#1531=LINE('',#10369,#2508);
#1532=LINE('',#10371,#2509);
#1533=LINE('',#10374,#2510);
#1534=LINE('',#10376,#2511);
#1535=LINE('',#10377,#2512);
#1536=LINE('',#10380,#2513);
#1537=LINE('',#10381,#2514);
#1538=LINE('',#10385,#2515);
#1539=LINE('',#10387,#2516);
#1540=LINE('',#10389,#2517);
#1541=LINE('',#10391,#2518);
#1542=LINE('',#10393,#2519);
#1543=LINE('',#10395,#2520);
#1544=LINE('',#10396,#2521);
#1545=LINE('',#10398,#2522);
#1546=LINE('',#10400,#2523);
#1547=LINE('',#10401,#2524);
#1548=LINE('',#10403,#2525);
#1549=LINE('',#10404,#2526);
#1550=LINE('',#10407,#2527);
#1551=LINE('',#10408,#2528);
#1552=LINE('',#10411,#2529);
#1553=LINE('',#10412,#2530);
#1554=LINE('',#10414,#2531);
#1555=LINE('',#10417,#2532);
#1556=LINE('',#10419,#2533);
#1557=LINE('',#10420,#2534);
#1558=LINE('',#10422,#2535);
#1559=LINE('',#10424,#2536);
#1560=LINE('',#10428,#2537);
#1561=LINE('',#10430,#2538);
#1562=LINE('',#10432,#2539);
#1563=LINE('',#10433,#2540);
#1564=LINE('',#10434,#2541);
#1565=LINE('',#10436,#2542);
#1566=LINE('',#10437,#2543);
#1567=LINE('',#10439,#2544);
#1568=LINE('',#10442,#2545);
#1569=LINE('',#10443,#2546);
#1570=LINE('',#10445,#2547);
#1571=LINE('',#10449,#2548);
#1572=LINE('',#10451,#2549);
#1573=LINE('',#10453,#2550);
#1574=LINE('',#10455,#2551);
#1575=LINE('',#10457,#2552);
#1576=LINE('',#10459,#2553);
#1577=LINE('',#10460,#2554);
#1578=LINE('',#10462,#2555);
#1579=LINE('',#10464,#2556);
#1580=LINE('',#10465,#2557);
#1581=LINE('',#10467,#2558);
#1582=LINE('',#10468,#2559);
#1583=LINE('',#10471,#2560);
#1584=LINE('',#10472,#2561);
#1585=LINE('',#10475,#2562);
#1586=LINE('',#10476,#2563);
#1587=LINE('',#10478,#2564);
#1588=LINE('',#10481,#2565);
#1589=LINE('',#10483,#2566);
#1590=LINE('',#10484,#2567);
#1591=LINE('',#10486,#2568);
#1592=LINE('',#10490,#2569);
#1593=LINE('',#10492,#2570);
#1594=LINE('',#10494,#2571);
#1595=LINE('',#10495,#2572);
#1596=LINE('',#10498,#2573);
#1597=LINE('',#10500,#2574);
#1598=LINE('',#10501,#2575);
#1599=LINE('',#10504,#2576);
#1600=LINE('',#10506,#2577);
#1601=LINE('',#10507,#2578);
#1602=LINE('',#10510,#2579);
#1603=LINE('',#10512,#2580);
#1604=LINE('',#10513,#2581);
#1605=LINE('',#10516,#2582);
#1606=LINE('',#10518,#2583);
#1607=LINE('',#10519,#2584);
#1608=LINE('',#10522,#2585);
#1609=LINE('',#10524,#2586);
#1610=LINE('',#10525,#2587);
#1611=LINE('',#10528,#2588);
#1612=LINE('',#10530,#2589);
#1613=LINE('',#10531,#2590);
#1614=LINE('',#10533,#2591);
#1615=LINE('',#10534,#2592);
#1616=LINE('',#10539,#2593);
#1617=LINE('',#10545,#2594);
#1618=LINE('',#10550,#2595);
#1619=LINE('',#10552,#2596);
#1620=LINE('',#10554,#2597);
#1621=LINE('',#10555,#2598);
#1622=LINE('',#10558,#2599);
#1623=LINE('',#10560,#2600);
#1624=LINE('',#10561,#2601);
#1625=LINE('',#10564,#2602);
#1626=LINE('',#10566,#2603);
#1627=LINE('',#10567,#2604);
#1628=LINE('',#10570,#2605);
#1629=LINE('',#10572,#2606);
#1630=LINE('',#10573,#2607);
#1631=LINE('',#10576,#2608);
#1632=LINE('',#10578,#2609);
#1633=LINE('',#10579,#2610);
#1634=LINE('',#10582,#2611);
#1635=LINE('',#10584,#2612);
#1636=LINE('',#10585,#2613);
#1637=LINE('',#10588,#2614);
#1638=LINE('',#10590,#2615);
#1639=LINE('',#10591,#2616);
#1640=LINE('',#10593,#2617);
#1641=LINE('',#10594,#2618);
#1642=LINE('',#10597,#2619);
#1643=LINE('',#10598,#2620);
#1644=LINE('',#10601,#2621);
#1645=LINE('',#10602,#2622);
#1646=LINE('',#10604,#2623);
#1647=LINE('',#10607,#2624);
#1648=LINE('',#10609,#2625);
#1649=LINE('',#10610,#2626);
#1650=LINE('',#10612,#2627);
#1651=LINE('',#10613,#2628);
#1652=LINE('',#10616,#2629);
#1653=LINE('',#10618,#2630);
#1654=LINE('',#10619,#2631);
#1655=LINE('',#10622,#2632);
#1656=LINE('',#10624,#2633);
#1657=LINE('',#10625,#2634);
#1658=LINE('',#10628,#2635);
#1659=LINE('',#10630,#2636);
#1660=LINE('',#10631,#2637);
#1661=LINE('',#10633,#2638);
#1662=LINE('',#10635,#2639);
#1663=LINE('',#10636,#2640);
#1664=LINE('',#10639,#2641);
#1665=LINE('',#10641,#2642);
#1666=LINE('',#10643,#2643);
#1667=LINE('',#10644,#2644);
#1668=LINE('',#10647,#2645);
#1669=LINE('',#10649,#2646);
#1670=LINE('',#10650,#2647);
#1671=LINE('',#10652,#2648);
#1672=LINE('',#10653,#2649);
#1673=LINE('',#10656,#2650);
#1674=LINE('',#10658,#2651);
#1675=LINE('',#10659,#2652);
#1676=LINE('',#10662,#2653);
#1677=LINE('',#10664,#2654);
#1678=LINE('',#10665,#2655);
#1679=LINE('',#10668,#2656);
#1680=LINE('',#10670,#2657);
#1681=LINE('',#10671,#2658);
#1682=LINE('',#10673,#2659);
#1683=LINE('',#10674,#2660);
#1684=LINE('',#10677,#2661);
#1685=LINE('',#10679,#2662);
#1686=LINE('',#10681,#2663);
#1687=LINE('',#10682,#2664);
#1688=LINE('',#10685,#2665);
#1689=LINE('',#10687,#2666);
#1690=LINE('',#10688,#2667);
#1691=LINE('',#10690,#2668);
#1692=LINE('',#10691,#2669);
#1693=LINE('',#10694,#2670);
#1694=LINE('',#10696,#2671);
#1695=LINE('',#10697,#2672);
#1696=LINE('',#10700,#2673);
#1697=LINE('',#10702,#2674);
#1698=LINE('',#10703,#2675);
#1699=LINE('',#10705,#2676);
#1700=LINE('',#10706,#2677);
#1701=LINE('',#10710,#2678);
#1702=LINE('',#10712,#2679);
#1703=LINE('',#10714,#2680);
#1704=LINE('',#10716,#2681);
#1705=LINE('',#10717,#2682);
#1706=LINE('',#10719,#2683);
#1707=LINE('',#10720,#2684);
#1708=LINE('',#10724,#2685);
#1709=LINE('',#10726,#2686);
#1710=LINE('',#10728,#2687);
#1711=LINE('',#10730,#2688);
#1712=LINE('',#10731,#2689);
#1713=LINE('',#10732,#2690);
#1714=LINE('',#10734,#2691);
#1715=LINE('',#10736,#2692);
#1716=LINE('',#10737,#2693);
#1717=LINE('',#10738,#2694);
#1718=LINE('',#10740,#2695);
#1719=LINE('',#10742,#2696);
#1720=LINE('',#10744,#2697);
#1721=LINE('',#10746,#2698);
#1722=LINE('',#10748,#2699);
#1723=LINE('',#10749,#2700);
#1724=LINE('',#10751,#2701);
#1725=LINE('',#10753,#2702);
#1726=LINE('',#10754,#2703);
#1727=LINE('',#10756,#2704);
#1728=LINE('',#10760,#2705);
#1729=LINE('',#10762,#2706);
#1730=LINE('',#10764,#2707);
#1731=LINE('',#10765,#2708);
#1732=LINE('',#10766,#2709);
#1733=LINE('',#10768,#2710);
#1734=LINE('',#10769,#2711);
#1735=LINE('',#10771,#2712);
#1736=LINE('',#10774,#2713);
#1737=LINE('',#10776,#2714);
#1738=LINE('',#10777,#2715);
#1739=LINE('',#10781,#2716);
#1740=LINE('',#10783,#2717);
#1741=LINE('',#10785,#2718);
#1742=LINE('',#10787,#2719);
#1743=LINE('',#10788,#2720);
#1744=LINE('',#10789,#2721);
#1745=LINE('',#10791,#2722);
#1746=LINE('',#10792,#2723);
#1747=LINE('',#10794,#2724);
#1748=LINE('',#10797,#2725);
#1749=LINE('',#10798,#2726);
#1750=LINE('',#10800,#2727);
#1751=LINE('',#10802,#2728);
#1752=LINE('',#10804,#2729);
#1753=LINE('',#10807,#2730);
#1754=LINE('',#10809,#2731);
#1755=LINE('',#10811,#2732);
#1756=LINE('',#10813,#2733);
#1757=LINE('',#10814,#2734);
#1758=LINE('',#10817,#2735);
#1759=LINE('',#10819,#2736);
#1760=LINE('',#10821,#2737);
#1761=LINE('',#10823,#2738);
#1762=LINE('',#10824,#2739);
#1763=LINE('',#10827,#2740);
#1764=LINE('',#10829,#2741);
#1765=LINE('',#10830,#2742);
#1766=LINE('',#10832,#2743);
#1767=LINE('',#10834,#2744);
#1768=LINE('',#10835,#2745);
#1769=LINE('',#10838,#2746);
#1770=LINE('',#10840,#2747);
#1771=LINE('',#10841,#2748);
#1772=LINE('',#10843,#2749);
#1773=LINE('',#10845,#2750);
#1774=LINE('',#10846,#2751);
#1775=LINE('',#10849,#2752);
#1776=LINE('',#10851,#2753);
#1777=LINE('',#10853,#2754);
#1778=LINE('',#10855,#2755);
#1779=LINE('',#10856,#2756);
#1780=LINE('',#10859,#2757);
#1781=LINE('',#10861,#2758);
#1782=LINE('',#10863,#2759);
#1783=LINE('',#10865,#2760);
#1784=LINE('',#10866,#2761);
#1785=LINE('',#10868,#2762);
#1786=LINE('',#10870,#2763);
#1787=LINE('',#10874,#2764);
#1788=LINE('',#10875,#2765);
#1789=LINE('',#10878,#2766);
#1790=LINE('',#10879,#2767);
#1791=LINE('',#10881,#2768);
#1792=LINE('',#10883,#2769);
#1793=LINE('',#10885,#2770);
#1794=LINE('',#10888,#2771);
#1795=LINE('',#10890,#2772);
#1796=LINE('',#10894,#2773);
#1797=LINE('',#10896,#2774);
#1798=LINE('',#10897,#2775);
#1799=LINE('',#10900,#2776);
#1800=LINE('',#10901,#2777);
#1801=LINE('',#10904,#2778);
#1802=LINE('',#10905,#2779);
#1803=LINE('',#10908,#2780);
#1804=LINE('',#10909,#2781);
#1805=LINE('',#10912,#2782);
#1806=LINE('',#10913,#2783);
#1807=LINE('',#10916,#2784);
#1808=LINE('',#10917,#2785);
#1809=LINE('',#10920,#2786);
#1810=LINE('',#10921,#2787);
#1811=LINE('',#10924,#2788);
#1812=LINE('',#10925,#2789);
#1813=LINE('',#10928,#2790);
#1814=LINE('',#10929,#2791);
#1815=LINE('',#10932,#2792);
#1816=LINE('',#10933,#2793);
#1817=LINE('',#10936,#2794);
#1818=LINE('',#10937,#2795);
#1819=LINE('',#10940,#2796);
#1820=LINE('',#10941,#2797);
#1821=LINE('',#10944,#2798);
#1822=LINE('',#10945,#2799);
#1823=LINE('',#10948,#2800);
#1824=LINE('',#10949,#2801);
#1825=LINE('',#10952,#2802);
#1826=LINE('',#10953,#2803);
#1827=LINE('',#10956,#2804);
#1828=LINE('',#10957,#2805);
#1829=LINE('',#10960,#2806);
#1830=LINE('',#10961,#2807);
#1831=LINE('',#10964,#2808);
#1832=LINE('',#10965,#2809);
#1833=LINE('',#10968,#2810);
#1834=LINE('',#10969,#2811);
#1835=LINE('',#10972,#2812);
#1836=LINE('',#10973,#2813);
#1837=LINE('',#10976,#2814);
#1838=LINE('',#10977,#2815);
#1839=LINE('',#10980,#2816);
#1840=LINE('',#10981,#2817);
#1841=LINE('',#10984,#2818);
#1842=LINE('',#10985,#2819);
#1843=LINE('',#10988,#2820);
#1844=LINE('',#10989,#2821);
#1845=LINE('',#10992,#2822);
#1846=LINE('',#10993,#2823);
#1847=LINE('',#10996,#2824);
#1848=LINE('',#10997,#2825);
#1849=LINE('',#11000,#2826);
#1850=LINE('',#11001,#2827);
#1851=LINE('',#11004,#2828);
#1852=LINE('',#11005,#2829);
#1853=LINE('',#11008,#2830);
#1854=LINE('',#11009,#2831);
#1855=LINE('',#11012,#2832);
#1856=LINE('',#11013,#2833);
#1857=LINE('',#11016,#2834);
#1858=LINE('',#11017,#2835);
#1859=LINE('',#11020,#2836);
#1860=LINE('',#11021,#2837);
#1861=LINE('',#11024,#2838);
#1862=LINE('',#11025,#2839);
#1863=LINE('',#11028,#2840);
#1864=LINE('',#11029,#2841);
#1865=LINE('',#11032,#2842);
#1866=LINE('',#11033,#2843);
#1867=LINE('',#11036,#2844);
#1868=LINE('',#11037,#2845);
#1869=LINE('',#11040,#2846);
#1870=LINE('',#11041,#2847);
#1871=LINE('',#11044,#2848);
#1872=LINE('',#11045,#2849);
#1873=LINE('',#11048,#2850);
#1874=LINE('',#11049,#2851);
#1875=LINE('',#11052,#2852);
#1876=LINE('',#11053,#2853);
#1877=LINE('',#11056,#2854);
#1878=LINE('',#11057,#2855);
#1879=LINE('',#11060,#2856);
#1880=LINE('',#11061,#2857);
#1881=LINE('',#11064,#2858);
#1882=LINE('',#11065,#2859);
#1883=LINE('',#11067,#2860);
#1884=LINE('',#11070,#2861);
#1885=LINE('',#11072,#2862);
#1886=LINE('',#11073,#2863);
#1887=LINE('',#11076,#2864);
#1888=LINE('',#11077,#2865);
#1889=LINE('',#11080,#2866);
#1890=LINE('',#11081,#2867);
#1891=LINE('',#11084,#2868);
#1892=LINE('',#11085,#2869);
#1893=LINE('',#11088,#2870);
#1894=LINE('',#11089,#2871);
#1895=LINE('',#11092,#2872);
#1896=LINE('',#11093,#2873);
#1897=LINE('',#11096,#2874);
#1898=LINE('',#11097,#2875);
#1899=LINE('',#11100,#2876);
#1900=LINE('',#11101,#2877);
#1901=LINE('',#11104,#2878);
#1902=LINE('',#11105,#2879);
#1903=LINE('',#11108,#2880);
#1904=LINE('',#11109,#2881);
#1905=LINE('',#11112,#2882);
#1906=LINE('',#11113,#2883);
#1907=LINE('',#11116,#2884);
#1908=LINE('',#11117,#2885);
#1909=LINE('',#11120,#2886);
#1910=LINE('',#11121,#2887);
#1911=LINE('',#11124,#2888);
#1912=LINE('',#11125,#2889);
#1913=LINE('',#11128,#2890);
#1914=LINE('',#11129,#2891);
#1915=LINE('',#11132,#2892);
#1916=LINE('',#11133,#2893);
#1917=LINE('',#11136,#2894);
#1918=LINE('',#11137,#2895);
#1919=LINE('',#11140,#2896);
#1920=LINE('',#11141,#2897);
#1921=LINE('',#11144,#2898);
#1922=LINE('',#11145,#2899);
#1923=LINE('',#11148,#2900);
#1924=LINE('',#11149,#2901);
#1925=LINE('',#11152,#2902);
#1926=LINE('',#11153,#2903);
#1927=LINE('',#11156,#2904);
#1928=LINE('',#11157,#2905);
#1929=LINE('',#11163,#2906);
#1930=LINE('',#11166,#2907);
#1931=LINE('',#11170,#2908);
#1932=LINE('',#11174,#2909);
#1933=LINE('',#11177,#2910);
#1934=LINE('',#11179,#2911);
#1935=LINE('',#11180,#2912);
#1936=LINE('',#11186,#2913);
#1937=LINE('',#11189,#2914);
#1938=LINE('',#11192,#2915);
#1939=LINE('',#11194,#2916);
#1940=LINE('',#11195,#2917);
#1941=LINE('',#11198,#2918);
#1942=LINE('',#11199,#2919);
#1943=LINE('',#11205,#2920);
#1944=LINE('',#11208,#2921);
#1945=LINE('',#11211,#2922);
#1946=LINE('',#11213,#2923);
#1947=LINE('',#11214,#2924);
#1948=LINE('',#11217,#2925);
#1949=LINE('',#11218,#2926);
#1950=LINE('',#11224,#2927);
#1951=LINE('',#11227,#2928);
#1952=LINE('',#11230,#2929);
#1953=LINE('',#11232,#2930);
#1954=LINE('',#11233,#2931);
#1955=LINE('',#11239,#2932);
#1956=LINE('',#11242,#2933);
#1957=LINE('',#11245,#2934);
#1958=LINE('',#11247,#2935);
#1959=LINE('',#11248,#2936);
#1960=LINE('',#11251,#2937);
#1961=LINE('',#11252,#2938);
#1962=LINE('',#11255,#2939);
#1963=LINE('',#11256,#2940);
#1964=LINE('',#11262,#2941);
#1965=LINE('',#11265,#2942);
#1966=LINE('',#11268,#2943);
#1967=LINE('',#11270,#2944);
#1968=LINE('',#11271,#2945);
#1969=LINE('',#11274,#2946);
#1970=LINE('',#11275,#2947);
#1971=LINE('',#11278,#2948);
#1972=LINE('',#11279,#2949);
#1973=LINE('',#11285,#2950);
#1974=LINE('',#11288,#2951);
#1975=LINE('',#11292,#2952);
#1976=LINE('',#11296,#2953);
#1977=LINE('',#11299,#2954);
#1978=LINE('',#11301,#2955);
#1979=LINE('',#11302,#2956);
#1980=LINE('',#11308,#2957);
#1981=LINE('',#11311,#2958);
#1982=LINE('',#11314,#2959);
#1983=LINE('',#11316,#2960);
#1984=LINE('',#11317,#2961);
#1985=LINE('',#11320,#2962);
#1986=LINE('',#11321,#2963);
#1987=LINE('',#11324,#2964);
#1988=LINE('',#11325,#2965);
#1989=LINE('',#11331,#2966);
#1990=LINE('',#11334,#2967);
#1991=LINE('',#11337,#2968);
#1992=LINE('',#11339,#2969);
#1993=LINE('',#11340,#2970);
#1994=LINE('',#11343,#2971);
#1995=LINE('',#11344,#2972);
#1996=LINE('',#11347,#2973);
#1997=LINE('',#11348,#2974);
#1998=LINE('',#11354,#2975);
#1999=LINE('',#11357,#2976);
#2000=LINE('',#11360,#2977);
#2001=LINE('',#11362,#2978);
#2002=LINE('',#11363,#2979);
#2003=LINE('',#11369,#2980);
#2004=LINE('',#11372,#2981);
#2005=LINE('',#11375,#2982);
#2006=LINE('',#11377,#2983);
#2007=LINE('',#11378,#2984);
#2008=LINE('',#11381,#2985);
#2009=LINE('',#11382,#2986);
#2010=LINE('',#11385,#2987);
#2011=LINE('',#11386,#2988);
#2012=LINE('',#11392,#2989);
#2013=LINE('',#11395,#2990);
#2014=LINE('',#11398,#2991);
#2015=LINE('',#11400,#2992);
#2016=LINE('',#11401,#2993);
#2017=LINE('',#11404,#2994);
#2018=LINE('',#11405,#2995);
#2019=LINE('',#11408,#2996);
#2020=LINE('',#11409,#2997);
#2021=LINE('',#11411,#2998);
#2022=LINE('',#11413,#2999);
#2023=LINE('',#11416,#3000);
#2024=LINE('',#11418,#3001);
#2025=LINE('',#11419,#3002);
#2026=LINE('',#11421,#3003);
#2027=LINE('',#11423,#3004);
#2028=LINE('',#11425,#3005);
#2029=LINE('',#11427,#3006);
#2030=LINE('',#11430,#3007);
#2031=LINE('',#11432,#3008);
#2032=LINE('',#11433,#3009);
#2033=LINE('',#11436,#3010);
#2034=LINE('',#11437,#3011);
#2035=LINE('',#11439,#3012);
#2036=LINE('',#11440,#3013);
#2037=LINE('',#11442,#3014);
#2038=LINE('',#11445,#3015);
#2039=LINE('',#11446,#3016);
#2040=LINE('',#11448,#3017);
#2041=LINE('',#11449,#3018);
#2042=LINE('',#11452,#3019);
#2043=LINE('',#11453,#3020);
#2044=LINE('',#11455,#3021);
#2045=LINE('',#11456,#3022);
#2046=LINE('',#11459,#3023);
#2047=LINE('',#11460,#3024);
#2048=LINE('',#11462,#3025);
#2049=LINE('',#11465,#3026);
#2050=LINE('',#11466,#3027);
#2051=LINE('',#11468,#3028);
#2052=LINE('',#11469,#3029);
#2053=LINE('',#11472,#3030);
#2054=LINE('',#11474,#3031);
#2055=LINE('',#11475,#3032);
#2056=LINE('',#11478,#3033);
#2057=LINE('',#11479,#3034);
#2058=LINE('',#11480,#3035);
#2059=LINE('',#11482,#3036);
#2060=LINE('',#11485,#3037);
#2061=LINE('',#11486,#3038);
#2062=LINE('',#11488,#3039);
#2063=LINE('',#11491,#3040);
#2064=LINE('',#11493,#3041);
#2065=LINE('',#11494,#3042);
#2066=LINE('',#11497,#3043);
#2067=LINE('',#11499,#3044);
#2068=LINE('',#11500,#3045);
#2069=LINE('',#11502,#3046);
#2070=LINE('',#11503,#3047);
#2071=LINE('',#11506,#3048);
#2072=LINE('',#11507,#3049);
#2073=LINE('',#11510,#3050);
#2074=LINE('',#11511,#3051);
#2075=LINE('',#11513,#3052);
#2076=LINE('',#11514,#3053);
#2077=LINE('',#11516,#3054);
#2078=LINE('',#11519,#3055);
#2079=LINE('',#11520,#3056);
#2080=LINE('',#11522,#3057);
#2081=LINE('',#11523,#3058);
#2082=LINE('',#11525,#3059);
#2083=LINE('',#11528,#3060);
#2084=LINE('',#11529,#3061);
#2085=LINE('',#11532,#3062);
#2086=LINE('',#11533,#3063);
#2087=LINE('',#11536,#3064);
#2088=LINE('',#11537,#3065);
#2089=LINE('',#11538,#3066);
#2090=LINE('',#11541,#3067);
#2091=LINE('',#11542,#3068);
#2092=LINE('',#11545,#3069);
#2093=LINE('',#11546,#3070);
#2094=LINE('',#11548,#3071);
#2095=LINE('',#11550,#3072);
#2096=LINE('',#11554,#3073);
#2097=LINE('',#11555,#3074);
#2098=LINE('',#11556,#3075);
#2099=LINE('',#11559,#3076);
#2100=LINE('',#11560,#3077);
#2101=LINE('',#11563,#3078);
#2102=LINE('',#11564,#3079);
#2103=LINE('',#11565,#3080);
#2104=LINE('',#11568,#3081);
#2105=LINE('',#11569,#3082);
#2106=LINE('',#11572,#3083);
#2107=LINE('',#11573,#3084);
#2108=LINE('',#11575,#3085);
#2109=LINE('',#11577,#3086);
#2110=LINE('',#11580,#3087);
#2111=LINE('',#11581,#3088);
#2112=LINE('',#11583,#3089);
#2113=LINE('',#11586,#3090);
#2114=LINE('',#11587,#3091);
#2115=LINE('',#11590,#3092);
#2116=LINE('',#11591,#3093);
#2117=LINE('',#11594,#3094);
#2118=LINE('',#11595,#3095);
#2119=LINE('',#11598,#3096);
#2120=LINE('',#11599,#3097);
#2121=LINE('',#11600,#3098);
#2122=LINE('',#11603,#3099);
#2123=LINE('',#11604,#3100);
#2124=LINE('',#11607,#3101);
#2125=LINE('',#11608,#3102);
#2126=LINE('',#11610,#3103);
#2127=LINE('',#11614,#3104);
#2128=LINE('',#11615,#3105);
#2129=LINE('',#11616,#3106);
#2130=LINE('',#11619,#3107);
#2131=LINE('',#11620,#3108);
#2132=LINE('',#11623,#3109);
#2133=LINE('',#11624,#3110);
#2134=LINE('',#11627,#3111);
#2135=LINE('',#11628,#3112);
#2136=LINE('',#11631,#3113);
#2137=LINE('',#11632,#3114);
#2138=LINE('',#11633,#3115);
#2139=LINE('',#11636,#3116);
#2140=LINE('',#11637,#3117);
#2141=LINE('',#11640,#3118);
#2142=LINE('',#11641,#3119);
#2143=LINE('',#11643,#3120);
#2144=LINE('',#11646,#3121);
#2145=LINE('',#11647,#3122);
#2146=LINE('',#11650,#3123);
#2147=LINE('',#11651,#3124);
#2148=LINE('',#11654,#3125);
#2149=LINE('',#11655,#3126);
#2150=LINE('',#11658,#3127);
#2151=LINE('',#11659,#3128);
#2152=LINE('',#11662,#3129);
#2153=LINE('',#11663,#3130);
#2154=LINE('',#11666,#3131);
#2155=LINE('',#11667,#3132);
#2156=LINE('',#11670,#3133);
#2157=LINE('',#11671,#3134);
#2158=LINE('',#11674,#3135);
#2159=LINE('',#11675,#3136);
#2160=LINE('',#11678,#3137);
#2161=LINE('',#11679,#3138);
#2162=LINE('',#11682,#3139);
#2163=LINE('',#11683,#3140);
#2164=LINE('',#11686,#3141);
#2165=LINE('',#11687,#3142);
#2166=LINE('',#11690,#3143);
#2167=LINE('',#11691,#3144);
#2168=LINE('',#11694,#3145);
#2169=LINE('',#11695,#3146);
#2170=LINE('',#11698,#3147);
#2171=LINE('',#11699,#3148);
#2172=LINE('',#11702,#3149);
#2173=LINE('',#11703,#3150);
#2174=LINE('',#11706,#3151);
#2175=LINE('',#11707,#3152);
#2176=LINE('',#11710,#3153);
#2177=LINE('',#11711,#3154);
#2178=LINE('',#11714,#3155);
#2179=LINE('',#11715,#3156);
#2180=LINE('',#11718,#3157);
#2181=LINE('',#11719,#3158);
#2182=LINE('',#11722,#3159);
#2183=LINE('',#11723,#3160);
#2184=LINE('',#11726,#3161);
#2185=LINE('',#11727,#3162);
#2186=LINE('',#11729,#3163);
#2187=VECTOR('',#7810,3.2500000136952);
#2188=VECTOR('',#7815,3.);
#2189=VECTOR('',#7820,10.);
#2190=VECTOR('',#7821,10.);
#2191=VECTOR('',#7822,10.);
#2192=VECTOR('',#7823,10.);
#2193=VECTOR('',#7824,10.);
#2194=VECTOR('',#7825,10.);
#2195=VECTOR('',#7826,10.);
#2196=VECTOR('',#7827,10.);
#2197=VECTOR('',#7832,3.25000001369521);
#2198=VECTOR('',#7837,3.00000000000001);
#2199=VECTOR('',#7842,10.);
#2200=VECTOR('',#7843,10.);
#2201=VECTOR('',#7844,10.);
#2202=VECTOR('',#7845,10.);
#2203=VECTOR('',#7846,10.);
#2204=VECTOR('',#7847,10.);
#2205=VECTOR('',#7848,10.);
#2206=VECTOR('',#7849,10.);
#2207=VECTOR('',#7850,10.);
#2208=VECTOR('',#7851,10.);
#2209=VECTOR('',#7852,10.);
#2210=VECTOR('',#7853,10.);
#2211=VECTOR('',#7858,3.25000001369521);
#2212=VECTOR('',#7863,3.00000000000001);
#2213=VECTOR('',#7868,10.);
#2214=VECTOR('',#7869,10.);
#2215=VECTOR('',#7870,10.);
#2216=VECTOR('',#7871,10.);
#2217=VECTOR('',#7872,10.);
#2218=VECTOR('',#7873,10.);
#2219=VECTOR('',#7874,10.);
#2220=VECTOR('',#7875,10.);
#2221=VECTOR('',#7876,10.);
#2222=VECTOR('',#7877,10.);
#2223=VECTOR('',#7878,10.);
#2224=VECTOR('',#7879,10.);
#2225=VECTOR('',#7884,3.2500000136952);
#2226=VECTOR('',#7889,3.);
#2227=VECTOR('',#7894,10.);
#2228=VECTOR('',#7895,10.);
#2229=VECTOR('',#7896,10.);
#2230=VECTOR('',#7897,10.);
#2231=VECTOR('',#7898,10.);
#2232=VECTOR('',#7899,10.);
#2233=VECTOR('',#7900,10.);
#2234=VECTOR('',#7901,10.);
#2235=VECTOR('',#7904,10.);
#2236=VECTOR('',#7905,10.);
#2237=VECTOR('',#7906,10.);
#2238=VECTOR('',#7907,10.);
#2239=VECTOR('',#7910,10.);
#2240=VECTOR('',#7911,10.);
#2241=VECTOR('',#7912,10.);
#2242=VECTOR('',#7915,10.);
#2243=VECTOR('',#7916,10.);
#2244=VECTOR('',#7917,10.);
#2245=VECTOR('',#7918,10.);
#2246=VECTOR('',#7921,10.);
#2247=VECTOR('',#7922,10.);
#2248=VECTOR('',#7923,10.);
#2249=VECTOR('',#7926,10.);
#2250=VECTOR('',#7927,10.);
#2251=VECTOR('',#7928,10.);
#2252=VECTOR('',#7929,10.);
#2253=VECTOR('',#7932,10.);
#2254=VECTOR('',#7933,10.);
#2255=VECTOR('',#7934,10.);
#2256=VECTOR('',#7937,10.);
#2257=VECTOR('',#7938,10.);
#2258=VECTOR('',#7939,10.);
#2259=VECTOR('',#7940,10.);
#2260=VECTOR('',#7943,10.);
#2261=VECTOR('',#7944,10.);
#2262=VECTOR('',#7945,10.);
#2263=VECTOR('',#7948,10.);
#2264=VECTOR('',#7949,10.);
#2265=VECTOR('',#7950,10.);
#2266=VECTOR('',#7953,10.);
#2267=VECTOR('',#7954,10.);
#2268=VECTOR('',#7955,10.);
#2269=VECTOR('',#7958,10.);
#2270=VECTOR('',#7959,10.);
#2271=VECTOR('',#7960,10.);
#2272=VECTOR('',#7963,10.);
#2273=VECTOR('',#7964,10.);
#2274=VECTOR('',#7965,10.);
#2275=VECTOR('',#7968,10.);
#2276=VECTOR('',#7969,10.);
#2277=VECTOR('',#7970,10.);
#2278=VECTOR('',#7973,10.);
#2279=VECTOR('',#7974,10.);
#2280=VECTOR('',#7975,10.);
#2281=VECTOR('',#7978,10.);
#2282=VECTOR('',#7979,10.);
#2283=VECTOR('',#7980,10.);
#2284=VECTOR('',#7983,10.);
#2285=VECTOR('',#7984,10.);
#2286=VECTOR('',#7985,10.);
#2287=VECTOR('',#7988,10.);
#2288=VECTOR('',#7989,10.);
#2289=VECTOR('',#7990,10.);
#2290=VECTOR('',#7991,10.);
#2291=VECTOR('',#7994,10.);
#2292=VECTOR('',#7995,10.);
#2293=VECTOR('',#7996,10.);
#2294=VECTOR('',#7999,10.);
#2295=VECTOR('',#8000,10.);
#2296=VECTOR('',#8001,10.);
#2297=VECTOR('',#8002,10.);
#2298=VECTOR('',#8005,10.);
#2299=VECTOR('',#8006,10.);
#2300=VECTOR('',#8007,10.);
#2301=VECTOR('',#8010,10.);
#2302=VECTOR('',#8011,10.);
#2303=VECTOR('',#8012,10.);
#2304=VECTOR('',#8013,10.);
#2305=VECTOR('',#8016,10.);
#2306=VECTOR('',#8017,10.);
#2307=VECTOR('',#8018,10.);
#2308=VECTOR('',#8021,10.);
#2309=VECTOR('',#8022,10.);
#2310=VECTOR('',#8023,10.);
#2311=VECTOR('',#8024,10.);
#2312=VECTOR('',#8027,10.);
#2313=VECTOR('',#8028,10.);
#2314=VECTOR('',#8029,10.);
#2315=VECTOR('',#8034,10.);
#2316=VECTOR('',#8037,10.);
#2317=VECTOR('',#8040,10.);
#2318=VECTOR('',#8041,10.);
#2319=VECTOR('',#8042,10.);
#2320=VECTOR('',#8047,10.);
#2321=VECTOR('',#8050,10.);
#2322=VECTOR('',#8053,10.);
#2323=VECTOR('',#8054,10.);
#2324=VECTOR('',#8055,10.);
#2325=VECTOR('',#8060,10.);
#2326=VECTOR('',#8063,10.);
#2327=VECTOR('',#8066,10.);
#2328=VECTOR('',#8067,10.);
#2329=VECTOR('',#8068,10.);
#2330=VECTOR('',#8073,10.);
#2331=VECTOR('',#8076,10.);
#2332=VECTOR('',#8079,10.);
#2333=VECTOR('',#8080,10.);
#2334=VECTOR('',#8081,10.);
#2335=VECTOR('',#8086,10.);
#2336=VECTOR('',#8089,10.);
#2337=VECTOR('',#8092,10.);
#2338=VECTOR('',#8093,10.);
#2339=VECTOR('',#8100,10.);
#2340=VECTOR('',#8103,10.);
#2341=VECTOR('',#8104,5.);
#2342=VECTOR('',#8105,10.);
#2343=VECTOR('',#8110,5.);
#2344=VECTOR('',#8113,10.);
#2345=VECTOR('',#8120,10.);
#2346=VECTOR('',#8123,10.);
#2347=VECTOR('',#8124,10.);
#2348=VECTOR('',#8125,10.);
#2349=VECTOR('',#8126,10.);
#2350=VECTOR('',#8129,10.);
#2351=VECTOR('',#8130,10.);
#2352=VECTOR('',#8131,10.);
#2353=VECTOR('',#8132,10.);
#2354=VECTOR('',#8135,10.);
#2355=VECTOR('',#8136,10.);
#2356=VECTOR('',#8137,10.);
#2357=VECTOR('',#8140,10.);
#2358=VECTOR('',#8141,10.);
#2359=VECTOR('',#8144,10.);
#2360=VECTOR('',#8145,10.);
#2361=VECTOR('',#8146,10.);
#2362=VECTOR('',#8149,10.);
#2363=VECTOR('',#8150,10.);
#2364=VECTOR('',#8153,10.);
#2365=VECTOR('',#8154,10.);
#2366=VECTOR('',#8155,10.);
#2367=VECTOR('',#8158,10.);
#2368=VECTOR('',#8159,10.);
#2369=VECTOR('',#8162,10.);
#2370=VECTOR('',#8163,10.);
#2371=VECTOR('',#8166,10.);
#2372=VECTOR('',#8167,10.);
#2373=VECTOR('',#8168,10.);
#2374=VECTOR('',#8169,10.);
#2375=VECTOR('',#8172,10.);
#2376=VECTOR('',#8173,10.);
#2377=VECTOR('',#8174,10.);
#2378=VECTOR('',#8177,10.);
#2379=VECTOR('',#8178,10.);
#2380=VECTOR('',#8179,10.);
#2381=VECTOR('',#8182,10.);
#2382=VECTOR('',#8183,10.);
#2383=VECTOR('',#8184,10.);
#2384=VECTOR('',#8185,10.);
#2385=VECTOR('',#8188,10.);
#2386=VECTOR('',#8189,10.);
#2387=VECTOR('',#8192,10.);
#2388=VECTOR('',#8193,10.);
#2389=VECTOR('',#8196,10.);
#2390=VECTOR('',#8197,10.);
#2391=VECTOR('',#8198,10.);
#2392=VECTOR('',#8201,10.);
#2393=VECTOR('',#8202,10.);
#2394=VECTOR('',#8205,10.);
#2395=VECTOR('',#8206,10.);
#2396=VECTOR('',#8209,10.);
#2397=VECTOR('',#8210,10.);
#2398=VECTOR('',#8211,10.);
#2399=VECTOR('',#8212,10.);
#2400=VECTOR('',#8213,10.);
#2401=VECTOR('',#8214,10.);
#2402=VECTOR('',#8215,10.);
#2403=VECTOR('',#8216,10.);
#2404=VECTOR('',#8217,10.);
#2405=VECTOR('',#8218,10.);
#2406=VECTOR('',#8221,10.);
#2407=VECTOR('',#8222,10.);
#2408=VECTOR('',#8223,10.);
#2409=VECTOR('',#8224,10.);
#2410=VECTOR('',#8227,10.);
#2411=VECTOR('',#8228,10.);
#2412=VECTOR('',#8229,10.);
#2413=VECTOR('',#8232,10.);
#2414=VECTOR('',#8233,10.);
#2415=VECTOR('',#8234,10.);
#2416=VECTOR('',#8237,10.);
#2417=VECTOR('',#8238,10.);
#2418=VECTOR('',#8239,10.);
#2419=VECTOR('',#8240,10.);
#2420=VECTOR('',#8243,10.);
#2421=VECTOR('',#8244,10.);
#2422=VECTOR('',#8247,10.);
#2423=VECTOR('',#8248,10.);
#2424=VECTOR('',#8251,10.);
#2425=VECTOR('',#8252,10.);
#2426=VECTOR('',#8253,10.);
#2427=VECTOR('',#8256,10.);
#2428=VECTOR('',#8257,10.);
#2429=VECTOR('',#8260,10.);
#2430=VECTOR('',#8261,10.);
#2431=VECTOR('',#8264,10.);
#2432=VECTOR('',#8265,10.);
#2433=VECTOR('',#8266,10.);
#2434=VECTOR('',#8267,10.);
#2435=VECTOR('',#8270,10.);
#2436=VECTOR('',#8271,10.);
#2437=VECTOR('',#8272,10.);
#2438=VECTOR('',#8275,10.);
#2439=VECTOR('',#8276,10.);
#2440=VECTOR('',#8277,10.);
#2441=VECTOR('',#8280,10.);
#2442=VECTOR('',#8281,10.);
#2443=VECTOR('',#8282,10.);
#2444=VECTOR('',#8285,10.);
#2445=VECTOR('',#8286,10.);
#2446=VECTOR('',#8287,10.);
#2447=VECTOR('',#8290,10.);
#2448=VECTOR('',#8291,10.);
#2449=VECTOR('',#8294,10.);
#2450=VECTOR('',#8295,10.);
#2451=VECTOR('',#8296,10.);
#2452=VECTOR('',#8299,10.);
#2453=VECTOR('',#8300,10.);
#2454=VECTOR('',#8303,10.);
#2455=VECTOR('',#8304,10.);
#2456=VECTOR('',#8307,10.);
#2457=VECTOR('',#8308,10.);
#2458=VECTOR('',#8309,10.);
#2459=VECTOR('',#8310,10.);
#2460=VECTOR('',#8311,10.);
#2461=VECTOR('',#8312,10.);
#2462=VECTOR('',#8313,10.);
#2463=VECTOR('',#8314,10.);
#2464=VECTOR('',#8315,10.);
#2465=VECTOR('',#8316,10.);
#2466=VECTOR('',#8319,10.);
#2467=VECTOR('',#8320,10.);
#2468=VECTOR('',#8321,10.);
#2469=VECTOR('',#8322,10.);
#2470=VECTOR('',#8325,10.);
#2471=VECTOR('',#8326,10.);
#2472=VECTOR('',#8327,10.);
#2473=VECTOR('',#8330,10.);
#2474=VECTOR('',#8331,10.);
#2475=VECTOR('',#8332,10.);
#2476=VECTOR('',#8335,10.);
#2477=VECTOR('',#8336,10.);
#2478=VECTOR('',#8337,10.);
#2479=VECTOR('',#8340,10.);
#2480=VECTOR('',#8341,10.);
#2481=VECTOR('',#8342,10.);
#2482=VECTOR('',#8345,10.);
#2483=VECTOR('',#8346,10.);
#2484=VECTOR('',#8349,10.);
#2485=VECTOR('',#8350,10.);
#2486=VECTOR('',#8351,10.);
#2487=VECTOR('',#8354,10.);
#2488=VECTOR('',#8355,10.);
#2489=VECTOR('',#8358,10.);
#2490=VECTOR('',#8359,10.);
#2491=VECTOR('',#8362,10.);
#2492=VECTOR('',#8363,10.);
#2493=VECTOR('',#8364,10.);
#2494=VECTOR('',#8365,10.);
#2495=VECTOR('',#8366,10.);
#2496=VECTOR('',#8367,10.);
#2497=VECTOR('',#8368,10.);
#2498=VECTOR('',#8369,10.);
#2499=VECTOR('',#8370,10.);
#2500=VECTOR('',#8371,10.);
#2501=VECTOR('',#8372,10.);
#2502=VECTOR('',#8375,10.);
#2503=VECTOR('',#8376,10.);
#2504=VECTOR('',#8377,10.);
#2505=VECTOR('',#8378,10.);
#2506=VECTOR('',#8379,10.);
#2507=VECTOR('',#8380,10.);
#2508=VECTOR('',#8381,10.);
#2509=VECTOR('',#8384,10.);
#2510=VECTOR('',#8387,10.);
#2511=VECTOR('',#8388,10.);
#2512=VECTOR('',#8389,10.);
#2513=VECTOR('',#8392,10.);
#2514=VECTOR('',#8393,10.);
#2515=VECTOR('',#8396,10.);
#2516=VECTOR('',#8397,10.);
#2517=VECTOR('',#8398,10.);
#2518=VECTOR('',#8399,10.);
#2519=VECTOR('',#8400,10.);
#2520=VECTOR('',#8401,10.);
#2521=VECTOR('',#8402,10.);
#2522=VECTOR('',#8403,10.);
#2523=VECTOR('',#8404,10.);
#2524=VECTOR('',#8405,10.);
#2525=VECTOR('',#8406,10.);
#2526=VECTOR('',#8407,10.);
#2527=VECTOR('',#8410,10.);
#2528=VECTOR('',#8411,10.);
#2529=VECTOR('',#8414,10.);
#2530=VECTOR('',#8415,10.);
#2531=VECTOR('',#8418,10.);
#2532=VECTOR('',#8421,10.);
#2533=VECTOR('',#8422,10.);
#2534=VECTOR('',#8423,10.);
#2535=VECTOR('',#8426,10.);
#2536=VECTOR('',#8429,10.);
#2537=VECTOR('',#8432,10.);
#2538=VECTOR('',#8433,10.);
#2539=VECTOR('',#8434,10.);
#2540=VECTOR('',#8435,10.);
#2541=VECTOR('',#8436,10.);
#2542=VECTOR('',#8437,10.);
#2543=VECTOR('',#8438,10.);
#2544=VECTOR('',#8441,10.);
#2545=VECTOR('',#8444,10.);
#2546=VECTOR('',#8445,10.);
#2547=VECTOR('',#8448,10.);
#2548=VECTOR('',#8451,10.);
#2549=VECTOR('',#8452,10.);
#2550=VECTOR('',#8453,10.);
#2551=VECTOR('',#8454,10.);
#2552=VECTOR('',#8455,10.);
#2553=VECTOR('',#8456,10.);
#2554=VECTOR('',#8457,10.);
#2555=VECTOR('',#8458,10.);
#2556=VECTOR('',#8459,10.);
#2557=VECTOR('',#8460,10.);
#2558=VECTOR('',#8461,10.);
#2559=VECTOR('',#8462,10.);
#2560=VECTOR('',#8465,10.);
#2561=VECTOR('',#8466,10.);
#2562=VECTOR('',#8469,10.);
#2563=VECTOR('',#8470,10.);
#2564=VECTOR('',#8473,10.);
#2565=VECTOR('',#8476,10.);
#2566=VECTOR('',#8477,10.);
#2567=VECTOR('',#8478,10.);
#2568=VECTOR('',#8481,10.);
#2569=VECTOR('',#8484,10.);
#2570=VECTOR('',#8485,10.);
#2571=VECTOR('',#8486,10.);
#2572=VECTOR('',#8487,10.);
#2573=VECTOR('',#8490,10.);
#2574=VECTOR('',#8491,10.);
#2575=VECTOR('',#8492,10.);
#2576=VECTOR('',#8495,10.);
#2577=VECTOR('',#8496,10.);
#2578=VECTOR('',#8497,10.);
#2579=VECTOR('',#8500,10.);
#2580=VECTOR('',#8501,10.);
#2581=VECTOR('',#8502,10.);
#2582=VECTOR('',#8505,10.);
#2583=VECTOR('',#8506,10.);
#2584=VECTOR('',#8507,10.);
#2585=VECTOR('',#8510,10.);
#2586=VECTOR('',#8511,10.);
#2587=VECTOR('',#8512,10.);
#2588=VECTOR('',#8515,10.);
#2589=VECTOR('',#8516,10.);
#2590=VECTOR('',#8517,10.);
#2591=VECTOR('',#8520,10.);
#2592=VECTOR('',#8521,10.);
#2593=VECTOR('',#8526,1.25);
#2594=VECTOR('',#8533,1.25);
#2595=VECTOR('',#8538,10.);
#2596=VECTOR('',#8539,10.);
#2597=VECTOR('',#8540,10.);
#2598=VECTOR('',#8541,10.);
#2599=VECTOR('',#8544,10.);
#2600=VECTOR('',#8545,10.);
#2601=VECTOR('',#8546,10.);
#2602=VECTOR('',#8549,10.);
#2603=VECTOR('',#8550,10.);
#2604=VECTOR('',#8551,10.);
#2605=VECTOR('',#8554,10.);
#2606=VECTOR('',#8555,10.);
#2607=VECTOR('',#8556,10.);
#2608=VECTOR('',#8559,10.);
#2609=VECTOR('',#8560,10.);
#2610=VECTOR('',#8561,10.);
#2611=VECTOR('',#8564,10.);
#2612=VECTOR('',#8565,10.);
#2613=VECTOR('',#8566,10.);
#2614=VECTOR('',#8569,10.);
#2615=VECTOR('',#8570,10.);
#2616=VECTOR('',#8571,10.);
#2617=VECTOR('',#8574,10.);
#2618=VECTOR('',#8575,10.);
#2619=VECTOR('',#8578,10.);
#2620=VECTOR('',#8579,10.);
#2621=VECTOR('',#8582,10.);
#2622=VECTOR('',#8583,10.);
#2623=VECTOR('',#8586,10.);
#2624=VECTOR('',#8589,10.);
#2625=VECTOR('',#8590,10.);
#2626=VECTOR('',#8591,10.);
#2627=VECTOR('',#8594,10.);
#2628=VECTOR('',#8595,10.);
#2629=VECTOR('',#8598,10.);
#2630=VECTOR('',#8599,10.);
#2631=VECTOR('',#8600,10.);
#2632=VECTOR('',#8603,10.);
#2633=VECTOR('',#8604,10.);
#2634=VECTOR('',#8605,10.);
#2635=VECTOR('',#8608,10.);
#2636=VECTOR('',#8609,10.);
#2637=VECTOR('',#8610,10.);
#2638=VECTOR('',#8613,10.);
#2639=VECTOR('',#8614,10.);
#2640=VECTOR('',#8615,10.);
#2641=VECTOR('',#8618,10.);
#2642=VECTOR('',#8619,10.);
#2643=VECTOR('',#8620,10.);
#2644=VECTOR('',#8621,10.);
#2645=VECTOR('',#8624,10.);
#2646=VECTOR('',#8625,10.);
#2647=VECTOR('',#8626,10.);
#2648=VECTOR('',#8629,10.);
#2649=VECTOR('',#8630,10.);
#2650=VECTOR('',#8633,10.);
#2651=VECTOR('',#8634,10.);
#2652=VECTOR('',#8635,10.);
#2653=VECTOR('',#8638,10.);
#2654=VECTOR('',#8639,10.);
#2655=VECTOR('',#8640,10.);
#2656=VECTOR('',#8643,10.);
#2657=VECTOR('',#8644,10.);
#2658=VECTOR('',#8645,10.);
#2659=VECTOR('',#8648,10.);
#2660=VECTOR('',#8649,10.);
#2661=VECTOR('',#8652,10.);
#2662=VECTOR('',#8653,10.);
#2663=VECTOR('',#8654,10.);
#2664=VECTOR('',#8655,10.);
#2665=VECTOR('',#8658,10.);
#2666=VECTOR('',#8659,10.);
#2667=VECTOR('',#8660,10.);
#2668=VECTOR('',#8663,10.);
#2669=VECTOR('',#8664,10.);
#2670=VECTOR('',#8667,10.);
#2671=VECTOR('',#8668,10.);
#2672=VECTOR('',#8669,10.);
#2673=VECTOR('',#8672,10.);
#2674=VECTOR('',#8673,10.);
#2675=VECTOR('',#8674,10.);
#2676=VECTOR('',#8677,10.);
#2677=VECTOR('',#8678,10.);
#2678=VECTOR('',#8681,10.);
#2679=VECTOR('',#8682,10.);
#2680=VECTOR('',#8683,10.);
#2681=VECTOR('',#8684,10.);
#2682=VECTOR('',#8685,10.);
#2683=VECTOR('',#8686,10.);
#2684=VECTOR('',#8687,10.);
#2685=VECTOR('',#8690,10.);
#2686=VECTOR('',#8691,10.);
#2687=VECTOR('',#8692,10.);
#2688=VECTOR('',#8693,10.);
#2689=VECTOR('',#8694,10.);
#2690=VECTOR('',#8695,10.);
#2691=VECTOR('',#8696,10.);
#2692=VECTOR('',#8697,10.);
#2693=VECTOR('',#8698,10.);
#2694=VECTOR('',#8699,10.);
#2695=VECTOR('',#8700,10.);
#2696=VECTOR('',#8701,10.);
#2697=VECTOR('',#8702,10.);
#2698=VECTOR('',#8703,10.);
#2699=VECTOR('',#8704,10.);
#2700=VECTOR('',#8705,10.);
#2701=VECTOR('',#8706,10.);
#2702=VECTOR('',#8707,10.);
#2703=VECTOR('',#8708,10.);
#2704=VECTOR('',#8711,10.);
#2705=VECTOR('',#8714,10.);
#2706=VECTOR('',#8715,10.);
#2707=VECTOR('',#8716,10.);
#2708=VECTOR('',#8717,10.);
#2709=VECTOR('',#8718,10.);
#2710=VECTOR('',#8719,10.);
#2711=VECTOR('',#8720,10.);
#2712=VECTOR('',#8723,10.);
#2713=VECTOR('',#8726,10.);
#2714=VECTOR('',#8727,10.);
#2715=VECTOR('',#8728,10.);
#2716=VECTOR('',#8731,10.);
#2717=VECTOR('',#8732,10.);
#2718=VECTOR('',#8733,10.);
#2719=VECTOR('',#8734,10.);
#2720=VECTOR('',#8735,10.);
#2721=VECTOR('',#8736,10.);
#2722=VECTOR('',#8737,10.);
#2723=VECTOR('',#8738,10.);
#2724=VECTOR('',#8741,10.);
#2725=VECTOR('',#8744,10.);
#2726=VECTOR('',#8745,10.);
#2727=VECTOR('',#8748,10.);
#2728=VECTOR('',#8751,10.);
#2729=VECTOR('',#8754,10.);
#2730=VECTOR('',#8757,10.);
#2731=VECTOR('',#8758,10.);
#2732=VECTOR('',#8759,10.);
#2733=VECTOR('',#8760,10.);
#2734=VECTOR('',#8761,10.);
#2735=VECTOR('',#8764,10.);
#2736=VECTOR('',#8765,10.);
#2737=VECTOR('',#8766,10.);
#2738=VECTOR('',#8767,10.);
#2739=VECTOR('',#8768,10.);
#2740=VECTOR('',#8771,10.);
#2741=VECTOR('',#8772,10.);
#2742=VECTOR('',#8773,10.);
#2743=VECTOR('',#8774,10.);
#2744=VECTOR('',#8775,10.);
#2745=VECTOR('',#8776,10.);
#2746=VECTOR('',#8779,10.);
#2747=VECTOR('',#8780,10.);
#2748=VECTOR('',#8781,10.);
#2749=VECTOR('',#8782,10.);
#2750=VECTOR('',#8783,10.);
#2751=VECTOR('',#8784,10.);
#2752=VECTOR('',#8787,10.);
#2753=VECTOR('',#8788,10.);
#2754=VECTOR('',#8789,10.);
#2755=VECTOR('',#8790,10.);
#2756=VECTOR('',#8791,10.);
#2757=VECTOR('',#8794,10.);
#2758=VECTOR('',#8795,10.);
#2759=VECTOR('',#8796,10.);
#2760=VECTOR('',#8797,10.);
#2761=VECTOR('',#8798,10.);
#2762=VECTOR('',#8801,10.);
#2763=VECTOR('',#8804,10.);
#2764=VECTOR('',#8809,10.);
#2765=VECTOR('',#8810,10.);
#2766=VECTOR('',#8813,10.);
#2767=VECTOR('',#8814,10.);
#2768=VECTOR('',#8817,10.);
#2769=VECTOR('',#8820,10.);
#2770=VECTOR('',#8823,10.);
#2771=VECTOR('',#8828,10.);
#2772=VECTOR('',#8831,10.);
#2773=VECTOR('',#8836,10.);
#2774=VECTOR('',#8837,10.);
#2775=VECTOR('',#8838,10.);
#2776=VECTOR('',#8841,10.);
#2777=VECTOR('',#8842,10.);
#2778=VECTOR('',#8845,10.);
#2779=VECTOR('',#8846,10.);
#2780=VECTOR('',#8849,10.);
#2781=VECTOR('',#8850,10.);
#2782=VECTOR('',#8853,10.);
#2783=VECTOR('',#8854,10.);
#2784=VECTOR('',#8857,10.);
#2785=VECTOR('',#8858,10.);
#2786=VECTOR('',#8861,10.);
#2787=VECTOR('',#8862,10.);
#2788=VECTOR('',#8865,10.);
#2789=VECTOR('',#8866,10.);
#2790=VECTOR('',#8869,10.);
#2791=VECTOR('',#8870,10.);
#2792=VECTOR('',#8873,10.);
#2793=VECTOR('',#8874,10.);
#2794=VECTOR('',#8877,10.);
#2795=VECTOR('',#8878,10.);
#2796=VECTOR('',#8881,10.);
#2797=VECTOR('',#8882,10.);
#2798=VECTOR('',#8885,10.);
#2799=VECTOR('',#8886,10.);
#2800=VECTOR('',#8889,10.);
#2801=VECTOR('',#8890,10.);
#2802=VECTOR('',#8893,10.);
#2803=VECTOR('',#8894,10.);
#2804=VECTOR('',#8897,10.);
#2805=VECTOR('',#8898,10.);
#2806=VECTOR('',#8901,10.);
#2807=VECTOR('',#8902,10.);
#2808=VECTOR('',#8905,10.);
#2809=VECTOR('',#8906,10.);
#2810=VECTOR('',#8909,10.);
#2811=VECTOR('',#8910,10.);
#2812=VECTOR('',#8913,10.);
#2813=VECTOR('',#8914,10.);
#2814=VECTOR('',#8917,10.);
#2815=VECTOR('',#8918,10.);
#2816=VECTOR('',#8921,10.);
#2817=VECTOR('',#8922,10.);
#2818=VECTOR('',#8925,10.);
#2819=VECTOR('',#8926,10.);
#2820=VECTOR('',#8929,10.);
#2821=VECTOR('',#8930,10.);
#2822=VECTOR('',#8933,10.);
#2823=VECTOR('',#8934,10.);
#2824=VECTOR('',#8937,10.);
#2825=VECTOR('',#8938,10.);
#2826=VECTOR('',#8941,10.);
#2827=VECTOR('',#8942,10.);
#2828=VECTOR('',#8945,10.);
#2829=VECTOR('',#8946,10.);
#2830=VECTOR('',#8949,10.);
#2831=VECTOR('',#8950,10.);
#2832=VECTOR('',#8953,10.);
#2833=VECTOR('',#8954,10.);
#2834=VECTOR('',#8957,10.);
#2835=VECTOR('',#8958,10.);
#2836=VECTOR('',#8961,10.);
#2837=VECTOR('',#8962,10.);
#2838=VECTOR('',#8965,10.);
#2839=VECTOR('',#8966,10.);
#2840=VECTOR('',#8969,10.);
#2841=VECTOR('',#8970,10.);
#2842=VECTOR('',#8973,10.);
#2843=VECTOR('',#8974,10.);
#2844=VECTOR('',#8977,10.);
#2845=VECTOR('',#8978,10.);
#2846=VECTOR('',#8981,10.);
#2847=VECTOR('',#8982,10.);
#2848=VECTOR('',#8985,10.);
#2849=VECTOR('',#8986,10.);
#2850=VECTOR('',#8989,10.);
#2851=VECTOR('',#8990,10.);
#2852=VECTOR('',#8993,10.);
#2853=VECTOR('',#8994,10.);
#2854=VECTOR('',#8997,10.);
#2855=VECTOR('',#8998,10.);
#2856=VECTOR('',#9001,10.);
#2857=VECTOR('',#9002,10.);
#2858=VECTOR('',#9005,10.);
#2859=VECTOR('',#9006,10.);
#2860=VECTOR('',#9009,10.);
#2861=VECTOR('',#9012,10.);
#2862=VECTOR('',#9013,10.);
#2863=VECTOR('',#9014,10.);
#2864=VECTOR('',#9017,10.);
#2865=VECTOR('',#9018,10.);
#2866=VECTOR('',#9021,10.);
#2867=VECTOR('',#9022,10.);
#2868=VECTOR('',#9025,10.);
#2869=VECTOR('',#9026,10.);
#2870=VECTOR('',#9029,10.);
#2871=VECTOR('',#9030,10.);
#2872=VECTOR('',#9033,10.);
#2873=VECTOR('',#9034,10.);
#2874=VECTOR('',#9037,10.);
#2875=VECTOR('',#9038,10.);
#2876=VECTOR('',#9041,10.);
#2877=VECTOR('',#9042,10.);
#2878=VECTOR('',#9045,10.);
#2879=VECTOR('',#9046,10.);
#2880=VECTOR('',#9049,10.);
#2881=VECTOR('',#9050,10.);
#2882=VECTOR('',#9053,10.);
#2883=VECTOR('',#9054,10.);
#2884=VECTOR('',#9057,10.);
#2885=VECTOR('',#9058,10.);
#2886=VECTOR('',#9061,10.);
#2887=VECTOR('',#9062,10.);
#2888=VECTOR('',#9065,10.);
#2889=VECTOR('',#9066,10.);
#2890=VECTOR('',#9069,10.);
#2891=VECTOR('',#9070,10.);
#2892=VECTOR('',#9073,10.);
#2893=VECTOR('',#9074,10.);
#2894=VECTOR('',#9077,10.);
#2895=VECTOR('',#9078,10.);
#2896=VECTOR('',#9081,10.);
#2897=VECTOR('',#9082,10.);
#2898=VECTOR('',#9085,10.);
#2899=VECTOR('',#9086,10.);
#2900=VECTOR('',#9089,10.);
#2901=VECTOR('',#9090,10.);
#2902=VECTOR('',#9093,10.);
#2903=VECTOR('',#9094,10.);
#2904=VECTOR('',#9097,10.);
#2905=VECTOR('',#9098,10.);
#2906=VECTOR('',#9103,0.4);
#2907=VECTOR('',#9106,0.4);
#2908=VECTOR('',#9111,0.4);
#2909=VECTOR('',#9116,0.4);
#2910=VECTOR('',#9119,10.);
#2911=VECTOR('',#9120,10.);
#2912=VECTOR('',#9121,10.);
#2913=VECTOR('',#9126,0.4);
#2914=VECTOR('',#9129,0.4);
#2915=VECTOR('',#9132,10.);
#2916=VECTOR('',#9133,10.);
#2917=VECTOR('',#9134,10.);
#2918=VECTOR('',#9137,10.);
#2919=VECTOR('',#9138,10.);
#2920=VECTOR('',#9143,0.4);
#2921=VECTOR('',#9146,0.4);
#2922=VECTOR('',#9149,10.);
#2923=VECTOR('',#9150,10.);
#2924=VECTOR('',#9151,10.);
#2925=VECTOR('',#9154,10.);
#2926=VECTOR('',#9155,10.);
#2927=VECTOR('',#9160,0.4);
#2928=VECTOR('',#9163,0.4);
#2929=VECTOR('',#9166,10.);
#2930=VECTOR('',#9167,10.);
#2931=VECTOR('',#9168,10.);
#2932=VECTOR('',#9173,0.4);
#2933=VECTOR('',#9176,0.4);
#2934=VECTOR('',#9179,10.);
#2935=VECTOR('',#9180,10.);
#2936=VECTOR('',#9181,10.);
#2937=VECTOR('',#9184,10.);
#2938=VECTOR('',#9185,10.);
#2939=VECTOR('',#9188,10.);
#2940=VECTOR('',#9189,10.);
#2941=VECTOR('',#9194,0.4);
#2942=VECTOR('',#9197,0.4);
#2943=VECTOR('',#9200,10.);
#2944=VECTOR('',#9201,10.);
#2945=VECTOR('',#9202,10.);
#2946=VECTOR('',#9205,10.);
#2947=VECTOR('',#9206,10.);
#2948=VECTOR('',#9209,10.);
#2949=VECTOR('',#9210,10.);
#2950=VECTOR('',#9215,0.4);
#2951=VECTOR('',#9218,0.4);
#2952=VECTOR('',#9223,0.4);
#2953=VECTOR('',#9228,0.4);
#2954=VECTOR('',#9231,10.);
#2955=VECTOR('',#9232,10.);
#2956=VECTOR('',#9233,10.);
#2957=VECTOR('',#9238,0.4);
#2958=VECTOR('',#9241,0.4);
#2959=VECTOR('',#9244,10.);
#2960=VECTOR('',#9245,10.);
#2961=VECTOR('',#9246,10.);
#2962=VECTOR('',#9249,10.);
#2963=VECTOR('',#9250,10.);
#2964=VECTOR('',#9253,10.);
#2965=VECTOR('',#9254,10.);
#2966=VECTOR('',#9259,0.4);
#2967=VECTOR('',#9262,0.4);
#2968=VECTOR('',#9265,10.);
#2969=VECTOR('',#9266,10.);
#2970=VECTOR('',#9267,10.);
#2971=VECTOR('',#9270,10.);
#2972=VECTOR('',#9271,10.);
#2973=VECTOR('',#9274,10.);
#2974=VECTOR('',#9275,10.);
#2975=VECTOR('',#9280,0.4);
#2976=VECTOR('',#9283,0.4);
#2977=VECTOR('',#9286,10.);
#2978=VECTOR('',#9287,10.);
#2979=VECTOR('',#9288,10.);
#2980=VECTOR('',#9293,0.4);
#2981=VECTOR('',#9296,0.4);
#2982=VECTOR('',#9299,10.);
#2983=VECTOR('',#9300,10.);
#2984=VECTOR('',#9301,10.);
#2985=VECTOR('',#9304,10.);
#2986=VECTOR('',#9305,10.);
#2987=VECTOR('',#9308,10.);
#2988=VECTOR('',#9309,10.);
#2989=VECTOR('',#9314,0.4);
#2990=VECTOR('',#9317,0.4);
#2991=VECTOR('',#9320,10.);
#2992=VECTOR('',#9321,10.);
#2993=VECTOR('',#9322,10.);
#2994=VECTOR('',#9325,10.);
#2995=VECTOR('',#9326,10.);
#2996=VECTOR('',#9329,10.);
#2997=VECTOR('',#9330,10.);
#2998=VECTOR('',#9333,10.);
#2999=VECTOR('',#9336,10.);
#3000=VECTOR('',#9339,10.);
#3001=VECTOR('',#9340,10.);
#3002=VECTOR('',#9341,10.);
#3003=VECTOR('',#9344,10.);
#3004=VECTOR('',#9347,10.);
#3005=VECTOR('',#9350,10.);
#3006=VECTOR('',#9353,10.);
#3007=VECTOR('',#9356,10.);
#3008=VECTOR('',#9357,10.);
#3009=VECTOR('',#9358,10.);
#3010=VECTOR('',#9361,10.);
#3011=VECTOR('',#9362,10.);
#3012=VECTOR('',#9363,10.);
#3013=VECTOR('',#9364,10.);
#3014=VECTOR('',#9367,10.);
#3015=VECTOR('',#9370,10.);
#3016=VECTOR('',#9371,10.);
#3017=VECTOR('',#9372,10.);
#3018=VECTOR('',#9373,10.);
#3019=VECTOR('',#9376,10.);
#3020=VECTOR('',#9377,10.);
#3021=VECTOR('',#9378,10.);
#3022=VECTOR('',#9379,10.);
#3023=VECTOR('',#9382,10.);
#3024=VECTOR('',#9383,10.);
#3025=VECTOR('',#9386,10.);
#3026=VECTOR('',#9389,10.);
#3027=VECTOR('',#9390,10.);
#3028=VECTOR('',#9391,10.);
#3029=VECTOR('',#9392,10.);
#3030=VECTOR('',#9395,10.);
#3031=VECTOR('',#9396,10.);
#3032=VECTOR('',#9397,10.);
#3033=VECTOR('',#9400,10.);
#3034=VECTOR('',#9401,10.);
#3035=VECTOR('',#9402,10.);
#3036=VECTOR('',#9405,10.);
#3037=VECTOR('',#9408,10.);
#3038=VECTOR('',#9409,10.);
#3039=VECTOR('',#9412,10.);
#3040=VECTOR('',#9415,10.);
#3041=VECTOR('',#9416,10.);
#3042=VECTOR('',#9417,10.);
#3043=VECTOR('',#9420,10.);
#3044=VECTOR('',#9421,10.);
#3045=VECTOR('',#9422,10.);
#3046=VECTOR('',#9423,10.);
#3047=VECTOR('',#9424,10.);
#3048=VECTOR('',#9427,10.);
#3049=VECTOR('',#9428,10.);
#3050=VECTOR('',#9431,10.);
#3051=VECTOR('',#9432,10.);
#3052=VECTOR('',#9433,10.);
#3053=VECTOR('',#9434,10.);
#3054=VECTOR('',#9437,10.);
#3055=VECTOR('',#9440,10.);
#3056=VECTOR('',#9441,10.);
#3057=VECTOR('',#9444,10.);
#3058=VECTOR('',#9445,10.);
#3059=VECTOR('',#9448,10.);
#3060=VECTOR('',#9451,10.);
#3061=VECTOR('',#9452,10.);
#3062=VECTOR('',#9455,10.);
#3063=VECTOR('',#9456,10.);
#3064=VECTOR('',#9459,10.);
#3065=VECTOR('',#9460,10.);
#3066=VECTOR('',#9461,10.);
#3067=VECTOR('',#9464,10.);
#3068=VECTOR('',#9465,10.);
#3069=VECTOR('',#9468,10.);
#3070=VECTOR('',#9469,10.);
#3071=VECTOR('',#9472,10.);
#3072=VECTOR('',#9475,10.);
#3073=VECTOR('',#9478,10.);
#3074=VECTOR('',#9479,10.);
#3075=VECTOR('',#9480,10.);
#3076=VECTOR('',#9483,10.);
#3077=VECTOR('',#9484,10.);
#3078=VECTOR('',#9487,10.);
#3079=VECTOR('',#9488,10.);
#3080=VECTOR('',#9489,10.);
#3081=VECTOR('',#9492,10.);
#3082=VECTOR('',#9493,10.);
#3083=VECTOR('',#9496,10.);
#3084=VECTOR('',#9497,10.);
#3085=VECTOR('',#9500,10.);
#3086=VECTOR('',#9503,10.);
#3087=VECTOR('',#9506,10.);
#3088=VECTOR('',#9507,10.);
#3089=VECTOR('',#9510,10.);
#3090=VECTOR('',#9513,10.);
#3091=VECTOR('',#9514,10.);
#3092=VECTOR('',#9517,10.);
#3093=VECTOR('',#9518,10.);
#3094=VECTOR('',#9521,10.);
#3095=VECTOR('',#9522,10.);
#3096=VECTOR('',#9525,10.);
#3097=VECTOR('',#9526,10.);
#3098=VECTOR('',#9527,10.);
#3099=VECTOR('',#9530,10.);
#3100=VECTOR('',#9531,10.);
#3101=VECTOR('',#9534,10.);
#3102=VECTOR('',#9535,10.);
#3103=VECTOR('',#9538,10.);
#3104=VECTOR('',#9541,10.);
#3105=VECTOR('',#9542,10.);
#3106=VECTOR('',#9543,10.);
#3107=VECTOR('',#9546,10.);
#3108=VECTOR('',#9547,10.);
#3109=VECTOR('',#9550,10.);
#3110=VECTOR('',#9551,10.);
#3111=VECTOR('',#9554,10.);
#3112=VECTOR('',#9555,10.);
#3113=VECTOR('',#9558,10.);
#3114=VECTOR('',#9559,10.);
#3115=VECTOR('',#9560,10.);
#3116=VECTOR('',#9563,10.);
#3117=VECTOR('',#9564,10.);
#3118=VECTOR('',#9567,10.);
#3119=VECTOR('',#9568,10.);
#3120=VECTOR('',#9571,10.);
#3121=VECTOR('',#9574,10.);
#3122=VECTOR('',#9575,10.);
#3123=VECTOR('',#9578,10.);
#3124=VECTOR('',#9579,10.);
#3125=VECTOR('',#9582,10.);
#3126=VECTOR('',#9583,10.);
#3127=VECTOR('',#9586,10.);
#3128=VECTOR('',#9587,10.);
#3129=VECTOR('',#9590,10.);
#3130=VECTOR('',#9591,10.);
#3131=VECTOR('',#9594,10.);
#3132=VECTOR('',#9595,10.);
#3133=VECTOR('',#9598,10.);
#3134=VECTOR('',#9599,10.);
#3135=VECTOR('',#9602,10.);
#3136=VECTOR('',#9603,10.);
#3137=VECTOR('',#9606,10.);
#3138=VECTOR('',#9607,10.);
#3139=VECTOR('',#9610,10.);
#3140=VECTOR('',#9611,10.);
#3141=VECTOR('',#9614,10.);
#3142=VECTOR('',#9615,10.);
#3143=VECTOR('',#9618,10.);
#3144=VECTOR('',#9619,10.);
#3145=VECTOR('',#9622,10.);
#3146=VECTOR('',#9623,10.);
#3147=VECTOR('',#9626,10.);
#3148=VECTOR('',#9627,10.);
#3149=VECTOR('',#9630,10.);
#3150=VECTOR('',#9631,10.);
#3151=VECTOR('',#9634,10.);
#3152=VECTOR('',#9635,10.);
#3153=VECTOR('',#9638,10.);
#3154=VECTOR('',#9639,10.);
#3155=VECTOR('',#9642,10.);
#3156=VECTOR('',#9643,10.);
#3157=VECTOR('',#9646,10.);
#3158=VECTOR('',#9647,10.);
#3159=VECTOR('',#9650,10.);
#3160=VECTOR('',#9651,10.);
#3161=VECTOR('',#9654,10.);
#3162=VECTOR('',#9655,10.);
#3163=VECTOR('',#9658,10.);
#3164=CIRCLE('',#7366,3.50000002739039);
#3165=CIRCLE('',#7367,3.);
#3166=CIRCLE('',#7369,3.);
#3167=CIRCLE('',#7372,3.50000002739041);
#3168=CIRCLE('',#7373,3.00000000000001);
#3169=CIRCLE('',#7375,3.00000000000001);
#3170=CIRCLE('',#7378,3.50000002739041);
#3171=CIRCLE('',#7379,3.00000000000001);
#3172=CIRCLE('',#7381,3.00000000000001);
#3173=CIRCLE('',#7384,3.50000002739039);
#3174=CIRCLE('',#7385,3.);
#3175=CIRCLE('',#7387,3.);
#3176=CIRCLE('',#7414,5.);
#3177=CIRCLE('',#7415,5.);
#3178=CIRCLE('',#7418,5.);
#3179=CIRCLE('',#7419,5.);
#3180=CIRCLE('',#7422,5.);
#3181=CIRCLE('',#7423,5.);
#3182=CIRCLE('',#7426,5.);
#3183=CIRCLE('',#7427,5.);
#3184=CIRCLE('',#7430,5.00000000000001);
#3185=CIRCLE('',#7431,5.);
#3186=CIRCLE('',#7434,5.00000000000001);
#3187=CIRCLE('',#7435,5.);
#3188=CIRCLE('',#7438,5.00000000000001);
#3189=CIRCLE('',#7439,5.00000000000001);
#3190=CIRCLE('',#7441,5.00000000000001);
#3191=CIRCLE('',#7442,5.00000000000001);
#3192=CIRCLE('',#7521,1.25);
#3193=CIRCLE('',#7522,1.25);
#3194=CIRCLE('',#7524,1.25);
#3195=CIRCLE('',#7525,1.25);
#3196=CIRCLE('',#7653,0.400000000000002);
#3197=CIRCLE('',#7654,0.4);
#3198=CIRCLE('',#7661,0.399999999999987);
#3199=CIRCLE('',#7662,0.399999999999987);
#3200=CIRCLE('',#7666,0.399999999999987);
#3201=CIRCLE('',#7667,0.399999999999987);
#3202=CIRCLE('',#7675,0.399999999999987);
#3203=CIRCLE('',#7676,0.399999999999987);
#3204=CIRCLE('',#7681,0.399999999999984);
#3205=CIRCLE('',#7682,0.399999999999984);
#3206=CIRCLE('',#7687,0.4);
#3207=CIRCLE('',#7688,0.399999999999989);
#3208=CIRCLE('',#7695,0.4);
#3209=CIRCLE('',#7696,0.4);
#3210=CIRCLE('',#7701,0.399999999999995);
#3211=CIRCLE('',#7702,0.399999999999995);
#3212=CIRCLE('',#7711,0.400000000000003);
#3213=CIRCLE('',#7712,0.400000000000003);
#3214=CIRCLE('',#7717,0.4);
#3215=CIRCLE('',#7718,0.4);
#3216=VERTEX_POINT('',#9663);
#3217=VERTEX_POINT('',#9665);
#3218=VERTEX_POINT('',#9669);
#3219=VERTEX_POINT('',#9673);
#3220=VERTEX_POINT('',#9674);
#3221=VERTEX_POINT('',#9676);
#3222=VERTEX_POINT('',#9678);
#3223=VERTEX_POINT('',#9680);
#3224=VERTEX_POINT('',#9682);
#3225=VERTEX_POINT('',#9684);
#3226=VERTEX_POINT('',#9686);
#3227=VERTEX_POINT('',#9690);
#3228=VERTEX_POINT('',#9692);
#3229=VERTEX_POINT('',#9696);
#3230=VERTEX_POINT('',#9700);
#3231=VERTEX_POINT('',#9701);
#3232=VERTEX_POINT('',#9703);
#3233=VERTEX_POINT('',#9705);
#3234=VERTEX_POINT('',#9707);
#3235=VERTEX_POINT('',#9709);
#3236=VERTEX_POINT('',#9711);
#3237=VERTEX_POINT('',#9713);
#3238=VERTEX_POINT('',#9715);
#3239=VERTEX_POINT('',#9717);
#3240=VERTEX_POINT('',#9719);
#3241=VERTEX_POINT('',#9721);
#3242=VERTEX_POINT('',#9725);
#3243=VERTEX_POINT('',#9727);
#3244=VERTEX_POINT('',#9731);
#3245=VERTEX_POINT('',#9735);
#3246=VERTEX_POINT('',#9736);
#3247=VERTEX_POINT('',#9738);
#3248=VERTEX_POINT('',#9740);
#3249=VERTEX_POINT('',#9742);
#3250=VERTEX_POINT('',#9744);
#3251=VERTEX_POINT('',#9746);
#3252=VERTEX_POINT('',#9748);
#3253=VERTEX_POINT('',#9750);
#3254=VERTEX_POINT('',#9752);
#3255=VERTEX_POINT('',#9754);
#3256=VERTEX_POINT('',#9756);
#3257=VERTEX_POINT('',#9760);
#3258=VERTEX_POINT('',#9762);
#3259=VERTEX_POINT('',#9766);
#3260=VERTEX_POINT('',#9770);
#3261=VERTEX_POINT('',#9771);
#3262=VERTEX_POINT('',#9773);
#3263=VERTEX_POINT('',#9775);
#3264=VERTEX_POINT('',#9777);
#3265=VERTEX_POINT('',#9779);
#3266=VERTEX_POINT('',#9781);
#3267=VERTEX_POINT('',#9783);
#3268=VERTEX_POINT('',#9787);
#3269=VERTEX_POINT('',#9788);
#3270=VERTEX_POINT('',#9790);
#3271=VERTEX_POINT('',#9792);
#3272=VERTEX_POINT('',#9796);
#3273=VERTEX_POINT('',#9798);
#3274=VERTEX_POINT('',#9802);
#3275=VERTEX_POINT('',#9803);
#3276=VERTEX_POINT('',#9805);
#3277=VERTEX_POINT('',#9807);
#3278=VERTEX_POINT('',#9811);
#3279=VERTEX_POINT('',#9813);
#3280=VERTEX_POINT('',#9817);
#3281=VERTEX_POINT('',#9818);
#3282=VERTEX_POINT('',#9820);
#3283=VERTEX_POINT('',#9822);
#3284=VERTEX_POINT('',#9826);
#3285=VERTEX_POINT('',#9828);
#3286=VERTEX_POINT('',#9832);
#3287=VERTEX_POINT('',#9833);
#3288=VERTEX_POINT('',#9835);
#3289=VERTEX_POINT('',#9837);
#3290=VERTEX_POINT('',#9841);
#3291=VERTEX_POINT('',#9843);
#3292=VERTEX_POINT('',#9847);
#3293=VERTEX_POINT('',#9848);
#3294=VERTEX_POINT('',#9853);
#3295=VERTEX_POINT('',#9855);
#3296=VERTEX_POINT('',#9859);
#3297=VERTEX_POINT('',#9861);
#3298=VERTEX_POINT('',#9865);
#3299=VERTEX_POINT('',#9867);
#3300=VERTEX_POINT('',#9871);
#3301=VERTEX_POINT('',#9872);
#3302=VERTEX_POINT('',#9877);
#3303=VERTEX_POINT('',#9879);
#3304=VERTEX_POINT('',#9883);
#3305=VERTEX_POINT('',#9885);
#3306=VERTEX_POINT('',#9889);
#3307=VERTEX_POINT('',#9891);
#3308=VERTEX_POINT('',#9895);
#3309=VERTEX_POINT('',#9897);
#3310=VERTEX_POINT('',#9899);
#3311=VERTEX_POINT('',#9903);
#3312=VERTEX_POINT('',#9905);
#3313=VERTEX_POINT('',#9909);
#3314=VERTEX_POINT('',#9910);
#3315=VERTEX_POINT('',#9913);
#3316=VERTEX_POINT('',#9917);
#3317=VERTEX_POINT('',#9919);
#3318=VERTEX_POINT('',#9923);
#3319=VERTEX_POINT('',#9924);
#3320=VERTEX_POINT('',#9927);
#3321=VERTEX_POINT('',#9931);
#3322=VERTEX_POINT('',#9933);
#3323=VERTEX_POINT('',#9937);
#3324=VERTEX_POINT('',#9939);
#3325=VERTEX_POINT('',#9941);
#3326=VERTEX_POINT('',#9945);
#3327=VERTEX_POINT('',#9947);
#3328=VERTEX_POINT('',#9951);
#3329=VERTEX_POINT('',#9952);
#3330=VERTEX_POINT('',#9954);
#3331=VERTEX_POINT('',#9956);
#3332=VERTEX_POINT('',#9960);
#3333=VERTEX_POINT('',#9962);
#3334=VERTEX_POINT('',#9966);
#3335=VERTEX_POINT('',#9967);
#3336=VERTEX_POINT('',#9969);
#3337=VERTEX_POINT('',#9971);
#3338=VERTEX_POINT('',#9975);
#3339=VERTEX_POINT('',#9977);
#3340=VERTEX_POINT('',#9981);
#3341=VERTEX_POINT('',#9982);
#3342=VERTEX_POINT('',#9984);
#3343=VERTEX_POINT('',#9986);
#3344=VERTEX_POINT('',#9990);
#3345=VERTEX_POINT('',#9992);
#3346=VERTEX_POINT('',#9996);
#3347=VERTEX_POINT('',#9997);
#3348=VERTEX_POINT('',#9999);
#3349=VERTEX_POINT('',#10001);
#3350=VERTEX_POINT('',#10005);
#3351=VERTEX_POINT('',#10007);
#3352=VERTEX_POINT('',#10011);
#3353=VERTEX_POINT('',#10012);
#3354=VERTEX_POINT('',#10014);
#3355=VERTEX_POINT('',#10016);
#3356=VERTEX_POINT('',#10023);
#3357=VERTEX_POINT('',#10025);
#3358=VERTEX_POINT('',#10029);
#3359=VERTEX_POINT('',#10031);
#3360=VERTEX_POINT('',#10035);
#3361=VERTEX_POINT('',#10036);
#3362=VERTEX_POINT('',#10038);
#3363=VERTEX_POINT('',#10040);
#3364=VERTEX_POINT('',#10044);
#3365=VERTEX_POINT('',#10046);
#3366=VERTEX_POINT('',#10050);
#3367=VERTEX_POINT('',#10051);
#3368=VERTEX_POINT('',#10053);
#3369=VERTEX_POINT('',#10055);
#3370=VERTEX_POINT('',#10059);
#3371=VERTEX_POINT('',#10060);
#3372=VERTEX_POINT('',#10062);
#3373=VERTEX_POINT('',#10064);
#3374=VERTEX_POINT('',#10068);
#3375=VERTEX_POINT('',#10070);
#3376=VERTEX_POINT('',#10077);
#3377=VERTEX_POINT('',#10079);
#3378=VERTEX_POINT('',#10086);
#3379=VERTEX_POINT('',#10088);
#3380=VERTEX_POINT('',#10092);
#3381=VERTEX_POINT('',#10096);
#3382=VERTEX_POINT('',#10100);
#3383=VERTEX_POINT('',#10101);
#3384=VERTEX_POINT('',#10103);
#3385=VERTEX_POINT('',#10105);
#3386=VERTEX_POINT('',#10109);
#3387=VERTEX_POINT('',#10111);
#3388=VERTEX_POINT('',#10115);
#3389=VERTEX_POINT('',#10117);
#3390=VERTEX_POINT('',#10121);
#3391=VERTEX_POINT('',#10122);
#3392=VERTEX_POINT('',#10124);
#3393=VERTEX_POINT('',#10126);
#3394=VERTEX_POINT('',#10136);
#3395=VERTEX_POINT('',#10138);
#3396=VERTEX_POINT('',#10142);
#3397=VERTEX_POINT('',#10146);
#3398=VERTEX_POINT('',#10150);
#3399=VERTEX_POINT('',#10151);
#3400=VERTEX_POINT('',#10154);
#3401=VERTEX_POINT('',#10156);
#3402=VERTEX_POINT('',#10159);
#3403=VERTEX_POINT('',#10161);
#3404=VERTEX_POINT('',#10163);
#3405=VERTEX_POINT('',#10165);
#3406=VERTEX_POINT('',#10169);
#3407=VERTEX_POINT('',#10170);
#3408=VERTEX_POINT('',#10172);
#3409=VERTEX_POINT('',#10174);
#3410=VERTEX_POINT('',#10178);
#3411=VERTEX_POINT('',#10180);
#3412=VERTEX_POINT('',#10184);
#3413=VERTEX_POINT('',#10186);
#3414=VERTEX_POINT('',#10190);
#3415=VERTEX_POINT('',#10191);
#3416=VERTEX_POINT('',#10193);
#3417=VERTEX_POINT('',#10195);
#3418=VERTEX_POINT('',#10205);
#3419=VERTEX_POINT('',#10207);
#3420=VERTEX_POINT('',#10211);
#3421=VERTEX_POINT('',#10215);
#3422=VERTEX_POINT('',#10219);
#3423=VERTEX_POINT('',#10220);
#3424=VERTEX_POINT('',#10222);
#3425=VERTEX_POINT('',#10224);
#3426=VERTEX_POINT('',#10228);
#3427=VERTEX_POINT('',#10230);
#3428=VERTEX_POINT('',#10234);
#3429=VERTEX_POINT('',#10236);
#3430=VERTEX_POINT('',#10240);
#3431=VERTEX_POINT('',#10242);
#3432=VERTEX_POINT('',#10246);
#3433=VERTEX_POINT('',#10248);
#3434=VERTEX_POINT('',#10255);
#3435=VERTEX_POINT('',#10257);
#3436=VERTEX_POINT('',#10261);
#3437=VERTEX_POINT('',#10265);
#3438=VERTEX_POINT('',#10269);
#3439=VERTEX_POINT('',#10271);
#3440=VERTEX_POINT('',#10273);
#3441=VERTEX_POINT('',#10275);
#3442=VERTEX_POINT('',#10277);
#3443=VERTEX_POINT('',#10279);
#3444=VERTEX_POINT('',#10281);
#3445=VERTEX_POINT('',#10284);
#3446=VERTEX_POINT('',#10288);
#3447=VERTEX_POINT('',#10289);
#3448=VERTEX_POINT('',#10291);
#3449=VERTEX_POINT('',#10293);
#3450=VERTEX_POINT('',#10297);
#3451=VERTEX_POINT('',#10299);
#3452=VERTEX_POINT('',#10303);
#3453=VERTEX_POINT('',#10305);
#3454=VERTEX_POINT('',#10309);
#3455=VERTEX_POINT('',#10311);
#3456=VERTEX_POINT('',#10315);
#3457=VERTEX_POINT('',#10317);
#3458=VERTEX_POINT('',#10324);
#3459=VERTEX_POINT('',#10326);
#3460=VERTEX_POINT('',#10330);
#3461=VERTEX_POINT('',#10334);
#3462=VERTEX_POINT('',#10338);
#3463=VERTEX_POINT('',#10339);
#3464=VERTEX_POINT('',#10342);
#3465=VERTEX_POINT('',#10344);
#3466=VERTEX_POINT('',#10348);
#3467=VERTEX_POINT('',#10350);
#3468=VERTEX_POINT('',#10352);
#3469=VERTEX_POINT('',#10354);
#3470=VERTEX_POINT('',#10358);
#3471=VERTEX_POINT('',#10359);
#3472=VERTEX_POINT('',#10361);
#3473=VERTEX_POINT('',#10363);
#3474=VERTEX_POINT('',#10365);
#3475=VERTEX_POINT('',#10373);
#3476=VERTEX_POINT('',#10375);
#3477=VERTEX_POINT('',#10379);
#3478=VERTEX_POINT('',#10383);
#3479=VERTEX_POINT('',#10384);
#3480=VERTEX_POINT('',#10386);
#3481=VERTEX_POINT('',#10388);
#3482=VERTEX_POINT('',#10390);
#3483=VERTEX_POINT('',#10392);
#3484=VERTEX_POINT('',#10394);
#3485=VERTEX_POINT('',#10397);
#3486=VERTEX_POINT('',#10399);
#3487=VERTEX_POINT('',#10402);
#3488=VERTEX_POINT('',#10406);
#3489=VERTEX_POINT('',#10410);
#3490=VERTEX_POINT('',#10416);
#3491=VERTEX_POINT('',#10418);
#3492=VERTEX_POINT('',#10426);
#3493=VERTEX_POINT('',#10427);
#3494=VERTEX_POINT('',#10429);
#3495=VERTEX_POINT('',#10431);
#3496=VERTEX_POINT('',#10435);
#3497=VERTEX_POINT('',#10441);
#3498=VERTEX_POINT('',#10447);
#3499=VERTEX_POINT('',#10448);
#3500=VERTEX_POINT('',#10450);
#3501=VERTEX_POINT('',#10452);
#3502=VERTEX_POINT('',#10454);
#3503=VERTEX_POINT('',#10456);
#3504=VERTEX_POINT('',#10458);
#3505=VERTEX_POINT('',#10461);
#3506=VERTEX_POINT('',#10463);
#3507=VERTEX_POINT('',#10466);
#3508=VERTEX_POINT('',#10470);
#3509=VERTEX_POINT('',#10474);
#3510=VERTEX_POINT('',#10480);
#3511=VERTEX_POINT('',#10482);
#3512=VERTEX_POINT('',#10488);
#3513=VERTEX_POINT('',#10489);
#3514=VERTEX_POINT('',#10491);
#3515=VERTEX_POINT('',#10493);
#3516=VERTEX_POINT('',#10497);
#3517=VERTEX_POINT('',#10499);
#3518=VERTEX_POINT('',#10503);
#3519=VERTEX_POINT('',#10505);
#3520=VERTEX_POINT('',#10509);
#3521=VERTEX_POINT('',#10511);
#3522=VERTEX_POINT('',#10515);
#3523=VERTEX_POINT('',#10517);
#3524=VERTEX_POINT('',#10521);
#3525=VERTEX_POINT('',#10523);
#3526=VERTEX_POINT('',#10527);
#3527=VERTEX_POINT('',#10529);
#3528=VERTEX_POINT('',#10536);
#3529=VERTEX_POINT('',#10538);
#3530=VERTEX_POINT('',#10542);
#3531=VERTEX_POINT('',#10544);
#3532=VERTEX_POINT('',#10548);
#3533=VERTEX_POINT('',#10549);
#3534=VERTEX_POINT('',#10551);
#3535=VERTEX_POINT('',#10553);
#3536=VERTEX_POINT('',#10557);
#3537=VERTEX_POINT('',#10559);
#3538=VERTEX_POINT('',#10563);
#3539=VERTEX_POINT('',#10565);
#3540=VERTEX_POINT('',#10569);
#3541=VERTEX_POINT('',#10571);
#3542=VERTEX_POINT('',#10575);
#3543=VERTEX_POINT('',#10577);
#3544=VERTEX_POINT('',#10581);
#3545=VERTEX_POINT('',#10583);
#3546=VERTEX_POINT('',#10587);
#3547=VERTEX_POINT('',#10589);
#3548=VERTEX_POINT('',#10596);
#3549=VERTEX_POINT('',#10600);
#3550=VERTEX_POINT('',#10606);
#3551=VERTEX_POINT('',#10608);
#3552=VERTEX_POINT('',#10615);
#3553=VERTEX_POINT('',#10617);
#3554=VERTEX_POINT('',#10621);
#3555=VERTEX_POINT('',#10623);
#3556=VERTEX_POINT('',#10627);
#3557=VERTEX_POINT('',#10629);
#3558=VERTEX_POINT('',#10634);
#3559=VERTEX_POINT('',#10638);
#3560=VERTEX_POINT('',#10640);
#3561=VERTEX_POINT('',#10642);
#3562=VERTEX_POINT('',#10646);
#3563=VERTEX_POINT('',#10648);
#3564=VERTEX_POINT('',#10655);
#3565=VERTEX_POINT('',#10657);
#3566=VERTEX_POINT('',#10661);
#3567=VERTEX_POINT('',#10663);
#3568=VERTEX_POINT('',#10667);
#3569=VERTEX_POINT('',#10669);
#3570=VERTEX_POINT('',#10676);
#3571=VERTEX_POINT('',#10678);
#3572=VERTEX_POINT('',#10680);
#3573=VERTEX_POINT('',#10684);
#3574=VERTEX_POINT('',#10686);
#3575=VERTEX_POINT('',#10693);
#3576=VERTEX_POINT('',#10695);
#3577=VERTEX_POINT('',#10699);
#3578=VERTEX_POINT('',#10701);
#3579=VERTEX_POINT('',#10708);
#3580=VERTEX_POINT('',#10709);
#3581=VERTEX_POINT('',#10711);
#3582=VERTEX_POINT('',#10713);
#3583=VERTEX_POINT('',#10715);
#3584=VERTEX_POINT('',#10718);
#3585=VERTEX_POINT('',#10722);
#3586=VERTEX_POINT('',#10723);
#3587=VERTEX_POINT('',#10725);
#3588=VERTEX_POINT('',#10727);
#3589=VERTEX_POINT('',#10729);
#3590=VERTEX_POINT('',#10733);
#3591=VERTEX_POINT('',#10735);
#3592=VERTEX_POINT('',#10739);
#3593=VERTEX_POINT('',#10741);
#3594=VERTEX_POINT('',#10743);
#3595=VERTEX_POINT('',#10745);
#3596=VERTEX_POINT('',#10747);
#3597=VERTEX_POINT('',#10750);
#3598=VERTEX_POINT('',#10752);
#3599=VERTEX_POINT('',#10758);
#3600=VERTEX_POINT('',#10759);
#3601=VERTEX_POINT('',#10761);
#3602=VERTEX_POINT('',#10763);
#3603=VERTEX_POINT('',#10767);
#3604=VERTEX_POINT('',#10773);
#3605=VERTEX_POINT('',#10775);
#3606=VERTEX_POINT('',#10779);
#3607=VERTEX_POINT('',#10780);
#3608=VERTEX_POINT('',#10782);
#3609=VERTEX_POINT('',#10784);
#3610=VERTEX_POINT('',#10786);
#3611=VERTEX_POINT('',#10790);
#3612=VERTEX_POINT('',#10796);
#3613=VERTEX_POINT('',#10806);
#3614=VERTEX_POINT('',#10808);
#3615=VERTEX_POINT('',#10810);
#3616=VERTEX_POINT('',#10812);
#3617=VERTEX_POINT('',#10816);
#3618=VERTEX_POINT('',#10818);
#3619=VERTEX_POINT('',#10820);
#3620=VERTEX_POINT('',#10822);
#3621=VERTEX_POINT('',#10826);
#3622=VERTEX_POINT('',#10828);
#3623=VERTEX_POINT('',#10831);
#3624=VERTEX_POINT('',#10833);
#3625=VERTEX_POINT('',#10837);
#3626=VERTEX_POINT('',#10839);
#3627=VERTEX_POINT('',#10842);
#3628=VERTEX_POINT('',#10844);
#3629=VERTEX_POINT('',#10848);
#3630=VERTEX_POINT('',#10850);
#3631=VERTEX_POINT('',#10852);
#3632=VERTEX_POINT('',#10854);
#3633=VERTEX_POINT('',#10858);
#3634=VERTEX_POINT('',#10860);
#3635=VERTEX_POINT('',#10862);
#3636=VERTEX_POINT('',#10864);
#3637=VERTEX_POINT('',#10873);
#3638=VERTEX_POINT('',#10877);
#3639=VERTEX_POINT('',#10893);
#3640=VERTEX_POINT('',#10895);
#3641=VERTEX_POINT('',#10899);
#3642=VERTEX_POINT('',#10903);
#3643=VERTEX_POINT('',#10907);
#3644=VERTEX_POINT('',#10911);
#3645=VERTEX_POINT('',#10915);
#3646=VERTEX_POINT('',#10919);
#3647=VERTEX_POINT('',#10923);
#3648=VERTEX_POINT('',#10927);
#3649=VERTEX_POINT('',#10931);
#3650=VERTEX_POINT('',#10935);
#3651=VERTEX_POINT('',#10939);
#3652=VERTEX_POINT('',#10943);
#3653=VERTEX_POINT('',#10947);
#3654=VERTEX_POINT('',#10951);
#3655=VERTEX_POINT('',#10955);
#3656=VERTEX_POINT('',#10959);
#3657=VERTEX_POINT('',#10963);
#3658=VERTEX_POINT('',#10967);
#3659=VERTEX_POINT('',#10971);
#3660=VERTEX_POINT('',#10975);
#3661=VERTEX_POINT('',#10979);
#3662=VERTEX_POINT('',#10983);
#3663=VERTEX_POINT('',#10987);
#3664=VERTEX_POINT('',#10991);
#3665=VERTEX_POINT('',#10995);
#3666=VERTEX_POINT('',#10999);
#3667=VERTEX_POINT('',#11003);
#3668=VERTEX_POINT('',#11007);
#3669=VERTEX_POINT('',#11011);
#3670=VERTEX_POINT('',#11015);
#3671=VERTEX_POINT('',#11019);
#3672=VERTEX_POINT('',#11023);
#3673=VERTEX_POINT('',#11027);
#3674=VERTEX_POINT('',#11031);
#3675=VERTEX_POINT('',#11035);
#3676=VERTEX_POINT('',#11039);
#3677=VERTEX_POINT('',#11043);
#3678=VERTEX_POINT('',#11047);
#3679=VERTEX_POINT('',#11051);
#3680=VERTEX_POINT('',#11055);
#3681=VERTEX_POINT('',#11059);
#3682=VERTEX_POINT('',#11063);
#3683=VERTEX_POINT('',#11069);
#3684=VERTEX_POINT('',#11071);
#3685=VERTEX_POINT('',#11075);
#3686=VERTEX_POINT('',#11079);
#3687=VERTEX_POINT('',#11083);
#3688=VERTEX_POINT('',#11087);
#3689=VERTEX_POINT('',#11091);
#3690=VERTEX_POINT('',#11095);
#3691=VERTEX_POINT('',#11099);
#3692=VERTEX_POINT('',#11103);
#3693=VERTEX_POINT('',#11107);
#3694=VERTEX_POINT('',#11111);
#3695=VERTEX_POINT('',#11115);
#3696=VERTEX_POINT('',#11119);
#3697=VERTEX_POINT('',#11123);
#3698=VERTEX_POINT('',#11127);
#3699=VERTEX_POINT('',#11131);
#3700=VERTEX_POINT('',#11135);
#3701=VERTEX_POINT('',#11139);
#3702=VERTEX_POINT('',#11143);
#3703=VERTEX_POINT('',#11147);
#3704=VERTEX_POINT('',#11151);
#3705=VERTEX_POINT('',#11155);
#3706=VERTEX_POINT('',#11159);
#3707=VERTEX_POINT('',#11160);
#3708=VERTEX_POINT('',#11162);
#3709=VERTEX_POINT('',#11164);
#3710=VERTEX_POINT('',#11168);
#3711=VERTEX_POINT('',#11172);
#3712=VERTEX_POINT('',#11176);
#3713=VERTEX_POINT('',#11178);
#3714=VERTEX_POINT('',#11182);
#3715=VERTEX_POINT('',#11183);
#3716=VERTEX_POINT('',#11185);
#3717=VERTEX_POINT('',#11187);
#3718=VERTEX_POINT('',#11191);
#3719=VERTEX_POINT('',#11193);
#3720=VERTEX_POINT('',#11197);
#3721=VERTEX_POINT('',#11201);
#3722=VERTEX_POINT('',#11202);
#3723=VERTEX_POINT('',#11204);
#3724=VERTEX_POINT('',#11206);
#3725=VERTEX_POINT('',#11210);
#3726=VERTEX_POINT('',#11212);
#3727=VERTEX_POINT('',#11216);
#3728=VERTEX_POINT('',#11220);
#3729=VERTEX_POINT('',#11221);
#3730=VERTEX_POINT('',#11223);
#3731=VERTEX_POINT('',#11225);
#3732=VERTEX_POINT('',#11229);
#3733=VERTEX_POINT('',#11231);
#3734=VERTEX_POINT('',#11235);
#3735=VERTEX_POINT('',#11236);
#3736=VERTEX_POINT('',#11238);
#3737=VERTEX_POINT('',#11240);
#3738=VERTEX_POINT('',#11244);
#3739=VERTEX_POINT('',#11246);
#3740=VERTEX_POINT('',#11250);
#3741=VERTEX_POINT('',#11254);
#3742=VERTEX_POINT('',#11258);
#3743=VERTEX_POINT('',#11259);
#3744=VERTEX_POINT('',#11261);
#3745=VERTEX_POINT('',#11263);
#3746=VERTEX_POINT('',#11267);
#3747=VERTEX_POINT('',#11269);
#3748=VERTEX_POINT('',#11273);
#3749=VERTEX_POINT('',#11277);
#3750=VERTEX_POINT('',#11281);
#3751=VERTEX_POINT('',#11282);
#3752=VERTEX_POINT('',#11284);
#3753=VERTEX_POINT('',#11286);
#3754=VERTEX_POINT('',#11290);
#3755=VERTEX_POINT('',#11294);
#3756=VERTEX_POINT('',#11298);
#3757=VERTEX_POINT('',#11300);
#3758=VERTEX_POINT('',#11304);
#3759=VERTEX_POINT('',#11305);
#3760=VERTEX_POINT('',#11307);
#3761=VERTEX_POINT('',#11309);
#3762=VERTEX_POINT('',#11313);
#3763=VERTEX_POINT('',#11315);
#3764=VERTEX_POINT('',#11319);
#3765=VERTEX_POINT('',#11323);
#3766=VERTEX_POINT('',#11327);
#3767=VERTEX_POINT('',#11328);
#3768=VERTEX_POINT('',#11330);
#3769=VERTEX_POINT('',#11332);
#3770=VERTEX_POINT('',#11336);
#3771=VERTEX_POINT('',#11338);
#3772=VERTEX_POINT('',#11342);
#3773=VERTEX_POINT('',#11346);
#3774=VERTEX_POINT('',#11350);
#3775=VERTEX_POINT('',#11351);
#3776=VERTEX_POINT('',#11353);
#3777=VERTEX_POINT('',#11355);
#3778=VERTEX_POINT('',#11359);
#3779=VERTEX_POINT('',#11361);
#3780=VERTEX_POINT('',#11365);
#3781=VERTEX_POINT('',#11366);
#3782=VERTEX_POINT('',#11368);
#3783=VERTEX_POINT('',#11370);
#3784=VERTEX_POINT('',#11374);
#3785=VERTEX_POINT('',#11376);
#3786=VERTEX_POINT('',#11380);
#3787=VERTEX_POINT('',#11384);
#3788=VERTEX_POINT('',#11388);
#3789=VERTEX_POINT('',#11389);
#3790=VERTEX_POINT('',#11391);
#3791=VERTEX_POINT('',#11393);
#3792=VERTEX_POINT('',#11397);
#3793=VERTEX_POINT('',#11399);
#3794=VERTEX_POINT('',#11403);
#3795=VERTEX_POINT('',#11407);
#3796=VERTEX_POINT('',#11415);
#3797=VERTEX_POINT('',#11417);
#3798=VERTEX_POINT('',#11429);
#3799=VERTEX_POINT('',#11431);
#3800=VERTEX_POINT('',#11435);
#3801=VERTEX_POINT('',#11438);
#3802=VERTEX_POINT('',#11444);
#3803=VERTEX_POINT('',#11447);
#3804=VERTEX_POINT('',#11451);
#3805=VERTEX_POINT('',#11454);
#3806=VERTEX_POINT('',#11458);
#3807=VERTEX_POINT('',#11464);
#3808=VERTEX_POINT('',#11467);
#3809=VERTEX_POINT('',#11471);
#3810=VERTEX_POINT('',#11473);
#3811=VERTEX_POINT('',#11477);
#3812=VERTEX_POINT('',#11484);
#3813=VERTEX_POINT('',#11490);
#3814=VERTEX_POINT('',#11492);
#3815=VERTEX_POINT('',#11496);
#3816=VERTEX_POINT('',#11498);
#3817=VERTEX_POINT('',#11501);
#3818=VERTEX_POINT('',#11505);
#3819=VERTEX_POINT('',#11509);
#3820=VERTEX_POINT('',#11512);
#3821=VERTEX_POINT('',#11518);
#3822=VERTEX_POINT('',#11527);
#3823=VERTEX_POINT('',#11531);
#3824=VERTEX_POINT('',#11535);
#3825=VERTEX_POINT('',#11540);
#3826=VERTEX_POINT('',#11544);
#3827=VERTEX_POINT('',#11552);
#3828=VERTEX_POINT('',#11553);
#3829=VERTEX_POINT('',#11558);
#3830=VERTEX_POINT('',#11562);
#3831=VERTEX_POINT('',#11567);
#3832=VERTEX_POINT('',#11571);
#3833=VERTEX_POINT('',#11579);
#3834=VERTEX_POINT('',#11585);
#3835=VERTEX_POINT('',#11589);
#3836=VERTEX_POINT('',#11593);
#3837=VERTEX_POINT('',#11597);
#3838=VERTEX_POINT('',#11602);
#3839=VERTEX_POINT('',#11606);
#3840=VERTEX_POINT('',#11612);
#3841=VERTEX_POINT('',#11613);
#3842=VERTEX_POINT('',#11618);
#3843=VERTEX_POINT('',#11622);
#3844=VERTEX_POINT('',#11626);
#3845=VERTEX_POINT('',#11630);
#3846=VERTEX_POINT('',#11635);
#3847=VERTEX_POINT('',#11639);
#3848=VERTEX_POINT('',#11645);
#3849=VERTEX_POINT('',#11649);
#3850=VERTEX_POINT('',#11653);
#3851=VERTEX_POINT('',#11657);
#3852=VERTEX_POINT('',#11661);
#3853=VERTEX_POINT('',#11665);
#3854=VERTEX_POINT('',#11669);
#3855=VERTEX_POINT('',#11673);
#3856=VERTEX_POINT('',#11677);
#3857=VERTEX_POINT('',#11681);
#3858=VERTEX_POINT('',#11685);
#3859=VERTEX_POINT('',#11689);
#3860=VERTEX_POINT('',#11693);
#3861=VERTEX_POINT('',#11697);
#3862=VERTEX_POINT('',#11701);
#3863=VERTEX_POINT('',#11705);
#3864=VERTEX_POINT('',#11709);
#3865=VERTEX_POINT('',#11713);
#3866=VERTEX_POINT('',#11717);
#3867=VERTEX_POINT('',#11721);
#3868=VERTEX_POINT('',#11725);
#3869=EDGE_CURVE('',#3216,#3216,#3164,.T.);
#3870=EDGE_CURVE('',#3216,#3217,#1210,.T.);
#3871=EDGE_CURVE('',#3217,#3217,#3165,.T.);
#3872=EDGE_CURVE('',#3217,#3218,#1211,.T.);
#3873=EDGE_CURVE('',#3218,#3218,#3166,.T.);
#3874=EDGE_CURVE('',#3219,#3220,#1212,.T.);
#3875=EDGE_CURVE('',#3220,#3221,#1213,.T.);
#3876=EDGE_CURVE('',#3221,#3222,#1214,.T.);
#3877=EDGE_CURVE('',#3223,#3222,#1215,.T.);
#3878=EDGE_CURVE('',#3224,#3223,#1216,.T.);
#3879=EDGE_CURVE('',#3225,#3224,#1217,.T.);
#3880=EDGE_CURVE('',#3226,#3225,#1218,.T.);
#3881=EDGE_CURVE('',#3219,#3226,#1219,.T.);
#3882=EDGE_CURVE('',#3227,#3227,#3167,.T.);
#3883=EDGE_CURVE('',#3227,#3228,#1220,.T.);
#3884=EDGE_CURVE('',#3228,#3228,#3168,.T.);
#3885=EDGE_CURVE('',#3228,#3229,#1221,.T.);
#3886=EDGE_CURVE('',#3229,#3229,#3169,.T.);
#3887=EDGE_CURVE('',#3230,#3231,#1222,.T.);
#3888=EDGE_CURVE('',#3231,#3232,#1223,.T.);
#3889=EDGE_CURVE('',#3232,#3233,#1224,.F.);
#3890=EDGE_CURVE('',#3233,#3234,#1225,.T.);
#3891=EDGE_CURVE('',#3235,#3234,#1226,.T.);
#3892=EDGE_CURVE('',#3235,#3236,#1227,.T.);
#3893=EDGE_CURVE('',#3236,#3237,#1228,.T.);
#3894=EDGE_CURVE('',#3238,#3237,#1229,.T.);
#3895=EDGE_CURVE('',#3239,#3238,#1230,.T.);
#3896=EDGE_CURVE('',#3240,#3239,#1231,.T.);
#3897=EDGE_CURVE('',#3241,#3240,#1232,.T.);
#3898=EDGE_CURVE('',#3230,#3241,#1233,.T.);
#3899=EDGE_CURVE('',#3242,#3242,#3170,.T.);
#3900=EDGE_CURVE('',#3242,#3243,#1234,.T.);
#3901=EDGE_CURVE('',#3243,#3243,#3171,.T.);
#3902=EDGE_CURVE('',#3243,#3244,#1235,.T.);
#3903=EDGE_CURVE('',#3244,#3244,#3172,.T.);
#3904=EDGE_CURVE('',#3245,#3246,#1236,.T.);
#3905=EDGE_CURVE('',#3246,#3247,#1237,.T.);
#3906=EDGE_CURVE('',#3247,#3248,#1238,.F.);
#3907=EDGE_CURVE('',#3248,#3249,#1239,.T.);
#3908=EDGE_CURVE('',#3250,#3249,#1240,.T.);
#3909=EDGE_CURVE('',#3250,#3251,#1241,.T.);
#3910=EDGE_CURVE('',#3251,#3252,#1242,.T.);
#3911=EDGE_CURVE('',#3253,#3252,#1243,.T.);
#3912=EDGE_CURVE('',#3254,#3253,#1244,.T.);
#3913=EDGE_CURVE('',#3255,#3254,#1245,.T.);
#3914=EDGE_CURVE('',#3256,#3255,#1246,.T.);
#3915=EDGE_CURVE('',#3245,#3256,#1247,.T.);
#3916=EDGE_CURVE('',#3257,#3257,#3173,.T.);
#3917=EDGE_CURVE('',#3257,#3258,#1248,.T.);
#3918=EDGE_CURVE('',#3258,#3258,#3174,.T.);
#3919=EDGE_CURVE('',#3258,#3259,#1249,.T.);
#3920=EDGE_CURVE('',#3259,#3259,#3175,.T.);
#3921=EDGE_CURVE('',#3260,#3261,#1250,.T.);
#3922=EDGE_CURVE('',#3261,#3262,#1251,.T.);
#3923=EDGE_CURVE('',#3262,#3263,#1252,.T.);
#3924=EDGE_CURVE('',#3264,#3263,#1253,.T.);
#3925=EDGE_CURVE('',#3265,#3264,#1254,.T.);
#3926=EDGE_CURVE('',#3266,#3265,#1255,.T.);
#3927=EDGE_CURVE('',#3267,#3266,#1256,.T.);
#3928=EDGE_CURVE('',#3260,#3267,#1257,.T.);
#3929=EDGE_CURVE('',#3268,#3269,#1258,.F.);
#3930=EDGE_CURVE('',#3268,#3270,#1259,.T.);
#3931=EDGE_CURVE('',#3271,#3270,#1260,.F.);
#3932=EDGE_CURVE('',#3271,#3269,#1261,.T.);
#3933=EDGE_CURVE('',#3271,#3272,#1262,.T.);
#3934=EDGE_CURVE('',#3272,#3273,#1263,.T.);
#3935=EDGE_CURVE('',#3269,#3273,#1264,.T.);
#3936=EDGE_CURVE('',#3274,#3275,#1265,.T.);
#3937=EDGE_CURVE('',#3275,#3276,#1266,.T.);
#3938=EDGE_CURVE('',#3276,#3277,#1267,.T.);
#3939=EDGE_CURVE('',#3277,#3274,#1268,.T.);
#3940=EDGE_CURVE('',#3278,#3277,#1269,.T.);
#3941=EDGE_CURVE('',#3279,#3278,#1270,.T.);
#3942=EDGE_CURVE('',#3279,#3274,#1271,.T.);
#3943=EDGE_CURVE('',#3280,#3281,#1272,.F.);
#3944=EDGE_CURVE('',#3280,#3282,#1273,.T.);
#3945=EDGE_CURVE('',#3283,#3282,#1274,.F.);
#3946=EDGE_CURVE('',#3283,#3281,#1275,.T.);
#3947=EDGE_CURVE('',#3283,#3284,#1276,.T.);
#3948=EDGE_CURVE('',#3284,#3285,#1277,.T.);
#3949=EDGE_CURVE('',#3281,#3285,#1278,.T.);
#3950=EDGE_CURVE('',#3286,#3287,#1279,.T.);
#3951=EDGE_CURVE('',#3287,#3288,#1280,.T.);
#3952=EDGE_CURVE('',#3288,#3289,#1281,.T.);
#3953=EDGE_CURVE('',#3289,#3286,#1282,.T.);
#3954=EDGE_CURVE('',#3290,#3289,#1283,.T.);
#3955=EDGE_CURVE('',#3291,#3290,#1284,.T.);
#3956=EDGE_CURVE('',#3291,#3286,#1285,.T.);
#3957=EDGE_CURVE('',#3292,#3293,#1286,.F.);
#3958=EDGE_CURVE('',#3292,#3233,#1287,.T.);
#3959=EDGE_CURVE('',#3232,#3293,#1288,.T.);
#3960=EDGE_CURVE('',#3232,#3294,#1289,.T.);
#3961=EDGE_CURVE('',#3294,#3295,#1290,.T.);
#3962=EDGE_CURVE('',#3293,#3295,#1291,.T.);
#3963=EDGE_CURVE('',#3234,#3296,#1292,.T.);
#3964=EDGE_CURVE('',#3296,#3297,#1293,.T.);
#3965=EDGE_CURVE('',#3297,#3235,#1294,.T.);
#3966=EDGE_CURVE('',#3298,#3297,#1295,.T.);
#3967=EDGE_CURVE('',#3299,#3298,#1296,.T.);
#3968=EDGE_CURVE('',#3299,#3235,#1297,.T.);
#3969=EDGE_CURVE('',#3300,#3301,#1298,.F.);
#3970=EDGE_CURVE('',#3300,#3248,#1299,.T.);
#3971=EDGE_CURVE('',#3247,#3301,#1300,.T.);
#3972=EDGE_CURVE('',#3247,#3302,#1301,.T.);
#3973=EDGE_CURVE('',#3302,#3303,#1302,.T.);
#3974=EDGE_CURVE('',#3301,#3303,#1303,.T.);
#3975=EDGE_CURVE('',#3249,#3304,#1304,.T.);
#3976=EDGE_CURVE('',#3304,#3305,#1305,.T.);
#3977=EDGE_CURVE('',#3305,#3250,#1306,.T.);
#3978=EDGE_CURVE('',#3306,#3305,#1307,.T.);
#3979=EDGE_CURVE('',#3307,#3306,#1308,.T.);
#3980=EDGE_CURVE('',#3307,#3250,#1309,.T.);
#3981=EDGE_CURVE('',#3262,#3308,#1310,.F.);
#3982=EDGE_CURVE('',#3262,#3309,#1311,.T.);
#3983=EDGE_CURVE('',#3310,#3309,#1312,.F.);
#3984=EDGE_CURVE('',#3310,#3308,#1313,.T.);
#3985=EDGE_CURVE('',#3311,#3310,#1314,.T.);
#3986=EDGE_CURVE('',#3312,#3311,#1315,.T.);
#3987=EDGE_CURVE('',#3312,#3308,#1316,.T.);
#3988=EDGE_CURVE('',#3313,#3314,#1317,.T.);
#3989=EDGE_CURVE('',#3314,#3261,#1318,.T.);
#3990=EDGE_CURVE('',#3261,#3315,#1319,.T.);
#3991=EDGE_CURVE('',#3315,#3313,#1320,.T.);
#3992=EDGE_CURVE('',#3315,#3316,#1321,.T.);
#3993=EDGE_CURVE('',#3316,#3317,#1322,.T.);
#3994=EDGE_CURVE('',#3313,#3317,#1323,.T.);
#3995=EDGE_CURVE('',#3318,#3319,#1324,.T.);
#3996=EDGE_CURVE('',#3319,#3220,#1325,.T.);
#3997=EDGE_CURVE('',#3220,#3320,#1326,.T.);
#3998=EDGE_CURVE('',#3320,#3318,#1327,.T.);
#3999=EDGE_CURVE('',#3320,#3321,#1328,.T.);
#4000=EDGE_CURVE('',#3321,#3322,#1329,.T.);
#4001=EDGE_CURVE('',#3318,#3322,#1330,.T.);
#4002=EDGE_CURVE('',#3221,#3323,#1331,.F.);
#4003=EDGE_CURVE('',#3221,#3324,#1332,.T.);
#4004=EDGE_CURVE('',#3325,#3324,#1333,.F.);
#4005=EDGE_CURVE('',#3325,#3323,#1334,.T.);
#4006=EDGE_CURVE('',#3326,#3325,#1335,.T.);
#4007=EDGE_CURVE('',#3327,#3326,#1336,.T.);
#4008=EDGE_CURVE('',#3327,#3323,#1337,.T.);
#4009=EDGE_CURVE('',#3328,#3329,#3176,.T.);
#4010=EDGE_CURVE('',#3329,#3330,#1338,.T.);
#4011=EDGE_CURVE('',#3330,#3331,#3177,.T.);
#4012=EDGE_CURVE('',#3331,#3328,#1339,.T.);
#4013=EDGE_CURVE('',#3329,#3332,#1340,.T.);
#4014=EDGE_CURVE('',#3332,#3333,#1341,.T.);
#4015=EDGE_CURVE('',#3330,#3333,#1342,.T.);
#4016=EDGE_CURVE('',#3334,#3335,#3178,.T.);
#4017=EDGE_CURVE('',#3335,#3336,#1343,.T.);
#4018=EDGE_CURVE('',#3336,#3337,#3179,.T.);
#4019=EDGE_CURVE('',#3337,#3334,#1344,.T.);
#4020=EDGE_CURVE('',#3335,#3338,#1345,.T.);
#4021=EDGE_CURVE('',#3338,#3339,#1346,.T.);
#4022=EDGE_CURVE('',#3336,#3339,#1347,.T.);
#4023=EDGE_CURVE('',#3340,#3341,#3180,.T.);
#4024=EDGE_CURVE('',#3341,#3342,#1348,.T.);
#4025=EDGE_CURVE('',#3342,#3343,#3181,.T.);
#4026=EDGE_CURVE('',#3343,#3340,#1349,.T.);
#4027=EDGE_CURVE('',#3344,#3341,#1350,.T.);
#4028=EDGE_CURVE('',#3345,#3344,#1351,.T.);
#4029=EDGE_CURVE('',#3342,#3345,#1352,.T.);
#4030=EDGE_CURVE('',#3346,#3347,#3182,.T.);
#4031=EDGE_CURVE('',#3347,#3348,#1353,.T.);
#4032=EDGE_CURVE('',#3348,#3349,#3183,.T.);
#4033=EDGE_CURVE('',#3349,#3346,#1354,.T.);
#4034=EDGE_CURVE('',#3347,#3350,#1355,.T.);
#4035=EDGE_CURVE('',#3350,#3351,#1356,.T.);
#4036=EDGE_CURVE('',#3348,#3351,#1357,.T.);
#4037=EDGE_CURVE('',#3352,#3353,#3184,.T.);
#4038=EDGE_CURVE('',#3353,#3354,#1358,.T.);
#4039=EDGE_CURVE('',#3354,#3355,#3185,.T.);
#4040=EDGE_CURVE('',#3355,#3352,#1359,.T.);
#4041=EDGE_CURVE('',#3352,#3349,#1360,.T.);
#4042=EDGE_CURVE('',#3355,#3346,#1361,.T.);
#4043=EDGE_CURVE('',#3345,#3356,#3186,.F.);
#4044=EDGE_CURVE('',#3357,#3344,#3187,.F.);
#4045=EDGE_CURVE('',#3357,#3356,#1362,.T.);
#4046=EDGE_CURVE('',#3358,#3357,#1363,.T.);
#4047=EDGE_CURVE('',#3359,#3358,#1364,.T.);
#4048=EDGE_CURVE('',#3356,#3359,#1365,.T.);
#4049=EDGE_CURVE('',#3360,#3361,#3188,.T.);
#4050=EDGE_CURVE('',#3361,#3362,#1366,.T.);
#4051=EDGE_CURVE('',#3363,#3362,#3189,.F.);
#4052=EDGE_CURVE('',#3360,#3363,#1367,.T.);
#4053=EDGE_CURVE('',#3364,#3359,#3190,.T.);
#4054=EDGE_CURVE('',#3365,#3358,#3191,.F.);
#4055=EDGE_CURVE('',#3365,#3364,#1368,.T.);
#4056=EDGE_CURVE('',#3366,#3367,#1369,.T.);
#4057=EDGE_CURVE('',#3367,#3368,#1370,.T.);
#4058=EDGE_CURVE('',#3368,#3369,#1371,.T.);
#4059=EDGE_CURVE('',#3366,#3369,#1372,.T.);
#4060=EDGE_CURVE('',#3370,#3371,#1373,.T.);
#4061=EDGE_CURVE('',#3371,#3372,#1374,.T.);
#4062=EDGE_CURVE('',#3372,#3373,#1375,.T.);
#4063=EDGE_CURVE('',#3373,#3370,#1376,.T.);
#4064=EDGE_CURVE('',#3367,#3374,#1377,.T.);
#4065=EDGE_CURVE('',#3374,#3375,#1378,.T.);
#4066=EDGE_CURVE('',#3375,#3368,#1379,.T.);
#4067=EDGE_CURVE('',#3371,#3375,#1380,.T.);
#4068=EDGE_CURVE('',#3374,#3372,#1381,.T.);
#4069=EDGE_CURVE('',#3376,#3370,#1382,.T.);
#4070=EDGE_CURVE('',#3373,#3377,#1383,.T.);
#4071=EDGE_CURVE('',#3377,#3376,#1384,.T.);
#4072=EDGE_CURVE('',#3369,#3376,#1385,.T.);
#4073=EDGE_CURVE('',#3377,#3366,#1386,.T.);
#4074=EDGE_CURVE('',#3377,#3378,#1387,.T.);
#4075=EDGE_CURVE('',#3379,#3378,#1388,.T.);
#4076=EDGE_CURVE('',#3366,#3379,#1389,.T.);
#4077=EDGE_CURVE('',#3373,#3380,#1390,.T.);
#4078=EDGE_CURVE('',#3378,#3380,#1391,.T.);
#4079=EDGE_CURVE('',#3372,#3381,#1392,.T.);
#4080=EDGE_CURVE('',#3380,#3381,#1393,.T.);
#4081=EDGE_CURVE('',#3382,#3383,#1394,.T.);
#4082=EDGE_CURVE('',#3383,#3384,#1395,.T.);
#4083=EDGE_CURVE('',#3384,#3385,#1396,.T.);
#4084=EDGE_CURVE('',#3382,#3385,#1397,.T.);
#4085=EDGE_CURVE('',#3383,#3386,#1398,.T.);
#4086=EDGE_CURVE('',#3386,#3387,#1399,.T.);
#4087=EDGE_CURVE('',#3387,#3384,#1400,.T.);
#4088=EDGE_CURVE('',#3386,#3388,#1401,.T.);
#4089=EDGE_CURVE('',#3388,#3389,#1402,.T.);
#4090=EDGE_CURVE('',#3389,#3387,#1403,.T.);
#4091=EDGE_CURVE('',#3390,#3391,#1404,.T.);
#4092=EDGE_CURVE('',#3391,#3392,#1405,.T.);
#4093=EDGE_CURVE('',#3392,#3393,#1406,.T.);
#4094=EDGE_CURVE('',#3393,#3390,#1407,.T.);
#4095=EDGE_CURVE('',#3388,#3392,#1408,.T.);
#4096=EDGE_CURVE('',#3391,#3389,#1409,.T.);
#4097=EDGE_CURVE('',#3385,#3390,#1410,.T.);
#4098=EDGE_CURVE('',#3393,#3382,#1411,.T.);
#4099=EDGE_CURVE('',#3389,#3394,#1412,.T.);
#4100=EDGE_CURVE('',#3395,#3394,#1413,.T.);
#4101=EDGE_CURVE('',#3387,#3395,#1414,.T.);
#4102=EDGE_CURVE('',#3391,#3396,#1415,.T.);
#4103=EDGE_CURVE('',#3394,#3396,#1416,.T.);
#4104=EDGE_CURVE('',#3390,#3397,#1417,.T.);
#4105=EDGE_CURVE('',#3396,#3397,#1418,.T.);
#4106=EDGE_CURVE('',#3398,#3399,#1419,.T.);
#4107=EDGE_CURVE('',#3399,#3271,#1420,.T.);
#4108=EDGE_CURVE('',#3270,#3400,#1421,.T.);
#4109=EDGE_CURVE('',#3400,#3401,#1422,.T.);
#4110=EDGE_CURVE('',#3401,#3275,#1423,.T.);
#4111=EDGE_CURVE('',#3274,#3402,#1424,.T.);
#4112=EDGE_CURVE('',#3402,#3403,#1425,.T.);
#4113=EDGE_CURVE('',#3404,#3403,#1426,.T.);
#4114=EDGE_CURVE('',#3405,#3404,#1427,.T.);
#4115=EDGE_CURVE('',#3398,#3405,#1428,.T.);
#4116=EDGE_CURVE('',#3406,#3407,#1429,.T.);
#4117=EDGE_CURVE('',#3407,#3408,#1430,.T.);
#4118=EDGE_CURVE('',#3408,#3409,#1431,.T.);
#4119=EDGE_CURVE('',#3406,#3409,#1432,.T.);
#4120=EDGE_CURVE('',#3407,#3410,#1433,.T.);
#4121=EDGE_CURVE('',#3410,#3411,#1434,.T.);
#4122=EDGE_CURVE('',#3411,#3408,#1435,.T.);
#4123=EDGE_CURVE('',#3410,#3412,#1436,.T.);
#4124=EDGE_CURVE('',#3412,#3413,#1437,.T.);
#4125=EDGE_CURVE('',#3413,#3411,#1438,.T.);
#4126=EDGE_CURVE('',#3414,#3415,#1439,.T.);
#4127=EDGE_CURVE('',#3415,#3416,#1440,.T.);
#4128=EDGE_CURVE('',#3416,#3417,#1441,.T.);
#4129=EDGE_CURVE('',#3417,#3414,#1442,.T.);
#4130=EDGE_CURVE('',#3412,#3416,#1443,.T.);
#4131=EDGE_CURVE('',#3415,#3413,#1444,.T.);
#4132=EDGE_CURVE('',#3409,#3414,#1445,.T.);
#4133=EDGE_CURVE('',#3417,#3406,#1446,.T.);
#4134=EDGE_CURVE('',#3413,#3418,#1447,.T.);
#4135=EDGE_CURVE('',#3419,#3418,#1448,.T.);
#4136=EDGE_CURVE('',#3411,#3419,#1449,.T.);
#4137=EDGE_CURVE('',#3415,#3420,#1450,.T.);
#4138=EDGE_CURVE('',#3418,#3420,#1451,.T.);
#4139=EDGE_CURVE('',#3414,#3421,#1452,.T.);
#4140=EDGE_CURVE('',#3420,#3421,#1453,.T.);
#4141=EDGE_CURVE('',#3422,#3423,#1454,.T.);
#4142=EDGE_CURVE('',#3423,#3424,#1455,.T.);
#4143=EDGE_CURVE('',#3424,#3425,#1456,.T.);
#4144=EDGE_CURVE('',#3425,#3422,#1457,.T.);
#4145=EDGE_CURVE('',#3423,#3426,#1458,.T.);
#4146=EDGE_CURVE('',#3426,#3427,#1459,.T.);
#4147=EDGE_CURVE('',#3427,#3424,#1460,.T.);
#4148=EDGE_CURVE('',#3426,#3428,#1461,.T.);
#4149=EDGE_CURVE('',#3428,#3429,#1462,.T.);
#4150=EDGE_CURVE('',#3429,#3427,#1463,.T.);
#4151=EDGE_CURVE('',#3428,#3430,#1464,.T.);
#4152=EDGE_CURVE('',#3430,#3431,#1465,.T.);
#4153=EDGE_CURVE('',#3431,#3429,#1466,.T.);
#4154=EDGE_CURVE('',#3432,#3431,#1467,.T.);
#4155=EDGE_CURVE('',#3430,#3433,#1468,.T.);
#4156=EDGE_CURVE('',#3433,#3432,#1469,.T.);
#4157=EDGE_CURVE('',#3425,#3432,#1470,.T.);
#4158=EDGE_CURVE('',#3433,#3422,#1471,.T.);
#4159=EDGE_CURVE('',#3432,#3434,#1472,.T.);
#4160=EDGE_CURVE('',#3435,#3434,#1473,.T.);
#4161=EDGE_CURVE('',#3431,#3435,#1474,.T.);
#4162=EDGE_CURVE('',#3425,#3436,#1475,.T.);
#4163=EDGE_CURVE('',#3434,#3436,#1476,.T.);
#4164=EDGE_CURVE('',#3424,#3437,#1477,.T.);
#4165=EDGE_CURVE('',#3436,#3437,#1478,.T.);
#4166=EDGE_CURVE('',#3438,#3287,#1479,.T.);
#4167=EDGE_CURVE('',#3286,#3439,#1480,.T.);
#4168=EDGE_CURVE('',#3439,#3440,#1481,.T.);
#4169=EDGE_CURVE('',#3441,#3440,#1482,.T.);
#4170=EDGE_CURVE('',#3442,#3441,#1483,.T.);
#4171=EDGE_CURVE('',#3443,#3442,#1484,.T.);
#4172=EDGE_CURVE('',#3443,#3444,#1485,.T.);
#4173=EDGE_CURVE('',#3444,#3283,#1486,.T.);
#4174=EDGE_CURVE('',#3282,#3445,#1487,.T.);
#4175=EDGE_CURVE('',#3445,#3438,#1488,.T.);
#4176=EDGE_CURVE('',#3446,#3447,#1489,.T.);
#4177=EDGE_CURVE('',#3447,#3448,#1490,.T.);
#4178=EDGE_CURVE('',#3448,#3449,#1491,.T.);
#4179=EDGE_CURVE('',#3446,#3449,#1492,.T.);
#4180=EDGE_CURVE('',#3447,#3450,#1493,.T.);
#4181=EDGE_CURVE('',#3450,#3451,#1494,.T.);
#4182=EDGE_CURVE('',#3451,#3448,#1495,.T.);
#4183=EDGE_CURVE('',#3449,#3452,#1496,.T.);
#4184=EDGE_CURVE('',#3452,#3453,#1497,.T.);
#4185=EDGE_CURVE('',#3453,#3446,#1498,.T.);
#4186=EDGE_CURVE('',#3450,#3454,#1499,.T.);
#4187=EDGE_CURVE('',#3454,#3455,#1500,.T.);
#4188=EDGE_CURVE('',#3455,#3451,#1501,.T.);
#4189=EDGE_CURVE('',#3454,#3456,#1502,.T.);
#4190=EDGE_CURVE('',#3456,#3457,#1503,.T.);
#4191=EDGE_CURVE('',#3457,#3455,#1504,.T.);
#4192=EDGE_CURVE('',#3452,#3457,#1505,.T.);
#4193=EDGE_CURVE('',#3456,#3453,#1506,.T.);
#4194=EDGE_CURVE('',#3452,#3458,#1507,.T.);
#4195=EDGE_CURVE('',#3459,#3458,#1508,.T.);
#4196=EDGE_CURVE('',#3457,#3459,#1509,.T.);
#4197=EDGE_CURVE('',#3449,#3460,#1510,.T.);
#4198=EDGE_CURVE('',#3458,#3460,#1511,.T.);
#4199=EDGE_CURVE('',#3448,#3461,#1512,.T.);
#4200=EDGE_CURVE('',#3460,#3461,#1513,.T.);
#4201=EDGE_CURVE('',#3462,#3463,#1514,.T.);
#4202=EDGE_CURVE('',#3463,#3365,#1515,.T.);
#4203=EDGE_CURVE('',#3357,#3464,#1516,.T.);
#4204=EDGE_CURVE('',#3464,#3465,#1517,.T.);
#4205=EDGE_CURVE('',#3465,#3354,#1518,.T.);
#4206=EDGE_CURVE('',#3354,#3361,#1519,.T.);
#4207=EDGE_CURVE('',#3360,#3466,#1520,.T.);
#4208=EDGE_CURVE('',#3466,#3467,#1521,.T.);
#4209=EDGE_CURVE('',#3468,#3467,#1522,.T.);
#4210=EDGE_CURVE('',#3469,#3468,#1523,.T.);
#4211=EDGE_CURVE('',#3462,#3469,#1524,.T.);
#4212=EDGE_CURVE('',#3470,#3471,#1525,.T.);
#4213=EDGE_CURVE('',#3471,#3472,#1526,.T.);
#4214=EDGE_CURVE('',#3472,#3473,#1527,.T.);
#4215=EDGE_CURVE('',#3474,#3473,#1528,.T.);
#4216=EDGE_CURVE('',#3474,#3313,#1529,.T.);
#4217=EDGE_CURVE('',#3317,#3290,#1530,.T.);
#4218=EDGE_CURVE('',#3470,#3288,#1531,.T.);
#4219=EDGE_CURVE('',#3316,#3291,#1532,.T.);
#4220=EDGE_CURVE('',#3475,#3260,#1533,.T.);
#4221=EDGE_CURVE('',#3476,#3475,#1534,.T.);
#4222=EDGE_CURVE('',#3440,#3476,#1535,.T.);
#4223=EDGE_CURVE('',#3477,#3438,#1536,.T.);
#4224=EDGE_CURVE('',#3288,#3477,#1537,.T.);
#4225=EDGE_CURVE('',#3478,#3479,#1538,.T.);
#4226=EDGE_CURVE('',#3479,#3480,#1539,.T.);
#4227=EDGE_CURVE('',#3480,#3481,#1540,.T.);
#4228=EDGE_CURVE('',#3481,#3482,#1541,.T.);
#4229=EDGE_CURVE('',#3482,#3483,#1542,.T.);
#4230=EDGE_CURVE('',#3484,#3483,#1543,.T.);
#4231=EDGE_CURVE('',#3484,#3318,#1544,.T.);
#4232=EDGE_CURVE('',#3322,#3485,#1545,.T.);
#4233=EDGE_CURVE('',#3485,#3486,#1546,.T.);
#4234=EDGE_CURVE('',#3486,#3363,#1547,.T.);
#4235=EDGE_CURVE('',#3363,#3487,#1548,.T.);
#4236=EDGE_CURVE('',#3478,#3487,#1549,.T.);
#4237=EDGE_CURVE('',#3488,#3360,#1550,.T.);
#4238=EDGE_CURVE('',#3488,#3486,#1551,.T.);
#4239=EDGE_CURVE('',#3489,#3488,#1552,.T.);
#4240=EDGE_CURVE('',#3489,#3485,#1553,.T.);
#4241=EDGE_CURVE('',#3321,#3489,#1554,.T.);
#4242=EDGE_CURVE('',#3490,#3219,#1555,.T.);
#4243=EDGE_CURVE('',#3491,#3490,#1556,.T.);
#4244=EDGE_CURVE('',#3467,#3491,#1557,.T.);
#4245=EDGE_CURVE('',#3362,#3353,#1558,.T.);
#4246=EDGE_CURVE('',#3324,#3319,#1559,.T.);
#4247=EDGE_CURVE('',#3492,#3493,#1560,.T.);
#4248=EDGE_CURVE('',#3493,#3494,#1561,.T.);
#4249=EDGE_CURVE('',#3494,#3495,#1562,.T.);
#4250=EDGE_CURVE('',#3280,#3495,#1563,.T.);
#4251=EDGE_CURVE('',#3285,#3306,#1564,.T.);
#4252=EDGE_CURVE('',#3496,#3304,#1565,.T.);
#4253=EDGE_CURVE('',#3492,#3496,#1566,.T.);
#4254=EDGE_CURVE('',#3284,#3307,#1567,.T.);
#4255=EDGE_CURVE('',#3497,#3443,#1568,.T.);
#4256=EDGE_CURVE('',#3252,#3497,#1569,.T.);
#4257=EDGE_CURVE('',#3304,#3300,#1570,.T.);
#4258=EDGE_CURVE('',#3498,#3499,#1571,.T.);
#4259=EDGE_CURVE('',#3499,#3500,#1572,.T.);
#4260=EDGE_CURVE('',#3500,#3501,#1573,.T.);
#4261=EDGE_CURVE('',#3501,#3502,#1574,.T.);
#4262=EDGE_CURVE('',#3502,#3503,#1575,.T.);
#4263=EDGE_CURVE('',#3504,#3503,#1576,.T.);
#4264=EDGE_CURVE('',#3504,#3364,#1577,.T.);
#4265=EDGE_CURVE('',#3364,#3505,#1578,.T.);
#4266=EDGE_CURVE('',#3505,#3506,#1579,.T.);
#4267=EDGE_CURVE('',#3506,#3311,#1580,.T.);
#4268=EDGE_CURVE('',#3310,#3507,#1581,.T.);
#4269=EDGE_CURVE('',#3498,#3507,#1582,.T.);
#4270=EDGE_CURVE('',#3508,#3312,#1583,.T.);
#4271=EDGE_CURVE('',#3508,#3506,#1584,.T.);
#4272=EDGE_CURVE('',#3509,#3508,#1585,.T.);
#4273=EDGE_CURVE('',#3509,#3505,#1586,.T.);
#4274=EDGE_CURVE('',#3365,#3509,#1587,.T.);
#4275=EDGE_CURVE('',#3510,#3462,#1588,.T.);
#4276=EDGE_CURVE('',#3511,#3510,#1589,.T.);
#4277=EDGE_CURVE('',#3263,#3511,#1590,.T.);
#4278=EDGE_CURVE('',#3309,#3314,#1591,.T.);
#4279=EDGE_CURVE('',#3512,#3513,#1592,.T.);
#4280=EDGE_CURVE('',#3512,#3514,#1593,.T.);
#4281=EDGE_CURVE('',#3515,#3514,#1594,.T.);
#4282=EDGE_CURVE('',#3513,#3515,#1595,.T.);
#4283=EDGE_CURVE('',#3513,#3516,#1596,.T.);
#4284=EDGE_CURVE('',#3517,#3515,#1597,.T.);
#4285=EDGE_CURVE('',#3516,#3517,#1598,.T.);
#4286=EDGE_CURVE('',#3516,#3518,#1599,.T.);
#4287=EDGE_CURVE('',#3519,#3517,#1600,.T.);
#4288=EDGE_CURVE('',#3518,#3519,#1601,.T.);
#4289=EDGE_CURVE('',#3518,#3520,#1602,.T.);
#4290=EDGE_CURVE('',#3521,#3519,#1603,.T.);
#4291=EDGE_CURVE('',#3520,#3521,#1604,.T.);
#4292=EDGE_CURVE('',#3520,#3522,#1605,.T.);
#4293=EDGE_CURVE('',#3523,#3521,#1606,.T.);
#4294=EDGE_CURVE('',#3522,#3523,#1607,.T.);
#4295=EDGE_CURVE('',#3522,#3524,#1608,.T.);
#4296=EDGE_CURVE('',#3525,#3523,#1609,.T.);
#4297=EDGE_CURVE('',#3524,#3525,#1610,.T.);
#4298=EDGE_CURVE('',#3524,#3526,#1611,.T.);
#4299=EDGE_CURVE('',#3527,#3525,#1612,.T.);
#4300=EDGE_CURVE('',#3526,#3527,#1613,.T.);
#4301=EDGE_CURVE('',#3526,#3512,#1614,.T.);
#4302=EDGE_CURVE('',#3514,#3527,#1615,.T.);
#4303=EDGE_CURVE('',#3528,#3528,#3192,.T.);
#4304=EDGE_CURVE('',#3528,#3529,#1616,.T.);
#4305=EDGE_CURVE('',#3529,#3529,#3193,.T.);
#4306=EDGE_CURVE('',#3530,#3530,#3194,.T.);
#4307=EDGE_CURVE('',#3530,#3531,#1617,.T.);
#4308=EDGE_CURVE('',#3531,#3531,#3195,.T.);
#4309=EDGE_CURVE('',#3532,#3533,#1618,.T.);
#4310=EDGE_CURVE('',#3532,#3534,#1619,.T.);
#4311=EDGE_CURVE('',#3535,#3534,#1620,.T.);
#4312=EDGE_CURVE('',#3533,#3535,#1621,.T.);
#4313=EDGE_CURVE('',#3533,#3536,#1622,.T.);
#4314=EDGE_CURVE('',#3537,#3535,#1623,.T.);
#4315=EDGE_CURVE('',#3536,#3537,#1624,.T.);
#4316=EDGE_CURVE('',#3536,#3538,#1625,.T.);
#4317=EDGE_CURVE('',#3539,#3537,#1626,.T.);
#4318=EDGE_CURVE('',#3538,#3539,#1627,.T.);
#4319=EDGE_CURVE('',#3538,#3540,#1628,.T.);
#4320=EDGE_CURVE('',#3541,#3539,#1629,.T.);
#4321=EDGE_CURVE('',#3540,#3541,#1630,.T.);
#4322=EDGE_CURVE('',#3540,#3542,#1631,.T.);
#4323=EDGE_CURVE('',#3543,#3541,#1632,.T.);
#4324=EDGE_CURVE('',#3542,#3543,#1633,.T.);
#4325=EDGE_CURVE('',#3542,#3544,#1634,.T.);
#4326=EDGE_CURVE('',#3545,#3543,#1635,.T.);
#4327=EDGE_CURVE('',#3544,#3545,#1636,.T.);
#4328=EDGE_CURVE('',#3544,#3546,#1637,.T.);
#4329=EDGE_CURVE('',#3547,#3545,#1638,.T.);
#4330=EDGE_CURVE('',#3546,#3547,#1639,.T.);
#4331=EDGE_CURVE('',#3546,#3532,#1640,.T.);
#4332=EDGE_CURVE('',#3534,#3547,#1641,.T.);
#4333=EDGE_CURVE('',#3548,#3379,#1642,.T.);
#4334=EDGE_CURVE('',#3367,#3548,#1643,.T.);
#4335=EDGE_CURVE('',#3549,#3548,#1644,.T.);
#4336=EDGE_CURVE('',#3374,#3549,#1645,.T.);
#4337=EDGE_CURVE('',#3381,#3549,#1646,.T.);
#4338=EDGE_CURVE('',#3550,#3299,#1647,.T.);
#4339=EDGE_CURVE('',#3551,#3298,#1648,.T.);
#4340=EDGE_CURVE('',#3550,#3551,#1649,.T.);
#4341=EDGE_CURVE('',#3338,#3550,#1650,.T.);
#4342=EDGE_CURVE('',#3339,#3551,#1651,.T.);
#4343=EDGE_CURVE('',#3552,#3337,#1652,.T.);
#4344=EDGE_CURVE('',#3553,#3552,#1653,.T.);
#4345=EDGE_CURVE('',#3553,#3334,#1654,.T.);
#4346=EDGE_CURVE('',#3554,#3553,#1655,.T.);
#4347=EDGE_CURVE('',#3555,#3552,#1656,.T.);
#4348=EDGE_CURVE('',#3554,#3555,#1657,.T.);
#4349=EDGE_CURVE('',#3556,#3554,#1658,.T.);
#4350=EDGE_CURVE('',#3557,#3555,#1659,.T.);
#4351=EDGE_CURVE('',#3556,#3557,#1660,.T.);
#4352=EDGE_CURVE('',#3556,#3401,#1661,.T.);
#4353=EDGE_CURVE('',#3558,#3557,#1662,.T.);
#4354=EDGE_CURVE('',#3558,#3401,#1663,.T.);
#4355=EDGE_CURVE('',#3559,#3400,#1664,.T.);
#4356=EDGE_CURVE('',#3560,#3400,#1665,.T.);
#4357=EDGE_CURVE('',#3561,#3560,#1666,.T.);
#4358=EDGE_CURVE('',#3559,#3561,#1667,.T.);
#4359=EDGE_CURVE('',#3562,#3559,#1668,.T.);
#4360=EDGE_CURVE('',#3563,#3561,#1669,.T.);
#4361=EDGE_CURVE('',#3562,#3563,#1670,.T.);
#4362=EDGE_CURVE('',#3350,#3562,#1671,.T.);
#4363=EDGE_CURVE('',#3351,#3563,#1672,.T.);
#4364=EDGE_CURVE('',#3564,#3343,#1673,.T.);
#4365=EDGE_CURVE('',#3565,#3564,#1674,.T.);
#4366=EDGE_CURVE('',#3565,#3340,#1675,.T.);
#4367=EDGE_CURVE('',#3566,#3565,#1676,.T.);
#4368=EDGE_CURVE('',#3567,#3564,#1677,.T.);
#4369=EDGE_CURVE('',#3566,#3567,#1678,.T.);
#4370=EDGE_CURVE('',#3568,#3566,#1679,.T.);
#4371=EDGE_CURVE('',#3569,#3567,#1680,.T.);
#4372=EDGE_CURVE('',#3568,#3569,#1681,.T.);
#4373=EDGE_CURVE('',#3438,#3568,#1682,.T.);
#4374=EDGE_CURVE('',#3477,#3569,#1683,.T.);
#4375=EDGE_CURVE('',#3445,#3570,#1684,.T.);
#4376=EDGE_CURVE('',#3571,#3445,#1685,.T.);
#4377=EDGE_CURVE('',#3572,#3571,#1686,.T.);
#4378=EDGE_CURVE('',#3570,#3572,#1687,.T.);
#4379=EDGE_CURVE('',#3573,#3570,#1688,.T.);
#4380=EDGE_CURVE('',#3574,#3572,#1689,.T.);
#4381=EDGE_CURVE('',#3573,#3574,#1690,.T.);
#4382=EDGE_CURVE('',#3332,#3573,#1691,.T.);
#4383=EDGE_CURVE('',#3333,#3574,#1692,.T.);
#4384=EDGE_CURVE('',#3575,#3331,#1693,.T.);
#4385=EDGE_CURVE('',#3576,#3575,#1694,.T.);
#4386=EDGE_CURVE('',#3328,#3576,#1695,.T.);
#4387=EDGE_CURVE('',#3577,#3576,#1696,.T.);
#4388=EDGE_CURVE('',#3578,#3575,#1697,.T.);
#4389=EDGE_CURVE('',#3577,#3578,#1698,.T.);
#4390=EDGE_CURVE('',#3302,#3577,#1699,.T.);
#4391=EDGE_CURVE('',#3303,#3578,#1700,.T.);
#4392=EDGE_CURVE('',#3579,#3580,#1701,.T.);
#4393=EDGE_CURVE('',#3581,#3579,#1702,.T.);
#4394=EDGE_CURVE('',#3582,#3581,#1703,.T.);
#4395=EDGE_CURVE('',#3583,#3582,#1704,.T.);
#4396=EDGE_CURVE('',#3237,#3583,#1705,.T.);
#4397=EDGE_CURVE('',#3584,#3245,#1706,.T.);
#4398=EDGE_CURVE('',#3580,#3584,#1707,.T.);
#4399=EDGE_CURVE('',#3585,#3586,#1708,.T.);
#4400=EDGE_CURVE('',#3586,#3587,#1709,.T.);
#4401=EDGE_CURVE('',#3587,#3588,#1710,.T.);
#4402=EDGE_CURVE('',#3589,#3588,#1711,.T.);
#4403=EDGE_CURVE('',#3300,#3589,#1712,.T.);
#4404=EDGE_CURVE('',#3571,#3477,#1713,.T.);
#4405=EDGE_CURVE('',#3345,#3590,#1714,.T.);
#4406=EDGE_CURVE('',#3591,#3590,#1715,.T.);
#4407=EDGE_CURVE('',#3591,#3352,#1716,.T.);
#4408=EDGE_CURVE('',#3560,#3558,#1717,.T.);
#4409=EDGE_CURVE('',#3592,#3296,#1718,.T.);
#4410=EDGE_CURVE('',#3593,#3592,#1719,.T.);
#4411=EDGE_CURVE('',#3593,#3594,#1720,.T.);
#4412=EDGE_CURVE('',#3594,#3595,#1721,.T.);
#4413=EDGE_CURVE('',#3595,#3596,#1722,.T.);
#4414=EDGE_CURVE('',#3596,#3585,#1723,.T.);
#4415=EDGE_CURVE('',#3421,#3597,#1724,.T.);
#4416=EDGE_CURVE('',#3597,#3598,#1725,.T.);
#4417=EDGE_CURVE('',#3598,#3419,#1726,.T.);
#4418=EDGE_CURVE('',#3296,#3292,#1727,.T.);
#4419=EDGE_CURVE('',#3599,#3600,#1728,.T.);
#4420=EDGE_CURVE('',#3600,#3601,#1729,.T.);
#4421=EDGE_CURVE('',#3601,#3602,#1730,.T.);
#4422=EDGE_CURVE('',#3268,#3602,#1731,.T.);
#4423=EDGE_CURVE('',#3273,#3326,#1732,.T.);
#4424=EDGE_CURVE('',#3325,#3603,#1733,.T.);
#4425=EDGE_CURVE('',#3599,#3603,#1734,.T.);
#4426=EDGE_CURVE('',#3272,#3327,#1735,.T.);
#4427=EDGE_CURVE('',#3604,#3398,#1736,.T.);
#4428=EDGE_CURVE('',#3605,#3604,#1737,.T.);
#4429=EDGE_CURVE('',#3222,#3605,#1738,.T.);
#4430=EDGE_CURVE('',#3606,#3607,#1739,.T.);
#4431=EDGE_CURVE('',#3607,#3608,#1740,.T.);
#4432=EDGE_CURVE('',#3608,#3609,#1741,.T.);
#4433=EDGE_CURVE('',#3610,#3609,#1742,.T.);
#4434=EDGE_CURVE('',#3292,#3610,#1743,.T.);
#4435=EDGE_CURVE('',#3295,#3278,#1744,.T.);
#4436=EDGE_CURVE('',#3611,#3276,#1745,.T.);
#4437=EDGE_CURVE('',#3606,#3611,#1746,.T.);
#4438=EDGE_CURVE('',#3294,#3279,#1747,.T.);
#4439=EDGE_CURVE('',#3612,#3230,#1748,.T.);
#4440=EDGE_CURVE('',#3403,#3612,#1749,.T.);
#4441=EDGE_CURVE('',#3276,#3558,#1750,.T.);
#4442=EDGE_CURVE('',#3571,#3280,#1751,.T.);
#4443=EDGE_CURVE('',#3560,#3268,#1752,.T.);
#4444=EDGE_CURVE('',#3588,#3613,#1753,.T.);
#4445=EDGE_CURVE('',#3613,#3614,#1754,.T.);
#4446=EDGE_CURVE('',#3614,#3615,#1755,.T.);
#4447=EDGE_CURVE('',#3615,#3616,#1756,.T.);
#4448=EDGE_CURVE('',#3616,#3492,#1757,.T.);
#4449=EDGE_CURVE('',#3609,#3617,#1758,.T.);
#4450=EDGE_CURVE('',#3617,#3618,#1759,.T.);
#4451=EDGE_CURVE('',#3618,#3619,#1760,.T.);
#4452=EDGE_CURVE('',#3619,#3620,#1761,.T.);
#4453=EDGE_CURVE('',#3620,#3593,#1762,.T.);
#4454=EDGE_CURVE('',#3495,#3621,#1763,.T.);
#4455=EDGE_CURVE('',#3621,#3622,#1764,.T.);
#4456=EDGE_CURVE('',#3622,#3470,#1765,.T.);
#4457=EDGE_CURVE('',#3437,#3623,#1766,.T.);
#4458=EDGE_CURVE('',#3623,#3624,#1767,.T.);
#4459=EDGE_CURVE('',#3624,#3435,#1768,.T.);
#4460=EDGE_CURVE('',#3602,#3625,#1769,.T.);
#4461=EDGE_CURVE('',#3625,#3626,#1770,.T.);
#4462=EDGE_CURVE('',#3626,#3606,#1771,.T.);
#4463=EDGE_CURVE('',#3397,#3627,#1772,.T.);
#4464=EDGE_CURVE('',#3627,#3628,#1773,.T.);
#4465=EDGE_CURVE('',#3628,#3395,#1774,.T.);
#4466=EDGE_CURVE('',#3473,#3629,#1775,.T.);
#4467=EDGE_CURVE('',#3629,#3630,#1776,.T.);
#4468=EDGE_CURVE('',#3630,#3631,#1777,.T.);
#4469=EDGE_CURVE('',#3631,#3632,#1778,.T.);
#4470=EDGE_CURVE('',#3632,#3498,#1779,.T.);
#4471=EDGE_CURVE('',#3483,#3633,#1780,.T.);
#4472=EDGE_CURVE('',#3633,#3634,#1781,.T.);
#4473=EDGE_CURVE('',#3634,#3635,#1782,.T.);
#4474=EDGE_CURVE('',#3635,#3636,#1783,.T.);
#4475=EDGE_CURVE('',#3636,#3599,#1784,.T.);
#4476=EDGE_CURVE('',#3409,#3597,#1785,.T.);
#4477=EDGE_CURVE('',#3408,#3598,#1786,.T.);
#4478=EDGE_CURVE('',#3451,#3637,#1787,.T.);
#4479=EDGE_CURVE('',#3461,#3637,#1788,.T.);
#4480=EDGE_CURVE('',#3455,#3638,#1789,.T.);
#4481=EDGE_CURVE('',#3637,#3638,#1790,.T.);
#4482=EDGE_CURVE('',#3638,#3459,#1791,.T.);
#4483=EDGE_CURVE('',#3427,#3623,#1792,.T.);
#4484=EDGE_CURVE('',#3429,#3624,#1793,.T.);
#4485=EDGE_CURVE('',#3385,#3627,#1794,.T.);
#4486=EDGE_CURVE('',#3384,#3628,#1795,.T.);
#4487=EDGE_CURVE('',#3254,#3639,#1796,.T.);
#4488=EDGE_CURVE('',#3639,#3640,#1797,.T.);
#4489=EDGE_CURVE('',#3255,#3640,#1798,.T.);
#4490=EDGE_CURVE('',#3253,#3641,#1799,.T.);
#4491=EDGE_CURVE('',#3641,#3639,#1800,.T.);
#4492=EDGE_CURVE('',#3252,#3642,#1801,.T.);
#4493=EDGE_CURVE('',#3642,#3641,#1802,.T.);
#4494=EDGE_CURVE('',#3497,#3643,#1803,.T.);
#4495=EDGE_CURVE('',#3643,#3642,#1804,.T.);
#4496=EDGE_CURVE('',#3442,#3644,#1805,.T.);
#4497=EDGE_CURVE('',#3644,#3643,#1806,.T.);
#4498=EDGE_CURVE('',#3441,#3645,#1807,.T.);
#4499=EDGE_CURVE('',#3645,#3644,#1808,.T.);
#4500=EDGE_CURVE('',#3476,#3646,#1809,.T.);
#4501=EDGE_CURVE('',#3646,#3645,#1810,.T.);
#4502=EDGE_CURVE('',#3475,#3647,#1811,.T.);
#4503=EDGE_CURVE('',#3647,#3646,#1812,.T.);
#4504=EDGE_CURVE('',#3267,#3648,#1813,.T.);
#4505=EDGE_CURVE('',#3648,#3647,#1814,.T.);
#4506=EDGE_CURVE('',#3266,#3649,#1815,.T.);
#4507=EDGE_CURVE('',#3649,#3648,#1816,.T.);
#4508=EDGE_CURVE('',#3265,#3650,#1817,.T.);
#4509=EDGE_CURVE('',#3650,#3649,#1818,.T.);
#4510=EDGE_CURVE('',#3264,#3651,#1819,.T.);
#4511=EDGE_CURVE('',#3651,#3650,#1820,.T.);
#4512=EDGE_CURVE('',#3263,#3652,#1821,.T.);
#4513=EDGE_CURVE('',#3652,#3651,#1822,.T.);
#4514=EDGE_CURVE('',#3511,#3653,#1823,.T.);
#4515=EDGE_CURVE('',#3653,#3652,#1824,.T.);
#4516=EDGE_CURVE('',#3510,#3654,#1825,.T.);
#4517=EDGE_CURVE('',#3654,#3653,#1826,.T.);
#4518=EDGE_CURVE('',#3462,#3655,#1827,.T.);
#4519=EDGE_CURVE('',#3655,#3654,#1828,.T.);
#4520=EDGE_CURVE('',#3469,#3656,#1829,.T.);
#4521=EDGE_CURVE('',#3656,#3655,#1830,.T.);
#4522=EDGE_CURVE('',#3468,#3657,#1831,.T.);
#4523=EDGE_CURVE('',#3657,#3656,#1832,.T.);
#4524=EDGE_CURVE('',#3467,#3658,#1833,.T.);
#4525=EDGE_CURVE('',#3658,#3657,#1834,.T.);
#4526=EDGE_CURVE('',#3491,#3659,#1835,.T.);
#4527=EDGE_CURVE('',#3659,#3658,#1836,.T.);
#4528=EDGE_CURVE('',#3490,#3660,#1837,.T.);
#4529=EDGE_CURVE('',#3660,#3659,#1838,.T.);
#4530=EDGE_CURVE('',#3219,#3661,#1839,.T.);
#4531=EDGE_CURVE('',#3661,#3660,#1840,.T.);
#4532=EDGE_CURVE('',#3226,#3662,#1841,.T.);
#4533=EDGE_CURVE('',#3662,#3661,#1842,.T.);
#4534=EDGE_CURVE('',#3663,#3662,#1843,.T.);
#4535=EDGE_CURVE('',#3225,#3663,#1844,.T.);
#4536=EDGE_CURVE('',#3664,#3663,#1845,.T.);
#4537=EDGE_CURVE('',#3224,#3664,#1846,.T.);
#4538=EDGE_CURVE('',#3665,#3664,#1847,.T.);
#4539=EDGE_CURVE('',#3223,#3665,#1848,.T.);
#4540=EDGE_CURVE('',#3666,#3665,#1849,.T.);
#4541=EDGE_CURVE('',#3605,#3666,#1850,.T.);
#4542=EDGE_CURVE('',#3667,#3666,#1851,.T.);
#4543=EDGE_CURVE('',#3604,#3667,#1852,.T.);
#4544=EDGE_CURVE('',#3668,#3667,#1853,.T.);
#4545=EDGE_CURVE('',#3405,#3668,#1854,.T.);
#4546=EDGE_CURVE('',#3669,#3668,#1855,.T.);
#4547=EDGE_CURVE('',#3404,#3669,#1856,.T.);
#4548=EDGE_CURVE('',#3670,#3669,#1857,.T.);
#4549=EDGE_CURVE('',#3612,#3670,#1858,.T.);
#4550=EDGE_CURVE('',#3671,#3670,#1859,.T.);
#4551=EDGE_CURVE('',#3230,#3671,#1860,.T.);
#4552=EDGE_CURVE('',#3672,#3671,#1861,.T.);
#4553=EDGE_CURVE('',#3241,#3672,#1862,.T.);
#4554=EDGE_CURVE('',#3673,#3672,#1863,.T.);
#4555=EDGE_CURVE('',#3240,#3673,#1864,.T.);
#4556=EDGE_CURVE('',#3674,#3673,#1865,.T.);
#4557=EDGE_CURVE('',#3239,#3674,#1866,.T.);
#4558=EDGE_CURVE('',#3675,#3674,#1867,.T.);
#4559=EDGE_CURVE('',#3238,#3675,#1868,.T.);
#4560=EDGE_CURVE('',#3676,#3675,#1869,.T.);
#4561=EDGE_CURVE('',#3583,#3676,#1870,.T.);
#4562=EDGE_CURVE('',#3677,#3676,#1871,.T.);
#4563=EDGE_CURVE('',#3582,#3677,#1872,.T.);
#4564=EDGE_CURVE('',#3678,#3677,#1873,.T.);
#4565=EDGE_CURVE('',#3581,#3678,#1874,.T.);
#4566=EDGE_CURVE('',#3679,#3678,#1875,.T.);
#4567=EDGE_CURVE('',#3579,#3679,#1876,.T.);
#4568=EDGE_CURVE('',#3680,#3679,#1877,.T.);
#4569=EDGE_CURVE('',#3580,#3680,#1878,.T.);
#4570=EDGE_CURVE('',#3681,#3680,#1879,.T.);
#4571=EDGE_CURVE('',#3584,#3681,#1880,.T.);
#4572=EDGE_CURVE('',#3682,#3681,#1881,.T.);
#4573=EDGE_CURVE('',#3256,#3682,#1882,.T.);
#4574=EDGE_CURVE('',#3640,#3682,#1883,.T.);
#4575=EDGE_CURVE('',#3683,#3663,#1884,.T.);
#4576=EDGE_CURVE('',#3684,#3683,#1885,.T.);
#4577=EDGE_CURVE('',#3684,#3662,#1886,.T.);
#4578=EDGE_CURVE('',#3685,#3664,#1887,.T.);
#4579=EDGE_CURVE('',#3683,#3685,#1888,.T.);
#4580=EDGE_CURVE('',#3665,#3686,#1889,.T.);
#4581=EDGE_CURVE('',#3685,#3686,#1890,.T.);
#4582=EDGE_CURVE('',#3687,#3666,#1891,.T.);
#4583=EDGE_CURVE('',#3686,#3687,#1892,.T.);
#4584=EDGE_CURVE('',#3688,#3667,#1893,.T.);
#4585=EDGE_CURVE('',#3687,#3688,#1894,.T.);
#4586=EDGE_CURVE('',#3689,#3668,#1895,.T.);
#4587=EDGE_CURVE('',#3688,#3689,#1896,.T.);
#4588=EDGE_CURVE('',#3690,#3669,#1897,.T.);
#4589=EDGE_CURVE('',#3689,#3690,#1898,.T.);
#4590=EDGE_CURVE('',#3691,#3670,#1899,.T.);
#4591=EDGE_CURVE('',#3690,#3691,#1900,.T.);
#4592=EDGE_CURVE('',#3692,#3671,#1901,.T.);
#4593=EDGE_CURVE('',#3691,#3692,#1902,.T.);
#4594=EDGE_CURVE('',#3693,#3672,#1903,.T.);
#4595=EDGE_CURVE('',#3692,#3693,#1904,.T.);
#4596=EDGE_CURVE('',#3694,#3673,#1905,.T.);
#4597=EDGE_CURVE('',#3693,#3694,#1906,.T.);
#4598=EDGE_CURVE('',#3695,#3674,#1907,.T.);
#4599=EDGE_CURVE('',#3694,#3695,#1908,.T.);
#4600=EDGE_CURVE('',#3696,#3675,#1909,.T.);
#4601=EDGE_CURVE('',#3695,#3696,#1910,.T.);
#4602=EDGE_CURVE('',#3697,#3676,#1911,.T.);
#4603=EDGE_CURVE('',#3696,#3697,#1912,.T.);
#4604=EDGE_CURVE('',#3698,#3677,#1913,.T.);
#4605=EDGE_CURVE('',#3697,#3698,#1914,.T.);
#4606=EDGE_CURVE('',#3699,#3678,#1915,.T.);
#4607=EDGE_CURVE('',#3698,#3699,#1916,.T.);
#4608=EDGE_CURVE('',#3700,#3679,#1917,.T.);
#4609=EDGE_CURVE('',#3699,#3700,#1918,.T.);
#4610=EDGE_CURVE('',#3701,#3680,#1919,.T.);
#4611=EDGE_CURVE('',#3700,#3701,#1920,.T.);
#4612=EDGE_CURVE('',#3702,#3681,#1921,.T.);
#4613=EDGE_CURVE('',#3701,#3702,#1922,.T.);
#4614=EDGE_CURVE('',#3703,#3682,#1923,.T.);
#4615=EDGE_CURVE('',#3702,#3703,#1924,.T.);
#4616=EDGE_CURVE('',#3704,#3640,#1925,.T.);
#4617=EDGE_CURVE('',#3703,#3704,#1926,.T.);
#4618=EDGE_CURVE('',#3705,#3639,#1927,.T.);
#4619=EDGE_CURVE('',#3704,#3705,#1928,.T.);
#4620=EDGE_CURVE('',#3706,#3707,#3196,.T.);
#4621=EDGE_CURVE('',#3707,#3708,#1929,.T.);
#4622=EDGE_CURVE('',#3708,#3709,#3197,.T.);
#4623=EDGE_CURVE('',#3709,#3706,#1930,.T.);
#4624=EDGE_CURVE('',#3707,#3710,#15,.T.);
#4625=EDGE_CURVE('',#3706,#3710,#1931,.T.);
#4626=EDGE_CURVE('',#3708,#3711,#16,.F.);
#4627=EDGE_CURVE('',#3711,#3709,#1932,.T.);
#4628=EDGE_CURVE('',#3711,#3712,#1933,.F.);
#4629=EDGE_CURVE('',#3713,#3712,#1934,.T.);
#4630=EDGE_CURVE('',#3713,#3710,#1935,.F.);
#4631=EDGE_CURVE('',#3714,#3715,#3198,.T.);
#4632=EDGE_CURVE('',#3715,#3716,#1936,.T.);
#4633=EDGE_CURVE('',#3716,#3717,#3199,.T.);
#4634=EDGE_CURVE('',#3717,#3714,#1937,.T.);
#4635=EDGE_CURVE('',#3717,#3718,#1938,.T.);
#4636=EDGE_CURVE('',#3719,#3718,#1939,.T.);
#4637=EDGE_CURVE('',#3719,#3714,#1940,.T.);
#4638=EDGE_CURVE('',#3716,#3720,#1941,.T.);
#4639=EDGE_CURVE('',#3718,#3720,#1942,.T.);
#4640=EDGE_CURVE('',#3721,#3722,#3200,.T.);
#4641=EDGE_CURVE('',#3722,#3723,#1943,.T.);
#4642=EDGE_CURVE('',#3723,#3724,#3201,.T.);
#4643=EDGE_CURVE('',#3724,#3721,#1944,.T.);
#4644=EDGE_CURVE('',#3724,#3725,#1945,.T.);
#4645=EDGE_CURVE('',#3726,#3725,#1946,.T.);
#4646=EDGE_CURVE('',#3726,#3721,#1947,.T.);
#4647=EDGE_CURVE('',#3727,#3723,#1948,.T.);
#4648=EDGE_CURVE('',#3725,#3727,#1949,.T.);
#4649=EDGE_CURVE('',#3728,#3729,#17,.T.);
#4650=EDGE_CURVE('',#3728,#3730,#1950,.T.);
#4651=EDGE_CURVE('',#3730,#3731,#18,.F.);
#4652=EDGE_CURVE('',#3731,#3729,#1951,.T.);
#4653=EDGE_CURVE('',#3731,#3732,#1952,.F.);
#4654=EDGE_CURVE('',#3733,#3732,#1953,.T.);
#4655=EDGE_CURVE('',#3733,#3729,#1954,.F.);
#4656=EDGE_CURVE('',#3734,#3735,#3202,.T.);
#4657=EDGE_CURVE('',#3735,#3736,#1955,.T.);
#4658=EDGE_CURVE('',#3736,#3737,#3203,.T.);
#4659=EDGE_CURVE('',#3737,#3734,#1956,.T.);
#4660=EDGE_CURVE('',#3738,#3736,#1957,.T.);
#4661=EDGE_CURVE('',#3739,#3738,#1958,.T.);
#4662=EDGE_CURVE('',#3737,#3739,#1959,.T.);
#4663=EDGE_CURVE('',#3735,#3740,#1960,.T.);
#4664=EDGE_CURVE('',#3738,#3740,#1961,.T.);
#4665=EDGE_CURVE('',#3741,#3734,#1962,.T.);
#4666=EDGE_CURVE('',#3740,#3741,#1963,.T.);
#4667=EDGE_CURVE('',#3742,#3743,#3204,.T.);
#4668=EDGE_CURVE('',#3743,#3744,#1964,.T.);
#4669=EDGE_CURVE('',#3744,#3745,#3205,.T.);
#4670=EDGE_CURVE('',#3745,#3742,#1965,.T.);
#4671=EDGE_CURVE('',#3746,#3743,#1966,.T.);
#4672=EDGE_CURVE('',#3747,#3746,#1967,.T.);
#4673=EDGE_CURVE('',#3744,#3747,#1968,.T.);
#4674=EDGE_CURVE('',#3748,#3742,#1969,.T.);
#4675=EDGE_CURVE('',#3746,#3748,#1970,.T.);
#4676=EDGE_CURVE('',#3745,#3749,#1971,.T.);
#4677=EDGE_CURVE('',#3748,#3749,#1972,.T.);
#4678=EDGE_CURVE('',#3750,#3751,#3206,.T.);
#4679=EDGE_CURVE('',#3751,#3752,#1973,.T.);
#4680=EDGE_CURVE('',#3752,#3753,#3207,.T.);
#4681=EDGE_CURVE('',#3753,#3750,#1974,.T.);
#4682=EDGE_CURVE('',#3750,#3754,#19,.F.);
#4683=EDGE_CURVE('',#3754,#3751,#1975,.T.);
#4684=EDGE_CURVE('',#3753,#3755,#20,.T.);
#4685=EDGE_CURVE('',#3752,#3755,#1976,.T.);
#4686=EDGE_CURVE('',#3754,#3756,#1977,.F.);
#4687=EDGE_CURVE('',#3757,#3756,#1978,.T.);
#4688=EDGE_CURVE('',#3757,#3755,#1979,.F.);
#4689=EDGE_CURVE('',#3758,#3759,#3208,.T.);
#4690=EDGE_CURVE('',#3759,#3760,#1980,.T.);
#4691=EDGE_CURVE('',#3760,#3761,#3209,.T.);
#4692=EDGE_CURVE('',#3761,#3758,#1981,.T.);
#4693=EDGE_CURVE('',#3761,#3762,#1982,.T.);
#4694=EDGE_CURVE('',#3763,#3762,#1983,.T.);
#4695=EDGE_CURVE('',#3763,#3758,#1984,.T.);
#4696=EDGE_CURVE('',#3764,#3760,#1985,.T.);
#4697=EDGE_CURVE('',#3762,#3764,#1986,.T.);
#4698=EDGE_CURVE('',#3759,#3765,#1987,.T.);
#4699=EDGE_CURVE('',#3764,#3765,#1988,.T.);
#4700=EDGE_CURVE('',#3766,#3767,#3210,.T.);
#4701=EDGE_CURVE('',#3767,#3768,#1989,.T.);
#4702=EDGE_CURVE('',#3768,#3769,#3211,.T.);
#4703=EDGE_CURVE('',#3769,#3766,#1990,.T.);
#4704=EDGE_CURVE('',#3770,#3767,#1991,.T.);
#4705=EDGE_CURVE('',#3771,#3770,#1992,.T.);
#4706=EDGE_CURVE('',#3768,#3771,#1993,.T.);
#4707=EDGE_CURVE('',#3772,#3766,#1994,.T.);
#4708=EDGE_CURVE('',#3770,#3772,#1995,.T.);
#4709=EDGE_CURVE('',#3769,#3773,#1996,.T.);
#4710=EDGE_CURVE('',#3772,#3773,#1997,.T.);
#4711=EDGE_CURVE('',#3774,#3775,#21,.F.);
#4712=EDGE_CURVE('',#3775,#3776,#1998,.T.);
#4713=EDGE_CURVE('',#3777,#3776,#22,.T.);
#4714=EDGE_CURVE('',#3777,#3774,#1999,.T.);
#4715=EDGE_CURVE('',#3778,#3777,#2000,.T.);
#4716=EDGE_CURVE('',#3779,#3778,#2001,.T.);
#4717=EDGE_CURVE('',#3774,#3779,#2002,.T.);
#4718=EDGE_CURVE('',#3780,#3781,#3212,.T.);
#4719=EDGE_CURVE('',#3781,#3782,#2003,.T.);
#4720=EDGE_CURVE('',#3782,#3783,#3213,.T.);
#4721=EDGE_CURVE('',#3783,#3780,#2004,.T.);
#4722=EDGE_CURVE('',#3782,#3784,#2005,.T.);
#4723=EDGE_CURVE('',#3785,#3784,#2006,.T.);
#4724=EDGE_CURVE('',#3783,#3785,#2007,.T.);
#4725=EDGE_CURVE('',#3786,#3781,#2008,.T.);
#4726=EDGE_CURVE('',#3784,#3786,#2009,.T.);
#4727=EDGE_CURVE('',#3787,#3780,#2010,.T.);
#4728=EDGE_CURVE('',#3786,#3787,#2011,.T.);
#4729=EDGE_CURVE('',#3788,#3789,#3214,.T.);
#4730=EDGE_CURVE('',#3789,#3790,#2012,.T.);
#4731=EDGE_CURVE('',#3790,#3791,#3215,.T.);
#4732=EDGE_CURVE('',#3791,#3788,#2013,.T.);
#4733=EDGE_CURVE('',#3791,#3792,#2014,.T.);
#4734=EDGE_CURVE('',#3793,#3792,#2015,.T.);
#4735=EDGE_CURVE('',#3793,#3788,#2016,.T.);
#4736=EDGE_CURVE('',#3794,#3790,#2017,.T.);
#4737=EDGE_CURVE('',#3792,#3794,#2018,.T.);
#4738=EDGE_CURVE('',#3789,#3795,#2019,.T.);
#4739=EDGE_CURVE('',#3794,#3795,#2020,.T.);
#4740=EDGE_CURVE('',#3787,#3785,#2021,.T.);
#4741=EDGE_CURVE('',#3795,#3793,#2022,.T.);
#4742=EDGE_CURVE('',#3775,#3796,#2023,.F.);
#4743=EDGE_CURVE('',#3797,#3796,#2024,.T.);
#4744=EDGE_CURVE('',#3797,#3776,#2025,.F.);
#4745=EDGE_CURVE('',#3773,#3771,#2026,.T.);
#4746=EDGE_CURVE('',#3765,#3763,#2027,.T.);
#4747=EDGE_CURVE('',#3741,#3739,#2028,.T.);
#4748=EDGE_CURVE('',#3749,#3747,#2029,.T.);
#4749=EDGE_CURVE('',#3798,#3753,#2030,.T.);
#4750=EDGE_CURVE('',#3799,#3798,#2031,.T.);
#4751=EDGE_CURVE('',#3750,#3799,#2032,.T.);
#4752=EDGE_CURVE('',#3753,#3800,#2033,.T.);
#4753=EDGE_CURVE('',#3596,#3757,#2034,.T.);
#4754=EDGE_CURVE('',#3595,#3801,#2035,.T.);
#4755=EDGE_CURVE('',#3800,#3801,#2036,.T.);
#4756=EDGE_CURVE('',#3585,#3756,#2037,.T.);
#4757=EDGE_CURVE('',#3802,#3793,#2038,.T.);
#4758=EDGE_CURVE('',#3629,#3802,#2039,.T.);
#4759=EDGE_CURVE('',#3472,#3803,#2040,.T.);
#4760=EDGE_CURVE('',#3792,#3803,#2041,.T.);
#4761=EDGE_CURVE('',#3804,#3747,#2042,.T.);
#4762=EDGE_CURVE('',#3594,#3804,#2043,.T.);
#4763=EDGE_CURVE('',#3620,#3805,#2044,.T.);
#4764=EDGE_CURVE('',#3746,#3805,#2045,.T.);
#4765=EDGE_CURVE('',#3806,#3719,#2046,.T.);
#4766=EDGE_CURVE('',#3806,#3715,#2047,.T.);
#4767=EDGE_CURVE('',#3720,#3806,#2048,.T.);
#4768=EDGE_CURVE('',#3807,#3720,#2049,.T.);
#4769=EDGE_CURVE('',#3600,#3807,#2050,.T.);
#4770=EDGE_CURVE('',#3636,#3808,#2051,.T.);
#4771=EDGE_CURVE('',#3806,#3808,#2052,.T.);
#4772=EDGE_CURVE('',#3809,#3728,#2053,.T.);
#4773=EDGE_CURVE('',#3810,#3809,#2054,.T.);
#4774=EDGE_CURVE('',#3730,#3810,#2055,.T.);
#4775=EDGE_CURVE('',#3777,#3811,#2056,.T.);
#4776=EDGE_CURVE('',#3621,#3797,#2057,.T.);
#4777=EDGE_CURVE('',#3494,#3811,#2058,.T.);
#4778=EDGE_CURVE('',#3622,#3796,#2059,.T.);
#4779=EDGE_CURVE('',#3812,#3726,#2060,.T.);
#4780=EDGE_CURVE('',#3722,#3812,#2061,.T.);
#4781=EDGE_CURVE('',#3727,#3812,#2062,.T.);
#4782=EDGE_CURVE('',#3813,#3707,#2063,.T.);
#4783=EDGE_CURVE('',#3814,#3813,#2064,.T.);
#4784=EDGE_CURVE('',#3708,#3814,#2065,.T.);
#4785=EDGE_CURVE('',#3707,#3815,#2066,.T.);
#4786=EDGE_CURVE('',#3816,#3713,#2067,.T.);
#4787=EDGE_CURVE('',#3503,#3816,#2068,.T.);
#4788=EDGE_CURVE('',#3502,#3817,#2069,.T.);
#4789=EDGE_CURVE('',#3815,#3817,#2070,.T.);
#4790=EDGE_CURVE('',#3818,#3712,#2071,.T.);
#4791=EDGE_CURVE('',#3816,#3818,#2072,.T.);
#4792=EDGE_CURVE('',#3819,#3771,#2073,.T.);
#4793=EDGE_CURVE('',#3493,#3819,#2074,.T.);
#4794=EDGE_CURVE('',#3616,#3820,#2075,.T.);
#4795=EDGE_CURVE('',#3770,#3820,#2076,.T.);
#4796=EDGE_CURVE('',#3818,#3478,#2077,.T.);
#4797=EDGE_CURVE('',#3821,#3807,#2078,.T.);
#4798=EDGE_CURVE('',#3601,#3821,#2079,.T.);
#4799=EDGE_CURVE('',#3625,#3733,#2080,.T.);
#4800=EDGE_CURVE('',#3728,#3821,#2081,.T.);
#4801=EDGE_CURVE('',#3626,#3732,#2082,.T.);
#4802=EDGE_CURVE('',#3822,#3730,#2083,.T.);
#4803=EDGE_CURVE('',#3607,#3822,#2084,.T.);
#4804=EDGE_CURVE('',#3823,#3822,#2085,.T.);
#4805=EDGE_CURVE('',#3608,#3823,#2086,.T.);
#4806=EDGE_CURVE('',#3824,#3738,#2087,.T.);
#4807=EDGE_CURVE('',#3617,#3824,#2088,.T.);
#4808=EDGE_CURVE('',#3740,#3823,#2089,.T.);
#4809=EDGE_CURVE('',#3825,#3824,#2090,.T.);
#4810=EDGE_CURVE('',#3618,#3825,#2091,.T.);
#4811=EDGE_CURVE('',#3826,#3825,#2092,.T.);
#4812=EDGE_CURVE('',#3619,#3826,#2093,.T.);
#4813=EDGE_CURVE('',#3805,#3826,#2094,.T.);
#4814=EDGE_CURVE('',#3801,#3804,#2095,.T.);
#4815=EDGE_CURVE('',#3827,#3828,#2096,.T.);
#4816=EDGE_CURVE('',#3586,#3827,#2097,.T.);
#4817=EDGE_CURVE('',#3828,#3750,#2098,.T.);
#4818=EDGE_CURVE('',#3829,#3827,#2099,.T.);
#4819=EDGE_CURVE('',#3587,#3829,#2100,.T.);
#4820=EDGE_CURVE('',#3830,#3763,#2101,.T.);
#4821=EDGE_CURVE('',#3613,#3830,#2102,.T.);
#4822=EDGE_CURVE('',#3762,#3829,#2103,.T.);
#4823=EDGE_CURVE('',#3831,#3830,#2104,.T.);
#4824=EDGE_CURVE('',#3614,#3831,#2105,.T.);
#4825=EDGE_CURVE('',#3832,#3831,#2106,.T.);
#4826=EDGE_CURVE('',#3615,#3832,#2107,.T.);
#4827=EDGE_CURVE('',#3820,#3832,#2108,.T.);
#4828=EDGE_CURVE('',#3811,#3819,#2109,.T.);
#4829=EDGE_CURVE('',#3833,#3774,#2110,.T.);
#4830=EDGE_CURVE('',#3471,#3833,#2111,.T.);
#4831=EDGE_CURVE('',#3803,#3833,#2112,.T.);
#4832=EDGE_CURVE('',#3834,#3802,#2113,.T.);
#4833=EDGE_CURVE('',#3630,#3834,#2114,.T.);
#4834=EDGE_CURVE('',#3835,#3834,#2115,.T.);
#4835=EDGE_CURVE('',#3631,#3835,#2116,.T.);
#4836=EDGE_CURVE('',#3836,#3835,#2117,.T.);
#4837=EDGE_CURVE('',#3632,#3836,#2118,.T.);
#4838=EDGE_CURVE('',#3837,#3784,#2119,.T.);
#4839=EDGE_CURVE('',#3499,#3837,#2120,.T.);
#4840=EDGE_CURVE('',#3786,#3836,#2121,.T.);
#4841=EDGE_CURVE('',#3838,#3837,#2122,.T.);
#4842=EDGE_CURVE('',#3500,#3838,#2123,.T.);
#4843=EDGE_CURVE('',#3839,#3838,#2124,.T.);
#4844=EDGE_CURVE('',#3501,#3839,#2125,.T.);
#4845=EDGE_CURVE('',#3817,#3839,#2126,.T.);
#4846=EDGE_CURVE('',#3840,#3841,#2127,.T.);
#4847=EDGE_CURVE('',#3479,#3840,#2128,.T.);
#4848=EDGE_CURVE('',#3841,#3708,#2129,.T.);
#4849=EDGE_CURVE('',#3842,#3840,#2130,.T.);
#4850=EDGE_CURVE('',#3480,#3842,#2131,.T.);
#4851=EDGE_CURVE('',#3843,#3842,#2132,.T.);
#4852=EDGE_CURVE('',#3481,#3843,#2133,.T.);
#4853=EDGE_CURVE('',#3844,#3843,#2134,.T.);
#4854=EDGE_CURVE('',#3482,#3844,#2135,.T.);
#4855=EDGE_CURVE('',#3845,#3727,#2136,.T.);
#4856=EDGE_CURVE('',#3633,#3845,#2137,.T.);
#4857=EDGE_CURVE('',#3812,#3844,#2138,.T.);
#4858=EDGE_CURVE('',#3846,#3845,#2139,.T.);
#4859=EDGE_CURVE('',#3634,#3846,#2140,.T.);
#4860=EDGE_CURVE('',#3847,#3846,#2141,.T.);
#4861=EDGE_CURVE('',#3635,#3847,#2142,.T.);
#4862=EDGE_CURVE('',#3808,#3847,#2143,.T.);
#4863=EDGE_CURVE('',#3848,#3684,#2144,.T.);
#4864=EDGE_CURVE('',#3848,#3661,#2145,.T.);
#4865=EDGE_CURVE('',#3849,#3848,#2146,.T.);
#4866=EDGE_CURVE('',#3849,#3660,#2147,.T.);
#4867=EDGE_CURVE('',#3850,#3849,#2148,.T.);
#4868=EDGE_CURVE('',#3850,#3659,#2149,.T.);
#4869=EDGE_CURVE('',#3851,#3850,#2150,.T.);
#4870=EDGE_CURVE('',#3851,#3658,#2151,.T.);
#4871=EDGE_CURVE('',#3852,#3851,#2152,.T.);
#4872=EDGE_CURVE('',#3852,#3657,#2153,.T.);
#4873=EDGE_CURVE('',#3853,#3852,#2154,.T.);
#4874=EDGE_CURVE('',#3853,#3656,#2155,.T.);
#4875=EDGE_CURVE('',#3854,#3853,#2156,.T.);
#4876=EDGE_CURVE('',#3854,#3655,#2157,.T.);
#4877=EDGE_CURVE('',#3855,#3854,#2158,.T.);
#4878=EDGE_CURVE('',#3855,#3654,#2159,.T.);
#4879=EDGE_CURVE('',#3856,#3855,#2160,.T.);
#4880=EDGE_CURVE('',#3856,#3653,#2161,.T.);
#4881=EDGE_CURVE('',#3857,#3856,#2162,.T.);
#4882=EDGE_CURVE('',#3857,#3652,#2163,.T.);
#4883=EDGE_CURVE('',#3858,#3857,#2164,.T.);
#4884=EDGE_CURVE('',#3858,#3651,#2165,.T.);
#4885=EDGE_CURVE('',#3859,#3858,#2166,.T.);
#4886=EDGE_CURVE('',#3859,#3650,#2167,.T.);
#4887=EDGE_CURVE('',#3860,#3859,#2168,.T.);
#4888=EDGE_CURVE('',#3860,#3649,#2169,.T.);
#4889=EDGE_CURVE('',#3861,#3860,#2170,.T.);
#4890=EDGE_CURVE('',#3861,#3648,#2171,.T.);
#4891=EDGE_CURVE('',#3862,#3861,#2172,.T.);
#4892=EDGE_CURVE('',#3862,#3647,#2173,.T.);
#4893=EDGE_CURVE('',#3863,#3862,#2174,.T.);
#4894=EDGE_CURVE('',#3863,#3646,#2175,.T.);
#4895=EDGE_CURVE('',#3864,#3863,#2176,.T.);
#4896=EDGE_CURVE('',#3864,#3645,#2177,.T.);
#4897=EDGE_CURVE('',#3865,#3864,#2178,.T.);
#4898=EDGE_CURVE('',#3865,#3644,#2179,.T.);
#4899=EDGE_CURVE('',#3866,#3865,#2180,.T.);
#4900=EDGE_CURVE('',#3866,#3643,#2181,.T.);
#4901=EDGE_CURVE('',#3867,#3866,#2182,.T.);
#4902=EDGE_CURVE('',#3867,#3642,#2183,.T.);
#4903=EDGE_CURVE('',#3868,#3867,#2184,.T.);
#4904=EDGE_CURVE('',#3868,#3641,#2185,.T.);
#4905=EDGE_CURVE('',#3705,#3868,#2186,.T.);
#4906=ORIENTED_EDGE('',*,*,#3869,.T.);
#4907=ORIENTED_EDGE('',*,*,#3870,.T.);
#4908=ORIENTED_EDGE('',*,*,#3871,.T.);
#4909=ORIENTED_EDGE('',*,*,#3870,.F.);
#4910=ORIENTED_EDGE('',*,*,#3871,.F.);
#4911=ORIENTED_EDGE('',*,*,#3872,.T.);
#4912=ORIENTED_EDGE('',*,*,#3873,.F.);
#4913=ORIENTED_EDGE('',*,*,#3872,.F.);
#4914=ORIENTED_EDGE('',*,*,#3874,.T.);
#4915=ORIENTED_EDGE('',*,*,#3875,.T.);
#4916=ORIENTED_EDGE('',*,*,#3876,.T.);
#4917=ORIENTED_EDGE('',*,*,#3877,.F.);
#4918=ORIENTED_EDGE('',*,*,#3878,.F.);
#4919=ORIENTED_EDGE('',*,*,#3879,.F.);
#4920=ORIENTED_EDGE('',*,*,#3880,.F.);
#4921=ORIENTED_EDGE('',*,*,#3881,.F.);
#4922=ORIENTED_EDGE('',*,*,#3869,.F.);
#4923=ORIENTED_EDGE('',*,*,#3882,.T.);
#4924=ORIENTED_EDGE('',*,*,#3883,.T.);
#4925=ORIENTED_EDGE('',*,*,#3884,.T.);
#4926=ORIENTED_EDGE('',*,*,#3883,.F.);
#4927=ORIENTED_EDGE('',*,*,#3884,.F.);
#4928=ORIENTED_EDGE('',*,*,#3885,.T.);
#4929=ORIENTED_EDGE('',*,*,#3886,.F.);
#4930=ORIENTED_EDGE('',*,*,#3885,.F.);
#4931=ORIENTED_EDGE('',*,*,#3887,.T.);
#4932=ORIENTED_EDGE('',*,*,#3888,.T.);
#4933=ORIENTED_EDGE('',*,*,#3889,.T.);
#4934=ORIENTED_EDGE('',*,*,#3890,.T.);
#4935=ORIENTED_EDGE('',*,*,#3891,.F.);
#4936=ORIENTED_EDGE('',*,*,#3892,.T.);
#4937=ORIENTED_EDGE('',*,*,#3893,.T.);
#4938=ORIENTED_EDGE('',*,*,#3894,.F.);
#4939=ORIENTED_EDGE('',*,*,#3895,.F.);
#4940=ORIENTED_EDGE('',*,*,#3896,.F.);
#4941=ORIENTED_EDGE('',*,*,#3897,.F.);
#4942=ORIENTED_EDGE('',*,*,#3898,.F.);
#4943=ORIENTED_EDGE('',*,*,#3882,.F.);
#4944=ORIENTED_EDGE('',*,*,#3899,.T.);
#4945=ORIENTED_EDGE('',*,*,#3900,.T.);
#4946=ORIENTED_EDGE('',*,*,#3901,.T.);
#4947=ORIENTED_EDGE('',*,*,#3900,.F.);
#4948=ORIENTED_EDGE('',*,*,#3901,.F.);
#4949=ORIENTED_EDGE('',*,*,#3902,.T.);
#4950=ORIENTED_EDGE('',*,*,#3903,.F.);
#4951=ORIENTED_EDGE('',*,*,#3902,.F.);
#4952=ORIENTED_EDGE('',*,*,#3904,.T.);
#4953=ORIENTED_EDGE('',*,*,#3905,.T.);
#4954=ORIENTED_EDGE('',*,*,#3906,.T.);
#4955=ORIENTED_EDGE('',*,*,#3907,.T.);
#4956=ORIENTED_EDGE('',*,*,#3908,.F.);
#4957=ORIENTED_EDGE('',*,*,#3909,.T.);
#4958=ORIENTED_EDGE('',*,*,#3910,.T.);
#4959=ORIENTED_EDGE('',*,*,#3911,.F.);
#4960=ORIENTED_EDGE('',*,*,#3912,.F.);
#4961=ORIENTED_EDGE('',*,*,#3913,.F.);
#4962=ORIENTED_EDGE('',*,*,#3914,.F.);
#4963=ORIENTED_EDGE('',*,*,#3915,.F.);
#4964=ORIENTED_EDGE('',*,*,#3899,.F.);
#4965=ORIENTED_EDGE('',*,*,#3916,.T.);
#4966=ORIENTED_EDGE('',*,*,#3917,.T.);
#4967=ORIENTED_EDGE('',*,*,#3918,.T.);
#4968=ORIENTED_EDGE('',*,*,#3917,.F.);
#4969=ORIENTED_EDGE('',*,*,#3918,.F.);
#4970=ORIENTED_EDGE('',*,*,#3919,.T.);
#4971=ORIENTED_EDGE('',*,*,#3920,.F.);
#4972=ORIENTED_EDGE('',*,*,#3919,.F.);
#4973=ORIENTED_EDGE('',*,*,#3921,.T.);
#4974=ORIENTED_EDGE('',*,*,#3922,.T.);
#4975=ORIENTED_EDGE('',*,*,#3923,.T.);
#4976=ORIENTED_EDGE('',*,*,#3924,.F.);
#4977=ORIENTED_EDGE('',*,*,#3925,.F.);
#4978=ORIENTED_EDGE('',*,*,#3926,.F.);
#4979=ORIENTED_EDGE('',*,*,#3927,.F.);
#4980=ORIENTED_EDGE('',*,*,#3928,.F.);
#4981=ORIENTED_EDGE('',*,*,#3916,.F.);
#4982=ORIENTED_EDGE('',*,*,#3929,.F.);
#4983=ORIENTED_EDGE('',*,*,#3930,.T.);
#4984=ORIENTED_EDGE('',*,*,#3931,.F.);
#4985=ORIENTED_EDGE('',*,*,#3932,.T.);
#4986=ORIENTED_EDGE('',*,*,#3932,.F.);
#4987=ORIENTED_EDGE('',*,*,#3933,.T.);
#4988=ORIENTED_EDGE('',*,*,#3934,.T.);
#4989=ORIENTED_EDGE('',*,*,#3935,.F.);
#4990=ORIENTED_EDGE('',*,*,#3936,.T.);
#4991=ORIENTED_EDGE('',*,*,#3937,.T.);
#4992=ORIENTED_EDGE('',*,*,#3938,.T.);
#4993=ORIENTED_EDGE('',*,*,#3939,.T.);
#4994=ORIENTED_EDGE('',*,*,#3939,.F.);
#4995=ORIENTED_EDGE('',*,*,#3940,.F.);
#4996=ORIENTED_EDGE('',*,*,#3941,.F.);
#4997=ORIENTED_EDGE('',*,*,#3942,.T.);
#4998=ORIENTED_EDGE('',*,*,#3943,.F.);
#4999=ORIENTED_EDGE('',*,*,#3944,.T.);
#5000=ORIENTED_EDGE('',*,*,#3945,.F.);
#5001=ORIENTED_EDGE('',*,*,#3946,.T.);
#5002=ORIENTED_EDGE('',*,*,#3946,.F.);
#5003=ORIENTED_EDGE('',*,*,#3947,.T.);
#5004=ORIENTED_EDGE('',*,*,#3948,.T.);
#5005=ORIENTED_EDGE('',*,*,#3949,.F.);
#5006=ORIENTED_EDGE('',*,*,#3950,.T.);
#5007=ORIENTED_EDGE('',*,*,#3951,.T.);
#5008=ORIENTED_EDGE('',*,*,#3952,.T.);
#5009=ORIENTED_EDGE('',*,*,#3953,.T.);
#5010=ORIENTED_EDGE('',*,*,#3953,.F.);
#5011=ORIENTED_EDGE('',*,*,#3954,.F.);
#5012=ORIENTED_EDGE('',*,*,#3955,.F.);
#5013=ORIENTED_EDGE('',*,*,#3956,.T.);
#5014=ORIENTED_EDGE('',*,*,#3957,.F.);
#5015=ORIENTED_EDGE('',*,*,#3958,.T.);
#5016=ORIENTED_EDGE('',*,*,#3889,.F.);
#5017=ORIENTED_EDGE('',*,*,#3959,.T.);
#5018=ORIENTED_EDGE('',*,*,#3959,.F.);
#5019=ORIENTED_EDGE('',*,*,#3960,.T.);
#5020=ORIENTED_EDGE('',*,*,#3961,.T.);
#5021=ORIENTED_EDGE('',*,*,#3962,.F.);
#5022=ORIENTED_EDGE('',*,*,#3891,.T.);
#5023=ORIENTED_EDGE('',*,*,#3963,.T.);
#5024=ORIENTED_EDGE('',*,*,#3964,.T.);
#5025=ORIENTED_EDGE('',*,*,#3965,.T.);
#5026=ORIENTED_EDGE('',*,*,#3965,.F.);
#5027=ORIENTED_EDGE('',*,*,#3966,.F.);
#5028=ORIENTED_EDGE('',*,*,#3967,.F.);
#5029=ORIENTED_EDGE('',*,*,#3968,.T.);
#5030=ORIENTED_EDGE('',*,*,#3969,.F.);
#5031=ORIENTED_EDGE('',*,*,#3970,.T.);
#5032=ORIENTED_EDGE('',*,*,#3906,.F.);
#5033=ORIENTED_EDGE('',*,*,#3971,.T.);
#5034=ORIENTED_EDGE('',*,*,#3971,.F.);
#5035=ORIENTED_EDGE('',*,*,#3972,.T.);
#5036=ORIENTED_EDGE('',*,*,#3973,.T.);
#5037=ORIENTED_EDGE('',*,*,#3974,.F.);
#5038=ORIENTED_EDGE('',*,*,#3908,.T.);
#5039=ORIENTED_EDGE('',*,*,#3975,.T.);
#5040=ORIENTED_EDGE('',*,*,#3976,.T.);
#5041=ORIENTED_EDGE('',*,*,#3977,.T.);
#5042=ORIENTED_EDGE('',*,*,#3977,.F.);
#5043=ORIENTED_EDGE('',*,*,#3978,.F.);
#5044=ORIENTED_EDGE('',*,*,#3979,.F.);
#5045=ORIENTED_EDGE('',*,*,#3980,.T.);
#5046=ORIENTED_EDGE('',*,*,#3981,.F.);
#5047=ORIENTED_EDGE('',*,*,#3982,.T.);
#5048=ORIENTED_EDGE('',*,*,#3983,.F.);
#5049=ORIENTED_EDGE('',*,*,#3984,.T.);
#5050=ORIENTED_EDGE('',*,*,#3984,.F.);
#5051=ORIENTED_EDGE('',*,*,#3985,.F.);
#5052=ORIENTED_EDGE('',*,*,#3986,.F.);
#5053=ORIENTED_EDGE('',*,*,#3987,.T.);
#5054=ORIENTED_EDGE('',*,*,#3988,.T.);
#5055=ORIENTED_EDGE('',*,*,#3989,.T.);
#5056=ORIENTED_EDGE('',*,*,#3990,.T.);
#5057=ORIENTED_EDGE('',*,*,#3991,.T.);
#5058=ORIENTED_EDGE('',*,*,#3991,.F.);
#5059=ORIENTED_EDGE('',*,*,#3992,.T.);
#5060=ORIENTED_EDGE('',*,*,#3993,.T.);
#5061=ORIENTED_EDGE('',*,*,#3994,.F.);
#5062=ORIENTED_EDGE('',*,*,#3995,.T.);
#5063=ORIENTED_EDGE('',*,*,#3996,.T.);
#5064=ORIENTED_EDGE('',*,*,#3997,.T.);
#5065=ORIENTED_EDGE('',*,*,#3998,.T.);
#5066=ORIENTED_EDGE('',*,*,#3998,.F.);
#5067=ORIENTED_EDGE('',*,*,#3999,.T.);
#5068=ORIENTED_EDGE('',*,*,#4000,.T.);
#5069=ORIENTED_EDGE('',*,*,#4001,.F.);
#5070=ORIENTED_EDGE('',*,*,#4002,.F.);
#5071=ORIENTED_EDGE('',*,*,#4003,.T.);
#5072=ORIENTED_EDGE('',*,*,#4004,.F.);
#5073=ORIENTED_EDGE('',*,*,#4005,.T.);
#5074=ORIENTED_EDGE('',*,*,#4005,.F.);
#5075=ORIENTED_EDGE('',*,*,#4006,.F.);
#5076=ORIENTED_EDGE('',*,*,#4007,.F.);
#5077=ORIENTED_EDGE('',*,*,#4008,.T.);
#5078=ORIENTED_EDGE('',*,*,#4009,.T.);
#5079=ORIENTED_EDGE('',*,*,#4010,.T.);
#5080=ORIENTED_EDGE('',*,*,#4011,.T.);
#5081=ORIENTED_EDGE('',*,*,#4012,.T.);
#5082=ORIENTED_EDGE('',*,*,#4010,.F.);
#5083=ORIENTED_EDGE('',*,*,#4013,.T.);
#5084=ORIENTED_EDGE('',*,*,#4014,.T.);
#5085=ORIENTED_EDGE('',*,*,#4015,.F.);
#5086=ORIENTED_EDGE('',*,*,#4016,.T.);
#5087=ORIENTED_EDGE('',*,*,#4017,.T.);
#5088=ORIENTED_EDGE('',*,*,#4018,.T.);
#5089=ORIENTED_EDGE('',*,*,#4019,.T.);
#5090=ORIENTED_EDGE('',*,*,#4017,.F.);
#5091=ORIENTED_EDGE('',*,*,#4020,.T.);
#5092=ORIENTED_EDGE('',*,*,#4021,.T.);
#5093=ORIENTED_EDGE('',*,*,#4022,.F.);
#5094=ORIENTED_EDGE('',*,*,#4023,.T.);
#5095=ORIENTED_EDGE('',*,*,#4024,.T.);
#5096=ORIENTED_EDGE('',*,*,#4025,.T.);
#5097=ORIENTED_EDGE('',*,*,#4026,.T.);
#5098=ORIENTED_EDGE('',*,*,#4024,.F.);
#5099=ORIENTED_EDGE('',*,*,#4027,.F.);
#5100=ORIENTED_EDGE('',*,*,#4028,.F.);
#5101=ORIENTED_EDGE('',*,*,#4029,.F.);
#5102=ORIENTED_EDGE('',*,*,#4030,.T.);
#5103=ORIENTED_EDGE('',*,*,#4031,.T.);
#5104=ORIENTED_EDGE('',*,*,#4032,.T.);
#5105=ORIENTED_EDGE('',*,*,#4033,.T.);
#5106=ORIENTED_EDGE('',*,*,#4031,.F.);
#5107=ORIENTED_EDGE('',*,*,#4034,.T.);
#5108=ORIENTED_EDGE('',*,*,#4035,.T.);
#5109=ORIENTED_EDGE('',*,*,#4036,.F.);
#5110=ORIENTED_EDGE('',*,*,#4037,.T.);
#5111=ORIENTED_EDGE('',*,*,#4038,.T.);
#5112=ORIENTED_EDGE('',*,*,#4039,.T.);
#5113=ORIENTED_EDGE('',*,*,#4040,.T.);
#5114=ORIENTED_EDGE('',*,*,#4033,.F.);
#5115=ORIENTED_EDGE('',*,*,#4041,.F.);
#5116=ORIENTED_EDGE('',*,*,#4040,.F.);
#5117=ORIENTED_EDGE('',*,*,#4042,.T.);
#5118=ORIENTED_EDGE('',*,*,#4043,.F.);
#5119=ORIENTED_EDGE('',*,*,#4028,.T.);
#5120=ORIENTED_EDGE('',*,*,#4044,.F.);
#5121=ORIENTED_EDGE('',*,*,#4045,.T.);
#5122=ORIENTED_EDGE('',*,*,#4045,.F.);
#5123=ORIENTED_EDGE('',*,*,#4046,.F.);
#5124=ORIENTED_EDGE('',*,*,#4047,.F.);
#5125=ORIENTED_EDGE('',*,*,#4048,.F.);
#5126=ORIENTED_EDGE('',*,*,#4049,.T.);
#5127=ORIENTED_EDGE('',*,*,#4050,.T.);
#5128=ORIENTED_EDGE('',*,*,#4051,.F.);
#5129=ORIENTED_EDGE('',*,*,#4052,.F.);
#5130=ORIENTED_EDGE('',*,*,#4053,.T.);
#5131=ORIENTED_EDGE('',*,*,#4047,.T.);
#5132=ORIENTED_EDGE('',*,*,#4054,.F.);
#5133=ORIENTED_EDGE('',*,*,#4055,.T.);
#5134=ORIENTED_EDGE('',*,*,#4056,.T.);
#5135=ORIENTED_EDGE('',*,*,#4057,.T.);
#5136=ORIENTED_EDGE('',*,*,#4058,.T.);
#5137=ORIENTED_EDGE('',*,*,#4059,.F.);
#5138=ORIENTED_EDGE('',*,*,#4060,.T.);
#5139=ORIENTED_EDGE('',*,*,#4061,.T.);
#5140=ORIENTED_EDGE('',*,*,#4062,.T.);
#5141=ORIENTED_EDGE('',*,*,#4063,.T.);
#5142=ORIENTED_EDGE('',*,*,#4064,.T.);
#5143=ORIENTED_EDGE('',*,*,#4065,.T.);
#5144=ORIENTED_EDGE('',*,*,#4066,.T.);
#5145=ORIENTED_EDGE('',*,*,#4057,.F.);
#5146=ORIENTED_EDGE('',*,*,#4067,.T.);
#5147=ORIENTED_EDGE('',*,*,#4065,.F.);
#5148=ORIENTED_EDGE('',*,*,#4068,.T.);
#5149=ORIENTED_EDGE('',*,*,#4061,.F.);
#5150=ORIENTED_EDGE('',*,*,#4069,.T.);
#5151=ORIENTED_EDGE('',*,*,#4063,.F.);
#5152=ORIENTED_EDGE('',*,*,#4070,.T.);
#5153=ORIENTED_EDGE('',*,*,#4071,.T.);
#5154=ORIENTED_EDGE('',*,*,#4072,.T.);
#5155=ORIENTED_EDGE('',*,*,#4071,.F.);
#5156=ORIENTED_EDGE('',*,*,#4073,.T.);
#5157=ORIENTED_EDGE('',*,*,#4059,.T.);
#5158=ORIENTED_EDGE('',*,*,#4073,.F.);
#5159=ORIENTED_EDGE('',*,*,#4074,.T.);
#5160=ORIENTED_EDGE('',*,*,#4075,.F.);
#5161=ORIENTED_EDGE('',*,*,#4076,.F.);
#5162=ORIENTED_EDGE('',*,*,#4070,.F.);
#5163=ORIENTED_EDGE('',*,*,#4077,.T.);
#5164=ORIENTED_EDGE('',*,*,#4078,.F.);
#5165=ORIENTED_EDGE('',*,*,#4074,.F.);
#5166=ORIENTED_EDGE('',*,*,#4062,.F.);
#5167=ORIENTED_EDGE('',*,*,#4079,.T.);
#5168=ORIENTED_EDGE('',*,*,#4080,.F.);
#5169=ORIENTED_EDGE('',*,*,#4077,.F.);
#5170=ORIENTED_EDGE('',*,*,#4081,.T.);
#5171=ORIENTED_EDGE('',*,*,#4082,.T.);
#5172=ORIENTED_EDGE('',*,*,#4083,.T.);
#5173=ORIENTED_EDGE('',*,*,#4084,.F.);
#5174=ORIENTED_EDGE('',*,*,#4085,.T.);
#5175=ORIENTED_EDGE('',*,*,#4086,.T.);
#5176=ORIENTED_EDGE('',*,*,#4087,.T.);
#5177=ORIENTED_EDGE('',*,*,#4082,.F.);
#5178=ORIENTED_EDGE('',*,*,#4088,.T.);
#5179=ORIENTED_EDGE('',*,*,#4089,.T.);
#5180=ORIENTED_EDGE('',*,*,#4090,.T.);
#5181=ORIENTED_EDGE('',*,*,#4086,.F.);
#5182=ORIENTED_EDGE('',*,*,#4091,.T.);
#5183=ORIENTED_EDGE('',*,*,#4092,.T.);
#5184=ORIENTED_EDGE('',*,*,#4093,.T.);
#5185=ORIENTED_EDGE('',*,*,#4094,.T.);
#5186=ORIENTED_EDGE('',*,*,#4095,.T.);
#5187=ORIENTED_EDGE('',*,*,#4092,.F.);
#5188=ORIENTED_EDGE('',*,*,#4096,.T.);
#5189=ORIENTED_EDGE('',*,*,#4089,.F.);
#5190=ORIENTED_EDGE('',*,*,#4097,.T.);
#5191=ORIENTED_EDGE('',*,*,#4094,.F.);
#5192=ORIENTED_EDGE('',*,*,#4098,.T.);
#5193=ORIENTED_EDGE('',*,*,#4084,.T.);
#5194=ORIENTED_EDGE('',*,*,#4090,.F.);
#5195=ORIENTED_EDGE('',*,*,#4099,.T.);
#5196=ORIENTED_EDGE('',*,*,#4100,.F.);
#5197=ORIENTED_EDGE('',*,*,#4101,.F.);
#5198=ORIENTED_EDGE('',*,*,#4096,.F.);
#5199=ORIENTED_EDGE('',*,*,#4102,.T.);
#5200=ORIENTED_EDGE('',*,*,#4103,.F.);
#5201=ORIENTED_EDGE('',*,*,#4099,.F.);
#5202=ORIENTED_EDGE('',*,*,#4091,.F.);
#5203=ORIENTED_EDGE('',*,*,#4104,.T.);
#5204=ORIENTED_EDGE('',*,*,#4105,.F.);
#5205=ORIENTED_EDGE('',*,*,#4102,.F.);
#5206=ORIENTED_EDGE('',*,*,#4106,.T.);
#5207=ORIENTED_EDGE('',*,*,#4107,.T.);
#5208=ORIENTED_EDGE('',*,*,#3931,.T.);
#5209=ORIENTED_EDGE('',*,*,#4108,.T.);
#5210=ORIENTED_EDGE('',*,*,#4109,.T.);
#5211=ORIENTED_EDGE('',*,*,#4110,.T.);
#5212=ORIENTED_EDGE('',*,*,#3936,.F.);
#5213=ORIENTED_EDGE('',*,*,#4111,.T.);
#5214=ORIENTED_EDGE('',*,*,#4112,.T.);
#5215=ORIENTED_EDGE('',*,*,#4113,.F.);
#5216=ORIENTED_EDGE('',*,*,#4114,.F.);
#5217=ORIENTED_EDGE('',*,*,#4115,.F.);
#5218=ORIENTED_EDGE('',*,*,#4093,.F.);
#5219=ORIENTED_EDGE('',*,*,#4095,.F.);
#5220=ORIENTED_EDGE('',*,*,#4088,.F.);
#5221=ORIENTED_EDGE('',*,*,#4085,.F.);
#5222=ORIENTED_EDGE('',*,*,#4081,.F.);
#5223=ORIENTED_EDGE('',*,*,#4098,.F.);
#5224=ORIENTED_EDGE('',*,*,#4116,.T.);
#5225=ORIENTED_EDGE('',*,*,#4117,.T.);
#5226=ORIENTED_EDGE('',*,*,#4118,.T.);
#5227=ORIENTED_EDGE('',*,*,#4119,.F.);
#5228=ORIENTED_EDGE('',*,*,#4120,.T.);
#5229=ORIENTED_EDGE('',*,*,#4121,.T.);
#5230=ORIENTED_EDGE('',*,*,#4122,.T.);
#5231=ORIENTED_EDGE('',*,*,#4117,.F.);
#5232=ORIENTED_EDGE('',*,*,#4123,.T.);
#5233=ORIENTED_EDGE('',*,*,#4124,.T.);
#5234=ORIENTED_EDGE('',*,*,#4125,.T.);
#5235=ORIENTED_EDGE('',*,*,#4121,.F.);
#5236=ORIENTED_EDGE('',*,*,#4126,.T.);
#5237=ORIENTED_EDGE('',*,*,#4127,.T.);
#5238=ORIENTED_EDGE('',*,*,#4128,.T.);
#5239=ORIENTED_EDGE('',*,*,#4129,.T.);
#5240=ORIENTED_EDGE('',*,*,#4130,.T.);
#5241=ORIENTED_EDGE('',*,*,#4127,.F.);
#5242=ORIENTED_EDGE('',*,*,#4131,.T.);
#5243=ORIENTED_EDGE('',*,*,#4124,.F.);
#5244=ORIENTED_EDGE('',*,*,#4132,.T.);
#5245=ORIENTED_EDGE('',*,*,#4129,.F.);
#5246=ORIENTED_EDGE('',*,*,#4133,.T.);
#5247=ORIENTED_EDGE('',*,*,#4119,.T.);
#5248=ORIENTED_EDGE('',*,*,#4125,.F.);
#5249=ORIENTED_EDGE('',*,*,#4134,.T.);
#5250=ORIENTED_EDGE('',*,*,#4135,.F.);
#5251=ORIENTED_EDGE('',*,*,#4136,.F.);
#5252=ORIENTED_EDGE('',*,*,#4131,.F.);
#5253=ORIENTED_EDGE('',*,*,#4137,.T.);
#5254=ORIENTED_EDGE('',*,*,#4138,.F.);
#5255=ORIENTED_EDGE('',*,*,#4134,.F.);
#5256=ORIENTED_EDGE('',*,*,#4126,.F.);
#5257=ORIENTED_EDGE('',*,*,#4139,.T.);
#5258=ORIENTED_EDGE('',*,*,#4140,.F.);
#5259=ORIENTED_EDGE('',*,*,#4137,.F.);
#5260=ORIENTED_EDGE('',*,*,#4141,.T.);
#5261=ORIENTED_EDGE('',*,*,#4142,.T.);
#5262=ORIENTED_EDGE('',*,*,#4143,.T.);
#5263=ORIENTED_EDGE('',*,*,#4144,.T.);
#5264=ORIENTED_EDGE('',*,*,#4145,.T.);
#5265=ORIENTED_EDGE('',*,*,#4146,.T.);
#5266=ORIENTED_EDGE('',*,*,#4147,.T.);
#5267=ORIENTED_EDGE('',*,*,#4142,.F.);
#5268=ORIENTED_EDGE('',*,*,#4148,.T.);
#5269=ORIENTED_EDGE('',*,*,#4149,.T.);
#5270=ORIENTED_EDGE('',*,*,#4150,.T.);
#5271=ORIENTED_EDGE('',*,*,#4146,.F.);
#5272=ORIENTED_EDGE('',*,*,#4151,.T.);
#5273=ORIENTED_EDGE('',*,*,#4152,.T.);
#5274=ORIENTED_EDGE('',*,*,#4153,.T.);
#5275=ORIENTED_EDGE('',*,*,#4149,.F.);
#5276=ORIENTED_EDGE('',*,*,#4154,.T.);
#5277=ORIENTED_EDGE('',*,*,#4152,.F.);
#5278=ORIENTED_EDGE('',*,*,#4155,.T.);
#5279=ORIENTED_EDGE('',*,*,#4156,.T.);
#5280=ORIENTED_EDGE('',*,*,#4157,.T.);
#5281=ORIENTED_EDGE('',*,*,#4156,.F.);
#5282=ORIENTED_EDGE('',*,*,#4158,.T.);
#5283=ORIENTED_EDGE('',*,*,#4144,.F.);
#5284=ORIENTED_EDGE('',*,*,#4154,.F.);
#5285=ORIENTED_EDGE('',*,*,#4159,.T.);
#5286=ORIENTED_EDGE('',*,*,#4160,.F.);
#5287=ORIENTED_EDGE('',*,*,#4161,.F.);
#5288=ORIENTED_EDGE('',*,*,#4157,.F.);
#5289=ORIENTED_EDGE('',*,*,#4162,.T.);
#5290=ORIENTED_EDGE('',*,*,#4163,.F.);
#5291=ORIENTED_EDGE('',*,*,#4159,.F.);
#5292=ORIENTED_EDGE('',*,*,#4143,.F.);
#5293=ORIENTED_EDGE('',*,*,#4164,.T.);
#5294=ORIENTED_EDGE('',*,*,#4165,.F.);
#5295=ORIENTED_EDGE('',*,*,#4162,.F.);
#5296=ORIENTED_EDGE('',*,*,#4166,.T.);
#5297=ORIENTED_EDGE('',*,*,#3950,.F.);
#5298=ORIENTED_EDGE('',*,*,#4167,.T.);
#5299=ORIENTED_EDGE('',*,*,#4168,.T.);
#5300=ORIENTED_EDGE('',*,*,#4169,.F.);
#5301=ORIENTED_EDGE('',*,*,#4170,.F.);
#5302=ORIENTED_EDGE('',*,*,#4171,.F.);
#5303=ORIENTED_EDGE('',*,*,#4172,.T.);
#5304=ORIENTED_EDGE('',*,*,#4173,.T.);
#5305=ORIENTED_EDGE('',*,*,#3945,.T.);
#5306=ORIENTED_EDGE('',*,*,#4174,.T.);
#5307=ORIENTED_EDGE('',*,*,#4175,.T.);
#5308=ORIENTED_EDGE('',*,*,#4141,.F.);
#5309=ORIENTED_EDGE('',*,*,#4158,.F.);
#5310=ORIENTED_EDGE('',*,*,#4155,.F.);
#5311=ORIENTED_EDGE('',*,*,#4151,.F.);
#5312=ORIENTED_EDGE('',*,*,#4148,.F.);
#5313=ORIENTED_EDGE('',*,*,#4145,.F.);
#5314=ORIENTED_EDGE('',*,*,#4176,.T.);
#5315=ORIENTED_EDGE('',*,*,#4177,.T.);
#5316=ORIENTED_EDGE('',*,*,#4178,.T.);
#5317=ORIENTED_EDGE('',*,*,#4179,.F.);
#5318=ORIENTED_EDGE('',*,*,#4180,.T.);
#5319=ORIENTED_EDGE('',*,*,#4181,.T.);
#5320=ORIENTED_EDGE('',*,*,#4182,.T.);
#5321=ORIENTED_EDGE('',*,*,#4177,.F.);
#5322=ORIENTED_EDGE('',*,*,#4183,.T.);
#5323=ORIENTED_EDGE('',*,*,#4184,.T.);
#5324=ORIENTED_EDGE('',*,*,#4185,.T.);
#5325=ORIENTED_EDGE('',*,*,#4179,.T.);
#5326=ORIENTED_EDGE('',*,*,#4186,.T.);
#5327=ORIENTED_EDGE('',*,*,#4187,.T.);
#5328=ORIENTED_EDGE('',*,*,#4188,.T.);
#5329=ORIENTED_EDGE('',*,*,#4181,.F.);
#5330=ORIENTED_EDGE('',*,*,#4189,.T.);
#5331=ORIENTED_EDGE('',*,*,#4190,.T.);
#5332=ORIENTED_EDGE('',*,*,#4191,.T.);
#5333=ORIENTED_EDGE('',*,*,#4187,.F.);
#5334=ORIENTED_EDGE('',*,*,#4192,.T.);
#5335=ORIENTED_EDGE('',*,*,#4190,.F.);
#5336=ORIENTED_EDGE('',*,*,#4193,.T.);
#5337=ORIENTED_EDGE('',*,*,#4184,.F.);
#5338=ORIENTED_EDGE('',*,*,#4192,.F.);
#5339=ORIENTED_EDGE('',*,*,#4194,.T.);
#5340=ORIENTED_EDGE('',*,*,#4195,.F.);
#5341=ORIENTED_EDGE('',*,*,#4196,.F.);
#5342=ORIENTED_EDGE('',*,*,#4183,.F.);
#5343=ORIENTED_EDGE('',*,*,#4197,.T.);
#5344=ORIENTED_EDGE('',*,*,#4198,.F.);
#5345=ORIENTED_EDGE('',*,*,#4194,.F.);
#5346=ORIENTED_EDGE('',*,*,#4178,.F.);
#5347=ORIENTED_EDGE('',*,*,#4199,.T.);
#5348=ORIENTED_EDGE('',*,*,#4200,.F.);
#5349=ORIENTED_EDGE('',*,*,#4197,.F.);
#5350=ORIENTED_EDGE('',*,*,#4201,.T.);
#5351=ORIENTED_EDGE('',*,*,#4202,.T.);
#5352=ORIENTED_EDGE('',*,*,#4054,.T.);
#5353=ORIENTED_EDGE('',*,*,#4046,.T.);
#5354=ORIENTED_EDGE('',*,*,#4203,.T.);
#5355=ORIENTED_EDGE('',*,*,#4204,.T.);
#5356=ORIENTED_EDGE('',*,*,#4205,.T.);
#5357=ORIENTED_EDGE('',*,*,#4206,.T.);
#5358=ORIENTED_EDGE('',*,*,#4049,.F.);
#5359=ORIENTED_EDGE('',*,*,#4207,.T.);
#5360=ORIENTED_EDGE('',*,*,#4208,.T.);
#5361=ORIENTED_EDGE('',*,*,#4209,.F.);
#5362=ORIENTED_EDGE('',*,*,#4210,.F.);
#5363=ORIENTED_EDGE('',*,*,#4211,.F.);
#5364=ORIENTED_EDGE('',*,*,#4176,.F.);
#5365=ORIENTED_EDGE('',*,*,#4185,.F.);
#5366=ORIENTED_EDGE('',*,*,#4193,.F.);
#5367=ORIENTED_EDGE('',*,*,#4189,.F.);
#5368=ORIENTED_EDGE('',*,*,#4186,.F.);
#5369=ORIENTED_EDGE('',*,*,#4180,.F.);
#5370=ORIENTED_EDGE('',*,*,#4212,.T.);
#5371=ORIENTED_EDGE('',*,*,#4213,.T.);
#5372=ORIENTED_EDGE('',*,*,#4214,.T.);
#5373=ORIENTED_EDGE('',*,*,#4215,.F.);
#5374=ORIENTED_EDGE('',*,*,#4216,.T.);
#5375=ORIENTED_EDGE('',*,*,#3994,.T.);
#5376=ORIENTED_EDGE('',*,*,#4217,.T.);
#5377=ORIENTED_EDGE('',*,*,#3954,.T.);
#5378=ORIENTED_EDGE('',*,*,#3952,.F.);
#5379=ORIENTED_EDGE('',*,*,#4218,.F.);
#5380=ORIENTED_EDGE('',*,*,#4219,.T.);
#5381=ORIENTED_EDGE('',*,*,#3955,.T.);
#5382=ORIENTED_EDGE('',*,*,#4217,.F.);
#5383=ORIENTED_EDGE('',*,*,#3993,.F.);
#5384=ORIENTED_EDGE('',*,*,#3921,.F.);
#5385=ORIENTED_EDGE('',*,*,#4220,.F.);
#5386=ORIENTED_EDGE('',*,*,#4221,.F.);
#5387=ORIENTED_EDGE('',*,*,#4222,.F.);
#5388=ORIENTED_EDGE('',*,*,#4168,.F.);
#5389=ORIENTED_EDGE('',*,*,#4167,.F.);
#5390=ORIENTED_EDGE('',*,*,#3956,.F.);
#5391=ORIENTED_EDGE('',*,*,#4219,.F.);
#5392=ORIENTED_EDGE('',*,*,#3992,.F.);
#5393=ORIENTED_EDGE('',*,*,#3990,.F.);
#5394=ORIENTED_EDGE('',*,*,#3951,.F.);
#5395=ORIENTED_EDGE('',*,*,#4166,.F.);
#5396=ORIENTED_EDGE('',*,*,#4223,.F.);
#5397=ORIENTED_EDGE('',*,*,#4224,.F.);
#5398=ORIENTED_EDGE('',*,*,#4225,.T.);
#5399=ORIENTED_EDGE('',*,*,#4226,.T.);
#5400=ORIENTED_EDGE('',*,*,#4227,.T.);
#5401=ORIENTED_EDGE('',*,*,#4228,.T.);
#5402=ORIENTED_EDGE('',*,*,#4229,.T.);
#5403=ORIENTED_EDGE('',*,*,#4230,.F.);
#5404=ORIENTED_EDGE('',*,*,#4231,.T.);
#5405=ORIENTED_EDGE('',*,*,#4001,.T.);
#5406=ORIENTED_EDGE('',*,*,#4232,.T.);
#5407=ORIENTED_EDGE('',*,*,#4233,.T.);
#5408=ORIENTED_EDGE('',*,*,#4234,.T.);
#5409=ORIENTED_EDGE('',*,*,#4235,.T.);
#5410=ORIENTED_EDGE('',*,*,#4236,.F.);
#5411=ORIENTED_EDGE('',*,*,#4237,.T.);
#5412=ORIENTED_EDGE('',*,*,#4052,.T.);
#5413=ORIENTED_EDGE('',*,*,#4234,.F.);
#5414=ORIENTED_EDGE('',*,*,#4238,.F.);
#5415=ORIENTED_EDGE('',*,*,#4239,.T.);
#5416=ORIENTED_EDGE('',*,*,#4238,.T.);
#5417=ORIENTED_EDGE('',*,*,#4233,.F.);
#5418=ORIENTED_EDGE('',*,*,#4240,.F.);
#5419=ORIENTED_EDGE('',*,*,#4241,.T.);
#5420=ORIENTED_EDGE('',*,*,#4240,.T.);
#5421=ORIENTED_EDGE('',*,*,#4232,.F.);
#5422=ORIENTED_EDGE('',*,*,#4000,.F.);
#5423=ORIENTED_EDGE('',*,*,#4242,.F.);
#5424=ORIENTED_EDGE('',*,*,#4243,.F.);
#5425=ORIENTED_EDGE('',*,*,#4244,.F.);
#5426=ORIENTED_EDGE('',*,*,#4208,.F.);
#5427=ORIENTED_EDGE('',*,*,#4207,.F.);
#5428=ORIENTED_EDGE('',*,*,#4237,.F.);
#5429=ORIENTED_EDGE('',*,*,#4239,.F.);
#5430=ORIENTED_EDGE('',*,*,#4241,.F.);
#5431=ORIENTED_EDGE('',*,*,#3999,.F.);
#5432=ORIENTED_EDGE('',*,*,#3997,.F.);
#5433=ORIENTED_EDGE('',*,*,#3874,.F.);
#5434=ORIENTED_EDGE('',*,*,#4038,.F.);
#5435=ORIENTED_EDGE('',*,*,#4245,.F.);
#5436=ORIENTED_EDGE('',*,*,#4050,.F.);
#5437=ORIENTED_EDGE('',*,*,#4206,.F.);
#5438=ORIENTED_EDGE('',*,*,#3996,.F.);
#5439=ORIENTED_EDGE('',*,*,#4246,.F.);
#5440=ORIENTED_EDGE('',*,*,#4003,.F.);
#5441=ORIENTED_EDGE('',*,*,#3875,.F.);
#5442=ORIENTED_EDGE('',*,*,#4247,.T.);
#5443=ORIENTED_EDGE('',*,*,#4248,.T.);
#5444=ORIENTED_EDGE('',*,*,#4249,.T.);
#5445=ORIENTED_EDGE('',*,*,#4250,.F.);
#5446=ORIENTED_EDGE('',*,*,#3943,.T.);
#5447=ORIENTED_EDGE('',*,*,#3949,.T.);
#5448=ORIENTED_EDGE('',*,*,#4251,.T.);
#5449=ORIENTED_EDGE('',*,*,#3978,.T.);
#5450=ORIENTED_EDGE('',*,*,#3976,.F.);
#5451=ORIENTED_EDGE('',*,*,#4252,.F.);
#5452=ORIENTED_EDGE('',*,*,#4253,.F.);
#5453=ORIENTED_EDGE('',*,*,#4254,.T.);
#5454=ORIENTED_EDGE('',*,*,#3979,.T.);
#5455=ORIENTED_EDGE('',*,*,#4251,.F.);
#5456=ORIENTED_EDGE('',*,*,#3948,.F.);
#5457=ORIENTED_EDGE('',*,*,#4172,.F.);
#5458=ORIENTED_EDGE('',*,*,#4255,.F.);
#5459=ORIENTED_EDGE('',*,*,#4256,.F.);
#5460=ORIENTED_EDGE('',*,*,#3910,.F.);
#5461=ORIENTED_EDGE('',*,*,#3909,.F.);
#5462=ORIENTED_EDGE('',*,*,#3980,.F.);
#5463=ORIENTED_EDGE('',*,*,#4254,.F.);
#5464=ORIENTED_EDGE('',*,*,#3947,.F.);
#5465=ORIENTED_EDGE('',*,*,#4173,.F.);
#5466=ORIENTED_EDGE('',*,*,#3970,.F.);
#5467=ORIENTED_EDGE('',*,*,#4257,.F.);
#5468=ORIENTED_EDGE('',*,*,#3975,.F.);
#5469=ORIENTED_EDGE('',*,*,#3907,.F.);
#5470=ORIENTED_EDGE('',*,*,#4258,.T.);
#5471=ORIENTED_EDGE('',*,*,#4259,.T.);
#5472=ORIENTED_EDGE('',*,*,#4260,.T.);
#5473=ORIENTED_EDGE('',*,*,#4261,.T.);
#5474=ORIENTED_EDGE('',*,*,#4262,.T.);
#5475=ORIENTED_EDGE('',*,*,#4263,.F.);
#5476=ORIENTED_EDGE('',*,*,#4264,.T.);
#5477=ORIENTED_EDGE('',*,*,#4265,.T.);
#5478=ORIENTED_EDGE('',*,*,#4266,.T.);
#5479=ORIENTED_EDGE('',*,*,#4267,.T.);
#5480=ORIENTED_EDGE('',*,*,#3985,.T.);
#5481=ORIENTED_EDGE('',*,*,#4268,.T.);
#5482=ORIENTED_EDGE('',*,*,#4269,.F.);
#5483=ORIENTED_EDGE('',*,*,#4270,.T.);
#5484=ORIENTED_EDGE('',*,*,#3986,.T.);
#5485=ORIENTED_EDGE('',*,*,#4267,.F.);
#5486=ORIENTED_EDGE('',*,*,#4271,.F.);
#5487=ORIENTED_EDGE('',*,*,#4272,.T.);
#5488=ORIENTED_EDGE('',*,*,#4271,.T.);
#5489=ORIENTED_EDGE('',*,*,#4266,.F.);
#5490=ORIENTED_EDGE('',*,*,#4273,.F.);
#5491=ORIENTED_EDGE('',*,*,#4274,.T.);
#5492=ORIENTED_EDGE('',*,*,#4273,.T.);
#5493=ORIENTED_EDGE('',*,*,#4265,.F.);
#5494=ORIENTED_EDGE('',*,*,#4055,.F.);
#5495=ORIENTED_EDGE('',*,*,#4275,.F.);
#5496=ORIENTED_EDGE('',*,*,#4276,.F.);
#5497=ORIENTED_EDGE('',*,*,#4277,.F.);
#5498=ORIENTED_EDGE('',*,*,#3923,.F.);
#5499=ORIENTED_EDGE('',*,*,#3981,.T.);
#5500=ORIENTED_EDGE('',*,*,#3987,.F.);
#5501=ORIENTED_EDGE('',*,*,#4270,.F.);
#5502=ORIENTED_EDGE('',*,*,#4272,.F.);
#5503=ORIENTED_EDGE('',*,*,#4274,.F.);
#5504=ORIENTED_EDGE('',*,*,#4202,.F.);
#5505=ORIENTED_EDGE('',*,*,#4201,.F.);
#5506=ORIENTED_EDGE('',*,*,#3982,.F.);
#5507=ORIENTED_EDGE('',*,*,#3922,.F.);
#5508=ORIENTED_EDGE('',*,*,#3989,.F.);
#5509=ORIENTED_EDGE('',*,*,#4278,.F.);
#5510=ORIENTED_EDGE('',*,*,#4279,.F.);
#5511=ORIENTED_EDGE('',*,*,#4280,.T.);
#5512=ORIENTED_EDGE('',*,*,#4281,.F.);
#5513=ORIENTED_EDGE('',*,*,#4282,.F.);
#5514=ORIENTED_EDGE('',*,*,#4283,.F.);
#5515=ORIENTED_EDGE('',*,*,#4282,.T.);
#5516=ORIENTED_EDGE('',*,*,#4284,.F.);
#5517=ORIENTED_EDGE('',*,*,#4285,.F.);
#5518=ORIENTED_EDGE('',*,*,#4286,.F.);
#5519=ORIENTED_EDGE('',*,*,#4285,.T.);
#5520=ORIENTED_EDGE('',*,*,#4287,.F.);
#5521=ORIENTED_EDGE('',*,*,#4288,.F.);
#5522=ORIENTED_EDGE('',*,*,#4289,.F.);
#5523=ORIENTED_EDGE('',*,*,#4288,.T.);
#5524=ORIENTED_EDGE('',*,*,#4290,.F.);
#5525=ORIENTED_EDGE('',*,*,#4291,.F.);
#5526=ORIENTED_EDGE('',*,*,#4292,.F.);
#5527=ORIENTED_EDGE('',*,*,#4291,.T.);
#5528=ORIENTED_EDGE('',*,*,#4293,.F.);
#5529=ORIENTED_EDGE('',*,*,#4294,.F.);
#5530=ORIENTED_EDGE('',*,*,#4295,.F.);
#5531=ORIENTED_EDGE('',*,*,#4294,.T.);
#5532=ORIENTED_EDGE('',*,*,#4296,.F.);
#5533=ORIENTED_EDGE('',*,*,#4297,.F.);
#5534=ORIENTED_EDGE('',*,*,#4298,.F.);
#5535=ORIENTED_EDGE('',*,*,#4297,.T.);
#5536=ORIENTED_EDGE('',*,*,#4299,.F.);
#5537=ORIENTED_EDGE('',*,*,#4300,.F.);
#5538=ORIENTED_EDGE('',*,*,#4301,.F.);
#5539=ORIENTED_EDGE('',*,*,#4300,.T.);
#5540=ORIENTED_EDGE('',*,*,#4302,.F.);
#5541=ORIENTED_EDGE('',*,*,#4280,.F.);
#5542=ORIENTED_EDGE('',*,*,#4303,.F.);
#5543=ORIENTED_EDGE('',*,*,#4304,.T.);
#5544=ORIENTED_EDGE('',*,*,#4305,.F.);
#5545=ORIENTED_EDGE('',*,*,#4304,.F.);
#5546=ORIENTED_EDGE('',*,*,#4306,.F.);
#5547=ORIENTED_EDGE('',*,*,#4307,.T.);
#5548=ORIENTED_EDGE('',*,*,#4308,.F.);
#5549=ORIENTED_EDGE('',*,*,#4307,.F.);
#5550=ORIENTED_EDGE('',*,*,#4309,.F.);
#5551=ORIENTED_EDGE('',*,*,#4310,.T.);
#5552=ORIENTED_EDGE('',*,*,#4311,.F.);
#5553=ORIENTED_EDGE('',*,*,#4312,.F.);
#5554=ORIENTED_EDGE('',*,*,#4313,.F.);
#5555=ORIENTED_EDGE('',*,*,#4312,.T.);
#5556=ORIENTED_EDGE('',*,*,#4314,.F.);
#5557=ORIENTED_EDGE('',*,*,#4315,.F.);
#5558=ORIENTED_EDGE('',*,*,#4316,.F.);
#5559=ORIENTED_EDGE('',*,*,#4315,.T.);
#5560=ORIENTED_EDGE('',*,*,#4317,.F.);
#5561=ORIENTED_EDGE('',*,*,#4318,.F.);
#5562=ORIENTED_EDGE('',*,*,#4319,.F.);
#5563=ORIENTED_EDGE('',*,*,#4318,.T.);
#5564=ORIENTED_EDGE('',*,*,#4320,.F.);
#5565=ORIENTED_EDGE('',*,*,#4321,.F.);
#5566=ORIENTED_EDGE('',*,*,#4322,.F.);
#5567=ORIENTED_EDGE('',*,*,#4321,.T.);
#5568=ORIENTED_EDGE('',*,*,#4323,.F.);
#5569=ORIENTED_EDGE('',*,*,#4324,.F.);
#5570=ORIENTED_EDGE('',*,*,#4325,.F.);
#5571=ORIENTED_EDGE('',*,*,#4324,.T.);
#5572=ORIENTED_EDGE('',*,*,#4326,.F.);
#5573=ORIENTED_EDGE('',*,*,#4327,.F.);
#5574=ORIENTED_EDGE('',*,*,#4328,.F.);
#5575=ORIENTED_EDGE('',*,*,#4327,.T.);
#5576=ORIENTED_EDGE('',*,*,#4329,.F.);
#5577=ORIENTED_EDGE('',*,*,#4330,.F.);
#5578=ORIENTED_EDGE('',*,*,#4331,.F.);
#5579=ORIENTED_EDGE('',*,*,#4330,.T.);
#5580=ORIENTED_EDGE('',*,*,#4332,.F.);
#5581=ORIENTED_EDGE('',*,*,#4310,.F.);
#5582=ORIENTED_EDGE('',*,*,#4056,.F.);
#5583=ORIENTED_EDGE('',*,*,#4076,.T.);
#5584=ORIENTED_EDGE('',*,*,#4333,.F.);
#5585=ORIENTED_EDGE('',*,*,#4334,.F.);
#5586=ORIENTED_EDGE('',*,*,#4064,.F.);
#5587=ORIENTED_EDGE('',*,*,#4334,.T.);
#5588=ORIENTED_EDGE('',*,*,#4335,.F.);
#5589=ORIENTED_EDGE('',*,*,#4336,.F.);
#5590=ORIENTED_EDGE('',*,*,#4068,.F.);
#5591=ORIENTED_EDGE('',*,*,#4336,.T.);
#5592=ORIENTED_EDGE('',*,*,#4337,.F.);
#5593=ORIENTED_EDGE('',*,*,#4079,.F.);
#5594=ORIENTED_EDGE('',*,*,#4338,.T.);
#5595=ORIENTED_EDGE('',*,*,#3967,.T.);
#5596=ORIENTED_EDGE('',*,*,#4339,.F.);
#5597=ORIENTED_EDGE('',*,*,#4340,.F.);
#5598=ORIENTED_EDGE('',*,*,#4341,.T.);
#5599=ORIENTED_EDGE('',*,*,#4340,.T.);
#5600=ORIENTED_EDGE('',*,*,#4342,.F.);
#5601=ORIENTED_EDGE('',*,*,#4021,.F.);
#5602=ORIENTED_EDGE('',*,*,#4019,.F.);
#5603=ORIENTED_EDGE('',*,*,#4343,.F.);
#5604=ORIENTED_EDGE('',*,*,#4344,.F.);
#5605=ORIENTED_EDGE('',*,*,#4345,.T.);
#5606=ORIENTED_EDGE('',*,*,#4346,.T.);
#5607=ORIENTED_EDGE('',*,*,#4344,.T.);
#5608=ORIENTED_EDGE('',*,*,#4347,.F.);
#5609=ORIENTED_EDGE('',*,*,#4348,.F.);
#5610=ORIENTED_EDGE('',*,*,#4349,.T.);
#5611=ORIENTED_EDGE('',*,*,#4348,.T.);
#5612=ORIENTED_EDGE('',*,*,#4350,.F.);
#5613=ORIENTED_EDGE('',*,*,#4351,.F.);
#5614=ORIENTED_EDGE('',*,*,#4352,.F.);
#5615=ORIENTED_EDGE('',*,*,#4351,.T.);
#5616=ORIENTED_EDGE('',*,*,#4353,.F.);
#5617=ORIENTED_EDGE('',*,*,#4354,.T.);
#5618=ORIENTED_EDGE('',*,*,#4355,.T.);
#5619=ORIENTED_EDGE('',*,*,#4356,.F.);
#5620=ORIENTED_EDGE('',*,*,#4357,.F.);
#5621=ORIENTED_EDGE('',*,*,#4358,.F.);
#5622=ORIENTED_EDGE('',*,*,#4359,.T.);
#5623=ORIENTED_EDGE('',*,*,#4358,.T.);
#5624=ORIENTED_EDGE('',*,*,#4360,.F.);
#5625=ORIENTED_EDGE('',*,*,#4361,.F.);
#5626=ORIENTED_EDGE('',*,*,#4362,.T.);
#5627=ORIENTED_EDGE('',*,*,#4361,.T.);
#5628=ORIENTED_EDGE('',*,*,#4363,.F.);
#5629=ORIENTED_EDGE('',*,*,#4035,.F.);
#5630=ORIENTED_EDGE('',*,*,#4026,.F.);
#5631=ORIENTED_EDGE('',*,*,#4364,.F.);
#5632=ORIENTED_EDGE('',*,*,#4365,.F.);
#5633=ORIENTED_EDGE('',*,*,#4366,.T.);
#5634=ORIENTED_EDGE('',*,*,#4367,.T.);
#5635=ORIENTED_EDGE('',*,*,#4365,.T.);
#5636=ORIENTED_EDGE('',*,*,#4368,.F.);
#5637=ORIENTED_EDGE('',*,*,#4369,.F.);
#5638=ORIENTED_EDGE('',*,*,#4370,.T.);
#5639=ORIENTED_EDGE('',*,*,#4369,.T.);
#5640=ORIENTED_EDGE('',*,*,#4371,.F.);
#5641=ORIENTED_EDGE('',*,*,#4372,.F.);
#5642=ORIENTED_EDGE('',*,*,#4373,.T.);
#5643=ORIENTED_EDGE('',*,*,#4372,.T.);
#5644=ORIENTED_EDGE('',*,*,#4374,.F.);
#5645=ORIENTED_EDGE('',*,*,#4223,.T.);
#5646=ORIENTED_EDGE('',*,*,#4375,.F.);
#5647=ORIENTED_EDGE('',*,*,#4376,.F.);
#5648=ORIENTED_EDGE('',*,*,#4377,.F.);
#5649=ORIENTED_EDGE('',*,*,#4378,.F.);
#5650=ORIENTED_EDGE('',*,*,#4379,.T.);
#5651=ORIENTED_EDGE('',*,*,#4378,.T.);
#5652=ORIENTED_EDGE('',*,*,#4380,.F.);
#5653=ORIENTED_EDGE('',*,*,#4381,.F.);
#5654=ORIENTED_EDGE('',*,*,#4382,.T.);
#5655=ORIENTED_EDGE('',*,*,#4381,.T.);
#5656=ORIENTED_EDGE('',*,*,#4383,.F.);
#5657=ORIENTED_EDGE('',*,*,#4014,.F.);
#5658=ORIENTED_EDGE('',*,*,#4012,.F.);
#5659=ORIENTED_EDGE('',*,*,#4384,.F.);
#5660=ORIENTED_EDGE('',*,*,#4385,.F.);
#5661=ORIENTED_EDGE('',*,*,#4386,.F.);
#5662=ORIENTED_EDGE('',*,*,#4387,.T.);
#5663=ORIENTED_EDGE('',*,*,#4385,.T.);
#5664=ORIENTED_EDGE('',*,*,#4388,.F.);
#5665=ORIENTED_EDGE('',*,*,#4389,.F.);
#5666=ORIENTED_EDGE('',*,*,#4390,.T.);
#5667=ORIENTED_EDGE('',*,*,#4389,.T.);
#5668=ORIENTED_EDGE('',*,*,#4391,.F.);
#5669=ORIENTED_EDGE('',*,*,#3973,.F.);
#5670=ORIENTED_EDGE('',*,*,#4392,.F.);
#5671=ORIENTED_EDGE('',*,*,#4393,.F.);
#5672=ORIENTED_EDGE('',*,*,#4394,.F.);
#5673=ORIENTED_EDGE('',*,*,#4395,.F.);
#5674=ORIENTED_EDGE('',*,*,#4396,.F.);
#5675=ORIENTED_EDGE('',*,*,#3893,.F.);
#5676=ORIENTED_EDGE('',*,*,#3892,.F.);
#5677=ORIENTED_EDGE('',*,*,#3968,.F.);
#5678=ORIENTED_EDGE('',*,*,#4338,.F.);
#5679=ORIENTED_EDGE('',*,*,#4341,.F.);
#5680=ORIENTED_EDGE('',*,*,#4020,.F.);
#5681=ORIENTED_EDGE('',*,*,#4016,.F.);
#5682=ORIENTED_EDGE('',*,*,#4345,.F.);
#5683=ORIENTED_EDGE('',*,*,#4346,.F.);
#5684=ORIENTED_EDGE('',*,*,#4349,.F.);
#5685=ORIENTED_EDGE('',*,*,#4352,.T.);
#5686=ORIENTED_EDGE('',*,*,#4109,.F.);
#5687=ORIENTED_EDGE('',*,*,#4355,.F.);
#5688=ORIENTED_EDGE('',*,*,#4359,.F.);
#5689=ORIENTED_EDGE('',*,*,#4362,.F.);
#5690=ORIENTED_EDGE('',*,*,#4034,.F.);
#5691=ORIENTED_EDGE('',*,*,#4030,.F.);
#5692=ORIENTED_EDGE('',*,*,#4042,.F.);
#5693=ORIENTED_EDGE('',*,*,#4039,.F.);
#5694=ORIENTED_EDGE('',*,*,#4205,.F.);
#5695=ORIENTED_EDGE('',*,*,#4204,.F.);
#5696=ORIENTED_EDGE('',*,*,#4203,.F.);
#5697=ORIENTED_EDGE('',*,*,#4044,.T.);
#5698=ORIENTED_EDGE('',*,*,#4027,.T.);
#5699=ORIENTED_EDGE('',*,*,#4023,.F.);
#5700=ORIENTED_EDGE('',*,*,#4366,.F.);
#5701=ORIENTED_EDGE('',*,*,#4367,.F.);
#5702=ORIENTED_EDGE('',*,*,#4370,.F.);
#5703=ORIENTED_EDGE('',*,*,#4373,.F.);
#5704=ORIENTED_EDGE('',*,*,#4175,.F.);
#5705=ORIENTED_EDGE('',*,*,#4375,.T.);
#5706=ORIENTED_EDGE('',*,*,#4379,.F.);
#5707=ORIENTED_EDGE('',*,*,#4382,.F.);
#5708=ORIENTED_EDGE('',*,*,#4013,.F.);
#5709=ORIENTED_EDGE('',*,*,#4009,.F.);
#5710=ORIENTED_EDGE('',*,*,#4386,.T.);
#5711=ORIENTED_EDGE('',*,*,#4387,.F.);
#5712=ORIENTED_EDGE('',*,*,#4390,.F.);
#5713=ORIENTED_EDGE('',*,*,#3972,.F.);
#5714=ORIENTED_EDGE('',*,*,#3905,.F.);
#5715=ORIENTED_EDGE('',*,*,#3904,.F.);
#5716=ORIENTED_EDGE('',*,*,#4397,.F.);
#5717=ORIENTED_EDGE('',*,*,#4398,.F.);
#5718=ORIENTED_EDGE('',*,*,#4128,.F.);
#5719=ORIENTED_EDGE('',*,*,#4130,.F.);
#5720=ORIENTED_EDGE('',*,*,#4123,.F.);
#5721=ORIENTED_EDGE('',*,*,#4120,.F.);
#5722=ORIENTED_EDGE('',*,*,#4116,.F.);
#5723=ORIENTED_EDGE('',*,*,#4133,.F.);
#5724=ORIENTED_EDGE('',*,*,#4301,.T.);
#5725=ORIENTED_EDGE('',*,*,#4279,.T.);
#5726=ORIENTED_EDGE('',*,*,#4283,.T.);
#5727=ORIENTED_EDGE('',*,*,#4286,.T.);
#5728=ORIENTED_EDGE('',*,*,#4289,.T.);
#5729=ORIENTED_EDGE('',*,*,#4292,.T.);
#5730=ORIENTED_EDGE('',*,*,#4295,.T.);
#5731=ORIENTED_EDGE('',*,*,#4298,.T.);
#5732=ORIENTED_EDGE('',*,*,#4305,.T.);
#5733=ORIENTED_EDGE('',*,*,#4308,.T.);
#5734=ORIENTED_EDGE('',*,*,#4331,.T.);
#5735=ORIENTED_EDGE('',*,*,#4309,.T.);
#5736=ORIENTED_EDGE('',*,*,#4313,.T.);
#5737=ORIENTED_EDGE('',*,*,#4316,.T.);
#5738=ORIENTED_EDGE('',*,*,#4319,.T.);
#5739=ORIENTED_EDGE('',*,*,#4322,.T.);
#5740=ORIENTED_EDGE('',*,*,#4325,.T.);
#5741=ORIENTED_EDGE('',*,*,#4328,.T.);
#5742=ORIENTED_EDGE('',*,*,#4060,.F.);
#5743=ORIENTED_EDGE('',*,*,#4069,.F.);
#5744=ORIENTED_EDGE('',*,*,#4072,.F.);
#5745=ORIENTED_EDGE('',*,*,#4058,.F.);
#5746=ORIENTED_EDGE('',*,*,#4066,.F.);
#5747=ORIENTED_EDGE('',*,*,#4067,.F.);
#5748=ORIENTED_EDGE('',*,*,#4399,.T.);
#5749=ORIENTED_EDGE('',*,*,#4400,.T.);
#5750=ORIENTED_EDGE('',*,*,#4401,.T.);
#5751=ORIENTED_EDGE('',*,*,#4402,.F.);
#5752=ORIENTED_EDGE('',*,*,#4403,.F.);
#5753=ORIENTED_EDGE('',*,*,#3969,.T.);
#5754=ORIENTED_EDGE('',*,*,#3974,.T.);
#5755=ORIENTED_EDGE('',*,*,#4391,.T.);
#5756=ORIENTED_EDGE('',*,*,#4388,.T.);
#5757=ORIENTED_EDGE('',*,*,#4384,.T.);
#5758=ORIENTED_EDGE('',*,*,#4011,.F.);
#5759=ORIENTED_EDGE('',*,*,#4015,.T.);
#5760=ORIENTED_EDGE('',*,*,#4383,.T.);
#5761=ORIENTED_EDGE('',*,*,#4380,.T.);
#5762=ORIENTED_EDGE('',*,*,#4377,.T.);
#5763=ORIENTED_EDGE('',*,*,#4404,.T.);
#5764=ORIENTED_EDGE('',*,*,#4374,.T.);
#5765=ORIENTED_EDGE('',*,*,#4371,.T.);
#5766=ORIENTED_EDGE('',*,*,#4368,.T.);
#5767=ORIENTED_EDGE('',*,*,#4364,.T.);
#5768=ORIENTED_EDGE('',*,*,#4025,.F.);
#5769=ORIENTED_EDGE('',*,*,#4029,.T.);
#5770=ORIENTED_EDGE('',*,*,#4405,.T.);
#5771=ORIENTED_EDGE('',*,*,#4406,.F.);
#5772=ORIENTED_EDGE('',*,*,#4407,.T.);
#5773=ORIENTED_EDGE('',*,*,#4041,.T.);
#5774=ORIENTED_EDGE('',*,*,#4032,.F.);
#5775=ORIENTED_EDGE('',*,*,#4036,.T.);
#5776=ORIENTED_EDGE('',*,*,#4363,.T.);
#5777=ORIENTED_EDGE('',*,*,#4360,.T.);
#5778=ORIENTED_EDGE('',*,*,#4357,.T.);
#5779=ORIENTED_EDGE('',*,*,#4408,.T.);
#5780=ORIENTED_EDGE('',*,*,#4353,.T.);
#5781=ORIENTED_EDGE('',*,*,#4350,.T.);
#5782=ORIENTED_EDGE('',*,*,#4347,.T.);
#5783=ORIENTED_EDGE('',*,*,#4343,.T.);
#5784=ORIENTED_EDGE('',*,*,#4018,.F.);
#5785=ORIENTED_EDGE('',*,*,#4022,.T.);
#5786=ORIENTED_EDGE('',*,*,#4342,.T.);
#5787=ORIENTED_EDGE('',*,*,#4339,.T.);
#5788=ORIENTED_EDGE('',*,*,#3966,.T.);
#5789=ORIENTED_EDGE('',*,*,#3964,.F.);
#5790=ORIENTED_EDGE('',*,*,#4409,.F.);
#5791=ORIENTED_EDGE('',*,*,#4410,.F.);
#5792=ORIENTED_EDGE('',*,*,#4411,.T.);
#5793=ORIENTED_EDGE('',*,*,#4412,.T.);
#5794=ORIENTED_EDGE('',*,*,#4413,.T.);
#5795=ORIENTED_EDGE('',*,*,#4414,.T.);
#5796=ORIENTED_EDGE('',*,*,#4140,.T.);
#5797=ORIENTED_EDGE('',*,*,#4415,.T.);
#5798=ORIENTED_EDGE('',*,*,#4416,.T.);
#5799=ORIENTED_EDGE('',*,*,#4417,.T.);
#5800=ORIENTED_EDGE('',*,*,#4135,.T.);
#5801=ORIENTED_EDGE('',*,*,#4138,.T.);
#5802=ORIENTED_EDGE('',*,*,#4080,.T.);
#5803=ORIENTED_EDGE('',*,*,#4337,.T.);
#5804=ORIENTED_EDGE('',*,*,#4335,.T.);
#5805=ORIENTED_EDGE('',*,*,#4333,.T.);
#5806=ORIENTED_EDGE('',*,*,#4075,.T.);
#5807=ORIENTED_EDGE('',*,*,#4078,.T.);
#5808=ORIENTED_EDGE('',*,*,#4332,.T.);
#5809=ORIENTED_EDGE('',*,*,#4329,.T.);
#5810=ORIENTED_EDGE('',*,*,#4326,.T.);
#5811=ORIENTED_EDGE('',*,*,#4323,.T.);
#5812=ORIENTED_EDGE('',*,*,#4320,.T.);
#5813=ORIENTED_EDGE('',*,*,#4317,.T.);
#5814=ORIENTED_EDGE('',*,*,#4314,.T.);
#5815=ORIENTED_EDGE('',*,*,#4311,.T.);
#5816=ORIENTED_EDGE('',*,*,#4306,.T.);
#5817=ORIENTED_EDGE('',*,*,#4303,.T.);
#5818=ORIENTED_EDGE('',*,*,#4302,.T.);
#5819=ORIENTED_EDGE('',*,*,#4299,.T.);
#5820=ORIENTED_EDGE('',*,*,#4296,.T.);
#5821=ORIENTED_EDGE('',*,*,#4293,.T.);
#5822=ORIENTED_EDGE('',*,*,#4290,.T.);
#5823=ORIENTED_EDGE('',*,*,#4287,.T.);
#5824=ORIENTED_EDGE('',*,*,#4284,.T.);
#5825=ORIENTED_EDGE('',*,*,#4281,.T.);
#5826=ORIENTED_EDGE('',*,*,#3958,.F.);
#5827=ORIENTED_EDGE('',*,*,#4418,.F.);
#5828=ORIENTED_EDGE('',*,*,#3963,.F.);
#5829=ORIENTED_EDGE('',*,*,#3890,.F.);
#5830=ORIENTED_EDGE('',*,*,#4419,.T.);
#5831=ORIENTED_EDGE('',*,*,#4420,.T.);
#5832=ORIENTED_EDGE('',*,*,#4421,.T.);
#5833=ORIENTED_EDGE('',*,*,#4422,.F.);
#5834=ORIENTED_EDGE('',*,*,#3929,.T.);
#5835=ORIENTED_EDGE('',*,*,#3935,.T.);
#5836=ORIENTED_EDGE('',*,*,#4423,.T.);
#5837=ORIENTED_EDGE('',*,*,#4006,.T.);
#5838=ORIENTED_EDGE('',*,*,#4424,.T.);
#5839=ORIENTED_EDGE('',*,*,#4425,.F.);
#5840=ORIENTED_EDGE('',*,*,#4426,.T.);
#5841=ORIENTED_EDGE('',*,*,#4007,.T.);
#5842=ORIENTED_EDGE('',*,*,#4423,.F.);
#5843=ORIENTED_EDGE('',*,*,#3934,.F.);
#5844=ORIENTED_EDGE('',*,*,#4106,.F.);
#5845=ORIENTED_EDGE('',*,*,#4427,.F.);
#5846=ORIENTED_EDGE('',*,*,#4428,.F.);
#5847=ORIENTED_EDGE('',*,*,#4429,.F.);
#5848=ORIENTED_EDGE('',*,*,#3876,.F.);
#5849=ORIENTED_EDGE('',*,*,#4002,.T.);
#5850=ORIENTED_EDGE('',*,*,#4008,.F.);
#5851=ORIENTED_EDGE('',*,*,#4426,.F.);
#5852=ORIENTED_EDGE('',*,*,#3933,.F.);
#5853=ORIENTED_EDGE('',*,*,#4107,.F.);
#5854=ORIENTED_EDGE('',*,*,#4430,.T.);
#5855=ORIENTED_EDGE('',*,*,#4431,.T.);
#5856=ORIENTED_EDGE('',*,*,#4432,.T.);
#5857=ORIENTED_EDGE('',*,*,#4433,.F.);
#5858=ORIENTED_EDGE('',*,*,#4434,.F.);
#5859=ORIENTED_EDGE('',*,*,#3957,.T.);
#5860=ORIENTED_EDGE('',*,*,#3962,.T.);
#5861=ORIENTED_EDGE('',*,*,#4435,.T.);
#5862=ORIENTED_EDGE('',*,*,#3940,.T.);
#5863=ORIENTED_EDGE('',*,*,#3938,.F.);
#5864=ORIENTED_EDGE('',*,*,#4436,.F.);
#5865=ORIENTED_EDGE('',*,*,#4437,.F.);
#5866=ORIENTED_EDGE('',*,*,#4438,.T.);
#5867=ORIENTED_EDGE('',*,*,#3941,.T.);
#5868=ORIENTED_EDGE('',*,*,#4435,.F.);
#5869=ORIENTED_EDGE('',*,*,#3961,.F.);
#5870=ORIENTED_EDGE('',*,*,#4439,.F.);
#5871=ORIENTED_EDGE('',*,*,#4440,.F.);
#5872=ORIENTED_EDGE('',*,*,#4112,.F.);
#5873=ORIENTED_EDGE('',*,*,#4111,.F.);
#5874=ORIENTED_EDGE('',*,*,#3942,.F.);
#5875=ORIENTED_EDGE('',*,*,#4438,.F.);
#5876=ORIENTED_EDGE('',*,*,#3960,.F.);
#5877=ORIENTED_EDGE('',*,*,#3888,.F.);
#5878=ORIENTED_EDGE('',*,*,#3887,.F.);
#5879=ORIENTED_EDGE('',*,*,#3937,.F.);
#5880=ORIENTED_EDGE('',*,*,#4110,.F.);
#5881=ORIENTED_EDGE('',*,*,#4354,.F.);
#5882=ORIENTED_EDGE('',*,*,#4441,.F.);
#5883=ORIENTED_EDGE('',*,*,#3944,.F.);
#5884=ORIENTED_EDGE('',*,*,#4442,.F.);
#5885=ORIENTED_EDGE('',*,*,#4376,.T.);
#5886=ORIENTED_EDGE('',*,*,#4174,.F.);
#5887=ORIENTED_EDGE('',*,*,#3930,.F.);
#5888=ORIENTED_EDGE('',*,*,#4443,.F.);
#5889=ORIENTED_EDGE('',*,*,#4356,.T.);
#5890=ORIENTED_EDGE('',*,*,#4108,.F.);
#5891=ORIENTED_EDGE('',*,*,#4253,.T.);
#5892=ORIENTED_EDGE('',*,*,#4252,.T.);
#5893=ORIENTED_EDGE('',*,*,#4257,.T.);
#5894=ORIENTED_EDGE('',*,*,#4403,.T.);
#5895=ORIENTED_EDGE('',*,*,#4402,.T.);
#5896=ORIENTED_EDGE('',*,*,#4444,.T.);
#5897=ORIENTED_EDGE('',*,*,#4445,.T.);
#5898=ORIENTED_EDGE('',*,*,#4446,.T.);
#5899=ORIENTED_EDGE('',*,*,#4447,.T.);
#5900=ORIENTED_EDGE('',*,*,#4448,.T.);
#5901=ORIENTED_EDGE('',*,*,#3903,.T.);
#5902=ORIENTED_EDGE('',*,*,#4410,.T.);
#5903=ORIENTED_EDGE('',*,*,#4409,.T.);
#5904=ORIENTED_EDGE('',*,*,#4418,.T.);
#5905=ORIENTED_EDGE('',*,*,#4434,.T.);
#5906=ORIENTED_EDGE('',*,*,#4433,.T.);
#5907=ORIENTED_EDGE('',*,*,#4449,.T.);
#5908=ORIENTED_EDGE('',*,*,#4450,.T.);
#5909=ORIENTED_EDGE('',*,*,#4451,.T.);
#5910=ORIENTED_EDGE('',*,*,#4452,.T.);
#5911=ORIENTED_EDGE('',*,*,#4453,.T.);
#5912=ORIENTED_EDGE('',*,*,#3886,.T.);
#5913=ORIENTED_EDGE('',*,*,#4218,.T.);
#5914=ORIENTED_EDGE('',*,*,#4224,.T.);
#5915=ORIENTED_EDGE('',*,*,#4404,.F.);
#5916=ORIENTED_EDGE('',*,*,#4442,.T.);
#5917=ORIENTED_EDGE('',*,*,#4250,.T.);
#5918=ORIENTED_EDGE('',*,*,#4454,.T.);
#5919=ORIENTED_EDGE('',*,*,#4455,.T.);
#5920=ORIENTED_EDGE('',*,*,#4456,.T.);
#5921=ORIENTED_EDGE('',*,*,#4165,.T.);
#5922=ORIENTED_EDGE('',*,*,#4457,.T.);
#5923=ORIENTED_EDGE('',*,*,#4458,.T.);
#5924=ORIENTED_EDGE('',*,*,#4459,.T.);
#5925=ORIENTED_EDGE('',*,*,#4160,.T.);
#5926=ORIENTED_EDGE('',*,*,#4163,.T.);
#5927=ORIENTED_EDGE('',*,*,#4443,.T.);
#5928=ORIENTED_EDGE('',*,*,#4422,.T.);
#5929=ORIENTED_EDGE('',*,*,#4460,.T.);
#5930=ORIENTED_EDGE('',*,*,#4461,.T.);
#5931=ORIENTED_EDGE('',*,*,#4462,.T.);
#5932=ORIENTED_EDGE('',*,*,#4437,.T.);
#5933=ORIENTED_EDGE('',*,*,#4436,.T.);
#5934=ORIENTED_EDGE('',*,*,#4441,.T.);
#5935=ORIENTED_EDGE('',*,*,#4408,.F.);
#5936=ORIENTED_EDGE('',*,*,#4105,.T.);
#5937=ORIENTED_EDGE('',*,*,#4463,.T.);
#5938=ORIENTED_EDGE('',*,*,#4464,.T.);
#5939=ORIENTED_EDGE('',*,*,#4465,.T.);
#5940=ORIENTED_EDGE('',*,*,#4100,.T.);
#5941=ORIENTED_EDGE('',*,*,#4103,.T.);
#5942=ORIENTED_EDGE('',*,*,#4269,.T.);
#5943=ORIENTED_EDGE('',*,*,#4268,.F.);
#5944=ORIENTED_EDGE('',*,*,#3983,.T.);
#5945=ORIENTED_EDGE('',*,*,#4278,.T.);
#5946=ORIENTED_EDGE('',*,*,#3988,.F.);
#5947=ORIENTED_EDGE('',*,*,#4216,.F.);
#5948=ORIENTED_EDGE('',*,*,#4215,.T.);
#5949=ORIENTED_EDGE('',*,*,#4466,.T.);
#5950=ORIENTED_EDGE('',*,*,#4467,.T.);
#5951=ORIENTED_EDGE('',*,*,#4468,.T.);
#5952=ORIENTED_EDGE('',*,*,#4469,.T.);
#5953=ORIENTED_EDGE('',*,*,#4470,.T.);
#5954=ORIENTED_EDGE('',*,*,#3920,.T.);
#5955=ORIENTED_EDGE('',*,*,#4425,.T.);
#5956=ORIENTED_EDGE('',*,*,#4424,.F.);
#5957=ORIENTED_EDGE('',*,*,#4004,.T.);
#5958=ORIENTED_EDGE('',*,*,#4246,.T.);
#5959=ORIENTED_EDGE('',*,*,#3995,.F.);
#5960=ORIENTED_EDGE('',*,*,#4231,.F.);
#5961=ORIENTED_EDGE('',*,*,#4230,.T.);
#5962=ORIENTED_EDGE('',*,*,#4471,.T.);
#5963=ORIENTED_EDGE('',*,*,#4472,.T.);
#5964=ORIENTED_EDGE('',*,*,#4473,.T.);
#5965=ORIENTED_EDGE('',*,*,#4474,.T.);
#5966=ORIENTED_EDGE('',*,*,#4475,.T.);
#5967=ORIENTED_EDGE('',*,*,#3873,.T.);
#5968=ORIENTED_EDGE('',*,*,#4132,.F.);
#5969=ORIENTED_EDGE('',*,*,#4476,.T.);
#5970=ORIENTED_EDGE('',*,*,#4415,.F.);
#5971=ORIENTED_EDGE('',*,*,#4139,.F.);
#5972=ORIENTED_EDGE('',*,*,#4118,.F.);
#5973=ORIENTED_EDGE('',*,*,#4477,.T.);
#5974=ORIENTED_EDGE('',*,*,#4416,.F.);
#5975=ORIENTED_EDGE('',*,*,#4476,.F.);
#5976=ORIENTED_EDGE('',*,*,#4122,.F.);
#5977=ORIENTED_EDGE('',*,*,#4136,.T.);
#5978=ORIENTED_EDGE('',*,*,#4417,.F.);
#5979=ORIENTED_EDGE('',*,*,#4477,.F.);
#5980=ORIENTED_EDGE('',*,*,#4182,.F.);
#5981=ORIENTED_EDGE('',*,*,#4478,.T.);
#5982=ORIENTED_EDGE('',*,*,#4479,.F.);
#5983=ORIENTED_EDGE('',*,*,#4199,.F.);
#5984=ORIENTED_EDGE('',*,*,#4188,.F.);
#5985=ORIENTED_EDGE('',*,*,#4480,.T.);
#5986=ORIENTED_EDGE('',*,*,#4481,.F.);
#5987=ORIENTED_EDGE('',*,*,#4478,.F.);
#5988=ORIENTED_EDGE('',*,*,#4191,.F.);
#5989=ORIENTED_EDGE('',*,*,#4196,.T.);
#5990=ORIENTED_EDGE('',*,*,#4482,.F.);
#5991=ORIENTED_EDGE('',*,*,#4480,.F.);
#5992=ORIENTED_EDGE('',*,*,#4147,.F.);
#5993=ORIENTED_EDGE('',*,*,#4483,.T.);
#5994=ORIENTED_EDGE('',*,*,#4457,.F.);
#5995=ORIENTED_EDGE('',*,*,#4164,.F.);
#5996=ORIENTED_EDGE('',*,*,#4150,.F.);
#5997=ORIENTED_EDGE('',*,*,#4484,.T.);
#5998=ORIENTED_EDGE('',*,*,#4458,.F.);
#5999=ORIENTED_EDGE('',*,*,#4483,.F.);
#6000=ORIENTED_EDGE('',*,*,#4153,.F.);
#6001=ORIENTED_EDGE('',*,*,#4161,.T.);
#6002=ORIENTED_EDGE('',*,*,#4459,.F.);
#6003=ORIENTED_EDGE('',*,*,#4484,.F.);
#6004=ORIENTED_EDGE('',*,*,#4097,.F.);
#6005=ORIENTED_EDGE('',*,*,#4485,.T.);
#6006=ORIENTED_EDGE('',*,*,#4463,.F.);
#6007=ORIENTED_EDGE('',*,*,#4104,.F.);
#6008=ORIENTED_EDGE('',*,*,#4083,.F.);
#6009=ORIENTED_EDGE('',*,*,#4486,.T.);
#6010=ORIENTED_EDGE('',*,*,#4464,.F.);
#6011=ORIENTED_EDGE('',*,*,#4485,.F.);
#6012=ORIENTED_EDGE('',*,*,#4087,.F.);
#6013=ORIENTED_EDGE('',*,*,#4101,.T.);
#6014=ORIENTED_EDGE('',*,*,#4465,.F.);
#6015=ORIENTED_EDGE('',*,*,#4486,.F.);
#6016=ORIENTED_EDGE('',*,*,#3913,.T.);
#6017=ORIENTED_EDGE('',*,*,#4487,.T.);
#6018=ORIENTED_EDGE('',*,*,#4488,.T.);
#6019=ORIENTED_EDGE('',*,*,#4489,.F.);
#6020=ORIENTED_EDGE('',*,*,#3912,.T.);
#6021=ORIENTED_EDGE('',*,*,#4490,.T.);
#6022=ORIENTED_EDGE('',*,*,#4491,.T.);
#6023=ORIENTED_EDGE('',*,*,#4487,.F.);
#6024=ORIENTED_EDGE('',*,*,#3911,.T.);
#6025=ORIENTED_EDGE('',*,*,#4492,.T.);
#6026=ORIENTED_EDGE('',*,*,#4493,.T.);
#6027=ORIENTED_EDGE('',*,*,#4490,.F.);
#6028=ORIENTED_EDGE('',*,*,#4256,.T.);
#6029=ORIENTED_EDGE('',*,*,#4494,.T.);
#6030=ORIENTED_EDGE('',*,*,#4495,.T.);
#6031=ORIENTED_EDGE('',*,*,#4492,.F.);
#6032=ORIENTED_EDGE('',*,*,#4255,.T.);
#6033=ORIENTED_EDGE('',*,*,#4171,.T.);
#6034=ORIENTED_EDGE('',*,*,#4496,.T.);
#6035=ORIENTED_EDGE('',*,*,#4497,.T.);
#6036=ORIENTED_EDGE('',*,*,#4494,.F.);
#6037=ORIENTED_EDGE('',*,*,#4170,.T.);
#6038=ORIENTED_EDGE('',*,*,#4498,.T.);
#6039=ORIENTED_EDGE('',*,*,#4499,.T.);
#6040=ORIENTED_EDGE('',*,*,#4496,.F.);
#6041=ORIENTED_EDGE('',*,*,#4169,.T.);
#6042=ORIENTED_EDGE('',*,*,#4222,.T.);
#6043=ORIENTED_EDGE('',*,*,#4500,.T.);
#6044=ORIENTED_EDGE('',*,*,#4501,.T.);
#6045=ORIENTED_EDGE('',*,*,#4498,.F.);
#6046=ORIENTED_EDGE('',*,*,#4221,.T.);
#6047=ORIENTED_EDGE('',*,*,#4502,.T.);
#6048=ORIENTED_EDGE('',*,*,#4503,.T.);
#6049=ORIENTED_EDGE('',*,*,#4500,.F.);
#6050=ORIENTED_EDGE('',*,*,#4220,.T.);
#6051=ORIENTED_EDGE('',*,*,#3928,.T.);
#6052=ORIENTED_EDGE('',*,*,#4504,.T.);
#6053=ORIENTED_EDGE('',*,*,#4505,.T.);
#6054=ORIENTED_EDGE('',*,*,#4502,.F.);
#6055=ORIENTED_EDGE('',*,*,#3927,.T.);
#6056=ORIENTED_EDGE('',*,*,#4506,.T.);
#6057=ORIENTED_EDGE('',*,*,#4507,.T.);
#6058=ORIENTED_EDGE('',*,*,#4504,.F.);
#6059=ORIENTED_EDGE('',*,*,#3926,.T.);
#6060=ORIENTED_EDGE('',*,*,#4508,.T.);
#6061=ORIENTED_EDGE('',*,*,#4509,.T.);
#6062=ORIENTED_EDGE('',*,*,#4506,.F.);
#6063=ORIENTED_EDGE('',*,*,#3925,.T.);
#6064=ORIENTED_EDGE('',*,*,#4510,.T.);
#6065=ORIENTED_EDGE('',*,*,#4511,.T.);
#6066=ORIENTED_EDGE('',*,*,#4508,.F.);
#6067=ORIENTED_EDGE('',*,*,#3924,.T.);
#6068=ORIENTED_EDGE('',*,*,#4512,.T.);
#6069=ORIENTED_EDGE('',*,*,#4513,.T.);
#6070=ORIENTED_EDGE('',*,*,#4510,.F.);
#6071=ORIENTED_EDGE('',*,*,#4277,.T.);
#6072=ORIENTED_EDGE('',*,*,#4514,.T.);
#6073=ORIENTED_EDGE('',*,*,#4515,.T.);
#6074=ORIENTED_EDGE('',*,*,#4512,.F.);
#6075=ORIENTED_EDGE('',*,*,#4276,.T.);
#6076=ORIENTED_EDGE('',*,*,#4516,.T.);
#6077=ORIENTED_EDGE('',*,*,#4517,.T.);
#6078=ORIENTED_EDGE('',*,*,#4514,.F.);
#6079=ORIENTED_EDGE('',*,*,#4275,.T.);
#6080=ORIENTED_EDGE('',*,*,#4518,.T.);
#6081=ORIENTED_EDGE('',*,*,#4519,.T.);
#6082=ORIENTED_EDGE('',*,*,#4516,.F.);
#6083=ORIENTED_EDGE('',*,*,#4211,.T.);
#6084=ORIENTED_EDGE('',*,*,#4520,.T.);
#6085=ORIENTED_EDGE('',*,*,#4521,.T.);
#6086=ORIENTED_EDGE('',*,*,#4518,.F.);
#6087=ORIENTED_EDGE('',*,*,#4210,.T.);
#6088=ORIENTED_EDGE('',*,*,#4522,.T.);
#6089=ORIENTED_EDGE('',*,*,#4523,.T.);
#6090=ORIENTED_EDGE('',*,*,#4520,.F.);
#6091=ORIENTED_EDGE('',*,*,#4209,.T.);
#6092=ORIENTED_EDGE('',*,*,#4524,.T.);
#6093=ORIENTED_EDGE('',*,*,#4525,.T.);
#6094=ORIENTED_EDGE('',*,*,#4522,.F.);
#6095=ORIENTED_EDGE('',*,*,#4244,.T.);
#6096=ORIENTED_EDGE('',*,*,#4526,.T.);
#6097=ORIENTED_EDGE('',*,*,#4527,.T.);
#6098=ORIENTED_EDGE('',*,*,#4524,.F.);
#6099=ORIENTED_EDGE('',*,*,#4243,.T.);
#6100=ORIENTED_EDGE('',*,*,#4528,.T.);
#6101=ORIENTED_EDGE('',*,*,#4529,.T.);
#6102=ORIENTED_EDGE('',*,*,#4526,.F.);
#6103=ORIENTED_EDGE('',*,*,#4242,.T.);
#6104=ORIENTED_EDGE('',*,*,#4530,.T.);
#6105=ORIENTED_EDGE('',*,*,#4531,.T.);
#6106=ORIENTED_EDGE('',*,*,#4528,.F.);
#6107=ORIENTED_EDGE('',*,*,#3881,.T.);
#6108=ORIENTED_EDGE('',*,*,#4532,.T.);
#6109=ORIENTED_EDGE('',*,*,#4533,.T.);
#6110=ORIENTED_EDGE('',*,*,#4530,.F.);
#6111=ORIENTED_EDGE('',*,*,#4534,.T.);
#6112=ORIENTED_EDGE('',*,*,#4532,.F.);
#6113=ORIENTED_EDGE('',*,*,#3880,.T.);
#6114=ORIENTED_EDGE('',*,*,#4535,.T.);
#6115=ORIENTED_EDGE('',*,*,#4536,.T.);
#6116=ORIENTED_EDGE('',*,*,#4535,.F.);
#6117=ORIENTED_EDGE('',*,*,#3879,.T.);
#6118=ORIENTED_EDGE('',*,*,#4537,.T.);
#6119=ORIENTED_EDGE('',*,*,#4538,.T.);
#6120=ORIENTED_EDGE('',*,*,#4537,.F.);
#6121=ORIENTED_EDGE('',*,*,#3878,.T.);
#6122=ORIENTED_EDGE('',*,*,#4539,.T.);
#6123=ORIENTED_EDGE('',*,*,#4540,.T.);
#6124=ORIENTED_EDGE('',*,*,#4539,.F.);
#6125=ORIENTED_EDGE('',*,*,#3877,.T.);
#6126=ORIENTED_EDGE('',*,*,#4429,.T.);
#6127=ORIENTED_EDGE('',*,*,#4541,.T.);
#6128=ORIENTED_EDGE('',*,*,#4542,.T.);
#6129=ORIENTED_EDGE('',*,*,#4541,.F.);
#6130=ORIENTED_EDGE('',*,*,#4428,.T.);
#6131=ORIENTED_EDGE('',*,*,#4543,.T.);
#6132=ORIENTED_EDGE('',*,*,#4544,.T.);
#6133=ORIENTED_EDGE('',*,*,#4543,.F.);
#6134=ORIENTED_EDGE('',*,*,#4427,.T.);
#6135=ORIENTED_EDGE('',*,*,#4115,.T.);
#6136=ORIENTED_EDGE('',*,*,#4545,.T.);
#6137=ORIENTED_EDGE('',*,*,#4546,.T.);
#6138=ORIENTED_EDGE('',*,*,#4545,.F.);
#6139=ORIENTED_EDGE('',*,*,#4114,.T.);
#6140=ORIENTED_EDGE('',*,*,#4547,.T.);
#6141=ORIENTED_EDGE('',*,*,#4548,.T.);
#6142=ORIENTED_EDGE('',*,*,#4547,.F.);
#6143=ORIENTED_EDGE('',*,*,#4113,.T.);
#6144=ORIENTED_EDGE('',*,*,#4440,.T.);
#6145=ORIENTED_EDGE('',*,*,#4549,.T.);
#6146=ORIENTED_EDGE('',*,*,#4550,.T.);
#6147=ORIENTED_EDGE('',*,*,#4549,.F.);
#6148=ORIENTED_EDGE('',*,*,#4439,.T.);
#6149=ORIENTED_EDGE('',*,*,#4551,.T.);
#6150=ORIENTED_EDGE('',*,*,#4552,.T.);
#6151=ORIENTED_EDGE('',*,*,#4551,.F.);
#6152=ORIENTED_EDGE('',*,*,#3898,.T.);
#6153=ORIENTED_EDGE('',*,*,#4553,.T.);
#6154=ORIENTED_EDGE('',*,*,#4554,.T.);
#6155=ORIENTED_EDGE('',*,*,#4553,.F.);
#6156=ORIENTED_EDGE('',*,*,#3897,.T.);
#6157=ORIENTED_EDGE('',*,*,#4555,.T.);
#6158=ORIENTED_EDGE('',*,*,#4556,.T.);
#6159=ORIENTED_EDGE('',*,*,#4555,.F.);
#6160=ORIENTED_EDGE('',*,*,#3896,.T.);
#6161=ORIENTED_EDGE('',*,*,#4557,.T.);
#6162=ORIENTED_EDGE('',*,*,#4558,.T.);
#6163=ORIENTED_EDGE('',*,*,#4557,.F.);
#6164=ORIENTED_EDGE('',*,*,#3895,.T.);
#6165=ORIENTED_EDGE('',*,*,#4559,.T.);
#6166=ORIENTED_EDGE('',*,*,#4560,.T.);
#6167=ORIENTED_EDGE('',*,*,#4559,.F.);
#6168=ORIENTED_EDGE('',*,*,#3894,.T.);
#6169=ORIENTED_EDGE('',*,*,#4396,.T.);
#6170=ORIENTED_EDGE('',*,*,#4561,.T.);
#6171=ORIENTED_EDGE('',*,*,#4562,.T.);
#6172=ORIENTED_EDGE('',*,*,#4561,.F.);
#6173=ORIENTED_EDGE('',*,*,#4395,.T.);
#6174=ORIENTED_EDGE('',*,*,#4563,.T.);
#6175=ORIENTED_EDGE('',*,*,#4564,.T.);
#6176=ORIENTED_EDGE('',*,*,#4563,.F.);
#6177=ORIENTED_EDGE('',*,*,#4394,.T.);
#6178=ORIENTED_EDGE('',*,*,#4565,.T.);
#6179=ORIENTED_EDGE('',*,*,#4566,.T.);
#6180=ORIENTED_EDGE('',*,*,#4565,.F.);
#6181=ORIENTED_EDGE('',*,*,#4393,.T.);
#6182=ORIENTED_EDGE('',*,*,#4567,.T.);
#6183=ORIENTED_EDGE('',*,*,#4568,.T.);
#6184=ORIENTED_EDGE('',*,*,#4567,.F.);
#6185=ORIENTED_EDGE('',*,*,#4392,.T.);
#6186=ORIENTED_EDGE('',*,*,#4569,.T.);
#6187=ORIENTED_EDGE('',*,*,#4570,.T.);
#6188=ORIENTED_EDGE('',*,*,#4569,.F.);
#6189=ORIENTED_EDGE('',*,*,#4398,.T.);
#6190=ORIENTED_EDGE('',*,*,#4571,.T.);
#6191=ORIENTED_EDGE('',*,*,#4572,.T.);
#6192=ORIENTED_EDGE('',*,*,#4571,.F.);
#6193=ORIENTED_EDGE('',*,*,#4397,.T.);
#6194=ORIENTED_EDGE('',*,*,#3915,.T.);
#6195=ORIENTED_EDGE('',*,*,#4573,.T.);
#6196=ORIENTED_EDGE('',*,*,#4574,.T.);
#6197=ORIENTED_EDGE('',*,*,#4573,.F.);
#6198=ORIENTED_EDGE('',*,*,#3914,.T.);
#6199=ORIENTED_EDGE('',*,*,#4489,.T.);
#6200=ORIENTED_EDGE('',*,*,#4534,.F.);
#6201=ORIENTED_EDGE('',*,*,#4575,.F.);
#6202=ORIENTED_EDGE('',*,*,#4576,.F.);
#6203=ORIENTED_EDGE('',*,*,#4577,.T.);
#6204=ORIENTED_EDGE('',*,*,#4536,.F.);
#6205=ORIENTED_EDGE('',*,*,#4578,.F.);
#6206=ORIENTED_EDGE('',*,*,#4579,.F.);
#6207=ORIENTED_EDGE('',*,*,#4575,.T.);
#6208=ORIENTED_EDGE('',*,*,#4538,.F.);
#6209=ORIENTED_EDGE('',*,*,#4580,.T.);
#6210=ORIENTED_EDGE('',*,*,#4581,.F.);
#6211=ORIENTED_EDGE('',*,*,#4578,.T.);
#6212=ORIENTED_EDGE('',*,*,#4540,.F.);
#6213=ORIENTED_EDGE('',*,*,#4582,.F.);
#6214=ORIENTED_EDGE('',*,*,#4583,.F.);
#6215=ORIENTED_EDGE('',*,*,#4580,.F.);
#6216=ORIENTED_EDGE('',*,*,#4542,.F.);
#6217=ORIENTED_EDGE('',*,*,#4584,.F.);
#6218=ORIENTED_EDGE('',*,*,#4585,.F.);
#6219=ORIENTED_EDGE('',*,*,#4582,.T.);
#6220=ORIENTED_EDGE('',*,*,#4544,.F.);
#6221=ORIENTED_EDGE('',*,*,#4586,.F.);
#6222=ORIENTED_EDGE('',*,*,#4587,.F.);
#6223=ORIENTED_EDGE('',*,*,#4584,.T.);
#6224=ORIENTED_EDGE('',*,*,#4546,.F.);
#6225=ORIENTED_EDGE('',*,*,#4588,.F.);
#6226=ORIENTED_EDGE('',*,*,#4589,.F.);
#6227=ORIENTED_EDGE('',*,*,#4586,.T.);
#6228=ORIENTED_EDGE('',*,*,#4548,.F.);
#6229=ORIENTED_EDGE('',*,*,#4590,.F.);
#6230=ORIENTED_EDGE('',*,*,#4591,.F.);
#6231=ORIENTED_EDGE('',*,*,#4588,.T.);
#6232=ORIENTED_EDGE('',*,*,#4550,.F.);
#6233=ORIENTED_EDGE('',*,*,#4592,.F.);
#6234=ORIENTED_EDGE('',*,*,#4593,.F.);
#6235=ORIENTED_EDGE('',*,*,#4590,.T.);
#6236=ORIENTED_EDGE('',*,*,#4552,.F.);
#6237=ORIENTED_EDGE('',*,*,#4594,.F.);
#6238=ORIENTED_EDGE('',*,*,#4595,.F.);
#6239=ORIENTED_EDGE('',*,*,#4592,.T.);
#6240=ORIENTED_EDGE('',*,*,#4554,.F.);
#6241=ORIENTED_EDGE('',*,*,#4596,.F.);
#6242=ORIENTED_EDGE('',*,*,#4597,.F.);
#6243=ORIENTED_EDGE('',*,*,#4594,.T.);
#6244=ORIENTED_EDGE('',*,*,#4556,.F.);
#6245=ORIENTED_EDGE('',*,*,#4598,.F.);
#6246=ORIENTED_EDGE('',*,*,#4599,.F.);
#6247=ORIENTED_EDGE('',*,*,#4596,.T.);
#6248=ORIENTED_EDGE('',*,*,#4558,.F.);
#6249=ORIENTED_EDGE('',*,*,#4600,.F.);
#6250=ORIENTED_EDGE('',*,*,#4601,.F.);
#6251=ORIENTED_EDGE('',*,*,#4598,.T.);
#6252=ORIENTED_EDGE('',*,*,#4560,.F.);
#6253=ORIENTED_EDGE('',*,*,#4602,.F.);
#6254=ORIENTED_EDGE('',*,*,#4603,.F.);
#6255=ORIENTED_EDGE('',*,*,#4600,.T.);
#6256=ORIENTED_EDGE('',*,*,#4562,.F.);
#6257=ORIENTED_EDGE('',*,*,#4604,.F.);
#6258=ORIENTED_EDGE('',*,*,#4605,.F.);
#6259=ORIENTED_EDGE('',*,*,#4602,.T.);
#6260=ORIENTED_EDGE('',*,*,#4564,.F.);
#6261=ORIENTED_EDGE('',*,*,#4606,.F.);
#6262=ORIENTED_EDGE('',*,*,#4607,.F.);
#6263=ORIENTED_EDGE('',*,*,#4604,.T.);
#6264=ORIENTED_EDGE('',*,*,#4566,.F.);
#6265=ORIENTED_EDGE('',*,*,#4608,.F.);
#6266=ORIENTED_EDGE('',*,*,#4609,.F.);
#6267=ORIENTED_EDGE('',*,*,#4606,.T.);
#6268=ORIENTED_EDGE('',*,*,#4568,.F.);
#6269=ORIENTED_EDGE('',*,*,#4610,.F.);
#6270=ORIENTED_EDGE('',*,*,#4611,.F.);
#6271=ORIENTED_EDGE('',*,*,#4608,.T.);
#6272=ORIENTED_EDGE('',*,*,#4570,.F.);
#6273=ORIENTED_EDGE('',*,*,#4612,.F.);
#6274=ORIENTED_EDGE('',*,*,#4613,.F.);
#6275=ORIENTED_EDGE('',*,*,#4610,.T.);
#6276=ORIENTED_EDGE('',*,*,#4572,.F.);
#6277=ORIENTED_EDGE('',*,*,#4614,.F.);
#6278=ORIENTED_EDGE('',*,*,#4615,.F.);
#6279=ORIENTED_EDGE('',*,*,#4612,.T.);
#6280=ORIENTED_EDGE('',*,*,#4574,.F.);
#6281=ORIENTED_EDGE('',*,*,#4616,.F.);
#6282=ORIENTED_EDGE('',*,*,#4617,.F.);
#6283=ORIENTED_EDGE('',*,*,#4614,.T.);
#6284=ORIENTED_EDGE('',*,*,#4488,.F.);
#6285=ORIENTED_EDGE('',*,*,#4618,.F.);
#6286=ORIENTED_EDGE('',*,*,#4619,.F.);
#6287=ORIENTED_EDGE('',*,*,#4616,.T.);
#6288=ORIENTED_EDGE('',*,*,#4620,.T.);
#6289=ORIENTED_EDGE('',*,*,#4621,.T.);
#6290=ORIENTED_EDGE('',*,*,#4622,.T.);
#6291=ORIENTED_EDGE('',*,*,#4623,.T.);
#6292=ORIENTED_EDGE('',*,*,#4624,.F.);
#6293=ORIENTED_EDGE('',*,*,#4620,.F.);
#6294=ORIENTED_EDGE('',*,*,#4625,.T.);
#6295=ORIENTED_EDGE('',*,*,#4626,.T.);
#6296=ORIENTED_EDGE('',*,*,#4627,.T.);
#6297=ORIENTED_EDGE('',*,*,#4622,.F.);
#6298=ORIENTED_EDGE('',*,*,#4625,.F.);
#6299=ORIENTED_EDGE('',*,*,#4623,.F.);
#6300=ORIENTED_EDGE('',*,*,#4627,.F.);
#6301=ORIENTED_EDGE('',*,*,#4628,.T.);
#6302=ORIENTED_EDGE('',*,*,#4629,.F.);
#6303=ORIENTED_EDGE('',*,*,#4630,.T.);
#6304=ORIENTED_EDGE('',*,*,#4631,.T.);
#6305=ORIENTED_EDGE('',*,*,#4632,.T.);
#6306=ORIENTED_EDGE('',*,*,#4633,.T.);
#6307=ORIENTED_EDGE('',*,*,#4634,.T.);
#6308=ORIENTED_EDGE('',*,*,#4634,.F.);
#6309=ORIENTED_EDGE('',*,*,#4635,.T.);
#6310=ORIENTED_EDGE('',*,*,#4636,.F.);
#6311=ORIENTED_EDGE('',*,*,#4637,.T.);
#6312=ORIENTED_EDGE('',*,*,#4633,.F.);
#6313=ORIENTED_EDGE('',*,*,#4638,.T.);
#6314=ORIENTED_EDGE('',*,*,#4639,.F.);
#6315=ORIENTED_EDGE('',*,*,#4635,.F.);
#6316=ORIENTED_EDGE('',*,*,#4640,.T.);
#6317=ORIENTED_EDGE('',*,*,#4641,.T.);
#6318=ORIENTED_EDGE('',*,*,#4642,.T.);
#6319=ORIENTED_EDGE('',*,*,#4643,.T.);
#6320=ORIENTED_EDGE('',*,*,#4643,.F.);
#6321=ORIENTED_EDGE('',*,*,#4644,.T.);
#6322=ORIENTED_EDGE('',*,*,#4645,.F.);
#6323=ORIENTED_EDGE('',*,*,#4646,.T.);
#6324=ORIENTED_EDGE('',*,*,#4642,.F.);
#6325=ORIENTED_EDGE('',*,*,#4647,.F.);
#6326=ORIENTED_EDGE('',*,*,#4648,.F.);
#6327=ORIENTED_EDGE('',*,*,#4644,.F.);
#6328=ORIENTED_EDGE('',*,*,#4649,.F.);
#6329=ORIENTED_EDGE('',*,*,#4650,.T.);
#6330=ORIENTED_EDGE('',*,*,#4651,.T.);
#6331=ORIENTED_EDGE('',*,*,#4652,.T.);
#6332=ORIENTED_EDGE('',*,*,#4652,.F.);
#6333=ORIENTED_EDGE('',*,*,#4653,.T.);
#6334=ORIENTED_EDGE('',*,*,#4654,.F.);
#6335=ORIENTED_EDGE('',*,*,#4655,.T.);
#6336=ORIENTED_EDGE('',*,*,#4656,.T.);
#6337=ORIENTED_EDGE('',*,*,#4657,.T.);
#6338=ORIENTED_EDGE('',*,*,#4658,.T.);
#6339=ORIENTED_EDGE('',*,*,#4659,.T.);
#6340=ORIENTED_EDGE('',*,*,#4658,.F.);
#6341=ORIENTED_EDGE('',*,*,#4660,.F.);
#6342=ORIENTED_EDGE('',*,*,#4661,.F.);
#6343=ORIENTED_EDGE('',*,*,#4662,.F.);
#6344=ORIENTED_EDGE('',*,*,#4657,.F.);
#6345=ORIENTED_EDGE('',*,*,#4663,.T.);
#6346=ORIENTED_EDGE('',*,*,#4664,.F.);
#6347=ORIENTED_EDGE('',*,*,#4660,.T.);
#6348=ORIENTED_EDGE('',*,*,#4656,.F.);
#6349=ORIENTED_EDGE('',*,*,#4665,.F.);
#6350=ORIENTED_EDGE('',*,*,#4666,.F.);
#6351=ORIENTED_EDGE('',*,*,#4663,.F.);
#6352=ORIENTED_EDGE('',*,*,#4667,.T.);
#6353=ORIENTED_EDGE('',*,*,#4668,.T.);
#6354=ORIENTED_EDGE('',*,*,#4669,.T.);
#6355=ORIENTED_EDGE('',*,*,#4670,.T.);
#6356=ORIENTED_EDGE('',*,*,#4668,.F.);
#6357=ORIENTED_EDGE('',*,*,#4671,.F.);
#6358=ORIENTED_EDGE('',*,*,#4672,.F.);
#6359=ORIENTED_EDGE('',*,*,#4673,.F.);
#6360=ORIENTED_EDGE('',*,*,#4667,.F.);
#6361=ORIENTED_EDGE('',*,*,#4674,.F.);
#6362=ORIENTED_EDGE('',*,*,#4675,.F.);
#6363=ORIENTED_EDGE('',*,*,#4671,.T.);
#6364=ORIENTED_EDGE('',*,*,#4670,.F.);
#6365=ORIENTED_EDGE('',*,*,#4676,.T.);
#6366=ORIENTED_EDGE('',*,*,#4677,.F.);
#6367=ORIENTED_EDGE('',*,*,#4674,.T.);
#6368=ORIENTED_EDGE('',*,*,#4678,.T.);
#6369=ORIENTED_EDGE('',*,*,#4679,.T.);
#6370=ORIENTED_EDGE('',*,*,#4680,.T.);
#6371=ORIENTED_EDGE('',*,*,#4681,.T.);
#6372=ORIENTED_EDGE('',*,*,#4682,.T.);
#6373=ORIENTED_EDGE('',*,*,#4683,.T.);
#6374=ORIENTED_EDGE('',*,*,#4678,.F.);
#6375=ORIENTED_EDGE('',*,*,#4684,.F.);
#6376=ORIENTED_EDGE('',*,*,#4680,.F.);
#6377=ORIENTED_EDGE('',*,*,#4685,.T.);
#6378=ORIENTED_EDGE('',*,*,#4685,.F.);
#6379=ORIENTED_EDGE('',*,*,#4679,.F.);
#6380=ORIENTED_EDGE('',*,*,#4683,.F.);
#6381=ORIENTED_EDGE('',*,*,#4686,.T.);
#6382=ORIENTED_EDGE('',*,*,#4687,.F.);
#6383=ORIENTED_EDGE('',*,*,#4688,.T.);
#6384=ORIENTED_EDGE('',*,*,#4689,.T.);
#6385=ORIENTED_EDGE('',*,*,#4690,.T.);
#6386=ORIENTED_EDGE('',*,*,#4691,.T.);
#6387=ORIENTED_EDGE('',*,*,#4692,.T.);
#6388=ORIENTED_EDGE('',*,*,#4692,.F.);
#6389=ORIENTED_EDGE('',*,*,#4693,.T.);
#6390=ORIENTED_EDGE('',*,*,#4694,.F.);
#6391=ORIENTED_EDGE('',*,*,#4695,.T.);
#6392=ORIENTED_EDGE('',*,*,#4691,.F.);
#6393=ORIENTED_EDGE('',*,*,#4696,.F.);
#6394=ORIENTED_EDGE('',*,*,#4697,.F.);
#6395=ORIENTED_EDGE('',*,*,#4693,.F.);
#6396=ORIENTED_EDGE('',*,*,#4690,.F.);
#6397=ORIENTED_EDGE('',*,*,#4698,.T.);
#6398=ORIENTED_EDGE('',*,*,#4699,.F.);
#6399=ORIENTED_EDGE('',*,*,#4696,.T.);
#6400=ORIENTED_EDGE('',*,*,#4700,.T.);
#6401=ORIENTED_EDGE('',*,*,#4701,.T.);
#6402=ORIENTED_EDGE('',*,*,#4702,.T.);
#6403=ORIENTED_EDGE('',*,*,#4703,.T.);
#6404=ORIENTED_EDGE('',*,*,#4701,.F.);
#6405=ORIENTED_EDGE('',*,*,#4704,.F.);
#6406=ORIENTED_EDGE('',*,*,#4705,.F.);
#6407=ORIENTED_EDGE('',*,*,#4706,.F.);
#6408=ORIENTED_EDGE('',*,*,#4700,.F.);
#6409=ORIENTED_EDGE('',*,*,#4707,.F.);
#6410=ORIENTED_EDGE('',*,*,#4708,.F.);
#6411=ORIENTED_EDGE('',*,*,#4704,.T.);
#6412=ORIENTED_EDGE('',*,*,#4703,.F.);
#6413=ORIENTED_EDGE('',*,*,#4709,.T.);
#6414=ORIENTED_EDGE('',*,*,#4710,.F.);
#6415=ORIENTED_EDGE('',*,*,#4707,.T.);
#6416=ORIENTED_EDGE('',*,*,#4711,.T.);
#6417=ORIENTED_EDGE('',*,*,#4712,.T.);
#6418=ORIENTED_EDGE('',*,*,#4713,.F.);
#6419=ORIENTED_EDGE('',*,*,#4714,.T.);
#6420=ORIENTED_EDGE('',*,*,#4714,.F.);
#6421=ORIENTED_EDGE('',*,*,#4715,.F.);
#6422=ORIENTED_EDGE('',*,*,#4716,.F.);
#6423=ORIENTED_EDGE('',*,*,#4717,.F.);
#6424=ORIENTED_EDGE('',*,*,#4718,.T.);
#6425=ORIENTED_EDGE('',*,*,#4719,.T.);
#6426=ORIENTED_EDGE('',*,*,#4720,.T.);
#6427=ORIENTED_EDGE('',*,*,#4721,.T.);
#6428=ORIENTED_EDGE('',*,*,#4720,.F.);
#6429=ORIENTED_EDGE('',*,*,#4722,.T.);
#6430=ORIENTED_EDGE('',*,*,#4723,.F.);
#6431=ORIENTED_EDGE('',*,*,#4724,.F.);
#6432=ORIENTED_EDGE('',*,*,#4719,.F.);
#6433=ORIENTED_EDGE('',*,*,#4725,.F.);
#6434=ORIENTED_EDGE('',*,*,#4726,.F.);
#6435=ORIENTED_EDGE('',*,*,#4722,.F.);
#6436=ORIENTED_EDGE('',*,*,#4718,.F.);
#6437=ORIENTED_EDGE('',*,*,#4727,.F.);
#6438=ORIENTED_EDGE('',*,*,#4728,.F.);
#6439=ORIENTED_EDGE('',*,*,#4725,.T.);
#6440=ORIENTED_EDGE('',*,*,#4729,.T.);
#6441=ORIENTED_EDGE('',*,*,#4730,.T.);
#6442=ORIENTED_EDGE('',*,*,#4731,.T.);
#6443=ORIENTED_EDGE('',*,*,#4732,.T.);
#6444=ORIENTED_EDGE('',*,*,#4732,.F.);
#6445=ORIENTED_EDGE('',*,*,#4733,.T.);
#6446=ORIENTED_EDGE('',*,*,#4734,.F.);
#6447=ORIENTED_EDGE('',*,*,#4735,.T.);
#6448=ORIENTED_EDGE('',*,*,#4731,.F.);
#6449=ORIENTED_EDGE('',*,*,#4736,.F.);
#6450=ORIENTED_EDGE('',*,*,#4737,.F.);
#6451=ORIENTED_EDGE('',*,*,#4733,.F.);
#6452=ORIENTED_EDGE('',*,*,#4730,.F.);
#6453=ORIENTED_EDGE('',*,*,#4738,.T.);
#6454=ORIENTED_EDGE('',*,*,#4739,.F.);
#6455=ORIENTED_EDGE('',*,*,#4736,.T.);
#6456=ORIENTED_EDGE('',*,*,#4721,.F.);
#6457=ORIENTED_EDGE('',*,*,#4724,.T.);
#6458=ORIENTED_EDGE('',*,*,#4740,.F.);
#6459=ORIENTED_EDGE('',*,*,#4727,.T.);
#6460=ORIENTED_EDGE('',*,*,#4729,.F.);
#6461=ORIENTED_EDGE('',*,*,#4735,.F.);
#6462=ORIENTED_EDGE('',*,*,#4741,.F.);
#6463=ORIENTED_EDGE('',*,*,#4738,.F.);
#6464=ORIENTED_EDGE('',*,*,#4712,.F.);
#6465=ORIENTED_EDGE('',*,*,#4742,.T.);
#6466=ORIENTED_EDGE('',*,*,#4743,.F.);
#6467=ORIENTED_EDGE('',*,*,#4744,.T.);
#6468=ORIENTED_EDGE('',*,*,#4702,.F.);
#6469=ORIENTED_EDGE('',*,*,#4706,.T.);
#6470=ORIENTED_EDGE('',*,*,#4745,.F.);
#6471=ORIENTED_EDGE('',*,*,#4709,.F.);
#6472=ORIENTED_EDGE('',*,*,#4689,.F.);
#6473=ORIENTED_EDGE('',*,*,#4695,.F.);
#6474=ORIENTED_EDGE('',*,*,#4746,.F.);
#6475=ORIENTED_EDGE('',*,*,#4698,.F.);
#6476=ORIENTED_EDGE('',*,*,#4659,.F.);
#6477=ORIENTED_EDGE('',*,*,#4662,.T.);
#6478=ORIENTED_EDGE('',*,*,#4747,.F.);
#6479=ORIENTED_EDGE('',*,*,#4665,.T.);
#6480=ORIENTED_EDGE('',*,*,#4669,.F.);
#6481=ORIENTED_EDGE('',*,*,#4673,.T.);
#6482=ORIENTED_EDGE('',*,*,#4748,.F.);
#6483=ORIENTED_EDGE('',*,*,#4676,.F.);
#6484=ORIENTED_EDGE('',*,*,#4681,.F.);
#6485=ORIENTED_EDGE('',*,*,#4749,.F.);
#6486=ORIENTED_EDGE('',*,*,#4750,.F.);
#6487=ORIENTED_EDGE('',*,*,#4751,.F.);
#6488=ORIENTED_EDGE('',*,*,#4752,.F.);
#6489=ORIENTED_EDGE('',*,*,#4684,.T.);
#6490=ORIENTED_EDGE('',*,*,#4688,.F.);
#6491=ORIENTED_EDGE('',*,*,#4753,.F.);
#6492=ORIENTED_EDGE('',*,*,#4413,.F.);
#6493=ORIENTED_EDGE('',*,*,#4754,.T.);
#6494=ORIENTED_EDGE('',*,*,#4755,.F.);
#6495=ORIENTED_EDGE('',*,*,#4687,.T.);
#6496=ORIENTED_EDGE('',*,*,#4756,.F.);
#6497=ORIENTED_EDGE('',*,*,#4414,.F.);
#6498=ORIENTED_EDGE('',*,*,#4753,.T.);
#6499=ORIENTED_EDGE('',*,*,#4737,.T.);
#6500=ORIENTED_EDGE('',*,*,#4739,.T.);
#6501=ORIENTED_EDGE('',*,*,#4741,.T.);
#6502=ORIENTED_EDGE('',*,*,#4757,.F.);
#6503=ORIENTED_EDGE('',*,*,#4758,.F.);
#6504=ORIENTED_EDGE('',*,*,#4466,.F.);
#6505=ORIENTED_EDGE('',*,*,#4214,.F.);
#6506=ORIENTED_EDGE('',*,*,#4759,.T.);
#6507=ORIENTED_EDGE('',*,*,#4760,.F.);
#6508=ORIENTED_EDGE('',*,*,#4675,.T.);
#6509=ORIENTED_EDGE('',*,*,#4677,.T.);
#6510=ORIENTED_EDGE('',*,*,#4748,.T.);
#6511=ORIENTED_EDGE('',*,*,#4761,.F.);
#6512=ORIENTED_EDGE('',*,*,#4762,.F.);
#6513=ORIENTED_EDGE('',*,*,#4411,.F.);
#6514=ORIENTED_EDGE('',*,*,#4453,.F.);
#6515=ORIENTED_EDGE('',*,*,#4763,.T.);
#6516=ORIENTED_EDGE('',*,*,#4764,.F.);
#6517=ORIENTED_EDGE('',*,*,#4631,.F.);
#6518=ORIENTED_EDGE('',*,*,#4637,.F.);
#6519=ORIENTED_EDGE('',*,*,#4765,.F.);
#6520=ORIENTED_EDGE('',*,*,#4766,.T.);
#6521=ORIENTED_EDGE('',*,*,#4632,.F.);
#6522=ORIENTED_EDGE('',*,*,#4766,.F.);
#6523=ORIENTED_EDGE('',*,*,#4767,.F.);
#6524=ORIENTED_EDGE('',*,*,#4638,.F.);
#6525=ORIENTED_EDGE('',*,*,#4765,.T.);
#6526=ORIENTED_EDGE('',*,*,#4636,.T.);
#6527=ORIENTED_EDGE('',*,*,#4639,.T.);
#6528=ORIENTED_EDGE('',*,*,#4768,.F.);
#6529=ORIENTED_EDGE('',*,*,#4769,.F.);
#6530=ORIENTED_EDGE('',*,*,#4419,.F.);
#6531=ORIENTED_EDGE('',*,*,#4475,.F.);
#6532=ORIENTED_EDGE('',*,*,#4770,.T.);
#6533=ORIENTED_EDGE('',*,*,#4771,.F.);
#6534=ORIENTED_EDGE('',*,*,#4650,.F.);
#6535=ORIENTED_EDGE('',*,*,#4772,.F.);
#6536=ORIENTED_EDGE('',*,*,#4773,.F.);
#6537=ORIENTED_EDGE('',*,*,#4774,.F.);
#6538=ORIENTED_EDGE('',*,*,#4775,.F.);
#6539=ORIENTED_EDGE('',*,*,#4713,.T.);
#6540=ORIENTED_EDGE('',*,*,#4744,.F.);
#6541=ORIENTED_EDGE('',*,*,#4776,.F.);
#6542=ORIENTED_EDGE('',*,*,#4454,.F.);
#6543=ORIENTED_EDGE('',*,*,#4249,.F.);
#6544=ORIENTED_EDGE('',*,*,#4777,.T.);
#6545=ORIENTED_EDGE('',*,*,#4743,.T.);
#6546=ORIENTED_EDGE('',*,*,#4778,.F.);
#6547=ORIENTED_EDGE('',*,*,#4455,.F.);
#6548=ORIENTED_EDGE('',*,*,#4776,.T.);
#6549=ORIENTED_EDGE('',*,*,#4640,.F.);
#6550=ORIENTED_EDGE('',*,*,#4646,.F.);
#6551=ORIENTED_EDGE('',*,*,#4779,.F.);
#6552=ORIENTED_EDGE('',*,*,#4780,.F.);
#6553=ORIENTED_EDGE('',*,*,#4641,.F.);
#6554=ORIENTED_EDGE('',*,*,#4780,.T.);
#6555=ORIENTED_EDGE('',*,*,#4781,.F.);
#6556=ORIENTED_EDGE('',*,*,#4647,.T.);
#6557=ORIENTED_EDGE('',*,*,#4621,.F.);
#6558=ORIENTED_EDGE('',*,*,#4782,.F.);
#6559=ORIENTED_EDGE('',*,*,#4783,.F.);
#6560=ORIENTED_EDGE('',*,*,#4784,.F.);
#6561=ORIENTED_EDGE('',*,*,#4785,.F.);
#6562=ORIENTED_EDGE('',*,*,#4624,.T.);
#6563=ORIENTED_EDGE('',*,*,#4630,.F.);
#6564=ORIENTED_EDGE('',*,*,#4786,.F.);
#6565=ORIENTED_EDGE('',*,*,#4787,.F.);
#6566=ORIENTED_EDGE('',*,*,#4262,.F.);
#6567=ORIENTED_EDGE('',*,*,#4788,.T.);
#6568=ORIENTED_EDGE('',*,*,#4789,.F.);
#6569=ORIENTED_EDGE('',*,*,#4629,.T.);
#6570=ORIENTED_EDGE('',*,*,#4790,.F.);
#6571=ORIENTED_EDGE('',*,*,#4791,.F.);
#6572=ORIENTED_EDGE('',*,*,#4786,.T.);
#6573=ORIENTED_EDGE('',*,*,#4708,.T.);
#6574=ORIENTED_EDGE('',*,*,#4710,.T.);
#6575=ORIENTED_EDGE('',*,*,#4745,.T.);
#6576=ORIENTED_EDGE('',*,*,#4792,.F.);
#6577=ORIENTED_EDGE('',*,*,#4793,.F.);
#6578=ORIENTED_EDGE('',*,*,#4247,.F.);
#6579=ORIENTED_EDGE('',*,*,#4448,.F.);
#6580=ORIENTED_EDGE('',*,*,#4794,.T.);
#6581=ORIENTED_EDGE('',*,*,#4795,.F.);
#6582=ORIENTED_EDGE('',*,*,#4048,.T.);
#6583=ORIENTED_EDGE('',*,*,#4053,.F.);
#6584=ORIENTED_EDGE('',*,*,#4264,.F.);
#6585=ORIENTED_EDGE('',*,*,#4263,.T.);
#6586=ORIENTED_EDGE('',*,*,#4787,.T.);
#6587=ORIENTED_EDGE('',*,*,#4791,.T.);
#6588=ORIENTED_EDGE('',*,*,#4796,.T.);
#6589=ORIENTED_EDGE('',*,*,#4236,.T.);
#6590=ORIENTED_EDGE('',*,*,#4235,.F.);
#6591=ORIENTED_EDGE('',*,*,#4051,.T.);
#6592=ORIENTED_EDGE('',*,*,#4245,.T.);
#6593=ORIENTED_EDGE('',*,*,#4037,.F.);
#6594=ORIENTED_EDGE('',*,*,#4407,.F.);
#6595=ORIENTED_EDGE('',*,*,#4406,.T.);
#6596=ORIENTED_EDGE('',*,*,#4405,.F.);
#6597=ORIENTED_EDGE('',*,*,#4043,.T.);
#6598=ORIENTED_EDGE('',*,*,#4198,.T.);
#6599=ORIENTED_EDGE('',*,*,#4200,.T.);
#6600=ORIENTED_EDGE('',*,*,#4479,.T.);
#6601=ORIENTED_EDGE('',*,*,#4481,.T.);
#6602=ORIENTED_EDGE('',*,*,#4482,.T.);
#6603=ORIENTED_EDGE('',*,*,#4195,.T.);
#6604=ORIENTED_EDGE('',*,*,#4420,.F.);
#6605=ORIENTED_EDGE('',*,*,#4769,.T.);
#6606=ORIENTED_EDGE('',*,*,#4797,.F.);
#6607=ORIENTED_EDGE('',*,*,#4798,.F.);
#6608=ORIENTED_EDGE('',*,*,#4799,.F.);
#6609=ORIENTED_EDGE('',*,*,#4460,.F.);
#6610=ORIENTED_EDGE('',*,*,#4421,.F.);
#6611=ORIENTED_EDGE('',*,*,#4798,.T.);
#6612=ORIENTED_EDGE('',*,*,#4800,.F.);
#6613=ORIENTED_EDGE('',*,*,#4649,.T.);
#6614=ORIENTED_EDGE('',*,*,#4655,.F.);
#6615=ORIENTED_EDGE('',*,*,#4654,.T.);
#6616=ORIENTED_EDGE('',*,*,#4801,.F.);
#6617=ORIENTED_EDGE('',*,*,#4461,.F.);
#6618=ORIENTED_EDGE('',*,*,#4799,.T.);
#6619=ORIENTED_EDGE('',*,*,#4802,.F.);
#6620=ORIENTED_EDGE('',*,*,#4803,.F.);
#6621=ORIENTED_EDGE('',*,*,#4430,.F.);
#6622=ORIENTED_EDGE('',*,*,#4462,.F.);
#6623=ORIENTED_EDGE('',*,*,#4801,.T.);
#6624=ORIENTED_EDGE('',*,*,#4653,.F.);
#6625=ORIENTED_EDGE('',*,*,#4651,.F.);
#6626=ORIENTED_EDGE('',*,*,#4431,.F.);
#6627=ORIENTED_EDGE('',*,*,#4803,.T.);
#6628=ORIENTED_EDGE('',*,*,#4804,.F.);
#6629=ORIENTED_EDGE('',*,*,#4805,.F.);
#6630=ORIENTED_EDGE('',*,*,#4661,.T.);
#6631=ORIENTED_EDGE('',*,*,#4806,.F.);
#6632=ORIENTED_EDGE('',*,*,#4807,.F.);
#6633=ORIENTED_EDGE('',*,*,#4449,.F.);
#6634=ORIENTED_EDGE('',*,*,#4432,.F.);
#6635=ORIENTED_EDGE('',*,*,#4805,.T.);
#6636=ORIENTED_EDGE('',*,*,#4808,.F.);
#6637=ORIENTED_EDGE('',*,*,#4666,.T.);
#6638=ORIENTED_EDGE('',*,*,#4747,.T.);
#6639=ORIENTED_EDGE('',*,*,#4450,.F.);
#6640=ORIENTED_EDGE('',*,*,#4807,.T.);
#6641=ORIENTED_EDGE('',*,*,#4809,.F.);
#6642=ORIENTED_EDGE('',*,*,#4810,.F.);
#6643=ORIENTED_EDGE('',*,*,#4451,.F.);
#6644=ORIENTED_EDGE('',*,*,#4810,.T.);
#6645=ORIENTED_EDGE('',*,*,#4811,.F.);
#6646=ORIENTED_EDGE('',*,*,#4812,.F.);
#6647=ORIENTED_EDGE('',*,*,#4452,.F.);
#6648=ORIENTED_EDGE('',*,*,#4812,.T.);
#6649=ORIENTED_EDGE('',*,*,#4813,.F.);
#6650=ORIENTED_EDGE('',*,*,#4763,.F.);
#6651=ORIENTED_EDGE('',*,*,#4412,.F.);
#6652=ORIENTED_EDGE('',*,*,#4762,.T.);
#6653=ORIENTED_EDGE('',*,*,#4814,.F.);
#6654=ORIENTED_EDGE('',*,*,#4754,.F.);
#6655=ORIENTED_EDGE('',*,*,#4815,.F.);
#6656=ORIENTED_EDGE('',*,*,#4816,.F.);
#6657=ORIENTED_EDGE('',*,*,#4399,.F.);
#6658=ORIENTED_EDGE('',*,*,#4756,.T.);
#6659=ORIENTED_EDGE('',*,*,#4686,.F.);
#6660=ORIENTED_EDGE('',*,*,#4682,.F.);
#6661=ORIENTED_EDGE('',*,*,#4817,.F.);
#6662=ORIENTED_EDGE('',*,*,#4400,.F.);
#6663=ORIENTED_EDGE('',*,*,#4816,.T.);
#6664=ORIENTED_EDGE('',*,*,#4818,.F.);
#6665=ORIENTED_EDGE('',*,*,#4819,.F.);
#6666=ORIENTED_EDGE('',*,*,#4746,.T.);
#6667=ORIENTED_EDGE('',*,*,#4820,.F.);
#6668=ORIENTED_EDGE('',*,*,#4821,.F.);
#6669=ORIENTED_EDGE('',*,*,#4444,.F.);
#6670=ORIENTED_EDGE('',*,*,#4401,.F.);
#6671=ORIENTED_EDGE('',*,*,#4819,.T.);
#6672=ORIENTED_EDGE('',*,*,#4822,.F.);
#6673=ORIENTED_EDGE('',*,*,#4697,.T.);
#6674=ORIENTED_EDGE('',*,*,#4699,.T.);
#6675=ORIENTED_EDGE('',*,*,#4445,.F.);
#6676=ORIENTED_EDGE('',*,*,#4821,.T.);
#6677=ORIENTED_EDGE('',*,*,#4823,.F.);
#6678=ORIENTED_EDGE('',*,*,#4824,.F.);
#6679=ORIENTED_EDGE('',*,*,#4446,.F.);
#6680=ORIENTED_EDGE('',*,*,#4824,.T.);
#6681=ORIENTED_EDGE('',*,*,#4825,.F.);
#6682=ORIENTED_EDGE('',*,*,#4826,.F.);
#6683=ORIENTED_EDGE('',*,*,#4447,.F.);
#6684=ORIENTED_EDGE('',*,*,#4826,.T.);
#6685=ORIENTED_EDGE('',*,*,#4827,.F.);
#6686=ORIENTED_EDGE('',*,*,#4794,.F.);
#6687=ORIENTED_EDGE('',*,*,#4248,.F.);
#6688=ORIENTED_EDGE('',*,*,#4793,.T.);
#6689=ORIENTED_EDGE('',*,*,#4828,.F.);
#6690=ORIENTED_EDGE('',*,*,#4777,.F.);
#6691=ORIENTED_EDGE('',*,*,#4829,.F.);
#6692=ORIENTED_EDGE('',*,*,#4830,.F.);
#6693=ORIENTED_EDGE('',*,*,#4212,.F.);
#6694=ORIENTED_EDGE('',*,*,#4456,.F.);
#6695=ORIENTED_EDGE('',*,*,#4778,.T.);
#6696=ORIENTED_EDGE('',*,*,#4742,.F.);
#6697=ORIENTED_EDGE('',*,*,#4711,.F.);
#6698=ORIENTED_EDGE('',*,*,#4213,.F.);
#6699=ORIENTED_EDGE('',*,*,#4830,.T.);
#6700=ORIENTED_EDGE('',*,*,#4831,.F.);
#6701=ORIENTED_EDGE('',*,*,#4759,.F.);
#6702=ORIENTED_EDGE('',*,*,#4467,.F.);
#6703=ORIENTED_EDGE('',*,*,#4758,.T.);
#6704=ORIENTED_EDGE('',*,*,#4832,.F.);
#6705=ORIENTED_EDGE('',*,*,#4833,.F.);
#6706=ORIENTED_EDGE('',*,*,#4468,.F.);
#6707=ORIENTED_EDGE('',*,*,#4833,.T.);
#6708=ORIENTED_EDGE('',*,*,#4834,.F.);
#6709=ORIENTED_EDGE('',*,*,#4835,.F.);
#6710=ORIENTED_EDGE('',*,*,#4469,.F.);
#6711=ORIENTED_EDGE('',*,*,#4835,.T.);
#6712=ORIENTED_EDGE('',*,*,#4836,.F.);
#6713=ORIENTED_EDGE('',*,*,#4837,.F.);
#6714=ORIENTED_EDGE('',*,*,#4723,.T.);
#6715=ORIENTED_EDGE('',*,*,#4838,.F.);
#6716=ORIENTED_EDGE('',*,*,#4839,.F.);
#6717=ORIENTED_EDGE('',*,*,#4258,.F.);
#6718=ORIENTED_EDGE('',*,*,#4470,.F.);
#6719=ORIENTED_EDGE('',*,*,#4837,.T.);
#6720=ORIENTED_EDGE('',*,*,#4840,.F.);
#6721=ORIENTED_EDGE('',*,*,#4728,.T.);
#6722=ORIENTED_EDGE('',*,*,#4740,.T.);
#6723=ORIENTED_EDGE('',*,*,#4259,.F.);
#6724=ORIENTED_EDGE('',*,*,#4839,.T.);
#6725=ORIENTED_EDGE('',*,*,#4841,.F.);
#6726=ORIENTED_EDGE('',*,*,#4842,.F.);
#6727=ORIENTED_EDGE('',*,*,#4260,.F.);
#6728=ORIENTED_EDGE('',*,*,#4842,.T.);
#6729=ORIENTED_EDGE('',*,*,#4843,.F.);
#6730=ORIENTED_EDGE('',*,*,#4844,.F.);
#6731=ORIENTED_EDGE('',*,*,#4261,.F.);
#6732=ORIENTED_EDGE('',*,*,#4844,.T.);
#6733=ORIENTED_EDGE('',*,*,#4845,.F.);
#6734=ORIENTED_EDGE('',*,*,#4788,.F.);
#6735=ORIENTED_EDGE('',*,*,#4846,.F.);
#6736=ORIENTED_EDGE('',*,*,#4847,.F.);
#6737=ORIENTED_EDGE('',*,*,#4225,.F.);
#6738=ORIENTED_EDGE('',*,*,#4796,.F.);
#6739=ORIENTED_EDGE('',*,*,#4790,.T.);
#6740=ORIENTED_EDGE('',*,*,#4628,.F.);
#6741=ORIENTED_EDGE('',*,*,#4626,.F.);
#6742=ORIENTED_EDGE('',*,*,#4848,.F.);
#6743=ORIENTED_EDGE('',*,*,#4226,.F.);
#6744=ORIENTED_EDGE('',*,*,#4847,.T.);
#6745=ORIENTED_EDGE('',*,*,#4849,.F.);
#6746=ORIENTED_EDGE('',*,*,#4850,.F.);
#6747=ORIENTED_EDGE('',*,*,#4227,.F.);
#6748=ORIENTED_EDGE('',*,*,#4850,.T.);
#6749=ORIENTED_EDGE('',*,*,#4851,.F.);
#6750=ORIENTED_EDGE('',*,*,#4852,.F.);
#6751=ORIENTED_EDGE('',*,*,#4228,.F.);
#6752=ORIENTED_EDGE('',*,*,#4852,.T.);
#6753=ORIENTED_EDGE('',*,*,#4853,.F.);
#6754=ORIENTED_EDGE('',*,*,#4854,.F.);
#6755=ORIENTED_EDGE('',*,*,#4648,.T.);
#6756=ORIENTED_EDGE('',*,*,#4855,.F.);
#6757=ORIENTED_EDGE('',*,*,#4856,.F.);
#6758=ORIENTED_EDGE('',*,*,#4471,.F.);
#6759=ORIENTED_EDGE('',*,*,#4229,.F.);
#6760=ORIENTED_EDGE('',*,*,#4854,.T.);
#6761=ORIENTED_EDGE('',*,*,#4857,.F.);
#6762=ORIENTED_EDGE('',*,*,#4779,.T.);
#6763=ORIENTED_EDGE('',*,*,#4645,.T.);
#6764=ORIENTED_EDGE('',*,*,#4472,.F.);
#6765=ORIENTED_EDGE('',*,*,#4856,.T.);
#6766=ORIENTED_EDGE('',*,*,#4858,.F.);
#6767=ORIENTED_EDGE('',*,*,#4859,.F.);
#6768=ORIENTED_EDGE('',*,*,#4473,.F.);
#6769=ORIENTED_EDGE('',*,*,#4859,.T.);
#6770=ORIENTED_EDGE('',*,*,#4860,.F.);
#6771=ORIENTED_EDGE('',*,*,#4861,.F.);
#6772=ORIENTED_EDGE('',*,*,#4474,.F.);
#6773=ORIENTED_EDGE('',*,*,#4861,.T.);
#6774=ORIENTED_EDGE('',*,*,#4862,.F.);
#6775=ORIENTED_EDGE('',*,*,#4770,.F.);
#6776=ORIENTED_EDGE('',*,*,#4533,.F.);
#6777=ORIENTED_EDGE('',*,*,#4577,.F.);
#6778=ORIENTED_EDGE('',*,*,#4863,.F.);
#6779=ORIENTED_EDGE('',*,*,#4864,.T.);
#6780=ORIENTED_EDGE('',*,*,#4531,.F.);
#6781=ORIENTED_EDGE('',*,*,#4864,.F.);
#6782=ORIENTED_EDGE('',*,*,#4865,.F.);
#6783=ORIENTED_EDGE('',*,*,#4866,.T.);
#6784=ORIENTED_EDGE('',*,*,#4529,.F.);
#6785=ORIENTED_EDGE('',*,*,#4866,.F.);
#6786=ORIENTED_EDGE('',*,*,#4867,.F.);
#6787=ORIENTED_EDGE('',*,*,#4868,.T.);
#6788=ORIENTED_EDGE('',*,*,#4527,.F.);
#6789=ORIENTED_EDGE('',*,*,#4868,.F.);
#6790=ORIENTED_EDGE('',*,*,#4869,.F.);
#6791=ORIENTED_EDGE('',*,*,#4870,.T.);
#6792=ORIENTED_EDGE('',*,*,#4525,.F.);
#6793=ORIENTED_EDGE('',*,*,#4870,.F.);
#6794=ORIENTED_EDGE('',*,*,#4871,.F.);
#6795=ORIENTED_EDGE('',*,*,#4872,.T.);
#6796=ORIENTED_EDGE('',*,*,#4523,.F.);
#6797=ORIENTED_EDGE('',*,*,#4872,.F.);
#6798=ORIENTED_EDGE('',*,*,#4873,.F.);
#6799=ORIENTED_EDGE('',*,*,#4874,.T.);
#6800=ORIENTED_EDGE('',*,*,#4521,.F.);
#6801=ORIENTED_EDGE('',*,*,#4874,.F.);
#6802=ORIENTED_EDGE('',*,*,#4875,.F.);
#6803=ORIENTED_EDGE('',*,*,#4876,.T.);
#6804=ORIENTED_EDGE('',*,*,#4519,.F.);
#6805=ORIENTED_EDGE('',*,*,#4876,.F.);
#6806=ORIENTED_EDGE('',*,*,#4877,.F.);
#6807=ORIENTED_EDGE('',*,*,#4878,.T.);
#6808=ORIENTED_EDGE('',*,*,#4517,.F.);
#6809=ORIENTED_EDGE('',*,*,#4878,.F.);
#6810=ORIENTED_EDGE('',*,*,#4879,.F.);
#6811=ORIENTED_EDGE('',*,*,#4880,.T.);
#6812=ORIENTED_EDGE('',*,*,#4515,.F.);
#6813=ORIENTED_EDGE('',*,*,#4880,.F.);
#6814=ORIENTED_EDGE('',*,*,#4881,.F.);
#6815=ORIENTED_EDGE('',*,*,#4882,.T.);
#6816=ORIENTED_EDGE('',*,*,#4513,.F.);
#6817=ORIENTED_EDGE('',*,*,#4882,.F.);
#6818=ORIENTED_EDGE('',*,*,#4883,.F.);
#6819=ORIENTED_EDGE('',*,*,#4884,.T.);
#6820=ORIENTED_EDGE('',*,*,#4511,.F.);
#6821=ORIENTED_EDGE('',*,*,#4884,.F.);
#6822=ORIENTED_EDGE('',*,*,#4885,.F.);
#6823=ORIENTED_EDGE('',*,*,#4886,.T.);
#6824=ORIENTED_EDGE('',*,*,#4509,.F.);
#6825=ORIENTED_EDGE('',*,*,#4886,.F.);
#6826=ORIENTED_EDGE('',*,*,#4887,.F.);
#6827=ORIENTED_EDGE('',*,*,#4888,.T.);
#6828=ORIENTED_EDGE('',*,*,#4507,.F.);
#6829=ORIENTED_EDGE('',*,*,#4888,.F.);
#6830=ORIENTED_EDGE('',*,*,#4889,.F.);
#6831=ORIENTED_EDGE('',*,*,#4890,.T.);
#6832=ORIENTED_EDGE('',*,*,#4505,.F.);
#6833=ORIENTED_EDGE('',*,*,#4890,.F.);
#6834=ORIENTED_EDGE('',*,*,#4891,.F.);
#6835=ORIENTED_EDGE('',*,*,#4892,.T.);
#6836=ORIENTED_EDGE('',*,*,#4503,.F.);
#6837=ORIENTED_EDGE('',*,*,#4892,.F.);
#6838=ORIENTED_EDGE('',*,*,#4893,.F.);
#6839=ORIENTED_EDGE('',*,*,#4894,.T.);
#6840=ORIENTED_EDGE('',*,*,#4501,.F.);
#6841=ORIENTED_EDGE('',*,*,#4894,.F.);
#6842=ORIENTED_EDGE('',*,*,#4895,.F.);
#6843=ORIENTED_EDGE('',*,*,#4896,.T.);
#6844=ORIENTED_EDGE('',*,*,#4499,.F.);
#6845=ORIENTED_EDGE('',*,*,#4896,.F.);
#6846=ORIENTED_EDGE('',*,*,#4897,.F.);
#6847=ORIENTED_EDGE('',*,*,#4898,.T.);
#6848=ORIENTED_EDGE('',*,*,#4497,.F.);
#6849=ORIENTED_EDGE('',*,*,#4898,.F.);
#6850=ORIENTED_EDGE('',*,*,#4899,.F.);
#6851=ORIENTED_EDGE('',*,*,#4900,.T.);
#6852=ORIENTED_EDGE('',*,*,#4495,.F.);
#6853=ORIENTED_EDGE('',*,*,#4900,.F.);
#6854=ORIENTED_EDGE('',*,*,#4901,.F.);
#6855=ORIENTED_EDGE('',*,*,#4902,.T.);
#6856=ORIENTED_EDGE('',*,*,#4493,.F.);
#6857=ORIENTED_EDGE('',*,*,#4902,.F.);
#6858=ORIENTED_EDGE('',*,*,#4903,.F.);
#6859=ORIENTED_EDGE('',*,*,#4904,.T.);
#6860=ORIENTED_EDGE('',*,*,#4491,.F.);
#6861=ORIENTED_EDGE('',*,*,#4904,.F.);
#6862=ORIENTED_EDGE('',*,*,#4905,.F.);
#6863=ORIENTED_EDGE('',*,*,#4618,.T.);
#6864=ORIENTED_EDGE('',*,*,#4581,.T.);
#6865=ORIENTED_EDGE('',*,*,#4583,.T.);
#6866=ORIENTED_EDGE('',*,*,#4585,.T.);
#6867=ORIENTED_EDGE('',*,*,#4587,.T.);
#6868=ORIENTED_EDGE('',*,*,#4589,.T.);
#6869=ORIENTED_EDGE('',*,*,#4591,.T.);
#6870=ORIENTED_EDGE('',*,*,#4593,.T.);
#6871=ORIENTED_EDGE('',*,*,#4595,.T.);
#6872=ORIENTED_EDGE('',*,*,#4597,.T.);
#6873=ORIENTED_EDGE('',*,*,#4599,.T.);
#6874=ORIENTED_EDGE('',*,*,#4601,.T.);
#6875=ORIENTED_EDGE('',*,*,#4603,.T.);
#6876=ORIENTED_EDGE('',*,*,#4605,.T.);
#6877=ORIENTED_EDGE('',*,*,#4607,.T.);
#6878=ORIENTED_EDGE('',*,*,#4609,.T.);
#6879=ORIENTED_EDGE('',*,*,#4611,.T.);
#6880=ORIENTED_EDGE('',*,*,#4613,.T.);
#6881=ORIENTED_EDGE('',*,*,#4615,.T.);
#6882=ORIENTED_EDGE('',*,*,#4617,.T.);
#6883=ORIENTED_EDGE('',*,*,#4619,.T.);
#6884=ORIENTED_EDGE('',*,*,#4905,.T.);
#6885=ORIENTED_EDGE('',*,*,#4903,.T.);
#6886=ORIENTED_EDGE('',*,*,#4901,.T.);
#6887=ORIENTED_EDGE('',*,*,#4899,.T.);
#6888=ORIENTED_EDGE('',*,*,#4897,.T.);
#6889=ORIENTED_EDGE('',*,*,#4895,.T.);
#6890=ORIENTED_EDGE('',*,*,#4893,.T.);
#6891=ORIENTED_EDGE('',*,*,#4891,.T.);
#6892=ORIENTED_EDGE('',*,*,#4889,.T.);
#6893=ORIENTED_EDGE('',*,*,#4887,.T.);
#6894=ORIENTED_EDGE('',*,*,#4885,.T.);
#6895=ORIENTED_EDGE('',*,*,#4883,.T.);
#6896=ORIENTED_EDGE('',*,*,#4881,.T.);
#6897=ORIENTED_EDGE('',*,*,#4879,.T.);
#6898=ORIENTED_EDGE('',*,*,#4877,.T.);
#6899=ORIENTED_EDGE('',*,*,#4875,.T.);
#6900=ORIENTED_EDGE('',*,*,#4873,.T.);
#6901=ORIENTED_EDGE('',*,*,#4871,.T.);
#6902=ORIENTED_EDGE('',*,*,#4869,.T.);
#6903=ORIENTED_EDGE('',*,*,#4867,.T.);
#6904=ORIENTED_EDGE('',*,*,#4865,.T.);
#6905=ORIENTED_EDGE('',*,*,#4863,.T.);
#6906=ORIENTED_EDGE('',*,*,#4576,.T.);
#6907=ORIENTED_EDGE('',*,*,#4579,.T.);
#6908=ORIENTED_EDGE('',*,*,#4862,.T.);
#6909=ORIENTED_EDGE('',*,*,#4860,.T.);
#6910=ORIENTED_EDGE('',*,*,#4858,.T.);
#6911=ORIENTED_EDGE('',*,*,#4855,.T.);
#6912=ORIENTED_EDGE('',*,*,#4781,.T.);
#6913=ORIENTED_EDGE('',*,*,#4857,.T.);
#6914=ORIENTED_EDGE('',*,*,#4853,.T.);
#6915=ORIENTED_EDGE('',*,*,#4851,.T.);
#6916=ORIENTED_EDGE('',*,*,#4849,.T.);
#6917=ORIENTED_EDGE('',*,*,#4846,.T.);
#6918=ORIENTED_EDGE('',*,*,#4848,.T.);
#6919=ORIENTED_EDGE('',*,*,#4784,.T.);
#6920=ORIENTED_EDGE('',*,*,#4783,.T.);
#6921=ORIENTED_EDGE('',*,*,#4782,.T.);
#6922=ORIENTED_EDGE('',*,*,#4785,.T.);
#6923=ORIENTED_EDGE('',*,*,#4789,.T.);
#6924=ORIENTED_EDGE('',*,*,#4845,.T.);
#6925=ORIENTED_EDGE('',*,*,#4843,.T.);
#6926=ORIENTED_EDGE('',*,*,#4841,.T.);
#6927=ORIENTED_EDGE('',*,*,#4838,.T.);
#6928=ORIENTED_EDGE('',*,*,#4726,.T.);
#6929=ORIENTED_EDGE('',*,*,#4840,.T.);
#6930=ORIENTED_EDGE('',*,*,#4836,.T.);
#6931=ORIENTED_EDGE('',*,*,#4834,.T.);
#6932=ORIENTED_EDGE('',*,*,#4832,.T.);
#6933=ORIENTED_EDGE('',*,*,#4757,.T.);
#6934=ORIENTED_EDGE('',*,*,#4734,.T.);
#6935=ORIENTED_EDGE('',*,*,#4760,.T.);
#6936=ORIENTED_EDGE('',*,*,#4831,.T.);
#6937=ORIENTED_EDGE('',*,*,#4829,.T.);
#6938=ORIENTED_EDGE('',*,*,#4717,.T.);
#6939=ORIENTED_EDGE('',*,*,#4716,.T.);
#6940=ORIENTED_EDGE('',*,*,#4715,.T.);
#6941=ORIENTED_EDGE('',*,*,#4775,.T.);
#6942=ORIENTED_EDGE('',*,*,#4828,.T.);
#6943=ORIENTED_EDGE('',*,*,#4792,.T.);
#6944=ORIENTED_EDGE('',*,*,#4705,.T.);
#6945=ORIENTED_EDGE('',*,*,#4795,.T.);
#6946=ORIENTED_EDGE('',*,*,#4827,.T.);
#6947=ORIENTED_EDGE('',*,*,#4825,.T.);
#6948=ORIENTED_EDGE('',*,*,#4823,.T.);
#6949=ORIENTED_EDGE('',*,*,#4820,.T.);
#6950=ORIENTED_EDGE('',*,*,#4694,.T.);
#6951=ORIENTED_EDGE('',*,*,#4822,.T.);
#6952=ORIENTED_EDGE('',*,*,#4818,.T.);
#6953=ORIENTED_EDGE('',*,*,#4815,.T.);
#6954=ORIENTED_EDGE('',*,*,#4817,.T.);
#6955=ORIENTED_EDGE('',*,*,#4751,.T.);
#6956=ORIENTED_EDGE('',*,*,#4750,.T.);
#6957=ORIENTED_EDGE('',*,*,#4749,.T.);
#6958=ORIENTED_EDGE('',*,*,#4752,.T.);
#6959=ORIENTED_EDGE('',*,*,#4755,.T.);
#6960=ORIENTED_EDGE('',*,*,#4814,.T.);
#6961=ORIENTED_EDGE('',*,*,#4761,.T.);
#6962=ORIENTED_EDGE('',*,*,#4672,.T.);
#6963=ORIENTED_EDGE('',*,*,#4764,.T.);
#6964=ORIENTED_EDGE('',*,*,#4813,.T.);
#6965=ORIENTED_EDGE('',*,*,#4811,.T.);
#6966=ORIENTED_EDGE('',*,*,#4809,.T.);
#6967=ORIENTED_EDGE('',*,*,#4806,.T.);
#6968=ORIENTED_EDGE('',*,*,#4664,.T.);
#6969=ORIENTED_EDGE('',*,*,#4808,.T.);
#6970=ORIENTED_EDGE('',*,*,#4804,.T.);
#6971=ORIENTED_EDGE('',*,*,#4802,.T.);
#6972=ORIENTED_EDGE('',*,*,#4774,.T.);
#6973=ORIENTED_EDGE('',*,*,#4773,.T.);
#6974=ORIENTED_EDGE('',*,*,#4772,.T.);
#6975=ORIENTED_EDGE('',*,*,#4800,.T.);
#6976=ORIENTED_EDGE('',*,*,#4797,.T.);
#6977=ORIENTED_EDGE('',*,*,#4768,.T.);
#6978=ORIENTED_EDGE('',*,*,#4767,.T.);
#6979=ORIENTED_EDGE('',*,*,#4771,.T.);
#6980=CONICAL_SURFACE('',#7365,3.2500000136952,0.785398163397454);
#6981=CONICAL_SURFACE('',#7371,3.25000001369521,0.785398163397467);
#6982=CONICAL_SURFACE('',#7377,3.25000001369521,0.785398163397467);
#6983=CONICAL_SURFACE('',#7383,3.2500000136952,0.785398163397458);
#6984=ADVANCED_FACE('',(#425),#6980,.F.);
#6985=ADVANCED_FACE('',(#426),#395,.F.);
#6986=ADVANCED_FACE('',(#427,#23),#50,.T.);
#6987=ADVANCED_FACE('',(#428),#6981,.F.);
#6988=ADVANCED_FACE('',(#429),#396,.F.);
#6989=ADVANCED_FACE('',(#430,#24),#51,.T.);
#6990=ADVANCED_FACE('',(#431),#6982,.F.);
#6991=ADVANCED_FACE('',(#432),#397,.F.);
#6992=ADVANCED_FACE('',(#433,#25),#52,.T.);
#6993=ADVANCED_FACE('',(#434),#6983,.F.);
#6994=ADVANCED_FACE('',(#435),#398,.F.);
#6995=ADVANCED_FACE('',(#436,#26),#53,.T.);
#6996=ADVANCED_FACE('',(#437),#54,.T.);
#6997=ADVANCED_FACE('',(#438),#55,.T.);
#6998=ADVANCED_FACE('',(#439),#56,.T.);
#6999=ADVANCED_FACE('',(#440),#57,.T.);
#7000=ADVANCED_FACE('',(#441),#58,.T.);
#7001=ADVANCED_FACE('',(#442),#59,.T.);
#7002=ADVANCED_FACE('',(#443),#60,.T.);
#7003=ADVANCED_FACE('',(#444),#61,.T.);
#7004=ADVANCED_FACE('',(#445),#62,.T.);
#7005=ADVANCED_FACE('',(#446),#63,.T.);
#7006=ADVANCED_FACE('',(#447),#64,.T.);
#7007=ADVANCED_FACE('',(#448),#65,.T.);
#7008=ADVANCED_FACE('',(#449),#66,.T.);
#7009=ADVANCED_FACE('',(#450),#67,.T.);
#7010=ADVANCED_FACE('',(#451),#68,.T.);
#7011=ADVANCED_FACE('',(#452),#69,.T.);
#7012=ADVANCED_FACE('',(#453),#70,.T.);
#7013=ADVANCED_FACE('',(#454),#71,.T.);
#7014=ADVANCED_FACE('',(#455),#72,.T.);
#7015=ADVANCED_FACE('',(#456),#73,.T.);
#7016=ADVANCED_FACE('',(#457),#74,.T.);
#7017=ADVANCED_FACE('',(#458),#75,.T.);
#7018=ADVANCED_FACE('',(#459),#76,.T.);
#7019=ADVANCED_FACE('',(#460),#77,.T.);
#7020=ADVANCED_FACE('',(#461),#399,.F.);
#7021=ADVANCED_FACE('',(#462),#78,.T.);
#7022=ADVANCED_FACE('',(#463),#400,.F.);
#7023=ADVANCED_FACE('',(#464),#79,.T.);
#7024=ADVANCED_FACE('',(#465),#401,.F.);
#7025=ADVANCED_FACE('',(#466),#80,.T.);
#7026=ADVANCED_FACE('',(#467),#402,.F.);
#7027=ADVANCED_FACE('',(#468),#81,.T.);
#7028=ADVANCED_FACE('',(#469),#403,.F.);
#7029=ADVANCED_FACE('',(#470),#82,.T.);
#7030=ADVANCED_FACE('',(#471),#404,.F.);
#7031=ADVANCED_FACE('',(#472),#83,.F.);
#7032=ADVANCED_FACE('',(#473),#405,.F.);
#7033=ADVANCED_FACE('',(#474),#406,.F.);
#7034=ADVANCED_FACE('',(#475),#84,.T.);
#7035=ADVANCED_FACE('',(#476),#85,.T.);
#7036=ADVANCED_FACE('',(#477),#86,.T.);
#7037=ADVANCED_FACE('',(#478),#87,.T.);
#7038=ADVANCED_FACE('',(#479),#88,.T.);
#7039=ADVANCED_FACE('',(#480),#89,.T.);
#7040=ADVANCED_FACE('',(#481),#90,.T.);
#7041=ADVANCED_FACE('',(#482),#91,.T.);
#7042=ADVANCED_FACE('',(#483),#92,.T.);
#7043=ADVANCED_FACE('',(#484),#93,.T.);
#7044=ADVANCED_FACE('',(#485),#94,.T.);
#7045=ADVANCED_FACE('',(#486),#95,.T.);
#7046=ADVANCED_FACE('',(#487),#96,.T.);
#7047=ADVANCED_FACE('',(#488),#97,.T.);
#7048=ADVANCED_FACE('',(#489),#98,.T.);
#7049=ADVANCED_FACE('',(#490),#99,.F.);
#7050=ADVANCED_FACE('',(#491),#100,.F.);
#7051=ADVANCED_FACE('',(#492),#101,.F.);
#7052=ADVANCED_FACE('',(#493,#27),#102,.T.);
#7053=ADVANCED_FACE('',(#494),#103,.T.);
#7054=ADVANCED_FACE('',(#495),#104,.T.);
#7055=ADVANCED_FACE('',(#496),#105,.T.);
#7056=ADVANCED_FACE('',(#497),#106,.T.);
#7057=ADVANCED_FACE('',(#498),#107,.T.);
#7058=ADVANCED_FACE('',(#499),#108,.T.);
#7059=ADVANCED_FACE('',(#500),#109,.F.);
#7060=ADVANCED_FACE('',(#501),#110,.F.);
#7061=ADVANCED_FACE('',(#502),#111,.F.);
#7062=ADVANCED_FACE('',(#503),#112,.T.);
#7063=ADVANCED_FACE('',(#504),#113,.T.);
#7064=ADVANCED_FACE('',(#505),#114,.T.);
#7065=ADVANCED_FACE('',(#506),#115,.T.);
#7066=ADVANCED_FACE('',(#507),#116,.T.);
#7067=ADVANCED_FACE('',(#508),#117,.T.);
#7068=ADVANCED_FACE('',(#509),#118,.F.);
#7069=ADVANCED_FACE('',(#510),#119,.F.);
#7070=ADVANCED_FACE('',(#511),#120,.F.);
#7071=ADVANCED_FACE('',(#512,#28),#121,.T.);
#7072=ADVANCED_FACE('',(#513),#122,.T.);
#7073=ADVANCED_FACE('',(#514),#123,.T.);
#7074=ADVANCED_FACE('',(#515),#124,.T.);
#7075=ADVANCED_FACE('',(#516),#125,.T.);
#7076=ADVANCED_FACE('',(#517),#126,.T.);
#7077=ADVANCED_FACE('',(#518),#127,.T.);
#7078=ADVANCED_FACE('',(#519),#128,.F.);
#7079=ADVANCED_FACE('',(#520),#129,.F.);
#7080=ADVANCED_FACE('',(#521),#130,.F.);
#7081=ADVANCED_FACE('',(#522,#29),#131,.T.);
#7082=ADVANCED_FACE('',(#523),#132,.T.);
#7083=ADVANCED_FACE('',(#524),#133,.T.);
#7084=ADVANCED_FACE('',(#525),#134,.T.);
#7085=ADVANCED_FACE('',(#526),#135,.F.);
#7086=ADVANCED_FACE('',(#527),#136,.T.);
#7087=ADVANCED_FACE('',(#528),#137,.T.);
#7088=ADVANCED_FACE('',(#529),#138,.T.);
#7089=ADVANCED_FACE('',(#530),#139,.T.);
#7090=ADVANCED_FACE('',(#531),#140,.T.);
#7091=ADVANCED_FACE('',(#532),#141,.F.);
#7092=ADVANCED_FACE('',(#533),#142,.F.);
#7093=ADVANCED_FACE('',(#534),#143,.T.);
#7094=ADVANCED_FACE('',(#535),#144,.T.);
#7095=ADVANCED_FACE('',(#536),#145,.T.);
#7096=ADVANCED_FACE('',(#537),#146,.F.);
#7097=ADVANCED_FACE('',(#538),#147,.T.);
#7098=ADVANCED_FACE('',(#539),#148,.T.);
#7099=ADVANCED_FACE('',(#540),#149,.T.);
#7100=ADVANCED_FACE('',(#541),#150,.T.);
#7101=ADVANCED_FACE('',(#542),#151,.T.);
#7102=ADVANCED_FACE('',(#543),#152,.F.);
#7103=ADVANCED_FACE('',(#544),#153,.T.);
#7104=ADVANCED_FACE('',(#545),#154,.T.);
#7105=ADVANCED_FACE('',(#546),#155,.T.);
#7106=ADVANCED_FACE('',(#547),#156,.T.);
#7107=ADVANCED_FACE('',(#548),#157,.T.);
#7108=ADVANCED_FACE('',(#549),#158,.T.);
#7109=ADVANCED_FACE('',(#550),#159,.T.);
#7110=ADVANCED_FACE('',(#551),#160,.T.);
#7111=ADVANCED_FACE('',(#552),#407,.F.);
#7112=ADVANCED_FACE('',(#553),#408,.F.);
#7113=ADVANCED_FACE('',(#554),#161,.T.);
#7114=ADVANCED_FACE('',(#555),#162,.T.);
#7115=ADVANCED_FACE('',(#556),#163,.T.);
#7116=ADVANCED_FACE('',(#557),#164,.T.);
#7117=ADVANCED_FACE('',(#558),#165,.T.);
#7118=ADVANCED_FACE('',(#559),#166,.T.);
#7119=ADVANCED_FACE('',(#560),#167,.T.);
#7120=ADVANCED_FACE('',(#561),#168,.T.);
#7121=ADVANCED_FACE('',(#562),#169,.T.);
#7122=ADVANCED_FACE('',(#563),#170,.T.);
#7123=ADVANCED_FACE('',(#564),#171,.T.);
#7124=ADVANCED_FACE('',(#565),#172,.T.);
#7125=ADVANCED_FACE('',(#566),#173,.T.);
#7126=ADVANCED_FACE('',(#567),#174,.T.);
#7127=ADVANCED_FACE('',(#568),#175,.T.);
#7128=ADVANCED_FACE('',(#569),#176,.T.);
#7129=ADVANCED_FACE('',(#570),#177,.T.);
#7130=ADVANCED_FACE('',(#571),#178,.T.);
#7131=ADVANCED_FACE('',(#572),#179,.T.);
#7132=ADVANCED_FACE('',(#573),#180,.T.);
#7133=ADVANCED_FACE('',(#574),#181,.T.);
#7134=ADVANCED_FACE('',(#575),#182,.T.);
#7135=ADVANCED_FACE('',(#576),#183,.T.);
#7136=ADVANCED_FACE('',(#577),#184,.T.);
#7137=ADVANCED_FACE('',(#578),#185,.T.);
#7138=ADVANCED_FACE('',(#579),#186,.T.);
#7139=ADVANCED_FACE('',(#580),#187,.T.);
#7140=ADVANCED_FACE('',(#581),#188,.T.);
#7141=ADVANCED_FACE('',(#582),#189,.T.);
#7142=ADVANCED_FACE('',(#583),#190,.T.);
#7143=ADVANCED_FACE('',(#584,#30,#31,#32,#33,#34,#35),#191,.T.);
#7144=ADVANCED_FACE('',(#585,#36,#37,#38,#39,#40,#41),#192,.F.);
#7145=ADVANCED_FACE('',(#586),#193,.F.);
#7146=ADVANCED_FACE('',(#587),#194,.T.);
#7147=ADVANCED_FACE('',(#588),#195,.T.);
#7148=ADVANCED_FACE('',(#589),#196,.T.);
#7149=ADVANCED_FACE('',(#590),#197,.T.);
#7150=ADVANCED_FACE('',(#591),#198,.T.);
#7151=ADVANCED_FACE('',(#592),#199,.T.);
#7152=ADVANCED_FACE('',(#593),#200,.F.);
#7153=ADVANCED_FACE('',(#594),#201,.F.);
#7154=ADVANCED_FACE('',(#595),#202,.F.);
#7155=ADVANCED_FACE('',(#596,#42),#203,.F.);
#7156=ADVANCED_FACE('',(#597,#43),#204,.F.);
#7157=ADVANCED_FACE('',(#598,#44),#205,.F.);
#7158=ADVANCED_FACE('',(#599,#45),#206,.F.);
#7159=ADVANCED_FACE('',(#600,#46),#207,.F.);
#7160=ADVANCED_FACE('',(#601,#47),#208,.F.);
#7161=ADVANCED_FACE('',(#602),#209,.F.);
#7162=ADVANCED_FACE('',(#603),#210,.F.);
#7163=ADVANCED_FACE('',(#604),#211,.F.);
#7164=ADVANCED_FACE('',(#605),#212,.F.);
#7165=ADVANCED_FACE('',(#606),#213,.F.);
#7166=ADVANCED_FACE('',(#607),#214,.F.);
#7167=ADVANCED_FACE('',(#608),#215,.F.);
#7168=ADVANCED_FACE('',(#609),#216,.F.);
#7169=ADVANCED_FACE('',(#610),#217,.F.);
#7170=ADVANCED_FACE('',(#611),#218,.F.);
#7171=ADVANCED_FACE('',(#612),#219,.F.);
#7172=ADVANCED_FACE('',(#613),#220,.F.);
#7173=ADVANCED_FACE('',(#614),#221,.T.);
#7174=ADVANCED_FACE('',(#615),#222,.T.);
#7175=ADVANCED_FACE('',(#616),#223,.T.);
#7176=ADVANCED_FACE('',(#617),#224,.T.);
#7177=ADVANCED_FACE('',(#618),#225,.T.);
#7178=ADVANCED_FACE('',(#619),#226,.T.);
#7179=ADVANCED_FACE('',(#620),#227,.T.);
#7180=ADVANCED_FACE('',(#621),#228,.T.);
#7181=ADVANCED_FACE('',(#622),#229,.T.);
#7182=ADVANCED_FACE('',(#623),#230,.T.);
#7183=ADVANCED_FACE('',(#624),#231,.T.);
#7184=ADVANCED_FACE('',(#625),#232,.T.);
#7185=ADVANCED_FACE('',(#626),#233,.T.);
#7186=ADVANCED_FACE('',(#627),#234,.T.);
#7187=ADVANCED_FACE('',(#628),#235,.T.);
#7188=ADVANCED_FACE('',(#629),#236,.T.);
#7189=ADVANCED_FACE('',(#630),#237,.T.);
#7190=ADVANCED_FACE('',(#631),#238,.T.);
#7191=ADVANCED_FACE('',(#632),#239,.T.);
#7192=ADVANCED_FACE('',(#633),#240,.T.);
#7193=ADVANCED_FACE('',(#634),#241,.T.);
#7194=ADVANCED_FACE('',(#635),#242,.T.);
#7195=ADVANCED_FACE('',(#636),#243,.T.);
#7196=ADVANCED_FACE('',(#637),#244,.T.);
#7197=ADVANCED_FACE('',(#638),#245,.T.);
#7198=ADVANCED_FACE('',(#639),#246,.T.);
#7199=ADVANCED_FACE('',(#640),#247,.T.);
#7200=ADVANCED_FACE('',(#641),#248,.T.);
#7201=ADVANCED_FACE('',(#642),#249,.T.);
#7202=ADVANCED_FACE('',(#643),#250,.T.);
#7203=ADVANCED_FACE('',(#644),#251,.T.);
#7204=ADVANCED_FACE('',(#645),#252,.T.);
#7205=ADVANCED_FACE('',(#646),#253,.T.);
#7206=ADVANCED_FACE('',(#647),#254,.T.);
#7207=ADVANCED_FACE('',(#648),#255,.T.);
#7208=ADVANCED_FACE('',(#649),#256,.T.);
#7209=ADVANCED_FACE('',(#650),#257,.T.);
#7210=ADVANCED_FACE('',(#651),#258,.T.);
#7211=ADVANCED_FACE('',(#652),#259,.T.);
#7212=ADVANCED_FACE('',(#653),#260,.T.);
#7213=ADVANCED_FACE('',(#654),#261,.T.);
#7214=ADVANCED_FACE('',(#655),#262,.T.);
#7215=ADVANCED_FACE('',(#656),#263,.T.);
#7216=ADVANCED_FACE('',(#657),#264,.T.);
#7217=ADVANCED_FACE('',(#658),#265,.T.);
#7218=ADVANCED_FACE('',(#659),#266,.T.);
#7219=ADVANCED_FACE('',(#660),#267,.T.);
#7220=ADVANCED_FACE('',(#661),#268,.T.);
#7221=ADVANCED_FACE('',(#662),#269,.T.);
#7222=ADVANCED_FACE('',(#663),#270,.T.);
#7223=ADVANCED_FACE('',(#664),#271,.T.);
#7224=ADVANCED_FACE('',(#665),#272,.T.);
#7225=ADVANCED_FACE('',(#666),#273,.T.);
#7226=ADVANCED_FACE('',(#667),#274,.T.);
#7227=ADVANCED_FACE('',(#668),#275,.T.);
#7228=ADVANCED_FACE('',(#669),#276,.T.);
#7229=ADVANCED_FACE('',(#670),#277,.T.);
#7230=ADVANCED_FACE('',(#671),#278,.T.);
#7231=ADVANCED_FACE('',(#672),#279,.T.);
#7232=ADVANCED_FACE('',(#673),#280,.T.);
#7233=ADVANCED_FACE('',(#674),#281,.T.);
#7234=ADVANCED_FACE('',(#675),#282,.T.);
#7235=ADVANCED_FACE('',(#676),#283,.T.);
#7236=ADVANCED_FACE('',(#677),#284,.T.);
#7237=ADVANCED_FACE('',(#678),#285,.T.);
#7238=ADVANCED_FACE('',(#679),#286,.T.);
#7239=ADVANCED_FACE('',(#680),#409,.T.);
#7240=ADVANCED_FACE('',(#681),#410,.T.);
#7241=ADVANCED_FACE('',(#682),#411,.T.);
#7242=ADVANCED_FACE('',(#683),#287,.T.);
#7243=ADVANCED_FACE('',(#684),#412,.T.);
#7244=ADVANCED_FACE('',(#685),#288,.T.);
#7245=ADVANCED_FACE('',(#686),#289,.T.);
#7246=ADVANCED_FACE('',(#687),#413,.T.);
#7247=ADVANCED_FACE('',(#688),#290,.T.);
#7248=ADVANCED_FACE('',(#689),#291,.T.);
#7249=ADVANCED_FACE('',(#690),#414,.T.);
#7250=ADVANCED_FACE('',(#691),#292,.T.);
#7251=ADVANCED_FACE('',(#692),#415,.T.);
#7252=ADVANCED_FACE('',(#693),#293,.T.);
#7253=ADVANCED_FACE('',(#694),#294,.T.);
#7254=ADVANCED_FACE('',(#695),#295,.T.);
#7255=ADVANCED_FACE('',(#696),#416,.T.);
#7256=ADVANCED_FACE('',(#697),#296,.T.);
#7257=ADVANCED_FACE('',(#698),#297,.T.);
#7258=ADVANCED_FACE('',(#699),#298,.T.);
#7259=ADVANCED_FACE('',(#700),#417,.T.);
#7260=ADVANCED_FACE('',(#701),#418,.T.);
#7261=ADVANCED_FACE('',(#702),#419,.T.);
#7262=ADVANCED_FACE('',(#703),#299,.T.);
#7263=ADVANCED_FACE('',(#704),#420,.T.);
#7264=ADVANCED_FACE('',(#705),#300,.T.);
#7265=ADVANCED_FACE('',(#706),#301,.T.);
#7266=ADVANCED_FACE('',(#707),#302,.T.);
#7267=ADVANCED_FACE('',(#708),#421,.T.);
#7268=ADVANCED_FACE('',(#709),#303,.T.);
#7269=ADVANCED_FACE('',(#710),#304,.T.);
#7270=ADVANCED_FACE('',(#711),#305,.T.);
#7271=ADVANCED_FACE('',(#712),#422,.T.);
#7272=ADVANCED_FACE('',(#713),#306,.T.);
#7273=ADVANCED_FACE('',(#714),#423,.T.);
#7274=ADVANCED_FACE('',(#715),#307,.T.);
#7275=ADVANCED_FACE('',(#716),#308,.T.);
#7276=ADVANCED_FACE('',(#717),#309,.T.);
#7277=ADVANCED_FACE('',(#718),#424,.T.);
#7278=ADVANCED_FACE('',(#719),#310,.T.);
#7279=ADVANCED_FACE('',(#720),#311,.T.);
#7280=ADVANCED_FACE('',(#721),#312,.T.);
#7281=ADVANCED_FACE('',(#722),#313,.T.);
#7282=ADVANCED_FACE('',(#723),#314,.T.);
#7283=ADVANCED_FACE('',(#724),#315,.T.);
#7284=ADVANCED_FACE('',(#725),#316,.T.);
#7285=ADVANCED_FACE('',(#726),#317,.T.);
#7286=ADVANCED_FACE('',(#727),#318,.T.);
#7287=ADVANCED_FACE('',(#728),#319,.T.);
#7288=ADVANCED_FACE('',(#729),#320,.T.);
#7289=ADVANCED_FACE('',(#730),#321,.T.);
#7290=ADVANCED_FACE('',(#731),#322,.T.);
#7291=ADVANCED_FACE('',(#732),#323,.T.);
#7292=ADVANCED_FACE('',(#733),#324,.T.);
#7293=ADVANCED_FACE('',(#734),#325,.T.);
#7294=ADVANCED_FACE('',(#735),#326,.T.);
#7295=ADVANCED_FACE('',(#736),#327,.T.);
#7296=ADVANCED_FACE('',(#737),#328,.T.);
#7297=ADVANCED_FACE('',(#738),#329,.T.);
#7298=ADVANCED_FACE('',(#739),#330,.T.);
#7299=ADVANCED_FACE('',(#740),#331,.T.);
#7300=ADVANCED_FACE('',(#741),#332,.T.);
#7301=ADVANCED_FACE('',(#742),#333,.T.);
#7302=ADVANCED_FACE('',(#743),#334,.T.);
#7303=ADVANCED_FACE('',(#744),#335,.T.);
#7304=ADVANCED_FACE('',(#745),#336,.T.);
#7305=ADVANCED_FACE('',(#746,#48),#337,.F.);
#7306=ADVANCED_FACE('',(#747),#338,.T.);
#7307=ADVANCED_FACE('',(#748),#339,.T.);
#7308=ADVANCED_FACE('',(#749),#340,.T.);
#7309=ADVANCED_FACE('',(#750),#341,.T.);
#7310=ADVANCED_FACE('',(#751),#342,.T.);
#7311=ADVANCED_FACE('',(#752),#343,.T.);
#7312=ADVANCED_FACE('',(#753),#344,.T.);
#7313=ADVANCED_FACE('',(#754),#345,.T.);
#7314=ADVANCED_FACE('',(#755),#346,.T.);
#7315=ADVANCED_FACE('',(#756),#347,.T.);
#7316=ADVANCED_FACE('',(#757),#348,.T.);
#7317=ADVANCED_FACE('',(#758),#349,.T.);
#7318=ADVANCED_FACE('',(#759),#350,.T.);
#7319=ADVANCED_FACE('',(#760),#351,.T.);
#7320=ADVANCED_FACE('',(#761),#352,.T.);
#7321=ADVANCED_FACE('',(#762),#353,.T.);
#7322=ADVANCED_FACE('',(#763),#354,.T.);
#7323=ADVANCED_FACE('',(#764),#355,.T.);
#7324=ADVANCED_FACE('',(#765),#356,.T.);
#7325=ADVANCED_FACE('',(#766),#357,.T.);
#7326=ADVANCED_FACE('',(#767),#358,.T.);
#7327=ADVANCED_FACE('',(#768),#359,.T.);
#7328=ADVANCED_FACE('',(#769),#360,.T.);
#7329=ADVANCED_FACE('',(#770),#361,.T.);
#7330=ADVANCED_FACE('',(#771),#362,.T.);
#7331=ADVANCED_FACE('',(#772),#363,.T.);
#7332=ADVANCED_FACE('',(#773),#364,.T.);
#7333=ADVANCED_FACE('',(#774),#365,.T.);
#7334=ADVANCED_FACE('',(#775),#366,.T.);
#7335=ADVANCED_FACE('',(#776),#367,.T.);
#7336=ADVANCED_FACE('',(#777),#368,.T.);
#7337=ADVANCED_FACE('',(#778),#369,.T.);
#7338=ADVANCED_FACE('',(#779),#370,.T.);
#7339=ADVANCED_FACE('',(#780),#371,.T.);
#7340=ADVANCED_FACE('',(#781),#372,.T.);
#7341=ADVANCED_FACE('',(#782),#373,.T.);
#7342=ADVANCED_FACE('',(#783),#374,.T.);
#7343=ADVANCED_FACE('',(#784),#375,.T.);
#7344=ADVANCED_FACE('',(#785),#376,.T.);
#7345=ADVANCED_FACE('',(#786),#377,.T.);
#7346=ADVANCED_FACE('',(#787),#378,.T.);
#7347=ADVANCED_FACE('',(#788),#379,.T.);
#7348=ADVANCED_FACE('',(#789),#380,.T.);
#7349=ADVANCED_FACE('',(#790),#381,.T.);
#7350=ADVANCED_FACE('',(#791),#382,.T.);
#7351=ADVANCED_FACE('',(#792),#383,.T.);
#7352=ADVANCED_FACE('',(#793),#384,.T.);
#7353=ADVANCED_FACE('',(#794),#385,.T.);
#7354=ADVANCED_FACE('',(#795),#386,.T.);
#7355=ADVANCED_FACE('',(#796),#387,.T.);
#7356=ADVANCED_FACE('',(#797),#388,.T.);
#7357=ADVANCED_FACE('',(#798),#389,.T.);
#7358=ADVANCED_FACE('',(#799),#390,.T.);
#7359=ADVANCED_FACE('',(#800),#391,.T.);
#7360=ADVANCED_FACE('',(#801),#392,.T.);
#7361=ADVANCED_FACE('',(#802),#393,.T.);
#7362=ADVANCED_FACE('',(#803,#49),#394,.T.);
#7363=CLOSED_SHELL('',(#6984,#6985,#6986,#6987,#6988,#6989,#6990,#6991,
#6992,#6993,#6994,#6995,#6996,#6997,#6998,#6999,#7000,#7001,#7002,#7003,
#7004,#7005,#7006,#7007,#7008,#7009,#7010,#7011,#7012,#7013,#7014,#7015,
#7016,#7017,#7018,#7019,#7020,#7021,#7022,#7023,#7024,#7025,#7026,#7027,
#7028,#7029,#7030,#7031,#7032,#7033,#7034,#7035,#7036,#7037,#7038,#7039,
#7040,#7041,#7042,#7043,#7044,#7045,#7046,#7047,#7048,#7049,#7050,#7051,
#7052,#7053,#7054,#7055,#7056,#7057,#7058,#7059,#7060,#7061,#7062,#7063,
#7064,#7065,#7066,#7067,#7068,#7069,#7070,#7071,#7072,#7073,#7074,#7075,
#7076,#7077,#7078,#7079,#7080,#7081,#7082,#7083,#7084,#7085,#7086,#7087,
#7088,#7089,#7090,#7091,#7092,#7093,#7094,#7095,#7096,#7097,#7098,#7099,
#7100,#7101,#7102,#7103,#7104,#7105,#7106,#7107,#7108,#7109,#7110,#7111,
#7112,#7113,#7114,#7115,#7116,#7117,#7118,#7119,#7120,#7121,#7122,#7123,
#7124,#7125,#7126,#7127,#7128,#7129,#7130,#7131,#7132,#7133,#7134,#7135,
#7136,#7137,#7138,#7139,#7140,#7141,#7142,#7143,#7144,#7145,#7146,#7147,
#7148,#7149,#7150,#7151,#7152,#7153,#7154,#7155,#7156,#7157,#7158,#7159,
#7160,#7161,#7162,#7163,#7164,#7165,#7166,#7167,#7168,#7169,#7170,#7171,
#7172,#7173,#7174,#7175,#7176,#7177,#7178,#7179,#7180,#7181,#7182,#7183,
#7184,#7185,#7186,#7187,#7188,#7189,#7190,#7191,#7192,#7193,#7194,#7195,
#7196,#7197,#7198,#7199,#7200,#7201,#7202,#7203,#7204,#7205,#7206,#7207,
#7208,#7209,#7210,#7211,#7212,#7213,#7214,#7215,#7216,#7217,#7218,#7219,
#7220,#7221,#7222,#7223,#7224,#7225,#7226,#7227,#7228,#7229,#7230,#7231,
#7232,#7233,#7234,#7235,#7236,#7237,#7238,#7239,#7240,#7241,#7242,#7243,
#7244,#7245,#7246,#7247,#7248,#7249,#7250,#7251,#7252,#7253,#7254,#7255,
#7256,#7257,#7258,#7259,#7260,#7261,#7262,#7263,#7264,#7265,#7266,#7267,
#7268,#7269,#7270,#7271,#7272,#7273,#7274,#7275,#7276,#7277,#7278,#7279,
#7280,#7281,#7282,#7283,#7284,#7285,#7286,#7287,#7288,#7289,#7290,#7291,
#7292,#7293,#7294,#7295,#7296,#7297,#7298,#7299,#7300,#7301,#7302,#7303,
#7304,#7305,#7306,#7307,#7308,#7309,#7310,#7311,#7312,#7313,#7314,#7315,
#7316,#7317,#7318,#7319,#7320,#7321,#7322,#7323,#7324,#7325,#7326,#7327,
#7328,#7329,#7330,#7331,#7332,#7333,#7334,#7335,#7336,#7337,#7338,#7339,
#7340,#7341,#7342,#7343,#7344,#7345,#7346,#7347,#7348,#7349,#7350,#7351,
#7352,#7353,#7354,#7355,#7356,#7357,#7358,#7359,#7360,#7361,#7362));
#7364=AXIS2_PLACEMENT_3D('',#9661,#7804,#7805);
#7365=AXIS2_PLACEMENT_3D('',#9662,#7806,#7807);
#7366=AXIS2_PLACEMENT_3D('',#9664,#7808,#7809);
#7367=AXIS2_PLACEMENT_3D('',#9667,#7811,#7812);
#7368=AXIS2_PLACEMENT_3D('',#9668,#7813,#7814);
#7369=AXIS2_PLACEMENT_3D('',#9671,#7816,#7817);
#7370=AXIS2_PLACEMENT_3D('',#9672,#7818,#7819);
#7371=AXIS2_PLACEMENT_3D('',#9689,#7828,#7829);
#7372=AXIS2_PLACEMENT_3D('',#9691,#7830,#7831);
#7373=AXIS2_PLACEMENT_3D('',#9694,#7833,#7834);
#7374=AXIS2_PLACEMENT_3D('',#9695,#7835,#7836);
#7375=AXIS2_PLACEMENT_3D('',#9698,#7838,#7839);
#7376=AXIS2_PLACEMENT_3D('',#9699,#7840,#7841);
#7377=AXIS2_PLACEMENT_3D('',#9724,#7854,#7855);
#7378=AXIS2_PLACEMENT_3D('',#9726,#7856,#7857);
#7379=AXIS2_PLACEMENT_3D('',#9729,#7859,#7860);
#7380=AXIS2_PLACEMENT_3D('',#9730,#7861,#7862);
#7381=AXIS2_PLACEMENT_3D('',#9733,#7864,#7865);
#7382=AXIS2_PLACEMENT_3D('',#9734,#7866,#7867);
#7383=AXIS2_PLACEMENT_3D('',#9759,#7880,#7881);
#7384=AXIS2_PLACEMENT_3D('',#9761,#7882,#7883);
#7385=AXIS2_PLACEMENT_3D('',#9764,#7885,#7886);
#7386=AXIS2_PLACEMENT_3D('',#9765,#7887,#7888);
#7387=AXIS2_PLACEMENT_3D('',#9768,#7890,#7891);
#7388=AXIS2_PLACEMENT_3D('',#9769,#7892,#7893);
#7389=AXIS2_PLACEMENT_3D('',#9786,#7902,#7903);
#7390=AXIS2_PLACEMENT_3D('',#9795,#7908,#7909);
#7391=AXIS2_PLACEMENT_3D('',#9801,#7913,#7914);
#7392=AXIS2_PLACEMENT_3D('',#9810,#7919,#7920);
#7393=AXIS2_PLACEMENT_3D('',#9816,#7924,#7925);
#7394=AXIS2_PLACEMENT_3D('',#9825,#7930,#7931);
#7395=AXIS2_PLACEMENT_3D('',#9831,#7935,#7936);
#7396=AXIS2_PLACEMENT_3D('',#9840,#7941,#7942);
#7397=AXIS2_PLACEMENT_3D('',#9846,#7946,#7947);
#7398=AXIS2_PLACEMENT_3D('',#9852,#7951,#7952);
#7399=AXIS2_PLACEMENT_3D('',#9858,#7956,#7957);
#7400=AXIS2_PLACEMENT_3D('',#9864,#7961,#7962);
#7401=AXIS2_PLACEMENT_3D('',#9870,#7966,#7967);
#7402=AXIS2_PLACEMENT_3D('',#9876,#7971,#7972);
#7403=AXIS2_PLACEMENT_3D('',#9882,#7976,#7977);
#7404=AXIS2_PLACEMENT_3D('',#9888,#7981,#7982);
#7405=AXIS2_PLACEMENT_3D('',#9894,#7986,#7987);
#7406=AXIS2_PLACEMENT_3D('',#9902,#7992,#7993);
#7407=AXIS2_PLACEMENT_3D('',#9908,#7997,#7998);
#7408=AXIS2_PLACEMENT_3D('',#9916,#8003,#8004);
#7409=AXIS2_PLACEMENT_3D('',#9922,#8008,#8009);
#7410=AXIS2_PLACEMENT_3D('',#9930,#8014,#8015);
#7411=AXIS2_PLACEMENT_3D('',#9936,#8019,#8020);
#7412=AXIS2_PLACEMENT_3D('',#9944,#8025,#8026);
#7413=AXIS2_PLACEMENT_3D('',#9950,#8030,#8031);
#7414=AXIS2_PLACEMENT_3D('',#9953,#8032,#8033);
#7415=AXIS2_PLACEMENT_3D('',#9957,#8035,#8036);
#7416=AXIS2_PLACEMENT_3D('',#9959,#8038,#8039);
#7417=AXIS2_PLACEMENT_3D('',#9965,#8043,#8044);
#7418=AXIS2_PLACEMENT_3D('',#9968,#8045,#8046);
#7419=AXIS2_PLACEMENT_3D('',#9972,#8048,#8049);
#7420=AXIS2_PLACEMENT_3D('',#9974,#8051,#8052);
#7421=AXIS2_PLACEMENT_3D('',#9980,#8056,#8057);
#7422=AXIS2_PLACEMENT_3D('',#9983,#8058,#8059);
#7423=AXIS2_PLACEMENT_3D('',#9987,#8061,#8062);
#7424=AXIS2_PLACEMENT_3D('',#9989,#8064,#8065);
#7425=AXIS2_PLACEMENT_3D('',#9995,#8069,#8070);
#7426=AXIS2_PLACEMENT_3D('',#9998,#8071,#8072);
#7427=AXIS2_PLACEMENT_3D('',#10002,#8074,#8075);
#7428=AXIS2_PLACEMENT_3D('',#10004,#8077,#8078);
#7429=AXIS2_PLACEMENT_3D('',#10010,#8082,#8083);
#7430=AXIS2_PLACEMENT_3D('',#10013,#8084,#8085);
#7431=AXIS2_PLACEMENT_3D('',#10017,#8087,#8088);
#7432=AXIS2_PLACEMENT_3D('',#10019,#8090,#8091);
#7433=AXIS2_PLACEMENT_3D('',#10022,#8094,#8095);
#7434=AXIS2_PLACEMENT_3D('',#10024,#8096,#8097);
#7435=AXIS2_PLACEMENT_3D('',#10026,#8098,#8099);
#7436=AXIS2_PLACEMENT_3D('',#10028,#8101,#8102);
#7437=AXIS2_PLACEMENT_3D('',#10034,#8106,#8107);
#7438=AXIS2_PLACEMENT_3D('',#10037,#8108,#8109);
#7439=AXIS2_PLACEMENT_3D('',#10041,#8111,#8112);
#7440=AXIS2_PLACEMENT_3D('',#10043,#8114,#8115);
#7441=AXIS2_PLACEMENT_3D('',#10045,#8116,#8117);
#7442=AXIS2_PLACEMENT_3D('',#10047,#8118,#8119);
#7443=AXIS2_PLACEMENT_3D('',#10049,#8121,#8122);
#7444=AXIS2_PLACEMENT_3D('',#10058,#8127,#8128);
#7445=AXIS2_PLACEMENT_3D('',#10067,#8133,#8134);
#7446=AXIS2_PLACEMENT_3D('',#10073,#8138,#8139);
#7447=AXIS2_PLACEMENT_3D('',#10076,#8142,#8143);
#7448=AXIS2_PLACEMENT_3D('',#10082,#8147,#8148);
#7449=AXIS2_PLACEMENT_3D('',#10085,#8151,#8152);
#7450=AXIS2_PLACEMENT_3D('',#10091,#8156,#8157);
#7451=AXIS2_PLACEMENT_3D('',#10095,#8160,#8161);
#7452=AXIS2_PLACEMENT_3D('',#10099,#8164,#8165);
#7453=AXIS2_PLACEMENT_3D('',#10108,#8170,#8171);
#7454=AXIS2_PLACEMENT_3D('',#10114,#8175,#8176);
#7455=AXIS2_PLACEMENT_3D('',#10120,#8180,#8181);
#7456=AXIS2_PLACEMENT_3D('',#10129,#8186,#8187);
#7457=AXIS2_PLACEMENT_3D('',#10132,#8190,#8191);
#7458=AXIS2_PLACEMENT_3D('',#10135,#8194,#8195);
#7459=AXIS2_PLACEMENT_3D('',#10141,#8199,#8200);
#7460=AXIS2_PLACEMENT_3D('',#10145,#8203,#8204);
#7461=AXIS2_PLACEMENT_3D('',#10149,#8207,#8208);
#7462=AXIS2_PLACEMENT_3D('',#10168,#8219,#8220);
#7463=AXIS2_PLACEMENT_3D('',#10177,#8225,#8226);
#7464=AXIS2_PLACEMENT_3D('',#10183,#8230,#8231);
#7465=AXIS2_PLACEMENT_3D('',#10189,#8235,#8236);
#7466=AXIS2_PLACEMENT_3D('',#10198,#8241,#8242);
#7467=AXIS2_PLACEMENT_3D('',#10201,#8245,#8246);
#7468=AXIS2_PLACEMENT_3D('',#10204,#8249,#8250);
#7469=AXIS2_PLACEMENT_3D('',#10210,#8254,#8255);
#7470=AXIS2_PLACEMENT_3D('',#10214,#8258,#8259);
#7471=AXIS2_PLACEMENT_3D('',#10218,#8262,#8263);
#7472=AXIS2_PLACEMENT_3D('',#10227,#8268,#8269);
#7473=AXIS2_PLACEMENT_3D('',#10233,#8273,#8274);
#7474=AXIS2_PLACEMENT_3D('',#10239,#8278,#8279);
#7475=AXIS2_PLACEMENT_3D('',#10245,#8283,#8284);
#7476=AXIS2_PLACEMENT_3D('',#10251,#8288,#8289);
#7477=AXIS2_PLACEMENT_3D('',#10254,#8292,#8293);
#7478=AXIS2_PLACEMENT_3D('',#10260,#8297,#8298);
#7479=AXIS2_PLACEMENT_3D('',#10264,#8301,#8302);
#7480=AXIS2_PLACEMENT_3D('',#10268,#8305,#8306);
#7481=AXIS2_PLACEMENT_3D('',#10287,#8317,#8318);
#7482=AXIS2_PLACEMENT_3D('',#10296,#8323,#8324);
#7483=AXIS2_PLACEMENT_3D('',#10302,#8328,#8329);
#7484=AXIS2_PLACEMENT_3D('',#10308,#8333,#8334);
#7485=AXIS2_PLACEMENT_3D('',#10314,#8338,#8339);
#7486=AXIS2_PLACEMENT_3D('',#10320,#8343,#8344);
#7487=AXIS2_PLACEMENT_3D('',#10323,#8347,#8348);
#7488=AXIS2_PLACEMENT_3D('',#10329,#8352,#8353);
#7489=AXIS2_PLACEMENT_3D('',#10333,#8356,#8357);
#7490=AXIS2_PLACEMENT_3D('',#10337,#8360,#8361);
#7491=AXIS2_PLACEMENT_3D('',#10357,#8373,#8374);
#7492=AXIS2_PLACEMENT_3D('',#10370,#8382,#8383);
#7493=AXIS2_PLACEMENT_3D('',#10372,#8385,#8386);
#7494=AXIS2_PLACEMENT_3D('',#10378,#8390,#8391);
#7495=AXIS2_PLACEMENT_3D('',#10382,#8394,#8395);
#7496=AXIS2_PLACEMENT_3D('',#10405,#8408,#8409);
#7497=AXIS2_PLACEMENT_3D('',#10409,#8412,#8413);
#7498=AXIS2_PLACEMENT_3D('',#10413,#8416,#8417);
#7499=AXIS2_PLACEMENT_3D('',#10415,#8419,#8420);
#7500=AXIS2_PLACEMENT_3D('',#10421,#8424,#8425);
#7501=AXIS2_PLACEMENT_3D('',#10423,#8427,#8428);
#7502=AXIS2_PLACEMENT_3D('',#10425,#8430,#8431);
#7503=AXIS2_PLACEMENT_3D('',#10438,#8439,#8440);
#7504=AXIS2_PLACEMENT_3D('',#10440,#8442,#8443);
#7505=AXIS2_PLACEMENT_3D('',#10444,#8446,#8447);
#7506=AXIS2_PLACEMENT_3D('',#10446,#8449,#8450);
#7507=AXIS2_PLACEMENT_3D('',#10469,#8463,#8464);
#7508=AXIS2_PLACEMENT_3D('',#10473,#8467,#8468);
#7509=AXIS2_PLACEMENT_3D('',#10477,#8471,#8472);
#7510=AXIS2_PLACEMENT_3D('',#10479,#8474,#8475);
#7511=AXIS2_PLACEMENT_3D('',#10485,#8479,#8480);
#7512=AXIS2_PLACEMENT_3D('',#10487,#8482,#8483);
#7513=AXIS2_PLACEMENT_3D('',#10496,#8488,#8489);
#7514=AXIS2_PLACEMENT_3D('',#10502,#8493,#8494);
#7515=AXIS2_PLACEMENT_3D('',#10508,#8498,#8499);
#7516=AXIS2_PLACEMENT_3D('',#10514,#8503,#8504);
#7517=AXIS2_PLACEMENT_3D('',#10520,#8508,#8509);
#7518=AXIS2_PLACEMENT_3D('',#10526,#8513,#8514);
#7519=AXIS2_PLACEMENT_3D('',#10532,#8518,#8519);
#7520=AXIS2_PLACEMENT_3D('',#10535,#8522,#8523);
#7521=AXIS2_PLACEMENT_3D('',#10537,#8524,#8525);
#7522=AXIS2_PLACEMENT_3D('',#10540,#8527,#8528);
#7523=AXIS2_PLACEMENT_3D('',#10541,#8529,#8530);
#7524=AXIS2_PLACEMENT_3D('',#10543,#8531,#8532);
#7525=AXIS2_PLACEMENT_3D('',#10546,#8534,#8535);
#7526=AXIS2_PLACEMENT_3D('',#10547,#8536,#8537);
#7527=AXIS2_PLACEMENT_3D('',#10556,#8542,#8543);
#7528=AXIS2_PLACEMENT_3D('',#10562,#8547,#8548);
#7529=AXIS2_PLACEMENT_3D('',#10568,#8552,#8553);
#7530=AXIS2_PLACEMENT_3D('',#10574,#8557,#8558);
#7531=AXIS2_PLACEMENT_3D('',#10580,#8562,#8563);
#7532=AXIS2_PLACEMENT_3D('',#10586,#8567,#8568);
#7533=AXIS2_PLACEMENT_3D('',#10592,#8572,#8573);
#7534=AXIS2_PLACEMENT_3D('',#10595,#8576,#8577);
#7535=AXIS2_PLACEMENT_3D('',#10599,#8580,#8581);
#7536=AXIS2_PLACEMENT_3D('',#10603,#8584,#8585);
#7537=AXIS2_PLACEMENT_3D('',#10605,#8587,#8588);
#7538=AXIS2_PLACEMENT_3D('',#10611,#8592,#8593);
#7539=AXIS2_PLACEMENT_3D('',#10614,#8596,#8597);
#7540=AXIS2_PLACEMENT_3D('',#10620,#8601,#8602);
#7541=AXIS2_PLACEMENT_3D('',#10626,#8606,#8607);
#7542=AXIS2_PLACEMENT_3D('',#10632,#8611,#8612);
#7543=AXIS2_PLACEMENT_3D('',#10637,#8616,#8617);
#7544=AXIS2_PLACEMENT_3D('',#10645,#8622,#8623);
#7545=AXIS2_PLACEMENT_3D('',#10651,#8627,#8628);
#7546=AXIS2_PLACEMENT_3D('',#10654,#8631,#8632);
#7547=AXIS2_PLACEMENT_3D('',#10660,#8636,#8637);
#7548=AXIS2_PLACEMENT_3D('',#10666,#8641,#8642);
#7549=AXIS2_PLACEMENT_3D('',#10672,#8646,#8647);
#7550=AXIS2_PLACEMENT_3D('',#10675,#8650,#8651);
#7551=AXIS2_PLACEMENT_3D('',#10683,#8656,#8657);
#7552=AXIS2_PLACEMENT_3D('',#10689,#8661,#8662);
#7553=AXIS2_PLACEMENT_3D('',#10692,#8665,#8666);
#7554=AXIS2_PLACEMENT_3D('',#10698,#8670,#8671);
#7555=AXIS2_PLACEMENT_3D('',#10704,#8675,#8676);
#7556=AXIS2_PLACEMENT_3D('',#10707,#8679,#8680);
#7557=AXIS2_PLACEMENT_3D('',#10721,#8688,#8689);
#7558=AXIS2_PLACEMENT_3D('',#10755,#8709,#8710);
#7559=AXIS2_PLACEMENT_3D('',#10757,#8712,#8713);
#7560=AXIS2_PLACEMENT_3D('',#10770,#8721,#8722);
#7561=AXIS2_PLACEMENT_3D('',#10772,#8724,#8725);
#7562=AXIS2_PLACEMENT_3D('',#10778,#8729,#8730);
#7563=AXIS2_PLACEMENT_3D('',#10793,#8739,#8740);
#7564=AXIS2_PLACEMENT_3D('',#10795,#8742,#8743);
#7565=AXIS2_PLACEMENT_3D('',#10799,#8746,#8747);
#7566=AXIS2_PLACEMENT_3D('',#10801,#8749,#8750);
#7567=AXIS2_PLACEMENT_3D('',#10803,#8752,#8753);
#7568=AXIS2_PLACEMENT_3D('',#10805,#8755,#8756);
#7569=AXIS2_PLACEMENT_3D('',#10815,#8762,#8763);
#7570=AXIS2_PLACEMENT_3D('',#10825,#8769,#8770);
#7571=AXIS2_PLACEMENT_3D('',#10836,#8777,#8778);
#7572=AXIS2_PLACEMENT_3D('',#10847,#8785,#8786);
#7573=AXIS2_PLACEMENT_3D('',#10857,#8792,#8793);
#7574=AXIS2_PLACEMENT_3D('',#10867,#8799,#8800);
#7575=AXIS2_PLACEMENT_3D('',#10869,#8802,#8803);
#7576=AXIS2_PLACEMENT_3D('',#10871,#8805,#8806);
#7577=AXIS2_PLACEMENT_3D('',#10872,#8807,#8808);
#7578=AXIS2_PLACEMENT_3D('',#10876,#8811,#8812);
#7579=AXIS2_PLACEMENT_3D('',#10880,#8815,#8816);
#7580=AXIS2_PLACEMENT_3D('',#10882,#8818,#8819);
#7581=AXIS2_PLACEMENT_3D('',#10884,#8821,#8822);
#7582=AXIS2_PLACEMENT_3D('',#10886,#8824,#8825);
#7583=AXIS2_PLACEMENT_3D('',#10887,#8826,#8827);
#7584=AXIS2_PLACEMENT_3D('',#10889,#8829,#8830);
#7585=AXIS2_PLACEMENT_3D('',#10891,#8832,#8833);
#7586=AXIS2_PLACEMENT_3D('',#10892,#8834,#8835);
#7587=AXIS2_PLACEMENT_3D('',#10898,#8839,#8840);
#7588=AXIS2_PLACEMENT_3D('',#10902,#8843,#8844);
#7589=AXIS2_PLACEMENT_3D('',#10906,#8847,#8848);
#7590=AXIS2_PLACEMENT_3D('',#10910,#8851,#8852);
#7591=AXIS2_PLACEMENT_3D('',#10914,#8855,#8856);
#7592=AXIS2_PLACEMENT_3D('',#10918,#8859,#8860);
#7593=AXIS2_PLACEMENT_3D('',#10922,#8863,#8864);
#7594=AXIS2_PLACEMENT_3D('',#10926,#8867,#8868);
#7595=AXIS2_PLACEMENT_3D('',#10930,#8871,#8872);
#7596=AXIS2_PLACEMENT_3D('',#10934,#8875,#8876);
#7597=AXIS2_PLACEMENT_3D('',#10938,#8879,#8880);
#7598=AXIS2_PLACEMENT_3D('',#10942,#8883,#8884);
#7599=AXIS2_PLACEMENT_3D('',#10946,#8887,#8888);
#7600=AXIS2_PLACEMENT_3D('',#10950,#8891,#8892);
#7601=AXIS2_PLACEMENT_3D('',#10954,#8895,#8896);
#7602=AXIS2_PLACEMENT_3D('',#10958,#8899,#8900);
#7603=AXIS2_PLACEMENT_3D('',#10962,#8903,#8904);
#7604=AXIS2_PLACEMENT_3D('',#10966,#8907,#8908);
#7605=AXIS2_PLACEMENT_3D('',#10970,#8911,#8912);
#7606=AXIS2_PLACEMENT_3D('',#10974,#8915,#8916);
#7607=AXIS2_PLACEMENT_3D('',#10978,#8919,#8920);
#7608=AXIS2_PLACEMENT_3D('',#10982,#8923,#8924);
#7609=AXIS2_PLACEMENT_3D('',#10986,#8927,#8928);
#7610=AXIS2_PLACEMENT_3D('',#10990,#8931,#8932);
#7611=AXIS2_PLACEMENT_3D('',#10994,#8935,#8936);
#7612=AXIS2_PLACEMENT_3D('',#10998,#8939,#8940);
#7613=AXIS2_PLACEMENT_3D('',#11002,#8943,#8944);
#7614=AXIS2_PLACEMENT_3D('',#11006,#8947,#8948);
#7615=AXIS2_PLACEMENT_3D('',#11010,#8951,#8952);
#7616=AXIS2_PLACEMENT_3D('',#11014,#8955,#8956);
#7617=AXIS2_PLACEMENT_3D('',#11018,#8959,#8960);
#7618=AXIS2_PLACEMENT_3D('',#11022,#8963,#8964);
#7619=AXIS2_PLACEMENT_3D('',#11026,#8967,#8968);
#7620=AXIS2_PLACEMENT_3D('',#11030,#8971,#8972);
#7621=AXIS2_PLACEMENT_3D('',#11034,#8975,#8976);
#7622=AXIS2_PLACEMENT_3D('',#11038,#8979,#8980);
#7623=AXIS2_PLACEMENT_3D('',#11042,#8983,#8984);
#7624=AXIS2_PLACEMENT_3D('',#11046,#8987,#8988);
#7625=AXIS2_PLACEMENT_3D('',#11050,#8991,#8992);
#7626=AXIS2_PLACEMENT_3D('',#11054,#8995,#8996);
#7627=AXIS2_PLACEMENT_3D('',#11058,#8999,#9000);
#7628=AXIS2_PLACEMENT_3D('',#11062,#9003,#9004);
#7629=AXIS2_PLACEMENT_3D('',#11066,#9007,#9008);
#7630=AXIS2_PLACEMENT_3D('',#11068,#9010,#9011);
#7631=AXIS2_PLACEMENT_3D('',#11074,#9015,#9016);
#7632=AXIS2_PLACEMENT_3D('',#11078,#9019,#9020);
#7633=AXIS2_PLACEMENT_3D('',#11082,#9023,#9024);
#7634=AXIS2_PLACEMENT_3D('',#11086,#9027,#9028);
#7635=AXIS2_PLACEMENT_3D('',#11090,#9031,#9032);
#7636=AXIS2_PLACEMENT_3D('',#11094,#9035,#9036);
#7637=AXIS2_PLACEMENT_3D('',#11098,#9039,#9040);
#7638=AXIS2_PLACEMENT_3D('',#11102,#9043,#9044);
#7639=AXIS2_PLACEMENT_3D('',#11106,#9047,#9048);
#7640=AXIS2_PLACEMENT_3D('',#11110,#9051,#9052);
#7641=AXIS2_PLACEMENT_3D('',#11114,#9055,#9056);
#7642=AXIS2_PLACEMENT_3D('',#11118,#9059,#9060);
#7643=AXIS2_PLACEMENT_3D('',#11122,#9063,#9064);
#7644=AXIS2_PLACEMENT_3D('',#11126,#9067,#9068);
#7645=AXIS2_PLACEMENT_3D('',#11130,#9071,#9072);
#7646=AXIS2_PLACEMENT_3D('',#11134,#9075,#9076);
#7647=AXIS2_PLACEMENT_3D('',#11138,#9079,#9080);
#7648=AXIS2_PLACEMENT_3D('',#11142,#9083,#9084);
#7649=AXIS2_PLACEMENT_3D('',#11146,#9087,#9088);
#7650=AXIS2_PLACEMENT_3D('',#11150,#9091,#9092);
#7651=AXIS2_PLACEMENT_3D('',#11154,#9095,#9096);
#7652=AXIS2_PLACEMENT_3D('',#11158,#9099,#9100);
#7653=AXIS2_PLACEMENT_3D('',#11161,#9101,#9102);
#7654=AXIS2_PLACEMENT_3D('',#11165,#9104,#9105);
#7655=AXIS2_PLACEMENT_3D('',#11167,#9107,#9108);
#7656=AXIS2_PLACEMENT_3D('',#11169,#9109,#9110);
#7657=AXIS2_PLACEMENT_3D('',#11171,#9112,#9113);
#7658=AXIS2_PLACEMENT_3D('',#11173,#9114,#9115);
#7659=AXIS2_PLACEMENT_3D('',#11175,#9117,#9118);
#7660=AXIS2_PLACEMENT_3D('',#11181,#9122,#9123);
#7661=AXIS2_PLACEMENT_3D('',#11184,#9124,#9125);
#7662=AXIS2_PLACEMENT_3D('',#11188,#9127,#9128);
#7663=AXIS2_PLACEMENT_3D('',#11190,#9130,#9131);
#7664=AXIS2_PLACEMENT_3D('',#11196,#9135,#9136);
#7665=AXIS2_PLACEMENT_3D('',#11200,#9139,#9140);
#7666=AXIS2_PLACEMENT_3D('',#11203,#9141,#9142);
#7667=AXIS2_PLACEMENT_3D('',#11207,#9144,#9145);
#7668=AXIS2_PLACEMENT_3D('',#11209,#9147,#9148);
#7669=AXIS2_PLACEMENT_3D('',#11215,#9152,#9153);
#7670=AXIS2_PLACEMENT_3D('',#11219,#9156,#9157);
#7671=AXIS2_PLACEMENT_3D('',#11222,#9158,#9159);
#7672=AXIS2_PLACEMENT_3D('',#11226,#9161,#9162);
#7673=AXIS2_PLACEMENT_3D('',#11228,#9164,#9165);
#7674=AXIS2_PLACEMENT_3D('',#11234,#9169,#9170);
#7675=AXIS2_PLACEMENT_3D('',#11237,#9171,#9172);
#7676=AXIS2_PLACEMENT_3D('',#11241,#9174,#9175);
#7677=AXIS2_PLACEMENT_3D('',#11243,#9177,#9178);
#7678=AXIS2_PLACEMENT_3D('',#11249,#9182,#9183);
#7679=AXIS2_PLACEMENT_3D('',#11253,#9186,#9187);
#7680=AXIS2_PLACEMENT_3D('',#11257,#9190,#9191);
#7681=AXIS2_PLACEMENT_3D('',#11260,#9192,#9193);
#7682=AXIS2_PLACEMENT_3D('',#11264,#9195,#9196);
#7683=AXIS2_PLACEMENT_3D('',#11266,#9198,#9199);
#7684=AXIS2_PLACEMENT_3D('',#11272,#9203,#9204);
#7685=AXIS2_PLACEMENT_3D('',#11276,#9207,#9208);
#7686=AXIS2_PLACEMENT_3D('',#11280,#9211,#9212);
#7687=AXIS2_PLACEMENT_3D('',#11283,#9213,#9214);
#7688=AXIS2_PLACEMENT_3D('',#11287,#9216,#9217);
#7689=AXIS2_PLACEMENT_3D('',#11289,#9219,#9220);
#7690=AXIS2_PLACEMENT_3D('',#11291,#9221,#9222);
#7691=AXIS2_PLACEMENT_3D('',#11293,#9224,#9225);
#7692=AXIS2_PLACEMENT_3D('',#11295,#9226,#9227);
#7693=AXIS2_PLACEMENT_3D('',#11297,#9229,#9230);
#7694=AXIS2_PLACEMENT_3D('',#11303,#9234,#9235);
#7695=AXIS2_PLACEMENT_3D('',#11306,#9236,#9237);
#7696=AXIS2_PLACEMENT_3D('',#11310,#9239,#9240);
#7697=AXIS2_PLACEMENT_3D('',#11312,#9242,#9243);
#7698=AXIS2_PLACEMENT_3D('',#11318,#9247,#9248);
#7699=AXIS2_PLACEMENT_3D('',#11322,#9251,#9252);
#7700=AXIS2_PLACEMENT_3D('',#11326,#9255,#9256);
#7701=AXIS2_PLACEMENT_3D('',#11329,#9257,#9258);
#7702=AXIS2_PLACEMENT_3D('',#11333,#9260,#9261);
#7703=AXIS2_PLACEMENT_3D('',#11335,#9263,#9264);
#7704=AXIS2_PLACEMENT_3D('',#11341,#9268,#9269);
#7705=AXIS2_PLACEMENT_3D('',#11345,#9272,#9273);
#7706=AXIS2_PLACEMENT_3D('',#11349,#9276,#9277);
#7707=AXIS2_PLACEMENT_3D('',#11352,#9278,#9279);
#7708=AXIS2_PLACEMENT_3D('',#11356,#9281,#9282);
#7709=AXIS2_PLACEMENT_3D('',#11358,#9284,#9285);
#7710=AXIS2_PLACEMENT_3D('',#11364,#9289,#9290);
#7711=AXIS2_PLACEMENT_3D('',#11367,#9291,#9292);
#7712=AXIS2_PLACEMENT_3D('',#11371,#9294,#9295);
#7713=AXIS2_PLACEMENT_3D('',#11373,#9297,#9298);
#7714=AXIS2_PLACEMENT_3D('',#11379,#9302,#9303);
#7715=AXIS2_PLACEMENT_3D('',#11383,#9306,#9307);
#7716=AXIS2_PLACEMENT_3D('',#11387,#9310,#9311);
#7717=AXIS2_PLACEMENT_3D('',#11390,#9312,#9313);
#7718=AXIS2_PLACEMENT_3D('',#11394,#9315,#9316);
#7719=AXIS2_PLACEMENT_3D('',#11396,#9318,#9319);
#7720=AXIS2_PLACEMENT_3D('',#11402,#9323,#9324);
#7721=AXIS2_PLACEMENT_3D('',#11406,#9327,#9328);
#7722=AXIS2_PLACEMENT_3D('',#11410,#9331,#9332);
#7723=AXIS2_PLACEMENT_3D('',#11412,#9334,#9335);
#7724=AXIS2_PLACEMENT_3D('',#11414,#9337,#9338);
#7725=AXIS2_PLACEMENT_3D('',#11420,#9342,#9343);
#7726=AXIS2_PLACEMENT_3D('',#11422,#9345,#9346);
#7727=AXIS2_PLACEMENT_3D('',#11424,#9348,#9349);
#7728=AXIS2_PLACEMENT_3D('',#11426,#9351,#9352);
#7729=AXIS2_PLACEMENT_3D('',#11428,#9354,#9355);
#7730=AXIS2_PLACEMENT_3D('',#11434,#9359,#9360);
#7731=AXIS2_PLACEMENT_3D('',#11441,#9365,#9366);
#7732=AXIS2_PLACEMENT_3D('',#11443,#9368,#9369);
#7733=AXIS2_PLACEMENT_3D('',#11450,#9374,#9375);
#7734=AXIS2_PLACEMENT_3D('',#11457,#9380,#9381);
#7735=AXIS2_PLACEMENT_3D('',#11461,#9384,#9385);
#7736=AXIS2_PLACEMENT_3D('',#11463,#9387,#9388);
#7737=AXIS2_PLACEMENT_3D('',#11470,#9393,#9394);
#7738=AXIS2_PLACEMENT_3D('',#11476,#9398,#9399);
#7739=AXIS2_PLACEMENT_3D('',#11481,#9403,#9404);
#7740=AXIS2_PLACEMENT_3D('',#11483,#9406,#9407);
#7741=AXIS2_PLACEMENT_3D('',#11487,#9410,#9411);
#7742=AXIS2_PLACEMENT_3D('',#11489,#9413,#9414);
#7743=AXIS2_PLACEMENT_3D('',#11495,#9418,#9419);
#7744=AXIS2_PLACEMENT_3D('',#11504,#9425,#9426);
#7745=AXIS2_PLACEMENT_3D('',#11508,#9429,#9430);
#7746=AXIS2_PLACEMENT_3D('',#11515,#9435,#9436);
#7747=AXIS2_PLACEMENT_3D('',#11517,#9438,#9439);
#7748=AXIS2_PLACEMENT_3D('',#11521,#9442,#9443);
#7749=AXIS2_PLACEMENT_3D('',#11524,#9446,#9447);
#7750=AXIS2_PLACEMENT_3D('',#11526,#9449,#9450);
#7751=AXIS2_PLACEMENT_3D('',#11530,#9453,#9454);
#7752=AXIS2_PLACEMENT_3D('',#11534,#9457,#9458);
#7753=AXIS2_PLACEMENT_3D('',#11539,#9462,#9463);
#7754=AXIS2_PLACEMENT_3D('',#11543,#9466,#9467);
#7755=AXIS2_PLACEMENT_3D('',#11547,#9470,#9471);
#7756=AXIS2_PLACEMENT_3D('',#11549,#9473,#9474);
#7757=AXIS2_PLACEMENT_3D('',#11551,#9476,#9477);
#7758=AXIS2_PLACEMENT_3D('',#11557,#9481,#9482);
#7759=AXIS2_PLACEMENT_3D('',#11561,#9485,#9486);
#7760=AXIS2_PLACEMENT_3D('',#11566,#9490,#9491);
#7761=AXIS2_PLACEMENT_3D('',#11570,#9494,#9495);
#7762=AXIS2_PLACEMENT_3D('',#11574,#9498,#9499);
#7763=AXIS2_PLACEMENT_3D('',#11576,#9501,#9502);
#7764=AXIS2_PLACEMENT_3D('',#11578,#9504,#9505);
#7765=AXIS2_PLACEMENT_3D('',#11582,#9508,#9509);
#7766=AXIS2_PLACEMENT_3D('',#11584,#9511,#9512);
#7767=AXIS2_PLACEMENT_3D('',#11588,#9515,#9516);
#7768=AXIS2_PLACEMENT_3D('',#11592,#9519,#9520);
#7769=AXIS2_PLACEMENT_3D('',#11596,#9523,#9524);
#7770=AXIS2_PLACEMENT_3D('',#11601,#9528,#9529);
#7771=AXIS2_PLACEMENT_3D('',#11605,#9532,#9533);
#7772=AXIS2_PLACEMENT_3D('',#11609,#9536,#9537);
#7773=AXIS2_PLACEMENT_3D('',#11611,#9539,#9540);
#7774=AXIS2_PLACEMENT_3D('',#11617,#9544,#9545);
#7775=AXIS2_PLACEMENT_3D('',#11621,#9548,#9549);
#7776=AXIS2_PLACEMENT_3D('',#11625,#9552,#9553);
#7777=AXIS2_PLACEMENT_3D('',#11629,#9556,#9557);
#7778=AXIS2_PLACEMENT_3D('',#11634,#9561,#9562);
#7779=AXIS2_PLACEMENT_3D('',#11638,#9565,#9566);
#7780=AXIS2_PLACEMENT_3D('',#11642,#9569,#9570);
#7781=AXIS2_PLACEMENT_3D('',#11644,#9572,#9573);
#7782=AXIS2_PLACEMENT_3D('',#11648,#9576,#9577);
#7783=AXIS2_PLACEMENT_3D('',#11652,#9580,#9581);
#7784=AXIS2_PLACEMENT_3D('',#11656,#9584,#9585);
#7785=AXIS2_PLACEMENT_3D('',#11660,#9588,#9589);
#7786=AXIS2_PLACEMENT_3D('',#11664,#9592,#9593);
#7787=AXIS2_PLACEMENT_3D('',#11668,#9596,#9597);
#7788=AXIS2_PLACEMENT_3D('',#11672,#9600,#9601);
#7789=AXIS2_PLACEMENT_3D('',#11676,#9604,#9605);
#7790=AXIS2_PLACEMENT_3D('',#11680,#9608,#9609);
#7791=AXIS2_PLACEMENT_3D('',#11684,#9612,#9613);
#7792=AXIS2_PLACEMENT_3D('',#11688,#9616,#9617);
#7793=AXIS2_PLACEMENT_3D('',#11692,#9620,#9621);
#7794=AXIS2_PLACEMENT_3D('',#11696,#9624,#9625);
#7795=AXIS2_PLACEMENT_3D('',#11700,#9628,#9629);
#7796=AXIS2_PLACEMENT_3D('',#11704,#9632,#9633);
#7797=AXIS2_PLACEMENT_3D('',#11708,#9636,#9637);
#7798=AXIS2_PLACEMENT_3D('',#11712,#9640,#9641);
#7799=AXIS2_PLACEMENT_3D('',#11716,#9644,#9645);
#7800=AXIS2_PLACEMENT_3D('',#11720,#9648,#9649);
#7801=AXIS2_PLACEMENT_3D('',#11724,#9652,#9653);
#7802=AXIS2_PLACEMENT_3D('',#11728,#9656,#9657);
#7803=AXIS2_PLACEMENT_3D('',#11730,#9659,#9660);
#7804=DIRECTION('axis',(0.,0.,1.));
#7805=DIRECTION('refdir',(1.,0.,0.));
#7806=DIRECTION('center_axis',(5.47807814747006E-8,2.22044604925031E-16,
-0.999999999999999));
#7807=DIRECTION('ref_axis',(-0.999999999999998,1.21637771337165E-23,-5.47807822892881E-8));
#7808=DIRECTION('center_axis',(5.47807822892881E-8,2.86380006183942E-16,
-0.999999999999999));
#7809=DIRECTION('ref_axis',(-0.999999999999998,1.21637771337165E-23,-5.47807822892881E-8));
#7810=DIRECTION('',(-0.707106819922412,-7.04136316437374E-17,0.707106742450681));
#7811=DIRECTION('center_axis',(-5.47807822892881E-8,-2.86380006183942E-16,
0.999999999999999));
#7812=DIRECTION('ref_axis',(-0.999999999999999,1.21637771337165E-23,-5.47807822892881E-8));
#7813=DIRECTION('center_axis',(-1.22464679914735E-16,-2.22044604925031E-16,
1.));
#7814=DIRECTION('ref_axis',(-1.,0.,-1.22464679914735E-16));
#7815=DIRECTION('',(-1.22464679914735E-16,-2.22044604925031E-16,1.));
#7816=DIRECTION('center_axis',(5.47807822892881E-8,2.86380006183942E-16,
-0.999999999999999));
#7817=DIRECTION('ref_axis',(-0.999999999999999,1.21637771337165E-23,-5.47807822892881E-8));
#7818=DIRECTION('center_axis',(5.47807822892881E-8,2.86380006183942E-16,
-0.999999999999999));
#7819=DIRECTION('ref_axis',(-0.999999999999999,1.21637771090646E-23,-5.47807822892881E-8));
#7820=DIRECTION('',(0.707106781186547,-0.707106781186547,3.87358624329583E-8));
#7821=DIRECTION('',(0.707106781186547,-0.707106781186547,3.87358624329583E-8));
#7822=DIRECTION('',(0.707106781186547,-0.707106781186547,3.87358624329583E-8));
#7823=DIRECTION('',(0.707106781186546,0.707106781186548,3.87358628379607E-8));
#7824=DIRECTION('',(0.999999999999999,-1.21637771090646E-23,5.47807822892881E-8));
#7825=DIRECTION('',(0.707106781186546,-0.707106781186548,3.87358624329582E-8));
#7826=DIRECTION('',(1.42646203526568E-15,-1.,-2.86379928041237E-16));
#7827=DIRECTION('',(-0.707106781186545,-0.707106781186549,-3.87358628379607E-8));
#7828=DIRECTION('center_axis',(5.47807814747011E-8,2.22044604925031E-16,
-0.999999999999999));
#7829=DIRECTION('ref_axis',(-0.999999999999998,1.21637771337165E-23,-5.47807822892881E-8));
#7830=DIRECTION('center_axis',(5.47807822892881E-8,2.86380006183942E-16,
-0.999999999999999));
#7831=DIRECTION('ref_axis',(-0.999999999999998,1.21637771337165E-23,-5.47807822892881E-8));
#7832=DIRECTION('',(-0.707106819922422,-7.04136316437341E-17,0.707106742450671));
#7833=DIRECTION('center_axis',(-5.47807822892881E-8,-2.86380006183942E-16,
0.999999999999999));
#7834=DIRECTION('ref_axis',(-0.999999999999999,1.21637771337165E-23,-5.47807822892881E-8));
#7835=DIRECTION('center_axis',(-1.22464679914735E-16,-2.22044604925031E-16,
1.));
#7836=DIRECTION('ref_axis',(-1.,0.,-1.22464679914735E-16));
#7837=DIRECTION('',(-1.22464679914735E-16,-2.22044604925031E-16,1.));
#7838=DIRECTION('center_axis',(5.47807822892881E-8,2.86380006183942E-16,
-0.999999999999999));
#7839=DIRECTION('ref_axis',(-0.999999999999999,1.21637771337165E-23,-5.47807822892881E-8));
#7840=DIRECTION('center_axis',(5.47807822892881E-8,2.86380006183942E-16,
-0.999999999999999));
#7841=DIRECTION('ref_axis',(-0.999999999999999,1.21637771090646E-23,-5.47807822892881E-8));
#7842=DIRECTION('',(0.707106781186547,0.707106781186547,3.87358628379608E-8));
#7843=DIRECTION('',(-0.707106781186548,0.707106781186547,7.04136402448281E-17));
#7844=DIRECTION('',(-0.999999999999999,1.25607396816338E-14,-5.47807822892881E-8));
#7845=DIRECTION('',(0.707106781186547,0.707106781186547,3.87358628379608E-8));
#7846=DIRECTION('',(1.25607396694699E-14,-1.,-2.86379318096797E-16));
#7847=DIRECTION('',(0.707106781186549,-0.707106781186546,-7.04136402448277E-17));
#7848=DIRECTION('',(0.707106781186547,0.707106781186547,3.87358628379608E-8));
#7849=DIRECTION('',(-0.707106781186547,0.707106781186547,-3.87358624329583E-8));
#7850=DIRECTION('',(2.85292405995826E-15,1.,2.86380162469355E-16));
#7851=DIRECTION('',(0.707106781186546,0.707106781186547,3.87358628379608E-8));
#7852=DIRECTION('',(0.999999999999999,-1.21637771090646E-23,5.47807822892881E-8));
#7853=DIRECTION('',(0.707106781186548,-0.707106781186546,3.87358624329584E-8));
#7854=DIRECTION('center_axis',(5.47807814747011E-8,2.22044604925031E-16,
-0.999999999999999));
#7855=DIRECTION('ref_axis',(-0.999999999999998,1.21637771337165E-23,-5.47807822892881E-8));
#7856=DIRECTION('center_axis',(5.47807822892881E-8,2.86380006183942E-16,
-0.999999999999999));
#7857=DIRECTION('ref_axis',(-0.999999999999998,1.21637771337165E-23,-5.47807822892881E-8));
#7858=DIRECTION('',(-0.707106819922422,-7.04136316437341E-17,0.707106742450671));
#7859=DIRECTION('center_axis',(-5.47807822892881E-8,-2.86380006183942E-16,
0.999999999999999));
#7860=DIRECTION('ref_axis',(-0.999999999999999,1.21637771337165E-23,-5.47807822892881E-8));
#7861=DIRECTION('center_axis',(-1.22464679914735E-16,-2.22044604925031E-16,
1.));
#7862=DIRECTION('ref_axis',(-1.,0.,-1.22464679914735E-16));
#7863=DIRECTION('',(-1.22464679914735E-16,-2.22044604925031E-16,1.));
#7864=DIRECTION('center_axis',(5.47807822892881E-8,2.86380006183942E-16,
-0.999999999999999));
#7865=DIRECTION('ref_axis',(-0.999999999999999,1.21637771337165E-23,-5.47807822892881E-8));
#7866=DIRECTION('center_axis',(5.47807822892881E-8,2.86380006183942E-16,
-0.999999999999999));
#7867=DIRECTION('ref_axis',(-0.999999999999999,1.21637771090646E-23,-5.47807822892881E-8));
#7868=DIRECTION('',(-0.707106781186547,0.707106781186547,-3.87358624329583E-8));
#7869=DIRECTION('',(-0.707106781186547,-0.707106781186548,-2.43604851491927E-16));
#7870=DIRECTION('',(1.25607396694701E-14,-1.,-2.86379318096797E-16));
#7871=DIRECTION('',(-0.707106781186547,0.707106781186547,-3.87358624329583E-8));
#7872=DIRECTION('',(0.999999999999999,-1.21637771337165E-23,5.47807822892881E-8));
#7873=DIRECTION('',(0.707106781186547,0.707106781186548,2.43604851491927E-16));
#7874=DIRECTION('',(-0.707106781186547,0.707106781186547,-3.87358624329583E-8));
#7875=DIRECTION('',(-0.707106781186546,-0.707106781186548,-3.87358628379607E-8));
#7876=DIRECTION('',(-0.999999999999999,-2.31800078941583E-15,-5.47807822892881E-8));
#7877=DIRECTION('',(-0.707106781186543,0.707106781186551,-3.87358624329581E-8));
#7878=DIRECTION('',(-3.52434302550281E-24,1.,2.86380006183942E-16));
#7879=DIRECTION('',(0.707106781186546,0.707106781186548,3.87358628379607E-8));
#7880=DIRECTION('center_axis',(5.47807814747011E-8,2.22044604925031E-16,
-0.999999999999999));
#7881=DIRECTION('ref_axis',(-0.999999999999998,1.21637771337165E-23,-5.47807822892881E-8));
#7882=DIRECTION('center_axis',(5.47807822892881E-8,2.86380006183942E-16,
-0.999999999999999));
#7883=DIRECTION('ref_axis',(-0.999999999999998,1.21637771337165E-23,-5.47807822892881E-8));
#7884=DIRECTION('',(-0.707106819922416,-7.04136316437363E-17,0.707106742450678));
#7885=DIRECTION('center_axis',(-5.47807822892881E-8,-2.86380006183942E-16,
0.999999999999999));
#7886=DIRECTION('ref_axis',(-0.999999999999999,1.21637771337165E-23,-5.47807822892881E-8));
#7887=DIRECTION('center_axis',(-1.22464679914735E-16,-2.22044604925031E-16,
1.));
#7888=DIRECTION('ref_axis',(-1.,0.,-1.22464679914735E-16));
#7889=DIRECTION('',(-1.22464679914735E-16,-2.22044604925031E-16,1.));
#7890=DIRECTION('center_axis',(5.47807822892881E-8,2.86380006183942E-16,
-0.999999999999999));
#7891=DIRECTION('ref_axis',(-0.999999999999999,1.21637771337165E-23,-5.47807822892881E-8));
#7892=DIRECTION('center_axis',(5.47807822892881E-8,2.86380006183942E-16,
-0.999999999999999));
#7893=DIRECTION('ref_axis',(-0.999999999999999,1.21637771090646E-23,-5.47807822892881E-8));
#7894=DIRECTION('',(-0.707106781186548,-0.707106781186546,-3.87358628379608E-8));
#7895=DIRECTION('',(-0.707106781186548,-0.707106781186546,-3.87358628379608E-8));
#7896=DIRECTION('',(-0.707106781186548,-0.707106781186546,-3.87358628379608E-8));
#7897=DIRECTION('',(0.707106781186546,-0.707106781186548,3.87358624329583E-8));
#7898=DIRECTION('',(-2.85292405995827E-15,-1.,-2.86380162469355E-16));
#7899=DIRECTION('',(-0.707106781186546,-0.707106781186547,-3.87358628379608E-8));
#7900=DIRECTION('',(-0.999999999999999,-3.56615495771552E-16,-5.47807822892881E-8));
#7901=DIRECTION('',(-0.707106781186546,0.707106781186547,-3.87358624329583E-8));
#7902=DIRECTION('center_axis',(-2.71926214689378E-32,1.,2.22044604925031E-16));
#7903=DIRECTION('ref_axis',(-1.,0.,-1.22464679914735E-16));
#7904=DIRECTION('',(1.,0.,1.22464679914735E-16));
#7905=DIRECTION('',(1.22464679914735E-16,2.22044604925031E-16,-1.));
#7906=DIRECTION('',(-0.999999999999999,1.21637771337165E-23,-5.47807822892881E-8));
#7907=DIRECTION('',(-1.22464679914735E-16,-2.22044604925031E-16,1.));
#7908=DIRECTION('center_axis',(0.707106781186548,0.707106781186547,2.43604851491927E-16));
#7909=DIRECTION('ref_axis',(-0.707106781186547,0.707106781186548,7.04136402448283E-17));
#7910=DIRECTION('',(-0.707106781186547,0.707106781186548,7.04136402448283E-17));
#7911=DIRECTION('',(-1.22464679914735E-16,-2.22044604925031E-16,1.));
#7912=DIRECTION('',(-0.707106781186547,0.707106781186548,7.04136402448283E-17));
#7913=DIRECTION('center_axis',(-2.71926214689378E-32,1.,2.22044604925031E-16));
#7914=DIRECTION('ref_axis',(-1.,0.,-1.22464679914735E-16));
#7915=DIRECTION('',(-0.999999999999999,1.21637771337165E-23,-5.47807822892881E-8));
#7916=DIRECTION('',(-1.22464679914735E-16,-2.22044604925031E-16,1.));
#7917=DIRECTION('',(1.,0.,1.22464679914735E-16));
#7918=DIRECTION('',(1.22464679914735E-16,2.22044604925031E-16,-1.));
#7919=DIRECTION('center_axis',(-0.707106781186548,0.707106781186547,7.04136402448281E-17));
#7920=DIRECTION('ref_axis',(-0.707106781186547,-0.707106781186548,-2.43604851491927E-16));
#7921=DIRECTION('',(-0.707106781186547,-0.707106781186548,-2.43604851491927E-16));
#7922=DIRECTION('',(-1.22464679914735E-16,-2.22044604925031E-16,1.));
#7923=DIRECTION('',(-0.707106781186547,-0.707106781186548,-2.43604851491927E-16));
#7924=DIRECTION('center_axis',(3.14018491736756E-15,-1.,-2.22044604925031E-16));
#7925=DIRECTION('ref_axis',(1.,3.14018491736756E-15,1.22464679914736E-16));
#7926=DIRECTION('',(-1.,-3.14018491736756E-15,-1.22464679914736E-16));
#7927=DIRECTION('',(1.22464679914735E-16,2.22044604925031E-16,-1.));
#7928=DIRECTION('',(0.999999999999999,3.14018490520377E-15,5.47807822892881E-8));
#7929=DIRECTION('',(-1.22464679914735E-16,-2.22044604925031E-16,1.));
#7930=DIRECTION('center_axis',(-0.707106781186548,-0.707106781186547,-2.43604851491927E-16));
#7931=DIRECTION('ref_axis',(0.707106781186547,-0.707106781186548,-7.04136402448282E-17));
#7932=DIRECTION('',(0.707106781186547,-0.707106781186548,-7.04136402448282E-17));
#7933=DIRECTION('',(-1.22464679914735E-16,-2.22044604925031E-16,1.));
#7934=DIRECTION('',(0.707106781186547,-0.707106781186548,-7.04136402448282E-17));
#7935=DIRECTION('center_axis',(2.71926214689378E-32,-1.,-2.22044604925031E-16));
#7936=DIRECTION('ref_axis',(1.,0.,1.22464679914735E-16));
#7937=DIRECTION('',(0.999999999999999,-1.21637771337165E-23,5.47807822892881E-8));
#7938=DIRECTION('',(-1.22464679914735E-16,-2.22044604925031E-16,1.));
#7939=DIRECTION('',(-1.,0.,-1.22464679914735E-16));
#7940=DIRECTION('',(1.22464679914735E-16,2.22044604925031E-16,-1.));
#7941=DIRECTION('center_axis',(0.707106781186547,-0.707106781186548,-7.04136402448282E-17));
#7942=DIRECTION('ref_axis',(0.707106781186548,0.707106781186547,2.43604851491927E-16));
#7943=DIRECTION('',(0.707106781186548,0.707106781186547,2.43604851491927E-16));
#7944=DIRECTION('',(-1.22464679914735E-16,-2.22044604925031E-16,1.));
#7945=DIRECTION('',(0.707106781186548,0.707106781186547,2.43604851491927E-16));
#7946=DIRECTION('center_axis',(1.25607396694701E-14,1.,2.22044604925033E-16));
#7947=DIRECTION('ref_axis',(-1.,1.25607396694701E-14,-1.22464679914733E-16));
#7948=DIRECTION('',(1.,-1.25607396694701E-14,1.22464679914733E-16));
#7949=DIRECTION('',(1.22464679914735E-16,2.22044604925031E-16,-1.));
#7950=DIRECTION('',(-1.22464679914735E-16,-2.22044604925031E-16,1.));
#7951=DIRECTION('center_axis',(0.707106781186547,0.707106781186548,2.43604851491927E-16));
#7952=DIRECTION('ref_axis',(-0.707106781186548,0.707106781186547,7.04136402448281E-17));
#7953=DIRECTION('',(-0.707106781186548,0.707106781186547,7.04136402448281E-17));
#7954=DIRECTION('',(-1.22464679914735E-16,-2.22044604925031E-16,1.));
#7955=DIRECTION('',(-0.707106781186548,0.707106781186547,7.04136402448281E-17));
#7956=DIRECTION('center_axis',(-1.,-1.25607396694699E-14,-1.22464679914738E-16));
#7957=DIRECTION('ref_axis',(1.25607396694699E-14,-1.,-2.2204460492503E-16));
#7958=DIRECTION('',(-1.22464679914735E-16,-2.22044604925031E-16,1.));
#7959=DIRECTION('',(-1.25607396694699E-14,1.,2.2204460492503E-16));
#7960=DIRECTION('',(1.22464679914735E-16,2.22044604925031E-16,-1.));
#7961=DIRECTION('center_axis',(-0.707106781186546,-0.707106781186549,-2.43604851491927E-16));
#7962=DIRECTION('ref_axis',(0.707106781186549,-0.707106781186546,-7.04136402448277E-17));
#7963=DIRECTION('',(0.707106781186549,-0.707106781186546,-7.04136402448277E-17));
#7964=DIRECTION('',(-1.22464679914735E-16,-2.22044604925031E-16,1.));
#7965=DIRECTION('',(0.707106781186549,-0.707106781186546,-7.04136402448277E-17));
#7966=DIRECTION('center_axis',(-1.,-1.25607396694701E-14,-1.22464679914738E-16));
#7967=DIRECTION('ref_axis',(1.25607396694701E-14,-1.,-2.2204460492503E-16));
#7968=DIRECTION('',(-1.25607396694701E-14,1.,2.2204460492503E-16));
#7969=DIRECTION('',(1.22464679914735E-16,2.22044604925031E-16,-1.));
#7970=DIRECTION('',(-1.22464679914735E-16,-2.22044604925031E-16,1.));
#7971=DIRECTION('center_axis',(-0.707106781186548,0.707106781186547,7.0413640244828E-17));
#7972=DIRECTION('ref_axis',(-0.707106781186547,-0.707106781186548,-2.43604851491927E-16));
#7973=DIRECTION('',(-0.707106781186547,-0.707106781186548,-2.43604851491927E-16));
#7974=DIRECTION('',(-1.22464679914735E-16,-2.22044604925031E-16,1.));
#7975=DIRECTION('',(-0.707106781186547,-0.707106781186548,-2.43604851491927E-16));
#7976=DIRECTION('center_axis',(2.71926214689378E-32,-1.,-2.22044604925031E-16));
#7977=DIRECTION('ref_axis',(1.,0.,1.22464679914735E-16));
#7978=DIRECTION('',(-1.22464679914735E-16,-2.22044604925031E-16,1.));
#7979=DIRECTION('',(-1.,0.,-1.22464679914735E-16));
#7980=DIRECTION('',(1.22464679914735E-16,2.22044604925031E-16,-1.));
#7981=DIRECTION('center_axis',(0.707106781186548,-0.707106781186547,-7.04136402448279E-17));
#7982=DIRECTION('ref_axis',(0.707106781186547,0.707106781186548,2.43604851491927E-16));
#7983=DIRECTION('',(0.707106781186547,0.707106781186548,2.43604851491927E-16));
#7984=DIRECTION('',(-1.22464679914735E-16,-2.22044604925031E-16,1.));
#7985=DIRECTION('',(0.707106781186547,0.707106781186548,2.43604851491927E-16));
#7986=DIRECTION('center_axis',(1.,0.,1.22464679914735E-16));
#7987=DIRECTION('ref_axis',(-2.71926214689378E-32,1.,2.22044604925031E-16));
#7988=DIRECTION('',(-2.71926214689378E-32,1.,2.22044604925031E-16));
#7989=DIRECTION('',(-1.22464679914735E-16,-2.22044604925031E-16,1.));
#7990=DIRECTION('',(3.50714357912965E-32,-1.,-2.86380006183943E-16));
#7991=DIRECTION('',(1.22464679914735E-16,2.22044604925031E-16,-1.));
#7992=DIRECTION('center_axis',(0.707106781186548,0.707106781186547,2.43604851491927E-16));
#7993=DIRECTION('ref_axis',(-0.707106781186547,0.707106781186548,7.04136402448284E-17));
#7994=DIRECTION('',(-0.707106781186547,0.707106781186548,7.04136402448284E-17));
#7995=DIRECTION('',(-1.22464679914735E-16,-2.22044604925031E-16,1.));
#7996=DIRECTION('',(-0.707106781186547,0.707106781186548,7.04136402448284E-17));
#7997=DIRECTION('center_axis',(-3.14018491736756E-15,-1.,-2.22044604925032E-16));
#7998=DIRECTION('ref_axis',(1.,-3.14018491736756E-15,1.22464679914735E-16));
#7999=DIRECTION('',(-0.999999999999999,3.14018492953133E-15,-5.47807822892881E-8));
#8000=DIRECTION('',(1.22464679914735E-16,2.22044604925031E-16,-1.));
#8001=DIRECTION('',(1.,-3.14018491736756E-15,1.22464679914735E-16));
#8002=DIRECTION('',(-1.22464679914735E-16,-2.22044604925031E-16,1.));
#8003=DIRECTION('center_axis',(-0.707106781186548,-0.707106781186547,-2.43604851491927E-16));
#8004=DIRECTION('ref_axis',(0.707106781186547,-0.707106781186548,-7.04136402448284E-17));
#8005=DIRECTION('',(0.707106781186547,-0.707106781186548,-7.04136402448284E-17));
#8006=DIRECTION('',(-1.22464679914735E-16,-2.22044604925031E-16,1.));
#8007=DIRECTION('',(0.707106781186547,-0.707106781186548,-7.04136402448284E-17));
#8008=DIRECTION('center_axis',(1.,9.42055475210267E-15,1.22464679914737E-16));
#8009=DIRECTION('ref_axis',(-9.42055475210267E-15,1.,2.2204460492503E-16));
#8010=DIRECTION('',(9.42055475210267E-15,-1.,-2.86379490118584E-16));
#8011=DIRECTION('',(1.22464679914735E-16,2.22044604925031E-16,-1.));
#8012=DIRECTION('',(-9.42055475210267E-15,1.,2.2204460492503E-16));
#8013=DIRECTION('',(-1.22464679914735E-16,-2.22044604925031E-16,1.));
#8014=DIRECTION('center_axis',(0.70710678118655,-0.707106781186545,-7.04136402448272E-17));
#8015=DIRECTION('ref_axis',(0.707106781186545,0.70710678118655,2.43604851491927E-16));
#8016=DIRECTION('',(0.707106781186545,0.70710678118655,2.43604851491927E-16));
#8017=DIRECTION('',(-1.22464679914735E-16,-2.22044604925031E-16,1.));
#8018=DIRECTION('',(0.707106781186545,0.70710678118655,2.43604851491927E-16));
#8019=DIRECTION('center_axis',(-2.71926214689378E-32,1.,2.22044604925031E-16));
#8020=DIRECTION('ref_axis',(-1.,0.,-1.22464679914735E-16));
#8021=DIRECTION('',(-1.,0.,-1.22464679914735E-16));
#8022=DIRECTION('',(-1.22464679914735E-16,-2.22044604925031E-16,1.));
#8023=DIRECTION('',(0.999999999999999,-1.21637771337165E-23,5.47807822892881E-8));
#8024=DIRECTION('',(1.22464679914735E-16,2.22044604925031E-16,-1.));
#8025=DIRECTION('center_axis',(-0.707106781186548,0.707106781186547,7.0413640244828E-17));
#8026=DIRECTION('ref_axis',(-0.707106781186547,-0.707106781186548,-2.43604851491927E-16));
#8027=DIRECTION('',(-0.707106781186547,-0.707106781186548,-2.43604851491927E-16));
#8028=DIRECTION('',(-1.22464679914735E-16,-2.22044604925031E-16,1.));
#8029=DIRECTION('',(-0.707106781186547,-0.707106781186548,-2.43604851491927E-16));
#8030=DIRECTION('center_axis',(-1.22464679914735E-16,-2.22044604925031E-16,
1.));
#8031=DIRECTION('ref_axis',(-0.161866495547301,-0.986812665919543,-2.38939357105242E-16));
#8032=DIRECTION('center_axis',(1.22464679914735E-16,2.22044604925031E-16,
-1.));
#8033=DIRECTION('ref_axis',(-0.161866495547301,-0.986812665919543,-2.38939357105242E-16));
#8034=DIRECTION('',(-1.22464679914735E-16,-2.22044604925031E-16,1.));
#8035=DIRECTION('center_axis',(-1.22464679914735E-16,-2.22044604925031E-16,
1.));
#8036=DIRECTION('ref_axis',(-0.161866495547301,-0.986812665919543,-2.38939357105242E-16));
#8037=DIRECTION('',(1.22464679914735E-16,2.22044604925031E-16,-1.));
#8038=DIRECTION('center_axis',(0.707106781186548,0.707106781186547,2.43604851491927E-16));
#8039=DIRECTION('ref_axis',(-0.707106781186547,0.707106781186548,7.04136402448283E-17));
#8040=DIRECTION('',(-0.707106781186547,0.707106781186548,7.04136402448283E-17));
#8041=DIRECTION('',(-1.22464679914735E-16,-2.22044604925031E-16,1.));
#8042=DIRECTION('',(-0.707106781186547,0.707106781186548,7.04136402448283E-17));
#8043=DIRECTION('center_axis',(-1.22464679914735E-16,-2.22044604925031E-16,
1.));
#8044=DIRECTION('ref_axis',(-0.161866495547302,0.986812665919543,1.99293499973002E-16));
#8045=DIRECTION('center_axis',(1.22464679914735E-16,2.22044604925031E-16,
-1.));
#8046=DIRECTION('ref_axis',(-0.161866495547302,0.986812665919543,1.99293499973002E-16));
#8047=DIRECTION('',(-1.22464679914735E-16,-2.22044604925031E-16,1.));
#8048=DIRECTION('center_axis',(-1.22464679914735E-16,-2.22044604925031E-16,
1.));
#8049=DIRECTION('ref_axis',(-0.161866495547302,0.986812665919543,1.99293499973002E-16));
#8050=DIRECTION('',(1.22464679914735E-16,2.22044604925031E-16,-1.));
#8051=DIRECTION('center_axis',(-0.44415827705419,-0.895948338312122,-2.53334196044675E-16));
#8052=DIRECTION('ref_axis',(0.895948338312122,-0.44415827705419,1.10990773188529E-17));
#8053=DIRECTION('',(0.895948338312122,-0.44415827705419,1.10990773188529E-17));
#8054=DIRECTION('',(-1.22464679914735E-16,-2.22044604925031E-16,1.));
#8055=DIRECTION('',(0.895948338312122,-0.44415827705419,1.10990773188529E-17));
#8056=DIRECTION('center_axis',(-1.22464679914735E-16,-2.22044604925031E-16,
1.));
#8057=DIRECTION('ref_axis',(0.542607476667072,-0.839986384571198,-1.20064193955142E-16));
#8058=DIRECTION('center_axis',(1.22464679914735E-16,2.22044604925031E-16,
-1.));
#8059=DIRECTION('ref_axis',(0.542607476667072,-0.839986384571198,-1.20064193955142E-16));
#8060=DIRECTION('',(-1.22464679914735E-16,-2.22044604925031E-16,1.));
#8061=DIRECTION('center_axis',(-1.22464679914735E-16,-2.22044604925031E-16,
1.));
#8062=DIRECTION('ref_axis',(0.542607476667072,-0.839986384571198,-1.20064193955142E-16));
#8063=DIRECTION('',(1.22464679914735E-16,2.22044604925031E-16,-1.));
#8064=DIRECTION('center_axis',(-0.353844388088072,0.935304308243354,1.64345835881744E-16));
#8065=DIRECTION('ref_axis',(-0.935304308243354,-0.353844388088072,-1.93110980089851E-16));
#8066=DIRECTION('',(0.935304308243354,0.353844388088072,1.9311098008985E-16));
#8067=DIRECTION('',(1.22464679914735E-16,2.22044604925031E-16,-1.));
#8068=DIRECTION('',(-0.935304308243354,-0.353844388088072,-1.9311098008985E-16));
#8069=DIRECTION('center_axis',(-1.22464679914735E-16,-2.22044604925031E-16,
1.));
#8070=DIRECTION('ref_axis',(0.542607476667065,0.839986384571203,2.52964695853892E-16));
#8071=DIRECTION('center_axis',(1.22464679914735E-16,2.22044604925031E-16,
-1.));
#8072=DIRECTION('ref_axis',(0.542607476667065,0.839986384571203,2.52964695853892E-16));
#8073=DIRECTION('',(-1.22464679914735E-16,-2.22044604925031E-16,1.));
#8074=DIRECTION('center_axis',(-1.22464679914735E-16,-2.22044604925031E-16,
1.));
#8075=DIRECTION('ref_axis',(0.542607476667065,0.839986384571203,2.52964695853892E-16));
#8076=DIRECTION('',(1.22464679914735E-16,2.22044604925031E-16,-1.));
#8077=DIRECTION('center_axis',(-0.707106781186552,-0.707106781186543,-2.43604851491926E-16));
#8078=DIRECTION('ref_axis',(0.707106781186543,-0.707106781186552,-7.04136402448296E-17));
#8079=DIRECTION('',(0.707106781186543,-0.707106781186552,-7.04136402448296E-17));
#8080=DIRECTION('',(-1.22464679914735E-16,-2.22044604925031E-16,1.));
#8081=DIRECTION('',(0.707106781186543,-0.707106781186552,-7.04136402448296E-17));
#8082=DIRECTION('center_axis',(-1.22464679914735E-16,-2.22044604925031E-16,
1.));
#8083=DIRECTION('ref_axis',(-0.210278642360868,0.977641494908471,1.9132831286564E-16));
#8084=DIRECTION('center_axis',(-5.47807822892881E-8,-2.86380006183942E-16,
0.999999999999999));
#8085=DIRECTION('ref_axis',(-0.97764149490847,-0.210278642360868,-5.35559659497747E-8));
#8086=DIRECTION('',(1.22464679914735E-16,2.22044604925031E-16,-1.));
#8087=DIRECTION('center_axis',(1.22464679914735E-16,2.22044604925031E-16,
-1.));
#8088=DIRECTION('ref_axis',(-0.210278642360868,0.977641494908471,1.9132831286564E-16));
#8089=DIRECTION('',(-1.22464679914735E-16,-2.22044604925031E-16,1.));
#8090=DIRECTION('center_axis',(-0.353844388088053,-0.935304308243361,-2.51012715335405E-16));
#8091=DIRECTION('ref_axis',(0.935304308243361,-0.353844388088053,3.59725053739449E-17));
#8092=DIRECTION('',(0.935304308243361,-0.353844388088053,3.59725053739449E-17));
#8093=DIRECTION('',(0.935304308243361,-0.353844388088053,3.59725053739449E-17));
#8094=DIRECTION('center_axis',(-1.22464679914735E-16,-2.22044604925031E-16,
1.));
#8095=DIRECTION('ref_axis',(-0.210278642360857,-0.977641494908474,-2.42831726124896E-16));
#8096=DIRECTION('center_axis',(-5.47807822892881E-8,-2.86380006183942E-16,
0.999999999999999));
#8097=DIRECTION('ref_axis',(0.977641494908472,-0.210278642360857,5.35559658293356E-8));
#8098=DIRECTION('center_axis',(1.22464679914735E-16,2.22044604925031E-16,
-1.));
#8099=DIRECTION('ref_axis',(-0.210278642360857,-0.977641494908474,-2.42831726124896E-16));
#8100=DIRECTION('',(-1.22464679914735E-16,-2.22044604925031E-16,1.));
#8101=DIRECTION('center_axis',(-0.707106781186546,-0.707106781186549,-2.43604851491927E-16));
#8102=DIRECTION('ref_axis',(0.707106781186549,-0.707106781186546,-7.04136402448275E-17));
#8103=DIRECTION('',(0.707106781186549,-0.707106781186545,3.87358624329584E-8));
#8104=DIRECTION('',(1.22464679914735E-16,2.22044604925031E-16,-1.));
#8105=DIRECTION('',(-0.707106781186549,0.707106781186545,-3.87358624329584E-8));
#8106=DIRECTION('center_axis',(1.22464679914735E-16,2.22044604925031E-16,
-1.));
#8107=DIRECTION('ref_axis',(-0.987299179664431,-0.158872054918234,-1.56185960685632E-16));
#8108=DIRECTION('center_axis',(5.47807822892881E-8,2.86380006183942E-16,
-0.999999999999999));
#8109=DIRECTION('ref_axis',(-0.987299179664429,-0.158872054918234,-5.40850214610877E-8));
#8110=DIRECTION('',(-1.22464679914735E-16,-2.22044604925031E-16,1.));
#8111=DIRECTION('center_axis',(-5.47807822892881E-8,-2.86380006183942E-16,
0.999999999999999));
#8112=DIRECTION('ref_axis',(-0.987299179664429,-0.158872054918234,-5.40850214610877E-8));
#8113=DIRECTION('',(-1.22464679914735E-16,-2.22044604925031E-16,1.));
#8114=DIRECTION('center_axis',(-1.22464679914735E-16,-2.22044604925031E-16,
1.));
#8115=DIRECTION('ref_axis',(-0.987299179664431,0.158872054918234,-8.56325953497381E-17));
#8116=DIRECTION('center_axis',(-5.47807822892881E-8,-2.86380006183942E-16,
0.999999999999999));
#8117=DIRECTION('ref_axis',(-0.987299179664429,0.158872054918234,-5.40850213700921E-8));
#8118=DIRECTION('center_axis',(5.47807822892881E-8,2.86380006183942E-16,
-0.999999999999999));
#8119=DIRECTION('ref_axis',(-0.987299179664429,0.158872054918234,-5.40850213700921E-8));
#8120=DIRECTION('',(-1.22464679914735E-16,-2.22044604925031E-16,1.));
#8121=DIRECTION('center_axis',(4.07849272271866E-15,0.707106781186541,-0.707106781186554));
#8122=DIRECTION('ref_axis',(-1.,5.64539504259402E-15,-1.22464679914734E-16));
#8123=DIRECTION('',(1.,-5.64539504259402E-15,1.22464679914734E-16));
#8124=DIRECTION('',(0.377964473009209,-0.654653670707988,-0.654653670707977));
#8125=DIRECTION('',(-1.,5.64539504259402E-15,-1.22464679914734E-16));
#8126=DIRECTION('',(-0.377964473009219,-0.654653670707985,-0.654653670707974));
#8127=DIRECTION('center_axis',(8.65956056235501E-17,-0.707106781186541,
-0.707106781186554));
#8128=DIRECTION('ref_axis',(1.,0.,1.22464679914735E-16));
#8129=DIRECTION('',(1.,0.,1.22464679914735E-16));
#8130=DIRECTION('',(-0.377964473009229,-0.654653670707983,0.654653670707971));
#8131=DIRECTION('',(-1.,0.,-1.22464679914735E-16));
#8132=DIRECTION('',(-0.377964473009224,0.654653670707984,-0.654653670707972));
#8133=DIRECTION('center_axis',(-0.612372435695793,0.35355339059328,-0.707106781186546));
#8134=DIRECTION('ref_axis',(-0.500000000000007,-0.866025403784435,-2.53528608595724E-16));
#8135=DIRECTION('',(0.500000000000007,0.866025403784435,2.53528608595724E-16));
#8136=DIRECTION('',(0.755928946018456,1.45362315675074E-16,-0.654653670707975));
#8137=DIRECTION('',(-0.500000000000007,-0.866025403784435,-2.53528608595724E-16));
#8138=DIRECTION('center_axis',(-0.61237243569579,-0.353553390593267,-0.707106781186554));
#8139=DIRECTION('ref_axis',(0.499999999999996,-0.866025403784441,-1.3106392868099E-16));
#8140=DIRECTION('',(0.499999999999996,-0.866025403784441,-1.3106392868099E-16));
#8141=DIRECTION('',(-0.499999999999996,0.866025403784441,1.3106392868099E-16));
#8142=DIRECTION('center_axis',(0.612372435695788,-0.353553390593277,-0.707106781186551));
#8143=DIRECTION('ref_axis',(0.500000000000007,0.866025403784434,2.53528608595724E-16));
#8144=DIRECTION('',(0.500000000000007,0.866025403784434,2.53528608595724E-16));
#8145=DIRECTION('',(-0.500000000000007,-0.866025403784434,-2.53528608595724E-16));
#8146=DIRECTION('',(-0.755928946018454,1.45362315675074E-16,-0.654653670707978));
#8147=DIRECTION('center_axis',(0.612372435695795,0.353553390593272,-0.707106781186548));
#8148=DIRECTION('ref_axis',(-0.499999999999998,0.86602540378444,1.31063928680989E-16));
#8149=DIRECTION('',(-0.499999999999998,0.86602540378444,1.31063928680989E-16));
#8150=DIRECTION('',(0.499999999999998,-0.86602540378444,-1.31063928680989E-16));
#8151=DIRECTION('center_axis',(0.86602540378444,0.499999999999998,2.17079826335006E-16));
#8152=DIRECTION('ref_axis',(-0.499999999999998,0.86602540378444,1.31063928680989E-16));
#8153=DIRECTION('',(-1.22464679914735E-16,-2.22044604925031E-16,1.));
#8154=DIRECTION('',(-0.499999999999998,0.86602540378444,1.31063928680989E-16));
#8155=DIRECTION('',(-1.22464679914735E-16,-2.22044604925031E-16,1.));
#8156=DIRECTION('center_axis',(0.866025403784435,-0.500000000000007,-4.96477859002703E-18));
#8157=DIRECTION('ref_axis',(0.500000000000007,0.866025403784434,2.53528608595724E-16));
#8158=DIRECTION('',(-1.22464679914735E-16,-2.22044604925031E-16,1.));
#8159=DIRECTION('',(0.500000000000007,0.866025403784434,2.53528608595724E-16));
#8160=DIRECTION('center_axis',(2.71926214689378E-32,-1.,-2.22044604925031E-16));
#8161=DIRECTION('ref_axis',(1.,0.,1.22464679914735E-16));
#8162=DIRECTION('',(-1.22464679914735E-16,-2.22044604925031E-16,1.));
#8163=DIRECTION('',(1.,0.,1.22464679914735E-16));
#8164=DIRECTION('center_axis',(0.612372459905711,0.353553382206713,-0.707106764413424));
#8165=DIRECTION('ref_axis',(-0.499999976279224,0.866025417479635,1.3106393462689E-16));
#8166=DIRECTION('',(-0.499999999999997,0.86602540378444,-2.73903908966316E-8));
#8167=DIRECTION('',(0.755928925525616,-1.45362320929336E-16,0.654653694371068));
#8168=DIRECTION('',(0.499999999999997,-0.86602540378444,2.73903908966316E-8));
#8169=DIRECTION('',(0.377964467886001,0.654653661834343,0.654653682539507));
#8170=DIRECTION('center_axis',(0.612372459905724,-0.353553382206725,-0.707106764413407));
#8171=DIRECTION('ref_axis',(0.499999976279229,0.866025417479632,2.53528608731711E-16));
#8172=DIRECTION('',(0.500000000000002,0.866025403784437,2.73903913926566E-8));
#8173=DIRECTION('',(0.377964467885972,-0.654653661834343,0.654653682539524));
#8174=DIRECTION('',(-0.500000000000002,-0.866025403784437,-2.73903913926566E-8));
#8175=DIRECTION('center_axis',(3.87358626354598E-8,-0.707106781186542,-0.707106781186552));
#8176=DIRECTION('ref_axis',(0.999999999999998,5.47807821668242E-8,1.22464692078512E-16));
#8177=DIRECTION('',(0.999999999999999,-1.21637771337165E-23,5.47807822892881E-8));
#8178=DIRECTION('',(-0.377964478132404,-0.654653679581643,0.654653658876444));
#8179=DIRECTION('',(-0.999999999999999,1.21637771337165E-23,-5.47807822892881E-8));
#8180=DIRECTION('center_axis',(-0.612372411485879,0.353553398979832,-0.707106797959669));
#8181=DIRECTION('ref_axis',(-0.500000023720773,-0.866025390089244,-2.53528608459737E-16));
#8182=DIRECTION('',(0.499999999999997,0.86602540378444,2.73903913926563E-8));
#8183=DIRECTION('',(0.755928966511267,1.45362310420819E-16,-0.654653647044914));
#8184=DIRECTION('',(-0.499999999999997,-0.86602540378444,-2.73903913926563E-8));
#8185=DIRECTION('',(-0.377964478132427,0.654653679581642,0.654653658876431));
#8186=DIRECTION('center_axis',(-0.612372411485892,-0.353553398979843,-0.707106797959653));
#8187=DIRECTION('ref_axis',(0.500000023720778,-0.866025390089241,-1.31063922735086E-16));
#8188=DIRECTION('',(0.500000000000002,-0.866025403784437,2.73903908966318E-8));
#8189=DIRECTION('',(-0.500000000000002,0.866025403784437,-2.73903908966318E-8));
#8190=DIRECTION('center_axis',(3.87358626354602E-8,0.707106781186536,-0.707106781186558));
#8191=DIRECTION('ref_axis',(-0.999999999999998,5.47807821668252E-8,-1.22464667750958E-16));
#8192=DIRECTION('',(0.999999999999999,-1.21637771337165E-23,5.47807822892881E-8));
#8193=DIRECTION('',(-0.999999999999999,1.21637771337165E-23,-5.47807822892881E-8));
#8194=DIRECTION('center_axis',(-2.71926214689378E-32,1.,2.22044604925031E-16));
#8195=DIRECTION('ref_axis',(-1.,0.,-1.22464679914735E-16));
#8196=DIRECTION('',(-1.22464679914735E-16,-2.22044604925031E-16,1.));
#8197=DIRECTION('',(0.999999999999999,-1.21637771337165E-23,5.47807822892881E-8));
#8198=DIRECTION('',(-1.22464679914735E-16,-2.22044604925031E-16,1.));
#8199=DIRECTION('center_axis',(0.866025403784437,0.500000000000003,2.17079826335007E-16));
#8200=DIRECTION('ref_axis',(-0.500000000000002,0.866025403784437,1.31063928680988E-16));
#8201=DIRECTION('',(-1.22464679914735E-16,-2.22044604925031E-16,1.));
#8202=DIRECTION('',(0.500000000000002,-0.866025403784437,2.73903908966318E-8));
#8203=DIRECTION('center_axis',(0.86602540378444,-0.499999999999998,-4.96477859002424E-18));
#8204=DIRECTION('ref_axis',(0.499999999999998,0.86602540378444,2.53528608595724E-16));
#8205=DIRECTION('',(-1.22464679914735E-16,-2.22044604925031E-16,1.));
#8206=DIRECTION('',(-0.499999999999997,-0.86602540378444,-2.73903913926563E-8));
#8207=DIRECTION('center_axis',(5.47807822892881E-8,2.86380006183942E-16,
-0.999999999999999));
#8208=DIRECTION('ref_axis',(-0.999999999999999,1.21637771090646E-23,-5.47807822892881E-8));
#8209=DIRECTION('',(0.707106781186546,0.707106781186548,3.87358628379607E-8));
#8210=DIRECTION('',(-0.707106781186547,0.707106781186548,7.04136402448283E-17));
#8211=DIRECTION('',(0.707106781186546,0.707106781186548,3.87358628379607E-8));
#8212=DIRECTION('',(0.999999999999998,-3.76670953152435E-15,5.47807827600763E-8));
#8213=DIRECTION('',(0.707106781186544,-0.70710678118655,3.87358624329582E-8));
#8214=DIRECTION('',(-0.707106781186547,-0.707106781186548,-2.43604851491927E-16));
#8215=DIRECTION('',(0.707106781186544,-0.70710678118655,3.87358624329582E-8));
#8216=DIRECTION('',(0.707106781186547,0.707106781186547,3.87358628379608E-8));
#8217=DIRECTION('',(0.999999999999999,-1.21637770828451E-23,5.47807822892881E-8));
#8218=DIRECTION('',(0.707106781186546,-0.707106781186548,3.87358624329583E-8));
#8219=DIRECTION('center_axis',(0.612372459905702,0.353553382206708,-0.707106764413435));
#8220=DIRECTION('ref_axis',(-0.499999976279224,0.866025417479634,1.3106393462689E-16));
#8221=DIRECTION('',(-0.499999999999997,0.86602540378444,-2.73903908966316E-8));
#8222=DIRECTION('',(0.755928925525643,-2.340333219843E-14,0.654653694371037));
#8223=DIRECTION('',(0.499999999999997,-0.86602540378444,2.73903908966316E-8));
#8224=DIRECTION('',(0.37796446788602,0.654653661834335,0.654653682539505));
#8225=DIRECTION('center_axis',(0.612372459905684,-0.353553382206704,-0.707106764413452));
#8226=DIRECTION('ref_axis',(0.499999976279231,0.866025417479631,2.53528608731711E-16));
#8227=DIRECTION('',(0.500000000000004,0.866025403784436,2.73903913926567E-8));
#8228=DIRECTION('',(0.377964467886034,-0.654653661834342,0.654653682539489));
#8229=DIRECTION('',(-0.500000000000004,-0.866025403784436,-2.73903913926567E-8));
#8230=DIRECTION('center_axis',(3.87358626354605E-8,-0.707106781186529,-0.707106781186565));
#8231=DIRECTION('ref_axis',(0.999999999999998,5.47807821668261E-8,1.22464692078512E-16));
#8232=DIRECTION('',(0.999999999999999,-1.21637771337165E-23,5.47807822892881E-8));
#8233=DIRECTION('',(-0.377964478132425,-0.654653679581652,0.654653658876423));
#8234=DIRECTION('',(-0.999999999999999,1.21637771337165E-23,-5.47807822892881E-8));
#8235=DIRECTION('center_axis',(-0.612372411485883,0.353553398979841,-0.707106797959662));
#8236=DIRECTION('ref_axis',(-0.50000002372078,-0.86602539008924,-2.53528608459737E-16));
#8237=DIRECTION('',(0.500000000000004,0.866025403784436,2.73903913926567E-8));
#8238=DIRECTION('',(0.755928966511278,2.34033334489438E-14,-0.654653647044902));
#8239=DIRECTION('',(-0.500000000000004,-0.866025403784436,-2.73903913926567E-8));
#8240=DIRECTION('',(-0.37796447813241,0.654653679581644,0.654653658876439));
#8241=DIRECTION('center_axis',(-0.612372411485873,-0.353553398979824,-0.707106797959679));
#8242=DIRECTION('ref_axis',(0.500000023720769,-0.866025390089246,-1.31063922735089E-16));
#8243=DIRECTION('',(0.499999999999993,-0.866025403784442,2.73903908966313E-8));
#8244=DIRECTION('',(-0.499999999999993,0.866025403784442,-2.73903908966313E-8));
#8245=DIRECTION('center_axis',(3.87358626354598E-8,0.707106781186542,-0.707106781186552));
#8246=DIRECTION('ref_axis',(-0.999999999999998,5.47807821668242E-8,-1.22464667750958E-16));
#8247=DIRECTION('',(0.999999999999999,-1.21637771337165E-23,5.47807822892881E-8));
#8248=DIRECTION('',(-0.999999999999999,1.21637771337165E-23,-5.47807822892881E-8));
#8249=DIRECTION('center_axis',(-2.71926214689378E-32,1.,2.22044604925031E-16));
#8250=DIRECTION('ref_axis',(-1.,0.,-1.22464679914735E-16));
#8251=DIRECTION('',(-1.22464679914735E-16,-2.22044604925031E-16,1.));
#8252=DIRECTION('',(0.999999999999999,-1.21637771337165E-23,5.47807822892881E-8));
#8253=DIRECTION('',(-1.22464679914735E-16,-2.22044604925031E-16,1.));
#8254=DIRECTION('center_axis',(0.866025403784442,0.499999999999993,2.17079826335005E-16));
#8255=DIRECTION('ref_axis',(-0.499999999999993,0.866025403784442,1.3106392868099E-16));
#8256=DIRECTION('',(-1.22464679914735E-16,-2.22044604925031E-16,1.));
#8257=DIRECTION('',(0.499999999999993,-0.866025403784442,2.73903908966313E-8));
#8258=DIRECTION('center_axis',(0.866025403784436,-0.500000000000004,-4.96477859002621E-18));
#8259=DIRECTION('ref_axis',(0.500000000000004,0.866025403784436,2.53528608595724E-16));
#8260=DIRECTION('',(-1.22464679914735E-16,-2.22044604925031E-16,1.));
#8261=DIRECTION('',(-0.500000000000004,-0.866025403784436,-2.73903913926567E-8));
#8262=DIRECTION('center_axis',(3.87358636334339E-8,0.707106781186545,-0.707106781186549));
#8263=DIRECTION('ref_axis',(-0.999999999999999,5.47807835781725E-8,-1.22464667750958E-16));
#8264=DIRECTION('',(-0.999999999999999,1.41134877281226E-15,-5.47807822892881E-8));
#8265=DIRECTION('',(0.377964467886023,0.654653661834328,0.654653682539509));
#8266=DIRECTION('',(0.999999999999999,-1.41134877281226E-15,5.47807822892881E-8));
#8267=DIRECTION('',(0.377964478132432,-0.654653679581629,-0.654653658876442));
#8268=DIRECTION('center_axis',(0.612372459905706,0.353553382206711,-0.70710676441343));
#8269=DIRECTION('ref_axis',(-0.499999976279224,0.866025417479634,1.3106393462689E-16));
#8270=DIRECTION('',(-0.499999999999998,0.866025403784439,-2.73903908966316E-8));
#8271=DIRECTION('',(0.755928925525641,-3.05260855561696E-15,0.654653694371039));
#8272=DIRECTION('',(0.499999999999998,-0.866025403784439,2.73903908966316E-8));
#8273=DIRECTION('center_axis',(0.612372459905701,-0.353553382206711,-0.707106764413434));
#8274=DIRECTION('ref_axis',(0.499999976279228,0.866025417479632,2.53528608731711E-16));
#8275=DIRECTION('',(0.500000000000002,0.866025403784437,2.73903913926565E-8));
#8276=DIRECTION('',(0.377964467886033,-0.65465366183432,0.654653682539512));
#8277=DIRECTION('',(-0.500000000000002,-0.866025403784437,-2.73903913926565E-8));
#8278=DIRECTION('center_axis',(3.87358611384975E-8,-0.707106781186559,-0.707106781186535));
#8279=DIRECTION('ref_axis',(0.999999999999998,5.47807800497984E-8,1.22464692078512E-16));
#8280=DIRECTION('',(0.999999999999999,-2.1170231531365E-15,5.47807822892881E-8));
#8281=DIRECTION('',(-0.377964478132442,-0.65465367958162,0.654653658876444));
#8282=DIRECTION('',(-0.999999999999999,2.1170231531365E-15,-5.47807822892881E-8));
#8283=DIRECTION('center_axis',(-0.612372411485879,-0.353553398979832,-0.707106797959669));
#8284=DIRECTION('ref_axis',(0.500000023720774,-0.866025390089243,-1.31063922735087E-16));
#8285=DIRECTION('',(-0.499999999999998,0.866025403784439,-2.73903908966316E-8));
#8286=DIRECTION('',(0.499999999999998,-0.866025403784439,2.73903908966316E-8));
#8287=DIRECTION('',(-0.75592896651128,-8.86710148736689E-15,0.654653647044899));
#8288=DIRECTION('center_axis',(-0.612372411485876,0.353553398979836,-0.70710679795967));
#8289=DIRECTION('ref_axis',(-0.50000002372078,-0.86602539008924,-2.53528608459737E-16));
#8290=DIRECTION('',(0.500000000000004,0.866025403784436,2.73903913926566E-8));
#8291=DIRECTION('',(-0.500000000000004,-0.866025403784436,-2.73903913926566E-8));
#8292=DIRECTION('center_axis',(0.86602540378444,0.499999999999998,2.17079826335006E-16));
#8293=DIRECTION('ref_axis',(-0.499999999999998,0.86602540378444,1.31063928680989E-16));
#8294=DIRECTION('',(-1.22464679914735E-16,-2.22044604925031E-16,1.));
#8295=DIRECTION('',(0.499999999999998,-0.866025403784439,2.73903908966316E-8));
#8296=DIRECTION('',(-1.22464679914735E-16,-2.22044604925031E-16,1.));
#8297=DIRECTION('center_axis',(0.866025403784436,-0.500000000000004,-4.96477859002613E-18));
#8298=DIRECTION('ref_axis',(0.500000000000004,0.866025403784436,2.53528608595724E-16));
#8299=DIRECTION('',(-1.22464679914735E-16,-2.22044604925031E-16,1.));
#8300=DIRECTION('',(-0.500000000000004,-0.866025403784436,-2.73903913926566E-8));
#8301=DIRECTION('center_axis',(-1.41134876064849E-15,-1.,-2.22044604925031E-16));
#8302=DIRECTION('ref_axis',(1.,-1.41134876064849E-15,1.22464679914735E-16));
#8303=DIRECTION('',(-1.22464679914735E-16,-2.22044604925031E-16,1.));
#8304=DIRECTION('',(-0.999999999999999,1.41134877281226E-15,-5.47807822892881E-8));
#8305=DIRECTION('center_axis',(5.47807822892881E-8,2.86380006183942E-16,
-0.999999999999999));
#8306=DIRECTION('ref_axis',(-0.999999999999999,1.21637771090646E-23,-5.47807822892881E-8));
#8307=DIRECTION('',(-0.707106781186547,0.707106781186547,-3.87358624329583E-8));
#8308=DIRECTION('',(0.707106781186548,0.707106781186547,2.43604851491927E-16));
#8309=DIRECTION('',(-0.707106781186547,0.707106781186547,-3.87358624329583E-8));
#8310=DIRECTION('',(-0.707106781186547,-0.707106781186547,-3.87358628379608E-8));
#8311=DIRECTION('',(-0.999999999999999,1.89379113346118E-16,-5.47807822892881E-8));
#8312=DIRECTION('',(-0.707106781186547,0.707106781186547,-3.87358624329583E-8));
#8313=DIRECTION('',(-0.707106781186547,-0.707106781186547,-3.87358628379608E-8));
#8314=DIRECTION('',(0.707106781186547,-0.707106781186548,-7.04136402448282E-17));
#8315=DIRECTION('',(-0.707106781186547,-0.707106781186547,-3.87358628379608E-8));
#8316=DIRECTION('',(-0.999999999999998,4.70838702083846E-16,-5.47807823015927E-8));
#8317=DIRECTION('center_axis',(0.612372459905698,0.353553382206714,-0.707106764413435));
#8318=DIRECTION('ref_axis',(-0.499999976279233,0.866025417479629,1.31063934626888E-16));
#8319=DIRECTION('',(-0.500000000000007,0.866025403784434,-2.73903908966321E-8));
#8320=DIRECTION('',(0.755928925525635,-1.45362320929331E-16,0.654653694371046));
#8321=DIRECTION('',(0.500000000000007,-0.866025403784434,2.73903908966321E-8));
#8322=DIRECTION('',(0.377964467886001,0.654653661834346,0.654653682539504));
#8323=DIRECTION('center_axis',(0.612372459905704,-0.353553382206705,-0.707106764413435));
#8324=DIRECTION('ref_axis',(0.49999997627922,0.866025417479637,2.53528608731711E-16));
#8325=DIRECTION('',(0.499999999999993,0.866025403784442,2.73903913926561E-8));
#8326=DIRECTION('',(0.377964467886033,-0.654653661834314,0.654653682539518));
#8327=DIRECTION('',(-0.499999999999993,-0.866025403784442,-2.73903913926561E-8));
#8328=DIRECTION('center_axis',(3.87358626354605E-8,0.707106781186529,-0.707106781186565));
#8329=DIRECTION('ref_axis',(-0.999999999999998,5.47807821668261E-8,-1.22464667750958E-16));
#8330=DIRECTION('',(0.999999999999999,-1.21637771337165E-23,5.47807822892881E-8));
#8331=DIRECTION('',(0.377964478132413,-0.654653679581652,-0.65465365887643));
#8332=DIRECTION('',(-0.999999999999999,1.21637771337165E-23,-5.47807822892881E-8));
#8333=DIRECTION('center_axis',(3.87358666273569E-8,-0.707106781186542,-0.707106781186552));
#8334=DIRECTION('ref_axis',(0.999999999999998,5.47807878122192E-8,1.22464692078514E-16));
#8335=DIRECTION('',(0.999999999999999,5.64539503043017E-15,5.47807822892881E-8));
#8336=DIRECTION('',(-0.377964478132437,-0.65465367958163,0.654653658876437));
#8337=DIRECTION('',(-0.999999999999999,-5.64539503043017E-15,-5.47807822892881E-8));
#8338=DIRECTION('center_axis',(-0.612372411485874,-0.353553398979835,-0.707106797959673));
#8339=DIRECTION('ref_axis',(0.50000002372078,-0.86602539008924,-1.31063922735086E-16));
#8340=DIRECTION('',(0.500000000000004,-0.866025403784436,2.73903908966319E-8));
#8341=DIRECTION('',(-0.75592896651128,-2.34033334489435E-14,0.6546536470449));
#8342=DIRECTION('',(-0.500000000000004,0.866025403784436,-2.73903908966319E-8));
#8343=DIRECTION('center_axis',(-0.612372411485885,0.353553398979829,-0.707106797959666));
#8344=DIRECTION('ref_axis',(-0.500000023720767,-0.866025390089247,-2.53528608459737E-16));
#8345=DIRECTION('',(0.499999999999991,0.866025403784443,2.73903913926559E-8));
#8346=DIRECTION('',(-0.499999999999991,-0.866025403784443,-2.73903913926559E-8));
#8347=DIRECTION('center_axis',(0.866025403784444,-0.499999999999991,-4.96477859002239E-18));
#8348=DIRECTION('ref_axis',(0.499999999999991,0.866025403784444,2.53528608595724E-16));
#8349=DIRECTION('',(-1.22464679914735E-16,-2.22044604925031E-16,1.));
#8350=DIRECTION('',(-0.499999999999991,-0.866025403784443,-2.73903913926559E-8));
#8351=DIRECTION('',(-1.22464679914735E-16,-2.22044604925031E-16,1.));
#8352=DIRECTION('center_axis',(2.71926214689378E-32,-1.,-2.22044604925031E-16));
#8353=DIRECTION('ref_axis',(1.,0.,1.22464679914735E-16));
#8354=DIRECTION('',(-1.22464679914735E-16,-2.22044604925031E-16,1.));
#8355=DIRECTION('',(-0.999999999999999,1.21637771337165E-23,-5.47807822892881E-8));
#8356=DIRECTION('center_axis',(-0.866025403784435,-0.500000000000007,-2.17079826335007E-16));
#8357=DIRECTION('ref_axis',(0.500000000000007,-0.866025403784435,-1.31063928680987E-16));
#8358=DIRECTION('',(-1.22464679914735E-16,-2.22044604925031E-16,1.));
#8359=DIRECTION('',(-0.500000000000007,0.866025403784434,-2.73903908966321E-8));
#8360=DIRECTION('center_axis',(5.47807822892881E-8,2.86380006183942E-16,
-0.999999999999999));
#8361=DIRECTION('ref_axis',(-0.999999999999999,1.21637771090646E-23,-5.47807822892881E-8));
#8362=DIRECTION('',(0.707106781186549,-0.707106781186545,3.87358624329584E-8));
#8363=DIRECTION('',(0.707106781186546,0.707106781186549,2.43604851491927E-16));
#8364=DIRECTION('',(0.707106781186549,-0.707106781186545,3.87358624329584E-8));
#8365=DIRECTION('',(1.3413917068127E-15,-1.,-2.86379932701456E-16));
#8366=DIRECTION('',(-0.707106781186548,-0.707106781186546,-3.87358628379608E-8));
#8367=DIRECTION('',(-0.707106781186548,-0.707106781186546,-3.87358628379608E-8));
#8368=DIRECTION('',(-0.707106781186547,0.707106781186548,7.04136402448284E-17));
#8369=DIRECTION('',(-0.707106781186548,-0.707106781186546,-3.87358628379608E-8));
#8370=DIRECTION('',(0.707106781186543,-0.707106781186551,3.87358624329581E-8));
#8371=DIRECTION('',(3.57667863650672E-15,-1.,-2.86379810250689E-16));
#8372=DIRECTION('',(-0.707106781186546,-0.707106781186548,-3.87358628379607E-8));
#8373=DIRECTION('center_axis',(-1.22464679914735E-16,-2.22044604925031E-16,
1.));
#8374=DIRECTION('ref_axis',(-2.71926214689378E-32,1.,2.22044604925031E-16));
#8375=DIRECTION('',(-0.707106781186547,-0.707106781186547,-3.87358627072791E-8));
#8376=DIRECTION('',(-0.999999999999998,1.21637771843712E-23,-5.47807825522484E-8));
#8377=DIRECTION('',(-0.707106781186546,0.707106781186548,-3.87358625376311E-8));
#8378=DIRECTION('',(0.707106781186548,0.707106781186546,3.87358628379608E-8));
#8379=DIRECTION('',(0.707106781186547,-0.707106781186548,-7.04136402448284E-17));
#8380=DIRECTION('',(1.,4.32818290878701E-16,1.22464679914735E-16));
#8381=DIRECTION('',(0.707106781186547,-0.707106781186547,3.87358624329583E-8));
#8382=DIRECTION('center_axis',(4.32818290878701E-16,-1.,-2.22044604925031E-16));
#8383=DIRECTION('ref_axis',(1.,4.32818290878701E-16,1.22464679914735E-16));
#8384=DIRECTION('',(1.,4.32818290878701E-16,1.22464679914735E-16));
#8385=DIRECTION('center_axis',(1.22464679914735E-16,2.22044604925031E-16,
-1.));
#8386=DIRECTION('ref_axis',(-1.,0.,-1.22464679914735E-16));
#8387=DIRECTION('',(-0.707106781186546,0.707106781186547,-3.87358624329583E-8));
#8388=DIRECTION('',(-0.999999999999999,-8.56749823142621E-16,-5.47807822892881E-8));
#8389=DIRECTION('',(-0.707106781186547,-0.707106781186547,-3.87358628379608E-8));
#8390=DIRECTION('center_axis',(0.707106781186548,0.707106781186547,2.43604851491927E-16));
#8391=DIRECTION('ref_axis',(-0.707106781186547,0.707106781186548,7.04136402448282E-17));
#8392=DIRECTION('',(5.47807829953373E-8,2.22044604925031E-16,-0.999999999999999));
#8393=DIRECTION('',(0.707106781186547,-0.707106781186547,3.87358624329583E-8));
#8394=DIRECTION('center_axis',(-1.22464679914735E-16,-2.22044604925031E-16,
1.));
#8395=DIRECTION('ref_axis',(-2.71926214689378E-32,1.,2.22044604925031E-16));
#8396=DIRECTION('',(0.707106781186544,-0.70710678118655,3.87358621180725E-8));
#8397=DIRECTION('',(2.96059468648534E-16,-1.,-1.38350248983876E-16));
#8398=DIRECTION('',(0.707106781186544,-0.70710678118655,3.87358624326484E-8));
#8399=DIRECTION('',(-1.34903123710384E-15,-1.,-2.86380077106091E-16));
#8400=DIRECTION('',(-0.707106781186546,-0.707106781186548,-3.87358628379607E-8));
#8401=DIRECTION('',(-0.707106781186547,0.707106781186547,-3.87358624329583E-8));
#8402=DIRECTION('',(0.707106781186545,0.70710678118655,2.43604851491927E-16));
#8403=DIRECTION('',(-2.62758835557101E-15,1.,2.22044604925031E-16));
#8404=DIRECTION('',(-0.707106781186546,0.707106781186549,7.04136402448287E-17));
#8405=DIRECTION('',(-1.77635683940025E-15,1.,2.22044604925031E-16));
#8406=DIRECTION('',(-0.707106781186547,0.707106781186548,7.04136402448284E-17));
#8407=DIRECTION('',(0.707106781186548,0.707106781186546,3.87358628379608E-8));
#8408=DIRECTION('center_axis',(1.,1.77635683940025E-15,1.22464679914736E-16));
#8409=DIRECTION('ref_axis',(-1.77635683940025E-15,1.,2.22044604925031E-16));
#8410=DIRECTION('',(-1.77635683940025E-15,1.,2.22044604925031E-16));
#8411=DIRECTION('',(-1.22464679914735E-16,-2.22044604925031E-16,1.));
#8412=DIRECTION('center_axis',(0.707106781186549,0.707106781186546,2.43604851491927E-16));
#8413=DIRECTION('ref_axis',(-0.707106781186546,0.707106781186549,7.04136402448287E-17));
#8414=DIRECTION('',(-0.707106781186546,0.707106781186549,7.04136402448287E-17));
#8415=DIRECTION('',(-1.22464679914735E-16,-2.22044604925031E-16,1.));
#8416=DIRECTION('center_axis',(1.,2.62758835557101E-15,1.22464679914736E-16));
#8417=DIRECTION('ref_axis',(-2.62758835557101E-15,1.,2.22044604925031E-16));
#8418=DIRECTION('',(-2.62758835557101E-15,1.,2.22044604925031E-16));
#8419=DIRECTION('center_axis',(1.22464679914735E-16,2.22044604925031E-16,
-1.));
#8420=DIRECTION('ref_axis',(-1.,0.,-1.22464679914735E-16));
#8421=DIRECTION('',(-5.71325968119608E-15,-1.,-2.86380319160777E-16));
#8422=DIRECTION('',(0.707106781186544,-0.70710678118655,3.87358624329582E-8));
#8423=DIRECTION('',(8.88178423224468E-16,-1.,-2.86379957528834E-16));
#8424=DIRECTION('center_axis',(-0.707106781186547,0.707106781186548,7.04136402448285E-17));
#8425=DIRECTION('ref_axis',(-0.707106781186548,-0.707106781186547,-2.43604851491927E-16));
#8426=DIRECTION('',(0.707106781186548,0.707106781186546,3.87358628379608E-8));
#8427=DIRECTION('center_axis',(-0.707106781186547,-0.707106781186548,-2.43604851491927E-16));
#8428=DIRECTION('ref_axis',(0.707106781186548,-0.707106781186547,-7.0413640244828E-17));
#8429=DIRECTION('',(-0.707106781186547,0.707106781186547,-3.87358624329583E-8));
#8430=DIRECTION('center_axis',(-1.22464679914735E-16,-2.22044604925031E-16,
1.));
#8431=DIRECTION('ref_axis',(-2.71926214689378E-32,1.,2.22044604925031E-16));
#8432=DIRECTION('',(-0.707106781186547,-0.707106781186547,-3.87358628379608E-8));
#8433=DIRECTION('',(-0.999999999999998,-6.89807874888216E-16,-5.4780782289288E-8));
#8434=DIRECTION('',(-0.707106781186547,0.707106781186546,-3.87358624329583E-8));
#8435=DIRECTION('',(0.707106781186547,0.707106781186547,3.87358628379608E-8));
#8436=DIRECTION('',(1.,2.15044694741219E-15,1.22464679914736E-16));
#8437=DIRECTION('',(0.707106781186547,-0.707106781186547,3.87358624329583E-8));
#8438=DIRECTION('',(0.707106781186547,-0.707106781186547,3.87358624329583E-8));
#8439=DIRECTION('center_axis',(2.15044694741219E-15,-1.,-2.22044604925031E-16));
#8440=DIRECTION('ref_axis',(1.,2.15044694741219E-15,1.22464679914736E-16));
#8441=DIRECTION('',(1.,2.15044694741219E-15,1.22464679914736E-16));
#8442=DIRECTION('center_axis',(1.22464679914735E-16,2.22044604925031E-16,
-1.));
#8443=DIRECTION('ref_axis',(-1.,0.,-1.22464679914735E-16));
#8444=DIRECTION('',(-0.707106781186547,0.707106781186547,-3.87358624329583E-8));
#8445=DIRECTION('',(-0.999999999999999,-2.69139089935118E-15,-5.47807822892881E-8));
#8446=DIRECTION('center_axis',(0.707106781186547,0.707106781186548,2.43604851491927E-16));
#8447=DIRECTION('ref_axis',(-0.707106781186548,0.707106781186547,7.0413640244828E-17));
#8448=DIRECTION('',(0.707106781186547,-0.707106781186547,3.87358624329583E-8));
#8449=DIRECTION('center_axis',(-1.22464679914735E-16,-2.22044604925031E-16,
1.));
#8450=DIRECTION('ref_axis',(-2.71926214689378E-32,1.,2.22044604925031E-16));
#8451=DIRECTION('',(0.707106781186546,-0.707106781186548,3.87358622896037E-8));
#8452=DIRECTION('',(8.99354163994668E-16,-1.,-2.87320719657987E-16));
#8453=DIRECTION('',(-0.707106781186545,-0.707106781186549,-3.87358632865585E-8));
#8454=DIRECTION('',(3.50737839161468E-24,-1.,-2.86070312357398E-16));
#8455=DIRECTION('',(-0.707106781186546,-0.707106781186547,-3.87358628379607E-8));
#8456=DIRECTION('',(-0.707106781186549,0.707106781186545,-3.87358624329584E-8));
#8457=DIRECTION('',(0.707106781186546,0.707106781186549,2.43604851491927E-16));
#8458=DIRECTION('',(-2.71926214689378E-32,1.,2.22044604925031E-16));
#8459=DIRECTION('',(0.707106781186542,0.707106781186553,2.43604851491927E-16));
#8460=DIRECTION('',(3.28448544446383E-16,1.,2.22044604925031E-16));
#8461=DIRECTION('',(-0.707106781186547,0.707106781186548,7.04136402448284E-17));
#8462=DIRECTION('',(0.707106781186548,0.707106781186546,3.87358628379608E-8));
#8463=DIRECTION('center_axis',(1.,-3.28448544446383E-16,1.22464679914735E-16));
#8464=DIRECTION('ref_axis',(3.28448544446383E-16,1.,2.22044604925031E-16));
#8465=DIRECTION('',(3.28448544446383E-16,1.,2.22044604925031E-16));
#8466=DIRECTION('',(-1.22464679914735E-16,-2.22044604925031E-16,1.));
#8467=DIRECTION('center_axis',(0.707106781186553,-0.707106781186542,-7.04136402448264E-17));
#8468=DIRECTION('ref_axis',(0.707106781186542,0.707106781186553,2.43604851491927E-16));
#8469=DIRECTION('',(0.707106781186542,0.707106781186553,2.43604851491927E-16));
#8470=DIRECTION('',(-1.22464679914735E-16,-2.22044604925031E-16,1.));
#8471=DIRECTION('center_axis',(1.,0.,1.22464679914735E-16));
#8472=DIRECTION('ref_axis',(-2.71926214689378E-32,1.,2.22044604925031E-16));
#8473=DIRECTION('',(-2.71926214689378E-32,1.,2.22044604925031E-16));
#8474=DIRECTION('center_axis',(1.22464679914735E-16,2.22044604925031E-16,
-1.));
#8475=DIRECTION('ref_axis',(-1.,0.,-1.22464679914735E-16));
#8476=DIRECTION('',(5.92118949991092E-16,-1.,-2.86379973747203E-16));
#8477=DIRECTION('',(-0.707106781186544,-0.70710678118655,-3.87358628379606E-8));
#8478=DIRECTION('',(5.1938724758984E-16,-1.,-2.86379977731503E-16));
#8479=DIRECTION('center_axis',(-0.707106781186547,0.707106781186549,7.04136402448285E-17));
#8480=DIRECTION('ref_axis',(-0.707106781186548,-0.707106781186546,-2.43604851491927E-16));
#8481=DIRECTION('',(0.707106781186548,0.707106781186546,3.87358628379608E-8));
#8482=DIRECTION('center_axis',(0.707106781186552,0.707106781186543,2.43604851491926E-16));
#8483=DIRECTION('ref_axis',(-0.707106781186543,0.707106781186552,7.04136402448296E-17));
#8484=DIRECTION('',(0.707106781186543,-0.707106781186552,-7.04136402448296E-17));
#8485=DIRECTION('',(-1.22464679914735E-16,-2.22044604925031E-16,1.));
#8486=DIRECTION('',(-0.707106781186543,0.707106781186552,7.04136402448296E-17));
#8487=DIRECTION('',(-1.22464679914735E-16,-2.22044604925031E-16,1.));
#8488=DIRECTION('center_axis',(-2.71926214689378E-32,1.,2.22044604925031E-16));
#8489=DIRECTION('ref_axis',(-1.,0.,-1.22464679914735E-16));
#8490=DIRECTION('',(1.,0.,1.22464679914735E-16));
#8491=DIRECTION('',(-1.,0.,-1.22464679914735E-16));
#8492=DIRECTION('',(-1.22464679914735E-16,-2.22044604925031E-16,1.));
#8493=DIRECTION('center_axis',(-0.707106781186549,0.707106781186546,7.04136402448277E-17));
#8494=DIRECTION('ref_axis',(-0.707106781186546,-0.707106781186549,-2.43604851491927E-16));
#8495=DIRECTION('',(0.707106781186546,0.707106781186549,2.43604851491927E-16));
#8496=DIRECTION('',(-0.707106781186546,-0.707106781186549,-2.43604851491927E-16));
#8497=DIRECTION('',(-1.22464679914735E-16,-2.22044604925031E-16,1.));
#8498=DIRECTION('center_axis',(-1.,0.,-1.22464679914735E-16));
#8499=DIRECTION('ref_axis',(2.71926214689378E-32,-1.,-2.22044604925031E-16));
#8500=DIRECTION('',(-2.71926214689378E-32,1.,2.22044604925031E-16));
#8501=DIRECTION('',(2.71926214689378E-32,-1.,-2.22044604925031E-16));
#8502=DIRECTION('',(-1.22464679914735E-16,-2.22044604925031E-16,1.));
#8503=DIRECTION('center_axis',(-0.707106781186548,-0.707106781186547,-2.43604851491927E-16));
#8504=DIRECTION('ref_axis',(0.707106781186547,-0.707106781186548,-7.04136402448283E-17));
#8505=DIRECTION('',(-0.707106781186547,0.707106781186548,7.04136402448283E-17));
#8506=DIRECTION('',(0.707106781186547,-0.707106781186548,-7.04136402448283E-17));
#8507=DIRECTION('',(-1.22464679914735E-16,-2.22044604925031E-16,1.));
#8508=DIRECTION('center_axis',(2.71926214689378E-32,-1.,-2.22044604925031E-16));
#8509=DIRECTION('ref_axis',(1.,0.,1.22464679914735E-16));
#8510=DIRECTION('',(-1.,0.,-1.22464679914735E-16));
#8511=DIRECTION('',(1.,0.,1.22464679914735E-16));
#8512=DIRECTION('',(-1.22464679914735E-16,-2.22044604925031E-16,1.));
#8513=DIRECTION('center_axis',(0.707106781186548,-0.707106781186547,-7.04136402448281E-17));
#8514=DIRECTION('ref_axis',(0.707106781186547,0.707106781186548,2.43604851491927E-16));
#8515=DIRECTION('',(-0.707106781186547,-0.707106781186548,-2.43604851491927E-16));
#8516=DIRECTION('',(0.707106781186547,0.707106781186548,2.43604851491927E-16));
#8517=DIRECTION('',(-1.22464679914735E-16,-2.22044604925031E-16,1.));
#8518=DIRECTION('center_axis',(1.,0.,1.22464679914735E-16));
#8519=DIRECTION('ref_axis',(-2.71926214689378E-32,1.,2.22044604925031E-16));
#8520=DIRECTION('',(2.71926214689378E-32,-1.,-2.22044604925031E-16));
#8521=DIRECTION('',(-2.71926214689378E-32,1.,2.22044604925031E-16));
#8522=DIRECTION('center_axis',(-1.22464679914735E-16,-2.22044604925031E-16,
1.));
#8523=DIRECTION('ref_axis',(-1.,0.,-1.22464679914735E-16));
#8524=DIRECTION('center_axis',(1.22464679914735E-16,2.22044604925031E-16,
-1.));
#8525=DIRECTION('ref_axis',(-1.,0.,-1.22464679914735E-16));
#8526=DIRECTION('',(1.22464679914735E-16,2.22044604925031E-16,-1.));
#8527=DIRECTION('center_axis',(-1.22464679914735E-16,-2.22044604925031E-16,
1.));
#8528=DIRECTION('ref_axis',(-1.,0.,-1.22464679914735E-16));
#8529=DIRECTION('center_axis',(-1.22464679914735E-16,-2.22044604925031E-16,
1.));
#8530=DIRECTION('ref_axis',(-1.,0.,-1.22464679914735E-16));
#8531=DIRECTION('center_axis',(1.22464679914735E-16,2.22044604925031E-16,
-1.));
#8532=DIRECTION('ref_axis',(-1.,0.,-1.22464679914735E-16));
#8533=DIRECTION('',(1.22464679914735E-16,2.22044604925031E-16,-1.));
#8534=DIRECTION('center_axis',(-1.22464679914735E-16,-2.22044604925031E-16,
1.));
#8535=DIRECTION('ref_axis',(-1.,0.,-1.22464679914735E-16));
#8536=DIRECTION('center_axis',(-0.707106781186548,-0.707106781186547,-2.43604851491927E-16));
#8537=DIRECTION('ref_axis',(0.707106781186547,-0.707106781186548,-7.04136402448283E-17));
#8538=DIRECTION('',(-0.707106781186547,0.707106781186548,7.04136402448283E-17));
#8539=DIRECTION('',(-1.22464679914735E-16,-2.22044604925031E-16,1.));
#8540=DIRECTION('',(0.707106781186547,-0.707106781186548,-7.04136402448283E-17));
#8541=DIRECTION('',(-1.22464679914735E-16,-2.22044604925031E-16,1.));
#8542=DIRECTION('center_axis',(2.71926214689378E-32,-1.,-2.22044604925031E-16));
#8543=DIRECTION('ref_axis',(1.,0.,1.22464679914735E-16));
#8544=DIRECTION('',(-1.,0.,-1.22464679914735E-16));
#8545=DIRECTION('',(1.,0.,1.22464679914735E-16));
#8546=DIRECTION('',(-1.22464679914735E-16,-2.22044604925031E-16,1.));
#8547=DIRECTION('center_axis',(0.707106781186549,-0.707106781186546,-7.04136402448277E-17));
#8548=DIRECTION('ref_axis',(0.707106781186546,0.707106781186549,2.43604851491927E-16));
#8549=DIRECTION('',(-0.707106781186546,-0.707106781186549,-2.43604851491927E-16));
#8550=DIRECTION('',(0.707106781186546,0.707106781186549,2.43604851491927E-16));
#8551=DIRECTION('',(-1.22464679914735E-16,-2.22044604925031E-16,1.));
#8552=DIRECTION('center_axis',(1.,0.,1.22464679914735E-16));
#8553=DIRECTION('ref_axis',(-2.71926214689378E-32,1.,2.22044604925031E-16));
#8554=DIRECTION('',(2.71926214689378E-32,-1.,-2.22044604925031E-16));
#8555=DIRECTION('',(-2.71926214689378E-32,1.,2.22044604925031E-16));
#8556=DIRECTION('',(-1.22464679914735E-16,-2.22044604925031E-16,1.));
#8557=DIRECTION('center_axis',(0.70710678118655,0.707106781186545,2.43604851491927E-16));
#8558=DIRECTION('ref_axis',(-0.707106781186545,0.70710678118655,7.04136402448291E-17));
#8559=DIRECTION('',(0.707106781186545,-0.70710678118655,-7.04136402448291E-17));
#8560=DIRECTION('',(-0.707106781186545,0.70710678118655,7.04136402448291E-17));
#8561=DIRECTION('',(-1.22464679914735E-16,-2.22044604925031E-16,1.));
#8562=DIRECTION('center_axis',(3.22973970800045E-15,1.,2.22044604925032E-16));
#8563=DIRECTION('ref_axis',(-1.,3.22973970800045E-15,-1.22464679914735E-16));
#8564=DIRECTION('',(1.,-3.22973970800045E-15,1.22464679914735E-16));
#8565=DIRECTION('',(-1.,3.22973970800045E-15,-1.22464679914735E-16));
#8566=DIRECTION('',(-1.22464679914735E-16,-2.22044604925031E-16,1.));
#8567=DIRECTION('center_axis',(-0.70710678118655,0.707106781186545,7.04136402448271E-17));
#8568=DIRECTION('ref_axis',(-0.707106781186545,-0.70710678118655,-2.43604851491927E-16));
#8569=DIRECTION('',(0.707106781186545,0.70710678118655,2.43604851491927E-16));
#8570=DIRECTION('',(-0.707106781186545,-0.70710678118655,-2.43604851491927E-16));
#8571=DIRECTION('',(-1.22464679914735E-16,-2.22044604925031E-16,1.));
#8572=DIRECTION('center_axis',(-1.,-1.77635683940028E-15,-1.22464679914736E-16));
#8573=DIRECTION('ref_axis',(1.77635683940028E-15,-1.,-2.22044604925031E-16));
#8574=DIRECTION('',(-1.77635683940028E-15,1.,2.22044604925031E-16));
#8575=DIRECTION('',(1.77635683940028E-15,-1.,-2.22044604925031E-16));
#8576=DIRECTION('center_axis',(5.64539504259402E-15,1.,2.22044604925032E-16));
#8577=DIRECTION('ref_axis',(-1.,5.64539504259402E-15,-1.22464679914734E-16));
#8578=DIRECTION('',(-1.,5.64539504259402E-15,-1.22464679914734E-16));
#8579=DIRECTION('',(-1.22464679914735E-16,-2.22044604925031E-16,1.));
#8580=DIRECTION('center_axis',(-0.866025403784435,0.500000000000007,4.96477859002691E-18));
#8581=DIRECTION('ref_axis',(-0.500000000000007,-0.866025403784435,-2.53528608595724E-16));
#8582=DIRECTION('',(-0.500000000000007,-0.866025403784435,-2.53528608595724E-16));
#8583=DIRECTION('',(-1.22464679914735E-16,-2.22044604925031E-16,1.));
#8584=DIRECTION('center_axis',(-0.866025403784441,-0.499999999999996,-2.17079826335006E-16));
#8585=DIRECTION('ref_axis',(0.499999999999996,-0.866025403784441,-1.3106392868099E-16));
#8586=DIRECTION('',(0.499999999999996,-0.866025403784441,-1.3106392868099E-16));
#8587=DIRECTION('center_axis',(-1.,1.14449969755754E-15,-1.22464679914735E-16));
#8588=DIRECTION('ref_axis',(-1.14449969755754E-15,-1.,-2.22044604925031E-16));
#8589=DIRECTION('',(-1.14449969755754E-15,-1.,-2.22044604925031E-16));
#8590=DIRECTION('',(-1.14449969755754E-15,-1.,-2.22044604925031E-16));
#8591=DIRECTION('',(-1.22464679914735E-16,-2.22044604925031E-16,1.));
#8592=DIRECTION('center_axis',(-0.707106781186548,0.707106781186547,7.04136402448279E-17));
#8593=DIRECTION('ref_axis',(-0.707106781186547,-0.707106781186548,-2.43604851491927E-16));
#8594=DIRECTION('',(-0.707106781186547,-0.707106781186548,-2.43604851491927E-16));
#8595=DIRECTION('',(-0.707106781186547,-0.707106781186548,-2.43604851491927E-16));
#8596=DIRECTION('center_axis',(0.70710678118655,-0.707106781186545,-7.04136402448272E-17));
#8597=DIRECTION('ref_axis',(0.707106781186545,0.70710678118655,2.43604851491927E-16));
#8598=DIRECTION('',(0.707106781186545,0.70710678118655,2.43604851491927E-16));
#8599=DIRECTION('',(-1.22464679914735E-16,-2.22044604925031E-16,1.));
#8600=DIRECTION('',(0.707106781186545,0.70710678118655,2.43604851491927E-16));
#8601=DIRECTION('center_axis',(-2.63451208781404E-15,-1.,-2.22044604925032E-16));
#8602=DIRECTION('ref_axis',(1.,-2.63451208781404E-15,1.22464679914735E-16));
#8603=DIRECTION('',(1.,-2.63451208781404E-15,1.22464679914735E-16));
#8604=DIRECTION('',(1.,-2.63451208781404E-15,1.22464679914735E-16));
#8605=DIRECTION('',(-1.22464679914735E-16,-2.22044604925031E-16,1.));
#8606=DIRECTION('center_axis',(-0.707106781186551,-0.707106781186545,-2.43604851491927E-16));
#8607=DIRECTION('ref_axis',(0.707106781186545,-0.707106781186551,-7.04136402448292E-17));
#8608=DIRECTION('',(0.707106781186545,-0.707106781186551,-7.04136402448292E-17));
#8609=DIRECTION('',(0.707106781186545,-0.707106781186551,-7.04136402448292E-17));
#8610=DIRECTION('',(-1.22464679914735E-16,-2.22044604925031E-16,1.));
#8611=DIRECTION('center_axis',(0.99912799262997,-0.0417522974602155,1.13087017417015E-16));
#8612=DIRECTION('ref_axis',(0.0417522974602155,0.99912799262997,2.26964162137231E-16));
#8613=DIRECTION('',(-0.0417522974602155,-0.99912799262997,-2.26964162137231E-16));
#8614=DIRECTION('',(0.0417522974602155,0.99912799262997,2.26964162137231E-16));
#8615=DIRECTION('',(5.47807829953373E-8,2.22044604925031E-16,-0.999999999999999));
#8616=DIRECTION('center_axis',(-0.99912799262997,-0.0417522974602128,-1.31628762205547E-16));
#8617=DIRECTION('ref_axis',(0.0417522974602128,-0.99912799262997,-2.16737798648891E-16));
#8618=DIRECTION('',(0.0417522974602128,-0.99912799262997,-2.16737798648891E-16));
#8619=DIRECTION('',(5.47807829953373E-8,2.22044604925031E-16,-0.999999999999999));
#8620=DIRECTION('',(0.0417522974602128,-0.99912799262997,-2.16737798648891E-16));
#8621=DIRECTION('',(-1.22464679914735E-16,-2.22044604925031E-16,1.));
#8622=DIRECTION('center_axis',(0.707106781186549,-0.707106781186546,-7.04136402448276E-17));
#8623=DIRECTION('ref_axis',(0.707106781186546,0.707106781186549,2.43604851491927E-16));
#8624=DIRECTION('',(0.707106781186546,0.707106781186549,2.43604851491927E-16));
#8625=DIRECTION('',(0.707106781186546,0.707106781186549,2.43604851491927E-16));
#8626=DIRECTION('',(-1.22464679914735E-16,-2.22044604925031E-16,1.));
#8627=DIRECTION('center_axis',(2.71926214689378E-32,-1.,-2.22044604925031E-16));
#8628=DIRECTION('ref_axis',(1.,0.,1.22464679914735E-16));
#8629=DIRECTION('',(1.,0.,1.22464679914735E-16));
#8630=DIRECTION('',(1.,0.,1.22464679914735E-16));
#8631=DIRECTION('center_axis',(-0.707106781186548,0.707106781186547,7.04136402448281E-17));
#8632=DIRECTION('ref_axis',(-0.707106781186547,-0.707106781186548,-2.43604851491927E-16));
#8633=DIRECTION('',(-0.707106781186547,-0.707106781186548,-2.43604851491927E-16));
#8634=DIRECTION('',(-1.22464679914735E-16,-2.22044604925031E-16,1.));
#8635=DIRECTION('',(-0.707106781186547,-0.707106781186548,-2.43604851491927E-16));
#8636=DIRECTION('center_axis',(-2.71926214689378E-32,1.,2.22044604925031E-16));
#8637=DIRECTION('ref_axis',(-1.,0.,-1.22464679914735E-16));
#8638=DIRECTION('',(-1.,0.,-1.22464679914735E-16));
#8639=DIRECTION('',(-1.,0.,-1.22464679914735E-16));
#8640=DIRECTION('',(-1.22464679914735E-16,-2.22044604925031E-16,1.));
#8641=DIRECTION('center_axis',(0.707106781186548,0.707106781186547,2.43604851491927E-16));
#8642=DIRECTION('ref_axis',(-0.707106781186547,0.707106781186548,7.04136402448283E-17));
#8643=DIRECTION('',(-0.707106781186547,0.707106781186548,7.04136402448283E-17));
#8644=DIRECTION('',(-0.707106781186547,0.707106781186548,7.04136402448283E-17));
#8645=DIRECTION('',(-1.22464679914735E-16,-2.22044604925031E-16,1.));
#8646=DIRECTION('center_axis',(-0.99912799262997,0.0417522974602134,-1.13087017417016E-16));
#8647=DIRECTION('ref_axis',(-0.0417522974602134,-0.99912799262997,-2.26964162137231E-16));
#8648=DIRECTION('',(-0.0417522974602134,-0.99912799262997,-2.26964162137231E-16));
#8649=DIRECTION('',(-0.0417522974602134,-0.99912799262997,-2.26964162137231E-16));
#8650=DIRECTION('center_axis',(0.99912799262997,0.0417522974602142,1.31628762205547E-16));
#8651=DIRECTION('ref_axis',(-0.0417522974602142,0.99912799262997,2.16737798648891E-16));
#8652=DIRECTION('',(0.0417522974602142,-0.99912799262997,-2.16737798648891E-16));
#8653=DIRECTION('',(5.47807829953373E-8,2.22044604925031E-16,-0.999999999999999));
#8654=DIRECTION('',(-0.0417522974602142,0.99912799262997,2.16737798648891E-16));
#8655=DIRECTION('',(-1.22464679914735E-16,-2.22044604925031E-16,1.));
#8656=DIRECTION('center_axis',(-0.707106781186549,0.707106781186546,7.04136402448278E-17));
#8657=DIRECTION('ref_axis',(-0.707106781186546,-0.707106781186549,-2.43604851491927E-16));
#8658=DIRECTION('',(-0.707106781186546,-0.707106781186549,-2.43604851491927E-16));
#8659=DIRECTION('',(-0.707106781186546,-0.707106781186549,-2.43604851491927E-16));
#8660=DIRECTION('',(-1.22464679914735E-16,-2.22044604925031E-16,1.));
#8661=DIRECTION('center_axis',(-2.71926214689378E-32,1.,2.22044604925031E-16));
#8662=DIRECTION('ref_axis',(-1.,0.,-1.22464679914735E-16));
#8663=DIRECTION('',(-1.,0.,-1.22464679914735E-16));
#8664=DIRECTION('',(-1.,0.,-1.22464679914735E-16));
#8665=DIRECTION('center_axis',(-0.444158277054186,0.895948338312124,1.44546793582833E-16));
#8666=DIRECTION('ref_axis',(-0.895948338312124,-0.444158277054186,-2.08344975624213E-16));
#8667=DIRECTION('',(-0.895948338312124,-0.444158277054186,-2.08344975624213E-16));
#8668=DIRECTION('',(-1.22464679914735E-16,-2.22044604925031E-16,1.));
#8669=DIRECTION('',(0.895948338312124,0.444158277054186,2.08344975624213E-16));
#8670=DIRECTION('center_axis',(-0.707106781186548,-0.707106781186547,-2.43604851491927E-16));
#8671=DIRECTION('ref_axis',(0.707106781186547,-0.707106781186548,-7.04136402448283E-17));
#8672=DIRECTION('',(0.707106781186547,-0.707106781186548,-7.04136402448283E-17));
#8673=DIRECTION('',(0.707106781186547,-0.707106781186548,-7.04136402448283E-17));
#8674=DIRECTION('',(-1.22464679914735E-16,-2.22044604925031E-16,1.));
#8675=DIRECTION('center_axis',(-1.,1.14449969755754E-15,-1.22464679914735E-16));
#8676=DIRECTION('ref_axis',(-1.14449969755754E-15,-1.,-2.22044604925031E-16));
#8677=DIRECTION('',(-1.14449969755754E-15,-1.,-2.22044604925031E-16));
#8678=DIRECTION('',(-1.14449969755754E-15,-1.,-2.22044604925031E-16));
#8679=DIRECTION('center_axis',(1.22464679914735E-16,2.22044604925031E-16,
-1.));
#8680=DIRECTION('ref_axis',(-1.,0.,-1.22464679914735E-16));
#8681=DIRECTION('',(-0.707106781186548,0.707106781186546,-3.87358624329583E-8));
#8682=DIRECTION('',(-3.52434334515766E-24,1.,2.86380006183942E-16));
#8683=DIRECTION('',(0.707106781186546,0.707106781186547,3.87358628379608E-8));
#8684=DIRECTION('',(-3.5243436705376E-24,1.,2.86380006183942E-16));
#8685=DIRECTION('',(-0.707106781186547,0.707106781186547,-3.87358624329583E-8));
#8686=DIRECTION('',(0.707106781186546,0.707106781186548,3.87358628379607E-8));
#8687=DIRECTION('',(1.68371025275992E-15,1.,2.86380098418907E-16));
#8688=DIRECTION('center_axis',(1.22464679914735E-16,2.22044604925031E-16,
-1.));
#8689=DIRECTION('ref_axis',(-1.,0.,-1.22464679914735E-16));
#8690=DIRECTION('',(-0.707106781186547,0.707106781186546,-3.87358624333557E-8));
#8691=DIRECTION('',(1.49578676199794E-15,1.,-8.69211765489141E-17));
#8692=DIRECTION('',(0.707106781186547,0.707106781186547,3.87358628379607E-8));
#8693=DIRECTION('',(0.707106781186547,-0.707106781186547,3.87358624329583E-8));
#8694=DIRECTION('',(0.707106781186547,-0.707106781186547,3.87358624329583E-8));
#8695=DIRECTION('',(-0.999999999999999,4.70838702083847E-16,-5.47807829953373E-8));
#8696=DIRECTION('',(-0.935304308243354,-0.353844388088072,-1.9311098008985E-16));
#8697=DIRECTION('',(-1.3413917068127E-15,1.,2.86379932701456E-16));
#8698=DIRECTION('',(0.935304308243361,-0.353844388088053,3.59725053739449E-17));
#8699=DIRECTION('',(0.999999999999999,-3.76670953152435E-15,5.47807822551886E-8));
#8700=DIRECTION('',(-0.707106781186547,-0.707106781186547,-3.87358628379608E-8));
#8701=DIRECTION('',(-0.707106781186547,-0.707106781186547,-3.87358628379608E-8));
#8702=DIRECTION('',(-0.707106781186546,0.707106781186547,-3.87358623428497E-8));
#8703=DIRECTION('',(1.4957867415582E-15,1.,2.86197544864159E-16));
#8704=DIRECTION('',(0.707106781186547,0.707106781186547,3.87358627332879E-8));
#8705=DIRECTION('',(-2.76147984437138E-23,1.,7.26141064264369E-16));
#8706=DIRECTION('',(-0.999999999999999,1.21637771337165E-23,-5.47807822892881E-8));
#8707=DIRECTION('',(-0.499999999999997,0.86602540378444,-2.73903908966316E-8));
#8708=DIRECTION('',(0.500000000000004,0.866025403784436,2.73903913926567E-8));
#8709=DIRECTION('center_axis',(0.707106781186548,-0.707106781186548,-7.04136402448282E-17));
#8710=DIRECTION('ref_axis',(0.707106781186548,0.707106781186548,2.43604851491927E-16));
#8711=DIRECTION('',(-0.707106781186547,-0.707106781186547,-3.87358628379608E-8));
#8712=DIRECTION('center_axis',(-1.22464679914735E-16,-2.22044604925031E-16,
1.));
#8713=DIRECTION('ref_axis',(-2.71926214689378E-32,1.,2.22044604925031E-16));
#8714=DIRECTION('',(0.707106781186545,0.707106781186548,3.87358628379607E-8));
#8715=DIRECTION('',(0.999999999999999,-1.21637771091106E-23,5.47807822894486E-8));
#8716=DIRECTION('',(0.707106781186547,-0.707106781186547,3.87358625637993E-8));
#8717=DIRECTION('',(-0.707106781186546,-0.707106781186548,-3.87358628379607E-8));
#8718=DIRECTION('',(-1.,0.,-1.22464679914735E-16));
#8719=DIRECTION('',(-0.707106781186547,-0.707106781186548,-2.43604851491927E-16));
#8720=DIRECTION('',(-0.707106781186547,0.707106781186547,-3.87358624329583E-8));
#8721=DIRECTION('center_axis',(-2.71926214689378E-32,1.,2.22044604925031E-16));
#8722=DIRECTION('ref_axis',(-1.,0.,-1.22464679914735E-16));
#8723=DIRECTION('',(-1.,0.,-1.22464679914735E-16));
#8724=DIRECTION('center_axis',(1.22464679914735E-16,2.22044604925031E-16,
-1.));
#8725=DIRECTION('ref_axis',(-1.,0.,-1.22464679914735E-16));
#8726=DIRECTION('',(0.707106781186546,-0.707106781186548,3.87358624329583E-8));
#8727=DIRECTION('',(0.999999999999999,-1.21637771097477E-23,5.47807822892881E-8));
#8728=DIRECTION('',(0.707106781186546,0.707106781186548,3.87358628379607E-8));
#8729=DIRECTION('center_axis',(-1.22464679914735E-16,-2.22044604925031E-16,
1.));
#8730=DIRECTION('ref_axis',(-2.71926214689378E-32,1.,2.22044604925031E-16));
#8731=DIRECTION('',(0.707106781186547,0.707106781186547,3.87358629589645E-8));
#8732=DIRECTION('',(0.999999999999998,-2.75923156037175E-15,5.4780782289288E-8));
#8733=DIRECTION('',(0.707106781186547,-0.707106781186547,3.87358624329583E-8));
#8734=DIRECTION('',(-0.707106781186547,-0.707106781186547,-3.87358628379608E-8));
#8735=DIRECTION('',(-0.707106781186547,-0.707106781186547,-3.87358628379608E-8));
#8736=DIRECTION('',(-1.,0.,-1.22464679914735E-16));
#8737=DIRECTION('',(-0.707106781186544,0.70710678118655,-3.87358624329582E-8));
#8738=DIRECTION('',(-0.707106781186544,0.70710678118655,-3.87358624329582E-8));
#8739=DIRECTION('center_axis',(-2.71926214689378E-32,1.,2.22044604925031E-16));
#8740=DIRECTION('ref_axis',(-1.,0.,-1.22464679914735E-16));
#8741=DIRECTION('',(-1.,0.,-1.22464679914735E-16));
#8742=DIRECTION('center_axis',(1.22464679914735E-16,2.22044604925031E-16,
-1.));
#8743=DIRECTION('ref_axis',(-1.,0.,-1.22464679914735E-16));
#8744=DIRECTION('',(0.999999999999999,-1.21637771090646E-23,5.47807822892881E-8));
#8745=DIRECTION('',(0.707106781186547,0.707106781186547,3.87358628379608E-8));
#8746=DIRECTION('center_axis',(-0.70710678118655,-0.707106781186545,-2.43604851491927E-16));
#8747=DIRECTION('ref_axis',(0.707106781186545,-0.70710678118655,-7.04136402448291E-17));
#8748=DIRECTION('',(-0.707106781186544,0.70710678118655,-3.87358624329582E-8));
#8749=DIRECTION('center_axis',(-0.707106781186548,0.707106781186547,7.0413640244828E-17));
#8750=DIRECTION('ref_axis',(-0.707106781186547,-0.707106781186548,-2.43604851491927E-16));
#8751=DIRECTION('',(0.707106781186547,0.707106781186547,3.87358628379608E-8));
#8752=DIRECTION('center_axis',(0.707106781186548,-0.707106781186547,-7.04136402448279E-17));
#8753=DIRECTION('ref_axis',(0.707106781186547,0.707106781186548,2.43604851491927E-16));
#8754=DIRECTION('',(-0.707106781186546,-0.707106781186548,-3.87358628379607E-8));
#8755=DIRECTION('center_axis',(5.47807822892881E-8,2.86380006183942E-16,
-0.999999999999999));
#8756=DIRECTION('ref_axis',(-0.999999999999998,1.21637771090646E-23,-5.47807822892881E-8));
#8757=DIRECTION('',(0.707106781186547,0.707106781186547,3.87358628379607E-8));
#8758=DIRECTION('',(-5.33779158241538E-23,1.,1.19643587028575E-15));
#8759=DIRECTION('',(-0.707106781186543,0.707106781186551,-3.873586243707E-8));
#8760=DIRECTION('',(-0.999999999999998,4.98369906391353E-15,-5.4780782289288E-8));
#8761=DIRECTION('',(-0.707106781186547,-0.707106781186547,-3.87358628379608E-8));
#8762=DIRECTION('center_axis',(5.47807822892881E-8,2.86380006183942E-16,
-0.999999999999999));
#8763=DIRECTION('ref_axis',(-0.999999999999998,1.21637771090646E-23,-5.47807822892881E-8));
#8764=DIRECTION('',(0.707106781186547,-0.707106781186547,3.87358624329583E-8));
#8765=DIRECTION('',(0.999999999999998,-1.21637771090646E-23,5.4780782289288E-8));
#8766=DIRECTION('',(0.707106781186552,0.707106781186542,3.8735862837961E-8));
#8767=DIRECTION('',(4.63292302249118E-23,1.,-6.23675889391742E-16));
#8768=DIRECTION('',(-0.707106781186546,0.707106781186547,-3.87358623428497E-8));
#8769=DIRECTION('center_axis',(5.47807822892881E-8,2.86380006183942E-16,
-0.999999999999999));
#8770=DIRECTION('ref_axis',(-0.999999999999998,1.21637771090646E-23,-5.47807822892881E-8));
#8771=DIRECTION('',(-0.707106781186547,0.707106781186546,-3.87358624329583E-8));
#8772=DIRECTION('',(-0.999999999999998,5.01812421009154E-16,-5.4780782289288E-8));
#8773=DIRECTION('',(-0.707106781186547,-0.707106781186547,-3.87358627072791E-8));
#8774=DIRECTION('',(-0.499999999999998,0.86602540378444,-2.73903908966316E-8));
#8775=DIRECTION('',(0.500000000000002,0.866025403784437,2.73903913926565E-8));
#8776=DIRECTION('',(0.999999999999999,-2.1170231531365E-15,5.47807822892881E-8));
#8777=DIRECTION('center_axis',(5.47807822892881E-8,2.86380006183942E-16,
-0.999999999999999));
#8778=DIRECTION('ref_axis',(-0.999999999999998,1.21637771090646E-23,-5.47807822892881E-8));
#8779=DIRECTION('',(0.707106781186547,-0.707106781186547,3.87358625637993E-8));
#8780=DIRECTION('',(0.999999999999998,-1.21637769939541E-23,5.47807818873377E-8));
#8781=DIRECTION('',(0.707106781186547,0.707106781186547,3.87358629589645E-8));
#8782=DIRECTION('',(-0.999999999999999,1.21637771337165E-23,-5.47807822892881E-8));
#8783=DIRECTION('',(-0.499999999999997,0.86602540378444,-2.73903908966316E-8));
#8784=DIRECTION('',(0.500000000000002,0.866025403784437,2.73903913926566E-8));
#8785=DIRECTION('center_axis',(5.47807822892881E-8,2.86380006183942E-16,
-0.999999999999999));
#8786=DIRECTION('ref_axis',(-0.999999999999998,1.21637771090646E-23,-5.47807822892881E-8));
#8787=DIRECTION('',(-0.707106781186546,0.707106781186548,-3.87358625376311E-8));
#8788=DIRECTION('',(-0.999999999999998,1.35919066264099E-15,-5.47807813787899E-8));
#8789=DIRECTION('',(-0.707106781186543,-0.707106781186551,-3.87358628420724E-8));
#8790=DIRECTION('',(-4.63292287551915E-23,-1.,6.2367586256262E-16));
#8791=DIRECTION('',(0.707106781186546,-0.707106781186548,3.87358622896037E-8));
#8792=DIRECTION('center_axis',(5.47807822892881E-8,2.86380006183942E-16,
-0.999999999999999));
#8793=DIRECTION('ref_axis',(-0.999999999999998,1.21637771090646E-23,-5.47807822892881E-8));
#8794=DIRECTION('',(-0.707106781186546,-0.707106781186548,-3.87358628379607E-8));
#8795=DIRECTION('',(-3.62450839774832E-15,-1.,-2.86380204865239E-16));
#8796=DIRECTION('',(0.707106781186546,-0.707106781186548,3.87358624329582E-8));
#8797=DIRECTION('',(0.999999999999998,-1.21637771090646E-23,5.47807822892881E-8));
#8798=DIRECTION('',(0.707106781186545,0.707106781186548,3.87358628379607E-8));
#8799=DIRECTION('center_axis',(2.71926214689378E-32,-1.,-2.22044604925031E-16));
#8800=DIRECTION('ref_axis',(1.,0.,1.22464679914735E-16));
#8801=DIRECTION('',(-1.22464679914735E-16,-2.22044604925031E-16,1.));
#8802=DIRECTION('center_axis',(-0.86602540378444,-0.499999999999998,-2.17079826335006E-16));
#8803=DIRECTION('ref_axis',(0.499999999999998,-0.86602540378444,-1.31063928680989E-16));
#8804=DIRECTION('',(-1.22464679914735E-16,-2.22044604925031E-16,1.));
#8805=DIRECTION('center_axis',(-0.866025403784436,0.500000000000004,4.96477859002621E-18));
#8806=DIRECTION('ref_axis',(-0.500000000000004,-0.866025403784436,-2.53528608595724E-16));
#8807=DIRECTION('center_axis',(-0.866025403784442,0.499999999999993,4.964778590023E-18));
#8808=DIRECTION('ref_axis',(-0.499999999999993,-0.866025403784442,-2.53528608595724E-16));
#8809=DIRECTION('',(-1.22464679914735E-16,-2.22044604925031E-16,1.));
#8810=DIRECTION('',(0.499999999999993,0.866025403784442,2.73903913926561E-8));
#8811=DIRECTION('center_axis',(-5.64539504259395E-15,1.,2.22044604925031E-16));
#8812=DIRECTION('ref_axis',(-1.,-5.64539504259395E-15,-1.22464679914737E-16));
#8813=DIRECTION('',(-1.22464679914735E-16,-2.22044604925031E-16,1.));
#8814=DIRECTION('',(0.999999999999999,5.64539503043017E-15,5.47807822892881E-8));
#8815=DIRECTION('center_axis',(0.866025403784436,0.500000000000004,2.17079826335007E-16));
#8816=DIRECTION('ref_axis',(-0.500000000000004,0.866025403784436,1.31063928680988E-16));
#8817=DIRECTION('',(0.500000000000004,-0.866025403784436,2.73903908966319E-8));
#8818=DIRECTION('center_axis',(-0.86602540378444,-0.499999999999998,-2.17079826335006E-16));
#8819=DIRECTION('ref_axis',(0.499999999999998,-0.86602540378444,-1.31063928680989E-16));
#8820=DIRECTION('',(-1.22464679914735E-16,-2.22044604925031E-16,1.));
#8821=DIRECTION('center_axis',(-0.866025403784437,0.500000000000002,4.96477859002553E-18));
#8822=DIRECTION('ref_axis',(-0.500000000000002,-0.866025403784437,-2.53528608595724E-16));
#8823=DIRECTION('',(-1.22464679914735E-16,-2.22044604925031E-16,1.));
#8824=DIRECTION('center_axis',(2.11702314097273E-15,1.,2.22044604925032E-16));
#8825=DIRECTION('ref_axis',(-1.,2.11702314097273E-15,-1.22464679914735E-16));
#8826=DIRECTION('center_axis',(2.71926214689378E-32,-1.,-2.22044604925031E-16));
#8827=DIRECTION('ref_axis',(1.,0.,1.22464679914735E-16));
#8828=DIRECTION('',(-1.22464679914735E-16,-2.22044604925031E-16,1.));
#8829=DIRECTION('center_axis',(-0.86602540378444,-0.499999999999998,-2.17079826335006E-16));
#8830=DIRECTION('ref_axis',(0.499999999999998,-0.86602540378444,-1.31063928680989E-16));
#8831=DIRECTION('',(-1.22464679914735E-16,-2.22044604925031E-16,1.));
#8832=DIRECTION('center_axis',(-0.866025403784437,0.500000000000003,4.96477859002568E-18));
#8833=DIRECTION('ref_axis',(-0.500000000000002,-0.866025403784437,-2.53528608595724E-16));
#8834=DIRECTION('center_axis',(0.500000038735872,0.500000000000005,-0.707106753796145));
#8835=DIRECTION('ref_axis',(-0.707106753796154,0.70710680857694,7.04136496810727E-17));
#8836=DIRECTION('',(0.281084600540649,0.678598344545849,0.678598359943889));
#8837=DIRECTION('',(0.707106781186543,-0.707106781186551,3.87358624329581E-8));
#8838=DIRECTION('',(0.678598307371698,0.281084637714804,0.678598381720001));
#8839=DIRECTION('center_axis',(3.87358609963853E-8,0.707106781186551,-0.707106781186543));
#8840=DIRECTION('ref_axis',(-0.999999999999998,5.4780779848822E-8,-1.22464667750959E-16));
#8841=DIRECTION('',(-0.281084674888983,0.678598344545842,0.678598329147809));
#8842=DIRECTION('',(0.999999999999999,2.31800078941583E-15,5.47807822892881E-8));
#8843=DIRECTION('center_axis',(-0.49999996126413,0.499999999999993,-0.707106808576948));
#8844=DIRECTION('ref_axis',(-0.707106808576939,-0.707106753796155,-2.43604848764393E-16));
#8845=DIRECTION('',(-0.281084674888981,0.678598344545848,0.678598329147803));
#8846=DIRECTION('',(0.707106781186546,0.707106781186548,3.87358628379607E-8));
#8847=DIRECTION('center_axis',(3.87358607323591E-8,0.707106781186542,-0.707106781186552));
#8848=DIRECTION('ref_axis',(-0.999999999999999,5.47807794754333E-8,-1.22464667750959E-16));
#8849=DIRECTION('',(0.281084600540665,0.678598344545853,0.67859835994388));
#8850=DIRECTION('',(0.999999999999999,2.69139089935118E-15,5.47807822892881E-8));
#8851=DIRECTION('center_axis',(0.500000038735862,0.500000000000001,-0.707106753796155));
#8852=DIRECTION('ref_axis',(-0.707106753796158,0.707106808576936,7.04136496810714E-17));
#8853=DIRECTION('',(0.281084600540665,0.678598344545851,0.678598359943881));
#8854=DIRECTION('',(0.707106781186547,-0.707106781186547,3.87358624329583E-8));
#8855=DIRECTION('center_axis',(3.87358627693709E-8,0.707106781186545,-0.707106781186549));
#8856=DIRECTION('ref_axis',(-0.999999999999999,5.47807823562028E-8,-1.22464667750958E-16));
#8857=DIRECTION('',(-0.281084674888974,0.67859834454585,0.678598329147804));
#8858=DIRECTION('',(0.999999999999999,-1.89379113346118E-16,5.47807822892881E-8));
#8859=DIRECTION('center_axis',(-0.499999961264136,0.5,-0.707106808576939));
#8860=DIRECTION('ref_axis',(-0.70710680857694,-0.707106753796154,-2.43604848764393E-16));
#8861=DIRECTION('',(-0.281084674888974,0.678598344545846,0.678598329147808));
#8862=DIRECTION('',(0.707106781186547,0.707106781186547,3.87358628379608E-8));
#8863=DIRECTION('center_axis',(3.87358620296459E-8,0.707106781186547,-0.707106781186547));
#8864=DIRECTION('ref_axis',(-0.999999999999998,5.47807813100736E-8,-1.22464667750958E-16));
#8865=DIRECTION('',(0.28108460054067,0.678598344545851,0.678598359943879));
#8866=DIRECTION('',(0.999999999999999,8.56749823142621E-16,5.47807822892881E-8));
#8867=DIRECTION('center_axis',(0.50000003873586,0.499999999999998,-0.707106753796158));
#8868=DIRECTION('ref_axis',(-0.707106753796158,0.707106808576937,7.04136496810716E-17));
#8869=DIRECTION('',(0.281084600540687,0.678598344545843,0.67859835994388));
#8870=DIRECTION('',(0.707106781186546,-0.707106781186547,3.87358624329583E-8));
#8871=DIRECTION('center_axis',(3.87358623832941E-8,0.70710678118655,-0.707106781186544));
#8872=DIRECTION('ref_axis',(-0.999999999999998,5.47807818102075E-8,-1.22464667750958E-16));
#8873=DIRECTION('',(-0.281084674888941,0.67859834454585,0.678598329147817));
#8874=DIRECTION('',(0.999999999999999,3.56615495771552E-16,5.47807822892881E-8));
#8875=DIRECTION('center_axis',(-0.499999961264144,0.500000000000008,-0.707106808576927));
#8876=DIRECTION('ref_axis',(-0.70710680857694,-0.707106753796154,-2.43604848764393E-16));
#8877=DIRECTION('',(-0.67859838171999,0.28108463771481,0.678598307371706));
#8878=DIRECTION('',(0.707106781186546,0.707106781186547,3.87358628379608E-8));
#8879=DIRECTION('center_axis',(-0.70710674245069,2.21982320446886E-15,-0.707106819922403));
#8880=DIRECTION('ref_axis',(-2.9172596245513E-15,-1.,-2.22044604925032E-16));
#8881=DIRECTION('',(-0.678598381719992,-0.281084637714811,0.678598307371704));
#8882=DIRECTION('',(2.85292405995827E-15,1.,2.86380162469355E-16));
#8883=DIRECTION('center_axis',(-0.49999996126414,-0.500000000000003,-0.707106808576933));
#8884=DIRECTION('ref_axis',(0.70710680857694,-0.707106753796155,-7.04136308085836E-17));
#8885=DIRECTION('',(-0.678598381719987,-0.281084637714824,0.678598307371703));
#8886=DIRECTION('',(-0.707106781186546,0.707106781186548,-3.87358624329583E-8));
#8887=DIRECTION('center_axis',(-0.70710674245069,-1.6476098937051E-16,-0.707106819922403));
#8888=DIRECTION('ref_axis',(4.55051867734685E-16,-1.,-2.22044604925031E-16));
#8889=DIRECTION('',(-0.67859838171999,0.281084637714818,0.678598307371703));
#8890=DIRECTION('',(-5.1938724758984E-16,1.,2.86379977731503E-16));
#8891=DIRECTION('center_axis',(-0.499999961264143,0.500000000000003,-0.707106808576931));
#8892=DIRECTION('ref_axis',(-0.707106808576937,-0.707106753796157,-2.43604848764394E-16));
#8893=DIRECTION('',(-0.678598381719996,0.281084637714806,0.678598307371702));
#8894=DIRECTION('',(0.707106781186544,0.70710678118655,3.87358628379606E-8));
#8895=DIRECTION('center_axis',(-0.707106742450685,-2.16190069345674E-16,
-0.707106819922408));
#8896=DIRECTION('ref_axis',(5.27783574120236E-16,-1.,-2.22044604925031E-16));
#8897=DIRECTION('',(-0.678598381719991,0.281084637714834,0.678598307371695));
#8898=DIRECTION('',(-5.92118949991092E-16,1.,2.86379973747203E-16));
#8899=DIRECTION('center_axis',(-0.499999961264134,0.499999999999997,-0.707106808576942));
#8900=DIRECTION('ref_axis',(-0.707106808576939,-0.707106753796155,-2.43604848764393E-16));
#8901=DIRECTION('',(-0.678598381719994,0.281084637714821,0.678598307371698));
#8902=DIRECTION('',(0.707106781186546,0.707106781186548,3.87358628379607E-8));
#8903=DIRECTION('center_axis',(-0.707106742450681,-2.32659246253686E-15,
-0.707106819922412));
#8904=DIRECTION('ref_axis',(3.51234342413239E-15,-1.,-2.22044604925031E-16));
#8905=DIRECTION('',(-0.678598381720001,-0.281084637714788,0.678598307371705));
#8906=DIRECTION('',(-3.57667863650672E-15,1.,2.86379810250689E-16));
#8907=DIRECTION('center_axis',(-0.49999996126415,-0.500000000000009,-0.707106808576921));
#8908=DIRECTION('ref_axis',(0.707106808576937,-0.707106753796157,-7.04136308085846E-17));
#8909=DIRECTION('',(-0.678598381720001,-0.281084637714788,0.678598307371705));
#8910=DIRECTION('',(-0.707106781186543,0.707106781186551,-3.87358624329581E-8));
#8911=DIRECTION('center_axis',(-0.707106742450684,-4.25535730503511E-16,
-0.707106819922409));
#8912=DIRECTION('ref_axis',(8.23843063571984E-16,-1.,-2.22044604925031E-16));
#8913=DIRECTION('',(-0.67859838172,-0.281084637714809,0.678598307371697));
#8914=DIRECTION('',(-8.88178423224469E-16,1.,2.86379957528834E-16));
#8915=DIRECTION('center_axis',(-0.49999996126414,-0.5,-0.707106808576936));
#8916=DIRECTION('ref_axis',(0.707106808576937,-0.707106753796157,-7.04136308085843E-17));
#8917=DIRECTION('',(-0.678598381719993,-0.28108463771482,0.678598307371699));
#8918=DIRECTION('',(-0.707106781186544,0.70710678118655,-3.87358624329581E-8));
#8919=DIRECTION('center_axis',(-0.707106742450689,4.24238591871556E-15,
-0.707106819922404));
#8920=DIRECTION('ref_axis',(-5.77759540248054E-15,-1.,-2.22044604925032E-16));
#8921=DIRECTION('',(-0.678598381719995,0.281084637714811,0.678598307371701));
#8922=DIRECTION('',(5.71325968119608E-15,1.,2.86380319160777E-16));
#8923=DIRECTION('center_axis',(-0.499999961264138,0.5,-0.707106808576936));
#8924=DIRECTION('ref_axis',(-0.707106808576939,-0.707106753796156,-2.43604848764394E-16));
#8925=DIRECTION('',(-0.678598381719987,0.281084637714834,0.678598307371699));
#8926=DIRECTION('',(0.707106781186545,0.707106781186549,3.87358628379607E-8));
#8927=DIRECTION('center_axis',(-0.70710674245069,-8.06159722779455E-16,
-0.707106819922403));
#8928=DIRECTION('ref_axis',(1.3621267051008E-15,-1.,-2.22044604925031E-16));
#8929=DIRECTION('',(-1.42646203526568E-15,1.,2.86379928041236E-16));
#8930=DIRECTION('',(-0.67859838171998,-0.281084637714837,0.678598307371705));
#8931=DIRECTION('center_axis',(-0.499999961264138,-0.5,-0.707106808576937));
#8932=DIRECTION('ref_axis',(0.707106808576939,-0.707106753796155,-7.04136308085838E-17));
#8933=DIRECTION('',(-0.707106781186546,0.707106781186548,-3.87358624329582E-8));
#8934=DIRECTION('',(-0.281084674888947,-0.678598344545858,0.678598329147807));
#8935=DIRECTION('center_axis',(3.87358626354597E-8,-0.707106781186543,-0.707106781186551));
#8936=DIRECTION('ref_axis',(0.999999999999998,5.47807821668239E-8,1.22464692078512E-16));
#8937=DIRECTION('',(-0.999999999999999,1.21637771090646E-23,-5.47807822892881E-8));
#8938=DIRECTION('',(0.281084600540664,-0.678598344545854,0.678598359943878));
#8939=DIRECTION('center_axis',(0.500000038735862,-0.499999999999999,-0.707106753796157));
#8940=DIRECTION('ref_axis',(0.707106753796157,0.707106808576937,2.4360485421946E-16));
#8941=DIRECTION('',(-0.707106781186546,-0.707106781186548,-3.87358628379607E-8));
#8942=DIRECTION('',(0.281084600540673,-0.678598344545846,0.678598359943882));
#8943=DIRECTION('center_axis',(3.87358626354595E-8,-0.707106781186548,-0.707106781186546));
#8944=DIRECTION('ref_axis',(0.999999999999998,5.47807821668232E-8,1.22464692078512E-16));
#8945=DIRECTION('',(-0.999999999999999,1.21637771097477E-23,-5.47807822892881E-8));
#8946=DIRECTION('',(-0.281084674888968,-0.678598344545845,0.678598329147812));
#8947=DIRECTION('center_axis',(-0.499999961264141,-0.500000000000003,-0.707106808576932));
#8948=DIRECTION('ref_axis',(0.707106808576939,-0.707106753796155,-7.04136308085837E-17));
#8949=DIRECTION('',(-0.707106781186546,0.707106781186548,-3.87358624329582E-8));
#8950=DIRECTION('',(-0.281084674888955,-0.678598344545855,0.678598329147807));
#8951=DIRECTION('center_axis',(3.87358626354598E-8,-0.707106781186542,-0.707106781186552));
#8952=DIRECTION('ref_axis',(0.999999999999998,5.47807821668242E-8,1.22464692078512E-16));
#8953=DIRECTION('',(-0.999999999999999,1.21637770828451E-23,-5.47807822892881E-8));
#8954=DIRECTION('',(0.281084600540659,-0.678598344545856,0.678598359943879));
#8955=DIRECTION('center_axis',(0.500000038735862,-0.500000000000001,-0.707106753796155));
#8956=DIRECTION('ref_axis',(0.707106753796159,0.707106808576936,2.43604854219459E-16));
#8957=DIRECTION('',(-0.707106781186547,-0.707106781186547,-3.87358628379608E-8));
#8958=DIRECTION('',(0.281084600540683,-0.678598344545844,0.67859835994388));
#8959=DIRECTION('center_axis',(3.87358626354593E-8,-0.707106781186551,-0.707106781186543));
#8960=DIRECTION('ref_axis',(0.999999999999998,5.47807821668227E-8,1.22464692078512E-16));
#8961=DIRECTION('',(-0.999999999999999,1.21637771090646E-23,-5.47807822892881E-8));
#8962=DIRECTION('',(-0.281084674888994,-0.678598344545843,0.678598329147803));
#8963=DIRECTION('center_axis',(-0.499999961264133,-0.499999999999999,-0.707106808576941));
#8964=DIRECTION('ref_axis',(0.707106808576942,-0.707106753796152,-7.04136308085828E-17));
#8965=DIRECTION('',(-0.707106781186548,0.707106781186546,-3.87358624329584E-8));
#8966=DIRECTION('',(-0.28108467488897,-0.678598344545855,0.678598329147801));
#8967=DIRECTION('center_axis',(3.87358626354598E-8,-0.707106781186542,-0.707106781186552));
#8968=DIRECTION('ref_axis',(0.999999999999998,5.47807821668242E-8,1.22464692078512E-16));
#8969=DIRECTION('',(-0.999999999999999,1.21637771090646E-23,-5.47807822892881E-8));
#8970=DIRECTION('',(0.281084600540636,-0.67859834454586,0.678598359943884));
#8971=DIRECTION('center_axis',(0.500000038735872,-0.50000000000001,-0.707106753796142));
#8972=DIRECTION('ref_axis',(0.707106753796158,0.707106808576936,2.4360485421946E-16));
#8973=DIRECTION('',(-0.707106781186546,-0.707106781186547,-3.87358628379608E-8));
#8974=DIRECTION('',(0.6785983073717,-0.281084637714811,0.678598381719996));
#8975=DIRECTION('center_axis',(0.707106819922412,-1.81482071573102E-15,
-0.707106742450681));
#8976=DIRECTION('ref_axis',(2.78858850946264E-15,1.,2.22044604925032E-16));
#8977=DIRECTION('',(-2.85292405995826E-15,-1.,-2.86380162469355E-16));
#8978=DIRECTION('',(0.678598307371697,0.281084637714809,0.67859838172));
#8979=DIRECTION('center_axis',(0.500000038735863,0.500000000000002,-0.707106753796153));
#8980=DIRECTION('ref_axis',(-0.707106753796158,0.707106808576936,7.04136496810715E-17));
#8981=DIRECTION('',(0.707106781186547,-0.707106781186547,3.87358624329583E-8));
#8982=DIRECTION('',(0.678598307371707,0.281084637714797,0.678598381719995));
#8983=DIRECTION('center_axis',(0.707106819922406,2.02501235767823E-16,-0.707106742450687));
#8984=DIRECTION('ref_axis',(-6.43353977345687E-17,1.,2.22044604925031E-16));
#8985=DIRECTION('',(3.5243436705376E-24,-1.,-2.86380006183942E-16));
#8986=DIRECTION('',(0.678598307371708,-0.281084637714809,0.678598381719989));
#8987=DIRECTION('center_axis',(0.50000003873586,-0.499999999999998,-0.707106753796158));
#8988=DIRECTION('ref_axis',(0.707106753796158,0.707106808576936,2.4360485421946E-16));
#8989=DIRECTION('',(-0.707106781186546,-0.707106781186547,-3.87358628379608E-8));
#8990=DIRECTION('',(0.678598307371701,-0.281084637714812,0.678598381719995));
#8991=DIRECTION('center_axis',(0.707106819922409,2.02501235767822E-16,-0.707106742450684));
#8992=DIRECTION('ref_axis',(-6.43353977345678E-17,1.,2.22044604925031E-16));
#8993=DIRECTION('',(3.52434334515766E-24,-1.,-2.86380006183942E-16));
#8994=DIRECTION('',(0.678598307371698,0.281084637714822,0.678598381719994));
#8995=DIRECTION('center_axis',(0.500000038735863,0.500000000000002,-0.707106753796153));
#8996=DIRECTION('ref_axis',(-0.707106753796159,0.707106808576935,7.04136496810712E-17));
#8997=DIRECTION('',(0.707106781186548,-0.707106781186546,3.87358624329583E-8));
#8998=DIRECTION('',(0.678598307371698,0.281084637714822,0.678598381719994));
#8999=DIRECTION('center_axis',(0.707106819922409,-9.88061704004126E-16,
-0.707106742450684));
#9000=DIRECTION('ref_axis',(1.61937476631475E-15,1.,2.22044604925031E-16));
#9001=DIRECTION('',(-1.68371025275992E-15,-1.,-2.86380098418907E-16));
#9002=DIRECTION('',(0.678598307371698,-0.281084637714828,0.678598381719991));
#9003=DIRECTION('center_axis',(0.50000003873586,-0.499999999999998,-0.707106753796158));
#9004=DIRECTION('ref_axis',(0.707106753796158,0.707106808576937,2.4360485421946E-16));
#9005=DIRECTION('',(-0.707106781186546,-0.707106781186548,-3.87358628379607E-8));
#9006=DIRECTION('',(0.678598307371698,-0.281084637714833,0.678598381719989));
#9007=DIRECTION('center_axis',(0.707106819922412,2.0250123576782E-16,-0.707106742450681));
#9008=DIRECTION('ref_axis',(-6.43353977345669E-17,1.,2.22044604925031E-16));
#9009=DIRECTION('',(3.52434302550281E-24,-1.,-2.86380006183942E-16));
#9010=DIRECTION('center_axis',(-0.999999999999999,-1.42646201957757E-15,
-5.47807829953373E-8));
#9011=DIRECTION('ref_axis',(1.42646203526568E-15,-1.,-2.86379928041237E-16));
#9012=DIRECTION('',(5.47807829953373E-8,2.22044604925031E-16,-0.999999999999999));
#9013=DIRECTION('',(1.42646203526569E-15,-1.,-2.86379928041237E-16));
#9014=DIRECTION('',(5.47807829953373E-8,2.22044604925031E-16,-0.999999999999999));
#9015=DIRECTION('center_axis',(-0.707106781186547,-0.707106781186547,-3.8735863291721E-8));
#9016=DIRECTION('ref_axis',(0.707106781186546,-0.707106781186548,3.87358624329582E-8));
#9017=DIRECTION('',(5.47807829953373E-8,2.22044604925031E-16,-0.999999999999999));
#9018=DIRECTION('',(0.707106781186546,-0.707106781186548,3.87358624329582E-8));
#9019=DIRECTION('center_axis',(5.18445215378027E-32,-1.,-2.22044604925031E-16));
#9020=DIRECTION('ref_axis',(0.999999999999999,-1.21637771090646E-23,5.47807822892881E-8));
#9021=DIRECTION('',(-5.47807829953373E-8,-2.22044604925031E-16,0.999999999999999));
#9022=DIRECTION('',(0.999999999999999,-1.21637771090646E-23,5.47807822892881E-8));
#9023=DIRECTION('center_axis',(0.707106781186547,-0.707106781186547,3.87358629777025E-8));
#9024=DIRECTION('ref_axis',(0.707106781186546,0.707106781186548,3.87358628379654E-8));
#9025=DIRECTION('',(5.47807829953373E-8,2.22044604925031E-16,-0.999999999999999));
#9026=DIRECTION('',(0.707106781186546,0.707106781186548,3.87358628379654E-8));
#9027=DIRECTION('center_axis',(5.11614659736613E-32,-1.,-2.22044604925031E-16));
#9028=DIRECTION('ref_axis',(0.999999999999999,-1.21637771121051E-23,5.47807822999052E-8));
#9029=DIRECTION('',(5.47807829953373E-8,2.22044604925031E-16,-0.999999999999999));
#9030=DIRECTION('',(0.999999999999999,-1.21637771121051E-23,5.47807822999052E-8));
#9031=DIRECTION('center_axis',(-0.707106781186547,-0.707106781186547,-3.8735863291721E-8));
#9032=DIRECTION('ref_axis',(0.707106781186546,-0.707106781186548,3.87358625637993E-8));
#9033=DIRECTION('',(5.47807829953373E-8,2.22044604925031E-16,-0.999999999999999));
#9034=DIRECTION('',(0.707106781186546,-0.707106781186548,3.87358625637993E-8));
#9035=DIRECTION('center_axis',(7.80640225864817E-32,-1.,-2.22044604925031E-16));
#9036=DIRECTION('ref_axis',(0.999999999999999,-1.21637769923522E-23,5.47807818817442E-8));
#9037=DIRECTION('',(5.47807829953373E-8,2.22044604925031E-16,-0.999999999999999));
#9038=DIRECTION('',(0.999999999999999,-1.21637769923522E-23,5.47807818817442E-8));
#9039=DIRECTION('center_axis',(0.707106781186546,-0.707106781186548,3.87358629777024E-8));
#9040=DIRECTION('ref_axis',(0.707106781186547,0.707106781186547,3.87358629725996E-8));
#9041=DIRECTION('',(5.47807829953373E-8,2.22044604925031E-16,-0.999999999999999));
#9042=DIRECTION('',(0.707106781186547,0.707106781186547,3.87358629725997E-8));
#9043=DIRECTION('center_axis',(5.18445255627942E-32,-1.,-2.22044604925031E-16));
#9044=DIRECTION('ref_axis',(0.999999999999999,-1.21637771090646E-23,5.4780782289288E-8));
#9045=DIRECTION('',(5.47807829953373E-8,2.22044604925031E-16,-0.999999999999999));
#9046=DIRECTION('',(0.999999999999999,-1.21637771090646E-23,5.4780782289288E-8));
#9047=DIRECTION('center_axis',(-0.707106781186545,-0.70710678118655,-3.87358632917209E-8));
#9048=DIRECTION('ref_axis',(0.707106781186548,-0.707106781186546,3.87358624329584E-8));
#9049=DIRECTION('',(5.47807829953373E-8,2.22044604925031E-16,-0.999999999999999));
#9050=DIRECTION('',(0.707106781186548,-0.707106781186545,3.87358624329584E-8));
#9051=DIRECTION('center_axis',(5.18445247322568E-32,-1.,-2.22044604925031E-16));
#9052=DIRECTION('ref_axis',(0.999999999999999,-1.21637771090646E-23,5.4780782289288E-8));
#9053=DIRECTION('',(5.47807829953373E-8,2.22044604925031E-16,-0.999999999999999));
#9054=DIRECTION('',(0.999999999999999,-1.21637771090646E-23,5.47807822892881E-8));
#9055=DIRECTION('center_axis',(0.707106781186546,-0.707106781186548,3.87358629777025E-8));
#9056=DIRECTION('ref_axis',(0.707106781186546,0.707106781186547,3.87358628379607E-8));
#9057=DIRECTION('',(5.47807829953373E-8,2.22044604925031E-16,-0.999999999999999));
#9058=DIRECTION('',(0.707106781186546,0.707106781186547,3.87358628379607E-8));
#9059=DIRECTION('center_axis',(0.999999999999999,-2.85292407564638E-15,
5.47807829953373E-8));
#9060=DIRECTION('ref_axis',(2.8529241093196E-15,1.,-6.14690300059385E-16));
#9061=DIRECTION('',(5.47807829953373E-8,2.22044604925031E-16,-0.999999999999999));
#9062=DIRECTION('',(2.8529241093196E-15,1.,-6.14690300059386E-16));
#9063=DIRECTION('center_axis',(0.707106781186546,0.707106781186548,3.8735863291721E-8));
#9064=DIRECTION('ref_axis',(-0.707106781186547,0.707106781186547,-3.87358623196144E-8));
#9065=DIRECTION('',(5.47807829953373E-8,2.22044604925031E-16,-0.999999999999999));
#9066=DIRECTION('',(-0.707106781186547,0.707106781186547,-3.87358623196144E-8));
#9067=DIRECTION('center_axis',(0.999999999999999,-1.21637773024283E-23,
5.47807829953373E-8));
#9068=DIRECTION('ref_axis',(-2.83888222129315E-24,1.,2.7386719764481E-16));
#9069=DIRECTION('',(5.47807829953373E-8,2.22044604925031E-16,-0.999999999999999));
#9070=DIRECTION('',(-2.83888222129315E-24,1.,2.7386719764481E-16));
#9071=DIRECTION('center_axis',(0.707106781186546,-0.707106781186548,3.87358629777025E-8));
#9072=DIRECTION('ref_axis',(0.707106781186546,0.707106781186547,3.87358627332879E-8));
#9073=DIRECTION('',(5.47807829953373E-8,2.22044604925031E-16,-0.999999999999999));
#9074=DIRECTION('',(0.707106781186547,0.707106781186547,3.87358627332879E-8));
#9075=DIRECTION('center_axis',(0.999999999999999,-1.21637776278083E-23,
5.47807829953373E-8));
#9076=DIRECTION('ref_axis',(-2.80843834926345E-23,1.,7.34713140625765E-16));
#9077=DIRECTION('',(5.47807829953373E-8,2.22044604925031E-16,-0.999999999999999));
#9078=DIRECTION('',(-2.80843834926345E-23,1.,7.34713140625765E-16));
#9079=DIRECTION('center_axis',(0.707106781186545,0.707106781186549,3.87358632917209E-8));
#9080=DIRECTION('ref_axis',(-0.707106781186548,0.707106781186546,-3.87358624572003E-8));
#9081=DIRECTION('',(5.47807829953373E-8,2.22044604925031E-16,-0.999999999999999));
#9082=DIRECTION('',(-0.707106781186548,0.707106781186546,-3.87358624572003E-8));
#9083=DIRECTION('center_axis',(0.999999999999999,-1.68371026844805E-15,
5.47807829953373E-8));
#9084=DIRECTION('ref_axis',(1.68371027338692E-15,1.,-9.01569949301883E-17));
#9085=DIRECTION('',(5.47807829953373E-8,2.22044604925031E-16,-0.999999999999999));
#9086=DIRECTION('',(1.68371027338692E-15,1.,-9.01569949301883E-17));
#9087=DIRECTION('center_axis',(0.707106781186547,-0.707106781186547,3.87358629777025E-8));
#9088=DIRECTION('ref_axis',(0.707106781186546,0.707106781186548,3.87358628379607E-8));
#9089=DIRECTION('',(5.47807829953373E-8,2.22044604925031E-16,-0.999999999999999));
#9090=DIRECTION('',(0.707106781186546,0.707106781186548,3.87358628379607E-8));
#9091=DIRECTION('center_axis',(0.999999999999999,-1.21637779474631E-23,
5.47807829953373E-8));
#9092=DIRECTION('ref_axis',(-5.28856869666216E-23,1.,1.18745044077996E-15));
#9093=DIRECTION('',(5.47807829953373E-8,2.22044604925031E-16,-0.999999999999999));
#9094=DIRECTION('',(-5.28856869666216E-23,1.,1.18745044077996E-15));
#9095=DIRECTION('center_axis',(0.70710678118655,0.707106781186544,3.87358632917211E-8));
#9096=DIRECTION('ref_axis',(-0.707106781186543,0.707106781186551,-3.87358626284867E-8));
#9097=DIRECTION('',(5.47807829953373E-8,2.22044604925031E-16,-0.999999999999999));
#9098=DIRECTION('',(-0.707106781186543,0.707106781186551,-3.87358626284868E-8));
#9099=DIRECTION('center_axis',(1.14985497156921E-15,-1.,-2.22044604925031E-16));
#9100=DIRECTION('ref_axis',(0.707106781186548,1.57009245868377E-16,-0.707106781186547));
#9101=DIRECTION('center_axis',(2.71926214689378E-32,-1.,-2.22044604925031E-16));
#9102=DIRECTION('ref_axis',(0.707106781186548,1.57009245868377E-16,-0.707106781186547));
#9103=DIRECTION('',(1.14985497156921E-15,-1.,-2.22044604925031E-16));
#9104=DIRECTION('center_axis',(-1.07212619332357E-13,1.,-4.41868763800812E-14));
#9105=DIRECTION('ref_axis',(-1.22464679914735E-16,4.41868763800812E-14,
1.));
#9106=DIRECTION('',(-1.14985497156921E-15,1.,2.22044604925031E-16));
#9107=DIRECTION('center_axis',(1.14985503455917E-15,-1.,-2.22044541935072E-16));
#9108=DIRECTION('ref_axis',(0.707106781186542,1.57009245868379E-16,-0.707106781186553));
#9109=DIRECTION('center_axis',(-0.707106781186546,0.707106781186548,-3.87358629777025E-8));
#9110=DIRECTION('ref_axis',(0.707106781186546,0.707106781186547,3.87358633448747E-8));
#9111=DIRECTION('',(-1.14985503455917E-15,1.,2.22044541935072E-16));
#9112=DIRECTION('center_axis',(-1.14985503455917E-15,1.,2.22044541935072E-16));
#9113=DIRECTION('ref_axis',(-5.47807800347425E-8,-2.22044604925031E-16,
0.999999999999998));
#9114=DIRECTION('center_axis',(-0.707106781186549,-0.707106781186545,-3.87358632917211E-8));
#9115=DIRECTION('ref_axis',(0.707106781186544,-0.707106781186549,3.87358608842457E-8));
#9116=DIRECTION('',(-1.14985503455917E-15,1.,2.22044541935072E-16));
#9117=DIRECTION('center_axis',(0.707106781186546,9.70079493646032E-16,-0.707106781186549));
#9118=DIRECTION('ref_axis',(-1.14985497156921E-15,1.,2.22044604925031E-16));
#9119=DIRECTION('',(0.577350258647059,-0.577350290274762,0.577350258647056));
#9120=DIRECTION('',(5.20165817576321E-31,-1.,-2.22044604925031E-16));
#9121=DIRECTION('',(-0.57735025864706,-0.577350290274758,-0.577350258647058));
#9122=DIRECTION('center_axis',(0.70710678118654,0.707106781186555,2.43604851491928E-16));
#9123=DIRECTION('ref_axis',(-0.500000000000005,0.500000000000005,-0.70710678118654));
#9124=DIRECTION('center_axis',(0.70710678118652,0.707106781186575,2.4360485149193E-16));
#9125=DIRECTION('ref_axis',(-0.500000000000005,0.500000000000005,-0.70710678118654));
#9126=DIRECTION('',(0.70710678118654,0.707106781186555,2.43604851491928E-16));
#9127=DIRECTION('center_axis',(-0.707106781186556,-0.707106781186539,-2.43604851491926E-16));
#9128=DIRECTION('ref_axis',(-0.500000000000005,0.500000000000005,-0.70710678118654));
#9129=DIRECTION('',(-0.70710678118654,-0.707106781186555,-2.43604851491928E-16));
#9130=DIRECTION('center_axis',(-0.50000000000001,0.499999999999999,-0.707106781186541));
#9131=DIRECTION('ref_axis',(-0.70710678118654,-0.707106781186555,-2.43604851491928E-16));
#9132=DIRECTION('',(0.49999999999999,-0.500000000000001,-0.707106781186554));
#9133=DIRECTION('',(0.707106781186547,0.707106781186548,2.43604851491927E-16));
#9134=DIRECTION('',(-0.500000000000015,0.499999999999976,0.707106781186554));
#9135=DIRECTION('center_axis',(0.707106781186556,0.707106781186539,2.43604851491926E-16));
#9136=DIRECTION('ref_axis',(0.707106781186539,-0.707106781186556,-7.0413640244831E-17));
#9137=DIRECTION('',(0.707106781186539,-0.707106781186556,-7.0413640244831E-17));
#9138=DIRECTION('',(-2.73903915589007E-8,2.73903912143921E-8,0.999999999999999));
#9139=DIRECTION('center_axis',(-0.707106781186548,-0.707106781186547,-2.43604851491927E-16));
#9140=DIRECTION('ref_axis',(0.500000000000005,-0.500000000000005,-0.70710678118654));
#9141=DIRECTION('center_axis',(-0.707106781186503,-0.707106781186592,-2.43604851491931E-16));
#9142=DIRECTION('ref_axis',(0.500000000000005,-0.500000000000005,-0.70710678118654));
#9143=DIRECTION('',(-0.707106781186548,-0.707106781186547,-2.43604851491927E-16));
#9144=DIRECTION('center_axis',(0.707106781186509,0.707106781186586,2.43604851491931E-16));
#9145=DIRECTION('ref_axis',(0.500000000000005,-0.500000000000005,-0.70710678118654));
#9146=DIRECTION('',(0.707106781186548,0.707106781186547,2.43604851491927E-16));
#9147=DIRECTION('center_axis',(0.500000000000008,-0.500000000000009,-0.707106781186536));
#9148=DIRECTION('ref_axis',(0.707106781186548,0.707106781186547,2.43604851491927E-16));
#9149=DIRECTION('',(-0.500000000000019,0.499999999999964,-0.707106781186559));
#9150=DIRECTION('',(-0.707106781186548,-0.707106781186547,-2.43604851491927E-16));
#9151=DIRECTION('',(0.500000000000023,-0.49999999999996,0.707106781186559));
#9152=DIRECTION('center_axis',(-0.707106781186509,-0.707106781186586,-2.43604851491931E-16));
#9153=DIRECTION('ref_axis',(-0.707106781186586,0.707106781186509,7.04136402448148E-17));
#9154=DIRECTION('',(0.707106781186586,-0.707106781186509,-7.04136402448148E-17));
#9155=DIRECTION('',(-2.73903915589025E-8,2.73903912143902E-8,0.999999999999999));
#9156=DIRECTION('center_axis',(1.,1.49750216424453E-15,1.22464679914736E-16));
#9157=DIRECTION('ref_axis',(8.65956056235452E-17,0.707106781186581,-0.707106781186514));
#9158=DIRECTION('center_axis',(-0.707106781186546,-0.707106781186548,-3.87358632917209E-8));
#9159=DIRECTION('ref_axis',(-0.707106781186549,0.707106781186545,3.87358630490184E-8));
#9160=DIRECTION('',(1.,1.49750216424453E-15,1.22464679914736E-16));
#9161=DIRECTION('center_axis',(0.707106781186546,-0.707106781186548,3.87358629777025E-8));
#9162=DIRECTION('ref_axis',(0.707106781186549,0.707106781186545,-3.87358627349998E-8));
#9163=DIRECTION('',(-1.,-1.49750216424453E-15,-1.22464679914736E-16));
#9164=DIRECTION('center_axis',(-9.7229832955533E-16,0.707106781186573,-0.707106781186522));
#9165=DIRECTION('ref_axis',(-1.,-1.49750216424453E-15,-1.22464679914736E-16));
#9166=DIRECTION('',(0.57735024810448,0.577350279732178,0.577350279732219));
#9167=DIRECTION('',(1.,5.05115386436242E-32,1.22464679914735E-16));
#9168=DIRECTION('',(0.577350290274746,-0.577350258647044,-0.577350258647087));
#9169=DIRECTION('center_axis',(0.707106781186542,-0.707106781186553,-7.041364024483E-17));
#9170=DIRECTION('ref_axis',(0.500000000000005,0.500000000000005,-0.70710678118654));
#9171=DIRECTION('center_axis',(0.707106781186548,-0.707106781186548,-7.04136402448282E-17));
#9172=DIRECTION('ref_axis',(0.500000000000005,0.500000000000005,-0.70710678118654));
#9173=DIRECTION('',(0.707106781186542,-0.707106781186553,-7.041364024483E-17));
#9174=DIRECTION('center_axis',(-0.707106781186536,0.707106781186559,7.0413640244832E-17));
#9175=DIRECTION('ref_axis',(0.500000000000005,0.500000000000005,-0.70710678118654));
#9176=DIRECTION('',(-0.707106781186542,0.707106781186553,7.041364024483E-17));
#9177=DIRECTION('center_axis',(0.707106781186536,-0.707106781186559,-7.0413640244832E-17));
#9178=DIRECTION('ref_axis',(-0.707106781186559,-0.707106781186536,-2.43604851491926E-16));
#9179=DIRECTION('',(0.707106781186559,0.707106781186536,2.43604851491926E-16));
#9180=DIRECTION('',(-2.73903915589014E-8,-2.73903916584805E-8,0.999999999999999));
#9181=DIRECTION('',(-0.500000000000003,-0.499999999999987,-0.707106781186554));
#9182=DIRECTION('center_axis',(-1.22464679914735E-16,-2.22044604925031E-16,
1.));
#9183=DIRECTION('ref_axis',(1.,0.,1.22464679914735E-16));
#9184=DIRECTION('',(-0.707106781186547,-0.707106781186547,-2.43604851491927E-16));
#9185=DIRECTION('',(-0.707106781186547,0.707106781186547,-3.87358624329583E-8));
#9186=DIRECTION('center_axis',(-0.707106781186548,0.707106781186548,7.04136402448282E-17));
#9187=DIRECTION('ref_axis',(0.707106781186548,0.707106781186548,2.43604851491927E-16));
#9188=DIRECTION('',(0.499999999999995,0.499999999999995,0.707106781186554));
#9189=DIRECTION('',(2.7390391558901E-8,2.73903916584809E-8,-0.999999999999999));
#9190=DIRECTION('center_axis',(-0.707106781186544,0.707106781186551,7.04136402448294E-17));
#9191=DIRECTION('ref_axis',(-0.500000000000009,-0.500000000000009,-0.707106781186534));
#9192=DIRECTION('center_axis',(-0.707106781186548,0.707106781186548,7.04136402448282E-17));
#9193=DIRECTION('ref_axis',(-0.500000000000009,-0.500000000000009,-0.707106781186534));
#9194=DIRECTION('',(-0.707106781186544,0.707106781186551,7.04136402448294E-17));
#9195=DIRECTION('center_axis',(0.707106781186603,-0.707106781186492,-7.0413640244809E-17));
#9196=DIRECTION('ref_axis',(-0.500000000000009,-0.500000000000009,-0.707106781186534));
#9197=DIRECTION('',(0.707106781186544,-0.707106781186551,-7.04136402448294E-17));
#9198=DIRECTION('center_axis',(-1.22464679914735E-16,-2.22044604925031E-16,
1.));
#9199=DIRECTION('ref_axis',(1.,0.,1.22464679914735E-16));
#9200=DIRECTION('',(-0.707106781186547,-0.707106781186547,-2.43604851491927E-16));
#9201=DIRECTION('',(0.707106781186547,-0.707106781186547,3.87358623428497E-8));
#9202=DIRECTION('',(0.707106781186492,0.707106781186603,2.43604851491932E-16));
#9203=DIRECTION('center_axis',(0.707106781186548,-0.707106781186548,-7.04136402448282E-17));
#9204=DIRECTION('ref_axis',(-0.707106781186548,-0.707106781186548,-2.43604851491927E-16));
#9205=DIRECTION('',(-0.499999999999992,-0.499999999999992,0.707106781186559));
#9206=DIRECTION('',(2.7390391558901E-8,2.73903916584809E-8,-0.999999999999999));
#9207=DIRECTION('center_axis',(-0.500000000000011,-0.500000000000006,-0.707106781186536));
#9208=DIRECTION('ref_axis',(0.707106781186544,-0.707106781186551,-7.04136402448294E-17));
#9209=DIRECTION('',(0.499999999999952,0.500000000000031,-0.707106781186559));
#9210=DIRECTION('',(-0.707106781186548,0.707106781186547,7.0413640244828E-17));
#9211=DIRECTION('center_axis',(2.71926214689378E-32,-1.,-2.22044604925031E-16));
#9212=DIRECTION('ref_axis',(-1.22464679914735E-16,-2.22044604925031E-16,
1.));
#9213=DIRECTION('center_axis',(2.71926214689378E-32,-1.,-2.22044604925031E-16));
#9214=DIRECTION('ref_axis',(-1.22464679914735E-16,-2.22044604925031E-16,
1.));
#9215=DIRECTION('',(2.71926214689378E-32,-1.,-2.22044604925031E-16));
#9216=DIRECTION('center_axis',(-2.71926214689378E-32,1.,2.22044604925031E-16));
#9217=DIRECTION('ref_axis',(-0.707106781186547,1.57009245868377E-16,-0.707106781186548));
#9218=DIRECTION('',(-2.71926214689378E-32,1.,2.22044604925031E-16));
#9219=DIRECTION('center_axis',(2.71926214689378E-32,-1.,-2.22044604925031E-16));
#9220=DIRECTION('ref_axis',(-5.4780802239203E-8,-2.22044604925031E-16,0.999999999999998));
#9221=DIRECTION('center_axis',(0.707106781186546,0.707106781186549,3.87358632917209E-8));
#9222=DIRECTION('ref_axis',(-0.707106781186547,0.707106781186547,-3.87358765851704E-8));
#9223=DIRECTION('',(2.71926214689378E-32,-1.,-2.22044604925031E-16));
#9224=DIRECTION('center_axis',(-2.71926214689378E-32,1.,2.22044604925031E-16));
#9225=DIRECTION('ref_axis',(-0.707106781186542,1.57009245868379E-16,-0.707106781186553));
#9226=DIRECTION('center_axis',(0.707106781186546,-0.707106781186548,3.87358629777025E-8));
#9227=DIRECTION('ref_axis',(-0.707106781186547,-0.707106781186547,-3.87358632222124E-8));
#9228=DIRECTION('',(2.71926214689378E-32,-1.,-2.22044604925031E-16));
#9229=DIRECTION('center_axis',(-0.707106781186549,1.57009245868377E-16,
-0.707106781186546));
#9230=DIRECTION('ref_axis',(2.71926214689378E-32,-1.,-2.22044604925031E-16));
#9231=DIRECTION('',(-0.577350279732192,0.577350248104489,0.577350279732195));
#9232=DIRECTION('',(3.04072412978735E-31,1.,2.22044604925031E-16));
#9233=DIRECTION('',(0.577350279732192,0.57735024810449,-0.577350279732195));
#9234=DIRECTION('center_axis',(-0.707106781186544,-0.707106781186551,-2.43604851491927E-16));
#9235=DIRECTION('ref_axis',(-1.22464679914735E-16,-2.22044604925031E-16,
1.));
#9236=DIRECTION('center_axis',(-0.707106781186531,-0.707106781186564,-2.43604851491928E-16));
#9237=DIRECTION('ref_axis',(-1.22464679914735E-16,-2.22044604925031E-16,
1.));
#9238=DIRECTION('',(-0.707106781186544,-0.707106781186551,-2.43604851491927E-16));
#9239=DIRECTION('center_axis',(0.707106781186564,0.707106781186531,2.43604851491925E-16));
#9240=DIRECTION('ref_axis',(-1.22464679914735E-16,-2.22044604925031E-16,
1.));
#9241=DIRECTION('',(0.707106781186544,0.707106781186551,2.43604851491927E-16));
#9242=DIRECTION('center_axis',(-1.22464679914735E-16,-2.22044604925031E-16,
1.));
#9243=DIRECTION('ref_axis',(1.,0.,1.22464679914735E-16));
#9244=DIRECTION('',(0.707106781186531,-0.707106781186564,-7.04136402448339E-17));
#9245=DIRECTION('',(-0.707106781186547,-0.707106781186547,-3.87358628379607E-8));
#9246=DIRECTION('',(-0.707106781186564,0.707106781186531,7.04136402448224E-17));
#9247=DIRECTION('center_axis',(-0.707106781186564,-0.707106781186531,-2.43604851491925E-16));
#9248=DIRECTION('ref_axis',(-0.707106781186531,0.707106781186564,7.04136402448339E-17));
#9249=DIRECTION('',(-0.499999999999986,0.500000000000009,0.707106781186551));
#9250=DIRECTION('',(2.73903915589004E-8,-2.73903912143924E-8,-0.999999999999999));
#9251=DIRECTION('center_axis',(-0.500000000000005,0.5,-0.707106781186544));
#9252=DIRECTION('ref_axis',(-0.707106781186544,-0.707106781186551,-2.43604851491927E-16));
#9253=DIRECTION('',(0.500000000000009,-0.499999999999985,-0.707106781186551));
#9254=DIRECTION('',(0.707106781186548,0.707106781186547,2.43604851491927E-16));
#9255=DIRECTION('center_axis',(-0.707106781186544,-0.707106781186551,-2.43604851491927E-16));
#9256=DIRECTION('ref_axis',(0.499999999999996,-0.500000000000002,-0.707106781186549));
#9257=DIRECTION('center_axis',(-0.707106781186539,-0.707106781186556,-2.43604851491928E-16));
#9258=DIRECTION('ref_axis',(0.499999999999996,-0.500000000000002,-0.707106781186549));
#9259=DIRECTION('',(-0.707106781186544,-0.707106781186551,-2.43604851491927E-16));
#9260=DIRECTION('center_axis',(0.707106781186531,0.707106781186564,2.43604851491928E-16));
#9261=DIRECTION('ref_axis',(0.499999999999996,-0.500000000000002,-0.707106781186549));
#9262=DIRECTION('',(0.707106781186544,0.707106781186551,2.43604851491927E-16));
#9263=DIRECTION('center_axis',(-1.22464679914735E-16,-2.22044604925031E-16,
1.));
#9264=DIRECTION('ref_axis',(1.,0.,1.22464679914735E-16));
#9265=DIRECTION('',(0.707106781186556,-0.707106781186539,-7.04136402448253E-17));
#9266=DIRECTION('',(0.707106781186547,0.707106781186547,3.87358628379608E-8));
#9267=DIRECTION('',(-0.707106781186564,0.707106781186531,7.04136402448224E-17));
#9268=DIRECTION('center_axis',(0.707106781186539,0.707106781186556,2.43604851491928E-16));
#9269=DIRECTION('ref_axis',(0.707106781186556,-0.707106781186539,-7.04136402448253E-17));
#9270=DIRECTION('',(0.500000000000003,-0.499999999999992,0.707106781186551));
#9271=DIRECTION('',(2.73903915589013E-8,-2.73903912143914E-8,-0.999999999999999));
#9272=DIRECTION('center_axis',(0.500000000000005,-0.5,-0.707106781186544));
#9273=DIRECTION('ref_axis',(0.707106781186544,0.707106781186551,2.43604851491927E-16));
#9274=DIRECTION('',(-0.500000000000009,0.499999999999986,-0.707106781186551));
#9275=DIRECTION('',(-0.707106781186548,-0.707106781186547,-2.43604851491927E-16));
#9276=DIRECTION('center_axis',(1.,4.67969426326415E-16,1.22464679914735E-16));
#9277=DIRECTION('ref_axis',(-1.22464679914735E-16,-2.22044604925031E-16,
1.));
#9278=DIRECTION('center_axis',(-0.707106781186546,0.707106781186548,-3.87358629777025E-8));
#9279=DIRECTION('ref_axis',(-0.707106781186548,-0.707106781186546,-2.43604851491927E-16));
#9280=DIRECTION('',(1.,4.67969426326415E-16,1.22464679914735E-16));
#9281=DIRECTION('center_axis',(0.707106781186546,0.707106781186549,3.87358632917209E-8));
#9282=DIRECTION('ref_axis',(0.707106781186549,-0.707106781186546,-7.04136402448276E-17));
#9283=DIRECTION('',(-1.,-4.67969426326415E-16,-1.22464679914735E-16));
#9284=DIRECTION('center_axis',(-1.22464679914735E-16,-2.22044604925031E-16,
1.));
#9285=DIRECTION('ref_axis',(1.,0.,1.22464679914735E-16));
#9286=DIRECTION('',(0.707106781186547,-0.707106781186546,3.87358624329583E-8));
#9287=DIRECTION('',(0.999999999999999,-5.01812421009154E-16,5.47807822892881E-8));
#9288=DIRECTION('',(0.707106781186547,0.707106781186547,3.87358627072791E-8));
#9289=DIRECTION('center_axis',(0.707106781186544,-0.707106781186551,-7.04136402448295E-17));
#9290=DIRECTION('ref_axis',(0.500000000000008,0.499999999999997,-0.707106781186545));
#9291=DIRECTION('center_axis',(0.707106781186531,-0.707106781186564,-7.04136402448339E-17));
#9292=DIRECTION('ref_axis',(0.500000000000008,0.499999999999997,-0.707106781186545));
#9293=DIRECTION('',(0.707106781186544,-0.707106781186551,-7.04136402448295E-17));
#9294=DIRECTION('center_axis',(-0.70710678118655,0.707106781186545,7.04136402448272E-17));
#9295=DIRECTION('ref_axis',(0.500000000000008,0.499999999999997,-0.707106781186545));
#9296=DIRECTION('',(-0.707106781186544,0.707106781186551,7.04136402448295E-17));
#9297=DIRECTION('center_axis',(0.70710678118655,-0.707106781186545,-7.04136402448272E-17));
#9298=DIRECTION('ref_axis',(-0.707106781186545,-0.70710678118655,-2.43604851491927E-16));
#9299=DIRECTION('',(-0.707106781186545,-0.70710678118655,-2.43604851491927E-16));
#9300=DIRECTION('',(-2.73903915589009E-8,-2.7390391658481E-8,0.999999999999999));
#9301=DIRECTION('',(-0.499999999999996,-0.5,-0.70710678118655));
#9302=DIRECTION('center_axis',(-1.22464679914735E-16,-2.22044604925031E-16,
1.));
#9303=DIRECTION('ref_axis',(1.,0.,1.22464679914735E-16));
#9304=DIRECTION('',(0.707106781186564,0.707106781186531,2.43604851491925E-16));
#9305=DIRECTION('',(-0.707106781186546,0.707106781186548,-3.87358622896037E-8));
#9306=DIRECTION('center_axis',(-0.707106781186531,0.707106781186564,7.04136402448339E-17));
#9307=DIRECTION('ref_axis',(0.707106781186564,0.707106781186531,2.43604851491925E-16));
#9308=DIRECTION('',(0.50000000000001,0.499999999999987,0.70710678118655));
#9309=DIRECTION('',(2.73903915589016E-8,2.73903916584803E-8,-0.999999999999999));
#9310=DIRECTION('center_axis',(0.707106781186544,-0.707106781186551,-7.04136402448293E-17));
#9311=DIRECTION('ref_axis',(-1.22464679914735E-16,-2.22044604925031E-16,
1.));
#9312=DIRECTION('center_axis',(0.707106781186545,-0.70710678118655,-7.04136402448291E-17));
#9313=DIRECTION('ref_axis',(-1.22464679914735E-16,-2.22044604925031E-16,
1.));
#9314=DIRECTION('',(0.707106781186544,-0.707106781186551,-7.04136402448292E-17));
#9315=DIRECTION('center_axis',(-0.707106781186541,0.707106781186554,7.04136402448305E-17));
#9316=DIRECTION('ref_axis',(-1.22464679914735E-16,-2.22044604925031E-16,
1.));
#9317=DIRECTION('',(-0.707106781186544,0.707106781186551,7.04136402448292E-17));
#9318=DIRECTION('center_axis',(-1.22464679914735E-16,-2.22044604925031E-16,
1.));
#9319=DIRECTION('ref_axis',(1.,0.,1.22464679914735E-16));
#9320=DIRECTION('',(0.707106781186554,0.707106781186541,2.43604851491926E-16));
#9321=DIRECTION('',(0.707106781186546,-0.707106781186547,3.87358625376311E-8));
#9322=DIRECTION('',(-0.70710678118655,-0.707106781186545,-2.43604851491927E-16));
#9323=DIRECTION('center_axis',(0.707106781186541,-0.707106781186554,-7.04136402448305E-17));
#9324=DIRECTION('ref_axis',(-0.707106781186554,-0.707106781186541,-2.43604851491926E-16));
#9325=DIRECTION('',(-0.500000000000004,-0.499999999999994,0.707106781186549));
#9326=DIRECTION('',(2.73903915589013E-8,2.73903916584806E-8,-0.999999999999999));
#9327=DIRECTION('center_axis',(-0.500000000000004,-0.499999999999999,-0.707106781186546));
#9328=DIRECTION('ref_axis',(0.707106781186544,-0.707106781186551,-7.04136402448293E-17));
#9329=DIRECTION('',(0.500000000000001,0.499999999999997,-0.707106781186549));
#9330=DIRECTION('',(-0.707106781186548,0.707106781186547,7.0413640244828E-17));
#9331=DIRECTION('center_axis',(0.500000000000004,0.499999999999999,-0.707106781186545));
#9332=DIRECTION('ref_axis',(-0.707106781186544,0.707106781186551,7.04136402448295E-17));
#9333=DIRECTION('',(0.707106781186548,-0.707106781186547,-7.04136402448281E-17));
#9334=DIRECTION('center_axis',(-0.707106781186545,0.70710678118655,7.04136402448291E-17));
#9335=DIRECTION('ref_axis',(0.70710678118655,0.707106781186545,2.43604851491927E-16));
#9336=DIRECTION('',(-2.73903915589011E-8,-2.73903916584808E-8,0.999999999999999));
#9337=DIRECTION('center_axis',(4.17499960366937E-16,-0.70710678118655,-0.707106781186545));
#9338=DIRECTION('ref_axis',(1.,4.67969426326415E-16,1.22464679914735E-16));
#9339=DIRECTION('',(-0.577350290274758,-0.577350258647057,0.577350258647061));
#9340=DIRECTION('',(-1.,5.01812408845377E-16,-1.22464679914735E-16));
#9341=DIRECTION('',(-0.577350248104492,0.57735027973219,-0.577350279732195));
#9342=DIRECTION('center_axis',(-0.707106781186531,-0.707106781186564,-2.43604851491928E-16));
#9343=DIRECTION('ref_axis',(-0.707106781186564,0.707106781186531,7.04136402448224E-17));
#9344=DIRECTION('',(-2.73903915589016E-8,2.73903912143911E-8,0.999999999999999));
#9345=DIRECTION('center_axis',(0.707106781186531,0.707106781186564,2.43604851491928E-16));
#9346=DIRECTION('ref_axis',(0.707106781186564,-0.707106781186531,-7.04136402448224E-17));
#9347=DIRECTION('',(-2.73903915589016E-8,2.73903912143911E-8,0.999999999999999));
#9348=DIRECTION('center_axis',(0.500000000000008,0.500000000000001,-0.707106781186541));
#9349=DIRECTION('ref_axis',(-0.707106781186542,0.707106781186553,7.041364024483E-17));
#9350=DIRECTION('',(0.707106781186548,-0.707106781186547,-7.04136402448278E-17));
#9351=DIRECTION('center_axis',(-0.707106781186603,0.707106781186492,7.0413640244809E-17));
#9352=DIRECTION('ref_axis',(0.707106781186492,0.707106781186603,2.43604851491932E-16));
#9353=DIRECTION('',(-2.73903915588988E-8,-2.73903916584831E-8,0.999999999999999));
#9354=DIRECTION('center_axis',(-1.22464679914735E-16,-2.22044604925031E-16,
1.));
#9355=DIRECTION('ref_axis',(1.,0.,1.22464679914735E-16));
#9356=DIRECTION('',(-0.707106781186547,-0.707106781186547,-3.87358627332879E-8));
#9357=DIRECTION('',(2.76147984437138E-23,-1.,-7.26141064264369E-16));
#9358=DIRECTION('',(0.707106781186547,-0.707106781186546,3.87358624333557E-8));
#9359=DIRECTION('center_axis',(-0.707106781186546,0.707106781186548,-3.87358629777025E-8));
#9360=DIRECTION('ref_axis',(-0.707106781186547,-0.707106781186547,-3.87358627332879E-8));
#9361=DIRECTION('',(-0.707106781186547,-0.707106781186547,-3.87358627332879E-8));
#9362=DIRECTION('',(-5.47807829953373E-8,-2.22044604925031E-16,0.999999999999999));
#9363=DIRECTION('',(-5.47807829953373E-8,-2.22044604925031E-16,0.999999999999999));
#9364=DIRECTION('',(-0.707106781186547,-0.707106781186547,-3.87358627332879E-8));
#9365=DIRECTION('center_axis',(-0.999999999999999,1.2163777621756E-23,-5.47807829953373E-8));
#9366=DIRECTION('ref_axis',(2.76147984437138E-23,-1.,-7.26141064264369E-16));
#9367=DIRECTION('',(-5.47807829953373E-8,-2.22044604925031E-16,0.999999999999999));
#9368=DIRECTION('center_axis',(-0.707106781186547,-0.707106781186548,-3.8735863291721E-8));
#9369=DIRECTION('ref_axis',(0.707106781186546,-0.707106781186548,3.87358625376311E-8));
#9370=DIRECTION('',(0.707106781186546,-0.707106781186547,3.87358625376311E-8));
#9371=DIRECTION('',(-5.47807829953373E-8,-2.22044604925031E-16,0.999999999999999));
#9372=DIRECTION('',(-5.47807829953373E-8,-2.22044604925031E-16,0.999999999999999));
#9373=DIRECTION('',(0.707106781186546,-0.707106781186547,3.87358625376311E-8));
#9374=DIRECTION('center_axis',(-0.707106781186546,-0.707106781186548,-3.8735863291721E-8));
#9375=DIRECTION('ref_axis',(0.707106781186546,-0.707106781186547,3.87358623428497E-8));
#9376=DIRECTION('',(0.707106781186547,-0.707106781186547,3.87358623428497E-8));
#9377=DIRECTION('',(-5.47807829953373E-8,-2.22044604925031E-16,0.999999999999999));
#9378=DIRECTION('',(-5.47807829953373E-8,-2.22044604925031E-16,0.999999999999999));
#9379=DIRECTION('',(0.707106781186547,-0.707106781186547,3.87358623428497E-8));
#9380=DIRECTION('center_axis',(-0.70710678118652,-0.707106781186575,-2.4360485149193E-16));
#9381=DIRECTION('ref_axis',(-0.707106781186575,0.70710678118652,7.04136402448186E-17));
#9382=DIRECTION('',(2.73903915589021E-8,-2.73903912143907E-8,-0.999999999999999));
#9383=DIRECTION('',(-0.707106781186575,0.70710678118652,7.04136402448186E-17));
#9384=DIRECTION('center_axis',(-1.22464679914735E-16,-2.22044604925031E-16,
1.));
#9385=DIRECTION('ref_axis',(1.,0.,1.22464679914735E-16));
#9386=DIRECTION('',(-0.707106781186546,-0.707106781186548,-3.87358628379607E-8));
#9387=DIRECTION('center_axis',(-0.707106781186547,0.707106781186547,-3.87358629777025E-8));
#9388=DIRECTION('ref_axis',(-0.707106781186545,-0.707106781186548,-3.87358628379607E-8));
#9389=DIRECTION('',(-0.707106781186546,-0.707106781186548,-3.87358628379607E-8));
#9390=DIRECTION('',(-5.47807829953373E-8,-2.22044604925031E-16,0.999999999999999));
#9391=DIRECTION('',(-5.47807829953373E-8,-2.22044604925031E-16,0.999999999999999));
#9392=DIRECTION('',(-0.707106781186546,-0.707106781186548,-3.87358628379607E-8));
#9393=DIRECTION('center_axis',(-1.22464679914735E-16,-2.22044604925031E-16,
1.));
#9394=DIRECTION('ref_axis',(1.,0.,1.22464679914735E-16));
#9395=DIRECTION('',(-0.707106781186547,0.707106781186547,-3.87358625637993E-8));
#9396=DIRECTION('',(-0.999999999999999,1.21637769939541E-23,-5.47807818873377E-8));
#9397=DIRECTION('',(-0.707106781186547,-0.707106781186547,-3.87358629589645E-8));
#9398=DIRECTION('center_axis',(-0.707106781186546,-0.707106781186549,-3.87358632917209E-8));
#9399=DIRECTION('ref_axis',(0.707106781186547,-0.707106781186547,3.87358624329583E-8));
#9400=DIRECTION('',(0.707106781186547,-0.707106781186546,3.87358624329583E-8));
#9401=DIRECTION('',(-5.47807829953373E-8,-2.22044604925031E-16,0.999999999999999));
#9402=DIRECTION('',(-5.47807829953373E-8,-2.22044604925031E-16,0.999999999999999));
#9403=DIRECTION('center_axis',(-5.01812408845377E-16,-1.,-2.22044632414708E-16));
#9404=DIRECTION('ref_axis',(0.999999999999999,-5.01812421009154E-16,5.47807822892881E-8));
#9405=DIRECTION('',(-5.47807829953373E-8,-2.22044604925031E-16,0.999999999999999));
#9406=DIRECTION('center_axis',(0.707106781186503,0.707106781186592,2.43604851491931E-16));
#9407=DIRECTION('ref_axis',(0.707106781186592,-0.707106781186503,-7.04136402448129E-17));
#9408=DIRECTION('',(2.73903915589027E-8,-2.739039121439E-8,-0.999999999999999));
#9409=DIRECTION('',(-0.707106781186592,0.707106781186503,7.04136402448128E-17));
#9410=DIRECTION('center_axis',(-1.22464679914735E-16,-2.22044604925031E-16,
1.));
#9411=DIRECTION('ref_axis',(1.,0.,1.22464679914735E-16));
#9412=DIRECTION('',(0.707106781186546,0.707106781186548,3.87358628379607E-8));
#9413=DIRECTION('center_axis',(-1.22464679914735E-16,-2.22044604925031E-16,
1.));
#9414=DIRECTION('ref_axis',(1.,0.,1.22464679914735E-16));
#9415=DIRECTION('',(0.707106781186546,0.707106781186547,3.87358628379607E-8));
#9416=DIRECTION('',(3.63360012269609E-23,1.,-4.41253722706019E-16));
#9417=DIRECTION('',(-0.707106781186544,0.70710678118655,-3.87358621180725E-8));
#9418=DIRECTION('center_axis',(0.707106781186546,-0.707106781186548,3.87358629777025E-8));
#9419=DIRECTION('ref_axis',(0.707106781186546,0.707106781186547,3.87358628379607E-8));
#9420=DIRECTION('',(0.707106781186546,0.707106781186547,3.87358628379607E-8));
#9421=DIRECTION('',(-5.47807829953373E-8,-2.22044604925031E-16,0.999999999999999));
#9422=DIRECTION('',(-0.707106781186546,-0.707106781186547,-3.87358628379607E-8));
#9423=DIRECTION('',(-5.47807829953373E-8,-2.22044604925031E-16,0.999999999999999));
#9424=DIRECTION('',(0.707106781186546,0.707106781186547,3.87358628379607E-8));
#9425=DIRECTION('center_axis',(0.999999999999999,-1.21637767975177E-23,
5.47807829953373E-8));
#9426=DIRECTION('ref_axis',(3.63360012269609E-23,1.,-4.41253722706019E-16));
#9427=DIRECTION('',(-5.47807829953373E-8,-2.22044604925031E-16,0.999999999999999));
#9428=DIRECTION('',(-3.63360012269609E-23,-1.,4.41253722706019E-16));
#9429=DIRECTION('center_axis',(0.707106781186546,-0.707106781186548,3.87358629777025E-8));
#9430=DIRECTION('ref_axis',(0.707106781186547,0.707106781186547,3.87358628379608E-8));
#9431=DIRECTION('',(0.707106781186547,0.707106781186547,3.87358628379608E-8));
#9432=DIRECTION('',(-5.47807829953373E-8,-2.22044604925031E-16,0.999999999999999));
#9433=DIRECTION('',(-5.47807829953373E-8,-2.22044604925031E-16,0.999999999999999));
#9434=DIRECTION('',(0.707106781186547,0.707106781186547,3.87358628379608E-8));
#9435=DIRECTION('center_axis',(5.47807822892881E-8,2.86380006183942E-16,
-0.999999999999999));
#9436=DIRECTION('ref_axis',(-0.999999999999998,1.21637771090646E-23,-5.47807822892881E-8));
#9437=DIRECTION('',(0.707106781186544,-0.70710678118655,3.87358621180725E-8));
#9438=DIRECTION('center_axis',(-5.18341951350122E-32,1.,2.22044604925031E-16));
#9439=DIRECTION('ref_axis',(-0.999999999999999,1.21637771091106E-23,-5.47807822894486E-8));
#9440=DIRECTION('',(-0.999999999999998,1.21637771091106E-23,-5.47807822894486E-8));
#9441=DIRECTION('',(-5.47807829953373E-8,-2.22044604925031E-16,0.999999999999999));
#9442=DIRECTION('center_axis',(0.707106781186546,0.707106781186548,3.87358632917209E-8));
#9443=DIRECTION('ref_axis',(-0.707106781186547,0.707106781186547,-3.87358625637993E-8));
#9444=DIRECTION('',(-5.47807829953373E-8,-2.22044604925031E-16,0.999999999999999));
#9445=DIRECTION('',(-0.707106781186547,0.707106781186547,-3.87358625637993E-8));
#9446=DIRECTION('center_axis',(-7.7704160112562E-32,1.,2.22044604925031E-16));
#9447=DIRECTION('ref_axis',(-0.999999999999999,1.21637769939541E-23,-5.47807818873377E-8));
#9448=DIRECTION('',(-5.47807829953373E-8,-2.22044604925031E-16,0.999999999999999));
#9449=DIRECTION('center_axis',(-0.707106781186546,0.707106781186548,-3.87358629777025E-8));
#9450=DIRECTION('ref_axis',(-0.707106781186547,-0.707106781186547,-3.87358629589645E-8));
#9451=DIRECTION('',(-0.707106781186547,-0.707106781186547,-3.87358629589645E-8));
#9452=DIRECTION('',(-5.47807829953373E-8,-2.22044604925031E-16,0.999999999999999));
#9453=DIRECTION('center_axis',(2.75923154820797E-15,1.,2.22044756077896E-16));
#9454=DIRECTION('ref_axis',(-0.999999999999999,2.75923156037175E-15,-5.4780782289288E-8));
#9455=DIRECTION('',(-0.999999999999999,2.75923156037175E-15,-5.4780782289288E-8));
#9456=DIRECTION('',(-5.47807829953373E-8,-2.22044604925031E-16,0.999999999999999));
#9457=DIRECTION('center_axis',(0.707106781186546,0.707106781186548,3.8735863291721E-8));
#9458=DIRECTION('ref_axis',(-0.707106781186547,0.707106781186547,-3.87358624329583E-8));
#9459=DIRECTION('',(-0.707106781186547,0.707106781186547,-3.87358624329583E-8));
#9460=DIRECTION('',(-5.47807829953373E-8,-2.22044604925031E-16,0.999999999999999));
#9461=DIRECTION('',(-0.707106781186547,0.707106781186547,-3.87358624329583E-8));
#9462=DIRECTION('center_axis',(-5.18445246748444E-32,1.,2.22044604925031E-16));
#9463=DIRECTION('ref_axis',(-0.999999999999999,1.21637771090646E-23,-5.4780782289288E-8));
#9464=DIRECTION('',(-0.999999999999999,1.21637771090646E-23,-5.47807822892881E-8));
#9465=DIRECTION('',(-5.47807829953373E-8,-2.22044604925031E-16,0.999999999999999));
#9466=DIRECTION('center_axis',(-0.707106781186541,0.707106781186553,-3.87358629777022E-8));
#9467=DIRECTION('ref_axis',(-0.707106781186552,-0.707106781186542,-3.87358628379611E-8));
#9468=DIRECTION('',(-0.707106781186552,-0.707106781186542,-3.87358628379611E-8));
#9469=DIRECTION('',(-5.47807829953373E-8,-2.22044604925031E-16,0.999999999999999));
#9470=DIRECTION('center_axis',(-0.999999999999999,1.21637766687187E-23,
-5.47807829953373E-8));
#9471=DIRECTION('ref_axis',(-4.63292302249118E-23,-1.,6.23675889391742E-16));
#9472=DIRECTION('',(-4.63292302249118E-23,-1.,6.23675889391742E-16));
#9473=DIRECTION('center_axis',(-0.999999999999999,1.49578675723633E-15,
-5.47807829953373E-8));
#9474=DIRECTION('ref_axis',(-1.4957867415582E-15,-1.,-2.86197544864159E-16));
#9475=DIRECTION('',(-1.4957867415582E-15,-1.,-2.86197544864159E-16));
#9476=DIRECTION('center_axis',(-0.707106781186546,-0.707106781186549,-3.87358632917209E-8));
#9477=DIRECTION('ref_axis',(0.707106781186547,-0.707106781186547,3.87358624333557E-8));
#9478=DIRECTION('',(0.707106781186547,-0.707106781186546,3.87358624333557E-8));
#9479=DIRECTION('',(-5.47807829953373E-8,-2.22044604925031E-16,0.999999999999999));
#9480=DIRECTION('',(0.707106781186547,-0.707106781186546,3.87358624333557E-8));
#9481=DIRECTION('center_axis',(-0.999999999999999,1.49578675723633E-15,
-5.47807829953373E-8));
#9482=DIRECTION('ref_axis',(-1.49578676199794E-15,-1.,8.69211765489141E-17));
#9483=DIRECTION('',(-1.49578676199794E-15,-1.,8.69211765489142E-17));
#9484=DIRECTION('',(-5.47807829953373E-8,-2.22044604925031E-16,0.999999999999999));
#9485=DIRECTION('center_axis',(-0.707106781186546,0.707106781186548,-3.87358629777025E-8));
#9486=DIRECTION('ref_axis',(-0.707106781186547,-0.707106781186547,-3.87358628379607E-8));
#9487=DIRECTION('',(-0.707106781186547,-0.707106781186547,-3.87358628379607E-8));
#9488=DIRECTION('',(-5.47807829953373E-8,-2.22044604925031E-16,0.999999999999999));
#9489=DIRECTION('',(-0.707106781186547,-0.707106781186547,-3.87358628379607E-8));
#9490=DIRECTION('center_axis',(-0.999999999999999,1.21637779538073E-23,
-5.47807829953373E-8));
#9491=DIRECTION('ref_axis',(5.33779158241538E-23,-1.,-1.19643587028575E-15));
#9492=DIRECTION('',(5.33779158241538E-23,-1.,-1.19643587028575E-15));
#9493=DIRECTION('',(-5.47807829953373E-8,-2.22044604925031E-16,0.999999999999999));
#9494=DIRECTION('center_axis',(-0.70710678118655,-0.707106781186544,-3.87358632917212E-8));
#9495=DIRECTION('ref_axis',(0.707106781186543,-0.707106781186551,3.873586243707E-8));
#9496=DIRECTION('',(0.707106781186543,-0.707106781186551,3.873586243707E-8));
#9497=DIRECTION('',(-5.47807829953373E-8,-2.22044604925031E-16,0.999999999999999));
#9498=DIRECTION('center_axis',(-4.98369905174975E-15,-1.,-2.22044877935967E-16));
#9499=DIRECTION('ref_axis',(0.999999999999999,-4.98369906391354E-15,5.4780782289288E-8));
#9500=DIRECTION('',(0.999999999999999,-4.98369906391353E-15,5.4780782289288E-8));
#9501=DIRECTION('center_axis',(6.89807887051992E-16,-1.,-2.22044567136815E-16));
#9502=DIRECTION('ref_axis',(0.999999999999999,6.89807874888216E-16,5.4780782289288E-8));
#9503=DIRECTION('',(0.999999999999999,6.89807874888216E-16,5.47807822892881E-8));
#9504=DIRECTION('center_axis',(0.707106781186546,-0.707106781186548,3.87358629777025E-8));
#9505=DIRECTION('ref_axis',(0.707106781186547,0.707106781186547,3.87358627072791E-8));
#9506=DIRECTION('',(0.707106781186547,0.707106781186547,3.87358627072791E-8));
#9507=DIRECTION('',(-5.47807829953373E-8,-2.22044604925031E-16,0.999999999999999));
#9508=DIRECTION('center_axis',(3.49268634154756E-32,-1.,-2.22044604925031E-16));
#9509=DIRECTION('ref_axis',(0.999999999999999,-1.21637771843712E-23,5.47807825522484E-8));
#9510=DIRECTION('',(0.999999999999999,-1.21637771843712E-23,5.47807825522484E-8));
#9511=DIRECTION('center_axis',(-1.35919065047721E-15,-1.,-2.22044679382559E-16));
#9512=DIRECTION('ref_axis',(0.999999999999999,-1.35919066264099E-15,5.47807813787899E-8));
#9513=DIRECTION('',(0.999999999999999,-1.35919066264099E-15,5.47807813787899E-8));
#9514=DIRECTION('',(-5.47807829953373E-8,-2.22044604925031E-16,0.999999999999999));
#9515=DIRECTION('center_axis',(0.70710678118655,-0.707106781186544,3.87358629777027E-8));
#9516=DIRECTION('ref_axis',(0.707106781186543,0.707106781186551,3.87358628420724E-8));
#9517=DIRECTION('',(0.707106781186543,0.707106781186551,3.87358628420724E-8));
#9518=DIRECTION('',(-5.47807829953373E-8,-2.22044604925031E-16,0.999999999999999));
#9519=DIRECTION('center_axis',(0.999999999999999,-1.21637766687187E-23,
5.47807829953373E-8));
#9520=DIRECTION('ref_axis',(4.63292287551915E-23,1.,-6.2367586256262E-16));
#9521=DIRECTION('',(4.63292287551915E-23,1.,-6.2367586256262E-16));
#9522=DIRECTION('',(-5.47807829953373E-8,-2.22044604925031E-16,0.999999999999999));
#9523=DIRECTION('center_axis',(0.707106781186547,0.707106781186547,3.8735863291721E-8));
#9524=DIRECTION('ref_axis',(-0.707106781186546,0.707106781186548,-3.87358622896037E-8));
#9525=DIRECTION('',(-0.707106781186546,0.707106781186548,-3.87358622896037E-8));
#9526=DIRECTION('',(-5.47807829953373E-8,-2.22044604925031E-16,0.999999999999999));
#9527=DIRECTION('',(-0.707106781186546,0.707106781186548,-3.87358622896037E-8));
#9528=DIRECTION('center_axis',(0.999999999999999,8.99354148255013E-16,5.47807829953373E-8));
#9529=DIRECTION('ref_axis',(-8.99354163994668E-16,1.,2.87320719657987E-16));
#9530=DIRECTION('',(-8.99354163994668E-16,1.,2.87320719657987E-16));
#9531=DIRECTION('',(-5.47807829953373E-8,-2.22044604925031E-16,0.999999999999999));
#9532=DIRECTION('center_axis',(0.707106781186548,-0.707106781186546,3.87358629777026E-8));
#9533=DIRECTION('ref_axis',(0.707106781186545,0.707106781186549,3.87358632865585E-8));
#9534=DIRECTION('',(0.707106781186545,0.707106781186549,3.87358632865585E-8));
#9535=DIRECTION('',(-5.47807829953373E-8,-2.22044604925031E-16,0.999999999999999));
#9536=DIRECTION('center_axis',(0.999999999999999,-1.21637773110443E-23,
5.47807829953373E-8));
#9537=DIRECTION('ref_axis',(-3.50737839161468E-24,1.,2.86070312357398E-16));
#9538=DIRECTION('',(-3.50737839161468E-24,1.,2.86070312357398E-16));
#9539=DIRECTION('center_axis',(0.707106781186549,0.707106781186545,3.87358632917211E-8));
#9540=DIRECTION('ref_axis',(-0.707106781186544,0.70710678118655,-3.87358621180725E-8));
#9541=DIRECTION('',(-0.707106781186544,0.70710678118655,-3.87358621180725E-8));
#9542=DIRECTION('',(-5.47807829953373E-8,-2.22044604925031E-16,0.999999999999999));
#9543=DIRECTION('',(-0.707106781186544,0.70710678118655,-3.87358621180725E-8));
#9544=DIRECTION('center_axis',(0.999999999999999,2.96059461069598E-16,5.47807829953373E-8));
#9545=DIRECTION('ref_axis',(-2.96059468648534E-16,1.,1.38350248983876E-16));
#9546=DIRECTION('',(-2.96059468648534E-16,1.,1.38350248983876E-16));
#9547=DIRECTION('',(-5.47807829953373E-8,-2.22044604925031E-16,0.999999999999999));
#9548=DIRECTION('center_axis',(0.707106781186549,0.707106781186545,3.87358632917211E-8));
#9549=DIRECTION('ref_axis',(-0.707106781186544,0.70710678118655,-3.87358624326484E-8));
#9550=DIRECTION('',(-0.707106781186544,0.70710678118655,-3.87358624326484E-8));
#9551=DIRECTION('',(-5.47807829953373E-8,-2.22044604925031E-16,0.999999999999999));
#9552=DIRECTION('center_axis',(0.999999999999999,-1.34903125279197E-15,
5.47807829953373E-8));
#9553=DIRECTION('ref_axis',(1.34903123710384E-15,1.,2.86380077106091E-16));
#9554=DIRECTION('',(1.34903123710384E-15,1.,2.86380077106091E-16));
#9555=DIRECTION('',(-5.47807829953373E-8,-2.22044604925031E-16,0.999999999999999));
#9556=DIRECTION('center_axis',(0.707106781186547,-0.707106781186547,3.87358629777025E-8));
#9557=DIRECTION('ref_axis',(0.707106781186546,0.707106781186548,3.87358628379607E-8));
#9558=DIRECTION('',(0.707106781186546,0.707106781186548,3.87358628379607E-8));
#9559=DIRECTION('',(-5.47807829953373E-8,-2.22044604925031E-16,0.999999999999999));
#9560=DIRECTION('',(0.707106781186546,0.707106781186548,3.87358628379607E-8));
#9561=DIRECTION('center_axis',(0.999999999999999,-3.62450841343645E-15,
5.47807829953373E-8));
#9562=DIRECTION('ref_axis',(3.62450839774832E-15,1.,2.86380204865239E-16));
#9563=DIRECTION('',(3.62450839774832E-15,1.,2.86380204865239E-16));
#9564=DIRECTION('',(-5.47807829953373E-8,-2.22044604925031E-16,0.999999999999999));
#9565=DIRECTION('center_axis',(0.707106781186547,0.707106781186547,3.8735863291721E-8));
#9566=DIRECTION('ref_axis',(-0.707106781186546,0.707106781186548,-3.87358624329582E-8));
#9567=DIRECTION('',(-0.707106781186546,0.707106781186548,-3.87358624329582E-8));
#9568=DIRECTION('',(-5.47807829953373E-8,-2.22044604925031E-16,0.999999999999999));
#9569=DIRECTION('center_axis',(-5.18445213939957E-32,1.,2.22044604925031E-16));
#9570=DIRECTION('ref_axis',(-0.999999999999999,1.21637771090646E-23,-5.47807822892881E-8));
#9571=DIRECTION('',(-0.999999999999999,1.21637771090646E-23,-5.47807822892881E-8));
#9572=DIRECTION('center_axis',(-0.707106781186548,0.707106781186546,-3.87358629777026E-8));
#9573=DIRECTION('ref_axis',(-0.707106781186545,-0.707106781186549,-3.87358628379607E-8));
#9574=DIRECTION('',(-0.707106781186545,-0.707106781186549,-3.87358628379607E-8));
#9575=DIRECTION('',(5.47807829953373E-8,2.22044604925031E-16,-0.999999999999999));
#9576=DIRECTION('center_axis',(-0.999999999999999,5.71325969688421E-15,
-5.47807829953373E-8));
#9577=DIRECTION('ref_axis',(-5.71325968119608E-15,-1.,-2.86380316246015E-16));
#9578=DIRECTION('',(-5.71325968119608E-15,-1.,-2.86380316246015E-16));
#9579=DIRECTION('',(5.47807829953373E-8,2.22044604925031E-16,-0.999999999999999));
#9580=DIRECTION('center_axis',(-0.707106781186549,-0.707106781186545,-3.87358632917211E-8));
#9581=DIRECTION('ref_axis',(0.707106781186544,-0.70710678118655,3.87358624140669E-8));
#9582=DIRECTION('',(0.707106781186544,-0.70710678118655,3.87358624140669E-8));
#9583=DIRECTION('',(5.47807829953373E-8,2.22044604925031E-16,-0.999999999999999));
#9584=DIRECTION('center_axis',(-0.999999999999999,-8.88178407536349E-16,
-5.47807829953373E-8));
#9585=DIRECTION('ref_axis',(8.88178415115283E-16,-1.,-1.38350216547137E-16));
#9586=DIRECTION('',(8.88178415115284E-16,-1.,-1.38350216547137E-16));
#9587=DIRECTION('',(5.47807829953373E-8,2.22044604925031E-16,-0.999999999999999));
#9588=DIRECTION('center_axis',(-0.70710678118655,-0.707106781186544,-3.87358632917211E-8));
#9589=DIRECTION('ref_axis',(0.707106781186543,-0.707106781186551,3.87358620662671E-8));
#9590=DIRECTION('',(0.707106781186543,-0.707106781186551,3.87358620662671E-8));
#9591=DIRECTION('',(5.47807829953373E-8,2.22044604925031E-16,-0.999999999999999));
#9592=DIRECTION('center_axis',(-0.999999999999999,-3.5766786208186E-15,
-5.47807829953373E-8));
#9593=DIRECTION('ref_axis',(3.57667859699846E-15,-1.,4.34826784803542E-16));
#9594=DIRECTION('',(3.57667859699846E-15,-1.,4.34826784803542E-16));
#9595=DIRECTION('',(5.47807829953373E-8,2.22044604925031E-16,-0.999999999999999));
#9596=DIRECTION('center_axis',(-0.707106781186547,0.707106781186547,-3.87358629777025E-8));
#9597=DIRECTION('ref_axis',(-0.707106781186546,-0.707106781186548,-3.87358628379607E-8));
#9598=DIRECTION('',(-0.707106781186546,-0.707106781186548,-3.87358628379607E-8));
#9599=DIRECTION('',(5.47807829953373E-8,2.22044604925031E-16,-0.999999999999999));
#9600=DIRECTION('center_axis',(-0.999999999999999,-5.92118934302972E-16,
-5.47807829953373E-8));
#9601=DIRECTION('ref_axis',(5.92118948956216E-16,-1.,-2.67488748678549E-16));
#9602=DIRECTION('',(5.92118948956216E-16,-1.,-2.67488748678549E-16));
#9603=DIRECTION('',(5.47807829953373E-8,2.22044604925031E-16,-0.999999999999999));
#9604=DIRECTION('center_axis',(-0.707106781186549,0.707106781186545,-3.87358629777026E-8));
#9605=DIRECTION('ref_axis',(-0.707106781186544,-0.70710678118655,-3.87358632865585E-8));
#9606=DIRECTION('',(-0.707106781186544,-0.70710678118655,-3.87358632865585E-8));
#9607=DIRECTION('',(5.47807829953373E-8,2.22044604925031E-16,-0.999999999999999));
#9608=DIRECTION('center_axis',(-0.999999999999999,-5.19387231901719E-16,
-5.47807829953373E-8));
#9609=DIRECTION('ref_axis',(5.19387251213448E-16,-1.,-3.52527422583335E-16));
#9610=DIRECTION('',(5.19387251213449E-16,-1.,-3.52527422583335E-16));
#9611=DIRECTION('',(5.47807829953373E-8,2.22044604925031E-16,-0.999999999999999));
#9612=DIRECTION('center_axis',(-0.707106781186547,-0.707106781186547,-3.8735863291721E-8));
#9613=DIRECTION('ref_axis',(0.707106781186546,-0.707106781186548,3.87358622525939E-8));
#9614=DIRECTION('',(0.707106781186546,-0.707106781186548,3.87358622525939E-8));
#9615=DIRECTION('',(5.47807829953373E-8,2.22044604925031E-16,-0.999999999999999));
#9616=DIRECTION('center_axis',(-0.999999999999999,2.8529240756464E-15,-5.47807829953373E-8));
#9617=DIRECTION('ref_axis',(-2.85292410936538E-15,-1.,6.15525679731113E-16));
#9618=DIRECTION('',(-2.85292410936538E-15,-1.,6.15525679731114E-16));
#9619=DIRECTION('',(5.47807829953373E-8,2.22044604925031E-16,-0.999999999999999));
#9620=DIRECTION('center_axis',(-0.707106781186546,0.707106781186548,-3.87358629777025E-8));
#9621=DIRECTION('ref_axis',(-0.707106781186546,-0.707106781186547,-3.87358630335824E-8));
#9622=DIRECTION('',(-0.707106781186546,-0.707106781186547,-3.87358630335824E-8));
#9623=DIRECTION('',(5.47807829953373E-8,2.22044604925031E-16,-0.999999999999999));
#9624=DIRECTION('center_axis',(-3.56615507935329E-16,1.,2.22044585389354E-16));
#9625=DIRECTION('ref_axis',(-0.999999999999999,-3.56615495771552E-16,-5.47807813668896E-8));
#9626=DIRECTION('',(-0.999999999999999,-3.56615495771552E-16,-5.47807813668896E-8));
#9627=DIRECTION('',(5.47807829953373E-8,2.22044604925031E-16,-0.999999999999999));
#9628=DIRECTION('center_axis',(0.707106781186546,0.707106781186548,3.8735863291721E-8));
#9629=DIRECTION('ref_axis',(-0.707106781186546,0.707106781186547,-3.87358625376311E-8));
#9630=DIRECTION('',(-0.707106781186546,0.707106781186547,-3.87358625376311E-8));
#9631=DIRECTION('',(5.47807829953373E-8,2.22044604925031E-16,-0.999999999999999));
#9632=DIRECTION('center_axis',(-8.56749835306397E-16,1.,2.22044557991604E-16));
#9633=DIRECTION('ref_axis',(-0.999999999999999,-8.56749823142621E-16,-5.47807825621165E-8));
#9634=DIRECTION('',(-0.999999999999999,-8.56749823142621E-16,-5.47807825621165E-8));
#9635=DIRECTION('',(5.47807829953373E-8,2.22044604925031E-16,-0.999999999999999));
#9636=DIRECTION('center_axis',(-0.707106781186546,0.707106781186548,-3.87358629777025E-8));
#9637=DIRECTION('ref_axis',(-0.707106781186547,-0.707106781186547,-3.87358627168595E-8));
#9638=DIRECTION('',(-0.707106781186547,-0.707106781186547,-3.87358627168595E-8));
#9639=DIRECTION('',(5.47807829953373E-8,2.22044604925031E-16,-0.999999999999999));
#9640=DIRECTION('center_axis',(1.8937910118234E-16,1.,2.22044615299367E-16));
#9641=DIRECTION('ref_axis',(-0.999999999999999,1.89379113346118E-16,-5.47807822892881E-8));
#9642=DIRECTION('',(-0.999999999999999,1.89379113346118E-16,-5.47807822892881E-8));
#9643=DIRECTION('',(5.47807829953373E-8,2.22044604925031E-16,-0.999999999999999));
#9644=DIRECTION('center_axis',(0.707106781186546,0.707106781186548,3.87358632917209E-8));
#9645=DIRECTION('ref_axis',(-0.707106781186547,0.707106781186547,-3.87358624329583E-8));
#9646=DIRECTION('',(-0.707106781186547,0.707106781186547,-3.87358624329583E-8));
#9647=DIRECTION('',(5.47807829953373E-8,2.22044604925031E-16,-0.999999999999999));
#9648=DIRECTION('center_axis',(-2.69139091151496E-15,1.,2.2204445748853E-16));
#9649=DIRECTION('ref_axis',(-0.999999999999999,-2.69139089935118E-15,-5.4780782289288E-8));
#9650=DIRECTION('',(-0.999999999999999,-2.69139089935118E-15,-5.47807822892881E-8));
#9651=DIRECTION('',(5.47807829953373E-8,2.22044604925031E-16,-0.999999999999999));
#9652=DIRECTION('center_axis',(-0.707106781186547,0.707106781186547,-3.87358629777025E-8));
#9653=DIRECTION('ref_axis',(-0.707106781186546,-0.707106781186548,-3.87358628379607E-8));
#9654=DIRECTION('',(-0.707106781186546,-0.707106781186548,-3.87358628379607E-8));
#9655=DIRECTION('',(5.47807829953373E-8,2.22044604925031E-16,-0.999999999999999));
#9656=DIRECTION('center_axis',(-2.31800080157961E-15,1.,2.22044477943132E-16));
#9657=DIRECTION('ref_axis',(-0.999999999999999,-2.31800078941583E-15,-5.47807822884526E-8));
#9658=DIRECTION('',(-0.999999999999999,-2.31800078941583E-15,-5.47807822884526E-8));
#9659=DIRECTION('center_axis',(-5.47807829953373E-8,-2.22044604925031E-16,
0.999999999999999));
#9660=DIRECTION('ref_axis',(-2.71926214689378E-32,1.,2.22044604925031E-16));
#9661=CARTESIAN_POINT('',(0.,0.,0.));
#9662=CARTESIAN_POINT('Origin',(-84.9999999863047,-81.775,0.249997132162274));
#9663=CARTESIAN_POINT('',(-81.4999999452192,-81.775,-2.68980017814613E-6));
#9664=CARTESIAN_POINT('Origin',(-84.9999999726095,-81.775,-2.88153292560267E-6));
#9665=CARTESIAN_POINT('',(-81.9999999999999,-81.775,0.499997310199829));
#9666=CARTESIAN_POINT('',(-81.7499999726096,-81.775,0.249997310199817));
#9667=CARTESIAN_POINT('Origin',(-84.9999999999999,-81.775,0.499997145857474));
#9668=CARTESIAN_POINT('Origin',(-84.9999999999999,-81.775,-1.11022302462516E-14));
#9669=CARTESIAN_POINT('',(-81.9999999999999,-81.775,2.99999728280943));
#9670=CARTESIAN_POINT('',(-81.9999999999999,-81.775,-1.07348362065074E-14));
#9671=CARTESIAN_POINT('Origin',(-84.9999999999999,-81.775,2.99999711846708));
#9672=CARTESIAN_POINT('Origin',(0.,3.22499999999999,1.77483361341046E-6));
#9673=CARTESIAN_POINT('',(-68.75,-56.4643398282202,-1.99134519540678E-6));
#9674=CARTESIAN_POINT('',(-64.5073593128807,-60.7069805153395,-1.75893004161765E-6));
#9675=CARTESIAN_POINT('',(-66.4848349570549,-58.7295048711653,-1.86725768180906E-6));
#9676=CARTESIAN_POINT('',(-63.9319805153395,-61.2823593128807,-1.72741033033219E-6));
#9677=CARTESIAN_POINT('',(-66.4848349570549,-58.7295048711653,-1.86725768180906E-6));
#9678=CARTESIAN_POINT('',(-59.6893398282202,-65.525,-6.66133814775094E-15));
#9679=CARTESIAN_POINT('',(-66.4848349570549,-58.7295048711653,-1.86725768180906E-6));
#9680=CARTESIAN_POINT('',(-81.6893398282201,-87.525,-2.70017236125852E-6));
#9681=CARTESIAN_POINT('',(-38.7259514805719,-44.5616116523516,-3.46604349665824E-7));
#9682=CARTESIAN_POINT('',(-87.0873554684167,-87.525,-2.99587989305294E-6));
#9683=CARTESIAN_POINT('',(-43.7507845153949,-87.525,-6.21868641026424E-7));
#9684=CARTESIAN_POINT('',(-90.7499999999999,-83.8623554684167,-3.19652241786983E-6));
#9685=CARTESIAN_POINT('',(-89.9807854765109,-84.6315699919058,-3.15438424935977E-6));
#9686=CARTESIAN_POINT('',(-90.7499999999999,-78.4643398282203,-3.19652241786983E-6));
#9687=CARTESIAN_POINT('',(-90.75,-37.4125631329237,-3.19652241786983E-6));
#9688=CARTESIAN_POINT('',(-36.7866116523517,-24.5009514805718,-2.40365776171814E-7));
#9689=CARTESIAN_POINT('Origin',(85.0000000136951,-81.775,0.250006444895245));
#9690=CARTESIAN_POINT('',(88.5000000547807,-81.775,6.62293279107828E-6));
#9691=CARTESIAN_POINT('Origin',(85.0000000273903,-81.775,6.43120008136933E-6));
#9692=CARTESIAN_POINT('',(87.9999999999999,-81.775,0.500006622932798));
#9693=CARTESIAN_POINT('',(88.2500000273903,-81.775,0.250006622932789));
#9694=CARTESIAN_POINT('Origin',(84.9999999999999,-81.775,0.500006458590445));
#9695=CARTESIAN_POINT('Origin',(84.9999999999999,-81.775,1.11022302462516E-14));
#9696=CARTESIAN_POINT('',(87.9999999999999,-81.775,3.00000000000002));
#9697=CARTESIAN_POINT('',(87.9999999999999,-81.775,1.14696242859958E-14));
#9698=CARTESIAN_POINT('Origin',(84.9999999999999,-81.775,3.00000643120005));
#9699=CARTESIAN_POINT('Origin',(0.,3.22499999999999,1.77483361341046E-6));
#9700=CARTESIAN_POINT('',(49.6893398282199,-55.525,4.49685448655757E-6));
#9701=CARTESIAN_POINT('',(53.2248737341527,-51.9894660940672,6.66133814775094E-15));
#9702=CARTESIAN_POINT('',(51.9545048711649,-53.2598349570551,4.62094200015528E-6));
#9703=CARTESIAN_POINT('',(52.5177669529661,-51.2823593128807,6.66133814775094E-15));
#9704=CARTESIAN_POINT('',(83.7604076400855,-82.525,8.88178419700125E-15));
#9705=CARTESIAN_POINT('',(53.9319805153393,-51.2823593128807,4.72926967587384E-6));
#9706=CARTESIAN_POINT('',(26.6124368670759,-51.2823593128804,3.23268370738816E-6));
#9707=CARTESIAN_POINT('',(54.5073593128805,-50.7069805153395,4.76078935163216E-6));
#9708=CARTESIAN_POINT('',(51.9545048711649,-53.2598349570551,4.62094200015528E-6));
#9709=CARTESIAN_POINT('',(54.5073593128805,-49.2927669529663,6.66133814775094E-15));
#9710=CARTESIAN_POINT('',(54.5073593128802,-23.3874368670761,4.76078938715929E-6));
#9711=CARTESIAN_POINT('',(55.2144660940671,-49.9998737341529,6.66133814775094E-15));
#9712=CARTESIAN_POINT('',(50.7499999999999,-45.5354076400857,6.66133814775094E-15));
#9713=CARTESIAN_POINT('',(58.7499999999998,-46.4643398282201,6.66133814775094E-15));
#9714=CARTESIAN_POINT('',(51.9545048711649,-53.2598349570551,4.62094200015528E-6));
#9715=CARTESIAN_POINT('',(90.7499999999999,-78.4643398282202,6.74618957363649E-6));
#9716=CARTESIAN_POINT('',(47.7866116523516,-35.5009514805719,4.39262156204379E-6));
#9717=CARTESIAN_POINT('',(90.7499999999999,-83.8623554684168,6.74618957363649E-6));
#9718=CARTESIAN_POINT('',(90.75,-40.5257845153951,6.74618957363649E-6));
#9719=CARTESIAN_POINT('',(87.0873554684167,-87.525,6.54554701329246E-6));
#9720=CARTESIAN_POINT('',(87.8565699919057,-86.755785476511,6.58768521732966E-6));
#9721=CARTESIAN_POINT('',(81.68933982822,-87.525,6.24983951702518E-6));
#9722=CARTESIAN_POINT('',(40.6375631329235,-87.525,4.00099108066598E-6));
#9723=CARTESIAN_POINT('',(22.7259514805716,-28.5616116523518,3.01977898908845E-6));
#9724=CARTESIAN_POINT('Origin',(85.0000000136951,88.2249999999999,0.250006444895317));
#9725=CARTESIAN_POINT('',(88.5000000547807,88.2249999999999,6.62293286213256E-6));
#9726=CARTESIAN_POINT('Origin',(85.0000000273903,88.2249999999999,6.43120011689646E-6));
#9727=CARTESIAN_POINT('',(87.9999999999999,88.2249999999999,0.500006622932834));
#9728=CARTESIAN_POINT('',(88.2500000273903,88.2249999999999,0.25000662293286));
#9729=CARTESIAN_POINT('Origin',(84.9999999999999,88.2249999999999,0.500006458590516));
#9730=CARTESIAN_POINT('Origin',(84.9999999999999,88.2249999999999,4.66293670342566E-14));
#9731=CARTESIAN_POINT('',(87.9999999999999,88.2249999999999,3.00000000000005));
#9732=CARTESIAN_POINT('',(87.9999999999999,88.2249999999999,4.69967610740008E-14));
#9733=CARTESIAN_POINT('Origin',(84.9999999999999,88.2249999999999,3.00000643120012));
#9734=CARTESIAN_POINT('Origin',(0.,3.22499999999999,1.77483361341046E-6));
#9735=CARTESIAN_POINT('',(58.75,52.9143398282201,4.21884749357559E-14));
#9736=CARTESIAN_POINT('',(55.2144660940672,56.4498737341529,4.21884749357559E-14));
#9737=CARTESIAN_POINT('',(56.4848349570549,55.1795048711652,4.86911706287785E-6));
#9738=CARTESIAN_POINT('',(54.5073593128807,55.7427669529664,4.21884749357559E-14));
#9739=CARTESIAN_POINT('',(85.7499999999999,86.9854076400856,4.66293670342566E-14));
#9740=CARTESIAN_POINT('',(54.5073593128807,57.1569805153395,4.76078938715929E-6));
#9741=CARTESIAN_POINT('',(54.507359312881,29.8374368670768,4.76078938715929E-6));
#9742=CARTESIAN_POINT('',(53.9319805153394,57.7323593128807,4.72926967587384E-6));
#9743=CARTESIAN_POINT('',(56.4848349570549,55.1795048711652,4.86911706287785E-6));
#9744=CARTESIAN_POINT('',(52.5177669529664,57.7323593128807,4.21884749357559E-14));
#9745=CARTESIAN_POINT('',(26.6124368670763,57.7323593128807,3.23268370738816E-6));
#9746=CARTESIAN_POINT('',(53.2248737341529,58.4394660940672,4.21884749357559E-14));
#9747=CARTESIAN_POINT('',(51.7604076400856,56.975,4.21884749357559E-14));
#9748=CARTESIAN_POINT('',(49.6893398282202,61.975,4.4968545220847E-6));
#9749=CARTESIAN_POINT('',(56.4848349570549,55.1795048711652,4.86911706287785E-6));
#9750=CARTESIAN_POINT('',(81.6893398282201,93.975,6.24983955255232E-6));
#9751=CARTESIAN_POINT('',(38.7259514805718,51.0116116523516,3.89627150543248E-6));
#9752=CARTESIAN_POINT('',(87.0873554684167,93.975,6.54554708434674E-6));
#9753=CARTESIAN_POINT('',(43.7507845153948,93.9749999999999,4.17153583232022E-6));
#9754=CARTESIAN_POINT('',(90.7499999999999,90.3123554684167,6.74618960916362E-6));
#9755=CARTESIAN_POINT('',(89.980785476511,91.0815699919056,6.70405144065356E-6));
#9756=CARTESIAN_POINT('',(90.7499999999999,84.9143398282202,6.74618960916362E-6));
#9757=CARTESIAN_POINT('',(90.7499999999999,43.8625631329235,6.74618960916362E-6));
#9758=CARTESIAN_POINT('',(30.2866116523517,24.4509514805718,3.43395786917E-6));
#9759=CARTESIAN_POINT('Origin',(-84.9999999863047,88.225,0.24999713216231));
#9760=CARTESIAN_POINT('',(-81.4999999452191,88.225,-2.68980014261899E-6));
#9761=CARTESIAN_POINT('Origin',(-84.9999999726095,88.225,-2.88153289007553E-6));
#9762=CARTESIAN_POINT('',(-81.9999999999999,88.225,0.499997310199864));
#9763=CARTESIAN_POINT('',(-81.7499999726095,88.225,0.249997310199853));
#9764=CARTESIAN_POINT('Origin',(-84.9999999999999,88.225,0.499997145857509));
#9765=CARTESIAN_POINT('Origin',(-84.9999999999999,88.225,2.44249065417534E-14));
#9766=CARTESIAN_POINT('',(-81.9999999999999,88.225,2.99999728280946));
#9767=CARTESIAN_POINT('',(-81.9999999999999,88.225,2.47923005814976E-14));
#9768=CARTESIAN_POINT('Origin',(-84.9999999999999,88.225,2.99999711846712));
#9769=CARTESIAN_POINT('Origin',(0.,3.22499999999999,1.77483361341046E-6));
#9770=CARTESIAN_POINT('',(-59.6893398282201,71.975,2.88657986402541E-14));
#9771=CARTESIAN_POINT('',(-63.9319805153394,67.7323593128807,-1.72741029480505E-6));
#9772=CARTESIAN_POINT('',(-61.954504871165,69.7098349570551,-1.6190826190865E-6));
#9773=CARTESIAN_POINT('',(-64.5073593128807,67.1569805153394,-1.75893000609051E-6));
#9774=CARTESIAN_POINT('',(-61.954504871165,69.7098349570551,-1.6190826190865E-6));
#9775=CARTESIAN_POINT('',(-68.75,62.9143398282201,-1.99134515987964E-6));
#9776=CARTESIAN_POINT('',(-61.954504871165,69.7098349570551,-1.6190826190865E-6));
#9777=CARTESIAN_POINT('',(-90.7499999999999,84.9143398282201,-3.19652238234269E-6));
#9778=CARTESIAN_POINT('',(-47.7866116523517,41.9509514805718,-8.42954370749993E-7));
#9779=CARTESIAN_POINT('',(-90.7499999999999,90.3123554684167,-3.19652238234269E-6));
#9780=CARTESIAN_POINT('',(-90.75,46.975784515395,-3.19652238234269E-6));
#9781=CARTESIAN_POINT('',(-87.0873554684167,93.975,-2.99587985752581E-6));
#9782=CARTESIAN_POINT('',(-87.8565699919058,93.2057854765109,-3.03801802603587E-6));
#9783=CARTESIAN_POINT('',(-81.6893398282201,93.975,-2.70017232573139E-6));
#9784=CARTESIAN_POINT('',(-40.6375631329235,93.975,-4.5132388937219E-7));
#9785=CARTESIAN_POINT('',(-23.7259514805718,36.0116116523517,4.75107417852172E-7));
#9786=CARTESIAN_POINT('Origin',(-11.4027651582789,-73.6547204204489,-2.22044604925031E-15));
#9787=CARTESIAN_POINT('',(-10.6956583770923,-73.6547204204489,3.00000118891706));
#9788=CARTESIAN_POINT('',(-12.1098719394654,-73.6547204204489,3.));
#9789=CARTESIAN_POINT('',(-24.3582923022474,-73.6547204204489,3.));
#9790=CARTESIAN_POINT('',(-10.6956583770923,-73.6547204204489,1.18891705369606E-6));
#9791=CARTESIAN_POINT('',(-10.6956583770923,-73.6547204204489,0.));
#9792=CARTESIAN_POINT('',(-12.1098719394654,-73.6547204204489,-2.22044604925031E-15));
#9793=CARTESIAN_POINT('',(-5.70138257913946,-73.6547204204489,1.46250737742548E-6));
#9794=CARTESIAN_POINT('',(-12.1098719394654,-73.6547204204489,-2.22044604925031E-15));
#9795=CARTESIAN_POINT('Origin',(-11.4027651582789,-74.3618272016355,-2.22044604925031E-15));
#9796=CARTESIAN_POINT('',(-33.2395923599143,-52.525,-4.44089209850063E-15));
#9797=CARTESIAN_POINT('',(-9.23959235991436,-76.525,0.));
#9798=CARTESIAN_POINT('',(-33.2395923599143,-52.525,3.));
#9799=CARTESIAN_POINT('',(-33.2395923599143,-52.525,-4.44089209850063E-15));
#9800=CARTESIAN_POINT('',(-9.23959235991436,-76.525,3.));
#9801=CARTESIAN_POINT('Origin',(11.4027651582788,-73.6547204204491,2.22044604925031E-15));
#9802=CARTESIAN_POINT('',(12.1098719394653,-73.6547204204491,2.22044604925031E-15));
#9803=CARTESIAN_POINT('',(10.6956583770922,-73.6547204204491,2.3607501020706E-6));
#9804=CARTESIAN_POINT('',(5.70138257913932,-73.6547204204491,2.08715977834117E-6));
#9805=CARTESIAN_POINT('',(10.6956583770922,-73.6547204204491,3.00000236075011));
#9806=CARTESIAN_POINT('',(10.6956583770922,-73.6547204204491,0.));
#9807=CARTESIAN_POINT('',(12.1098719394653,-73.6547204204491,3.00000000000001));
#9808=CARTESIAN_POINT('',(21.8582923022473,-73.6547204204491,3.00000000000001));
#9809=CARTESIAN_POINT('',(12.1098719394653,-73.6547204204491,2.22044604925031E-15));
#9810=CARTESIAN_POINT('Origin',(35.2395923599143,-50.525,4.44089209850063E-15));
#9811=CARTESIAN_POINT('',(35.2395923599143,-50.525,3.00000000000001));
#9812=CARTESIAN_POINT('',(35.2395923599143,-50.525,3.00000000000001));
#9813=CARTESIAN_POINT('',(35.2395923599143,-50.525,4.44089209850063E-15));
#9814=CARTESIAN_POINT('',(35.2395923599143,-50.525,4.44089209850063E-15));
#9815=CARTESIAN_POINT('',(35.2395923599143,-50.525,4.44089209850063E-15));
#9816=CARTESIAN_POINT('Origin',(11.4027651582788,80.1047204204489,3.77475828372553E-14));
#9817=CARTESIAN_POINT('',(10.6956583770923,80.1047204204489,3.00000236075015));
#9818=CARTESIAN_POINT('',(12.1098719394654,80.1047204204489,3.00000000000004));
#9819=CARTESIAN_POINT('',(21.8582923022473,80.104720420449,3.00000000000004));
#9820=CARTESIAN_POINT('',(10.6956583770923,80.1047204204489,2.36075013759773E-6));
#9821=CARTESIAN_POINT('',(10.6956583770923,80.1047204204489,3.5527136788005E-14));
#9822=CARTESIAN_POINT('',(12.1098719394654,80.1047204204489,3.77475828372553E-14));
#9823=CARTESIAN_POINT('',(5.70138257913921,80.1047204204489,2.08715981386831E-6));
#9824=CARTESIAN_POINT('',(12.1098719394654,80.1047204204489,3.77475828372553E-14));
#9825=CARTESIAN_POINT('Origin',(11.4027651582788,80.8118272016355,3.77475828372553E-14));
#9826=CARTESIAN_POINT('',(35.2395923599143,56.9749999999999,3.99680288865056E-14));
#9827=CARTESIAN_POINT('',(9.23959235991436,82.9749999999999,3.5527136788005E-14));
#9828=CARTESIAN_POINT('',(35.2395923599143,56.9749999999999,3.00000000000001));
#9829=CARTESIAN_POINT('',(35.2395923599143,56.9749999999999,3.99680288865056E-14));
#9830=CARTESIAN_POINT('',(9.23959235991436,82.9749999999999,3.00000000000004));
#9831=CARTESIAN_POINT('Origin',(-11.4027651582789,80.1047204204489,3.33066907387547E-14));
#9832=CARTESIAN_POINT('',(-12.1098719394654,80.1047204204489,3.33066907387547E-14));
#9833=CARTESIAN_POINT('',(-10.6956583770923,80.1047204204489,1.1889170892232E-6));
#9834=CARTESIAN_POINT('',(-5.70138257913946,80.1047204204489,1.46250741295262E-6));
#9835=CARTESIAN_POINT('',(-10.6956583770923,80.1047204204489,3.00000118891709));
#9836=CARTESIAN_POINT('',(-10.6956583770923,80.1047204204489,3.5527136788005E-14));
#9837=CARTESIAN_POINT('',(-12.1098719394654,80.1047204204489,3.00000000000004));
#9838=CARTESIAN_POINT('',(-24.3582923022474,80.1047204204489,3.00000000000004));
#9839=CARTESIAN_POINT('',(-12.1098719394654,80.1047204204489,3.33066907387547E-14));
#9840=CARTESIAN_POINT('Origin',(-33.2395923599143,58.9749999999999,3.10862446895044E-14));
#9841=CARTESIAN_POINT('',(-33.2395923599143,58.9749999999999,3.));
#9842=CARTESIAN_POINT('',(-33.2395923599143,58.9749999999999,3.));
#9843=CARTESIAN_POINT('',(-33.2395923599143,58.9749999999999,3.10862446895044E-14));
#9844=CARTESIAN_POINT('',(-33.2395923599143,58.9749999999999,3.10862446895044E-14));
#9845=CARTESIAN_POINT('',(-33.2395923599143,58.9749999999999,3.10862446895044E-14));
#9846=CARTESIAN_POINT('Origin',(53.2248737341527,-51.2823593128807,6.66133814775094E-15));
#9847=CARTESIAN_POINT('',(53.9319805153393,-51.2823593128807,3.00000472926965));
#9848=CARTESIAN_POINT('',(52.5177669529661,-51.2823593128807,3.00000000000001));
#9849=CARTESIAN_POINT('',(42.7693465901843,-51.2823593128806,3.00000000000001));
#9850=CARTESIAN_POINT('',(53.9319805153393,-51.2823593128807,6.66133814775094E-15));
#9851=CARTESIAN_POINT('',(52.5177669529661,-51.2823593128807,6.66133814775094E-15));
#9852=CARTESIAN_POINT('Origin',(53.2248737341527,-51.9894660940672,6.66133814775094E-15));
#9853=CARTESIAN_POINT('',(51.7604076400855,-50.525,6.66133814775094E-15));
#9854=CARTESIAN_POINT('',(83.7604076400855,-82.525,8.88178419700125E-15));
#9855=CARTESIAN_POINT('',(51.7604076400855,-50.525,3.00000000000001));
#9856=CARTESIAN_POINT('',(51.7604076400855,-50.525,6.66133814775094E-15));
#9857=CARTESIAN_POINT('',(83.7604076400855,-82.525,3.00000000000002));
#9858=CARTESIAN_POINT('Origin',(54.5073593128805,-49.9998737341529,6.66133814775094E-15));
#9859=CARTESIAN_POINT('',(54.5073593128805,-50.7069805153394,3.00000476078936));
#9860=CARTESIAN_POINT('',(54.5073593128805,-50.7069805153395,6.66133814775094E-15));
#9861=CARTESIAN_POINT('',(54.5073593128805,-49.2927669529663,3.00000000000001));
#9862=CARTESIAN_POINT('',(54.5073593128804,-40.5660533905933,3.00000000000001));
#9863=CARTESIAN_POINT('',(54.5073593128805,-49.2927669529663,6.66133814775094E-15));
#9864=CARTESIAN_POINT('Origin',(50.7499999999999,-45.5354076400857,6.66133814775094E-15));
#9865=CARTESIAN_POINT('',(50.7499999999999,-45.5354076400857,3.00000000000001));
#9866=CARTESIAN_POINT('',(50.7499999999999,-45.5354076400857,3.00000000000001));
#9867=CARTESIAN_POINT('',(50.7499999999999,-45.5354076400857,6.66133814775094E-15));
#9868=CARTESIAN_POINT('',(50.7499999999999,-45.5354076400857,6.66133814775094E-15));
#9869=CARTESIAN_POINT('',(50.7499999999999,-45.5354076400857,6.66133814775094E-15));
#9870=CARTESIAN_POINT('Origin',(54.5073593128807,56.4498737341529,4.21884749357559E-14));
#9871=CARTESIAN_POINT('',(54.5073593128807,57.1569805153395,3.00000476078939));
#9872=CARTESIAN_POINT('',(54.5073593128807,55.7427669529664,3.00000000000001));
#9873=CARTESIAN_POINT('',(54.5073593128812,12.6588203435596,3.00000000000001));
#9874=CARTESIAN_POINT('',(54.5073593128807,57.1569805153395,4.21884749357559E-14));
#9875=CARTESIAN_POINT('',(54.5073593128807,55.7427669529664,4.21884749357559E-14));
#9876=CARTESIAN_POINT('Origin',(55.2144660940672,56.4498737341529,4.21884749357559E-14));
#9877=CARTESIAN_POINT('',(50.7499999999999,51.9854076400856,4.21884749357559E-14));
#9878=CARTESIAN_POINT('',(85.7499999999999,86.9854076400856,4.66293670342566E-14));
#9879=CARTESIAN_POINT('',(50.7499999999999,51.9854076400856,3.00000000000001));
#9880=CARTESIAN_POINT('',(50.7499999999999,51.9854076400856,4.21884749357559E-14));
#9881=CARTESIAN_POINT('',(85.7499999999999,86.9854076400856,3.00000000000005));
#9882=CARTESIAN_POINT('Origin',(53.2248737341529,57.7323593128807,4.21884749357559E-14));
#9883=CARTESIAN_POINT('',(53.9319805153394,57.7323593128807,3.00000472926968));
#9884=CARTESIAN_POINT('',(53.9319805153394,57.7323593128807,4.21884749357559E-14));
#9885=CARTESIAN_POINT('',(52.5177669529664,57.7323593128807,3.00000000000001));
#9886=CARTESIAN_POINT('',(42.7693465901844,57.7323593128807,3.00000000000001));
#9887=CARTESIAN_POINT('',(52.5177669529664,57.7323593128807,4.21884749357559E-14));
#9888=CARTESIAN_POINT('Origin',(51.7604076400856,56.975,4.21884749357559E-14));
#9889=CARTESIAN_POINT('',(51.7604076400856,56.975,3.00000000000001));
#9890=CARTESIAN_POINT('',(51.7604076400856,56.975,3.00000000000001));
#9891=CARTESIAN_POINT('',(51.7604076400856,56.975,4.21884749357559E-14));
#9892=CARTESIAN_POINT('',(51.7604076400856,56.975,4.21884749357559E-14));
#9893=CARTESIAN_POINT('',(51.7604076400856,56.975,4.21884749357559E-14));
#9894=CARTESIAN_POINT('Origin',(-64.5073593128807,66.4498737341529,2.66453525910038E-14));
#9895=CARTESIAN_POINT('',(-64.5073593128807,65.7427669529663,2.66453525910038E-14));
#9896=CARTESIAN_POINT('',(-64.5073593128807,53.0874368670764,2.66453525910038E-14));
#9897=CARTESIAN_POINT('',(-64.5073593128807,67.1569805153394,2.99999824107));
#9898=CARTESIAN_POINT('',(-64.5073593128807,67.1569805153394,2.66453525910038E-14));
#9899=CARTESIAN_POINT('',(-64.5073593128807,65.7427669529663,3.));
#9900=CARTESIAN_POINT('',(-64.5073593128807,34.8374368670764,2.99999824107));
#9901=CARTESIAN_POINT('',(-64.5073593128807,65.7427669529663,2.66453525910038E-14));
#9902=CARTESIAN_POINT('Origin',(-63.75,64.9854076400856,2.66453525910038E-14));
#9903=CARTESIAN_POINT('',(-63.75,64.9854076400856,3.));
#9904=CARTESIAN_POINT('',(-63.75,64.9854076400856,3.));
#9905=CARTESIAN_POINT('',(-63.75,64.9854076400856,2.66453525910038E-14));
#9906=CARTESIAN_POINT('',(-63.75,64.9854076400856,2.66453525910038E-14));
#9907=CARTESIAN_POINT('',(-63.75,64.9854076400856,2.66453525910038E-14));
#9908=CARTESIAN_POINT('Origin',(-63.2248737341529,67.7323593128807,2.66453525910038E-14));
#9909=CARTESIAN_POINT('',(-62.5177669529663,67.7323593128807,3.));
#9910=CARTESIAN_POINT('',(-63.9319805153394,67.7323593128807,2.99999827258971));
#9911=CARTESIAN_POINT('',(-31.6124370314186,67.7323593128806,3.00000004307957));
#9912=CARTESIAN_POINT('',(-63.9319805153394,67.7323593128807,2.66453525910038E-14));
#9913=CARTESIAN_POINT('',(-62.5177669529663,67.7323593128807,2.66453525910038E-14));
#9914=CARTESIAN_POINT('',(-50.2693465901844,67.7323593128806,2.88657986402541E-14));
#9915=CARTESIAN_POINT('',(-62.5177669529663,67.7323593128807,2.66453525910038E-14));
#9916=CARTESIAN_POINT('Origin',(-63.2248737341529,68.4394660940672,2.66453525910038E-14));
#9917=CARTESIAN_POINT('',(-53.7604076400856,58.9749999999999,2.88657986402541E-14));
#9918=CARTESIAN_POINT('',(-83.7604076400856,88.975,2.66453525910038E-14));
#9919=CARTESIAN_POINT('',(-53.7604076400856,58.9749999999999,3.));
#9920=CARTESIAN_POINT('',(-53.7604076400856,58.9749999999999,2.88657986402541E-14));
#9921=CARTESIAN_POINT('',(-83.7604076400856,88.975,3.00000000000003));
#9922=CARTESIAN_POINT('Origin',(-64.5073593128807,-59.999873734153,-8.88178419700125E-15));
#9923=CARTESIAN_POINT('',(-64.5073593128807,-59.2927669529664,3.));
#9924=CARTESIAN_POINT('',(-64.5073593128807,-60.7069805153395,2.99999824106997));
#9925=CARTESIAN_POINT('',(-64.507359312881,-28.3874368670768,2.99999824106997));
#9926=CARTESIAN_POINT('',(-64.5073593128807,-60.7069805153395,-8.88178419700125E-15));
#9927=CARTESIAN_POINT('',(-64.5073593128807,-59.2927669529664,-8.88178419700125E-15));
#9928=CARTESIAN_POINT('',(-64.5073593128808,-46.6374368670765,-8.88178419700125E-15));
#9929=CARTESIAN_POINT('',(-64.5073593128807,-59.2927669529664,-8.88178419700125E-15));
#9930=CARTESIAN_POINT('Origin',(-65.2144660940672,-59.999873734153,-8.88178419700125E-15));
#9931=CARTESIAN_POINT('',(-63.75,-58.5354076400857,-8.88178419700125E-15));
#9932=CARTESIAN_POINT('',(-85.7499999999999,-80.5354076400859,-1.11022302462516E-14));
#9933=CARTESIAN_POINT('',(-63.75,-58.5354076400857,3.));
#9934=CARTESIAN_POINT('',(-63.75,-58.5354076400857,-8.88178419700125E-15));
#9935=CARTESIAN_POINT('',(-85.7499999999999,-80.5354076400859,3.));
#9936=CARTESIAN_POINT('Origin',(-63.224873734153,-61.2823593128807,-8.88178419700125E-15));
#9937=CARTESIAN_POINT('',(-62.5177669529664,-61.2823593128807,-8.88178419700125E-15));
#9938=CARTESIAN_POINT('',(-50.2693465901844,-61.2823593128807,-6.66133814775094E-15));
#9939=CARTESIAN_POINT('',(-63.9319805153395,-61.2823593128807,2.99999827258968));
#9940=CARTESIAN_POINT('',(-63.9319805153395,-61.2823593128807,-8.88178419700125E-15));
#9941=CARTESIAN_POINT('',(-62.5177669529664,-61.2823593128807,3.));
#9942=CARTESIAN_POINT('',(-31.6124370314188,-61.2823593128807,3.00000004307957));
#9943=CARTESIAN_POINT('',(-62.5177669529664,-61.2823593128807,-8.88178419700125E-15));
#9944=CARTESIAN_POINT('Origin',(-53.7604076400858,-52.525,-6.66133814775094E-15));
#9945=CARTESIAN_POINT('',(-53.7604076400858,-52.525,3.));
#9946=CARTESIAN_POINT('',(-53.7604076400858,-52.525,3.));
#9947=CARTESIAN_POINT('',(-53.7604076400858,-52.525,-6.66133814775094E-15));
#9948=CARTESIAN_POINT('',(-53.7604076400858,-52.525,-6.66133814775094E-15));
#9949=CARTESIAN_POINT('',(-53.7604076400858,-52.525,-6.66133814775094E-15));
#9950=CARTESIAN_POINT('Origin',(48.9964218076546,15.5422866913301,6.66133814775094E-15));
#9951=CARTESIAN_POINT('',(51.2172131929255,11.0625449997695,6.66133814775094E-15));
#9952=CARTESIAN_POINT('',(45.4608879017218,12.0067527853974,4.44089209850063E-15));
#9953=CARTESIAN_POINT('Origin',(48.9964218076546,15.5422866913301,6.66133814775094E-15));
#9954=CARTESIAN_POINT('',(45.4608879017218,12.0067527853974,3.00000000000001));
#9955=CARTESIAN_POINT('',(45.4608879017218,12.0067527853974,4.44089209850063E-15));
#9956=CARTESIAN_POINT('',(51.2172131929255,11.0625449997695,3.00000000000001));
#9957=CARTESIAN_POINT('Origin',(48.9964218076546,15.5422866913301,3.00000000000001));
#9958=CARTESIAN_POINT('',(51.2172131929255,11.0625449997695,6.66133814775094E-15));
#9959=CARTESIAN_POINT('Origin',(47.9999999999999,9.46764068711926,6.66133814775094E-15));
#9960=CARTESIAN_POINT('',(29.2426406871192,28.225,4.44089209850063E-15));
#9961=CARTESIAN_POINT('',(47.9999999999999,9.46764068711926,6.66133814775094E-15));
#9962=CARTESIAN_POINT('',(29.2426406871192,28.225,3.00000000000001));
#9963=CARTESIAN_POINT('',(29.2426406871192,28.225,4.44089209850063E-15));
#9964=CARTESIAN_POINT('',(47.9999999999999,9.46764068711926,3.00000000000001));
#9965=CARTESIAN_POINT('Origin',(48.9964218076546,-9.09228669133005,6.66133814775094E-15));
#9966=CARTESIAN_POINT('',(45.4608879017218,-5.55675278539732,4.44089209850063E-15));
#9967=CARTESIAN_POINT('',(51.2172131929255,-4.61254499976943,6.66133814775094E-15));
#9968=CARTESIAN_POINT('Origin',(48.9964218076546,-9.09228669133005,6.66133814775094E-15));
#9969=CARTESIAN_POINT('',(51.2172131929255,-4.61254499976943,3.00000000000001));
#9970=CARTESIAN_POINT('',(51.2172131929255,-4.61254499976943,6.66133814775094E-15));
#9971=CARTESIAN_POINT('',(45.4608879017218,-5.55675278539732,3.00000000000001));
#9972=CARTESIAN_POINT('Origin',(48.9964218076546,-9.09228669133005,3.00000000000001));
#9973=CARTESIAN_POINT('',(45.4608879017218,-5.55675278539732,4.44089209850063E-15));
#9974=CARTESIAN_POINT('Origin',(48.,-3.01764068711917,6.66133814775094E-15));
#9975=CARTESIAN_POINT('',(67.887769835243,-12.8768225246713,8.88178419700125E-15));
#9976=CARTESIAN_POINT('',(48.,-3.01764068711917,6.66133814775094E-15));
#9977=CARTESIAN_POINT('',(67.887769835243,-12.8768225246713,3.00000000000002));
#9978=CARTESIAN_POINT('',(67.887769835243,-12.8768225246713,8.88178419700125E-15));
#9979=CARTESIAN_POINT('',(48.,-3.01764068711917,3.00000000000001));
#9980=CARTESIAN_POINT('Origin',(-60.7750841156648,13.7636243833199,-6.66133814775094E-15));
#9981=CARTESIAN_POINT('',(-57.2395502097321,10.2280904773871,-6.66133814775094E-15));
#9982=CARTESIAN_POINT('',(-59.0058621752245,9.08710284210312,-6.66133814775094E-15));
#9983=CARTESIAN_POINT('Origin',(-60.7750841156648,13.7636243833199,-6.66133814775094E-15));
#9984=CARTESIAN_POINT('',(-59.0058621752245,9.08710284210312,3.));
#9985=CARTESIAN_POINT('',(-59.0058621752245,9.08710284210312,-6.66133814775094E-15));
#9986=CARTESIAN_POINT('',(-57.2395502097321,10.2280904773871,3.));
#9987=CARTESIAN_POINT('Origin',(-60.7750841156648,13.7636243833199,3.));
#9988=CARTESIAN_POINT('',(-57.2395502097321,10.2280904773871,-6.66133814775094E-15));
#9989=CARTESIAN_POINT('Origin',(-57.9999999999999,9.46764068711928,-6.66133814775094E-15));
#9990=CARTESIAN_POINT('',(-62.7290991858109,7.67852756867987,-8.88178419700125E-15));
#9991=CARTESIAN_POINT('',(-65.7499999999999,6.53566017177984,-8.88178419700125E-15));
#9992=CARTESIAN_POINT('',(-62.7290991858109,7.67852756867987,3.));
#9993=CARTESIAN_POINT('',(-62.7290991858109,7.67852756867987,-8.88178419700125E-15));
#9994=CARTESIAN_POINT('',(-65.7499999999999,6.53566017177984,3.));
#9995=CARTESIAN_POINT('Origin',(-60.7750841156648,-7.3136243833198,-6.66133814775094E-15));
#9996=CARTESIAN_POINT('',(-59.0058621752245,-2.637102842103,-6.66133814775094E-15));
#9997=CARTESIAN_POINT('',(-57.239550209732,-3.77809047738709,-6.66133814775094E-15));
#9998=CARTESIAN_POINT('Origin',(-60.7750841156648,-7.3136243833198,-6.66133814775094E-15));
#9999=CARTESIAN_POINT('',(-57.239550209732,-3.77809047738709,3.));
#10000=CARTESIAN_POINT('',(-57.239550209732,-3.77809047738709,-6.66133814775094E-15));
#10001=CARTESIAN_POINT('',(-59.0058621752245,-2.637102842103,3.));
#10002=CARTESIAN_POINT('Origin',(-60.7750841156648,-7.3136243833198,3.));
#10003=CARTESIAN_POINT('',(-59.0058621752245,-2.637102842103,-6.66133814775094E-15));
#10004=CARTESIAN_POINT('Origin',(-57.9999999999999,-3.01764068711916,-6.66133814775094E-15));
#10005=CARTESIAN_POINT('',(-39.2426406871193,-21.775,-4.44089209850063E-15));
#10006=CARTESIAN_POINT('',(-57.9999999999999,-3.01764068711916,-6.66133814775094E-15));
#10007=CARTESIAN_POINT('',(-39.2426406871193,-21.775,3.));
#10008=CARTESIAN_POINT('',(-39.2426406871193,-21.775,-4.44089209850063E-15));
#10009=CARTESIAN_POINT('',(-57.9999999999999,-3.01764068711916,3.));
#10010=CARTESIAN_POINT('Origin',(-64.4983211262512,-5.90504910989664,-8.88178419700125E-15));
#10011=CARTESIAN_POINT('',(-62.7290991858109,-1.22852756867984,3.));
#10012=CARTESIAN_POINT('',(-68.0338550321839,-2.36951520396391,2.99999804788579));
#10013=CARTESIAN_POINT('Origin',(-64.4983211262512,-5.90504910989664,2.99999824156511));
#10014=CARTESIAN_POINT('',(-68.0338550321839,-2.36951520396391,-1.95211421250008E-6));
#10015=CARTESIAN_POINT('',(-68.0338550321839,-2.36951520396389,-8.88178419700125E-15));
#10016=CARTESIAN_POINT('',(-62.7290991858109,-1.22852756867984,-8.88178419700125E-15));
#10017=CARTESIAN_POINT('Origin',(-64.4983211262512,-5.90504910989664,-8.88178419700125E-15));
#10018=CARTESIAN_POINT('',(-62.7290991858109,-1.22852756867984,-8.88178419700125E-15));
#10019=CARTESIAN_POINT('Origin',(-65.7499999999999,-0.0856601717798977,
-8.88178419700125E-15));
#10020=CARTESIAN_POINT('',(-65.7499999999999,-0.0856601717798977,3.));
#10021=CARTESIAN_POINT('',(-65.7499999999999,-0.0856601717798977,-8.88178419700125E-15));
#10022=CARTESIAN_POINT('Origin',(-64.4983211262513,12.3550491098966,-8.88178419700125E-15));
#10023=CARTESIAN_POINT('',(-68.033855032184,8.81951520396389,2.99999804788579));
#10024=CARTESIAN_POINT('Origin',(-64.4983211262513,12.3550491098966,2.99999824156511));
#10025=CARTESIAN_POINT('',(-68.033855032184,8.81951520396389,-1.95211421250008E-6));
#10026=CARTESIAN_POINT('Origin',(-64.4983211262513,12.3550491098966,-8.88178419700125E-15));
#10027=CARTESIAN_POINT('',(-68.033855032184,8.81951520396389,-8.88178419700125E-15));
#10028=CARTESIAN_POINT('Origin',(-75.7499999999999,16.5356601717798,-8.88178419700125E-15));
#10029=CARTESIAN_POINT('',(-69.3490380076105,10.1346981793904,-2.0241609721694E-6));
#10030=CARTESIAN_POINT('',(-53.4848349570548,-5.72950487116517,-1.15510751852455E-6));
#10031=CARTESIAN_POINT('',(-69.3490380076105,10.1346981793904,2.99999797583903));
#10032=CARTESIAN_POINT('',(-69.3490380076105,10.1346981793904,-8.88178419700125E-15));
#10033=CARTESIAN_POINT('',(-53.484835039226,-5.729504788994,2.99999884489249));
#10034=CARTESIAN_POINT('Origin',(-65.8135041016778,-7.22023208532325,-8.88178419700125E-15));
#10035=CARTESIAN_POINT('',(-70.7499999999999,-8.01459235991442,-8.88178419700125E-15));
#10036=CARTESIAN_POINT('',(-69.3490380076105,-3.6846981793905,-2.0241609721694E-6));
#10037=CARTESIAN_POINT('Origin',(-65.8135041016778,-7.22023208532325,-1.83048165958155E-6));
#10038=CARTESIAN_POINT('',(-69.3490380076105,-3.6846981793905,2.99999797583903));
#10039=CARTESIAN_POINT('',(-69.3490380076105,-3.6846981793905,-8.88178419700125E-15));
#10040=CARTESIAN_POINT('',(-70.7499999999999,-8.01459235991442,3.));
#10041=CARTESIAN_POINT('Origin',(-65.8135041016778,-7.22023208532325,2.99999816951835));
#10042=CARTESIAN_POINT('',(-70.7499999999999,-8.01459235991442,-8.88178419700125E-15));
#10043=CARTESIAN_POINT('Origin',(-65.8135041016778,13.6702320853231,-8.88178419700125E-15));
#10044=CARTESIAN_POINT('',(-70.7499999999999,14.4645923599143,3.));
#10045=CARTESIAN_POINT('Origin',(-65.8135041016778,13.6702320853231,2.99999816951835));
#10046=CARTESIAN_POINT('',(-70.7499999999999,14.4645923599143,-8.88178419700125E-15));
#10047=CARTESIAN_POINT('Origin',(-65.8135041016778,13.6702320853231,-1.83048162405441E-6));
#10048=CARTESIAN_POINT('',(-70.7499999999999,14.4645923599143,-8.88178419700125E-15));
#10049=CARTESIAN_POINT('Origin',(30.5991397417709,0.249999999999835,0.250000000000026));
#10050=CARTESIAN_POINT('',(-1.57327948354173,0.500000000000016,0.500000000000007));
#10051=CARTESIAN_POINT('',(1.57327948354173,0.499999999999998,0.500000000000007));
#10052=CARTESIAN_POINT('',(30.5991397417709,0.499999999999838,0.500000000000012));
#10053=CARTESIAN_POINT('',(1.8619546181365,-8.88178419700125E-15,0.));
#10054=CARTESIAN_POINT('',(1.57327948354173,0.499999999999998,0.500000000000007));
#10055=CARTESIAN_POINT('',(-1.8619546181365,8.88178419700125E-15,0.));
#10056=CARTESIAN_POINT('',(30.5991397417709,-1.68753899743024E-13,4.44089209850063E-15));
#10057=CARTESIAN_POINT('',(-1.57327948354173,0.500000000000016,0.500000000000007));
#10058=CARTESIAN_POINT('Origin',(29.0258602582291,6.19999999999997,0.250000000000026));
#10059=CARTESIAN_POINT('',(-1.8619546181365,6.44999999999997,0.));
#10060=CARTESIAN_POINT('',(1.86195461813657,6.44999999999997,0.));
#10061=CARTESIAN_POINT('',(29.0258602582291,6.44999999999997,4.44089209850063E-15));
#10062=CARTESIAN_POINT('',(1.57327948354176,5.94999999999996,0.500000000000007));
#10063=CARTESIAN_POINT('',(1.86195461813657,6.44999999999997,0.));
#10064=CARTESIAN_POINT('',(-1.57327948354169,5.94999999999996,0.500000000000007));
#10065=CARTESIAN_POINT('',(29.0258602582291,5.94999999999996,0.500000000000012));
#10066=CARTESIAN_POINT('',(-1.57327948354169,5.94999999999996,0.500000000000007));
#10067=CARTESIAN_POINT('Origin',(2.9843112915259,2.44397878252436,0.250000000000021));
#10068=CARTESIAN_POINT('',(3.14655896708345,3.22499999999997,0.500000000000007));
#10069=CARTESIAN_POINT('',(2.76780494057981,2.56897878252437,0.500000000000007));
#10070=CARTESIAN_POINT('',(3.72390923627307,3.22499999999997,0.));
#10071=CARTESIAN_POINT('',(3.14655896708345,3.22499999999997,0.500000000000007));
#10072=CARTESIAN_POINT('',(3.20081764247202,2.31897878252437,0.));
#10073=CARTESIAN_POINT('Origin',(17.0747898609914,-20.3994035677994,0.250000000000024));
#10074=CARTESIAN_POINT('',(17.2912962119376,-20.2744035677994,2.22044604925031E-15));
#10075=CARTESIAN_POINT('',(16.8582835100453,-20.5244035677994,0.500000000000009));
#10076=CARTESIAN_POINT('Origin',(-2.95517960276229,4.05647878252442,0.250000000000021));
#10077=CARTESIAN_POINT('',(-3.72390923627307,3.22500000000001,0.));
#10078=CARTESIAN_POINT('',(-3.17168595370841,4.18147878252442,0.));
#10079=CARTESIAN_POINT('',(-3.14655896708341,3.22500000000001,0.500000000000007));
#10080=CARTESIAN_POINT('',(-2.73867325181619,3.93147878252441,0.500000000000007));
#10081=CARTESIAN_POINT('',(-3.14655896708341,3.22500000000001,0.500000000000007));
#10082=CARTESIAN_POINT('Origin',(12.708578450245,-24.7369035677994,0.250000000000024));
#10083=CARTESIAN_POINT('',(12.4920720992989,-24.8619035677994,2.22044604925031E-15));
#10084=CARTESIAN_POINT('',(12.9250848011911,-24.6119035677993,0.500000000000009));
#10085=CARTESIAN_POINT('Origin',(-1.57327948354173,0.500000000000016,0.));
#10086=CARTESIAN_POINT('',(-3.14655896708341,3.22500000000001,3.00000000000001));
#10087=CARTESIAN_POINT('',(-3.14655896708341,3.22500000000001,0.));
#10088=CARTESIAN_POINT('',(-1.57327948354173,0.500000000000016,3.00000000000001));
#10089=CARTESIAN_POINT('',(-1.57327948354173,0.500000000000016,3.00000000000001));
#10090=CARTESIAN_POINT('',(-1.57327948354173,0.500000000000016,0.));
#10091=CARTESIAN_POINT('Origin',(-3.14655896708341,3.22500000000001,0.));
#10092=CARTESIAN_POINT('',(-1.57327948354169,5.94999999999996,3.00000000000001));
#10093=CARTESIAN_POINT('',(-1.57327948354169,5.94999999999996,0.));
#10094=CARTESIAN_POINT('',(-3.14655896708341,3.22500000000001,3.00000000000001));
#10095=CARTESIAN_POINT('Origin',(-1.57327948354169,5.94999999999996,0.));
#10096=CARTESIAN_POINT('',(1.57327948354176,5.94999999999996,3.00000000000001));
#10097=CARTESIAN_POINT('',(1.57327948354176,5.94999999999996,0.));
#10098=CARTESIAN_POINT('',(-1.57327948354169,5.94999999999996,3.00000000000001));
#10099=CARTESIAN_POINT('Origin',(-20.2902535262566,-47.5812499940697,0.250000663317633));
#10100=CARTESIAN_POINT('',(-1.8619546181365,-80.,1.67283424445941E-6));
#10101=CARTESIAN_POINT('',(-3.72390923627304,-76.7749999999999,1.57083491103549E-6));
#10102=CARTESIAN_POINT('',(-20.5067598737789,-47.7062499999999,6.51457232603292E-7));
#10103=CARTESIAN_POINT('',(-3.14655896708345,-76.7749999999999,0.500001602462596));
#10104=CARTESIAN_POINT('',(-3.72390923627304,-76.7749999999999,1.57083491103549E-6));
#10105=CARTESIAN_POINT('',(-1.57327948354173,-79.4999999999999,0.500001688648091));
#10106=CARTESIAN_POINT('',(-20.0737471787343,-47.4562499881395,0.500000675177998));
#10107=CARTESIAN_POINT('',(-1.8619546181365,-80.,1.67283424445941E-6));
#10108=CARTESIAN_POINT('Origin',(15.1374023668917,-44.6062500059303,0.250002604072324));
#10109=CARTESIAN_POINT('',(-1.8619546181365,-73.55,1.67283424445941E-6));
#10110=CARTESIAN_POINT('',(14.9208960193694,-44.4812500000001,2.59221192289161E-6));
#10111=CARTESIAN_POINT('',(-1.57327948354173,-74.05,0.500001688648091));
#10112=CARTESIAN_POINT('',(-1.8619546181365,-73.55,1.67283424445941E-6));
#10113=CARTESIAN_POINT('',(15.353908714414,-44.7312500118605,0.500002615932724));
#10114=CARTESIAN_POINT('Origin',(0.786639728075613,-73.7999999999999,0.250001817926311));
#10115=CARTESIAN_POINT('',(1.86195461813654,-73.55,1.87683291130725E-6));
#10116=CARTESIAN_POINT('',(0.786639741770827,-73.55,1.81792632503175E-6));
#10117=CARTESIAN_POINT('',(1.57327948354173,-74.05,0.500001861019044));
#10118=CARTESIAN_POINT('',(1.86195461813654,-73.55,1.87683291130725E-6));
#10119=CARTESIAN_POINT('',(0.786639714380435,-74.05,0.500001817926297));
#10120=CARTESIAN_POINT('Origin',(19.5036137776382,-48.9437500059301,0.250002843256818));
#10121=CARTESIAN_POINT('',(1.57327948354173,-79.4999999999999,0.500001861019044));
#10122=CARTESIAN_POINT('',(3.14655896708345,-76.7749999999999,0.500001947204538));
#10123=CARTESIAN_POINT('',(19.2871074232682,-48.8187500118603,0.500002831396424));
#10124=CARTESIAN_POINT('',(3.72390923627307,-76.7749999999999,1.97883224473117E-6));
#10125=CARTESIAN_POINT('',(3.14655896708345,-76.7749999999999,0.500001947204538));
#10126=CARTESIAN_POINT('',(1.86195461813654,-80.,1.87683291130725E-6));
#10127=CARTESIAN_POINT('',(19.7201201320081,-49.0687499999999,2.85511717601494E-6));
#10128=CARTESIAN_POINT('',(1.86195461813654,-80.,1.87683291130725E-6));
#10129=CARTESIAN_POINT('Origin',(-14.3507626319685,-45.9687499940699,0.250000988687586));
#10130=CARTESIAN_POINT('',(-14.1342562775986,-45.8437500000001,1.00054798002347E-6));
#10131=CARTESIAN_POINT('',(-14.5672689863384,-46.0937499881397,0.500000976827193));
#10132=CARTESIAN_POINT('Origin',(-0.786639755466112,-79.7499999999999,0.250001731740817));
#10133=CARTESIAN_POINT('',(-0.78663976916129,-79.4999999999999,0.500001731740802));
#10134=CARTESIAN_POINT('',(-0.786639741770898,-80.,1.73174083073491E-6));
#10135=CARTESIAN_POINT('Origin',(1.57327948354173,-74.05,0.));
#10136=CARTESIAN_POINT('',(1.57327948354173,-74.05,3.00000000000001));
#10137=CARTESIAN_POINT('',(1.57327948354173,-74.05,0.));
#10138=CARTESIAN_POINT('',(-1.57327948354173,-74.05,3.00000000000001));
#10139=CARTESIAN_POINT('',(0.786639577428474,-74.05,3.0000018179263));
#10140=CARTESIAN_POINT('',(-1.57327948354173,-74.05,0.));
#10141=CARTESIAN_POINT('Origin',(3.14655896708345,-76.7749999999999,0.));
#10142=CARTESIAN_POINT('',(3.14655896708345,-76.7749999999999,3.00000000000001));
#10143=CARTESIAN_POINT('',(3.14655896708345,-76.7749999999999,0.));
#10144=CARTESIAN_POINT('',(-14.5672690205764,-46.0937499288378,3.00000097682719));
#10145=CARTESIAN_POINT('Origin',(1.57327948354173,-79.4999999999999,0.));
#10146=CARTESIAN_POINT('',(1.57327948354173,-79.4999999999999,3.00000000000001));
#10147=CARTESIAN_POINT('',(1.57327948354173,-79.4999999999999,0.));
#10148=CARTESIAN_POINT('',(19.2871073890302,-48.8187500711622,3.00000283139642));
#10149=CARTESIAN_POINT('Origin',(0.,3.22499999999999,1.77483361341046E-6));
#10150=CARTESIAN_POINT('',(-14.9382990642116,-77.8973611075682,-2.22044604925031E-15));
#10151=CARTESIAN_POINT('',(-11.4027651582789,-74.3618272016355,-2.22044604925031E-15));
#10152=CARTESIAN_POINT('',(9.07686597873333,-53.8821960646232,2.27207138436825E-6));
#10153=CARTESIAN_POINT('',(-9.23959235991436,-76.525,0.));
#10154=CARTESIAN_POINT('',(-4.71593795664347,-67.675,1.51649079072058E-6));
#10155=CARTESIAN_POINT('',(9.07686597873333,-53.8821960646232,2.27207138436825E-6));
#10156=CARTESIAN_POINT('',(4.71593795664333,-67.675,2.03317632951894E-6));
#10157=CARTESIAN_POINT('',(-4.71593795664347,-67.675,1.51649079072058E-6));
#10158=CARTESIAN_POINT('',(-14.1880465325175,-48.7710155108391,9.97601288243999E-7));
#10159=CARTESIAN_POINT('',(11.4027651582788,-74.3618272016356,2.22044604925031E-15));
#10160=CARTESIAN_POINT('',(35.2395923599143,-50.525,4.44089209850063E-15));
#10161=CARTESIAN_POINT('',(14.9382990642115,-77.8973611075683,2.22044604925031E-15));
#10162=CARTESIAN_POINT('',(-14.1880465325175,-48.7710155108391,9.97601288243999E-7));
#10163=CARTESIAN_POINT('',(11.3106601717799,-81.525,2.39444037930525E-6));
#10164=CARTESIAN_POINT('',(29.5240485194281,-63.3116116523518,3.39218406697483E-6));
#10165=CARTESIAN_POINT('',(-11.3106601717798,-81.525,1.1552267764614E-6));
#10166=CARTESIAN_POINT('',(-5.86243686707643,-81.525,1.4536847103841E-6));
#10167=CARTESIAN_POINT('',(-41.5240485194281,-51.3116116523516,-4.99886287919082E-7));
#10168=CARTESIAN_POINT('Origin',(67.030254549432,19.739258081619,0.250005446803394));
#10169=CARTESIAN_POINT('',(78.1380453818633,-2.66453525910038E-14,6.05529685948625E-6));
#10170=CARTESIAN_POINT('',(76.2760907637268,3.22500000000001,5.95329752606233E-6));
#10171=CARTESIAN_POINT('',(66.8137482019097,19.6142580756888,5.43494299343195E-6));
#10172=CARTESIAN_POINT('',(76.8534410329164,3.22499999999999,0.500005984925211));
#10173=CARTESIAN_POINT('',(76.2760907637268,3.22500000000001,5.95329752606233E-6));
#10174=CARTESIAN_POINT('',(78.4267205164581,0.49999999999998,0.500006071110706));
#10175=CARTESIAN_POINT('',(67.2467608969543,19.8642580875492,0.500005458663759));
#10176=CARTESIAN_POINT('',(78.1380453818633,-2.66453525910038E-14,6.05529685948625E-6));
#10177=CARTESIAN_POINT('Origin',(67.8168942912026,-11.9267580816192,0.250005489896106));
#10178=CARTESIAN_POINT('',(78.1380453818633,6.45,6.05529685948625E-6));
#10179=CARTESIAN_POINT('',(67.6003879436803,-11.801758075689,5.47803574058037E-6));
#10180=CARTESIAN_POINT('',(78.4267205164582,5.94999999999998,0.500006071110706));
#10181=CARTESIAN_POINT('',(78.1380453818633,6.45,6.05529685948625E-6));
#10182=CARTESIAN_POINT('',(68.0334006387249,-12.0517580875494,0.500005501756506));
#10183=CARTESIAN_POINT('Origin',(40.7866397280755,6.19999999999998,0.250004009157618));
#10184=CARTESIAN_POINT('',(81.8619546181365,6.45,6.25929549080695E-6));
#10185=CARTESIAN_POINT('',(40.7866397417706,6.45,4.00915763254517E-6));
#10186=CARTESIAN_POINT('',(81.5732794835417,5.94999999999998,0.500006243481659));
#10187=CARTESIAN_POINT('',(81.8619546181365,6.45,6.25929549080695E-6));
#10188=CARTESIAN_POINT('',(40.7866397143803,5.94999999999998,0.50000400915764));
#10189=CARTESIAN_POINT('Origin',(72.1831057019491,-16.2642580816192,0.2500057290806));
#10190=CARTESIAN_POINT('',(81.5732794835416,0.49999999999998,0.500006243481659));
#10191=CARTESIAN_POINT('',(83.1465589670834,3.22499999999997,0.50000632966712));
#10192=CARTESIAN_POINT('',(71.9665993475792,-16.1392580875494,0.500005717220207));
#10193=CARTESIAN_POINT('',(83.723909236273,3.22499999999999,6.36129482423087E-6));
#10194=CARTESIAN_POINT('',(83.1465589670834,3.22499999999997,0.50000632966712));
#10195=CARTESIAN_POINT('',(81.8619546181364,-2.66453525910038E-14,6.25929549080695E-6));
#10196=CARTESIAN_POINT('',(72.399612056319,-16.389258075689,5.7409409937037E-6));
#10197=CARTESIAN_POINT('',(81.8619546181364,-2.66453525910038E-14,6.25929549080695E-6));
#10198=CARTESIAN_POINT('Origin',(72.9697454437205,21.3517580816189,0.250005772173347));
#10199=CARTESIAN_POINT('',(73.1862517980904,21.4767580756887,5.78403374085212E-6));
#10200=CARTESIAN_POINT('',(72.7532390893506,21.2267580875491,0.500005760312954));
#10201=CARTESIAN_POINT('Origin',(39.2133602445337,0.249999999999977,0.25000392297216));
#10202=CARTESIAN_POINT('',(39.2133602308385,0.49999999999998,0.500003922972145));
#10203=CARTESIAN_POINT('',(39.2133602582289,-2.66453525910038E-14,3.92297213824833E-6));
#10204=CARTESIAN_POINT('Origin',(81.5732794835417,5.94999999999998,8.88178419700125E-15));
#10205=CARTESIAN_POINT('',(81.5732794835417,5.94999999999998,3.00000000000002));
#10206=CARTESIAN_POINT('',(81.5732794835417,5.94999999999998,8.88178419700125E-15));
#10207=CARTESIAN_POINT('',(78.4267205164582,5.94999999999998,3.00000000000002));
#10208=CARTESIAN_POINT('',(40.7866395774283,5.95,3.0000040091576));
#10209=CARTESIAN_POINT('',(78.4267205164582,5.94999999999998,8.88178419700125E-15));
#10210=CARTESIAN_POINT('Origin',(83.1465589670834,3.22499999999997,8.88178419700125E-15));
#10211=CARTESIAN_POINT('',(83.1465589670834,3.22499999999997,3.00000000000002));
#10212=CARTESIAN_POINT('',(83.1465589670834,3.22499999999997,8.88178419700125E-15));
#10213=CARTESIAN_POINT('',(72.7532390551126,21.226758146851,3.00000576031295));
#10214=CARTESIAN_POINT('Origin',(81.5732794835416,0.49999999999998,8.88178419700125E-15));
#10215=CARTESIAN_POINT('',(81.5732794835416,0.49999999999998,3.00000000000002));
#10216=CARTESIAN_POINT('',(81.5732794835416,0.49999999999998,8.88178419700125E-15));
#10217=CARTESIAN_POINT('',(71.9665993133412,-16.1392581468513,3.00000571722021));
#10218=CARTESIAN_POINT('Origin',(-0.786639755466041,80.2499999999999,0.250001731740888));
#10219=CARTESIAN_POINT('',(1.86195461813654,80.,1.87683294683438E-6));
#10220=CARTESIAN_POINT('',(-1.86195461813654,80.,1.67283427998655E-6));
#10221=CARTESIAN_POINT('',(-0.786639741770863,80.,1.73174086626204E-6));
#10222=CARTESIAN_POINT('',(-1.57327948354173,80.5,0.500001688648126));
#10223=CARTESIAN_POINT('',(-1.86195461813654,80.,1.67283427998655E-6));
#10224=CARTESIAN_POINT('',(1.57327948354173,80.5,0.500001861019079));
#10225=CARTESIAN_POINT('',(-0.786639769161255,80.5,0.500001731740873));
#10226=CARTESIAN_POINT('',(1.57327948354173,80.5,0.500001861019079));
#10227=CARTESIAN_POINT('Origin',(14.3507626251208,52.4187500059301,0.250002560979612));
#10228=CARTESIAN_POINT('',(-3.72390923627307,83.225,1.57083494656263E-6));
#10229=CARTESIAN_POINT('',(14.1342562775985,52.2937499999999,2.54911921127032E-6));
#10230=CARTESIAN_POINT('',(-3.14655896708345,83.225,0.500001602462667));
#10231=CARTESIAN_POINT('',(-3.72390923627307,83.225,1.57083494656263E-6));
#10232=CARTESIAN_POINT('',(14.5672689726431,52.5437500118603,0.500002572840013));
#10233=CARTESIAN_POINT('Origin',(-19.5036137844859,55.3937499940699,0.25000070641038));
#10234=CARTESIAN_POINT('',(-1.86195461813654,86.45,1.67283427998655E-6));
#10235=CARTESIAN_POINT('',(-19.7201201320082,55.5187500000001,6.9455001527885E-7));
#10236=CARTESIAN_POINT('',(-1.57327948354173,85.95,0.500001688648126));
#10237=CARTESIAN_POINT('',(-1.86195461813654,86.45,1.67283427998655E-6));
#10238=CARTESIAN_POINT('',(-19.2871074369636,55.2687499881397,0.500000718270781));
#10239=CARTESIAN_POINT('Origin',(0.78663972807572,86.2,0.250001817926382));
#10240=CARTESIAN_POINT('',(1.86195461813657,86.45,1.87683294683438E-6));
#10241=CARTESIAN_POINT('',(0.786639741770934,86.45,1.81792636055889E-6));
#10242=CARTESIAN_POINT('',(1.57327948354176,85.95,0.500001861019115));
#10243=CARTESIAN_POINT('',(1.86195461813657,86.45,1.87683294683438E-6));
#10244=CARTESIAN_POINT('',(0.786639714380541,85.95,0.500001817926368));
#10245=CARTESIAN_POINT('Origin',(20.2902535194091,54.0312500059302,0.250002886349565));
#10246=CARTESIAN_POINT('',(3.14655896708349,83.2249999999999,0.500001947204574));
#10247=CARTESIAN_POINT('',(20.0737471650391,53.9062500118603,0.500002874489207));
#10248=CARTESIAN_POINT('',(3.72390923627311,83.2249999999999,1.9788322802583E-6));
#10249=CARTESIAN_POINT('',(20.506759873779,54.15625,2.8982099586905E-6));
#10250=CARTESIAN_POINT('',(3.72390923627311,83.2249999999999,1.9788322802583E-6));
#10251=CARTESIAN_POINT('Origin',(-15.1374023737394,51.0562499940699,0.250000945594875));
#10252=CARTESIAN_POINT('',(-15.3539087281093,51.1812499881397,0.500000933734481));
#10253=CARTESIAN_POINT('',(-14.9208960193695,50.9312500000001,9.57455232875049E-7));
#10254=CARTESIAN_POINT('Origin',(3.14655896708349,83.2249999999999,3.5527136788005E-14));
#10255=CARTESIAN_POINT('',(3.14655896708349,83.2249999999999,3.00000000000004));
#10256=CARTESIAN_POINT('',(3.14655896708349,83.2249999999999,3.5527136788005E-14));
#10257=CARTESIAN_POINT('',(1.57327948354176,85.95,3.00000000000004));
#10258=CARTESIAN_POINT('',(20.0737471308011,53.9062500711623,3.00000287448917));
#10259=CARTESIAN_POINT('',(1.57327948354176,85.95,3.5527136788005E-14));
#10260=CARTESIAN_POINT('Origin',(1.57327948354173,80.5,3.5527136788005E-14));
#10261=CARTESIAN_POINT('',(1.57327948354173,80.5,3.00000000000004));
#10262=CARTESIAN_POINT('',(1.57327948354173,80.5,3.5527136788005E-14));
#10263=CARTESIAN_POINT('',(-15.3539087623473,51.1812499288378,3.00000093373448));
#10264=CARTESIAN_POINT('Origin',(-1.57327948354173,80.5,3.5527136788005E-14));
#10265=CARTESIAN_POINT('',(-1.57327948354173,80.5,3.00000000000004));
#10266=CARTESIAN_POINT('',(-1.57327948354173,80.5,3.5527136788005E-14));
#10267=CARTESIAN_POINT('',(-0.786639906113216,80.5,3.00000173174087));
#10268=CARTESIAN_POINT('Origin',(0.,3.22499999999999,1.77483361341046E-6));
#10269=CARTESIAN_POINT('',(-4.71593795664344,74.1250000000001,1.51649082624772E-6));
#10270=CARTESIAN_POINT('',(14.1880465325174,55.2210155108392,2.55206590304979E-6));
#10271=CARTESIAN_POINT('',(-11.4027651582789,80.8118272016354,3.33066907387547E-14));
#10272=CARTESIAN_POINT('',(-33.2395923599143,58.9749999999999,3.10862446895044E-14));
#10273=CARTESIAN_POINT('',(-14.9382990642116,84.3473611075682,3.33066907387547E-14));
#10274=CARTESIAN_POINT('',(14.1880465325174,55.2210155108392,2.55206590304979E-6));
#10275=CARTESIAN_POINT('',(-11.3106601717798,87.975,1.15522681198854E-6));
#10276=CARTESIAN_POINT('',(-29.5240485194281,69.7616116523517,1.57483124318958E-7));
#10277=CARTESIAN_POINT('',(11.3106601717798,87.975,2.39444041483239E-6));
#10278=CARTESIAN_POINT('',(5.86243686707643,87.975,2.0959824809097E-6));
#10279=CARTESIAN_POINT('',(14.9382990642115,84.3473611075682,3.77475828372553E-14));
#10280=CARTESIAN_POINT('',(42.5240485194281,56.7616116523517,4.10433426356605E-6));
#10281=CARTESIAN_POINT('',(11.4027651582788,80.8118272016355,3.77475828372553E-14));
#10282=CARTESIAN_POINT('',(-9.0768659787334,60.3321960646232,1.27759580692555E-6));
#10283=CARTESIAN_POINT('',(9.23959235991436,82.9749999999999,3.5527136788005E-14));
#10284=CARTESIAN_POINT('',(4.7159379566434,74.1250000000001,2.03317636504607E-6));
#10285=CARTESIAN_POINT('',(-9.0768659787334,60.3321960646232,1.27759580692555E-6));
#10286=CARTESIAN_POINT('',(4.7159379566434,74.125,2.03317636504607E-6));
#10287=CARTESIAN_POINT('Origin',(-72.9697454505675,-14.9017580697588,0.249997777493851));
#10288=CARTESIAN_POINT('',(-81.8619546181364,-2.66453525910038E-14,-2.70962833504029E-6));
#10289=CARTESIAN_POINT('',(-83.723909236273,3.22499999999997,-2.81162763293707E-6));
#10290=CARTESIAN_POINT('',(-73.1862517980898,-15.026758075689,-2.23436654955833E-6));
#10291=CARTESIAN_POINT('',(-83.1465589670833,3.22499999999997,0.499997220000052));
#10292=CARTESIAN_POINT('',(-83.723909236273,3.22499999999997,-2.81162763293707E-6));
#10293=CARTESIAN_POINT('',(-81.5732794835416,0.499999999999998,0.499997306185547));
#10294=CARTESIAN_POINT('',(-72.7532391030452,-14.7767580638286,0.499997789354252));
#10295=CARTESIAN_POINT('',(-81.8619546181364,-2.66453525910038E-14,-2.70962833504029E-6));
#10296=CARTESIAN_POINT('Origin',(-72.1831057087972,22.7142580697584,0.249997820586598));
#10297=CARTESIAN_POINT('',(-81.8619546181365,6.44999999999997,-2.70962833504029E-6));
#10298=CARTESIAN_POINT('',(-72.3996120563195,22.8392580756886,-2.19127376688277E-6));
#10299=CARTESIAN_POINT('',(-81.5732794835417,5.94999999999998,0.499997306185547));
#10300=CARTESIAN_POINT('',(-81.8619546181365,6.44999999999997,-2.70962833504029E-6));
#10301=CARTESIAN_POINT('',(-71.9665993612749,22.5892580638282,0.499997832446999));
#10302=CARTESIAN_POINT('Origin',(-40.7866397554659,0.249999999999995,0.24999954050958));
#10303=CARTESIAN_POINT('',(-78.4267205164581,0.499999999999998,0.4999974785565));
#10304=CARTESIAN_POINT('',(-40.7866397691611,0.499999999999998,0.499999540509566));
#10305=CARTESIAN_POINT('',(-78.1380453818633,-2.66453525910038E-14,-2.50562966819246E-6));
#10306=CARTESIAN_POINT('',(-78.4267205164581,0.499999999999998,0.4999974785565));
#10307=CARTESIAN_POINT('',(-40.7866397417707,-2.66453525910038E-14,-4.59490441251376E-7));
#10308=CARTESIAN_POINT('Origin',(-39.2133602719242,6.20000000000021,0.249999626695039));
#10309=CARTESIAN_POINT('',(-78.1380453818633,6.45,-2.50562966819246E-6));
#10310=CARTESIAN_POINT('',(-39.213360258229,6.45000000000022,-3.73304946954534E-7));
#10311=CARTESIAN_POINT('',(-78.4267205164582,5.95,0.4999974785565));
#10312=CARTESIAN_POINT('',(-78.1380453818633,6.45,-2.50562966819246E-6));
#10313=CARTESIAN_POINT('',(-39.2133602856194,5.95000000000021,0.49999962669506));
#10314=CARTESIAN_POINT('Origin',(-67.0302545562794,-13.2892580697587,0.249998102863804));
#10315=CARTESIAN_POINT('',(-76.2760907637268,3.22500000000002,-2.40363033476854E-6));
#10316=CARTESIAN_POINT('',(-66.8137482019095,-13.1642580756889,-1.88527580213815E-6));
#10317=CARTESIAN_POINT('',(-76.8534410329164,3.22500000000001,0.499997564741959));
#10318=CARTESIAN_POINT('',(-76.2760907637268,3.22500000000002,-2.40363033476854E-6));
#10319=CARTESIAN_POINT('',(-67.2467609106493,-13.4142580638285,0.499998091003411));
#10320=CARTESIAN_POINT('Origin',(-67.8168942980507,18.3767580697584,0.249998059771093));
#10321=CARTESIAN_POINT('',(-68.0334006524207,18.5017580638282,0.499998047910699));
#10322=CARTESIAN_POINT('',(-67.6003879436808,18.2517580756886,-1.92836854928657E-6));
#10323=CARTESIAN_POINT('Origin',(-78.4267205164581,0.499999999999998,-8.88178419700125E-15));
#10324=CARTESIAN_POINT('',(-78.4267205164581,0.499999999999998,3.));
#10325=CARTESIAN_POINT('',(-78.4267205164581,0.499999999999998,-8.88178419700125E-15));
#10326=CARTESIAN_POINT('',(-76.8534410329164,3.22500000000001,3.));
#10327=CARTESIAN_POINT('',(-68.0334006866586,18.5017580045263,2.9999980479107));
#10328=CARTESIAN_POINT('',(-76.8534410329164,3.22500000000001,-8.88178419700125E-15));
#10329=CARTESIAN_POINT('Origin',(-81.5732794835416,0.499999999999998,-8.88178419700125E-15));
#10330=CARTESIAN_POINT('',(-81.5732794835416,0.499999999999998,3.));
#10331=CARTESIAN_POINT('',(-81.5732794835416,0.499999999999998,-8.88178419700125E-15));
#10332=CARTESIAN_POINT('',(-40.7866399061131,0.49999999999998,2.99999954050957));
#10333=CARTESIAN_POINT('Origin',(-83.1465589670833,3.22499999999997,-8.88178419700125E-15));
#10334=CARTESIAN_POINT('',(-83.1465589670833,3.22499999999997,3.));
#10335=CARTESIAN_POINT('',(-83.1465589670833,3.22499999999997,-8.88178419700125E-15));
#10336=CARTESIAN_POINT('',(-72.7532391372832,-14.7767580045267,2.99999778935425));
#10337=CARTESIAN_POINT('Origin',(0.,3.22499999999999,1.77483361341046E-6));
#10338=CARTESIAN_POINT('',(-75.7499999999999,16.5356601717798,-2.37481065035183E-6));
#10339=CARTESIAN_POINT('',(-72.2144660940671,13.0001262658471,-8.88178419700125E-15));
#10340=CARTESIAN_POINT('',(-53.4848349570548,-5.72950487116517,-1.15510751852455E-6));
#10341=CARTESIAN_POINT('',(-80.7499999999999,4.46459235991425,-8.88178419700125E-15));
#10342=CARTESIAN_POINT('',(-65.7499999999999,6.53566017177984,-8.88178419700125E-15));
#10343=CARTESIAN_POINT('',(-53.4848349570548,-5.72950487116517,-1.15510751852455E-6));
#10344=CARTESIAN_POINT('',(-65.7499999999999,-0.0856601717798977,-8.88178419700125E-15));
#10345=CARTESIAN_POINT('',(-65.7499999999999,4.88033008588988,-1.82700284234727E-6));
#10346=CARTESIAN_POINT('',(-48.4848349570549,17.1795048711651,-8.81203596758695E-7));
#10347=CARTESIAN_POINT('',(-48.4848349570549,17.1795048711651,-8.81203596758695E-7));
#10348=CARTESIAN_POINT('',(-72.2144660940672,-6.55012626584717,-8.88178419700125E-15));
#10349=CARTESIAN_POINT('',(-70.7499999999999,-8.01459235991442,-8.88178419700125E-15));
#10350=CARTESIAN_POINT('',(-75.7499999999999,-10.0856601717799,-2.37481065035183E-6));
#10351=CARTESIAN_POINT('',(-48.4848349570549,17.1795048711651,-8.81203596758695E-7));
#10352=CARTESIAN_POINT('',(-85.7499999999999,-0.0856601717798444,-2.92261849610398E-6));
#10353=CARTESIAN_POINT('',(-65.2866116523518,-20.5490485194281,-1.80161806362378E-6));
#10354=CARTESIAN_POINT('',(-85.7499999999999,6.53566017177977,-2.92261849610398E-6));
#10355=CARTESIAN_POINT('',(-85.7499999999999,5.08743686707628,-2.92261849610398E-6));
#10356=CARTESIAN_POINT('',(-60.2866116523516,31.9990485194281,-1.52771413963748E-6));
#10357=CARTESIAN_POINT('Origin',(-37.3138194462159,71.6611805537841,3.));
#10358=CARTESIAN_POINT('',(-14.5140350776708,83.9230971210274,3.00000097974344));
#10359=CARTESIAN_POINT('',(-35.0621321986983,63.375,2.99999985410259));
#10360=CARTESIAN_POINT('',(-35.0621321986983,63.375,2.99999985410259));
#10361=CARTESIAN_POINT('',(-51.9378681299863,63.375,2.99999892963658));
#10362=CARTESIAN_POINT('',(-51.9378681299863,63.375,2.99999892963658));
#10363=CARTESIAN_POINT('',(-60.1136039791032,71.5507358491168,3.));
#10364=CARTESIAN_POINT('',(-81.9378681299863,93.375,2.99999728621311));
#10365=CARTESIAN_POINT('',(-63.2248737341529,68.4394660940672,3.));
#10366=CARTESIAN_POINT('',(-61.9545049533361,69.7098348748839,2.99999838091735));
#10367=CARTESIAN_POINT('',(-83.7604076400856,88.975,3.00000000000003));
#10368=CARTESIAN_POINT('',(-53.7604076400856,58.9749999999999,3.));
#10369=CARTESIAN_POINT('',(14.1880464503462,55.2210155930104,3.00000255206591));
#10370=CARTESIAN_POINT('Origin',(-53.7604076400856,58.9749999999999,2.88657986402541E-14));
#10371=CARTESIAN_POINT('',(-53.7604076400856,58.9749999999999,2.88657986402541E-14));
#10372=CARTESIAN_POINT('Origin',(-37.3138194462159,71.6611805537841,3.10862446895044E-14));
#10373=CARTESIAN_POINT('',(-51.6893398282201,63.975,-1.05674886397011E-6));
#10374=CARTESIAN_POINT('',(-23.7259514805718,36.0116116523517,4.75107417852172E-7));
#10375=CARTESIAN_POINT('',(-35.3106601717798,63.975,-1.59511981401295E-7));
#10376=CARTESIAN_POINT('',(-17.8624368670765,63.975,7.96315366979883E-7));
#10377=CARTESIAN_POINT('',(-29.5240485194281,69.7616116523517,1.57483124318958E-7));
#10378=CARTESIAN_POINT('Origin',(-4.7159379566434,74.125,3.5527136788005E-14));
#10379=CARTESIAN_POINT('',(-4.71593812098579,74.125,3.00000151649083));
#10380=CARTESIAN_POINT('',(-4.71593812098579,74.125,3.00000151649083));
#10381=CARTESIAN_POINT('',(14.1880464503462,55.2210155930104,3.00000255206591));
#10382=CARTESIAN_POINT('Origin',(-69.7499999999999,-33.2750000000001,3.));
#10383=CARTESIAN_POINT('',(-75.3257360134592,-9.66139618523912,2.99999764843085));
#10384=CARTESIAN_POINT('',(-75.1500001643423,-9.83713203435602,2.99999765805778));
#10385=CARTESIAN_POINT('',(-75.1500001643423,-9.83713203435602,2.99999765805778));
#10386=CARTESIAN_POINT('',(-75.1500001643423,-39.837132034356,2.99999765805778));
#10387=CARTESIAN_POINT('',(-75.1500001643423,-39.837132034356,2.99999765805778));
#10388=CARTESIAN_POINT('',(-68.1500001643423,-46.837132034356,2.99999804152328));
#10389=CARTESIAN_POINT('',(-68.1500001643423,-46.837132034356,2.99999804152328));
#10390=CARTESIAN_POINT('',(-68.1500001643423,-56.7128679656441,2.99999804152324));
#10391=CARTESIAN_POINT('',(-68.1500001643423,-56.7128679656441,2.99999804152324));
#10392=CARTESIAN_POINT('',(-68.3257360134592,-56.888603814761,2.99999803189631));
#10393=CARTESIAN_POINT('',(-90.1500001643423,-78.712867965644,2.99999683634605));
#10394=CARTESIAN_POINT('',(-65.2144660940672,-59.999873734153,3.));
#10395=CARTESIAN_POINT('',(-66.4848350392261,-58.7295047889941,2.99999813274229));
#10396=CARTESIAN_POINT('',(-85.7499999999999,-80.5354076400859,3.));
#10397=CARTESIAN_POINT('',(-63.75,-45.0145923599143,3.));
#10398=CARTESIAN_POINT('',(-63.75,-58.5354076400857,3.));
#10399=CARTESIAN_POINT('',(-70.7499999999999,-38.0145923599143,3.));
#10400=CARTESIAN_POINT('',(-63.75,-45.0145923599143,3.));
#10401=CARTESIAN_POINT('',(-70.7499999999999,-38.0145923599143,3.));
#10402=CARTESIAN_POINT('',(-72.2144660940672,-6.55012626584717,3.));
#10403=CARTESIAN_POINT('',(-70.7499999999999,-8.01459235991442,3.));
#10404=CARTESIAN_POINT('',(-48.484835039226,17.1795047889939,2.99999911879641));
#10405=CARTESIAN_POINT('Origin',(-70.7499999999999,-38.0145923599143,-8.88178419700125E-15));
#10406=CARTESIAN_POINT('',(-70.7499999999999,-38.0145923599143,-8.88178419700125E-15));
#10407=CARTESIAN_POINT('',(-70.7499999999999,-38.0145923599143,-8.88178419700125E-15));
#10408=CARTESIAN_POINT('',(-70.7499999999999,-38.0145923599143,-8.88178419700125E-15));
#10409=CARTESIAN_POINT('Origin',(-63.75,-45.0145923599143,-8.88178419700125E-15));
#10410=CARTESIAN_POINT('',(-63.75,-45.0145923599143,-8.88178419700125E-15));
#10411=CARTESIAN_POINT('',(-63.75,-45.0145923599143,-8.88178419700125E-15));
#10412=CARTESIAN_POINT('',(-63.75,-45.0145923599143,-8.88178419700125E-15));
#10413=CARTESIAN_POINT('Origin',(-63.75,-58.5354076400857,-8.88178419700125E-15));
#10414=CARTESIAN_POINT('',(-63.75,-58.5354076400857,-8.88178419700125E-15));
#10415=CARTESIAN_POINT('Origin',(-69.7499999999999,-33.2750000000001,-8.88178419700125E-15));
#10416=CARTESIAN_POINT('',(-68.7499999999999,-47.0856601717799,-1.99134519540678E-6));
#10417=CARTESIAN_POINT('',(-68.7499999999997,-22.1374368670763,-1.99134519540678E-6));
#10418=CARTESIAN_POINT('',(-75.7499999999999,-40.0856601717798,-2.37481068587897E-6));
#10419=CARTESIAN_POINT('',(-67.7866116523517,-48.0490485194281,-1.9385700245067E-6));
#10420=CARTESIAN_POINT('',(-75.75,-3.63743686707651,-2.37481065035183E-6));
#10421=CARTESIAN_POINT('Origin',(-65.7499999999999,-0.0856601717798977,
-8.88178419700125E-15));
#10422=CARTESIAN_POINT('',(-48.484835039226,17.1795047889939,2.99999911879641));
#10423=CARTESIAN_POINT('Origin',(-68.75,-56.4643398282202,-8.88178419700125E-15));
#10424=CARTESIAN_POINT('',(-66.4848350392261,-58.7295047889941,2.99999813274229));
#10425=CARTESIAN_POINT('Origin',(32.3138194462159,70.6611805537841,3.00000000000001));
#10426=CARTESIAN_POINT('',(50.113603814761,61.5507360134591,3.00000000000001));
#10427=CARTESIAN_POINT('',(49.9378678013016,61.375,3.0000045104691));
#10428=CARTESIAN_POINT('',(49.9378678013016,61.375,3.0000045104691));
#10429=CARTESIAN_POINT('',(37.0621318700136,61.375,3.00000380512618));
#10430=CARTESIAN_POINT('',(37.0621318700136,61.375,3.00000380512618));
#10431=CARTESIAN_POINT('',(14.5140349133285,83.9230969566852,3.00000000000004));
#10432=CARTESIAN_POINT('',(11.0621318700136,87.3749999999999,3.00000238082586));
#10433=CARTESIAN_POINT('',(-9.07686606090458,60.332195982452,3.00000127759578));
#10434=CARTESIAN_POINT('',(35.2395923599143,56.9749999999999,3.00000000000001));
#10435=CARTESIAN_POINT('',(53.2248737341529,58.4394660940672,3.00000000000001));
#10436=CARTESIAN_POINT('',(56.4848348748837,55.1795049533364,3.00000486911707));
#10437=CARTESIAN_POINT('',(56.4848348748837,55.1795049533364,3.00000486911707));
#10438=CARTESIAN_POINT('Origin',(35.2395923599143,56.9749999999999,3.99680288865056E-14));
#10439=CARTESIAN_POINT('',(35.2395923599143,56.9749999999999,3.99680288865056E-14));
#10440=CARTESIAN_POINT('Origin',(32.3138194462159,70.6611805537841,3.99680288865056E-14));
#10441=CARTESIAN_POINT('',(37.3106601717798,61.975,3.81874077692856E-6));
#10442=CARTESIAN_POINT('',(42.5240485194281,56.7616116523517,4.10433426356605E-6));
#10443=CARTESIAN_POINT('',(24.6375631329235,61.9749999999999,3.12449859984909E-6));
#10444=CARTESIAN_POINT('Origin',(58.75,52.9143398282201,4.21884749357559E-14));
#10445=CARTESIAN_POINT('',(56.4848348748837,55.1795049533364,3.00000486911707));
#10446=CARTESIAN_POINT('Origin',(-69.7499999999999,39.725,3.));
#10447=CARTESIAN_POINT('',(-68.3257360134592,63.3386038147609,2.99999803189634));
#10448=CARTESIAN_POINT('',(-68.1500001643423,63.162867965644,2.99999804152331));
#10449=CARTESIAN_POINT('',(-68.1500001643423,63.162867965644,2.99999804152331));
#10450=CARTESIAN_POINT('',(-68.1500001643423,53.2871320343559,2.99999804152331));
#10451=CARTESIAN_POINT('',(-68.1500001643423,53.2871320343559,2.99999804152331));
#10452=CARTESIAN_POINT('',(-75.1500001643423,46.2871320343559,2.99999765805782));
#10453=CARTESIAN_POINT('',(-75.1500001643423,46.2871320343559,2.99999765805782));
#10454=CARTESIAN_POINT('',(-75.1500001643423,16.287132034356,2.99999765805782));
#10455=CARTESIAN_POINT('',(-75.1500001643423,16.287132034356,2.99999765805782));
#10456=CARTESIAN_POINT('',(-75.3257360134592,16.1113961852391,3.));
#10457=CARTESIAN_POINT('',(-85.1500001643423,6.28713203435598,2.99999711024997));
#10458=CARTESIAN_POINT('',(-72.2144660940671,13.0001262658471,3.));
#10459=CARTESIAN_POINT('',(-53.484835039226,-5.729504788994,2.99999884489249));
#10460=CARTESIAN_POINT('',(-80.7499999999999,4.46459235991425,3.));
#10461=CARTESIAN_POINT('',(-70.7499999999999,44.4645923599144,3.));
#10462=CARTESIAN_POINT('',(-70.7499999999999,14.4645923599143,3.));
#10463=CARTESIAN_POINT('',(-63.75,51.4645923599144,3.));
#10464=CARTESIAN_POINT('',(-70.7499999999999,44.4645923599144,3.));
#10465=CARTESIAN_POINT('',(-63.75,51.4645923599144,3.));
#10466=CARTESIAN_POINT('',(-65.2144660940672,66.4498737341529,3.));
#10467=CARTESIAN_POINT('',(-63.75,64.9854076400856,3.));
#10468=CARTESIAN_POINT('',(-61.9545049533361,69.7098348748839,2.99999838091735));
#10469=CARTESIAN_POINT('Origin',(-63.75,51.4645923599144,2.66453525910038E-14));
#10470=CARTESIAN_POINT('',(-63.75,51.4645923599144,2.66453525910038E-14));
#10471=CARTESIAN_POINT('',(-63.75,51.4645923599144,2.66453525910038E-14));
#10472=CARTESIAN_POINT('',(-63.75,51.4645923599144,2.66453525910038E-14));
#10473=CARTESIAN_POINT('Origin',(-70.7499999999999,44.4645923599144,2.66453525910038E-14));
#10474=CARTESIAN_POINT('',(-70.7499999999999,44.4645923599144,2.66453525910038E-14));
#10475=CARTESIAN_POINT('',(-70.7499999999999,44.4645923599144,2.66453525910038E-14));
#10476=CARTESIAN_POINT('',(-70.7499999999999,44.4645923599144,2.66453525910038E-14));
#10477=CARTESIAN_POINT('Origin',(-70.7499999999999,14.4645923599143,-8.88178419700125E-15));
#10478=CARTESIAN_POINT('',(-70.7499999999999,14.4645923599143,-8.88178419700125E-15));
#10479=CARTESIAN_POINT('Origin',(-69.7499999999999,39.725,2.66453525910038E-14));
#10480=CARTESIAN_POINT('',(-75.7499999999999,46.5356601717798,-2.37481065035183E-6));
#10481=CARTESIAN_POINT('',(-75.7499999999999,25.0874368670764,-2.37481065035183E-6));
#10482=CARTESIAN_POINT('',(-68.75,53.5356601717799,-1.99134515987964E-6));
#10483=CARTESIAN_POINT('',(-64.2866116523517,57.9990485194281,-1.74683727927061E-6));
#10484=CARTESIAN_POINT('',(-68.7499999999999,32.8625631329235,-1.99134515987964E-6));
#10485=CARTESIAN_POINT('Origin',(-59.6893398282201,71.975,2.88657986402541E-14));
#10486=CARTESIAN_POINT('',(-61.9545049533361,69.7098348748839,2.99999838091735));
#10487=CARTESIAN_POINT('Origin',(-38.,-18.775,-4.44089209850063E-15));
#10488=CARTESIAN_POINT('',(-55.,-1.77499999999987,-6.66133814775094E-15));
#10489=CARTESIAN_POINT('',(-38.,-18.775,-4.44089209850063E-15));
#10490=CARTESIAN_POINT('',(-55.,-1.77499999999987,-6.66133814775094E-15));
#10491=CARTESIAN_POINT('',(-55.,-1.77499999999987,3.));
#10492=CARTESIAN_POINT('',(-55.,-1.77499999999987,-6.66133814775094E-15));
#10493=CARTESIAN_POINT('',(-38.,-18.775,3.));
#10494=CARTESIAN_POINT('',(-55.,-1.77499999999987,3.));
#10495=CARTESIAN_POINT('',(-38.,-18.775,-4.44089209850063E-15));
#10496=CARTESIAN_POINT('Origin',(-17.,-18.775,-2.22044604925031E-15));
#10497=CARTESIAN_POINT('',(-17.,-18.775,-2.22044604925031E-15));
#10498=CARTESIAN_POINT('',(-38.,-18.775,-4.44089209850063E-15));
#10499=CARTESIAN_POINT('',(-17.,-18.775,3.));
#10500=CARTESIAN_POINT('',(-38.,-18.775,3.));
#10501=CARTESIAN_POINT('',(-17.,-18.775,-2.22044604925031E-15));
#10502=CARTESIAN_POINT('Origin',(-10.,-11.775,0.));
#10503=CARTESIAN_POINT('',(-10.,-11.775,0.));
#10504=CARTESIAN_POINT('',(-17.,-18.775,-2.22044604925031E-15));
#10505=CARTESIAN_POINT('',(-10.,-11.775,3.));
#10506=CARTESIAN_POINT('',(-17.,-18.775,3.));
#10507=CARTESIAN_POINT('',(-10.,-11.775,0.));
#10508=CARTESIAN_POINT('Origin',(-10.,18.225,0.));
#10509=CARTESIAN_POINT('',(-10.,18.225,0.));
#10510=CARTESIAN_POINT('',(-10.,-11.775,0.));
#10511=CARTESIAN_POINT('',(-10.,18.225,3.));
#10512=CARTESIAN_POINT('',(-10.,-11.775,3.));
#10513=CARTESIAN_POINT('',(-10.,18.225,0.));
#10514=CARTESIAN_POINT('Origin',(-17.,25.225,-2.22044604925031E-15));
#10515=CARTESIAN_POINT('',(-17.,25.225,-2.22044604925031E-15));
#10516=CARTESIAN_POINT('',(-10.,18.225,0.));
#10517=CARTESIAN_POINT('',(-17.,25.225,3.));
#10518=CARTESIAN_POINT('',(-10.,18.225,3.));
#10519=CARTESIAN_POINT('',(-17.,25.225,-2.22044604925031E-15));
#10520=CARTESIAN_POINT('Origin',(-38.,25.225,-4.44089209850063E-15));
#10521=CARTESIAN_POINT('',(-38.,25.225,-4.44089209850063E-15));
#10522=CARTESIAN_POINT('',(-17.,25.225,-2.22044604925031E-15));
#10523=CARTESIAN_POINT('',(-38.,25.225,3.));
#10524=CARTESIAN_POINT('',(-17.,25.225,3.));
#10525=CARTESIAN_POINT('',(-38.,25.225,-4.44089209850063E-15));
#10526=CARTESIAN_POINT('Origin',(-55.,8.22499999999999,-6.66133814775094E-15));
#10527=CARTESIAN_POINT('',(-55.,8.22499999999999,-6.66133814775094E-15));
#10528=CARTESIAN_POINT('',(-38.,25.225,-4.44089209850063E-15));
#10529=CARTESIAN_POINT('',(-55.,8.22499999999999,3.));
#10530=CARTESIAN_POINT('',(-38.,25.225,3.));
#10531=CARTESIAN_POINT('',(-55.,8.22499999999999,-6.66133814775094E-15));
#10532=CARTESIAN_POINT('Origin',(-55.,-1.77499999999987,-6.66133814775094E-15));
#10533=CARTESIAN_POINT('',(-55.,8.22499999999999,-6.66133814775094E-15));
#10534=CARTESIAN_POINT('',(-55.,8.22499999999999,3.));
#10535=CARTESIAN_POINT('Origin',(0.,-16.775,0.));
#10536=CARTESIAN_POINT('',(1.25,-16.775,3.00000000000001));
#10537=CARTESIAN_POINT('Origin',(0.,-16.775,3.00000000000001));
#10538=CARTESIAN_POINT('',(1.25,-16.775,0.));
#10539=CARTESIAN_POINT('',(1.25,-16.775,1.53080849893419E-16));
#10540=CARTESIAN_POINT('Origin',(0.,-16.775,0.));
#10541=CARTESIAN_POINT('Origin',(0.,23.225,0.));
#10542=CARTESIAN_POINT('',(1.25,23.225,3.00000000000001));
#10543=CARTESIAN_POINT('Origin',(0.,23.225,3.00000000000001));
#10544=CARTESIAN_POINT('',(1.25,23.225,0.));
#10545=CARTESIAN_POINT('',(1.25,23.225,1.53080849893419E-16));
#10546=CARTESIAN_POINT('Origin',(0.,23.225,0.));
#10547=CARTESIAN_POINT('Origin',(27.9999999999999,25.225,4.44089209850063E-15));
#10548=CARTESIAN_POINT('',(44.9999999999999,8.22499999999997,4.44089209850063E-15));
#10549=CARTESIAN_POINT('',(27.9999999999999,25.225,4.44089209850063E-15));
#10550=CARTESIAN_POINT('',(44.9999999999999,8.22499999999997,4.44089209850063E-15));
#10551=CARTESIAN_POINT('',(44.9999999999999,8.22499999999997,3.00000000000001));
#10552=CARTESIAN_POINT('',(44.9999999999999,8.22499999999997,4.44089209850063E-15));
#10553=CARTESIAN_POINT('',(27.9999999999999,25.225,3.00000000000001));
#10554=CARTESIAN_POINT('',(44.9999999999999,8.22499999999997,3.00000000000001));
#10555=CARTESIAN_POINT('',(27.9999999999999,25.225,4.44089209850063E-15));
#10556=CARTESIAN_POINT('Origin',(17.,25.225,2.22044604925031E-15));
#10557=CARTESIAN_POINT('',(17.,25.225,2.22044604925031E-15));
#10558=CARTESIAN_POINT('',(27.9999999999999,25.225,4.44089209850063E-15));
#10559=CARTESIAN_POINT('',(17.,25.225,3.00000000000001));
#10560=CARTESIAN_POINT('',(27.9999999999999,25.225,3.00000000000001));
#10561=CARTESIAN_POINT('',(17.,25.225,2.22044604925031E-15));
#10562=CARTESIAN_POINT('Origin',(10.,18.225,0.));
#10563=CARTESIAN_POINT('',(10.,18.225,0.));
#10564=CARTESIAN_POINT('',(17.,25.225,2.22044604925031E-15));
#10565=CARTESIAN_POINT('',(10.,18.225,3.00000000000001));
#10566=CARTESIAN_POINT('',(17.,25.225,3.00000000000001));
#10567=CARTESIAN_POINT('',(10.,18.225,0.));
#10568=CARTESIAN_POINT('Origin',(10.,-11.775,0.));
#10569=CARTESIAN_POINT('',(10.,-11.775,0.));
#10570=CARTESIAN_POINT('',(10.,18.225,0.));
#10571=CARTESIAN_POINT('',(10.,-11.775,3.00000000000001));
#10572=CARTESIAN_POINT('',(10.,18.225,3.00000000000001));
#10573=CARTESIAN_POINT('',(10.,-11.775,0.));
#10574=CARTESIAN_POINT('Origin',(16.9999999999999,-18.775,2.22044604925031E-15));
#10575=CARTESIAN_POINT('',(16.9999999999999,-18.775,2.22044604925031E-15));
#10576=CARTESIAN_POINT('',(10.,-11.775,0.));
#10577=CARTESIAN_POINT('',(16.9999999999999,-18.775,3.00000000000001));
#10578=CARTESIAN_POINT('',(10.,-11.775,3.00000000000001));
#10579=CARTESIAN_POINT('',(16.9999999999999,-18.775,2.22044604925031E-15));
#10580=CARTESIAN_POINT('Origin',(27.9999999999999,-18.775,4.44089209850063E-15));
#10581=CARTESIAN_POINT('',(27.9999999999999,-18.775,4.44089209850063E-15));
#10582=CARTESIAN_POINT('',(16.9999999999999,-18.775,2.22044604925031E-15));
#10583=CARTESIAN_POINT('',(27.9999999999999,-18.775,3.00000000000001));
#10584=CARTESIAN_POINT('',(16.9999999999999,-18.775,3.00000000000001));
#10585=CARTESIAN_POINT('',(27.9999999999999,-18.775,4.44089209850063E-15));
#10586=CARTESIAN_POINT('Origin',(45.,-1.77499999999989,4.44089209850063E-15));
#10587=CARTESIAN_POINT('',(45.,-1.77499999999989,4.44089209850063E-15));
#10588=CARTESIAN_POINT('',(27.9999999999999,-18.775,4.44089209850063E-15));
#10589=CARTESIAN_POINT('',(44.9999999999999,-1.77499999999989,3.00000000000001));
#10590=CARTESIAN_POINT('',(27.9999999999999,-18.775,3.00000000000001));
#10591=CARTESIAN_POINT('',(45.,-1.77499999999989,4.44089209850063E-15));
#10592=CARTESIAN_POINT('Origin',(44.9999999999999,8.22499999999997,4.44089209850063E-15));
#10593=CARTESIAN_POINT('',(45.,-1.77499999999989,4.44089209850063E-15));
#10594=CARTESIAN_POINT('',(45.,-1.77499999999989,3.00000000000001));
#10595=CARTESIAN_POINT('Origin',(1.57327948354173,0.499999999999998,0.));
#10596=CARTESIAN_POINT('',(1.57327948354173,0.499999999999998,3.00000000000001));
#10597=CARTESIAN_POINT('',(1.57327948354173,0.499999999999998,3.00000000000001));
#10598=CARTESIAN_POINT('',(1.57327948354173,0.499999999999998,0.));
#10599=CARTESIAN_POINT('Origin',(3.14655896708345,3.22499999999997,0.));
#10600=CARTESIAN_POINT('',(3.14655896708345,3.22499999999997,3.00000000000001));
#10601=CARTESIAN_POINT('',(3.14655896708345,3.22499999999997,3.00000000000001));
#10602=CARTESIAN_POINT('',(3.14655896708345,3.22499999999997,0.));
#10603=CARTESIAN_POINT('Origin',(1.57327948354176,5.94999999999996,0.));
#10604=CARTESIAN_POINT('',(1.57327948354176,5.94999999999996,3.00000000000001));
#10605=CARTESIAN_POINT('Origin',(50.7499999999999,-30.0145923599144,6.66133814775094E-15));
#10606=CARTESIAN_POINT('',(50.7499999999999,-30.0145923599144,6.66133814775094E-15));
#10607=CARTESIAN_POINT('',(50.7499999999999,-30.0145923599144,6.66133814775094E-15));
#10608=CARTESIAN_POINT('',(50.7499999999999,-30.0145923599144,3.00000000000001));
#10609=CARTESIAN_POINT('',(50.7499999999999,-30.0145923599144,3.00000000000001));
#10610=CARTESIAN_POINT('',(50.7499999999999,-30.0145923599144,6.66133814775094E-15));
#10611=CARTESIAN_POINT('Origin',(67.887769835243,-12.8768225246713,8.88178419700125E-15));
#10612=CARTESIAN_POINT('',(80.7499999999999,-0.0145923599143938,8.88178419700125E-15));
#10613=CARTESIAN_POINT('',(80.7499999999999,-0.0145923599143938,3.00000000000002));
#10614=CARTESIAN_POINT('Origin',(29.2426406871192,-21.775,4.44089209850063E-15));
#10615=CARTESIAN_POINT('',(29.2426406871192,-21.775,3.00000000000001));
#10616=CARTESIAN_POINT('',(29.2426406871192,-21.775,3.00000000000001));
#10617=CARTESIAN_POINT('',(29.2426406871192,-21.775,4.44089209850063E-15));
#10618=CARTESIAN_POINT('',(29.2426406871192,-21.775,4.44089209850063E-15));
#10619=CARTESIAN_POINT('',(29.2426406871192,-21.775,4.44089209850063E-15));
#10620=CARTESIAN_POINT('Origin',(15.7573593128807,-21.775,2.22044604925031E-15));
#10621=CARTESIAN_POINT('',(15.7573593128807,-21.775,2.22044604925031E-15));
#10622=CARTESIAN_POINT('',(15.7573593128807,-21.775,2.22044604925031E-15));
#10623=CARTESIAN_POINT('',(15.7573593128807,-21.775,3.00000000000001));
#10624=CARTESIAN_POINT('',(15.7573593128807,-21.775,3.00000000000001));
#10625=CARTESIAN_POINT('',(15.7573593128807,-21.775,2.22044604925031E-15));
#10626=CARTESIAN_POINT('Origin',(6.99999999999999,-13.0176406871193,0.));
#10627=CARTESIAN_POINT('',(6.99999999999999,-13.0176406871193,0.));
#10628=CARTESIAN_POINT('',(6.99999999999999,-13.0176406871193,0.));
#10629=CARTESIAN_POINT('',(6.99999999999999,-13.0176406871193,3.00000000000001));
#10630=CARTESIAN_POINT('',(6.99999999999999,-13.0176406871193,3.00000000000001));
#10631=CARTESIAN_POINT('',(6.99999999999999,-13.0176406871193,0.));
#10632=CARTESIAN_POINT('Origin',(4.71593795664329,-67.6750000000001,0.));
#10633=CARTESIAN_POINT('',(6.99999999999999,-13.0176406871193,0.));
#10634=CARTESIAN_POINT('',(4.71593779230094,-67.675,3.00000203317634));
#10635=CARTESIAN_POINT('',(6.99999999999999,-13.0176406871193,3.00000000000001));
#10636=CARTESIAN_POINT('',(4.71593779230098,-67.675,3.00000203317634));
#10637=CARTESIAN_POINT('Origin',(-6.99999999999999,-13.0176406871193,0.));
#10638=CARTESIAN_POINT('',(-6.99999999999999,-13.0176406871193,0.));
#10639=CARTESIAN_POINT('',(-6.99999999999999,-13.0176406871193,0.));
#10640=CARTESIAN_POINT('',(-4.71593812098579,-67.675,3.0000015164908));
#10641=CARTESIAN_POINT('',(-4.71593812098583,-67.675,3.0000015164908));
#10642=CARTESIAN_POINT('',(-6.99999999999999,-13.0176406871193,3.00000000000001));
#10643=CARTESIAN_POINT('',(-6.99999999999999,-13.0176406871193,3.00000000000001));
#10644=CARTESIAN_POINT('',(-6.99999999999999,-13.0176406871193,0.));
#10645=CARTESIAN_POINT('Origin',(-15.7573593128807,-21.775,-2.22044604925031E-15));
#10646=CARTESIAN_POINT('',(-15.7573593128807,-21.775,-2.22044604925031E-15));
#10647=CARTESIAN_POINT('',(-15.7573593128807,-21.775,-2.22044604925031E-15));
#10648=CARTESIAN_POINT('',(-15.7573593128807,-21.775,3.));
#10649=CARTESIAN_POINT('',(-15.7573593128807,-21.775,3.));
#10650=CARTESIAN_POINT('',(-15.7573593128807,-21.775,-2.22044604925031E-15));
#10651=CARTESIAN_POINT('Origin',(-39.2426406871193,-21.775,-4.44089209850063E-15));
#10652=CARTESIAN_POINT('',(-39.2426406871193,-21.775,-4.44089209850063E-15));
#10653=CARTESIAN_POINT('',(-39.2426406871193,-21.775,3.));
#10654=CARTESIAN_POINT('Origin',(-39.2426406871192,28.225,-4.44089209850063E-15));
#10655=CARTESIAN_POINT('',(-39.2426406871192,28.225,3.));
#10656=CARTESIAN_POINT('',(-39.2426406871192,28.225,3.));
#10657=CARTESIAN_POINT('',(-39.2426406871192,28.225,-4.44089209850063E-15));
#10658=CARTESIAN_POINT('',(-39.2426406871192,28.225,-4.44089209850063E-15));
#10659=CARTESIAN_POINT('',(-39.2426406871192,28.225,-4.44089209850063E-15));
#10660=CARTESIAN_POINT('Origin',(-15.7573593128807,28.225,-2.22044604925031E-15));
#10661=CARTESIAN_POINT('',(-15.7573593128807,28.225,-2.22044604925031E-15));
#10662=CARTESIAN_POINT('',(-15.7573593128807,28.225,-2.22044604925031E-15));
#10663=CARTESIAN_POINT('',(-15.7573593128807,28.225,3.));
#10664=CARTESIAN_POINT('',(-15.7573593128807,28.225,3.));
#10665=CARTESIAN_POINT('',(-15.7573593128807,28.225,-2.22044604925031E-15));
#10666=CARTESIAN_POINT('Origin',(-6.99999999999999,19.4676406871193,0.));
#10667=CARTESIAN_POINT('',(-6.99999999999999,19.4676406871193,0.));
#10668=CARTESIAN_POINT('',(-6.99999999999999,19.4676406871193,0.));
#10669=CARTESIAN_POINT('',(-6.99999999999999,19.4676406871193,3.00000000000001));
#10670=CARTESIAN_POINT('',(-6.99999999999999,19.4676406871193,3.00000000000001));
#10671=CARTESIAN_POINT('',(-6.99999999999999,19.4676406871193,0.));
#10672=CARTESIAN_POINT('Origin',(-4.7159379566434,74.125,3.5527136788005E-14));
#10673=CARTESIAN_POINT('',(-4.7159379566434,74.125,3.5527136788005E-14));
#10674=CARTESIAN_POINT('',(-4.71593795664344,74.125,3.00000000000004));
#10675=CARTESIAN_POINT('Origin',(6.99999999999999,19.4676406871193,0.));
#10676=CARTESIAN_POINT('',(6.99999999999999,19.4676406871193,0.));
#10677=CARTESIAN_POINT('',(4.71593795664337,74.125,3.5527136788005E-14));
#10678=CARTESIAN_POINT('',(4.71593779230105,74.125,3.00000203317637));
#10679=CARTESIAN_POINT('',(4.71593779230105,74.125,3.00000203317637));
#10680=CARTESIAN_POINT('',(6.99999999999999,19.4676406871193,3.00000000000001));
#10681=CARTESIAN_POINT('',(4.71593795664337,74.125,3.00000000000004));
#10682=CARTESIAN_POINT('',(6.99999999999999,19.4676406871193,0.));
#10683=CARTESIAN_POINT('Origin',(15.7573593128807,28.225,2.22044604925031E-15));
#10684=CARTESIAN_POINT('',(15.7573593128807,28.225,2.22044604925031E-15));
#10685=CARTESIAN_POINT('',(15.7573593128807,28.225,2.22044604925031E-15));
#10686=CARTESIAN_POINT('',(15.7573593128807,28.225,3.00000000000001));
#10687=CARTESIAN_POINT('',(15.7573593128807,28.225,3.00000000000001));
#10688=CARTESIAN_POINT('',(15.7573593128807,28.225,2.22044604925031E-15));
#10689=CARTESIAN_POINT('Origin',(29.2426406871192,28.225,4.44089209850063E-15));
#10690=CARTESIAN_POINT('',(29.2426406871192,28.225,4.44089209850063E-15));
#10691=CARTESIAN_POINT('',(29.2426406871192,28.225,3.00000000000001));
#10692=CARTESIAN_POINT('Origin',(67.8877698352429,19.3268225246712,8.88178419700125E-15));
#10693=CARTESIAN_POINT('',(67.8877698352429,19.3268225246712,3.00000000000002));
#10694=CARTESIAN_POINT('',(47.9999999999999,9.46764068711926,3.00000000000001));
#10695=CARTESIAN_POINT('',(67.8877698352429,19.3268225246712,8.88178419700125E-15));
#10696=CARTESIAN_POINT('',(67.8877698352429,19.3268225246712,8.88178419700125E-15));
#10697=CARTESIAN_POINT('',(47.9999999999999,9.46764068711926,6.66133814775094E-15));
#10698=CARTESIAN_POINT('Origin',(50.7499999999999,36.4645923599143,4.21884749357559E-14));
#10699=CARTESIAN_POINT('',(50.7499999999999,36.4645923599143,4.21884749357559E-14));
#10700=CARTESIAN_POINT('',(50.7499999999999,36.4645923599143,4.21884749357559E-14));
#10701=CARTESIAN_POINT('',(50.7499999999999,36.4645923599143,3.00000000000001));
#10702=CARTESIAN_POINT('',(50.7499999999999,36.4645923599143,3.00000000000001));
#10703=CARTESIAN_POINT('',(50.7499999999999,36.4645923599143,4.21884749357559E-14));
#10704=CARTESIAN_POINT('Origin',(50.7499999999999,51.9854076400856,4.21884749357559E-14));
#10705=CARTESIAN_POINT('',(50.7499999999999,51.9854076400856,4.21884749357559E-14));
#10706=CARTESIAN_POINT('',(50.7499999999999,51.9854076400856,3.00000000000001));
#10707=CARTESIAN_POINT('Origin',(59.6249999999999,-31.1322330470336,6.66133814775094E-15));
#10708=CARTESIAN_POINT('',(85.7499999999999,8.53566017177989,6.47228568739777E-6));
#10709=CARTESIAN_POINT('',(55.7499999999999,38.5356601717798,4.82886222341605E-6));
#10710=CARTESIAN_POINT('',(65.7866116523515,28.4990485194282,5.37867564709416E-6));
#10711=CARTESIAN_POINT('',(85.7499999999999,-2.08566017177989,6.47228568739777E-6));
#10712=CARTESIAN_POINT('',(85.7499999999999,0.36256313292351,6.47228568739777E-6));
#10713=CARTESIAN_POINT('',(55.7499999999999,-32.0856601717799,4.82886218788892E-6));
#10714=CARTESIAN_POINT('',(50.7866116523516,-37.0490485194282,4.5569639151033E-6));
#10715=CARTESIAN_POINT('',(55.7499999999999,-43.4643398282202,4.82886218788892E-6));
#10716=CARTESIAN_POINT('',(55.7499999999999,-19.9125631329236,4.82886218788892E-6));
#10717=CARTESIAN_POINT('',(47.7866116523516,-35.5009514805719,4.39262156204379E-6));
#10718=CARTESIAN_POINT('',(55.7499999999999,49.9143398282201,4.82886222341605E-6));
#10719=CARTESIAN_POINT('',(30.2866116523517,24.4509514805718,3.43395786917E-6));
#10720=CARTESIAN_POINT('',(55.7499999999999,21.0874368670764,4.82886222341605E-6));
#10721=CARTESIAN_POINT('Origin',(59.6249999999999,-31.1322330470336,3.00000000000001));
#10722=CARTESIAN_POINT('',(85.1499998356575,8.287132034356,3.0000064394172));
#10723=CARTESIAN_POINT('',(55.1499998356576,38.2871320343559,3.00000479599373));
#10724=CARTESIAN_POINT('',(55.1499998356576,38.2871320343559,3.00000479599373));
#10725=CARTESIAN_POINT('',(55.1499998356576,50.162867965644,3.00000479599373));
#10726=CARTESIAN_POINT('',(55.1499998356576,50.162867965644,3.00000479599373));
#10727=CARTESIAN_POINT('',(58.3257358491169,53.3386039791033,3.00000496996305));
#10728=CARTESIAN_POINT('',(90.1499998356576,85.162867965644,3.00000671332112));
#10729=CARTESIAN_POINT('',(55.2144660940672,56.4498737341529,3.00000000000001));
#10730=CARTESIAN_POINT('',(56.4848348748837,55.1795049533364,3.00000486911707));
#10731=CARTESIAN_POINT('',(56.4848348748837,55.1795049533364,3.00000486911707));
#10732=CARTESIAN_POINT('',(2.35796881397935,74.125,3.00000190400496));
#10733=CARTESIAN_POINT('',(-65.7499999999999,6.53566017177984,3.));
#10734=CARTESIAN_POINT('',(-65.7499999999999,6.53566017177984,3.));
#10735=CARTESIAN_POINT('',(-65.7499999999999,-0.0856601717798977,3.));
#10736=CARTESIAN_POINT('',(-65.7499999999999,4.88033008588988,2.99999817299716));
#10737=CARTESIAN_POINT('',(-65.7499999999999,-0.0856601717798977,3.));
#10738=CARTESIAN_POINT('',(-2.35796914266412,-67.675,3.00000164566217));
#10739=CARTESIAN_POINT('',(55.2144660940671,-49.9998737341529,3.00000000000001));
#10740=CARTESIAN_POINT('',(51.9545047889937,-53.2598350392263,3.00000462094201));
#10741=CARTESIAN_POINT('',(58.3257358491169,-46.8886039791031,3.00000000000001));
#10742=CARTESIAN_POINT('',(51.9545047889937,-53.2598350392263,3.00000462094201));
#10743=CARTESIAN_POINT('',(55.1499998356576,-43.712867965644,3.00000479599373));
#10744=CARTESIAN_POINT('',(55.1499998356576,-43.712867965644,3.00000479599373));
#10745=CARTESIAN_POINT('',(55.1499998356576,-31.837132034356,3.00000479599373));
#10746=CARTESIAN_POINT('',(55.1499998356576,-31.837132034356,3.00000479599373));
#10747=CARTESIAN_POINT('',(85.1499998356575,-1.83713203435599,3.0000064394172));
#10748=CARTESIAN_POINT('',(85.1499998356575,-1.83713203435599,3.0000064394172));
#10749=CARTESIAN_POINT('',(85.1499998356575,8.287132034356,3.0000064394172));
#10750=CARTESIAN_POINT('',(78.4267205164581,0.49999999999998,3.00000000000002));
#10751=CARTESIAN_POINT('',(39.2133600938866,0.49999999999998,3.00000392297215));
#10752=CARTESIAN_POINT('',(76.8534410329164,3.22499999999999,3.00000000000002));
#10753=CARTESIAN_POINT('',(67.2467608627163,19.8642581468511,3.00000545866376));
#10754=CARTESIAN_POINT('',(68.0334006044869,-12.0517581468513,3.00000550175651));
#10755=CARTESIAN_POINT('Origin',(49.6893398282199,-55.525,6.66133814775094E-15));
#10756=CARTESIAN_POINT('',(51.9545047889937,-53.2598350392263,3.00000462094201));
#10757=CARTESIAN_POINT('Origin',(-37.3138194462159,-65.2111805537841,3.));
#10758=CARTESIAN_POINT('',(-60.1136039791033,-65.1007358491169,3.));
#10759=CARTESIAN_POINT('',(-51.9378681299864,-56.925,2.99999892963654));
#10760=CARTESIAN_POINT('',(-51.9378681299864,-56.925,2.99999892963654));
#10761=CARTESIAN_POINT('',(-35.0621321986982,-56.925,2.99999985410256));
#10762=CARTESIAN_POINT('',(-35.0621321986982,-56.925,2.99999985410256));
#10763=CARTESIAN_POINT('',(-14.5140350776708,-77.4730971210274,3.00000097974337));
#10764=CARTESIAN_POINT('',(-11.0621321986982,-80.925,3.00000116884131));
#10765=CARTESIAN_POINT('',(9.07686589656212,-53.8821961467944,3.00000227207139));
#10766=CARTESIAN_POINT('',(-33.2395923599143,-52.525,3.));
#10767=CARTESIAN_POINT('',(-63.224873734153,-61.9894660940672,3.));
#10768=CARTESIAN_POINT('',(-53.7604076400858,-52.525,3.));
#10769=CARTESIAN_POINT('',(-66.4848350392261,-58.7295047889941,2.99999813274229));
#10770=CARTESIAN_POINT('Origin',(-33.2395923599143,-52.525,-4.44089209850063E-15));
#10771=CARTESIAN_POINT('',(-33.2395923599143,-52.525,-4.44089209850063E-15));
#10772=CARTESIAN_POINT('Origin',(-37.3138194462159,-65.2111805537841,-4.44089209850063E-15));
#10773=CARTESIAN_POINT('',(-35.3106601717797,-57.525,-1.59512016928431E-7));
#10774=CARTESIAN_POINT('',(-41.5240485194281,-51.3116116523516,-4.99886287919082E-7));
#10775=CARTESIAN_POINT('',(-51.6893398282202,-57.525,-1.05674889949725E-6));
#10776=CARTESIAN_POINT('',(-25.6375631329236,-57.525,3.70387804871086E-7));
#10777=CARTESIAN_POINT('',(-38.7259514805719,-44.5616116523516,-3.46604349665824E-7));
#10778=CARTESIAN_POINT('Origin',(32.3138194462157,-64.2111805537842,3.00000000000001));
#10779=CARTESIAN_POINT('',(14.5140349133284,-77.4730969566852,3.00000256992377));
#10780=CARTESIAN_POINT('',(37.0621318700135,-54.925,3.00000380512615));
#10781=CARTESIAN_POINT('',(37.0621318700135,-54.925,3.00000380512615));
#10782=CARTESIAN_POINT('',(49.9378678013016,-54.9250000000001,3.00000451046906));
#10783=CARTESIAN_POINT('',(49.9378678013016,-54.9250000000001,3.00000451046906));
#10784=CARTESIAN_POINT('',(50.1136038147608,-55.1007360134592,3.00000452009599));
#10785=CARTESIAN_POINT('',(81.9378678013016,-86.925,3.00000626345406));
#10786=CARTESIAN_POINT('',(53.2248737341527,-51.9894660940672,3.00000000000001));
#10787=CARTESIAN_POINT('',(51.9545047889937,-53.2598350392263,3.00000462094201));
#10788=CARTESIAN_POINT('',(51.9545047889937,-53.2598350392263,3.00000462094201));
#10789=CARTESIAN_POINT('',(51.7604076400855,-50.525,3.00000000000001));
#10790=CARTESIAN_POINT('',(11.4027651582788,-74.3618272016356,3.00000000000001));
#10791=CARTESIAN_POINT('',(-14.1880466146887,-48.7710154286679,3.0000009976013));
#10792=CARTESIAN_POINT('',(-14.1880466146887,-48.7710154286679,3.0000009976013));
#10793=CARTESIAN_POINT('Origin',(51.7604076400855,-50.525,6.66133814775094E-15));
#10794=CARTESIAN_POINT('',(51.7604076400855,-50.525,6.66133814775094E-15));
#10795=CARTESIAN_POINT('Origin',(32.3138194462157,-64.2111805537842,4.44089209850063E-15));
#10796=CARTESIAN_POINT('',(37.3106601717798,-55.525,3.81874074140143E-6));
#10797=CARTESIAN_POINT('',(18.8624368670765,-55.525,2.80813264419422E-6));
#10798=CARTESIAN_POINT('',(29.5240485194281,-63.3116116523518,3.39218406697483E-6));
#10799=CARTESIAN_POINT('Origin',(4.71593795664329,-67.6750000000001,0.));
#10800=CARTESIAN_POINT('',(-14.1880466146887,-48.7710154286679,3.0000009976013));
#10801=CARTESIAN_POINT('Origin',(14.9382990642115,84.3473611075682,3.77475828372553E-14));
#10802=CARTESIAN_POINT('',(-9.07686606090458,60.332195982452,3.00000127759578));
#10803=CARTESIAN_POINT('Origin',(-14.9382990642116,-77.8973611075682,-2.22044604925031E-15));
#10804=CARTESIAN_POINT('',(9.07686589656212,-53.8821961467944,3.00000227207139));
#10805=CARTESIAN_POINT('Origin',(-1.6434235305951E-7,3.22499999999999,3.00000177483358));
#10806=CARTESIAN_POINT('',(90.1499998356576,85.162867965644,3.00000671332112));
#10807=CARTESIAN_POINT('',(90.1499998356576,85.162867965644,3.00000671332112));
#10808=CARTESIAN_POINT('',(90.1499998356576,90.0638273309929,3.00000671332112));
#10809=CARTESIAN_POINT('',(90.1499998356576,90.0638273309929,3.00000671332112));
#10810=CARTESIAN_POINT('',(86.8388271666505,93.3749999999999,3.00000653193252));
#10811=CARTESIAN_POINT('',(86.8388271666505,93.3749999999999,3.00000653193252));
#10812=CARTESIAN_POINT('',(81.9378678013016,93.3749999999999,3.00000626345413));
#10813=CARTESIAN_POINT('',(81.9378678013016,93.3749999999999,3.00000626345413));
#10814=CARTESIAN_POINT('',(49.9378678013016,61.375,3.0000045104691));
#10815=CARTESIAN_POINT('Origin',(-1.6434235305951E-7,3.22499999999999,3.00000177483358));
#10816=CARTESIAN_POINT('',(81.9378678013016,-86.925,3.00000626345406));
#10817=CARTESIAN_POINT('',(81.9378678013016,-86.925,3.00000626345406));
#10818=CARTESIAN_POINT('',(86.8388271666504,-86.925,3.00000653193245));
#10819=CARTESIAN_POINT('',(86.8388271666504,-86.925,3.00000653193245));
#10820=CARTESIAN_POINT('',(90.1499998356575,-83.6138273309929,3.00000671332108));
#10821=CARTESIAN_POINT('',(90.1499998356575,-83.6138273309929,3.00000671332108));
#10822=CARTESIAN_POINT('',(90.1499998356575,-78.712867965644,3.00000671332108));
#10823=CARTESIAN_POINT('',(90.1499998356575,-78.712867965644,3.00000671332108));
#10824=CARTESIAN_POINT('',(55.1499998356576,-43.712867965644,3.00000479599373));
#10825=CARTESIAN_POINT('Origin',(-1.6434235305951E-7,3.22499999999999,3.00000177483358));
#10826=CARTESIAN_POINT('',(11.0621318700136,87.3749999999999,3.00000238082586));
#10827=CARTESIAN_POINT('',(11.0621318700136,87.3749999999999,3.00000238082586));
#10828=CARTESIAN_POINT('',(-11.0621321986983,87.375,3.00000116884138));
#10829=CARTESIAN_POINT('',(-11.0621321986983,87.375,3.00000116884138));
#10830=CARTESIAN_POINT('',(-35.0621321986983,63.375,2.99999985410259));
#10831=CARTESIAN_POINT('',(-3.14655896708345,83.225,3.00000000000004));
#10832=CARTESIAN_POINT('',(14.5672689384051,52.5437500711622,3.00000257284001));
#10833=CARTESIAN_POINT('',(-1.57327948354173,85.95,3.00000000000004));
#10834=CARTESIAN_POINT('',(-19.2871074712015,55.2687499288377,3.00000071827078));
#10835=CARTESIAN_POINT('',(0.786639577428581,85.95,3.00000181792637));
#10836=CARTESIAN_POINT('Origin',(-1.6434235305951E-7,3.22499999999999,3.00000177483358));
#10837=CARTESIAN_POINT('',(-11.0621321986982,-80.925,3.00000116884131));
#10838=CARTESIAN_POINT('',(-11.0621321986982,-80.925,3.00000116884131));
#10839=CARTESIAN_POINT('',(11.0621318700136,-80.925,3.00000238082582));
#10840=CARTESIAN_POINT('',(11.0621318700136,-80.925,3.00000238082582));
#10841=CARTESIAN_POINT('',(37.0621318700135,-54.925,3.00000380512615));
#10842=CARTESIAN_POINT('',(-1.57327948354173,-79.4999999999999,3.00000000000001));
#10843=CARTESIAN_POINT('',(-0.786639906113251,-79.4999999999999,3.00000173174084));
#10844=CARTESIAN_POINT('',(-3.14655896708345,-76.7749999999999,3.00000000000001));
#10845=CARTESIAN_POINT('',(-20.0737472129723,-47.4562499288375,3.000000675178));
#10846=CARTESIAN_POINT('',(15.353908680176,-44.7312500711625,3.00000261593272));
#10847=CARTESIAN_POINT('Origin',(-1.6434235305951E-7,3.22499999999999,3.00000177483358));
#10848=CARTESIAN_POINT('',(-81.9378681299863,93.375,2.99999728621311));
#10849=CARTESIAN_POINT('',(-81.9378681299863,93.375,2.99999728621311));
#10850=CARTESIAN_POINT('',(-86.8388274953351,93.375,2.99999701773472));
#10851=CARTESIAN_POINT('',(-86.8388274953351,93.375,2.99999701773472));
#10852=CARTESIAN_POINT('',(-90.1500001643423,90.0638273309928,2.99999683634609));
#10853=CARTESIAN_POINT('',(-90.1500001643423,90.0638273309928,2.99999683634609));
#10854=CARTESIAN_POINT('',(-90.1500001643423,85.162867965644,2.99999683634609));
#10855=CARTESIAN_POINT('',(-90.1500001643423,85.162867965644,2.99999683634609));
#10856=CARTESIAN_POINT('',(-68.1500001643423,63.162867965644,2.99999804152331));
#10857=CARTESIAN_POINT('Origin',(-1.6434235305951E-7,3.22499999999999,3.00000177483358));
#10858=CARTESIAN_POINT('',(-90.1500001643423,-78.712867965644,2.99999683634605));
#10859=CARTESIAN_POINT('',(-90.1500001643423,-78.712867965644,2.99999683634605));
#10860=CARTESIAN_POINT('',(-90.1500001643423,-83.6138273309928,2.99999683634605));
#10861=CARTESIAN_POINT('',(-90.1500001643423,-83.6138273309928,2.99999683634605));
#10862=CARTESIAN_POINT('',(-86.8388274953351,-86.925,2.99999701773468));
#10863=CARTESIAN_POINT('',(-86.8388274953351,-86.925,2.99999701773468));
#10864=CARTESIAN_POINT('',(-81.9378681299863,-86.925,2.99999728621304));
#10865=CARTESIAN_POINT('',(-81.9378681299863,-86.925,2.99999728621304));
#10866=CARTESIAN_POINT('',(-51.9378681299864,-56.925,2.99999892963654));
#10867=CARTESIAN_POINT('Origin',(78.4267205164581,0.49999999999998,8.88178419700125E-15));
#10868=CARTESIAN_POINT('',(78.4267205164581,0.49999999999998,8.88178419700125E-15));
#10869=CARTESIAN_POINT('Origin',(76.8534410329164,3.22499999999999,8.88178419700125E-15));
#10870=CARTESIAN_POINT('',(76.8534410329164,3.22499999999999,8.88178419700125E-15));
#10871=CARTESIAN_POINT('Origin',(78.4267205164582,5.94999999999998,8.88178419700125E-15));
#10872=CARTESIAN_POINT('Origin',(-81.5732794835417,5.94999999999998,-8.88178419700125E-15));
#10873=CARTESIAN_POINT('',(-81.5732794835417,5.94999999999998,3.));
#10874=CARTESIAN_POINT('',(-81.5732794835417,5.94999999999998,-8.88178419700125E-15));
#10875=CARTESIAN_POINT('',(-71.9665993955129,22.5892580045263,2.999997832447));
#10876=CARTESIAN_POINT('Origin',(-78.4267205164582,5.95,-8.88178419700125E-15));
#10877=CARTESIAN_POINT('',(-78.4267205164582,5.95,3.));
#10878=CARTESIAN_POINT('',(-78.4267205164582,5.95,-8.88178419700125E-15));
#10879=CARTESIAN_POINT('',(-39.2133604225714,5.95000000000021,2.99999962669502));
#10880=CARTESIAN_POINT('Origin',(-76.8534410329164,3.22500000000001,-8.88178419700125E-15));
#10881=CARTESIAN_POINT('',(-67.2467609448873,-13.4142580045266,2.99999809100341));
#10882=CARTESIAN_POINT('Origin',(-3.14655896708345,83.225,3.5527136788005E-14));
#10883=CARTESIAN_POINT('',(-3.14655896708345,83.225,3.5527136788005E-14));
#10884=CARTESIAN_POINT('Origin',(-1.57327948354173,85.95,3.5527136788005E-14));
#10885=CARTESIAN_POINT('',(-1.57327948354173,85.95,3.5527136788005E-14));
#10886=CARTESIAN_POINT('Origin',(1.57327948354176,85.95,3.5527136788005E-14));
#10887=CARTESIAN_POINT('Origin',(-1.57327948354173,-79.4999999999999,0.));
#10888=CARTESIAN_POINT('',(-1.57327948354173,-79.4999999999999,0.));
#10889=CARTESIAN_POINT('Origin',(-3.14655896708345,-76.7749999999999,0.));
#10890=CARTESIAN_POINT('',(-3.14655896708345,-76.7749999999999,0.));
#10891=CARTESIAN_POINT('Origin',(-1.57327948354173,-74.05,0.));
#10892=CARTESIAN_POINT('Origin',(90.3343388397139,91.4351233824989,0.500006723419351));
#10893=CARTESIAN_POINT('',(87.501568976009,94.975,1.00000656823803));
#10894=CARTESIAN_POINT('',(87.0873554684167,93.975,6.54554708434674E-6));
#10895=CARTESIAN_POINT('',(91.7499999452191,90.7265690307898,1.00000680097041));
#10896=CARTESIAN_POINT('',(90.6878922029168,91.7886767730921,1.0000067427873));
#10897=CARTESIAN_POINT('',(90.7499999999999,90.3123554684167,6.74618960916362E-6));
#10898=CARTESIAN_POINT('Origin',(43.7507844880044,94.4749999999999,0.500004171535804));
#10899=CARTESIAN_POINT('',(81.2751262110662,94.975,1.00000622714863));
#10900=CARTESIAN_POINT('',(81.6893398282201,93.975,6.24983955255232E-6));
#10901=CARTESIAN_POINT('',(43.750784460614,94.9749999999999,1.00000417153581));
#10902=CARTESIAN_POINT('Origin',(38.3723980625881,51.3651650429449,0.500003876903574));
#10903=CARTESIAN_POINT('',(49.2751262110663,62.975,1.00000447416357));
#10904=CARTESIAN_POINT('',(49.6893398282202,61.975,4.4968545220847E-6));
#10905=CARTESIAN_POINT('',(38.0188446446045,51.7187184335382,1.00000385753564));
#10906=CARTESIAN_POINT('Origin',(24.6375631055331,62.4749999999999,0.500003124498571));
#10907=CARTESIAN_POINT('',(37.7248736793721,62.975,1.00000384143169));
#10908=CARTESIAN_POINT('',(37.3106601717798,61.975,3.81874077692856E-6));
#10909=CARTESIAN_POINT('',(24.6375630781427,62.9749999999999,1.00000312449858));
#10910=CARTESIAN_POINT('Origin',(42.877601882631,57.1151650429449,0.500004123702174));
#10911=CARTESIAN_POINT('',(11.7248736793721,88.9749999999999,1.00000241713136));
#10912=CARTESIAN_POINT('',(11.3106601717798,87.975,2.39444041483239E-6));
#10913=CARTESIAN_POINT('',(43.2311552458338,57.4687184335382,1.00000414307012));
#10914=CARTESIAN_POINT('Origin',(5.86243683968604,88.475,0.500002095982488));
#10915=CARTESIAN_POINT('',(-11.7248737889337,88.9749999999999,1.00000113253585));
#10916=CARTESIAN_POINT('',(-11.3106601717798,87.975,1.15522681198854E-6));
#10917=CARTESIAN_POINT('',(5.86243681229565,88.9749999999999,1.0000020959825));
#10918=CARTESIAN_POINT('Origin',(-29.8776019374118,70.115165042945,0.500000138115193));
#10919=CARTESIAN_POINT('',(-35.7248737889337,64.975,0.999999817797064));
#10920=CARTESIAN_POINT('',(-35.3106601717798,63.975,-1.59511981401295E-7));
#10921=CARTESIAN_POINT('',(-30.2311553553954,70.4687184335382,1.00000011874726));
#10922=CARTESIAN_POINT('Origin',(-17.8624368944669,64.475,0.500000796315339));
#10923=CARTESIAN_POINT('',(-51.2751263206278,64.975,0.999998965942084));
#10924=CARTESIAN_POINT('',(-51.6893398282201,63.975,-1.05674886397011E-6));
#10925=CARTESIAN_POINT('',(-17.8624369218572,64.975,1.00000079631535));
#10926=CARTESIAN_POINT('Origin',(-23.372398117369,36.3651650429449,0.500000494475363));
#10927=CARTESIAN_POINT('',(-81.2751263206278,94.975,0.999997322518622));
#10928=CARTESIAN_POINT('',(-81.6893398282201,93.975,-2.70017232573139E-6));
#10929=CARTESIAN_POINT('',(-23.0188447541661,36.7187184335382,1.00000051384327));
#10930=CARTESIAN_POINT('Origin',(-40.6375631603139,94.475,0.499999548676118));
#10931=CARTESIAN_POINT('',(-87.5015690855705,94.975,0.999996981429223));
#10932=CARTESIAN_POINT('',(-87.0873554684167,93.975,-2.99587985752581E-6));
#10933=CARTESIAN_POINT('',(-40.6375631877043,94.975,0.999999548676125));
#10934=CARTESIAN_POINT('Origin',(-88.2101234098894,93.5593388671042,0.499996942614043));
#10935=CARTESIAN_POINT('',(-91.7500000547807,90.7265690307898,0.999996748696848));
#10936=CARTESIAN_POINT('',(-90.7499999999999,90.3123554684167,-3.19652238234269E-6));
#10937=CARTESIAN_POINT('',(-88.5636768278731,93.9128922576974,0.999996923246111));
#10938=CARTESIAN_POINT('Origin',(-91.2500000273904,46.975784515395,0.499996776087233));
#10939=CARTESIAN_POINT('',(-91.7500000547807,84.5001262658471,0.999996748696848));
#10940=CARTESIAN_POINT('',(-90.7499999999999,84.9143398282201,-3.19652238234269E-6));
#10941=CARTESIAN_POINT('',(-91.7500000547808,46.975784515395,0.999996748696812));
#10942=CARTESIAN_POINT('Origin',(-48.1401650703353,41.5973980899785,0.499999137677698));
#10943=CARTESIAN_POINT('',(-69.7500000547807,62.5001262658471,0.999997953874034));
#10944=CARTESIAN_POINT('',(-68.75,62.9143398282201,-1.99134515987964E-6));
#10945=CARTESIAN_POINT('',(-48.493718488319,41.2438446993853,0.999999118309767));
#10946=CARTESIAN_POINT('Origin',(-69.2500000273903,32.8625631329235,0.49999798126442));
#10947=CARTESIAN_POINT('',(-69.7500000547807,53.949873734153,0.999997953874034));
#10948=CARTESIAN_POINT('',(-68.75,53.5356601717799,-1.99134515987964E-6));
#10949=CARTESIAN_POINT('',(-69.7500000547807,32.8625631329235,0.999997953874034));
#10950=CARTESIAN_POINT('Origin',(-64.6401650703354,58.3526019100214,0.499998233794789));
#10951=CARTESIAN_POINT('',(-76.7500000547807,46.9498737341529,0.99999757040858));
#10952=CARTESIAN_POINT('',(-75.7499999999999,46.5356601717798,-2.37481065035183E-6));
#10953=CARTESIAN_POINT('',(-64.9937184883191,58.7061553006146,0.999998214426858));
#10954=CARTESIAN_POINT('Origin',(-76.2500000273903,25.0874368670764,0.499997597798965));
#10955=CARTESIAN_POINT('',(-76.7500000547807,16.9498737341529,0.999997570408544));
#10956=CARTESIAN_POINT('',(-75.7499999999999,16.5356601717798,-2.37481065035183E-6));
#10957=CARTESIAN_POINT('',(-76.7500000547807,25.0874368670764,0.999997570408544));
#10958=CARTESIAN_POINT('Origin',(-60.6401650703353,32.3526019100214,0.499998452917929));
#10959=CARTESIAN_POINT('',(-86.7500000547807,6.94987373415286,0.999997022600734));
#10960=CARTESIAN_POINT('',(-85.7499999999999,6.53566017177977,-2.92261849610398E-6));
#10961=CARTESIAN_POINT('',(-60.993718488319,32.7061553006147,0.999998433549998));
#10962=CARTESIAN_POINT('Origin',(-86.2500000273903,5.08743686707628,0.499997049991119));
#10963=CARTESIAN_POINT('',(-86.7500000547807,-0.499873734152887,0.999997022600734));
#10964=CARTESIAN_POINT('',(-85.7499999999999,-0.0856601717798444,-2.92261849610398E-6));
#10965=CARTESIAN_POINT('',(-86.7500000547807,5.08743686707628,0.999997022600734));
#10966=CARTESIAN_POINT('Origin',(-65.6401650703355,-20.9026019100214,0.499998179014005));
#10967=CARTESIAN_POINT('',(-76.7500000547807,-10.4998737341529,0.999997570408544));
#10968=CARTESIAN_POINT('',(-75.7499999999999,-10.0856601717799,-2.37481065035183E-6));
#10969=CARTESIAN_POINT('',(-65.9937184883191,-21.2561553006147,0.999998159646074));
#10970=CARTESIAN_POINT('Origin',(-76.2500000273903,-3.63743686707651,0.499997597798929));
#10971=CARTESIAN_POINT('',(-76.7500000547807,-40.4998737341529,0.999997570408544));
#10972=CARTESIAN_POINT('',(-75.7499999999999,-40.0856601717798,-2.37481068587897E-6));
#10973=CARTESIAN_POINT('',(-76.7500000547807,-3.63743686707651,0.999997570408544));
#10974=CARTESIAN_POINT('Origin',(-68.1401650703354,-48.4026019100213,0.499998042062044));
#10975=CARTESIAN_POINT('',(-69.7500000547807,-47.499873734153,0.999997953874034));
#10976=CARTESIAN_POINT('',(-68.7499999999999,-47.0856601717799,-1.99134519540678E-6));
#10977=CARTESIAN_POINT('',(-68.493718488319,-48.7561553006146,0.999998022694113));
#10978=CARTESIAN_POINT('Origin',(-69.2500000273901,-22.1374368670763,0.49999798126442));
#10979=CARTESIAN_POINT('',(-69.7500000547808,-56.0501262658471,0.999997953873999));
#10980=CARTESIAN_POINT('',(-68.75,-56.4643398282202,-1.99134519540678E-6));
#10981=CARTESIAN_POINT('',(-69.7500000547805,-22.1374368670763,0.999997953874034));
#10982=CARTESIAN_POINT('Origin',(-37.1401650703354,-24.1473980899785,0.499999740266293));
#10983=CARTESIAN_POINT('',(-91.7500000547807,-78.0501262658472,0.999996748696776));
#10984=CARTESIAN_POINT('',(-90.7499999999999,-78.4643398282203,-3.19652241786983E-6));
#10985=CARTESIAN_POINT('',(-37.4937184883191,-23.7938446993852,0.999999720898361));
#10986=CARTESIAN_POINT('Origin',(-91.2500000273904,-37.4125631329237,0.499996776087197));
#10987=CARTESIAN_POINT('',(-91.7500000547807,-84.2765690307898,0.999996748696812));
#10988=CARTESIAN_POINT('',(-91.7500000547808,-37.4125631329237,0.999996748696812));
#10989=CARTESIAN_POINT('',(-90.7499999999999,-83.8623554684167,-3.19652241786983E-6));
#10990=CARTESIAN_POINT('Origin',(-90.3343388944945,-84.985123382499,0.499996826247819));
#10991=CARTESIAN_POINT('',(-87.5015690855705,-88.525,0.999996981429152));
#10992=CARTESIAN_POINT('',(-90.6878923124782,-85.3386767730923,0.999996806879888));
#10993=CARTESIAN_POINT('',(-87.0873554684167,-87.525,-2.99587989305294E-6));
#10994=CARTESIAN_POINT('Origin',(-43.7507845427853,-88.025,0.499999378131366));
#10995=CARTESIAN_POINT('',(-81.2751263206278,-88.525,0.999997322518587));
#10996=CARTESIAN_POINT('',(-43.7507845701757,-88.525,0.999999378131373));
#10997=CARTESIAN_POINT('',(-81.6893398282201,-87.525,-2.70017236125852E-6));
#10998=CARTESIAN_POINT('Origin',(-38.372398117369,-44.9151650429449,0.499999672763596));
#10999=CARTESIAN_POINT('',(-51.2751263206279,-58.525,0.999998965942048));
#11000=CARTESIAN_POINT('',(-38.0188447541661,-45.2687184335382,0.999999692131541));
#11001=CARTESIAN_POINT('',(-51.6893398282202,-57.525,-1.05674889949725E-6));
#11002=CARTESIAN_POINT('Origin',(-25.6375631603139,-58.025,0.500000370387814));
#11003=CARTESIAN_POINT('',(-35.7248737889336,-58.525,0.999999817797064));
#11004=CARTESIAN_POINT('',(-25.6375631877043,-58.525,1.00000037038782));
#11005=CARTESIAN_POINT('',(-35.3106601717797,-57.525,-1.59512016928431E-7));
#11006=CARTESIAN_POINT('Origin',(-41.8776019374117,-51.6651650429449,0.499999480745781));
#11007=CARTESIAN_POINT('',(-11.7248737889337,-82.525,1.00000113253582));
#11008=CARTESIAN_POINT('',(-42.2311553553954,-52.0187184335382,0.999999461377885));
#11009=CARTESIAN_POINT('',(-11.3106601717798,-81.525,1.1552267764614E-6));
#11010=CARTESIAN_POINT('Origin',(-5.86243689446682,-82.025,0.500001453684682));
#11011=CARTESIAN_POINT('',(11.7248736793722,-82.525,1.00000241713133));
#11012=CARTESIAN_POINT('',(-5.86243692185722,-82.525,1.00000145368469));
#11013=CARTESIAN_POINT('',(11.3106601717799,-81.525,2.39444037930525E-6));
#11014=CARTESIAN_POINT('Origin',(29.877601882631,-63.665165042945,0.500003411551977));
#11015=CARTESIAN_POINT('',(37.7248736793722,-56.525,1.00000384143169));
#11016=CARTESIAN_POINT('',(30.2311552458339,-64.0187184335383,1.00000343091992));
#11017=CARTESIAN_POINT('',(37.3106601717798,-55.525,3.81874074140143E-6));
#11018=CARTESIAN_POINT('Origin',(18.862436839686,-56.0250000000001,0.500002808132616));
#11019=CARTESIAN_POINT('',(49.275126211066,-56.525,1.00000447416353));
#11020=CARTESIAN_POINT('',(18.8624368122957,-56.525,1.00000280813262));
#11021=CARTESIAN_POINT('',(49.6893398282199,-55.525,4.49685448655757E-6));
#11022=CARTESIAN_POINT('Origin',(22.372398062588,-28.9151650429451,0.500003000411058));
#11023=CARTESIAN_POINT('',(81.2751262110662,-88.525,1.00000622714856));
#11024=CARTESIAN_POINT('',(22.0188446446043,-29.2687184335384,1.00000298104313));
#11025=CARTESIAN_POINT('',(81.68933982822,-87.525,6.24983951702518E-6));
#11026=CARTESIAN_POINT('Origin',(40.6375631055331,-88.025,0.500004000991052));
#11027=CARTESIAN_POINT('',(87.5015689760089,-88.525,1.00000656823796));
#11028=CARTESIAN_POINT('',(40.6375630781427,-88.525,1.00000400099106));
#11029=CARTESIAN_POINT('',(87.0873554684167,-87.525,6.54554701329246E-6));
#11030=CARTESIAN_POINT('Origin',(88.2101233551086,-87.1093388671042,0.500006607053127));
#11031=CARTESIAN_POINT('',(91.7499999452191,-84.2765690307899,1.00000680097034));
#11032=CARTESIAN_POINT('',(88.5636767183115,-87.4628922576975,1.00000662642107));
#11033=CARTESIAN_POINT('',(90.7499999999999,-83.8623554684168,6.74618957363649E-6));
#11034=CARTESIAN_POINT('Origin',(91.2499999726096,-40.5257845153951,0.500006773579973));
#11035=CARTESIAN_POINT('',(91.7499999452191,-78.0501262658471,1.00000680097034));
#11036=CARTESIAN_POINT('',(91.7499999452192,-40.5257845153951,1.00000680097037));
#11037=CARTESIAN_POINT('',(90.7499999999999,-78.4643398282202,6.74618957363649E-6));
#11038=CARTESIAN_POINT('Origin',(48.1401650155545,-35.1473980899786,0.500004411989472));
#11039=CARTESIAN_POINT('',(56.7499999452191,-43.0501262658471,1.00000488364299));
#11040=CARTESIAN_POINT('',(48.4937183787574,-34.7938446993853,1.00000443135742));
#11041=CARTESIAN_POINT('',(55.7499999999999,-43.4643398282202,4.82886218788892E-6));
#11042=CARTESIAN_POINT('Origin',(56.2499999726095,-19.9125631329236,0.500004856252587));
#11043=CARTESIAN_POINT('',(56.7499999452191,-32.499873734153,1.00000488364299));
#11044=CARTESIAN_POINT('',(56.7499999452191,-19.9125631329236,1.00000488364299));
#11045=CARTESIAN_POINT('',(55.7499999999999,-32.0856601717799,4.82886218788892E-6));
#11046=CARTESIAN_POINT('Origin',(51.1401650155545,-37.4026019100215,0.500004576331825));
#11047=CARTESIAN_POINT('',(86.7499999452191,-2.49987373415297,1.00000652706645));
#11048=CARTESIAN_POINT('',(51.4937183787574,-37.7561553006147,1.00000459569973));
#11049=CARTESIAN_POINT('',(85.7499999999999,-2.08566017177989,6.47228568739777E-6));
#11050=CARTESIAN_POINT('Origin',(86.2499999726095,0.36256313292351,0.500006499676051));
#11051=CARTESIAN_POINT('',(86.7499999452191,8.94987373415298,1.00000652706645));
#11052=CARTESIAN_POINT('',(86.7499999452191,0.36256313292351,1.00000652706645));
#11053=CARTESIAN_POINT('',(85.7499999999999,8.53566017177989,6.47228568739777E-6));
#11054=CARTESIAN_POINT('Origin',(66.1401650155544,28.8526019100215,0.500005398043593));
#11055=CARTESIAN_POINT('',(56.7499999452191,38.9498737341529,1.00000488364299));
#11056=CARTESIAN_POINT('',(66.4937183787573,29.2061553006147,1.0000054174115));
#11057=CARTESIAN_POINT('',(55.7499999999999,38.5356601717798,4.82886222341605E-6));
#11058=CARTESIAN_POINT('Origin',(56.2499999726095,21.0874368670764,0.500004856252587));
#11059=CARTESIAN_POINT('',(56.7499999452191,49.500126265847,1.00000488364299));
#11060=CARTESIAN_POINT('',(56.7499999452191,21.0874368670764,1.00000488364299));
#11061=CARTESIAN_POINT('',(55.7499999999999,49.9143398282201,4.82886222341605E-6));
#11062=CARTESIAN_POINT('Origin',(30.6401650155545,24.0973980899785,0.500003453325815));
#11063=CARTESIAN_POINT('',(91.7499999452191,84.5001262658471,1.00000680097037));
#11064=CARTESIAN_POINT('',(30.9937183787574,23.7438446993853,1.00000347269372));
#11065=CARTESIAN_POINT('',(90.7499999999999,84.9143398282202,6.74618960916362E-6));
#11066=CARTESIAN_POINT('Origin',(91.2499999726095,43.8625631329235,0.500006773580008));
#11067=CARTESIAN_POINT('',(91.7499999452191,43.8625631329235,1.00000680097037));
#11068=CARTESIAN_POINT('Origin',(-91.7500001643423,-78.0501262658472,2.9999967486968));
#11069=CARTESIAN_POINT('',(-91.7500004930269,-84.2765690307898,8.99999674869678));
#11070=CARTESIAN_POINT('',(-91.7500001643423,-84.2765690307898,2.9999967486968));
#11071=CARTESIAN_POINT('',(-91.750000493027,-78.0501262658472,8.99999674869678));
#11072=CARTESIAN_POINT('',(-91.750000493027,-84.2765690307898,8.99999674869678));
#11073=CARTESIAN_POINT('',(-91.7500001643423,-78.0501262658472,2.9999967486968));
#11074=CARTESIAN_POINT('Origin',(-91.7500001643423,-84.2765690307898,2.9999967486968));
#11075=CARTESIAN_POINT('',(-87.5015695238168,-88.525,8.99999698142916));
#11076=CARTESIAN_POINT('',(-87.501569195132,-88.525,2.99999698142914));
#11077=CARTESIAN_POINT('',(-87.5015695238168,-88.525,8.99999698142916));
#11078=CARTESIAN_POINT('Origin',(-87.501569195132,-88.525,2.99999698142914));
#11079=CARTESIAN_POINT('',(-81.2751267588741,-88.525,8.99999732251856));
#11080=CARTESIAN_POINT('',(-81.2751264301894,-88.525,2.99999732251858));
#11081=CARTESIAN_POINT('',(-81.2751267588741,-88.525,8.99999732251856));
#11082=CARTESIAN_POINT('Origin',(-81.2751264301894,-88.525,2.99999732251858));
#11083=CARTESIAN_POINT('',(-51.2751267588742,-58.525,8.99999896594205));
#11084=CARTESIAN_POINT('',(-51.2751264301895,-58.525,2.99999896594204));
#11085=CARTESIAN_POINT('',(-51.2751267588742,-58.525,8.99999896594205));
#11086=CARTESIAN_POINT('Origin',(-51.2751264301895,-58.525,2.99999896594204));
#11087=CARTESIAN_POINT('',(-35.7248742271799,-58.525,8.99999981779704));
#11088=CARTESIAN_POINT('',(-35.7248738984952,-58.525,2.99999981779706));
#11089=CARTESIAN_POINT('',(-35.7248742271799,-58.525,8.99999981779704));
#11090=CARTESIAN_POINT('Origin',(-35.7248738984952,-58.525,2.99999981779706));
#11091=CARTESIAN_POINT('',(-11.7248742271799,-82.525,9.00000113253579));
#11092=CARTESIAN_POINT('',(-11.7248738984953,-82.525,3.00000113253581));
#11093=CARTESIAN_POINT('',(-11.7248742271799,-82.525,9.00000113253583));
#11094=CARTESIAN_POINT('Origin',(-11.7248738984952,-82.525,3.00000113253581));
#11095=CARTESIAN_POINT('',(11.7248732411259,-82.525,9.0000024171313));
#11096=CARTESIAN_POINT('',(11.7248735698106,-82.525,3.00000241713132));
#11097=CARTESIAN_POINT('',(11.7248732411259,-82.525,9.0000024171313));
#11098=CARTESIAN_POINT('Origin',(11.7248735698106,-82.525,3.00000241713132));
#11099=CARTESIAN_POINT('',(37.7248732411259,-56.525,9.00000384143166));
#11100=CARTESIAN_POINT('',(37.7248735698106,-56.525,3.00000384143168));
#11101=CARTESIAN_POINT('',(37.7248732411259,-56.525,9.00000384143166));
#11102=CARTESIAN_POINT('Origin',(37.7248735698106,-56.525,3.00000384143168));
#11103=CARTESIAN_POINT('',(49.2751257728197,-56.525,9.00000447416354));
#11104=CARTESIAN_POINT('',(49.2751261015044,-56.525,3.00000447416352));
#11105=CARTESIAN_POINT('',(49.2751257728197,-56.525,9.00000447416354));
#11106=CARTESIAN_POINT('Origin',(49.2751261015045,-56.525,3.00000447416352));
#11107=CARTESIAN_POINT('',(81.2751257728199,-88.525,9.00000622714854));
#11108=CARTESIAN_POINT('',(81.2751261015046,-88.525,3.00000622714856));
#11109=CARTESIAN_POINT('',(81.2751257728199,-88.525,9.00000622714857));
#11110=CARTESIAN_POINT('Origin',(81.2751261015046,-88.525,3.00000622714856));
#11111=CARTESIAN_POINT('',(87.5015685377627,-88.525,9.00000656823797));
#11112=CARTESIAN_POINT('',(87.5015688664474,-88.525,3.00000656823795));
#11113=CARTESIAN_POINT('',(87.5015685377627,-88.525,9.00000656823797));
#11114=CARTESIAN_POINT('Origin',(87.5015688664474,-88.525,3.00000656823795));
#11115=CARTESIAN_POINT('',(91.7499995069728,-84.2765690307899,9.00000680097034));
#11116=CARTESIAN_POINT('',(91.7499998356575,-84.2765690307899,3.00000680097033));
#11117=CARTESIAN_POINT('',(91.7499995069728,-84.2765690307899,9.00000680097034));
#11118=CARTESIAN_POINT('Origin',(91.7499998356575,-84.2765690307899,3.00000680097033));
#11119=CARTESIAN_POINT('',(91.7499995069729,-78.0501262658471,9.00000680097034));
#11120=CARTESIAN_POINT('',(91.7499998356575,-78.0501262658471,3.00000680097033));
#11121=CARTESIAN_POINT('',(91.7499995069729,-78.0501262658471,9.00000680097034));
#11122=CARTESIAN_POINT('Origin',(91.7499998356575,-78.0501262658471,3.00000680097033));
#11123=CARTESIAN_POINT('',(56.7499995069729,-43.0501262658471,9.00000488364296));
#11124=CARTESIAN_POINT('',(56.7499998356576,-43.0501262658471,3.00000488364298));
#11125=CARTESIAN_POINT('',(56.7499995069729,-43.0501262658471,9.00000488364296));
#11126=CARTESIAN_POINT('Origin',(56.7499998356576,-43.0501262658471,3.00000488364298));
#11127=CARTESIAN_POINT('',(56.7499995069729,-32.4998737341529,9.00000488364296));
#11128=CARTESIAN_POINT('',(56.7499998356576,-32.499873734153,3.00000488364298));
#11129=CARTESIAN_POINT('',(56.7499995069729,-32.499873734153,9.00000488364296));
#11130=CARTESIAN_POINT('Origin',(56.7499998356576,-32.499873734153,3.00000488364298));
#11131=CARTESIAN_POINT('',(86.7499995069729,-2.49987373415293,9.00000652706642));
#11132=CARTESIAN_POINT('',(86.7499998356575,-2.49987373415297,3.00000652706644));
#11133=CARTESIAN_POINT('',(86.7499995069728,-2.49987373415297,9.00000652706646));
#11134=CARTESIAN_POINT('Origin',(86.7499998356575,-2.49987373415297,3.00000652706644));
#11135=CARTESIAN_POINT('',(86.7499995069729,8.94987373415302,9.00000652706646));
#11136=CARTESIAN_POINT('',(86.7499998356575,8.94987373415298,3.00000652706644));
#11137=CARTESIAN_POINT('',(86.7499995069728,8.94987373415298,9.00000652706646));
#11138=CARTESIAN_POINT('Origin',(86.7499998356575,8.94987373415298,3.00000652706644));
#11139=CARTESIAN_POINT('',(56.7499995069729,38.9498737341529,9.00000488364299));
#11140=CARTESIAN_POINT('',(56.7499998356575,38.9498737341529,3.00000488364301));
#11141=CARTESIAN_POINT('',(56.7499995069729,38.9498737341529,9.00000488364299));
#11142=CARTESIAN_POINT('Origin',(56.7499998356575,38.9498737341529,3.00000488364301));
#11143=CARTESIAN_POINT('',(56.7499995069729,49.5001262658471,9.00000488364299));
#11144=CARTESIAN_POINT('',(56.7499998356576,49.500126265847,3.00000488364298));
#11145=CARTESIAN_POINT('',(56.7499995069729,49.500126265847,9.00000488364299));
#11146=CARTESIAN_POINT('Origin',(56.7499998356576,49.500126265847,3.00000488364298));
#11147=CARTESIAN_POINT('',(91.7499995069729,84.5001262658471,9.00000680097038));
#11148=CARTESIAN_POINT('',(91.7499998356575,84.5001262658471,3.0000068009704));
#11149=CARTESIAN_POINT('',(91.7499995069729,84.5001262658471,9.00000680097038));
#11150=CARTESIAN_POINT('Origin',(91.7499998356575,84.5001262658471,3.0000068009704));
#11151=CARTESIAN_POINT('',(91.7499995069729,90.7265690307899,9.00000680097038));
#11152=CARTESIAN_POINT('',(91.7499998356575,90.7265690307898,3.0000068009704));
#11153=CARTESIAN_POINT('',(91.7499995069729,90.7265690307898,9.00000680097038));
#11154=CARTESIAN_POINT('Origin',(91.7499998356575,90.7265690307898,3.0000068009704));
#11155=CARTESIAN_POINT('',(87.5015685377627,94.9750000000001,9.000006568238));
#11156=CARTESIAN_POINT('',(87.5015688664474,94.975,3.00000656823803));
#11157=CARTESIAN_POINT('',(87.5015685377627,94.975,9.000006568238));
#11158=CARTESIAN_POINT('Origin',(-85.1156855892915,5.15606618152035,8.60000000000002));
#11159=CARTESIAN_POINT('',(-84.8328428768169,6.32144693809139,8.31715728752541));
#11160=CARTESIAN_POINT('',(-85.1156855892914,6.32144693809146,8.99999711212977));
#11161=CARTESIAN_POINT('Origin',(-85.1156855892915,6.32144693809139,8.60000000000002));
#11162=CARTESIAN_POINT('',(-85.1156855892914,0.12855306190855,8.99999711212977));
#11163=CARTESIAN_POINT('',(-85.1156855892915,5.15606618152035,9.00000000000005));
#11164=CARTESIAN_POINT('',(-84.8328428768169,0.128553061908621,8.31715728752541));
#11165=CARTESIAN_POINT('Origin',(-85.1156855892915,0.128553061908603,8.60000000000002));
#11166=CARTESIAN_POINT('',(-84.8328428768169,5.15606618152035,8.31715728752541));
#11167=CARTESIAN_POINT('Origin',(-85.115688477162,5.15606618152035,8.5999971121296));
#11168=CARTESIAN_POINT('',(-84.8328457646874,6.6042867252889,8.31715439965499));
#11169=CARTESIAN_POINT('Origin',(-85.115688477162,6.32144402830863,8.5999971121296));
#11170=CARTESIAN_POINT('',(-84.8328457646874,5.15606618152035,8.31715439965499));
#11171=CARTESIAN_POINT('Origin',(-85.1156884771619,3.22499999999988,8.5999971121296));
#11172=CARTESIAN_POINT('',(-84.8328457646873,-0.154286725288921,8.31715439965499));
#11173=CARTESIAN_POINT('Origin',(-85.1156884771619,0.128555971691346,8.5999971121296));
#11174=CARTESIAN_POINT('',(-84.8328457646873,3.22499999999988,8.31715439965499));
#11175=CARTESIAN_POINT('Origin',(-84.7500001643423,5.15606618152035,8.40000000000002));
#11176=CARTESIAN_POINT('',(-85.1500001643423,0.16286796564402,8.00000000000003));
#11177=CARTESIAN_POINT('',(-83.3488670353456,-1.63826553592416,9.80113312899671));
#11178=CARTESIAN_POINT('',(-85.1500001643423,6.28713203435596,8.00000000000003));
#11179=CARTESIAN_POINT('',(-85.1500004382463,1.69393398282204,8.00000000000003));
#11180=CARTESIAN_POINT('',(-86.0385116906191,5.39862073330981,7.1114884737232));
#11181=CARTESIAN_POINT('Origin',(-73.6137829568325,-78.5523863607377,8.60000000000002));
#11182=CARTESIAN_POINT('',(-74.6976664333157,-79.2362698372209,8.31715728752541));
#11183=CARTESIAN_POINT('',(-74.4976664333156,-79.4362698372209,9.00000000000001));
#11184=CARTESIAN_POINT('Origin',(-74.4976664333156,-79.4362698372209,8.60000000000002));
#11185=CARTESIAN_POINT('',(-70.9621325273829,-75.9007359312882,9.00000000000001));
#11186=CARTESIAN_POINT('',(-73.6137829568325,-78.5523863607377,9.00000000000001));
#11187=CARTESIAN_POINT('',(-71.1621325273829,-75.7007359312882,8.31715728752541));
#11188=CARTESIAN_POINT('Origin',(-70.9621325273829,-75.9007359312882,8.60000000000002));
#11189=CARTESIAN_POINT('',(-73.8137829568325,-78.3523863607377,8.31715728752541));
#11190=CARTESIAN_POINT('Origin',(-73.8723616005952,-78.2938077169751,8.40000000000003));
#11191=CARTESIAN_POINT('',(-70.937868458671,-75.9250000000001,8.));
#11192=CARTESIAN_POINT('',(-71.3974878664422,-75.4653805922289,8.65000000000001));
#11193=CARTESIAN_POINT('',(-74.4734023646037,-79.4605339059328,8.));
#11194=CARTESIAN_POINT('',(-62.3217518255928,-67.3088834217024,8.00000000000004));
#11195=CARTESIAN_POINT('',(-74.7916004161377,-79.1423358543989,8.45000000000002));
#11196=CARTESIAN_POINT('Origin',(-71.5035538836203,-75.3593145750508,9.00000000000001));
#11197=CARTESIAN_POINT('',(-70.937868458671,-75.9250000000001,9.00000000000001));
#11198=CARTESIAN_POINT('',(-71.5035538836203,-75.3593145750508,9.00000000000001));
#11199=CARTESIAN_POINT('',(-70.9378683764999,-75.9250000821712,5.9999994803126));
#11200=CARTESIAN_POINT('Origin',(-80.0096199007981,-68.6210155108393,8.60000000000002));
#11201=CARTESIAN_POINT('',(-78.925736424315,-67.9371320343561,8.31715728752541));
#11202=CARTESIAN_POINT('',(-79.125736424315,-67.7371320343562,9.00000000000001));
#11203=CARTESIAN_POINT('Origin',(-79.125736424315,-67.7371320343562,8.60000000000002));
#11204=CARTESIAN_POINT('',(-82.6612703302477,-71.2726659402888,9.00000000000001));
#11205=CARTESIAN_POINT('',(-80.0096199007981,-68.6210155108393,9.00000000000001));
#11206=CARTESIAN_POINT('',(-82.4612703302477,-71.4726659402888,8.31715728752541));
#11207=CARTESIAN_POINT('Origin',(-82.6612703302477,-71.2726659402888,8.60000000000002));
#11208=CARTESIAN_POINT('',(-79.8096199007981,-68.8210155108393,8.31715728752541));
#11209=CARTESIAN_POINT('Origin',(-79.7510412570354,-68.879594154602,8.40000000000002));
#11210=CARTESIAN_POINT('',(-82.6855343989596,-71.2484018715769,8.));
#11211=CARTESIAN_POINT('',(-82.2259149911883,-71.7080212793482,8.65000000000008));
#11212=CARTESIAN_POINT('',(-79.150000493027,-67.7128679656442,8.00000000000003));
#11213=CARTESIAN_POINT('',(-85.5338838599487,-74.0967513873464,8.));
#11214=CARTESIAN_POINT('',(-78.831802441493,-68.0310660171781,8.44999999999998));
#11215=CARTESIAN_POINT('Origin',(-82.1198489740104,-71.8140872965261,9.00000000000001));
#11216=CARTESIAN_POINT('',(-82.6855343989596,-71.2484018715769,9.00000000000001));
#11217=CARTESIAN_POINT('',(-82.6855343989596,-71.2484018715769,9.00000000000001));
#11218=CARTESIAN_POINT('',(-82.6855343167886,-71.2484019537479,5.99999840267869));
#11219=CARTESIAN_POINT('Origin',(-5.93106651020513,-80.8906854249492,8.60000000000003));
#11220=CARTESIAN_POINT('',(-11.0964471024337,-80.8906854249492,9.00000116696155));
#11221=CARTESIAN_POINT('',(-11.3792897775016,-80.6078427124746,8.31715728752538));
#11222=CARTESIAN_POINT('Origin',(-11.0964470805213,-80.8906854249492,8.60000000000003));
#11223=CARTESIAN_POINT('',(11.0964461163797,-80.8906854249492,9.00000238270558));
#11224=CARTESIAN_POINT('',(-5.93106651020513,-80.8906854249492,9.00000000000002));
#11225=CARTESIAN_POINT('',(11.3792888662611,-80.6078427124746,8.31715728752542));
#11226=CARTESIAN_POINT('Origin',(11.0964461382921,-80.8906854249492,8.60000000000003));
#11227=CARTESIAN_POINT('',(-5.93106651020513,-80.6078427124746,8.31715728752542));
#11228=CARTESIAN_POINT('Origin',(-5.93106651020513,-80.5249999999999,8.40000000000003));
#11229=CARTESIAN_POINT('',(11.0621315413289,-80.925,8.00000000000001));
#11230=CARTESIAN_POINT('',(16.1965990822387,-75.790532232601,13.1344677673994));
#11231=CARTESIAN_POINT('',(-11.0621325273829,-80.925,8.00000000000001));
#11232=CARTESIAN_POINT('',(5.53106568849323,-80.925,8.00000000000004));
#11233=CARTESIAN_POINT('',(-9.50695488611363,-82.4801775012946,6.44482249870524));
#11234=CARTESIAN_POINT('Origin',(71.846015017812,-76.7846194077712,8.60000000000004));
#11235=CARTESIAN_POINT('',(71.1621315413288,-75.700735931288,8.31715728752543));
#11236=CARTESIAN_POINT('',(70.9621315413288,-75.900735931288,9.00000000000003));
#11237=CARTESIAN_POINT('Origin',(70.9621315413288,-75.900735931288,8.60000000000004));
#11238=CARTESIAN_POINT('',(74.4976654472615,-79.4362698372208,9.00000000000003));
#11239=CARTESIAN_POINT('',(71.846015017812,-76.7846194077712,9.00000000000003));
#11240=CARTESIAN_POINT('',(74.6976654472615,-79.2362698372208,8.31715728752543));
#11241=CARTESIAN_POINT('Origin',(74.4976654472615,-79.4362698372208,8.60000000000004));
#11242=CARTESIAN_POINT('',(72.046015017812,-76.5846194077712,8.31715728752543));
#11243=CARTESIAN_POINT('Origin',(75.0390868034988,-78.8948484809835,9.00000000000003));
#11244=CARTESIAN_POINT('',(74.4734013785496,-79.4605339059327,9.00000000000003));
#11245=CARTESIAN_POINT('',(74.4734013785496,-79.4605339059327,9.00000000000003));
#11246=CARTESIAN_POINT('',(74.4734013785496,-79.4605339059327,8.00000000000002));
#11247=CARTESIAN_POINT('',(74.4734014607209,-79.4605338237615,6.0000031162327));
#11248=CARTESIAN_POINT('',(74.9330207863208,-79.0009144981615,8.65000000000003));
#11249=CARTESIAN_POINT('Origin',(72.9884771380578,-77.4099242404917,9.00000000000003));
#11250=CARTESIAN_POINT('',(70.9378674726169,-75.925,9.00000000000003));
#11251=CARTESIAN_POINT('',(71.5035528975661,-75.3593145750507,9.00000000000003));
#11252=CARTESIAN_POINT('',(81.9378674726169,-86.925,9.00000626345407));
#11253=CARTESIAN_POINT('Origin',(70.9378674726169,-75.925,9.00000000000003));
#11254=CARTESIAN_POINT('',(70.9378674726169,-75.925,8.00000000000002));
#11255=CARTESIAN_POINT('',(71.2560655241508,-75.606801948466,8.45000000000003));
#11256=CARTESIAN_POINT('',(70.9378675547881,-75.9249999178288,6.00000313172704));
#11257=CARTESIAN_POINT('Origin',(81.7773858677105,-70.3887824638055,8.60000000000004));
#11258=CARTESIAN_POINT('',(82.4612693441937,-71.4726659402887,8.31715728752543));
#11259=CARTESIAN_POINT('',(82.6612693441937,-71.2726659402887,9.00000000000003));
#11260=CARTESIAN_POINT('Origin',(82.6612693441937,-71.2726659402887,8.60000000000004));
#11261=CARTESIAN_POINT('',(79.1257354382609,-67.7371320343559,9.00000000000003));
#11262=CARTESIAN_POINT('',(81.7773858677105,-70.3887824638055,9.00000000000003));
#11263=CARTESIAN_POINT('',(78.925735438261,-67.9371320343559,8.31715728752543));
#11264=CARTESIAN_POINT('Origin',(79.125735438261,-67.737132034356,8.60000000000004));
#11265=CARTESIAN_POINT('',(81.5773858677105,-70.5887824638055,8.31715728752543));
#11266=CARTESIAN_POINT('Origin',(80.6349237474647,-69.763477631085,9.00000000000003));
#11267=CARTESIAN_POINT('',(82.6855334129057,-71.2484018715768,9.00000000000003));
#11268=CARTESIAN_POINT('',(82.6855334129057,-71.2484018715768,9.00000000000003));
#11269=CARTESIAN_POINT('',(79.1499995069728,-67.712867965644,9.00000000000003));
#11270=CARTESIAN_POINT('',(55.1499995069729,-43.712867965644,9.00000479599371));
#11271=CARTESIAN_POINT('',(78.5843140820237,-68.2785533905932,9.00000000000003));
#11272=CARTESIAN_POINT('Origin',(82.6855334129057,-71.2484018715768,9.00000000000003));
#11273=CARTESIAN_POINT('',(82.6855334129057,-71.2484018715768,8.00000000000002));
#11274=CARTESIAN_POINT('',(82.3673353613717,-71.5665999231107,8.45000000000003));
#11275=CARTESIAN_POINT('',(82.6855334950769,-71.2484017894055,6.00000239799688));
#11276=CARTESIAN_POINT('Origin',(81.5188072239479,-70.6473611075682,8.40000000000004));
#11277=CARTESIAN_POINT('',(79.1499995069728,-67.712867965644,8.00000000000005));
#11278=CARTESIAN_POINT('',(78.6903800992016,-68.1724873734153,8.65000000000014));
#11279=CARTESIAN_POINT('',(68.0338830930178,-56.5967514969079,8.00000000000005));
#11280=CARTESIAN_POINT('Origin',(85.1156846032374,3.22500000000006,8.60000000000004));
#11281=CARTESIAN_POINT('',(85.1156846032372,8.32144693809163,9.0000064375374));
#11282=CARTESIAN_POINT('',(84.8328418907628,8.32144693809146,8.31715728752543));
#11283=CARTESIAN_POINT('Origin',(85.1156846032374,8.32144693809146,8.60000000000004));
#11284=CARTESIAN_POINT('',(84.8328418907628,-1.87144693809143,8.31715728752543));
#11285=CARTESIAN_POINT('',(84.8328418907628,3.22500000000006,8.31715728752543));
#11286=CARTESIAN_POINT('',(85.1156846032372,-1.8714469380916,9.0000064375374));
#11287=CARTESIAN_POINT('Origin',(85.1156846032374,-1.87144693809143,8.60000000000004));
#11288=CARTESIAN_POINT('',(85.1156846032374,3.22500000000006,9.00000000000007));
#11289=CARTESIAN_POINT('Origin',(85.1156781657003,3.22499999999999,8.60000643753716));
#11290=CARTESIAN_POINT('',(84.8328354532257,8.6042961255098,8.31716372506255));
#11291=CARTESIAN_POINT('Origin',(85.1156781657003,8.32145339754084,8.60000643753716));
#11292=CARTESIAN_POINT('',(84.8328354532257,3.22499999999999,8.31716372506255));
#11293=CARTESIAN_POINT('Origin',(85.1156781657003,0.293933818479717,8.60000643753716));
#11294=CARTESIAN_POINT('',(84.8328354532257,-2.15429612550976,8.31716372506255));
#11295=CARTESIAN_POINT('Origin',(85.1156781657003,-1.87145339754081,8.60000643753716));
#11296=CARTESIAN_POINT('',(84.8328354532257,0.293933818479717,8.31716372506255));
#11297=CARTESIAN_POINT('Origin',(84.7499991782882,0.293933818479717,8.40000000000004));
#11298=CARTESIAN_POINT('',(85.1499995069729,8.28713203435604,8.00000000000005));
#11299=CARTESIAN_POINT('',(77.1821982289222,16.2549329307054,15.9678009493661));
#11300=CARTESIAN_POINT('',(85.1499995069729,-1.83713203435595,8.00000000000005));
#11301=CARTESIAN_POINT('',(85.149999561754,5.75606601717802,8.00000000000005));
#11302=CARTESIAN_POINT('',(86.2051760036535,-0.781955650259905,6.9448231746348));
#11303=CARTESIAN_POINT('Origin',(80.8935023912273,75.9548989873224,8.60000000000008));
#11304=CARTESIAN_POINT('',(82.6612693441937,77.7226659402888,9.00000000000007));
#11305=CARTESIAN_POINT('',(82.4612693441937,77.9226659402888,8.31715728752546));
#11306=CARTESIAN_POINT('Origin',(82.6612693441936,77.7226659402888,8.60000000000008));
#11307=CARTESIAN_POINT('',(78.9257354382609,74.387132034356,8.31715728752546));
#11308=CARTESIAN_POINT('',(80.6935023912273,76.1548989873224,8.31715728752546));
#11309=CARTESIAN_POINT('',(79.1257354382609,74.187132034356,9.00000000000007));
#11310=CARTESIAN_POINT('Origin',(79.1257354382609,74.187132034356,8.60000000000008));
#11311=CARTESIAN_POINT('',(80.8935023912273,75.9548989873224,9.00000000000007));
#11312=CARTESIAN_POINT('Origin',(80.6349237474646,76.2134776310851,9.00000000000007));
#11313=CARTESIAN_POINT('',(79.1499995069729,74.1628679656441,9.00000000000007));
#11314=CARTESIAN_POINT('',(78.5843140820236,74.7285533905933,9.00000000000007));
#11315=CARTESIAN_POINT('',(82.6855334129056,77.6984018715768,9.00000000000007));
#11316=CARTESIAN_POINT('',(90.1499995069729,85.162867965644,9.00000671332113));
#11317=CARTESIAN_POINT('',(82.6855334129056,77.6984018715768,9.00000000000007));
#11318=CARTESIAN_POINT('Origin',(79.1499995069729,74.1628679656441,9.00000000000007));
#11319=CARTESIAN_POINT('',(79.1499995069729,74.1628679656441,8.00000000000009));
#11320=CARTESIAN_POINT('',(78.8318014554389,74.4810660171781,8.45000000000007));
#11321=CARTESIAN_POINT('',(79.1499995891441,74.1628678834728,6.00000335666061));
#11322=CARTESIAN_POINT('Origin',(79.7510402709814,75.3295941546019,8.40000000000008));
#11323=CARTESIAN_POINT('',(82.6855334129056,77.6984018715768,8.00000000000009));
#11324=CARTESIAN_POINT('',(82.2259140051343,78.1580212793481,8.6500000000001));
#11325=CARTESIAN_POINT('',(85.5338830930178,80.5467514969078,8.00000000000005));
#11326=CARTESIAN_POINT('Origin',(73.6137819707784,85.0023863607377,8.60000000000007));
#11327=CARTESIAN_POINT('',(74.6976654472615,85.6862698372209,8.31715728752546));
#11328=CARTESIAN_POINT('',(74.4976654472615,85.8862698372209,9.00000000000007));
#11329=CARTESIAN_POINT('Origin',(74.4976654472615,85.8862698372209,8.60000000000007));
#11330=CARTESIAN_POINT('',(70.9621315413288,82.3507359312881,9.00000000000007));
#11331=CARTESIAN_POINT('',(73.6137819707784,85.0023863607377,9.00000000000007));
#11332=CARTESIAN_POINT('',(71.1621315413288,82.1507359312881,8.31715728752546));
#11333=CARTESIAN_POINT('Origin',(70.9621315413288,82.3507359312881,8.60000000000007));
#11334=CARTESIAN_POINT('',(73.8137819707784,84.8023863607377,8.31715728752546));
#11335=CARTESIAN_POINT('Origin',(72.9884771380579,83.8599242404918,9.00000000000007));
#11336=CARTESIAN_POINT('',(74.4734013785496,85.9105339059328,9.00000000000007));
#11337=CARTESIAN_POINT('',(74.4734013785496,85.9105339059328,9.00000000000007));
#11338=CARTESIAN_POINT('',(70.9378674726169,82.375,9.00000000000007));
#11339=CARTESIAN_POINT('',(49.937867472617,61.375,9.00000451046908));
#11340=CARTESIAN_POINT('',(71.5035528975662,81.8093145750508,9.00000000000007));
#11341=CARTESIAN_POINT('Origin',(74.4734013785496,85.9105339059328,9.00000000000007));
#11342=CARTESIAN_POINT('',(74.4734013785496,85.9105339059328,8.00000000000009));
#11343=CARTESIAN_POINT('',(74.7915994300836,85.5923358543988,8.45000000000007));
#11344=CARTESIAN_POINT('',(74.473401460721,85.9105338237615,6.00000225523456));
#11345=CARTESIAN_POINT('Origin',(73.8723606145411,84.743807716975,8.40000000000008));
#11346=CARTESIAN_POINT('',(70.9378674726169,82.375,8.00000000000009));
#11347=CARTESIAN_POINT('',(71.3974868803882,81.9153805922288,8.6500000000001));
#11348=CARTESIAN_POINT('',(61.3217510586618,72.7588835312638,8.00000000000009));
#11349=CARTESIAN_POINT('Origin',(-4.9302705917853E-7,87.3406854249492,8.60000000000007));
#11350=CARTESIAN_POINT('',(-11.0964471024338,87.3406854249492,9.00000116696159));
#11351=CARTESIAN_POINT('',(-11.3792897775017,87.0578427124746,8.31715728752545));
#11352=CARTESIAN_POINT('Origin',(-11.0964470805214,87.3406854249492,8.60000000000006));
#11353=CARTESIAN_POINT('',(11.379288866261,87.0578427124746,8.31715728752546));
#11354=CARTESIAN_POINT('',(-4.9302705917853E-7,87.0578427124746,8.31715728752545));
#11355=CARTESIAN_POINT('',(11.0964461163796,87.3406854249492,9.00000238270565));
#11356=CARTESIAN_POINT('Origin',(11.0964461382921,87.3406854249492,8.60000000000007));
#11357=CARTESIAN_POINT('',(-4.9302705917853E-7,87.3406854249492,9.00000000000006));
#11358=CARTESIAN_POINT('Origin',(-4.9302705917853E-7,86.975,9.00000000000006));
#11359=CARTESIAN_POINT('',(11.0621315413289,87.375,9.00000238082587));
#11360=CARTESIAN_POINT('',(11.0621315413289,87.3749999999999,9.00000238082587));
#11361=CARTESIAN_POINT('',(-11.062132527383,87.375,9.00000116884136));
#11362=CARTESIAN_POINT('',(-11.062132527383,87.375,9.00000116884136));
#11363=CARTESIAN_POINT('',(-35.062132527383,63.375,8.99999985410257));
#11364=CARTESIAN_POINT('Origin',(-81.7773868537646,76.8387824638056,8.60000000000005));
#11365=CARTESIAN_POINT('',(-82.4612703302477,77.9226659402888,8.31715728752544));
#11366=CARTESIAN_POINT('',(-82.6612703302478,77.7226659402887,9.00000000000005));
#11367=CARTESIAN_POINT('Origin',(-82.6612703302478,77.7226659402887,8.60000000000005));
#11368=CARTESIAN_POINT('',(-79.125736424315,74.187132034356,9.00000000000005));
#11369=CARTESIAN_POINT('',(-81.7773868537646,76.8387824638056,9.00000000000005));
#11370=CARTESIAN_POINT('',(-78.925736424315,74.387132034356,8.31715728752544));
#11371=CARTESIAN_POINT('Origin',(-79.125736424315,74.187132034356,8.60000000000005));
#11372=CARTESIAN_POINT('',(-81.5773868537646,77.0387824638056,8.31715728752544));
#11373=CARTESIAN_POINT('Origin',(-78.5843150680777,74.7285533905933,9.00000000000005));
#11374=CARTESIAN_POINT('',(-79.1500004930269,74.1628679656441,9.00000000000005));
#11375=CARTESIAN_POINT('',(-78.5843150680777,74.7285533905933,9.00000000000005));
#11376=CARTESIAN_POINT('',(-79.1500004930269,74.1628679656441,8.00000000000007));
#11377=CARTESIAN_POINT('',(-79.1500004108559,74.1628680478152,5.99999900526732));
#11378=CARTESIAN_POINT('',(-78.6903810852557,74.6224873734153,8.65000000000004));
#11379=CARTESIAN_POINT('Origin',(-80.6349247335187,76.2134776310851,9.00000000000005));
#11380=CARTESIAN_POINT('',(-82.6855343989597,77.6984018715768,9.00000000000005));
#11381=CARTESIAN_POINT('',(-82.6855343989597,77.6984018715768,9.00000000000005));
#11382=CARTESIAN_POINT('',(-68.150000493027,63.162867965644,8.99999804152329));
#11383=CARTESIAN_POINT('Origin',(-82.6855343989597,77.6984018715768,9.00000000000005));
#11384=CARTESIAN_POINT('',(-82.6855343989597,77.6984018715768,8.00000000000007));
#11385=CARTESIAN_POINT('',(-82.3673363474257,78.0165999231108,8.45000000000005));
#11386=CARTESIAN_POINT('',(-82.6855343167886,77.6984019537479,5.99999902076166));
#11387=CARTESIAN_POINT('Origin',(-72.7298994803493,84.1185028842545,8.60000000000006));
#11388=CARTESIAN_POINT('',(-74.4976664333156,85.8862698372209,9.00000000000005));
#11389=CARTESIAN_POINT('',(-74.6976664333156,85.6862698372209,8.31715728752545));
#11390=CARTESIAN_POINT('Origin',(-74.4976664333156,85.8862698372209,8.60000000000006));
#11391=CARTESIAN_POINT('',(-71.1621325273829,82.1507359312881,8.31715728752545));
#11392=CARTESIAN_POINT('',(-72.9298994803493,83.9185028842545,8.31715728752545));
#11393=CARTESIAN_POINT('',(-70.9621325273829,82.3507359312881,9.00000000000005));
#11394=CARTESIAN_POINT('Origin',(-70.9621325273829,82.3507359312881,8.60000000000006));
#11395=CARTESIAN_POINT('',(-72.7298994803493,84.1185028842545,9.00000000000005));
#11396=CARTESIAN_POINT('Origin',(-72.988478124112,83.8599242404918,9.00000000000005));
#11397=CARTESIAN_POINT('',(-70.937868458671,82.375,9.00000000000005));
#11398=CARTESIAN_POINT('',(-71.5035538836202,81.8093145750508,9.00000000000005));
#11399=CARTESIAN_POINT('',(-74.4734023646037,85.9105339059328,9.00000000000005));
#11400=CARTESIAN_POINT('',(-81.937868458671,93.375,8.99999728621309));
#11401=CARTESIAN_POINT('',(-74.4734023646037,85.9105339059328,9.00000000000005));
#11402=CARTESIAN_POINT('Origin',(-70.937868458671,82.375,9.00000000000005));
#11403=CARTESIAN_POINT('',(-70.937868458671,82.375,8.00000000000007));
#11404=CARTESIAN_POINT('',(-71.2560665102049,82.0568019484661,8.45000000000005));
#11405=CARTESIAN_POINT('',(-70.9378683764999,82.3750000821711,5.99999864310656));
#11406=CARTESIAN_POINT('Origin',(-72.1045946476288,82.9760407640086,8.40000000000006));
#11407=CARTESIAN_POINT('',(-74.4734023646037,85.9105339059328,8.00000000000007));
#11408=CARTESIAN_POINT('',(-74.933021772375,85.4509144981616,8.65000000000005));
#11409=CARTESIAN_POINT('',(-77.3217518255927,88.7588834217023,8.00000000000007));
#11410=CARTESIAN_POINT('Origin',(-81.5188082100019,77.0973611075683,8.40000000000006));
#11411=CARTESIAN_POINT('',(-74.5338838599487,69.5467513873464,8.00000000000007));
#11412=CARTESIAN_POINT('Origin',(-75.039087789553,85.3448484809836,9.00000000000005));
#11413=CARTESIAN_POINT('',(-74.4734022824326,85.9105339881039,5.99999865860091));
#11414=CARTESIAN_POINT('Origin',(5.93106552415094,86.9749999999999,8.40000000000007));
#11415=CARTESIAN_POINT('',(-11.0621321986983,87.3749999999999,8.00000000000008));
#11416=CARTESIAN_POINT('',(-15.5299328820659,82.9071998352858,12.4678001647143));
#11417=CARTESIAN_POINT('',(11.0621318700136,87.3749999999999,8.00000000000008));
#11418=CARTESIAN_POINT('',(-5.53106634586271,87.3749999999999,8.00000000000008));
#11419=CARTESIAN_POINT('',(9.50695443515016,88.9301772461534,6.44482275384661));
#11420=CARTESIAN_POINT('Origin',(71.5035528975662,81.8093145750508,9.00000000000007));
#11421=CARTESIAN_POINT('',(70.9378675547882,82.3749999178287,6.00000223974022));
#11422=CARTESIAN_POINT('Origin',(82.1198479879563,78.2640872965261,9.00000000000007));
#11423=CARTESIAN_POINT('',(82.6855334950769,77.6984017894056,6.00000337215495));
#11424=CARTESIAN_POINT('Origin',(72.1045936615747,-76.5260407640085,8.40000000000004));
#11425=CARTESIAN_POINT('',(77.3217510586618,-82.3088835312638,8.00000000000002));
#11426=CARTESIAN_POINT('Origin',(78.5843140820237,-68.2785533905932,9.00000000000003));
#11427=CARTESIAN_POINT('',(79.1499995891441,-67.7128678834727,6.00000241349123));
#11428=CARTESIAN_POINT('Origin',(84.7499993426305,3.22500000000006,9.00000000000007));
#11429=CARTESIAN_POINT('',(85.1499995069729,-1.83713203435595,9.00000643941721));
#11430=CARTESIAN_POINT('',(85.1499995069729,-1.83713203435599,9.00000643941721));
#11431=CARTESIAN_POINT('',(85.1499995069729,8.28713203435604,9.00000643941721));
#11432=CARTESIAN_POINT('',(85.1499995069729,8.287132034356,9.00000643941721));
#11433=CARTESIAN_POINT('',(55.1499995069729,38.2871320343559,9.00000479599375));
#11434=CARTESIAN_POINT('Origin',(85.1499998356575,-1.83713203435599,3.0000064394172));
#11435=CARTESIAN_POINT('',(84.3499991782882,-2.63713236304061,9.00000000000007));
#11436=CARTESIAN_POINT('',(85.1499995069729,-1.83713203435599,9.00000643941721));
#11437=CARTESIAN_POINT('',(85.1499998356575,-1.83713203435599,3.0000064394172));
#11438=CARTESIAN_POINT('',(55.1499995069729,-31.837132034356,9.00000479599371));
#11439=CARTESIAN_POINT('',(55.1499998356576,-31.837132034356,3.00000479599373));
#11440=CARTESIAN_POINT('',(85.1499995069729,-1.83713203435599,9.00000643941721));
#11441=CARTESIAN_POINT('Origin',(85.1499998356575,8.287132034356,3.0000064394172));
#11442=CARTESIAN_POINT('',(85.1499998356575,8.287132034356,3.0000064394172));
#11443=CARTESIAN_POINT('Origin',(-81.9378681299863,93.375,2.99999728621311));
#11444=CARTESIAN_POINT('',(-81.937868458671,93.3750000000001,8.99999728621309));
#11445=CARTESIAN_POINT('',(-81.937868458671,93.375,8.99999728621309));
#11446=CARTESIAN_POINT('',(-81.9378681299863,93.375,2.99999728621311));
#11447=CARTESIAN_POINT('',(-51.937868458671,63.3750000000001,8.99999892963655));
#11448=CARTESIAN_POINT('',(-51.9378681299863,63.375,2.99999892963658));
#11449=CARTESIAN_POINT('',(-81.937868458671,93.375,8.99999728621309));
#11450=CARTESIAN_POINT('Origin',(55.1499998356576,-43.712867965644,3.00000479599373));
#11451=CARTESIAN_POINT('',(55.1499995069729,-43.712867965644,9.00000479599371));
#11452=CARTESIAN_POINT('',(55.1499995069729,-43.712867965644,9.00000479599371));
#11453=CARTESIAN_POINT('',(55.1499998356576,-43.712867965644,3.00000479599373));
#11454=CARTESIAN_POINT('',(90.1499995069729,-78.712867965644,9.00000671332106));
#11455=CARTESIAN_POINT('',(90.1499998356575,-78.712867965644,3.00000671332108));
#11456=CARTESIAN_POINT('',(55.1499995069729,-43.712867965644,9.00000479599371));
#11457=CARTESIAN_POINT('Origin',(-74.4734023646037,-79.4605339059328,9.00000000000001));
#11458=CARTESIAN_POINT('',(-74.4734023646037,-79.4605339059328,9.00000000000001));
#11459=CARTESIAN_POINT('',(-74.4734022824327,-79.4605339881039,5.99999946481826));
#11460=CARTESIAN_POINT('',(-74.4734023646037,-79.4605339059328,9.00000000000001));
#11461=CARTESIAN_POINT('Origin',(-72.988478124112,-77.4099242404918,9.00000000000001));
#11462=CARTESIAN_POINT('',(-51.9378684586711,-56.925,8.99999892963652));
#11463=CARTESIAN_POINT('Origin',(-51.9378681299864,-56.925,2.99999892963654));
#11464=CARTESIAN_POINT('',(-51.9378684586711,-56.925,8.99999892963652));
#11465=CARTESIAN_POINT('',(-51.9378684586711,-56.925,8.99999892963652));
#11466=CARTESIAN_POINT('',(-51.9378681299864,-56.925,2.99999892963654));
#11467=CARTESIAN_POINT('',(-81.937868458671,-86.925,8.99999728621306));
#11468=CARTESIAN_POINT('',(-81.9378681299863,-86.925,2.99999728621304));
#11469=CARTESIAN_POINT('',(-51.9378684586711,-56.925,8.99999892963652));
#11470=CARTESIAN_POINT('Origin',(-4.93027094705667E-7,-80.5249999999999,
9.00000000000002));
#11471=CARTESIAN_POINT('',(-11.0621325273829,-80.925,9.00000116884133));
#11472=CARTESIAN_POINT('',(-11.0621325273829,-80.925,9.00000116884133));
#11473=CARTESIAN_POINT('',(11.0621315413289,-80.925,9.0000023808258));
#11474=CARTESIAN_POINT('',(11.0621315413288,-80.925,9.0000023808258));
#11475=CARTESIAN_POINT('',(37.0621315413289,-54.925,9.00000380512616));
#11476=CARTESIAN_POINT('Origin',(11.0621318700136,87.3749999999999,3.00000238082586));
#11477=CARTESIAN_POINT('',(37.0621315413289,61.375,9.00000380512619));
#11478=CARTESIAN_POINT('',(11.0621315413289,87.3749999999999,9.00000238082587));
#11479=CARTESIAN_POINT('',(11.0621318700136,87.3749999999999,3.00000238082586));
#11480=CARTESIAN_POINT('',(37.0621318700136,61.375,3.00000380512618));
#11481=CARTESIAN_POINT('Origin',(-11.0621321986983,87.375,3.00000116884138));
#11482=CARTESIAN_POINT('',(-11.0621321986983,87.375,3.00000116884138));
#11483=CARTESIAN_POINT('Origin',(-79.150000493027,-67.7128679656442,9.00000000000001));
#11484=CARTESIAN_POINT('',(-79.150000493027,-67.7128679656442,9.00000000000001));
#11485=CARTESIAN_POINT('',(-79.1500004108559,-67.7128680478152,5.99999841817303));
#11486=CARTESIAN_POINT('',(-78.5843150680776,-68.2785533905934,9.00000000000001));
#11487=CARTESIAN_POINT('Origin',(-80.6349247335186,-69.7634776310851,9.00000000000001));
#11488=CARTESIAN_POINT('',(-90.150000493027,-78.712867965644,8.99999683634603));
#11489=CARTESIAN_POINT('Origin',(-84.7500003286846,3.22500000000002,9.00000000000005));
#11490=CARTESIAN_POINT('',(-85.150000493027,6.28713203435601,8.99999711024995));
#11491=CARTESIAN_POINT('',(-85.150000493027,6.28713203435598,8.99999711024999));
#11492=CARTESIAN_POINT('',(-85.150000493027,0.162867965644073,8.99999711024999));
#11493=CARTESIAN_POINT('',(-85.150000493027,0.162867965644038,8.99999711024999));
#11494=CARTESIAN_POINT('',(-75.150000493027,-9.83713203435602,8.9999976580578));
#11495=CARTESIAN_POINT('Origin',(-85.1500001643423,6.28713203435598,2.99999711024997));
#11496=CARTESIAN_POINT('',(-84.3500001643423,7.08713236304066,9.00000000000005));
#11497=CARTESIAN_POINT('',(-85.150000493027,6.28713203435598,8.99999711024999));
#11498=CARTESIAN_POINT('',(-85.1500001643423,6.28713203435598,2.99999711024997));
#11499=CARTESIAN_POINT('',(-85.1500001643423,6.28713203435598,2.99999711024997));
#11500=CARTESIAN_POINT('',(-85.1500001643423,6.28713203435598,2.99999711024997));
#11501=CARTESIAN_POINT('',(-75.150000493027,16.287132034356,8.9999976580578));
#11502=CARTESIAN_POINT('',(-75.1500001643423,16.287132034356,2.99999765805782));
#11503=CARTESIAN_POINT('',(-85.150000493027,6.28713203435598,8.99999711024999));
#11504=CARTESIAN_POINT('Origin',(-85.1500001643423,0.162867965644038,2.99999711024997));
#11505=CARTESIAN_POINT('',(-85.1500001643423,0.162867965644038,2.99999711024997));
#11506=CARTESIAN_POINT('',(-85.1500001643423,0.162867965644038,2.99999711024997));
#11507=CARTESIAN_POINT('',(-85.1500001643423,0.162867965644038,2.99999711024997));
#11508=CARTESIAN_POINT('Origin',(49.9378678013016,61.375,3.0000045104691));
#11509=CARTESIAN_POINT('',(49.937867472617,61.375,9.00000451046908));
#11510=CARTESIAN_POINT('',(49.937867472617,61.375,9.00000451046908));
#11511=CARTESIAN_POINT('',(49.9378678013016,61.375,3.0000045104691));
#11512=CARTESIAN_POINT('',(81.9378674726169,93.375,9.00000626345411));
#11513=CARTESIAN_POINT('',(81.9378678013016,93.3749999999999,3.00000626345413));
#11514=CARTESIAN_POINT('',(49.937867472617,61.375,9.00000451046908));
#11515=CARTESIAN_POINT('Origin',(-1.6434235305951E-7,3.22499999999999,3.00000177483358));
#11516=CARTESIAN_POINT('',(-75.1500001643423,-9.83713203435602,2.99999765805778));
#11517=CARTESIAN_POINT('Origin',(-35.0621321986982,-56.925,2.99999985410256));
#11518=CARTESIAN_POINT('',(-35.0621325273829,-56.925,8.99999985410254));
#11519=CARTESIAN_POINT('',(-35.0621325273829,-56.925,8.99999985410254));
#11520=CARTESIAN_POINT('',(-35.0621321986982,-56.925,2.99999985410256));
#11521=CARTESIAN_POINT('Origin',(-11.0621321986982,-80.925,3.00000116884131));
#11522=CARTESIAN_POINT('',(-11.0621321986982,-80.925,3.00000116884131));
#11523=CARTESIAN_POINT('',(-11.0621325273829,-80.925,9.00000116884133));
#11524=CARTESIAN_POINT('Origin',(11.0621318700136,-80.925,3.00000238082582));
#11525=CARTESIAN_POINT('',(11.0621318700136,-80.925,3.00000238082582));
#11526=CARTESIAN_POINT('Origin',(37.0621318700135,-54.925,3.00000380512615));
#11527=CARTESIAN_POINT('',(37.0621315413289,-54.925,9.00000380512616));
#11528=CARTESIAN_POINT('',(37.0621315413289,-54.925,9.00000380512616));
#11529=CARTESIAN_POINT('',(37.0621318700135,-54.925,3.00000380512615));
#11530=CARTESIAN_POINT('Origin',(49.9378678013016,-54.9250000000001,3.00000451046906));
#11531=CARTESIAN_POINT('',(49.9378674726169,-54.925,9.00000451046904));
#11532=CARTESIAN_POINT('',(49.9378674726169,-54.9250000000001,9.00000451046904));
#11533=CARTESIAN_POINT('',(49.9378678013016,-54.9250000000001,3.00000451046906));
#11534=CARTESIAN_POINT('Origin',(81.9378678013016,-86.925,3.00000626345406));
#11535=CARTESIAN_POINT('',(81.9378674726169,-86.925,9.00000626345407));
#11536=CARTESIAN_POINT('',(81.9378674726169,-86.925,9.00000626345407));
#11537=CARTESIAN_POINT('',(81.9378678013016,-86.925,3.00000626345406));
#11538=CARTESIAN_POINT('',(81.9378674726169,-86.925,9.00000626345407));
#11539=CARTESIAN_POINT('Origin',(86.8388271666504,-86.925,3.00000653193245));
#11540=CARTESIAN_POINT('',(86.8388268379657,-86.925,9.00000653193247));
#11541=CARTESIAN_POINT('',(86.8388268379657,-86.925,9.00000653193247));
#11542=CARTESIAN_POINT('',(86.8388271666504,-86.925,3.00000653193245));
#11543=CARTESIAN_POINT('Origin',(90.1499998356575,-83.6138273309929,3.00000671332108));
#11544=CARTESIAN_POINT('',(90.1499995069729,-83.6138273309929,9.0000067133211));
#11545=CARTESIAN_POINT('',(90.1499995069728,-83.6138273309929,9.0000067133211));
#11546=CARTESIAN_POINT('',(90.1499998356575,-83.6138273309929,3.00000671332108));
#11547=CARTESIAN_POINT('Origin',(90.1499998356575,-78.712867965644,3.00000671332108));
#11548=CARTESIAN_POINT('',(90.1499995069728,-78.712867965644,9.0000067133211));
#11549=CARTESIAN_POINT('Origin',(55.1499998356576,-31.837132034356,3.00000479599373));
#11550=CARTESIAN_POINT('',(55.1499995069729,-31.837132034356,9.00000479599371));
#11551=CARTESIAN_POINT('Origin',(55.1499998356576,38.2871320343559,3.00000479599373));
#11552=CARTESIAN_POINT('',(55.1499995069729,38.287132034356,9.00000479599375));
#11553=CARTESIAN_POINT('',(84.3499991782882,9.08713236304071,9.00000000000007));
#11554=CARTESIAN_POINT('',(55.1499995069729,38.2871320343559,9.00000479599375));
#11555=CARTESIAN_POINT('',(55.1499998356576,38.2871320343559,3.00000479599373));
#11556=CARTESIAN_POINT('',(55.1499995069729,38.2871320343559,9.00000479599375));
#11557=CARTESIAN_POINT('Origin',(55.1499998356576,50.162867965644,3.00000479599373));
#11558=CARTESIAN_POINT('',(55.1499995069729,50.1628679656441,9.00000479599375));
#11559=CARTESIAN_POINT('',(55.1499995069729,50.162867965644,9.00000479599375));
#11560=CARTESIAN_POINT('',(55.1499998356576,50.162867965644,3.00000479599373));
#11561=CARTESIAN_POINT('Origin',(90.1499998356576,85.162867965644,3.00000671332112));
#11562=CARTESIAN_POINT('',(90.1499995069729,85.1628679656441,9.00000671332113));
#11563=CARTESIAN_POINT('',(90.1499995069729,85.162867965644,9.00000671332113));
#11564=CARTESIAN_POINT('',(90.1499998356576,85.162867965644,3.00000671332112));
#11565=CARTESIAN_POINT('',(90.1499995069729,85.162867965644,9.00000671332113));
#11566=CARTESIAN_POINT('Origin',(90.1499998356576,90.0638273309929,3.00000671332112));
#11567=CARTESIAN_POINT('',(90.1499995069729,90.0638273309929,9.00000671332113));
#11568=CARTESIAN_POINT('',(90.1499995069729,90.0638273309929,9.00000671332113));
#11569=CARTESIAN_POINT('',(90.1499998356576,90.0638273309929,3.00000671332112));
#11570=CARTESIAN_POINT('Origin',(86.8388271666505,93.3749999999999,3.00000653193252));
#11571=CARTESIAN_POINT('',(86.8388268379658,93.375,9.0000065319325));
#11572=CARTESIAN_POINT('',(86.8388268379658,93.3749999999999,9.0000065319325));
#11573=CARTESIAN_POINT('',(86.8388271666505,93.3749999999999,3.00000653193252));
#11574=CARTESIAN_POINT('Origin',(81.9378678013016,93.3749999999999,3.00000626345413));
#11575=CARTESIAN_POINT('',(81.9378674726169,93.3749999999999,9.00000626345411));
#11576=CARTESIAN_POINT('Origin',(37.0621318700136,61.375,3.00000380512618));
#11577=CARTESIAN_POINT('',(37.0621315413289,61.375,9.00000380512619));
#11578=CARTESIAN_POINT('Origin',(-35.0621321986983,63.375,2.99999985410259));
#11579=CARTESIAN_POINT('',(-35.062132527383,63.3750000000001,8.99999985410257));
#11580=CARTESIAN_POINT('',(-35.062132527383,63.375,8.99999985410257));
#11581=CARTESIAN_POINT('',(-35.0621321986983,63.375,2.99999985410259));
#11582=CARTESIAN_POINT('Origin',(-51.9378681299863,63.375,2.99999892963658));
#11583=CARTESIAN_POINT('',(-51.937868458671,63.375,8.99999892963655));
#11584=CARTESIAN_POINT('Origin',(-86.8388274953351,93.375,2.99999701773472));
#11585=CARTESIAN_POINT('',(-86.8388278240198,93.3750000000001,8.9999970177347));
#11586=CARTESIAN_POINT('',(-86.8388278240198,93.375,8.99999701773473));
#11587=CARTESIAN_POINT('',(-86.8388274953351,93.375,2.99999701773472));
#11588=CARTESIAN_POINT('Origin',(-90.1500001643423,90.0638273309928,2.99999683634609));
#11589=CARTESIAN_POINT('',(-90.150000493027,90.0638273309929,8.99999683634607));
#11590=CARTESIAN_POINT('',(-90.150000493027,90.0638273309928,8.99999683634607));
#11591=CARTESIAN_POINT('',(-90.1500001643423,90.0638273309928,2.99999683634609));
#11592=CARTESIAN_POINT('Origin',(-90.1500001643423,85.162867965644,2.99999683634609));
#11593=CARTESIAN_POINT('',(-90.150000493027,85.1628679656441,8.99999683634607));
#11594=CARTESIAN_POINT('',(-90.150000493027,85.162867965644,8.9999968363461));
#11595=CARTESIAN_POINT('',(-90.1500001643423,85.162867965644,2.99999683634609));
#11596=CARTESIAN_POINT('Origin',(-68.1500001643423,63.162867965644,2.99999804152331));
#11597=CARTESIAN_POINT('',(-68.150000493027,63.1628679656441,8.99999804152329));
#11598=CARTESIAN_POINT('',(-68.150000493027,63.162867965644,8.99999804152329));
#11599=CARTESIAN_POINT('',(-68.1500001643423,63.162867965644,2.99999804152331));
#11600=CARTESIAN_POINT('',(-68.150000493027,63.162867965644,8.99999804152329));
#11601=CARTESIAN_POINT('Origin',(-68.1500001643423,53.2871320343559,2.99999804152331));
#11602=CARTESIAN_POINT('',(-68.150000493027,53.287132034356,8.99999804152329));
#11603=CARTESIAN_POINT('',(-68.150000493027,53.2871320343559,8.99999804152329));
#11604=CARTESIAN_POINT('',(-68.1500001643423,53.2871320343559,2.99999804152331));
#11605=CARTESIAN_POINT('Origin',(-75.1500001643423,46.2871320343559,2.99999765805782));
#11606=CARTESIAN_POINT('',(-75.150000493027,46.287132034356,8.9999976580578));
#11607=CARTESIAN_POINT('',(-75.150000493027,46.2871320343559,8.9999976580578));
#11608=CARTESIAN_POINT('',(-75.1500001643423,46.2871320343559,2.99999765805782));
#11609=CARTESIAN_POINT('Origin',(-75.1500001643423,16.287132034356,2.99999765805782));
#11610=CARTESIAN_POINT('',(-75.150000493027,16.287132034356,8.9999976580578));
#11611=CARTESIAN_POINT('Origin',(-75.1500001643423,-9.83713203435602,2.99999765805778));
#11612=CARTESIAN_POINT('',(-75.150000493027,-9.83713203435598,8.9999976580578));
#11613=CARTESIAN_POINT('',(-84.3500001643423,-0.637132363040598,9.00000000000005));
#11614=CARTESIAN_POINT('',(-75.150000493027,-9.83713203435602,8.9999976580578));
#11615=CARTESIAN_POINT('',(-75.1500001643423,-9.83713203435602,2.99999765805778));
#11616=CARTESIAN_POINT('',(-75.150000493027,-9.83713203435602,8.9999976580578));
#11617=CARTESIAN_POINT('Origin',(-75.1500001643423,-39.837132034356,2.99999765805778));
#11618=CARTESIAN_POINT('',(-75.150000493027,-39.8371320343559,8.99999765805776));
#11619=CARTESIAN_POINT('',(-75.150000493027,-39.837132034356,8.9999976580578));
#11620=CARTESIAN_POINT('',(-75.1500001643423,-39.837132034356,2.99999765805778));
#11621=CARTESIAN_POINT('Origin',(-68.1500001643423,-46.837132034356,2.99999804152328));
#11622=CARTESIAN_POINT('',(-68.150000493027,-46.837132034356,8.99999804152325));
#11623=CARTESIAN_POINT('',(-68.150000493027,-46.837132034356,8.99999804152325));
#11624=CARTESIAN_POINT('',(-68.1500001643423,-46.837132034356,2.99999804152328));
#11625=CARTESIAN_POINT('Origin',(-68.1500001643423,-56.7128679656441,2.99999804152324));
#11626=CARTESIAN_POINT('',(-68.150000493027,-56.712867965644,8.99999804152325));
#11627=CARTESIAN_POINT('',(-68.150000493027,-56.7128679656441,8.99999804152325));
#11628=CARTESIAN_POINT('',(-68.1500001643423,-56.7128679656441,2.99999804152324));
#11629=CARTESIAN_POINT('Origin',(-90.1500001643423,-78.712867965644,2.99999683634605));
#11630=CARTESIAN_POINT('',(-90.150000493027,-78.712867965644,8.99999683634603));
#11631=CARTESIAN_POINT('',(-90.150000493027,-78.712867965644,8.99999683634603));
#11632=CARTESIAN_POINT('',(-90.1500001643423,-78.712867965644,2.99999683634605));
#11633=CARTESIAN_POINT('',(-90.150000493027,-78.712867965644,8.99999683634603));
#11634=CARTESIAN_POINT('Origin',(-90.1500001643423,-83.6138273309928,2.99999683634605));
#11635=CARTESIAN_POINT('',(-90.150000493027,-83.6138273309928,8.99999683634603));
#11636=CARTESIAN_POINT('',(-90.150000493027,-83.6138273309928,8.99999683634603));
#11637=CARTESIAN_POINT('',(-90.1500001643423,-83.6138273309928,2.99999683634605));
#11638=CARTESIAN_POINT('Origin',(-86.8388274953351,-86.925,2.99999701773468));
#11639=CARTESIAN_POINT('',(-86.8388278240198,-86.925,8.99999701773466));
#11640=CARTESIAN_POINT('',(-86.8388278240198,-86.925,8.99999701773466));
#11641=CARTESIAN_POINT('',(-86.8388274953351,-86.925,2.99999701773468));
#11642=CARTESIAN_POINT('Origin',(-81.9378681299863,-86.925,2.99999728621304));
#11643=CARTESIAN_POINT('',(-81.937868458671,-86.925,8.99999728621306));
#11644=CARTESIAN_POINT('Origin',(-69.7500001643423,-56.0501262658471,2.99999795387399));
#11645=CARTESIAN_POINT('',(-69.750000493027,-56.0501262658471,8.99999795387401));
#11646=CARTESIAN_POINT('',(-91.750000493027,-78.0501262658472,8.99999674869678));
#11647=CARTESIAN_POINT('',(-69.7500001643423,-56.0501262658471,2.99999795387403));
#11648=CARTESIAN_POINT('Origin',(-69.7500001643423,-47.499873734153,2.99999795387403));
#11649=CARTESIAN_POINT('',(-69.750000493027,-47.4998737341529,8.99999795387401));
#11650=CARTESIAN_POINT('',(-69.750000493027,-56.0501262658471,8.99999795387401));
#11651=CARTESIAN_POINT('',(-69.7500001643423,-47.499873734153,2.99999795387403));
#11652=CARTESIAN_POINT('Origin',(-76.7500001643423,-40.4998737341529,2.99999757040854));
#11653=CARTESIAN_POINT('',(-76.750000493027,-40.4998737341529,8.99999757040852));
#11654=CARTESIAN_POINT('',(-69.750000493027,-47.499873734153,8.99999795387401));
#11655=CARTESIAN_POINT('',(-76.7500001643423,-40.4998737341529,2.99999757040854));
#11656=CARTESIAN_POINT('Origin',(-76.7500001643423,-10.4998737341529,2.99999757040854));
#11657=CARTESIAN_POINT('',(-76.750000493027,-10.4998737341529,8.99999757040855));
#11658=CARTESIAN_POINT('',(-76.750000493027,-40.4998737341529,8.99999757040855));
#11659=CARTESIAN_POINT('',(-76.7500001643423,-10.4998737341529,2.99999757040854));
#11660=CARTESIAN_POINT('Origin',(-86.7500001643422,-0.499873734152887,2.99999702260073));
#11661=CARTESIAN_POINT('',(-86.7500004930269,-0.499873734152851,8.99999702260071));
#11662=CARTESIAN_POINT('',(-76.750000493027,-10.4998737341529,8.99999757040855));
#11663=CARTESIAN_POINT('',(-86.7500001643422,-0.499873734152887,2.99999702260073));
#11664=CARTESIAN_POINT('Origin',(-86.7500001643423,6.94987373415286,2.99999702260073));
#11665=CARTESIAN_POINT('',(-86.750000493027,6.9498737341529,8.99999702260071));
#11666=CARTESIAN_POINT('',(-86.7500004930269,-0.499873734152887,8.99999702260071));
#11667=CARTESIAN_POINT('',(-86.7500001643423,6.94987373415286,2.99999702260073));
#11668=CARTESIAN_POINT('Origin',(-76.7500001643423,16.9498737341529,2.99999757040854));
#11669=CARTESIAN_POINT('',(-76.750000493027,16.9498737341529,8.99999757040855));
#11670=CARTESIAN_POINT('',(-86.750000493027,6.94987373415286,8.99999702260071));
#11671=CARTESIAN_POINT('',(-76.7500001643423,16.9498737341529,2.99999757040854));
#11672=CARTESIAN_POINT('Origin',(-76.7500001643423,46.9498737341529,2.99999757040854));
#11673=CARTESIAN_POINT('',(-76.750000493027,46.949873734153,8.99999757040855));
#11674=CARTESIAN_POINT('',(-76.750000493027,16.9498737341529,8.99999757040855));
#11675=CARTESIAN_POINT('',(-76.7500001643423,46.9498737341529,2.99999757040854));
#11676=CARTESIAN_POINT('Origin',(-69.7500001643423,53.949873734153,2.99999795387403));
#11677=CARTESIAN_POINT('',(-69.750000493027,53.9498737341531,8.99999795387404));
#11678=CARTESIAN_POINT('',(-76.750000493027,46.9498737341529,8.99999757040855));
#11679=CARTESIAN_POINT('',(-69.7500001643423,53.949873734153,2.99999795387403));
#11680=CARTESIAN_POINT('Origin',(-69.7500001643423,62.5001262658471,2.99999795387403));
#11681=CARTESIAN_POINT('',(-69.750000493027,62.5001262658471,8.99999795387404));
#11682=CARTESIAN_POINT('',(-69.750000493027,53.949873734153,8.99999795387404));
#11683=CARTESIAN_POINT('',(-69.7500001643423,62.5001262658471,2.99999795387403));
#11684=CARTESIAN_POINT('Origin',(-91.7500001643423,84.5001262658471,2.99999674869684));
#11685=CARTESIAN_POINT('',(-91.7500004930269,84.5001262658471,8.99999674869686));
#11686=CARTESIAN_POINT('',(-69.750000493027,62.5001262658471,8.99999795387404));
#11687=CARTESIAN_POINT('',(-91.7500001643422,84.5001262658471,2.99999674869684));
#11688=CARTESIAN_POINT('Origin',(-91.7500001643422,90.7265690307898,2.99999674869684));
#11689=CARTESIAN_POINT('',(-91.7500004930269,90.7265690307899,8.99999674869682));
#11690=CARTESIAN_POINT('',(-91.7500004930269,84.5001262658471,8.99999674869686));
#11691=CARTESIAN_POINT('',(-91.7500001643422,90.7265690307898,2.99999674869684));
#11692=CARTESIAN_POINT('Origin',(-87.501569195132,94.975,2.99999698142922));
#11693=CARTESIAN_POINT('',(-87.5015695238168,94.9750000000001,8.9999969814292));
#11694=CARTESIAN_POINT('',(-91.7500004930269,90.7265690307898,8.99999674869686));
#11695=CARTESIAN_POINT('',(-87.501569195132,94.975,2.99999698142922));
#11696=CARTESIAN_POINT('Origin',(-81.2751264301893,94.975,2.99999732251861));
#11697=CARTESIAN_POINT('',(-81.275126758874,94.9750000000001,8.99999732251859));
#11698=CARTESIAN_POINT('',(-87.5015695238168,94.975,8.99999698142923));
#11699=CARTESIAN_POINT('',(-81.2751264301893,94.975,2.99999732251861));
#11700=CARTESIAN_POINT('Origin',(-51.2751264301894,64.975,2.99999896594208));
#11701=CARTESIAN_POINT('',(-51.2751267588741,64.9750000000001,8.99999896594205));
#11702=CARTESIAN_POINT('',(-81.2751267588741,94.975,8.99999732251863));
#11703=CARTESIAN_POINT('',(-51.2751264301894,64.975,2.99999896594208));
#11704=CARTESIAN_POINT('Origin',(-35.7248738984952,64.975,2.99999981779709));
#11705=CARTESIAN_POINT('',(-35.7248742271799,64.9750000000001,8.99999981779707));
#11706=CARTESIAN_POINT('',(-51.2751267588741,64.975,8.99999896594205));
#11707=CARTESIAN_POINT('',(-35.7248738984952,64.975,2.99999981779709));
#11708=CARTESIAN_POINT('Origin',(-11.7248738984953,88.9749999999999,3.00000113253585));
#11709=CARTESIAN_POINT('',(-11.72487422718,88.9750000000001,9.00000113253586));
#11710=CARTESIAN_POINT('',(-35.7248742271799,64.975,8.99999981779707));
#11711=CARTESIAN_POINT('',(-11.7248738984953,88.9749999999999,3.00000113253585));
#11712=CARTESIAN_POINT('Origin',(11.7248735698105,88.9749999999999,3.00000241713136));
#11713=CARTESIAN_POINT('',(11.7248732411258,88.9750000000001,9.00000241713137));
#11714=CARTESIAN_POINT('',(-11.72487422718,88.9749999999999,9.00000113253586));
#11715=CARTESIAN_POINT('',(11.7248735698105,88.9749999999999,3.00000241713136));
#11716=CARTESIAN_POINT('Origin',(37.7248735698105,62.975,3.00000384143172));
#11717=CARTESIAN_POINT('',(37.7248732411259,62.975,9.0000038414317));
#11718=CARTESIAN_POINT('',(11.7248732411258,88.9749999999999,9.00000241713137));
#11719=CARTESIAN_POINT('',(37.7248735698105,62.975,3.00000384143172));
#11720=CARTESIAN_POINT('Origin',(49.2751261015047,62.975,3.00000447416356));
#11721=CARTESIAN_POINT('',(49.27512577282,62.9750000000001,9.00000447416357));
#11722=CARTESIAN_POINT('',(37.7248732411259,62.975,9.0000038414317));
#11723=CARTESIAN_POINT('',(49.2751261015047,62.975,3.00000447416356));
#11724=CARTESIAN_POINT('Origin',(81.2751261015046,94.975,3.00000622714863));
#11725=CARTESIAN_POINT('',(81.2751257728199,94.975,9.00000622714861));
#11726=CARTESIAN_POINT('',(49.27512577282,62.975,9.00000447416357));
#11727=CARTESIAN_POINT('',(81.2751261015046,94.975,3.00000622714863));
#11728=CARTESIAN_POINT('Origin',(87.5015688664474,94.975,3.00000656823803));
#11729=CARTESIAN_POINT('',(81.2751257728199,94.975,9.00000622714861));
#11730=CARTESIAN_POINT('Origin',(-4.9302705917853E-7,3.22499999999999,9.00000177483363));
#11731=UNCERTAINTY_MEASURE_WITH_UNIT(LENGTH_MEASURE(0.01),#11735,
'DISTANCE_ACCURACY_VALUE',
'Maximum model space distance between geometric entities at asserted c
onnectivities');
#11732=UNCERTAINTY_MEASURE_WITH_UNIT(LENGTH_MEASURE(0.01),#11735,
'DISTANCE_ACCURACY_VALUE',
'Maximum model space distance between geometric entities at asserted c
onnectivities');
#11733=(
GEOMETRIC_REPRESENTATION_CONTEXT(3)
GLOBAL_UNCERTAINTY_ASSIGNED_CONTEXT((#11731))
GLOBAL_UNIT_ASSIGNED_CONTEXT((#11735,#11736,#11737))
REPRESENTATION_CONTEXT('','3D')
);
#11734=(
GEOMETRIC_REPRESENTATION_CONTEXT(3)
GLOBAL_UNCERTAINTY_ASSIGNED_CONTEXT((#11732))
GLOBAL_UNIT_ASSIGNED_CONTEXT((#11735,#11736,#11737))
REPRESENTATION_CONTEXT('','3D')
);
#11735=(
LENGTH_UNIT()
NAMED_UNIT(*)
SI_UNIT(.MILLI.,.METRE.)
);
#11736=(
NAMED_UNIT(*)
PLANE_ANGLE_UNIT()
SI_UNIT($,.RADIAN.)
);
#11737=(
NAMED_UNIT(*)
SI_UNIT($,.STERADIAN.)
SOLID_ANGLE_UNIT()
);
#11738=SHAPE_DEFINITION_REPRESENTATION(#11739,#11740);
#11739=PRODUCT_DEFINITION_SHAPE('',$,#11742);
#11740=SHAPE_REPRESENTATION('',(#7364),#11733);
#11741=PRODUCT_DEFINITION_CONTEXT('part definition',#11746,'design');
#11742=PRODUCT_DEFINITION('Prusa Mini Assembly',
'Prusa mini - bed helper v9',#11743,#11741);
#11743=PRODUCT_DEFINITION_FORMATION('',$,#11748);
#11744=PRODUCT_RELATED_PRODUCT_CATEGORY('Prusa mini - bed helper v9',
'Prusa mini - bed helper v9',(#11748));
#11745=APPLICATION_PROTOCOL_DEFINITION('international standard',
'automotive_design',2009,#11746);
#11746=APPLICATION_CONTEXT(
'Core Data for Automotive Mechanical Design Process');
#11747=PRODUCT_CONTEXT('part definition',#11746,'mechanical');
#11748=PRODUCT('Prusa Mini Assembly','Prusa mini - bed helper v9',
'STEP AP203',(#11747));
#11749=PRESENTATION_STYLE_ASSIGNMENT((#11750));
#11750=SURFACE_STYLE_USAGE(.BOTH.,#11751);
#11751=SURFACE_SIDE_STYLE('',(#11752));
#11752=SURFACE_STYLE_FILL_AREA(#11753);
#11753=FILL_AREA_STYLE('Acero - Satinado',(#11754));
#11754=FILL_AREA_STYLE_COLOUR('Acero - Satinado',#11755);
#11755=COLOUR_RGB('Acero - Satinado',0.627450980392157,0.627450980392157,
0.627450980392157);
ENDSEC;
END-ISO-10303-21;
